# arm_01 exported from /models/landings/arm_01.glb
# units: meters
v -0.003959 0.001000 -0.014602
v -0.029550 0.001000 0.007868
v -0.021832 0.001000 0.005084
v 0.007500 0.001000 -0.020671
v -0.003624 0.001000 -0.014980
v -0.003371 0.001000 -0.015503
v 0.003975 0.001000 -0.020017
v 0.004633 0.001000 -0.020449
v 0.003260 0.001000 -0.019881
v -0.003279 0.001000 -0.016140
v -0.003407 0.001000 -0.016810
v 0.002546 0.001000 -0.020017
v 0.001887 0.001000 -0.020449
v -0.003752 0.001000 -0.017398
v -0.004242 0.001000 -0.017816
v -0.004777 0.001000 -0.018041
v -0.003287 0.001000 -0.021730
v -0.002586 0.001000 -0.028105
v -0.003287 0.001000 -0.028105
v 0.001887 0.001000 -0.023194
v 0.001455 0.001000 -0.022536
v -0.005287 0.001000 -0.021730
v 0.001319 0.001000 -0.021822
v 0.001455 0.001000 -0.021107
v -0.011096 0.001000 -0.023123
v -0.011232 0.001000 -0.023838
v -0.005287 0.001000 -0.028105
v -0.011664 0.001000 -0.021750
v -0.011232 0.001000 -0.022409
v -0.005278 0.001000 -0.018105
v -0.030230 0.001000 -0.018105
v -0.020168 0.001000 -0.021394
v -0.013037 0.001000 -0.021182
v -0.012322 0.001000 -0.021318
v -0.013752 0.001000 -0.021318
v -0.019555 0.001000 -0.021514
v -0.014410 0.001000 -0.021750
v -0.018990 0.001000 -0.021896
v -0.014842 0.001000 -0.022409
v -0.018619 0.001000 -0.022476
v -0.014978 0.001000 -0.023123
v -0.018502 0.001000 -0.023107
v -0.018619 0.001000 -0.023738
v -0.014842 0.001000 -0.023838
v -0.018990 0.001000 -0.024318
v -0.014410 0.001000 -0.024496
v -0.019555 0.001000 -0.024700
v -0.013752 0.001000 -0.024928
v -0.020168 0.001000 -0.024820
v -0.013037 0.001000 -0.025064
v -0.012322 0.001000 -0.024928
v -0.011664 0.001000 -0.024496
v -0.030230 0.001000 -0.028105
v -0.025039 0.001000 -0.024820
v -0.025653 0.001000 -0.024700
v -0.026217 0.001000 -0.024318
v -0.026588 0.001000 -0.023738
v -0.026705 0.001000 -0.023107
v -0.026588 0.001000 -0.022476
v -0.026217 0.001000 -0.021896
v -0.025653 0.001000 -0.021514
v -0.025039 0.001000 -0.021394
v 0.002546 0.001000 -0.023627
v 0.005970 0.001000 -0.026005
v 0.003260 0.001000 -0.023763
v 0.003975 0.001000 -0.023627
v 0.004633 0.001000 -0.023194
v 0.008625 0.001000 -0.021054
v 0.005065 0.001000 -0.022536
v 0.005201 0.001000 -0.021822
v 0.008025 0.001000 -0.020974
v 0.005065 0.001000 -0.021107
v 0.009211 0.001000 -0.020897
v 0.012966 0.001000 -0.019607
v 0.009692 0.001000 -0.020528
v 0.009996 0.001000 -0.020004
v 0.010075 0.001000 -0.019403
v 0.013232 0.001000 -0.018977
v 0.009919 0.001000 -0.018817
v 0.013263 0.001000 -0.018248
v 0.009550 0.001000 -0.018336
v -0.019782 0.001000 0.007419
v -0.012438 0.001000 0.004963
v 0.012602 0.001000 -0.017024
v 0.013032 0.001000 -0.017556
v -0.012772 0.001000 0.005341
v -0.013026 0.001000 0.005864
v -0.013118 0.001000 0.006501
v -0.012990 0.001000 0.007171
v -0.012644 0.001000 0.007759
v -0.013752 0.001000 0.011642
v -0.012154 0.001000 0.008177
v -0.011619 0.001000 0.008402
v -0.013037 0.001000 0.011506
v -0.012322 0.001000 0.011642
v -0.011118 0.001000 0.008466
v 0.030628 0.001000 0.008466
v 0.014678 0.001000 0.010019
v 0.013963 0.001000 0.010155
v 0.003260 0.001000 0.012807
v -0.011664 0.001000 0.012075
v 0.001887 0.001000 0.013376
v 0.002546 0.001000 0.012944
v 0.001455 0.001000 0.014034
v -0.011232 0.001000 0.012733
v -0.011096 0.001000 0.013447
v 0.001319 0.001000 0.014749
v -0.011232 0.001000 0.014162
v -0.011664 0.001000 0.014820
v 0.001455 0.001000 0.015463
v 0.001887 0.001000 0.016121
v 0.002546 0.001000 0.016554
v -0.012322 0.001000 0.015252
v -0.013037 0.001000 0.015389
v -0.020168 0.001000 0.015177
v -0.013752 0.001000 0.015252
v -0.030230 0.001000 0.018466
v -0.030230 0.001000 0.009371
v -0.026588 0.001000 0.014094
v -0.026217 0.001000 0.014675
v -0.025039 0.001000 0.015177
v -0.025653 0.001000 0.015056
v -0.026705 0.001000 0.013463
v 0.003260 0.001000 0.016690
v 0.019591 0.001000 0.018466
v 0.003975 0.001000 0.016554
v 0.004633 0.001000 0.016121
v 0.019591 0.001000 0.018461
v 0.013963 0.001000 0.013765
v 0.014678 0.001000 0.013901
v 0.015392 0.001000 0.013765
v 0.021517 0.001000 0.015271
v 0.019964 0.001000 0.018466
v 0.020859 0.001000 0.014838
v 0.020427 0.001000 0.014180
v 0.016050 0.001000 0.013333
v 0.020291 0.001000 0.013466
v 0.016483 0.001000 0.012675
v 0.020427 0.001000 0.012751
v 0.016619 0.001000 0.011960
v 0.020859 0.001000 0.012093
v 0.016483 0.001000 0.011245
v 0.021517 0.001000 0.011661
v 0.016050 0.001000 0.010587
v 0.022232 0.001000 0.011524
v 0.015392 0.001000 0.010155
v 0.022946 0.001000 0.011661
v 0.023605 0.001000 0.012093
v 0.024037 0.001000 0.012751
v 0.030628 0.001000 0.014460
v 0.024173 0.001000 0.013466
v 0.024037 0.001000 0.014180
v 0.023605 0.001000 0.014838
v 0.022946 0.001000 0.015271
v 0.022232 0.001000 0.015407
v 0.032628 0.001000 0.014460
v 0.043911 0.001000 0.018466
v 0.032628 0.001000 0.008466
v 0.037354 0.001000 0.012857
v 0.037237 0.001000 0.013488
v 0.037725 0.001000 0.012276
v 0.037725 0.001000 0.014699
v 0.037354 0.001000 0.014118
v 0.038290 0.001000 0.015081
v 0.038903 0.001000 0.015201
v 0.043774 0.001000 0.015201
v 0.045751 0.001000 0.018115
v 0.047446 0.001000 0.017001
v 0.044387 0.001000 0.015081
v 0.048560 0.001000 0.015306
v 0.044952 0.001000 0.014699
v 0.045323 0.001000 0.014118
v 0.045440 0.001000 0.013488
v 0.048911 0.001000 0.013466
v 0.048560 0.001000 0.011625
v 0.045323 0.001000 0.012857
v 0.044952 0.001000 0.012276
v 0.044387 0.001000 0.011895
v 0.047446 0.001000 0.009930
v 0.043774 0.001000 0.011775
v 0.043911 0.001000 0.008466
v 0.038903 0.001000 0.011775
v 0.045751 0.001000 0.008817
v 0.038290 0.001000 0.011895
v 0.013305 0.001000 0.013333
v 0.005065 0.001000 0.015463
v 0.005201 0.001000 0.014749
v 0.005065 0.001000 0.014034
v 0.004633 0.001000 0.013376
v 0.012873 0.001000 0.012675
v 0.012737 0.001000 0.011960
v 0.012873 0.001000 0.011245
v 0.003975 0.001000 0.012944
v 0.013305 0.001000 0.010587
v -0.026588 0.001000 0.012833
v -0.026217 0.001000 0.012252
v -0.025653 0.001000 0.011871
v -0.025039 0.001000 0.011750
v -0.021974 0.001000 0.007276
v -0.021515 0.001000 0.007634
v -0.020908 0.001000 0.007802
v -0.030052 0.001000 0.008546
v -0.020168 0.001000 0.011750
v -0.020284 0.001000 0.007714
v -0.019555 0.001000 0.011871
v -0.018990 0.001000 0.012252
v -0.014410 0.001000 0.012075
v -0.014842 0.001000 0.012733
v -0.018619 0.001000 0.012833
v -0.014978 0.001000 0.013447
v -0.018502 0.001000 0.013463
v -0.014842 0.001000 0.014162
v -0.018619 0.001000 0.014094
v -0.018990 0.001000 0.014675
v -0.019555 0.001000 0.015056
v -0.014410 0.001000 0.014820
v -0.022270 0.001000 0.006775
v -0.022357 0.001000 0.006151
v -0.022190 0.001000 0.005543
v -0.019782 0.001000 0.007419
v 0.009550 0.000000 -0.018336
v 0.009550 0.001000 -0.018336
v -0.019782 -0.001000 0.007419
v 0.009550 -0.001000 -0.018336
v -0.019782 0.001000 0.007419
v -0.020284 0.001000 0.007714
v -0.019782 -0.001000 0.007419
v -0.020284 -0.001000 0.007714
v -0.020908 -0.001000 0.007802
v -0.021515 -0.001000 0.007634
v -0.020908 0.001000 0.007802
v -0.021515 0.001000 0.007634
v -0.021974 0.001000 0.007276
v -0.021974 -0.001000 0.007276
v -0.022270 0.001000 0.006775
v -0.022270 -0.001000 0.006775
v -0.022357 0.001000 0.006151
v -0.022190 0.001000 0.005543
v -0.022357 -0.001000 0.006151
v -0.022190 -0.001000 0.005543
v -0.021832 -0.001000 0.005084
v -0.021832 0.001000 0.005084
v -0.021832 -0.001000 0.005084
v -0.021832 0.001000 0.005084
v 0.007500 0.000000 -0.020671
v 0.007500 -0.001000 -0.020671
v 0.007500 0.001000 -0.020671
v 0.007500 0.001000 -0.020671
v 0.007500 0.000000 -0.020671
v 0.008025 0.001000 -0.020974
v 0.008025 -0.001000 -0.020974
v 0.008625 0.001000 -0.021054
v 0.008625 -0.001000 -0.021054
v 0.009211 0.001000 -0.020897
v 0.009211 -0.001000 -0.020897
v 0.009692 0.001000 -0.020528
v 0.009692 -0.001000 -0.020528
v 0.009996 0.001000 -0.020004
v 0.010075 0.001000 -0.019403
v 0.009996 -0.001000 -0.020004
v 0.010075 -0.001000 -0.019403
v 0.009919 -0.001000 -0.018817
v 0.009550 -0.001000 -0.018336
v 0.009550 0.000000 -0.018336
v 0.009919 0.001000 -0.018817
v 0.009550 0.001000 -0.018336
v 0.007500 -0.001000 -0.020671
v -0.014978 -0.001000 -0.023123
v -0.014978 0.001000 -0.023123
v -0.014842 -0.001000 -0.023838
v -0.014842 0.001000 -0.023838
v -0.014410 -0.001000 -0.024496
v -0.014410 0.001000 -0.024496
v -0.013752 -0.001000 -0.024928
v -0.013752 0.001000 -0.024928
v -0.013037 -0.001000 -0.025064
v -0.012322 -0.001000 -0.024928
v -0.013037 0.001000 -0.025064
v -0.012322 0.001000 -0.024928
v -0.011664 0.001000 -0.024496
v -0.011232 0.001000 -0.023838
v -0.011664 -0.001000 -0.024496
v -0.011232 -0.001000 -0.023838
v -0.011096 -0.001000 -0.023123
v -0.011232 -0.001000 -0.022409
v -0.011096 0.001000 -0.023123
v -0.011232 0.001000 -0.022409
v -0.011664 0.001000 -0.021750
v -0.012322 0.001000 -0.021318
v -0.011664 -0.001000 -0.021750
v -0.012322 -0.001000 -0.021318
v -0.013037 -0.001000 -0.021182
v -0.013752 -0.001000 -0.021318
v -0.013037 0.001000 -0.021182
v -0.013752 0.001000 -0.021318
v -0.014410 0.001000 -0.021750
v -0.014842 0.001000 -0.022409
v -0.014410 -0.001000 -0.021750
v -0.014842 -0.001000 -0.022409
v -0.014978 -0.001000 -0.023123
v -0.014978 0.001000 -0.023123
v 0.001319 -0.001000 -0.021822
v 0.001319 0.001000 -0.021822
v 0.001455 -0.001000 -0.022536
v 0.001455 0.001000 -0.022536
v 0.001887 -0.001000 -0.023194
v 0.002546 -0.001000 -0.023627
v 0.001887 0.001000 -0.023194
v 0.002546 0.001000 -0.023627
v 0.003260 0.001000 -0.023763
v 0.003975 0.001000 -0.023627
v 0.003260 -0.001000 -0.023763
v 0.003975 -0.001000 -0.023627
v 0.004633 -0.001000 -0.023194
v 0.004633 0.001000 -0.023194
v 0.005065 -0.001000 -0.022536
v 0.005065 0.001000 -0.022536
v 0.005201 -0.001000 -0.021822
v 0.005065 -0.001000 -0.021107
v 0.005201 0.001000 -0.021822
v 0.005065 0.001000 -0.021107
v 0.004633 0.001000 -0.020449
v 0.003975 0.001000 -0.020017
v 0.004633 -0.001000 -0.020449
v 0.003975 -0.001000 -0.020017
v 0.003260 -0.001000 -0.019881
v 0.002546 -0.001000 -0.020017
v 0.003260 0.001000 -0.019881
v 0.002546 0.001000 -0.020017
v 0.001887 0.001000 -0.020449
v 0.001455 0.001000 -0.021107
v 0.001887 -0.001000 -0.020449
v 0.001455 -0.001000 -0.021107
v 0.001319 -0.001000 -0.021822
v 0.001319 0.001000 -0.021822
v -0.025039 -0.001000 -0.024820
v -0.025039 0.000000 -0.024820
v -0.025653 -0.001000 -0.024700
v -0.025653 0.001000 -0.024700
v -0.026217 -0.001000 -0.024318
v -0.026217 0.001000 -0.024318
v -0.026588 -0.001000 -0.023738
v -0.026705 -0.001000 -0.023107
v -0.026588 0.001000 -0.023738
v -0.026705 0.000000 -0.023107
v -0.026705 0.001000 -0.023107
v -0.025039 0.001000 -0.024820
v -0.026705 -0.001000 -0.023107
v -0.026588 -0.001000 -0.022476
v -0.026705 0.000000 -0.023107
v -0.026705 0.001000 -0.023107
v -0.026588 0.001000 -0.022476
v -0.026217 0.001000 -0.021896
v -0.026217 -0.001000 -0.021896
v -0.025653 0.001000 -0.021514
v -0.025653 -0.001000 -0.021514
v -0.025039 0.000000 -0.021394
v -0.025039 0.001000 -0.021394
v -0.025039 -0.001000 -0.021394
v -0.025039 -0.001000 -0.021394
v -0.022604 -0.001000 -0.021394
v -0.025039 0.000000 -0.021394
v -0.025039 0.001000 -0.021394
v -0.020168 0.000000 -0.021394
v -0.022604 0.001000 -0.021394
v -0.020168 0.001000 -0.021394
v -0.020168 -0.001000 -0.021394
v -0.020168 -0.001000 -0.021394
v -0.020168 0.000000 -0.021394
v -0.019555 -0.001000 -0.021514
v -0.018990 -0.001000 -0.021896
v -0.019555 0.001000 -0.021514
v -0.020168 0.001000 -0.021394
v -0.018990 0.001000 -0.021896
v -0.018619 0.001000 -0.022476
v -0.018619 -0.001000 -0.022476
v -0.018502 0.001000 -0.023107
v -0.018502 -0.001000 -0.023107
v -0.018619 0.001000 -0.023738
v -0.018619 -0.001000 -0.023738
v -0.018990 0.001000 -0.024318
v -0.018990 -0.001000 -0.024318
v -0.019555 0.001000 -0.024700
v -0.019555 -0.001000 -0.024700
v -0.020168 0.000000 -0.024820
v -0.020168 0.001000 -0.024820
v -0.020168 -0.001000 -0.024820
v -0.020168 -0.001000 -0.024820
v -0.022604 -0.001000 -0.024820
v -0.020168 0.000000 -0.024820
v -0.022604 0.001000 -0.024820
v -0.020168 0.001000 -0.024820
v -0.025039 0.000000 -0.024820
v -0.025039 -0.001000 -0.024820
v -0.025039 0.001000 -0.024820
v -0.014978 -0.001000 0.013447
v -0.014978 0.001000 0.013447
v -0.014842 -0.001000 0.012733
v -0.014842 0.001000 0.012733
v -0.014410 -0.001000 0.012075
v -0.014410 0.001000 0.012075
v -0.013752 -0.001000 0.011642
v -0.013752 0.001000 0.011642
v -0.013037 -0.001000 0.011506
v -0.012322 -0.001000 0.011642
v -0.013037 0.001000 0.011506
v -0.012322 0.001000 0.011642
v -0.011664 0.001000 0.012075
v -0.011232 0.001000 0.012733
v -0.011664 -0.001000 0.012075
v -0.011232 -0.001000 0.012733
v -0.011096 -0.001000 0.013447
v -0.011232 -0.001000 0.014162
v -0.011096 0.001000 0.013447
v -0.011232 0.001000 0.014162
v -0.011664 0.001000 0.014820
v -0.012322 0.001000 0.015252
v -0.011664 -0.001000 0.014820
v -0.012322 -0.001000 0.015252
v -0.013037 -0.001000 0.015389
v -0.013752 -0.001000 0.015252
v -0.013037 0.001000 0.015389
v -0.013752 0.001000 0.015252
v -0.014410 0.001000 0.014820
v -0.014842 0.001000 0.014162
v -0.014410 -0.001000 0.014820
v -0.014842 -0.001000 0.014162
v -0.014978 -0.001000 0.013447
v -0.014978 0.001000 0.013447
v 0.001319 -0.001000 0.014749
v 0.001319 0.001000 0.014749
v 0.001455 -0.001000 0.014034
v 0.001455 0.001000 0.014034
v 0.001887 -0.001000 0.013376
v 0.002546 -0.001000 0.012944
v 0.001887 0.001000 0.013376
v 0.002546 0.001000 0.012944
v 0.003260 0.001000 0.012807
v 0.003975 0.001000 0.012944
v 0.003260 -0.001000 0.012807
v 0.003975 -0.001000 0.012944
v 0.004633 -0.001000 0.013376
v 0.004633 0.001000 0.013376
v 0.005065 -0.001000 0.014034
v 0.005065 0.001000 0.014034
v 0.005201 -0.001000 0.014749
v 0.005065 -0.001000 0.015463
v 0.005201 0.001000 0.014749
v 0.005065 0.001000 0.015463
v 0.004633 0.001000 0.016121
v 0.003975 0.001000 0.016554
v 0.004633 -0.001000 0.016121
v 0.003975 -0.001000 0.016554
v 0.003260 -0.001000 0.016690
v 0.002546 -0.001000 0.016554
v 0.003260 0.001000 0.016690
v 0.002546 0.001000 0.016554
v 0.001887 0.001000 0.016121
v 0.001455 0.001000 0.015463
v 0.001887 -0.001000 0.016121
v 0.001455 -0.001000 0.015463
v 0.001319 -0.001000 0.014749
v 0.001319 0.001000 0.014749
v -0.025039 -0.001000 0.011750
v -0.025039 -0.000000 0.011750
v -0.025653 -0.001000 0.011871
v -0.025653 0.001000 0.011871
v -0.026217 -0.001000 0.012252
v -0.026217 0.001000 0.012252
v -0.026588 -0.001000 0.012833
v -0.026705 -0.001000 0.013463
v -0.026588 0.001000 0.012833
v -0.026705 -0.000000 0.013463
v -0.026705 0.001000 0.013463
v -0.025039 0.001000 0.011750
v -0.026705 -0.001000 0.013463
v -0.026588 -0.001000 0.014094
v -0.026705 -0.000000 0.013463
v -0.026705 0.001000 0.013463
v -0.026588 0.001000 0.014094
v -0.026217 0.001000 0.014675
v -0.026217 -0.001000 0.014675
v -0.025653 0.001000 0.015056
v -0.025653 -0.001000 0.015056
v -0.025039 -0.000000 0.015177
v -0.025039 0.001000 0.015177
v -0.025039 -0.001000 0.015177
v -0.025039 -0.001000 0.015177
v -0.022604 -0.001000 0.015177
v -0.025039 -0.000000 0.015177
v -0.025039 0.001000 0.015177
v -0.020168 -0.000000 0.015177
v -0.022604 0.001000 0.015177
v -0.020168 0.001000 0.015177
v -0.020168 -0.001000 0.015177
v -0.020168 -0.001000 0.015177
v -0.020168 -0.000000 0.015177
v -0.019555 -0.001000 0.015056
v -0.018990 -0.001000 0.014675
v -0.019555 0.001000 0.015056
v -0.020168 0.001000 0.015177
v -0.018990 0.001000 0.014675
v -0.018619 0.001000 0.014094
v -0.018619 -0.001000 0.014094
v -0.018502 0.001000 0.013463
v -0.018502 -0.001000 0.013463
v -0.018619 0.001000 0.012833
v -0.018619 -0.001000 0.012833
v -0.018990 0.001000 0.012252
v -0.018990 -0.001000 0.012252
v -0.019555 0.001000 0.011871
v -0.019555 -0.001000 0.011871
v -0.020168 0.001000 0.011750
v -0.020168 -0.000000 0.011750
v -0.020168 -0.001000 0.011750
v -0.020168 -0.001000 0.011750
v -0.022604 -0.001000 0.011750
v -0.020168 -0.000000 0.011750
v -0.022604 0.001000 0.011750
v -0.020168 0.001000 0.011750
v -0.025039 -0.000000 0.011750
v -0.025039 -0.001000 0.011750
v -0.025039 0.001000 0.011750
v 0.019964 -0.001000 0.018466
v 0.021461 -0.000750 0.018466
v 0.021461 -0.001000 0.018466
v 0.019964 -0.000333 0.018466
v 0.021461 -0.000500 0.018466
v 0.021461 -0.000250 0.018466
v 0.021461 -0.000000 0.018466
v 0.019964 0.000333 0.018466
v 0.021461 0.000250 0.018466
v 0.021461 0.000500 0.018466
v 0.021461 0.000750 0.018466
v 0.019964 0.001000 0.018466
v 0.021461 0.001000 0.018466
v 0.022957 0.001000 0.018466
v 0.022957 0.000750 0.018466
v 0.025951 0.001000 0.018466
v 0.025951 0.000500 0.018466
v 0.031937 0.001000 0.018466
v 0.031937 -0.000000 0.018466
v 0.037924 0.001000 0.018466
v 0.037924 0.000500 0.018466
v 0.040917 0.000500 0.018466
v 0.037924 -0.000000 0.018466
v 0.040917 -0.000000 0.018466
v 0.037924 -0.000500 0.018466
v 0.040917 -0.000500 0.018466
v 0.031937 -0.001000 0.018466
v 0.037924 -0.001000 0.018466
v 0.040917 -0.001000 0.018466
v 0.043911 -0.001000 0.018466
v 0.043911 -0.000000 0.018466
v 0.043911 0.001000 0.018466
v 0.040917 0.001000 0.018466
v 0.025951 -0.001000 0.018466
v 0.025951 -0.000500 0.018466
v 0.022957 -0.000500 0.018466
v 0.022957 -0.000250 0.018466
v 0.022957 -0.000750 0.018466
v 0.025951 -0.000000 0.018466
v 0.022957 -0.000000 0.018466
v 0.022957 0.000250 0.018466
v 0.022957 0.000500 0.018466
v 0.022957 -0.001000 0.018466
v 0.043911 -0.001000 0.018466
v 0.043911 -0.000000 0.018466
v 0.045810 -0.001000 0.018091
v 0.045810 0.001000 0.018091
v 0.047483 -0.001000 0.016964
v 0.047483 0.001000 0.016964
v 0.048569 -0.001000 0.015283
v 0.048569 0.001000 0.015283
v 0.048911 -0.001000 0.013466
v 0.048911 0.001000 0.013466
v 0.048536 -0.001000 0.011566
v 0.048536 0.001000 0.011566
v 0.047409 -0.001000 0.009894
v 0.047409 0.001000 0.009894
v 0.045728 -0.001000 0.008808
v 0.045728 0.001000 0.008808
v 0.043911 -0.001000 0.008466
v 0.043911 -0.000000 0.008466
v 0.043911 0.001000 0.008466
v 0.043911 0.001000 0.018466
v 0.043911 -0.001000 0.008466
v 0.041090 -0.001000 0.008466
v 0.041090 -0.000500 0.008466
v 0.043911 -0.000000 0.008466
v 0.043911 0.001000 0.008466
v 0.041090 -0.000000 0.008466
v 0.041090 0.000500 0.008466
v 0.041090 0.001000 0.008466
v 0.038269 0.000500 0.008466
v 0.038269 -0.000000 0.008466
v 0.038269 0.001000 0.008466
v 0.032628 0.001000 0.008466
v 0.032628 -0.001000 0.008466
v 0.038269 -0.000500 0.008466
v 0.038269 -0.001000 0.008466
v 0.032628 -0.001000 0.014460
v 0.032628 -0.001000 0.008466
v 0.032628 0.001000 0.014460
v 0.032628 0.001000 0.008466
v 0.030628 0.001000 0.008466
v 0.030628 -0.001000 0.008466
v 0.030628 0.001000 0.014460
v 0.030628 -0.001000 0.014460
v 0.030628 -0.001000 0.014460
v 0.032628 -0.001000 0.014460
v 0.030628 0.001000 0.014460
v 0.032628 0.001000 0.014460
v -0.030230 -0.001000 0.009371
v -0.030230 -0.001000 0.011645
v -0.030230 -0.000500 0.011645
v -0.030230 -0.000000 0.009371
v -0.030230 -0.000000 0.011645
v -0.030230 0.001000 0.009371
v -0.030230 0.000500 0.011645
v -0.030230 0.001000 0.011645
v -0.030230 0.000500 0.013918
v -0.030230 0.001000 0.013918
v -0.030230 -0.000000 0.013918
v -0.030230 0.001000 0.018466
v -0.030230 -0.001000 0.018466
v -0.030230 -0.000500 0.013918
v -0.030230 -0.001000 0.013918
v 0.019591 -0.001000 0.018461
v 0.019591 -0.001000 0.018466
v 0.019591 -0.000333 0.018461
v 0.019591 0.001000 0.018466
v 0.019591 0.000333 0.018461
v 0.019591 0.001000 0.018461
v 0.019591 -0.001000 0.018461
v 0.019778 -0.001000 0.018464
v 0.019591 -0.000333 0.018461
v 0.019591 0.000333 0.018461
v 0.019591 0.001000 0.018461
v 0.019778 0.001000 0.018464
v 0.019964 0.000333 0.018466
v 0.019964 0.001000 0.018466
v 0.019964 -0.000333 0.018466
v 0.019964 -0.001000 0.018466
v -0.030230 -0.001000 0.018466
v 0.019591 -0.001000 0.018466
v -0.030230 0.001000 0.018466
v 0.019591 0.001000 0.018466
v -0.030230 -0.001000 -0.028105
v -0.030230 -0.001000 -0.023105
v -0.030230 0.001000 -0.028105
v -0.030230 0.001000 -0.023105
v -0.030230 0.001000 -0.018105
v -0.030230 -0.001000 -0.018105
v 0.012966 -0.001000 -0.019607
v 0.011573 -0.000500 -0.021501
v 0.011573 -0.001000 -0.021501
v 0.012966 0.000000 -0.019607
v 0.011573 0.000000 -0.021501
v 0.012966 0.001000 -0.019607
v 0.011573 0.000500 -0.021501
v 0.011573 0.001000 -0.021501
v 0.009941 0.000500 -0.023211
v 0.009941 0.001000 -0.023211
v 0.006125 0.001000 -0.025922
v 0.009941 0.000000 -0.023211
v 0.006125 0.000000 -0.025922
v 0.009941 -0.000500 -0.023211
v 0.001753 0.000000 -0.027588
v 0.001753 -0.000500 -0.027588
v 0.001753 0.000500 -0.027588
v 0.006125 -0.001000 -0.025922
v 0.009941 -0.001000 -0.023211
v 0.001753 -0.001000 -0.027588
v -0.000446 -0.001000 -0.027980
v -0.002586 -0.001000 -0.028105
v -0.000446 -0.000500 -0.027980
v -0.000446 0.000000 -0.027980
v -0.000446 0.000500 -0.027980
v -0.002586 0.000000 -0.028105
v -0.002586 0.001000 -0.028105
v -0.000446 0.001000 -0.027980
v 0.001753 0.001000 -0.027588
v -0.003287 0.001000 -0.021730
v -0.005287 0.001000 -0.021730
v -0.003287 -0.001000 -0.021730
v -0.005287 -0.001000 -0.021730
v -0.002586 -0.001000 -0.028105
v -0.002586 0.000000 -0.028105
v -0.003287 -0.001000 -0.028105
v -0.003287 0.000000 -0.028105
v -0.003287 0.001000 -0.028105
v -0.002586 0.001000 -0.028105
v -0.013602 -0.001000 -0.028105
v -0.013602 0.000000 -0.028105
v -0.009445 -0.001000 -0.028105
v -0.021916 -0.001000 -0.028105
v -0.021916 0.000000 -0.028105
v -0.026073 -0.001000 -0.028105
v -0.026073 0.000000 -0.028105
v -0.030230 -0.001000 -0.028105
v -0.030230 0.001000 -0.028105
v -0.026073 0.001000 -0.028105
v -0.021916 0.001000 -0.028105
v -0.013602 0.001000 -0.028105
v -0.009445 0.001000 -0.028105
v -0.005287 0.001000 -0.028105
v -0.009445 0.000000 -0.028105
v -0.005287 -0.001000 -0.028105
v -0.005287 0.001000 -0.028105
v -0.005287 -0.001000 -0.028105
v -0.005287 0.001000 -0.021730
v -0.005287 -0.001000 -0.021730
v -0.003287 0.001000 -0.021730
v -0.003287 0.000000 -0.028105
v -0.003287 0.001000 -0.028105
v -0.003287 -0.001000 -0.021730
v -0.003287 -0.001000 -0.028105
v -0.012438 -0.001000 0.004963
v 0.012602 -0.001000 -0.017024
v -0.012438 0.001000 0.004963
v 0.012602 0.001000 -0.017024
v -0.011118 -0.001000 0.008466
v 0.030628 -0.001000 0.008466
v -0.011118 0.001000 0.008466
v 0.030628 0.001000 0.008466
v 0.012602 -0.001000 -0.017024
v 0.013032 -0.001000 -0.017556
v 0.012602 0.001000 -0.017024
v 0.013032 0.001000 -0.017556
v 0.013263 0.001000 -0.018248
v 0.013232 0.001000 -0.018977
v 0.013263 -0.001000 -0.018248
v 0.013232 -0.001000 -0.018977
v 0.012966 0.000000 -0.019607
v 0.012966 -0.001000 -0.019607
v 0.012966 0.001000 -0.019607
v -0.012438 -0.001000 0.004963
v -0.012772 -0.001000 0.005341
v -0.012438 0.001000 0.004963
v -0.012772 0.001000 0.005341
v -0.013026 0.001000 0.005864
v -0.013026 -0.001000 0.005864
v -0.013118 0.001000 0.006501
v -0.013118 -0.001000 0.006501
v -0.012990 0.001000 0.007171
v -0.012990 -0.001000 0.007171
v -0.012644 0.001000 0.007759
v -0.012644 -0.001000 0.007759
v -0.012154 0.001000 0.008177
v -0.012154 -0.001000 0.008177
v -0.011619 0.001000 0.008402
v -0.011619 -0.001000 0.008402
v -0.011118 0.001000 0.008466
v -0.011118 -0.001000 0.008466
v -0.003959 0.001000 -0.014602
v -0.029550 0.001000 0.007868
v -0.003959 -0.001000 -0.014602
v -0.029550 -0.001000 0.007868
v -0.030230 0.001000 -0.018105
v -0.005278 0.001000 -0.018105
v -0.030230 -0.001000 -0.018105
v -0.005278 -0.001000 -0.018105
v -0.029550 -0.001000 0.007868
v -0.030052 -0.001000 0.008546
v -0.029550 0.001000 0.007868
v -0.030052 0.001000 0.008546
v -0.030230 0.001000 0.009371
v -0.030230 -0.000000 0.009371
v -0.030230 -0.001000 0.009371
v -0.003959 -0.001000 -0.014602
v -0.003624 -0.001000 -0.014980
v -0.003959 0.001000 -0.014602
v -0.003624 0.001000 -0.014980
v -0.003371 0.001000 -0.015503
v -0.003371 -0.001000 -0.015503
v -0.003279 0.001000 -0.016140
v -0.003279 -0.001000 -0.016140
v -0.003407 0.001000 -0.016810
v -0.003752 0.001000 -0.017398
v -0.003407 -0.001000 -0.016810
v -0.003752 -0.001000 -0.017398
v -0.004242 -0.001000 -0.017816
v -0.004777 -0.001000 -0.018041
v -0.004242 0.001000 -0.017816
v -0.004777 0.001000 -0.018041
v -0.005278 0.001000 -0.018105
v -0.005278 -0.001000 -0.018105
v 0.020291 -0.001000 0.013466
v 0.020291 0.001000 0.013466
v 0.020427 -0.001000 0.012751
v 0.020427 0.001000 0.012751
v 0.020859 -0.001000 0.012093
v 0.020859 0.001000 0.012093
v 0.021517 -0.001000 0.011661
v 0.022232 -0.001000 0.011524
v 0.021517 0.001000 0.011661
v 0.022232 0.001000 0.011524
v 0.022946 0.001000 0.011661
v 0.023605 0.001000 0.012093
v 0.022946 -0.001000 0.011661
v 0.023605 -0.001000 0.012093
v 0.024037 -0.001000 0.012751
v 0.024173 -0.001000 0.013466
v 0.024037 0.001000 0.012751
v 0.024173 0.001000 0.013466
v 0.024037 0.001000 0.014180
v 0.023605 0.001000 0.014838
v 0.024037 -0.001000 0.014180
v 0.023605 -0.001000 0.014838
v 0.022946 -0.001000 0.015271
v 0.022232 -0.001000 0.015407
v 0.022946 0.001000 0.015271
v 0.022232 0.001000 0.015407
v 0.021517 0.001000 0.015271
v 0.020859 0.001000 0.014838
v 0.021517 -0.001000 0.015271
v 0.020859 -0.001000 0.014838
v 0.020427 -0.001000 0.014180
v 0.020291 -0.001000 0.013466
v 0.020427 0.001000 0.014180
v 0.020291 0.001000 0.013466
v 0.012737 -0.001000 0.011960
v 0.012737 0.001000 0.011960
v 0.012873 -0.001000 0.011245
v 0.013305 -0.001000 0.010587
v 0.012873 0.001000 0.011245
v 0.013305 0.001000 0.010587
v 0.013963 0.001000 0.010155
v 0.014678 0.001000 0.010019
v 0.013963 -0.001000 0.010155
v 0.014678 -0.001000 0.010019
v 0.015392 -0.001000 0.010155
v 0.015392 0.001000 0.010155
v 0.016050 -0.001000 0.010587
v 0.016050 0.001000 0.010587
v 0.016483 -0.001000 0.011245
v 0.016483 0.001000 0.011245
v 0.016619 -0.001000 0.011960
v 0.016619 0.001000 0.011960
v 0.016483 -0.001000 0.012675
v 0.016050 -0.001000 0.013333
v 0.016483 0.001000 0.012675
v 0.016050 0.001000 0.013333
v 0.015392 0.001000 0.013765
v 0.014678 0.001000 0.013901
v 0.015392 -0.001000 0.013765
v 0.014678 -0.001000 0.013901
v 0.013963 -0.001000 0.013765
v 0.013963 0.001000 0.013765
v 0.013305 -0.001000 0.013333
v 0.013305 0.001000 0.013333
v 0.012873 -0.001000 0.012675
v 0.012873 0.001000 0.012675
v 0.012737 -0.001000 0.011960
v 0.012737 0.001000 0.011960
v 0.038903 -0.001000 0.011775
v 0.038290 -0.001000 0.011895
v 0.038903 -0.000000 0.011775
v 0.038903 0.001000 0.011775
v 0.038290 0.001000 0.011895
v 0.037725 0.001000 0.012276
v 0.037725 -0.001000 0.012276
v 0.037354 0.001000 0.012857
v 0.037237 0.001000 0.013488
v 0.037354 -0.001000 0.012857
v 0.037237 -0.000000 0.013488
v 0.037237 -0.001000 0.013488
v 0.037237 -0.001000 0.013488
v 0.037237 -0.000000 0.013488
v 0.037354 -0.001000 0.014118
v 0.037354 0.001000 0.014118
v 0.037725 -0.001000 0.014699
v 0.037725 0.001000 0.014699
v 0.038290 -0.001000 0.015081
v 0.038290 0.001000 0.015081
v 0.038903 -0.000000 0.015201
v 0.038903 -0.001000 0.015201
v 0.038903 0.001000 0.015201
v 0.037237 0.001000 0.013488
v 0.038903 -0.001000 0.015201
v 0.038903 -0.000000 0.015201
v 0.041339 -0.001000 0.015201
v 0.043774 -0.001000 0.015201
v 0.043774 -0.000000 0.015201
v 0.043774 0.001000 0.015201
v 0.041339 0.001000 0.015201
v 0.038903 0.001000 0.015201
v 0.043774 -0.001000 0.015201
v 0.043774 -0.000000 0.015201
v 0.044387 -0.001000 0.015081
v 0.044952 -0.001000 0.014699
v 0.044387 0.001000 0.015081
v 0.043774 0.001000 0.015201
v 0.044952 0.001000 0.014699
v 0.045323 0.001000 0.014118
v 0.045323 -0.001000 0.014118
v 0.045440 0.001000 0.013488
v 0.045440 -0.001000 0.013488
v 0.045323 0.001000 0.012857
v 0.045323 -0.001000 0.012857
v 0.044952 0.001000 0.012276
v 0.044952 -0.001000 0.012276
v 0.044387 0.001000 0.011895
v 0.044387 -0.001000 0.011895
v 0.043774 -0.000000 0.011775
v 0.043774 0.001000 0.011775
v 0.043774 -0.001000 0.011775
v 0.043774 -0.001000 0.011775
v 0.043774 -0.000000 0.011775
v 0.041339 -0.001000 0.011775
v 0.038903 -0.000000 0.011775
v 0.038903 -0.001000 0.011775
v 0.041339 0.001000 0.011775
v 0.038903 0.001000 0.011775
v 0.043774 0.001000 0.011775
v -0.005278 -0.001000 -0.018105
v -0.004777 -0.001000 -0.018041
v -0.005287 -0.001000 -0.021730
v -0.011664 -0.001000 -0.021750
v -0.013037 -0.001000 -0.021182
v -0.012322 -0.001000 -0.021318
v -0.030230 -0.001000 -0.018105
v -0.020168 -0.001000 -0.021394
v -0.019555 -0.001000 -0.021514
v -0.025039 -0.001000 -0.021394
v -0.013752 -0.001000 -0.021318
v -0.014410 -0.001000 -0.021750
v -0.014842 -0.001000 -0.022409
v -0.018990 -0.001000 -0.021896
v -0.018619 -0.001000 -0.022476
v -0.014978 -0.001000 -0.023123
v -0.018502 -0.001000 -0.023107
v -0.018619 -0.001000 -0.023738
v -0.014842 -0.001000 -0.023838
v -0.018990 -0.001000 -0.024318
v -0.014410 -0.001000 -0.024496
v -0.019555 -0.001000 -0.024700
v -0.020168 -0.001000 -0.024820
v -0.013752 -0.001000 -0.024928
v -0.013037 -0.001000 -0.025064
v -0.012322 -0.001000 -0.024928
v -0.005287 -0.001000 -0.028105
v -0.030230 -0.001000 -0.028105
v -0.011232 -0.001000 -0.023838
v -0.011664 -0.001000 -0.024496
v -0.011096 -0.001000 -0.023123
v -0.011232 -0.001000 -0.022409
v -0.025653 -0.001000 -0.024700
v -0.025039 -0.001000 -0.024820
v -0.026217 -0.001000 -0.024318
v -0.026588 -0.001000 -0.023738
v -0.026705 -0.001000 -0.023107
v -0.026588 -0.001000 -0.022476
v -0.026217 -0.001000 -0.021896
v -0.025653 -0.001000 -0.021514
v -0.003287 -0.001000 -0.021730
v -0.002586 -0.001000 -0.028105
v -0.003287 -0.001000 -0.028105
v 0.001887 -0.001000 -0.023194
v -0.004242 -0.001000 -0.017816
v 0.001887 -0.001000 -0.020449
v 0.001455 -0.001000 -0.021107
v 0.001319 -0.001000 -0.021822
v 0.001455 -0.001000 -0.022536
v -0.003752 -0.001000 -0.017398
v 0.002546 -0.001000 -0.020017
v -0.003407 -0.001000 -0.016810
v 0.003260 -0.001000 -0.019881
v -0.003371 -0.001000 -0.015503
v -0.003279 -0.001000 -0.016140
v 0.003975 -0.001000 -0.020017
v 0.007500 -0.001000 -0.020671
v 0.004633 -0.001000 -0.020449
v -0.003624 -0.001000 -0.014980
v -0.003959 -0.001000 -0.014602
v -0.029550 -0.001000 0.007868
v -0.021832 -0.001000 0.005084
v -0.022190 -0.001000 0.005543
v -0.022357 -0.001000 0.006151
v -0.022270 -0.001000 0.006775
v -0.021974 -0.001000 0.007276
v -0.021515 -0.001000 0.007634
v -0.025039 -0.001000 0.011750
v -0.020908 -0.001000 0.007802
v -0.020168 -0.001000 0.011750
v -0.020284 -0.001000 0.007714
v -0.019555 -0.001000 0.011871
v -0.019782 -0.001000 0.007419
v -0.013752 -0.001000 0.011642
v -0.013037 -0.001000 0.011506
v -0.014410 -0.001000 0.012075
v -0.012644 -0.001000 0.007759
v -0.012154 -0.001000 0.008177
v -0.011619 -0.001000 0.008402
v -0.011118 -0.001000 0.008466
v 0.013963 -0.001000 0.010155
v 0.014678 -0.001000 0.010019
v 0.030628 -0.001000 0.008466
v 0.003260 -0.001000 0.012807
v 0.002546 -0.001000 0.012944
v -0.012322 -0.001000 0.011642
v -0.011664 -0.001000 0.012075
v 0.001887 -0.001000 0.013376
v -0.011232 -0.001000 0.012733
v 0.001455 -0.001000 0.014034
v -0.011096 -0.001000 0.013447
v 0.001319 -0.001000 0.014749
v 0.001455 -0.001000 0.015463
v -0.011232 -0.001000 0.014162
v -0.011664 -0.001000 0.014820
v -0.012322 -0.001000 0.015252
v 0.001887 -0.001000 0.016121
v 0.002546 -0.001000 0.016554
v -0.030230 -0.001000 0.018466
v 0.003260 -0.001000 0.016690
v -0.013037 -0.001000 0.015389
v -0.013752 -0.001000 0.015252
v -0.020168 -0.001000 0.015177
v -0.025039 -0.001000 0.015177
v -0.019555 -0.001000 0.015056
v -0.014410 -0.001000 0.014820
v -0.018990 -0.001000 0.014675
v -0.014842 -0.001000 0.014162
v -0.018619 -0.001000 0.014094
v -0.014978 -0.001000 0.013447
v -0.018502 -0.001000 0.013463
v -0.018619 -0.001000 0.012833
v -0.014842 -0.001000 0.012733
v -0.018990 -0.001000 0.012252
v -0.025653 -0.001000 0.015056
v -0.026217 -0.001000 0.014675
v -0.026588 -0.001000 0.014094
v -0.026705 -0.001000 0.013463
v -0.030230 -0.001000 0.009371
v -0.026588 -0.001000 0.012833
v -0.026217 -0.001000 0.012252
v -0.025653 -0.001000 0.011871
v -0.030052 -0.001000 0.008546
v 0.019591 -0.001000 0.018466
v 0.003975 -0.001000 0.016554
v 0.004633 -0.001000 0.016121
v 0.019591 -0.001000 0.018461
v 0.013963 -0.001000 0.013765
v 0.005065 -0.001000 0.015463
v 0.013305 -0.001000 0.013333
v 0.005201 -0.001000 0.014749
v 0.005065 -0.001000 0.014034
v 0.004633 -0.001000 0.013376
v 0.012873 -0.001000 0.012675
v 0.012737 -0.001000 0.011960
v 0.012873 -0.001000 0.011245
v 0.013305 -0.001000 0.010587
v 0.003975 -0.001000 0.012944
v 0.014678 -0.001000 0.013901
v 0.015392 -0.001000 0.013765
v 0.020859 -0.001000 0.014838
v 0.020427 -0.001000 0.014180
v 0.016050 -0.001000 0.013333
v 0.020291 -0.001000 0.013466
v 0.016483 -0.001000 0.012675
v 0.016619 -0.001000 0.011960
v 0.020427 -0.001000 0.012751
v 0.020859 -0.001000 0.012093
v 0.021517 -0.001000 0.011661
v 0.016483 -0.001000 0.011245
v 0.016050 -0.001000 0.010587
v 0.022232 -0.001000 0.011524
v 0.015392 -0.001000 0.010155
v 0.022946 -0.001000 0.011661
v 0.023605 -0.001000 0.012093
v 0.024037 -0.001000 0.012751
v 0.024173 -0.001000 0.013466
v 0.030628 -0.001000 0.014460
v 0.023605 -0.001000 0.014838
v 0.024037 -0.001000 0.014180
v 0.022946 -0.001000 0.015271
v 0.019964 -0.001000 0.018466
v 0.032628 -0.001000 0.014460
v 0.037725 -0.001000 0.012276
v 0.032628 -0.001000 0.008466
v 0.037354 -0.001000 0.012857
v 0.037237 -0.001000 0.013488
v 0.037354 -0.001000 0.014118
v 0.037725 -0.001000 0.014699
v 0.038290 -0.001000 0.015081
v 0.043911 -0.001000 0.018466
v 0.045751 -0.001000 0.018115
v 0.038903 -0.001000 0.015201
v 0.043774 -0.001000 0.015201
v 0.047446 -0.001000 0.017001
v 0.044387 -0.001000 0.015081
v 0.048560 -0.001000 0.015306
v 0.044952 -0.001000 0.014699
v 0.045323 -0.001000 0.014118
v 0.045440 -0.001000 0.013488
v 0.048911 -0.001000 0.013466
v 0.048560 -0.001000 0.011625
v 0.045323 -0.001000 0.012857
v 0.044952 -0.001000 0.012276
v 0.044387 -0.001000 0.011895
v 0.047446 -0.001000 0.009930
v 0.043774 -0.001000 0.011775
v 0.043911 -0.001000 0.008466
v 0.038903 -0.001000 0.011775
v 0.045751 -0.001000 0.008817
v 0.038290 -0.001000 0.011895
v 0.022232 -0.001000 0.015407
v 0.021517 -0.001000 0.015271
v -0.012990 -0.001000 0.007171
v -0.013118 -0.001000 0.006501
v -0.013026 -0.001000 0.005864
v -0.012772 -0.001000 0.005341
v -0.012438 -0.001000 0.004963
v 0.012602 -0.001000 -0.017024
v 0.009550 -0.001000 -0.018336
v 0.009919 -0.001000 -0.018817
v 0.013263 -0.001000 -0.018248
v 0.013032 -0.001000 -0.017556
v 0.013232 -0.001000 -0.018977
v 0.012966 -0.001000 -0.019607
v 0.010075 -0.001000 -0.019403
v 0.009996 -0.001000 -0.020004
v 0.009692 -0.001000 -0.020528
v 0.009211 -0.001000 -0.020897
v 0.008625 -0.001000 -0.021054
v 0.005970 -0.001000 -0.026005
v 0.004633 -0.001000 -0.023194
v 0.003975 -0.001000 -0.023627
v 0.003260 -0.001000 -0.023763
v 0.002546 -0.001000 -0.023627
v 0.005065 -0.001000 -0.022536
v 0.005201 -0.001000 -0.021822
v 0.008025 -0.001000 -0.020974
v 0.005065 -0.001000 -0.021107
vn 0.000000 1.000000 0.000000
vn 0.000000 1.000000 0.000000
vn 0.000000 1.000000 0.000000
vn 0.000000 1.000000 0.000000
vn 0.000000 1.000000 0.000000
vn 0.000000 1.000000 0.000000
vn 0.000000 1.000000 0.000000
vn 0.000000 1.000000 0.000000
vn 0.000000 1.000000 0.000000
vn 0.000000 1.000000 0.000000
vn 0.000000 1.000000 0.000000
vn 0.000000 1.000000 0.000000
vn 0.000000 1.000000 0.000000
vn 0.000000 1.000000 0.000000
vn 0.000000 1.000000 0.000000
vn 0.000000 1.000000 0.000000
vn 0.000000 1.000000 0.000000
vn 0.000000 1.000000 0.000000
vn 0.000000 1.000000 0.000000
vn 0.000000 1.000000 0.000000
vn 0.000000 1.000000 0.000000
vn 0.000000 1.000000 0.000000
vn 0.000000 1.000000 0.000000
vn 0.000000 1.000000 0.000000
vn 0.000000 1.000000 0.000000
vn 0.000000 1.000000 0.000000
vn 0.000000 1.000000 0.000000
vn 0.000000 1.000000 0.000000
vn 0.000000 1.000000 0.000000
vn 0.000000 1.000000 0.000000
vn 0.000000 1.000000 0.000000
vn 0.000000 1.000000 0.000000
vn 0.000000 1.000000 0.000000
vn 0.000000 1.000000 0.000000
vn 0.000000 1.000000 0.000000
vn 0.000000 1.000000 0.000000
vn 0.000000 1.000000 0.000000
vn 0.000000 1.000000 0.000000
vn 0.000000 1.000000 0.000000
vn 0.000000 1.000000 0.000000
vn 0.000000 1.000000 0.000000
vn 0.000000 1.000000 0.000000
vn 0.000000 1.000000 0.000000
vn 0.000000 1.000000 0.000000
vn 0.000000 1.000000 0.000000
vn 0.000000 1.000000 0.000000
vn 0.000000 1.000000 0.000000
vn 0.000000 1.000000 0.000000
vn 0.000000 1.000000 0.000000
vn 0.000000 1.000000 0.000000
vn 0.000000 1.000000 0.000000
vn 0.000000 1.000000 0.000000
vn 0.000000 1.000000 0.000000
vn 0.000000 1.000000 0.000000
vn 0.000000 1.000000 0.000000
vn 0.000000 1.000000 0.000000
vn 0.000000 1.000000 0.000000
vn 0.000000 1.000000 0.000000
vn 0.000000 1.000000 0.000000
vn 0.000000 1.000000 0.000000
vn 0.000000 1.000000 0.000000
vn 0.000000 1.000000 0.000000
vn 0.000000 1.000000 0.000000
vn 0.000000 1.000000 0.000000
vn 0.000000 1.000000 0.000000
vn 0.000000 1.000000 0.000000
vn 0.000000 1.000000 0.000000
vn 0.000000 1.000000 0.000000
vn 0.000000 1.000000 0.000000
vn 0.000000 1.000000 0.000000
vn 0.000000 1.000000 0.000000
vn 0.000000 1.000000 0.000000
vn 0.000000 1.000000 0.000000
vn 0.000000 1.000000 0.000000
vn 0.000000 1.000000 0.000000
vn 0.000000 1.000000 0.000000
vn 0.000000 1.000000 0.000000
vn 0.000000 1.000000 0.000000
vn 0.000000 1.000000 0.000000
vn 0.000000 1.000000 0.000000
vn 0.000000 1.000000 0.000000
vn 0.000000 1.000000 0.000000
vn 0.000000 1.000000 0.000000
vn 0.000000 1.000000 0.000000
vn 0.000000 1.000000 0.000000
vn 0.000000 1.000000 0.000000
vn 0.000000 1.000000 0.000000
vn 0.000000 1.000000 0.000000
vn 0.000000 1.000000 0.000000
vn 0.000000 1.000000 0.000000
vn 0.000000 1.000000 0.000000
vn 0.000000 1.000000 0.000000
vn 0.000000 1.000000 0.000000
vn 0.000000 1.000000 0.000000
vn 0.000000 1.000000 0.000000
vn 0.000000 1.000000 0.000000
vn 0.000000 1.000000 0.000000
vn 0.000000 1.000000 0.000000
vn 0.000000 1.000000 0.000000
vn 0.000000 1.000000 0.000000
vn 0.000000 1.000000 0.000000
vn 0.000000 1.000000 0.000000
vn 0.000000 1.000000 0.000000
vn 0.000000 1.000000 0.000000
vn 0.000000 1.000000 0.000000
vn 0.000000 1.000000 0.000000
vn 0.000000 1.000000 0.000000
vn 0.000000 1.000000 0.000000
vn 0.000000 1.000000 0.000000
vn 0.000000 1.000000 0.000000
vn 0.000000 1.000000 0.000000
vn 0.000000 1.000000 0.000000
vn 0.000000 1.000000 0.000000
vn 0.000000 1.000000 0.000000
vn 0.000000 1.000000 0.000000
vn 0.000000 1.000000 0.000000
vn 0.000000 1.000000 0.000000
vn 0.000000 1.000000 0.000000
vn 0.000000 1.000000 0.000000
vn 0.000000 1.000000 0.000000
vn 0.000000 1.000000 0.000000
vn 0.000000 1.000000 0.000000
vn 0.000000 1.000000 0.000000
vn 0.000000 1.000000 0.000000
vn 0.000000 1.000000 0.000000
vn 0.000000 1.000000 0.000000
vn 0.000000 1.000000 0.000000
vn 0.000000 1.000000 0.000000
vn 0.000000 1.000000 0.000000
vn 0.000000 1.000000 0.000000
vn 0.000000 1.000000 0.000000
vn 0.000000 1.000000 0.000000
vn 0.000000 1.000000 0.000000
vn 0.000000 1.000000 0.000000
vn 0.000000 1.000000 0.000000
vn 0.000000 1.000000 0.000000
vn 0.000000 1.000000 0.000000
vn 0.000000 1.000000 0.000000
vn 0.000000 1.000000 0.000000
vn 0.000000 1.000000 0.000000
vn 0.000000 1.000000 0.000000
vn 0.000000 1.000000 0.000000
vn 0.000000 1.000000 0.000000
vn 0.000000 1.000000 0.000000
vn 0.000000 1.000000 0.000000
vn 0.000000 1.000000 0.000000
vn 0.000000 1.000000 0.000000
vn 0.000000 1.000000 0.000000
vn 0.000000 1.000000 0.000000
vn 0.000000 1.000000 0.000000
vn 0.000000 1.000000 0.000000
vn 0.000000 1.000000 0.000000
vn 0.000000 1.000000 0.000000
vn 0.000000 1.000000 0.000000
vn 0.000000 1.000000 0.000000
vn 0.000000 1.000000 0.000000
vn 0.000000 1.000000 0.000000
vn 0.000000 1.000000 0.000000
vn 0.000000 1.000000 0.000000
vn 0.000000 1.000000 0.000000
vn 0.000000 1.000000 0.000000
vn 0.000000 1.000000 0.000000
vn 0.000000 1.000000 0.000000
vn 0.000000 1.000000 0.000000
vn 0.000000 1.000000 0.000000
vn 0.000000 1.000000 0.000000
vn 0.000000 1.000000 0.000000
vn 0.000000 1.000000 0.000000
vn 0.000000 1.000000 0.000000
vn 0.000000 1.000000 0.000000
vn 0.000000 1.000000 0.000000
vn 0.000000 1.000000 0.000000
vn 0.000000 1.000000 0.000000
vn 0.000000 1.000000 0.000000
vn 0.000000 1.000000 0.000000
vn 0.000000 1.000000 0.000000
vn 0.000000 1.000000 0.000000
vn 0.000000 1.000000 0.000000
vn 0.000000 1.000000 0.000000
vn 0.000000 1.000000 0.000000
vn 0.000000 1.000000 0.000000
vn 0.000000 1.000000 0.000000
vn 0.000000 1.000000 0.000000
vn 0.000000 1.000000 0.000000
vn 0.000000 1.000000 0.000000
vn 0.000000 1.000000 0.000000
vn 0.000000 1.000000 0.000000
vn 0.000000 1.000000 0.000000
vn 0.000000 1.000000 0.000000
vn 0.000000 1.000000 0.000000
vn 0.000000 1.000000 0.000000
vn 0.000000 1.000000 0.000000
vn 0.000000 1.000000 0.000000
vn 0.000000 1.000000 0.000000
vn 0.000000 1.000000 0.000000
vn 0.000000 1.000000 0.000000
vn 0.000000 1.000000 0.000000
vn 0.000000 1.000000 0.000000
vn 0.000000 1.000000 0.000000
vn 0.000000 1.000000 0.000000
vn 0.000000 1.000000 0.000000
vn 0.000000 1.000000 0.000000
vn 0.000000 1.000000 0.000000
vn 0.000000 1.000000 0.000000
vn 0.000000 1.000000 0.000000
vn 0.000000 1.000000 0.000000
vn 0.000000 1.000000 0.000000
vn 0.000000 1.000000 0.000000
vn 0.000000 1.000000 0.000000
vn 0.000000 1.000000 0.000000
vn 0.000000 1.000000 0.000000
vn 0.000000 1.000000 0.000000
vn 0.000000 1.000000 0.000000
vn 0.000000 1.000000 0.000000
vn 0.000000 1.000000 0.000000
vn 0.000000 1.000000 0.000000
vn 0.000000 1.000000 0.000000
vn 0.000000 1.000000 0.000000
vn 0.000000 1.000000 0.000000
vn -0.659820 0.000000 -0.751423
vn -0.659820 0.000000 -0.751423
vn -0.659820 0.000000 -0.751423
vn -0.659820 0.000000 -0.751423
vn -0.659820 0.000000 -0.751423
vn -0.659714 0.000000 -0.751516
vn -0.336881 0.000000 -0.941547
vn -0.659714 0.000000 -0.751516
vn -0.336881 0.000000 -0.941547
vn 0.064800 0.000000 -0.997898
vn 0.455793 0.000000 -0.890086
vn 0.064800 0.000000 -0.997898
vn 0.455793 0.000000 -0.890086
vn 0.751467 0.000000 -0.659771
vn 0.751467 0.000000 -0.659771
vn 0.941547 0.000000 -0.336881
vn 0.941547 0.000000 -0.336881
vn 0.997898 0.000000 0.064800
vn 0.890086 0.000000 0.455793
vn 0.997898 0.000000 0.064800
vn 0.890086 0.000000 0.455793
vn 0.659877 0.000000 0.751374
vn 0.659877 0.000000 0.751374
vn 0.659820 0.000000 0.751423
vn 0.659820 0.000000 0.751423
vn 0.659820 0.000000 0.751423
vn 0.659820 0.000000 0.751423
vn 0.659820 0.000000 0.751423
vn 0.659820 0.000000 0.751423
vn 0.659714 0.000000 0.751516
vn 0.322012 0.000000 0.946736
vn 0.322012 0.000000 0.946736
vn -0.064800 0.000000 0.997898
vn -0.064800 0.000000 0.997898
vn -0.441805 0.000000 0.897111
vn -0.441805 0.000000 0.897111
vn -0.751423 0.000000 0.659820
vn -0.751423 0.000000 0.659820
vn -0.946736 0.000000 0.322012
vn -0.997898 0.000000 -0.064800
vn -0.946736 0.000000 0.322012
vn -0.997898 0.000000 -0.064800
vn -0.897151 0.000000 -0.441725
vn -0.659820 0.000000 -0.751423
vn -0.659877 0.000000 -0.751374
vn -0.897151 0.000000 -0.441725
vn -0.659820 0.000000 -0.751423
vn 0.659820 0.000000 0.751423
vn 1.000000 0.000000 0.000100
vn 1.000000 0.000000 0.000100
vn 0.929788 0.000000 0.368095
vn 0.929788 0.000000 0.368095
vn 0.707107 0.000000 0.707107
vn 0.707107 0.000000 0.707107
vn 0.368095 0.000000 0.929788
vn 0.368095 0.000000 0.929788
vn 0.000000 0.000000 1.000000
vn -0.368095 0.000000 0.929788
vn 0.000000 0.000000 1.000000
vn -0.368095 0.000000 0.929788
vn -0.707107 0.000000 0.707107
vn -0.929788 0.000000 0.368095
vn -0.707107 0.000000 0.707107
vn -0.929788 0.000000 0.368095
vn -1.000000 0.000000 0.000000
vn -0.929788 0.000000 -0.368095
vn -1.000000 0.000000 0.000000
vn -0.929788 0.000000 -0.368095
vn -0.707107 0.000000 -0.707107
vn -0.368095 0.000000 -0.929788
vn -0.707107 0.000000 -0.707107
vn -0.368095 0.000000 -0.929788
vn 0.000000 0.000000 -1.000000
vn 0.368095 0.000000 -0.929788
vn 0.000000 0.000000 -1.000000
vn 0.368095 0.000000 -0.929788
vn 0.707107 0.000000 -0.707107
vn 0.929788 0.000000 -0.368095
vn 0.707107 0.000000 -0.707107
vn 0.929788 0.000000 -0.368095
vn 1.000000 0.000000 -0.000100
vn 1.000000 0.000000 -0.000100
vn 1.000000 0.000000 0.000100
vn 1.000000 0.000000 0.000100
vn 0.929788 0.000000 0.368095
vn 0.929788 0.000000 0.368095
vn 0.707107 0.000000 0.707107
vn 0.368095 0.000000 0.929788
vn 0.707107 0.000000 0.707107
vn 0.368095 0.000000 0.929788
vn 0.000000 0.000000 1.000000
vn -0.368095 0.000000 0.929788
vn 0.000000 0.000000 1.000000
vn -0.368095 0.000000 0.929788
vn -0.707107 0.000000 0.707107
vn -0.707107 0.000000 0.707107
vn -0.929788 0.000000 0.368095
vn -0.929788 0.000000 0.368095
vn -1.000000 0.000000 0.000000
vn -0.929788 0.000000 -0.368095
vn -1.000000 0.000000 0.000000
vn -0.929788 0.000000 -0.368095
vn -0.707107 0.000000 -0.707107
vn -0.368095 0.000000 -0.929788
vn -0.707107 0.000000 -0.707107
vn -0.368095 0.000000 -0.929788
vn 0.000000 0.000000 -1.000000
vn 0.368095 0.000000 -0.929788
vn 0.000000 0.000000 -1.000000
vn 0.368095 0.000000 -0.929788
vn 0.707107 0.000000 -0.707107
vn 0.929788 0.000000 -0.368095
vn 0.707107 0.000000 -0.707107
vn 0.929788 0.000000 -0.368095
vn 1.000000 0.000000 -0.000100
vn 1.000000 0.000000 -0.000100
vn 0.000200 0.000000 1.000000
vn 0.000100 0.000000 1.000000
vn 0.377090 0.000000 0.926176
vn 0.377090 0.000000 0.926176
vn 0.717085 0.000000 0.696986
vn 0.717085 0.000000 0.696986
vn 0.933253 0.000000 0.359220
vn 1.000000 0.000000 0.000100
vn 0.933253 0.000000 0.359220
vn 1.000000 0.000000 0.000100
vn 1.000000 0.000000 0.000100
vn 0.000200 0.000000 1.000000
vn 1.000000 0.000000 -0.000100
vn 0.933219 0.000000 -0.359307
vn 1.000000 0.000000 -0.000100
vn 1.000000 0.000000 -0.000100
vn 0.933219 0.000000 -0.359307
vn 0.716987 0.000000 -0.697087
vn 0.716987 0.000000 -0.697087
vn 0.377090 0.000000 -0.926176
vn 0.377090 0.000000 -0.926176
vn 0.000100 0.000000 -1.000000
vn 0.000200 0.000000 -1.000000
vn 0.000200 0.000000 -1.000000
vn 0.000000 0.000000 -1.000000
vn 0.000000 0.000000 -1.000000
vn 0.000000 0.000000 -1.000000
vn 0.000000 0.000000 -1.000000
vn 0.000000 0.000000 -1.000000
vn 0.000000 0.000000 -1.000000
vn 0.000000 0.000000 -1.000000
vn 0.000000 0.000000 -1.000000
vn -0.000200 0.000000 -1.000000
vn -0.000100 0.000000 -1.000000
vn -0.377090 0.000000 -0.926176
vn -0.716987 0.000000 -0.697087
vn -0.377090 0.000000 -0.926176
vn -0.000200 0.000000 -1.000000
vn -0.716987 0.000000 -0.697087
vn -0.933253 0.000000 -0.359220
vn -0.933253 0.000000 -0.359220
vn -1.000000 0.000000 0.000000
vn -1.000000 0.000000 0.000000
vn -0.933253 0.000000 0.359220
vn -0.933253 0.000000 0.359220
vn -0.717085 0.000000 0.696986
vn -0.717085 0.000000 0.696986
vn -0.377090 0.000000 0.926176
vn -0.377090 0.000000 0.926176
vn -0.000100 0.000000 1.000000
vn -0.000200 0.000000 1.000000
vn -0.000200 0.000000 1.000000
vn 0.000000 0.000000 1.000000
vn 0.000000 0.000000 1.000000
vn 0.000000 0.000000 1.000000
vn 0.000000 0.000000 1.000000
vn 0.000000 0.000000 1.000000
vn 0.000000 0.000000 1.000000
vn 0.000000 0.000000 1.000000
vn 0.000000 0.000000 1.000000
vn 1.000000 0.000000 0.000100
vn 1.000000 0.000000 0.000100
vn 0.929788 0.000000 0.368095
vn 0.929788 0.000000 0.368095
vn 0.707107 0.000000 0.707107
vn 0.707107 0.000000 0.707107
vn 0.368095 0.000000 0.929788
vn 0.368095 0.000000 0.929788
vn 0.000000 0.000000 1.000000
vn -0.368095 0.000000 0.929788
vn 0.000000 0.000000 1.000000
vn -0.368095 0.000000 0.929788
vn -0.707107 0.000000 0.707107
vn -0.929788 0.000000 0.368095
vn -0.707107 0.000000 0.707107
vn -0.929788 0.000000 0.368095
vn -1.000000 0.000000 0.000000
vn -0.929788 0.000000 -0.368095
vn -1.000000 0.000000 0.000000
vn -0.929788 0.000000 -0.368095
vn -0.707107 0.000000 -0.707107
vn -0.368095 0.000000 -0.929788
vn -0.707107 0.000000 -0.707107
vn -0.368095 0.000000 -0.929788
vn 0.000000 0.000000 -1.000000
vn 0.368095 0.000000 -0.929788
vn 0.000000 0.000000 -1.000000
vn 0.368095 0.000000 -0.929788
vn 0.707107 0.000000 -0.707107
vn 0.929788 0.000000 -0.368095
vn 0.707107 0.000000 -0.707107
vn 0.929788 0.000000 -0.368095
vn 1.000000 0.000000 -0.000100
vn 1.000000 0.000000 -0.000100
vn 1.000000 0.000000 0.000100
vn 1.000000 0.000000 0.000100
vn 0.929788 0.000000 0.368095
vn 0.929788 0.000000 0.368095
vn 0.707107 0.000000 0.707107
vn 0.368095 0.000000 0.929788
vn 0.707107 0.000000 0.707107
vn 0.368095 0.000000 0.929788
vn 0.000000 0.000000 1.000000
vn -0.368095 0.000000 0.929788
vn 0.000000 0.000000 1.000000
vn -0.368095 0.000000 0.929788
vn -0.707107 0.000000 0.707107
vn -0.707107 0.000000 0.707107
vn -0.929788 0.000000 0.368095
vn -0.929788 0.000000 0.368095
vn -1.000000 0.000000 0.000000
vn -0.929788 0.000000 -0.368095
vn -1.000000 0.000000 0.000000
vn -0.929788 0.000000 -0.368095
vn -0.707107 0.000000 -0.707107
vn -0.368095 0.000000 -0.929788
vn -0.707107 0.000000 -0.707107
vn -0.368095 0.000000 -0.929788
vn 0.000000 0.000000 -1.000000
vn 0.368095 0.000000 -0.929788
vn 0.000000 0.000000 -1.000000
vn 0.368095 0.000000 -0.929788
vn 0.707107 0.000000 -0.707107
vn 0.929788 0.000000 -0.368095
vn 0.707107 0.000000 -0.707107
vn 0.929788 0.000000 -0.368095
vn 1.000000 0.000000 -0.000100
vn 1.000000 0.000000 -0.000100
vn 0.000100 0.000000 1.000000
vn 0.000100 0.000000 1.000000
vn 0.377090 0.000000 0.926176
vn 0.377090 0.000000 0.926176
vn 0.716888 0.000000 0.697188
vn 0.716888 0.000000 0.697188
vn 0.933219 0.000000 0.359307
vn 1.000000 0.000000 0.000100
vn 0.933219 0.000000 0.359307
vn 1.000000 0.000000 0.000100
vn 1.000000 0.000000 0.000100
vn 0.000100 0.000000 1.000000
vn 1.000000 0.000000 -0.000100
vn 0.933253 0.000000 -0.359220
vn 1.000000 0.000000 -0.000100
vn 1.000000 0.000000 -0.000100
vn 0.933253 0.000000 -0.359220
vn 0.717085 0.000000 -0.696986
vn 0.717085 0.000000 -0.696986
vn 0.377090 0.000000 -0.926176
vn 0.377090 0.000000 -0.926176
vn 0.000100 0.000000 -1.000000
vn 0.000000 0.000000 -1.000000
vn 0.000000 0.000000 -1.000000
vn 0.000000 0.000000 -1.000000
vn 0.000000 0.000000 -1.000000
vn 0.000000 0.000000 -1.000000
vn 0.000000 0.000000 -1.000000
vn 0.000000 0.000000 -1.000000
vn 0.000000 0.000000 -1.000000
vn 0.000000 0.000000 -1.000000
vn 0.000000 0.000000 -1.000000
vn 0.000000 0.000000 -1.000000
vn -0.000100 0.000000 -1.000000
vn -0.377090 0.000000 -0.926176
vn -0.717085 0.000000 -0.696986
vn -0.377090 0.000000 -0.926176
vn 0.000000 0.000000 -1.000000
vn -0.717085 0.000000 -0.696986
vn -0.933253 0.000000 -0.359220
vn -0.933253 0.000000 -0.359220
vn -1.000000 0.000000 0.000000
vn -1.000000 0.000000 0.000000
vn -0.933253 0.000000 0.359220
vn -0.933253 0.000000 0.359220
vn -0.716888 0.000000 0.697188
vn -0.716888 0.000000 0.697188
vn -0.377090 0.000000 0.926176
vn -0.377090 0.000000 0.926176
vn -0.000100 0.000000 1.000000
vn -0.000100 0.000000 1.000000
vn -0.000100 0.000000 1.000000
vn 0.000000 0.000000 1.000000
vn 0.000000 0.000000 1.000000
vn 0.000000 0.000000 1.000000
vn 0.000000 0.000000 1.000000
vn 0.000000 0.000000 1.000000
vn 0.000000 0.000000 1.000000
vn 0.000000 0.000000 1.000000
vn 0.000000 0.000000 1.000000
vn 0.000000 0.000000 1.000000
vn 0.000000 0.000000 1.000000
vn 0.000000 0.000000 1.000000
vn 0.000000 0.000000 1.000000
vn 0.000000 0.000000 1.000000
vn 0.000000 0.000000 1.000000
vn 0.000000 0.000000 1.000000
vn 0.000000 0.000000 1.000000
vn 0.000000 0.000000 1.000000
vn 0.000000 0.000000 1.000000
vn 0.000000 0.000000 1.000000
vn 0.000000 0.000000 1.000000
vn 0.000000 0.000000 1.000000
vn 0.000000 0.000000 1.000000
vn 0.000000 0.000000 1.000000
vn 0.000000 0.000000 1.000000
vn 0.000000 0.000000 1.000000
vn 0.000000 0.000000 1.000000
vn 0.000000 0.000000 1.000000
vn 0.000000 0.000000 1.000000
vn 0.000000 0.000000 1.000000
vn 0.000000 0.000000 1.000000
vn 0.000000 0.000000 1.000000
vn 0.000000 0.000000 1.000000
vn 0.000000 0.000000 1.000000
vn 0.000000 0.000000 1.000000
vn 0.000000 0.000000 1.000000
vn 0.000000 0.000000 1.000000
vn 0.000000 0.000000 1.000000
vn 0.000000 0.000000 1.000000
vn 0.000000 0.000000 1.000000
vn 0.000000 0.000000 1.000000
vn 0.000000 0.000000 1.000000
vn 0.000000 0.000000 1.000000
vn 0.000000 0.000000 1.000000
vn 0.000000 0.000000 1.000000
vn 0.000000 0.000000 1.000000
vn 0.000000 0.000000 1.000000
vn 0.000000 0.000000 1.000000
vn 0.000000 0.000000 1.000000
vn 0.000000 0.000000 1.000000
vn 0.000000 0.000000 1.000000
vn 0.000000 0.000000 1.000000
vn 0.000100 0.000000 1.000000
vn 0.000100 0.000000 1.000000
vn 0.379910 0.000000 0.925024
vn 0.379910 0.000000 0.925024
vn 0.714468 0.000000 0.699668
vn 0.714468 0.000000 0.699668
vn 0.931629 0.000000 0.363411
vn 0.931629 0.000000 0.363411
vn 1.000000 0.000000 0.000000
vn 1.000000 0.000000 0.000000
vn 0.925024 0.000000 -0.379910
vn 0.925024 0.000000 -0.379910
vn 0.699668 0.000000 -0.714468
vn 0.699668 0.000000 -0.714468
vn 0.363411 0.000000 -0.931629
vn 0.363411 0.000000 -0.931629
vn 0.000100 0.000000 -1.000000
vn 0.000100 0.000000 -1.000000
vn 0.000100 0.000000 -1.000000
vn 0.000100 0.000000 1.000000
vn 0.000000 0.000000 -1.000000
vn 0.000000 0.000000 -1.000000
vn 0.000000 0.000000 -1.000000
vn 0.000000 0.000000 -1.000000
vn 0.000000 0.000000 -1.000000
vn 0.000000 0.000000 -1.000000
vn 0.000000 0.000000 -1.000000
vn 0.000000 0.000000 -1.000000
vn 0.000000 0.000000 -1.000000
vn 0.000000 0.000000 -1.000000
vn 0.000000 0.000000 -1.000000
vn 0.000000 0.000000 -1.000000
vn 0.000000 0.000000 -1.000000
vn 0.000000 0.000000 -1.000000
vn 0.000000 0.000000 -1.000000
vn -1.000000 0.000000 0.000000
vn -1.000000 0.000000 0.000000
vn -1.000000 0.000000 0.000000
vn -1.000000 0.000000 0.000000
vn 1.000000 0.000000 0.000000
vn 1.000000 0.000000 0.000000
vn 1.000000 0.000000 0.000000
vn 1.000000 0.000000 0.000000
vn 0.000000 0.000000 -1.000000
vn 0.000000 0.000000 -1.000000
vn 0.000000 0.000000 -1.000000
vn 0.000000 0.000000 -1.000000
vn -1.000000 0.000000 0.000000
vn -1.000000 0.000000 0.000000
vn -1.000000 0.000000 0.000000
vn -1.000000 0.000000 0.000000
vn -1.000000 0.000000 0.000000
vn -1.000000 0.000000 0.000000
vn -1.000000 0.000000 0.000000
vn -1.000000 0.000000 0.000000
vn -1.000000 0.000000 0.000000
vn -1.000000 0.000000 0.000000
vn -1.000000 0.000000 0.000000
vn -1.000000 0.000000 0.000000
vn -1.000000 0.000000 0.000000
vn -1.000000 0.000000 0.000000
vn -1.000000 0.000000 0.000000
vn 1.000000 0.000000 0.000000
vn 1.000000 0.000000 0.000000
vn 1.000000 0.000000 -0.000500
vn 1.000000 0.000000 0.000000
vn 1.000000 0.000000 0.000500
vn 1.000000 0.000000 0.000000
vn -0.026299 0.000000 0.999654
vn -0.012900 0.000000 0.999917
vn -0.026601 0.000000 0.999646
vn -0.026501 0.000000 0.999649
vn -0.025799 0.000000 0.999667
vn -0.013300 0.000000 0.999912
vn -0.000100 0.000000 1.000000
vn -0.000200 0.000000 1.000000
vn 0.000000 0.000000 1.000000
vn 0.000300 0.000000 1.000000
vn 0.000000 0.000000 1.000000
vn 0.000000 0.000000 1.000000
vn 0.000000 0.000000 1.000000
vn 0.000000 0.000000 1.000000
vn -1.000000 0.000000 0.000000
vn -1.000000 0.000000 0.000000
vn -1.000000 0.000000 0.000000
vn -1.000000 0.000000 0.000000
vn -1.000000 0.000000 0.000000
vn -1.000000 0.000000 0.000000
vn 0.841526 0.000000 -0.540217
vn 0.766020 0.000000 -0.642817
vn 0.766020 0.000000 -0.642817
vn 0.841526 0.000000 -0.540217
vn 0.766020 0.000000 -0.642817
vn 0.841526 0.000000 -0.540217
vn 0.766382 0.000000 -0.642385
vn 0.766020 0.000000 -0.642817
vn 0.677877 0.000000 -0.735175
vn 0.677823 0.000000 -0.735225
vn 0.471408 0.000000 -0.881915
vn 0.677877 0.000000 -0.735175
vn 0.471408 0.000000 -0.881915
vn 0.677877 0.000000 -0.735175
vn 0.234810 0.000000 -0.972041
vn 0.234810 0.000000 -0.972041
vn 0.234810 0.000000 -0.972041
vn 0.471408 0.000000 -0.881915
vn 0.677823 0.000000 -0.735225
vn 0.234810 0.000000 -0.972041
vn 0.115797 0.000000 -0.993273
vn 0.000000 0.000000 -1.000000
vn 0.115797 0.000000 -0.993273
vn 0.115797 0.000000 -0.993273
vn 0.115797 0.000000 -0.993273
vn 0.000000 0.000000 -1.000000
vn 0.000000 0.000000 -1.000000
vn 0.115797 0.000000 -0.993273
vn 0.234810 0.000000 -0.972041
vn 0.000000 0.000000 -1.000000
vn 0.000000 0.000000 -1.000000
vn 0.000000 0.000000 -1.000000
vn 0.000000 0.000000 -1.000000
vn 0.000000 0.000000 -1.000000
vn 0.000000 0.000000 -1.000000
vn 0.000000 0.000000 -1.000000
vn 0.000000 0.000000 -1.000000
vn 0.000000 0.000000 -1.000000
vn 0.000000 0.000000 -1.000000
vn 0.000000 0.000000 -1.000000
vn 0.000000 0.000000 -1.000000
vn 0.000000 0.000000 -1.000000
vn 0.000000 0.000000 -1.000000
vn 0.000000 0.000000 -1.000000
vn 0.000000 0.000000 -1.000000
vn 0.000000 0.000000 -1.000000
vn 0.000000 0.000000 -1.000000
vn 0.000000 0.000000 -1.000000
vn 0.000000 0.000000 -1.000000
vn 0.000000 0.000000 -1.000000
vn 0.000000 0.000000 -1.000000
vn 0.000000 0.000000 -1.000000
vn 0.000000 0.000000 -1.000000
vn 0.000000 0.000000 -1.000000
vn 0.000000 0.000000 -1.000000
vn 1.000000 0.000000 0.000000
vn 1.000000 0.000000 0.000000
vn 1.000000 0.000000 0.000000
vn 1.000000 0.000000 0.000000
vn -1.000000 0.000000 0.000000
vn -1.000000 0.000000 0.000000
vn -1.000000 0.000000 0.000000
vn -1.000000 0.000000 0.000000
vn -1.000000 0.000000 0.000000
vn 0.659820 0.000000 0.751423
vn 0.659820 0.000000 0.751423
vn 0.659820 0.000000 0.751423
vn 0.659820 0.000000 0.751423
vn 0.000000 0.000000 -1.000000
vn 0.000000 0.000000 -1.000000
vn 0.000000 0.000000 -1.000000
vn 0.000000 0.000000 -1.000000
vn 0.659877 0.000100 0.751374
vn 0.874402 0.000000 0.485201
vn 0.659877 0.000000 0.751374
vn 0.874402 0.000000 0.485201
vn 0.990249 0.000000 0.139307
vn 0.974361 0.000000 -0.224991
vn 0.990249 0.000000 0.139307
vn 0.974361 0.000000 -0.224991
vn 0.841601 0.000000 -0.540100
vn 0.841601 0.000000 -0.540100
vn 0.841601 0.000000 -0.540100
vn 0.659877 0.000000 0.751374
vn 0.827001 0.000000 0.562201
vn 0.659877 0.000000 0.751374
vn 0.827001 0.000000 0.562201
vn 0.953593 0.000000 0.301098
vn 0.953593 0.000000 0.301098
vn 0.999842 0.000000 -0.017801
vn 0.999842 0.000000 -0.017801
vn 0.935810 0.000000 -0.352504
vn 0.935810 0.000000 -0.352504
vn 0.762999 0.000000 -0.646399
vn 0.762999 0.000000 -0.646399
vn 0.517918 0.000000 -0.855430
vn 0.517918 0.000000 -0.855430
vn 0.250504 0.000000 -0.968116
vn 0.250504 0.000000 -0.968116
vn 0.000100 0.000000 -1.000000
vn 0.000100 0.000000 -1.000000
vn -0.659820 0.000000 -0.751423
vn -0.659820 0.000000 -0.751423
vn -0.659820 0.000000 -0.751423
vn -0.659820 0.000000 -0.751423
vn 0.000000 0.000000 1.000000
vn 0.000000 0.000000 1.000000
vn 0.000000 0.000000 1.000000
vn 0.000000 0.000000 1.000000
vn -0.659877 0.000000 -0.751374
vn -0.911002 0.000000 -0.412401
vn -0.659877 0.000000 -0.751374
vn -0.911002 0.000000 -0.412401
vn -1.000000 0.000000 -0.000100
vn -1.000000 0.000000 -0.000100
vn -1.000000 0.000000 -0.000100
vn -0.659877 0.000000 -0.751374
vn -0.827001 0.000000 -0.562201
vn -0.659877 0.000000 -0.751374
vn -0.827001 0.000000 -0.562201
vn -0.953593 0.000000 -0.301098
vn -0.953593 0.000000 -0.301098
vn -0.999843 0.000000 0.017701
vn -0.999843 0.000000 0.017701
vn -0.935810 0.000000 0.352504
vn -0.762999 0.000000 0.646399
vn -0.935810 0.000000 0.352504
vn -0.762999 0.000000 0.646399
vn -0.517918 0.000000 0.855430
vn -0.250504 0.000000 0.968116
vn -0.517918 0.000000 0.855430
vn -0.250504 0.000000 0.968116
vn -0.000100 0.000000 1.000000
vn -0.000100 0.000000 1.000000
vn 1.000000 0.000000 0.000100
vn 1.000000 0.000000 0.000100
vn 0.929788 0.000000 0.368095
vn 0.929788 0.000000 0.368095
vn 0.707107 0.000000 0.707107
vn 0.707107 0.000000 0.707107
vn 0.368095 0.000000 0.929788
vn 0.000000 0.000000 1.000000
vn 0.368095 0.000000 0.929788
vn 0.000000 0.000000 1.000000
vn -0.368095 0.000000 0.929788
vn -0.707107 0.000000 0.707107
vn -0.368095 0.000000 0.929788
vn -0.707107 0.000000 0.707107
vn -0.929788 0.000000 0.368095
vn -1.000000 0.000000 0.000000
vn -0.929788 0.000000 0.368095
vn -1.000000 0.000000 0.000000
vn -0.929788 0.000000 -0.368095
vn -0.707107 0.000000 -0.707107
vn -0.929788 0.000000 -0.368095
vn -0.707107 0.000000 -0.707107
vn -0.368095 0.000000 -0.929788
vn 0.000000 0.000000 -1.000000
vn -0.368095 0.000000 -0.929788
vn 0.000000 0.000000 -1.000000
vn 0.368095 0.000000 -0.929788
vn 0.707107 0.000000 -0.707107
vn 0.368095 0.000000 -0.929788
vn 0.707107 0.000000 -0.707107
vn 0.929754 0.000000 -0.368182
vn 1.000000 0.000000 -0.000100
vn 0.929754 0.000000 -0.368182
vn 1.000000 0.000000 -0.000100
vn 1.000000 0.000000 0.000100
vn 1.000000 0.000000 0.000100
vn 0.929788 0.000000 0.368095
vn 0.707107 0.000000 0.707107
vn 0.929788 0.000000 0.368095
vn 0.707107 0.000000 0.707107
vn 0.368095 0.000000 0.929788
vn 0.000000 0.000000 1.000000
vn 0.368095 0.000000 0.929788
vn 0.000000 0.000000 1.000000
vn -0.368095 0.000000 0.929788
vn -0.368095 0.000000 0.929788
vn -0.707107 0.000000 0.707107
vn -0.707107 0.000000 0.707107
vn -0.929788 0.000000 0.368095
vn -0.929788 0.000000 0.368095
vn -1.000000 0.000000 0.000000
vn -1.000000 0.000000 0.000000
vn -0.929788 0.000000 -0.368095
vn -0.707107 0.000000 -0.707107
vn -0.929788 0.000000 -0.368095
vn -0.707107 0.000000 -0.707107
vn -0.368095 0.000000 -0.929788
vn 0.000000 0.000000 -1.000000
vn -0.368095 0.000000 -0.929788
vn 0.000000 0.000000 -1.000000
vn 0.368095 0.000000 -0.929788
vn 0.368095 0.000000 -0.929788
vn 0.707107 0.000000 -0.707107
vn 0.707107 0.000000 -0.707107
vn 0.929788 0.000000 -0.368095
vn 0.929788 0.000000 -0.368095
vn 1.000000 0.000000 -0.000100
vn 1.000000 0.000000 -0.000100
vn 0.000100 0.000000 1.000000
vn 0.377090 0.000000 0.926176
vn 0.000100 0.000000 1.000000
vn 0.000100 0.000000 1.000000
vn 0.377090 0.000000 0.926176
vn 0.716888 0.000000 0.697188
vn 0.716888 0.000000 0.697188
vn 0.933253 0.000000 0.359220
vn 1.000000 0.000000 0.000100
vn 0.933253 0.000000 0.359220
vn 1.000000 0.000000 0.000100
vn 1.000000 0.000000 0.000100
vn 1.000000 0.000000 -0.000100
vn 1.000000 0.000000 -0.000100
vn 0.933253 0.000000 -0.359220
vn 0.933253 0.000000 -0.359220
vn 0.716888 0.000000 -0.697188
vn 0.716888 0.000000 -0.697188
vn 0.377090 0.000000 -0.926176
vn 0.377090 0.000000 -0.926176
vn 0.000100 0.000000 -1.000000
vn 0.000100 0.000000 -1.000000
vn 0.000100 0.000000 -1.000000
vn 1.000000 0.000000 -0.000100
vn 0.000000 0.000000 -1.000000
vn 0.000000 0.000000 -1.000000
vn 0.000000 0.000000 -1.000000
vn 0.000000 0.000000 -1.000000
vn 0.000000 0.000000 -1.000000
vn 0.000000 0.000000 -1.000000
vn 0.000000 0.000000 -1.000000
vn 0.000000 0.000000 -1.000000
vn -0.000100 0.000000 -1.000000
vn -0.000100 0.000000 -1.000000
vn -0.377090 0.000000 -0.926176
vn -0.717085 0.000000 -0.696986
vn -0.377090 0.000000 -0.926176
vn -0.000100 0.000000 -1.000000
vn -0.717085 0.000000 -0.696986
vn -0.933266 0.000000 -0.359187
vn -0.933266 0.000000 -0.359187
vn -1.000000 0.000000 0.000000
vn -1.000000 0.000000 0.000000
vn -0.933253 0.000000 0.359220
vn -0.933253 0.000000 0.359220
vn -0.717085 0.000000 0.696986
vn -0.717085 0.000000 0.696986
vn -0.377090 0.000000 0.926176
vn -0.377090 0.000000 0.926176
vn -0.000100 0.000000 1.000000
vn -0.000100 0.000000 1.000000
vn -0.000100 0.000000 1.000000
vn 0.000000 0.000000 1.000000
vn 0.000000 0.000000 1.000000
vn 0.000000 0.000000 1.000000
vn 0.000000 0.000000 1.000000
vn 0.000000 0.000000 1.000000
vn 0.000000 0.000000 1.000000
vn 0.000000 0.000000 1.000000
vn 0.000000 0.000000 1.000000
vn 0.000000 -1.000000 0.000000
vn 0.000000 -1.000000 0.000000
vn 0.000000 -1.000000 0.000000
vn 0.000000 -1.000000 0.000000
vn 0.000000 -1.000000 0.000000
vn 0.000000 -1.000000 0.000000
vn 0.000000 -1.000000 0.000000
vn 0.000000 -1.000000 0.000000
vn 0.000000 -1.000000 0.000000
vn 0.000000 -1.000000 0.000000
vn 0.000000 -1.000000 0.000000
vn 0.000000 -1.000000 0.000000
vn 0.000000 -1.000000 0.000000
vn 0.000000 -1.000000 0.000000
vn 0.000000 -1.000000 0.000000
vn 0.000000 -1.000000 0.000000
vn 0.000000 -1.000000 0.000000
vn 0.000000 -1.000000 0.000000
vn 0.000000 -1.000000 0.000000
vn 0.000000 -1.000000 0.000000
vn 0.000000 -1.000000 0.000000
vn 0.000000 -1.000000 0.000000
vn 0.000000 -1.000000 0.000000
vn 0.000000 -1.000000 0.000000
vn 0.000000 -1.000000 0.000000
vn 0.000000 -1.000000 0.000000
vn 0.000000 -1.000000 0.000000
vn 0.000000 -1.000000 0.000000
vn 0.000000 -1.000000 0.000000
vn 0.000000 -1.000000 0.000000
vn 0.000000 -1.000000 0.000000
vn 0.000000 -1.000000 0.000000
vn 0.000000 -1.000000 0.000000
vn 0.000000 -1.000000 0.000000
vn 0.000000 -1.000000 0.000000
vn 0.000000 -1.000000 0.000000
vn 0.000000 -1.000000 0.000000
vn 0.000000 -1.000000 0.000000
vn 0.000000 -1.000000 0.000000
vn 0.000000 -1.000000 0.000000
vn 0.000000 -1.000000 0.000000
vn 0.000000 -1.000000 0.000000
vn 0.000000 -1.000000 0.000000
vn 0.000000 -1.000000 0.000000
vn 0.000000 -1.000000 0.000000
vn 0.000000 -1.000000 0.000000
vn 0.000000 -1.000000 0.000000
vn 0.000000 -1.000000 0.000000
vn 0.000000 -1.000000 0.000000
vn 0.000000 -1.000000 0.000000
vn 0.000000 -1.000000 0.000000
vn 0.000000 -1.000000 0.000000
vn 0.000000 -1.000000 0.000000
vn 0.000000 -1.000000 0.000000
vn 0.000000 -1.000000 0.000000
vn 0.000000 -1.000000 0.000000
vn 0.000000 -1.000000 0.000000
vn 0.000000 -1.000000 0.000000
vn 0.000000 -1.000000 0.000000
vn 0.000000 -1.000000 0.000000
vn 0.000000 -1.000000 0.000000
vn 0.000000 -1.000000 0.000000
vn 0.000000 -1.000000 0.000000
vn 0.000000 -1.000000 0.000000
vn 0.000000 -1.000000 0.000000
vn 0.000000 -1.000000 0.000000
vn 0.000000 -1.000000 0.000000
vn 0.000000 -1.000000 0.000000
vn 0.000000 -1.000000 0.000000
vn 0.000000 -1.000000 0.000000
vn 0.000000 -1.000000 0.000000
vn 0.000000 -1.000000 0.000000
vn 0.000000 -1.000000 0.000000
vn 0.000000 -1.000000 0.000000
vn 0.000000 -1.000000 0.000000
vn 0.000000 -1.000000 0.000000
vn 0.000000 -1.000000 0.000000
vn 0.000000 -1.000000 0.000000
vn 0.000000 -1.000000 0.000000
vn 0.000000 -1.000000 0.000000
vn 0.000000 -1.000000 0.000000
vn 0.000000 -1.000000 0.000000
vn 0.000000 -1.000000 0.000000
vn 0.000000 -1.000000 0.000000
vn 0.000000 -1.000000 0.000000
vn 0.000000 -1.000000 0.000000
vn 0.000000 -1.000000 0.000000
vn 0.000000 -1.000000 0.000000
vn 0.000000 -1.000000 0.000000
vn 0.000000 -1.000000 0.000000
vn 0.000000 -1.000000 0.000000
vn 0.000000 -1.000000 0.000000
vn 0.000000 -1.000000 0.000000
vn 0.000000 -1.000000 0.000000
vn 0.000000 -1.000000 0.000000
vn 0.000000 -1.000000 0.000000
vn 0.000000 -1.000000 0.000000
vn 0.000000 -1.000000 0.000000
vn 0.000000 -1.000000 0.000000
vn 0.000000 -1.000000 0.000000
vn 0.000000 -1.000000 0.000000
vn 0.000000 -1.000000 0.000000
vn 0.000000 -1.000000 0.000000
vn 0.000000 -1.000000 0.000000
vn 0.000000 -1.000000 0.000000
vn 0.000000 -1.000000 0.000000
vn 0.000000 -1.000000 0.000000
vn 0.000000 -1.000000 0.000000
vn 0.000000 -1.000000 0.000000
vn 0.000000 -1.000000 0.000000
vn 0.000000 -1.000000 0.000000
vn 0.000000 -1.000000 0.000000
vn 0.000000 -1.000000 0.000000
vn 0.000000 -1.000000 0.000000
vn 0.000000 -1.000000 0.000000
vn 0.000000 -1.000000 0.000000
vn 0.000000 -1.000000 0.000000
vn 0.000000 -1.000000 0.000000
vn 0.000000 -1.000000 0.000000
vn 0.000000 -1.000000 0.000000
vn 0.000000 -1.000000 0.000000
vn 0.000000 -1.000000 0.000000
vn 0.000000 -1.000000 0.000000
vn 0.000000 -1.000000 0.000000
vn 0.000000 -1.000000 0.000000
vn 0.000000 -1.000000 0.000000
vn 0.000000 -1.000000 0.000000
vn 0.000000 -1.000000 0.000000
vn 0.000000 -1.000000 0.000000
vn 0.000000 -1.000000 0.000000
vn 0.000000 -1.000000 0.000000
vn 0.000000 -1.000000 0.000000
vn 0.000000 -1.000000 0.000000
vn 0.000000 -1.000000 0.000000
vn 0.000000 -1.000000 0.000000
vn 0.000000 -1.000000 0.000000
vn 0.000000 -1.000000 0.000000
vn 0.000000 -1.000000 0.000000
vn 0.000000 -1.000000 0.000000
vn 0.000000 -1.000000 0.000000
vn 0.000000 -1.000000 0.000000
vn 0.000000 -1.000000 0.000000
vn 0.000000 -1.000000 0.000000
vn 0.000000 -1.000000 0.000000
vn 0.000000 -1.000000 0.000000
vn 0.000000 -1.000000 0.000000
vn 0.000000 -1.000000 0.000000
vn 0.000000 -1.000000 0.000000
vn 0.000000 -1.000000 0.000000
vn 0.000000 -1.000000 0.000000
vn 0.000000 -1.000000 0.000000
vn 0.000000 -1.000000 0.000000
vn 0.000000 -1.000000 0.000000
vn 0.000000 -1.000000 0.000000
vn 0.000000 -1.000000 0.000000
vn 0.000000 -1.000000 0.000000
vn 0.000000 -1.000000 0.000000
vn 0.000000 -1.000000 0.000000
vn 0.000000 -1.000000 0.000000
vn 0.000000 -1.000000 0.000000
vn 0.000000 -1.000000 0.000000
vn 0.000000 -1.000000 0.000000
vn 0.000000 -1.000000 0.000000
vn 0.000000 -1.000000 0.000000
vn 0.000000 -1.000000 0.000000
vn 0.000000 -1.000000 0.000000
vn 0.000000 -1.000000 0.000000
vn 0.000000 -1.000000 0.000000
vn 0.000000 -1.000000 0.000000
vn 0.000000 -1.000000 0.000000
vn 0.000000 -1.000000 0.000000
vn 0.000000 -1.000000 0.000000
vn 0.000000 -1.000000 0.000000
vn 0.000000 -1.000000 0.000000
vn 0.000000 -1.000000 0.000000
vn 0.000000 -1.000000 0.000000
vn 0.000000 -1.000000 0.000000
vn 0.000000 -1.000000 0.000000
vn 0.000000 -1.000000 0.000000
vn 0.000000 -1.000000 0.000000
vn 0.000000 -1.000000 0.000000
vn 0.000000 -1.000000 0.000000
vn 0.000000 -1.000000 0.000000
vn 0.000000 -1.000000 0.000000
vn 0.000000 -1.000000 0.000000
vn 0.000000 -1.000000 0.000000
vn 0.000000 -1.000000 0.000000
vn 0.000000 -1.000000 0.000000
vn 0.000000 -1.000000 0.000000
vn 0.000000 -1.000000 0.000000
vn 0.000000 -1.000000 0.000000
vn 0.000000 -1.000000 0.000000
vn 0.000000 -1.000000 0.000000
vn 0.000000 -1.000000 0.000000
vn 0.000000 -1.000000 0.000000
vn 0.000000 -1.000000 0.000000
vn 0.000000 -1.000000 0.000000
vn 0.000000 -1.000000 0.000000
vn 0.000000 -1.000000 0.000000
vn 0.000000 -1.000000 0.000000
vn 0.000000 -1.000000 0.000000
vn 0.000000 -1.000000 0.000000
vn 0.000000 -1.000000 0.000000
vn 0.000000 -1.000000 0.000000
vn 0.000000 -1.000000 0.000000
vn 0.000000 -1.000000 0.000000
vn 0.000000 -1.000000 0.000000
vn 0.000000 -1.000000 0.000000
vn 0.000000 -1.000000 0.000000
vn 0.000000 -1.000000 0.000000
vn 0.000000 -1.000000 0.000000
vn 0.000000 -1.000000 0.000000
vn 0.000000 -1.000000 0.000000
vn 0.000000 -1.000000 0.000000
vn 0.000000 -1.000000 0.000000
vn 0.000000 -1.000000 0.000000
vn 0.000000 -1.000000 0.000000
vn 0.000000 -1.000000 0.000000
vn 0.000000 -1.000000 0.000000
f 2//2 3//3 1//1
f 1//1 3//3 4//4
f 4//4 5//5 1//1
f 7//7 6//6 5//5
f 4//4 7//7 5//5
f 7//7 9//9 6//6
f 8//8 7//7 4//4
f 9//9 11//11 10//10
f 9//9 10//10 6//6
f 12//12 11//11 9//9
f 13//13 14//14 12//12
f 12//12 14//14 11//11
f 15//15 14//14 13//13
f 16//16 15//15 17//17
f 17//17 15//15 13//13
f 20//20 18//18 17//17
f 19//19 17//17 18//18
f 17//17 21//21 20//20
f 21//21 17//17 23//23
f 22//22 16//16 17//17
f 13//13 24//24 17//17
f 17//17 24//24 23//23
f 22//22 25//25 29//29
f 25//25 22//22 26//26
f 27//27 26//26 22//22
f 30//30 16//16 22//22
f 22//22 28//28 30//30
f 22//22 29//29 28//28
f 32//32 31//31 30//30
f 30//30 33//33 32//32
f 33//33 30//30 34//34
f 28//28 34//34 30//30
f 35//35 32//32 33//33
f 35//35 36//36 32//32
f 35//35 37//37 36//36
f 37//37 38//38 36//36
f 39//39 38//38 37//37
f 39//39 40//40 38//38
f 40//40 39//39 41//41
f 41//41 42//42 40//40
f 41//41 43//43 42//42
f 44//44 43//43 41//41
f 45//45 43//43 44//44
f 44//44 46//46 45//45
f 46//46 47//47 45//45
f 46//46 48//48 47//47
f 47//47 48//48 49//49
f 49//49 48//48 50//50
f 50//50 27//27 49//49
f 27//27 50//50 51//51
f 27//27 51//51 52//52
f 27//27 52//52 26//26
f 49//49 27//27 53//53
f 53//53 54//54 49//49
f 54//54 53//53 55//55
f 55//55 53//53 56//56
f 57//57 56//56 53//53
f 53//53 58//58 57//57
f 53//53 31//31 58//58
f 58//58 31//31 59//59
f 31//31 60//60 59//59
f 60//60 31//31 61//61
f 62//62 61//61 31//31
f 31//31 32//32 62//62
f 63//63 18//18 20//20
f 18//18 63//63 64//64
f 64//64 63//63 65//65
f 64//64 65//65 66//66
f 66//66 67//67 64//64
f 69//69 68//68 67//67
f 67//67 68//68 64//64
f 71//71 68//68 69//69
f 70//70 71//71 69//69
f 70//70 4//4 71//71
f 4//4 70//70 72//72
f 4//4 72//72 8//8
f 64//64 68//68 73//73
f 75//75 74//74 73//73
f 74//74 64//64 73//73
f 75//75 76//76 74//74
f 77//77 74//74 76//76
f 78//78 77//77 79//79
f 78//78 74//74 77//77
f 79//79 80//80 78//78
f 80//80 79//79 81//81
f 80//80 81//81 85//85
f 81//81 82//82 83//83
f 84//84 81//81 83//83
f 85//85 81//81 84//84
f 86//86 83//83 82//82
f 87//87 86//86 82//82
f 87//87 82//82 88//88
f 82//82 89//89 88//88
f 82//82 90//90 89//89
f 91//91 92//92 90//90
f 90//90 82//82 91//91
f 92//92 94//94 93//93
f 94//94 92//92 91//91
f 95//95 96//96 94//94
f 96//96 93//93 94//94
f 97//97 96//96 98//98
f 99//99 98//98 96//96
f 99//99 96//96 100//100
f 103//103 100//100 96//96
f 102//102 96//96 101//101
f 101//101 96//96 95//95
f 96//96 102//102 103//103
f 104//104 102//102 105//105
f 102//102 101//101 105//105
f 106//106 104//104 105//105
f 107//107 106//106 108//108
f 104//104 106//106 107//107
f 109//109 110//110 108//108
f 110//110 107//107 108//108
f 109//109 111//111 110//110
f 113//113 112//112 111//111
f 113//113 111//111 109//109
f 112//112 113//113 114//114
f 114//114 117//117 112//112
f 114//114 115//115 117//117
f 115//115 114//114 116//116
f 118//118 117//117 123//123
f 117//117 119//119 123//123
f 117//117 120//120 119//119
f 120//120 117//117 122//122
f 115//115 121//121 117//117
f 121//121 122//122 117//117
f 112//112 117//117 124//124
f 124//124 117//117 125//125
f 125//125 126//126 124//124
f 126//126 125//125 127//127
f 128//128 127//127 125//125
f 127//127 128//128 129//129
f 128//128 130//130 129//129
f 130//130 128//128 131//131
f 131//131 128//128 134//134
f 132//132 134//134 128//128
f 132//132 128//128 133//133
f 134//134 135//135 131//131
f 135//135 136//136 131//131
f 137//137 136//136 135//135
f 137//137 138//138 136//136
f 138//138 137//137 139//139
f 139//139 140//140 138//138
f 139//139 141//141 140//140
f 140//140 141//141 142//142
f 141//141 143//143 142//142
f 145//145 144//144 143//143
f 144//144 142//142 143//143
f 145//145 146//146 144//144
f 145//145 97//97 146//146
f 145//145 147//147 97//97
f 147//147 148//148 97//97
f 149//149 97//97 148//148
f 150//150 149//149 151//151
f 97//97 149//149 150//150
f 150//150 151//151 152//152
f 152//152 153//153 150//150
f 154//154 150//150 153//153
f 133//133 154//154 155//155
f 154//154 133//133 150//150
f 133//133 155//155 132//132
f 156//156 150//150 133//133
f 157//157 156//156 133//133
f 164//164 156//156 157//157
f 158//158 156//156 161//161
f 161//161 156//156 159//159
f 156//156 160//160 159//159
f 163//163 160//160 156//156
f 164//164 162//162 156//156
f 162//162 163//163 156//156
f 164//164 157//157 165//165
f 166//166 165//165 157//157
f 167//167 166//166 157//157
f 168//168 166//166 167//167
f 166//166 168//168 169//169
f 168//168 170//170 169//169
f 171//171 169//169 170//170
f 170//170 172//172 171//171
f 173//173 172//172 174//174
f 174//174 172//172 170//170
f 175//175 176//176 174//174
f 174//174 176//176 173//173
f 176//176 175//175 177//177
f 175//175 178//178 177//177
f 175//175 179//179 178//178
f 178//178 179//179 180//180
f 180//180 181//181 182//182
f 181//181 180//180 183//183
f 183//183 180//180 179//179
f 158//158 182//182 181//181
f 158//158 184//184 182//182
f 184//184 158//158 161//161
f 97//97 98//98 146//146
f 129//129 185//185 186//186
f 127//127 129//129 186//186
f 185//185 187//187 186//186
f 185//185 188//188 187//187
f 189//189 188//188 190//190
f 190//190 188//188 185//185
f 190//190 191//191 189//189
f 192//192 189//189 191//191
f 193//193 189//189 192//192
f 194//194 193//193 192//192
f 194//194 100//100 193//193
f 100//100 194//194 99//99
f 123//123 195//195 118//118
f 195//195 196//196 118//118
f 196//196 197//197 118//118
f 118//118 197//197 198//198
f 198//198 200//200 199//199
f 2//2 198//198 199//199
f 200//200 198//198 201//201
f 203//203 201//201 198//198
f 202//202 198//198 2//2
f 202//202 118//118 198//198
f 203//203 204//204 201//201
f 203//203 205//205 204//204
f 205//205 91//91 204//204
f 205//205 206//206 207//207
f 207//207 91//91 205//205
f 207//207 206//206 208//208
f 209//209 208//208 206//206
f 208//208 209//209 210//210
f 209//209 211//211 210//210
f 211//211 213//213 210//210
f 210//210 213//213 212//212
f 214//214 212//212 213//213
f 215//215 216//216 214//214
f 212//212 214//214 216//216
f 216//216 215//215 116//116
f 116//116 215//215 115//115
f 82//82 204//204 91//91
f 2//2 199//199 217//217
f 218//218 2//2 217//217
f 219//219 2//2 218//218
f 3//3 2//2 219//219
f 220//220 221//221 223//223
f 220//220 222//222 221//221
f 224//224 223//223 221//221
f 225//225 227//227 228//228
f 225//225 228//228 226//226
f 226//226 228//228 229//229
f 226//226 229//229 231//231
f 231//231 229//229 230//230
f 231//231 230//230 232//232
f 234//234 233//233 232//232
f 234//234 232//232 230//230
f 236//236 235//235 233//233
f 236//236 233//233 234//234
f 235//235 236//236 239//239
f 235//235 239//239 237//237
f 237//237 239//239 240//240
f 237//237 240//240 238//238
f 238//238 240//240 241//241
f 238//238 241//241 242//242
f 243//243 245//245 247//247
f 243//243 247//247 244//244
f 243//243 246//246 245//245
f 249//249 250//250 248//248
f 250//250 249//249 251//251
f 250//250 251//251 253//253
f 250//250 253//253 252//252
f 252//252 253//253 255//255
f 252//252 255//255 254//254
f 257//257 256//256 254//254
f 257//257 254//254 255//255
f 260//260 258//258 256//256
f 260//260 256//256 257//257
f 258//258 260//260 261//261
f 258//258 261//261 259//259
f 259//259 261//261 262//262
f 259//259 262//262 265//265
f 264//264 262//262 263//263
f 265//265 262//262 264//264
f 264//264 266//266 265//265
f 251//251 249//249 267//267
f 268//268 270//270 271//271
f 268//268 271//271 269//269
f 270//270 272//272 273//273
f 270//270 273//273 271//271
f 272//272 274//274 275//275
f 272//272 275//275 273//273
f 274//274 276//276 278//278
f 274//274 278//278 275//275
f 276//276 277//277 279//279
f 276//276 279//279 278//278
f 277//277 282//282 280//280
f 277//277 280//280 279//279
f 282//282 283//283 281//281
f 282//282 281//281 280//280
f 283//283 284//284 286//286
f 283//283 286//286 281//281
f 284//284 285//285 287//287
f 284//284 287//287 286//286
f 285//285 290//290 288//288
f 285//285 288//288 287//287
f 290//290 291//291 289//289
f 290//290 289//289 288//288
f 291//291 292//292 294//294
f 291//291 294//294 289//289
f 292//292 293//293 295//295
f 292//292 295//295 294//294
f 293//293 298//298 296//296
f 293//293 296//296 295//295
f 298//298 299//299 297//297
f 298//298 297//297 296//296
f 299//299 300//300 301//301
f 299//299 301//301 297//297
f 302//302 304//304 305//305
f 302//302 305//305 303//303
f 304//304 306//306 308//308
f 304//304 308//308 305//305
f 306//306 307//307 309//309
f 306//306 309//309 308//308
f 307//307 312//312 310//310
f 307//307 310//310 309//309
f 312//312 313//313 311//311
f 312//312 311//311 310//310
f 313//313 314//314 315//315
f 313//313 315//315 311//311
f 314//314 316//316 317//317
f 314//314 317//317 315//315
f 316//316 318//318 320//320
f 316//316 320//320 317//317
f 318//318 319//319 321//321
f 318//318 321//321 320//320
f 319//319 324//324 322//322
f 319//319 322//322 321//321
f 324//324 325//325 323//323
f 324//324 323//323 322//322
f 325//325 326//326 328//328
f 325//325 328//328 323//323
f 326//326 327//327 329//329
f 326//326 329//329 328//328
f 327//327 332//332 330//330
f 327//327 330//330 329//329
f 332//332 333//333 331//331
f 332//332 331//331 330//330
f 333//333 334//334 335//335
f 333//333 335//335 331//331
f 337//337 338//338 336//336
f 338//338 337//337 339//339
f 340//340 338//338 339//339
f 340//340 339//339 341//341
f 342//342 340//340 341//341
f 342//342 341//341 344//344
f 343//343 342//342 345//345
f 342//342 344//344 345//345
f 344//344 346//346 345//345
f 339//339 337//337 347//347
f 349//349 348//348 350//350
f 351//351 352//352 350//350
f 349//349 350//350 352//352
f 354//354 349//349 352//352
f 354//354 352//352 353//353
f 356//356 354//354 353//353
f 356//356 353//353 355//355
f 355//355 357//357 356//356
f 358//358 357//357 355//355
f 356//356 357//357 359//359
f 361//361 360//360 362//362
f 363//363 365//365 362//362
f 364//364 361//361 362//362
f 362//362 365//365 364//364
f 365//365 366//366 364//364
f 361//361 364//364 367//367
f 369//369 370//370 368//368
f 371//371 370//370 372//372
f 371//371 372//372 374//374
f 372//372 370//370 369//369
f 373//373 372//372 369//369
f 376//376 371//371 374//374
f 376//376 374//374 375//375
f 378//378 376//376 375//375
f 378//378 375//375 377//377
f 380//380 378//378 377//377
f 380//380 377//377 379//379
f 382//382 380//380 379//379
f 382//382 379//379 381//381
f 384//384 382//382 381//381
f 384//384 381//381 383//383
f 384//384 383//383 385//385
f 385//385 383//383 386//386
f 384//384 385//385 387//387
f 389//389 388//388 390//390
f 392//392 391//391 390//390
f 390//390 391//391 393//393
f 393//393 389//389 390//390
f 389//389 393//393 394//394
f 391//391 395//395 393//393
f 396//396 398//398 399//399
f 396//396 399//399 397//397
f 398//398 400//400 401//401
f 398//398 401//401 399//399
f 400//400 402//402 403//403
f 400//400 403//403 401//401
f 402//402 404//404 406//406
f 402//402 406//406 403//403
f 404//404 405//405 407//407
f 404//404 407//407 406//406
f 405//405 410//410 408//408
f 405//405 408//408 407//407
f 410//410 411//411 409//409
f 410//410 409//409 408//408
f 411//411 412//412 414//414
f 411//411 414//414 409//409
f 412//412 413//413 415//415
f 412//412 415//415 414//414
f 413//413 418//418 416//416
f 413//413 416//416 415//415
f 418//418 419//419 417//417
f 418//418 417//417 416//416
f 419//419 420//420 422//422
f 419//419 422//422 417//417
f 420//420 421//421 423//423
f 420//420 423//423 422//422
f 421//421 426//426 424//424
f 421//421 424//424 423//423
f 426//426 427//427 425//425
f 426//426 425//425 424//424
f 427//427 428//428 429//429
f 427//427 429//429 425//425
f 430//430 432//432 433//433
f 430//430 433//433 431//431
f 432//432 434//434 436//436
f 432//432 436//436 433//433
f 434//434 435//435 437//437
f 434//434 437//437 436//436
f 435//435 440//440 438//438
f 435//435 438//438 437//437
f 440//440 441//441 439//439
f 440//440 439//439 438//438
f 441//441 442//442 443//443
f 441//441 443//443 439//439
f 442//442 444//444 445//445
f 442//442 445//445 443//443
f 444//444 446//446 448//448
f 444//444 448//448 445//445
f 446//446 447//447 449//449
f 446//446 449//449 448//448
f 447//447 452//452 450//450
f 447//447 450//450 449//449
f 452//452 453//453 451//451
f 452//452 451//451 450//450
f 453//453 454//454 456//456
f 453//453 456//456 451//451
f 454//454 455//455 457//457
f 454//454 457//457 456//456
f 455//455 460//460 458//458
f 455//455 458//458 457//457
f 460//460 461//461 459//459
f 460//460 459//459 458//458
f 461//461 462//462 463//463
f 461//461 463//463 459//459
f 465//465 466//466 464//464
f 466//466 465//465 467//467
f 468//468 466//466 467//467
f 468//468 467//467 469//469
f 470//470 468//468 469//469
f 470//470 469//469 472//472
f 471//471 470//470 473//473
f 470//470 472//472 473//473
f 472//472 474//474 473//473
f 467//467 465//465 475//475
f 477//477 476//476 478//478
f 479//479 480//480 478//478
f 477//477 478//478 480//480
f 482//482 477//477 480//480
f 482//482 480//480 481//481
f 484//484 482//482 481//481
f 484//484 481//481 483//483
f 483//483 485//485 484//484
f 486//486 485//485 483//483
f 484//484 485//485 487//487
f 489//489 488//488 490//490
f 491//491 493//493 490//490
f 492//492 489//489 490//490
f 492//492 490//490 493//493
f 492//492 493//493 494//494
f 489//489 492//492 495//495
f 497//497 498//498 496//496
f 499//499 498//498 500//500
f 499//499 500//500 502//502
f 497//497 500//500 498//498
f 500//500 497//497 501//501
f 504//504 499//499 502//502
f 504//504 502//502 503//503
f 506//506 504//504 503//503
f 506//506 503//503 505//505
f 508//508 506//506 505//505
f 508//508 505//505 507//507
f 510//510 508//508 507//507
f 510//510 507//507 509//509
f 512//512 510//510 509//509
f 512//512 509//509 511//511
f 512//512 511//511 514//514
f 511//511 513//513 514//514
f 515//515 512//512 514//514
f 517//517 516//516 518//518
f 521//521 517//517 518//518
f 520//520 519//519 518//518
f 518//518 519//519 521//521
f 517//517 521//521 522//522
f 519//519 523//523 521//521
f 524//524 525//525 527//527
f 525//525 524//524 526//526
f 529//529 527//527 528//528
f 528//528 527//527 525//525
f 527//527 529//529 530//530
f 527//527 530//530 532//532
f 527//527 532//532 531//531
f 533//533 531//531 532//532
f 533//533 534//534 531//531
f 535//535 531//531 534//534
f 536//536 535//535 534//534
f 537//537 536//536 534//534
f 537//537 534//534 538//538
f 538//538 539//539 537//537
f 539//539 538//538 540//540
f 540//540 541//541 539//539
f 541//541 540//540 542//542
f 542//542 544//544 541//541
f 541//541 544//544 543//543
f 556//556 543//543 544//544
f 556//556 544//544 545//545
f 545//545 544//544 546//546
f 545//545 546//546 547//547
f 544//544 542//542 546//546
f 542//542 548//548 546//546
f 547//547 546//546 548//548
f 547//547 548//548 549//549
f 549//549 548//548 551//551
f 549//549 551//551 552//552
f 550//550 548//548 542//542
f 548//548 550//550 551//551
f 549//549 552//552 553//553
f 554//554 547//547 549//549
f 554//554 549//549 553//553
f 555//555 556//556 545//545
f 555//555 545//545 554//554
f 554//554 545//545 547//547
f 550//550 558//558 557//557
f 542//542 558//558 550//550
f 561//561 558//558 559//559
f 558//558 560//560 559//559
f 562//562 560//560 558//558
f 558//558 561//561 557//557
f 558//558 542//542 562//562
f 542//542 540//540 562//562
f 540//540 564//564 562//562
f 560//560 562//562 563//563
f 562//562 564//564 563//563
f 564//564 540//540 565//565
f 565//565 533//533 532//532
f 565//565 532//532 564//564
f 564//564 532//532 530//530
f 564//564 530//530 563//563
f 540//540 538//538 565//565
f 538//538 534//534 533//533
f 538//538 533//533 565//565
f 563//563 530//530 529//529
f 563//563 529//529 560//560
f 561//561 525//525 526//526
f 561//561 526//526 566//566
f 557//557 561//561 566//566
f 559//559 528//528 525//525
f 559//559 525//525 561//561
f 560//560 529//529 528//528
f 560//560 528//528 559//559
f 568//568 567//567 569//569
f 570//570 568//568 569//569
f 572//572 570//570 569//569
f 572//572 569//569 571//571
f 574//574 572//572 571//571
f 574//574 571//571 573//573
f 576//576 574//574 573//573
f 576//576 573//573 575//575
f 578//578 576//576 575//575
f 578//578 575//575 577//577
f 580//580 578//578 577//577
f 580//580 577//577 579//579
f 582//582 580//580 579//579
f 582//582 579//579 581//581
f 581//581 584//584 582//582
f 583//583 584//584 581//581
f 582//582 584//584 585//585
f 570//570 586//586 568//568
f 588//588 589//589 587//587
f 590//590 587//587 589//589
f 590//590 593//593 594//594
f 590//590 594//594 591//591
f 590//590 592//592 593//593
f 590//590 589//589 592//592
f 595//595 593//593 592//592
f 595//595 592//592 596//596
f 597//597 594//594 593//593
f 597//597 593//593 595//595
f 598//598 595//595 596//596
f 595//595 598//598 597//597
f 599//599 598//598 596//596
f 596//596 600//600 599//599
f 600//600 601//601 599//599
f 600//600 589//589 588//588
f 600//600 588//588 601//601
f 596//596 592//592 589//589
f 596//596 589//589 600//600
f 603//603 602//602 604//604
f 603//603 604//604 605//605
f 609//609 607//607 606//606
f 609//609 606//606 608//608
f 611//611 610//610 612//612
f 611//611 612//612 613//613
f 615//615 616//616 614//614
f 617//617 614//614 616//616
f 617//617 618//618 620//620
f 617//617 616//616 618//618
f 617//617 620//620 621//621
f 617//617 621//621 619//619
f 623//623 621//621 620//620
f 623//623 620//620 622//622
f 622//622 620//620 618//618
f 622//622 618//618 624//624
f 622//622 625//625 623//623
f 625//625 622//622 624//624
f 626//626 625//625 624//624
f 624//624 627//627 626//626
f 627//627 628//628 626//626
f 627//627 616//616 615//615
f 627//627 615//615 628//628
f 624//624 618//618 616//616
f 624//624 616//616 627//627
f 629//629 631//631 630//630
f 632//632 630//630 631//631
f 632//632 631//631 633//633
f 632//632 633//633 634//634
f 636//636 637//637 635//635
f 640//640 638//638 637//637
f 640//640 637//637 636//636
f 640//640 639//639 638//638
f 636//636 643//643 641//641
f 636//636 641//641 640//640
f 642//642 640//640 641//641
f 644//644 643//643 636//636
f 646//646 648//648 647//647
f 646//646 647//647 645//645
f 650//650 652//652 651//651
f 650//650 651//651 649//649
f 654//654 653//653 652//652
f 654//654 652//652 650//650
f 658//658 655//655 656//656
f 656//656 655//655 657//657
f 656//656 659//659 658//658
f 661//661 658//658 659//659
f 658//658 661//661 662//662
f 658//658 662//662 660//660
f 664//664 662//662 661//661
f 664//664 661//661 663//663
f 663//663 661//661 659//659
f 663//663 659//659 666//666
f 663//663 665//665 664//664
f 665//665 663//663 667//667
f 667//667 663//663 666//666
f 667//667 671//671 665//665
f 668//668 667//667 666//666
f 667//667 668//668 672//672
f 671//671 667//667 669//669
f 667//667 670//670 669//669
f 672//672 670//670 667//667
f 672//672 668//668 673//673
f 670//670 672//672 674//674
f 677//677 670//670 674//674
f 677//677 674//674 675//675
f 677//677 675//675 676//676
f 680//680 678//678 677//677
f 680//680 677//677 676//676
f 678//678 669//669 670//670
f 678//678 670//670 677//677
f 679//679 678//678 680//680
f 679//679 671//671 669//669
f 679//679 669//669 678//678
f 681//681 682//682 679//679
f 681//681 679//679 680//680
f 682//682 683//683 671//671
f 682//682 671//671 679//679
f 665//665 671//671 683//683
f 668//668 656//656 657//657
f 668//668 657//657 673//673
f 666//666 659//659 656//656
f 666//666 656//656 668//668
f 685//685 684//684 686//686
f 685//685 686//686 687//687
f 691//691 689//689 688//688
f 691//691 688//688 690//690
f 689//689 691//691 692//692
f 689//689 692//692 693//693
f 698//698 695//695 694//694
f 698//698 694//694 697//697
f 695//695 708//708 696//696
f 695//695 696//696 694//694
f 700//700 698//698 697//697
f 700//700 697//697 699//699
f 700//700 699//699 701//701
f 701//701 702//702 700//700
f 702//702 703//703 700//700
f 703//703 704//704 698//698
f 703//703 698//698 700//700
f 695//695 698//698 704//704
f 695//695 704//704 705//705
f 705//705 706//706 708//708
f 705//705 708//708 695//695
f 707//707 708//708 706//706
f 708//708 707//707 709//709
f 708//708 709//709 696//696
f 710//710 712//712 713//713
f 710//710 713//713 711//711
f 714//714 715//715 717//717
f 715//715 714//714 716//716
f 717//717 715//715 718//718
f 720//720 722//722 721//721
f 720//720 721//721 719//719
f 723//723 725//725 726//726
f 723//723 726//726 724//724
f 728//728 730//730 729//729
f 728//728 729//729 727//727
f 733//733 731//731 730//730
f 733//733 730//730 728//728
f 734//734 732//732 731//731
f 734//734 731//731 733//733
f 732//732 734//734 735//735
f 735//735 734//734 736//736
f 737//737 732//732 735//735
f 739//739 738//738 740//740
f 739//739 740//740 741//741
f 743//743 739//739 741//741
f 743//743 741//741 742//742
f 745//745 743//743 742//742
f 745//745 742//742 744//744
f 747//747 745//745 744//744
f 747//747 744//744 746//746
f 749//749 747//747 746//746
f 749//749 746//746 748//748
f 751//751 749//749 748//748
f 751//751 748//748 750//750
f 753//753 751//751 750//750
f 753//753 750//750 752//752
f 755//755 753//753 752//752
f 755//755 752//752 754//754
f 757//757 756//756 758//758
f 757//757 758//758 759//759
f 763//763 761//761 760//760
f 763//763 760//760 762//762
f 765//765 767//767 766//766
f 765//765 766//766 764//764
f 765//765 769//769 767//767
f 767//767 769//769 768//768
f 769//769 765//765 770//770
f 772//772 771//771 773//773
f 772//772 773//773 774//774
f 776//776 772//772 774//774
f 776//776 774//774 775//775
f 778//778 776//776 775//775
f 778//778 775//775 777//777
f 781//781 778//778 777//777
f 781//781 777//777 779//779
f 782//782 781//781 779//779
f 782//782 779//779 780//780
f 783//783 782//782 780//780
f 783//783 780//780 785//785
f 784//784 783//783 785//785
f 784//784 785//785 786//786
f 788//788 784//784 786//786
f 788//788 786//786 787//787
f 789//789 791//791 792//792
f 789//789 792//792 790//790
f 791//791 793//793 794//794
f 791//791 794//794 792//792
f 793//793 795//795 797//797
f 793//793 797//797 794//794
f 795//795 796//796 798//798
f 795//795 798//798 797//797
f 796//796 801//801 799//799
f 796//796 799//799 798//798
f 801//801 802//802 800//800
f 801//801 800//800 799//799
f 802//802 803//803 805//805
f 802//802 805//805 800//800
f 803//803 804//804 806//806
f 803//803 806//806 805//805
f 804//804 809//809 807//807
f 804//804 807//807 806//806
f 809//809 810//810 808//808
f 809//809 808//808 807//807
f 810//810 811//811 813//813
f 810//810 813//813 808//808
f 811//811 812//812 814//814
f 811//811 814//814 813//813
f 812//812 817//817 815//815
f 812//812 815//815 814//814
f 817//817 818//818 816//816
f 817//817 816//816 815//815
f 818//818 819//819 821//821
f 818//818 821//821 816//816
f 819//819 820//820 822//822
f 819//819 822//822 821//821
f 823//823 825//825 827//827
f 823//823 827//827 824//824
f 825//825 826//826 828//828
f 825//825 828//828 827//827
f 826//826 831//831 829//829
f 826//826 829//829 828//828
f 831//831 832//832 830//830
f 831//831 830//830 829//829
f 832//832 833//833 834//834
f 832//832 834//834 830//830
f 833//833 835//835 836//836
f 833//833 836//836 834//834
f 835//835 837//837 838//838
f 835//835 838//838 836//836
f 837//837 839//839 840//840
f 837//837 840//840 838//838
f 839//839 841//841 843//843
f 839//839 843//843 840//840
f 841//841 842//842 844//844
f 841//841 844//844 843//843
f 842//842 847//847 845//845
f 842//842 845//845 844//844
f 847//847 848//848 846//846
f 847//847 846//846 845//845
f 848//848 849//849 850//850
f 848//848 850//850 846//846
f 849//849 851//851 852//852
f 849//849 852//852 850//850
f 851//851 853//853 854//854
f 851//851 854//854 852//852
f 853//853 855//855 856//856
f 853//853 856//856 854//854
f 858//858 857//857 859//859
f 858//858 859//859 861//861
f 860//860 861//861 859//859
f 863//863 858//858 861//861
f 863//863 861//861 862//862
f 866//866 863//863 862//862
f 866//866 862//862 864//864
f 865//865 867//867 864//864
f 864//864 867//867 866//866
f 866//866 867//867 868//868
f 870//870 871//871 869//869
f 871//871 870//870 872//872
f 873//873 871//871 872//872
f 873//873 872//872 874//874
f 875//875 873//873 874//874
f 875//875 874//874 876//876
f 875//875 876//876 877//877
f 878//878 875//875 877//877
f 876//876 879//879 877//877
f 872//872 870//870 880//880
f 882//882 883//883 881//881
f 883//883 885//885 884//884
f 882//882 885//885 883//883
f 887//887 886//886 885//885
f 882//882 887//887 885//885
f 887//887 882//882 888//888
f 890//890 891//891 889//889
f 892//892 891//891 893//893
f 892//892 893//893 895//895
f 890//890 893//893 891//891
f 893//893 890//890 894//894
f 897//897 892//892 895//895
f 897//897 895//895 896//896
f 899//899 897//897 896//896
f 899//899 896//896 898//898
f 901//901 899//899 898//898
f 901//901 898//898 900//900
f 903//903 901//901 900//900
f 903//903 900//900 902//902
f 905//905 903//903 902//902
f 905//905 902//902 904//904
f 905//905 904//904 906//906
f 904//904 907//907 906//906
f 908//908 905//905 906//906
f 910//910 911//911 909//909
f 911//911 912//912 913//913
f 910//910 912//912 911//911
f 910//910 914//914 912//912
f 914//914 915//915 912//912
f 914//914 910//910 916//916
f 917//917 919//919 918//918
f 920//920 919//919 917//917
f 922//922 920//920 917//917
f 924//924 921//921 917//917
f 921//921 922//922 917//917
f 923//923 924//924 917//917
f 927//927 924//924 925//925
f 923//923 926//926 924//924
f 924//924 927//927 921//921
f 925//925 928//928 927//927
f 928//928 930//930 929//929
f 925//925 930//930 928//928
f 929//929 930//930 931//931
f 929//929 931//931 932//932
f 932//932 931//931 933//933
f 934//934 932//932 933//933
f 934//934 936//936 935//935
f 935//935 932//932 934//934
f 937//937 936//936 938//938
f 935//935 936//936 937//937
f 937//937 938//938 940//940
f 938//938 939//939 940//940
f 939//939 941//941 940//940
f 943//943 942//942 941//941
f 941//941 939//939 943//943
f 939//939 944//944 943//943
f 945//945 946//946 943//943
f 945//945 943//943 919//919
f 943//943 946//946 942//942
f 947//947 945//945 919//919
f 919//919 948//948 947//947
f 920//920 948//948 919//919
f 923//923 944//944 953//953
f 939//939 950//950 944//944
f 944//944 949//949 951//951
f 949//949 944//944 950//950
f 952//952 944//944 951//951
f 944//944 952//952 953//953
f 954//954 923//923 953//953
f 955//955 923//923 954//954
f 955//955 956//956 923//923
f 923//923 956//956 926//926
f 957//957 918//918 919//919
f 958//958 960//960 957//957
f 957//957 959//959 958//958
f 965//965 957//957 960//960
f 961//961 918//918 957//957
f 961//961 957//957 962//962
f 957//957 963//963 962//962
f 957//957 964//964 963//963
f 957//957 965//965 964//964
f 961//961 962//962 966//966
f 967//967 966//966 962//962
f 968//968 966//966 967//967
f 969//969 968//968 967//967
f 969//969 970//970 971//971
f 970//970 969//969 972//972
f 969//969 971//971 968//968
f 972//972 975//975 970//970
f 972//972 973//973 975//975
f 973//973 972//972 974//974
f 976//976 975//975 973//973
f 978//978 977//977 976//976
f 976//976 973//973 978//978
f 979//979 977//977 978//978
f 979//979 980//980 977//977
f 977//977 980//980 981//981
f 981//981 982//982 977//977
f 977//977 982//982 983//983
f 984//984 983//983 985//985
f 983//983 984//984 977//977
f 986//986 984//984 985//985
f 986//986 985//985 987//987
f 986//986 987//987 988//988
f 990//990 988//988 987//987
f 990//990 987//987 989//989
f 991//991 990//990 994//994
f 990//990 989//989 993//993
f 988//988 990//990 992//992
f 993//993 994//994 990//990
f 991//991 994//994 995//995
f 991//991 995//995 996//996
f 1000//1000 996//996 997//997
f 997//997 996//996 998//998
f 999//999 998//998 996//996
f 996//996 1002//1002 991//991
f 1001//1001 996//996 1000//1000
f 996//996 1001//1001 1004//1004
f 1002//1002 996//996 1003//1003
f 1003//1003 996//996 1004//1004
f 1005//1005 1004//1004 1006//1006
f 1005//1005 1003//1003 1004//1004
f 1008//1008 1007//1007 1006//1006
f 1007//1007 1005//1005 1006//1006
f 1008//1008 1010//1010 1007//1007
f 1010//1010 1008//1008 1009//1009
f 1009//1009 1011//1011 1010//1010
f 1011//1011 1013//1013 1012//1012
f 1011//1011 1009//1009 1013//1013
f 1012//1012 1013//1013 1014//1014
f 1015//1015 1017//1017 1014//1014
f 1016//1016 1015//1015 1014//1014
f 1017//1017 1012//1012 1014//1014
f 1015//1015 1019//1019 1017//1017
f 1017//1017 1019//1019 1018//1018
f 1019//1019 1015//1015 1020//1020
f 1018//1018 1019//1019 1021//1021
f 1022//1022 1018//1018 1021//1021
f 1021//1021 1023//1023 1022//1022
f 1022//1022 1023//1023 1024//1024
f 1024//1024 1023//1023 1025//1025
f 1025//1025 1026//1026 1024//1024
f 1026//1026 1025//1025 1027//1027
f 1027//1027 1028//1028 1026//1026
f 1026//1026 1028//1028 1029//1029
f 1028//1028 1030//1030 1029//1029
f 1030//1030 988//988 992//992
f 992//992 1029//1029 1030//1030
f 1031//1031 1020//1020 1015//1015
f 1032//1032 1031//1031 1015//1015
f 1015//1015 1033//1033 1032//1032
f 1015//1015 1034//1034 1033//1033
f 1034//1034 1015//1015 1035//1035
f 1036//1036 1034//1034 1035//1035
f 1037//1037 1036//1036 1035//1035
f 1035//1035 1038//1038 1037//1037
f 1035//1035 984//984 1038//1038
f 1039//1039 984//984 1035//1035
f 984//984 1039//1039 977//977
f 1015//1015 1016//1016 1040//1040
f 1016//1016 1041//1041 1040//1040
f 1042//1042 1040//1040 1041//1041
f 1043//1043 1040//1040 1042//1042
f 1042//1042 1044//1044 1043//1043
f 1042//1042 1045//1045 1044//1044
f 1045//1045 1047//1047 1046//1046
f 1045//1045 1046//1046 1044//1044
f 1048//1048 1046//1046 1047//1047
f 1046//1046 1048//1048 1050//1050
f 1049//1049 1050//1050 1048//1048
f 1049//1049 1051//1051 1050//1050
f 1052//1052 1051//1051 1049//1049
f 1053//1053 1052//1052 1054//1054
f 1052//1052 1049//1049 1054//1054
f 1053//1053 1054//1054 1000//1000
f 1053//1053 1000//1000 997//997
f 1043//1043 1044//1044 1055//1055
f 1055//1055 1056//1056 1043//1043
f 1056//1056 1057//1057 1043//1043
f 1056//1056 1058//1058 1057//1057
f 1056//1056 1059//1059 1058//1058
f 1060//1060 1058//1058 1059//1059
f 1060//1060 1059//1059 1061//1061
f 1062//1062 1063//1063 1061//1061
f 1060//1060 1061//1061 1063//1063
f 1064//1064 1063//1063 1062//1062
f 1065//1065 1064//1064 1066//1066
f 1066//1066 1064//1064 1062//1062
f 1066//1066 1067//1067 1065//1065
f 1067//1067 1068//1068 1065//1065
f 1068//1068 1067//1067 1069//1069
f 1069//1069 998//998 999//999
f 1068//1068 1069//1069 999//999
f 1068//1068 999//999 1070//1070
f 1070//1070 999//999 1071//1071
f 999//999 1072//1072 1071//1071
f 1074//1074 1073//1073 1072//1072
f 1074//1074 1072//1072 999//999
f 1076//1076 1073//1073 1074//1074
f 1077//1077 1075//1075 1074//1074
f 1075//1075 1076//1076 1074//1074
f 1078//1078 1077//1077 1074//1074
f 1078//1078 1074//1074 1079//1079
f 1082//1082 1079//1079 1080//1080
f 1080//1080 1079//1079 1081//1081
f 1083//1083 1079//1079 1082//1082
f 1079//1079 1083//1083 1084//1084
f 1085//1085 1079//1079 1084//1084
f 1086//1086 1079//1079 1085//1085
f 1079//1079 1086//1086 1087//1087
f 1078//1078 1079//1079 1087//1087
f 1087//1087 1090//1090 1088//1088
f 1086//1086 1089//1089 1087//1087
f 1090//1090 1087//1087 1089//1089
f 1088//1088 1090//1090 1091//1091
f 1090//1090 1092//1092 1091//1091
f 1093//1093 1091//1091 1092//1092
f 1092//1092 1094//1094 1093//1093
f 1093//1093 1094//1094 1095//1095
f 1095//1095 1096//1096 1097//1097
f 1095//1095 1097//1097 1093//1093
f 1097//1097 1099//1099 1098//1098
f 1096//1096 1099//1099 1097//1097
f 1100//1100 1098//1098 1099//1099
f 1100//1100 1101//1101 1098//1098
f 1102//1102 1098//1098 1101//1101
f 1102//1102 1101//1101 1103//1103
f 1102//1102 1103//1103 1106//1106
f 1104//1104 1103//1103 1105//1105
f 1106//1106 1103//1103 1104//1104
f 1081//1081 1105//1105 1107//1107
f 1105//1105 1081//1081 1104//1104
f 1107//1107 1080//1080 1081//1081
f 1078//1078 1108//1108 1077//1077
f 1078//1078 1109//1109 1108//1108
f 1043//1043 1109//1109 1078//1078
f 1043//1043 1057//1057 1109//1109
f 993//993 989//989 1110//1110
f 1111//1111 1110//1110 989//989
f 989//989 1112//1112 1111//1111
f 1113//1113 1112//1112 989//989
f 989//989 1114//1114 1113//1113
f 1116//1116 1115//1115 1114//1114
f 1114//1114 989//989 1116//1116
f 1119//1119 1115//1115 1116//1116
f 1118//1118 1116//1116 1117//1117
f 1118//1118 1119//1119 1116//1116
f 1120//1120 1118//1118 1117//1117
f 1121//1121 1120//1120 1122//1122
f 1120//1120 1117//1117 1122//1122
f 1123//1123 1121//1121 1122//1122
f 1124//1124 1121//1121 1123//1123
f 1125//1125 1121//1121 1124//1124
f 1127//1127 1125//1125 1126//1126
f 1121//1121 1125//1125 1127//1127
f 1127//1127 1131//1131 958//958
f 1127//1127 1128//1128 1129//1129
f 1128//1128 1127//1127 1126//1126
f 1130//1130 1127//1127 1129//1129
f 1130//1130 1131//1131 1127//1127
f 958//958 1131//1131 960//960
f 1132//1132 1128//1128 1126//1126
f 1133//1133 1132//1132 1134//1134
f 1132//1132 1126//1126 1134//1134
f 1134//1134 973//973 1133//1133
f 1135//1135 1133//1133 973//973
f 1135//1135 973//973 974//974
