# core_hub_14 exported from /models/mainboards/core_hub_14.glb
# units: meters
v -0.055517 0.001000 0.046900
v -0.055517 -0.001000 0.046900
v -0.056545 0.001000 0.053215
v -0.056545 -0.001000 0.053215
v -0.050929 0.001000 0.057785
v -0.050929 -0.001000 0.057785
v -0.044820 0.001000 0.062030
v -0.044820 -0.001000 0.062030
v -0.038303 0.001000 0.065858
v -0.038303 -0.001000 0.065858
v -0.031561 0.001000 0.069115
v -0.031561 -0.001000 0.069115
v -0.024811 0.001000 0.071739
v -0.024811 -0.001000 0.071739
v -0.017502 0.001000 0.073885
v -0.017502 -0.001000 0.073885
v -0.010782 0.001000 0.075007
v -0.010782 -0.001000 0.075007
v -0.006061 0.001000 0.070619
v -0.006061 -0.001000 0.070619
v -0.005168 0.001000 0.062774
v -0.005168 -0.001000 0.062774
v -0.004768 0.001000 0.055776
v -0.004768 -0.001000 0.055776
v -0.004705 0.001000 0.048498
v -0.004705 -0.001000 0.048498
v -0.005044 0.001000 0.041028
v -0.005044 -0.001000 0.041028
v -0.005604 0.001000 0.033596
v -0.005604 -0.001000 0.033596
v -0.006444 0.001000 0.026647
v -0.006444 -0.001000 0.026647
v -0.008580 0.001000 0.019217
v -0.008580 -0.001000 0.019217
v -0.014221 0.001000 0.016339
v -0.014221 -0.001000 0.016339
v -0.021118 0.001000 0.019661
v -0.021118 -0.001000 0.019661
v -0.026983 0.001000 0.023668
v -0.026983 -0.001000 0.023668
v -0.032960 0.001000 0.028016
v -0.032960 -0.001000 0.028016
v -0.038896 0.001000 0.032508
v -0.038896 -0.001000 0.032508
v -0.044654 0.001000 0.037052
v -0.044654 -0.001000 0.037052
v -0.050324 0.001000 0.041797
v -0.050324 -0.001000 0.041797
v -0.055517 0.001000 0.046900
v -0.055517 -0.001000 0.046900
v -0.062211 0.001000 0.050400
v -0.062211 -0.001000 0.050400
v -0.062773 0.001000 0.047550
v -0.062773 -0.001000 0.047550
v -0.064463 0.001000 0.045041
v -0.064463 -0.001000 0.045041
v -0.066985 0.001000 0.043413
v -0.066985 -0.001000 0.043413
v -0.069711 0.001000 0.042900
v -0.069711 -0.001000 0.042900
v -0.072560 0.001000 0.043462
v -0.072560 -0.001000 0.043462
v -0.075069 0.001000 0.045152
v -0.075069 -0.001000 0.045152
v -0.076698 0.001000 0.047674
v -0.076698 -0.001000 0.047674
v -0.077211 0.001000 0.050400
v -0.077211 -0.001000 0.050400
v -0.076649 0.001000 0.053249
v -0.076649 -0.001000 0.053249
v -0.074959 0.001000 0.055758
v -0.074959 -0.001000 0.055758
v -0.072437 0.001000 0.057387
v -0.072437 -0.001000 0.057387
v -0.069711 0.001000 0.057900
v -0.069711 -0.001000 0.057900
v -0.066862 0.001000 0.057337
v -0.066862 -0.001000 0.057337
v -0.064353 0.001000 0.055647
v -0.064353 -0.001000 0.055647
v -0.062724 0.001000 0.053126
v -0.062724 -0.001000 0.053126
v -0.062211 0.001000 0.050400
v -0.062211 -0.001000 0.050400
v -0.061843 0.001000 -0.050054
v -0.061843 -0.001000 -0.050054
v -0.062384 0.001000 -0.052907
v -0.062384 -0.001000 -0.052907
v -0.064056 0.001000 -0.055428
v -0.064056 -0.001000 -0.055428
v -0.066566 0.001000 -0.057075
v -0.066566 -0.001000 -0.057075
v -0.069288 0.001000 -0.057608
v -0.069288 -0.001000 -0.057608
v -0.072141 0.001000 -0.057067
v -0.072141 -0.001000 -0.057067
v -0.074662 0.001000 -0.055395
v -0.074662 -0.001000 -0.055395
v -0.076310 0.001000 -0.052886
v -0.076310 -0.001000 -0.052886
v -0.076842 0.001000 -0.050164
v -0.076842 -0.001000 -0.050164
v -0.076301 0.001000 -0.047310
v -0.076301 -0.001000 -0.047310
v -0.074630 0.001000 -0.044789
v -0.074630 -0.001000 -0.044789
v -0.072120 0.001000 -0.043142
v -0.072120 -0.001000 -0.043142
v -0.069398 0.001000 -0.042609
v -0.069398 -0.001000 -0.042609
v -0.066544 0.001000 -0.043150
v -0.066544 -0.001000 -0.043150
v -0.064023 0.001000 -0.044822
v -0.064023 -0.001000 -0.044822
v -0.062376 0.001000 -0.047332
v -0.062376 -0.001000 -0.047332
v -0.061843 0.001000 -0.050054
v -0.061843 -0.001000 -0.050054
v -0.024434 0.001000 -0.017286
v -0.024434 -0.001000 -0.017286
v -0.052180 0.001000 -0.038317
v -0.052180 -0.001000 -0.038317
v -0.052180 0.001000 -0.038317
v -0.052180 -0.001000 -0.038317
v -0.052804 0.001000 -0.038635
v -0.052804 -0.001000 -0.038635
v -0.053540 0.001000 -0.038705
v -0.053540 -0.001000 -0.038705
v -0.054228 0.001000 -0.038484
v -0.054228 -0.001000 -0.038484
v -0.054720 0.001000 -0.038051
v -0.054720 -0.001000 -0.038051
v -0.055014 0.001000 -0.037418
v -0.055014 -0.001000 -0.037418
v -0.055025 0.001000 -0.036701
v -0.055025 -0.001000 -0.036701
v -0.054753 0.001000 -0.036031
v -0.054753 -0.001000 -0.036031
v -0.054290 0.001000 -0.035533
v -0.054290 -0.001000 -0.035533
v -0.054290 0.001000 -0.035533
v -0.054290 -0.001000 -0.035533
v -0.026545 0.001000 -0.014502
v -0.026545 -0.001000 -0.014502
v -0.026545 0.001000 -0.014502
v -0.026545 -0.001000 -0.014502
v -0.025937 0.001000 -0.014205
v -0.025937 -0.001000 -0.014205
v -0.025233 0.001000 -0.014166
v -0.025233 -0.001000 -0.014166
v -0.024576 0.001000 -0.014405
v -0.024576 -0.001000 -0.014405
v -0.024098 0.001000 -0.014839
v -0.024098 -0.001000 -0.014839
v -0.023801 0.001000 -0.015446
v -0.023801 -0.001000 -0.015446
v -0.023762 0.001000 -0.016150
v -0.023762 -0.001000 -0.016150
v -0.024001 0.001000 -0.016807
v -0.024001 -0.001000 -0.016807
v -0.024434 0.001000 -0.017286
v -0.024434 -0.001000 -0.017286
v -0.001785 0.001000 0.024379
v -0.001785 -0.001000 0.024379
v -0.001794 0.001000 0.059195
v -0.001794 -0.001000 0.059195
v -0.001794 0.001000 0.059195
v -0.001794 -0.001000 0.059195
v -0.001670 0.001000 0.059884
v -0.001670 -0.001000 0.059884
v -0.001282 0.001000 0.060513
v -0.001282 -0.001000 0.060513
v -0.000690 0.001000 0.060928
v -0.000690 -0.001000 0.060928
v -0.000048 0.001000 0.061059
v -0.000048 -0.001000 0.061059
v 0.000635 0.001000 0.060911
v 0.000635 -0.001000 0.060911
v 0.001212 0.001000 0.060486
v 0.001212 -0.001000 0.060486
v 0.001583 0.001000 0.059865
v 0.001583 -0.001000 0.059865
v 0.001699 0.001000 0.059196
v 0.001699 -0.001000 0.059196
v 0.001699 0.001000 0.059196
v 0.001699 -0.001000 0.059196
v 0.001708 0.001000 0.024380
v 0.001708 -0.001000 0.024380
v 0.001708 0.001000 0.024380
v 0.001708 -0.001000 0.024380
v 0.001577 0.001000 0.023716
v 0.001577 -0.001000 0.023716
v 0.001184 0.001000 0.023132
v 0.001184 -0.001000 0.023132
v 0.000597 0.001000 0.022752
v 0.000597 -0.001000 0.022752
v -0.000038 0.001000 0.022633
v -0.000038 -0.001000 0.022633
v -0.000702 0.001000 0.022764
v -0.000702 -0.001000 0.022764
v -0.001286 0.001000 0.023157
v -0.001286 -0.001000 0.023157
v -0.001666 0.001000 0.023744
v -0.001666 -0.001000 0.023744
v -0.001785 0.001000 0.024379
v -0.001785 -0.001000 0.024379
v -0.024434 0.001000 0.018086
v -0.024434 -0.001000 0.018086
v -0.023985 0.001000 0.017581
v -0.023985 -0.001000 0.017581
v -0.023757 0.001000 0.016914
v -0.023757 -0.001000 0.016914
v -0.023809 0.001000 0.016217
v -0.023809 -0.001000 0.016217
v -0.024098 0.001000 0.015639
v -0.024098 -0.001000 0.015639
v -0.024603 0.001000 0.015189
v -0.024603 -0.001000 0.015189
v -0.025269 0.001000 0.014961
v -0.025269 -0.001000 0.014961
v -0.025967 0.001000 0.015014
v -0.025967 -0.001000 0.015014
v -0.026545 0.001000 0.015302
v -0.026545 -0.001000 0.015302
v -0.026545 0.001000 0.015302
v -0.026545 -0.001000 0.015302
v -0.054290 0.001000 0.036334
v -0.054290 -0.001000 0.036334
v -0.054290 0.001000 0.036334
v -0.054290 -0.001000 0.036334
v -0.054765 0.001000 0.036849
v -0.054765 -0.001000 0.036849
v -0.055031 0.001000 0.037539
v -0.055031 -0.001000 0.037539
v -0.055004 0.001000 0.038261
v -0.055004 -0.001000 0.038261
v -0.054720 0.001000 0.038852
v -0.054720 -0.001000 0.038852
v -0.054190 0.001000 0.039306
v -0.054190 -0.001000 0.039306
v -0.053503 0.001000 0.039510
v -0.053503 -0.001000 0.039510
v -0.052784 0.001000 0.039429
v -0.052784 -0.001000 0.039429
v -0.052180 0.001000 0.039118
v -0.052180 -0.001000 0.039118
v -0.052180 0.001000 0.039118
v -0.052180 -0.001000 0.039118
v -0.024434 0.001000 0.018086
v -0.024434 -0.001000 0.018086
v 0.024445 0.001000 0.018086
v 0.024445 -0.001000 0.018086
v 0.052191 0.001000 0.039118
v 0.052191 -0.001000 0.039118
v 0.052191 0.001000 0.039118
v 0.052191 -0.001000 0.039118
v 0.052815 0.001000 0.039435
v 0.052815 -0.001000 0.039435
v 0.053551 0.001000 0.039506
v 0.053551 -0.001000 0.039506
v 0.054238 0.001000 0.039285
v 0.054238 -0.001000 0.039285
v 0.054731 0.001000 0.038852
v 0.054731 -0.001000 0.038852
v 0.055025 0.001000 0.038218
v 0.055025 -0.001000 0.038218
v 0.055035 0.001000 0.037502
v 0.055035 -0.001000 0.037502
v 0.054764 0.001000 0.036831
v 0.054764 -0.001000 0.036831
v 0.054301 0.001000 0.036334
v 0.054301 -0.001000 0.036334
v 0.054301 0.001000 0.036334
v 0.054301 -0.001000 0.036334
v 0.026555 0.001000 0.015302
v 0.026555 -0.001000 0.015302
v 0.026555 0.001000 0.015302
v 0.026555 -0.001000 0.015302
v 0.025947 0.001000 0.015006
v 0.025947 -0.001000 0.015006
v 0.025244 0.001000 0.014966
v 0.025244 -0.001000 0.014966
v 0.024587 0.001000 0.015205
v 0.024587 -0.001000 0.015205
v 0.024108 0.001000 0.015639
v 0.024108 -0.001000 0.015639
v 0.023812 0.001000 0.016247
v 0.023812 -0.001000 0.016247
v 0.023772 0.001000 0.016950
v 0.023772 -0.001000 0.016950
v 0.024011 0.001000 0.017608
v 0.024011 -0.001000 0.017608
v 0.024445 0.001000 0.018086
v 0.024445 -0.001000 0.018086
v 0.024445 0.001000 -0.017286
v 0.024445 -0.001000 -0.017286
v 0.023995 0.001000 -0.016780
v 0.023995 -0.001000 -0.016780
v 0.023767 0.001000 -0.016114
v 0.023767 -0.001000 -0.016114
v 0.023820 0.001000 -0.015417
v 0.023820 -0.001000 -0.015417
v 0.024108 0.001000 -0.014839
v 0.024108 -0.001000 -0.014839
v 0.024613 0.001000 -0.014389
v 0.024613 -0.001000 -0.014389
v 0.025280 0.001000 -0.014161
v 0.025280 -0.001000 -0.014161
v 0.025977 0.001000 -0.014213
v 0.025977 -0.001000 -0.014213
v 0.026555 0.001000 -0.014502
v 0.026555 -0.001000 -0.014502
v 0.026555 0.001000 -0.014502
v 0.026555 -0.001000 -0.014502
v 0.054301 0.001000 -0.035533
v 0.054301 -0.001000 -0.035533
v 0.033492 -0.000000 -0.019760
v 0.033492 -0.000500 -0.019760
v 0.030023 -0.000000 -0.017131
v 0.030023 -0.000500 -0.017131
v 0.033492 0.000500 -0.019760
v 0.030023 0.000500 -0.017131
v 0.047364 -0.000000 -0.030276
v 0.050833 -0.000000 -0.032904
v 0.047364 0.000500 -0.030276
v 0.050833 0.000500 -0.032904
v 0.047364 -0.000500 -0.030276
v 0.050833 -0.000500 -0.032904
v 0.054301 0.001000 -0.035533
v 0.054301 -0.001000 -0.035533
v 0.054775 0.001000 -0.036048
v 0.054775 -0.001000 -0.036048
v 0.055042 0.001000 -0.036738
v 0.055042 -0.001000 -0.036738
v 0.055015 0.001000 -0.037460
v 0.055015 -0.001000 -0.037460
v 0.054731 0.001000 -0.038051
v 0.054731 -0.001000 -0.038051
v 0.054201 0.001000 -0.038505
v 0.054201 -0.001000 -0.038505
v 0.053514 0.001000 -0.038709
v 0.053514 -0.001000 -0.038709
v 0.052794 0.001000 -0.038629
v 0.052794 -0.001000 -0.038629
v 0.052191 0.001000 -0.038317
v 0.052191 -0.001000 -0.038317
v 0.052191 0.001000 -0.038317
v 0.052191 -0.001000 -0.038317
v 0.024445 0.001000 -0.017286
v 0.024445 -0.001000 -0.017286
v -0.081394 0.001000 -0.003563
v -0.081394 -0.001000 -0.003563
v -0.081472 0.001000 0.003133
v -0.081472 -0.001000 0.003133
v -0.080638 0.001000 0.009628
v -0.080638 -0.001000 0.009628
v -0.078967 0.001000 0.016037
v -0.078967 -0.001000 0.016037
v -0.076836 0.001000 0.022474
v -0.076836 -0.001000 0.022474
v -0.074376 0.001000 0.028895
v -0.074376 -0.001000 0.028895
v -0.071303 0.001000 0.034574
v -0.071303 -0.001000 0.034574
v -0.066031 0.001000 0.037840
v -0.066031 -0.001000 0.037840
v -0.059571 0.001000 0.035994
v -0.059571 -0.001000 0.035994
v -0.053816 0.001000 0.032395
v -0.053816 -0.001000 0.032395
v -0.048585 0.001000 0.028586
v -0.048585 -0.001000 0.028586
v -0.043398 0.001000 0.024540
v -0.043398 -0.001000 0.024540
v -0.037875 0.001000 0.020270
v -0.037875 -0.001000 0.020270
v -0.032688 0.001000 0.016034
v -0.032688 -0.001000 0.016034
v -0.027737 0.001000 0.011608
v -0.027737 -0.001000 0.011608
v -0.022925 0.001000 0.006712
v -0.022925 -0.001000 0.006712
v -0.020131 0.001000 0.001105
v -0.020131 -0.001000 0.001105
v -0.022212 0.001000 -0.005060
v -0.022212 -0.001000 -0.005060
v -0.026767 0.001000 -0.009888
v -0.026767 -0.001000 -0.009888
v -0.031730 0.001000 -0.014407
v -0.031730 -0.001000 -0.014407
v -0.036879 0.001000 -0.018684
v -0.036879 -0.001000 -0.018684
v -0.042202 0.001000 -0.022816
v -0.042202 -0.001000 -0.022816
v -0.047428 0.001000 -0.026888
v -0.047428 -0.001000 -0.026888
v -0.052790 0.001000 -0.030885
v -0.052790 -0.001000 -0.030885
v -0.058351 0.001000 -0.034500
v -0.058351 -0.001000 -0.034500
v -0.064441 0.001000 -0.037049
v -0.064441 -0.001000 -0.037049
v -0.070444 0.001000 -0.034648
v -0.070444 -0.001000 -0.034648
v -0.073848 0.001000 -0.029344
v -0.073848 -0.001000 -0.029344
v -0.076382 0.001000 -0.022926
v -0.076382 -0.001000 -0.022926
v -0.078570 0.001000 -0.016528
v -0.078570 -0.001000 -0.016528
v -0.080348 0.001000 -0.010131
v -0.080348 -0.001000 -0.010131
v -0.081394 0.001000 -0.003563
v -0.081394 -0.001000 -0.003563
v 0.081404 0.001000 -0.003563
v 0.081404 -0.001000 -0.003563
v 0.080368 0.001000 -0.010091
v 0.080368 -0.001000 -0.010091
v 0.078613 0.001000 -0.016425
v 0.078613 -0.001000 -0.016425
v 0.076330 0.001000 -0.023096
v 0.076330 -0.001000 -0.023096
v 0.073859 0.001000 -0.029344
v 0.073859 -0.001000 -0.029344
v 0.070448 0.001000 -0.034655
v 0.070448 -0.001000 -0.034655
v 0.064532 0.001000 -0.037059
v 0.064532 -0.001000 -0.037059
v 0.058437 0.001000 -0.034545
v 0.058437 -0.001000 -0.034545
v 0.052779 0.001000 -0.030869
v 0.052779 -0.001000 -0.030869
v 0.047458 0.001000 -0.026904
v 0.047458 -0.001000 -0.026904
v 0.042167 0.001000 -0.022782
v 0.042167 -0.001000 -0.022782
v 0.036887 0.001000 -0.018682
v 0.036887 -0.001000 -0.018682
v 0.031727 0.001000 -0.014395
v 0.031727 -0.001000 -0.014395
v 0.026845 0.001000 -0.009953
v 0.026845 -0.001000 -0.009953
v 0.022247 0.001000 -0.005090
v 0.022247 -0.001000 -0.005090
v 0.020127 0.001000 0.000877
v 0.020127 -0.001000 0.000877
v 0.022936 0.001000 0.006712
v 0.022936 -0.001000 0.006712
v 0.027714 0.001000 0.011576
v 0.027714 -0.001000 0.011576
v 0.032684 0.001000 0.016021
v 0.032684 -0.001000 0.016021
v 0.037885 0.001000 0.020270
v 0.037885 -0.001000 0.020270
v 0.043193 0.001000 0.024373
v 0.043193 -0.001000 0.024373
v 0.048437 0.001000 0.028464
v 0.048437 -0.001000 0.028464
v 0.053843 0.001000 0.032406
v 0.053843 -0.001000 0.032406
v 0.059384 0.001000 0.035886
v 0.059384 -0.001000 0.035886
v 0.065728 0.001000 0.037877
v 0.065728 -0.001000 0.037877
v 0.071260 0.001000 0.034634
v 0.071260 -0.001000 0.034634
v 0.074448 0.001000 0.028746
v 0.074448 -0.001000 0.028746
v 0.076835 0.001000 0.022505
v 0.076835 -0.001000 0.022505
v 0.078978 0.001000 0.016036
v 0.078978 -0.001000 0.016036
v 0.080634 0.001000 0.009695
v 0.080634 -0.001000 0.009695
v 0.081484 0.001000 0.003108
v 0.081484 -0.001000 0.003108
v 0.081404 0.001000 -0.003563
v 0.081404 -0.001000 -0.003563
v -0.012995 0.001000 0.000400
v -0.012995 -0.001000 0.000400
v -0.012020 0.001000 0.005339
v -0.012020 -0.001000 0.005339
v -0.009091 0.001000 0.009688
v -0.009091 -0.001000 0.009688
v -0.004719 0.001000 0.012511
v -0.004719 -0.001000 0.012511
v 0.000005 0.001000 0.013400
v 0.000005 -0.001000 0.013400
v 0.004944 0.001000 0.012425
v 0.004944 -0.001000 0.012425
v 0.009293 0.001000 0.009496
v 0.009293 -0.001000 0.009496
v 0.012116 0.001000 0.005125
v 0.012116 -0.001000 0.005125
v 0.013005 0.001000 0.000400
v 0.013005 -0.001000 0.000400
v 0.012030 0.001000 -0.004539
v 0.012030 -0.001000 -0.004539
v 0.009101 0.001000 -0.008887
v 0.009101 -0.001000 -0.008887
v 0.004730 0.001000 -0.011711
v 0.004730 -0.001000 -0.011711
v 0.000005 0.001000 -0.012600
v 0.000005 -0.001000 -0.012600
v -0.004933 0.001000 -0.011625
v -0.004933 -0.001000 -0.011625
v -0.009282 0.001000 -0.008696
v -0.009282 -0.001000 -0.008696
v -0.012106 0.001000 -0.004325
v -0.012106 -0.001000 -0.004325
v -0.012995 0.001000 0.000400
v -0.012995 -0.001000 0.000400
v -0.007495 0.001000 -0.081845
v -0.007495 -0.001000 -0.081845
v -0.006932 0.001000 -0.078996
v -0.006932 -0.001000 -0.078996
v -0.005242 0.001000 -0.076487
v -0.005242 -0.001000 -0.076487
v -0.002720 0.001000 -0.074858
v -0.002720 -0.001000 -0.074858
v 0.000005 0.001000 -0.074345
v 0.000005 -0.001000 -0.074345
v 0.002855 0.001000 -0.074908
v 0.002855 -0.001000 -0.074908
v 0.005364 0.001000 -0.076598
v 0.005364 -0.001000 -0.076598
v 0.006992 0.001000 -0.079119
v 0.006992 -0.001000 -0.079119
v 0.007505 0.001000 -0.081845
v 0.007505 -0.001000 -0.081845
v 0.006943 0.001000 -0.084695
v 0.006943 -0.001000 -0.084695
v 0.005253 0.001000 -0.087203
v 0.005253 -0.001000 -0.087203
v 0.002731 0.001000 -0.088832
v 0.002731 -0.001000 -0.088832
v 0.000005 0.001000 -0.089345
v 0.000005 -0.001000 -0.089345
v -0.002844 0.001000 -0.088783
v -0.002844 -0.001000 -0.088783
v -0.005353 0.001000 -0.087093
v -0.005353 -0.001000 -0.087093
v -0.006982 0.001000 -0.084571
v -0.006982 -0.001000 -0.084571
v -0.007495 0.001000 -0.081845
v -0.007495 -0.001000 -0.081845
v 0.062222 0.001000 -0.049599
v 0.062222 -0.001000 -0.049599
v 0.062784 0.001000 -0.046750
v 0.062784 -0.001000 -0.046750
v 0.064474 0.001000 -0.044241
v 0.064474 -0.001000 -0.044241
v 0.066996 0.001000 -0.042612
v 0.066996 -0.001000 -0.042612
v 0.069722 0.001000 -0.042099
v 0.069722 -0.001000 -0.042099
v 0.072571 0.001000 -0.042662
v 0.072571 -0.001000 -0.042662
v 0.075080 0.001000 -0.044351
v 0.075080 -0.001000 -0.044351
v 0.076709 0.001000 -0.046873
v 0.076709 -0.001000 -0.046873
v 0.077222 0.001000 -0.049599
v 0.077222 -0.001000 -0.049599
v 0.076659 0.001000 -0.052448
v 0.076659 -0.001000 -0.052448
v 0.074969 0.001000 -0.054957
v 0.074969 -0.001000 -0.054957
v 0.072447 0.001000 -0.056586
v 0.072447 -0.001000 -0.056586
v 0.069722 0.001000 -0.057099
v 0.069722 -0.001000 -0.057099
v 0.066872 0.001000 -0.056537
v 0.066872 -0.001000 -0.056537
v 0.064363 0.001000 -0.054847
v 0.064363 -0.001000 -0.054847
v 0.062735 0.001000 -0.052325
v 0.062735 -0.001000 -0.052325
v 0.062222 0.001000 -0.049599
v 0.062222 -0.001000 -0.049599
v 0.062222 0.001000 0.050400
v 0.062222 -0.001000 0.050400
v 0.062784 0.001000 0.053249
v 0.062784 -0.001000 0.053249
v 0.064474 0.001000 0.055758
v 0.064474 -0.001000 0.055758
v 0.066996 0.001000 0.057387
v 0.066996 -0.001000 0.057387
v 0.069722 0.001000 0.057900
v 0.069722 -0.001000 0.057900
v 0.072571 0.001000 0.057337
v 0.072571 -0.001000 0.057337
v 0.075080 0.001000 0.055647
v 0.075080 -0.001000 0.055647
v 0.076709 0.001000 0.053126
v 0.076709 -0.001000 0.053126
v 0.077222 0.001000 0.050400
v 0.077222 -0.001000 0.050400
v 0.076659 0.001000 0.047550
v 0.076659 -0.001000 0.047550
v 0.074969 0.001000 0.045041
v 0.074969 -0.001000 0.045041
v 0.072447 0.001000 0.043413
v 0.072447 -0.001000 0.043413
v 0.069722 0.001000 0.042900
v 0.069722 -0.001000 0.042900
v 0.066872 0.001000 0.043462
v 0.066872 -0.001000 0.043462
v 0.064363 0.001000 0.045152
v 0.064363 -0.001000 0.045152
v 0.062735 0.001000 0.047674
v 0.062735 -0.001000 0.047674
v 0.062222 0.001000 0.050400
v 0.062222 -0.001000 0.050400
v -0.007495 0.001000 0.082646
v -0.007495 -0.001000 0.082646
v -0.006932 0.001000 0.085495
v -0.006932 -0.001000 0.085495
v -0.005242 0.001000 0.088004
v -0.005242 -0.001000 0.088004
v -0.002720 0.001000 0.089633
v -0.002720 -0.001000 0.089633
v 0.000005 0.001000 0.090146
v 0.000005 -0.001000 0.090146
v 0.002855 0.001000 0.089583
v 0.002855 -0.001000 0.089583
v 0.005364 0.001000 0.087894
v 0.005364 -0.001000 0.087894
v 0.006992 0.001000 0.085372
v 0.006992 -0.001000 0.085372
v 0.007505 0.001000 0.082646
v 0.007505 -0.001000 0.082646
v 0.006943 0.001000 0.079797
v 0.006943 -0.001000 0.079797
v 0.005253 0.001000 0.077288
v 0.005253 -0.001000 0.077288
v 0.002731 0.001000 0.075659
v 0.002731 -0.001000 0.075659
v 0.000005 0.001000 0.075146
v 0.000005 -0.001000 0.075146
v -0.002844 0.001000 0.075708
v -0.002844 -0.001000 0.075708
v -0.005353 0.001000 0.077398
v -0.005353 -0.001000 0.077398
v -0.006982 0.001000 0.079920
v -0.006982 -0.001000 0.079920
v -0.007495 0.001000 0.082646
v -0.007495 -0.001000 0.082646
v 0.055528 0.001000 0.046900
v 0.055528 -0.001000 0.046900
v 0.050335 0.001000 0.041797
v 0.050335 -0.001000 0.041797
v 0.044689 0.001000 0.037072
v 0.044689 -0.001000 0.037072
v 0.039013 0.001000 0.032591
v 0.039013 -0.001000 0.032591
v 0.033033 0.001000 0.028063
v 0.033033 -0.001000 0.028063
v 0.027069 0.001000 0.023722
v 0.027069 -0.001000 0.023722
v 0.021128 0.001000 0.019661
v 0.021128 -0.001000 0.019661
v 0.014301 0.001000 0.016351
v 0.014301 -0.001000 0.016351
v 0.008456 0.001000 0.019501
v 0.008456 -0.001000 0.019501
v 0.006455 0.001000 0.026647
v 0.006455 -0.001000 0.026647
v 0.005614 0.001000 0.033604
v 0.005614 -0.001000 0.033604
v 0.005054 0.001000 0.041034
v 0.005054 -0.001000 0.041034
v 0.004720 0.001000 0.048271
v 0.004720 -0.001000 0.048271
v 0.004776 0.001000 0.055715
v 0.004776 -0.001000 0.055715
v 0.005202 0.001000 0.063076
v 0.005202 -0.001000 0.063076
v 0.006080 0.001000 0.070661
v 0.006080 -0.001000 0.070661
v 0.010542 0.001000 0.075007
v 0.010542 -0.001000 0.075007
v 0.017752 0.001000 0.073825
v 0.017752 -0.001000 0.073825
v 0.024574 0.001000 0.071822
v 0.024574 -0.001000 0.071822
v 0.031691 0.001000 0.069062
v 0.031691 -0.001000 0.069062
v 0.038286 0.001000 0.065873
v 0.038286 -0.001000 0.065873
v 0.044673 0.001000 0.062132
v 0.044673 -0.001000 0.062132
v 0.050725 0.001000 0.057945
v 0.050725 -0.001000 0.057945
v 0.056617 0.001000 0.053147
v 0.056617 -0.001000 0.053147
v 0.055528 0.001000 0.046900
v 0.055528 -0.001000 0.046900
v -0.055517 0.001000 -0.046209
v -0.055517 -0.001000 -0.046209
v -0.050324 0.001000 -0.041106
v -0.050324 -0.001000 -0.041106
v -0.044679 0.001000 -0.036380
v -0.044679 -0.001000 -0.036380
v -0.039003 0.001000 -0.031899
v -0.039003 -0.001000 -0.031899
v -0.033023 0.001000 -0.027371
v -0.033023 -0.001000 -0.027371
v -0.027059 0.001000 -0.023030
v -0.027059 -0.001000 -0.023030
v -0.021118 0.001000 -0.018970
v -0.021118 -0.001000 -0.018970
v -0.014290 0.001000 -0.015660
v -0.014290 -0.001000 -0.015660
v -0.008445 0.001000 -0.018810
v -0.008445 -0.001000 -0.018810
v -0.006444 0.001000 -0.025956
v -0.006444 -0.001000 -0.025956
v -0.005603 0.001000 -0.032912
v -0.005603 -0.001000 -0.032912
v -0.005044 0.001000 -0.040343
v -0.005044 -0.001000 -0.040343
v -0.004710 0.001000 -0.047580
v -0.004710 -0.001000 -0.047580
v -0.004765 0.001000 -0.055024
v -0.004765 -0.001000 -0.055024
v -0.005192 0.001000 -0.062385
v -0.005192 -0.001000 -0.062385
v -0.006069 0.001000 -0.069969
v -0.006069 -0.001000 -0.069969
v -0.010531 0.001000 -0.074316
v -0.010531 -0.001000 -0.074316
v -0.017742 0.001000 -0.073134
v -0.017742 -0.001000 -0.073134
v -0.024564 0.001000 -0.071131
v -0.024564 -0.001000 -0.071131
v -0.031680 0.001000 -0.068371
v -0.031680 -0.001000 -0.068371
v -0.038275 0.001000 -0.065182
v -0.038275 -0.001000 -0.065182
v -0.044662 0.001000 -0.061440
v -0.044662 -0.001000 -0.061440
v -0.050714 0.001000 -0.057253
v -0.050714 -0.001000 -0.057253
v -0.056606 0.001000 -0.052456
v -0.056606 -0.001000 -0.052456
v -0.055517 0.001000 -0.046209
v -0.055517 -0.001000 -0.046209
v 0.055528 0.001000 -0.046209
v 0.055528 -0.001000 -0.046209
v 0.056556 0.001000 -0.052524
v 0.056556 -0.001000 -0.052524
v 0.050940 0.001000 -0.057094
v 0.050940 -0.001000 -0.057094
v 0.044831 0.001000 -0.061339
v 0.044831 -0.001000 -0.061339
v 0.038314 0.001000 -0.065167
v 0.038314 -0.001000 -0.065167
v 0.031572 0.001000 -0.068423
v 0.031572 -0.001000 -0.068423
v 0.024821 0.001000 -0.071047
v 0.024821 -0.001000 -0.071047
v 0.017512 0.001000 -0.073194
v 0.017512 -0.001000 -0.073194
v 0.010793 0.001000 -0.074316
v 0.010793 -0.001000 -0.074316
v 0.006072 0.001000 -0.069928
v 0.006072 -0.001000 -0.069928
v 0.005179 0.001000 -0.062083
v 0.005179 -0.001000 -0.062083
v 0.004778 0.001000 -0.055085
v 0.004778 -0.001000 -0.055085
v 0.004715 0.001000 -0.047807
v 0.004715 -0.001000 -0.047807
v 0.005055 0.001000 -0.040337
v 0.005055 -0.001000 -0.040337
v 0.005615 0.001000 -0.032905
v 0.005615 -0.001000 -0.032905
v 0.006455 0.001000 -0.025956
v 0.006455 -0.001000 -0.025956
v 0.008590 0.001000 -0.018525
v 0.008590 -0.001000 -0.018525
v 0.014232 0.001000 -0.015647
v 0.014232 -0.001000 -0.015647
v 0.021128 0.001000 -0.018970
v 0.021128 -0.001000 -0.018970
v 0.026994 0.001000 -0.022977
v 0.026994 -0.001000 -0.022977
v 0.032971 0.001000 -0.027325
v 0.032971 -0.001000 -0.027325
v 0.038906 0.001000 -0.031817
v 0.038906 -0.001000 -0.031817
v 0.044665 0.001000 -0.036361
v 0.044665 -0.001000 -0.036361
v 0.050335 0.001000 -0.041106
v 0.050335 -0.001000 -0.041106
v 0.055528 0.001000 -0.046209
v 0.055528 -0.001000 -0.046209
v -0.090132 0.001000 0.000163
v -0.090132 -0.001000 0.000163
v -0.089205 0.001000 -0.008241
v -0.089205 -0.001000 -0.008241
v -0.087122 0.001000 -0.016389
v -0.087122 -0.001000 -0.016389
v -0.084496 0.001000 -0.024361
v -0.084496 -0.001000 -0.024361
v -0.082119 0.001000 -0.032113
v -0.082119 -0.001000 -0.032113
v -0.081450 0.001000 -0.040590
v -0.081450 -0.001000 -0.040590
v -0.081454 0.001000 -0.049209
v -0.081454 -0.001000 -0.049209
v -0.078250 0.001000 -0.056666
v -0.078250 -0.001000 -0.056666
v -0.071089 0.001000 -0.060608
v -0.071089 -0.001000 -0.060608
v -0.062673 0.001000 -0.061176
v -0.062673 -0.001000 -0.061176
v -0.054969 0.001000 -0.063119
v -0.054969 -0.001000 -0.063119
v -0.047425 0.001000 -0.067312
v -0.047425 -0.001000 -0.067312
v -0.040054 0.001000 -0.071438
v -0.040054 -0.001000 -0.071438
v -0.032356 0.001000 -0.074925
v -0.032356 -0.001000 -0.074925
v -0.024304 0.001000 -0.077788
v -0.024304 -0.001000 -0.077788
v -0.017100 0.001000 -0.081118
v -0.017100 -0.001000 -0.081118
v -0.011546 0.001000 -0.087442
v -0.011546 -0.001000 -0.087442
v -0.004007 0.001000 -0.090906
v -0.004007 -0.001000 -0.090906
v 0.004504 0.001000 -0.090806
v 0.004504 -0.001000 -0.090806
v 0.011876 0.001000 -0.087144
v 0.011876 -0.001000 -0.087144
v 0.017333 0.001000 -0.080919
v 0.017333 -0.001000 -0.080919
v 0.024939 0.001000 -0.077581
v 0.024939 -0.001000 -0.077581
v 0.032874 0.001000 -0.074722
v 0.032874 -0.001000 -0.074722
v 0.040433 0.001000 -0.071247
v 0.040433 -0.001000 -0.071247
v 0.047977 0.001000 -0.066996
v 0.047977 -0.001000 -0.066996
v 0.055415 0.001000 -0.062915
v 0.055415 -0.001000 -0.062915
v 0.062914 0.001000 -0.061167
v 0.062914 -0.001000 -0.061167
v 0.071441 0.001000 -0.060535
v 0.071441 -0.001000 -0.060535
v 0.078590 0.001000 -0.056252
v 0.078590 -0.001000 -0.056252
v 0.081548 0.001000 -0.048609
v 0.081548 -0.001000 -0.048609
v 0.081436 0.001000 -0.040091
v 0.081436 -0.001000 -0.040091
v 0.082220 0.001000 -0.031719
v 0.082220 -0.001000 -0.031719
v 0.084685 0.001000 -0.023834
v 0.084685 -0.001000 -0.023834
v 0.087291 0.001000 -0.015862
v 0.087291 -0.001000 -0.015862
v 0.089307 0.001000 -0.007767
v 0.089307 -0.001000 -0.007767
v 0.090143 0.001000 0.000254
v 0.090143 -0.001000 0.000254
v 0.089150 0.001000 0.009074
v 0.089150 -0.001000 0.009074
v 0.087035 0.001000 0.017214
v 0.087035 -0.001000 0.017214
v 0.084407 0.001000 0.025162
v 0.084407 -0.001000 0.025162
v 0.082043 0.001000 0.033019
v 0.082043 -0.001000 0.033019
v 0.081476 0.001000 0.041386
v 0.081476 -0.001000 0.041386
v 0.081465 0.001000 0.049717
v 0.081465 -0.001000 0.049717
v 0.078075 0.001000 0.057391
v 0.078075 -0.001000 0.057391
v 0.070812 0.001000 0.061172
v 0.070812 -0.001000 0.061172
v 0.062396 0.001000 0.061696
v 0.062396 -0.001000 0.061696
v 0.054704 0.001000 0.063759
v 0.054704 -0.001000 0.063759
v 0.047182 0.001000 0.067968
v 0.047182 -0.001000 0.067968
v 0.039800 0.001000 0.072081
v 0.039800 -0.001000 0.072081
v 0.032104 0.001000 0.075536
v 0.032104 -0.001000 0.075536
v 0.024043 0.001000 0.078387
v 0.024043 -0.001000 0.078387
v 0.016808 0.001000 0.081916
v 0.016808 -0.001000 0.081916
v 0.011379 0.001000 0.088140
v 0.011379 -0.001000 0.088140
v 0.003968 0.001000 0.092062
v 0.003968 -0.001000 0.092062
v -0.004441 0.001000 0.091926
v -0.004441 -0.001000 0.091926
v -0.011671 0.001000 0.087858
v -0.011671 -0.001000 0.087858
v -0.017323 0.001000 0.081426
v -0.017323 -0.001000 0.081426
v -0.024412 0.001000 0.078260
v -0.024412 -0.001000 0.078260
v -0.032589 0.001000 0.075340
v -0.032589 -0.001000 0.075340
v -0.040144 0.001000 0.071899
v -0.040144 -0.001000 0.071899
v -0.047699 0.001000 0.067660
v -0.047699 -0.001000 0.067660
v -0.054900 0.001000 0.063659
v -0.054900 -0.001000 0.063659
v -0.062903 0.001000 0.061675
v -0.062903 -0.001000 0.061675
v -0.071431 0.001000 0.061043
v -0.071431 -0.001000 0.061043
v -0.078396 0.001000 0.056994
v -0.078396 -0.001000 0.056994
v -0.081537 0.001000 0.049116
v -0.081537 -0.001000 0.049116
v -0.081438 0.001000 0.040876
v -0.081438 -0.001000 0.040876
v -0.082119 0.001000 0.032621
v -0.082119 -0.001000 0.032621
v -0.084575 0.001000 0.024634
v -0.084575 -0.001000 0.024634
v -0.087127 0.001000 0.016875
v -0.087127 -0.001000 0.016875
v -0.089221 0.001000 0.008615
v -0.089221 -0.001000 0.008615
v -0.090132 0.001000 0.000163
v -0.090132 -0.001000 0.000163
v -0.055517 -0.001000 0.046900
v -0.056545 -0.001000 0.053215
v -0.050929 -0.001000 0.057785
v -0.044820 -0.001000 0.062030
v -0.038303 -0.001000 0.065858
v -0.031561 -0.001000 0.069115
v -0.024811 -0.001000 0.071739
v -0.017502 -0.001000 0.073885
v -0.010782 -0.001000 0.075007
v -0.006061 -0.001000 0.070619
v -0.005168 -0.001000 0.062774
v -0.004768 -0.001000 0.055776
v -0.004705 -0.001000 0.048498
v -0.005044 -0.001000 0.041028
v -0.005604 -0.001000 0.033596
v -0.006444 -0.001000 0.026647
v -0.008580 -0.001000 0.019217
v -0.014221 -0.001000 0.016339
v -0.021118 -0.001000 0.019661
v -0.026983 -0.001000 0.023668
v -0.032960 -0.001000 0.028016
v -0.038896 -0.001000 0.032508
v -0.044654 -0.001000 0.037052
v -0.050324 -0.001000 0.041797
v -0.062211 -0.001000 0.050400
v -0.062773 -0.001000 0.047550
v -0.064463 -0.001000 0.045041
v -0.066985 -0.001000 0.043413
v -0.069711 -0.001000 0.042900
v -0.072560 -0.001000 0.043462
v -0.075069 -0.001000 0.045152
v -0.076698 -0.001000 0.047674
v -0.077211 -0.001000 0.050400
v -0.076649 -0.001000 0.053249
v -0.074959 -0.001000 0.055758
v -0.072437 -0.001000 0.057387
v -0.069711 -0.001000 0.057900
v -0.066862 -0.001000 0.057337
v -0.064353 -0.001000 0.055647
v -0.062724 -0.001000 0.053126
v -0.061843 -0.001000 -0.050054
v -0.062384 -0.001000 -0.052907
v -0.064056 -0.001000 -0.055428
v -0.066566 -0.001000 -0.057075
v -0.069288 -0.001000 -0.057608
v -0.072141 -0.001000 -0.057067
v -0.074662 -0.001000 -0.055395
v -0.076310 -0.001000 -0.052886
v -0.076842 -0.001000 -0.050164
v -0.076301 -0.001000 -0.047310
v -0.074630 -0.001000 -0.044789
v -0.072120 -0.001000 -0.043142
v -0.069398 -0.001000 -0.042609
v -0.066544 -0.001000 -0.043150
v -0.064023 -0.001000 -0.044822
v -0.062376 -0.001000 -0.047332
v -0.024434 -0.001000 -0.017286
v -0.052180 -0.001000 -0.038317
v -0.052804 -0.001000 -0.038635
v -0.053540 -0.001000 -0.038705
v -0.054228 -0.001000 -0.038484
v -0.054720 -0.001000 -0.038051
v -0.055014 -0.001000 -0.037418
v -0.055025 -0.001000 -0.036701
v -0.054753 -0.001000 -0.036031
v -0.054290 -0.001000 -0.035533
v -0.026545 -0.001000 -0.014502
v -0.025937 -0.001000 -0.014205
v -0.025233 -0.001000 -0.014166
v -0.024576 -0.001000 -0.014405
v -0.024098 -0.001000 -0.014839
v -0.023801 -0.001000 -0.015446
v -0.023762 -0.001000 -0.016150
v -0.024001 -0.001000 -0.016807
v -0.001785 -0.001000 0.024379
v -0.001794 -0.001000 0.059195
v -0.001670 -0.001000 0.059884
v -0.001282 -0.001000 0.060513
v -0.000690 -0.001000 0.060928
v -0.000048 -0.001000 0.061059
v 0.000635 -0.001000 0.060911
v 0.001212 -0.001000 0.060486
v 0.001583 -0.001000 0.059865
v 0.001699 -0.001000 0.059196
v 0.001708 -0.001000 0.024380
v 0.001577 -0.001000 0.023716
v 0.001184 -0.001000 0.023132
v 0.000597 -0.001000 0.022752
v -0.000038 -0.001000 0.022633
v -0.000702 -0.001000 0.022764
v -0.001286 -0.001000 0.023157
v -0.001666 -0.001000 0.023744
v -0.024434 -0.001000 0.018086
v -0.023985 -0.001000 0.017581
v -0.023757 -0.001000 0.016914
v -0.023809 -0.001000 0.016217
v -0.024098 -0.001000 0.015639
v -0.024603 -0.001000 0.015189
v -0.025269 -0.001000 0.014961
v -0.025967 -0.001000 0.015014
v -0.026545 -0.001000 0.015302
v -0.054290 -0.001000 0.036334
v -0.054765 -0.001000 0.036849
v -0.055031 -0.001000 0.037539
v -0.055004 -0.001000 0.038261
v -0.054720 -0.001000 0.038852
v -0.054190 -0.001000 0.039306
v -0.053503 -0.001000 0.039510
v -0.052784 -0.001000 0.039429
v -0.052180 -0.001000 0.039118
v 0.024445 -0.001000 0.018086
v 0.052191 -0.001000 0.039118
v 0.052815 -0.001000 0.039435
v 0.053551 -0.001000 0.039506
v 0.054238 -0.001000 0.039285
v 0.054731 -0.001000 0.038852
v 0.055025 -0.001000 0.038218
v 0.055035 -0.001000 0.037502
v 0.054764 -0.001000 0.036831
v 0.054301 -0.001000 0.036334
v 0.026555 -0.001000 0.015302
v 0.025947 -0.001000 0.015006
v 0.025244 -0.001000 0.014966
v 0.024587 -0.001000 0.015205
v 0.024108 -0.001000 0.015639
v 0.023812 -0.001000 0.016247
v 0.023772 -0.001000 0.016950
v 0.024011 -0.001000 0.017608
v 0.024445 -0.001000 -0.017286
v 0.023995 -0.001000 -0.016780
v 0.023767 -0.001000 -0.016114
v 0.023820 -0.001000 -0.015417
v 0.024108 -0.001000 -0.014839
v 0.024613 -0.001000 -0.014389
v 0.025280 -0.001000 -0.014161
v 0.025977 -0.001000 -0.014213
v 0.026555 -0.001000 -0.014502
v 0.054301 -0.001000 -0.035533
v 0.054775 -0.001000 -0.036048
v 0.055042 -0.001000 -0.036738
v 0.055015 -0.001000 -0.037460
v 0.054731 -0.001000 -0.038051
v 0.054201 -0.001000 -0.038505
v 0.053514 -0.001000 -0.038709
v 0.052794 -0.001000 -0.038629
v 0.052191 -0.001000 -0.038317
v -0.081394 -0.001000 -0.003563
v -0.081472 -0.001000 0.003133
v -0.080638 -0.001000 0.009628
v -0.078967 -0.001000 0.016037
v -0.076836 -0.001000 0.022474
v -0.074376 -0.001000 0.028895
v -0.071303 -0.001000 0.034574
v -0.066031 -0.001000 0.037840
v -0.059571 -0.001000 0.035994
v -0.053816 -0.001000 0.032395
v -0.048585 -0.001000 0.028586
v -0.043398 -0.001000 0.024540
v -0.037875 -0.001000 0.020270
v -0.032688 -0.001000 0.016034
v -0.027737 -0.001000 0.011608
v -0.022925 -0.001000 0.006712
v -0.020131 -0.001000 0.001105
v -0.022212 -0.001000 -0.005060
v -0.026767 -0.001000 -0.009888
v -0.031730 -0.001000 -0.014407
v -0.036879 -0.001000 -0.018684
v -0.042202 -0.001000 -0.022816
v -0.047428 -0.001000 -0.026888
v -0.052790 -0.001000 -0.030885
v -0.058351 -0.001000 -0.034500
v -0.064441 -0.001000 -0.037049
v -0.070444 -0.001000 -0.034648
v -0.073848 -0.001000 -0.029344
v -0.076382 -0.001000 -0.022926
v -0.078570 -0.001000 -0.016528
v -0.080348 -0.001000 -0.010131
v 0.081404 -0.001000 -0.003563
v 0.080368 -0.001000 -0.010091
v 0.078613 -0.001000 -0.016425
v 0.076330 -0.001000 -0.023096
v 0.073859 -0.001000 -0.029344
v 0.070448 -0.001000 -0.034655
v 0.064532 -0.001000 -0.037059
v 0.058437 -0.001000 -0.034545
v 0.052779 -0.001000 -0.030869
v 0.047458 -0.001000 -0.026904
v 0.042167 -0.001000 -0.022782
v 0.036887 -0.001000 -0.018682
v 0.031727 -0.001000 -0.014395
v 0.026845 -0.001000 -0.009953
v 0.022247 -0.001000 -0.005090
v 0.020127 -0.001000 0.000877
v 0.022936 -0.001000 0.006712
v 0.027714 -0.001000 0.011576
v 0.032684 -0.001000 0.016021
v 0.037885 -0.001000 0.020270
v 0.043193 -0.001000 0.024373
v 0.048437 -0.001000 0.028464
v 0.053843 -0.001000 0.032406
v 0.059384 -0.001000 0.035886
v 0.065728 -0.001000 0.037877
v 0.071260 -0.001000 0.034634
v 0.074448 -0.001000 0.028746
v 0.076835 -0.001000 0.022505
v 0.078978 -0.001000 0.016036
v 0.080634 -0.001000 0.009695
v 0.081484 -0.001000 0.003108
v -0.012995 -0.001000 0.000400
v -0.012020 -0.001000 0.005339
v -0.009091 -0.001000 0.009688
v -0.004719 -0.001000 0.012511
v 0.000005 -0.001000 0.013400
v 0.004944 -0.001000 0.012425
v 0.009293 -0.001000 0.009496
v 0.012116 -0.001000 0.005125
v 0.013005 -0.001000 0.000400
v 0.012030 -0.001000 -0.004539
v 0.009101 -0.001000 -0.008887
v 0.004730 -0.001000 -0.011711
v 0.000005 -0.001000 -0.012600
v -0.004933 -0.001000 -0.011625
v -0.009282 -0.001000 -0.008696
v -0.012106 -0.001000 -0.004325
v -0.007495 -0.001000 -0.081845
v -0.006932 -0.001000 -0.078996
v -0.005242 -0.001000 -0.076487
v -0.002720 -0.001000 -0.074858
v 0.000005 -0.001000 -0.074345
v 0.002855 -0.001000 -0.074908
v 0.005364 -0.001000 -0.076598
v 0.006992 -0.001000 -0.079119
v 0.007505 -0.001000 -0.081845
v 0.006943 -0.001000 -0.084695
v 0.005253 -0.001000 -0.087203
v 0.002731 -0.001000 -0.088832
v 0.000005 -0.001000 -0.089345
v -0.002844 -0.001000 -0.088783
v -0.005353 -0.001000 -0.087093
v -0.006982 -0.001000 -0.084571
v 0.062222 -0.001000 -0.049599
v 0.062784 -0.001000 -0.046750
v 0.064474 -0.001000 -0.044241
v 0.066996 -0.001000 -0.042612
v 0.069722 -0.001000 -0.042099
v 0.072571 -0.001000 -0.042662
v 0.075080 -0.001000 -0.044351
v 0.076709 -0.001000 -0.046873
v 0.077222 -0.001000 -0.049599
v 0.076659 -0.001000 -0.052448
v 0.074969 -0.001000 -0.054957
v 0.072447 -0.001000 -0.056586
v 0.069722 -0.001000 -0.057099
v 0.066872 -0.001000 -0.056537
v 0.064363 -0.001000 -0.054847
v 0.062735 -0.001000 -0.052325
v 0.062222 -0.001000 0.050400
v 0.062784 -0.001000 0.053249
v 0.064474 -0.001000 0.055758
v 0.066996 -0.001000 0.057387
v 0.069722 -0.001000 0.057900
v 0.072571 -0.001000 0.057337
v 0.075080 -0.001000 0.055647
v 0.076709 -0.001000 0.053126
v 0.077222 -0.001000 0.050400
v 0.076659 -0.001000 0.047550
v 0.074969 -0.001000 0.045041
v 0.072447 -0.001000 0.043413
v 0.069722 -0.001000 0.042900
v 0.066872 -0.001000 0.043462
v 0.064363 -0.001000 0.045152
v 0.062735 -0.001000 0.047674
v -0.007495 -0.001000 0.082646
v -0.006932 -0.001000 0.085495
v -0.005242 -0.001000 0.088004
v -0.002720 -0.001000 0.089633
v 0.000005 -0.001000 0.090146
v 0.002855 -0.001000 0.089583
v 0.005364 -0.001000 0.087894
v 0.006992 -0.001000 0.085372
v 0.007505 -0.001000 0.082646
v 0.006943 -0.001000 0.079797
v 0.005253 -0.001000 0.077288
v 0.002731 -0.001000 0.075659
v 0.000005 -0.001000 0.075146
v -0.002844 -0.001000 0.075708
v -0.005353 -0.001000 0.077398
v -0.006982 -0.001000 0.079920
v 0.055528 -0.001000 0.046900
v 0.050335 -0.001000 0.041797
v 0.044689 -0.001000 0.037072
v 0.039013 -0.001000 0.032591
v 0.033033 -0.001000 0.028063
v 0.027069 -0.001000 0.023722
v 0.021128 -0.001000 0.019661
v 0.014301 -0.001000 0.016351
v 0.008456 -0.001000 0.019501
v 0.006455 -0.001000 0.026647
v 0.005614 -0.001000 0.033604
v 0.005054 -0.001000 0.041034
v 0.004720 -0.001000 0.048271
v 0.004776 -0.001000 0.055715
v 0.005202 -0.001000 0.063076
v 0.006080 -0.001000 0.070661
v 0.010542 -0.001000 0.075007
v 0.017752 -0.001000 0.073825
v 0.024574 -0.001000 0.071822
v 0.031691 -0.001000 0.069062
v 0.038286 -0.001000 0.065873
v 0.044673 -0.001000 0.062132
v 0.050725 -0.001000 0.057945
v 0.056617 -0.001000 0.053147
v -0.055517 -0.001000 -0.046209
v -0.050324 -0.001000 -0.041106
v -0.044679 -0.001000 -0.036380
v -0.039003 -0.001000 -0.031899
v -0.033023 -0.001000 -0.027371
v -0.027059 -0.001000 -0.023030
v -0.021118 -0.001000 -0.018970
v -0.014290 -0.001000 -0.015660
v -0.008445 -0.001000 -0.018810
v -0.006444 -0.001000 -0.025956
v -0.005603 -0.001000 -0.032912
v -0.005044 -0.001000 -0.040343
v -0.004710 -0.001000 -0.047580
v -0.004765 -0.001000 -0.055024
v -0.005192 -0.001000 -0.062385
v -0.006069 -0.001000 -0.069969
v -0.010531 -0.001000 -0.074316
v -0.017742 -0.001000 -0.073134
v -0.024564 -0.001000 -0.071131
v -0.031680 -0.001000 -0.068371
v -0.038275 -0.001000 -0.065182
v -0.044662 -0.001000 -0.061440
v -0.050714 -0.001000 -0.057253
v -0.056606 -0.001000 -0.052456
v 0.055528 -0.001000 -0.046209
v 0.056556 -0.001000 -0.052524
v 0.050940 -0.001000 -0.057094
v 0.044831 -0.001000 -0.061339
v 0.038314 -0.001000 -0.065167
v 0.031572 -0.001000 -0.068423
v 0.024821 -0.001000 -0.071047
v 0.017512 -0.001000 -0.073194
v 0.010793 -0.001000 -0.074316
v 0.006072 -0.001000 -0.069928
v 0.005179 -0.001000 -0.062083
v 0.004778 -0.001000 -0.055085
v 0.004715 -0.001000 -0.047807
v 0.005055 -0.001000 -0.040337
v 0.005615 -0.001000 -0.032905
v 0.006455 -0.001000 -0.025956
v 0.008590 -0.001000 -0.018525
v 0.014232 -0.001000 -0.015647
v 0.021128 -0.001000 -0.018970
v 0.026994 -0.001000 -0.022977
v 0.032971 -0.001000 -0.027325
v 0.038906 -0.001000 -0.031817
v 0.044665 -0.001000 -0.036361
v 0.050335 -0.001000 -0.041106
v -0.090132 -0.001000 0.000163
v -0.089205 -0.001000 -0.008241
v -0.087122 -0.001000 -0.016389
v -0.084496 -0.001000 -0.024361
v -0.082119 -0.001000 -0.032113
v -0.081450 -0.001000 -0.040590
v -0.081454 -0.001000 -0.049209
v -0.078250 -0.001000 -0.056666
v -0.071089 -0.001000 -0.060608
v -0.062673 -0.001000 -0.061176
v -0.054969 -0.001000 -0.063119
v -0.047425 -0.001000 -0.067312
v -0.040054 -0.001000 -0.071438
v -0.032356 -0.001000 -0.074925
v -0.024304 -0.001000 -0.077788
v -0.017100 -0.001000 -0.081118
v -0.011546 -0.001000 -0.087442
v -0.004007 -0.001000 -0.090906
v 0.004504 -0.001000 -0.090806
v 0.011876 -0.001000 -0.087144
v 0.017333 -0.001000 -0.080919
v 0.024939 -0.001000 -0.077581
v 0.032874 -0.001000 -0.074722
v 0.040433 -0.001000 -0.071247
v 0.047977 -0.001000 -0.066996
v 0.055415 -0.001000 -0.062915
v 0.062914 -0.001000 -0.061167
v 0.071441 -0.001000 -0.060535
v 0.078590 -0.001000 -0.056252
v 0.081548 -0.001000 -0.048609
v 0.081436 -0.001000 -0.040091
v 0.082220 -0.001000 -0.031719
v 0.084685 -0.001000 -0.023834
v 0.087291 -0.001000 -0.015862
v 0.089307 -0.001000 -0.007767
v 0.090143 -0.001000 0.000254
v 0.089150 -0.001000 0.009074
v 0.087035 -0.001000 0.017214
v 0.084407 -0.001000 0.025162
v 0.082043 -0.001000 0.033019
v 0.081476 -0.001000 0.041386
v 0.081465 -0.001000 0.049717
v 0.078075 -0.001000 0.057391
v 0.070812 -0.001000 0.061172
v 0.062396 -0.001000 0.061696
v 0.054704 -0.001000 0.063759
v 0.047182 -0.001000 0.067968
v 0.039800 -0.001000 0.072081
v 0.032104 -0.001000 0.075536
v 0.024043 -0.001000 0.078387
v 0.016808 -0.001000 0.081916
v 0.011379 -0.001000 0.088140
v 0.003968 -0.001000 0.092062
v -0.004441 -0.001000 0.091926
v -0.011671 -0.001000 0.087858
v -0.017323 -0.001000 0.081426
v -0.024412 -0.001000 0.078260
v -0.032589 -0.001000 0.075340
v -0.040144 -0.001000 0.071899
v -0.047699 -0.001000 0.067660
v -0.054900 -0.001000 0.063659
v -0.062903 -0.001000 0.061675
v -0.071431 -0.001000 0.061043
v -0.078396 -0.001000 0.056994
v -0.081537 -0.001000 0.049116
v -0.081438 -0.001000 0.040876
v -0.082119 -0.001000 0.032621
v -0.084575 -0.001000 0.024634
v -0.087127 -0.001000 0.016875
v -0.089221 -0.001000 0.008615
v -0.055517 0.001000 0.046900
v -0.056545 0.001000 0.053215
v -0.050929 0.001000 0.057785
v -0.044820 0.001000 0.062030
v -0.038303 0.001000 0.065858
v -0.031561 0.001000 0.069115
v -0.024811 0.001000 0.071739
v -0.017502 0.001000 0.073885
v -0.010782 0.001000 0.075007
v -0.006061 0.001000 0.070619
v -0.005168 0.001000 0.062774
v -0.004768 0.001000 0.055776
v -0.004705 0.001000 0.048498
v -0.005044 0.001000 0.041028
v -0.005604 0.001000 0.033596
v -0.006444 0.001000 0.026647
v -0.008580 0.001000 0.019217
v -0.014221 0.001000 0.016339
v -0.021118 0.001000 0.019661
v -0.026983 0.001000 0.023668
v -0.032960 0.001000 0.028016
v -0.038896 0.001000 0.032508
v -0.044654 0.001000 0.037052
v -0.050324 0.001000 0.041797
v -0.062211 0.001000 0.050400
v -0.062773 0.001000 0.047550
v -0.064463 0.001000 0.045041
v -0.066985 0.001000 0.043413
v -0.069711 0.001000 0.042900
v -0.072560 0.001000 0.043462
v -0.075069 0.001000 0.045152
v -0.076698 0.001000 0.047674
v -0.077211 0.001000 0.050400
v -0.076649 0.001000 0.053249
v -0.074959 0.001000 0.055758
v -0.072437 0.001000 0.057387
v -0.069711 0.001000 0.057900
v -0.066862 0.001000 0.057337
v -0.064353 0.001000 0.055647
v -0.062724 0.001000 0.053126
v -0.061843 0.001000 -0.050054
v -0.062384 0.001000 -0.052907
v -0.064056 0.001000 -0.055428
v -0.066566 0.001000 -0.057075
v -0.069288 0.001000 -0.057608
v -0.072141 0.001000 -0.057067
v -0.074662 0.001000 -0.055395
v -0.076310 0.001000 -0.052886
v -0.076842 0.001000 -0.050164
v -0.076301 0.001000 -0.047310
v -0.074630 0.001000 -0.044789
v -0.072120 0.001000 -0.043142
v -0.069398 0.001000 -0.042609
v -0.066544 0.001000 -0.043150
v -0.064023 0.001000 -0.044822
v -0.062376 0.001000 -0.047332
v -0.024434 0.001000 -0.017286
v -0.052180 0.001000 -0.038317
v -0.052804 0.001000 -0.038635
v -0.053540 0.001000 -0.038705
v -0.054228 0.001000 -0.038484
v -0.054720 0.001000 -0.038051
v -0.055014 0.001000 -0.037418
v -0.055025 0.001000 -0.036701
v -0.054753 0.001000 -0.036031
v -0.054290 0.001000 -0.035533
v -0.026545 0.001000 -0.014502
v -0.025937 0.001000 -0.014205
v -0.025233 0.001000 -0.014166
v -0.024576 0.001000 -0.014405
v -0.024098 0.001000 -0.014839
v -0.023801 0.001000 -0.015446
v -0.023762 0.001000 -0.016150
v -0.024001 0.001000 -0.016807
v -0.001785 0.001000 0.024379
v -0.001794 0.001000 0.059195
v -0.001670 0.001000 0.059884
v -0.001282 0.001000 0.060513
v -0.000690 0.001000 0.060928
v -0.000048 0.001000 0.061059
v 0.000635 0.001000 0.060911
v 0.001212 0.001000 0.060486
v 0.001583 0.001000 0.059865
v 0.001699 0.001000 0.059196
v 0.001708 0.001000 0.024380
v 0.001577 0.001000 0.023716
v 0.001184 0.001000 0.023132
v 0.000597 0.001000 0.022752
v -0.000038 0.001000 0.022633
v -0.000702 0.001000 0.022764
v -0.001286 0.001000 0.023157
v -0.001666 0.001000 0.023744
v -0.024434 0.001000 0.018086
v -0.023985 0.001000 0.017581
v -0.023757 0.001000 0.016914
v -0.023809 0.001000 0.016217
v -0.024098 0.001000 0.015639
v -0.024603 0.001000 0.015189
v -0.025269 0.001000 0.014961
v -0.025967 0.001000 0.015014
v -0.026545 0.001000 0.015302
v -0.054290 0.001000 0.036334
v -0.054765 0.001000 0.036849
v -0.055031 0.001000 0.037539
v -0.055004 0.001000 0.038261
v -0.054720 0.001000 0.038852
v -0.054190 0.001000 0.039306
v -0.053503 0.001000 0.039510
v -0.052784 0.001000 0.039429
v -0.052180 0.001000 0.039118
v 0.024445 0.001000 0.018086
v 0.052191 0.001000 0.039118
v 0.052815 0.001000 0.039435
v 0.053551 0.001000 0.039506
v 0.054238 0.001000 0.039285
v 0.054731 0.001000 0.038852
v 0.055025 0.001000 0.038218
v 0.055035 0.001000 0.037502
v 0.054764 0.001000 0.036831
v 0.054301 0.001000 0.036334
v 0.026555 0.001000 0.015302
v 0.025947 0.001000 0.015006
v 0.025244 0.001000 0.014966
v 0.024587 0.001000 0.015205
v 0.024108 0.001000 0.015639
v 0.023812 0.001000 0.016247
v 0.023772 0.001000 0.016950
v 0.024011 0.001000 0.017608
v 0.024445 0.001000 -0.017286
v 0.023995 0.001000 -0.016780
v 0.023767 0.001000 -0.016114
v 0.023820 0.001000 -0.015417
v 0.024108 0.001000 -0.014839
v 0.024613 0.001000 -0.014389
v 0.025280 0.001000 -0.014161
v 0.025977 0.001000 -0.014213
v 0.026555 0.001000 -0.014502
v 0.054301 0.001000 -0.035533
v 0.054775 0.001000 -0.036048
v 0.055042 0.001000 -0.036738
v 0.055015 0.001000 -0.037460
v 0.054731 0.001000 -0.038051
v 0.054201 0.001000 -0.038505
v 0.053514 0.001000 -0.038709
v 0.052794 0.001000 -0.038629
v 0.052191 0.001000 -0.038317
v -0.081394 0.001000 -0.003563
v -0.081472 0.001000 0.003133
v -0.080638 0.001000 0.009628
v -0.078967 0.001000 0.016037
v -0.076836 0.001000 0.022474
v -0.074376 0.001000 0.028895
v -0.071303 0.001000 0.034574
v -0.066031 0.001000 0.037840
v -0.059571 0.001000 0.035994
v -0.053816 0.001000 0.032395
v -0.048585 0.001000 0.028586
v -0.043398 0.001000 0.024540
v -0.037875 0.001000 0.020270
v -0.032688 0.001000 0.016034
v -0.027737 0.001000 0.011608
v -0.022925 0.001000 0.006712
v -0.020131 0.001000 0.001105
v -0.022212 0.001000 -0.005060
v -0.026767 0.001000 -0.009888
v -0.031730 0.001000 -0.014407
v -0.036879 0.001000 -0.018684
v -0.042202 0.001000 -0.022816
v -0.047428 0.001000 -0.026888
v -0.052790 0.001000 -0.030885
v -0.058351 0.001000 -0.034500
v -0.064441 0.001000 -0.037049
v -0.070444 0.001000 -0.034648
v -0.073848 0.001000 -0.029344
v -0.076382 0.001000 -0.022926
v -0.078570 0.001000 -0.016528
v -0.080348 0.001000 -0.010131
v 0.081404 0.001000 -0.003563
v 0.080368 0.001000 -0.010091
v 0.078613 0.001000 -0.016425
v 0.076330 0.001000 -0.023096
v 0.073859 0.001000 -0.029344
v 0.070448 0.001000 -0.034655
v 0.064532 0.001000 -0.037059
v 0.058437 0.001000 -0.034545
v 0.052779 0.001000 -0.030869
v 0.047458 0.001000 -0.026904
v 0.042167 0.001000 -0.022782
v 0.036887 0.001000 -0.018682
v 0.031727 0.001000 -0.014395
v 0.026845 0.001000 -0.009953
v 0.022247 0.001000 -0.005090
v 0.020127 0.001000 0.000877
v 0.022936 0.001000 0.006712
v 0.027714 0.001000 0.011576
v 0.032684 0.001000 0.016021
v 0.037885 0.001000 0.020270
v 0.043193 0.001000 0.024373
v 0.048437 0.001000 0.028464
v 0.053843 0.001000 0.032406
v 0.059384 0.001000 0.035886
v 0.065728 0.001000 0.037877
v 0.071260 0.001000 0.034634
v 0.074448 0.001000 0.028746
v 0.076835 0.001000 0.022505
v 0.078978 0.001000 0.016036
v 0.080634 0.001000 0.009695
v 0.081484 0.001000 0.003108
v -0.012995 0.001000 0.000400
v -0.012020 0.001000 0.005339
v -0.009091 0.001000 0.009688
v -0.004719 0.001000 0.012511
v 0.000005 0.001000 0.013400
v 0.004944 0.001000 0.012425
v 0.009293 0.001000 0.009496
v 0.012116 0.001000 0.005125
v 0.013005 0.001000 0.000400
v 0.012030 0.001000 -0.004539
v 0.009101 0.001000 -0.008887
v 0.004730 0.001000 -0.011711
v 0.000005 0.001000 -0.012600
v -0.004933 0.001000 -0.011625
v -0.009282 0.001000 -0.008696
v -0.012106 0.001000 -0.004325
v -0.007495 0.001000 -0.081845
v -0.006932 0.001000 -0.078996
v -0.005242 0.001000 -0.076487
v -0.002720 0.001000 -0.074858
v 0.000005 0.001000 -0.074345
v 0.002855 0.001000 -0.074908
v 0.005364 0.001000 -0.076598
v 0.006992 0.001000 -0.079119
v 0.007505 0.001000 -0.081845
v 0.006943 0.001000 -0.084695
v 0.005253 0.001000 -0.087203
v 0.002731 0.001000 -0.088832
v 0.000005 0.001000 -0.089345
v -0.002844 0.001000 -0.088783
v -0.005353 0.001000 -0.087093
v -0.006982 0.001000 -0.084571
v 0.062222 0.001000 -0.049599
v 0.062784 0.001000 -0.046750
v 0.064474 0.001000 -0.044241
v 0.066996 0.001000 -0.042612
v 0.069722 0.001000 -0.042099
v 0.072571 0.001000 -0.042662
v 0.075080 0.001000 -0.044351
v 0.076709 0.001000 -0.046873
v 0.077222 0.001000 -0.049599
v 0.076659 0.001000 -0.052448
v 0.074969 0.001000 -0.054957
v 0.072447 0.001000 -0.056586
v 0.069722 0.001000 -0.057099
v 0.066872 0.001000 -0.056537
v 0.064363 0.001000 -0.054847
v 0.062735 0.001000 -0.052325
v 0.062222 0.001000 0.050400
v 0.062784 0.001000 0.053249
v 0.064474 0.001000 0.055758
v 0.066996 0.001000 0.057387
v 0.069722 0.001000 0.057900
v 0.072571 0.001000 0.057337
v 0.075080 0.001000 0.055647
v 0.076709 0.001000 0.053126
v 0.077222 0.001000 0.050400
v 0.076659 0.001000 0.047550
v 0.074969 0.001000 0.045041
v 0.072447 0.001000 0.043413
v 0.069722 0.001000 0.042900
v 0.066872 0.001000 0.043462
v 0.064363 0.001000 0.045152
v 0.062735 0.001000 0.047674
v -0.007495 0.001000 0.082646
v -0.006932 0.001000 0.085495
v -0.005242 0.001000 0.088004
v -0.002720 0.001000 0.089633
v 0.000005 0.001000 0.090146
v 0.002855 0.001000 0.089583
v 0.005364 0.001000 0.087894
v 0.006992 0.001000 0.085372
v 0.007505 0.001000 0.082646
v 0.006943 0.001000 0.079797
v 0.005253 0.001000 0.077288
v 0.002731 0.001000 0.075659
v 0.000005 0.001000 0.075146
v -0.002844 0.001000 0.075708
v -0.005353 0.001000 0.077398
v -0.006982 0.001000 0.079920
v 0.055528 0.001000 0.046900
v 0.050335 0.001000 0.041797
v 0.044689 0.001000 0.037072
v 0.039013 0.001000 0.032591
v 0.033033 0.001000 0.028063
v 0.027069 0.001000 0.023722
v 0.021128 0.001000 0.019661
v 0.014301 0.001000 0.016351
v 0.008456 0.001000 0.019501
v 0.006455 0.001000 0.026647
v 0.005614 0.001000 0.033604
v 0.005054 0.001000 0.041034
v 0.004720 0.001000 0.048271
v 0.004776 0.001000 0.055715
v 0.005202 0.001000 0.063076
v 0.006080 0.001000 0.070661
v 0.010542 0.001000 0.075007
v 0.017752 0.001000 0.073825
v 0.024574 0.001000 0.071822
v 0.031691 0.001000 0.069062
v 0.038286 0.001000 0.065873
v 0.044673 0.001000 0.062132
v 0.050725 0.001000 0.057945
v 0.056617 0.001000 0.053147
v -0.055517 0.001000 -0.046209
v -0.050324 0.001000 -0.041106
v -0.044679 0.001000 -0.036380
v -0.039003 0.001000 -0.031899
v -0.033023 0.001000 -0.027371
v -0.027059 0.001000 -0.023030
v -0.021118 0.001000 -0.018970
v -0.014290 0.001000 -0.015660
v -0.008445 0.001000 -0.018810
v -0.006444 0.001000 -0.025956
v -0.005603 0.001000 -0.032912
v -0.005044 0.001000 -0.040343
v -0.004710 0.001000 -0.047580
v -0.004765 0.001000 -0.055024
v -0.005192 0.001000 -0.062385
v -0.006069 0.001000 -0.069969
v -0.010531 0.001000 -0.074316
v -0.017742 0.001000 -0.073134
v -0.024564 0.001000 -0.071131
v -0.031680 0.001000 -0.068371
v -0.038275 0.001000 -0.065182
v -0.044662 0.001000 -0.061440
v -0.050714 0.001000 -0.057253
v -0.056606 0.001000 -0.052456
v 0.055528 0.001000 -0.046209
v 0.056556 0.001000 -0.052524
v 0.050940 0.001000 -0.057094
v 0.044831 0.001000 -0.061339
v 0.038314 0.001000 -0.065167
v 0.031572 0.001000 -0.068423
v 0.024821 0.001000 -0.071047
v 0.017512 0.001000 -0.073194
v 0.010793 0.001000 -0.074316
v 0.006072 0.001000 -0.069928
v 0.005179 0.001000 -0.062083
v 0.004778 0.001000 -0.055085
v 0.004715 0.001000 -0.047807
v 0.005055 0.001000 -0.040337
v 0.005615 0.001000 -0.032905
v 0.006455 0.001000 -0.025956
v 0.008590 0.001000 -0.018525
v 0.014232 0.001000 -0.015647
v 0.021128 0.001000 -0.018970
v 0.026994 0.001000 -0.022977
v 0.032971 0.001000 -0.027325
v 0.038906 0.001000 -0.031817
v 0.044665 0.001000 -0.036361
v 0.050335 0.001000 -0.041106
v -0.090132 0.001000 0.000163
v -0.089205 0.001000 -0.008241
v -0.087122 0.001000 -0.016389
v -0.084496 0.001000 -0.024361
v -0.082119 0.001000 -0.032113
v -0.081450 0.001000 -0.040590
v -0.081454 0.001000 -0.049209
v -0.078250 0.001000 -0.056666
v -0.071089 0.001000 -0.060608
v -0.062673 0.001000 -0.061176
v -0.054969 0.001000 -0.063119
v -0.047425 0.001000 -0.067312
v -0.040054 0.001000 -0.071438
v -0.032356 0.001000 -0.074925
v -0.024304 0.001000 -0.077788
v -0.017100 0.001000 -0.081118
v -0.011546 0.001000 -0.087442
v -0.004007 0.001000 -0.090906
v 0.004504 0.001000 -0.090806
v 0.011876 0.001000 -0.087144
v 0.017333 0.001000 -0.080919
v 0.024939 0.001000 -0.077581
v 0.032874 0.001000 -0.074722
v 0.040433 0.001000 -0.071247
v 0.047977 0.001000 -0.066996
v 0.055415 0.001000 -0.062915
v 0.062914 0.001000 -0.061167
v 0.071441 0.001000 -0.060535
v 0.078590 0.001000 -0.056252
v 0.081548 0.001000 -0.048609
v 0.081436 0.001000 -0.040091
v 0.082220 0.001000 -0.031719
v 0.084685 0.001000 -0.023834
v 0.087291 0.001000 -0.015862
v 0.089307 0.001000 -0.007767
v 0.090143 0.001000 0.000254
v 0.089150 0.001000 0.009074
v 0.087035 0.001000 0.017214
v 0.084407 0.001000 0.025162
v 0.082043 0.001000 0.033019
v 0.081476 0.001000 0.041386
v 0.081465 0.001000 0.049717
v 0.078075 0.001000 0.057391
v 0.070812 0.001000 0.061172
v 0.062396 0.001000 0.061696
v 0.054704 0.001000 0.063759
v 0.047182 0.001000 0.067968
v 0.039800 0.001000 0.072081
v 0.032104 0.001000 0.075536
v 0.024043 0.001000 0.078387
v 0.016808 0.001000 0.081916
v 0.011379 0.001000 0.088140
v 0.003968 0.001000 0.092062
v -0.004441 0.001000 0.091926
v -0.011671 0.001000 0.087858
v -0.017323 0.001000 0.081426
v -0.024412 0.001000 0.078260
v -0.032589 0.001000 0.075340
v -0.040144 0.001000 0.071899
v -0.047699 0.001000 0.067660
v -0.054900 0.001000 0.063659
v -0.062903 0.001000 0.061675
v -0.071431 0.001000 0.061043
v -0.078396 0.001000 0.056994
v -0.081537 0.001000 0.049116
v -0.081438 0.001000 0.040876
v -0.082119 0.001000 0.032621
v -0.084575 0.001000 0.024634
v -0.087127 0.001000 0.016875
v -0.089221 0.001000 0.008615
vn 0.762129 -0.000000 0.647425
vn 0.762129 -0.000000 0.647425
vn 0.739193 0.000000 -0.673494
vn 0.739193 0.000000 -0.673494
vn 0.595928 0.000000 -0.803038
vn 0.595928 0.000000 -0.803038
vn 0.542409 0.000000 -0.840114
vn 0.542409 0.000000 -0.840114
vn 0.469591 0.000000 -0.882884
vn 0.469591 0.000000 -0.882884
vn 0.399801 0.000000 -0.916602
vn 0.399801 0.000000 -0.916602
vn 0.322790 0.000000 -0.946471
vn 0.322790 0.000000 -0.946471
vn 0.239899 0.000000 -0.970798
vn 0.239899 0.000000 -0.970798
vn 0.011100 0.000000 -0.999938
vn 0.011100 0.000000 -0.999938
vn -0.980423 -0.000100 -0.196905
vn -0.980423 0.000000 -0.196905
vn -0.997085 0.000000 -0.076299
vn -0.997085 0.000000 -0.076299
vn -0.999319 0.000000 -0.036901
vn -0.999319 0.000000 -0.036901
vn -0.999779 -0.000000 0.021000
vn -0.999779 -0.000000 0.021000
vn -0.997937 -0.000000 0.064202
vn -0.997937 -0.000000 0.064202
vn -0.995951 -0.000000 0.089896
vn -0.995951 -0.000000 0.089896
vn -0.986109 -0.000000 0.166101
vn -0.986109 -0.000000 0.166101
vn -0.899273 -0.000000 0.437387
vn -0.899273 -0.000000 0.437387
vn 0.168695 -0.000000 0.985668
vn 0.168695 -0.000000 0.985668
vn 0.540520 -0.000000 0.841331
vn 0.540520 -0.000000 0.841331
vn 0.579079 -0.000000 0.815271
vn 0.579079 -0.000000 0.815271
vn 0.596282 -0.000000 0.802775
vn 0.596282 -0.000000 0.802775
vn 0.610904 -0.000000 0.791705
vn 0.610904 -0.000000 0.791705
vn 0.628675 -0.000000 0.777669
vn 0.628675 -0.000000 0.777669
vn 0.659078 -0.000000 0.752075
vn 0.659078 -0.000000 0.752075
vn 0.762129 -0.000000 0.647425
vn 0.762129 -0.000000 0.647425
vn -1.000000 0.000000 0.000000
vn -1.000000 0.000000 0.000000
vn -0.925024 -0.000000 0.379910
vn -0.925024 -0.000000 0.379910
vn -0.699668 -0.000000 0.714468
vn -0.699668 -0.000000 0.714468
vn -0.363498 -0.000000 0.931595
vn -0.363498 -0.000000 0.931595
vn 0.000000 -0.000000 1.000000
vn 0.000000 -0.000000 1.000000
vn 0.379910 -0.000000 0.925024
vn 0.379910 -0.000000 0.925024
vn 0.714419 -0.000000 0.699718
vn 0.714419 -0.000000 0.699718
vn 0.931595 -0.000000 0.363498
vn 0.931595 -0.000000 0.363498
vn 1.000000 0.000000 0.000000
vn 1.000000 0.000000 0.000000
vn 0.925024 0.000000 -0.379910
vn 0.925024 0.000000 -0.379910
vn 0.699668 0.000000 -0.714468
vn 0.699668 0.000000 -0.714468
vn 0.363498 0.000000 -0.931595
vn 0.363498 0.000000 -0.931595
vn 0.000000 0.000000 -1.000000
vn 0.000000 0.000000 -1.000000
vn -0.379910 0.000000 -0.925024
vn -0.379910 0.000000 -0.925024
vn -0.714419 0.000000 -0.699718
vn -0.714419 0.000000 -0.699718
vn -0.931595 0.000000 -0.363498
vn -0.931595 0.000000 -0.363498
vn -1.000000 0.000000 0.000000
vn -1.000000 0.000000 0.000000
vn -0.999973 0.000000 -0.007300
vn -0.999973 0.000000 -0.007300
vn -0.927792 -0.000000 0.373097
vn -0.927792 -0.000000 0.373097
vn -0.704903 -0.000000 0.709303
vn -0.704903 -0.000000 0.709303
vn -0.370218 -0.000000 0.928945
vn -0.370218 -0.000000 0.928945
vn -0.007400 -0.000000 0.999973
vn -0.007400 -0.000000 0.999973
vn 0.373097 -0.000000 0.927792
vn 0.373097 -0.000000 0.927792
vn 0.709303 -0.000000 0.704903
vn 0.709303 -0.000000 0.704903
vn 0.928911 -0.000000 0.370304
vn 0.928911 -0.000000 0.370304
vn 0.999973 -0.000000 0.007300
vn 0.999973 -0.000000 0.007300
vn 0.927792 0.000000 -0.373097
vn 0.927792 0.000000 -0.373097
vn 0.704903 0.000000 -0.709303
vn 0.704903 0.000000 -0.709303
vn 0.370218 0.000000 -0.928945
vn 0.370218 0.000000 -0.928945
vn 0.007400 0.000000 -0.999973
vn 0.007400 0.000000 -0.999973
vn -0.373097 0.000000 -0.927792
vn -0.373097 0.000000 -0.927792
vn -0.709303 0.000000 -0.704903
vn -0.709303 0.000000 -0.704903
vn -0.928911 0.000000 -0.370304
vn -0.928911 0.000000 -0.370304
vn -0.999973 0.000000 -0.007400
vn -0.999973 0.000000 -0.007400
vn -0.604104 -0.000000 0.796905
vn -0.604104 -0.000000 0.796905
vn -0.604104 -0.000000 0.796905
vn -0.604104 -0.000000 0.796905
vn -0.604104 -0.000000 0.796905
vn -0.604104 -0.000000 0.796905
vn -0.287495 -0.000000 0.957782
vn -0.287495 -0.000000 0.957782
vn 0.104898 -0.000000 0.994483
vn 0.104898 -0.000000 0.994483
vn 0.499313 -0.000000 0.866422
vn 0.499313 -0.000000 0.866422
vn 0.796905 -0.000000 0.604104
vn 0.796905 -0.000000 0.604104
vn 0.975136 -0.000000 0.221608
vn 0.975136 -0.000000 0.221608
vn 0.982170 0.000000 -0.187994
vn 0.982170 0.000000 -0.187994
vn 0.838622 0.000000 -0.544714
vn 0.838622 0.000000 -0.544714
vn 0.604104 0.000000 -0.796905
vn 0.604104 0.000000 -0.796905
vn 0.604104 0.000000 -0.796905
vn 0.604104 0.000000 -0.796905
vn 0.604104 0.000000 -0.796905
vn 0.604104 0.000000 -0.796905
vn 0.604104 0.000000 -0.796905
vn 0.604104 0.000000 -0.796905
vn 0.256088 0.000000 -0.966654
vn 0.256088 0.000000 -0.966654
vn -0.146502 0.000000 -0.989210
vn -0.146502 0.000000 -0.989210
vn -0.522897 0.000000 -0.852396
vn -0.522897 0.000000 -0.852396
vn -0.796905 0.000000 -0.604104
vn -0.796905 0.000000 -0.604104
vn -0.966654 0.000000 -0.256088
vn -0.966654 0.000000 -0.256088
vn -0.989181 -0.000000 0.146697
vn -0.989181 -0.000000 0.146697
vn -0.852396 -0.000000 0.522897
vn -0.852396 -0.000000 0.522897
vn -0.604104 -0.000000 0.796905
vn -0.604104 -0.000000 0.796905
vn 1.000000 -0.000000 0.000200
vn 1.000000 -0.000000 0.000200
vn 1.000000 -0.000000 0.000200
vn 1.000000 -0.000000 0.000200
vn 1.000000 -0.000000 0.000200
vn 1.000000 -0.000000 0.000200
vn 0.937010 0.000000 -0.349304
vn 0.937010 0.000000 -0.349304
vn 0.729394 0.000000 -0.684094
vn 0.729394 0.000000 -0.684094
vn 0.389098 0.000000 -0.921196
vn 0.389098 0.000000 -0.921196
vn 0.000200 0.000000 -1.000000
vn 0.000200 0.000000 -1.000000
vn -0.412197 0.000000 -0.911095
vn -0.412197 0.000000 -0.911095
vn -0.742951 0.000000 -0.669346
vn -0.742951 0.000000 -0.669346
vn -0.940605 0.000000 -0.339502
vn -0.940605 0.000000 -0.339502
vn -1.000000 0.000000 -0.000300
vn -1.000000 0.000000 -0.000300
vn -1.000000 0.000000 -0.000200
vn -1.000000 0.000000 -0.000200
vn -1.000000 0.000000 -0.000200
vn -1.000000 0.000000 -0.000200
vn -1.000000 0.000000 -0.000200
vn -1.000000 0.000000 -0.000200
vn -0.925108 -0.000000 0.379703
vn -0.925108 -0.000000 0.379703
vn -0.699870 -0.000000 0.714270
vn -0.699870 -0.000000 0.714270
vn -0.363705 -0.000000 0.931514
vn -0.363705 -0.000000 0.931514
vn -0.000200 -0.000000 1.000000
vn -0.000200 -0.000000 1.000000
vn 0.379703 -0.000000 0.925108
vn 0.379703 -0.000000 0.925108
vn 0.714270 -0.000000 0.699870
vn 0.714270 -0.000000 0.699870
vn 0.931514 -0.000000 0.363705
vn 0.931514 -0.000000 0.363705
vn 1.000000 -0.000000 0.000300
vn 1.000000 -0.000000 0.000300
vn -0.604104 0.000000 -0.796905
vn -0.604104 0.000000 -0.796905
vn -0.861551 0.000000 -0.507671
vn -0.861551 0.000000 -0.507671
vn -0.992017 0.000000 -0.126102
vn -0.992017 0.000000 -0.126102
vn -0.961987 -0.000000 0.273096
vn -0.961987 -0.000000 0.273096
vn -0.796905 -0.000000 0.604104
vn -0.796905 -0.000000 0.604104
vn -0.507671 -0.000000 0.861551
vn -0.507671 -0.000000 0.861551
vn -0.126102 -0.000000 0.992017
vn -0.126102 -0.000000 0.992017
vn 0.273096 -0.000000 0.961987
vn 0.273096 -0.000000 0.961987
vn 0.604104 -0.000000 0.796905
vn 0.604104 -0.000000 0.796905
vn 0.604104 -0.000000 0.796905
vn 0.604104 -0.000000 0.796905
vn 0.604104 -0.000000 0.796905
vn 0.604104 -0.000000 0.796905
vn 0.604104 -0.000000 0.796905
vn 0.604104 -0.000000 0.796905
vn 0.844525 -0.000000 0.535516
vn 0.844525 -0.000000 0.535516
vn 0.985820 -0.000000 0.167804
vn 0.985820 -0.000000 0.167804
vn 0.969092 0.000000 -0.246698
vn 0.969092 0.000000 -0.246698
vn 0.796905 0.000000 -0.604104
vn 0.796905 0.000000 -0.604104
vn 0.476882 0.000000 -0.878967
vn 0.476882 0.000000 -0.878967
vn 0.084403 0.000000 -0.996432
vn 0.084403 0.000000 -0.996432
vn -0.297808 0.000000 -0.954626
vn -0.297808 0.000000 -0.954626
vn -0.603992 0.000000 -0.796990
vn -0.603992 0.000000 -0.796990
vn -0.604104 0.000000 -0.796905
vn -0.604104 0.000000 -0.796905
vn -0.604104 0.000000 -0.796905
vn -0.604104 0.000000 -0.796905
vn 0.604104 0.000000 -0.796905
vn 0.604104 0.000000 -0.796905
vn 0.604104 0.000000 -0.796905
vn 0.604104 0.000000 -0.796905
vn 0.604104 0.000000 -0.796905
vn 0.604104 0.000000 -0.796905
vn 0.287495 0.000000 -0.957782
vn 0.287495 0.000000 -0.957782
vn -0.104898 0.000000 -0.994483
vn -0.104898 0.000000 -0.994483
vn -0.499313 0.000000 -0.866422
vn -0.499313 0.000000 -0.866422
vn -0.796905 0.000000 -0.604104
vn -0.796905 0.000000 -0.604104
vn -0.975136 0.000000 -0.221608
vn -0.975136 0.000000 -0.221608
vn -0.982170 -0.000000 0.187994
vn -0.982170 -0.000000 0.187994
vn -0.838622 -0.000000 0.544714
vn -0.838622 -0.000000 0.544714
vn -0.604104 -0.000000 0.796905
vn -0.604104 -0.000000 0.796905
vn -0.604104 -0.000000 0.796905
vn -0.604104 -0.000000 0.796905
vn -0.604104 -0.000000 0.796905
vn -0.604104 -0.000000 0.796905
vn -0.604104 -0.000000 0.796905
vn -0.604104 -0.000000 0.796905
vn -0.255994 -0.000000 0.966678
vn -0.255994 -0.000000 0.966678
vn 0.146502 -0.000000 0.989210
vn 0.146502 -0.000000 0.989210
vn 0.522897 -0.000000 0.852396
vn 0.522897 -0.000000 0.852396
vn 0.796905 -0.000000 0.604104
vn 0.796905 -0.000000 0.604104
vn 0.966678 -0.000000 0.255994
vn 0.966678 -0.000000 0.255994
vn 0.989210 0.000000 -0.146502
vn 0.989210 0.000000 -0.146502
vn 0.852396 0.000000 -0.522897
vn 0.852396 0.000000 -0.522897
vn 0.604104 0.000000 -0.796905
vn 0.604104 0.000000 -0.796905
vn 0.604104 -0.000000 0.796905
vn 0.604104 -0.000000 0.796905
vn 0.861551 -0.000000 0.507671
vn 0.861551 -0.000000 0.507671
vn 0.992017 -0.000000 0.126102
vn 0.992017 -0.000000 0.126102
vn 0.961987 0.000000 -0.273096
vn 0.961987 0.000000 -0.273096
vn 0.796905 0.000000 -0.604104
vn 0.796905 0.000000 -0.604104
vn 0.507671 0.000000 -0.861551
vn 0.507671 0.000000 -0.861551
vn 0.126102 0.000000 -0.992017
vn 0.126102 0.000000 -0.992017
vn -0.273096 0.000000 -0.961987
vn -0.273096 0.000000 -0.961987
vn -0.604104 0.000000 -0.796905
vn -0.604104 0.000000 -0.796905
vn -0.604104 0.000000 -0.796905
vn -0.604104 0.000000 -0.796905
vn -0.604104 0.000000 -0.796905
vn -0.604104 0.000000 -0.796905
vn -0.604104 0.000000 -0.796905
vn -0.604104 0.000100 -0.796905
vn -0.604104 0.000000 -0.796905
vn -0.604104 -0.000100 -0.796905
vn -0.604104 0.000000 -0.796905
vn -0.604104 0.000100 -0.796905
vn -0.604104 0.000000 -0.796905
vn -0.604104 0.000000 -0.796905
vn -0.604104 0.000000 -0.796905
vn -0.604104 -0.000100 -0.796905
vn -0.604104 0.000000 -0.796905
vn -0.604104 0.000100 -0.796905
vn -0.604104 0.000000 -0.796905
vn -0.604104 0.000000 -0.796905
vn -0.844525 0.000000 -0.535516
vn -0.844525 0.000000 -0.535516
vn -0.985837 0.000000 -0.167706
vn -0.985837 0.000000 -0.167706
vn -0.969092 -0.000000 0.246698
vn -0.969092 -0.000000 0.246698
vn -0.796905 -0.000000 0.604104
vn -0.796905 -0.000000 0.604104
vn -0.476805 -0.000000 0.879009
vn -0.476805 -0.000000 0.879009
vn -0.084403 -0.000000 0.996432
vn -0.084403 -0.000000 0.996432
vn 0.297808 -0.000000 0.954626
vn 0.297808 -0.000000 0.954626
vn 0.603992 -0.000000 0.796990
vn 0.603992 -0.000000 0.796990
vn 0.604104 -0.000000 0.796905
vn 0.604104 -0.000000 0.796905
vn 0.604104 -0.000000 0.796905
vn 0.604104 -0.000000 0.796905
vn 0.997031 -0.000000 0.077002
vn 0.997031 -0.000000 0.077002
vn 0.998704 0.000000 -0.050900
vn 0.998704 0.000000 -0.050900
vn 0.978868 0.000000 -0.204493
vn 0.978868 0.000000 -0.204493
vn 0.957600 0.000000 -0.288100
vn 0.957600 0.000000 -0.288100
vn 0.941429 0.000000 -0.337211
vn 0.941429 0.000000 -0.337211
vn 0.924168 0.000000 -0.381987
vn 0.924168 0.000000 -0.381987
vn 0.750112 0.000000 -0.661311
vn 0.750112 0.000000 -0.661311
vn 0.146599 0.000000 -0.989196
vn 0.146599 0.000000 -0.989196
vn -0.479202 0.000000 -0.877704
vn -0.479202 0.000000 -0.877704
vn -0.564218 0.000000 -0.825626
vn -0.564218 0.000000 -0.825626
vn -0.610001 0.000000 -0.792401
vn -0.610001 0.000000 -0.792401
vn -0.612028 0.000000 -0.790836
vn -0.612028 0.000000 -0.790836
vn -0.617203 0.000000 -0.786804
vn -0.617203 0.000000 -0.786804
vn -0.649695 0.000000 -0.760195
vn -0.649695 0.000000 -0.760195
vn -0.683372 0.000000 -0.730070
vn -0.683372 0.000000 -0.730070
vn -0.754500 0.000000 -0.656300
vn -0.754500 0.000000 -0.656300
vn -0.996682 0.000000 -0.081399
vn -0.996682 0.000000 -0.081399
vn -0.782301 -0.000000 0.622901
vn -0.782301 -0.000000 0.622901
vn -0.692203 -0.000000 0.721703
vn -0.692203 -0.000000 0.721703
vn -0.656300 -0.000000 0.754500
vn -0.656300 -0.000000 0.754500
vn -0.621898 -0.000000 0.783098
vn -0.621898 -0.000000 0.783098
vn -0.610001 -0.000000 0.792401
vn -0.610001 -0.000000 0.792401
vn -0.615075 -0.000000 0.788468
vn -0.615075 -0.000000 0.788468
vn -0.573912 -0.000000 0.818917
vn -0.573912 -0.000000 0.818917
vn -0.507715 -0.000000 0.861525
vn -0.507715 -0.000000 0.861525
vn -0.124601 -0.000000 0.992207
vn -0.124601 0.000100 0.992207
vn 0.677565 -0.000000 0.735462
vn 0.677565 -0.000000 0.735462
vn 0.917262 -0.000000 0.398284
vn 0.917262 -0.000000 0.398284
vn 0.938679 -0.000000 0.344792
vn 0.938679 -0.000000 0.344792
vn 0.954097 -0.000000 0.299499
vn 0.954097 -0.000000 0.299499
vn 0.973542 -0.000000 0.228510
vn 0.973542 -0.000000 0.228510
vn 0.997031 -0.000000 0.077002
vn 0.997031 -0.000000 0.077002
vn -0.997031 -0.000000 0.077002
vn -0.997031 -0.000000 0.077002
vn -0.973685 -0.000000 0.227897
vn -0.973685 -0.000000 0.227897
vn -0.954380 -0.000000 0.298594
vn -0.954380 -0.000000 0.298594
vn -0.938275 -0.000000 0.345891
vn -0.938275 -0.000000 0.345891
vn -0.917262 -0.000000 0.398284
vn -0.917262 -0.000000 0.398284
vn -0.676991 -0.000000 0.735991
vn -0.676991 -0.000000 0.735991
vn 0.112703 -0.000000 0.993629
vn 0.112703 -0.000000 0.993629
vn 0.506207 -0.000000 0.862412
vn 0.506207 -0.000000 0.862412
vn 0.574207 -0.000000 0.818710
vn 0.574207 -0.000000 0.818710
vn 0.615013 -0.000000 0.788517
vn 0.615013 -0.000000 0.788517
vn 0.610001 -0.000000 0.792401
vn 0.610001 -0.000000 0.792401
vn 0.621898 -0.000000 0.783098
vn 0.621898 -0.000000 0.783098
vn 0.656194 -0.000000 0.754593
vn 0.656194 -0.000000 0.754593
vn 0.691488 -0.000000 0.722388
vn 0.691488 -0.000000 0.722388
vn 0.781015 -0.000000 0.624512
vn 0.781015 -0.000000 0.624512
vn 0.998530 0.000000 -0.054202
vn 0.998530 0.000000 -0.054202
vn 0.754500 0.000000 -0.656300
vn 0.754500 0.000000 -0.656300
vn 0.683628 0.000000 -0.729830
vn 0.683628 0.000000 -0.729830
vn 0.649803 0.000000 -0.760103
vn 0.649803 0.000000 -0.760103
vn 0.617203 0.000000 -0.786804
vn 0.617203 0.000000 -0.786804
vn 0.611473 0.000000 -0.791265
vn 0.611473 0.000000 -0.791265
vn 0.610904 0.000000 -0.791705
vn 0.610904 0.000000 -0.791705
vn 0.564103 0.000000 -0.825704
vn 0.564103 0.000000 -0.825704
vn 0.484615 0.000000 -0.874727
vn 0.484615 0.000000 -0.874727
vn -0.089598 0.000000 -0.995978
vn -0.089598 0.000000 -0.995978
vn -0.745076 0.000000 -0.666979
vn -0.745076 0.000000 -0.666979
vn -0.924819 0.000000 -0.380408
vn -0.924819 0.000000 -0.380408
vn -0.941366 0.000000 -0.337388
vn -0.941366 0.000000 -0.337388
vn -0.957573 0.000000 -0.288192
vn -0.957573 0.000000 -0.288192
vn -0.978574 0.000000 -0.205895
vn -0.978574 0.000000 -0.205895
vn -0.998729 0.000000 -0.050401
vn -0.998729 0.000000 -0.050401
vn -0.997031 -0.000000 0.077002
vn -0.997031 -0.000000 0.077002
vn 1.000000 0.000000 0.000000
vn 1.000000 0.000000 0.000000
vn 0.925024 0.000000 -0.379910
vn 0.925024 0.000000 -0.379910
vn 0.699718 0.000000 -0.714419
vn 0.699718 0.000000 -0.714419
vn 0.363498 0.000000 -0.931595
vn 0.363498 0.000000 -0.931595
vn 0.000000 0.000000 -1.000000
vn 0.000000 0.000000 -1.000000
vn -0.379910 0.000000 -0.925024
vn -0.379910 0.000000 -0.925024
vn -0.714369 0.000000 -0.699769
vn -0.714369 0.000000 -0.699769
vn -0.931595 0.000000 -0.363498
vn -0.931595 0.000000 -0.363498
vn -1.000000 0.000000 0.000000
vn -1.000000 0.000000 0.000000
vn -0.925024 -0.000000 0.379910
vn -0.925024 -0.000000 0.379910
vn -0.699718 -0.000000 0.714419
vn -0.699718 -0.000000 0.714419
vn -0.363498 -0.000000 0.931595
vn -0.363498 -0.000000 0.931595
vn 0.000000 -0.000000 1.000000
vn 0.000000 -0.000000 1.000000
vn 0.379910 -0.000000 0.925024
vn 0.379910 -0.000000 0.925024
vn 0.714369 -0.000000 0.699769
vn 0.714369 -0.000000 0.699769
vn 0.931595 -0.000000 0.363498
vn 0.931595 -0.000000 0.363498
vn 1.000000 0.000000 0.000000
vn 1.000000 0.000000 0.000000
vn 1.000000 0.000000 0.000000
vn 1.000000 0.000000 0.000000
vn 0.925024 0.000000 -0.379910
vn 0.925024 0.000000 -0.379910
vn 0.699718 0.000000 -0.714419
vn 0.699718 0.000000 -0.714419
vn 0.363498 0.000000 -0.931595
vn 0.363498 0.000000 -0.931595
vn 0.000000 0.000000 -1.000000
vn 0.000000 0.000000 -1.000000
vn -0.379910 0.000000 -0.925024
vn -0.379910 0.000000 -0.925024
vn -0.714468 0.000000 -0.699668
vn -0.714468 0.000000 -0.699668
vn -0.931595 0.000000 -0.363498
vn -0.931595 0.000000 -0.363498
vn -1.000000 0.000000 0.000000
vn -1.000000 0.000000 0.000000
vn -0.925024 -0.000000 0.379910
vn -0.925024 -0.000000 0.379910
vn -0.699718 -0.000000 0.714419
vn -0.699718 -0.000000 0.714419
vn -0.363411 -0.000000 0.931629
vn -0.363411 -0.000000 0.931629
vn 0.000000 -0.000000 1.000000
vn 0.000000 -0.000000 1.000000
vn 0.379910 -0.000000 0.925024
vn 0.379910 -0.000000 0.925024
vn 0.714468 -0.000000 0.699668
vn 0.714468 -0.000000 0.699668
vn 0.931629 -0.000000 0.363411
vn 0.931629 -0.000000 0.363411
vn 1.000000 0.000000 0.000000
vn 1.000000 0.000000 0.000000
vn 1.000000 0.000000 0.000000
vn 1.000000 0.000000 0.000000
vn 0.925024 0.000000 -0.379910
vn 0.925024 0.000000 -0.379910
vn 0.699668 0.000000 -0.714468
vn 0.699668 0.000000 -0.714468
vn 0.363498 0.000000 -0.931595
vn 0.363498 0.000000 -0.931595
vn 0.000000 0.000000 -1.000000
vn 0.000000 0.000000 -1.000000
vn -0.379910 0.000000 -0.925024
vn -0.379910 0.000000 -0.925024
vn -0.714419 0.000000 -0.699718
vn -0.714419 0.000000 -0.699718
vn -0.931595 0.000000 -0.363498
vn -0.931595 0.000000 -0.363498
vn -1.000000 0.000000 0.000000
vn -1.000000 0.000000 0.000000
vn -0.925024 -0.000000 0.379910
vn -0.925024 -0.000000 0.379910
vn -0.699718 -0.000000 0.714419
vn -0.699718 -0.000000 0.714419
vn -0.363498 -0.000000 0.931595
vn -0.363498 -0.000000 0.931595
vn 0.000000 -0.000000 1.000000
vn 0.000000 -0.000000 1.000000
vn 0.379910 -0.000000 0.925024
vn 0.379910 -0.000000 0.925024
vn 0.714419 -0.000000 0.699718
vn 0.714419 -0.000000 0.699718
vn 0.931595 -0.000000 0.363498
vn 0.931595 -0.000000 0.363498
vn 1.000000 0.000000 0.000000
vn 1.000000 0.000000 0.000000
vn 1.000000 0.000000 0.000000
vn 1.000000 0.000000 0.000000
vn 0.925024 0.000000 -0.379910
vn 0.925024 0.000000 -0.379910
vn 0.699668 0.000000 -0.714468
vn 0.699668 0.000000 -0.714468
vn 0.363498 0.000000 -0.931595
vn 0.363498 0.000000 -0.931595
vn 0.000000 0.000000 -1.000000
vn 0.000000 0.000000 -1.000000
vn -0.379910 0.000000 -0.925024
vn -0.379910 0.000000 -0.925024
vn -0.714419 0.000000 -0.699718
vn -0.714419 0.000000 -0.699718
vn -0.931595 0.000000 -0.363498
vn -0.931595 0.000000 -0.363498
vn -1.000000 0.000000 0.000000
vn -1.000000 0.000000 0.000000
vn -0.925024 -0.000000 0.379910
vn -0.925024 -0.000000 0.379910
vn -0.699718 -0.000000 0.714419
vn -0.699718 -0.000000 0.714419
vn -0.363498 -0.000000 0.931595
vn -0.363498 -0.000000 0.931595
vn 0.000000 -0.000000 1.000000
vn 0.000000 -0.000000 1.000000
vn 0.379910 -0.000000 0.925024
vn 0.379910 -0.000000 0.925024
vn 0.714419 -0.000000 0.699718
vn 0.714419 -0.000000 0.699718
vn 0.931595 -0.000000 0.363498
vn 0.931595 -0.000000 0.363498
vn 1.000000 0.000000 0.000000
vn 1.000000 0.000000 0.000000
vn 1.000000 0.000000 0.000000
vn 1.000000 0.000000 0.000000
vn 0.925024 0.000000 -0.379910
vn 0.925024 0.000000 -0.379910
vn 0.699718 0.000000 -0.714419
vn 0.699718 0.000000 -0.714419
vn 0.363498 0.000000 -0.931595
vn 0.363498 0.000000 -0.931595
vn 0.000000 0.000000 -1.000000
vn 0.000000 0.000000 -1.000000
vn -0.379910 0.000000 -0.925024
vn -0.379910 0.000000 -0.925024
vn -0.714419 0.000000 -0.699718
vn -0.714419 0.000000 -0.699718
vn -0.931595 0.000000 -0.363498
vn -0.931595 0.000000 -0.363498
vn -1.000000 0.000000 0.000000
vn -1.000000 0.000000 0.000000
vn -0.925024 -0.000000 0.379910
vn -0.925024 -0.000000 0.379910
vn -0.699718 -0.000000 0.714419
vn -0.699718 -0.000000 0.714419
vn -0.363498 -0.000000 0.931595
vn -0.363498 -0.000000 0.931595
vn 0.000000 -0.000000 1.000000
vn 0.000000 -0.000000 1.000000
vn 0.379910 -0.000000 0.925024
vn 0.379910 -0.000000 0.925024
vn 0.714468 -0.000000 0.699668
vn 0.714468 -0.000000 0.699668
vn 0.931595 -0.000000 0.363498
vn 0.931595 -0.000000 0.363498
vn 1.000000 0.000000 0.000000
vn 1.000000 0.000000 0.000000
vn -0.762129 -0.000000 0.647425
vn -0.762129 -0.000000 0.647425
vn -0.659078 -0.000000 0.752075
vn -0.659078 -0.000000 0.752075
vn -0.628784 -0.000000 0.777580
vn -0.628784 -0.000000 0.777580
vn -0.611299 -0.000000 0.791399
vn -0.611299 -0.000000 0.791399
vn -0.596105 -0.000000 0.802907
vn -0.596105 -0.000000 0.802907
vn -0.579373 -0.000000 0.815062
vn -0.579373 -0.000000 0.815062
vn -0.540591 -0.000000 0.841286
vn -0.540591 -0.000000 0.841286
vn -0.177002 -0.000000 0.984211
vn -0.177002 -0.000000 0.984211
vn 0.908867 -0.000000 0.417085
vn 0.908867 -0.000000 0.417085
vn 0.986109 -0.000000 0.166101
vn 0.986109 -0.000000 0.166101
vn 0.995960 -0.000000 0.089796
vn 0.995960 -0.000000 0.089796
vn 0.997943 -0.000000 0.064103
vn 0.997943 -0.000000 0.064103
vn 0.999742 -0.000000 0.022701
vn 0.999742 -0.000000 0.022701
vn 0.999334 0.000000 -0.036501
vn 0.999334 0.000000 -0.036501
vn 0.996954 0.000000 -0.077996
vn 0.996954 0.000000 -0.077996
vn 0.979980 0.000000 -0.199096
vn 0.979980 0.000100 -0.199096
vn 0.007600 0.000000 -0.999971
vn 0.007600 0.000000 -0.999971
vn -0.242700 0.000000 -0.970101
vn -0.242700 0.000000 -0.970101
vn -0.320005 0.000000 -0.947416
vn -0.320005 0.000000 -0.947416
vn -0.400992 0.000000 -0.916082
vn -0.400992 0.000000 -0.916082
vn -0.469197 0.000000 -0.883094
vn -0.469197 0.000000 -0.883094
vn -0.540823 0.000000 -0.841136
vn -0.540823 0.000000 -0.841136
vn -0.594208 0.000000 -0.804311
vn -0.594208 0.000000 -0.804311
vn -0.749409 0.000000 -0.662108
vn -0.749409 0.000000 -0.662108
vn -0.762129 -0.000000 0.647425
vn -0.762129 -0.000000 0.647425
vn 0.762129 0.000000 -0.647425
vn 0.762129 0.000000 -0.647425
vn 0.659078 0.000000 -0.752075
vn 0.659078 0.000000 -0.752075
vn 0.628784 0.000000 -0.777580
vn 0.628784 0.000000 -0.777580
vn 0.611299 0.000000 -0.791399
vn 0.611299 0.000000 -0.791399
vn 0.596394 0.000000 -0.802692
vn 0.596394 0.000000 -0.802692
vn 0.579373 0.000000 -0.815062
vn 0.579373 0.000000 -0.815062
vn 0.540591 0.000000 -0.841286
vn 0.540591 0.000000 -0.841286
vn 0.177002 0.000000 -0.984211
vn 0.177002 0.000000 -0.984211
vn -0.908867 -0.000100 -0.417085
vn -0.908867 0.000000 -0.417085
vn -0.986109 0.000000 -0.166101
vn -0.986109 0.000000 -0.166101
vn -0.995960 0.000000 -0.089796
vn -0.995960 0.000000 -0.089796
vn -0.997943 0.000000 -0.064103
vn -0.997943 0.000000 -0.064103
vn -0.999740 0.000000 -0.022801
vn -0.999740 0.000000 -0.022801
vn -0.999334 -0.000000 0.036501
vn -0.999334 -0.000000 0.036501
vn -0.996954 -0.000000 0.077996
vn -0.996954 -0.000000 0.077996
vn -0.979980 -0.000000 0.199096
vn -0.979980 0.000100 0.199096
vn -0.007600 -0.000000 0.999971
vn -0.007600 -0.000000 0.999971
vn 0.242700 -0.000000 0.970101
vn 0.242700 -0.000000 0.970101
vn 0.320005 -0.000000 0.947416
vn 0.320005 -0.000000 0.947416
vn 0.400992 -0.000000 0.916082
vn 0.400992 -0.000000 0.916082
vn 0.469197 -0.000000 0.883094
vn 0.469197 -0.000000 0.883094
vn 0.540823 -0.000000 0.841136
vn 0.540823 -0.000000 0.841136
vn 0.594208 -0.000000 0.804311
vn 0.594208 -0.000000 0.804311
vn 0.749409 -0.000000 0.662108
vn 0.749409 -0.000000 0.662108
vn 0.762129 0.000000 -0.647425
vn 0.762129 0.000000 -0.647425
vn -0.762129 0.000000 -0.647425
vn -0.762129 0.000000 -0.647425
vn -0.739193 -0.000000 0.673494
vn -0.739193 -0.000000 0.673494
vn -0.595880 -0.000000 0.803073
vn -0.595880 -0.000000 0.803073
vn -0.542409 -0.000000 0.840114
vn -0.542409 -0.000000 0.840114
vn -0.469591 -0.000000 0.882884
vn -0.469591 -0.000000 0.882884
vn -0.399801 -0.000000 0.916602
vn -0.399801 -0.000000 0.916602
vn -0.322790 -0.000000 0.946471
vn -0.322790 -0.000000 0.946471
vn -0.239899 -0.000000 0.970798
vn -0.239899 -0.000000 0.970798
vn -0.011100 -0.000000 0.999938
vn -0.011100 -0.000000 0.999938
vn 0.980442 -0.000000 0.196808
vn 0.980442 -0.000000 0.196808
vn 0.997085 -0.000000 0.076299
vn 0.997085 -0.000000 0.076299
vn 0.999319 -0.000000 0.036901
vn 0.999319 -0.000000 0.036901
vn 0.999779 0.000000 -0.021000
vn 0.999779 0.000000 -0.021000
vn 0.997937 0.000000 -0.064202
vn 0.997937 0.000000 -0.064202
vn 0.995951 0.000000 -0.089896
vn 0.995951 0.000000 -0.089896
vn 0.986109 0.000000 -0.166101
vn 0.986109 0.000000 -0.166101
vn 0.899273 0.000000 -0.437387
vn 0.899273 0.000000 -0.437387
vn -0.168695 -0.000100 -0.985668
vn -0.168695 0.000000 -0.985668
vn -0.540520 0.000000 -0.841331
vn -0.540520 0.000000 -0.841331
vn -0.579079 0.000000 -0.815271
vn -0.579079 0.000000 -0.815271
vn -0.596282 0.000000 -0.802775
vn -0.596282 0.000000 -0.802775
vn -0.610904 0.000000 -0.791705
vn -0.610904 0.000000 -0.791705
vn -0.628675 0.000000 -0.777669
vn -0.628675 0.000000 -0.777669
vn -0.659078 0.000000 -0.752075
vn -0.659078 0.000000 -0.752075
vn -0.762129 0.000000 -0.647425
vn -0.762129 0.000000 -0.647425
vn -0.999996 0.000000 -0.002900
vn -0.999996 -0.000000 0.002800
vn -0.981062 0.000000 -0.193693
vn -0.981062 0.000000 -0.193693
vn -0.956757 0.000000 -0.290887
vn -0.956757 0.000000 -0.290887
vn -0.947183 0.000000 -0.320694
vn -0.947183 0.000000 -0.320694
vn -0.975972 0.000000 -0.217894
vn -0.975972 0.000000 -0.217894
vn -0.998621 -0.000000 0.052501
vn -0.998621 -0.000000 0.052501
vn -0.987978 0.000000 -0.154597
vn -0.987978 0.000000 -0.154597
vn -0.768705 0.000000 -0.639604
vn -0.768705 0.000000 -0.639604
vn -0.199096 0.000000 -0.979980
vn -0.199096 0.000000 -0.979980
vn -0.039601 0.000000 -0.999216
vn -0.039601 0.000000 -0.999216
vn -0.430780 0.000000 -0.902457
vn -0.430780 0.000000 -0.902457
vn -0.504387 0.000000 -0.863478
vn -0.504387 0.000000 -0.863478
vn -0.457106 0.000000 -0.889412
vn -0.457106 0.000000 -0.889412
vn -0.368009 0.000000 -0.929822
vn -0.368009 0.000000 -0.929822
vn -0.315898 0.000000 -0.948793
vn -0.315898 0.000000 -0.948793
vn -0.678293 0.000000 -0.734792
vn -0.678293 0.000000 -0.734792
vn -0.669716 0.000000 -0.742618
vn -0.669716 0.000000 -0.742618
vn -0.190305 0.000000 -0.981725
vn -0.190305 0.000000 -0.981725
vn 0.212799 0.000000 -0.977096
vn 0.212799 0.000000 -0.977096
vn 0.692815 0.000000 -0.721116
vn 0.692815 0.000000 -0.721116
vn 0.655334 0.000000 -0.755339
vn 0.655334 0.000000 -0.755339
vn 0.316408 0.000000 -0.948623
vn 0.316408 0.000000 -0.948623
vn 0.373510 0.000000 -0.927626
vn 0.373510 0.000000 -0.927626
vn 0.461318 0.000000 -0.887235
vn 0.461318 0.000000 -0.887235
vn 0.504580 0.000000 -0.863365
vn 0.504580 0.000000 -0.863365
vn 0.417085 0.000000 -0.908867
vn 0.417085 0.000000 -0.908867
vn 0.034001 0.000000 -0.999422
vn 0.034001 0.000000 -0.999422
vn 0.216899 0.000000 -0.976194
vn 0.216899 0.000000 -0.976194
vn 0.796386 0.000000 -0.604789
vn 0.796386 0.000000 -0.604789
vn 0.992665 0.000000 -0.120896
vn 0.992665 0.000000 -0.120896
vn 0.999084 -0.000000 0.042799
vn 0.999084 -0.000000 0.042799
vn 0.973213 0.000000 -0.229903
vn 0.973213 0.000000 -0.229903
vn 0.947081 0.000000 -0.320994
vn 0.947081 0.000000 -0.320994
vn 0.958109 0.000000 -0.286403
vn 0.958109 0.000000 -0.286403
vn 0.982530 0.000000 -0.186106
vn 0.982530 0.000000 -0.186106
vn 1.000000 0.000000 0.000000
vn 1.000000 0.000000 0.000000
vn 0.980019 -0.000000 0.198904
vn 0.980019 -0.000000 0.198904
vn 0.955963 -0.000000 0.293489
vn 0.955963 -0.000000 0.293489
vn 0.947284 -0.000000 0.320395
vn 0.947284 -0.000000 0.320395
vn 0.978574 -0.000000 0.205895
vn 0.978574 -0.000000 0.205895
vn 0.998397 0.000000 -0.056600
vn 0.998397 0.000000 -0.056600
vn 0.987962 -0.000000 0.154694
vn 0.987962 -0.000000 0.154694
vn 0.752403 -0.000000 0.658703
vn 0.752403 -0.000000 0.658703
vn 0.184602 -0.000000 0.982813
vn 0.184602 -0.000000 0.982813
vn 0.047698 -0.000000 0.998862
vn 0.047698 0.000100 0.998862
vn 0.438593 -0.000000 0.898686
vn 0.438593 -0.000000 0.898686
vn 0.504194 -0.000000 0.863590
vn 0.504194 -0.000000 0.863590
vn 0.454080 -0.000000 0.890961
vn 0.454080 -0.000000 0.890961
vn 0.365210 -0.000000 0.930925
vn 0.365210 -0.000000 0.930925
vn 0.315988 -0.000000 0.948763
vn 0.315988 -0.000000 0.948763
vn 0.704703 -0.000000 0.709503
vn 0.704703 -0.000000 0.709503
vn 0.671816 -0.000000 0.740718
vn 0.671816 -0.000000 0.740718
vn 0.257308 -0.000000 0.966329
vn 0.257308 -0.000000 0.966329
vn -0.283704 -0.000000 0.958912
vn -0.283704 -0.000000 0.958912
vn -0.690671 -0.000000 0.723169
vn -0.690671 -0.000000 0.723169
vn -0.655334 -0.000000 0.755339
vn -0.655334 -0.000000 0.755339
vn -0.315898 -0.000000 0.948793
vn -0.315898 -0.000000 0.948793
vn -0.370511 -0.000000 0.928828
vn -0.370511 -0.000000 0.928828
vn -0.458179 -0.000000 0.888860
vn -0.458179 -0.000000 0.888860
vn -0.504580 -0.000000 0.863365
vn -0.504580 -0.000000 0.863365
vn -0.432796 -0.000000 0.901492
vn -0.432796 -0.000000 0.901492
vn -0.034101 -0.000000 0.999418
vn -0.034101 -0.000000 0.999418
vn -0.216899 -0.000000 0.976194
vn -0.216899 -0.000000 0.976194
vn -0.781191 -0.000000 0.624293
vn -0.781191 -0.000000 0.624293
vn -0.992665 -0.000000 0.120896
vn -0.992665 -0.000000 0.120896
vn -0.998818 0.000000 -0.048601
vn -0.998818 0.000000 -0.048601
vn -0.975972 -0.000000 0.217894
vn -0.975972 -0.000000 0.217894
vn -0.947112 -0.000000 0.320904
vn -0.947112 -0.000000 0.320904
vn -0.956997 -0.000000 0.290099
vn -0.956997 -0.000000 0.290099
vn -0.981650 -0.000000 0.190690
vn -0.981650 -0.000000 0.190690
vn -0.999996 0.000000 -0.002900
vn -0.999996 -0.000000 0.002800
vn 0.000000 -1.000000 -0.000000
vn 0.000000 -1.000000 -0.000000
vn 0.000000 -1.000000 -0.000000
vn 0.000000 -1.000000 -0.000000
vn 0.000000 -1.000000 -0.000000
vn 0.000000 -1.000000 -0.000000
vn 0.000000 -1.000000 -0.000000
vn 0.000000 -1.000000 -0.000000
vn 0.000000 -1.000000 -0.000000
vn 0.000000 -1.000000 -0.000000
vn 0.000000 -1.000000 -0.000000
vn 0.000000 -1.000000 -0.000000
vn 0.000000 -1.000000 -0.000000
vn 0.000000 -1.000000 -0.000000
vn 0.000000 -1.000000 -0.000000
vn 0.000000 -1.000000 -0.000000
vn 0.000000 -1.000000 -0.000000
vn 0.000000 -1.000000 -0.000000
vn 0.000000 -1.000000 -0.000000
vn 0.000000 -1.000000 -0.000000
vn 0.000000 -1.000000 -0.000000
vn 0.000000 -1.000000 -0.000000
vn 0.000000 -1.000000 -0.000000
vn 0.000000 -1.000000 -0.000000
vn 0.000000 -1.000000 -0.000000
vn 0.000000 -1.000000 -0.000000
vn 0.000000 -1.000000 -0.000000
vn 0.000000 -1.000000 -0.000000
vn 0.000000 -1.000000 -0.000000
vn 0.000000 -1.000000 -0.000000
vn 0.000000 -1.000000 -0.000000
vn 0.000000 -1.000000 -0.000000
vn 0.000000 -1.000000 -0.000000
vn 0.000000 -1.000000 -0.000000
vn 0.000000 -1.000000 -0.000000
vn 0.000000 -1.000000 -0.000000
vn 0.000000 -1.000000 -0.000000
vn 0.000000 -1.000000 -0.000000
vn 0.000000 -1.000000 -0.000000
vn 0.000000 -1.000000 -0.000000
vn 0.000000 -1.000000 -0.000000
vn 0.000000 -1.000000 -0.000000
vn 0.000000 -1.000000 -0.000000
vn 0.000000 -1.000000 -0.000000
vn 0.000000 -1.000000 -0.000000
vn 0.000000 -1.000000 -0.000000
vn 0.000000 -1.000000 -0.000000
vn 0.000000 -1.000000 -0.000000
vn 0.000000 -1.000000 -0.000000
vn 0.000000 -1.000000 -0.000000
vn 0.000000 -1.000000 -0.000000
vn 0.000000 -1.000000 -0.000000
vn 0.000000 -1.000000 -0.000000
vn 0.000000 -1.000000 -0.000000
vn 0.000000 -1.000000 -0.000000
vn 0.000000 -1.000000 -0.000000
vn 0.000000 -1.000000 -0.000000
vn 0.000000 -1.000000 -0.000000
vn 0.000000 -1.000000 -0.000000
vn 0.000000 -1.000000 -0.000000
vn 0.000000 -1.000000 -0.000000
vn 0.000000 -1.000000 -0.000000
vn 0.000000 -1.000000 -0.000000
vn 0.000000 -1.000000 -0.000000
vn 0.000000 -1.000000 -0.000000
vn 0.000000 -1.000000 -0.000000
vn 0.000000 -1.000000 -0.000000
vn 0.000000 -1.000000 -0.000000
vn 0.000000 -1.000000 -0.000000
vn 0.000000 -1.000000 -0.000000
vn 0.000000 -1.000000 -0.000000
vn 0.000000 -1.000000 -0.000000
vn 0.000000 -1.000000 -0.000000
vn 0.000000 -1.000000 -0.000000
vn 0.000000 -1.000000 -0.000000
vn 0.000000 -1.000000 -0.000000
vn 0.000000 -1.000000 -0.000000
vn 0.000000 -1.000000 -0.000000
vn 0.000000 -1.000000 -0.000000
vn 0.000000 -1.000000 -0.000000
vn 0.000000 -1.000000 -0.000000
vn 0.000000 -1.000000 -0.000000
vn 0.000000 -1.000000 -0.000000
vn 0.000000 -1.000000 -0.000000
vn 0.000000 -1.000000 -0.000000
vn 0.000000 -1.000000 -0.000000
vn 0.000000 -1.000000 -0.000000
vn 0.000000 -1.000000 -0.000000
vn 0.000000 -1.000000 -0.000000
vn 0.000000 -1.000000 -0.000000
vn 0.000000 -1.000000 -0.000000
vn 0.000000 -1.000000 -0.000000
vn 0.000000 -1.000000 -0.000000
vn 0.000000 -1.000000 -0.000000
vn 0.000000 -1.000000 -0.000000
vn 0.000000 -1.000000 -0.000000
vn 0.000000 -1.000000 -0.000000
vn 0.000000 -1.000000 -0.000000
vn 0.000000 -1.000000 -0.000000
vn 0.000000 -1.000000 -0.000000
vn 0.000000 -1.000000 -0.000000
vn 0.000000 -1.000000 -0.000000
vn 0.000000 -1.000000 -0.000000
vn 0.000000 -1.000000 -0.000000
vn 0.000000 -1.000000 -0.000000
vn 0.000000 -1.000000 -0.000000
vn 0.000000 -1.000000 -0.000000
vn 0.000000 -1.000000 -0.000000
vn 0.000000 -1.000000 -0.000000
vn 0.000000 -1.000000 -0.000000
vn 0.000000 -1.000000 -0.000000
vn 0.000000 -1.000000 -0.000000
vn 0.000000 -1.000000 -0.000000
vn 0.000000 -1.000000 -0.000000
vn 0.000000 -1.000000 -0.000000
vn 0.000000 -1.000000 -0.000000
vn 0.000000 -1.000000 -0.000000
vn 0.000000 -1.000000 -0.000000
vn 0.000000 -1.000000 -0.000000
vn 0.000000 -1.000000 -0.000000
vn 0.000000 -1.000000 -0.000000
vn 0.000000 -1.000000 -0.000000
vn 0.000000 -1.000000 -0.000000
vn 0.000000 -1.000000 -0.000000
vn 0.000000 -1.000000 -0.000000
vn 0.000000 -1.000000 -0.000000
vn 0.000000 -1.000000 -0.000000
vn 0.000000 -1.000000 -0.000000
vn 0.000000 -1.000000 -0.000000
vn 0.000000 -1.000000 -0.000000
vn 0.000000 -1.000000 -0.000000
vn 0.000000 -1.000000 -0.000000
vn 0.000000 -1.000000 -0.000000
vn 0.000000 -1.000000 -0.000000
vn 0.000000 -1.000000 -0.000000
vn 0.000000 -1.000000 -0.000000
vn 0.000000 -1.000000 -0.000000
vn 0.000000 -1.000000 -0.000000
vn 0.000000 -1.000000 -0.000000
vn 0.000000 -1.000000 -0.000000
vn 0.000000 -1.000000 -0.000000
vn 0.000000 -1.000000 -0.000000
vn 0.000000 -1.000000 -0.000000
vn 0.000000 -1.000000 -0.000000
vn 0.000000 -1.000000 -0.000000
vn 0.000000 -1.000000 -0.000000
vn 0.000000 -1.000000 -0.000000
vn 0.000000 -1.000000 -0.000000
vn 0.000000 -1.000000 -0.000000
vn 0.000000 -1.000000 -0.000000
vn 0.000000 -1.000000 -0.000000
vn 0.000000 -1.000000 -0.000000
vn 0.000000 -1.000000 -0.000000
vn 0.000000 -1.000000 -0.000000
vn 0.000000 -1.000000 -0.000000
vn 0.000000 -1.000000 -0.000000
vn 0.000000 -1.000000 -0.000000
vn 0.000000 -1.000000 -0.000000
vn 0.000000 -1.000000 -0.000000
vn 0.000000 -1.000000 -0.000000
vn 0.000000 -1.000000 -0.000000
vn 0.000000 -1.000000 -0.000000
vn 0.000000 -1.000000 -0.000000
vn 0.000000 -1.000000 -0.000000
vn 0.000000 -1.000000 -0.000000
vn 0.000000 -1.000000 -0.000000
vn 0.000000 -1.000000 -0.000000
vn 0.000000 -1.000000 -0.000000
vn 0.000000 -1.000000 -0.000000
vn 0.000000 -1.000000 -0.000000
vn 0.000000 -1.000000 -0.000000
vn 0.000000 -1.000000 -0.000000
vn 0.000000 -1.000000 -0.000000
vn 0.000000 -1.000000 -0.000000
vn 0.000000 -1.000000 -0.000000
vn 0.000000 -1.000000 -0.000000
vn 0.000000 -1.000000 -0.000000
vn 0.000000 -1.000000 -0.000000
vn 0.000000 -1.000000 -0.000000
vn 0.000000 -1.000000 -0.000000
vn 0.000000 -1.000000 -0.000000
vn 0.000000 -1.000000 -0.000000
vn 0.000000 -1.000000 -0.000000
vn 0.000000 -1.000000 -0.000000
vn 0.000000 -1.000000 -0.000000
vn 0.000000 -1.000000 -0.000000
vn 0.000000 -1.000000 -0.000000
vn 0.000000 -1.000000 -0.000000
vn 0.000000 -1.000000 -0.000000
vn 0.000000 -1.000000 -0.000000
vn 0.000000 -1.000000 -0.000000
vn 0.000000 -1.000000 -0.000000
vn 0.000000 -1.000000 -0.000000
vn 0.000000 -1.000000 -0.000000
vn 0.000000 -1.000000 -0.000000
vn 0.000000 -1.000000 -0.000000
vn 0.000000 -1.000000 -0.000000
vn 0.000000 -1.000000 -0.000000
vn 0.000000 -1.000000 -0.000000
vn 0.000000 -1.000000 -0.000000
vn 0.000000 -1.000000 -0.000000
vn 0.000000 -1.000000 -0.000000
vn 0.000000 -1.000000 -0.000000
vn 0.000000 -1.000000 -0.000000
vn 0.000000 -1.000000 -0.000000
vn 0.000000 -1.000000 -0.000000
vn 0.000000 -1.000000 -0.000000
vn 0.000000 -1.000000 -0.000000
vn 0.000000 -1.000000 -0.000000
vn 0.000000 -1.000000 -0.000000
vn 0.000000 -1.000000 -0.000000
vn 0.000000 -1.000000 -0.000000
vn 0.000000 -1.000000 -0.000000
vn 0.000000 -1.000000 -0.000000
vn 0.000000 -1.000000 -0.000000
vn 0.000000 -1.000000 -0.000000
vn 0.000000 -1.000000 -0.000000
vn 0.000000 -1.000000 -0.000000
vn 0.000000 -1.000000 -0.000000
vn 0.000000 -1.000000 -0.000000
vn 0.000000 -1.000000 -0.000000
vn 0.000000 -1.000000 -0.000000
vn 0.000000 -1.000000 -0.000000
vn 0.000000 -1.000000 -0.000000
vn 0.000000 -1.000000 -0.000000
vn 0.000000 -1.000000 -0.000000
vn 0.000000 -1.000000 -0.000000
vn 0.000000 -1.000000 -0.000000
vn 0.000000 -1.000000 -0.000000
vn 0.000000 -1.000000 -0.000000
vn 0.000000 -1.000000 -0.000000
vn 0.000000 -1.000000 -0.000000
vn 0.000000 -1.000000 -0.000000
vn 0.000000 -1.000000 -0.000000
vn 0.000000 -1.000000 -0.000000
vn 0.000000 -1.000000 -0.000000
vn 0.000000 -1.000000 -0.000000
vn 0.000000 -1.000000 -0.000000
vn 0.000000 -1.000000 -0.000000
vn 0.000000 -1.000000 -0.000000
vn 0.000000 -1.000000 -0.000000
vn 0.000000 -1.000000 -0.000000
vn 0.000000 -1.000000 -0.000000
vn 0.000000 -1.000000 -0.000000
vn 0.000000 -1.000000 -0.000000
vn 0.000000 -1.000000 -0.000000
vn 0.000000 -1.000000 -0.000000
vn 0.000000 -1.000000 -0.000000
vn 0.000000 -1.000000 -0.000000
vn 0.000000 -1.000000 -0.000000
vn 0.000000 -1.000000 -0.000000
vn 0.000000 -1.000000 -0.000000
vn 0.000000 -1.000000 -0.000000
vn 0.000000 -1.000000 -0.000000
vn 0.000000 -1.000000 -0.000000
vn 0.000000 -1.000000 -0.000000
vn 0.000000 -1.000000 -0.000000
vn 0.000000 -1.000000 -0.000000
vn 0.000000 -1.000000 -0.000000
vn 0.000000 -1.000000 -0.000000
vn 0.000000 -1.000000 -0.000000
vn 0.000000 -1.000000 -0.000000
vn 0.000000 -1.000000 -0.000000
vn 0.000000 -1.000000 -0.000000
vn 0.000000 -1.000000 -0.000000
vn 0.000000 -1.000000 -0.000000
vn 0.000000 -1.000000 -0.000000
vn 0.000000 -1.000000 -0.000000
vn 0.000000 -1.000000 -0.000000
vn 0.000000 -1.000000 -0.000000
vn 0.000000 -1.000000 -0.000000
vn 0.000000 -1.000000 -0.000000
vn 0.000000 -1.000000 -0.000000
vn 0.000000 -1.000000 -0.000000
vn 0.000000 -1.000000 -0.000000
vn 0.000000 -1.000000 -0.000000
vn 0.000000 -1.000000 -0.000000
vn 0.000000 -1.000000 -0.000000
vn 0.000000 -1.000000 -0.000000
vn 0.000000 -1.000000 -0.000000
vn 0.000000 -1.000000 -0.000000
vn 0.000000 -1.000000 -0.000000
vn 0.000000 -1.000000 -0.000000
vn 0.000000 -1.000000 -0.000000
vn 0.000000 -1.000000 -0.000000
vn 0.000000 -1.000000 -0.000000
vn 0.000000 -1.000000 -0.000000
vn 0.000000 -1.000000 -0.000000
vn 0.000000 -1.000000 -0.000000
vn 0.000000 -1.000000 -0.000000
vn 0.000000 -1.000000 -0.000000
vn 0.000000 -1.000000 -0.000000
vn 0.000000 -1.000000 -0.000000
vn 0.000000 -1.000000 -0.000000
vn 0.000000 -1.000000 -0.000000
vn 0.000000 -1.000000 -0.000000
vn 0.000000 -1.000000 -0.000000
vn 0.000000 -1.000000 -0.000000
vn 0.000000 -1.000000 -0.000000
vn 0.000000 -1.000000 -0.000000
vn 0.000000 -1.000000 -0.000000
vn 0.000000 -1.000000 -0.000000
vn 0.000000 -1.000000 -0.000000
vn 0.000000 -1.000000 -0.000000
vn 0.000000 -1.000000 -0.000000
vn 0.000000 -1.000000 -0.000000
vn 0.000000 -1.000000 -0.000000
vn 0.000000 -1.000000 -0.000000
vn 0.000000 -1.000000 -0.000000
vn 0.000000 -1.000000 -0.000000
vn 0.000000 -1.000000 -0.000000
vn 0.000000 -1.000000 -0.000000
vn 0.000000 -1.000000 -0.000000
vn 0.000000 -1.000000 -0.000000
vn 0.000000 -1.000000 -0.000000
vn 0.000000 -1.000000 -0.000000
vn 0.000000 -1.000000 -0.000000
vn 0.000000 -1.000000 -0.000000
vn 0.000000 -1.000000 -0.000000
vn 0.000000 -1.000000 -0.000000
vn 0.000000 -1.000000 -0.000000
vn 0.000000 -1.000000 -0.000000
vn 0.000000 -1.000000 -0.000000
vn 0.000000 -1.000000 -0.000000
vn 0.000000 -1.000000 -0.000000
vn 0.000000 -1.000000 -0.000000
vn 0.000000 -1.000000 -0.000000
vn 0.000000 -1.000000 -0.000000
vn 0.000000 -1.000000 -0.000000
vn 0.000000 -1.000000 -0.000000
vn 0.000000 -1.000000 -0.000000
vn 0.000000 -1.000000 -0.000000
vn 0.000000 -1.000000 -0.000000
vn 0.000000 -1.000000 -0.000000
vn 0.000000 -1.000000 -0.000000
vn 0.000000 -1.000000 -0.000000
vn 0.000000 -1.000000 -0.000000
vn 0.000000 -1.000000 -0.000000
vn 0.000000 -1.000000 -0.000000
vn 0.000000 -1.000000 -0.000000
vn 0.000000 -1.000000 -0.000000
vn 0.000000 -1.000000 -0.000000
vn 0.000000 -1.000000 -0.000000
vn 0.000000 -1.000000 -0.000000
vn 0.000000 -1.000000 -0.000000
vn 0.000000 -1.000000 -0.000000
vn 0.000000 -1.000000 -0.000000
vn 0.000000 -1.000000 -0.000000
vn 0.000000 -1.000000 -0.000000
vn 0.000000 -1.000000 -0.000000
vn 0.000000 -1.000000 -0.000000
vn 0.000000 -1.000000 -0.000000
vn 0.000000 -1.000000 -0.000000
vn 0.000000 -1.000000 -0.000000
vn 0.000000 -1.000000 -0.000000
vn 0.000000 -1.000000 -0.000000
vn 0.000000 -1.000000 -0.000000
vn 0.000000 -1.000000 -0.000000
vn 0.000000 -1.000000 -0.000000
vn 0.000000 -1.000000 -0.000000
vn 0.000000 -1.000000 -0.000000
vn 0.000000 -1.000000 -0.000000
vn 0.000000 -1.000000 -0.000000
vn 0.000000 -1.000000 -0.000000
vn 0.000000 -1.000000 -0.000000
vn 0.000000 -1.000000 -0.000000
vn 0.000000 -1.000000 -0.000000
vn 0.000000 -1.000000 -0.000000
vn 0.000000 -1.000000 -0.000000
vn 0.000000 -1.000000 -0.000000
vn 0.000000 -1.000000 -0.000000
vn 0.000000 -1.000000 -0.000000
vn 0.000000 -1.000000 -0.000000
vn 0.000000 -1.000000 -0.000000
vn 0.000000 -1.000000 -0.000000
vn 0.000000 -1.000000 -0.000000
vn 0.000000 -1.000000 -0.000000
vn 0.000000 -1.000000 -0.000000
vn 0.000000 -1.000000 -0.000000
vn 0.000000 -1.000000 -0.000000
vn 0.000000 -1.000000 -0.000000
vn 0.000000 -1.000000 -0.000000
vn 0.000000 -1.000000 -0.000000
vn 0.000000 -1.000000 -0.000000
vn 0.000000 -1.000000 -0.000000
vn 0.000000 -1.000000 -0.000000
vn 0.000000 -1.000000 -0.000000
vn 0.000000 -1.000000 -0.000000
vn 0.000000 -1.000000 -0.000000
vn 0.000000 -1.000000 -0.000000
vn 0.000000 -1.000000 -0.000000
vn 0.000000 -1.000000 -0.000000
vn 0.000000 -1.000000 -0.000000
vn 0.000000 -1.000000 -0.000000
vn 0.000000 -1.000000 -0.000000
vn 0.000000 -1.000000 -0.000000
vn 0.000000 -1.000000 -0.000000
vn 0.000000 -1.000000 -0.000000
vn 0.000000 -1.000000 -0.000000
vn 0.000000 -1.000000 -0.000000
vn 0.000000 -1.000000 -0.000000
vn 0.000000 -1.000000 -0.000000
vn 0.000000 -1.000000 -0.000000
vn 0.000000 -1.000000 -0.000000
vn 0.000000 -1.000000 -0.000000
vn 0.000000 -1.000000 -0.000000
vn 0.000000 -1.000000 -0.000000
vn 0.000000 -1.000000 -0.000000
vn 0.000000 -1.000000 -0.000000
vn 0.000000 -1.000000 -0.000000
vn 0.000000 -1.000000 -0.000000
vn 0.000000 -1.000000 -0.000000
vn 0.000000 -1.000000 -0.000000
vn 0.000000 -1.000000 -0.000000
vn 0.000000 -1.000000 -0.000000
vn 0.000000 -1.000000 -0.000000
vn 0.000000 -1.000000 -0.000000
vn 0.000000 -1.000000 -0.000000
vn 0.000000 -1.000000 -0.000000
vn 0.000000 -1.000000 -0.000000
vn 0.000000 -1.000000 -0.000000
vn 0.000000 -1.000000 -0.000000
vn 0.000000 -1.000000 -0.000000
vn 0.000000 -1.000000 -0.000000
vn 0.000000 -1.000000 -0.000000
vn 0.000000 -1.000000 -0.000000
vn 0.000000 -1.000000 -0.000000
vn 0.000000 -1.000000 -0.000000
vn 0.000000 -1.000000 -0.000000
vn 0.000000 -1.000000 -0.000000
vn 0.000000 1.000000 0.000000
vn 0.000000 1.000000 0.000000
vn 0.000000 1.000000 0.000000
vn 0.000000 1.000000 0.000000
vn 0.000000 1.000000 0.000000
vn 0.000000 1.000000 0.000000
vn 0.000000 1.000000 0.000000
vn 0.000000 1.000000 0.000000
vn 0.000000 1.000000 0.000000
vn 0.000000 1.000000 0.000000
vn 0.000000 1.000000 0.000000
vn 0.000000 1.000000 0.000000
vn 0.000000 1.000000 0.000000
vn 0.000000 1.000000 0.000000
vn 0.000000 1.000000 0.000000
vn 0.000000 1.000000 0.000000
vn 0.000000 1.000000 0.000000
vn 0.000000 1.000000 0.000000
vn 0.000000 1.000000 0.000000
vn 0.000000 1.000000 0.000000
vn 0.000000 1.000000 0.000000
vn 0.000000 1.000000 0.000000
vn 0.000000 1.000000 0.000000
vn 0.000000 1.000000 0.000000
vn 0.000000 1.000000 0.000000
vn 0.000000 1.000000 0.000000
vn 0.000000 1.000000 0.000000
vn 0.000000 1.000000 0.000000
vn 0.000000 1.000000 0.000000
vn 0.000000 1.000000 0.000000
vn 0.000000 1.000000 0.000000
vn 0.000000 1.000000 0.000000
vn 0.000000 1.000000 0.000000
vn 0.000000 1.000000 0.000000
vn 0.000000 1.000000 0.000000
vn 0.000000 1.000000 0.000000
vn 0.000000 1.000000 0.000000
vn 0.000000 1.000000 0.000000
vn 0.000000 1.000000 0.000000
vn 0.000000 1.000000 0.000000
vn 0.000000 1.000000 0.000000
vn 0.000000 1.000000 0.000000
vn 0.000000 1.000000 0.000000
vn 0.000000 1.000000 0.000000
vn 0.000000 1.000000 0.000000
vn 0.000000 1.000000 0.000000
vn 0.000000 1.000000 0.000000
vn 0.000000 1.000000 0.000000
vn 0.000000 1.000000 0.000000
vn 0.000000 1.000000 0.000000
vn 0.000000 1.000000 0.000000
vn 0.000000 1.000000 0.000000
vn 0.000000 1.000000 0.000000
vn 0.000000 1.000000 0.000000
vn 0.000000 1.000000 0.000000
vn 0.000000 1.000000 0.000000
vn 0.000000 1.000000 0.000000
vn 0.000000 1.000000 0.000000
vn 0.000000 1.000000 0.000000
vn 0.000000 1.000000 0.000000
vn 0.000000 1.000000 0.000000
vn 0.000000 1.000000 0.000000
vn 0.000000 1.000000 0.000000
vn 0.000000 1.000000 0.000000
vn 0.000000 1.000000 0.000000
vn 0.000000 1.000000 0.000000
vn 0.000000 1.000000 0.000000
vn 0.000000 1.000000 0.000000
vn 0.000000 1.000000 0.000000
vn 0.000000 1.000000 0.000000
vn 0.000000 1.000000 0.000000
vn 0.000000 1.000000 0.000000
vn 0.000000 1.000000 0.000000
vn 0.000000 1.000000 0.000000
vn 0.000000 1.000000 0.000000
vn 0.000000 1.000000 0.000000
vn 0.000000 1.000000 0.000000
vn 0.000000 1.000000 0.000000
vn 0.000000 1.000000 0.000000
vn 0.000000 1.000000 0.000000
vn 0.000000 1.000000 0.000000
vn 0.000000 1.000000 0.000000
vn 0.000000 1.000000 0.000000
vn 0.000000 1.000000 0.000000
vn 0.000000 1.000000 0.000000
vn 0.000000 1.000000 0.000000
vn 0.000000 1.000000 0.000000
vn 0.000000 1.000000 0.000000
vn 0.000000 1.000000 0.000000
vn 0.000000 1.000000 0.000000
vn 0.000000 1.000000 0.000000
vn 0.000000 1.000000 0.000000
vn 0.000000 1.000000 0.000000
vn 0.000000 1.000000 0.000000
vn 0.000000 1.000000 0.000000
vn 0.000000 1.000000 0.000000
vn 0.000000 1.000000 0.000000
vn 0.000000 1.000000 0.000000
vn 0.000000 1.000000 0.000000
vn 0.000000 1.000000 0.000000
vn 0.000000 1.000000 0.000000
vn 0.000000 1.000000 0.000000
vn 0.000000 1.000000 0.000000
vn 0.000000 1.000000 0.000000
vn 0.000000 1.000000 0.000000
vn 0.000000 1.000000 0.000000
vn 0.000000 1.000000 0.000000
vn 0.000000 1.000000 0.000000
vn 0.000000 1.000000 0.000000
vn 0.000000 1.000000 0.000000
vn 0.000000 1.000000 0.000000
vn 0.000000 1.000000 0.000000
vn 0.000000 1.000000 0.000000
vn 0.000000 1.000000 0.000000
vn 0.000000 1.000000 0.000000
vn 0.000000 1.000000 0.000000
vn 0.000000 1.000000 0.000000
vn 0.000000 1.000000 0.000000
vn 0.000000 1.000000 0.000000
vn 0.000000 1.000000 0.000000
vn 0.000000 1.000000 0.000000
vn 0.000000 1.000000 0.000000
vn 0.000000 1.000000 0.000000
vn 0.000000 1.000000 0.000000
vn 0.000000 1.000000 0.000000
vn 0.000000 1.000000 0.000000
vn 0.000000 1.000000 0.000000
vn 0.000000 1.000000 0.000000
vn 0.000000 1.000000 0.000000
vn 0.000000 1.000000 0.000000
vn 0.000000 1.000000 0.000000
vn 0.000000 1.000000 0.000000
vn 0.000000 1.000000 0.000000
vn 0.000000 1.000000 0.000000
vn 0.000000 1.000000 0.000000
vn 0.000000 1.000000 0.000000
vn 0.000000 1.000000 0.000000
vn 0.000000 1.000000 0.000000
vn 0.000000 1.000000 0.000000
vn 0.000000 1.000000 0.000000
vn 0.000000 1.000000 0.000000
vn 0.000000 1.000000 0.000000
vn 0.000000 1.000000 0.000000
vn 0.000000 1.000000 0.000000
vn 0.000000 1.000000 0.000000
vn 0.000000 1.000000 0.000000
vn 0.000000 1.000000 0.000000
vn 0.000000 1.000000 0.000000
vn 0.000000 1.000000 0.000000
vn 0.000000 1.000000 0.000000
vn 0.000000 1.000000 0.000000
vn 0.000000 1.000000 0.000000
vn 0.000000 1.000000 0.000000
vn 0.000000 1.000000 0.000000
vn 0.000000 1.000000 0.000000
vn 0.000000 1.000000 0.000000
vn 0.000000 1.000000 0.000000
vn 0.000000 1.000000 0.000000
vn 0.000000 1.000000 0.000000
vn 0.000000 1.000000 0.000000
vn 0.000000 1.000000 0.000000
vn 0.000000 1.000000 0.000000
vn 0.000000 1.000000 0.000000
vn 0.000000 1.000000 0.000000
vn 0.000000 1.000000 0.000000
vn 0.000000 1.000000 0.000000
vn 0.000000 1.000000 0.000000
vn 0.000000 1.000000 0.000000
vn 0.000000 1.000000 0.000000
vn 0.000000 1.000000 0.000000
vn 0.000000 1.000000 0.000000
vn 0.000000 1.000000 0.000000
vn 0.000000 1.000000 0.000000
vn 0.000000 1.000000 0.000000
vn 0.000000 1.000000 0.000000
vn 0.000000 1.000000 0.000000
vn 0.000000 1.000000 0.000000
vn 0.000000 1.000000 0.000000
vn 0.000000 1.000000 0.000000
vn 0.000000 1.000000 0.000000
vn 0.000000 1.000000 0.000000
vn 0.000000 1.000000 0.000000
vn 0.000000 1.000000 0.000000
vn 0.000000 1.000000 0.000000
vn 0.000000 1.000000 0.000000
vn 0.000000 1.000000 0.000000
vn 0.000000 1.000000 0.000000
vn 0.000000 1.000000 0.000000
vn 0.000000 1.000000 0.000000
vn 0.000000 1.000000 0.000000
vn 0.000000 1.000000 0.000000
vn 0.000000 1.000000 0.000000
vn 0.000000 1.000000 0.000000
vn 0.000000 1.000000 0.000000
vn 0.000000 1.000000 0.000000
vn 0.000000 1.000000 0.000000
vn 0.000000 1.000000 0.000000
vn 0.000000 1.000000 0.000000
vn 0.000000 1.000000 0.000000
vn 0.000000 1.000000 0.000000
vn 0.000000 1.000000 0.000000
vn 0.000000 1.000000 0.000000
vn 0.000000 1.000000 0.000000
vn 0.000000 1.000000 0.000000
vn 0.000000 1.000000 0.000000
vn 0.000000 1.000000 0.000000
vn 0.000000 1.000000 0.000000
vn 0.000000 1.000000 0.000000
vn 0.000000 1.000000 0.000000
vn 0.000000 1.000000 0.000000
vn 0.000000 1.000000 0.000000
vn 0.000000 1.000000 0.000000
vn 0.000000 1.000000 0.000000
vn 0.000000 1.000000 0.000000
vn 0.000000 1.000000 0.000000
vn 0.000000 1.000000 0.000000
vn 0.000000 1.000000 0.000000
vn 0.000000 1.000000 0.000000
vn 0.000000 1.000000 0.000000
vn 0.000000 1.000000 0.000000
vn 0.000000 1.000000 0.000000
vn 0.000000 1.000000 0.000000
vn 0.000000 1.000000 0.000000
vn 0.000000 1.000000 0.000000
vn 0.000000 1.000000 0.000000
vn 0.000000 1.000000 0.000000
vn 0.000000 1.000000 0.000000
vn 0.000000 1.000000 0.000000
vn 0.000000 1.000000 0.000000
vn 0.000000 1.000000 0.000000
vn 0.000000 1.000000 0.000000
vn 0.000000 1.000000 0.000000
vn 0.000000 1.000000 0.000000
vn 0.000000 1.000000 0.000000
vn 0.000000 1.000000 0.000000
vn 0.000000 1.000000 0.000000
vn 0.000000 1.000000 0.000000
vn 0.000000 1.000000 0.000000
vn 0.000000 1.000000 0.000000
vn 0.000000 1.000000 0.000000
vn 0.000000 1.000000 0.000000
vn 0.000000 1.000000 0.000000
vn 0.000000 1.000000 0.000000
vn 0.000000 1.000000 0.000000
vn 0.000000 1.000000 0.000000
vn 0.000000 1.000000 0.000000
vn 0.000000 1.000000 0.000000
vn 0.000000 1.000000 0.000000
vn 0.000000 1.000000 0.000000
vn 0.000000 1.000000 0.000000
vn 0.000000 1.000000 0.000000
vn 0.000000 1.000000 0.000000
vn 0.000000 1.000000 0.000000
vn 0.000000 1.000000 0.000000
vn 0.000000 1.000000 0.000000
vn 0.000000 1.000000 0.000000
vn 0.000000 1.000000 0.000000
vn 0.000000 1.000000 0.000000
vn 0.000000 1.000000 0.000000
vn 0.000000 1.000000 0.000000
vn 0.000000 1.000000 0.000000
vn 0.000000 1.000000 0.000000
vn 0.000000 1.000000 0.000000
vn 0.000000 1.000000 0.000000
vn 0.000000 1.000000 0.000000
vn 0.000000 1.000000 0.000000
vn 0.000000 1.000000 0.000000
vn 0.000000 1.000000 0.000000
vn 0.000000 1.000000 0.000000
vn 0.000000 1.000000 0.000000
vn 0.000000 1.000000 0.000000
vn 0.000000 1.000000 0.000000
vn 0.000000 1.000000 0.000000
vn 0.000000 1.000000 0.000000
vn 0.000000 1.000000 0.000000
vn 0.000000 1.000000 0.000000
vn 0.000000 1.000000 0.000000
vn 0.000000 1.000000 0.000000
vn 0.000000 1.000000 0.000000
vn 0.000000 1.000000 0.000000
vn 0.000000 1.000000 0.000000
vn 0.000000 1.000000 0.000000
vn 0.000000 1.000000 0.000000
vn 0.000000 1.000000 0.000000
vn 0.000000 1.000000 0.000000
vn 0.000000 1.000000 0.000000
vn 0.000000 1.000000 0.000000
vn 0.000000 1.000000 0.000000
vn 0.000000 1.000000 0.000000
vn 0.000000 1.000000 0.000000
vn 0.000000 1.000000 0.000000
vn 0.000000 1.000000 0.000000
vn 0.000000 1.000000 0.000000
vn 0.000000 1.000000 0.000000
vn 0.000000 1.000000 0.000000
vn 0.000000 1.000000 0.000000
vn 0.000000 1.000000 0.000000
vn 0.000000 1.000000 0.000000
vn 0.000000 1.000000 0.000000
vn 0.000000 1.000000 0.000000
vn 0.000000 1.000000 0.000000
vn 0.000000 1.000000 0.000000
vn 0.000000 1.000000 0.000000
vn 0.000000 1.000000 0.000000
vn 0.000000 1.000000 0.000000
vn 0.000000 1.000000 0.000000
vn 0.000000 1.000000 0.000000
vn 0.000000 1.000000 0.000000
vn 0.000000 1.000000 0.000000
vn 0.000000 1.000000 0.000000
vn 0.000000 1.000000 0.000000
vn 0.000000 1.000000 0.000000
vn 0.000000 1.000000 0.000000
vn 0.000000 1.000000 0.000000
vn 0.000000 1.000000 0.000000
vn 0.000000 1.000000 0.000000
vn 0.000000 1.000000 0.000000
vn 0.000000 1.000000 0.000000
vn 0.000000 1.000000 0.000000
vn 0.000000 1.000000 0.000000
vn 0.000000 1.000000 0.000000
vn 0.000000 1.000000 0.000000
vn 0.000000 1.000000 0.000000
vn 0.000000 1.000000 0.000000
vn 0.000000 1.000000 0.000000
vn 0.000000 1.000000 0.000000
vn 0.000000 1.000000 0.000000
vn 0.000000 1.000000 0.000000
vn 0.000000 1.000000 0.000000
vn 0.000000 1.000000 0.000000
vn 0.000000 1.000000 0.000000
vn 0.000000 1.000000 0.000000
vn 0.000000 1.000000 0.000000
vn 0.000000 1.000000 0.000000
vn 0.000000 1.000000 0.000000
vn 0.000000 1.000000 0.000000
vn 0.000000 1.000000 0.000000
vn 0.000000 1.000000 0.000000
vn 0.000000 1.000000 0.000000
vn 0.000000 1.000000 0.000000
vn 0.000000 1.000000 0.000000
vn 0.000000 1.000000 0.000000
vn 0.000000 1.000000 0.000000
vn 0.000000 1.000000 0.000000
vn 0.000000 1.000000 0.000000
vn 0.000000 1.000000 0.000000
vn 0.000000 1.000000 0.000000
vn 0.000000 1.000000 0.000000
vn 0.000000 1.000000 0.000000
vn 0.000000 1.000000 0.000000
vn 0.000000 1.000000 0.000000
vn 0.000000 1.000000 0.000000
vn 0.000000 1.000000 0.000000
vn 0.000000 1.000000 0.000000
vn 0.000000 1.000000 0.000000
vn 0.000000 1.000000 0.000000
vn 0.000000 1.000000 0.000000
vn 0.000000 1.000000 0.000000
vn 0.000000 1.000000 0.000000
vn 0.000000 1.000000 0.000000
vn 0.000000 1.000000 0.000000
vn 0.000000 1.000000 0.000000
vn 0.000000 1.000000 0.000000
vn 0.000000 1.000000 0.000000
vn 0.000000 1.000000 0.000000
vn 0.000000 1.000000 0.000000
vn 0.000000 1.000000 0.000000
vn 0.000000 1.000000 0.000000
vn 0.000000 1.000000 0.000000
vn 0.000000 1.000000 0.000000
vn 0.000000 1.000000 0.000000
vn 0.000000 1.000000 0.000000
vn 0.000000 1.000000 0.000000
vn 0.000000 1.000000 0.000000
vn 0.000000 1.000000 0.000000
vn 0.000000 1.000000 0.000000
vn 0.000000 1.000000 0.000000
vn 0.000000 1.000000 0.000000
vn 0.000000 1.000000 0.000000
vn 0.000000 1.000000 0.000000
vn 0.000000 1.000000 0.000000
vn 0.000000 1.000000 0.000000
vn 0.000000 1.000000 0.000000
vn 0.000000 1.000000 0.000000
vn 0.000000 1.000000 0.000000
vn 0.000000 1.000000 0.000000
vn 0.000000 1.000000 0.000000
vn 0.000000 1.000000 0.000000
vn 0.000000 1.000000 0.000000
vn 0.000000 1.000000 0.000000
vn 0.000000 1.000000 0.000000
vn 0.000000 1.000000 0.000000
vn 0.000000 1.000000 0.000000
vn 0.000000 1.000000 0.000000
vn 0.000000 1.000000 0.000000
vn 0.000000 1.000000 0.000000
vn 0.000000 1.000000 0.000000
vn 0.000000 1.000000 0.000000
vn 0.000000 1.000000 0.000000
vn 0.000000 1.000000 0.000000
vn 0.000000 1.000000 0.000000
vn 0.000000 1.000000 0.000000
vn 0.000000 1.000000 0.000000
vn 0.000000 1.000000 0.000000
vn 0.000000 1.000000 0.000000
vn 0.000000 1.000000 0.000000
vn 0.000000 1.000000 0.000000
vn 0.000000 1.000000 0.000000
vn 0.000000 1.000000 0.000000
vn 0.000000 1.000000 0.000000
vn 0.000000 1.000000 0.000000
vn 0.000000 1.000000 0.000000
vn 0.000000 1.000000 0.000000
vn 0.000000 1.000000 0.000000
vn 0.000000 1.000000 0.000000
vn 0.000000 1.000000 0.000000
vn 0.000000 1.000000 0.000000
vn 0.000000 1.000000 0.000000
vn 0.000000 1.000000 0.000000
vn 0.000000 1.000000 0.000000
vn 0.000000 1.000000 0.000000
vn 0.000000 1.000000 0.000000
vn 0.000000 1.000000 0.000000
vn 0.000000 1.000000 0.000000
vn 0.000000 1.000000 0.000000
vn 0.000000 1.000000 0.000000
vn 0.000000 1.000000 0.000000
vn 0.000000 1.000000 0.000000
vn 0.000000 1.000000 0.000000
vn 0.000000 1.000000 0.000000
f 3//3 4//4 2//2
f 3//3 2//2 1//1
f 5//5 6//6 4//4
f 5//5 4//4 3//3
f 9//9 10//10 8//8
f 9//9 8//8 7//7
f 11//11 12//12 10//10
f 11//11 10//10 9//9
f 7//7 8//8 6//6
f 7//7 6//6 5//5
f 15//15 16//16 14//14
f 15//15 14//14 13//13
f 17//17 18//18 16//16
f 17//17 16//16 15//15
f 21//21 22//22 20//20
f 21//21 20//20 19//19
f 23//23 24//24 22//22
f 23//23 22//22 21//21
f 19//19 20//20 18//18
f 19//19 18//18 17//17
f 13//13 14//14 12//12
f 13//13 12//12 11//11
f 25//25 26//26 24//24
f 25//25 24//24 23//23
f 29//29 30//30 28//28
f 29//29 28//28 27//27
f 31//31 32//32 30//30
f 31//31 30//30 29//29
f 35//35 36//36 34//34
f 35//35 34//34 33//33
f 37//37 38//38 36//36
f 37//37 36//36 35//35
f 33//33 34//34 32//32
f 33//33 32//32 31//31
f 41//41 42//42 40//40
f 41//41 40//40 39//39
f 43//43 44//44 42//42
f 43//43 42//42 41//41
f 47//47 48//48 46//46
f 47//47 46//46 45//45
f 49//49 50//50 48//48
f 49//49 48//48 47//47
f 45//45 46//46 44//44
f 45//45 44//44 43//43
f 39//39 40//40 38//38
f 39//39 38//38 37//37
f 27//27 28//28 26//26
f 27//27 26//26 25//25
f 53//53 54//54 52//52
f 53//53 52//52 51//51
f 57//57 58//58 56//56
f 57//57 56//56 55//55
f 55//55 56//56 54//54
f 55//55 54//54 53//53
f 61//61 62//62 60//60
f 61//61 60//60 59//59
f 65//65 66//66 64//64
f 65//65 64//64 63//63
f 63//63 64//64 62//62
f 63//63 62//62 61//61
f 59//59 60//60 58//58
f 59//59 58//58 57//57
f 67//67 68//68 66//66
f 67//67 66//66 65//65
f 71//71 72//72 70//70
f 71//71 70//70 69//69
f 75//75 76//76 74//74
f 75//75 74//74 73//73
f 73//73 74//74 72//72
f 73//73 72//72 71//71
f 79//79 80//80 78//78
f 79//79 78//78 77//77
f 83//83 84//84 82//82
f 83//83 82//82 81//81
f 81//81 82//82 80//80
f 81//81 80//80 79//79
f 77//77 78//78 76//76
f 77//77 76//76 75//75
f 69//69 70//70 68//68
f 69//69 68//68 67//67
f 87//87 88//88 86//86
f 87//87 86//86 85//85
f 91//91 92//92 90//90
f 91//91 90//90 89//89
f 89//89 90//90 88//88
f 89//89 88//88 87//87
f 95//95 96//96 94//94
f 95//95 94//94 93//93
f 99//99 100//100 98//98
f 99//99 98//98 97//97
f 97//97 98//98 96//96
f 97//97 96//96 95//95
f 93//93 94//94 92//92
f 93//93 92//92 91//91
f 101//101 102//102 100//100
f 101//101 100//100 99//99
f 105//105 106//106 104//104
f 105//105 104//104 103//103
f 109//109 110//110 108//108
f 109//109 108//108 107//107
f 107//107 108//108 106//106
f 107//107 106//106 105//105
f 113//113 114//114 112//112
f 113//113 112//112 111//111
f 117//117 118//118 116//116
f 117//117 116//116 115//115
f 115//115 116//116 114//114
f 115//115 114//114 113//113
f 111//111 112//112 110//110
f 111//111 110//110 109//109
f 103//103 104//104 102//102
f 103//103 102//102 101//101
f 120//120 119//119 121//121
f 120//120 121//121 122//122
f 125//125 126//126 124//124
f 125//125 124//124 123//123
f 129//129 130//130 128//128
f 129//129 128//128 127//127
f 127//127 128//128 126//126
f 127//127 126//126 125//125
f 131//131 132//132 130//130
f 131//131 130//130 129//129
f 135//135 136//136 134//134
f 135//135 134//134 133//133
f 139//139 140//140 138//138
f 139//139 138//138 137//137
f 137//137 138//138 136//136
f 137//137 136//136 135//135
f 133//133 134//134 132//132
f 133//133 132//132 131//131
f 142//142 141//141 143//143
f 142//142 143//143 144//144
f 147//147 148//148 146//146
f 147//147 146//146 145//145
f 151//151 152//152 150//150
f 151//151 150//150 149//149
f 149//149 150//150 148//148
f 149//149 148//148 147//147
f 153//153 154//154 152//152
f 153//153 152//152 151//151
f 157//157 158//158 156//156
f 157//157 156//156 155//155
f 161//161 162//162 160//160
f 161//161 160//160 159//159
f 159//159 160//160 158//158
f 159//159 158//158 157//157
f 155//155 156//156 154//154
f 155//155 154//154 153//153
f 164//164 163//163 165//165
f 164//164 165//165 166//166
f 169//169 170//170 168//168
f 169//169 168//168 167//167
f 173//173 174//174 172//172
f 173//173 172//172 171//171
f 171//171 172//172 170//170
f 171//171 170//170 169//169
f 175//175 176//176 174//174
f 175//175 174//174 173//173
f 179//179 180//180 178//178
f 179//179 178//178 177//177
f 183//183 184//184 182//182
f 183//183 182//182 181//181
f 181//181 182//182 180//180
f 181//181 180//180 179//179
f 177//177 178//178 176//176
f 177//177 176//176 175//175
f 186//186 185//185 187//187
f 186//186 187//187 188//188
f 191//191 192//192 190//190
f 191//191 190//190 189//189
f 195//195 196//196 194//194
f 195//195 194//194 193//193
f 193//193 194//194 192//192
f 193//193 192//192 191//191
f 197//197 198//198 196//196
f 197//197 196//196 195//195
f 201//201 202//202 200//200
f 201//201 200//200 199//199
f 205//205 206//206 204//204
f 205//205 204//204 203//203
f 203//203 204//204 202//202
f 203//203 202//202 201//201
f 199//199 200//200 198//198
f 199//199 198//198 197//197
f 209//209 210//210 208//208
f 209//209 208//208 207//207
f 213//213 214//214 212//212
f 213//213 212//212 211//211
f 211//211 212//212 210//210
f 211//211 210//210 209//209
f 215//215 216//216 214//214
f 215//215 214//214 213//213
f 219//219 220//220 218//218
f 219//219 218//218 217//217
f 223//223 224//224 222//222
f 223//223 222//222 221//221
f 221//221 222//222 220//220
f 221//221 220//220 219//219
f 217//217 218//218 216//216
f 217//217 216//216 215//215
f 226//226 225//225 227//227
f 226//226 227//227 228//228
f 231//231 232//232 230//230
f 231//231 230//230 229//229
f 235//235 236//236 234//234
f 235//235 234//234 233//233
f 233//233 234//234 232//232
f 233//233 232//232 231//231
f 237//237 238//238 236//236
f 237//237 236//236 235//235
f 241//241 242//242 240//240
f 241//241 240//240 239//239
f 245//245 246//246 244//244
f 245//245 244//244 243//243
f 243//243 244//244 242//242
f 243//243 242//242 241//241
f 239//239 240//240 238//238
f 239//239 238//238 237//237
f 248//248 247//247 249//249
f 248//248 249//249 250//250
f 252//252 251//251 253//253
f 252//252 253//253 254//254
f 257//257 258//258 256//256
f 257//257 256//256 255//255
f 261//261 262//262 260//260
f 261//261 260//260 259//259
f 259//259 260//260 258//258
f 259//259 258//258 257//257
f 263//263 264//264 262//262
f 263//263 262//262 261//261
f 267//267 268//268 266//266
f 267//267 266//266 265//265
f 271//271 272//272 270//270
f 271//271 270//270 269//269
f 269//269 270//270 268//268
f 269//269 268//268 267//267
f 265//265 266//266 264//264
f 265//265 264//264 263//263
f 274//274 273//273 275//275
f 274//274 275//275 276//276
f 279//279 280//280 278//278
f 279//279 278//278 277//277
f 283//283 284//284 282//282
f 283//283 282//282 281//281
f 281//281 282//282 280//280
f 281//281 280//280 279//279
f 285//285 286//286 284//284
f 285//285 284//284 283//283
f 289//289 290//290 288//288
f 289//289 288//288 287//287
f 293//293 294//294 292//292
f 293//293 292//292 291//291
f 291//291 292//292 290//290
f 291//291 290//290 289//289
f 287//287 288//288 286//286
f 287//287 286//286 285//285
f 297//297 298//298 296//296
f 297//297 296//296 295//295
f 301//301 302//302 300//300
f 301//301 300//300 299//299
f 299//299 300//300 298//298
f 299//299 298//298 297//297
f 303//303 304//304 302//302
f 303//303 302//302 301//301
f 307//307 308//308 306//306
f 307//307 306//306 305//305
f 311//311 312//312 310//310
f 311//311 310//310 309//309
f 309//309 310//310 308//308
f 309//309 308//308 307//307
f 305//305 306//306 304//304
f 305//305 304//304 303//303
f 318//318 320//320 319//319
f 318//318 319//319 317//317
f 317//317 319//319 322//322
f 317//317 322//322 321//321
f 328//328 327//327 323//323
f 328//328 323//323 324//324
f 324//324 323//323 325//325
f 324//324 325//325 326//326
f 319//319 313//313 322//322
f 321//321 322//322 313//313
f 313//313 315//315 325//325
f 313//313 325//325 321//321
f 314//314 313//313 319//319
f 318//318 314//314 320//320
f 320//320 314//314 319//319
f 318//318 317//317 323//323
f 318//318 323//323 327//327
f 327//327 314//314 318//318
f 317//317 321//321 325//325
f 317//317 325//325 323//323
f 324//324 326//326 315//315
f 325//325 315//315 326//326
f 327//327 328//328 316//316
f 324//324 316//316 328//328
f 316//316 324//324 315//315
f 314//314 327//327 316//316
f 331//331 332//332 330//330
f 331//331 330//330 329//329
f 335//335 336//336 334//334
f 335//335 334//334 333//333
f 333//333 334//334 332//332
f 333//333 332//332 331//331
f 337//337 338//338 336//336
f 337//337 336//336 335//335
f 341//341 342//342 340//340
f 341//341 340//340 339//339
f 345//345 346//346 344//344
f 345//345 344//344 343//343
f 343//343 344//344 342//342
f 343//343 342//342 341//341
f 339//339 340//340 338//338
f 339//339 338//338 337//337
f 348//348 347//347 349//349
f 348//348 349//349 350//350
f 353//353 354//354 352//352
f 353//353 352//352 351//351
f 357//357 358//358 356//356
f 357//357 356//356 355//355
f 355//355 356//356 354//354
f 355//355 354//354 353//353
f 361//361 362//362 360//360
f 361//361 360//360 359//359
f 365//365 366//366 364//364
f 365//365 364//364 363//363
f 363//363 364//364 362//362
f 363//363 362//362 361//361
f 359//359 360//360 358//358
f 359//359 358//358 357//357
f 369//369 370//370 368//368
f 369//369 368//368 367//367
f 373//373 374//374 372//372
f 373//373 372//372 371//371
f 371//371 372//372 370//370
f 371//371 370//370 369//369
f 377//377 378//378 376//376
f 377//377 376//376 375//375
f 381//381 382//382 380//380
f 381//381 380//380 379//379
f 379//379 380//380 378//378
f 379//379 378//378 377//377
f 375//375 376//376 374//374
f 375//375 374//374 373//373
f 367//367 368//368 366//366
f 367//367 366//366 365//365
f 382//382 381//381 383//383
f 382//382 383//383 384//384
f 385//385 386//386 384//384
f 385//385 384//384 383//383
f 389//389 390//390 388//388
f 389//389 388//388 387//387
f 387//387 388//388 386//386
f 387//387 386//386 385//385
f 393//393 394//394 392//392
f 393//393 392//392 391//391
f 397//397 398//398 396//396
f 397//397 396//396 395//395
f 395//395 396//396 394//394
f 395//395 394//394 393//393
f 391//391 392//392 390//390
f 391//391 390//390 389//389
f 401//401 402//402 400//400
f 401//401 400//400 399//399
f 405//405 406//406 404//404
f 405//405 404//404 403//403
f 403//403 404//404 402//402
f 403//403 402//402 401//401
f 409//409 410//410 408//408
f 409//409 408//408 407//407
f 413//413 414//414 412//412
f 413//413 412//412 411//411
f 411//411 412//412 410//410
f 411//411 410//410 409//409
f 407//407 408//408 406//406
f 407//407 406//406 405//405
f 399//399 400//400 398//398
f 399//399 398//398 397//397
f 417//417 418//418 416//416
f 417//417 416//416 415//415
f 421//421 422//422 420//420
f 421//421 420//420 419//419
f 419//419 420//420 418//418
f 419//419 418//418 417//417
f 425//425 426//426 424//424
f 425//425 424//424 423//423
f 429//429 430//430 428//428
f 429//429 428//428 427//427
f 427//427 428//428 426//426
f 427//427 426//426 425//425
f 423//423 424//424 422//422
f 423//423 422//422 421//421
f 433//433 434//434 432//432
f 433//433 432//432 431//431
f 437//437 438//438 436//436
f 437//437 436//436 435//435
f 435//435 436//436 434//434
f 435//435 434//434 433//433
f 441//441 442//442 440//440
f 441//441 440//440 439//439
f 445//445 446//446 444//444
f 445//445 444//444 443//443
f 443//443 444//444 442//442
f 443//443 442//442 441//441
f 439//439 440//440 438//438
f 439//439 438//438 437//437
f 431//431 432//432 430//430
f 431//431 430//430 429//429
f 446//446 445//445 447//447
f 446//446 447//447 448//448
f 449//449 450//450 448//448
f 449//449 448//448 447//447
f 453//453 454//454 452//452
f 453//453 452//452 451//451
f 451//451 452//452 450//450
f 451//451 450//450 449//449
f 457//457 458//458 456//456
f 457//457 456//456 455//455
f 461//461 462//462 460//460
f 461//461 460//460 459//459
f 459//459 460//460 458//458
f 459//459 458//458 457//457
f 455//455 456//456 454//454
f 455//455 454//454 453//453
f 465//465 466//466 464//464
f 465//465 464//464 463//463
f 469//469 470//470 468//468
f 469//469 468//468 467//467
f 467//467 468//468 466//466
f 467//467 466//466 465//465
f 473//473 474//474 472//472
f 473//473 472//472 471//471
f 477//477 478//478 476//476
f 477//477 476//476 475//475
f 475//475 476//476 474//474
f 475//475 474//474 473//473
f 471//471 472//472 470//470
f 471//471 470//470 469//469
f 463//463 464//464 462//462
f 463//463 462//462 461//461
f 481//481 482//482 480//480
f 481//481 480//480 479//479
f 485//485 486//486 484//484
f 485//485 484//484 483//483
f 483//483 484//484 482//482
f 483//483 482//482 481//481
f 489//489 490//490 488//488
f 489//489 488//488 487//487
f 493//493 494//494 492//492
f 493//493 492//492 491//491
f 491//491 492//492 490//490
f 491//491 490//490 489//489
f 487//487 488//488 486//486
f 487//487 486//486 485//485
f 495//495 496//496 494//494
f 495//495 494//494 493//493
f 499//499 500//500 498//498
f 499//499 498//498 497//497
f 503//503 504//504 502//502
f 503//503 502//502 501//501
f 501//501 502//502 500//500
f 501//501 500//500 499//499
f 507//507 508//508 506//506
f 507//507 506//506 505//505
f 511//511 512//512 510//510
f 511//511 510//510 509//509
f 509//509 510//510 508//508
f 509//509 508//508 507//507
f 505//505 506//506 504//504
f 505//505 504//504 503//503
f 497//497 498//498 496//496
f 497//497 496//496 495//495
f 515//515 516//516 514//514
f 515//515 514//514 513//513
f 519//519 520//520 518//518
f 519//519 518//518 517//517
f 517//517 518//518 516//516
f 517//517 516//516 515//515
f 523//523 524//524 522//522
f 523//523 522//522 521//521
f 527//527 528//528 526//526
f 527//527 526//526 525//525
f 525//525 526//526 524//524
f 525//525 524//524 523//523
f 521//521 522//522 520//520
f 521//521 520//520 519//519
f 529//529 530//530 528//528
f 529//529 528//528 527//527
f 533//533 534//534 532//532
f 533//533 532//532 531//531
f 537//537 538//538 536//536
f 537//537 536//536 535//535
f 535//535 536//536 534//534
f 535//535 534//534 533//533
f 541//541 542//542 540//540
f 541//541 540//540 539//539
f 545//545 546//546 544//544
f 545//545 544//544 543//543
f 543//543 544//544 542//542
f 543//543 542//542 541//541
f 539//539 540//540 538//538
f 539//539 538//538 537//537
f 531//531 532//532 530//530
f 531//531 530//530 529//529
f 549//549 550//550 548//548
f 549//549 548//548 547//547
f 553//553 554//554 552//552
f 553//553 552//552 551//551
f 551//551 552//552 550//550
f 551//551 550//550 549//549
f 557//557 558//558 556//556
f 557//557 556//556 555//555
f 561//561 562//562 560//560
f 561//561 560//560 559//559
f 559//559 560//560 558//558
f 559//559 558//558 557//557
f 555//555 556//556 554//554
f 555//555 554//554 553//553
f 563//563 564//564 562//562
f 563//563 562//562 561//561
f 567//567 568//568 566//566
f 567//567 566//566 565//565
f 571//571 572//572 570//570
f 571//571 570//570 569//569
f 569//569 570//570 568//568
f 569//569 568//568 567//567
f 575//575 576//576 574//574
f 575//575 574//574 573//573
f 579//579 580//580 578//578
f 579//579 578//578 577//577
f 577//577 578//578 576//576
f 577//577 576//576 575//575
f 573//573 574//574 572//572
f 573//573 572//572 571//571
f 565//565 566//566 564//564
f 565//565 564//564 563//563
f 583//583 584//584 582//582
f 583//583 582//582 581//581
f 587//587 588//588 586//586
f 587//587 586//586 585//585
f 585//585 586//586 584//584
f 585//585 584//584 583//583
f 591//591 592//592 590//590
f 591//591 590//590 589//589
f 595//595 596//596 594//594
f 595//595 594//594 593//593
f 593//593 594//594 592//592
f 593//593 592//592 591//591
f 589//589 590//590 588//588
f 589//589 588//588 587//587
f 597//597 598//598 596//596
f 597//597 596//596 595//595
f 601//601 602//602 600//600
f 601//601 600//600 599//599
f 605//605 606//606 604//604
f 605//605 604//604 603//603
f 603//603 604//604 602//602
f 603//603 602//602 601//601
f 609//609 610//610 608//608
f 609//609 608//608 607//607
f 613//613 614//614 612//612
f 613//613 612//612 611//611
f 611//611 612//612 610//610
f 611//611 610//610 609//609
f 607//607 608//608 606//606
f 607//607 606//606 605//605
f 599//599 600//600 598//598
f 599//599 598//598 597//597
f 617//617 618//618 616//616
f 617//617 616//616 615//615
f 621//621 622//622 620//620
f 621//621 620//620 619//619
f 619//619 620//620 618//618
f 619//619 618//618 617//617
f 625//625 626//626 624//624
f 625//625 624//624 623//623
f 629//629 630//630 628//628
f 629//629 628//628 627//627
f 627//627 628//628 626//626
f 627//627 626//626 625//625
f 623//623 624//624 622//622
f 623//623 622//622 621//621
f 631//631 632//632 630//630
f 631//631 630//630 629//629
f 635//635 636//636 634//634
f 635//635 634//634 633//633
f 639//639 640//640 638//638
f 639//639 638//638 637//637
f 637//637 638//638 636//636
f 637//637 636//636 635//635
f 643//643 644//644 642//642
f 643//643 642//642 641//641
f 647//647 648//648 646//646
f 647//647 646//646 645//645
f 645//645 646//646 644//644
f 645//645 644//644 643//643
f 641//641 642//642 640//640
f 641//641 640//640 639//639
f 633//633 634//634 632//632
f 633//633 632//632 631//631
f 651//651 652//652 650//650
f 651//651 650//650 649//649
f 653//653 654//654 652//652
f 653//653 652//652 651//651
f 657//657 658//658 656//656
f 657//657 656//656 655//655
f 659//659 660//660 658//658
f 659//659 658//658 657//657
f 655//655 656//656 654//654
f 655//655 654//654 653//653
f 663//663 664//664 662//662
f 663//663 662//662 661//661
f 665//665 666//666 664//664
f 665//665 664//664 663//663
f 669//669 670//670 668//668
f 669//669 668//668 667//667
f 671//671 672//672 670//670
f 671//671 670//670 669//669
f 667//667 668//668 666//666
f 667//667 666//666 665//665
f 661//661 662//662 660//660
f 661//661 660//660 659//659
f 673//673 674//674 672//672
f 673//673 672//672 671//671
f 677//677 678//678 676//676
f 677//677 676//676 675//675
f 679//679 680//680 678//678
f 679//679 678//678 677//677
f 683//683 684//684 682//682
f 683//683 682//682 681//681
f 685//685 686//686 684//684
f 685//685 684//684 683//683
f 681//681 682//682 680//680
f 681//681 680//680 679//679
f 689//689 690//690 688//688
f 689//689 688//688 687//687
f 691//691 692//692 690//690
f 691//691 690//690 689//689
f 695//695 696//696 694//694
f 695//695 694//694 693//693
f 697//697 698//698 696//696
f 697//697 696//696 695//695
f 693//693 694//694 692//692
f 693//693 692//692 691//691
f 687//687 688//688 686//686
f 687//687 686//686 685//685
f 675//675 676//676 674//674
f 675//675 674//674 673//673
f 701//701 702//702 700//700
f 701//701 700//700 699//699
f 703//703 704//704 702//702
f 703//703 702//702 701//701
f 707//707 708//708 706//706
f 707//707 706//706 705//705
f 709//709 710//710 708//708
f 709//709 708//708 707//707
f 705//705 706//706 704//704
f 705//705 704//704 703//703
f 713//713 714//714 712//712
f 713//713 712//712 711//711
f 715//715 716//716 714//714
f 715//715 714//714 713//713
f 719//719 720//720 718//718
f 719//719 718//718 717//717
f 721//721 722//722 720//720
f 721//721 720//720 719//719
f 717//717 718//718 716//716
f 717//717 716//716 715//715
f 711//711 712//712 710//710
f 711//711 710//710 709//709
f 723//723 724//724 722//722
f 723//723 722//722 721//721
f 727//727 728//728 726//726
f 727//727 726//726 725//725
f 729//729 730//730 728//728
f 729//729 728//728 727//727
f 733//733 734//734 732//732
f 733//733 732//732 731//731
f 735//735 736//736 734//734
f 735//735 734//734 733//733
f 731//731 732//732 730//730
f 731//731 730//730 729//729
f 739//739 740//740 738//738
f 739//739 738//738 737//737
f 741//741 742//742 740//740
f 741//741 740//740 739//739
f 745//745 746//746 744//744
f 745//745 744//744 743//743
f 747//747 748//748 746//746
f 747//747 746//746 745//745
f 743//743 744//744 742//742
f 743//743 742//742 741//741
f 737//737 738//738 736//736
f 737//737 736//736 735//735
f 725//725 726//726 724//724
f 725//725 724//724 723//723
f 751//751 752//752 750//750
f 751//751 750//750 749//749
f 753//753 754//754 752//752
f 753//753 752//752 751//751
f 757//757 758//758 756//756
f 757//757 756//756 755//755
f 759//759 760//760 758//758
f 759//759 758//758 757//757
f 755//755 756//756 754//754
f 755//755 754//754 753//753
f 763//763 764//764 762//762
f 763//763 762//762 761//761
f 765//765 766//766 764//764
f 765//765 764//764 763//763
f 769//769 770//770 768//768
f 769//769 768//768 767//767
f 771//771 772//772 770//770
f 771//771 770//770 769//769
f 767//767 768//768 766//766
f 767//767 766//766 765//765
f 761//761 762//762 760//760
f 761//761 760//760 759//759
f 773//773 774//774 772//772
f 773//773 772//772 771//771
f 777//777 778//778 776//776
f 777//777 776//776 775//775
f 779//779 780//780 778//778
f 779//779 778//778 777//777
f 783//783 784//784 782//782
f 783//783 782//782 781//781
f 785//785 786//786 784//784
f 785//785 784//784 783//783
f 781//781 782//782 780//780
f 781//781 780//780 779//779
f 789//789 790//790 788//788
f 789//789 788//788 787//787
f 791//791 792//792 790//790
f 791//791 790//790 789//789
f 795//795 796//796 794//794
f 795//795 794//794 793//793
f 797//797 798//798 796//796
f 797//797 796//796 795//795
f 793//793 794//794 792//792
f 793//793 792//792 791//791
f 787//787 788//788 786//786
f 787//787 786//786 785//785
f 775//775 776//776 774//774
f 775//775 774//774 773//773
f 801//801 802//802 800//800
f 801//801 800//800 799//799
f 805//805 806//806 804//804
f 805//805 804//804 803//803
f 803//803 804//804 802//802
f 803//803 802//802 801//801
f 809//809 810//810 808//808
f 809//809 808//808 807//807
f 813//813 814//814 812//812
f 813//813 812//812 811//811
f 811//811 812//812 810//810
f 811//811 810//810 809//809
f 807//807 808//808 806//806
f 807//807 806//806 805//805
f 817//817 818//818 816//816
f 817//817 816//816 815//815
f 821//821 822//822 820//820
f 821//821 820//820 819//819
f 819//819 820//820 818//818
f 819//819 818//818 817//817
f 825//825 826//826 824//824
f 825//825 824//824 823//823
f 829//829 830//830 828//828
f 829//829 828//828 827//827
f 831//831 832//832 830//830
f 831//831 830//830 829//829
f 827//827 828//828 826//826
f 827//827 826//826 825//825
f 823//823 824//824 822//822
f 823//823 822//822 821//821
f 815//815 816//816 814//814
f 815//815 814//814 813//813
f 835//835 836//836 834//834
f 835//835 834//834 833//833
f 839//839 840//840 838//838
f 839//839 838//838 837//837
f 837//837 838//838 836//836
f 837//837 836//836 835//835
f 843//843 844//844 842//842
f 843//843 842//842 841//841
f 847//847 848//848 846//846
f 847//847 846//846 845//845
f 849//849 850//850 848//848
f 849//849 848//848 847//847
f 845//845 846//846 844//844
f 845//845 844//844 843//843
f 841//841 842//842 840//840
f 841//841 840//840 839//839
f 853//853 854//854 852//852
f 853//853 852//852 851//851
f 857//857 858//858 856//856
f 857//857 856//856 855//855
f 855//855 856//856 854//854
f 855//855 854//854 853//853
f 861//861 862//862 860//860
f 861//861 860//860 859//859
f 865//865 866//866 864//864
f 865//865 864//864 863//863
f 867//867 868//868 866//866
f 867//867 866//866 865//865
f 863//863 864//864 862//862
f 863//863 862//862 861//861
f 859//859 860//860 858//858
f 859//859 858//858 857//857
f 851//851 852//852 850//850
f 851//851 850//850 849//849
f 833//833 834//834 832//832
f 833//833 832//832 831//831
f 869//869 870//870 868//868
f 869//869 868//868 867//867
f 873//873 874//874 872//872
f 873//873 872//872 871//871
f 877//877 878//878 876//876
f 877//877 876//876 875//875
f 875//875 876//876 874//874
f 875//875 874//874 873//873
f 881//881 882//882 880//880
f 881//881 880//880 879//879
f 885//885 886//886 884//884
f 885//885 884//884 883//883
f 883//883 884//884 882//882
f 883//883 882//882 881//881
f 879//879 880//880 878//878
f 879//879 878//878 877//877
f 889//889 890//890 888//888
f 889//889 888//888 887//887
f 893//893 894//894 892//892
f 893//893 892//892 891//891
f 891//891 892//892 890//890
f 891//891 890//890 889//889
f 897//897 898//898 896//896
f 897//897 896//896 895//895
f 901//901 902//902 900//900
f 901//901 900//900 899//899
f 903//903 904//904 902//902
f 903//903 902//902 901//901
f 899//899 900//900 898//898
f 899//899 898//898 897//897
f 895//895 896//896 894//894
f 895//895 894//894 893//893
f 887//887 888//888 886//886
f 887//887 886//886 885//885
f 907//907 908//908 906//906
f 907//907 906//906 905//905
f 911//911 912//912 910//910
f 911//911 910//910 909//909
f 909//909 910//910 908//908
f 909//909 908//908 907//907
f 915//915 916//916 914//914
f 915//915 914//914 913//913
f 919//919 920//920 918//918
f 919//919 918//918 917//917
f 921//921 922//922 920//920
f 921//921 920//920 919//919
f 917//917 918//918 916//916
f 917//917 916//916 915//915
f 913//913 914//914 912//912
f 913//913 912//912 911//911
f 925//925 926//926 924//924
f 925//925 924//924 923//923
f 929//929 930//930 928//928
f 929//929 928//928 927//927
f 927//927 928//928 926//926
f 927//927 926//926 925//925
f 933//933 934//934 932//932
f 933//933 932//932 931//931
f 937//937 938//938 936//936
f 937//937 936//936 935//935
f 939//939 940//940 938//938
f 939//939 938//938 937//937
f 935//935 936//936 934//934
f 935//935 934//934 933//933
f 931//931 932//932 930//930
f 931//931 930//930 929//929
f 923//923 924//924 922//922
f 923//923 922//922 921//921
f 905//905 906//906 904//904
f 905//905 904//904 903//903
f 871//871 872//872 870//870
f 871//871 870//870 869//869
f 987//987 1308//1308 986//986
f 1309//1309 986//986 1308//1308
f 988//988 1308//1308 987//987
f 985//985 1309//1309 984//984
f 1310//1310 984//984 1309//1309
f 986//986 1309//1309 985//985
f 989//989 1307//1307 988//988
f 1308//1308 988//988 1307//1307
f 990//990 1307//1307 989//989
f 1306//1306 1307//1307 990//990
f 1113//1113 992//992 993//993
f 991//991 1306//1306 990//990
f 992//992 1306//1306 991//991
f 1276//1276 982//982 983//983
f 984//984 1310//1310 983//983
f 983//983 1310//1310 1276//1276
f 1274//1274 1275//1275 1311//1311
f 1311//1311 1276//1276 1310//1310
f 1275//1275 1276//1276 1311//1311
f 1253//1253 995//995 996//996
f 995//995 1112//1112 994//994
f 1253//1253 981//981 1276//1276
f 982//982 1276//1276 981//981
f 995//995 1253//1253 1002//1002
f 981//981 1253//1253 996//996
f 1112//1112 993//993 994//994
f 1000//1000 1253//1253 1254//1254
f 1113//1113 1305//1305 1306//1306
f 1115//1115 1304//1304 1305//1305
f 1305//1305 1114//1114 1115//1115
f 1305//1305 1113//1113 1114//1114
f 1306//1306 992//992 1113//1113
f 1116//1116 1304//1304 1115//1115
f 1302//1302 1087//1087 1301//1301
f 1303//1303 1117//1117 1302//1302
f 1303//1303 1116//1116 1117//1117
f 1301//1301 1087//1087 1088//1088
f 1302//1302 1117//1117 1087//1087
f 1116//1116 1303//1303 1304//1304
f 1370//1370 1301//1301 1088//1088
f 1003//1003 1112//1112 1002//1002
f 1002//1002 1112//1112 995//995
f 1111//1111 1112//1112 1003//1003
f 1254//1254 999//999 1000//1000
f 999//999 1254//1254 998//998
f 1001//1001 1002//1002 1253//1253
f 1113//1113 993//993 1112//1112
f 1005//1005 1111//1111 1004//1004
f 1003//1003 1004//1004 1111//1111
f 1006//1006 1111//1111 1005//1005
f 1256//1256 997//997 998//998
f 1111//1111 1006//1006 1110//1110
f 1256//1256 998//998 1255//1255
f 998//998 1254//1254 1255//1255
f 1253//1253 1000//1000 1001//1001
f 1312//1312 1274//1274 1311//1311
f 1316//1316 1270//1270 1315//1315
f 1315//1315 1271//1271 1314//1314
f 1269//1269 1316//1316 1166//1166
f 1180//1180 1165//1165 1317//1317
f 1165//1165 1166//1166 1316//1316
f 1317//1317 1165//1165 1316//1316
f 1316//1316 1269//1269 1270//1270
f 1313//1313 1273//1273 1312//1312
f 1273//1273 1274//1274 1312//1312
f 1006//1006 1109//1109 1110//1110
f 1271//1271 1272//1272 1314//1314
f 1313//1313 1272//1272 1273//1273
f 1314//1314 1272//1272 1313//1313
f 1271//1271 1315//1315 1270//1270
f 1179//1179 1180//1180 1317//1317
f 1178//1178 1318//1318 1177//1177
f 1319//1319 1177//1177 1318//1318
f 1318//1318 1178//1178 1179//1179
f 1179//1179 1317//1317 1318//1318
f 1269//1269 1167//1167 1268//1268
f 1268//1268 1286//1286 1267//1267
f 1289//1289 1265//1265 1266//1266
f 1266//1266 1267//1267 1287//1287
f 1264//1264 1265//1265 1290//1290
f 1290//1290 1263//1263 1264//1264
f 1168//1168 1268//1268 1167//1167
f 1262//1262 1263//1263 1291//1291
f 1169//1169 1268//1268 1168//1168
f 1167//1167 1269//1269 1166//1166
f 1109//1109 1006//1006 1108//1108
f 1257//1257 997//997 1256//1256
f 997//997 1257//1257 1258//1258
f 1014//1014 997//997 1259//1259
f 1258//1258 1259//1259 997//997
f 1107//1107 1007//1007 1106//1106
f 1108//1108 1006//1006 1007//1007
f 1105//1105 1106//1106 1007//1007
f 1107//1107 1108//1108 1007//1007
f 1008//1008 1105//1105 1007//1007
f 1104//1104 1105//1105 1010//1010
f 1105//1105 1008//1008 1009//1009
f 1009//1009 1010//1010 1105//1105
f 1011//1011 1104//1104 1010//1010
f 1259//1259 1012//1012 1013//1013
f 1014//1014 1259//1259 1013//1013
f 1260//1260 1012//1012 1259//1259
f 1161//1161 1261//1261 1262//1262
f 1011//1011 1260//1260 1104//1104
f 1260//1260 1261//1261 1162//1162
f 1292//1292 1161//1161 1262//1262
f 1261//1261 1161//1161 1162//1162
f 1149//1149 1103//1103 1164//1164
f 1104//1104 1164//1164 1103//1103
f 1150//1150 1103//1103 1149//1149
f 1163//1163 1164//1164 1260//1260
f 1260//1260 1164//1164 1104//1104
f 1163//1163 1260//1260 1162//1162
f 1012//1012 1260//1260 1011//1011
f 1150//1150 1102//1102 1103//1103
f 1368//1368 1369//1369 1090//1090
f 1370//1370 1089//1089 1369//1369
f 1368//1368 1090//1090 1091//1091
f 1369//1369 1089//1089 1090//1090
f 1370//1370 1088//1088 1089//1089
f 1092//1092 1368//1368 1091//1091
f 1093//1093 1366//1366 1367//1367
f 1368//1368 1092//1092 1367//1367
f 1092//1092 1093//1093 1367//1367
f 1093//1093 1094//1094 969//969
f 967//967 1094//1094 1095//1095
f 970//970 1366//1366 1093//1093
f 1044//1044 1095//1095 1043//1043
f 1095//1095 1044//1044 1045//1045
f 1043//1043 1095//1095 1042//1042
f 1096//1096 1042//1042 1095//1095
f 1042//1042 1096//1096 1097//1097
f 1098//1098 1041//1041 1042//1042
f 1050//1050 962//962 963//963
f 1042//1042 1097//1097 1098//1098
f 1046//1046 967//967 1095//1095
f 1095//1095 1045//1045 1046//1046
f 964//964 1049//1049 1050//1050
f 941//941 1047//1047 1048//1048
f 1049//1049 964//964 1048//1048
f 964//964 1050//1050 963//963
f 1047//1047 941//941 1046//1046
f 941//941 1048//1048 964//964
f 1365//1365 1366//1366 972//972
f 972//972 1366//1366 971//971
f 973//973 1365//1365 972//972
f 1093//1093 969//969 970//970
f 1094//1094 968//968 969//969
f 971//971 1366//1366 970//970
f 1364//1364 1365//1365 974//974
f 973//973 974//974 1365//1365
f 975//975 1364//1364 974//974
f 1364//1364 976//976 1363//1363
f 978//978 1363//1363 977//977
f 976//976 977//977 1363//1363
f 975//975 976//976 1364//1364
f 941//941 966//966 967//967
f 942//942 965//965 941//941
f 966//966 941//941 965//965
f 979//979 980//980 942//942
f 965//965 942//942 980//980
f 967//967 968//968 1094//1094
f 1362//1362 979//979 942//942
f 1362//1362 942//942 1361//1361
f 979//979 1362//1362 978//978
f 1363//1363 978//978 1362//1362
f 1361//1361 944//944 1360//1360
f 1360//1360 945//945 1359//1359
f 944//944 945//945 1360//1360
f 943//943 944//944 1361//1361
f 942//942 943//943 1361//1361
f 967//967 1046//1046 941//941
f 1041//1041 1101//1101 1040//1040
f 1039//1039 1040//1040 1101//1101
f 1100//1100 1101//1101 1041//1041
f 1101//1101 1038//1038 1039//1039
f 1038//1038 1102//1102 1037//1037
f 1102//1102 1038//1038 1101//1101
f 962//962 1050//1050 1033//1033
f 1041//1041 1099//1099 1100//1100
f 1033//1033 959//959 960//960
f 962//962 1033//1033 961//961
f 959//959 1033//1033 1034//1034
f 1033//1033 960//960 961//961
f 1036//1036 1037//1037 958//958
f 959//959 1035//1035 1036//1036
f 1102//1102 958//958 1037//1037
f 959//959 1036//1036 958//958
f 1034//1034 1035//1035 959//959
f 957//957 1151//1151 1152//1152
f 1151//1151 957//957 958//958
f 1030//1030 957//957 1153//1153
f 1150//1150 958//958 1102//1102
f 958//958 1150//1150 1151//1151
f 955//955 956//956 1015//1015
f 1032//1032 1015//1015 956//956
f 1240//1240 1025//1025 1239//1239
f 1030//1030 1153//1153 1029//1029
f 957//957 1032//1032 956//956
f 957//957 1030//1030 1031//1031
f 1032//1032 957//957 1031//1031
f 954//954 955//955 1015//1015
f 957//957 1152//1152 1153//1153
f 1358//1358 946//946 947//947
f 1359//1359 946//946 1358//1358
f 1227//1227 1228//1228 949//949
f 1356//1356 948//948 949//949
f 1357//1357 947//947 948//948
f 1357//1357 1358//1358 947//947
f 1356//1356 1357//1357 948//948
f 1356//1356 1213//1213 1355//1355
f 1215//1215 1355//1355 1214//1214
f 1213//1213 1214//1214 1355//1355
f 1228//1228 1213//1213 1356//1356
f 949//949 1228//1228 1356//1356
f 950//950 1227//1227 949//949
f 945//945 946//946 1359//1359
f 952//952 953//953 1016//1016
f 951//951 952//952 1016//1016
f 951//951 1018//1018 1019//1019
f 1017//1017 951//951 1016//1016
f 1016//1016 953//953 954//954
f 1018//1018 951//951 1017//1017
f 950//950 951//951 1020//1020
f 1226//1226 1227//1227 950//950
f 950//950 1225//1225 1226//1226
f 1217//1217 1354//1354 1216//1216
f 1216//1216 1354//1354 1215//1215
f 1020//1020 1244//1244 950//950
f 1020//1020 951//951 1019//1019
f 1355//1355 1215//1215 1354//1354
f 1016//1016 954//954 1015//1015
f 1041//1041 1098//1098 1099//1099
f 1177//1177 1319//1319 1176//1176
f 1319//1319 1175//1175 1176//1176
f 1175//1175 1320//1320 1174//1174
f 1285//1285 1286//1286 1171//1171
f 1320//1320 1175//1175 1319//1319
f 1286//1286 1170//1170 1171//1171
f 1266//1266 1288//1288 1289//1289
f 1288//1288 1266//1266 1287//1287
f 1265//1265 1289//1289 1290//1290
f 1286//1286 1287//1287 1267//1267
f 1290//1290 1291//1291 1263//1263
f 1286//1286 1169//1169 1170//1170
f 1262//1262 1291//1291 1292//1292
f 1173//1173 1321//1321 1172//1172
f 1174//1174 1320//1320 1173//1173
f 1320//1320 1321//1321 1173//1173
f 1322//1322 1284//1284 1321//1321
f 1285//1285 1172//1172 1321//1321
f 1323//1323 1283//1283 1322//1322
f 1284//1284 1285//1285 1321//1321
f 1283//1283 1284//1284 1322//1322
f 1281//1281 1282//1282 1324//1324
f 1323//1323 1282//1282 1283//1283
f 1078//1078 1128//1128 1077//1077
f 1324//1324 1282//1282 1323//1323
f 1172//1172 1285//1285 1171//1171
f 1160//1160 1161//1161 1293//1293
f 1293//1293 1161//1161 1292//1292
f 1293//1293 1159//1159 1160//1160
f 1295//1295 1072//1072 1294//1294
f 1070//1070 1071//1071 1295//1295
f 1294//1294 1159//1159 1293//1293
f 1294//1294 1073//1073 1132//1132
f 1158//1158 1159//1159 1294//1294
f 1157//1157 1158//1158 1133//1133
f 1132//1132 1133//1133 1158//1158
f 1133//1133 1134//1134 1156//1156
f 1157//1157 1133//1133 1156//1156
f 1158//1158 1294//1294 1132//1132
f 1236//1236 1156//1156 1134//1134
f 1295//1295 1071//1071 1072//1072
f 1069//1069 1070//1070 1295//1295
f 1069//1069 1298//1298 1086//1086
f 1128//1128 1129//1129 1077//1077
f 1296//1296 1297//1297 1069//1069
f 1069//1069 1295//1295 1296//1296
f 1129//1129 1130//1130 1077//1077
f 1131//1131 1074//1074 1075//1075
f 1132//1132 1074//1074 1131//1131
f 1131//1131 1077//1077 1130//1130
f 1075//1075 1076//1076 1131//1131
f 1077//1077 1131//1131 1076//1076
f 1297//1297 1298//1298 1069//1069
f 1073//1073 1074//1074 1132//1132
f 1294//1294 1072//1072 1073//1073
f 1324//1324 1325//1325 1281//1281
f 1279//1279 1280//1280 1325//1325
f 1281//1281 1325//1325 1280//1280
f 1326//1326 1279//1279 1325//1325
f 1327//1327 1278//1278 1326//1326
f 1194//1194 1195//1195 1327//1327
f 1278//1278 1279//1279 1326//1326
f 1327//1327 1195//1195 1278//1278
f 1181//1181 1277//1277 1278//1278
f 1277//1277 1084//1084 1300//1300
f 1278//1278 1196//1196 1181//1181
f 1277//1277 1182//1182 1183//1183
f 1277//1277 1181//1181 1182//1182
f 1196//1196 1278//1278 1195//1195
f 1277//1277 1183//1183 1082//1082
f 1193//1193 1194//1194 1328//1328
f 1327//1327 1328//1328 1194//1194
f 1192//1192 1193//1193 1328//1328
f 1191//1191 1192//1192 1329//1329
f 1328//1328 1329//1329 1192//1192
f 1329//1329 1190//1190 1191//1191
f 1190//1190 1329//1329 1330//1330
f 1123//1123 1185//1185 1186//1186
f 1184//1184 1124//1124 1183//1183
f 1188//1188 1189//1189 1330//1330
f 1190//1190 1330//1330 1189//1189
f 1188//1188 1331//1331 1187//1187
f 1186//1186 1187//1187 1331//1331
f 1188//1188 1330//1330 1331//1331
f 1185//1185 1124//1124 1184//1184
f 1300//1300 1086//1086 1299//1299
f 1300//1300 1084//1084 1085//1085
f 1082//1082 1083//1083 1277//1277
f 1124//1124 1125//1125 1081//1081
f 1084//1084 1277//1277 1083//1083
f 1127//1127 1128//1128 1078//1078
f 1298//1298 1299//1299 1086//1086
f 1125//1125 1079//1079 1080//1080
f 1126//1126 1078//1078 1125//1125
f 1079//1079 1125//1125 1078//1078
f 1125//1125 1080//1080 1081//1081
f 1127//1127 1078//1078 1126//1126
f 1124//1124 1081//1081 1082//1082
f 1085//1085 1086//1086 1300//1300
f 1123//1123 1124//1124 1185//1185
f 1332//1332 1122//1122 1123//1123
f 1122//1122 1332//1332 1121//1121
f 1120//1120 1121//1121 1333//1333
f 1332//1332 1333//1333 1121//1121
f 1331//1331 1332//1332 1123//1123
f 1183//1183 1124//1124 1082//1082
f 1334//1334 1119//1119 1120//1120
f 1335//1335 1118//1118 1119//1119
f 1335//1335 1336//1336 1118//1118
f 1337//1337 1148//1148 1336//1336
f 1336//1336 1148//1148 1118//1118
f 1334//1334 1335//1335 1119//1119
f 1334//1334 1120//1120 1333//1333
f 1186//1186 1331//1331 1123//1123
f 1237//1237 1153//1153 1154//1154
f 1155//1155 1237//1237 1154//1154
f 1028//1028 1153//1153 1237//1237
f 1235//1235 1236//1236 1066//1066
f 1156//1156 1236//1236 1155//1155
f 1237//1237 1155//1155 1236//1236
f 1237//1237 1027//1027 1028//1028
f 1026//1026 1027//1027 1237//1237
f 1239//1239 1025//1025 1238//1238
f 1026//1026 1238//1238 1025//1025
f 1240//1240 1241//1241 1024//1024
f 1024//1024 1025//1025 1240//1240
f 1026//1026 1237//1237 1238//1238
f 1065//1065 1236//1236 1134//1134
f 1135//1135 1063//1063 1064//1064
f 1061//1061 1062//1062 1135//1135
f 1063//1063 1135//1135 1062//1062
f 1135//1135 1136//1136 1061//1061
f 1064//1064 1065//1065 1134//1134
f 1138//1138 1061//1061 1137//1137
f 1235//1235 1066//1066 1067//1067
f 1235//1235 1067//1067 1068//1068
f 1137//1137 1061//1061 1136//1136
f 1233//1233 1234//1234 1051//1051
f 1051//1051 1234//1234 1235//1235
f 1138//1138 1060//1060 1061//1061
f 1068//1068 1051//1051 1235//1235
f 1236//1236 1065//1065 1066//1066
f 1134//1134 1135//1135 1064//1064
f 1023//1023 1243//1243 1022//1022
f 1243//1243 1021//1021 1022//1022
f 1243//1243 1023//1023 1024//1024
f 1241//1241 1242//1242 1024//1024
f 1024//1024 1242//1242 1243//1243
f 1225//1225 1244//1244 1224//1224
f 1020//1020 1243//1243 1244//1244
f 1217//1217 1218//1218 1353//1353
f 1218//1218 1219//1219 1353//1353
f 1224//1224 1244//1244 1223//1223
f 1244//1244 1225//1225 950//950
f 1354//1354 1217//1217 1353//1353
f 1020//1020 1021//1021 1243//1243
f 1246//1246 1351//1351 1245//1245
f 1223//1223 1245//1245 1222//1222
f 1348//1348 1349//1349 1248//1248
f 1350//1350 1246//1246 1247//1247
f 1248//1248 1349//1349 1247//1247
f 1348//1348 1248//1248 1249//1249
f 1247//1247 1349//1349 1350//1350
f 1352//1352 1219//1219 1220//1220
f 1222//1222 1351//1351 1221//1221
f 1220//1220 1221//1221 1352//1352
f 1351//1351 1352//1352 1221//1221
f 1351//1351 1222//1222 1245//1245
f 1351//1351 1246//1246 1350//1350
f 1353//1353 1219//1219 1352//1352
f 1245//1245 1223//1223 1244//1244
f 1060//1060 1138//1138 1139//1139
f 1028//1028 1029//1029 1153//1153
f 1060//1060 1139//1139 1140//1140
f 1051//1051 1232//1232 1233//1233
f 1232//1232 1051//1051 1052//1052
f 1059//1059 1060//1060 1141//1141
f 1140//1140 1141//1141 1060//1060
f 1230//1230 1231//1231 1052//1052
f 1232//1232 1052//1052 1231//1231
f 1053//1053 1230//1230 1052//1052
f 1056//1056 1229//1229 1055//1055
f 1230//1230 1053//1053 1054//1054
f 1230//1230 1054//1054 1229//1229
f 1054//1054 1055//1055 1229//1229
f 1339//1339 1145//1145 1146//1146
f 1339//1339 1144//1144 1145//1145
f 1338//1338 1147//1147 1337//1337
f 1338//1338 1339//1339 1146//1146
f 1147//1147 1338//1338 1146//1146
f 1340//1340 1144//1144 1339//1339
f 1141//1141 1057//1057 1058//1058
f 1141//1141 1058//1058 1059//1059
f 1211//1211 1056//1056 1141//1141
f 1341//1341 1143//1143 1340//1340
f 1141//1141 1142//1142 1211//1211
f 1142//1142 1143//1143 1209//1209
f 1143//1143 1144//1144 1340//1340
f 1141//1141 1056//1056 1057//1057
f 1143//1143 1341//1341 1208//1208
f 1252//1252 1229//1229 1197//1197
f 1212//1212 1197//1197 1229//1229
f 1198//1198 1252//1252 1197//1197
f 1229//1229 1211//1211 1212//1212
f 1229//1229 1056//1056 1211//1211
f 1199//1199 1252//1252 1198//1198
f 1348//1348 1249//1249 1347//1347
f 1347//1347 1249//1249 1250//1250
f 1346//1346 1347//1347 1250//1250
f 1252//1252 1345//1345 1346//1346
f 1199//1199 1345//1345 1252//1252
f 1252//1252 1346//1346 1251//1251
f 1345//1345 1199//1199 1200//1200
f 1250//1250 1251//1251 1346//1346
f 1142//1142 1209//1209 1210//1210
f 1143//1143 1208//1208 1209//1209
f 1206//1206 1207//1207 1341//1341
f 1204//1204 1205//1205 1342//1342
f 1206//1206 1342//1342 1205//1205
f 1206//1206 1341//1341 1342//1342
f 1207//1207 1208//1208 1341//1341
f 1344//1344 1200//1200 1201//1201
f 1202//1202 1344//1344 1201//1201
f 1345//1345 1200//1200 1344//1344
f 1343//1343 1203//1203 1204//1204
f 1344//1344 1202//1202 1343//1343
f 1203//1203 1343//1343 1202//1202
f 1343//1343 1204//1204 1342//1342
f 1211//1211 1142//1142 1210//1210
f 1147//1147 1148//1148 1337//1337
f 1286//1286 1268//1268 1169//1169
f 1417//1417 1416//1416 1738//1738
f 1739//1739 1738//1738 1416//1416
f 1418//1418 1417//1417 1738//1738
f 1415//1415 1414//1414 1739//1739
f 1740//1740 1739//1739 1414//1414
f 1416//1416 1415//1415 1739//1739
f 1419//1419 1418//1418 1737//1737
f 1738//1738 1737//1737 1418//1418
f 1420//1420 1419//1419 1737//1737
f 1736//1736 1420//1420 1737//1737
f 1543//1543 1423//1423 1422//1422
f 1421//1421 1420//1420 1736//1736
f 1422//1422 1421//1421 1736//1736
f 1706//1706 1413//1413 1412//1412
f 1414//1414 1413//1413 1740//1740
f 1413//1413 1706//1706 1740//1740
f 1704//1704 1741//1741 1705//1705
f 1741//1741 1740//1740 1706//1706
f 1705//1705 1741//1741 1706//1706
f 1683//1683 1426//1426 1425//1425
f 1425//1425 1424//1424 1542//1542
f 1683//1683 1706//1706 1411//1411
f 1412//1412 1411//1411 1706//1706
f 1425//1425 1432//1432 1683//1683
f 1411//1411 1426//1426 1683//1683
f 1542//1542 1424//1424 1423//1423
f 1430//1430 1684//1684 1683//1683
f 1543//1543 1736//1736 1735//1735
f 1545//1545 1735//1735 1734//1734
f 1735//1735 1545//1545 1544//1544
f 1735//1735 1544//1544 1543//1543
f 1736//1736 1543//1543 1422//1422
f 1546//1546 1545//1545 1734//1734
f 1732//1732 1731//1731 1517//1517
f 1733//1733 1732//1732 1547//1547
f 1733//1733 1547//1547 1546//1546
f 1731//1731 1518//1518 1517//1517
f 1732//1732 1517//1517 1547//1547
f 1546//1546 1734//1734 1733//1733
f 1800//1800 1518//1518 1731//1731
f 1433//1433 1432//1432 1542//1542
f 1432//1432 1425//1425 1542//1542
f 1541//1541 1433//1433 1542//1542
f 1684//1684 1430//1430 1429//1429
f 1429//1429 1428//1428 1684//1684
f 1431//1431 1683//1683 1432//1432
f 1543//1543 1542//1542 1423//1423
f 1435//1435 1434//1434 1541//1541
f 1433//1433 1541//1541 1434//1434
f 1436//1436 1435//1435 1541//1541
f 1686//1686 1428//1428 1427//1427
f 1541//1541 1540//1540 1436//1436
f 1686//1686 1685//1685 1428//1428
f 1428//1428 1685//1685 1684//1684
f 1683//1683 1431//1431 1430//1430
f 1742//1742 1741//1741 1704//1704
f 1746//1746 1745//1745 1700//1700
f 1745//1745 1744//1744 1701//1701
f 1699//1699 1596//1596 1746//1746
f 1610//1610 1747//1747 1595//1595
f 1595//1595 1746//1746 1596//1596
f 1747//1747 1746//1746 1595//1595
f 1746//1746 1700//1700 1699//1699
f 1743//1743 1742//1742 1703//1703
f 1703//1703 1742//1742 1704//1704
f 1436//1436 1540//1540 1539//1539
f 1701//1701 1744//1744 1702//1702
f 1743//1743 1703//1703 1702//1702
f 1744//1744 1743//1743 1702//1702
f 1701//1701 1700//1700 1745//1745
f 1609//1609 1747//1747 1610//1610
f 1608//1608 1607//1607 1748//1748
f 1749//1749 1748//1748 1607//1607
f 1748//1748 1609//1609 1608//1608
f 1609//1609 1748//1748 1747//1747
f 1699//1699 1698//1698 1597//1597
f 1698//1698 1697//1697 1716//1716
f 1719//1719 1696//1696 1695//1695
f 1696//1696 1717//1717 1697//1697
f 1694//1694 1720//1720 1695//1695
f 1720//1720 1694//1694 1693//1693
f 1598//1598 1597//1597 1698//1698
f 1692//1692 1721//1721 1693//1693
f 1599//1599 1598//1598 1698//1698
f 1597//1597 1596//1596 1699//1699
f 1539//1539 1538//1538 1436//1436
f 1687//1687 1686//1686 1427//1427
f 1427//1427 1688//1688 1687//1687
f 1444//1444 1689//1689 1427//1427
f 1688//1688 1427//1427 1689//1689
f 1537//1537 1536//1536 1437//1437
f 1538//1538 1437//1437 1436//1436
f 1535//1535 1437//1437 1536//1536
f 1537//1537 1437//1437 1538//1538
f 1438//1438 1437//1437 1535//1535
f 1534//1534 1440//1440 1535//1535
f 1535//1535 1439//1439 1438//1438
f 1439//1439 1535//1535 1440//1440
f 1441//1441 1440//1440 1534//1534
f 1689//1689 1443//1443 1442//1442
f 1444//1444 1443//1443 1689//1689
f 1690//1690 1689//1689 1442//1442
f 1591//1591 1692//1692 1691//1691
f 1441//1441 1534//1534 1690//1690
f 1690//1690 1592//1592 1691//1691
f 1722//1722 1692//1692 1591//1591
f 1691//1691 1592//1592 1591//1591
f 1579//1579 1594//1594 1533//1533
f 1534//1534 1533//1533 1594//1594
f 1580//1580 1579//1579 1533//1533
f 1593//1593 1690//1690 1594//1594
f 1690//1690 1534//1534 1594//1594
f 1593//1593 1592//1592 1690//1690
f 1442//1442 1441//1441 1690//1690
f 1580//1580 1533//1533 1532//1532
f 1798//1798 1520//1520 1799//1799
f 1800//1800 1799//1799 1519//1519
f 1798//1798 1521//1521 1520//1520
f 1799//1799 1520//1520 1519//1519
f 1800//1800 1519//1519 1518//1518
f 1522//1522 1521//1521 1798//1798
f 1523//1523 1797//1797 1796//1796
f 1798//1798 1797//1797 1522//1522
f 1522//1522 1797//1797 1523//1523
f 1523//1523 1399//1399 1524//1524
f 1397//1397 1525//1525 1524//1524
f 1400//1400 1523//1523 1796//1796
f 1474//1474 1473//1473 1525//1525
f 1525//1525 1475//1475 1474//1474
f 1473//1473 1472//1472 1525//1525
f 1526//1526 1525//1525 1472//1472
f 1472//1472 1527//1527 1526//1526
f 1528//1528 1472//1472 1471//1471
f 1480//1480 1393//1393 1392//1392
f 1472//1472 1528//1528 1527//1527
f 1476//1476 1525//1525 1397//1397
f 1525//1525 1476//1476 1475//1475
f 1394//1394 1480//1480 1479//1479
f 1371//1371 1478//1478 1477//1477
f 1479//1479 1478//1478 1394//1394
f 1394//1394 1393//1393 1480//1480
f 1477//1477 1476//1476 1371//1371
f 1371//1371 1394//1394 1478//1478
f 1795//1795 1402//1402 1796//1796
f 1402//1402 1401//1401 1796//1796
f 1403//1403 1402//1402 1795//1795
f 1523//1523 1400//1400 1399//1399
f 1524//1524 1399//1399 1398//1398
f 1401//1401 1400//1400 1796//1796
f 1794//1794 1404//1404 1795//1795
f 1403//1403 1795//1795 1404//1404
f 1405//1405 1404//1404 1794//1794
f 1794//1794 1793//1793 1406//1406
f 1408//1408 1407//1407 1793//1793
f 1406//1406 1793//1793 1407//1407
f 1405//1405 1794//1794 1406//1406
f 1371//1371 1397//1397 1396//1396
f 1372//1372 1371//1371 1395//1395
f 1396//1396 1395//1395 1371//1371
f 1409//1409 1372//1372 1410//1410
f 1395//1395 1410//1410 1372//1372
f 1397//1397 1524//1524 1398//1398
f 1792//1792 1372//1372 1409//1409
f 1792//1792 1791//1791 1372//1372
f 1409//1409 1408//1408 1792//1792
f 1793//1793 1792//1792 1408//1408
f 1791//1791 1790//1790 1374//1374
f 1790//1790 1789//1789 1375//1375
f 1374//1374 1790//1790 1375//1375
f 1373//1373 1791//1791 1374//1374
f 1372//1372 1791//1791 1373//1373
f 1397//1397 1371//1371 1476//1476
f 1471//1471 1470//1470 1531//1531
f 1469//1469 1531//1531 1470//1470
f 1530//1530 1471//1471 1531//1531
f 1531//1531 1469//1469 1468//1468
f 1468//1468 1467//1467 1532//1532
f 1532//1532 1531//1531 1468//1468
f 1392//1392 1463//1463 1480//1480
f 1471//1471 1530//1530 1529//1529
f 1463//1463 1390//1390 1389//1389
f 1392//1392 1391//1391 1463//1463
f 1389//1389 1464//1464 1463//1463
f 1463//1463 1391//1391 1390//1390
f 1466//1466 1388//1388 1467//1467
f 1389//1389 1466//1466 1465//1465
f 1532//1532 1467//1467 1388//1388
f 1389//1389 1388//1388 1466//1466
f 1464//1464 1389//1389 1465//1465
f 1387//1387 1582//1582 1581//1581
f 1581//1581 1388//1388 1387//1387
f 1460//1460 1583//1583 1387//1387
f 1580//1580 1532//1532 1388//1388
f 1388//1388 1581//1581 1580//1580
f 1385//1385 1445//1445 1386//1386
f 1462//1462 1386//1386 1445//1445
f 1670//1670 1669//1669 1455//1455
f 1460//1460 1459//1459 1583//1583
f 1387//1387 1386//1386 1462//1462
f 1387//1387 1461//1461 1460//1460
f 1462//1462 1461//1461 1387//1387
f 1384//1384 1445//1445 1385//1385
f 1387//1387 1583//1583 1582//1582
f 1788//1788 1377//1377 1376//1376
f 1789//1789 1788//1788 1376//1376
f 1657//1657 1379//1379 1658//1658
f 1786//1786 1379//1379 1378//1378
f 1787//1787 1378//1378 1377//1377
f 1787//1787 1377//1377 1788//1788
f 1786//1786 1378//1378 1787//1787
f 1786//1786 1785//1785 1643//1643
f 1645//1645 1644//1644 1785//1785
f 1643//1643 1785//1785 1644//1644
f 1658//1658 1786//1786 1643//1643
f 1379//1379 1786//1786 1658//1658
f 1380//1380 1379//1379 1657//1657
f 1375//1375 1789//1789 1376//1376
f 1382//1382 1446//1446 1383//1383
f 1381//1381 1446//1446 1382//1382
f 1381//1381 1449//1449 1448//1448
f 1447//1447 1446//1446 1381//1381
f 1446//1446 1384//1384 1383//1383
f 1448//1448 1447//1447 1381//1381
f 1380//1380 1450//1450 1381//1381
f 1656//1656 1380//1380 1657//1657
f 1380//1380 1656//1656 1655//1655
f 1647//1647 1646//1646 1784//1784
f 1646//1646 1645//1645 1784//1784
f 1450//1450 1380//1380 1674//1674
f 1450//1450 1449//1449 1381//1381
f 1785//1785 1784//1784 1645//1645
f 1446//1446 1445//1445 1384//1384
f 1471//1471 1529//1529 1528//1528
f 1607//1607 1606//1606 1749//1749
f 1749//1749 1606//1606 1605//1605
f 1605//1605 1604//1604 1750//1750
f 1715//1715 1601//1601 1716//1716
f 1750//1750 1749//1749 1605//1605
f 1716//1716 1601//1601 1600//1600
f 1696//1696 1719//1719 1718//1718
f 1718//1718 1717//1717 1696//1696
f 1695//1695 1720//1720 1719//1719
f 1716//1716 1697//1697 1717//1717
f 1720//1720 1693//1693 1721//1721
f 1716//1716 1600//1600 1599//1599
f 1692//1692 1722//1722 1721//1721
f 1603//1603 1602//1602 1751//1751
f 1604//1604 1603//1603 1750//1750
f 1750//1750 1603//1603 1751//1751
f 1752//1752 1751//1751 1714//1714
f 1715//1715 1751//1751 1602//1602
f 1753//1753 1752//1752 1713//1713
f 1714//1714 1751//1751 1715//1715
f 1713//1713 1752//1752 1714//1714
f 1711//1711 1754//1754 1712//1712
f 1753//1753 1713//1713 1712//1712
f 1508//1508 1507//1507 1558//1558
f 1754//1754 1753//1753 1712//1712
f 1602//1602 1601//1601 1715//1715
f 1590//1590 1723//1723 1591//1591
f 1723//1723 1722//1722 1591//1591
f 1723//1723 1590//1590 1589//1589
f 1725//1725 1724//1724 1502//1502
f 1500//1500 1725//1725 1501//1501
f 1724//1724 1723//1723 1589//1589
f 1724//1724 1562//1562 1503//1503
f 1588//1588 1724//1724 1589//1589
f 1587//1587 1563//1563 1588//1588
f 1562//1562 1588//1588 1563//1563
f 1563//1563 1586//1586 1564//1564
f 1587//1587 1586//1586 1563//1563
f 1588//1588 1562//1562 1724//1724
f 1666//1666 1564//1564 1586//1586
f 1725//1725 1502//1502 1501//1501
f 1499//1499 1725//1725 1500//1500
f 1499//1499 1516//1516 1728//1728
f 1558//1558 1507//1507 1559//1559
f 1726//1726 1499//1499 1727//1727
f 1499//1499 1726//1726 1725//1725
f 1559//1559 1507//1507 1560//1560
f 1561//1561 1505//1505 1504//1504
f 1562//1562 1561//1561 1504//1504
f 1561//1561 1560//1560 1507//1507
f 1505//1505 1561//1561 1506//1506
f 1507//1507 1506//1506 1561//1561
f 1727//1727 1499//1499 1728//1728
f 1503//1503 1562//1562 1504//1504
f 1724//1724 1503//1503 1502//1502
f 1754//1754 1711//1711 1755//1755
f 1709//1709 1755//1755 1710//1710
f 1711//1711 1710//1710 1755//1755
f 1756//1756 1755//1755 1709//1709
f 1757//1757 1756//1756 1708//1708
f 1624//1624 1757//1757 1625//1625
f 1708//1708 1756//1756 1709//1709
f 1757//1757 1708//1708 1625//1625
f 1611//1611 1708//1708 1707//1707
f 1707//1707 1730//1730 1514//1514
f 1708//1708 1611//1611 1626//1626
f 1707//1707 1613//1613 1612//1612
f 1707//1707 1612//1612 1611//1611
f 1626//1626 1625//1625 1708//1708
f 1707//1707 1512//1512 1613//1613
f 1623//1623 1758//1758 1624//1624
f 1757//1757 1624//1624 1758//1758
f 1622//1622 1758//1758 1623//1623
f 1621//1621 1759//1759 1622//1622
f 1758//1758 1622//1622 1759//1759
f 1759//1759 1621//1621 1620//1620
f 1620//1620 1760//1760 1759//1759
f 1553//1553 1616//1616 1615//1615
f 1614//1614 1613//1613 1554//1554
f 1618//1618 1760//1760 1619//1619
f 1620//1620 1619//1619 1760//1760
f 1618//1618 1617//1617 1761//1761
f 1616//1616 1761//1761 1617//1617
f 1618//1618 1761//1761 1760//1760
f 1615//1615 1614//1614 1554//1554
f 1730//1730 1729//1729 1516//1516
f 1730//1730 1515//1515 1514//1514
f 1512//1512 1707//1707 1513//1513
f 1554//1554 1511//1511 1555//1555
f 1514//1514 1513//1513 1707//1707
f 1557//1557 1508//1508 1558//1558
f 1728//1728 1516//1516 1729//1729
f 1555//1555 1510//1510 1509//1509
f 1556//1556 1555//1555 1508//1508
f 1509//1509 1508//1508 1555//1555
f 1555//1555 1511//1511 1510//1510
f 1557//1557 1556//1556 1508//1508
f 1554//1554 1512//1512 1511//1511
f 1515//1515 1730//1730 1516//1516
f 1553//1553 1615//1615 1554//1554
f 1762//1762 1553//1553 1552//1552
f 1552//1552 1551//1551 1762//1762
f 1550//1550 1763//1763 1551//1551
f 1762//1762 1551//1551 1763//1763
f 1761//1761 1553//1553 1762//1762
f 1613//1613 1512//1512 1554//1554
f 1764//1764 1550//1550 1549//1549
f 1765//1765 1549//1549 1548//1548
f 1765//1765 1548//1548 1766//1766
f 1767//1767 1766//1766 1578//1578
f 1766//1766 1548//1548 1578//1578
f 1764//1764 1549//1549 1765//1765
f 1764//1764 1763//1763 1550//1550
f 1616//1616 1553//1553 1761//1761
f 1667//1667 1584//1584 1583//1583
f 1585//1585 1584//1584 1667//1667
f 1458//1458 1667//1667 1583//1583
f 1665//1665 1496//1496 1666//1666
f 1586//1586 1585//1585 1666//1666
f 1667//1667 1666//1666 1585//1585
f 1667//1667 1458//1458 1457//1457
f 1456//1456 1667//1667 1457//1457
f 1669//1669 1668//1668 1455//1455
f 1456//1456 1455//1455 1668//1668
f 1670//1670 1454//1454 1671//1671
f 1454//1454 1670//1670 1455//1455
f 1456//1456 1668//1668 1667//1667
f 1495//1495 1564//1564 1666//1666
f 1565//1565 1494//1494 1493//1493
f 1491//1491 1565//1565 1492//1492
f 1493//1493 1492//1492 1565//1565
f 1565//1565 1491//1491 1566//1566
f 1494//1494 1564//1564 1495//1495
f 1568//1568 1567//1567 1491//1491
f 1665//1665 1497//1497 1496//1496
f 1665//1665 1498//1498 1497//1497
f 1567//1567 1566//1566 1491//1491
f 1663//1663 1481//1481 1664//1664
f 1481//1481 1665//1665 1664//1664
f 1568//1568 1491//1491 1490//1490
f 1498//1498 1665//1665 1481//1481
f 1666//1666 1496//1496 1495//1495
f 1564//1564 1494//1494 1565//1565
f 1453//1453 1452//1452 1673//1673
f 1673//1673 1452//1452 1451//1451
f 1673//1673 1454//1454 1453//1453
f 1671//1671 1454//1454 1672//1672
f 1454//1454 1673//1673 1672//1672
f 1655//1655 1654//1654 1674//1674
f 1450//1450 1674//1674 1673//1673
f 1647//1647 1783//1783 1648//1648
f 1648//1648 1783//1783 1649//1649
f 1654//1654 1653//1653 1674//1674
f 1674//1674 1380//1380 1655//1655
f 1784//1784 1783//1783 1647//1647
f 1450//1450 1673//1673 1451//1451
f 1676//1676 1675//1675 1781//1781
f 1653//1653 1652//1652 1675//1675
f 1778//1778 1678//1678 1779//1779
f 1780//1780 1677//1677 1676//1676
f 1678//1678 1677//1677 1779//1779
f 1778//1778 1679//1679 1678//1678
f 1677//1677 1780//1780 1779//1779
f 1782//1782 1650//1650 1649//1649
f 1652//1652 1651//1651 1781//1781
f 1650//1650 1782//1782 1651//1651
f 1781//1781 1651//1651 1782//1782
f 1781//1781 1675//1675 1652//1652
f 1781//1781 1780//1780 1676//1676
f 1783//1783 1782//1782 1649//1649
f 1675//1675 1674//1674 1653//1653
f 1490//1490 1569//1569 1568//1568
f 1458//1458 1583//1583 1459//1459
f 1490//1490 1570//1570 1569//1569
f 1481//1481 1663//1663 1662//1662
f 1662//1662 1482//1482 1481//1481
f 1489//1489 1571//1571 1490//1490
f 1570//1570 1490//1490 1571//1571
f 1660//1660 1482//1482 1661//1661
f 1662//1662 1661//1661 1482//1482
f 1483//1483 1482//1482 1660//1660
f 1486//1486 1485//1485 1659//1659
f 1660//1660 1484//1484 1483//1483
f 1660//1660 1659//1659 1484//1484
f 1484//1484 1659//1659 1485//1485
f 1769//1769 1576//1576 1575//1575
f 1769//1769 1575//1575 1574//1574
f 1768//1768 1767//1767 1577//1577
f 1768//1768 1576//1576 1769//1769
f 1577//1577 1576//1576 1768//1768
f 1770//1770 1769//1769 1574//1574
f 1571//1571 1488//1488 1487//1487
f 1571//1571 1489//1489 1488//1488
f 1641//1641 1571//1571 1486//1486
f 1771//1771 1770//1770 1573//1573
f 1571//1571 1641//1641 1572//1572
f 1572//1572 1639//1639 1573//1573
f 1573//1573 1770//1770 1574//1574
f 1571//1571 1487//1487 1486//1486
f 1573//1573 1638//1638 1771//1771
f 1682//1682 1627//1627 1659//1659
f 1642//1642 1659//1659 1627//1627
f 1628//1628 1627//1627 1682//1682
f 1659//1659 1642//1642 1641//1641
f 1659//1659 1641//1641 1486//1486
f 1629//1629 1628//1628 1682//1682
f 1778//1778 1777//1777 1679//1679
f 1777//1777 1680//1680 1679//1679
f 1776//1776 1680//1680 1777//1777
f 1682//1682 1776//1776 1775//1775
f 1629//1629 1682//1682 1775//1775
f 1682//1682 1681//1681 1776//1776
f 1775//1775 1630//1630 1629//1629
f 1680//1680 1776//1776 1681//1681
f 1572//1572 1640//1640 1639//1639
f 1573//1573 1639//1639 1638//1638
f 1636//1636 1771//1771 1637//1637
f 1634//1634 1772//1772 1635//1635
f 1636//1636 1635//1635 1772//1772
f 1636//1636 1772//1772 1771//1771
f 1637//1637 1771//1771 1638//1638
f 1774//1774 1631//1631 1630//1630
f 1632//1632 1631//1631 1774//1774
f 1775//1775 1774//1774 1630//1630
f 1773//1773 1634//1634 1633//1633
f 1774//1774 1773//1773 1632//1632
f 1633//1633 1632//1632 1773//1773
f 1773//1773 1772//1772 1634//1634
f 1641//1641 1640//1640 1572//1572
f 1577//1577 1767//1767 1578//1578
f 1716//1716 1599//1599 1698//1698
