# core_hub_01 exported from /models/mainboards/core_hub_01.glb
# units: meters
v 0.053323 0.001000 0.030630
v 0.053336 0.001000 0.032130
v 0.052784 0.001000 0.028230
v 0.057187 0.001000 0.030598
v 0.058556 0.001000 0.012415
v 0.063946 0.001000 0.010836
v 0.063839 0.001000 0.008682
v 0.058544 0.001000 0.011533
v 0.058153 0.001000 0.010741
v 0.057460 0.001000 0.010195
v 0.062835 0.001000 0.006774
v 0.061121 0.001000 0.005465
v 0.059016 0.001000 0.005001
v 0.056599 0.001000 0.010000
v 0.032442 0.001000 0.005001
v 0.032735 0.001000 0.010293
v 0.030478 0.001000 0.004599
v 0.033442 0.001000 0.010000
v 0.033074 0.001000 0.010071
v 0.032512 0.001000 0.010632
v 0.028830 0.001000 0.003458
v 0.021972 0.001000 0.015479
v 0.026996 0.001000 0.001543
v 0.032442 0.001000 0.011000
v 0.032442 0.001000 0.012000
v 0.032512 0.001000 0.012369
v 0.022814 0.001000 0.016719
v 0.032735 0.001000 0.012708
v 0.023143 0.001000 0.018307
v 0.022814 0.001000 0.019896
v 0.033074 0.001000 0.012930
v 0.031361 0.001000 0.024769
v 0.029724 0.001000 0.027259
v 0.031548 0.001000 0.026760
v 0.021972 0.001000 0.021136
v 0.034840 0.001000 0.025268
v 0.033442 0.001000 0.013000
v 0.052767 0.001000 0.013000
v 0.036851 0.001000 0.026461
v 0.054691 0.001000 0.015547
v 0.038464 0.001000 0.028323
v 0.039386 0.001000 0.030608
v 0.039531 0.001000 0.032941
v 0.037540 0.001000 0.032754
v 0.037066 0.001000 0.034525
v 0.040201 0.001000 0.040211
v 0.015537 0.001000 0.054701
v 0.032769 0.001000 0.039702
v 0.034352 0.001000 0.037237
v 0.035953 0.001000 0.036125
v 0.032581 0.001000 0.037711
v 0.029206 0.001000 0.039169
v 0.027226 0.001000 0.037966
v 0.025644 0.001000 0.036111
v 0.012990 0.001000 0.052777
v 0.012990 0.001000 0.033452
v 0.013200 0.001000 0.053669
v 0.014622 0.001000 0.054743
v 0.013785 0.001000 0.054373
v 0.012920 0.001000 0.033084
v 0.024598 0.001000 0.031534
v 0.024740 0.001000 0.033845
v 0.018297 0.001000 0.023153
v 0.019886 0.001000 0.022824
v 0.027087 0.001000 0.029895
v 0.026589 0.001000 0.031721
v 0.028176 0.001000 0.028346
v 0.021125 0.001000 0.021982
v 0.012697 0.001000 0.032745
v 0.016708 0.001000 0.022824
v 0.012358 0.001000 0.032522
v 0.015469 0.001000 0.021982
v 0.011990 0.001000 0.032452
v 0.010990 0.001000 0.032452
v 0.003448 0.001000 0.028840
v 0.010622 0.001000 0.032522
v 0.004589 0.001000 0.030488
v 0.010283 0.001000 0.032745
v 0.010060 0.001000 0.033084
v 0.004990 0.001000 0.032452
v 0.009990 0.001000 0.033452
v 0.009990 0.001000 0.056609
v 0.004990 0.001000 0.059026
v 0.010185 0.001000 0.057470
v 0.005455 0.001000 0.061132
v 0.006763 0.001000 0.062846
v 0.010731 0.001000 0.058163
v 0.008672 0.001000 0.063849
v 0.011523 0.001000 0.058554
v 0.010825 0.001000 0.063956
v 0.012405 0.001000 0.058566
v 0.030587 0.001000 0.057198
v 0.028219 0.001000 0.052794
v 0.030620 0.001000 0.053334
v 0.042322 0.001000 0.042333
v 0.032120 0.001000 0.053346
v 0.045858 0.001000 0.045868
v 0.032094 0.001000 0.056366
v 0.056355 0.001000 0.032105
v 0.001532 0.001000 0.027006
v 0.000392 0.001000 0.025358
v -0.000010 0.001000 0.023395
v -0.001552 0.001000 0.027006
v -0.000411 0.001000 0.025358
v -0.015488 0.001000 0.021982
v -0.002838 0.001000 0.009332
v 0.002819 0.001000 0.009332
v -0.001598 0.001000 0.008489
v 0.001579 0.001000 0.008489
v -0.000010 0.001000 0.008160
v -0.011010 0.001000 0.032452
v -0.003468 0.001000 0.028840
v -0.016728 0.001000 0.022824
v -0.012010 0.001000 0.032452
v -0.012378 0.001000 0.032522
v -0.012717 0.001000 0.032745
v -0.012939 0.001000 0.033084
v -0.018316 0.001000 0.023153
v -0.024778 0.001000 0.031371
v -0.019905 0.001000 0.022824
v -0.021145 0.001000 0.021982
v -0.027268 0.001000 0.029734
v -0.021991 0.001000 0.021136
v -0.028355 0.001000 0.028186
v -0.029904 0.001000 0.027098
v -0.031543 0.001000 0.024608
v -0.031730 0.001000 0.026599
v -0.022833 0.001000 0.019896
v -0.023162 0.001000 0.018307
v -0.022833 0.001000 0.016719
v -0.032754 0.001000 0.012708
v -0.033093 0.001000 0.012930
v -0.033461 0.001000 0.013000
v -0.033854 0.001000 0.024750
v -0.036120 0.001000 0.025654
v -0.052786 0.001000 0.013000
v -0.037975 0.001000 0.027237
v -0.053678 0.001000 0.013210
v -0.054710 0.001000 0.015547
v -0.054382 0.001000 0.013795
v -0.054752 0.001000 0.014633
v -0.039711 0.001000 0.032779
v -0.040221 0.001000 0.040211
v -0.039178 0.001000 0.029216
v -0.037246 0.001000 0.034363
v -0.036134 0.001000 0.035963
v -0.032950 0.001000 0.039542
v -0.015556 0.001000 0.054701
v -0.034534 0.001000 0.037076
v -0.032763 0.001000 0.037550
v -0.028333 0.001000 0.038474
v -0.030617 0.001000 0.039396
v -0.014642 0.001000 0.054743
v -0.013010 0.001000 0.052777
v -0.026470 0.001000 0.036861
v -0.013010 0.001000 0.033452
v -0.025277 0.001000 0.034850
v -0.013804 0.001000 0.054373
v -0.013219 0.001000 0.053669
v -0.037720 0.001000 0.032591
v -0.032531 0.001000 0.012369
v -0.032461 0.001000 0.012000
v -0.032461 0.001000 0.011000
v -0.021991 0.001000 0.015479
v -0.023404 0.001000 0.000001
v -0.027015 0.001000 0.001543
v -0.028850 0.001000 0.003458
v -0.009341 0.001000 0.002829
v -0.009341 0.001000 -0.002828
v -0.008499 0.001000 0.001589
v -0.008499 0.001000 -0.001588
v -0.008170 0.001000 0.000001
v -0.021991 0.001000 -0.015478
v -0.032461 0.001000 -0.011999
v -0.032461 0.001000 -0.010999
v -0.022833 0.001000 -0.016717
v -0.028850 0.001000 -0.003457
v -0.027015 0.001000 -0.001542
v -0.025367 0.001000 -0.000401
v -0.030497 0.001000 -0.004598
v -0.032531 0.001000 -0.010631
v -0.032754 0.001000 -0.010292
v -0.032461 0.001000 -0.004999
v -0.033093 0.001000 -0.010070
v -0.033461 0.001000 -0.009999
v -0.056619 0.001000 -0.009999
v -0.057479 0.001000 -0.010194
v -0.059035 0.001000 -0.004999
v -0.061141 0.001000 -0.005464
v -0.062855 0.001000 -0.006773
v -0.058173 0.001000 -0.010740
v -0.063858 0.001000 -0.008681
v -0.058563 0.001000 -0.011532
v -0.058575 0.001000 -0.012414
v -0.063965 0.001000 -0.010835
v -0.057207 0.001000 -0.030596
v -0.053343 0.001000 -0.030629
v -0.052803 0.001000 -0.028229
v -0.042342 0.001000 -0.042332
v -0.053355 0.001000 -0.032129
v -0.045877 0.001000 -0.045867
v -0.056375 0.001000 -0.032103
v -0.032139 0.001000 -0.053345
v -0.032114 0.001000 -0.056364
v -0.028239 0.001000 -0.052793
v -0.030639 0.001000 -0.053333
v -0.030607 0.001000 -0.057197
v -0.010845 0.001000 -0.063955
v -0.012424 0.001000 -0.058565
v -0.011542 0.001000 -0.058553
v -0.008691 0.001000 -0.063848
v -0.010751 0.001000 -0.058162
v -0.005474 0.001000 -0.061131
v -0.006783 0.001000 -0.062844
v -0.010204 0.001000 -0.057469
v -0.010010 0.001000 -0.056608
v -0.005010 0.001000 -0.059025
v -0.005010 0.001000 -0.032451
v -0.010010 0.001000 -0.033451
v -0.010080 0.001000 -0.033083
v -0.010302 0.001000 -0.032744
v -0.004608 0.001000 -0.030487
v -0.003468 0.001000 -0.028839
v -0.010641 0.001000 -0.032521
v -0.011010 0.001000 -0.032451
v -0.015488 0.001000 -0.021981
v -0.012010 0.001000 -0.032451
v -0.016728 0.001000 -0.022823
v -0.012378 0.001000 -0.032521
v -0.012717 0.001000 -0.032744
v -0.018316 0.001000 -0.023152
v -0.012939 0.001000 -0.033083
v -0.024617 0.001000 -0.031532
v -0.013010 0.001000 -0.033451
v -0.024759 0.001000 -0.033844
v -0.025663 0.001000 -0.036109
v -0.013010 0.001000 -0.052776
v -0.027246 0.001000 -0.037965
v -0.014642 0.001000 -0.054742
v -0.015556 0.001000 -0.054700
v -0.013219 0.001000 -0.053667
v -0.013804 0.001000 -0.054372
v -0.032788 0.001000 -0.039701
v -0.040221 0.001000 -0.040210
v -0.029225 0.001000 -0.039168
v -0.039551 0.001000 -0.032940
v -0.054710 0.001000 -0.015546
v -0.035972 0.001000 -0.036124
v -0.037085 0.001000 -0.034524
v -0.034372 0.001000 -0.037236
v -0.032600 0.001000 -0.037710
v -0.037560 0.001000 -0.032752
v -0.054752 0.001000 -0.014631
v -0.054382 0.001000 -0.013794
v -0.052786 0.001000 -0.012999
v -0.039405 0.001000 -0.030607
v -0.038483 0.001000 -0.028322
v -0.036870 0.001000 -0.026460
v -0.034860 0.001000 -0.025267
v -0.033461 0.001000 -0.012999
v -0.031380 0.001000 -0.024767
v -0.033093 0.001000 -0.012929
v -0.032754 0.001000 -0.012706
v -0.023162 0.001000 -0.018306
v -0.022833 0.001000 -0.019895
v -0.021991 0.001000 -0.021134
v -0.021145 0.001000 -0.021981
v -0.028195 0.001000 -0.028345
v -0.029743 0.001000 -0.027257
v -0.031568 0.001000 -0.026759
v -0.027107 0.001000 -0.029894
v -0.026608 0.001000 -0.031720
v -0.019905 0.001000 -0.022823
v -0.032531 0.001000 -0.012367
v -0.053678 0.001000 -0.013209
v -0.002838 0.001000 -0.009331
v -0.000010 0.001000 -0.023394
v -0.001552 0.001000 -0.027005
v -0.000411 0.001000 -0.025357
v 0.001532 0.001000 -0.027005
v 0.000392 0.001000 -0.025357
v 0.002819 0.001000 -0.009331
v 0.015469 0.001000 -0.021981
v 0.003448 0.001000 -0.028839
v 0.010990 0.001000 -0.032451
v 0.011990 0.001000 -0.032451
v 0.016708 0.001000 -0.022823
v 0.018297 0.001000 -0.023152
v 0.012697 0.001000 -0.032744
v 0.012358 0.001000 -0.032521
v 0.012920 0.001000 -0.033083
v 0.012990 0.001000 -0.033451
v 0.024758 0.001000 -0.031370
v 0.027248 0.001000 -0.029733
v 0.026749 0.001000 -0.031557
v 0.021125 0.001000 -0.021981
v 0.019886 0.001000 -0.022823
v 0.025258 0.001000 -0.034849
v 0.026451 0.001000 -0.036860
v 0.028313 0.001000 -0.038473
v 0.012990 0.001000 -0.052776
v 0.015537 0.001000 -0.054700
v 0.040201 0.001000 -0.040210
v 0.013785 0.001000 -0.054372
v 0.014622 0.001000 -0.054742
v 0.030598 0.001000 -0.039395
v 0.032931 0.001000 -0.039540
v 0.034515 0.001000 -0.037075
v 0.032743 0.001000 -0.037549
v 0.036115 0.001000 -0.035962
v 0.037227 0.001000 -0.034361
v 0.039692 0.001000 -0.032778
v 0.037701 0.001000 -0.032590
v 0.039159 0.001000 -0.029215
v 0.054691 0.001000 -0.015546
v 0.052767 0.001000 -0.012999
v 0.054363 0.001000 -0.013794
v 0.054733 0.001000 -0.014631
v 0.037956 0.001000 -0.027236
v 0.036100 0.001000 -0.025653
v 0.033835 0.001000 -0.024749
v 0.033442 0.001000 -0.012999
v 0.033074 0.001000 -0.012929
v 0.031523 0.001000 -0.024607
v 0.022814 0.001000 -0.019895
v 0.023143 0.001000 -0.018306
v 0.029885 0.001000 -0.027097
v 0.031711 0.001000 -0.026598
v 0.021972 0.001000 -0.021134
v 0.028336 0.001000 -0.028185
v 0.032735 0.001000 -0.012706
v 0.022814 0.001000 -0.016717
v 0.032442 0.001000 -0.011999
v 0.032512 0.001000 -0.012367
v 0.021972 0.001000 -0.015478
v 0.009322 0.001000 -0.002828
v 0.028830 0.001000 -0.003457
v 0.032442 0.001000 -0.010999
v 0.023384 0.001000 0.000001
v 0.026996 0.001000 -0.001542
v 0.025348 0.001000 -0.000401
v 0.025348 0.001000 0.000402
v 0.009322 0.001000 0.002829
v 0.008479 0.001000 0.001589
v 0.008479 0.001000 -0.001588
v 0.008150 0.001000 0.000001
v 0.032512 0.001000 -0.010631
v 0.032735 0.001000 -0.010292
v 0.030478 0.001000 -0.004598
v 0.032442 0.001000 -0.004999
v 0.056599 0.001000 -0.009999
v 0.059016 0.001000 -0.004999
v 0.033074 0.001000 -0.010070
v 0.033442 0.001000 -0.009999
v 0.057460 0.001000 -0.010194
v 0.061121 0.001000 -0.005464
v 0.058153 0.001000 -0.010740
v 0.062835 0.001000 -0.006773
v 0.063839 0.001000 -0.008681
v 0.058544 0.001000 -0.011532
v 0.063946 0.001000 -0.010835
v 0.058556 0.001000 -0.012414
v 0.057187 0.001000 -0.030596
v 0.052784 0.001000 -0.028229
v 0.053323 0.001000 -0.030629
v 0.053336 0.001000 -0.032129
v 0.045858 0.001000 -0.045867
v 0.056355 0.001000 -0.032103
v 0.042322 0.001000 -0.042332
v 0.028219 0.001000 -0.052793
v 0.032120 0.001000 -0.053345
v 0.032094 0.001000 -0.056364
v 0.030620 0.001000 -0.053333
v 0.030587 0.001000 -0.057197
v 0.012405 0.001000 -0.058565
v 0.010825 0.001000 -0.063955
v 0.011523 0.001000 -0.058553
v 0.008672 0.001000 -0.063848
v 0.010731 0.001000 -0.058162
v 0.006763 0.001000 -0.062844
v 0.005455 0.001000 -0.061131
v 0.010185 0.001000 -0.057469
v 0.004990 0.001000 -0.059025
v 0.004990 0.001000 -0.032451
v 0.009990 0.001000 -0.056608
v 0.009990 0.001000 -0.033451
v 0.010060 0.001000 -0.033083
v 0.010283 0.001000 -0.032744
v 0.010622 0.001000 -0.032521
v 0.004589 0.001000 -0.030487
v 0.053658 0.001000 -0.013209
v 0.013200 0.001000 -0.053667
v -0.000010 0.001000 -0.008159
v 0.001579 0.001000 -0.008488
v -0.001598 0.001000 -0.008488
v -0.032531 0.001000 0.010632
v -0.030497 0.001000 0.004599
v -0.032754 0.001000 0.010293
v -0.032461 0.001000 0.005001
v -0.033093 0.001000 0.010071
v -0.033461 0.001000 0.010000
v -0.056619 0.001000 0.010000
v -0.059035 0.001000 0.005001
v -0.061141 0.001000 0.005465
v -0.057479 0.001000 0.010195
v -0.058173 0.001000 0.010741
v -0.062855 0.001000 0.006774
v -0.063858 0.001000 0.008682
v -0.058563 0.001000 0.011533
v -0.058575 0.001000 0.012415
v -0.063965 0.001000 0.010836
v -0.057207 0.001000 0.030598
v -0.052803 0.001000 0.028230
v -0.053343 0.001000 0.030630
v -0.053355 0.001000 0.032130
v -0.045877 0.001000 0.045868
v -0.042342 0.001000 0.042333
v -0.056375 0.001000 0.032105
v -0.032139 0.001000 0.053346
v -0.028239 0.001000 0.052794
v -0.030639 0.001000 0.053334
v -0.030607 0.001000 0.057198
v -0.012424 0.001000 0.058566
v -0.011542 0.001000 0.058554
v -0.010845 0.001000 0.063956
v -0.008691 0.001000 0.063849
v -0.010751 0.001000 0.058163
v -0.006783 0.001000 0.062846
v -0.005474 0.001000 0.061132
v -0.010204 0.001000 0.057470
v -0.005010 0.001000 0.059026
v -0.010010 0.001000 0.056609
v -0.005010 0.001000 0.032452
v -0.010302 0.001000 0.032745
v -0.010080 0.001000 0.033084
v -0.010010 0.001000 0.033452
v -0.004608 0.001000 0.030488
v -0.010641 0.001000 0.032522
v -0.032114 0.001000 0.056366
v -0.025367 0.001000 0.000402
v -0.026769 0.001000 0.031559
v 0.054363 0.001000 0.013795
v 0.054733 0.001000 0.014633
v 0.053658 0.001000 0.013210
v -0.015488 -0.001000 -0.021981
v -0.015488 0.001000 -0.021981
v -0.002838 -0.001000 -0.009331
v -0.002838 0.001000 -0.009331
v -0.002838 -0.001000 -0.009331
v -0.001551 -0.001000 -0.008468
v -0.002838 0.001000 -0.009331
v -0.001551 0.001000 -0.008468
v 0.000032 0.001000 -0.008159
v 0.000032 -0.001000 -0.008159
v 0.001597 0.001000 -0.008496
v 0.001597 -0.001000 -0.008496
v 0.002819 0.001000 -0.009331
v 0.002819 -0.001000 -0.009331
v 0.002819 -0.001000 -0.009331
v 0.002819 0.001000 -0.009331
v 0.015469 -0.001000 -0.021981
v 0.015469 0.001000 -0.021981
v 0.015469 -0.001000 -0.021981
v 0.016755 -0.001000 -0.022843
v 0.015469 0.001000 -0.021981
v 0.016755 0.001000 -0.022843
v 0.018339 0.001000 -0.023152
v 0.018339 -0.001000 -0.023152
v 0.019904 0.001000 -0.022815
v 0.019904 -0.001000 -0.022815
v 0.021125 0.001000 -0.021981
v 0.021125 -0.001000 -0.021981
v 0.021125 -0.001000 -0.021981
v 0.021125 0.001000 -0.021981
v 0.021972 -0.001000 -0.021134
v 0.021972 0.001000 -0.021134
v 0.021972 -0.001000 -0.021134
v 0.022834 -0.001000 -0.019848
v 0.021972 0.001000 -0.021134
v 0.022834 0.001000 -0.019848
v 0.023143 0.001000 -0.018264
v 0.023143 -0.001000 -0.018264
v 0.022806 0.001000 -0.016699
v 0.022806 -0.001000 -0.016699
v 0.021972 0.001000 -0.015478
v 0.021972 -0.001000 -0.015478
v 0.021972 -0.001000 -0.015478
v 0.021972 0.001000 -0.015478
v 0.009322 -0.001000 -0.002828
v 0.009322 0.001000 -0.002828
v 0.009322 -0.001000 -0.002828
v 0.008459 -0.001000 -0.001541
v 0.009322 0.001000 -0.002828
v 0.008459 0.001000 -0.001541
v 0.008150 0.001000 0.000042
v 0.008150 -0.001000 0.000042
v 0.008487 0.001000 0.001608
v 0.008487 -0.001000 0.001608
v 0.009322 0.001000 0.002829
v 0.009322 -0.001000 0.002829
v 0.009322 -0.001000 0.002829
v 0.009322 0.001000 0.002829
v 0.021972 -0.001000 0.015479
v 0.021972 0.001000 0.015479
v 0.021972 -0.001000 0.015479
v 0.022834 -0.001000 0.016765
v 0.021972 0.001000 0.015479
v 0.022834 0.001000 0.016765
v 0.023143 0.001000 0.018349
v 0.023143 -0.001000 0.018349
v 0.022806 0.001000 0.019914
v 0.022806 -0.001000 0.019914
v 0.021972 0.001000 0.021136
v 0.021972 -0.001000 0.021136
v 0.021972 -0.001000 0.021136
v 0.021972 0.001000 0.021136
v 0.021125 -0.001000 0.021982
v 0.021125 0.001000 0.021982
v 0.021125 -0.001000 0.021982
v 0.019839 -0.001000 0.022844
v 0.021125 0.001000 0.021982
v 0.019839 0.001000 0.022844
v 0.018255 0.001000 0.023153
v 0.018255 -0.001000 0.023153
v 0.016690 0.001000 0.022816
v 0.016690 -0.001000 0.022816
v 0.015469 0.001000 0.021982
v 0.015469 -0.001000 0.021982
v 0.015469 -0.001000 0.021982
v 0.015469 0.001000 0.021982
v 0.002819 -0.001000 0.009332
v 0.002819 0.001000 0.009332
v 0.002819 -0.001000 0.009332
v 0.001532 -0.001000 0.008469
v 0.002819 0.001000 0.009332
v 0.001532 0.001000 0.008469
v -0.000051 0.001000 0.008161
v -0.000051 -0.001000 0.008161
v -0.001617 0.001000 0.008497
v -0.001617 -0.001000 0.008497
v -0.002838 0.001000 0.009332
v -0.002838 -0.001000 0.009332
v -0.002838 -0.001000 0.009332
v -0.002838 0.001000 0.009332
v -0.015488 -0.001000 0.021982
v -0.015488 0.001000 0.021982
v -0.015488 -0.001000 0.021982
v -0.016775 -0.001000 0.022844
v -0.015488 0.001000 0.021982
v -0.016775 0.001000 0.022844
v -0.018358 0.001000 0.023153
v -0.018358 -0.001000 0.023153
v -0.019923 0.001000 0.022816
v -0.019923 -0.001000 0.022816
v -0.021145 0.001000 0.021982
v -0.021145 -0.001000 0.021982
v -0.021145 -0.001000 0.021982
v -0.021145 0.001000 0.021982
v -0.021991 -0.001000 0.021136
v -0.021991 0.001000 0.021136
v -0.021991 -0.001000 0.021136
v -0.022853 -0.001000 0.019849
v -0.021991 0.001000 0.021136
v -0.022853 0.001000 0.019849
v -0.023162 0.001000 0.018266
v -0.023162 -0.001000 0.018266
v -0.022826 0.001000 0.016700
v -0.022826 -0.001000 0.016700
v -0.021991 0.001000 0.015479
v -0.021991 -0.001000 0.015479
v -0.021991 -0.001000 0.015479
v -0.021991 0.001000 0.015479
v -0.009341 -0.001000 0.002829
v -0.009341 0.001000 0.002829
v -0.009341 -0.001000 0.002829
v -0.008479 -0.001000 0.001542
v -0.009341 0.001000 0.002829
v -0.008479 0.001000 0.001542
v -0.008170 0.001000 -0.000041
v -0.008170 -0.001000 -0.000041
v -0.008506 0.001000 -0.001606
v -0.008506 -0.001000 -0.001606
v -0.009341 0.001000 -0.002828
v -0.009341 -0.001000 -0.002828
v -0.009341 -0.001000 -0.002828
v -0.009341 0.001000 -0.002828
v -0.021991 -0.001000 -0.015478
v -0.021991 0.001000 -0.015478
v -0.021991 -0.001000 -0.015478
v -0.022853 -0.001000 -0.016764
v -0.021991 0.001000 -0.015478
v -0.022853 0.001000 -0.016764
v -0.023162 0.001000 -0.018348
v -0.023162 -0.001000 -0.018348
v -0.022826 0.001000 -0.019913
v -0.022826 -0.001000 -0.019913
v -0.021991 0.001000 -0.021134
v -0.021991 -0.001000 -0.021134
v -0.021991 -0.001000 -0.021134
v -0.021991 0.001000 -0.021134
v -0.021145 -0.001000 -0.021981
v -0.021145 0.001000 -0.021981
v -0.021145 -0.001000 -0.021981
v -0.019858 -0.001000 -0.022843
v -0.021145 0.001000 -0.021981
v -0.019858 0.001000 -0.022843
v -0.018275 0.001000 -0.023152
v -0.018275 -0.001000 -0.023152
v -0.016709 0.001000 -0.022815
v -0.016709 -0.001000 -0.022815
v -0.015488 0.001000 -0.021981
v -0.015488 -0.001000 -0.021981
v 0.028336 -0.001000 -0.028185
v 0.027246 -0.001000 -0.029737
v 0.028336 0.000000 -0.028185
v 0.028336 0.001000 -0.028185
v 0.027246 0.001000 -0.029737
v 0.026749 0.001000 -0.031557
v 0.026749 -0.001000 -0.031557
v 0.026749 -0.001000 -0.031557
v 0.026749 0.001000 -0.031557
v 0.024758 -0.001000 -0.031370
v 0.024758 0.001000 -0.031370
v 0.024758 -0.001000 -0.031370
v 0.024974 -0.001000 -0.033990
v 0.024758 0.001000 -0.031370
v 0.024974 0.001000 -0.033990
v 0.026065 0.001000 -0.036352
v 0.026065 -0.001000 -0.036352
v 0.027957 0.001000 -0.038241
v 0.027957 -0.001000 -0.038241
v 0.030396 0.001000 -0.039347
v 0.032931 0.001000 -0.039540
v 0.030396 -0.001000 -0.039347
v 0.032931 -0.001000 -0.039540
v 0.032931 -0.001000 -0.039540
v 0.032931 0.001000 -0.039540
v 0.032743 -0.001000 -0.037549
v 0.032743 0.001000 -0.037549
v 0.032743 -0.001000 -0.037549
v 0.034557 -0.001000 -0.037055
v 0.032743 0.001000 -0.037549
v 0.034557 0.001000 -0.037055
v 0.036142 0.001000 -0.035935
v 0.036142 -0.001000 -0.035935
v 0.037234 0.001000 -0.034345
v 0.037234 -0.001000 -0.034345
v 0.037701 0.001000 -0.032590
v 0.037701 -0.001000 -0.032590
v 0.037701 -0.001000 -0.032590
v 0.037701 0.001000 -0.032590
v 0.039692 -0.001000 -0.032778
v 0.039692 0.001000 -0.032778
v 0.039692 -0.001000 -0.032778
v 0.039476 -0.001000 -0.030158
v 0.039692 0.001000 -0.032778
v 0.039476 0.001000 -0.030158
v 0.038386 0.001000 -0.027797
v 0.038386 -0.001000 -0.027797
v 0.036497 0.001000 -0.025910
v 0.036497 -0.001000 -0.025910
v 0.034060 0.001000 -0.024802
v 0.034060 -0.001000 -0.024802
v 0.031523 0.001000 -0.024607
v 0.031523 -0.001000 -0.024607
v 0.031523 -0.001000 -0.024607
v 0.031523 0.001000 -0.024607
v 0.031617 -0.001000 -0.025602
v 0.031617 0.001000 -0.025602
v 0.031711 -0.001000 -0.026598
v 0.031711 0.001000 -0.026598
v 0.031711 -0.001000 -0.026598
v 0.031711 0.001000 -0.026598
v 0.029881 -0.001000 -0.027098
v 0.029881 0.001000 -0.027098
v 0.028336 -0.001000 -0.028185
v 0.028336 0.000000 -0.028185
v 0.028336 0.001000 -0.028185
v -0.028195 -0.001000 -0.028345
v -0.029747 -0.001000 -0.027256
v -0.028195 0.000000 -0.028345
v -0.029747 0.001000 -0.027256
v -0.028195 0.001000 -0.028345
v -0.031568 0.001000 -0.026759
v -0.031568 -0.001000 -0.026759
v -0.031568 -0.001000 -0.026759
v -0.031568 0.001000 -0.026759
v -0.031380 -0.001000 -0.024767
v -0.031380 0.001000 -0.024767
v -0.031380 -0.001000 -0.024767
v -0.034000 -0.001000 -0.024983
v -0.031380 0.001000 -0.024767
v -0.034000 0.001000 -0.024983
v -0.036362 0.001000 -0.026074
v -0.036362 -0.001000 -0.026074
v -0.038251 0.001000 -0.027966
v -0.039357 0.001000 -0.030405
v -0.038251 -0.001000 -0.027966
v -0.039357 -0.001000 -0.030405
v -0.039551 -0.001000 -0.032940
v -0.039551 0.001000 -0.032940
v -0.039551 -0.001000 -0.032940
v -0.039551 0.001000 -0.032940
v -0.037560 -0.001000 -0.032752
v -0.037560 0.001000 -0.032752
v -0.037560 -0.001000 -0.032752
v -0.037065 -0.001000 -0.034566
v -0.037560 0.001000 -0.032752
v -0.037065 0.001000 -0.034566
v -0.035945 0.001000 -0.036151
v -0.035945 -0.001000 -0.036151
v -0.034355 0.001000 -0.037244
v -0.032600 0.001000 -0.037710
v -0.034355 -0.001000 -0.037244
v -0.032600 -0.001000 -0.037710
v -0.032600 -0.001000 -0.037710
v -0.032600 0.001000 -0.037710
v -0.032788 -0.001000 -0.039701
v -0.032788 0.001000 -0.039701
v -0.032788 -0.001000 -0.039701
v -0.030168 -0.001000 -0.039485
v -0.032788 0.001000 -0.039701
v -0.030168 0.001000 -0.039485
v -0.027807 0.001000 -0.038395
v -0.027807 -0.001000 -0.038395
v -0.025920 0.001000 -0.036506
v -0.025920 -0.001000 -0.036506
v -0.024812 0.001000 -0.034069
v -0.024617 0.001000 -0.031532
v -0.024812 -0.001000 -0.034069
v -0.024617 -0.001000 -0.031532
v -0.024617 -0.001000 -0.031532
v -0.024617 0.001000 -0.031532
v -0.025613 -0.001000 -0.031626
v -0.025613 0.001000 -0.031626
v -0.026608 -0.001000 -0.031720
v -0.026608 0.001000 -0.031720
v -0.026608 -0.001000 -0.031720
v -0.026608 0.001000 -0.031720
v -0.027109 -0.001000 -0.029890
v -0.027109 0.001000 -0.029890
v -0.028195 -0.001000 -0.028345
v -0.028195 0.000000 -0.028345
v -0.028195 0.001000 -0.028345
v -0.028355 -0.001000 0.028186
v -0.027266 -0.001000 0.029738
v -0.028355 -0.000000 0.028186
v -0.028355 0.001000 0.028186
v -0.027266 0.001000 0.029738
v -0.026769 0.001000 0.031559
v -0.026769 -0.001000 0.031559
v -0.026769 -0.001000 0.031559
v -0.026769 0.001000 0.031559
v -0.025773 -0.001000 0.031465
v -0.025773 0.001000 0.031465
v -0.024778 -0.001000 0.031371
v -0.024778 0.001000 0.031371
v -0.024778 -0.001000 0.031371
v -0.024993 -0.001000 0.033991
v -0.024778 0.001000 0.031371
v -0.024993 0.001000 0.033991
v -0.026084 0.001000 0.036353
v -0.026084 -0.001000 0.036353
v -0.027976 0.001000 0.038242
v -0.027976 -0.001000 0.038242
v -0.030415 0.001000 0.039348
v -0.030415 -0.001000 0.039348
v -0.032950 0.001000 0.039542
v -0.032950 -0.001000 0.039542
v -0.032950 -0.001000 0.039542
v -0.032950 0.001000 0.039542
v -0.032763 -0.001000 0.037550
v -0.032763 0.001000 0.037550
v -0.032763 -0.001000 0.037550
v -0.034577 -0.001000 0.037056
v -0.032763 0.001000 0.037550
v -0.034577 0.001000 0.037056
v -0.036161 0.001000 0.035936
v -0.036161 -0.001000 0.035936
v -0.037254 0.001000 0.034346
v -0.037254 -0.001000 0.034346
v -0.037720 0.001000 0.032591
v -0.037720 -0.001000 0.032591
v -0.037720 -0.001000 0.032591
v -0.037720 0.001000 0.032591
v -0.038716 -0.001000 0.032685
v -0.038716 0.001000 0.032685
v -0.039711 -0.001000 0.032779
v -0.039711 0.001000 0.032779
v -0.039711 -0.001000 0.032779
v -0.039496 -0.001000 0.030159
v -0.039711 0.001000 0.032779
v -0.039496 0.001000 0.030159
v -0.038405 0.001000 0.027798
v -0.038405 -0.001000 0.027798
v -0.036517 0.001000 0.025911
v -0.036517 -0.001000 0.025911
v -0.034079 0.001000 0.024803
v -0.034079 -0.001000 0.024803
v -0.031543 0.001000 0.024608
v -0.031543 -0.001000 0.024608
v -0.031543 -0.001000 0.024608
v -0.031543 0.001000 0.024608
v -0.031730 -0.001000 0.026599
v -0.031730 0.001000 0.026599
v -0.031730 -0.001000 0.026599
v -0.031730 0.001000 0.026599
v -0.029900 -0.001000 0.027100
v -0.029900 0.001000 0.027100
v -0.028355 -0.000000 0.028186
v -0.028355 -0.001000 0.028186
v -0.028355 0.001000 0.028186
v 0.028176 -0.001000 0.028346
v 0.029728 -0.001000 0.027257
v 0.028176 -0.000000 0.028346
v 0.028176 0.001000 0.028346
v 0.029728 0.001000 0.027257
v 0.031548 0.001000 0.026760
v 0.031548 -0.001000 0.026760
v 0.031548 -0.001000 0.026760
v 0.031548 0.001000 0.026760
v 0.031361 -0.001000 0.024769
v 0.031361 0.001000 0.024769
v 0.031361 -0.001000 0.024769
v 0.033981 -0.001000 0.024984
v 0.031361 0.001000 0.024769
v 0.033981 0.001000 0.024984
v 0.036343 0.001000 0.026075
v 0.036343 -0.001000 0.026075
v 0.038231 0.001000 0.027967
v 0.038231 -0.001000 0.027967
v 0.039338 0.001000 0.030406
v 0.039531 0.001000 0.032941
v 0.039338 -0.001000 0.030406
v 0.039531 -0.001000 0.032941
v 0.039531 -0.001000 0.032941
v 0.039531 0.001000 0.032941
v 0.037540 -0.001000 0.032754
v 0.037540 0.001000 0.032754
v 0.037540 -0.001000 0.032754
v 0.037046 -0.001000 0.034568
v 0.037540 0.001000 0.032754
v 0.037046 0.001000 0.034568
v 0.035926 0.001000 0.036152
v 0.035926 -0.001000 0.036152
v 0.034335 0.001000 0.037245
v 0.034335 -0.001000 0.037245
v 0.032581 0.001000 0.037711
v 0.032581 -0.001000 0.037711
v 0.032581 -0.001000 0.037711
v 0.032581 0.001000 0.037711
v 0.032769 -0.001000 0.039702
v 0.032769 0.001000 0.039702
v 0.032769 -0.001000 0.039702
v 0.030149 -0.001000 0.039487
v 0.032769 0.001000 0.039702
v 0.030149 0.001000 0.039487
v 0.027788 0.001000 0.038396
v 0.027788 -0.001000 0.038396
v 0.025901 0.001000 0.036508
v 0.025901 -0.001000 0.036508
v 0.024793 0.001000 0.034070
v 0.024793 -0.001000 0.034070
v 0.024598 0.001000 0.031534
v 0.024598 -0.001000 0.031534
v 0.024598 -0.001000 0.031534
v 0.024598 0.001000 0.031534
v 0.025593 -0.001000 0.031627
v 0.025593 0.001000 0.031627
v 0.026589 -0.001000 0.031721
v 0.026589 0.001000 0.031721
v 0.026589 -0.001000 0.031721
v 0.026589 0.001000 0.031721
v 0.027089 -0.001000 0.029891
v 0.027089 0.001000 0.029891
v 0.028176 -0.001000 0.028346
v 0.028176 -0.000000 0.028346
v 0.028176 0.001000 0.028346
v 0.012405 -0.001000 -0.058565
v 0.014558 -0.000500 -0.058067
v 0.014558 -0.001000 -0.058067
v 0.012405 0.000000 -0.058565
v 0.014558 0.000500 -0.058067
v 0.014558 0.000000 -0.058067
v 0.012405 0.001000 -0.058565
v 0.014558 0.001000 -0.058067
v 0.016714 0.001000 -0.057483
v 0.021011 0.001000 -0.056054
v 0.016714 0.000500 -0.057483
v 0.021011 0.000000 -0.056054
v 0.016714 0.000000 -0.057483
v 0.016714 -0.000500 -0.057483
v 0.021011 -0.001000 -0.056054
v 0.016714 -0.001000 -0.057483
v 0.029269 -0.001000 -0.052218
v 0.029269 0.001000 -0.052218
v 0.036932 -0.001000 -0.047109
v 0.036932 0.001000 -0.047109
v 0.043750 -0.001000 -0.040854
v 0.043750 0.001000 -0.040854
v 0.049509 -0.001000 -0.033643
v 0.049509 0.001000 -0.033643
v 0.054035 -0.001000 -0.025752
v 0.054035 0.001000 -0.025752
v 0.057245 -0.001000 -0.017489
v 0.057245 0.001000 -0.017489
v 0.056599 -0.001000 -0.009999
v 0.056599 0.001000 -0.009999
v 0.056599 -0.001000 -0.009999
v 0.056599 0.001000 -0.009999
v 0.033442 -0.001000 -0.009999
v 0.033442 0.001000 -0.009999
v 0.033442 -0.001000 -0.009999
v 0.033062 -0.001000 -0.010074
v 0.033442 0.001000 -0.009999
v 0.033062 0.001000 -0.010074
v 0.032727 0.001000 -0.010300
v 0.032727 -0.001000 -0.010300
v 0.032510 0.001000 -0.010636
v 0.032510 -0.001000 -0.010636
v 0.032442 0.001000 -0.010999
v 0.032442 -0.001000 -0.010999
v 0.032442 -0.001000 -0.010999
v 0.032442 0.001000 -0.010999
v 0.032442 -0.001000 -0.011999
v 0.032442 0.001000 -0.011999
v 0.032442 -0.001000 -0.011999
v 0.032517 -0.001000 -0.012379
v 0.032442 0.001000 -0.011999
v 0.032517 0.001000 -0.012379
v 0.032742 0.001000 -0.012714
v 0.032742 -0.001000 -0.012714
v 0.033078 0.001000 -0.012931
v 0.033078 -0.001000 -0.012931
v 0.033442 0.001000 -0.012999
v 0.033442 -0.001000 -0.012999
v 0.033442 -0.001000 -0.012999
v 0.033442 0.001000 -0.012999
v 0.052767 -0.001000 -0.012999
v 0.052767 0.001000 -0.012999
v 0.052767 -0.001000 -0.012999
v 0.053852 -0.001000 -0.018242
v 0.052767 0.001000 -0.012999
v 0.053852 0.001000 -0.018242
v 0.051440 0.001000 -0.024222
v 0.051440 -0.001000 -0.024222
v 0.048307 0.001000 -0.029988
v 0.048307 -0.001000 -0.029988
v 0.044508 0.001000 -0.035383
v 0.044508 -0.001000 -0.035383
v 0.040093 0.001000 -0.040318
v 0.040093 -0.001000 -0.040318
v 0.035136 0.001000 -0.044706
v 0.035136 -0.001000 -0.044706
v 0.029741 0.001000 -0.048463
v 0.029741 -0.001000 -0.048463
v 0.024028 0.001000 -0.051536
v 0.024028 -0.001000 -0.051536
v 0.018124 0.001000 -0.053897
v 0.018124 -0.001000 -0.053897
v 0.012990 0.001000 -0.052776
v 0.012990 -0.001000 -0.052776
v 0.012990 -0.001000 -0.052776
v 0.012990 0.001000 -0.052776
v 0.012990 -0.001000 -0.033451
v 0.012990 0.001000 -0.033451
v 0.012990 -0.001000 -0.033451
v 0.012915 -0.001000 -0.033071
v 0.012990 0.001000 -0.033451
v 0.012915 0.001000 -0.033071
v 0.012690 0.001000 -0.032736
v 0.012690 -0.001000 -0.032736
v 0.012354 0.001000 -0.032519
v 0.012354 -0.001000 -0.032519
v 0.011990 0.001000 -0.032451
v 0.011990 -0.001000 -0.032451
v 0.011990 -0.001000 -0.032451
v 0.011990 0.001000 -0.032451
v 0.010990 -0.001000 -0.032451
v 0.010990 0.001000 -0.032451
v 0.010990 -0.001000 -0.032451
v 0.010610 -0.001000 -0.032526
v 0.010990 0.001000 -0.032451
v 0.010610 0.001000 -0.032526
v 0.010276 0.001000 -0.032751
v 0.010276 -0.001000 -0.032751
v 0.010059 0.001000 -0.033087
v 0.010059 -0.001000 -0.033087
v 0.009990 0.001000 -0.033451
v 0.009990 -0.001000 -0.033451
v 0.009990 -0.001000 -0.033451
v 0.009990 0.001000 -0.033451
v 0.009990 -0.001000 -0.056608
v 0.009990 0.001000 -0.056608
v 0.009990 -0.001000 -0.056608
v 0.010187 -0.001000 -0.057472
v 0.009990 0.001000 -0.056608
v 0.010187 0.001000 -0.057472
v 0.010731 0.001000 -0.058162
v 0.010731 -0.001000 -0.058162
v 0.011526 0.001000 -0.058554
v 0.011526 -0.001000 -0.058554
v 0.012405 0.001000 -0.058565
v 0.012405 0.000000 -0.058565
v 0.012405 -0.001000 -0.058565
v -0.058575 -0.001000 -0.012414
v -0.058077 -0.000500 -0.014567
v -0.058077 -0.001000 -0.014567
v -0.058575 0.000000 -0.012414
v -0.058575 0.001000 -0.012414
v -0.058077 0.000000 -0.014567
v -0.058077 0.000500 -0.014567
v -0.057493 0.000500 -0.016723
v -0.058077 0.001000 -0.014567
v -0.057493 0.001000 -0.016723
v -0.056064 0.001000 -0.021020
v -0.056064 0.000000 -0.021020
v -0.052229 0.001000 -0.029278
v -0.052229 -0.001000 -0.029278
v -0.047120 0.001000 -0.036941
v -0.047120 -0.001000 -0.036941
v -0.040864 0.001000 -0.043759
v -0.040864 -0.001000 -0.043759
v -0.033653 0.001000 -0.049518
v -0.025763 0.001000 -0.054044
v -0.033653 -0.001000 -0.049518
v -0.025763 -0.001000 -0.054044
v -0.017499 -0.001000 -0.057255
v -0.017499 0.001000 -0.057255
v -0.010010 -0.001000 -0.056608
v -0.010010 0.001000 -0.056608
v -0.056064 -0.001000 -0.021020
v -0.057493 -0.000500 -0.016723
v -0.057493 -0.001000 -0.016723
v -0.057493 0.000000 -0.016723
v -0.010010 -0.001000 -0.056608
v -0.010010 0.001000 -0.056608
v -0.010010 -0.001000 -0.033451
v -0.010010 0.001000 -0.033451
v -0.010010 -0.001000 -0.033451
v -0.010085 -0.001000 -0.033071
v -0.010010 0.001000 -0.033451
v -0.010085 0.001000 -0.033071
v -0.010310 0.001000 -0.032736
v -0.010310 -0.001000 -0.032736
v -0.010646 0.001000 -0.032519
v -0.010646 -0.001000 -0.032519
v -0.011010 0.001000 -0.032451
v -0.011010 -0.001000 -0.032451
v -0.011010 -0.001000 -0.032451
v -0.011010 0.001000 -0.032451
v -0.012010 -0.001000 -0.032451
v -0.012010 0.001000 -0.032451
v -0.012010 -0.001000 -0.032451
v -0.012389 -0.001000 -0.032526
v -0.012010 0.001000 -0.032451
v -0.012389 0.001000 -0.032526
v -0.012724 0.001000 -0.032751
v -0.012724 -0.001000 -0.032751
v -0.012941 0.001000 -0.033087
v -0.012941 -0.001000 -0.033087
v -0.013010 0.001000 -0.033451
v -0.013010 -0.001000 -0.033451
v -0.013010 -0.001000 -0.033451
v -0.013010 0.001000 -0.033451
v -0.013010 -0.001000 -0.052776
v -0.013010 0.001000 -0.052776
v -0.013010 -0.001000 -0.052776
v -0.018252 -0.001000 -0.053861
v -0.013010 0.001000 -0.052776
v -0.018252 0.001000 -0.053861
v -0.024233 0.001000 -0.051449
v -0.029998 0.001000 -0.048316
v -0.024233 -0.001000 -0.051449
v -0.029998 -0.001000 -0.048316
v -0.035393 -0.001000 -0.044517
v -0.035393 0.001000 -0.044517
v -0.040328 -0.001000 -0.040102
v -0.040328 0.001000 -0.040102
v -0.044716 -0.001000 -0.035145
v -0.044716 0.001000 -0.035145
v -0.048474 -0.001000 -0.029750
v -0.048474 0.001000 -0.029750
v -0.051546 -0.001000 -0.024037
v -0.051546 0.001000 -0.024037
v -0.053908 -0.001000 -0.018133
v -0.053908 0.001000 -0.018133
v -0.052786 -0.001000 -0.012999
v -0.052786 0.001000 -0.012999
v -0.052786 -0.001000 -0.012999
v -0.052786 0.001000 -0.012999
v -0.033461 -0.001000 -0.012999
v -0.033461 0.001000 -0.012999
v -0.033461 -0.001000 -0.012999
v -0.033081 -0.001000 -0.012924
v -0.033461 0.001000 -0.012999
v -0.033081 0.001000 -0.012924
v -0.032747 0.001000 -0.012699
v -0.032747 -0.001000 -0.012699
v -0.032529 0.001000 -0.012363
v -0.032529 -0.001000 -0.012363
v -0.032461 0.001000 -0.011999
v -0.032461 -0.001000 -0.011999
v -0.032461 -0.001000 -0.011999
v -0.032461 0.001000 -0.011999
v -0.032461 -0.001000 -0.010999
v -0.032461 0.001000 -0.010999
v -0.032461 -0.001000 -0.010999
v -0.032536 -0.001000 -0.010619
v -0.032461 0.001000 -0.010999
v -0.032536 0.001000 -0.010619
v -0.032761 0.001000 -0.010285
v -0.033098 0.001000 -0.010068
v -0.032761 -0.001000 -0.010285
v -0.033098 -0.001000 -0.010068
v -0.033461 -0.001000 -0.009999
v -0.033461 0.001000 -0.009999
v -0.033461 -0.001000 -0.009999
v -0.033461 0.001000 -0.009999
v -0.056619 -0.001000 -0.009999
v -0.056619 0.001000 -0.009999
v -0.056619 -0.001000 -0.009999
v -0.057482 -0.001000 -0.010196
v -0.056619 0.001000 -0.009999
v -0.057482 0.001000 -0.010196
v -0.058173 0.001000 -0.010740
v -0.058173 -0.001000 -0.010740
v -0.058564 0.001000 -0.011535
v -0.058575 0.001000 -0.012414
v -0.058575 0.000000 -0.012414
v -0.058564 -0.001000 -0.011535
v -0.058575 -0.001000 -0.012414
v -0.012424 -0.001000 0.058566
v -0.014578 -0.000500 0.058068
v -0.014578 -0.001000 0.058068
v -0.012424 -0.000000 0.058566
v -0.012424 0.001000 0.058566
v -0.014578 0.000500 0.058068
v -0.014578 -0.000000 0.058068
v -0.016733 -0.000000 0.057484
v -0.016733 0.000500 0.057484
v -0.016733 -0.000500 0.057484
v -0.021030 -0.000000 0.056055
v -0.029288 -0.001000 0.052219
v -0.029288 0.001000 0.052219
v -0.021030 -0.001000 0.056055
v -0.021030 0.001000 0.056055
v -0.016733 0.001000 0.057484
v -0.014578 0.001000 0.058068
v -0.016733 -0.001000 0.057484
v -0.036951 0.001000 0.047111
v -0.036951 -0.001000 0.047111
v -0.043769 0.001000 0.040855
v -0.043769 -0.001000 0.040855
v -0.049529 0.001000 0.033644
v -0.049529 -0.001000 0.033644
v -0.054054 0.001000 0.025754
v -0.054054 -0.001000 0.025754
v -0.057265 0.001000 0.017490
v -0.057265 -0.001000 0.017490
v -0.056619 0.001000 0.010000
v -0.056619 -0.001000 0.010000
v -0.056619 -0.001000 0.010000
v -0.056619 0.001000 0.010000
v -0.033461 -0.001000 0.010000
v -0.033461 0.001000 0.010000
v -0.033461 -0.001000 0.010000
v -0.033081 -0.001000 0.010076
v -0.033461 0.001000 0.010000
v -0.033081 0.001000 0.010076
v -0.032747 0.001000 0.010301
v -0.032747 -0.001000 0.010301
v -0.032529 0.001000 0.010637
v -0.032529 -0.001000 0.010637
v -0.032461 0.001000 0.011000
v -0.032461 -0.001000 0.011000
v -0.032461 -0.001000 0.011000
v -0.032461 0.001000 0.011000
v -0.032461 -0.001000 0.012000
v -0.032461 0.001000 0.012000
v -0.032461 -0.001000 0.012000
v -0.032536 -0.001000 0.012380
v -0.032461 0.001000 0.012000
v -0.032536 0.001000 0.012380
v -0.032761 0.001000 0.012715
v -0.032761 -0.001000 0.012715
v -0.033098 0.001000 0.012932
v -0.033098 -0.001000 0.012932
v -0.033461 0.001000 0.013000
v -0.033461 -0.001000 0.013000
v -0.033461 -0.001000 0.013000
v -0.033461 0.001000 0.013000
v -0.052786 -0.001000 0.013000
v -0.052786 0.001000 0.013000
v -0.052786 -0.001000 0.013000
v -0.053871 -0.001000 0.018243
v -0.052786 0.001000 0.013000
v -0.053871 0.001000 0.018243
v -0.051459 0.001000 0.024224
v -0.051459 -0.001000 0.024224
v -0.048326 0.001000 0.029989
v -0.048326 -0.001000 0.029989
v -0.044527 0.001000 0.035384
v -0.044527 -0.001000 0.035384
v -0.040113 0.001000 0.040319
v -0.040113 -0.001000 0.040319
v -0.035155 0.001000 0.044707
v -0.035155 -0.001000 0.044707
v -0.029760 0.001000 0.048465
v -0.029760 -0.001000 0.048465
v -0.024047 0.001000 0.051537
v -0.024047 -0.001000 0.051537
v -0.018143 0.001000 0.053899
v -0.018143 -0.001000 0.053899
v -0.013010 0.001000 0.052777
v -0.013010 -0.001000 0.052777
v -0.013010 -0.001000 0.052777
v -0.013010 0.001000 0.052777
v -0.013010 -0.001000 0.033452
v -0.013010 0.001000 0.033452
v -0.013010 -0.001000 0.033452
v -0.012935 -0.001000 0.033072
v -0.013010 0.001000 0.033452
v -0.012935 0.001000 0.033072
v -0.012709 0.001000 0.032737
v -0.012709 -0.001000 0.032737
v -0.012373 0.001000 0.032520
v -0.012373 -0.001000 0.032520
v -0.012010 0.001000 0.032452
v -0.012010 -0.001000 0.032452
v -0.012010 -0.001000 0.032452
v -0.012010 0.001000 0.032452
v -0.011010 -0.001000 0.032452
v -0.011010 0.001000 0.032452
v -0.011010 -0.001000 0.032452
v -0.010630 -0.001000 0.032527
v -0.011010 0.001000 0.032452
v -0.010630 0.001000 0.032527
v -0.010295 0.001000 0.032752
v -0.010295 -0.001000 0.032752
v -0.010078 0.001000 0.033088
v -0.010078 -0.001000 0.033088
v -0.010010 0.001000 0.033452
v -0.010010 -0.001000 0.033452
v -0.010010 -0.001000 0.033452
v -0.010010 0.001000 0.033452
v -0.010010 -0.001000 0.056609
v -0.010010 0.001000 0.056609
v -0.010010 -0.001000 0.056609
v -0.010206 -0.001000 0.057473
v -0.010010 0.001000 0.056609
v -0.010206 0.001000 0.057473
v -0.010751 0.001000 0.058163
v -0.010751 -0.001000 0.058163
v -0.011545 0.001000 0.058555
v -0.011545 -0.001000 0.058555
v -0.012424 0.001000 0.058566
v -0.012424 -0.000000 0.058566
v -0.012424 -0.001000 0.058566
v 0.058556 -0.001000 0.012415
v 0.058058 -0.000500 0.014569
v 0.058058 -0.001000 0.014569
v 0.058556 -0.000000 0.012415
v 0.058556 0.001000 0.012415
v 0.058058 -0.000000 0.014569
v 0.058058 0.000500 0.014569
v 0.057474 0.000500 0.016724
v 0.058058 0.001000 0.014569
v 0.057474 0.001000 0.016724
v 0.056045 0.001000 0.021021
v 0.056045 -0.000000 0.021021
v 0.052209 0.001000 0.029279
v 0.047100 0.001000 0.036942
v 0.052209 -0.001000 0.029279
v 0.056045 -0.001000 0.021021
v 0.047100 -0.001000 0.036942
v 0.040845 -0.001000 0.043760
v 0.040845 0.001000 0.043760
v 0.033634 -0.001000 0.049520
v 0.033634 0.001000 0.049520
v 0.025743 -0.001000 0.054045
v 0.025743 0.001000 0.054045
v 0.017480 -0.001000 0.057256
v 0.017480 0.001000 0.057256
v 0.009990 -0.001000 0.056609
v 0.009990 0.001000 0.056609
v 0.057474 -0.000500 0.016724
v 0.057474 -0.001000 0.016724
v 0.057474 -0.000000 0.016724
v 0.009990 -0.001000 0.056609
v 0.009990 0.001000 0.056609
v 0.009990 -0.001000 0.033452
v 0.009990 0.001000 0.033452
v 0.009990 -0.001000 0.033452
v 0.010065 -0.001000 0.033072
v 0.009990 0.001000 0.033452
v 0.010065 0.001000 0.033072
v 0.010291 0.001000 0.032737
v 0.010291 -0.001000 0.032737
v 0.010627 0.001000 0.032520
v 0.010627 -0.001000 0.032520
v 0.010990 0.001000 0.032452
v 0.010990 -0.001000 0.032452
v 0.010990 -0.001000 0.032452
v 0.010990 0.001000 0.032452
v 0.011990 -0.001000 0.032452
v 0.011990 0.001000 0.032452
v 0.011990 -0.001000 0.032452
v 0.012370 -0.001000 0.032527
v 0.011990 0.001000 0.032452
v 0.012370 0.001000 0.032527
v 0.012705 0.001000 0.032752
v 0.012922 0.001000 0.033088
v 0.012705 -0.001000 0.032752
v 0.012922 -0.001000 0.033088
v 0.012990 -0.001000 0.033452
v 0.012990 0.001000 0.033452
v 0.012990 -0.001000 0.033452
v 0.012990 0.001000 0.033452
v 0.012990 -0.001000 0.052777
v 0.012990 0.001000 0.052777
v 0.012990 -0.001000 0.052777
v 0.018233 -0.001000 0.053862
v 0.012990 0.001000 0.052777
v 0.018233 0.001000 0.053862
v 0.024213 0.001000 0.051450
v 0.024213 -0.001000 0.051450
v 0.029979 0.001000 0.048317
v 0.035374 0.001000 0.044518
v 0.029979 -0.001000 0.048317
v 0.035374 -0.001000 0.044518
v 0.040309 -0.001000 0.040104
v 0.040309 0.001000 0.040104
v 0.044696 -0.001000 0.035146
v 0.044696 0.001000 0.035146
v 0.048454 -0.001000 0.029751
v 0.048454 0.001000 0.029751
v 0.051527 -0.001000 0.024038
v 0.051527 0.001000 0.024038
v 0.053888 -0.001000 0.018134
v 0.053888 0.001000 0.018134
v 0.052767 -0.001000 0.013000
v 0.052767 0.001000 0.013000
v 0.052767 -0.001000 0.013000
v 0.052767 0.001000 0.013000
v 0.033442 -0.001000 0.013000
v 0.033442 0.001000 0.013000
v 0.033442 -0.001000 0.013000
v 0.033062 -0.001000 0.012926
v 0.033442 0.001000 0.013000
v 0.033062 0.001000 0.012926
v 0.032727 0.001000 0.012700
v 0.032510 0.001000 0.012364
v 0.032727 -0.001000 0.012700
v 0.032510 -0.001000 0.012364
v 0.032442 -0.001000 0.012000
v 0.032442 0.001000 0.012000
v 0.032442 -0.001000 0.012000
v 0.032442 0.001000 0.012000
v 0.032442 -0.001000 0.011000
v 0.032442 0.001000 0.011000
v 0.032442 -0.001000 0.011000
v 0.032517 -0.001000 0.010621
v 0.032442 0.001000 0.011000
v 0.032517 0.001000 0.010621
v 0.032742 0.001000 0.010286
v 0.032742 -0.001000 0.010286
v 0.033078 0.001000 0.010069
v 0.033442 0.001000 0.010000
v 0.033078 -0.001000 0.010069
v 0.033442 -0.001000 0.010000
v 0.033442 -0.001000 0.010000
v 0.033442 0.001000 0.010000
v 0.056599 -0.001000 0.010000
v 0.056599 0.001000 0.010000
v 0.056599 -0.001000 0.010000
v 0.057463 -0.001000 0.010197
v 0.056599 0.001000 0.010000
v 0.057463 0.001000 0.010197
v 0.058153 0.001000 0.010741
v 0.058153 -0.001000 0.010741
v 0.058545 0.001000 0.011536
v 0.058545 -0.001000 0.011536
v 0.058556 0.001000 0.012415
v 0.058556 -0.000000 0.012415
v 0.058556 -0.001000 0.012415
v 0.063946 -0.001000 0.010836
v 0.063946 -0.000000 0.010836
v 0.063837 -0.001000 0.008674
v 0.063837 0.001000 0.008674
v 0.062835 -0.001000 0.006774
v 0.062835 0.001000 0.006774
v 0.061114 -0.001000 0.005462
v 0.061114 0.001000 0.005462
v 0.059016 -0.001000 0.005001
v 0.059016 0.001000 0.005001
v 0.063946 0.001000 0.010836
v 0.059016 -0.001000 0.005001
v 0.059016 0.001000 0.005001
v 0.032442 -0.001000 0.005001
v 0.032442 0.001000 0.005001
v 0.032442 -0.001000 0.005001
v 0.032442 0.001000 0.005001
v 0.030472 -0.001000 0.004596
v 0.030472 0.001000 0.004596
v 0.028830 -0.001000 0.003458
v 0.028830 0.001000 0.003458
v 0.028830 -0.001000 0.003458
v 0.028830 0.001000 0.003458
v 0.026996 -0.001000 0.001543
v 0.026996 0.001000 0.001543
v 0.026996 -0.001000 0.001543
v 0.026996 0.001000 0.001543
v 0.025342 -0.001000 0.000400
v 0.025342 0.001000 0.000400
v 0.023384 -0.000000 0.000001
v 0.023384 -0.001000 0.000001
v 0.023384 0.001000 0.000001
v 0.023384 -0.001000 0.000001
v 0.025354 -0.001000 -0.000404
v 0.023384 -0.000000 0.000001
v 0.023384 0.001000 0.000001
v 0.025354 0.001000 -0.000404
v 0.026996 0.001000 -0.001542
v 0.026996 -0.001000 -0.001542
v 0.026996 -0.001000 -0.001542
v 0.026996 0.001000 -0.001542
v 0.028830 -0.001000 -0.003457
v 0.028830 0.001000 -0.003457
v 0.028830 -0.001000 -0.003457
v 0.028830 0.001000 -0.003457
v 0.030484 -0.001000 -0.004600
v 0.030484 0.001000 -0.004600
v 0.032442 -0.001000 -0.004999
v 0.032442 0.001000 -0.004999
v 0.032442 -0.001000 -0.004999
v 0.032442 0.001000 -0.004999
v 0.059016 -0.001000 -0.004999
v 0.059016 0.001000 -0.004999
v 0.059016 -0.001000 -0.004999
v 0.063652 -0.001000 -0.008128
v 0.059016 0.001000 -0.004999
v 0.063652 0.001000 -0.008128
v 0.063342 0.001000 -0.013937
v 0.063342 -0.001000 -0.013937
v 0.061816 0.001000 -0.019627
v 0.061816 -0.001000 -0.019627
v 0.059775 0.001000 -0.025169
v 0.057187 0.001000 -0.030596
v 0.059775 -0.001000 -0.025169
v 0.057187 -0.001000 -0.030596
v 0.004990 -0.001000 -0.059025
v 0.004990 0.001000 -0.059025
v 0.004990 -0.001000 -0.032451
v 0.004990 0.001000 -0.032451
v 0.004990 -0.001000 -0.032451
v 0.004990 0.001000 -0.032451
v 0.004586 -0.001000 -0.030481
v 0.004586 0.001000 -0.030481
v 0.003448 -0.001000 -0.028839
v 0.003448 0.001000 -0.028839
v 0.003448 -0.001000 -0.028839
v 0.003448 0.001000 -0.028839
v 0.001532 -0.001000 -0.027005
v 0.001532 0.001000 -0.027005
v 0.001532 -0.001000 -0.027005
v 0.001532 0.001000 -0.027005
v 0.000389 -0.001000 -0.025351
v 0.000389 0.001000 -0.025351
v -0.000010 -0.001000 -0.023394
v -0.000010 0.000000 -0.023394
v -0.000010 0.001000 -0.023394
v -0.000010 -0.001000 -0.023394
v -0.000414 -0.001000 -0.025363
v -0.000010 0.000000 -0.023394
v -0.000010 0.001000 -0.023394
v -0.000414 0.001000 -0.025363
v -0.001552 0.001000 -0.027005
v -0.001552 -0.001000 -0.027005
v -0.001552 -0.001000 -0.027005
v -0.001552 0.001000 -0.027005
v -0.003468 -0.001000 -0.028839
v -0.003468 0.001000 -0.028839
v -0.003468 -0.001000 -0.028839
v -0.003468 0.001000 -0.028839
v -0.004611 -0.001000 -0.030493
v -0.004611 0.001000 -0.030493
v -0.005010 -0.001000 -0.032451
v -0.005010 0.001000 -0.032451
v -0.005010 -0.001000 -0.032451
v -0.005010 0.001000 -0.032451
v -0.005010 -0.001000 -0.059025
v -0.005010 0.001000 -0.059025
v -0.005010 -0.001000 -0.059025
v -0.008138 -0.001000 -0.063662
v -0.005010 0.001000 -0.059025
v -0.008138 0.001000 -0.063662
v -0.013947 0.001000 -0.063351
v -0.013947 -0.001000 -0.063351
v -0.019637 0.001000 -0.061825
v -0.019637 -0.001000 -0.061825
v -0.025179 0.001000 -0.059784
v -0.025179 -0.001000 -0.059784
v -0.030607 0.001000 -0.057197
v -0.030607 -0.001000 -0.057197
v -0.059035 -0.001000 -0.004999
v -0.059035 0.001000 -0.004999
v -0.032461 -0.001000 -0.004999
v -0.032461 0.001000 -0.004999
v -0.032461 -0.001000 -0.004999
v -0.032461 0.001000 -0.004999
v -0.030491 -0.001000 -0.004595
v -0.030491 0.001000 -0.004595
v -0.028850 -0.001000 -0.003457
v -0.028850 0.001000 -0.003457
v -0.028850 -0.001000 -0.003457
v -0.028850 0.001000 -0.003457
v -0.027015 -0.001000 -0.001542
v -0.027015 0.001000 -0.001542
v -0.027015 -0.001000 -0.001542
v -0.027015 0.001000 -0.001542
v -0.025361 -0.001000 -0.000398
v -0.025361 0.001000 -0.000398
v -0.023404 -0.000000 0.000001
v -0.023404 -0.001000 0.000001
v -0.023404 0.001000 0.000001
v -0.023404 -0.001000 0.000001
v -0.025373 -0.001000 0.000405
v -0.023404 -0.000000 0.000001
v -0.025373 0.001000 0.000405
v -0.023404 0.001000 0.000001
v -0.027015 0.001000 0.001543
v -0.027015 -0.001000 0.001543
v -0.028850 -0.001000 0.003458
v -0.028850 0.001000 0.003458
v -0.030504 -0.001000 0.004601
v -0.030504 0.001000 0.004601
v -0.032461 -0.001000 0.005001
v -0.032461 0.001000 0.005001
v -0.032461 -0.001000 0.005001
v -0.032461 0.001000 0.005001
v -0.059035 -0.001000 0.005001
v -0.059035 0.001000 0.005001
v -0.059035 -0.001000 0.005001
v -0.063672 -0.001000 0.008129
v -0.059035 0.001000 0.005001
v -0.063672 0.001000 0.008129
v -0.063361 0.001000 0.013938
v -0.061836 0.001000 0.019628
v -0.063361 -0.001000 0.013938
v -0.061836 -0.001000 0.019628
v -0.059794 -0.001000 0.025170
v -0.059794 0.001000 0.025170
v -0.057207 -0.001000 0.030598
v -0.057207 0.001000 0.030598
v -0.005010 -0.001000 0.059026
v -0.005010 0.001000 0.059026
v -0.005010 -0.001000 0.032452
v -0.005010 0.001000 0.032452
v -0.005010 -0.001000 0.032452
v -0.005010 0.001000 0.032452
v -0.004605 -0.001000 0.030482
v -0.004605 0.001000 0.030482
v -0.003468 -0.001000 0.028840
v -0.003468 0.001000 0.028840
v -0.003468 -0.001000 0.028840
v -0.003468 0.001000 0.028840
v -0.001552 -0.001000 0.027006
v -0.001552 0.001000 0.027006
v -0.001552 -0.001000 0.027006
v -0.001552 0.001000 0.027006
v -0.000409 -0.001000 0.025352
v -0.000409 0.001000 0.025352
v -0.000010 -0.000000 0.023395
v -0.000010 -0.001000 0.023395
v -0.000010 0.001000 0.023395
v -0.000010 -0.001000 0.023395
v 0.000395 -0.001000 0.025364
v -0.000010 -0.000000 0.023395
v -0.000010 0.001000 0.023395
v 0.000395 0.001000 0.025364
v 0.001532 0.001000 0.027006
v 0.001532 -0.001000 0.027006
v 0.001532 -0.001000 0.027006
v 0.001532 0.001000 0.027006
v 0.003448 -0.001000 0.028840
v 0.003448 0.001000 0.028840
v 0.003448 -0.001000 0.028840
v 0.003448 0.001000 0.028840
v 0.004591 -0.001000 0.030495
v 0.004591 0.001000 0.030495
v 0.004990 -0.001000 0.032452
v 0.004990 0.001000 0.032452
v 0.004990 -0.001000 0.032452
v 0.004990 0.001000 0.032452
v 0.004990 -0.001000 0.059026
v 0.004990 0.001000 0.059026
v 0.004990 -0.001000 0.059026
v 0.008119 -0.001000 0.063663
v 0.004990 0.001000 0.059026
v 0.008119 0.001000 0.063663
v 0.013928 0.001000 0.063352
v 0.013928 -0.001000 0.063352
v 0.019618 0.001000 0.061827
v 0.025159 0.001000 0.059785
v 0.019618 -0.001000 0.061827
v 0.025159 -0.001000 0.059785
v 0.030587 -0.001000 0.057198
v 0.030587 0.001000 0.057198
v -0.032139 -0.001000 -0.053345
v -0.032139 0.001000 -0.053345
v -0.032114 -0.001000 -0.056364
v -0.032114 0.001000 -0.056364
v -0.030607 0.001000 -0.057197
v -0.030607 -0.001000 -0.057197
v -0.030639 0.001000 -0.053333
v -0.030639 -0.001000 -0.053333
v -0.057207 -0.001000 -0.030596
v -0.059765 -0.001000 -0.025239
v -0.057207 0.001000 -0.030596
v -0.059765 0.001000 -0.025239
v -0.061847 0.001000 -0.019590
v -0.061847 -0.001000 -0.019590
v -0.063374 0.001000 -0.013879
v -0.063374 -0.001000 -0.013879
v -0.063666 0.001000 -0.008113
v -0.063666 -0.001000 -0.008113
v -0.059035 0.001000 -0.004999
v -0.059035 -0.001000 -0.004999
v -0.030639 0.001000 -0.053333
v -0.030639 -0.001000 -0.053333
v -0.032139 0.001000 -0.053345
v -0.032139 -0.001000 -0.053345
v -0.053355 -0.001000 0.032130
v -0.053355 0.001000 0.032130
v -0.056375 -0.001000 0.032105
v -0.056375 0.001000 0.032105
v -0.053343 0.001000 0.030630
v -0.053343 -0.001000 0.030630
v -0.057207 0.001000 0.030598
v -0.057207 -0.001000 0.030598
v -0.030607 -0.001000 0.057198
v -0.025249 -0.001000 0.059756
v -0.030607 0.001000 0.057198
v -0.025249 0.001000 0.059756
v -0.019600 0.001000 0.061838
v -0.019600 -0.001000 0.061838
v -0.013890 0.001000 0.063365
v -0.013890 -0.001000 0.063365
v -0.008123 0.001000 0.063657
v -0.008123 -0.001000 0.063657
v -0.005010 0.001000 0.059026
v -0.005010 -0.001000 0.059026
v -0.053343 0.001000 0.030630
v -0.053343 -0.001000 0.030630
v -0.053355 0.001000 0.032130
v -0.053355 -0.001000 0.032130
v 0.032120 -0.001000 0.053346
v 0.032120 0.001000 0.053346
v 0.032094 -0.001000 0.056366
v 0.032094 0.001000 0.056366
v 0.030620 0.001000 0.053334
v 0.030620 -0.001000 0.053334
v 0.030587 0.001000 0.057198
v 0.030587 -0.001000 0.057198
v 0.057187 0.001000 0.030598
v 0.059503 0.001000 0.025805
v 0.059503 -0.000000 0.025805
v 0.057187 -0.001000 0.030598
v 0.059503 -0.001000 0.025805
v 0.061392 -0.001000 0.020916
v 0.061392 -0.000000 0.020916
v 0.062886 -0.000500 0.015872
v 0.062886 -0.001000 0.015872
v 0.063469 -0.001000 0.013349
v 0.063946 -0.001000 0.010836
v 0.063469 -0.000500 0.013349
v 0.063946 -0.000000 0.010836
v 0.063469 -0.000000 0.013349
v 0.062886 -0.000000 0.015872
v 0.063469 0.000500 0.013349
v 0.063946 0.001000 0.010836
v 0.063469 0.001000 0.013349
v 0.062886 0.000500 0.015872
v 0.062886 0.001000 0.015872
v 0.061392 0.001000 0.020916
v 0.030620 0.001000 0.053334
v 0.030620 -0.001000 0.053334
v 0.032120 0.001000 0.053346
v 0.032120 -0.001000 0.053346
v 0.053336 0.001000 -0.032129
v 0.053336 -0.001000 -0.032129
v 0.056355 0.001000 -0.032103
v 0.056355 -0.001000 -0.032103
v 0.057187 0.001000 -0.030596
v 0.057187 -0.001000 -0.030596
v 0.053323 0.001000 -0.030629
v 0.053323 -0.001000 -0.030629
v 0.030587 -0.001000 -0.057197
v 0.025230 -0.001000 -0.059754
v 0.030587 0.001000 -0.057197
v 0.025230 0.001000 -0.059754
v 0.019581 0.001000 -0.061837
v 0.019581 -0.001000 -0.061837
v 0.013870 0.001000 -0.063364
v 0.013870 -0.001000 -0.063364
v 0.008104 0.001000 -0.063655
v 0.008104 -0.001000 -0.063655
v 0.004990 0.001000 -0.059025
v 0.004990 -0.001000 -0.059025
v 0.053323 -0.001000 -0.030629
v 0.053323 0.001000 -0.030629
v 0.053336 -0.001000 -0.032129
v 0.053336 0.001000 -0.032129
v 0.030587 0.001000 -0.057197
v 0.030587 -0.001000 -0.057197
v 0.030620 0.001000 -0.053333
v 0.030620 -0.001000 -0.053333
v 0.056355 -0.001000 -0.032103
v 0.053283 0.000000 -0.036980
v 0.053283 -0.001000 -0.036980
v 0.056355 0.001000 -0.032103
v 0.053283 0.001000 -0.036980
v 0.049761 0.001000 -0.041599
v 0.049761 0.000000 -0.041599
v 0.041552 0.001000 -0.049802
v 0.041552 0.000000 -0.049802
v 0.036950 0.001000 -0.053306
v 0.036950 0.000000 -0.053306
v 0.032094 0.001000 -0.056364
v 0.032094 -0.001000 -0.056364
v 0.036950 -0.001000 -0.053306
v 0.041552 -0.001000 -0.049802
v 0.049761 -0.001000 -0.041599
v 0.032120 0.001000 -0.053345
v 0.032120 -0.001000 -0.053345
v 0.032094 0.001000 -0.056364
v 0.032094 -0.001000 -0.056364
v 0.032120 0.001000 -0.053345
v 0.032120 -0.001000 -0.053345
v 0.030620 0.001000 -0.053333
v 0.030620 -0.001000 -0.053333
v -0.057207 -0.001000 -0.030596
v -0.053343 -0.001000 -0.030629
v -0.057207 0.001000 -0.030596
v -0.053343 0.001000 -0.030629
v -0.032114 0.001000 -0.056364
v -0.036990 0.001000 -0.053293
v -0.036990 0.000000 -0.053293
v -0.032114 -0.001000 -0.056364
v -0.036990 -0.001000 -0.053293
v -0.041610 -0.001000 -0.049770
v -0.041610 0.000000 -0.049770
v -0.049812 -0.001000 -0.041562
v -0.049812 0.000000 -0.041562
v -0.053317 -0.001000 -0.036959
v -0.056375 -0.001000 -0.032103
v -0.053317 0.000000 -0.036959
v -0.053317 0.001000 -0.036959
v -0.056375 0.001000 -0.032103
v -0.049812 0.001000 -0.041562
v -0.041610 0.001000 -0.049770
v -0.056375 -0.001000 -0.032103
v -0.056375 0.001000 -0.032103
v -0.053355 -0.001000 -0.032129
v -0.053355 0.001000 -0.032129
v -0.053355 0.001000 -0.032129
v -0.053355 -0.001000 -0.032129
v -0.053343 0.001000 -0.030629
v -0.053343 -0.001000 -0.030629
v -0.030607 -0.001000 0.057198
v -0.030639 -0.001000 0.053334
v -0.030607 0.001000 0.057198
v -0.030639 0.001000 0.053334
v -0.056375 -0.001000 0.032105
v -0.053303 -0.000000 0.036981
v -0.053303 -0.001000 0.036981
v -0.056375 0.001000 0.032105
v -0.053303 0.001000 0.036981
v -0.049780 0.001000 0.041601
v -0.049780 -0.000000 0.041601
v -0.041572 0.001000 0.049803
v -0.041572 -0.000000 0.049803
v -0.036970 0.001000 0.053308
v -0.036970 -0.000000 0.053308
v -0.032114 0.001000 0.056366
v -0.032114 -0.001000 0.056366
v -0.036970 -0.001000 0.053308
v -0.041572 -0.001000 0.049803
v -0.049780 -0.001000 0.041601
v -0.032114 -0.001000 0.056366
v -0.032114 0.001000 0.056366
v -0.032139 -0.001000 0.053346
v -0.032139 0.001000 0.053346
v -0.032139 -0.001000 0.053346
v -0.032139 0.001000 0.053346
v -0.030639 -0.001000 0.053334
v -0.030639 0.001000 0.053334
v 0.053323 -0.001000 0.030630
v 0.053323 0.001000 0.030630
v 0.057187 -0.001000 0.030598
v 0.057187 0.001000 0.030598
v 0.032094 -0.001000 0.056366
v 0.036970 -0.000000 0.053294
v 0.036970 -0.001000 0.053294
v 0.032094 0.001000 0.056366
v 0.036970 0.001000 0.053294
v 0.041590 0.001000 0.049771
v 0.041590 -0.000000 0.049771
v 0.049793 0.001000 0.041563
v 0.049793 -0.000000 0.041563
v 0.053297 0.001000 0.036961
v 0.053297 -0.000000 0.036961
v 0.056355 0.001000 0.032105
v 0.056355 -0.001000 0.032105
v 0.053297 -0.001000 0.036961
v 0.049793 -0.001000 0.041563
v 0.041590 -0.001000 0.049771
v 0.056355 0.001000 0.032105
v 0.056355 -0.001000 0.032105
v 0.053336 0.001000 0.032130
v 0.053336 -0.001000 0.032130
v 0.053336 0.001000 0.032130
v 0.053336 -0.001000 0.032130
v 0.053323 0.001000 0.030630
v 0.053323 -0.001000 0.030630
v 0.053323 -0.001000 0.030630
v 0.052784 -0.001000 0.028230
v 0.053336 -0.001000 0.032130
v 0.057187 -0.001000 0.030598
v 0.058556 -0.001000 0.012415
v 0.063946 -0.001000 0.010836
v 0.063839 -0.001000 0.008682
v 0.058544 -0.001000 0.011533
v 0.058153 -0.001000 0.010741
v 0.062835 -0.001000 0.006774
v 0.061121 -0.001000 0.005465
v 0.057460 -0.001000 0.010195
v 0.059016 -0.001000 0.005001
v 0.056599 -0.001000 0.010000
v 0.033442 -0.001000 0.010000
v 0.032442 -0.001000 0.005001
v 0.032735 -0.001000 0.010293
v 0.030478 -0.001000 0.004599
v 0.033074 -0.001000 0.010071
v 0.032512 -0.001000 0.010632
v 0.028830 -0.001000 0.003458
v 0.021972 -0.001000 0.015479
v 0.026996 -0.001000 0.001543
v 0.032442 -0.001000 0.011000
v 0.032442 -0.001000 0.012000
v 0.032512 -0.001000 0.012369
v 0.022814 -0.001000 0.016719
v 0.023143 -0.001000 0.018307
v 0.032735 -0.001000 0.012708
v 0.033074 -0.001000 0.012930
v 0.033442 -0.001000 0.013000
v 0.031361 -0.001000 0.024769
v 0.021972 -0.001000 0.021136
v 0.022814 -0.001000 0.019896
v 0.034840 -0.001000 0.025268
v 0.029724 -0.001000 0.027259
v 0.031548 -0.001000 0.026760
v 0.028176 -0.001000 0.028346
v 0.027087 -0.001000 0.029895
v 0.021125 -0.001000 0.021982
v 0.019886 -0.001000 0.022824
v 0.024598 -0.001000 0.031534
v 0.018297 -0.001000 0.023153
v 0.016708 -0.001000 0.022824
v 0.012697 -0.001000 0.032745
v 0.012920 -0.001000 0.033084
v 0.012990 -0.001000 0.033452
v 0.012990 -0.001000 0.052777
v 0.025644 -0.001000 0.036111
v 0.024740 -0.001000 0.033845
v 0.027226 -0.001000 0.037966
v 0.015537 -0.001000 0.054701
v 0.029206 -0.001000 0.039169
v 0.032769 -0.001000 0.039702
v 0.034352 -0.001000 0.037237
v 0.032581 -0.001000 0.037711
v 0.040201 -0.001000 0.040211
v 0.035953 -0.001000 0.036125
v 0.039531 -0.001000 0.032941
v 0.037066 -0.001000 0.034525
v 0.054691 -0.001000 0.015547
v 0.039386 -0.001000 0.030608
v 0.038464 -0.001000 0.028323
v 0.036851 -0.001000 0.026461
v 0.054363 -0.001000 0.013795
v 0.052767 -0.001000 0.013000
v 0.054733 -0.001000 0.014633
v 0.053658 -0.001000 0.013210
v 0.037540 -0.001000 0.032754
v 0.013200 -0.001000 0.053669
v 0.014622 -0.001000 0.054743
v 0.013785 -0.001000 0.054373
v 0.012358 -0.001000 0.032522
v 0.011990 -0.001000 0.032452
v 0.010990 -0.001000 0.032452
v 0.015469 -0.001000 0.021982
v -0.000010 -0.001000 0.023395
v 0.002819 -0.001000 0.009332
v 0.001532 -0.001000 0.027006
v 0.003448 -0.001000 0.028840
v 0.010622 -0.001000 0.032522
v 0.004589 -0.001000 0.030488
v 0.004990 -0.001000 0.032452
v 0.010283 -0.001000 0.032745
v 0.010060 -0.001000 0.033084
v 0.009990 -0.001000 0.033452
v 0.009990 -0.001000 0.056609
v 0.004990 -0.001000 0.059026
v 0.010185 -0.001000 0.057470
v 0.005455 -0.001000 0.061132
v 0.010731 -0.001000 0.058163
v 0.011523 -0.001000 0.058554
v 0.006763 -0.001000 0.062846
v 0.008672 -0.001000 0.063849
v 0.010825 -0.001000 0.063956
v 0.012405 -0.001000 0.058566
v 0.030587 -0.001000 0.057198
v 0.028219 -0.001000 0.052794
v 0.030620 -0.001000 0.053334
v 0.032120 -0.001000 0.053346
v 0.042322 -0.001000 0.042333
v 0.045858 -0.001000 0.045868
v 0.032094 -0.001000 0.056366
v 0.056355 -0.001000 0.032105
v 0.000392 -0.001000 0.025358
v -0.001598 -0.001000 0.008489
v -0.002838 -0.001000 0.009332
v 0.001579 -0.001000 0.008489
v -0.000010 -0.001000 0.008160
v -0.015488 -0.001000 0.021982
v -0.003468 -0.001000 0.028840
v -0.001552 -0.001000 0.027006
v -0.016728 -0.001000 0.022824
v -0.012010 -0.001000 0.032452
v -0.011010 -0.001000 0.032452
v -0.010641 -0.001000 0.032522
v -0.010302 -0.001000 0.032745
v -0.004608 -0.001000 0.030488
v -0.005010 -0.001000 0.032452
v -0.005010 -0.001000 0.059026
v -0.010010 -0.001000 0.056609
v -0.010080 -0.001000 0.033084
v -0.010010 -0.001000 0.033452
v -0.010204 -0.001000 0.057470
v -0.010751 -0.001000 0.058163
v -0.005474 -0.001000 0.061132
v -0.006783 -0.001000 0.062846
v -0.008691 -0.001000 0.063849
v -0.010845 -0.001000 0.063956
v -0.011542 -0.001000 0.058554
v -0.012424 -0.001000 0.058566
v -0.030607 -0.001000 0.057198
v -0.028239 -0.001000 0.052794
v -0.042342 -0.001000 0.042333
v -0.032139 -0.001000 0.053346
v -0.030639 -0.001000 0.053334
v -0.045877 -0.001000 0.045868
v -0.032114 -0.001000 0.056366
v -0.053355 -0.001000 0.032130
v -0.056375 -0.001000 0.032105
v -0.053343 -0.001000 0.030630
v -0.052803 -0.001000 0.028230
v -0.057207 -0.001000 0.030598
v -0.058575 -0.001000 0.012415
v -0.058563 -0.001000 0.011533
v -0.063965 -0.001000 0.010836
v -0.063858 -0.001000 0.008682
v -0.062855 -0.001000 0.006774
v -0.058173 -0.001000 0.010741
v -0.061141 -0.001000 0.005465
v -0.057479 -0.001000 0.010195
v -0.056619 -0.001000 0.010000
v -0.059035 -0.001000 0.005001
v -0.032461 -0.001000 0.005001
v -0.030497 -0.001000 0.004599
v -0.033093 -0.001000 0.010071
v -0.032754 -0.001000 0.010293
v -0.033461 -0.001000 0.010000
v -0.032531 -0.001000 0.010632
v -0.028850 -0.001000 0.003458
v -0.032461 -0.001000 0.011000
v -0.021991 -0.001000 0.015479
v -0.032461 -0.001000 0.012000
v -0.032531 -0.001000 0.012369
v -0.022833 -0.001000 0.016719
v -0.023162 -0.001000 0.018307
v -0.032754 -0.001000 0.012708
v -0.033093 -0.001000 0.012930
v -0.031543 -0.001000 0.024608
v -0.033461 -0.001000 0.013000
v -0.033854 -0.001000 0.024750
v -0.036120 -0.001000 0.025654
v -0.052786 -0.001000 0.013000
v -0.037975 -0.001000 0.027237
v -0.053678 -0.001000 0.013210
v -0.054710 -0.001000 0.015547
v -0.039711 -0.001000 0.032779
v -0.040221 -0.001000 0.040211
v -0.039178 -0.001000 0.029216
v -0.054382 -0.001000 0.013795
v -0.054752 -0.001000 0.014633
v -0.037246 -0.001000 0.034363
v -0.036134 -0.001000 0.035963
v -0.032950 -0.001000 0.039542
v -0.015556 -0.001000 0.054701
v -0.034534 -0.001000 0.037076
v -0.032763 -0.001000 0.037550
v -0.028333 -0.001000 0.038474
v -0.030617 -0.001000 0.039396
v -0.014642 -0.001000 0.054743
v -0.013010 -0.001000 0.052777
v -0.026470 -0.001000 0.036861
v -0.013010 -0.001000 0.033452
v -0.025277 -0.001000 0.034850
v -0.024778 -0.001000 0.031371
v -0.012939 -0.001000 0.033084
v -0.027268 -0.001000 0.029734
v -0.026769 -0.001000 0.031559
v -0.021145 -0.001000 0.021982
v -0.019905 -0.001000 0.022824
v -0.018316 -0.001000 0.023153
v -0.012717 -0.001000 0.032745
v -0.012378 -0.001000 0.032522
v -0.028355 -0.001000 0.028186
v -0.021991 -0.001000 0.021136
v -0.029904 -0.001000 0.027098
v -0.022833 -0.001000 0.019896
v -0.031730 -0.001000 0.026599
v -0.013804 -0.001000 0.054373
v -0.013219 -0.001000 0.053669
v -0.037720 -0.001000 0.032591
v -0.009341 -0.001000 0.002829
v -0.023404 -0.001000 0.000001
v -0.027015 -0.001000 0.001543
v -0.025367 -0.001000 0.000402
v -0.027015 -0.001000 -0.001542
v -0.025367 -0.001000 -0.000401
v -0.009341 -0.001000 -0.002828
v -0.021991 -0.001000 -0.015478
v -0.032461 -0.001000 -0.010999
v -0.022833 -0.001000 -0.016717
v -0.028850 -0.001000 -0.003457
v -0.032461 -0.001000 -0.011999
v -0.032531 -0.001000 -0.012367
v -0.032754 -0.001000 -0.012706
v -0.033093 -0.001000 -0.012929
v -0.023162 -0.001000 -0.018306
v -0.022833 -0.001000 -0.019895
v -0.031380 -0.001000 -0.024767
v -0.029743 -0.001000 -0.027257
v -0.033461 -0.001000 -0.012999
v -0.031568 -0.001000 -0.026759
v -0.021991 -0.001000 -0.021134
v -0.034860 -0.001000 -0.025267
v -0.036870 -0.001000 -0.026460
v -0.052786 -0.001000 -0.012999
v -0.038483 -0.001000 -0.028322
v -0.054710 -0.001000 -0.015546
v -0.040221 -0.001000 -0.040210
v -0.054752 -0.001000 -0.014631
v -0.054382 -0.001000 -0.013794
v -0.039405 -0.001000 -0.030607
v -0.039551 -0.001000 -0.032940
v -0.037085 -0.001000 -0.034524
v -0.037560 -0.001000 -0.032752
v -0.035972 -0.001000 -0.036124
v -0.034372 -0.001000 -0.037236
v -0.032788 -0.001000 -0.039701
v -0.032600 -0.001000 -0.037710
v -0.015556 -0.001000 -0.054700
v -0.029225 -0.001000 -0.039168
v -0.027246 -0.001000 -0.037965
v -0.013010 -0.001000 -0.052776
v -0.025663 -0.001000 -0.036109
v -0.024759 -0.001000 -0.033844
v -0.013010 -0.001000 -0.033451
v -0.012939 -0.001000 -0.033083
v -0.024617 -0.001000 -0.031532
v -0.026608 -0.001000 -0.031720
v -0.027107 -0.001000 -0.029894
v -0.019905 -0.001000 -0.022823
v -0.018316 -0.001000 -0.023152
v -0.012717 -0.001000 -0.032744
v -0.016728 -0.001000 -0.022823
v -0.012010 -0.001000 -0.032451
v -0.012378 -0.001000 -0.032521
v -0.015488 -0.001000 -0.021981
v -0.001552 -0.001000 -0.027005
v -0.011010 -0.001000 -0.032451
v -0.003468 -0.001000 -0.028839
v -0.002838 -0.001000 -0.009331
v -0.000010 -0.001000 -0.023394
v 0.001532 -0.001000 -0.027005
v 0.000392 -0.001000 -0.025357
v 0.002819 -0.001000 -0.009331
v -0.000411 -0.001000 -0.025357
v 0.015469 -0.001000 -0.021981
v 0.011990 -0.001000 -0.032451
v 0.016708 -0.001000 -0.022823
v 0.003448 -0.001000 -0.028839
v 0.010990 -0.001000 -0.032451
v 0.010622 -0.001000 -0.032521
v 0.004589 -0.001000 -0.030487
v 0.010283 -0.001000 -0.032744
v 0.004990 -0.001000 -0.032451
v 0.010060 -0.001000 -0.033083
v 0.009990 -0.001000 -0.033451
v 0.009990 -0.001000 -0.056608
v 0.004990 -0.001000 -0.059025
v 0.010185 -0.001000 -0.057469
v 0.005455 -0.001000 -0.061131
v 0.010731 -0.001000 -0.058162
v 0.011523 -0.001000 -0.058553
v 0.008672 -0.001000 -0.063848
v 0.006763 -0.001000 -0.062844
v 0.010825 -0.001000 -0.063955
v 0.030587 -0.001000 -0.057197
v 0.012405 -0.001000 -0.058565
v 0.028219 -0.001000 -0.052793
v 0.032120 -0.001000 -0.053345
v 0.042322 -0.001000 -0.042332
v 0.030620 -0.001000 -0.053333
v 0.045858 -0.001000 -0.045867
v 0.052784 -0.001000 -0.028229
v 0.053336 -0.001000 -0.032129
v 0.053323 -0.001000 -0.030629
v 0.056355 -0.001000 -0.032103
v 0.057187 -0.001000 -0.030596
v 0.063946 -0.001000 -0.010835
v 0.058556 -0.001000 -0.012414
v 0.058544 -0.001000 -0.011532
v 0.063839 -0.001000 -0.008681
v 0.058153 -0.001000 -0.010740
v 0.061121 -0.001000 -0.005464
v 0.062835 -0.001000 -0.006773
v 0.057460 -0.001000 -0.010194
v 0.056599 -0.001000 -0.009999
v 0.059016 -0.001000 -0.004999
v 0.032442 -0.001000 -0.004999
v 0.030478 -0.001000 -0.004598
v 0.032735 -0.001000 -0.010292
v 0.033442 -0.001000 -0.009999
v 0.033074 -0.001000 -0.010070
v 0.032512 -0.001000 -0.010631
v 0.028830 -0.001000 -0.003457
v 0.032442 -0.001000 -0.010999
v 0.032442 -0.001000 -0.011999
v 0.021972 -0.001000 -0.015478
v 0.023384 -0.001000 0.000001
v 0.022814 -0.001000 -0.016717
v 0.026996 -0.001000 -0.001542
v 0.009322 -0.001000 -0.002828
v 0.009322 -0.001000 0.002829
v 0.008479 -0.001000 0.001589
v 0.008479 -0.001000 -0.001588
v 0.008150 -0.001000 0.000001
v 0.025348 -0.001000 -0.000401
v 0.032512 -0.001000 -0.012367
v 0.032735 -0.001000 -0.012706
v 0.023143 -0.001000 -0.018306
v 0.022814 -0.001000 -0.019895
v 0.031523 -0.001000 -0.024607
v 0.033074 -0.001000 -0.012929
v 0.033442 -0.001000 -0.012999
v 0.052767 -0.001000 -0.012999
v 0.036100 -0.001000 -0.025653
v 0.033835 -0.001000 -0.024749
v 0.037956 -0.001000 -0.027236
v 0.054691 -0.001000 -0.015546
v 0.039159 -0.001000 -0.029215
v 0.039692 -0.001000 -0.032778
v 0.040201 -0.001000 -0.040210
v 0.037227 -0.001000 -0.034361
v 0.037701 -0.001000 -0.032590
v 0.036115 -0.001000 -0.035962
v 0.034515 -0.001000 -0.037075
v 0.032743 -0.001000 -0.037549
v 0.032931 -0.001000 -0.039540
v 0.015537 -0.001000 -0.054700
v 0.030598 -0.001000 -0.039395
v 0.028313 -0.001000 -0.038473
v 0.026451 -0.001000 -0.036860
v 0.025258 -0.001000 -0.034849
v 0.012990 -0.001000 -0.052776
v 0.012990 -0.001000 -0.033451
v 0.024758 -0.001000 -0.031370
v 0.012920 -0.001000 -0.033083
v 0.018297 -0.001000 -0.023152
v 0.012697 -0.001000 -0.032744
v 0.012358 -0.001000 -0.032521
v 0.019886 -0.001000 -0.022823
v 0.021125 -0.001000 -0.021981
v 0.027248 -0.001000 -0.029733
v 0.021972 -0.001000 -0.021134
v 0.028336 -0.001000 -0.028185
v 0.029885 -0.001000 -0.027097
v 0.031711 -0.001000 -0.026598
v 0.026749 -0.001000 -0.031557
v 0.013785 -0.001000 -0.054372
v 0.013200 -0.001000 -0.053667
v 0.014622 -0.001000 -0.054742
v 0.054363 -0.001000 -0.013794
v 0.054733 -0.001000 -0.014631
v 0.053658 -0.001000 -0.013209
v 0.025348 -0.001000 0.000402
v 0.032094 -0.001000 -0.056364
v -0.000010 -0.001000 -0.008159
v 0.001579 -0.001000 -0.008488
v -0.001598 -0.001000 -0.008488
v -0.010641 -0.001000 -0.032521
v -0.004608 -0.001000 -0.030487
v -0.010302 -0.001000 -0.032744
v -0.005010 -0.001000 -0.032451
v -0.010010 -0.001000 -0.033451
v -0.010080 -0.001000 -0.033083
v -0.005010 -0.001000 -0.059025
v -0.010010 -0.001000 -0.056608
v -0.010204 -0.001000 -0.057469
v -0.010751 -0.001000 -0.058162
v -0.005474 -0.001000 -0.061131
v -0.006783 -0.001000 -0.062844
v -0.008691 -0.001000 -0.063848
v -0.010845 -0.001000 -0.063955
v -0.011542 -0.001000 -0.058553
v -0.012424 -0.001000 -0.058565
v -0.028239 -0.001000 -0.052793
v -0.030607 -0.001000 -0.057197
v -0.030639 -0.001000 -0.053333
v -0.032139 -0.001000 -0.053345
v -0.042342 -0.001000 -0.042332
v -0.045877 -0.001000 -0.045867
v -0.032114 -0.001000 -0.056364
v -0.053355 -0.001000 -0.032129
v -0.056375 -0.001000 -0.032103
v -0.052803 -0.001000 -0.028229
v -0.053343 -0.001000 -0.030629
v -0.057207 -0.001000 -0.030596
v -0.058575 -0.001000 -0.012414
v -0.063965 -0.001000 -0.010835
v -0.058563 -0.001000 -0.011532
v -0.063858 -0.001000 -0.008681
v -0.062855 -0.001000 -0.006773
v -0.058173 -0.001000 -0.010740
v -0.061141 -0.001000 -0.005464
v -0.057479 -0.001000 -0.010194
v -0.056619 -0.001000 -0.009999
v -0.059035 -0.001000 -0.004999
v -0.032461 -0.001000 -0.004999
v -0.033093 -0.001000 -0.010070
v -0.033461 -0.001000 -0.009999
v -0.032754 -0.001000 -0.010292
v -0.030497 -0.001000 -0.004598
v -0.032531 -0.001000 -0.010631
v -0.021145 -0.001000 -0.021981
v -0.028195 -0.001000 -0.028345
v -0.014642 -0.001000 -0.054742
v -0.013219 -0.001000 -0.053667
v -0.013804 -0.001000 -0.054372
v -0.053678 -0.001000 -0.013209
v -0.008499 -0.001000 -0.001588
v -0.008499 -0.001000 0.001589
v -0.008170 -0.001000 0.000001
v -0.000411 -0.001000 0.025358
v 0.026589 -0.001000 0.031721
vn 0.000000 1.000000 0.000000
vn 0.000000 1.000000 0.000000
vn 0.000000 1.000000 0.000000
vn 0.000000 1.000000 0.000000
vn 0.000000 1.000000 0.000000
vn 0.000000 1.000000 0.000000
vn 0.000000 1.000000 0.000000
vn 0.000000 1.000000 0.000000
vn 0.000000 1.000000 0.000000
vn 0.000000 1.000000 0.000000
vn 0.000000 1.000000 0.000000
vn 0.000000 1.000000 0.000000
vn 0.000000 1.000000 0.000000
vn 0.000000 1.000000 0.000000
vn 0.000000 1.000000 0.000000
vn 0.000000 1.000000 0.000000
vn 0.000000 1.000000 0.000000
vn 0.000000 1.000000 0.000000
vn 0.000000 1.000000 0.000000
vn 0.000000 1.000000 0.000000
vn 0.000000 1.000000 0.000000
vn 0.000000 1.000000 0.000000
vn 0.000000 1.000000 0.000000
vn 0.000000 1.000000 0.000000
vn 0.000000 1.000000 0.000000
vn 0.000000 1.000000 0.000000
vn 0.000000 1.000000 0.000000
vn 0.000000 1.000000 0.000000
vn 0.000000 1.000000 0.000000
vn 0.000000 1.000000 0.000000
vn 0.000000 1.000000 0.000000
vn 0.000000 1.000000 0.000000
vn 0.000000 1.000000 0.000000
vn 0.000000 1.000000 0.000000
vn 0.000000 1.000000 0.000000
vn 0.000000 1.000000 0.000000
vn 0.000000 1.000000 0.000000
vn 0.000000 1.000000 0.000000
vn 0.000000 1.000000 0.000000
vn 0.000000 1.000000 0.000000
vn 0.000000 1.000000 0.000000
vn 0.000000 1.000000 0.000000
vn 0.000000 1.000000 0.000000
vn 0.000000 1.000000 0.000000
vn 0.000000 1.000000 0.000000
vn 0.000000 1.000000 0.000000
vn 0.000000 1.000000 0.000000
vn 0.000000 1.000000 0.000000
vn 0.000000 1.000000 0.000000
vn 0.000000 1.000000 0.000000
vn 0.000000 1.000000 0.000000
vn 0.000000 1.000000 0.000000
vn 0.000000 1.000000 0.000000
vn 0.000000 1.000000 0.000000
vn 0.000000 1.000000 0.000000
vn 0.000000 1.000000 0.000000
vn 0.000000 1.000000 0.000000
vn 0.000000 1.000000 0.000000
vn 0.000000 1.000000 0.000000
vn 0.000000 1.000000 0.000000
vn 0.000000 1.000000 0.000000
vn 0.000000 1.000000 0.000000
vn 0.000000 1.000000 0.000000
vn 0.000000 1.000000 0.000000
vn 0.000000 1.000000 0.000000
vn 0.000000 1.000000 0.000000
vn 0.000000 1.000000 0.000000
vn 0.000000 1.000000 0.000000
vn 0.000000 1.000000 0.000000
vn 0.000000 1.000000 0.000000
vn 0.000000 1.000000 0.000000
vn 0.000000 1.000000 0.000000
vn 0.000000 1.000000 0.000000
vn 0.000000 1.000000 0.000000
vn 0.000000 1.000000 0.000000
vn 0.000000 1.000000 0.000000
vn 0.000000 1.000000 0.000000
vn 0.000000 1.000000 0.000000
vn 0.000000 1.000000 0.000000
vn 0.000000 1.000000 0.000000
vn 0.000000 1.000000 0.000000
vn 0.000000 1.000000 0.000000
vn 0.000000 1.000000 0.000000
vn 0.000000 1.000000 0.000000
vn 0.000000 1.000000 0.000000
vn 0.000000 1.000000 0.000000
vn 0.000000 1.000000 0.000000
vn 0.000000 1.000000 0.000000
vn 0.000000 1.000000 0.000000
vn 0.000000 1.000000 0.000000
vn 0.000000 1.000000 0.000000
vn 0.000000 1.000000 0.000000
vn 0.000000 1.000000 0.000000
vn 0.000000 1.000000 0.000000
vn 0.000000 1.000000 0.000000
vn 0.000000 1.000000 0.000000
vn 0.000000 1.000000 0.000000
vn 0.000000 1.000000 0.000000
vn 0.000000 1.000000 0.000000
vn 0.000000 1.000000 0.000000
vn 0.000000 1.000000 0.000000
vn 0.000000 1.000000 0.000000
vn 0.000000 1.000000 0.000000
vn 0.000000 1.000000 0.000000
vn 0.000000 1.000000 0.000000
vn 0.000000 1.000000 0.000000
vn 0.000000 1.000000 0.000000
vn 0.000000 1.000000 0.000000
vn 0.000000 1.000000 0.000000
vn 0.000000 1.000000 0.000000
vn 0.000000 1.000000 0.000000
vn 0.000000 1.000000 0.000000
vn 0.000000 1.000000 0.000000
vn 0.000000 1.000000 0.000000
vn 0.000000 1.000000 0.000000
vn 0.000000 1.000000 0.000000
vn 0.000000 1.000000 0.000000
vn 0.000000 1.000000 0.000000
vn 0.000000 1.000000 0.000000
vn 0.000000 1.000000 0.000000
vn 0.000000 1.000000 0.000000
vn 0.000000 1.000000 0.000000
vn 0.000000 1.000000 0.000000
vn 0.000000 1.000000 0.000000
vn 0.000000 1.000000 0.000000
vn 0.000000 1.000000 0.000000
vn 0.000000 1.000000 0.000000
vn 0.000000 1.000000 0.000000
vn 0.000000 1.000000 0.000000
vn 0.000000 1.000000 0.000000
vn 0.000000 1.000000 0.000000
vn 0.000000 1.000000 0.000000
vn 0.000000 1.000000 0.000000
vn 0.000000 1.000000 0.000000
vn 0.000000 1.000000 0.000000
vn 0.000000 1.000000 0.000000
vn 0.000000 1.000000 0.000000
vn 0.000000 1.000000 0.000000
vn 0.000000 1.000000 0.000000
vn 0.000000 1.000000 0.000000
vn 0.000000 1.000000 0.000000
vn 0.000000 1.000000 0.000000
vn 0.000000 1.000000 0.000000
vn 0.000000 1.000000 0.000000
vn 0.000000 1.000000 0.000000
vn 0.000000 1.000000 0.000000
vn 0.000000 1.000000 0.000000
vn 0.000000 1.000000 0.000000
vn 0.000000 1.000000 0.000000
vn 0.000000 1.000000 0.000000
vn 0.000000 1.000000 0.000000
vn 0.000000 1.000000 0.000000
vn 0.000000 1.000000 0.000000
vn 0.000000 1.000000 0.000000
vn 0.000000 1.000000 0.000000
vn 0.000000 1.000000 0.000000
vn 0.000000 1.000000 0.000000
vn 0.000000 1.000000 0.000000
vn 0.000000 1.000000 0.000000
vn 0.000000 1.000000 0.000000
vn 0.000000 1.000000 0.000000
vn 0.000000 1.000000 0.000000
vn 0.000000 1.000000 0.000000
vn 0.000000 1.000000 0.000000
vn 0.000000 1.000000 0.000000
vn 0.000000 1.000000 0.000000
vn 0.000000 1.000000 0.000000
vn 0.000000 1.000000 0.000000
vn 0.000000 1.000000 0.000000
vn 0.000000 1.000000 0.000000
vn 0.000000 1.000000 0.000000
vn 0.000000 1.000000 0.000000
vn 0.000000 1.000000 0.000000
vn 0.000000 1.000000 0.000000
vn 0.000000 1.000000 0.000000
vn 0.000000 1.000000 0.000000
vn 0.000000 1.000000 0.000000
vn 0.000000 1.000000 0.000000
vn 0.000000 1.000000 0.000000
vn 0.000000 1.000000 0.000000
vn 0.000000 1.000000 0.000000
vn 0.000000 1.000000 0.000000
vn 0.000000 1.000000 0.000000
vn 0.000000 1.000000 0.000000
vn 0.000000 1.000000 0.000000
vn 0.000000 1.000000 0.000000
vn 0.000000 1.000000 0.000000
vn 0.000000 1.000000 0.000000
vn 0.000000 1.000000 0.000000
vn 0.000000 1.000000 0.000000
vn 0.000000 1.000000 0.000000
vn 0.000000 1.000000 0.000000
vn 0.000000 1.000000 0.000000
vn 0.000000 1.000000 0.000000
vn 0.000000 1.000000 0.000000
vn 0.000000 1.000000 0.000000
vn 0.000000 1.000000 0.000000
vn 0.000000 1.000000 0.000000
vn 0.000000 1.000000 0.000000
vn 0.000000 1.000000 0.000000
vn 0.000000 1.000000 0.000000
vn 0.000000 1.000000 0.000000
vn 0.000000 1.000000 0.000000
vn 0.000000 1.000000 0.000000
vn 0.000000 1.000000 0.000000
vn 0.000000 1.000000 0.000000
vn 0.000000 1.000000 0.000000
vn 0.000000 1.000000 0.000000
vn 0.000000 1.000000 0.000000
vn 0.000000 1.000000 0.000000
vn 0.000000 1.000000 0.000000
vn 0.000000 1.000000 0.000000
vn 0.000000 1.000000 0.000000
vn 0.000000 1.000000 0.000000
vn 0.000000 1.000000 0.000000
vn 0.000000 1.000000 0.000000
vn 0.000000 1.000000 0.000000
vn 0.000000 1.000000 0.000000
vn 0.000000 1.000000 0.000000
vn 0.000000 1.000000 0.000000
vn 0.000000 1.000000 0.000000
vn 0.000000 1.000000 0.000000
vn 0.000000 1.000000 0.000000
vn 0.000000 1.000000 0.000000
vn 0.000000 1.000000 0.000000
vn 0.000000 1.000000 0.000000
vn 0.000000 1.000000 0.000000
vn 0.000000 1.000000 0.000000
vn 0.000000 1.000000 0.000000
vn 0.000000 1.000000 0.000000
vn 0.000000 1.000000 0.000000
vn 0.000000 1.000000 0.000000
vn 0.000000 1.000000 0.000000
vn 0.000000 1.000000 0.000000
vn 0.000000 1.000000 0.000000
vn 0.000000 1.000000 0.000000
vn 0.000000 1.000000 0.000000
vn 0.000000 1.000000 0.000000
vn 0.000000 1.000000 0.000000
vn 0.000000 1.000000 0.000000
vn 0.000000 1.000000 0.000000
vn 0.000000 1.000000 0.000000
vn 0.000000 1.000000 0.000000
vn 0.000000 1.000000 0.000000
vn 0.000000 1.000000 0.000000
vn 0.000000 1.000000 0.000000
vn 0.000000 1.000000 0.000000
vn 0.000000 1.000000 0.000000
vn 0.000000 1.000000 0.000000
vn 0.000000 1.000000 0.000000
vn 0.000000 1.000000 0.000000
vn 0.000000 1.000000 0.000000
vn 0.000000 1.000000 0.000000
vn 0.000000 1.000000 0.000000
vn 0.000000 1.000000 0.000000
vn 0.000000 1.000000 0.000000
vn 0.000000 1.000000 0.000000
vn 0.000000 1.000000 0.000000
vn 0.000000 1.000000 0.000000
vn 0.000000 1.000000 0.000000
vn 0.000000 1.000000 0.000000
vn 0.000000 1.000000 0.000000
vn 0.000000 1.000000 0.000000
vn 0.000000 1.000000 0.000000
vn 0.000000 1.000000 0.000000
vn 0.000000 1.000000 0.000000
vn 0.000000 1.000000 0.000000
vn 0.000000 1.000000 0.000000
vn 0.000000 1.000000 0.000000
vn 0.000000 1.000000 0.000000
vn 0.000000 1.000000 0.000000
vn 0.000000 1.000000 0.000000
vn 0.000000 1.000000 0.000000
vn 0.000000 1.000000 0.000000
vn 0.000000 1.000000 0.000000
vn 0.000000 1.000000 0.000000
vn 0.000000 1.000000 0.000000
vn 0.000000 1.000000 0.000000
vn 0.000000 1.000000 0.000000
vn 0.000000 1.000000 0.000000
vn 0.000000 1.000000 0.000000
vn 0.000000 1.000000 0.000000
vn 0.000000 1.000000 0.000000
vn 0.000000 1.000000 0.000000
vn 0.000000 1.000000 0.000000
vn 0.000000 1.000000 0.000000
vn 0.000000 1.000000 0.000000
vn 0.000000 1.000000 0.000000
vn 0.000000 1.000000 0.000000
vn 0.000000 1.000000 0.000000
vn 0.000000 1.000000 0.000000
vn 0.000000 1.000000 0.000000
vn 0.000000 1.000000 0.000000
vn 0.000000 1.000000 0.000000
vn 0.000000 1.000000 0.000000
vn 0.000000 1.000000 0.000000
vn 0.000000 1.000000 0.000000
vn 0.000000 1.000000 0.000000
vn 0.000000 1.000000 0.000000
vn 0.000000 1.000000 0.000000
vn 0.000000 1.000000 0.000000
vn 0.000000 1.000000 0.000000
vn 0.000000 1.000000 0.000000
vn 0.000000 1.000000 0.000000
vn 0.000000 1.000000 0.000000
vn 0.000000 1.000000 0.000000
vn 0.000000 1.000000 0.000000
vn 0.000000 1.000000 0.000000
vn 0.000000 1.000000 0.000000
vn 0.000000 1.000000 0.000000
vn 0.000000 1.000000 0.000000
vn 0.000000 1.000000 0.000000
vn 0.000000 1.000000 0.000000
vn 0.000000 1.000000 0.000000
vn 0.000000 1.000000 0.000000
vn 0.000000 1.000000 0.000000
vn 0.000000 1.000000 0.000000
vn 0.000000 1.000000 0.000000
vn 0.000000 1.000000 0.000000
vn 0.000000 1.000000 0.000000
vn 0.000000 1.000000 0.000000
vn 0.000000 1.000000 0.000000
vn 0.000000 1.000000 0.000000
vn 0.000000 1.000000 0.000000
vn 0.000000 1.000000 0.000000
vn 0.000000 1.000000 0.000000
vn 0.000000 1.000000 0.000000
vn 0.000000 1.000000 0.000000
vn 0.000000 1.000000 0.000000
vn 0.000000 1.000000 0.000000
vn 0.000000 1.000000 0.000000
vn 0.000000 1.000000 0.000000
vn 0.000000 1.000000 0.000000
vn 0.000000 1.000000 0.000000
vn 0.000000 1.000000 0.000000
vn 0.000000 1.000000 0.000000
vn 0.000000 1.000000 0.000000
vn 0.000000 1.000000 0.000000
vn 0.000000 1.000000 0.000000
vn 0.000000 1.000000 0.000000
vn 0.000000 1.000000 0.000000
vn 0.000000 1.000000 0.000000
vn 0.000000 1.000000 0.000000
vn 0.000000 1.000000 0.000000
vn 0.000000 1.000000 0.000000
vn 0.000000 1.000000 0.000000
vn 0.000000 1.000000 0.000000
vn 0.000000 1.000000 0.000000
vn 0.000000 1.000000 0.000000
vn 0.000000 1.000000 0.000000
vn 0.000000 1.000000 0.000000
vn 0.000000 1.000000 0.000000
vn 0.000000 1.000000 0.000000
vn 0.000000 1.000000 0.000000
vn 0.000000 1.000000 0.000000
vn 0.000000 1.000000 0.000000
vn 0.000000 1.000000 0.000000
vn 0.000000 1.000000 0.000000
vn 0.000000 1.000000 0.000000
vn 0.000000 1.000000 0.000000
vn 0.000000 1.000000 0.000000
vn 0.000000 1.000000 0.000000
vn 0.000000 1.000000 0.000000
vn 0.000000 1.000000 0.000000
vn 0.000000 1.000000 0.000000
vn 0.000000 1.000000 0.000000
vn 0.000000 1.000000 0.000000
vn 0.000000 1.000000 0.000000
vn 0.000000 1.000000 0.000000
vn 0.000000 1.000000 0.000000
vn 0.000000 1.000000 0.000000
vn 0.000000 1.000000 0.000000
vn 0.000000 1.000000 0.000000
vn 0.000000 1.000000 0.000000
vn 0.000000 1.000000 0.000000
vn 0.000000 1.000000 0.000000
vn 0.000000 1.000000 0.000000
vn 0.000000 1.000000 0.000000
vn 0.000000 1.000000 0.000000
vn 0.000000 1.000000 0.000000
vn 0.000000 1.000000 0.000000
vn 0.000000 1.000000 0.000000
vn 0.000000 1.000000 0.000000
vn 0.000000 1.000000 0.000000
vn 0.000000 1.000000 0.000000
vn 0.000000 1.000000 0.000000
vn 0.000000 1.000000 0.000000
vn 0.000000 1.000000 0.000000
vn 0.000000 1.000000 0.000000
vn 0.000000 1.000000 0.000000
vn 0.000000 1.000000 0.000000
vn 0.000000 1.000000 0.000000
vn 0.000000 1.000000 0.000000
vn 0.000000 1.000000 0.000000
vn 0.000000 1.000000 0.000000
vn 0.000000 1.000000 0.000000
vn 0.000000 1.000000 0.000000
vn 0.000000 1.000000 0.000000
vn 0.000000 1.000000 0.000000
vn 0.000000 1.000000 0.000000
vn 0.000000 1.000000 0.000000
vn 0.000000 1.000000 0.000000
vn 0.000000 1.000000 0.000000
vn 0.000000 1.000000 0.000000
vn 0.000000 1.000000 0.000000
vn 0.000000 1.000000 0.000000
vn 0.000000 1.000000 0.000000
vn 0.000000 1.000000 0.000000
vn 0.000000 1.000000 0.000000
vn 0.000000 1.000000 0.000000
vn 0.000000 1.000000 0.000000
vn 0.000000 1.000000 0.000000
vn 0.000000 1.000000 0.000000
vn 0.000000 1.000000 0.000000
vn 0.000000 1.000000 0.000000
vn 0.000000 1.000000 0.000000
vn 0.000000 1.000000 0.000000
vn 0.000000 1.000000 0.000000
vn 0.000000 1.000000 0.000000
vn 0.000000 1.000000 0.000000
vn 0.000000 1.000000 0.000000
vn 0.000000 1.000000 0.000000
vn 0.000000 1.000000 0.000000
vn 0.000000 1.000000 0.000000
vn 0.000000 1.000000 0.000000
vn 0.000000 1.000000 0.000000
vn 0.000000 1.000000 0.000000
vn 0.000000 1.000000 0.000000
vn 0.000000 1.000000 0.000000
vn 0.000000 1.000000 0.000000
vn 0.000000 1.000000 0.000000
vn 0.000000 1.000000 0.000000
vn 0.000000 1.000000 0.000000
vn 0.000000 1.000000 0.000000
vn 0.000000 1.000000 0.000000
vn 0.000000 1.000000 0.000000
vn 0.000000 1.000000 0.000000
vn 0.000000 1.000000 0.000000
vn 0.000000 1.000000 0.000000
vn 0.000000 1.000000 0.000000
vn 0.000000 1.000000 0.000000
vn 0.000000 1.000000 0.000000
vn 0.000000 1.000000 0.000000
vn 0.000000 1.000000 0.000000
vn -0.707107 -0.000000 0.707107
vn -0.707107 -0.000000 0.707107
vn -0.707107 -0.000000 0.707107
vn -0.707107 -0.000000 0.707107
vn -0.707007 -0.000000 0.707207
vn -0.385503 -0.000000 0.922707
vn -0.707007 -0.000000 0.707207
vn -0.385503 -0.000000 0.922707
vn 0.010300 -0.000000 0.999947
vn 0.010300 -0.000000 0.999947
vn 0.401810 -0.000000 0.915723
vn 0.401810 -0.000000 0.915723
vn 0.707007 -0.000000 0.707207
vn 0.707007 -0.000000 0.707207
vn 0.707107 -0.000000 0.707107
vn 0.707107 -0.000000 0.707107
vn 0.707107 -0.000000 0.707107
vn 0.707107 -0.000000 0.707107
vn 0.707057 -0.000000 0.707157
vn 0.385503 -0.000000 0.922707
vn 0.707057 -0.000000 0.707157
vn 0.385503 -0.000000 0.922707
vn -0.010400 -0.000000 0.999946
vn -0.010400 -0.000000 0.999946
vn -0.401810 -0.000000 0.915723
vn -0.401810 -0.000000 0.915723
vn -0.707007 -0.000000 0.707207
vn -0.707007 -0.000000 0.707207
vn -0.707107 -0.000000 0.707107
vn -0.707107 -0.000000 0.707107
vn -0.707107 -0.000000 0.707107
vn -0.707107 -0.000000 0.707107
vn -0.707207 -0.000000 0.707007
vn -0.922742 -0.000000 0.385418
vn -0.707207 -0.000000 0.707007
vn -0.922742 -0.000000 0.385418
vn -0.999945 0.000000 -0.010500
vn -0.999945 0.000000 -0.010500
vn -0.915776 0.000000 -0.401690
vn -0.915776 0.000000 -0.401690
vn -0.707157 0.000000 -0.707057
vn -0.707157 0.000000 -0.707057
vn -0.707107 0.000000 -0.707107
vn -0.707107 0.000000 -0.707107
vn -0.707107 0.000000 -0.707107
vn -0.707107 0.000000 -0.707107
vn -0.707207 0.000000 -0.707007
vn -0.922742 0.000000 -0.385418
vn -0.707207 0.000000 -0.707007
vn -0.922742 0.000000 -0.385418
vn -0.999947 -0.000000 0.010300
vn -0.999947 -0.000000 0.010300
vn -0.915776 -0.000000 0.401690
vn -0.915776 -0.000000 0.401690
vn -0.707207 -0.000000 0.707007
vn -0.707207 -0.000000 0.707007
vn -0.707107 -0.000000 0.707107
vn -0.707107 -0.000000 0.707107
vn -0.707107 -0.000000 0.707107
vn -0.707107 -0.000000 0.707107
vn -0.707207 -0.000000 0.707007
vn -0.922757 -0.000000 0.385382
vn -0.707207 -0.000000 0.707007
vn -0.922757 -0.000000 0.385382
vn -0.999946 0.000000 -0.010400
vn -0.999946 0.000000 -0.010400
vn -0.915723 0.000000 -0.401810
vn -0.915723 0.000000 -0.401810
vn -0.707207 0.000000 -0.707007
vn -0.707207 0.000000 -0.707007
vn -0.707107 0.000000 -0.707107
vn -0.707107 0.000000 -0.707107
vn -0.707107 0.000000 -0.707107
vn -0.707107 0.000000 -0.707107
vn -0.707057 0.000000 -0.707157
vn -0.385418 0.000000 -0.922742
vn -0.707057 0.000000 -0.707157
vn -0.385418 0.000000 -0.922742
vn 0.010300 0.000000 -0.999947
vn 0.010300 0.000000 -0.999947
vn 0.401689 0.000000 -0.915776
vn 0.401689 0.000000 -0.915776
vn 0.707057 0.000000 -0.707157
vn 0.707057 0.000000 -0.707157
vn 0.707107 0.000000 -0.707107
vn 0.707107 0.000000 -0.707107
vn 0.707107 0.000000 -0.707107
vn 0.707107 0.000000 -0.707107
vn 0.707057 0.000000 -0.707157
vn 0.385503 0.000000 -0.922707
vn 0.707057 0.000000 -0.707157
vn 0.385503 0.000000 -0.922707
vn -0.010400 0.000000 -0.999946
vn -0.010400 0.000000 -0.999946
vn -0.401689 0.000000 -0.915776
vn -0.401689 0.000000 -0.915776
vn -0.707057 -0.000100 -0.707157
vn -0.707057 0.000000 -0.707157
vn -0.707107 0.000000 -0.707107
vn -0.707107 0.000000 -0.707107
vn -0.707107 0.000000 -0.707107
vn -0.707107 0.000000 -0.707107
vn -0.707057 0.000000 -0.707157
vn -0.385418 0.000000 -0.922742
vn -0.707057 0.000000 -0.707157
vn -0.385418 0.000000 -0.922742
vn 0.010400 0.000000 -0.999946
vn 0.010400 0.000000 -0.999946
vn 0.401689 0.000000 -0.915776
vn 0.401689 0.000000 -0.915776
vn 0.707057 0.000000 -0.707157
vn 0.707057 0.000000 -0.707157
vn 0.707107 0.000000 -0.707107
vn 0.707107 0.000000 -0.707107
vn 0.707107 0.000000 -0.707107
vn 0.707107 0.000000 -0.707107
vn 0.707207 0.000000 -0.707007
vn 0.922742 0.000000 -0.385418
vn 0.707207 0.000000 -0.707007
vn 0.922742 0.000000 -0.385418
vn 0.999947 -0.000000 0.010300
vn 0.999947 -0.000000 0.010300
vn 0.915776 -0.000000 0.401690
vn 0.915776 -0.000000 0.401690
vn 0.707157 -0.000000 0.707057
vn 0.707157 -0.000000 0.707057
vn 0.707107 -0.000000 0.707107
vn 0.707107 -0.000000 0.707107
vn 0.707107 -0.000000 0.707107
vn 0.707107 -0.000000 0.707107
vn 0.707207 -0.000000 0.707007
vn 0.922707 -0.000000 0.385503
vn 0.707207 -0.000000 0.707007
vn 0.922707 -0.000000 0.385503
vn 0.999947 0.000000 -0.010300
vn 0.999947 0.000000 -0.010300
vn 0.915723 0.000000 -0.401810
vn 0.915723 0.000000 -0.401810
vn 0.707157 -0.000100 -0.707057
vn 0.707157 0.000000 -0.707057
vn 0.707107 0.000000 -0.707107
vn 0.707107 0.000000 -0.707107
vn 0.707107 0.000000 -0.707107
vn 0.707107 0.000000 -0.707107
vn 0.707207 0.000000 -0.707007
vn 0.922742 0.000000 -0.385418
vn 0.707207 0.000000 -0.707007
vn 0.922742 0.000000 -0.385418
vn 0.999946 -0.000000 0.010400
vn 0.999946 -0.000000 0.010400
vn 0.915776 -0.000000 0.401690
vn 0.915776 -0.000000 0.401690
vn 0.707157 -0.000000 0.707057
vn 0.707157 -0.000000 0.707057
vn 0.707107 -0.000000 0.707107
vn 0.707107 -0.000000 0.707107
vn 0.707107 -0.000000 0.707107
vn 0.707107 -0.000000 0.707107
vn 0.707057 -0.000000 0.707157
vn 0.385503 -0.000000 0.922707
vn 0.707057 -0.000000 0.707157
vn 0.385503 -0.000000 0.922707
vn -0.010400 -0.000000 0.999946
vn -0.010400 -0.000000 0.999946
vn -0.401810 -0.000000 0.915723
vn -0.401810 -0.000000 0.915723
vn -0.707007 -0.000000 0.707207
vn -0.707007 -0.000000 0.707207
vn 0.707207 0.000000 -0.707007
vn 0.905251 0.000000 -0.424877
vn 0.707207 0.000000 -0.707007
vn 0.707207 0.000000 -0.707007
vn 0.905251 0.000000 -0.424877
vn 0.995572 0.000000 -0.093997
vn 0.995572 0.000000 -0.093997
vn -0.093898 0.000000 -0.995582
vn -0.093898 0.000000 -0.995582
vn -0.093898 0.000000 -0.995582
vn -0.093898 0.000000 -0.995582
vn 0.995591 0.000000 -0.093799
vn 0.966833 -0.000000 0.255409
vn 0.995591 0.000000 -0.093799
vn 0.966833 -0.000000 0.255409
vn 0.821378 -0.000000 0.570385
vn 0.821378 -0.000000 0.570385
vn 0.569017 -0.000000 0.822325
vn 0.569017 -0.000000 0.822325
vn 0.243900 -0.000000 0.969800
vn -0.093997 -0.000000 0.995572
vn 0.243900 -0.000000 0.969800
vn -0.093997 -0.000000 0.995572
vn -0.995591 0.000000 -0.093799
vn -0.995591 0.000000 -0.093799
vn -0.995591 0.000000 -0.093799
vn -0.995591 0.000000 -0.093799
vn -0.094304 -0.000000 0.995543
vn -0.424106 -0.000000 0.905613
vn -0.094304 -0.000000 0.995543
vn -0.424106 -0.000000 0.905613
vn -0.712188 -0.000000 0.701989
vn -0.712188 -0.000000 0.701989
vn -0.910780 -0.000000 0.412891
vn -0.910780 -0.000000 0.412891
vn -0.995582 -0.000000 0.093898
vn -0.995582 -0.000000 0.093898
vn 0.093898 -0.000000 0.995582
vn 0.093898 -0.000000 0.995582
vn 0.093898 -0.000000 0.995582
vn 0.093898 -0.000000 0.995582
vn -0.995591 -0.000000 0.093799
vn -0.966833 0.000000 -0.255409
vn -0.995591 -0.000000 0.093799
vn -0.966833 0.000000 -0.255409
vn -0.821378 0.000000 -0.570385
vn -0.821378 0.000000 -0.570385
vn -0.569428 0.000000 -0.822041
vn -0.569428 0.000000 -0.822041
vn -0.244700 0.000000 -0.969599
vn -0.244700 0.000000 -0.969599
vn 0.093502 0.000000 -0.995619
vn 0.093502 0.000000 -0.995619
vn 0.995582 -0.000000 0.093898
vn 0.995582 -0.000000 0.093898
vn 0.995582 -0.000000 0.093898
vn 0.995582 -0.000000 0.093898
vn 0.995582 -0.000000 0.093898
vn 0.995582 -0.000000 0.093898
vn 0.093601 0.000000 -0.995610
vn 0.093601 0.000000 -0.995610
vn 0.426211 0.000000 -0.904624
vn 0.425888 0.000000 -0.904776
vn 0.707007 0.000000 -0.707207
vn 0.707007 0.000000 -0.707207
vn 0.707007 0.000000 -0.707207
vn -0.707007 0.000000 -0.707207
vn -0.424997 0.000000 -0.905195
vn -0.707007 0.000000 -0.707207
vn -0.425320 0.000000 -0.905043
vn -0.707007 0.000000 -0.707207
vn -0.093997 0.000000 -0.995572
vn -0.093997 0.000000 -0.995572
vn -0.995582 -0.000000 0.093898
vn -0.995582 -0.000000 0.093898
vn -0.995582 -0.000000 0.093898
vn -0.995582 -0.000000 0.093898
vn -0.093799 0.000000 -0.995591
vn 0.255502 0.000000 -0.966808
vn -0.093799 0.000000 -0.995591
vn 0.255502 0.000000 -0.966808
vn 0.570385 0.000000 -0.821378
vn 0.570385 0.000000 -0.821378
vn 0.822325 0.000000 -0.569018
vn 0.969800 0.000000 -0.243900
vn 0.822325 0.000000 -0.569018
vn 0.969800 0.000000 -0.243900
vn 0.995563 -0.000000 0.094097
vn 0.995563 -0.000000 0.094097
vn -0.093799 -0.000000 0.995591
vn -0.093799 -0.000000 0.995591
vn -0.093799 -0.000000 0.995591
vn -0.093799 -0.000000 0.995591
vn 0.995543 -0.000000 0.094304
vn 0.905651 -0.000000 0.424024
vn 0.995543 -0.000000 0.094304
vn 0.905651 -0.000000 0.424024
vn 0.702391 -0.000000 0.711791
vn 0.702391 -0.000000 0.711791
vn 0.412891 -0.000000 0.910780
vn 0.093898 -0.000000 0.995582
vn 0.412891 -0.000000 0.910780
vn 0.093898 -0.000000 0.995582
vn 0.995582 0.000000 -0.093898
vn 0.995582 0.000000 -0.093898
vn 0.995582 0.000000 -0.093898
vn 0.995582 0.000000 -0.093898
vn 0.093799 -0.000000 0.995591
vn -0.255291 -0.000000 0.966864
vn 0.093799 -0.000000 0.995591
vn -0.255291 -0.000000 0.966864
vn -0.570317 -0.000000 0.821425
vn -0.570317 -0.000000 0.821425
vn -0.822041 -0.000000 0.569428
vn -0.822041 -0.000000 0.569428
vn -0.969599 -0.000000 0.244700
vn -0.995619 0.000000 -0.093502
vn -0.969599 -0.000000 0.244700
vn -0.995619 0.000000 -0.093502
vn 0.093799 0.000000 -0.995591
vn 0.093799 0.000000 -0.995591
vn 0.093799 0.000000 -0.995591
vn 0.093799 0.000000 -0.995591
vn 0.093898 0.000000 -0.995582
vn 0.093898 0.000000 -0.995582
vn -0.995610 0.000000 -0.093601
vn -0.995610 0.000000 -0.093601
vn -0.904776 0.000000 -0.425889
vn -0.904624 0.000000 -0.426211
vn -0.707157 0.000000 -0.707057
vn -0.707157 0.000000 -0.707057
vn -0.707157 0.000000 -0.707057
vn -0.707207 -0.000000 0.707007
vn -0.905251 -0.000000 0.424877
vn -0.707157 -0.000000 0.707057
vn -0.707207 -0.000000 0.707007
vn -0.905251 -0.000000 0.424877
vn -0.995572 -0.000000 0.093997
vn -0.995572 -0.000000 0.093997
vn 0.093898 -0.000000 0.995582
vn 0.093898 -0.000000 0.995582
vn 0.093898 -0.000000 0.995582
vn 0.093898 -0.000000 0.995582
vn 0.093898 -0.000000 0.995582
vn 0.093898 -0.000000 0.995582
vn -0.995591 -0.000000 0.093799
vn -0.966808 0.000000 -0.255502
vn -0.995591 -0.000000 0.093799
vn -0.966808 0.000000 -0.255502
vn -0.821378 0.000000 -0.570385
vn -0.821378 0.000000 -0.570385
vn -0.569017 0.000000 -0.822325
vn -0.569017 0.000000 -0.822325
vn -0.243900 0.000000 -0.969800
vn -0.243900 0.000000 -0.969800
vn 0.093997 0.000000 -0.995572
vn 0.093997 0.000000 -0.995572
vn 0.995582 -0.000000 0.093898
vn 0.995582 -0.000000 0.093898
vn 0.995582 -0.000000 0.093898
vn 0.995582 -0.000000 0.093898
vn 0.094304 0.000000 -0.995543
vn 0.423985 0.000000 -0.905669
vn 0.094304 0.000000 -0.995543
vn 0.423985 0.000000 -0.905669
vn 0.712288 0.000000 -0.701888
vn 0.712288 0.000000 -0.701888
vn 0.910780 0.000000 -0.412891
vn 0.910780 0.000000 -0.412891
vn 0.995582 0.000000 -0.093898
vn 0.995582 0.000000 -0.093898
vn -0.093898 0.000000 -0.995582
vn -0.093898 0.000000 -0.995582
vn -0.093799 0.000000 -0.995591
vn -0.093799 0.000000 -0.995591
vn -0.093799 0.000000 -0.995591
vn -0.093799 0.000000 -0.995591
vn 0.995591 0.000000 -0.093799
vn 0.966833 -0.000000 0.255409
vn 0.995591 0.000000 -0.093799
vn 0.966833 -0.000000 0.255409
vn 0.821425 -0.000000 0.570317
vn 0.821425 -0.000000 0.570317
vn 0.569428 -0.000000 0.822041
vn 0.569428 -0.000000 0.822041
vn 0.244700 -0.000000 0.969599
vn 0.244700 -0.000000 0.969599
vn -0.093502 -0.000000 0.995619
vn -0.093502 -0.000000 0.995619
vn -0.995591 0.000000 -0.093799
vn -0.995591 0.000000 -0.093799
vn -0.995591 0.000000 -0.093799
vn -0.995591 0.000000 -0.093799
vn -0.093502 -0.000000 0.995619
vn -0.093502 -0.000000 0.995619
vn -0.425888 -0.000000 0.904776
vn -0.425888 -0.000000 0.904776
vn -0.707007 -0.000000 0.707207
vn -0.707007 -0.000000 0.707207
vn -0.707007 -0.000000 0.707207
vn 0.707007 -0.000000 0.707207
vn 0.424997 -0.000000 0.905195
vn 0.707007 -0.000000 0.707207
vn 0.707007 -0.000000 0.707207
vn 0.424997 -0.000000 0.905195
vn 0.093997 -0.000000 0.995572
vn 0.093997 -0.000000 0.995572
vn 0.995582 0.000000 -0.093898
vn 0.995582 0.000000 -0.093898
vn 0.995582 0.000000 -0.093898
vn 0.995582 0.000000 -0.093898
vn 0.093799 -0.000000 0.995591
vn -0.255502 -0.000000 0.966808
vn 0.093799 -0.000000 0.995591
vn -0.255502 -0.000000 0.966808
vn -0.570317 -0.000000 0.821425
vn -0.570317 -0.000000 0.821425
vn -0.822325 -0.000000 0.569018
vn -0.822325 -0.000000 0.569018
vn -0.969800 -0.000000 0.243900
vn -0.995563 0.000000 -0.094097
vn -0.969800 -0.000000 0.243900
vn -0.995563 0.000000 -0.094097
vn 0.093799 0.000000 -0.995591
vn 0.093799 0.000000 -0.995591
vn 0.093799 0.000000 -0.995591
vn 0.093799 0.000000 -0.995591
vn -0.995543 0.000000 -0.094304
vn -0.905613 0.000000 -0.424106
vn -0.995543 0.000000 -0.094304
vn -0.905613 0.000000 -0.424106
vn -0.702139 0.000000 -0.712040
vn -0.702139 0.000000 -0.712040
vn -0.412891 0.000000 -0.910780
vn -0.412891 0.000000 -0.910780
vn -0.093898 0.000000 -0.995582
vn -0.093898 0.000000 -0.995582
vn -0.995582 -0.000000 0.093898
vn -0.995582 -0.000000 0.093898
vn -0.995582 -0.000000 0.093898
vn -0.995582 -0.000000 0.093898
vn -0.093799 0.000000 -0.995591
vn 0.255409 0.000000 -0.966833
vn -0.093799 0.000000 -0.995591
vn 0.255409 0.000000 -0.966833
vn 0.570270 0.000000 -0.821457
vn 0.570270 0.000000 -0.821457
vn 0.822041 0.000000 -0.569428
vn 0.822041 0.000000 -0.569428
vn 0.969599 0.000000 -0.244700
vn 0.969599 0.000000 -0.244700
vn 0.995619 -0.000000 0.093502
vn 0.995619 -0.000000 0.093502
vn -0.093898 -0.000000 0.995582
vn -0.093898 -0.000000 0.995582
vn -0.093799 -0.000000 0.995591
vn -0.093799 -0.000000 0.995591
vn -0.093799 -0.000000 0.995591
vn -0.093799 -0.000000 0.995591
vn 0.995610 -0.000000 0.093601
vn 0.995610 -0.000000 0.093601
vn 0.904624 -0.000000 0.426211
vn 0.904585 -0.000000 0.426293
vn 0.707157 -0.000000 0.707057
vn 0.707157 -0.000000 0.707057
vn 0.707157 -0.000000 0.707057
vn -0.207391 -0.000000 0.978258
vn -0.243406 -0.000000 0.969924
vn -0.243406 -0.000000 0.969924
vn -0.207391 -0.000000 0.978258
vn -0.243406 -0.000000 0.969924
vn -0.243406 -0.000000 0.969924
vn -0.207391 -0.000000 0.978258
vn -0.243406 -0.000000 0.969924
vn -0.279393 -0.000000 0.960177
vn -0.351112 -0.000000 0.936333
vn -0.279301 -0.000000 0.960204
vn -0.351112 -0.000000 0.936333
vn -0.279301 -0.000000 0.960204
vn -0.279301 -0.000000 0.960204
vn -0.351112 -0.000000 0.936333
vn -0.279393 -0.000000 0.960177
vn -0.489425 -0.000000 0.872045
vn -0.489425 -0.000000 0.872045
vn -0.617203 -0.000000 0.786804
vn -0.617203 -0.000000 0.786804
vn -0.730892 -0.000000 0.682493
vn -0.730892 -0.000000 0.682493
vn -0.827125 -0.000000 0.562017
vn -0.827125 -0.000000 0.562017
vn -0.902746 -0.000000 0.430174
vn -0.902746 -0.000000 0.430174
vn -0.956389 -0.000000 0.292097
vn -0.956389 -0.000000 0.292097
vn 0.000100 0.000000 -1.000000
vn 0.000100 0.000000 -1.000000
vn 0.000000 0.000000 -1.000000
vn 0.000000 0.000000 -1.000000
vn 0.000000 0.000000 -1.000000
vn 0.000000 0.000000 -1.000000
vn 0.000100 0.000000 -1.000000
vn 0.379910 0.000000 -0.925024
vn 0.000100 0.000000 -1.000000
vn 0.379910 0.000000 -0.925024
vn 0.714419 0.000000 -0.699718
vn 0.714419 0.000000 -0.699718
vn 0.931595 0.000000 -0.363498
vn 0.931595 0.000000 -0.363498
vn 1.000000 0.000000 -0.000100
vn 1.000000 0.000000 -0.000100
vn 1.000000 0.000000 0.000000
vn 1.000000 0.000000 0.000000
vn 1.000000 0.000000 0.000000
vn 1.000000 0.000000 0.000000
vn 1.000000 -0.000000 0.000100
vn 0.925024 -0.000000 0.379910
vn 1.000000 -0.000000 0.000100
vn 0.925024 -0.000000 0.379910
vn 0.699668 -0.000000 0.714468
vn 0.699668 -0.000000 0.714468
vn 0.363411 -0.000000 0.931629
vn 0.363411 -0.000000 0.931629
vn 0.000100 -0.000000 1.000000
vn 0.000100 -0.000000 1.000000
vn 0.000000 -0.000000 1.000000
vn 0.000000 -0.000000 1.000000
vn 0.000000 -0.000000 1.000000
vn 0.000000 -0.000000 1.000000
vn 0.000000 -0.000000 1.000000
vn 0.947183 0.000000 -0.320694
vn 0.000000 -0.000000 1.000000
vn 0.947183 -0.000100 -0.320694
vn 0.904680 0.000000 -0.426091
vn 0.904680 0.000000 -0.426091
vn 0.849730 0.000000 -0.527219
vn 0.849730 0.000000 -0.527219
vn 0.782787 0.000000 -0.622290
vn 0.782787 0.000000 -0.622290
vn 0.705204 0.000000 -0.709004
vn 0.705204 0.000000 -0.709004
vn 0.618210 0.000000 -0.786013
vn 0.618210 0.000000 -0.786013
vn 0.523204 0.000000 -0.852207
vn 0.523204 0.000000 -0.852207
vn 0.423214 0.000000 -0.906030
vn 0.423214 0.000000 -0.906030
vn 0.318807 0.000000 -0.947820
vn 0.318807 0.000000 -0.947820
vn -1.000000 0.000000 0.000000
vn -1.000000 0.000000 0.000000
vn -1.000000 0.000000 0.000000
vn -1.000000 0.000000 0.000000
vn -1.000000 0.000000 0.000000
vn -1.000000 0.000000 0.000000
vn -1.000000 0.000000 -0.000100
vn -0.925024 0.000000 -0.379910
vn -1.000000 0.000000 -0.000100
vn -0.925024 0.000000 -0.379910
vn -0.699718 0.000000 -0.714419
vn -0.699718 0.000000 -0.714419
vn -0.363498 0.000000 -0.931595
vn -0.363498 0.000000 -0.931595
vn -0.000100 0.000000 -1.000000
vn -0.000100 0.000000 -1.000000
vn 0.000000 0.000000 -1.000000
vn 0.000000 0.000000 -1.000000
vn 0.000000 0.000000 -1.000000
vn 0.000000 0.000000 -1.000000
vn 0.000100 0.000000 -1.000000
vn 0.379910 0.000000 -0.925024
vn 0.000100 0.000000 -1.000000
vn 0.379910 0.000000 -0.925024
vn 0.714419 0.000000 -0.699718
vn 0.714419 0.000000 -0.699718
vn 0.931595 0.000000 -0.363498
vn 0.931595 0.000000 -0.363498
vn 1.000000 0.000000 -0.000100
vn 1.000000 0.000000 -0.000100
vn 1.000000 0.000000 0.000000
vn 1.000000 0.000000 0.000000
vn 1.000000 0.000000 0.000000
vn 1.000000 0.000000 0.000000
vn 1.000000 -0.000000 0.000100
vn 0.901917 -0.000000 0.431908
vn 1.000000 -0.000000 0.000100
vn 0.901917 -0.000000 0.431908
vn 0.629609 -0.000000 0.776912
vn 0.629609 -0.000000 0.776912
vn 0.232098 -0.000000 0.972692
vn 0.232098 -0.000000 0.972692
vn -0.207295 -0.000000 0.978278
vn -0.207295 -0.000000 0.978278
vn -0.207295 -0.000000 0.978278
vn 0.978258 -0.000000 0.207391
vn 0.969924 -0.000000 0.243406
vn 0.969924 -0.000000 0.243406
vn 0.978258 -0.000000 0.207391
vn 0.978258 -0.000000 0.207391
vn 0.969924 -0.000000 0.243406
vn 0.969924 -0.000000 0.243406
vn 0.960204 -0.000000 0.279301
vn 0.969924 -0.000000 0.243406
vn 0.960177 -0.000000 0.279393
vn 0.936333 -0.000000 0.351113
vn 0.936333 -0.000000 0.351113
vn 0.872045 -0.000000 0.489425
vn 0.872045 -0.000000 0.489425
vn 0.786804 -0.000000 0.617203
vn 0.786804 -0.000000 0.617203
vn 0.682493 -0.000000 0.730892
vn 0.682493 -0.000000 0.730892
vn 0.562017 -0.000000 0.827126
vn 0.430294 -0.000000 0.902689
vn 0.562017 -0.000000 0.827126
vn 0.430294 -0.000000 0.902689
vn 0.292097 -0.000000 0.956389
vn 0.292097 -0.000000 0.956389
vn -1.000000 0.000000 -0.000100
vn -1.000000 0.000000 -0.000100
vn 0.936333 -0.000000 0.351113
vn 0.960204 -0.000000 0.279301
vn 0.960177 -0.000000 0.279393
vn 0.960204 -0.000000 0.279301
vn -1.000000 0.000000 0.000000
vn -1.000000 0.000000 0.000000
vn -1.000000 0.000000 0.000000
vn -1.000000 0.000000 0.000000
vn -1.000000 0.000000 -0.000100
vn -0.925024 0.000000 -0.379910
vn -1.000000 0.000000 -0.000100
vn -0.925024 0.000000 -0.379910
vn -0.699718 0.000000 -0.714419
vn -0.699718 0.000000 -0.714419
vn -0.363498 0.000000 -0.931595
vn -0.363498 0.000000 -0.931595
vn -0.000100 0.000000 -1.000000
vn -0.000100 0.000000 -1.000000
vn 0.000000 0.000000 -1.000000
vn 0.000000 0.000000 -1.000000
vn 0.000000 0.000000 -1.000000
vn 0.000000 0.000000 -1.000000
vn 0.000100 0.000000 -1.000000
vn 0.379910 0.000000 -0.925024
vn 0.000100 0.000000 -1.000000
vn 0.379910 0.000000 -0.925024
vn 0.714419 0.000000 -0.699718
vn 0.714419 0.000000 -0.699718
vn 0.931595 0.000000 -0.363498
vn 0.931595 0.000000 -0.363498
vn 1.000000 0.000000 -0.000100
vn 1.000000 0.000000 -0.000100
vn 1.000000 0.000000 0.000000
vn 1.000000 0.000000 0.000000
vn 1.000000 0.000000 0.000000
vn 1.000000 0.000000 0.000000
vn 1.000000 0.000000 0.000000
vn -0.320694 0.000000 -0.947183
vn 1.000000 0.000000 0.000000
vn -0.320694 0.000000 -0.947183
vn -0.426009 0.000000 -0.904719
vn -0.527480 0.000000 -0.849568
vn -0.426009 0.000000 -0.904719
vn -0.527480 0.000000 -0.849568
vn -0.622290 0.000000 -0.782787
vn -0.622290 0.000000 -0.782787
vn -0.709004 0.000000 -0.705204
vn -0.709004 0.000000 -0.705204
vn -0.786013 0.000000 -0.618210
vn -0.786013 0.000000 -0.618210
vn -0.852207 0.000000 -0.523204
vn -0.852207 0.000000 -0.523204
vn -0.906219 0.000000 -0.422809
vn -0.906219 0.000000 -0.422809
vn -0.947820 0.000000 -0.318807
vn -0.947820 0.000000 -0.318807
vn 0.000000 -0.000000 1.000000
vn 0.000000 -0.000000 1.000000
vn 0.000000 -0.000000 1.000000
vn 0.000000 -0.000000 1.000000
vn 0.000000 -0.000000 1.000000
vn 0.000000 -0.000000 1.000000
vn -0.000100 -0.000000 1.000000
vn -0.379995 -0.000000 0.924988
vn -0.000100 -0.000000 1.000000
vn -0.379995 -0.000000 0.924988
vn -0.714419 -0.000000 0.699718
vn -0.714419 -0.000000 0.699718
vn -0.931629 -0.000000 0.363411
vn -0.931629 -0.000000 0.363411
vn -1.000000 -0.000000 0.000100
vn -1.000000 -0.000000 0.000100
vn -1.000000 0.000000 0.000000
vn -1.000000 0.000000 0.000000
vn -1.000000 0.000000 0.000000
vn -1.000000 0.000000 0.000000
vn -1.000000 0.000000 -0.000100
vn -0.925024 0.000000 -0.379910
vn -1.000000 0.000000 -0.000100
vn -0.925024 0.000000 -0.379910
vn -0.699769 0.000000 -0.714369
vn -0.363498 0.000000 -0.931595
vn -0.699769 0.000000 -0.714369
vn -0.363498 0.000000 -0.931595
vn -0.000100 0.000000 -1.000000
vn -0.000100 0.000000 -1.000000
vn 0.000000 0.000000 -1.000000
vn 0.000000 0.000000 -1.000000
vn 0.000000 0.000000 -1.000000
vn 0.000000 0.000000 -1.000000
vn 0.000100 0.000000 -1.000000
vn 0.431908 0.000000 -0.901918
vn 0.000100 0.000000 -1.000000
vn 0.431908 0.000000 -0.901918
vn 0.777049 0.000000 -0.629440
vn 0.777049 0.000000 -0.629440
vn 0.972670 0.000000 -0.232193
vn 0.978278 -0.000000 0.207295
vn 0.978278 -0.000000 0.207295
vn 0.972670 0.000000 -0.232193
vn 0.978278 -0.000000 0.207295
vn 0.207295 0.000000 -0.978278
vn 0.243406 0.000000 -0.969924
vn 0.243406 0.000000 -0.969924
vn 0.207295 0.000000 -0.978278
vn 0.207295 0.000000 -0.978278
vn 0.243406 0.000000 -0.969924
vn 0.243406 0.000000 -0.969924
vn 0.279301 0.000000 -0.960204
vn 0.279393 0.000000 -0.960177
vn 0.279393 0.000000 -0.960177
vn 0.351112 0.000000 -0.936333
vn 0.489425 0.000000 -0.872045
vn 0.489425 0.000000 -0.872045
vn 0.351112 0.000000 -0.936333
vn 0.351112 0.000000 -0.936333
vn 0.279301 0.000000 -0.960204
vn 0.243406 0.000000 -0.969924
vn 0.279393 0.000000 -0.960177
vn 0.616699 0.000000 -0.787199
vn 0.616699 0.000000 -0.787199
vn 0.730892 0.000000 -0.682493
vn 0.730892 0.000000 -0.682493
vn 0.827125 0.000000 -0.562017
vn 0.827125 0.000000 -0.562017
vn 0.902746 0.000000 -0.430174
vn 0.902746 0.000000 -0.430174
vn 0.956389 0.000000 -0.292097
vn 0.956389 0.000000 -0.292097
vn -0.000100 -0.000000 1.000000
vn -0.000100 -0.000000 1.000000
vn 0.000000 -0.000000 1.000000
vn 0.000000 -0.000000 1.000000
vn 0.000000 -0.000000 1.000000
vn 0.000000 -0.000000 1.000000
vn -0.000100 -0.000000 1.000000
vn -0.379995 -0.000000 0.924988
vn -0.000100 -0.000000 1.000000
vn -0.379995 -0.000000 0.924988
vn -0.714419 -0.000000 0.699718
vn -0.714419 -0.000000 0.699718
vn -0.931629 -0.000000 0.363411
vn -0.931629 -0.000000 0.363411
vn -1.000000 -0.000000 0.000100
vn -1.000000 -0.000000 0.000100
vn -1.000000 0.000000 0.000000
vn -1.000000 0.000000 0.000000
vn -1.000000 0.000000 0.000000
vn -1.000000 0.000000 0.000000
vn -1.000000 0.000000 -0.000100
vn -0.925024 0.000000 -0.379910
vn -1.000000 0.000000 -0.000100
vn -0.925024 0.000000 -0.379910
vn -0.699769 0.000000 -0.714369
vn -0.699769 0.000000 -0.714369
vn -0.363498 0.000000 -0.931595
vn -0.363498 0.000000 -0.931595
vn -0.000100 0.000000 -1.000000
vn -0.000100 0.000000 -1.000000
vn 0.000000 0.000000 -1.000000
vn 0.000000 0.000000 -1.000000
vn 0.000000 0.000000 -1.000000
vn 0.000000 0.000000 -1.000000
vn 0.000000 0.000000 -1.000000
vn -0.947183 -0.000000 0.320694
vn 0.000000 0.000000 -1.000000
vn -0.947183 -0.000100 0.320694
vn -0.904719 -0.000000 0.426009
vn -0.904719 -0.000000 0.426009
vn -0.849568 -0.000000 0.527480
vn -0.849568 -0.000000 0.527480
vn -0.782787 -0.000000 0.622290
vn -0.782787 -0.000000 0.622290
vn -0.705204 -0.000000 0.709004
vn -0.705204 -0.000000 0.709004
vn -0.618210 -0.000000 0.786013
vn -0.618210 -0.000000 0.786013
vn -0.523087 -0.000000 0.852279
vn -0.523087 -0.000000 0.852279
vn -0.422688 -0.000000 0.906275
vn -0.422688 -0.000000 0.906275
vn -0.318807 -0.000000 0.947820
vn -0.318807 -0.000000 0.947820
vn 1.000000 0.000000 0.000000
vn 1.000000 0.000000 0.000000
vn 1.000000 0.000000 0.000000
vn 1.000000 0.000000 0.000000
vn 1.000000 0.000000 0.000000
vn 1.000000 0.000000 0.000000
vn 1.000000 -0.000000 0.000100
vn 0.925024 -0.000000 0.379910
vn 1.000000 -0.000000 0.000100
vn 0.925024 -0.000000 0.379910
vn 0.700223 -0.000000 0.713924
vn 0.700223 -0.000000 0.713924
vn 0.363498 -0.000000 0.931595
vn 0.363498 -0.000000 0.931595
vn 0.000100 -0.000000 1.000000
vn 0.000100 -0.000000 1.000000
vn 0.000000 -0.000000 1.000000
vn 0.000000 -0.000000 1.000000
vn 0.000000 -0.000000 1.000000
vn 0.000000 -0.000000 1.000000
vn -0.000100 -0.000000 1.000000
vn -0.379910 -0.000000 0.925024
vn -0.000100 -0.000000 1.000000
vn -0.379910 -0.000000 0.925024
vn -0.714468 -0.000000 0.699668
vn -0.714468 -0.000000 0.699668
vn -0.931595 -0.000000 0.363498
vn -0.931595 -0.000000 0.363498
vn -1.000000 -0.000000 0.000100
vn -1.000000 -0.000000 0.000100
vn -1.000000 0.000000 0.000000
vn -1.000000 0.000000 0.000000
vn -1.000000 0.000000 0.000000
vn -1.000000 0.000000 0.000000
vn -1.000000 0.000000 -0.000100
vn -0.901975 0.000000 -0.431788
vn -1.000000 0.000000 -0.000100
vn -0.901975 0.000000 -0.431788
vn -0.629500 0.000000 -0.777000
vn -0.629500 0.000000 -0.777000
vn -0.232193 0.000000 -0.972670
vn -0.232193 0.000000 -0.972670
vn 0.207295 0.000000 -0.978278
vn 0.207295 0.000000 -0.978278
vn 0.207295 0.000000 -0.978278
vn -0.978258 0.000000 -0.207391
vn -0.969924 0.000000 -0.243406
vn -0.969924 0.000000 -0.243406
vn -0.978258 0.000000 -0.207391
vn -0.978258 0.000000 -0.207391
vn -0.969924 0.000000 -0.243406
vn -0.969924 0.000000 -0.243406
vn -0.960177 0.000000 -0.279393
vn -0.969924 0.000000 -0.243406
vn -0.960177 0.000000 -0.279393
vn -0.936333 0.000000 -0.351113
vn -0.936333 0.000000 -0.351113
vn -0.872178 0.000000 -0.489188
vn -0.786804 0.000000 -0.617203
vn -0.872178 0.000000 -0.489188
vn -0.936333 0.000000 -0.351113
vn -0.786804 0.000000 -0.617203
vn -0.682493 0.000000 -0.730892
vn -0.682493 0.000000 -0.730892
vn -0.562017 0.000000 -0.827126
vn -0.562017 0.000000 -0.827126
vn -0.430294 0.000000 -0.902689
vn -0.430294 0.000000 -0.902689
vn -0.292097 0.000000 -0.956389
vn -0.292097 0.000000 -0.956389
vn 1.000000 -0.000000 0.000100
vn 1.000000 -0.000000 0.000100
vn -0.960177 0.000000 -0.279393
vn -0.960177 0.000000 -0.279393
vn -0.960204 0.000000 -0.279301
vn 1.000000 0.000000 0.000000
vn 1.000000 0.000000 0.000000
vn 1.000000 0.000000 0.000000
vn 1.000000 0.000000 0.000000
vn 1.000000 -0.000000 0.000100
vn 0.925024 -0.000000 0.379910
vn 1.000000 -0.000000 0.000100
vn 0.925024 -0.000000 0.379910
vn 0.700223 -0.000000 0.713924
vn 0.700223 -0.000000 0.713924
vn 0.363498 -0.000000 0.931595
vn 0.363498 -0.000000 0.931595
vn 0.000100 -0.000000 1.000000
vn 0.000100 -0.000000 1.000000
vn 0.000000 -0.000000 1.000000
vn 0.000000 -0.000000 1.000000
vn 0.000000 -0.000000 1.000000
vn 0.000000 -0.000000 1.000000
vn -0.000100 -0.000000 1.000000
vn -0.379910 -0.000000 0.925024
vn -0.000100 -0.000000 1.000000
vn -0.379910 -0.000000 0.925024
vn -0.714468 -0.000000 0.699668
vn -0.931595 -0.000000 0.363498
vn -0.714468 -0.000000 0.699668
vn -0.931595 -0.000000 0.363498
vn -1.000000 -0.000000 0.000100
vn -1.000000 -0.000000 0.000100
vn -1.000000 0.000000 0.000000
vn -1.000000 0.000000 0.000000
vn -1.000000 0.000000 0.000000
vn -1.000000 0.000000 0.000000
vn -1.000000 0.000000 0.000000
vn 0.320694 -0.000000 0.947183
vn -1.000000 0.000000 0.000000
vn 0.320694 -0.000000 0.947183
vn 0.426091 -0.000000 0.904680
vn 0.426091 -0.000000 0.904680
vn 0.527480 -0.000000 0.849568
vn 0.622290 -0.000000 0.782787
vn 0.527480 -0.000000 0.849568
vn 0.622290 -0.000000 0.782787
vn 0.709004 -0.000000 0.705204
vn 0.709004 -0.000000 0.705204
vn 0.786013 -0.000000 0.618210
vn 0.786013 -0.000000 0.618210
vn 0.852019 -0.000000 0.523512
vn 0.852019 -0.000000 0.523512
vn 0.906219 -0.000000 0.422809
vn 0.906219 -0.000000 0.422809
vn 0.947820 -0.000000 0.318807
vn 0.947820 -0.000000 0.318807
vn 0.000000 0.000000 -1.000000
vn 0.000000 0.000000 -1.000000
vn 0.000000 0.000000 -1.000000
vn 0.000000 0.000000 -1.000000
vn 0.000000 0.000000 -1.000000
vn 0.000000 0.000000 -1.000000
vn 0.000100 0.000000 -1.000000
vn 0.379910 0.000000 -0.925024
vn 0.000100 0.000000 -1.000000
vn 0.379910 0.000000 -0.925024
vn 0.714419 0.000000 -0.699718
vn 0.931595 0.000000 -0.363498
vn 0.714419 0.000000 -0.699718
vn 0.931595 0.000000 -0.363498
vn 1.000000 0.000000 -0.000100
vn 1.000000 0.000000 -0.000100
vn 1.000000 0.000000 0.000000
vn 1.000000 0.000000 0.000000
vn 1.000000 0.000000 0.000000
vn 1.000000 0.000000 0.000000
vn 1.000000 -0.000000 0.000100
vn 0.925024 -0.000000 0.379910
vn 1.000000 -0.000000 0.000100
vn 0.925024 -0.000000 0.379910
vn 0.699668 -0.000000 0.714468
vn 0.699668 -0.000000 0.714468
vn 0.363411 -0.000000 0.931629
vn 0.000100 -0.000000 1.000000
vn 0.363411 -0.000000 0.931629
vn 0.000100 -0.000000 1.000000
vn 0.000000 -0.000000 1.000000
vn 0.000000 -0.000000 1.000000
vn 0.000000 -0.000000 1.000000
vn 0.000000 -0.000000 1.000000
vn -0.000100 -0.000000 1.000000
vn -0.431990 -0.000000 0.901879
vn -0.000100 -0.000000 1.000000
vn -0.431990 -0.000000 0.901879
vn -0.777000 -0.000000 0.629500
vn -0.777000 -0.000000 0.629500
vn -0.972670 -0.000000 0.232193
vn -0.972670 -0.000000 0.232193
vn -0.978278 0.000000 -0.207295
vn -0.978278 0.000000 -0.207295
vn -0.978278 0.000000 -0.207295
vn 0.985958 -0.000000 0.166993
vn 0.985958 -0.000000 0.166993
vn 0.964168 0.000000 -0.265291
vn 0.964168 0.000000 -0.265291
vn 0.763868 0.000000 -0.645373
vn 0.763868 0.000000 -0.645373
vn 0.419603 0.000000 -0.907708
vn 0.419603 0.000000 -0.907708
vn 0.000100 0.000000 -1.000000
vn 0.000100 0.000000 -1.000000
vn 0.985958 -0.000000 0.166993
vn 0.000000 0.000000 -1.000000
vn 0.000000 0.000000 -1.000000
vn 0.000000 0.000000 -1.000000
vn 0.000000 0.000000 -1.000000
vn 0.000100 0.000000 -1.000000
vn 0.000100 0.000000 -1.000000
vn 0.393714 0.000000 -0.919233
vn 0.393714 0.000000 -0.919233
vn 0.722192 0.000000 -0.691693
vn 0.722192 0.000000 -0.691693
vn 0.722290 0.000000 -0.691590
vn 0.722290 0.000000 -0.691590
vn 0.722290 0.000000 -0.691590
vn 0.722290 0.000000 -0.691590
vn 0.722242 0.000000 -0.691640
vn 0.722242 0.000000 -0.691640
vn 0.391782 0.000000 -0.920058
vn 0.391782 0.000000 -0.920058
vn 0.000100 0.000000 -1.000000
vn 0.000100 0.000000 -1.000000
vn 0.000100 0.000000 -1.000000
vn 0.000100 -0.000000 1.000000
vn 0.393714 -0.000000 0.919233
vn 0.000100 -0.000000 1.000000
vn 0.000100 -0.000000 1.000000
vn 0.393714 -0.000000 0.919233
vn 0.722192 -0.000000 0.691693
vn 0.722192 -0.000000 0.691693
vn 0.722290 -0.000000 0.691590
vn 0.722290 -0.000000 0.691590
vn 0.722290 -0.000000 0.691590
vn 0.722290 -0.000000 0.691590
vn 0.722242 -0.000000 0.691640
vn 0.722242 -0.000000 0.691640
vn 0.391287 -0.000000 0.920269
vn 0.391287 -0.000000 0.920269
vn 0.000100 -0.000000 1.000000
vn 0.000100 -0.000000 1.000000
vn 0.000000 -0.000000 1.000000
vn 0.000000 -0.000000 1.000000
vn 0.000000 -0.000000 1.000000
vn 0.000000 -0.000000 1.000000
vn 0.000000 -0.000000 1.000000
vn 0.927307 -0.000000 0.374303
vn 0.000000 -0.000000 1.000000
vn 0.927307 -0.000000 0.374303
vn 0.976634 0.000000 -0.214908
vn 0.976634 0.000000 -0.214908
vn 0.953116 0.000000 -0.302605
vn 0.953116 0.000000 -0.302605
vn 0.921701 0.000000 -0.387901
vn 0.881768 0.000000 -0.471683
vn 0.921701 0.000000 -0.387901
vn 0.881768 0.000000 -0.471683
vn -1.000000 0.000000 0.000000
vn -1.000000 0.000000 0.000000
vn -1.000000 0.000000 0.000000
vn -1.000000 0.000000 0.000000
vn -1.000000 0.000000 -0.000100
vn -1.000000 0.000000 -0.000100
vn -0.919285 0.000000 -0.393593
vn -0.919285 0.000000 -0.393593
vn -0.691640 0.000000 -0.722242
vn -0.691640 0.000000 -0.722242
vn -0.691590 0.000000 -0.722290
vn -0.691590 0.000000 -0.722290
vn -0.691590 0.000000 -0.722290
vn -0.691590 0.000000 -0.722290
vn -0.691590 0.000000 -0.722290
vn -0.691590 0.000000 -0.722290
vn -0.920130 0.000000 -0.391613
vn -0.920181 0.000000 -0.391492
vn -1.000000 0.000000 -0.000100
vn -1.000000 0.000000 -0.000100
vn -1.000000 0.000000 -0.000100
vn 1.000000 0.000000 -0.000100
vn 0.919197 0.000000 -0.393799
vn 1.000000 0.000000 -0.000100
vn 1.000000 0.000000 -0.000100
vn 0.919197 0.000000 -0.393799
vn 0.691590 -0.000100 -0.722290
vn 0.691590 0.000000 -0.722290
vn 0.691590 0.000000 -0.722290
vn 0.691590 0.000000 -0.722290
vn 0.691590 0.000000 -0.722290
vn 0.691590 0.000000 -0.722290
vn 0.691640 0.000000 -0.722242
vn 0.691640 0.000000 -0.722242
vn 0.920181 0.000000 -0.391492
vn 0.920181 0.000000 -0.391492
vn 1.000000 0.000000 -0.000100
vn 1.000000 0.000000 -0.000100
vn 1.000000 0.000000 0.000000
vn 1.000000 0.000000 0.000000
vn 1.000000 0.000000 0.000000
vn 1.000000 0.000000 0.000000
vn 1.000000 0.000000 0.000000
vn 0.374303 0.000000 -0.927307
vn 1.000000 0.000000 0.000000
vn 0.374303 0.000000 -0.927307
vn -0.214908 0.000000 -0.976634
vn -0.214908 0.000000 -0.976634
vn -0.302605 0.000000 -0.953116
vn -0.302605 0.000000 -0.953116
vn -0.388397 0.000000 -0.921492
vn -0.388397 0.000000 -0.921492
vn -0.471683 0.000000 -0.881768
vn -0.471683 0.000000 -0.881768
vn 0.000000 -0.000000 1.000000
vn 0.000000 -0.000000 1.000000
vn 0.000000 -0.000000 1.000000
vn 0.000000 -0.000000 1.000000
vn -0.000100 -0.000000 1.000000
vn -0.000100 -0.000000 1.000000
vn -0.394004 -0.000000 0.919109
vn -0.394004 -0.000000 0.919109
vn -0.722242 -0.000000 0.691640
vn -0.722242 -0.000000 0.691640
vn -0.722290 -0.000000 0.691590
vn -0.722290 -0.000000 0.691590
vn -0.722290 -0.000000 0.691590
vn -0.722290 -0.000000 0.691590
vn -0.722192 -0.000000 0.691693
vn -0.722192 -0.000000 0.691693
vn -0.391613 -0.000000 0.920130
vn -0.391613 -0.000000 0.920130
vn -0.000100 -0.000000 1.000000
vn -0.000100 -0.000000 1.000000
vn -0.000100 -0.000000 1.000000
vn -0.000100 0.000000 -1.000000
vn -0.393304 0.000000 -0.919409
vn -0.000100 0.000000 -1.000000
vn -0.393714 0.000000 -0.919233
vn -0.000100 0.000000 -1.000000
vn -0.722242 0.000000 -0.691640
vn -0.722242 0.000000 -0.691640
vn -0.722290 0.000000 -0.691590
vn -0.722290 0.000000 -0.691590
vn -0.391492 0.000000 -0.920181
vn -0.391492 0.000000 -0.920181
vn -0.000100 0.000000 -1.000000
vn -0.000100 0.000000 -1.000000
vn 0.000000 0.000000 -1.000000
vn 0.000000 0.000000 -1.000000
vn 0.000000 0.000000 -1.000000
vn 0.000000 0.000000 -1.000000
vn 0.000000 0.000300 -1.000000
vn -0.927307 0.000000 -0.374303
vn 0.000000 0.000000 -1.000000
vn -0.927307 0.000000 -0.374303
vn -0.976634 -0.000000 0.214908
vn -0.953116 -0.000000 0.302605
vn -0.976634 -0.000000 0.214908
vn -0.953116 -0.000000 0.302605
vn -0.921492 -0.000000 0.388397
vn -0.921492 -0.000000 0.388397
vn -0.881768 -0.000000 0.471683
vn -0.881768 -0.000000 0.471683
vn 1.000000 0.000000 0.000000
vn 1.000000 0.000000 0.000000
vn 1.000000 0.000000 0.000000
vn 1.000000 0.000000 0.000000
vn 1.000000 -0.000000 0.000100
vn 1.000000 -0.000000 0.000100
vn 0.919285 -0.000000 0.393593
vn 0.919285 -0.000000 0.393593
vn 0.691640 -0.000000 0.722242
vn 0.691640 -0.000000 0.722242
vn 0.691590 -0.000000 0.722290
vn 0.691590 -0.000000 0.722290
vn 0.691590 -0.000000 0.722290
vn 0.691590 -0.000000 0.722290
vn 0.691640 -0.000000 0.722242
vn 0.691640 -0.000000 0.722242
vn 0.920181 -0.000000 0.391492
vn 0.920058 -0.000000 0.391782
vn 1.000000 -0.000000 0.000100
vn 1.000000 -0.000000 0.000100
vn 1.000000 -0.000000 0.000100
vn -1.000000 -0.000000 0.000100
vn -0.919197 -0.000000 0.393799
vn -1.000000 -0.000000 0.000100
vn -1.000000 -0.000000 0.000100
vn -0.919197 -0.000000 0.393799
vn -0.691640 -0.000000 0.722242
vn -0.691640 -0.000000 0.722242
vn -0.691590 -0.000000 0.722290
vn -0.691590 -0.000000 0.722290
vn -0.691590 -0.000000 0.722290
vn -0.691590 -0.000000 0.722290
vn -0.691640 -0.000000 0.722242
vn -0.691640 -0.000000 0.722242
vn -0.920181 -0.000000 0.391492
vn -0.920181 -0.000000 0.391492
vn -1.000000 -0.000000 0.000100
vn -1.000000 -0.000000 0.000100
vn -1.000000 0.000000 0.000000
vn -1.000000 0.000000 0.000000
vn -1.000000 0.000000 0.000000
vn -1.000000 0.000000 0.000000
vn -1.000000 0.000000 0.000000
vn -0.374303 -0.000000 0.927307
vn -1.000000 0.000000 0.000000
vn -0.374303 -0.000000 0.927307
vn 0.214908 -0.000000 0.976634
vn 0.214908 -0.000000 0.976634
vn 0.302605 -0.000000 0.953116
vn 0.388397 -0.000000 0.921492
vn 0.302605 -0.000000 0.953116
vn 0.388397 -0.000000 0.921492
vn 0.471683 -0.000000 0.881768
vn 0.471683 -0.000000 0.881768
vn 0.999965 -0.000000 0.008400
vn 0.999965 -0.000000 0.008400
vn 0.999965 -0.000000 0.008400
vn 0.999965 -0.000000 0.008400
vn -0.999965 0.000000 -0.008400
vn -0.999965 0.000000 -0.008400
vn -0.999965 0.000000 -0.008400
vn -0.999965 0.000000 -0.008400
vn -0.881768 0.000000 -0.471683
vn -0.921319 0.000000 -0.388808
vn -0.881768 0.000000 -0.471683
vn -0.921319 0.000000 -0.388808
vn -0.953183 0.000000 -0.302395
vn -0.953183 0.000000 -0.302395
vn -0.976832 0.000000 -0.214007
vn -0.976832 0.000000 -0.214007
vn -0.926057 -0.000000 0.377383
vn -0.926057 -0.000000 0.377383
vn 0.000000 -0.000000 1.000000
vn 0.000000 -0.000000 1.000000
vn 0.008400 0.000000 -0.999965
vn 0.008400 0.000000 -0.999965
vn 0.008400 0.000000 -0.999965
vn 0.008400 0.000000 -0.999965
vn 0.008400 0.000000 -0.999965
vn 0.008400 0.000000 -0.999965
vn 0.008400 0.000000 -0.999965
vn 0.008400 0.000000 -0.999965
vn -0.008400 -0.000000 0.999965
vn -0.008400 -0.000000 0.999965
vn -0.008400 -0.000000 0.999965
vn -0.008400 -0.000000 0.999965
vn -0.471683 -0.000000 0.881768
vn -0.389098 -0.000000 0.921196
vn -0.471683 -0.000000 0.881768
vn -0.389098 -0.000000 0.921196
vn -0.302093 -0.000000 0.953278
vn -0.302093 -0.000000 0.953278
vn -0.214007 -0.000000 0.976832
vn -0.214007 -0.000000 0.976832
vn 0.377383 -0.000000 0.926057
vn 0.377383 -0.000000 0.926057
vn 1.000000 0.000000 0.000000
vn 1.000000 0.000000 0.000000
vn -0.999964 0.000000 -0.008500
vn -0.999964 0.000000 -0.008500
vn -0.999964 0.000000 -0.008500
vn -0.999964 0.000000 -0.008500
vn -0.999965 0.000000 -0.008400
vn -0.999965 0.000000 -0.008400
vn -0.999965 0.000000 -0.008400
vn -0.999965 0.000000 -0.008400
vn 0.999965 -0.000000 0.008400
vn 0.999965 -0.000000 0.008400
vn 0.999965 -0.000000 0.008400
vn 0.999965 -0.000000 0.008400
vn 0.881768 -0.000000 0.471683
vn 0.917335 -0.000000 0.398115
vn 0.917513 -0.000000 0.397706
vn 0.881768 -0.000000 0.471683
vn 0.917335 -0.000000 0.398115
vn 0.946603 -0.000000 0.322401
vn 0.946603 -0.000000 0.322401
vn 0.969599 -0.000000 0.244700
vn 0.969599 -0.000000 0.244700
vn 0.978635 -0.000000 0.205607
vn 0.985958 -0.000000 0.166993
vn 0.978574 -0.000000 0.205895
vn 0.985958 -0.000000 0.166993
vn 0.978574 -0.000000 0.205895
vn 0.969599 -0.000000 0.244700
vn 0.978574 -0.000000 0.205895
vn 0.985958 -0.000000 0.166993
vn 0.978635 -0.000000 0.205607
vn 0.969599 -0.000000 0.244700
vn 0.969599 -0.000000 0.244700
vn 0.946603 -0.000000 0.322401
vn -0.008400 -0.000000 0.999965
vn -0.008400 -0.000000 0.999965
vn -0.008400 -0.000000 0.999965
vn -0.008400 -0.000000 0.999965
vn -0.008400 -0.000000 0.999965
vn -0.008400 -0.000000 0.999965
vn -0.008400 -0.000000 0.999965
vn -0.008400 -0.000000 0.999965
vn 0.008400 0.000000 -0.999965
vn 0.008400 0.000000 -0.999965
vn 0.008400 0.000000 -0.999965
vn 0.008400 0.000000 -0.999965
vn 0.471683 0.000000 -0.881768
vn 0.388808 0.000000 -0.921319
vn 0.471683 0.000000 -0.881768
vn 0.388808 0.000000 -0.921319
vn 0.302395 0.000000 -0.953183
vn 0.302395 0.000000 -0.953183
vn 0.214007 0.000000 -0.976832
vn 0.214007 0.000000 -0.976832
vn -0.377383 0.000000 -0.926057
vn -0.377383 0.000000 -0.926057
vn -1.000000 0.000000 0.000000
vn -1.000000 0.000000 0.000000
vn 0.999965 -0.000000 0.008400
vn 0.999965 -0.000000 0.008400
vn 0.999965 -0.000000 0.008400
vn 0.999965 -0.000000 0.008400
vn 0.999965 0.000000 -0.008400
vn 0.999965 0.000000 -0.008400
vn 0.999965 0.000000 -0.008400
vn 0.999965 0.000000 -0.008400
vn 0.868938 0.000000 -0.494922
vn 0.821504 0.000000 -0.570203
vn 0.821504 0.000000 -0.570203
vn 0.868938 0.000000 -0.494922
vn 0.821504 0.000000 -0.570203
vn 0.767294 0.000000 -0.641295
vn 0.767294 0.000000 -0.641295
vn 0.640696 0.000000 -0.767795
vn 0.640696 0.000000 -0.767795
vn 0.569907 0.000000 -0.821710
vn 0.569907 0.000000 -0.821710
vn 0.494997 0.000000 -0.868895
vn 0.494997 0.000000 -0.868895
vn 0.569907 0.000000 -0.821710
vn 0.640696 0.000000 -0.767795
vn 0.767294 0.000000 -0.641295
vn -0.999965 -0.000000 0.008400
vn -0.999965 -0.000000 0.008400
vn -0.999965 -0.000000 0.008400
vn -0.999965 -0.000000 0.008400
vn -0.008400 0.000000 -0.999965
vn -0.008400 0.000000 -0.999965
vn -0.008400 0.000000 -0.999965
vn -0.008400 0.000000 -0.999965
vn -0.008400 0.000000 -0.999965
vn -0.008400 0.000000 -0.999965
vn -0.008400 0.000000 -0.999965
vn -0.008400 0.000000 -0.999965
vn -0.494997 0.000000 -0.868895
vn -0.570203 0.000000 -0.821504
vn -0.570203 0.000000 -0.821504
vn -0.494997 0.000000 -0.868895
vn -0.570203 0.000000 -0.821504
vn -0.641295 0.000000 -0.767294
vn -0.641295 0.000000 -0.767294
vn -0.767795 0.000000 -0.640696
vn -0.767795 0.000000 -0.640696
vn -0.821709 0.000000 -0.569907
vn -0.868938 0.000000 -0.494922
vn -0.821709 0.000000 -0.569907
vn -0.821709 0.000000 -0.569907
vn -0.868938 0.000000 -0.494922
vn -0.767795 0.000000 -0.640696
vn -0.641295 0.000000 -0.767294
vn 0.008400 -0.000000 0.999965
vn 0.008400 -0.000000 0.999965
vn 0.008400 -0.000000 0.999965
vn 0.008400 -0.000000 0.999965
vn -0.999964 -0.000000 0.008500
vn -0.999964 -0.000000 0.008500
vn -0.999964 -0.000000 0.008500
vn -0.999964 -0.000000 0.008500
vn -0.999965 -0.000000 0.008400
vn -0.999965 -0.000000 0.008400
vn -0.999965 -0.000000 0.008400
vn -0.999965 -0.000000 0.008400
vn -0.868938 -0.000000 0.494922
vn -0.821504 -0.000000 0.570203
vn -0.821663 -0.000000 0.569974
vn -0.868938 -0.000000 0.494922
vn -0.821663 -0.000000 0.569974
vn -0.767294 -0.000000 0.641295
vn -0.767294 -0.000000 0.641295
vn -0.640696 -0.000000 0.767795
vn -0.640696 -0.000000 0.767795
vn -0.569907 -0.000000 0.821710
vn -0.569907 -0.000000 0.821710
vn -0.494921 -0.000000 0.868938
vn -0.494921 -0.000000 0.868938
vn -0.569907 -0.000000 0.821710
vn -0.640696 -0.000000 0.767795
vn -0.767294 -0.000000 0.641295
vn 0.999965 0.000000 -0.008400
vn 0.999965 0.000000 -0.008400
vn 0.999965 0.000000 -0.008400
vn 0.999965 0.000000 -0.008400
vn 0.008400 -0.000000 0.999965
vn 0.008400 -0.000000 0.999965
vn 0.008400 -0.000000 0.999965
vn 0.008400 -0.000000 0.999965
vn 0.008400 -0.000000 0.999965
vn 0.008400 -0.000000 0.999965
vn 0.008400 -0.000000 0.999965
vn 0.008400 -0.000000 0.999965
vn 0.494921 -0.000000 0.868938
vn 0.570203 -0.000000 0.821504
vn 0.570203 -0.000000 0.821504
vn 0.494921 -0.000000 0.868938
vn 0.570203 -0.000000 0.821504
vn 0.641295 -0.000000 0.767294
vn 0.641295 -0.000000 0.767294
vn 0.767795 -0.000000 0.640696
vn 0.767795 -0.000000 0.640696
vn 0.821709 -0.000000 0.569907
vn 0.821709 -0.000000 0.569907
vn 0.868938 -0.000000 0.494922
vn 0.868938 -0.000000 0.494922
vn 0.821709 -0.000000 0.569907
vn 0.767795 -0.000000 0.640696
vn 0.641295 -0.000000 0.767294
vn -0.008400 0.000000 -0.999965
vn -0.008400 0.000000 -0.999965
vn -0.008400 0.000000 -0.999965
vn -0.008400 0.000000 -0.999965
vn 0.999965 0.000000 -0.008400
vn 0.999965 0.000000 -0.008400
vn 0.999965 0.000000 -0.008400
vn 0.999965 0.000000 -0.008400
vn 0.000000 -1.000000 -0.000000
vn 0.000000 -1.000000 -0.000000
vn 0.000000 -1.000000 -0.000000
vn 0.000000 -1.000000 -0.000000
vn 0.000000 -1.000000 -0.000000
vn 0.000000 -1.000000 -0.000000
vn 0.000000 -1.000000 -0.000000
vn 0.000000 -1.000000 -0.000000
vn 0.000000 -1.000000 -0.000000
vn 0.000000 -1.000000 -0.000000
vn 0.000000 -1.000000 -0.000000
vn 0.000000 -1.000000 -0.000000
vn 0.000000 -1.000000 -0.000000
vn 0.000000 -1.000000 -0.000000
vn 0.000000 -1.000000 -0.000000
vn 0.000000 -1.000000 -0.000000
vn 0.000000 -1.000000 -0.000000
vn 0.000000 -1.000000 -0.000000
vn 0.000000 -1.000000 -0.000000
vn 0.000000 -1.000000 -0.000000
vn 0.000000 -1.000000 -0.000000
vn 0.000000 -1.000000 -0.000000
vn 0.000000 -1.000000 -0.000000
vn 0.000000 -1.000000 -0.000000
vn 0.000000 -1.000000 -0.000000
vn 0.000000 -1.000000 -0.000000
vn 0.000000 -1.000000 -0.000000
vn 0.000000 -1.000000 -0.000000
vn 0.000000 -1.000000 -0.000000
vn 0.000000 -1.000000 -0.000000
vn 0.000000 -1.000000 -0.000000
vn 0.000000 -1.000000 -0.000000
vn 0.000000 -1.000000 -0.000000
vn 0.000000 -1.000000 -0.000000
vn 0.000000 -1.000000 -0.000000
vn 0.000000 -1.000000 -0.000000
vn 0.000000 -1.000000 -0.000000
vn 0.000000 -1.000000 -0.000000
vn 0.000000 -1.000000 -0.000000
vn 0.000000 -1.000000 -0.000000
vn 0.000000 -1.000000 -0.000000
vn 0.000000 -1.000000 -0.000000
vn 0.000000 -1.000000 -0.000000
vn 0.000000 -1.000000 -0.000000
vn 0.000000 -1.000000 -0.000000
vn 0.000000 -1.000000 -0.000000
vn 0.000000 -1.000000 -0.000000
vn 0.000000 -1.000000 -0.000000
vn 0.000000 -1.000000 -0.000000
vn 0.000000 -1.000000 -0.000000
vn 0.000000 -1.000000 -0.000000
vn 0.000000 -1.000000 -0.000000
vn 0.000000 -1.000000 -0.000000
vn 0.000000 -1.000000 -0.000000
vn 0.000000 -1.000000 -0.000000
vn 0.000000 -1.000000 -0.000000
vn 0.000000 -1.000000 -0.000000
vn 0.000000 -1.000000 -0.000000
vn 0.000000 -1.000000 -0.000000
vn 0.000000 -1.000000 -0.000000
vn 0.000000 -1.000000 -0.000000
vn 0.000000 -1.000000 -0.000000
vn 0.000000 -1.000000 -0.000000
vn 0.000000 -1.000000 -0.000000
vn 0.000000 -1.000000 -0.000000
vn 0.000000 -1.000000 -0.000000
vn 0.000000 -1.000000 -0.000000
vn 0.000000 -1.000000 -0.000000
vn 0.000000 -1.000000 -0.000000
vn 0.000000 -1.000000 -0.000000
vn 0.000000 -1.000000 -0.000000
vn 0.000000 -1.000000 -0.000000
vn 0.000000 -1.000000 -0.000000
vn 0.000000 -1.000000 -0.000000
vn 0.000000 -1.000000 -0.000000
vn 0.000000 -1.000000 -0.000000
vn 0.000000 -1.000000 -0.000000
vn 0.000000 -1.000000 -0.000000
vn 0.000000 -1.000000 -0.000000
vn 0.000000 -1.000000 -0.000000
vn 0.000000 -1.000000 -0.000000
vn 0.000000 -1.000000 -0.000000
vn 0.000000 -1.000000 -0.000000
vn 0.000000 -1.000000 -0.000000
vn 0.000000 -1.000000 -0.000000
vn 0.000000 -1.000000 -0.000000
vn 0.000000 -1.000000 -0.000000
vn 0.000000 -1.000000 -0.000000
vn 0.000000 -1.000000 -0.000000
vn 0.000000 -1.000000 -0.000000
vn 0.000000 -1.000000 -0.000000
vn 0.000000 -1.000000 -0.000000
vn 0.000000 -1.000000 -0.000000
vn 0.000000 -1.000000 -0.000000
vn 0.000000 -1.000000 -0.000000
vn 0.000000 -1.000000 -0.000000
vn 0.000000 -1.000000 -0.000000
vn 0.000000 -1.000000 -0.000000
vn 0.000000 -1.000000 -0.000000
vn 0.000000 -1.000000 -0.000000
vn 0.000000 -1.000000 -0.000000
vn 0.000000 -1.000000 -0.000000
vn 0.000000 -1.000000 -0.000000
vn 0.000000 -1.000000 -0.000000
vn 0.000000 -1.000000 -0.000000
vn 0.000000 -1.000000 -0.000000
vn 0.000000 -1.000000 -0.000000
vn 0.000000 -1.000000 -0.000000
vn 0.000000 -1.000000 -0.000000
vn 0.000000 -1.000000 -0.000000
vn 0.000000 -1.000000 -0.000000
vn 0.000000 -1.000000 -0.000000
vn 0.000000 -1.000000 -0.000000
vn 0.000000 -1.000000 -0.000000
vn 0.000000 -1.000000 -0.000000
vn 0.000000 -1.000000 -0.000000
vn 0.000000 -1.000000 -0.000000
vn 0.000000 -1.000000 -0.000000
vn 0.000000 -1.000000 -0.000000
vn 0.000000 -1.000000 -0.000000
vn 0.000000 -1.000000 -0.000000
vn 0.000000 -1.000000 -0.000000
vn 0.000000 -1.000000 -0.000000
vn 0.000000 -1.000000 -0.000000
vn 0.000000 -1.000000 -0.000000
vn 0.000000 -1.000000 -0.000000
vn 0.000000 -1.000000 -0.000000
vn 0.000000 -1.000000 -0.000000
vn 0.000000 -1.000000 -0.000000
vn 0.000000 -1.000000 -0.000000
vn 0.000000 -1.000000 -0.000000
vn 0.000000 -1.000000 -0.000000
vn 0.000000 -1.000000 -0.000000
vn 0.000000 -1.000000 -0.000000
vn 0.000000 -1.000000 -0.000000
vn 0.000000 -1.000000 -0.000000
vn 0.000000 -1.000000 -0.000000
vn 0.000000 -1.000000 -0.000000
vn 0.000000 -1.000000 -0.000000
vn 0.000000 -1.000000 -0.000000
vn 0.000000 -1.000000 -0.000000
vn 0.000000 -1.000000 -0.000000
vn 0.000000 -1.000000 -0.000000
vn 0.000000 -1.000000 -0.000000
vn 0.000000 -1.000000 -0.000000
vn 0.000000 -1.000000 -0.000000
vn 0.000000 -1.000000 -0.000000
vn 0.000000 -1.000000 -0.000000
vn 0.000000 -1.000000 -0.000000
vn 0.000000 -1.000000 -0.000000
vn 0.000000 -1.000000 -0.000000
vn 0.000000 -1.000000 -0.000000
vn 0.000000 -1.000000 -0.000000
vn 0.000000 -1.000000 -0.000000
vn 0.000000 -1.000000 -0.000000
vn 0.000000 -1.000000 -0.000000
vn 0.000000 -1.000000 -0.000000
vn 0.000000 -1.000000 -0.000000
vn 0.000000 -1.000000 -0.000000
vn 0.000000 -1.000000 -0.000000
vn 0.000000 -1.000000 -0.000000
vn 0.000000 -1.000000 -0.000000
vn 0.000000 -1.000000 -0.000000
vn 0.000000 -1.000000 -0.000000
vn 0.000000 -1.000000 -0.000000
vn 0.000000 -1.000000 -0.000000
vn 0.000000 -1.000000 -0.000000
vn 0.000000 -1.000000 -0.000000
vn 0.000000 -1.000000 -0.000000
vn 0.000000 -1.000000 -0.000000
vn 0.000000 -1.000000 -0.000000
vn 0.000000 -1.000000 -0.000000
vn 0.000000 -1.000000 -0.000000
vn 0.000000 -1.000000 -0.000000
vn 0.000000 -1.000000 -0.000000
vn 0.000000 -1.000000 -0.000000
vn 0.000000 -1.000000 -0.000000
vn 0.000000 -1.000000 -0.000000
vn 0.000000 -1.000000 -0.000000
vn 0.000000 -1.000000 -0.000000
vn 0.000000 -1.000000 -0.000000
vn 0.000000 -1.000000 -0.000000
vn 0.000000 -1.000000 -0.000000
vn 0.000000 -1.000000 -0.000000
vn 0.000000 -1.000000 -0.000000
vn 0.000000 -1.000000 -0.000000
vn 0.000000 -1.000000 -0.000000
vn 0.000000 -1.000000 -0.000000
vn 0.000000 -1.000000 -0.000000
vn 0.000000 -1.000000 -0.000000
vn 0.000000 -1.000000 -0.000000
vn 0.000000 -1.000000 -0.000000
vn 0.000000 -1.000000 -0.000000
vn 0.000000 -1.000000 -0.000000
vn 0.000000 -1.000000 -0.000000
vn 0.000000 -1.000000 -0.000000
vn 0.000000 -1.000000 -0.000000
vn 0.000000 -1.000000 -0.000000
vn 0.000000 -1.000000 -0.000000
vn 0.000000 -1.000000 -0.000000
vn 0.000000 -1.000000 -0.000000
vn 0.000000 -1.000000 -0.000000
vn 0.000000 -1.000000 -0.000000
vn 0.000000 -1.000000 -0.000000
vn 0.000000 -1.000000 -0.000000
vn 0.000000 -1.000000 -0.000000
vn 0.000000 -1.000000 -0.000000
vn 0.000000 -1.000000 -0.000000
vn 0.000000 -1.000000 -0.000000
vn 0.000000 -1.000000 -0.000000
vn 0.000000 -1.000000 -0.000000
vn 0.000000 -1.000000 -0.000000
vn 0.000000 -1.000000 -0.000000
vn 0.000000 -1.000000 -0.000000
vn 0.000000 -1.000000 -0.000000
vn 0.000000 -1.000000 -0.000000
vn 0.000000 -1.000000 -0.000000
vn 0.000000 -1.000000 -0.000000
vn 0.000000 -1.000000 -0.000000
vn 0.000000 -1.000000 -0.000000
vn 0.000000 -1.000000 -0.000000
vn 0.000000 -1.000000 -0.000000
vn 0.000000 -1.000000 -0.000000
vn 0.000000 -1.000000 -0.000000
vn 0.000000 -1.000000 -0.000000
vn 0.000000 -1.000000 -0.000000
vn 0.000000 -1.000000 -0.000000
vn 0.000000 -1.000000 -0.000000
vn 0.000000 -1.000000 -0.000000
vn 0.000000 -1.000000 -0.000000
vn 0.000000 -1.000000 -0.000000
vn 0.000000 -1.000000 -0.000000
vn 0.000000 -1.000000 -0.000000
vn 0.000000 -1.000000 -0.000000
vn 0.000000 -1.000000 -0.000000
vn 0.000000 -1.000000 -0.000000
vn 0.000000 -1.000000 -0.000000
vn 0.000000 -1.000000 -0.000000
vn 0.000000 -1.000000 -0.000000
vn 0.000000 -1.000000 -0.000000
vn 0.000000 -1.000000 -0.000000
vn 0.000000 -1.000000 -0.000000
vn 0.000000 -1.000000 -0.000000
vn 0.000000 -1.000000 -0.000000
vn 0.000000 -1.000000 -0.000000
vn 0.000000 -1.000000 -0.000000
vn 0.000000 -1.000000 -0.000000
vn 0.000000 -1.000000 -0.000000
vn 0.000000 -1.000000 -0.000000
vn 0.000000 -1.000000 -0.000000
vn 0.000000 -1.000000 -0.000000
vn 0.000000 -1.000000 -0.000000
vn 0.000000 -1.000000 -0.000000
vn 0.000000 -1.000000 -0.000000
vn 0.000000 -1.000000 -0.000000
vn 0.000000 -1.000000 -0.000000
vn 0.000000 -1.000000 -0.000000
vn 0.000000 -1.000000 -0.000000
vn 0.000000 -1.000000 -0.000000
vn 0.000000 -1.000000 -0.000000
vn 0.000000 -1.000000 -0.000000
vn 0.000000 -1.000000 -0.000000
vn 0.000000 -1.000000 -0.000000
vn 0.000000 -1.000000 -0.000000
vn 0.000000 -1.000000 -0.000000
vn 0.000000 -1.000000 -0.000000
vn 0.000000 -1.000000 -0.000000
vn 0.000000 -1.000000 -0.000000
vn 0.000000 -1.000000 -0.000000
vn 0.000000 -1.000000 -0.000000
vn 0.000000 -1.000000 -0.000000
vn 0.000000 -1.000000 -0.000000
vn 0.000000 -1.000000 -0.000000
vn 0.000000 -1.000000 -0.000000
vn 0.000000 -1.000000 -0.000000
vn 0.000000 -1.000000 -0.000000
vn 0.000000 -1.000000 -0.000000
vn 0.000000 -1.000000 -0.000000
vn 0.000000 -1.000000 -0.000000
vn 0.000000 -1.000000 -0.000000
vn 0.000000 -1.000000 -0.000000
vn 0.000000 -1.000000 -0.000000
vn 0.000000 -1.000000 -0.000000
vn 0.000000 -1.000000 -0.000000
vn 0.000000 -1.000000 -0.000000
vn 0.000000 -1.000000 -0.000000
vn 0.000000 -1.000000 -0.000000
vn 0.000000 -1.000000 -0.000000
vn 0.000000 -1.000000 -0.000000
vn 0.000000 -1.000000 -0.000000
vn 0.000000 -1.000000 -0.000000
vn 0.000000 -1.000000 -0.000000
vn 0.000000 -1.000000 -0.000000
vn 0.000000 -1.000000 -0.000000
vn 0.000000 -1.000000 -0.000000
vn 0.000000 -1.000000 -0.000000
vn 0.000000 -1.000000 -0.000000
vn 0.000000 -1.000000 -0.000000
vn 0.000000 -1.000000 -0.000000
vn 0.000000 -1.000000 -0.000000
vn 0.000000 -1.000000 -0.000000
vn 0.000000 -1.000000 -0.000000
vn 0.000000 -1.000000 -0.000000
vn 0.000000 -1.000000 -0.000000
vn 0.000000 -1.000000 -0.000000
vn 0.000000 -1.000000 -0.000000
vn 0.000000 -1.000000 -0.000000
vn 0.000000 -1.000000 -0.000000
vn 0.000000 -1.000000 -0.000000
vn 0.000000 -1.000000 -0.000000
vn 0.000000 -1.000000 -0.000000
vn 0.000000 -1.000000 -0.000000
vn 0.000000 -1.000000 -0.000000
vn 0.000000 -1.000000 -0.000000
vn 0.000000 -1.000000 -0.000000
vn 0.000000 -1.000000 -0.000000
vn 0.000000 -1.000000 -0.000000
vn 0.000000 -1.000000 -0.000000
vn 0.000000 -1.000000 -0.000000
vn 0.000000 -1.000000 -0.000000
vn 0.000000 -1.000000 -0.000000
vn 0.000000 -1.000000 -0.000000
vn 0.000000 -1.000000 -0.000000
vn 0.000000 -1.000000 -0.000000
vn 0.000000 -1.000000 -0.000000
vn 0.000000 -1.000000 -0.000000
vn 0.000000 -1.000000 -0.000000
vn 0.000000 -1.000000 -0.000000
vn 0.000000 -1.000000 -0.000000
vn 0.000000 -1.000000 -0.000000
vn 0.000000 -1.000000 -0.000000
vn 0.000000 -1.000000 -0.000000
vn 0.000000 -1.000000 -0.000000
vn 0.000000 -1.000000 -0.000000
vn 0.000000 -1.000000 -0.000000
vn 0.000000 -1.000000 -0.000000
vn 0.000000 -1.000000 -0.000000
vn 0.000000 -1.000000 -0.000000
vn 0.000000 -1.000000 -0.000000
vn 0.000000 -1.000000 -0.000000
vn 0.000000 -1.000000 -0.000000
vn 0.000000 -1.000000 -0.000000
vn 0.000000 -1.000000 -0.000000
vn 0.000000 -1.000000 -0.000000
vn 0.000000 -1.000000 -0.000000
vn 0.000000 -1.000000 -0.000000
vn 0.000000 -1.000000 -0.000000
vn 0.000000 -1.000000 -0.000000
vn 0.000000 -1.000000 -0.000000
vn 0.000000 -1.000000 -0.000000
vn 0.000000 -1.000000 -0.000000
vn 0.000000 -1.000000 -0.000000
vn 0.000000 -1.000000 -0.000000
vn 0.000000 -1.000000 -0.000000
vn 0.000000 -1.000000 -0.000000
vn 0.000000 -1.000000 -0.000000
vn 0.000000 -1.000000 -0.000000
vn 0.000000 -1.000000 -0.000000
vn 0.000000 -1.000000 -0.000000
vn 0.000000 -1.000000 -0.000000
vn 0.000000 -1.000000 -0.000000
vn 0.000000 -1.000000 -0.000000
vn 0.000000 -1.000000 -0.000000
vn 0.000000 -1.000000 -0.000000
vn 0.000000 -1.000000 -0.000000
vn 0.000000 -1.000000 -0.000000
vn 0.000000 -1.000000 -0.000000
vn 0.000000 -1.000000 -0.000000
vn 0.000000 -1.000000 -0.000000
vn 0.000000 -1.000000 -0.000000
vn 0.000000 -1.000000 -0.000000
vn 0.000000 -1.000000 -0.000000
vn 0.000000 -1.000000 -0.000000
vn 0.000000 -1.000000 -0.000000
vn 0.000000 -1.000000 -0.000000
vn 0.000000 -1.000000 -0.000000
vn 0.000000 -1.000000 -0.000000
vn 0.000000 -1.000000 -0.000000
vn 0.000000 -1.000000 -0.000000
vn 0.000000 -1.000000 -0.000000
vn 0.000000 -1.000000 -0.000000
vn 0.000000 -1.000000 -0.000000
vn 0.000000 -1.000000 -0.000000
vn 0.000000 -1.000000 -0.000000
vn 0.000000 -1.000000 -0.000000
vn 0.000000 -1.000000 -0.000000
vn 0.000000 -1.000000 -0.000000
vn 0.000000 -1.000000 -0.000000
vn 0.000000 -1.000000 -0.000000
vn 0.000000 -1.000000 -0.000000
vn 0.000000 -1.000000 -0.000000
vn 0.000000 -1.000000 -0.000000
vn 0.000000 -1.000000 -0.000000
vn 0.000000 -1.000000 -0.000000
vn 0.000000 -1.000000 -0.000000
vn 0.000000 -1.000000 -0.000000
vn 0.000000 -1.000000 -0.000000
vn 0.000000 -1.000000 -0.000000
vn 0.000000 -1.000000 -0.000000
vn 0.000000 -1.000000 -0.000000
vn 0.000000 -1.000000 -0.000000
vn 0.000000 -1.000000 -0.000000
vn 0.000000 -1.000000 -0.000000
vn 0.000000 -1.000000 -0.000000
vn 0.000000 -1.000000 -0.000000
vn 0.000000 -1.000000 -0.000000
vn 0.000000 -1.000000 -0.000000
vn 0.000000 -1.000000 -0.000000
vn 0.000000 -1.000000 -0.000000
vn 0.000000 -1.000000 -0.000000
vn 0.000000 -1.000000 -0.000000
vn 0.000000 -1.000000 -0.000000
vn 0.000000 -1.000000 -0.000000
vn 0.000000 -1.000000 -0.000000
vn 0.000000 -1.000000 -0.000000
vn 0.000000 -1.000000 -0.000000
vn 0.000000 -1.000000 -0.000000
vn 0.000000 -1.000000 -0.000000
vn 0.000000 -1.000000 -0.000000
vn 0.000000 -1.000000 -0.000000
vn 0.000000 -1.000000 -0.000000
vn 0.000000 -1.000000 -0.000000
vn 0.000000 -1.000000 -0.000000
vn 0.000000 -1.000000 -0.000000
vn 0.000000 -1.000000 -0.000000
vn 0.000000 -1.000000 -0.000000
vn 0.000000 -1.000000 -0.000000
vn 0.000000 -1.000000 -0.000000
vn 0.000000 -1.000000 -0.000000
vn 0.000000 -1.000000 -0.000000
vn 0.000000 -1.000000 -0.000000
vn 0.000000 -1.000000 -0.000000
vn 0.000000 -1.000000 -0.000000
vn 0.000000 -1.000000 -0.000000
vn 0.000000 -1.000000 -0.000000
vn 0.000000 -1.000000 -0.000000
vn 0.000000 -1.000000 -0.000000
vn 0.000000 -1.000000 -0.000000
vn 0.000000 -1.000000 -0.000000
vn 0.000000 -1.000000 -0.000000
vn 0.000000 -1.000000 -0.000000
vn 0.000000 -1.000000 -0.000000
vn 0.000000 -1.000000 -0.000000
vn 0.000000 -1.000000 -0.000000
f 1//1 3//3 2//2
f 1//1 4//4 3//3
f 3//3 4//4 5//5
f 5//5 4//4 6//6
f 7//7 8//8 6//6
f 5//5 6//6 8//8
f 7//7 9//9 8//8
f 12//12 10//10 9//9
f 11//11 9//9 7//7
f 9//9 11//11 12//12
f 12//12 13//13 10//10
f 13//13 14//14 10//10
f 15//15 14//14 13//13
f 15//15 16//16 19//19
f 16//16 15//15 17//17
f 18//18 14//14 15//15
f 15//15 19//19 18//18
f 17//17 20//20 16//16
f 20//20 17//17 21//21
f 22//22 24//24 21//21
f 22//22 21//21 23//23
f 20//20 21//21 24//24
f 24//24 22//22 25//25
f 25//25 27//27 26//26
f 27//27 25//25 22//22
f 26//26 27//27 28//28
f 28//28 27//27 29//29
f 32//32 29//29 30//30
f 31//31 28//28 29//29
f 31//31 29//29 32//32
f 32//32 37//37 31//31
f 32//32 35//35 33//33
f 32//32 33//33 34//34
f 35//35 32//32 30//30
f 37//37 32//32 36//36
f 38//38 37//37 39//39
f 37//37 36//36 39//39
f 38//38 39//39 40//40
f 41//41 40//40 39//39
f 40//40 41//41 42//42
f 43//43 40//40 42//42
f 44//44 45//45 43//43
f 46//46 43//43 45//45
f 40//40 43//43 46//46
f 47//47 46//46 48//48
f 48//48 46//46 49//49
f 46//46 50//50 49//49
f 46//46 45//45 50//50
f 48//48 49//49 51//51
f 52//52 47//47 48//48
f 52//52 53//53 47//47
f 53//53 55//55 47//47
f 53//53 54//54 55//55
f 55//55 54//54 56//56
f 57//57 47//47 55//55
f 57//57 58//58 47//47
f 58//58 57//57 59//59
f 61//61 60//60 56//56
f 54//54 62//62 56//56
f 61//61 56//56 62//62
f 61//61 63//63 60//60
f 61//61 64//64 63//63
f 61//61 65//65 64//64
f 65//65 61//61 66//66
f 65//65 67//67 68//68
f 65//65 68//68 64//64
f 35//35 68//68 67//67
f 35//35 67//67 33//33
f 70//70 69//69 63//63
f 60//60 63//63 69//69
f 73//73 71//71 70//70
f 69//69 70//70 71//71
f 70//70 72//72 73//73
f 73//73 72//72 74//74
f 74//74 75//75 76//76
f 74//74 72//72 75//75
f 76//76 75//75 77//77
f 78//78 76//76 77//77
f 77//77 80//80 78//78
f 80//80 79//79 78//78
f 79//79 80//80 81//81
f 81//81 80//80 82//82
f 83//83 82//82 80//80
f 84//84 82//82 83//83
f 83//83 85//85 84//84
f 87//87 84//84 85//85
f 86//86 87//87 85//85
f 86//86 88//88 87//87
f 89//89 87//87 88//88
f 90//90 89//89 88//88
f 90//90 91//91 89//89
f 90//90 92//92 91//91
f 93//93 91//91 92//92
f 92//92 94//94 93//93
f 96//96 93//93 94//94
f 93//93 96//96 95//95
f 97//97 95//95 96//96
f 97//97 96//96 98//98
f 2//2 97//97 99//99
f 2//2 95//95 97//97
f 3//3 95//95 2//2
f 100//100 75//75 72//72
f 102//102 101//101 100//100
f 100//100 72//72 102//102
f 103//103 102//102 105//105
f 103//103 104//104 102//102
f 102//102 106//106 105//105
f 106//106 102//102 107//107
f 102//102 72//72 107//107
f 110//110 108//108 107//107
f 108//108 106//106 107//107
f 109//109 110//110 107//107
f 112//112 105//105 111//111
f 114//114 111//111 105//105
f 103//103 105//105 112//112
f 114//114 105//105 113//113
f 114//114 113//113 115//115
f 115//115 113//113 116//116
f 116//116 118//118 117//117
f 113//113 118//118 116//116
f 117//117 118//118 119//119
f 118//118 120//120 119//119
f 121//121 119//119 120//120
f 119//119 121//121 122//122
f 121//121 124//124 122//122
f 121//121 123//123 124//124
f 125//125 124//124 123//123
f 126//126 125//125 128//128
f 126//126 127//127 125//125
f 125//125 123//123 128//128
f 126//126 128//128 129//129
f 126//126 129//129 132//132
f 130//130 131//131 129//129
f 129//129 131//131 132//132
f 126//126 132//132 133//133
f 133//133 134//134 126//126
f 134//134 133//133 135//135
f 136//136 135//135 133//133
f 135//135 136//136 137//137
f 137//137 136//136 139//139
f 138//138 139//139 136//136
f 139//139 138//138 140//140
f 140//140 141//141 139//139
f 144//144 139//139 142//142
f 142//142 139//139 143//143
f 137//137 139//139 144//144
f 143//143 145//145 142//142
f 145//145 143//143 146//146
f 149//149 146//146 143//143
f 147//147 149//149 143//143
f 147//147 143//143 148//148
f 149//149 147//147 150//150
f 152//152 147//147 148//148
f 155//155 151//151 148//148
f 151//151 152//152 148//148
f 153//153 154//154 148//148
f 154//154 155//155 148//148
f 155//155 154//154 156//156
f 156//156 157//157 155//155
f 119//119 157//157 156//156
f 117//117 119//119 156//156
f 153//153 158//158 154//154
f 158//158 159//159 154//154
f 160//160 142//142 145//145
f 131//131 130//130 161//161
f 162//162 161//161 130//130
f 164//164 163//163 162//162
f 130//130 164//164 162//162
f 164//164 168//168 165//165
f 164//164 165//165 166//166
f 164//164 167//167 163//163
f 167//167 164//164 166//166
f 169//169 165//165 168//168
f 168//168 171//171 169//169
f 170//170 171//171 168//168
f 170//170 172//172 171//171
f 173//173 165//165 169//169
f 178//178 165//165 173//173
f 173//173 176//176 174//174
f 175//175 173//173 174//174
f 175//175 177//177 173//173
f 177//177 178//178 173//173
f 165//165 178//178 179//179
f 181//181 180//180 177//177
f 181//181 177//177 175//175
f 181//181 182//182 180//180
f 183//183 180//180 182//182
f 183//183 182//182 184//184
f 183//183 184//184 185//185
f 185//185 186//186 183//183
f 187//187 188//188 186//186
f 188//188 183//183 186//186
f 189//189 188//188 187//187
f 190//190 189//189 191//191
f 189//189 187//187 191//191
f 193//193 192//192 191//191
f 192//192 190//190 191//191
f 193//193 195//195 192//192
f 194//194 195//195 193//193
f 194//194 196//196 195//195
f 196//196 198//198 197//197
f 198//198 196//196 194//194
f 199//199 200//200 198//198
f 198//198 200//200 197//197
f 202//202 200//200 201//201
f 201//201 200//200 199//199
f 203//203 204//204 201//201
f 199//199 203//203 201//201
f 199//199 205//205 203//203
f 206//206 203//203 205//205
f 205//205 207//207 206//206
f 207//207 209//209 208//208
f 205//205 209//209 207//207
f 209//209 210//210 208//208
f 212//212 211//211 210//210
f 211//211 208//208 210//210
f 213//213 212//212 215//215
f 213//213 214//214 212//212
f 214//214 211//211 212//212
f 217//217 215//215 216//216
f 213//213 215//215 217//217
f 218//218 217//217 216//216
f 219//219 218//218 216//216
f 219//219 220//220 218//218
f 221//221 218//218 220//220
f 222//222 218//218 221//221
f 222//222 224//224 223//223
f 221//221 224//224 222//222
f 223//223 224//224 225//225
f 223//223 225//225 226//226
f 226//226 225//225 227//227
f 227//227 228//228 226//226
f 229//229 228//228 227//227
f 230//230 228//228 229//229
f 230//230 231//231 228//228
f 230//230 232//232 231//231
f 231//231 232//232 233//233
f 232//232 234//234 233//233
f 233//233 234//234 235//235
f 234//234 236//236 235//235
f 234//234 237//237 236//236
f 236//236 237//237 238//238
f 240//240 238//238 237//237
f 237//237 241//241 239//239
f 239//239 240//240 237//237
f 239//239 241//241 242//242
f 240//240 243//243 245//245
f 243//243 240//240 244//244
f 240//240 245//245 238//238
f 246//246 249//249 244//244
f 244//244 247//247 246//246
f 244//244 248//248 250//250
f 248//248 244//244 249//249
f 244//244 250//250 243//243
f 250//250 251//251 243//243
f 249//249 246//246 252//252
f 253//253 254//254 247//247
f 255//255 247//247 254//254
f 255//255 258//258 247//247
f 256//256 247//247 257//257
f 256//256 246//246 247//247
f 257//257 247//247 258//258
f 258//258 260//260 259//259
f 260//260 258//258 255//255
f 259//259 260//260 261//261
f 261//261 260//260 262//262
f 264//264 261//261 262//262
f 263//263 264//264 262//262
f 261//261 264//264 265//265
f 264//264 263//263 176//176
f 261//261 265//265 266//266
f 266//266 269//269 261//261
f 267//267 268//268 266//266
f 269//269 266//266 268//268
f 269//269 270//270 261//261
f 267//267 271//271 268//268
f 271//271 273//273 233//233
f 233//233 272//272 271//271
f 267//267 273//273 271//271
f 273//273 231//231 233//233
f 263//263 274//274 176//176
f 174//174 176//176 274//274
f 255//255 254//254 275//275
f 277//277 226//226 276//276
f 226//226 277//277 278//278
f 278//278 223//223 226//226
f 278//278 277//277 279//279
f 280//280 281//281 277//277
f 277//277 283//283 280//280
f 276//276 282//282 277//277
f 277//277 282//282 283//283
f 285//285 284//284 283//283
f 280//280 283//283 284//284
f 286//286 285//285 283//283
f 286//286 283//283 287//287
f 288//288 289//289 287//287
f 289//289 290//290 287//287
f 290//290 286//286 287//287
f 291//291 289//289 288//288
f 293//293 292//292 291//291
f 293//293 291//291 288//288
f 298//298 292//292 293//293
f 294//294 295//295 293//293
f 296//296 294//294 293//293
f 293//293 297//297 296//296
f 293//293 288//288 297//297
f 299//299 292//292 298//298
f 300//300 302//302 299//299
f 302//302 301//301 299//299
f 301//301 292//292 299//299
f 307//307 303//303 302//302
f 306//306 302//302 300//300
f 304//304 302//302 305//305
f 304//304 301//301 302//302
f 307//307 302//302 306//306
f 308//308 307//307 309//309
f 308//308 303//303 307//307
f 308//308 310//310 303//303
f 303//303 310//310 311//311
f 311//311 312//312 303//303
f 312//312 311//311 313//313
f 312//312 314//314 315//315
f 303//303 312//312 315//315
f 315//315 319//319 316//316
f 316//316 317//317 315//315
f 318//318 315//315 317//317
f 319//319 315//315 314//314
f 316//316 319//319 320//320
f 316//316 320//320 322//322
f 320//320 321//321 322//322
f 324//324 323//323 322//322
f 321//321 324//324 322//322
f 327//327 325//325 324//324
f 325//325 326//326 324//324
f 326//326 323//323 324//324
f 328//328 327//327 324//324
f 325//325 327//327 329//329
f 330//330 329//329 327//327
f 296//296 330//330 294//294
f 296//296 329//329 330//330
f 331//331 323//323 326//326
f 332//332 331//331 326//326
f 333//333 334//334 332//332
f 335//335 333//333 332//332
f 334//334 331//331 332//332
f 339//339 335//335 336//336
f 338//338 335//335 337//337
f 337//337 335//335 340//340
f 338//338 333//333 335//335
f 339//339 340//340 335//335
f 340//340 339//339 341//341
f 339//339 23//23 342//342
f 22//22 23//23 339//339
f 343//343 22//22 339//339
f 336//336 343//343 339//339
f 343//343 336//336 344//344
f 336//336 345//345 344//344
f 344//344 345//345 346//346
f 338//338 337//337 347//347
f 347//347 337//337 349//349
f 349//349 348//348 347//347
f 348//348 349//349 350//350
f 350//350 351//351 354//354
f 351//351 350//350 352//352
f 350//350 353//353 348//348
f 350//350 354//354 353//353
f 352//352 355//355 351//351
f 356//356 355//355 352//352
f 356//356 357//357 355//355
f 357//357 356//356 358//358
f 358//358 359//359 357//357
f 360//360 357//357 359//359
f 359//359 361//361 360//360
f 361//361 363//363 362//362
f 362//362 360//360 361//361
f 364//364 363//363 365//365
f 364//364 362//362 363//363
f 364//364 365//365 366//366
f 369//369 366//366 367//367
f 367//367 366//366 368//368
f 364//364 366//366 369//369
f 371//371 369//369 367//367
f 369//369 371//371 370//370
f 372//372 371//371 367//367
f 370//370 371//371 373//373
f 370//370 373//373 374//374
f 370//370 374//374 375//375
f 374//374 376//376 375//375
f 376//376 377//377 375//375
f 377//377 376//376 378//378
f 378//378 379//379 377//377
f 380//380 379//379 378//378
f 380//380 381//381 379//379
f 381//381 382//382 379//379
f 382//382 381//381 383//383
f 384//384 385//385 383//383
f 383//383 385//385 382//382
f 385//385 384//384 386//386
f 387//387 386//386 384//384
f 384//384 388//388 387//387
f 390//390 389//389 388//388
f 390//390 388//388 384//384
f 389//389 390//390 284//284
f 285//285 389//389 284//284
f 391//391 317//317 316//316
f 304//304 392//392 301//301
f 393//393 282//282 276//276
f 282//282 393//393 394//394
f 395//395 393//393 276//276
f 167//167 396//396 163//163
f 396//396 167//167 397//397
f 396//396 397//397 398//398
f 399//399 398//398 397//397
f 399//399 400//400 398//398
f 399//399 401//401 400//400
f 401//401 399//399 402//402
f 399//399 403//403 402//402
f 404//404 405//405 403//403
f 405//405 402//402 403//403
f 406//406 405//405 404//404
f 404//404 407//407 406//406
f 408//408 406//406 407//407
f 406//406 408//408 409//409
f 409//409 411//411 410//410
f 408//408 411//411 409//409
f 410//410 411//411 412//412
f 412//412 413//413 410//410
f 412//412 414//414 413//413
f 413//413 414//414 415//415
f 416//416 415//415 418//418
f 416//416 417//417 415//415
f 415//415 417//417 413//413
f 419//419 417//417 416//416
f 420//420 417//417 419//419
f 421//421 420//420 419//419
f 422//422 420//420 421//421
f 420//420 422//422 423//423
f 423//423 422//422 425//425
f 423//423 425//425 424//424
f 425//425 426//426 424//424
f 426//426 427//427 424//424
f 426//426 428//428 427//427
f 428//428 429//429 427//427
f 427//427 429//429 430//430
f 431//431 430//430 429//429
f 432//432 430//430 431//431
f 432//432 431//431 433//433
f 433//433 436//436 432//432
f 434//434 433//433 437//437
f 434//434 435//435 433//433
f 436//436 433//433 435//435
f 434//434 437//437 438//438
f 437//437 112//112 438//438
f 112//112 111//111 438//438
f 439//439 419//419 416//416
f 440//440 166//166 165//165
f 119//119 122//122 441//441
f 40//40 442//442 38//38
f 443//443 442//442 40//40
f 444//444 38//38 442//442
f 446//446 445//445 447//447
f 446//446 447//447 448//448
f 450//450 452//452 451//451
f 450//450 451//451 449//449
f 453//453 452//452 450//450
f 453//453 450//450 454//454
f 455//455 453//453 454//454
f 455//455 454//454 456//456
f 458//458 457//457 455//455
f 458//458 455//455 456//456
f 460//460 459//459 461//461
f 460//460 461//461 462//462
f 464//464 466//466 465//465
f 464//464 465//465 463//463
f 467//467 466//466 464//464
f 467//467 464//464 468//468
f 469//469 467//467 468//468
f 469//469 468//468 470//470
f 472//472 471//471 469//469
f 472//472 469//469 470//470
f 474//474 473//473 475//475
f 474//474 475//475 476//476
f 478//478 480//480 479//479
f 478//478 479//479 477//477
f 481//481 480//480 478//478
f 481//481 478//478 482//482
f 483//483 481//481 482//482
f 483//483 482//482 484//484
f 486//486 485//485 483//483
f 486//486 483//483 484//484
f 488//488 487//487 489//489
f 488//488 489//489 490//490
f 492//492 494//494 493//493
f 492//492 493//493 491//491
f 495//495 494//494 492//492
f 495//495 492//492 496//496
f 497//497 495//495 496//496
f 497//497 496//496 498//498
f 500//500 499//499 497//497
f 500//500 497//497 498//498
f 502//502 501//501 503//503
f 502//502 503//503 504//504
f 506//506 508//508 507//507
f 506//506 507//507 505//505
f 509//509 508//508 506//506
f 509//509 506//506 510//510
f 511//511 509//509 510//510
f 511//511 510//510 512//512
f 514//514 513//513 511//511
f 514//514 511//511 512//512
f 516//516 515//515 517//517
f 516//516 517//517 518//518
f 520//520 522//522 521//521
f 520//520 521//521 519//519
f 523//523 522//522 520//520
f 523//523 520//520 524//524
f 525//525 523//523 524//524
f 525//525 524//524 526//526
f 528//528 527//527 525//525
f 528//528 525//525 526//526
f 530//530 529//529 531//531
f 530//530 531//531 532//532
f 534//534 536//536 535//535
f 534//534 535//535 533//533
f 537//537 536//536 534//534
f 537//537 534//534 538//538
f 539//539 537//537 538//538
f 539//539 538//538 540//540
f 542//542 541//541 539//539
f 542//542 539//539 540//540
f 544//544 543//543 545//545
f 544//544 545//545 546//546
f 548//548 550//550 549//549
f 548//548 549//549 547//547
f 551//551 550//550 548//548
f 551//551 548//548 552//552
f 553//553 551//551 552//552
f 553//553 552//552 554//554
f 556//556 555//555 553//553
f 556//556 553//553 554//554
f 558//558 557//557 559//559
f 558//558 559//559 560//560
f 562//562 564//564 563//563
f 562//562 563//563 561//561
f 565//565 564//564 562//562
f 565//565 562//562 566//566
f 567//567 565//565 566//566
f 567//567 566//566 568//568
f 570//570 569//569 567//567
f 570//570 567//567 568//568
f 572//572 571//571 573//573
f 572//572 573//573 574//574
f 576//576 578//578 577//577
f 576//576 577//577 575//575
f 579//579 578//578 576//576
f 579//579 576//576 580//580
f 581//581 579//579 580//580
f 581//581 580//580 582//582
f 584//584 583//583 581//581
f 584//584 581//581 582//582
f 586//586 585//585 587//587
f 586//586 587//587 588//588
f 590//590 592//592 591//591
f 590//590 591//591 589//589
f 593//593 592//592 590//590
f 593//593 590//590 594//594
f 595//595 593//593 594//594
f 595//595 594//594 596//596
f 598//598 597//597 595//595
f 598//598 595//595 596//596
f 600//600 599//599 601//601
f 600//600 601//601 602//602
f 604//604 606//606 605//605
f 604//604 605//605 603//603
f 607//607 606//606 604//604
f 607//607 604//604 608//608
f 609//609 607//607 608//608
f 609//609 608//608 610//610
f 612//612 611//611 609//609
f 612//612 609//609 610//610
f 614//614 615//615 613//613
f 617//617 616//616 615//615
f 615//615 614//614 617//617
f 619//619 618//618 617//617
f 619//619 617//617 614//614
f 621//621 620//620 622//622
f 621//621 622//622 623//623
f 625//625 627//627 626//626
f 625//625 626//626 624//624
f 628//628 627//627 625//625
f 628//628 625//625 629//629
f 630//630 628//628 629//629
f 630//630 629//629 631//631
f 632//632 630//630 631//631
f 632//632 631//631 634//634
f 635//635 633//633 632//632
f 635//635 632//632 634//634
f 637//637 636//636 638//638
f 637//637 638//638 639//639
f 641//641 643//643 642//642
f 641//641 642//642 640//640
f 644//644 643//643 641//641
f 644//644 641//641 645//645
f 646//646 644//644 645//645
f 646//646 645//645 647//647
f 649//649 648//648 646//646
f 649//649 646//646 647//647
f 651//651 650//650 652//652
f 651//651 652//652 653//653
f 655//655 657//657 656//656
f 655//655 656//656 654//654
f 658//658 657//657 655//655
f 658//658 655//655 659//659
f 660//660 658//658 659//659
f 660//660 659//659 661//661
f 662//662 660//660 661//661
f 662//662 661//661 663//663
f 665//665 664//664 662//662
f 665//665 662//662 663//663
f 667//667 666//666 668//668
f 667//667 668//668 669//669
f 670//670 671//671 669//669
f 670//670 669//669 668//668
f 673//673 672//672 674//674
f 673//673 674//674 675//675
f 675//675 674//674 676//676
f 675//675 676//676 677//677
f 677//677 678//678 675//675
f 680//680 681//681 679//679
f 681//681 680//680 682//682
f 682//682 683//683 681//681
f 685//685 684//684 682//682
f 685//685 682//682 680//680
f 687//687 686//686 688//688
f 687//687 688//688 689//689
f 691//691 693//693 692//692
f 691//691 692//692 690//690
f 694//694 693//693 691//691
f 694//694 691//691 695//695
f 696//696 694//694 695//695
f 696//696 695//695 698//698
f 697//697 696//696 698//698
f 697//697 698//698 699//699
f 700//700 701//701 697//697
f 700//700 697//697 699//699
f 703//703 702//702 704//704
f 703//703 704//704 705//705
f 707//707 709//709 708//708
f 707//707 708//708 706//706
f 710//710 709//709 707//707
f 710//710 707//707 711//711
f 712//712 710//710 711//711
f 712//712 711//711 714//714
f 715//715 713//713 712//712
f 715//715 712//712 714//714
f 717//717 716//716 718//718
f 717//717 718//718 719//719
f 721//721 723//723 722//722
f 721//721 722//722 720//720
f 724//724 723//723 721//721
f 724//724 721//721 725//725
f 726//726 724//724 725//725
f 726//726 725//725 727//727
f 728//728 726//726 727//727
f 728//728 727//727 730//730
f 731//731 729//729 728//728
f 731//731 728//728 730//730
f 733//733 732//732 734//734
f 733//733 734//734 735//735
f 736//736 737//737 735//735
f 736//736 735//735 734//734
f 739//739 738//738 740//740
f 739//739 740//740 741//741
f 741//741 740//740 742//742
f 741//741 742//742 743//743
f 743//743 744//744 741//741
f 746//746 747//747 745//745
f 749//749 748//748 747//747
f 747//747 746//746 749//749
f 751//751 750//750 749//749
f 751//751 749//749 746//746
f 753//753 752//752 754//754
f 753//753 754//754 755//755
f 756//756 757//757 755//755
f 756//756 755//755 754//754
f 759//759 761//761 760//760
f 759//759 760//760 758//758
f 762//762 761//761 759//759
f 762//762 759//759 763//763
f 764//764 762//762 763//763
f 764//764 763//763 765//765
f 766//766 764//764 765//765
f 766//766 765//765 767//767
f 769//769 768//768 766//766
f 769//769 766//766 767//767
f 771//771 770//770 772//772
f 771//771 772//772 773//773
f 775//775 777//777 776//776
f 775//775 776//776 774//774
f 778//778 777//777 775//775
f 778//778 775//775 779//779
f 780//780 778//778 779//779
f 780//780 779//779 781//781
f 783//783 782//782 780//780
f 783//783 780//780 781//781
f 785//785 784//784 786//786
f 785//785 786//786 787//787
f 788//788 789//789 787//787
f 788//788 787//787 786//786
f 791//791 793//793 792//792
f 791//791 792//792 790//790
f 794//794 793//793 791//791
f 794//794 791//791 795//795
f 796//796 794//794 795//795
f 796//796 795//795 797//797
f 798//798 796//796 797//797
f 798//798 797//797 799//799
f 801//801 800//800 798//798
f 801//801 798//798 799//799
f 803//803 802//802 804//804
f 803//803 804//804 805//805
f 807//807 806//806 808//808
f 807//807 808//808 809//809
f 808//808 810//810 809//809
f 811//811 810//810 808//808
f 810//810 812//812 809//809
f 814//814 815//815 813//813
f 817//817 816//816 815//815
f 815//815 814//814 817//817
f 819//819 818//818 817//817
f 819//819 817//817 814//814
f 821//821 820//820 822//822
f 821//821 822//822 823//823
f 825//825 827//827 826//826
f 825//825 826//826 824//824
f 828//828 827//827 825//825
f 828//828 825//825 829//829
f 830//830 828//828 829//829
f 830//830 829//829 831//831
f 832//832 830//830 831//831
f 832//832 831//831 834//834
f 835//835 833//833 832//832
f 835//835 832//832 834//834
f 837//837 836//836 838//838
f 837//837 838//838 839//839
f 841//841 843//843 842//842
f 841//841 842//842 840//840
f 844//844 843//843 841//841
f 844//844 841//841 845//845
f 846//846 844//844 845//845
f 846//846 845//845 847//847
f 849//849 848//848 846//846
f 849//849 846//846 847//847
f 851//851 850//850 852//852
f 851//851 852//852 853//853
f 855//855 857//857 856//856
f 855//855 856//856 854//854
f 858//858 857//857 855//855
f 858//858 855//855 859//859
f 860//860 858//858 859//859
f 860//860 859//859 861//861
f 862//862 860//860 861//861
f 862//862 861//861 863//863
f 865//865 864//864 862//862
f 865//865 862//862 863//863
f 867//867 866//866 868//868
f 867//867 868//868 869//869
f 870//870 871//871 869//869
f 870//870 869//869 868//868
f 873//873 872//872 874//874
f 873//873 874//874 875//875
f 875//875 874//874 876//876
f 875//875 876//876 877//877
f 877//877 878//878 875//875
f 882//882 879//879 880//880
f 880//880 879//879 881//881
f 880//880 884//884 882//882
f 884//884 883//883 882//882
f 883//883 885//885 882//882
f 885//885 883//883 886//886
f 887//887 886//886 883//883
f 887//887 883//883 889//889
f 888//888 887//887 889//889
f 890//890 888//888 889//889
f 889//889 891//891 890//890
f 889//889 883//883 884//884
f 889//889 884//884 891//891
f 890//890 891//891 892//892
f 891//891 884//884 880//880
f 891//891 880//880 892//892
f 893//893 890//890 892//892
f 892//892 894//894 893//893
f 892//892 880//880 881//881
f 892//892 881//881 894//894
f 890//890 893//893 895//895
f 895//895 896//896 890//890
f 898//898 896//896 895//895
f 898//898 895//895 897//897
f 900//900 898//898 897//897
f 900//900 897//897 899//899
f 902//902 900//900 899//899
f 902//902 899//899 901//901
f 904//904 902//902 901//901
f 904//904 901//901 903//903
f 906//906 904//904 903//903
f 906//906 903//903 905//905
f 907//907 908//908 906//906
f 907//907 906//906 905//905
f 896//896 888//888 890//890
f 910//910 909//909 911//911
f 910//910 911//911 912//912
f 914//914 916//916 915//915
f 914//914 915//915 913//913
f 917//917 916//916 914//914
f 917//917 914//914 918//918
f 919//919 917//917 918//918
f 919//919 918//918 920//920
f 922//922 921//921 919//919
f 922//922 919//919 920//920
f 924//924 923//923 925//925
f 924//924 925//925 926//926
f 928//928 930//930 929//929
f 928//928 929//929 927//927
f 931//931 930//930 928//928
f 931//931 928//928 932//932
f 933//933 931//931 932//932
f 933//933 932//932 934//934
f 936//936 935//935 933//933
f 936//936 933//933 934//934
f 938//938 937//937 939//939
f 938//938 939//939 940//940
f 942//942 944//944 943//943
f 942//942 943//943 941//941
f 945//945 944//944 942//942
f 945//945 942//942 946//946
f 947//947 945//945 946//946
f 947//947 946//946 948//948
f 949//949 947//947 948//948
f 949//949 948//948 950//950
f 951//951 949//949 950//950
f 951//951 950//950 952//952
f 953//953 951//951 952//952
f 953//953 952//952 954//954
f 955//955 953//953 954//954
f 955//955 954//954 956//956
f 957//957 955//955 956//956
f 957//957 956//956 958//958
f 959//959 957//957 958//958
f 959//959 958//958 960//960
f 962//962 961//961 959//959
f 962//962 959//959 960//960
f 964//964 963//963 965//965
f 964//964 965//965 966//966
f 968//968 970//970 969//969
f 968//968 969//969 967//967
f 971//971 970//970 968//968
f 971//971 968//968 972//972
f 973//973 971//971 972//972
f 973//973 972//972 974//974
f 976//976 975//975 973//973
f 976//976 973//973 974//974
f 978//978 977//977 979//979
f 978//978 979//979 980//980
f 982//982 984//984 983//983
f 982//982 983//983 981//981
f 985//985 984//984 982//982
f 985//985 982//982 986//986
f 987//987 985//985 986//986
f 987//987 986//986 988//988
f 990//990 989//989 987//987
f 990//990 987//987 988//988
f 992//992 991//991 993//993
f 992//992 993//993 994//994
f 996//996 998//998 997//997
f 996//996 997//997 995//995
f 999//999 998//998 996//996
f 999//999 996//996 1000//1000
f 1001//1001 999//999 1000//1000
f 1001//1001 1000//1000 1002//1002
f 1002//1002 1004//1004 1001//1001
f 1003//1003 1001//1001 1004//1004
f 1004//1004 1002//1002 1005//1005
f 1009//1009 1006//1006 1007//1007
f 1009//1009 1007//1007 1011//1011
f 1007//1007 1006//1006 1008//1008
f 1012//1012 1010//1010 1009//1009
f 1011//1011 1012//1012 1009//1009
f 1013//1013 1012//1012 1011//1011
f 1013//1013 1011//1011 1035//1035
f 1015//1015 1014//1014 1012//1012
f 1015//1015 1012//1012 1013//1013
f 1010//1010 1012//1012 1014//1014
f 1016//1016 1015//1015 1013//1013
f 1017//1017 1016//1016 1013//1013
f 1018//1018 1016//1016 1017//1017
f 1020//1020 1018//1018 1019//1019
f 1020//1020 1019//1019 1021//1021
f 1019//1019 1018//1018 1017//1017
f 1022//1022 1020//1020 1021//1021
f 1022//1022 1021//1021 1023//1023
f 1024//1024 1022//1022 1023//1023
f 1024//1024 1023//1023 1026//1026
f 1025//1025 1024//1024 1026//1026
f 1025//1025 1026//1026 1027//1027
f 1029//1029 1025//1025 1027//1027
f 1029//1029 1027//1027 1028//1028
f 1030//1030 1031//1031 1029//1029
f 1030//1030 1029//1029 1028//1028
f 1017//1017 1032//1032 1019//1019
f 1032//1032 1017//1017 1033//1033
f 1033//1033 1034//1034 1032//1032
f 1033//1033 1007//1007 1008//1008
f 1033//1033 1008//1008 1034//1034
f 1035//1035 1011//1011 1007//1007
f 1035//1035 1007//1007 1033//1033
f 1017//1017 1035//1035 1033//1033
f 1013//1013 1035//1035 1017//1017
f 1037//1037 1036//1036 1038//1038
f 1037//1037 1038//1038 1039//1039
f 1041//1041 1043//1043 1042//1042
f 1041//1041 1042//1042 1040//1040
f 1044//1044 1043//1043 1041//1041
f 1044//1044 1041//1041 1045//1045
f 1046//1046 1044//1044 1045//1045
f 1046//1046 1045//1045 1047//1047
f 1049//1049 1048//1048 1046//1046
f 1049//1049 1046//1046 1047//1047
f 1051//1051 1050//1050 1052//1052
f 1051//1051 1052//1052 1053//1053
f 1055//1055 1057//1057 1056//1056
f 1055//1055 1056//1056 1054//1054
f 1058//1058 1057//1057 1055//1055
f 1058//1058 1055//1055 1059//1059
f 1060//1060 1058//1058 1059//1059
f 1060//1060 1059//1059 1061//1061
f 1063//1063 1062//1062 1060//1060
f 1063//1063 1060//1060 1061//1061
f 1065//1065 1064//1064 1066//1066
f 1065//1065 1066//1066 1067//1067
f 1069//1069 1071//1071 1070//1070
f 1069//1069 1070//1070 1068//1068
f 1072//1072 1071//1071 1069//1069
f 1072//1072 1069//1069 1074//1074
f 1073//1073 1072//1072 1074//1074
f 1073//1073 1074//1074 1075//1075
f 1077//1077 1073//1073 1075//1075
f 1077//1077 1075//1075 1076//1076
f 1079//1079 1077//1077 1076//1076
f 1079//1079 1076//1076 1078//1078
f 1081//1081 1079//1079 1078//1078
f 1081//1081 1078//1078 1080//1080
f 1083//1083 1081//1081 1080//1080
f 1083//1083 1080//1080 1082//1082
f 1085//1085 1083//1083 1082//1082
f 1085//1085 1082//1082 1084//1084
f 1087//1087 1085//1085 1084//1084
f 1087//1087 1084//1084 1086//1086
f 1088//1088 1089//1089 1087//1087
f 1088//1088 1087//1087 1086//1086
f 1091//1091 1090//1090 1092//1092
f 1091//1091 1092//1092 1093//1093
f 1095//1095 1097//1097 1096//1096
f 1095//1095 1096//1096 1094//1094
f 1098//1098 1097//1097 1095//1095
f 1098//1098 1095//1095 1099//1099
f 1100//1100 1098//1098 1099//1099
f 1100//1100 1099//1099 1101//1101
f 1103//1103 1102//1102 1100//1100
f 1103//1103 1100//1100 1101//1101
f 1105//1105 1104//1104 1106//1106
f 1105//1105 1106//1106 1107//1107
f 1109//1109 1111//1111 1110//1110
f 1109//1109 1110//1110 1108//1108
f 1112//1112 1111//1111 1109//1109
f 1112//1112 1109//1109 1114//1114
f 1113//1113 1112//1112 1114//1114
f 1113//1113 1114//1114 1115//1115
f 1116//1116 1117//1117 1113//1113
f 1116//1116 1113//1113 1115//1115
f 1119//1119 1118//1118 1120//1120
f 1119//1119 1120//1120 1121//1121
f 1123//1123 1125//1125 1124//1124
f 1123//1123 1124//1124 1122//1122
f 1126//1126 1125//1125 1123//1123
f 1126//1126 1123//1123 1127//1127
f 1128//1128 1126//1126 1127//1127
f 1128//1128 1127//1127 1131//1131
f 1129//1129 1128//1128 1130//1130
f 1131//1131 1130//1130 1128//1128
f 1130//1130 1131//1131 1132//1132
f 1136//1136 1133//1133 1134//1134
f 1134//1134 1133//1133 1135//1135
f 1138//1138 1137//1137 1136//1136
f 1134//1134 1139//1139 1136//1136
f 1139//1139 1138//1138 1136//1136
f 1140//1140 1139//1139 1134//1134
f 1140//1140 1134//1134 1142//1142
f 1141//1141 1138//1138 1139//1139
f 1141//1141 1139//1139 1140//1140
f 1141//1141 1140//1140 1143//1143
f 1143//1143 1140//1140 1142//1142
f 1144//1144 1145//1145 1143//1143
f 1143//1143 1146//1146 1144//1144
f 1145//1145 1147//1147 1143//1143
f 1146//1146 1143//1143 1142//1142
f 1143//1143 1147//1147 1141//1141
f 1147//1147 1148//1148 1141//1141
f 1148//1148 1149//1149 1138//1138
f 1148//1148 1138//1138 1141//1141
f 1137//1137 1138//1138 1149//1149
f 1142//1142 1150//1150 1146//1146
f 1142//1142 1134//1134 1135//1135
f 1142//1142 1135//1135 1150//1150
f 1151//1151 1145//1145 1144//1144
f 1151//1151 1144//1144 1152//1152
f 1153//1153 1151//1151 1152//1152
f 1153//1153 1152//1152 1154//1154
f 1155//1155 1153//1153 1154//1154
f 1155//1155 1154//1154 1156//1156
f 1157//1157 1155//1155 1156//1156
f 1157//1157 1156//1156 1158//1158
f 1159//1159 1157//1157 1158//1158
f 1159//1159 1158//1158 1160//1160
f 1162//1162 1161//1161 1159//1159
f 1162//1162 1159//1159 1160//1160
f 1164//1164 1163//1163 1165//1165
f 1164//1164 1165//1165 1166//1166
f 1168//1168 1170//1170 1169//1169
f 1168//1168 1169//1169 1167//1167
f 1171//1171 1170//1170 1168//1168
f 1171//1171 1168//1168 1172//1172
f 1173//1173 1171//1171 1172//1172
f 1173//1173 1172//1172 1174//1174
f 1176//1176 1175//1175 1173//1173
f 1176//1176 1173//1173 1174//1174
f 1178//1178 1177//1177 1179//1179
f 1178//1178 1179//1179 1180//1180
f 1182//1182 1184//1184 1183//1183
f 1182//1182 1183//1183 1181//1181
f 1185//1185 1184//1184 1182//1182
f 1185//1185 1182//1182 1186//1186
f 1187//1187 1185//1185 1186//1186
f 1187//1187 1186//1186 1188//1188
f 1190//1190 1189//1189 1187//1187
f 1190//1190 1187//1187 1188//1188
f 1192//1192 1191//1191 1193//1193
f 1192//1192 1193//1193 1194//1194
f 1196//1196 1198//1198 1197//1197
f 1196//1196 1197//1197 1195//1195
f 1199//1199 1198//1198 1196//1196
f 1199//1199 1196//1196 1200//1200
f 1201//1201 1199//1199 1200//1200
f 1201//1201 1200//1200 1202//1202
f 1203//1203 1201//1201 1202//1202
f 1203//1203 1202//1202 1204//1204
f 1205//1205 1203//1203 1204//1204
f 1205//1205 1204//1204 1206//1206
f 1207//1207 1205//1205 1206//1206
f 1207//1207 1206//1206 1208//1208
f 1209//1209 1207//1207 1208//1208
f 1209//1209 1208//1208 1210//1210
f 1211//1211 1209//1209 1210//1210
f 1211//1211 1210//1210 1212//1212
f 1213//1213 1211//1211 1212//1212
f 1213//1213 1212//1212 1214//1214
f 1216//1216 1215//1215 1213//1213
f 1216//1216 1213//1213 1214//1214
f 1218//1218 1217//1217 1219//1219
f 1218//1218 1219//1219 1220//1220
f 1222//1222 1224//1224 1223//1223
f 1222//1222 1223//1223 1221//1221
f 1225//1225 1224//1224 1222//1222
f 1225//1225 1222//1222 1226//1226
f 1227//1227 1225//1225 1226//1226
f 1227//1227 1226//1226 1228//1228
f 1230//1230 1229//1229 1227//1227
f 1230//1230 1227//1227 1228//1228
f 1232//1232 1231//1231 1233//1233
f 1232//1232 1233//1233 1234//1234
f 1236//1236 1238//1238 1237//1237
f 1236//1236 1237//1237 1235//1235
f 1239//1239 1238//1238 1236//1236
f 1239//1239 1236//1236 1240//1240
f 1241//1241 1239//1239 1240//1240
f 1241//1241 1240//1240 1242//1242
f 1244//1244 1243//1243 1241//1241
f 1244//1244 1241//1241 1242//1242
f 1246//1246 1245//1245 1247//1247
f 1246//1246 1247//1247 1248//1248
f 1250//1250 1252//1252 1251//1251
f 1250//1250 1251//1251 1249//1249
f 1253//1253 1252//1252 1250//1250
f 1253//1253 1250//1250 1254//1254
f 1255//1255 1253//1253 1254//1254
f 1255//1255 1254//1254 1256//1256
f 1256//1256 1258//1258 1255//1255
f 1257//1257 1255//1255 1258//1258
f 1258//1258 1256//1256 1259//1259
f 1263//1263 1260//1260 1261//1261
f 1263//1263 1261//1261 1265//1265
f 1261//1261 1260//1260 1262//1262
f 1266//1266 1264//1264 1263//1263
f 1265//1265 1266//1266 1263//1263
f 1267//1267 1266//1266 1265//1265
f 1267//1267 1265//1265 1289//1289
f 1269//1269 1268//1268 1266//1266
f 1269//1269 1266//1266 1267//1267
f 1264//1264 1266//1266 1268//1268
f 1270//1270 1269//1269 1267//1267
f 1271//1271 1270//1270 1267//1267
f 1272//1272 1270//1270 1271//1271
f 1274//1274 1272//1272 1271//1271
f 1273//1273 1272//1272 1274//1274
f 1273//1273 1274//1274 1276//1276
f 1271//1271 1275//1275 1274//1274
f 1278//1278 1273//1273 1276//1276
f 1278//1278 1276//1276 1277//1277
f 1280//1280 1278//1278 1277//1277
f 1280//1280 1277//1277 1279//1279
f 1282//1282 1280//1280 1279//1279
f 1282//1282 1279//1279 1281//1281
f 1284//1284 1282//1282 1281//1281
f 1284//1284 1281//1281 1283//1283
f 1285//1285 1286//1286 1284//1284
f 1285//1285 1284//1284 1283//1283
f 1275//1275 1271//1271 1287//1287
f 1287//1287 1288//1288 1275//1275
f 1287//1287 1261//1261 1262//1262
f 1287//1287 1262//1262 1288//1288
f 1271//1271 1289//1289 1287//1287
f 1289//1289 1265//1265 1261//1261
f 1289//1289 1261//1261 1287//1287
f 1267//1267 1289//1289 1271//1271
f 1291//1291 1290//1290 1292//1292
f 1291//1291 1292//1292 1293//1293
f 1295//1295 1297//1297 1296//1296
f 1295//1295 1296//1296 1294//1294
f 1298//1298 1297//1297 1295//1295
f 1298//1298 1295//1295 1299//1299
f 1300//1300 1298//1298 1299//1299
f 1300//1300 1299//1299 1301//1301
f 1303//1303 1302//1302 1300//1300
f 1303//1303 1300//1300 1301//1301
f 1305//1305 1304//1304 1306//1306
f 1305//1305 1306//1306 1307//1307
f 1309//1309 1311//1311 1310//1310
f 1309//1309 1310//1310 1308//1308
f 1312//1312 1311//1311 1309//1309
f 1312//1312 1309//1309 1314//1314
f 1313//1313 1312//1312 1314//1314
f 1313//1313 1314//1314 1315//1315
f 1316//1316 1317//1317 1313//1313
f 1316//1316 1313//1313 1315//1315
f 1319//1319 1318//1318 1320//1320
f 1319//1319 1320//1320 1321//1321
f 1323//1323 1325//1325 1324//1324
f 1323//1323 1324//1324 1322//1322
f 1326//1326 1325//1325 1323//1323
f 1326//1326 1323//1323 1327//1327
f 1328//1328 1326//1326 1327//1327
f 1328//1328 1327//1327 1330//1330
f 1329//1329 1328//1328 1330//1330
f 1329//1329 1330//1330 1331//1331
f 1333//1333 1329//1329 1331//1331
f 1333//1333 1331//1331 1332//1332
f 1335//1335 1333//1333 1332//1332
f 1335//1335 1332//1332 1334//1334
f 1337//1337 1335//1335 1334//1334
f 1337//1337 1334//1334 1336//1336
f 1339//1339 1337//1337 1336//1336
f 1339//1339 1336//1336 1338//1338
f 1341//1341 1339//1339 1338//1338
f 1341//1341 1338//1338 1340//1340
f 1342//1342 1343//1343 1341//1341
f 1342//1342 1341//1341 1340//1340
f 1345//1345 1344//1344 1346//1346
f 1345//1345 1346//1346 1347//1347
f 1349//1349 1351//1351 1350//1350
f 1349//1349 1350//1350 1348//1348
f 1352//1352 1351//1351 1349//1349
f 1352//1352 1349//1349 1354//1354
f 1353//1353 1352//1352 1354//1354
f 1353//1353 1354//1354 1355//1355
f 1356//1356 1357//1357 1353//1353
f 1356//1356 1353//1353 1355//1355
f 1359//1359 1358//1358 1360//1360
f 1359//1359 1360//1360 1361//1361
f 1363//1363 1365//1365 1364//1364
f 1363//1363 1364//1364 1362//1362
f 1366//1366 1365//1365 1363//1363
f 1366//1366 1363//1363 1367//1367
f 1368//1368 1366//1366 1367//1367
f 1368//1368 1367//1367 1370//1370
f 1371//1371 1369//1369 1368//1368
f 1371//1371 1368//1368 1370//1370
f 1373//1373 1372//1372 1374//1374
f 1373//1373 1374//1374 1375//1375
f 1377//1377 1379//1379 1378//1378
f 1377//1377 1378//1378 1376//1376
f 1380//1380 1379//1379 1377//1377
f 1380//1380 1377//1377 1381//1381
f 1382//1382 1380//1380 1381//1381
f 1382//1382 1381//1381 1383//1383
f 1383//1383 1385//1385 1382//1382
f 1384//1384 1382//1382 1385//1385
f 1385//1385 1383//1383 1386//1386
f 1388//1388 1387//1387 1389//1389
f 1390//1390 1388//1388 1389//1389
f 1392//1392 1390//1390 1389//1389
f 1392//1392 1389//1389 1391//1391
f 1394//1394 1392//1392 1391//1391
f 1394//1394 1391//1391 1393//1393
f 1395//1395 1396//1396 1394//1394
f 1395//1395 1394//1394 1393//1393
f 1388//1388 1390//1390 1397//1397
f 1399//1399 1398//1398 1400//1400
f 1399//1399 1400//1400 1401//1401
f 1403//1403 1402//1402 1404//1404
f 1403//1403 1404//1404 1405//1405
f 1406//1406 1407//1407 1405//1405
f 1406//1406 1405//1405 1404//1404
f 1409//1409 1408//1408 1410//1410
f 1409//1409 1410//1410 1411//1411
f 1413//1413 1412//1412 1414//1414
f 1413//1413 1414//1414 1415//1415
f 1415//1415 1414//1414 1416//1416
f 1415//1415 1416//1416 1418//1418
f 1417//1417 1416//1416 1414//1414
f 1420//1420 1421//1421 1419//1419
f 1423//1423 1422//1422 1421//1421
f 1421//1421 1420//1420 1423//1423
f 1425//1425 1424//1424 1423//1423
f 1425//1425 1423//1423 1420//1420
f 1427//1427 1426//1426 1428//1428
f 1427//1427 1428//1428 1429//1429
f 1431//1431 1430//1430 1432//1432
f 1431//1431 1432//1432 1433//1433
f 1434//1434 1435//1435 1433//1433
f 1434//1434 1433//1433 1432//1432
f 1437//1437 1436//1436 1438//1438
f 1437//1437 1438//1438 1439//1439
f 1441//1441 1443//1443 1442//1442
f 1441//1441 1442//1442 1440//1440
f 1444//1444 1443//1443 1441//1441
f 1444//1444 1441//1441 1445//1445
f 1446//1446 1444//1444 1445//1445
f 1446//1446 1445//1445 1447//1447
f 1448//1448 1446//1446 1447//1447
f 1448//1448 1447//1447 1450//1450
f 1451//1451 1449//1449 1448//1448
f 1451//1451 1448//1448 1450//1450
f 1453//1453 1452//1452 1454//1454
f 1453//1453 1454//1454 1455//1455
f 1457//1457 1456//1456 1458//1458
f 1457//1457 1458//1458 1459//1459
f 1460//1460 1461//1461 1459//1459
f 1460//1460 1459//1459 1458//1458
f 1463//1463 1462//1462 1464//1464
f 1463//1463 1464//1464 1465//1465
f 1467//1467 1466//1466 1468//1468
f 1467//1467 1468//1468 1469//1469
f 1469//1469 1468//1468 1470//1470
f 1469//1469 1470//1470 1471//1471
f 1471//1471 1472//1472 1469//1469
f 1474//1474 1475//1475 1473//1473
f 1477//1477 1476//1476 1475//1475
f 1475//1475 1474//1474 1477//1477
f 1479//1479 1478//1478 1477//1477
f 1479//1479 1477//1477 1474//1474
f 1481//1481 1480//1480 1482//1482
f 1481//1481 1482//1482 1483//1483
f 1485//1485 1484//1484 1486//1486
f 1485//1485 1486//1486 1487//1487
f 1488//1488 1489//1489 1487//1487
f 1488//1488 1487//1487 1486//1486
f 1491//1491 1490//1490 1492//1492
f 1491//1491 1492//1492 1493//1493
f 1495//1495 1497//1497 1496//1496
f 1495//1495 1496//1496 1494//1494
f 1498//1498 1497//1497 1495//1495
f 1498//1498 1495//1495 1499//1499
f 1500//1500 1498//1498 1499//1499
f 1500//1500 1499//1499 1501//1501
f 1502//1502 1500//1500 1501//1501
f 1502//1502 1501//1501 1503//1503
f 1505//1505 1504//1504 1502//1502
f 1505//1505 1502//1502 1503//1503
f 1507//1507 1506//1506 1508//1508
f 1507//1507 1508//1508 1509//1509
f 1511//1511 1510//1510 1512//1512
f 1511//1511 1512//1512 1513//1513
f 1514//1514 1515//1515 1513//1513
f 1514//1514 1513//1513 1512//1512
f 1517//1517 1516//1516 1518//1518
f 1517//1517 1518//1518 1519//1519
f 1521//1521 1520//1520 1522//1522
f 1521//1521 1522//1522 1523//1523
f 1522//1522 1524//1524 1523//1523
f 1525//1525 1524//1524 1522//1522
f 1524//1524 1526//1526 1523//1523
f 1528//1528 1529//1529 1527//1527
f 1529//1529 1528//1528 1530//1530
f 1530//1530 1531//1531 1529//1529
f 1533//1533 1532//1532 1530//1530
f 1533//1533 1530//1530 1528//1528
f 1535//1535 1534//1534 1536//1536
f 1535//1535 1536//1536 1537//1537
f 1538//1538 1539//1539 1537//1537
f 1538//1538 1537//1537 1536//1536
f 1541//1541 1540//1540 1542//1542
f 1541//1541 1542//1542 1543//1543
f 1545//1545 1547//1547 1546//1546
f 1545//1545 1546//1546 1544//1544
f 1548//1548 1547//1547 1545//1545
f 1548//1548 1545//1545 1550//1550
f 1549//1549 1548//1548 1550//1550
f 1549//1549 1550//1550 1551//1551
f 1553//1553 1549//1549 1551//1551
f 1553//1553 1551//1551 1552//1552
f 1554//1554 1555//1555 1553//1553
f 1554//1554 1553//1553 1552//1552
f 1557//1557 1556//1556 1558//1558
f 1557//1557 1558//1558 1559//1559
f 1561//1561 1560//1560 1562//1562
f 1561//1561 1562//1562 1563//1563
f 1564//1564 1565//1565 1563//1563
f 1564//1564 1563//1563 1562//1562
f 1567//1567 1566//1566 1568//1568
f 1567//1567 1568//1568 1569//1569
f 1571//1571 1570//1570 1572//1572
f 1571//1571 1572//1572 1573//1573
f 1572//1572 1574//1574 1573//1573
f 1575//1575 1574//1574 1572//1572
f 1574//1574 1576//1576 1573//1573
f 1578//1578 1579//1579 1577//1577
f 1581//1581 1580//1580 1579//1579
f 1579//1579 1578//1578 1581//1581
f 1583//1583 1582//1582 1581//1581
f 1583//1583 1581//1581 1578//1578
f 1585//1585 1584//1584 1586//1586
f 1585//1585 1586//1586 1587//1587
f 1589//1589 1588//1588 1590//1590
f 1589//1589 1590//1590 1591//1591
f 1592//1592 1593//1593 1591//1591
f 1592//1592 1591//1591 1590//1590
f 1595//1595 1594//1594 1596//1596
f 1595//1595 1596//1596 1597//1597
f 1599//1599 1601//1601 1600//1600
f 1599//1599 1600//1600 1598//1598
f 1602//1602 1601//1601 1599//1599
f 1602//1602 1599//1599 1603//1603
f 1604//1604 1602//1602 1603//1603
f 1604//1604 1603//1603 1606//1606
f 1605//1605 1604//1604 1606//1606
f 1605//1605 1606//1606 1607//1607
f 1608//1608 1609//1609 1605//1605
f 1608//1608 1605//1605 1607//1607
f 1610//1610 1612//1612 1613//1613
f 1610//1610 1613//1613 1611//1611
f 1615//1615 1617//1617 1616//1616
f 1615//1615 1616//1616 1614//1614
f 1619//1619 1621//1621 1620//1620
f 1619//1619 1620//1620 1618//1618
f 1622//1622 1621//1621 1619//1619
f 1622//1622 1619//1619 1623//1623
f 1624//1624 1622//1622 1623//1623
f 1624//1624 1623//1623 1625//1625
f 1626//1626 1624//1624 1625//1625
f 1626//1626 1625//1625 1627//1627
f 1629//1629 1628//1628 1626//1626
f 1629//1629 1626//1626 1627//1627
f 1631//1631 1633//1633 1632//1632
f 1631//1631 1632//1632 1630//1630
f 1634//1634 1636//1636 1637//1637
f 1634//1634 1637//1637 1635//1635
f 1641//1641 1639//1639 1638//1638
f 1641//1641 1638//1638 1640//1640
f 1643//1643 1645//1645 1644//1644
f 1643//1643 1644//1644 1642//1642
f 1646//1646 1645//1645 1643//1643
f 1646//1646 1643//1643 1647//1647
f 1648//1648 1646//1646 1647//1647
f 1648//1648 1647//1647 1649//1649
f 1650//1650 1648//1648 1649//1649
f 1650//1650 1649//1649 1651//1651
f 1653//1653 1652//1652 1650//1650
f 1653//1653 1650//1650 1651//1651
f 1655//1655 1657//1657 1656//1656
f 1655//1655 1656//1656 1654//1654
f 1658//1658 1660//1660 1661//1661
f 1658//1658 1661//1661 1659//1659
f 1665//1665 1663//1663 1662//1662
f 1665//1665 1662//1662 1664//1664
f 1667//1667 1666//1666 1668//1668
f 1669//1669 1668//1668 1666//1666
f 1668//1668 1669//1669 1670//1670
f 1672//1672 1668//1668 1670//1670
f 1672//1672 1670//1670 1671//1671
f 1672//1672 1671//1671 1673//1673
f 1671//1671 1674//1674 1673//1673
f 1677//1677 1673//1673 1674//1674
f 1677//1677 1674//1674 1675//1675
f 1675//1675 1676//1676 1677//1677
f 1679//1679 1680//1680 1673//1673
f 1679//1679 1673//1673 1677//1677
f 1676//1676 1678//1678 1677//1677
f 1678//1678 1679//1679 1677//1677
f 1678//1678 1681//1681 1679//1679
f 1681//1681 1684//1684 1680//1680
f 1681//1681 1680//1680 1679//1679
f 1681//1681 1678//1678 1682//1682
f 1682//1682 1683//1683 1681//1681
f 1683//1683 1685//1685 1684//1684
f 1683//1683 1684//1684 1681//1681
f 1684//1684 1685//1685 1686//1686
f 1686//1686 1672//1672 1684//1684
f 1672//1672 1680//1680 1684//1684
f 1686//1686 1667//1667 1668//1668
f 1686//1686 1668//1668 1672//1672
f 1673//1673 1680//1680 1672//1672
f 1688//1688 1690//1690 1689//1689
f 1688//1688 1689//1689 1687//1687
f 1692//1692 1694//1694 1693//1693
f 1692//1692 1693//1693 1691//1691
f 1696//1696 1698//1698 1697//1697
f 1696//1696 1697//1697 1695//1695
f 1700//1700 1702//1702 1701//1701
f 1700//1700 1701//1701 1699//1699
f 1703//1703 1702//1702 1700//1700
f 1703//1703 1700//1700 1704//1704
f 1705//1705 1703//1703 1704//1704
f 1705//1705 1704//1704 1706//1706
f 1707//1707 1705//1705 1706//1706
f 1707//1707 1706//1706 1708//1708
f 1710//1710 1709//1709 1707//1707
f 1710//1710 1707//1707 1708//1708
f 1711//1711 1713//1713 1714//1714
f 1711//1711 1714//1714 1712//1712
f 1718//1718 1716//1716 1715//1715
f 1718//1718 1715//1715 1717//1717
f 1719//1719 1720//1720 1722//1722
f 1720//1720 1719//1719 1721//1721
f 1723//1723 1722//1722 1720//1720
f 1724//1724 1723//1723 1720//1720
f 1724//1724 1720//1720 1725//1725
f 1727//1727 1726//1726 1724//1724
f 1727//1727 1724//1724 1725//1725
f 1728//1728 1726//1726 1727//1727
f 1728//1728 1727//1727 1729//1729
f 1728//1728 1729//1729 1730//1730
f 1731//1731 1730//1730 1729//1729
f 1729//1729 1732//1732 1731//1731
f 1729//1729 1727//1727 1733//1733
f 1729//1729 1733//1733 1732//1732
f 1725//1725 1734//1734 1733//1733
f 1725//1725 1733//1733 1727//1727
f 1725//1725 1720//1720 1721//1721
f 1725//1725 1721//1721 1734//1734
f 1738//1738 1736//1736 1735//1735
f 1738//1738 1735//1735 1737//1737
f 1740//1740 1742//1742 1741//1741
f 1740//1740 1741//1741 1739//1739
f 1744//1744 1743//1743 1745//1745
f 1744//1744 1745//1745 1746//1746
f 1748//1748 1747//1747 1749//1749
f 1750//1750 1749//1749 1747//1747
f 1749//1749 1750//1750 1751//1751
f 1753//1753 1749//1749 1751//1751
f 1753//1753 1751//1751 1752//1752
f 1753//1753 1752//1752 1754//1754
f 1753//1753 1754//1754 1755//1755
f 1758//1758 1755//1755 1754//1754
f 1758//1758 1754//1754 1756//1756
f 1758//1758 1756//1756 1757//1757
f 1759//1759 1758//1758 1760//1760
f 1759//1759 1761//1761 1755//1755
f 1759//1759 1755//1755 1758//1758
f 1757//1757 1760//1760 1758//1758
f 1755//1755 1761//1761 1762//1762
f 1755//1755 1762//1762 1753//1753
f 1762//1762 1748//1748 1749//1749
f 1762//1762 1749//1749 1753//1753
f 1763//1763 1765//1765 1766//1766
f 1763//1763 1766//1766 1764//1764
f 1768//1768 1770//1770 1769//1769
f 1768//1768 1769//1769 1767//1767
f 1772//1772 1771//1771 1773//1773
f 1772//1772 1773//1773 1774//1774
f 1775//1775 1776//1776 1778//1778
f 1776//1776 1775//1775 1777//1777
f 1779//1779 1778//1778 1776//1776
f 1780//1780 1779//1779 1776//1776
f 1780//1780 1776//1776 1781//1781
f 1783//1783 1782//1782 1780//1780
f 1783//1783 1780//1780 1781//1781
f 1784//1784 1782//1782 1783//1783
f 1784//1784 1783//1783 1785//1785
f 1784//1784 1785//1785 1786//1786
f 1787//1787 1786//1786 1785//1785
f 1785//1785 1788//1788 1787//1787
f 1785//1785 1783//1783 1789//1789
f 1785//1785 1789//1789 1788//1788
f 1781//1781 1790//1790 1789//1789
f 1781//1781 1789//1789 1783//1783
f 1781//1781 1776//1776 1777//1777
f 1781//1781 1777//1777 1790//1790
f 1791//1791 1793//1793 1794//1794
f 1791//1791 1794//1794 1792//1792
f 1795//1795 1797//1797 1798//1798
f 1795//1795 1798//1798 1796//1796
f 1799//1799 1801//1801 1802//1802
f 1799//1799 1802//1802 1800//1800
f 1803//1803 1804//1804 1806//1806
f 1804//1804 1803//1803 1805//1805
f 1807//1807 1806//1806 1804//1804
f 1808//1808 1807//1807 1804//1804
f 1808//1808 1804//1804 1809//1809
f 1811//1811 1810//1810 1808//1808
f 1811//1811 1808//1808 1809//1809
f 1812//1812 1810//1810 1811//1811
f 1812//1812 1811//1811 1813//1813
f 1812//1812 1813//1813 1814//1814
f 1815//1815 1814//1814 1813//1813
f 1813//1813 1816//1816 1815//1815
f 1813//1813 1811//1811 1817//1817
f 1813//1813 1817//1817 1816//1816
f 1809//1809 1818//1818 1817//1817
f 1809//1809 1817//1817 1811//1811
f 1809//1809 1804//1804 1805//1805
f 1809//1809 1805//1805 1818//1818
f 1820//1820 1822//1822 1821//1821
f 1820//1820 1821//1821 1819//1819
f 1824//1824 1826//1826 1825//1825
f 1824//1824 1825//1825 1823//1823
f 1827//1827 1828//1828 1830//1830
f 1827//1827 1829//1829 1828//1828
f 1828//1828 1831//1831 1830//1830
f 1831//1831 1832//1832 1830//1830
f 1833//1833 1832//1832 1834//1834
f 1831//1831 1834//1834 1832//1832
f 1833//1833 1834//1834 1835//1835
f 1836//1836 1833//1833 1835//1835
f 1835//1835 1837//1837 1836//1836
f 1837//1837 1835//1835 1838//1838
f 1837//1837 1838//1838 1839//1839
f 1839//1839 1838//1838 1840//1840
f 1842//1842 1839//1839 1840//1840
f 1841//1841 1842//1842 1840//1840
f 1842//1842 1845//1845 1843//1843
f 1843//1843 1844//1844 1842//1842
f 1842//1842 1841//1841 1845//1845
f 1844//1844 1843//1843 1846//1846
f 1846//1846 1847//1847 1844//1844
f 1848//1848 1847//1847 1850//1850
f 1848//1848 1849//1849 1847//1847
f 1846//1846 1850//1850 1847//1847
f 1850//1850 1851//1851 1848//1848
f 1851//1851 1852//1852 1853//1853
f 1853//1853 1848//1848 1851//1851
f 1855//1855 1854//1854 1853//1853
f 1852//1852 1855//1855 1853//1853
f 1856//1856 1854//1854 1855//1855
f 1858//1858 1856//1856 1857//1857
f 1856//1856 1858//1858 1854//1854
f 1858//1858 1862//1862 1859//1859
f 1859//1859 1860//1860 1858//1858
f 1858//1858 1860//1860 1854//1854
f 1857//1857 1861//1861 1858//1858
f 1858//1858 1863//1863 1862//1862
f 1859//1859 1862//1862 1864//1864
f 1865//1865 1866//1866 1864//1864
f 1859//1859 1864//1864 1866//1866
f 1865//1865 1867//1867 1866//1866
f 1868//1868 1867//1867 1865//1865
f 1868//1868 1869//1869 1867//1867
f 1868//1868 1872//1872 1869//1869
f 1870//1870 1869//1869 1871//1871
f 1872//1872 1871//1871 1869//1869
f 1868//1868 1873//1873 1872//1872
f 1874//1874 1873//1873 1875//1875
f 1875//1875 1873//1873 1876//1876
f 1868//1868 1876//1876 1873//1873
f 1877//1877 1874//1874 1875//1875
f 1877//1877 1878//1878 1874//1874
f 1879//1879 1878//1878 1877//1877
f 1879//1879 1880//1880 1878//1878
f 1880//1880 1882//1882 1881//1881
f 1880//1880 1881//1881 1883//1883
f 1878//1878 1880//1880 1883//1883
f 1883//1883 1881//1881 1884//1884
f 1883//1883 1884//1884 1886//1886
f 1887//1887 1883//1883 1885//1885
f 1883//1883 1886//1886 1885//1885
f 1885//1885 1888//1888 1887//1887
f 1887//1887 1888//1888 1889//1889
f 1889//1889 1890//1890 1887//1887
f 1892//1892 1887//1887 1890//1890
f 1893//1893 1887//1887 1891//1891
f 1887//1887 1892//1892 1891//1891
f 1894//1894 1891//1891 1892//1892
f 1892//1892 1890//1890 1857//1857
f 1857//1857 1890//1890 1861//1861
f 1895//1895 1885//1885 1886//1886
f 1896//1896 1874//1874 1878//1878
f 1896//1896 1878//1878 1897//1897
f 1897//1897 1898//1898 1896//1896
f 1871//1871 1899//1899 1870//1870
f 1900//1900 1870//1870 1899//1899
f 1900//1900 1901//1901 1902//1902
f 1870//1870 1900//1900 1902//1902
f 1901//1901 1906//1906 1902//1902
f 1903//1903 1904//1904 1902//1902
f 1905//1905 1903//1903 1902//1902
f 1905//1905 1902//1902 1906//1906
f 1901//1901 1907//1907 1906//1906
f 1907//1907 1908//1908 1906//1906
f 1908//1908 1910//1910 1909//1909
f 1910//1910 1908//1908 1907//1907
f 1909//1909 1910//1910 1911//1911
f 1911//1911 1912//1912 1909//1909
f 1912//1912 1913//1913 1909//1909
f 1914//1914 1909//1909 1913//1913
f 1915//1915 1914//1914 1913//1913
f 1914//1914 1915//1915 1916//1916
f 1917//1917 1916//1916 1915//1915
f 1919//1919 1916//1916 1917//1917
f 1918//1918 1920//1920 1917//1917
f 1919//1919 1917//1917 1920//1920
f 1921//1921 1920//1920 1918//1918
f 1921//1921 1918//1918 1922//1922
f 1921//1921 1922//1922 1923//1923
f 1923//1923 1924//1924 1925//1925
f 1924//1924 1923//1923 1922//1922
f 1926//1926 1925//1925 1924//1924
f 1924//1924 1927//1927 1926//1926
f 1928//1928 1926//1926 1927//1927
f 1928//1928 1929//1929 1926//1926
f 1829//1829 1930//1930 1928//1928
f 1829//1829 1928//1928 1927//1927
f 1828//1828 1829//1829 1927//1927
f 1903//1903 1905//1905 1931//1931
f 1933//1933 1904//1904 1903//1903
f 1935//1935 1904//1904 1932//1932
f 1932//1932 1904//1904 1933//1933
f 1934//1934 1904//1904 1935//1935
f 1903//1903 1936//1936 1933//1933
f 1937//1937 1941//1941 1936//1936
f 1938//1938 1937//1937 1936//1936
f 1938//1938 1936//1936 1903//1903
f 1940//1940 1939//1939 1936//1936
f 1940//1940 1936//1936 1941//1941
f 1937//1937 1942//1942 1941//1941
f 1944//1944 1942//1942 1937//1937
f 1943//1943 1942//1942 1944//1944
f 1943//1943 1944//1944 1945//1945
f 1947//1947 1945//1945 1946//1946
f 1945//1945 1947//1947 1949//1949
f 1943//1943 1945//1945 1948//1948
f 1949//1949 1948//1948 1945//1945
f 1947//1947 1946//1946 1950//1950
f 1951//1951 1950//1950 1952//1952
f 1946//1946 1952//1952 1950//1950
f 1953//1953 1951//1951 1952//1952
f 1954//1954 1951//1951 1953//1953
f 1955//1955 1956//1956 1954//1954
f 1954//1954 1956//1956 1951//1951
f 1957//1957 1956//1956 1955//1955
f 1957//1957 1955//1955 1958//1958
f 1959//1959 1957//1957 1958//1958
f 1958//1958 1962//1962 1959//1959
f 1959//1959 1961//1961 1960//1960
f 1962//1962 1961//1961 1959//1959
f 1964//1964 1963//1963 1961//1961
f 1961//1961 1963//1963 1960//1960
f 1963//1963 1966//1966 1965//1965
f 1963//1963 1965//1965 1960//1960
f 1968//1968 1965//1965 1967//1967
f 1965//1965 1968//1968 1960//1960
f 1969//1969 1970//1970 1968//1968
f 1969//1969 1968//1968 1967//1967
f 1970//1970 1969//1969 1972//1972
f 1971//1971 1970//1970 1972//1972
f 1973//1973 1971//1971 1972//1972
f 1973//1973 1974//1974 1975//1975
f 1975//1975 1971//1971 1973//1973
f 1975//1975 1976//1976 1977//1977
f 1976//1976 1975//1975 1974//1974
f 1977//1977 1979//1979 1978//1978
f 1976//1976 1979//1979 1977//1977
f 1980//1980 1978//1978 1979//1979
f 1980//1980 1981//1981 1983//1983
f 1980//1980 1982//1982 1984//1984
f 1980//1980 1983//1983 1982//1982
f 1984//1984 1978//1978 1980//1980
f 1985//1985 1983//1983 1981//1981
f 1986//1986 1987//1987 1985//1985
f 1985//1985 1981//1981 1986//1986
f 1988//1988 1987//1987 1986//1986
f 1988//1988 1989//1989 1987//1987
f 1989//1989 1991//1991 1990//1990
f 1991//1991 1989//1989 1988//1988
f 1993//1993 1990//1990 1991//1991
f 1991//1991 1992//1992 1993//1993
f 1992//1992 1994//1994 1993//1993
f 1995//1995 1996//1996 1994//1994
f 1995//1995 1994//1994 1992//1992
f 1997//1997 1998//1998 1996//1996
f 1996//1996 1995//1995 1997//1997
f 1999//1999 1996//1996 1998//1998
f 1998//1998 2000//2000 1999//1999
f 2000//2000 2002//2002 1999//1999
f 2001//2001 1999//1999 2002//2002
f 2005//2005 2003//2003 2002//2002
f 2003//2003 2004//2004 2002//2002
f 2000//2000 2005//2005 2002//2002
f 2002//2002 2006//2006 2001//2001
f 2006//2006 2002//2002 2007//2007
f 2004//2004 2003//2003 2008//2008
f 2008//2008 2009//2009 2004//2004
f 2012//2012 2004//2004 2009//2009
f 2010//2010 2004//2004 2012//2012
f 2010//2010 2011//2011 2004//2004
f 2012//2012 2013//2013 2010//2010
f 2015//2015 2011//2011 2010//2010
f 2018//2018 2011//2011 2014//2014
f 2014//2014 2011//2011 2015//2015
f 2016//2016 2011//2011 2017//2017
f 2017//2017 2011//2011 2018//2018
f 2018//2018 2019//2019 2017//2017
f 2019//2019 2018//2018 2020//2020
f 2021//2021 2019//2019 2020//2020
f 2022//2022 2021//2021 2027//2027
f 2022//2022 2019//2019 2021//2021
f 2021//2021 2023//2023 2025//2025
f 2021//2021 2024//2024 2023//2023
f 2025//2025 2026//2026 2021//2021
f 2027//2027 2021//2021 2026//2026
f 2028//2028 2022//2022 2027//2027
f 1939//1939 2028//2028 2027//2027
f 2029//2029 2028//2028 1939//1939
f 1940//1940 2029//2029 1939//1939
f 2025//2025 2030//2030 2031//2031
f 2025//2025 2023//2023 2030//2030
f 2032//2032 2031//2031 2030//2030
f 2032//2032 2033//2033 2031//2031
f 1995//1995 2033//2033 2032//2032
f 1995//1995 1992//1992 2033//2033
f 1995//1995 2032//2032 2034//2034
f 2016//2016 2017//2017 2035//2035
f 2035//2035 2017//2017 2036//2036
f 2037//2037 2008//2008 2003//2003
f 1986//1986 2040//2040 1988//1988
f 1988//1988 2039//2039 2038//2038
f 1988//1988 2040//2040 2039//2039
f 2041//2041 2039//2039 2040//2040
f 2042//2042 2045//2045 2039//2039
f 2039//2039 2043//2043 2042//2042
f 2044//2044 2038//2038 2039//2039
f 2045//2045 2044//2044 2039//2039
f 2046//2046 2045//2045 2048//2048
f 2046//2046 2049//2049 2045//2045
f 2045//2045 2049//2049 2047//2047
f 2048//2048 2045//2045 2042//2042
f 2049//2049 2050//2050 2047//2047
f 2051//2051 2047//2047 2050//2050
f 2051//2051 2052//2052 2053//2053
f 2053//2053 2047//2047 2051//2051
f 2055//2055 2054//2054 2053//2053
f 2053//2053 2052//2052 2055//2055
f 2059//2059 2055//2055 2056//2056
f 2056//2056 2055//2055 2058//2058
f 2060//2060 2055//2055 2057//2057
f 2055//2055 2052//2052 2057//2057
f 2055//2055 2059//2059 2054//2054
f 2061//2061 2060//2060 2057//2057
f 2062//2062 2064//2064 2061//2061
f 2057//2057 2062//2062 2061//2061
f 2063//2063 2061//2061 2064//2064
f 2065//2065 2069//2069 2064//2064
f 2066//2066 2064//2064 2067//2067
f 2062//2062 2067//2067 2064//2064
f 2068//2068 2063//2063 2064//2064
f 2068//2068 2064//2064 2069//2069
f 2069//2069 2065//2065 2070//2070
f 2070//2070 2071//2071 2069//2069
f 2072//2072 2070//2070 2065//2065
f 2065//2065 2073//2073 2072//2072
f 2065//2065 2074//2074 2073//2073
f 2073//2073 2074//2074 2075//2075
f 2076//2076 2077//2077 2074//2074
f 2074//2074 2065//2065 2076//2076
f 2076//2076 2078//2078 2077//2077
f 2076//2076 2079//2079 2078//2078
f 2080//2080 2078//2078 2079//2079
f 2082//2082 2080//2080 2079//2079
f 2082//2082 2081//2081 2080//2080
f 2083//2083 2084//2084 2082//2082
f 2084//2084 2081//2081 2082//2082
f 2084//2084 2086//2086 2085//2085
f 2086//2086 2084//2084 2087//2087
f 2087//2087 2084//2084 2088//2088
f 2088//2088 2084//2084 2083//2083
f 2089//2089 2088//2088 2083//2083
f 2089//2089 2090//2090 2088//2088
f 2092//2092 2091//2091 2090//2090
f 2091//2091 2093//2093 2090//2090
f 2089//2089 2092//2092 2090//2090
f 2093//2093 2094//2094 2098//2098
f 2094//2094 2093//2093 2096//2096
f 2096//2096 2093//2093 2095//2095
f 2093//2093 2091//2091 2095//2095
f 2098//2098 2097//2097 2093//2093
f 2099//2099 2098//2098 2100//2100
f 2098//2098 2099//2099 2103//2103
f 2097//2097 2098//2098 2101//2101
f 2098//2098 2103//2103 2101//2101
f 2094//2094 2102//2102 2098//2098
f 2104//2104 2105//2105 2103//2103
f 2104//2104 2103//2103 2107//2107
f 2107//2107 2103//2103 2106//2106
f 2099//2099 2106//2106 2103//2103
f 2107//2107 2106//2106 2108//2108
f 2109//2109 2110//2110 2108//2108
f 2108//2108 2106//2106 2109//2109
f 2111//2111 2112//2112 2110//2110
f 2109//2109 2111//2111 2110//2110
f 2112//2112 2111//2111 2113//2113
f 2114//2114 2113//2113 2111//2111
f 2115//2115 2116//2116 2114//2114
f 2111//2111 2115//2115 2114//2114
f 2117//2117 2118//2118 2116//2116
f 2116//2116 2115//2115 2117//2117
f 2121//2121 2118//2118 2117//2117
f 2120//2120 2119//2119 2118//2118
f 2121//2121 2120//2120 2118//2118
f 2119//2119 2120//2120 2122//2122
f 2123//2123 2124//2124 2122//2122
f 2122//2122 2124//2124 2119//2119
f 2125//2125 2124//2124 2123//2123
f 2127//2127 2125//2125 2126//2126
f 2125//2125 2128//2128 2126//2126
f 2125//2125 2123//2123 2128//2128
f 2127//2127 2129//2129 2131//2131
f 2126//2126 2129//2129 2127//2127
f 2130//2130 2127//2127 2131//2131
f 2130//2130 2131//2131 2132//2132
f 2129//2129 2133//2133 2131//2131
f 2130//2130 2132//2132 2134//2134
f 2135//2135 2136//2136 2134//2134
f 2130//2130 2134//2134 2136//2136
f 2136//2136 2135//2135 2137//2137
f 2138//2138 2137//2137 2135//2135
f 2137//2137 2138//2138 2139//2139
f 2139//2139 2141//2141 2140//2140
f 2140//2140 2142//2142 2139//2139
f 2141//2141 2139//2139 2138//2138
f 2144//2144 2143//2143 2142//2142
f 2140//2140 2144//2144 2142//2142
f 2143//2143 2144//2144 2145//2145
f 2147//2147 2145//2145 2146//2146
f 2145//2145 2148//2148 2143//2143
f 2145//2145 2147//2147 2149//2149
f 2145//2145 2149//2149 2148//2148
f 2146//2146 2150//2150 2147//2147
f 2152//2152 2150//2150 2151//2151
f 2150//2150 2146//2146 2151//2151
f 2152//2152 2151//2151 2154//2154
f 2152//2152 2154//2154 2153//2153
f 2155//2155 2158//2158 2154//2154
f 2155//2155 2154//2154 2157//2157
f 2154//2154 2156//2156 2153//2153
f 2151//2151 2157//2157 2154//2154
f 2158//2158 2155//2155 2159//2159
f 2159//2159 2160//2160 2158//2158
f 2158//2158 2160//2160 2161//2161
f 2160//2160 2162//2162 2161//2161
f 2159//2159 2155//2155 1848//1848
f 2157//2157 2163//2163 2155//2155
f 2164//2164 2156//2156 2165//2165
f 2153//2153 2156//2156 2164//2164
f 2156//2156 2166//2166 2165//2165
f 2165//2165 2166//2166 2169//2169
f 2167//2167 2168//2168 2166//2166
f 2166//2166 2168//2168 2169//2169
f 2168//2168 2170//2170 2169//2169
f 2171//2171 2170//2170 2172//2172
f 2172//2172 2170//2170 2173//2173
f 2173//2173 2170//2170 2168//2168
f 2171//2171 2172//2172 2174//2174
f 2174//2174 2176//2176 2175//2175
f 2175//2175 2171//2171 2174//2174
f 2177//2177 2175//2175 2176//2176
f 2178//2178 2175//2175 2177//2177
f 2179//2179 2178//2178 2177//2177
f 2177//2177 2180//2180 2179//2179
f 2178//2178 2179//2179 2181//2181
f 2182//2182 2178//2178 2181//2181
f 2182//2182 2183//2183 2184//2184
f 2182//2182 2184//2184 2178//2178
f 2184//2184 2185//2185 2178//2178
f 2184//2184 2186//2186 2185//2185
f 2186//2186 2187//2187 2185//2185
f 2187//2187 2188//2188 2185//2185
f 2185//2185 2188//2188 2190//2190
f 2188//2188 2189//2189 2191//2191
f 2190//2190 2188//2188 2191//2191
f 2189//2189 2192//2192 2191//2191
f 2192//2192 2193//2193 2191//2191
f 2192//2192 2194//2194 2193//2193
f 2193//2193 2194//2194 2195//2195
f 2194//2194 2105//2105 2195//2195
f 2195//2195 2105//2105 2196//2196
f 2196//2196 2105//2105 2104//2104
f 2192//2192 2197//2197 2194//2194
f 2192//2192 2198//2198 2197//2197
f 2198//2198 2199//2199 2201//2201
f 2198//2198 2192//2192 2199//2199
f 2198//2198 2201//2201 2200//2200
f 2201//2201 2202//2202 2200//2200
f 2203//2203 2168//2168 2202//2202
f 2202//2202 2168//2168 2167//2167
f 2167//2167 2200//2200 2202//2202
f 2199//2199 2192//2192 2204//2204
f 2205//2205 2185//2185 2190//2190
f 2205//2205 2190//2190 2206//2206
f 2205//2205 2207//2207 2185//2185
f 2171//2171 2175//2175 2208//2208
f 2209//2209 2208//2208 2175//2175
f 2210//2210 2171//2171 2208//2208
f 2155//2155 2211//2211 1849//1849
f 1848//1848 2155//2155 1849//1849
f 2212//2212 2129//2129 2126//2126
f 2213//2213 2097//2097 2101//2101
f 2101//2101 2214//2214 2213//2213
f 2215//2215 2097//2097 2213//2213
f 2217//2217 2096//2096 2216//2216
f 2096//2096 2095//2095 2216//2216
f 2218//2218 2217//2217 2216//2216
f 2217//2217 2218//2218 2219//2219
f 2220//2220 2223//2223 2219//2219
f 2220//2220 2219//2219 2221//2221
f 2218//2218 2221//2221 2219//2219
f 2219//2219 2223//2223 2222//2222
f 2222//2222 2223//2223 2224//2224
f 2226//2226 2224//2224 2225//2225
f 2226//2226 2222//2222 2224//2224
f 2226//2226 2225//2225 2227//2227
f 2227//2227 2225//2225 2228//2228
f 2228//2228 2230//2230 2229//2229
f 2225//2225 2230//2230 2228//2228
f 2231//2231 2229//2229 2230//2230
f 2232//2232 2233//2233 2231//2231
f 2233//2233 2229//2229 2231//2231
f 2232//2232 2234//2234 2233//2233
f 2234//2234 2232//2232 2235//2235
f 2236//2236 2235//2235 2232//2232
f 2236//2236 2237//2237 2235//2235
f 2235//2235 2237//2237 2238//2238
f 2240//2240 2237//2237 2239//2239
f 2237//2237 2236//2236 2239//2239
f 2236//2236 2241//2241 2239//2239
f 2241//2241 2242//2242 2239//2239
f 2243//2243 2242//2242 2241//2241
f 2241//2241 2244//2244 2243//2243
f 2244//2244 2245//2245 2243//2243
f 2244//2244 2246//2246 2245//2245
f 2246//2246 2247//2247 2245//2245
f 2247//2247 2249//2249 2248//2248
f 2246//2246 2249//2249 2247//2247
f 2248//2248 2249//2249 2250//2250
f 2250//2250 2249//2249 2251//2251
f 2251//2251 2252//2252 2253//2253
f 2250//2250 2251//2251 2253//2253
f 2253//2253 2252//2252 2254//2254
f 2256//2256 2254//2254 2252//2252
f 2254//2254 2255//2255 2257//2257
f 2254//2254 2256//2256 2255//2255
f 2254//2254 2257//2257 2258//2258
f 2259//2259 2258//2258 2257//2257
f 2259//2259 2048//2048 2258//2258
f 2259//2259 2046//2046 2048//2048
f 2260//2260 2086//2086 2087//2087
f 2260//2260 2059//2059 2261//2261
f 2260//2260 2261//2261 2086//2086
f 2056//2056 2261//2261 2059//2059
f 2079//2079 2262//2262 2263//2263
f 2262//2262 2079//2079 2076//2076
f 2262//2262 2264//2264 2263//2263
f 2062//2062 2265//2265 2067//2067
f 2038//2038 2044//2044 2266//2266
f 2267//2267 2038//2038 2266//2266
f 2267//2267 2266//2266 2268//2268
f 1938//1938 1903//1903 2269//2269
f 1865//1865 2270//2270 1868//1868
