# core_hub_09 exported from /models/mainboards/core_hub_09.glb
# units: meters
v 0.073493 0.001000 0.062494
v 0.070772 0.001000 0.060772
v 0.070069 0.001000 0.064453
v 0.073493 0.001000 0.060494
v 0.072275 0.001000 0.068940
v 0.074634 0.001000 0.069917
v 0.073600 0.001000 0.069215
v 0.080771 0.001000 0.062494
v 0.080771 0.001000 0.070772
v 0.080069 0.001000 0.074453
v 0.075611 0.001000 0.072276
v 0.075337 0.001000 0.070951
v 0.075337 0.001000 0.073601
v 0.074634 0.001000 0.074635
v 0.077842 0.001000 0.077843
v 0.074452 0.001000 0.080070
v 0.073600 0.001000 0.075338
v 0.072275 0.001000 0.075612
v 0.070950 0.001000 0.075338
v 0.070772 0.001000 0.080772
v 0.062494 0.001000 0.080772
v 0.069916 0.001000 0.074635
v 0.062494 0.001000 0.073494
v 0.069214 0.001000 0.073601
v 0.068939 0.001000 0.072276
v 0.064453 0.001000 0.070070
v 0.069214 0.001000 0.070951
v 0.069916 0.001000 0.069917
v 0.067843 0.001000 0.067843
v 0.070950 0.001000 0.069215
v 0.060772 0.001000 0.070772
v 0.045867 0.001000 0.070772
v 0.060494 0.001000 0.073494
v 0.060494 0.001000 0.080772
v 0.035524 0.001000 0.080772
v 0.033611 0.001000 0.081153
v 0.030776 0.001000 0.069308
v 0.044943 0.001000 0.070155
v 0.045312 0.001000 0.070604
v 0.045583 0.001000 0.070731
v 0.045090 0.001000 0.070402
v 0.044873 0.001000 0.069877
v 0.044887 0.001000 0.069577
v 0.035899 0.001000 0.064184
v 0.038006 0.001000 0.061085
v 0.044989 0.001000 0.069295
v 0.045160 0.001000 0.069065
v 0.038828 0.001000 0.057113
v 0.044000 0.001000 0.048635
v 0.046763 0.001000 0.046882
v 0.069064 0.001000 0.045161
v 0.048516 0.001000 0.044120
v 0.069294 0.001000 0.044989
v 0.064183 0.001000 0.035900
v 0.057112 0.001000 0.038829
v 0.060939 0.001000 0.038068
v 0.053285 0.001000 0.038068
v 0.048927 0.001000 0.040874
v 0.050041 0.001000 0.035900
v 0.043800 0.001000 0.036601
v 0.042162 0.001000 0.034111
v 0.021207 0.001000 0.007066
v 0.034446 0.001000 0.027975
v 0.045349 0.001000 0.037689
v 0.046437 0.001000 0.039237
v 0.046936 0.001000 0.041062
v 0.020434 0.001000 0.013963
v 0.035078 0.001000 0.028905
v 0.035325 0.001000 0.030096
v 0.035078 0.001000 0.031288
v 0.038917 0.001000 0.034522
v 0.036156 0.001000 0.036276
v 0.034446 0.001000 0.032218
v 0.032217 0.001000 0.034447
v 0.034404 0.001000 0.039037
v 0.031287 0.001000 0.035079
v 0.030096 0.001000 0.035326
v 0.028904 0.001000 0.035079
v 0.033993 0.001000 0.042282
v 0.035984 0.001000 0.042094
v 0.036458 0.001000 0.043866
v 0.027974 0.001000 0.034447
v 0.035899 0.001000 0.050042
v 0.007065 0.001000 0.021208
v 0.040754 0.001000 0.049045
v 0.038006 0.001000 0.053141
v 0.039171 0.001000 0.046579
v 0.037570 0.001000 0.045466
v 0.040942 0.001000 0.047053
v 0.003821 0.001000 0.019040
v 0.013083 0.001000 0.018313
v 0.013330 0.001000 0.019505
v 0.013962 0.001000 0.020434
v 0.013330 0.001000 0.017122
v 0.006996 0.001000 0.009805
v 0.013962 0.001000 0.016192
v 0.008691 0.001000 0.008692
v 0.016191 0.001000 0.013963
v 0.017121 0.001000 0.013331
v 0.009804 0.001000 0.006997
v 0.010155 0.001000 0.005156
v 0.019101 0.001000 0.003967
v 0.018278 0.001000 -0.000005
v 0.010155 0.001000 -0.005166
v 0.019101 0.001000 -0.003976
v 0.009804 0.001000 -0.007006
v 0.017121 0.001000 -0.013340
v 0.021207 0.001000 -0.007076
v 0.018312 0.001000 -0.013094
v 0.019504 0.001000 -0.013340
v 0.020434 0.001000 -0.013972
v 0.034446 0.001000 -0.027985
v 0.050041 0.001000 -0.035910
v 0.042281 0.001000 -0.034003
v 0.043865 0.001000 -0.036469
v 0.046578 0.001000 -0.039181
v 0.045465 0.001000 -0.037581
v 0.053286 0.001000 -0.038077
v 0.049044 0.001000 -0.040764
v 0.048634 0.001000 -0.044010
v 0.047053 0.001000 -0.040952
v 0.046881 0.001000 -0.046773
v 0.057112 0.001000 -0.038839
v 0.069064 0.001000 -0.045171
v 0.045160 0.001000 -0.069075
v 0.069294 0.001000 -0.044999
v 0.064183 0.001000 -0.035910
v 0.060939 0.001000 -0.038077
v 0.069307 0.001000 -0.030786
v 0.069876 0.001000 -0.044883
v 0.069576 0.001000 -0.044897
v 0.070154 0.001000 -0.044954
v 0.080771 0.001000 -0.035535
v 0.070401 0.001000 -0.045101
v 0.070603 0.001000 -0.045322
v 0.070730 0.001000 -0.045594
v 0.070772 0.001000 -0.045878
v 0.080771 0.001000 -0.060504
v 0.073493 0.001000 -0.060504
v 0.070772 0.001000 -0.060782
v 0.073493 0.001000 -0.062504
v 0.070069 0.001000 -0.064463
v 0.067843 0.001000 -0.067853
v 0.070950 0.001000 -0.069224
v 0.072275 0.001000 -0.068950
v 0.073600 0.001000 -0.069224
v 0.074634 0.001000 -0.069927
v 0.075337 0.001000 -0.070961
v 0.080771 0.001000 -0.062504
v 0.080771 0.001000 -0.070782
v 0.075611 0.001000 -0.072285
v 0.080069 0.001000 -0.074463
v 0.075337 0.001000 -0.073610
v 0.077842 0.001000 -0.077853
v 0.074452 0.001000 -0.080079
v 0.073600 0.001000 -0.075347
v 0.074634 0.001000 -0.074644
v 0.072275 0.001000 -0.075621
v 0.070772 0.001000 -0.080782
v 0.070950 0.001000 -0.075347
v 0.069916 0.001000 -0.074644
v 0.062494 0.001000 -0.080782
v 0.069214 0.001000 -0.073610
v 0.062494 0.001000 -0.073504
v 0.060772 0.001000 -0.070782
v 0.060494 0.001000 -0.073504
v 0.068939 0.001000 -0.072285
v 0.064453 0.001000 -0.070080
v 0.069214 0.001000 -0.070961
v 0.069916 0.001000 -0.069927
v 0.045867 0.001000 -0.070782
v 0.060494 0.001000 -0.080782
v 0.035524 0.001000 -0.080782
v 0.045090 0.001000 -0.070411
v 0.044944 0.001000 -0.070164
v 0.030776 0.001000 -0.069317
v 0.029154 0.001000 -0.070401
v 0.033611 0.001000 -0.081162
v 0.045312 0.001000 -0.070613
v 0.045583 0.001000 -0.070741
v 0.027240 0.001000 -0.070782
v 0.031989 0.001000 -0.082246
v 0.017604 0.001000 -0.082489
v 0.007065 0.001000 -0.107169
v 0.017776 0.001000 -0.082259
v 0.017821 0.001000 -0.081399
v 0.017892 0.001000 -0.081677
v 0.017878 0.001000 -0.081977
v 0.017674 0.001000 -0.081152
v 0.017453 0.001000 -0.080950
v 0.017181 0.001000 -0.080823
v 0.016897 0.001000 -0.080782
v -0.016908 0.001000 -0.080782
v -0.027251 0.001000 -0.070782
v -0.017192 0.001000 -0.080823
v -0.017464 0.001000 -0.080950
v -0.017685 0.001000 -0.081152
v -0.017832 0.001000 -0.081399
v -0.032000 0.001000 -0.082246
v -0.017903 0.001000 -0.081677
v -0.017889 0.001000 -0.081977
v -0.017787 0.001000 -0.082259
v -0.017615 0.001000 -0.082489
v -0.007076 0.001000 -0.093028
v -0.007076 0.001000 -0.107169
v -0.003977 0.001000 -0.109276
v -0.002364 0.001000 -0.104584
v -0.003341 0.001000 -0.102225
v -0.003107 0.001000 -0.103453
v -0.003107 0.001000 -0.100997
v -0.003977 0.001000 -0.095134
v -0.002364 0.001000 -0.099866
v -0.001233 0.001000 -0.099124
v -0.000006 0.001000 -0.098889
v -0.000006 0.001000 -0.095956
v 0.001223 0.001000 -0.099124
v 0.003966 0.001000 -0.095134
v 0.003096 0.001000 -0.100997
v 0.007065 0.001000 -0.093028
v 0.002353 0.001000 -0.099866
v 0.003330 0.001000 -0.102225
v 0.003096 0.001000 -0.103453
v 0.002353 0.001000 -0.104584
v 0.001223 0.001000 -0.105327
v 0.003966 0.001000 -0.109276
v -0.000006 0.001000 -0.110098
v -0.001233 0.001000 -0.105327
v -0.000006 0.001000 -0.105561
v -0.033622 0.001000 -0.081162
v -0.029165 0.001000 -0.070401
v -0.035535 0.001000 -0.080782
v -0.060505 0.001000 -0.080782
v -0.045878 0.001000 -0.070782
v -0.045101 0.001000 -0.070411
v -0.045323 0.001000 -0.070613
v -0.045594 0.001000 -0.070741
v -0.044955 0.001000 -0.070164
v -0.030787 0.001000 -0.069317
v -0.044884 0.001000 -0.069886
v -0.035910 0.001000 -0.064194
v -0.038017 0.001000 -0.061094
v -0.044898 0.001000 -0.069587
v -0.045000 0.001000 -0.069305
v -0.045171 0.001000 -0.069075
v -0.046774 0.001000 -0.046891
v -0.069076 0.001000 -0.045170
v -0.038839 0.001000 -0.057123
v -0.044011 0.001000 -0.048644
v -0.040765 0.001000 -0.049054
v -0.038017 0.001000 -0.053151
v -0.035910 0.001000 -0.050052
v -0.007076 0.001000 -0.021218
v -0.037581 0.001000 -0.045476
v -0.039182 0.001000 -0.046588
v -0.036469 0.001000 -0.043875
v -0.034004 0.001000 -0.042291
v -0.027985 0.001000 -0.034456
v -0.028915 0.001000 -0.035088
v -0.013973 0.001000 -0.020444
v -0.013341 0.001000 -0.019514
v -0.013094 0.001000 -0.018323
v -0.013341 0.001000 -0.017131
v -0.003832 0.001000 -0.019050
v -0.007007 0.001000 -0.009815
v -0.013973 0.001000 -0.016201
v -0.008702 0.001000 -0.008701
v -0.016202 0.001000 -0.013972
v -0.017132 0.001000 -0.013340
v -0.009815 0.001000 -0.007006
v -0.010166 0.001000 -0.005166
v -0.019112 0.001000 -0.003976
v -0.021218 0.001000 -0.007076
v -0.018290 0.001000 -0.000005
v -0.010166 0.001000 0.005156
v -0.019112 0.001000 0.003967
v -0.017132 0.001000 0.013331
v -0.021218 0.001000 0.007066
v -0.009815 0.001000 0.006997
v -0.008702 0.001000 0.008692
v -0.016202 0.001000 0.013963
v -0.013973 0.001000 0.016192
v -0.007007 0.001000 0.009805
v -0.013341 0.001000 0.017122
v -0.007076 0.001000 0.021208
v -0.003832 0.001000 0.019040
v -0.013094 0.001000 0.018313
v -0.013341 0.001000 0.019505
v -0.013973 0.001000 0.020434
v -0.027985 0.001000 0.034447
v -0.028915 0.001000 0.035079
v -0.034121 0.001000 0.042163
v -0.035910 0.001000 0.050042
v -0.040884 0.001000 0.048928
v -0.038017 0.001000 0.053142
v -0.039247 0.001000 0.046438
v -0.037699 0.001000 0.045350
v -0.036611 0.001000 0.043801
v -0.036113 0.001000 0.041975
v -0.041072 0.001000 0.046936
v -0.038839 0.001000 0.057113
v -0.044130 0.001000 0.048517
v -0.046892 0.001000 0.046763
v -0.045171 0.001000 0.069065
v -0.069076 0.001000 0.045161
v -0.045000 0.001000 0.069295
v -0.035910 0.001000 0.064184
v -0.038017 0.001000 0.061085
v -0.044898 0.001000 0.069577
v -0.044884 0.001000 0.069877
v -0.030787 0.001000 0.069308
v -0.035535 0.001000 0.080772
v -0.033622 0.001000 0.081153
v -0.044955 0.001000 0.070155
v -0.029165 0.001000 0.070392
v -0.032000 0.001000 0.082237
v -0.027251 0.001000 0.070772
v -0.017832 0.001000 0.081389
v -0.017686 0.001000 0.081143
v -0.017464 0.001000 0.080941
v -0.017192 0.001000 0.080813
v -0.016908 0.001000 0.080772
v 0.027240 0.001000 0.070772
v 0.017674 0.001000 0.081143
v 0.031989 0.001000 0.082237
v 0.017821 0.001000 0.081389
v 0.029154 0.001000 0.070392
v 0.016897 0.001000 0.080772
v 0.017181 0.001000 0.080813
v 0.017453 0.001000 0.080941
v 0.017892 0.001000 0.081667
v 0.017878 0.001000 0.081967
v 0.017776 0.001000 0.082249
v 0.017604 0.001000 0.082479
v 0.007065 0.001000 0.093018
v 0.007065 0.001000 0.107160
v 0.003966 0.001000 0.109266
v 0.003096 0.001000 0.103444
v 0.002353 0.001000 0.104575
v 0.003330 0.001000 0.102216
v 0.003096 0.001000 0.100988
v 0.002353 0.001000 0.099857
v 0.003966 0.001000 0.095124
v 0.001222 0.001000 0.099114
v -0.000006 0.001000 0.095947
v -0.000006 0.001000 0.098880
v -0.001234 0.001000 0.099114
v -0.003977 0.001000 0.095124
v -0.002364 0.001000 0.099857
v -0.003107 0.001000 0.100988
v -0.007077 0.001000 0.093018
v -0.003342 0.001000 0.102216
v -0.007077 0.001000 0.107160
v -0.017615 0.001000 0.082479
v -0.017787 0.001000 0.082249
v -0.017889 0.001000 0.081967
v -0.017903 0.001000 0.081667
v -0.002364 0.001000 0.104575
v -0.003107 0.001000 0.103444
v -0.003977 0.001000 0.109266
v -0.001234 0.001000 0.105317
v -0.000006 0.001000 0.110089
v -0.000006 0.001000 0.105552
v 0.001222 0.001000 0.105317
v -0.045101 0.001000 0.070402
v -0.045323 0.001000 0.070604
v -0.045595 0.001000 0.070731
v -0.045879 0.001000 0.070772
v -0.060505 0.001000 0.073494
v -0.060783 0.001000 0.070772
v -0.060505 0.001000 0.080772
v -0.062505 0.001000 0.073494
v -0.064464 0.001000 0.070070
v -0.068951 0.001000 0.072276
v -0.069225 0.001000 0.070951
v -0.067854 0.001000 0.067843
v -0.070081 0.001000 0.064453
v -0.070961 0.001000 0.069215
v -0.069928 0.001000 0.069917
v -0.072286 0.001000 0.068940
v -0.073504 0.001000 0.062494
v -0.073611 0.001000 0.069215
v -0.074645 0.001000 0.069917
v -0.075348 0.001000 0.070951
v -0.080782 0.001000 0.062494
v -0.080782 0.001000 0.070772
v -0.075622 0.001000 0.072276
v -0.080080 0.001000 0.074453
v -0.075348 0.001000 0.073601
v -0.077854 0.001000 0.077843
v -0.074645 0.001000 0.074635
v -0.073611 0.001000 0.075338
v -0.074464 0.001000 0.080070
v -0.072286 0.001000 0.075612
v -0.070783 0.001000 0.080772
v -0.070961 0.001000 0.075338
v -0.069928 0.001000 0.074635
v -0.062505 0.001000 0.080772
v -0.069225 0.001000 0.073601
v -0.073504 0.001000 0.060494
v -0.070783 0.001000 0.060772
v -0.070783 0.001000 0.045868
v -0.080782 0.001000 0.035525
v -0.080782 0.001000 0.060494
v -0.070741 0.001000 0.045584
v -0.070614 0.001000 0.045313
v -0.070412 0.001000 0.045091
v -0.070165 0.001000 0.044944
v -0.069318 0.001000 0.030777
v -0.069887 0.001000 0.044874
v -0.069587 0.001000 0.044887
v -0.064194 0.001000 0.035900
v -0.069306 0.001000 0.044989
v -0.060950 0.001000 0.038068
v -0.057123 0.001000 0.038829
v -0.053297 0.001000 0.038068
v -0.048645 0.001000 0.044001
v -0.049055 0.001000 0.040755
v -0.050052 0.001000 0.035900
v -0.046589 0.001000 0.039171
v -0.047064 0.001000 0.040943
v -0.045477 0.001000 0.037571
v -0.043876 0.001000 0.036459
v -0.042292 0.001000 0.033994
v -0.042104 0.001000 0.035985
v -0.035336 0.001000 0.030096
v -0.039047 0.001000 0.034404
v -0.035089 0.001000 0.028905
v -0.034457 0.001000 0.027975
v -0.020445 0.001000 0.013963
v -0.019515 0.001000 0.013331
v -0.018323 0.001000 0.013084
v -0.035089 0.001000 0.031288
v -0.034457 0.001000 0.032218
v -0.036286 0.001000 0.036157
v -0.032228 0.001000 0.034447
v -0.034533 0.001000 0.038918
v -0.030107 0.001000 0.035326
v -0.031298 0.001000 0.035079
v -0.070402 0.001000 0.029154
v -0.070783 0.001000 0.027241
v -0.081163 0.001000 0.033612
v -0.082247 0.001000 0.031990
v -0.081978 0.001000 0.017879
v -0.081678 0.001000 0.017893
v -0.081400 0.001000 0.017822
v -0.082490 0.001000 0.017605
v -0.082260 0.001000 0.017777
v -0.107170 0.001000 0.007066
v -0.109277 0.001000 0.003967
v -0.104585 0.001000 0.002354
v -0.103454 0.001000 0.003097
v -0.102226 0.001000 0.003331
v -0.093028 0.001000 0.007066
v -0.100998 0.001000 0.003097
v -0.095135 0.001000 0.003967
v -0.099867 0.001000 0.002354
v -0.099124 0.001000 0.001223
v -0.095957 0.001000 -0.000005
v -0.099124 0.001000 -0.001233
v -0.098890 0.001000 -0.000005
v -0.095135 0.001000 -0.003976
v -0.099867 0.001000 -0.002364
v -0.100998 0.001000 -0.003106
v -0.093028 0.001000 -0.007076
v -0.102226 0.001000 -0.003341
v -0.107170 0.001000 -0.007076
v -0.082490 0.001000 -0.017614
v -0.082247 0.001000 -0.031999
v -0.082260 0.001000 -0.017786
v -0.081978 0.001000 -0.017888
v -0.081678 0.001000 -0.017902
v -0.081400 0.001000 -0.017831
v -0.070783 0.001000 -0.027250
v -0.081153 0.001000 -0.017684
v -0.080951 0.001000 -0.017463
v -0.080824 0.001000 -0.017191
v -0.080782 0.001000 -0.016907
v -0.080782 0.001000 0.016898
v -0.080824 0.001000 0.017182
v -0.080951 0.001000 0.017454
v -0.081153 0.001000 0.017675
v -0.081163 0.001000 -0.033621
v -0.070402 0.001000 -0.029164
v -0.080782 0.001000 -0.035535
v -0.069318 0.001000 -0.030786
v -0.069887 0.001000 -0.044883
v -0.070165 0.001000 -0.044954
v -0.064194 0.001000 -0.035910
v -0.069306 0.001000 -0.044999
v -0.069587 0.001000 -0.044897
v -0.060950 0.001000 -0.038077
v -0.057123 0.001000 -0.038839
v -0.053297 0.001000 -0.038077
v -0.048527 0.001000 -0.044129
v -0.048938 0.001000 -0.040883
v -0.050052 0.001000 -0.035910
v -0.046448 0.001000 -0.039246
v -0.046947 0.001000 -0.041071
v -0.045360 0.001000 -0.037698
v -0.043811 0.001000 -0.036610
v -0.042173 0.001000 -0.034120
v -0.041985 0.001000 -0.036112
v -0.038928 0.001000 -0.034532
v -0.035336 0.001000 -0.030106
v -0.035089 0.001000 -0.028914
v -0.034457 0.001000 -0.027985
v -0.020445 0.001000 -0.013972
v -0.019515 0.001000 -0.013340
v -0.018323 0.001000 -0.013094
v -0.035089 0.001000 -0.031298
v -0.034457 0.001000 -0.032227
v -0.032228 0.001000 -0.034456
v -0.036167 0.001000 -0.036285
v -0.034415 0.001000 -0.039047
v -0.031298 0.001000 -0.035088
v -0.030107 0.001000 -0.035335
v -0.070412 0.001000 -0.045100
v -0.070614 0.001000 -0.045322
v -0.070741 0.001000 -0.045593
v -0.070783 0.001000 -0.045878
v -0.070783 0.001000 -0.060782
v -0.073504 0.001000 -0.060504
v -0.080782 0.001000 -0.060504
v -0.073504 0.001000 -0.062504
v -0.080782 0.001000 -0.062504
v -0.073611 0.001000 -0.069224
v -0.074645 0.001000 -0.069927
v -0.072286 0.001000 -0.068950
v -0.070081 0.001000 -0.064463
v -0.070961 0.001000 -0.069224
v -0.067854 0.001000 -0.067853
v -0.069927 0.001000 -0.069927
v -0.069225 0.001000 -0.070961
v -0.064464 0.001000 -0.070080
v -0.068950 0.001000 -0.072286
v -0.060783 0.001000 -0.070782
v -0.062505 0.001000 -0.073504
v -0.060505 0.001000 -0.073504
v -0.069225 0.001000 -0.073610
v -0.069927 0.001000 -0.074644
v -0.062505 0.001000 -0.080782
v -0.070783 0.001000 -0.080782
v -0.072286 0.001000 -0.075621
v -0.074464 0.001000 -0.080079
v -0.070961 0.001000 -0.075347
v -0.073611 0.001000 -0.075347
v -0.077854 0.001000 -0.077853
v -0.075348 0.001000 -0.073610
v -0.080080 0.001000 -0.074463
v -0.074645 0.001000 -0.074644
v -0.075622 0.001000 -0.072286
v -0.080782 0.001000 -0.070782
v -0.075348 0.001000 -0.070961
v -0.103454 0.001000 -0.003106
v -0.104585 0.001000 -0.002364
v -0.109277 0.001000 -0.003976
v -0.105328 0.001000 -0.001233
v -0.110099 0.001000 -0.000005
v -0.105328 0.001000 0.001223
v -0.105562 0.001000 -0.000005
v -0.000006 0.001000 0.018279
v -0.005166 0.001000 0.010156
v 0.005155 0.001000 0.010156
v -0.005166 0.001000 -0.010166
v -0.000006 0.001000 -0.018289
v 0.005155 0.001000 -0.010166
v 0.003821 0.001000 -0.019050
v 0.006996 0.001000 -0.009815
v 0.008691 0.001000 -0.008701
v 0.013962 0.001000 -0.016201
v 0.013330 0.001000 -0.017131
v 0.007065 0.001000 -0.021218
v 0.013083 0.001000 -0.018323
v 0.013330 0.001000 -0.019514
v 0.013962 0.001000 -0.020444
v 0.027974 0.001000 -0.034456
v 0.034110 0.001000 -0.042172
v 0.028904 0.001000 -0.035088
v 0.035899 0.001000 -0.050052
v 0.038006 0.001000 -0.053151
v 0.039236 0.001000 -0.046447
v 0.037688 0.001000 -0.045359
v 0.036600 0.001000 -0.043810
v 0.040873 0.001000 -0.048937
v 0.041061 0.001000 -0.046946
v 0.044119 0.001000 -0.048526
v 0.038828 0.001000 -0.057123
v 0.038006 0.001000 -0.061094
v 0.035899 0.001000 -0.064194
v 0.044989 0.001000 -0.069305
v 0.044887 0.001000 -0.069587
v 0.044873 0.001000 -0.069886
v 0.036101 0.001000 -0.041984
v 0.030096 0.001000 -0.035335
v 0.034522 0.001000 -0.038927
v 0.031287 0.001000 -0.035088
v 0.032217 0.001000 -0.034456
v 0.034446 0.001000 -0.032227
v 0.036275 0.001000 -0.036166
v 0.039036 0.001000 -0.034414
v 0.035078 0.001000 -0.031298
v 0.035325 0.001000 -0.030106
v 0.035078 0.001000 -0.028914
v 0.016191 0.001000 -0.013972
v -0.035995 0.001000 -0.042104
v -0.040953 0.001000 -0.047063
v 0.081152 0.001000 -0.033621
v 0.082236 0.001000 -0.031999
v 0.070391 0.001000 -0.029164
v 0.070772 0.001000 -0.027250
v 0.080771 0.001000 -0.016907
v 0.080813 0.001000 -0.017192
v 0.070772 0.001000 0.027241
v 0.080940 0.001000 -0.017463
v 0.081142 0.001000 -0.017685
v 0.081389 0.001000 -0.017831
v 0.081667 0.001000 -0.017902
v 0.081966 0.001000 -0.017888
v 0.082249 0.001000 -0.017786
v 0.082478 0.001000 -0.017615
v 0.093017 0.001000 -0.007076
v 0.107159 0.001000 -0.007076
v 0.109266 0.001000 -0.003977
v 0.103443 0.001000 -0.003106
v 0.104574 0.001000 -0.002363
v 0.102215 0.001000 -0.003341
v 0.100987 0.001000 -0.003106
v 0.099856 0.001000 -0.002363
v 0.095124 0.001000 -0.003977
v 0.099113 0.001000 -0.001233
v 0.095946 0.001000 -0.000005
v 0.098879 0.001000 -0.000005
v 0.099113 0.001000 0.001223
v 0.095124 0.001000 0.003967
v 0.100987 0.001000 0.003097
v 0.093017 0.001000 0.007066
v 0.099856 0.001000 0.002354
v 0.082478 0.001000 0.017605
v 0.102215 0.001000 0.003331
v 0.107159 0.001000 0.007066
v 0.082236 0.001000 0.031990
v 0.109266 0.001000 0.003967
v 0.104574 0.001000 0.002354
v 0.103443 0.001000 0.003097
v 0.105317 0.001000 0.001223
v 0.105551 0.001000 -0.000005
v 0.110088 0.001000 -0.000005
v 0.105317 0.001000 -0.001233
v 0.081152 0.001000 0.033612
v 0.081966 0.001000 0.017879
v 0.081667 0.001000 0.017892
v 0.081389 0.001000 0.017822
v 0.082249 0.001000 0.017777
v 0.081142 0.001000 0.017675
v 0.080940 0.001000 0.017453
v 0.080813 0.001000 0.017182
v 0.080771 0.001000 0.016898
v 0.080771 0.001000 0.035525
v 0.070391 0.001000 0.029154
v 0.069307 0.001000 0.030776
v 0.070154 0.001000 0.044944
v 0.069876 0.001000 0.044874
v 0.069576 0.001000 0.044887
v 0.070401 0.001000 0.045091
v 0.070603 0.001000 0.045312
v 0.070730 0.001000 0.045584
v 0.070772 0.001000 0.045868
v 0.080771 0.001000 0.060494
v 0.042093 0.001000 -0.035995
v 0.018312 0.001000 0.013084
v 0.019504 0.001000 0.013331
v 0.041974 0.001000 0.036102
v 0.069916 0.001000 0.074635
v 0.069214 0.001000 0.073601
v 0.069916 -0.001000 0.074635
v 0.069214 -0.001000 0.073601
v 0.068939 -0.001000 0.072276
v 0.068939 0.001000 0.072276
v 0.069214 -0.001000 0.070951
v 0.069214 0.001000 0.070951
v 0.069916 -0.001000 0.069917
v 0.070950 -0.001000 0.069215
v 0.069916 0.001000 0.069917
v 0.070950 0.001000 0.069215
v 0.072275 0.001000 0.068940
v 0.073600 0.001000 0.069215
v 0.072275 -0.001000 0.068940
v 0.073600 -0.001000 0.069215
v 0.074634 -0.001000 0.069917
v 0.075337 -0.001000 0.070951
v 0.074634 0.001000 0.069917
v 0.075337 0.001000 0.070951
v 0.075611 0.001000 0.072276
v 0.075611 -0.001000 0.072276
v 0.075337 0.001000 0.073601
v 0.074634 0.001000 0.074635
v 0.075337 -0.001000 0.073601
v 0.074634 -0.001000 0.074635
v 0.073600 -0.001000 0.075338
v 0.073600 0.001000 0.075338
v 0.072275 -0.001000 0.075612
v 0.072275 0.001000 0.075612
v 0.070950 -0.001000 0.075338
v 0.070950 0.001000 0.075338
v 0.069916 -0.001000 0.074635
v 0.069916 0.001000 0.074635
v -0.102226 0.001000 -0.003341
v -0.100998 0.001000 -0.003106
v -0.102226 -0.001000 -0.003341
v -0.100998 -0.001000 -0.003106
v -0.099867 -0.001000 -0.002364
v -0.099124 -0.001000 -0.001233
v -0.099867 0.001000 -0.002364
v -0.099124 0.001000 -0.001233
v -0.098890 0.001000 -0.000005
v -0.099124 0.001000 0.001223
v -0.098890 -0.001000 -0.000005
v -0.099124 -0.001000 0.001223
v -0.099867 -0.001000 0.002354
v -0.100998 -0.001000 0.003097
v -0.099867 0.001000 0.002354
v -0.100998 0.001000 0.003097
v -0.102226 0.001000 0.003331
v -0.102226 -0.001000 0.003331
v -0.103454 0.001000 0.003097
v -0.104585 0.001000 0.002354
v -0.103454 -0.001000 0.003097
v -0.104585 -0.001000 0.002354
v -0.105328 -0.001000 0.001223
v -0.105328 0.001000 0.001223
v -0.105562 -0.001000 -0.000005
v -0.105562 0.001000 -0.000005
v -0.105328 -0.001000 -0.001233
v -0.105328 0.001000 -0.001233
v -0.104585 -0.001000 -0.002364
v -0.104585 0.001000 -0.002364
v -0.103454 -0.001000 -0.003106
v -0.102226 -0.001000 -0.003341
v -0.103454 0.001000 -0.003106
v -0.102226 0.001000 -0.003341
v 0.074634 0.001000 -0.069927
v 0.073600 0.001000 -0.069224
v 0.074634 -0.001000 -0.069927
v 0.073600 -0.001000 -0.069224
v 0.072275 -0.001000 -0.068950
v 0.070950 -0.001000 -0.069224
v 0.072275 0.001000 -0.068950
v 0.070950 0.001000 -0.069224
v 0.069916 0.001000 -0.069927
v 0.069214 0.001000 -0.070961
v 0.069916 -0.001000 -0.069927
v 0.069214 -0.001000 -0.070961
v 0.068939 -0.001000 -0.072285
v 0.068939 0.001000 -0.072285
v 0.069214 -0.001000 -0.073610
v 0.069214 0.001000 -0.073610
v 0.069916 -0.001000 -0.074644
v 0.070950 -0.001000 -0.075347
v 0.069916 0.001000 -0.074644
v 0.070950 0.001000 -0.075347
v 0.072275 0.001000 -0.075621
v 0.072275 -0.001000 -0.075621
v 0.073600 0.001000 -0.075347
v 0.074634 0.001000 -0.074644
v 0.073600 -0.001000 -0.075347
v 0.074634 -0.001000 -0.074644
v 0.075337 -0.001000 -0.073610
v 0.075611 -0.001000 -0.072285
v 0.075337 0.001000 -0.073610
v 0.075611 0.001000 -0.072285
v 0.075337 0.001000 -0.070961
v 0.074634 0.001000 -0.069927
v 0.075337 -0.001000 -0.070961
v 0.074634 -0.001000 -0.069927
v 0.003330 0.001000 -0.102225
v 0.003096 0.001000 -0.100997
v 0.003330 -0.001000 -0.102225
v 0.003096 -0.001000 -0.100997
v 0.002353 -0.001000 -0.099866
v 0.001223 -0.001000 -0.099124
v 0.002353 0.001000 -0.099866
v 0.001223 0.001000 -0.099124
v -0.000006 0.001000 -0.098889
v -0.001233 0.001000 -0.099124
v -0.000006 -0.001000 -0.098889
v -0.001233 -0.001000 -0.099124
v -0.002364 -0.001000 -0.099866
v -0.003107 -0.001000 -0.100997
v -0.002364 0.001000 -0.099866
v -0.003107 0.001000 -0.100997
v -0.003341 0.001000 -0.102225
v -0.003341 -0.001000 -0.102225
v -0.003107 0.001000 -0.103453
v -0.002364 0.001000 -0.104584
v -0.003107 -0.001000 -0.103453
v -0.002364 -0.001000 -0.104584
v -0.001233 -0.001000 -0.105327
v -0.000006 -0.001000 -0.105561
v -0.001233 0.001000 -0.105327
v -0.000006 0.001000 -0.105561
v 0.001223 0.001000 -0.105327
v 0.002353 0.001000 -0.104584
v 0.001223 -0.001000 -0.105327
v 0.002353 -0.001000 -0.104584
v 0.003096 -0.001000 -0.103453
v 0.003096 0.001000 -0.103453
v 0.003330 -0.001000 -0.102225
v 0.003330 0.001000 -0.102225
v 0.102215 0.001000 0.003331
v 0.100987 0.001000 0.003097
v 0.102215 -0.001000 0.003331
v 0.100987 -0.001000 0.003097
v 0.099856 -0.001000 0.002354
v 0.099856 0.001000 0.002354
v 0.099113 -0.001000 0.001223
v 0.099113 0.001000 0.001223
v 0.098879 -0.001000 -0.000005
v 0.098879 0.001000 -0.000005
v 0.099113 -0.001000 -0.001233
v 0.099113 0.001000 -0.001233
v 0.099856 -0.001000 -0.002363
v 0.100987 -0.001000 -0.003106
v 0.099856 0.001000 -0.002363
v 0.100987 0.001000 -0.003106
v 0.102215 0.001000 -0.003341
v 0.102215 -0.001000 -0.003341
v 0.103443 0.001000 -0.003106
v 0.104574 0.001000 -0.002363
v 0.103443 -0.001000 -0.003106
v 0.104574 -0.001000 -0.002363
v 0.105317 -0.001000 -0.001233
v 0.105317 0.001000 -0.001233
v 0.105551 -0.001000 -0.000005
v 0.105551 0.001000 -0.000005
v 0.105317 -0.001000 0.001223
v 0.105317 0.001000 0.001223
v 0.104574 -0.001000 0.002354
v 0.104574 0.001000 0.002354
v 0.103443 -0.001000 0.003097
v 0.103443 0.001000 0.003097
v 0.102215 -0.001000 0.003331
v 0.102215 0.001000 0.003331
v -0.069927 0.001000 -0.074644
v -0.069225 0.001000 -0.073610
v -0.069927 -0.001000 -0.074644
v -0.069225 -0.001000 -0.073610
v -0.068950 -0.001000 -0.072286
v -0.069225 -0.001000 -0.070961
v -0.068950 0.001000 -0.072286
v -0.069225 0.001000 -0.070961
v -0.069927 0.001000 -0.069927
v -0.070961 0.001000 -0.069224
v -0.069927 -0.001000 -0.069927
v -0.070961 -0.001000 -0.069224
v -0.072286 -0.001000 -0.068950
v -0.073611 -0.001000 -0.069224
v -0.072286 0.001000 -0.068950
v -0.073611 0.001000 -0.069224
v -0.074645 0.001000 -0.069927
v -0.074645 -0.001000 -0.069927
v -0.075348 0.001000 -0.070961
v -0.075622 0.001000 -0.072286
v -0.075348 -0.001000 -0.070961
v -0.075622 -0.001000 -0.072286
v -0.075348 -0.001000 -0.073610
v -0.075348 0.001000 -0.073610
v -0.074645 -0.001000 -0.074644
v -0.074645 0.001000 -0.074644
v -0.073611 -0.001000 -0.075347
v -0.073611 0.001000 -0.075347
v -0.072286 -0.001000 -0.075621
v -0.072286 0.001000 -0.075621
v -0.070961 -0.001000 -0.075347
v -0.069927 -0.001000 -0.074644
v -0.070961 0.001000 -0.075347
v -0.069927 0.001000 -0.074644
v -0.074645 0.001000 0.069917
v -0.073611 0.001000 0.069215
v -0.074645 -0.001000 0.069917
v -0.073611 -0.001000 0.069215
v -0.072286 -0.001000 0.068940
v -0.070961 -0.001000 0.069215
v -0.072286 0.001000 0.068940
v -0.070961 0.001000 0.069215
v -0.069928 0.001000 0.069917
v -0.069225 0.001000 0.070951
v -0.069928 -0.001000 0.069917
v -0.069225 -0.001000 0.070951
v -0.068951 -0.001000 0.072276
v -0.068951 0.001000 0.072276
v -0.069225 -0.001000 0.073601
v -0.069225 0.001000 0.073601
v -0.069928 -0.001000 0.074635
v -0.070961 -0.001000 0.075338
v -0.069928 0.001000 0.074635
v -0.070961 0.001000 0.075338
v -0.072286 0.001000 0.075612
v -0.072286 -0.001000 0.075612
v -0.073611 0.001000 0.075338
v -0.074645 0.001000 0.074635
v -0.073611 -0.001000 0.075338
v -0.074645 -0.001000 0.074635
v -0.075348 -0.001000 0.073601
v -0.075622 -0.001000 0.072276
v -0.075348 0.001000 0.073601
v -0.075622 0.001000 0.072276
v -0.075348 0.001000 0.070951
v -0.074645 0.001000 0.069917
v -0.075348 -0.001000 0.070951
v -0.074645 -0.001000 0.069917
v -0.003342 0.001000 0.102216
v -0.003107 0.001000 0.100988
v -0.003342 -0.001000 0.102216
v -0.003107 -0.001000 0.100988
v -0.002364 -0.001000 0.099857
v -0.002364 0.001000 0.099857
v -0.001234 -0.001000 0.099114
v -0.000006 -0.001000 0.098880
v -0.001234 0.001000 0.099114
v -0.000006 0.001000 0.098880
v 0.001222 0.001000 0.099114
v 0.001222 -0.001000 0.099114
v 0.002353 0.001000 0.099857
v 0.003096 0.001000 0.100988
v 0.002353 -0.001000 0.099857
v 0.003096 -0.001000 0.100988
v 0.003330 -0.001000 0.102216
v 0.003330 0.001000 0.102216
v 0.003096 -0.001000 0.103444
v 0.002353 -0.001000 0.104575
v 0.003096 0.001000 0.103444
v 0.002353 0.001000 0.104575
v 0.001222 0.001000 0.105317
v 0.001222 -0.001000 0.105317
v -0.000006 0.001000 0.105552
v -0.000006 -0.001000 0.105552
v -0.001234 0.001000 0.105317
v -0.002364 0.001000 0.104575
v -0.001234 -0.001000 0.105317
v -0.002364 -0.001000 0.104575
v -0.003107 -0.001000 0.103444
v -0.003342 -0.001000 0.102216
v -0.003107 0.001000 0.103444
v -0.003342 0.001000 0.102216
v 0.032217 0.001000 0.034447
v 0.034446 -0.000000 0.032218
v 0.034446 0.001000 0.032218
v 0.032217 -0.001000 0.034447
v 0.034446 -0.001000 0.032218
v 0.032217 0.001000 0.034447
v 0.031287 0.001000 0.035079
v 0.032217 -0.001000 0.034447
v 0.031287 -0.001000 0.035079
v 0.030096 -0.001000 0.035326
v 0.028904 -0.001000 0.035079
v 0.030096 0.001000 0.035326
v 0.028904 0.001000 0.035079
v 0.027974 0.001000 0.034447
v 0.027974 -0.001000 0.034447
v 0.027974 0.001000 0.034447
v 0.027974 -0.001000 0.034447
v 0.013962 0.001000 0.020434
v 0.013962 -0.001000 0.020434
v 0.013962 -0.001000 0.020434
v 0.013962 0.001000 0.020434
v 0.013330 -0.001000 0.019505
v 0.013083 -0.001000 0.018313
v 0.013330 0.001000 0.019505
v 0.013083 0.001000 0.018313
v 0.013330 0.001000 0.017122
v 0.013962 0.001000 0.016192
v 0.013330 -0.001000 0.017122
v 0.013962 -0.001000 0.016192
v 0.013962 0.001000 0.016192
v 0.013962 -0.001000 0.016192
v 0.016191 0.001000 0.013963
v 0.016191 -0.001000 0.013963
v 0.016191 -0.001000 0.013963
v 0.016191 0.001000 0.013963
v 0.017121 -0.001000 0.013331
v 0.018312 -0.001000 0.013084
v 0.017121 0.001000 0.013331
v 0.018312 0.001000 0.013084
v 0.019504 0.001000 0.013331
v 0.020434 0.001000 0.013963
v 0.019504 -0.001000 0.013331
v 0.020434 -0.001000 0.013963
v 0.020434 -0.001000 0.013963
v 0.020434 0.001000 0.013963
v 0.034446 -0.001000 0.027975
v 0.034446 0.001000 0.027975
v 0.034446 0.001000 0.027975
v 0.035078 0.001000 0.028905
v 0.034446 -0.001000 0.027975
v 0.035078 -0.001000 0.028905
v 0.035325 -0.001000 0.030096
v 0.035078 -0.001000 0.031288
v 0.035325 0.001000 0.030096
v 0.035078 0.001000 0.031288
v 0.034446 0.001000 0.032218
v 0.034446 -0.000000 0.032218
v 0.034446 -0.001000 0.032218
v 0.032217 0.001000 -0.034456
v 0.034446 0.001000 -0.032227
v 0.032217 0.000000 -0.034456
v 0.032217 -0.001000 -0.034456
v 0.034446 -0.001000 -0.032227
v 0.034446 -0.001000 -0.032227
v 0.034446 0.001000 -0.032227
v 0.035078 -0.001000 -0.031298
v 0.035325 -0.001000 -0.030106
v 0.035078 0.001000 -0.031298
v 0.035325 0.001000 -0.030106
v 0.035078 0.001000 -0.028914
v 0.034446 0.001000 -0.027985
v 0.035078 -0.001000 -0.028914
v 0.034446 -0.001000 -0.027985
v 0.034446 0.001000 -0.027985
v 0.034446 -0.001000 -0.027985
v 0.020434 0.001000 -0.013972
v 0.020434 -0.001000 -0.013972
v 0.020434 -0.001000 -0.013972
v 0.020434 0.001000 -0.013972
v 0.019504 -0.001000 -0.013340
v 0.018312 -0.001000 -0.013094
v 0.019504 0.001000 -0.013340
v 0.018312 0.001000 -0.013094
v 0.017121 0.001000 -0.013340
v 0.017121 -0.001000 -0.013340
v 0.016191 0.001000 -0.013972
v 0.016191 -0.001000 -0.013972
v 0.016191 0.001000 -0.013972
v 0.016191 -0.001000 -0.013972
v 0.013962 0.001000 -0.016201
v 0.013962 -0.001000 -0.016201
v 0.013962 -0.001000 -0.016201
v 0.013962 0.001000 -0.016201
v 0.013330 -0.001000 -0.017131
v 0.013083 -0.001000 -0.018323
v 0.013330 0.001000 -0.017131
v 0.013083 0.001000 -0.018323
v 0.013330 0.001000 -0.019514
v 0.013962 0.001000 -0.020444
v 0.013330 -0.001000 -0.019514
v 0.013962 -0.001000 -0.020444
v 0.027974 0.001000 -0.034456
v 0.027974 -0.001000 -0.034456
v 0.013962 0.001000 -0.020444
v 0.013962 -0.001000 -0.020444
v 0.027974 0.001000 -0.034456
v 0.028904 0.001000 -0.035088
v 0.027974 -0.001000 -0.034456
v 0.028904 -0.001000 -0.035088
v 0.030096 -0.001000 -0.035335
v 0.030096 0.001000 -0.035335
v 0.031287 -0.001000 -0.035088
v 0.032217 -0.001000 -0.034456
v 0.032217 0.000000 -0.034456
v 0.031287 0.001000 -0.035088
v 0.032217 0.001000 -0.034456
v -0.034457 0.001000 -0.032227
v -0.034457 -0.001000 -0.032227
v -0.032228 0.000000 -0.034456
v -0.032228 0.001000 -0.034456
v -0.032228 -0.001000 -0.034456
v -0.027985 0.001000 -0.034456
v -0.027985 -0.001000 -0.034456
v -0.028915 0.001000 -0.035088
v -0.030107 0.001000 -0.035335
v -0.028915 -0.001000 -0.035088
v -0.030107 -0.001000 -0.035335
v -0.031298 -0.001000 -0.035088
v -0.031298 0.001000 -0.035088
v -0.032228 -0.001000 -0.034456
v -0.032228 0.000000 -0.034456
v -0.032228 0.001000 -0.034456
v -0.027985 0.001000 -0.034456
v -0.027985 -0.001000 -0.034456
v -0.013973 0.001000 -0.020444
v -0.013973 -0.001000 -0.020444
v -0.013973 -0.001000 -0.020444
v -0.013973 0.001000 -0.020444
v -0.013341 -0.001000 -0.019514
v -0.013094 -0.001000 -0.018323
v -0.013341 0.001000 -0.019514
v -0.013094 0.001000 -0.018323
v -0.013341 0.001000 -0.017131
v -0.013973 0.001000 -0.016201
v -0.013341 -0.001000 -0.017131
v -0.013973 -0.001000 -0.016201
v -0.013973 0.001000 -0.016201
v -0.013973 -0.001000 -0.016201
v -0.016202 0.000000 -0.013972
v -0.016202 0.001000 -0.013972
v -0.016202 -0.001000 -0.013972
v -0.020445 0.001000 -0.013972
v -0.019515 0.001000 -0.013340
v -0.020445 -0.001000 -0.013972
v -0.019515 -0.001000 -0.013340
v -0.018323 -0.001000 -0.013094
v -0.017132 -0.001000 -0.013340
v -0.018323 0.001000 -0.013094
v -0.017132 0.001000 -0.013340
v -0.016202 0.000000 -0.013972
v -0.016202 0.001000 -0.013972
v -0.016202 -0.001000 -0.013972
v -0.020445 0.001000 -0.013972
v -0.020445 -0.001000 -0.013972
v -0.034457 0.001000 -0.027985
v -0.034457 -0.001000 -0.027985
v -0.034457 -0.001000 -0.027985
v -0.034457 0.001000 -0.027985
v -0.035089 -0.001000 -0.028914
v -0.035336 -0.001000 -0.030106
v -0.035089 0.001000 -0.028914
v -0.035336 0.001000 -0.030106
v -0.035089 0.001000 -0.031298
v -0.034457 0.001000 -0.032227
v -0.035089 -0.001000 -0.031298
v -0.034457 -0.001000 -0.032227
v -0.032228 0.001000 0.034447
v -0.032228 -0.001000 0.034447
v -0.034457 -0.000000 0.032218
v -0.034457 0.001000 0.032218
v -0.034457 -0.001000 0.032218
v -0.034457 0.001000 0.027975
v -0.035089 0.001000 0.028905
v -0.034457 -0.001000 0.027975
v -0.035089 -0.001000 0.028905
v -0.035336 -0.001000 0.030096
v -0.035089 -0.001000 0.031288
v -0.035336 0.001000 0.030096
v -0.035089 0.001000 0.031288
v -0.034457 -0.000000 0.032218
v -0.034457 0.001000 0.032218
v -0.034457 -0.001000 0.032218
v -0.034457 0.001000 0.027975
v -0.034457 -0.001000 0.027975
v -0.020445 0.001000 0.013963
v -0.020445 -0.001000 0.013963
v -0.020445 -0.001000 0.013963
v -0.020445 0.001000 0.013963
v -0.019515 -0.001000 0.013331
v -0.018323 -0.001000 0.013084
v -0.019515 0.001000 0.013331
v -0.018323 0.001000 0.013084
v -0.017132 0.001000 0.013331
v -0.017132 -0.001000 0.013331
v -0.016202 0.001000 0.013963
v -0.016202 -0.001000 0.013963
v -0.016202 -0.001000 0.013963
v -0.016202 0.001000 0.013963
v -0.013973 -0.001000 0.016192
v -0.013973 0.001000 0.016192
v -0.013973 0.001000 0.016192
v -0.013341 0.001000 0.017122
v -0.013973 -0.001000 0.016192
v -0.013341 -0.001000 0.017122
v -0.013094 -0.001000 0.018313
v -0.013094 0.001000 0.018313
v -0.013341 -0.001000 0.019505
v -0.013973 -0.001000 0.020434
v -0.013341 0.001000 0.019505
v -0.013973 0.001000 0.020434
v -0.013973 0.001000 0.020434
v -0.013973 -0.001000 0.020434
v -0.027985 0.001000 0.034447
v -0.027985 -0.001000 0.034447
v -0.027985 -0.001000 0.034447
v -0.027985 0.001000 0.034447
v -0.028915 -0.001000 0.035079
v -0.030107 -0.001000 0.035326
v -0.028915 0.001000 0.035079
v -0.030107 0.001000 0.035326
v -0.031298 0.001000 0.035079
v -0.032228 0.001000 0.034447
v -0.031298 -0.001000 0.035079
v -0.032228 -0.001000 0.034447
v -0.005166 0.001000 -0.010166
v -0.005166 0.000000 -0.010166
v 0.005155 0.001000 -0.010166
v 0.005155 0.000000 -0.010166
v 0.005155 -0.001000 -0.010166
v -0.005166 -0.001000 -0.010166
v 0.010155 0.001000 -0.005166
v 0.010072 0.001000 -0.006075
v 0.010155 -0.001000 -0.005166
v 0.010072 -0.001000 -0.006075
v 0.009804 -0.001000 -0.007006
v 0.009804 0.001000 -0.007006
v 0.009340 -0.001000 -0.007902
v 0.008691 -0.001000 -0.008701
v 0.009340 0.001000 -0.007902
v 0.008691 0.001000 -0.008701
v 0.007891 0.001000 -0.009351
v 0.007891 -0.001000 -0.009351
v 0.006996 0.001000 -0.009815
v 0.006996 -0.001000 -0.009815
v 0.006065 0.001000 -0.010082
v 0.006065 -0.001000 -0.010082
v 0.005155 0.000000 -0.010166
v 0.005155 0.001000 -0.010166
v 0.005155 -0.001000 -0.010166
v 0.010155 0.001000 -0.005166
v 0.010155 -0.000000 0.005156
v 0.010155 -0.001000 -0.005166
v 0.010155 0.001000 0.005156
v 0.010155 -0.001000 0.005156
v 0.010155 0.001000 0.005156
v 0.010155 -0.000000 0.005156
v 0.010072 0.001000 0.006066
v 0.010072 -0.001000 0.006066
v 0.009804 0.001000 0.006997
v 0.009804 -0.001000 0.006997
v 0.009340 0.001000 0.007892
v 0.009340 -0.001000 0.007892
v 0.008691 0.001000 0.008692
v 0.007891 0.001000 0.009341
v 0.008691 -0.001000 0.008692
v 0.007891 -0.001000 0.009341
v 0.006996 -0.001000 0.009805
v 0.006065 -0.001000 0.010073
v 0.006996 0.001000 0.009805
v 0.006065 0.001000 0.010073
v 0.005155 0.001000 0.010156
v 0.005155 -0.001000 0.010156
v 0.010155 -0.001000 0.005156
v 0.005155 0.001000 0.010156
v -0.005166 -0.000000 0.010156
v 0.005155 -0.001000 0.010156
v -0.005166 0.001000 0.010156
v -0.005166 -0.001000 0.010156
v -0.005166 0.001000 0.010156
v -0.005166 -0.000000 0.010156
v -0.006076 0.001000 0.010073
v -0.006076 -0.001000 0.010073
v -0.007007 0.001000 0.009805
v -0.007007 -0.001000 0.009805
v -0.007902 0.001000 0.009341
v -0.007902 -0.001000 0.009341
v -0.008702 0.001000 0.008692
v -0.009351 0.001000 0.007892
v -0.008702 -0.001000 0.008692
v -0.009351 -0.001000 0.007892
v -0.009815 -0.001000 0.006997
v -0.010083 -0.001000 0.006066
v -0.009815 0.001000 0.006997
v -0.010083 0.001000 0.006066
v -0.010166 0.001000 0.005156
v -0.010166 -0.001000 0.005156
v -0.005166 -0.001000 0.010156
v -0.010166 -0.001000 0.005156
v -0.010166 0.001000 0.005156
v -0.010166 -0.001000 -0.005166
v -0.010166 0.001000 -0.005166
v -0.010166 0.001000 -0.005166
v -0.010083 0.001000 -0.006075
v -0.010166 -0.001000 -0.005166
v -0.010083 -0.001000 -0.006075
v -0.009815 -0.001000 -0.007006
v -0.009351 -0.001000 -0.007902
v -0.009815 0.001000 -0.007006
v -0.009351 0.001000 -0.007902
v -0.008702 0.001000 -0.008701
v -0.008702 -0.001000 -0.008701
v -0.007902 0.001000 -0.009351
v -0.007007 0.001000 -0.009815
v -0.007902 -0.001000 -0.009351
v -0.007007 -0.001000 -0.009815
v -0.006076 -0.001000 -0.010082
v -0.005166 -0.001000 -0.010166
v -0.005166 0.000000 -0.010166
v -0.006076 0.001000 -0.010082
v -0.005166 0.001000 -0.010166
v -0.045360 0.001000 -0.037698
v -0.045360 0.000000 -0.037698
v -0.045967 0.001000 -0.038419
v -0.045967 -0.001000 -0.038419
v -0.046448 0.001000 -0.039246
v -0.046778 0.001000 -0.040144
v -0.046448 -0.001000 -0.039246
v -0.046778 -0.001000 -0.040144
v -0.046947 -0.001000 -0.041071
v -0.046947 0.001000 -0.041071
v -0.045360 -0.001000 -0.037698
v -0.048938 0.001000 -0.040883
v -0.048914 0.001000 -0.042509
v -0.048938 -0.001000 -0.040883
v -0.048914 -0.001000 -0.042509
v -0.048527 -0.001000 -0.044129
v -0.047792 -0.001000 -0.045624
v -0.048527 0.001000 -0.044129
v -0.047792 0.001000 -0.045624
v -0.046774 0.001000 -0.046891
v -0.046774 -0.001000 -0.046891
v -0.045506 0.001000 -0.047909
v -0.044011 0.001000 -0.048644
v -0.045506 -0.001000 -0.047909
v -0.044011 -0.001000 -0.048644
v -0.042391 -0.001000 -0.049031
v -0.040765 -0.001000 -0.049054
v -0.042391 0.001000 -0.049031
v -0.040765 0.000000 -0.049054
v -0.040765 0.001000 -0.049054
v -0.040765 -0.001000 -0.049054
v -0.040765 0.000000 -0.049054
v -0.040953 -0.001000 -0.047063
v -0.040953 0.000000 -0.047063
v -0.040953 0.001000 -0.047063
v -0.040765 0.001000 -0.049054
v -0.040953 0.001000 -0.047063
v -0.040953 0.000000 -0.047063
v -0.040067 0.001000 -0.046905
v -0.040067 -0.001000 -0.046905
v -0.039182 0.001000 -0.046588
v -0.039182 -0.001000 -0.046588
v -0.038338 0.001000 -0.046108
v -0.037581 0.001000 -0.045476
v -0.038338 -0.001000 -0.046108
v -0.037581 -0.001000 -0.045476
v -0.036949 -0.001000 -0.044719
v -0.036469 -0.001000 -0.043875
v -0.036949 0.001000 -0.044719
v -0.036469 0.001000 -0.043875
v -0.036153 0.001000 -0.042989
v -0.035995 0.000000 -0.042104
v -0.035995 0.001000 -0.042104
v -0.036153 -0.001000 -0.042989
v -0.035995 -0.001000 -0.042104
v -0.040953 -0.001000 -0.047063
v -0.035995 0.001000 -0.042104
v -0.034004 0.001000 -0.042291
v -0.035995 0.000000 -0.042104
v -0.034004 -0.001000 -0.042291
v -0.035995 -0.001000 -0.042104
v -0.034004 -0.001000 -0.042291
v -0.034004 0.001000 -0.042291
v -0.034028 -0.001000 -0.040666
v -0.034415 -0.001000 -0.039047
v -0.034028 0.001000 -0.040666
v -0.034415 0.001000 -0.039047
v -0.035149 0.001000 -0.037552
v -0.036167 0.001000 -0.036285
v -0.035149 -0.001000 -0.037552
v -0.036167 -0.001000 -0.036285
v -0.037434 -0.001000 -0.035267
v -0.038928 -0.001000 -0.034532
v -0.037434 0.001000 -0.035267
v -0.038928 0.001000 -0.034532
v -0.040548 0.001000 -0.034145
v -0.042173 0.001000 -0.034120
v -0.040548 -0.001000 -0.034145
v -0.042173 -0.001000 -0.034120
v -0.042173 0.001000 -0.034120
v -0.042173 -0.001000 -0.034120
v -0.041985 0.001000 -0.036112
v -0.041985 -0.001000 -0.036112
v -0.041985 0.001000 -0.036112
v -0.042913 0.001000 -0.036280
v -0.041985 -0.001000 -0.036112
v -0.042913 -0.001000 -0.036280
v -0.043811 -0.001000 -0.036610
v -0.043811 0.001000 -0.036610
v -0.044639 -0.001000 -0.037091
v -0.045360 -0.001000 -0.037698
v -0.044639 0.001000 -0.037091
v -0.045360 0.001000 -0.037698
v -0.045360 0.000000 -0.037698
v -0.037699 -0.001000 0.045350
v -0.037699 -0.000000 0.045350
v -0.038420 -0.001000 0.045957
v -0.039247 -0.001000 0.046438
v -0.038420 0.001000 0.045957
v -0.037699 0.001000 0.045350
v -0.039247 0.001000 0.046438
v -0.040145 0.001000 0.046768
v -0.040145 -0.001000 0.046768
v -0.041072 0.001000 0.046936
v -0.041072 -0.001000 0.046936
v -0.041072 0.001000 0.046936
v -0.041072 -0.001000 0.046936
v -0.040884 -0.000000 0.048928
v -0.040884 0.001000 0.048928
v -0.040884 -0.001000 0.048928
v -0.040884 0.001000 0.048928
v -0.040884 -0.000000 0.048928
v -0.042510 0.001000 0.048904
v -0.042510 -0.001000 0.048904
v -0.044130 0.001000 0.048517
v -0.045625 0.001000 0.047782
v -0.044130 -0.001000 0.048517
v -0.045625 -0.001000 0.047782
v -0.046892 -0.001000 0.046763
v -0.047910 -0.001000 0.045496
v -0.046892 0.001000 0.046763
v -0.047910 0.001000 0.045496
v -0.048645 0.001000 0.044001
v -0.048645 -0.001000 0.044001
v -0.049032 0.001000 0.042380
v -0.049032 -0.001000 0.042380
v -0.049055 0.001000 0.040755
v -0.049055 -0.001000 0.040755
v -0.040884 -0.001000 0.048928
v -0.049055 -0.001000 0.040755
v -0.049055 0.001000 0.040755
v -0.047064 -0.001000 0.040943
v -0.047064 0.001000 0.040943
v -0.047064 0.001000 0.040943
v -0.046906 0.001000 0.040057
v -0.047064 -0.001000 0.040943
v -0.046906 -0.001000 0.040057
v -0.046589 -0.001000 0.039171
v -0.046109 -0.001000 0.038328
v -0.046589 0.001000 0.039171
v -0.046109 0.001000 0.038328
v -0.045477 0.001000 0.037571
v -0.044719 0.001000 0.036939
v -0.045477 -0.001000 0.037571
v -0.044719 -0.001000 0.036939
v -0.043876 -0.001000 0.036459
v -0.043876 0.001000 0.036459
v -0.042990 -0.001000 0.036143
v -0.042104 -0.001000 0.035985
v -0.042990 0.001000 0.036143
v -0.042104 -0.000000 0.035985
v -0.042104 0.001000 0.035985
v -0.042104 -0.001000 0.035985
v -0.042104 -0.000000 0.035985
v -0.042292 -0.001000 0.033994
v -0.042292 0.001000 0.033994
v -0.042104 0.001000 0.035985
v -0.042292 0.001000 0.033994
v -0.040667 0.001000 0.034018
v -0.042292 -0.001000 0.033994
v -0.040667 -0.001000 0.034018
v -0.039047 -0.001000 0.034404
v -0.037553 -0.001000 0.035139
v -0.039047 0.001000 0.034404
v -0.037553 0.001000 0.035139
v -0.036286 0.001000 0.036157
v -0.035268 0.001000 0.037424
v -0.036286 -0.001000 0.036157
v -0.035268 -0.001000 0.037424
v -0.034533 -0.001000 0.038918
v -0.034533 0.001000 0.038918
v -0.034145 -0.001000 0.040538
v -0.034121 -0.001000 0.042163
v -0.034145 0.001000 0.040538
v -0.034121 -0.000000 0.042163
v -0.034121 0.001000 0.042163
v -0.034121 0.001000 0.042163
v -0.036113 0.001000 0.041975
v -0.034121 -0.000000 0.042163
v -0.034121 -0.001000 0.042163
v -0.036113 -0.001000 0.041975
v -0.036113 0.001000 0.041975
v -0.036281 0.001000 0.042903
v -0.036113 -0.001000 0.041975
v -0.036281 -0.001000 0.042903
v -0.036611 -0.001000 0.043801
v -0.037092 -0.001000 0.044628
v -0.036611 0.001000 0.043801
v -0.037092 0.001000 0.044628
v -0.037699 -0.000000 0.045350
v -0.037699 0.001000 0.045350
v -0.037699 -0.001000 0.045350
v 0.037688 0.001000 -0.045359
v 0.037688 0.000000 -0.045359
v 0.038409 0.001000 -0.045966
v 0.038409 -0.001000 -0.045966
v 0.039236 0.001000 -0.046447
v 0.039236 -0.001000 -0.046447
v 0.040134 0.001000 -0.046777
v 0.040134 -0.001000 -0.046777
v 0.041061 0.000000 -0.046946
v 0.041061 0.001000 -0.046946
v 0.041061 -0.001000 -0.046946
v 0.037688 -0.001000 -0.045359
v 0.041061 0.001000 -0.046946
v 0.040873 0.001000 -0.048937
v 0.041061 0.000000 -0.046946
v 0.041061 -0.001000 -0.046946
v 0.040873 -0.001000 -0.048937
v 0.040873 -0.001000 -0.048937
v 0.040873 0.001000 -0.048937
v 0.042499 -0.001000 -0.048913
v 0.044119 -0.001000 -0.048526
v 0.042499 0.001000 -0.048913
v 0.044119 0.001000 -0.048526
v 0.045614 0.001000 -0.047791
v 0.046881 0.001000 -0.046773
v 0.045614 -0.001000 -0.047791
v 0.046881 -0.001000 -0.046773
v 0.047899 -0.001000 -0.045505
v 0.048634 -0.001000 -0.044010
v 0.047899 0.001000 -0.045505
v 0.048634 0.001000 -0.044010
v 0.049020 0.001000 -0.042390
v 0.049044 0.001000 -0.040764
v 0.049020 -0.001000 -0.042390
v 0.049044 -0.001000 -0.040764
v 0.049044 0.001000 -0.040764
v 0.049044 -0.001000 -0.040764
v 0.047053 0.001000 -0.040952
v 0.047053 -0.001000 -0.040952
v 0.047053 0.001000 -0.040952
v 0.046895 0.001000 -0.040067
v 0.047053 -0.001000 -0.040952
v 0.046895 -0.001000 -0.040067
v 0.046578 -0.001000 -0.039181
v 0.046098 -0.001000 -0.038337
v 0.046578 0.001000 -0.039181
v 0.046098 0.001000 -0.038337
v 0.045465 0.001000 -0.037581
v 0.044708 0.001000 -0.036949
v 0.045465 -0.001000 -0.037581
v 0.044708 -0.001000 -0.036949
v 0.043865 -0.001000 -0.036469
v 0.042979 -0.001000 -0.036152
v 0.043865 0.001000 -0.036469
v 0.042979 0.001000 -0.036152
v 0.042093 0.001000 -0.035995
v 0.042093 -0.001000 -0.035995
v 0.042093 0.001000 -0.035995
v 0.042093 -0.001000 -0.035995
v 0.042281 0.001000 -0.034003
v 0.042281 -0.001000 -0.034003
v 0.042281 0.001000 -0.034003
v 0.040656 0.001000 -0.034027
v 0.042281 -0.001000 -0.034003
v 0.040656 -0.001000 -0.034027
v 0.039036 -0.001000 -0.034414
v 0.037542 -0.001000 -0.035149
v 0.039036 0.001000 -0.034414
v 0.037542 0.001000 -0.035149
v 0.036275 0.001000 -0.036166
v 0.035257 0.001000 -0.037433
v 0.036275 -0.001000 -0.036166
v 0.035257 -0.001000 -0.037433
v 0.034522 -0.001000 -0.038927
v 0.034134 -0.001000 -0.040547
v 0.034522 0.001000 -0.038927
v 0.034134 0.001000 -0.040547
v 0.034110 0.001000 -0.042172
v 0.034110 -0.001000 -0.042172
v 0.034110 0.001000 -0.042172
v 0.034110 -0.001000 -0.042172
v 0.036101 0.001000 -0.041984
v 0.036101 -0.001000 -0.041984
v 0.036101 -0.001000 -0.041984
v 0.036101 0.001000 -0.041984
v 0.036270 -0.001000 -0.042912
v 0.036270 0.001000 -0.042912
v 0.036600 -0.001000 -0.043810
v 0.037081 -0.001000 -0.044638
v 0.036600 0.001000 -0.043810
v 0.037081 0.001000 -0.044638
v 0.037688 0.001000 -0.045359
v 0.037688 0.000000 -0.045359
v 0.037688 -0.001000 -0.045359
v 0.045349 0.001000 0.037689
v 0.045349 -0.000000 0.037689
v 0.045956 0.001000 0.038410
v 0.045956 -0.001000 0.038410
v 0.046437 0.001000 0.039237
v 0.046437 -0.001000 0.039237
v 0.046767 0.001000 0.040135
v 0.046767 -0.001000 0.040135
v 0.046936 -0.000000 0.041062
v 0.046936 0.001000 0.041062
v 0.046936 -0.001000 0.041062
v 0.045349 -0.001000 0.037689
v 0.046936 -0.001000 0.041062
v 0.046936 -0.000000 0.041062
v 0.048927 -0.001000 0.040874
v 0.048927 -0.000000 0.040874
v 0.048927 0.001000 0.040874
v 0.046936 0.001000 0.041062
v 0.048927 0.001000 0.040874
v 0.048903 0.001000 0.042499
v 0.048927 -0.000000 0.040874
v 0.048927 -0.001000 0.040874
v 0.048903 -0.001000 0.042499
v 0.048516 -0.001000 0.044120
v 0.048516 0.001000 0.044120
v 0.047781 -0.001000 0.045615
v 0.046763 -0.001000 0.046882
v 0.047781 0.001000 0.045615
v 0.046763 0.001000 0.046882
v 0.045495 0.001000 0.047900
v 0.045495 -0.001000 0.047900
v 0.044000 0.001000 0.048635
v 0.044000 -0.001000 0.048635
v 0.042380 0.001000 0.049021
v 0.040754 -0.000000 0.049045
v 0.040754 0.001000 0.049045
v 0.042380 -0.001000 0.049021
v 0.040754 -0.001000 0.049045
v 0.040754 -0.001000 0.049045
v 0.040754 -0.000000 0.049045
v 0.040942 -0.001000 0.047053
v 0.040942 0.001000 0.047053
v 0.040754 0.001000 0.049045
v 0.040942 0.001000 0.047053
v 0.040056 0.001000 0.046896
v 0.040942 -0.001000 0.047053
v 0.040056 -0.001000 0.046896
v 0.039171 -0.001000 0.046579
v 0.038327 -0.001000 0.046098
v 0.039171 0.001000 0.046579
v 0.038327 0.001000 0.046098
v 0.037570 0.001000 0.045466
v 0.036938 0.001000 0.044709
v 0.037570 -0.001000 0.045466
v 0.036938 -0.001000 0.044709
v 0.036458 -0.001000 0.043866
v 0.036142 -0.001000 0.042980
v 0.036458 0.001000 0.043866
v 0.036142 0.001000 0.042980
v 0.035984 0.001000 0.042094
v 0.035984 -0.001000 0.042094
v 0.035984 -0.001000 0.042094
v 0.033993 -0.000000 0.042282
v 0.035984 0.001000 0.042094
v 0.033993 -0.001000 0.042282
v 0.033993 0.001000 0.042282
v 0.033993 0.001000 0.042282
v 0.034017 0.001000 0.040657
v 0.033993 -0.000000 0.042282
v 0.033993 -0.001000 0.042282
v 0.034017 -0.001000 0.040657
v 0.034404 -0.001000 0.039037
v 0.034404 0.001000 0.039037
v 0.035138 -0.001000 0.037543
v 0.036156 -0.001000 0.036276
v 0.035138 0.001000 0.037543
v 0.036156 0.001000 0.036276
v 0.037423 0.001000 0.035257
v 0.037423 -0.001000 0.035257
v 0.038917 0.001000 0.034522
v 0.038917 -0.001000 0.034522
v 0.040537 0.001000 0.034135
v 0.042162 -0.000000 0.034111
v 0.042162 0.001000 0.034111
v 0.040537 -0.001000 0.034135
v 0.042162 -0.001000 0.034111
v 0.042162 0.001000 0.034111
v 0.042162 -0.000000 0.034111
v 0.041974 0.001000 0.036102
v 0.041974 -0.000000 0.036102
v 0.041974 -0.001000 0.036102
v 0.042162 -0.001000 0.034111
v 0.041974 0.001000 0.036102
v 0.041974 -0.000000 0.036102
v 0.042902 0.001000 0.036270
v 0.042902 -0.001000 0.036270
v 0.043800 0.001000 0.036601
v 0.043800 -0.001000 0.036601
v 0.044628 0.001000 0.037082
v 0.045349 0.001000 0.037689
v 0.045349 -0.000000 0.037689
v 0.044628 -0.001000 0.037082
v 0.045349 -0.001000 0.037689
v 0.041974 -0.001000 0.036102
v -0.069318 0.001000 0.030777
v -0.069318 -0.000000 0.030777
v -0.069935 0.001000 0.030027
v -0.069935 -0.001000 0.030027
v -0.070402 0.001000 0.029154
v -0.070402 -0.001000 0.029154
v -0.070688 0.001000 0.028207
v -0.070688 -0.001000 0.028207
v -0.070783 0.001000 0.027241
v -0.070783 -0.001000 0.027241
v -0.069318 -0.001000 0.030777
v -0.070783 0.001000 0.027241
v -0.070783 -0.001000 0.027241
v -0.070783 0.001000 -0.027250
v -0.070783 -0.001000 -0.027250
v -0.070783 0.001000 -0.027250
v -0.070688 0.001000 -0.028216
v -0.070783 -0.001000 -0.027250
v -0.070688 -0.001000 -0.028216
v -0.070402 -0.001000 -0.029164
v -0.069935 -0.001000 -0.030036
v -0.070402 0.001000 -0.029164
v -0.069935 0.001000 -0.030036
v -0.069318 0.001000 -0.030786
v -0.069318 -0.001000 -0.030786
v -0.069318 0.001000 -0.030786
v -0.069318 -0.001000 -0.030786
v -0.064194 0.001000 -0.035910
v -0.064194 -0.001000 -0.035910
v -0.064194 0.001000 -0.035910
v -0.062695 0.001000 -0.037143
v -0.064194 -0.001000 -0.035910
v -0.062695 -0.001000 -0.037143
v -0.060950 -0.001000 -0.038077
v -0.059055 -0.001000 -0.038650
v -0.060950 0.001000 -0.038077
v -0.059055 0.001000 -0.038650
v -0.057123 0.001000 -0.038839
v -0.057123 -0.001000 -0.038839
v -0.055191 0.001000 -0.038650
v -0.053297 0.001000 -0.038077
v -0.055191 -0.001000 -0.038650
v -0.053297 -0.001000 -0.038077
v -0.051552 -0.001000 -0.037143
v -0.050052 -0.001000 -0.035910
v -0.051552 0.001000 -0.037143
v -0.050052 0.001000 -0.035910
v -0.050052 0.001000 -0.035910
v -0.050052 -0.001000 -0.035910
v -0.021218 0.001000 -0.007076
v -0.021218 -0.001000 -0.007076
v -0.021218 -0.001000 -0.007076
v -0.021218 0.001000 -0.007076
v -0.020050 -0.001000 -0.005671
v -0.019112 -0.001000 -0.003976
v -0.020050 0.001000 -0.005671
v -0.019112 0.001000 -0.003976
v -0.018502 0.001000 -0.002054
v -0.018290 0.001000 -0.000005
v -0.018502 -0.001000 -0.002054
v -0.018290 -0.001000 -0.000005
v -0.018502 -0.001000 0.002044
v -0.019112 -0.001000 0.003967
v -0.018502 0.001000 0.002044
v -0.019112 0.001000 0.003967
v -0.020050 0.001000 0.005662
v -0.021218 0.001000 0.007066
v -0.020050 -0.001000 0.005662
v -0.021218 -0.001000 0.007066
v -0.021218 0.001000 0.007066
v -0.021218 -0.001000 0.007066
v -0.050052 0.001000 0.035900
v -0.050052 -0.001000 0.035900
v -0.050052 0.001000 0.035900
v -0.051552 0.001000 0.037133
v -0.050052 -0.001000 0.035900
v -0.051552 -0.001000 0.037133
v -0.053297 -0.001000 0.038068
v -0.053297 0.001000 0.038068
v -0.055191 -0.001000 0.038641
v -0.057123 -0.001000 0.038829
v -0.055191 0.001000 0.038641
v -0.057123 0.001000 0.038829
v -0.059056 0.001000 0.038641
v -0.060950 0.001000 0.038068
v -0.059056 -0.001000 0.038641
v -0.060950 -0.001000 0.038068
v -0.062695 -0.001000 0.037133
v -0.064194 -0.001000 0.035900
v -0.062695 0.001000 0.037133
v -0.064194 0.001000 0.035900
v -0.064194 0.001000 0.035900
v -0.069318 -0.000000 0.030777
v -0.064194 -0.001000 0.035900
v -0.069318 0.001000 0.030777
v -0.069318 -0.001000 0.030777
v 0.030776 -0.001000 0.069308
v 0.030776 0.001000 0.069308
v 0.030026 -0.001000 0.069924
v 0.029154 -0.001000 0.070392
v 0.030026 0.001000 0.069924
v 0.029154 0.001000 0.070392
v 0.028206 0.001000 0.070678
v 0.028206 -0.001000 0.070678
v 0.027240 0.001000 0.070772
v 0.027240 -0.001000 0.070772
v 0.027240 0.001000 0.070772
v 0.027240 -0.001000 0.070772
v -0.027251 0.001000 0.070772
v -0.027251 -0.000000 0.070772
v -0.027251 -0.001000 0.070772
v -0.027251 0.001000 0.070772
v -0.027251 -0.000000 0.070772
v -0.028217 0.001000 0.070678
v -0.028217 -0.001000 0.070678
v -0.029165 0.001000 0.070392
v -0.029165 -0.001000 0.070392
v -0.030037 0.001000 0.069924
v -0.030037 -0.001000 0.069924
v -0.030787 0.001000 0.069308
v -0.030787 -0.001000 0.069308
v -0.027251 -0.001000 0.070772
v -0.030787 0.001000 0.069308
v -0.030787 -0.001000 0.069308
v -0.035910 0.001000 0.064184
v -0.035910 -0.001000 0.064184
v -0.035910 0.001000 0.050042
v -0.037079 0.001000 0.051447
v -0.035910 -0.001000 0.050042
v -0.037079 -0.001000 0.051447
v -0.038017 -0.001000 0.053142
v -0.038627 -0.001000 0.055064
v -0.038017 0.001000 0.053142
v -0.038627 0.001000 0.055064
v -0.038839 0.001000 0.057113
v -0.038627 0.001000 0.059162
v -0.038839 -0.001000 0.057113
v -0.038627 -0.001000 0.059162
v -0.038017 -0.001000 0.061085
v -0.038017 0.001000 0.061085
v -0.037079 -0.001000 0.062779
v -0.037079 0.001000 0.062779
v -0.035910 -0.001000 0.064184
v -0.035910 0.001000 0.064184
v -0.035910 0.001000 0.050042
v -0.035910 -0.001000 0.050042
v -0.007076 0.001000 0.021208
v -0.007076 -0.001000 0.021208
v -0.007076 0.001000 0.021208
v -0.005577 0.001000 0.019975
v -0.007076 -0.001000 0.021208
v -0.005577 -0.001000 0.019975
v -0.003832 -0.001000 0.019040
v -0.001938 -0.001000 0.018468
v -0.003832 0.001000 0.019040
v -0.001938 0.001000 0.018468
v -0.000006 0.001000 0.018279
v -0.000006 -0.001000 0.018279
v 0.001927 0.001000 0.018468
v 0.003821 0.001000 0.019040
v 0.001927 -0.001000 0.018468
v 0.003821 -0.001000 0.019040
v 0.005566 -0.001000 0.019975
v 0.007065 -0.001000 0.021208
v 0.005566 0.001000 0.019975
v 0.007065 0.001000 0.021208
v 0.007065 0.001000 0.021208
v 0.007065 -0.001000 0.021208
v 0.035899 0.001000 0.050042
v 0.035899 -0.001000 0.050042
v 0.035899 -0.001000 0.050042
v 0.035899 0.001000 0.050042
v 0.037068 -0.001000 0.051447
v 0.037068 0.001000 0.051447
v 0.038006 -0.001000 0.053141
v 0.038616 -0.001000 0.055064
v 0.038006 0.001000 0.053141
v 0.038616 0.001000 0.055064
v 0.038828 0.001000 0.057113
v 0.038828 -0.001000 0.057113
v 0.038616 0.001000 0.059162
v 0.038616 -0.001000 0.059162
v 0.038006 0.001000 0.061085
v 0.038006 -0.001000 0.061085
v 0.037068 0.001000 0.062779
v 0.035899 0.001000 0.064184
v 0.037068 -0.001000 0.062779
v 0.035899 -0.001000 0.064184
v 0.035899 0.001000 0.064184
v 0.035899 -0.001000 0.064184
v 0.030776 0.001000 0.069308
v 0.030776 -0.001000 0.069308
v 0.050041 0.001000 0.035900
v 0.050041 -0.001000 0.035900
v 0.021207 0.001000 0.007066
v 0.021207 -0.001000 0.007066
v 0.021207 -0.001000 0.007066
v 0.021207 0.001000 0.007066
v 0.020039 -0.001000 0.005662
v 0.019101 -0.001000 0.003967
v 0.020039 0.001000 0.005662
v 0.019101 0.001000 0.003967
v 0.018491 0.001000 0.002044
v 0.018491 -0.001000 0.002044
v 0.018278 0.001000 -0.000005
v 0.018278 -0.001000 -0.000005
v 0.018491 0.001000 -0.002054
v 0.019101 0.001000 -0.003976
v 0.018491 -0.001000 -0.002054
v 0.019101 -0.001000 -0.003976
v 0.020039 -0.001000 -0.005671
v 0.021207 -0.001000 -0.007076
v 0.020039 0.001000 -0.005671
v 0.021207 0.001000 -0.007076
v 0.021207 0.001000 -0.007076
v 0.021207 -0.001000 -0.007076
v 0.050041 0.001000 -0.035910
v 0.050041 -0.001000 -0.035910
v 0.050041 0.001000 -0.035910
v 0.051541 0.001000 -0.037143
v 0.050041 -0.001000 -0.035910
v 0.051541 -0.001000 -0.037143
v 0.053286 -0.001000 -0.038077
v 0.055180 -0.001000 -0.038650
v 0.053286 0.001000 -0.038077
v 0.055180 0.001000 -0.038650
v 0.057112 0.001000 -0.038839
v 0.057112 -0.001000 -0.038839
v 0.059044 0.001000 -0.038650
v 0.060939 0.001000 -0.038077
v 0.059044 -0.001000 -0.038650
v 0.060939 -0.001000 -0.038077
v 0.062684 -0.001000 -0.037143
v 0.064183 -0.001000 -0.035910
v 0.062684 0.001000 -0.037143
v 0.064183 0.001000 -0.035910
v 0.064183 0.001000 -0.035910
v 0.064183 -0.001000 -0.035910
v 0.069307 0.001000 -0.030786
v 0.069307 -0.001000 -0.030786
v 0.069307 0.001000 -0.030786
v 0.069924 0.001000 -0.030036
v 0.069307 -0.001000 -0.030786
v 0.069924 -0.001000 -0.030036
v 0.070391 -0.001000 -0.029164
v 0.070677 -0.001000 -0.028217
v 0.070391 0.001000 -0.029164
v 0.070677 0.001000 -0.028217
v 0.070772 0.000000 -0.027250
v 0.070772 0.001000 -0.027250
v 0.070772 -0.001000 -0.027250
v 0.070772 0.001000 -0.027250
v 0.070772 0.000000 -0.027250
v 0.070772 0.001000 0.027241
v 0.070772 -0.000000 0.027241
v 0.070772 -0.001000 0.027241
v 0.070772 -0.001000 -0.027250
v 0.069307 0.001000 0.030776
v 0.069924 0.001000 0.030027
v 0.069307 -0.001000 0.030776
v 0.069924 -0.001000 0.030027
v 0.070391 -0.001000 0.029154
v 0.070677 -0.001000 0.028207
v 0.070391 0.001000 0.029154
v 0.070677 0.001000 0.028207
v 0.070772 -0.000000 0.027241
v 0.070772 0.001000 0.027241
v 0.070772 -0.001000 0.027241
v 0.069307 0.001000 0.030776
v 0.069307 -0.001000 0.030776
v 0.064183 0.001000 0.035900
v 0.064183 -0.001000 0.035900
v 0.064183 0.001000 0.035900
v 0.062684 0.001000 0.037133
v 0.064183 -0.001000 0.035900
v 0.062684 -0.001000 0.037133
v 0.060939 -0.001000 0.038068
v 0.059044 -0.001000 0.038641
v 0.060939 0.001000 0.038068
v 0.059044 0.001000 0.038641
v 0.057112 0.001000 0.038829
v 0.055180 0.001000 0.038641
v 0.057112 -0.001000 0.038829
v 0.055180 -0.001000 0.038641
v 0.053285 -0.001000 0.038068
v 0.051541 -0.001000 0.037133
v 0.053285 0.001000 0.038068
v 0.051541 0.001000 0.037133
v 0.050041 0.001000 0.035900
v 0.050041 -0.001000 0.035900
v 0.035899 0.001000 -0.050052
v 0.035899 -0.001000 -0.050052
v 0.007065 0.001000 -0.021218
v 0.007065 -0.001000 -0.021218
v 0.007065 0.001000 -0.021218
v 0.005566 0.001000 -0.019985
v 0.007065 -0.001000 -0.021218
v 0.005566 -0.001000 -0.019985
v 0.003821 -0.001000 -0.019050
v 0.001927 -0.001000 -0.018477
v 0.003821 0.001000 -0.019050
v 0.001927 0.001000 -0.018477
v -0.000006 0.001000 -0.018289
v -0.000006 -0.001000 -0.018289
v -0.001938 0.001000 -0.018477
v -0.003832 0.001000 -0.019050
v -0.001938 -0.001000 -0.018477
v -0.003832 -0.001000 -0.019050
v -0.005577 -0.001000 -0.019985
v -0.005577 0.001000 -0.019985
v -0.007076 -0.001000 -0.021218
v -0.007076 0.001000 -0.021218
v -0.035910 0.001000 -0.050052
v -0.035910 -0.001000 -0.050052
v -0.007076 0.001000 -0.021218
v -0.007076 -0.001000 -0.021218
v -0.035910 -0.001000 -0.050052
v -0.035910 0.001000 -0.050052
v -0.037079 -0.001000 -0.051456
v -0.038017 -0.001000 -0.053151
v -0.037079 0.001000 -0.051456
v -0.038017 0.001000 -0.053151
v -0.038627 0.001000 -0.055074
v -0.038627 -0.001000 -0.055074
v -0.038839 0.001000 -0.057123
v -0.038839 -0.001000 -0.057123
v -0.038627 0.001000 -0.059172
v -0.038017 0.001000 -0.061094
v -0.038627 -0.001000 -0.059172
v -0.038017 -0.001000 -0.061094
v -0.037079 -0.001000 -0.062789
v -0.035910 -0.001000 -0.064194
v -0.037079 0.001000 -0.062789
v -0.035910 0.001000 -0.064194
v -0.035910 0.001000 -0.064194
v -0.035910 -0.001000 -0.064194
v -0.030787 0.001000 -0.069317
v -0.030787 -0.001000 -0.069317
v -0.030787 0.001000 -0.069317
v -0.030037 0.001000 -0.069934
v -0.030787 -0.001000 -0.069317
v -0.030037 -0.001000 -0.069934
v -0.029165 -0.001000 -0.070401
v -0.028217 -0.001000 -0.070687
v -0.029165 0.001000 -0.070401
v -0.028217 0.001000 -0.070687
v -0.027251 0.000000 -0.070782
v -0.027251 0.001000 -0.070782
v -0.027251 -0.001000 -0.070782
v -0.027251 0.001000 -0.070782
v -0.027251 0.000000 -0.070782
v 0.027240 0.001000 -0.070782
v 0.027240 0.000000 -0.070782
v 0.027240 -0.001000 -0.070782
v -0.027251 -0.001000 -0.070782
v 0.027240 0.001000 -0.070782
v 0.027240 0.000000 -0.070782
v 0.028206 0.001000 -0.070687
v 0.029154 0.001000 -0.070401
v 0.028206 -0.001000 -0.070687
v 0.027240 -0.001000 -0.070782
v 0.029154 -0.001000 -0.070401
v 0.030026 -0.001000 -0.069934
v 0.030776 -0.001000 -0.069317
v 0.030026 0.001000 -0.069934
v 0.030776 0.001000 -0.069317
v 0.030776 0.001000 -0.069317
v 0.030776 -0.001000 -0.069317
v 0.035899 0.001000 -0.064194
v 0.035899 -0.001000 -0.064194
v 0.035899 0.001000 -0.050052
v 0.035899 -0.001000 -0.050052
v 0.037068 0.001000 -0.051456
v 0.037068 -0.001000 -0.051456
v 0.038006 0.001000 -0.053151
v 0.038006 -0.001000 -0.053151
v 0.038616 0.001000 -0.055074
v 0.038616 -0.001000 -0.055074
v 0.038828 0.001000 -0.057123
v 0.038616 0.001000 -0.059172
v 0.038828 -0.001000 -0.057123
v 0.038616 -0.001000 -0.059172
v 0.038006 -0.001000 -0.061094
v 0.038006 0.001000 -0.061094
v 0.037068 -0.001000 -0.062789
v 0.037068 0.001000 -0.062789
v 0.035899 -0.001000 -0.064194
v 0.035899 0.001000 -0.064194
v -0.080782 -0.001000 0.016898
v -0.080782 -0.000000 0.016898
v -0.080825 -0.001000 0.017187
v -0.080825 -0.000000 0.017187
v -0.080953 -0.001000 0.017457
v -0.080953 -0.000000 0.017457
v -0.081155 -0.001000 0.017676
v -0.081155 -0.000000 0.017676
v -0.081400 -0.001000 0.017822
v -0.081400 -0.000000 0.017822
v -0.081683 -0.001000 0.017893
v -0.081683 -0.000000 0.017893
v -0.081982 -0.001000 0.017878
v -0.081982 -0.000000 0.017878
v -0.082261 -0.001000 0.017776
v -0.082261 -0.000000 0.017776
v -0.082490 -0.001000 0.017605
v -0.082490 -0.000000 0.017605
v -0.082490 0.001000 0.017605
v -0.082261 0.001000 0.017776
v -0.081982 0.001000 0.017878
v -0.081683 0.001000 0.017893
v -0.081400 0.001000 0.017822
v -0.081155 0.001000 0.017676
v -0.080953 0.001000 0.017457
v -0.080825 0.001000 0.017187
v -0.080782 0.001000 0.016898
v -0.082490 -0.001000 0.017605
v -0.093028 -0.001000 0.007066
v -0.082490 -0.000000 0.017605
v -0.082490 0.001000 0.017605
v -0.093028 0.001000 0.007066
v -0.093028 -0.001000 0.007066
v -0.095185 -0.001000 0.003850
v -0.093028 0.001000 0.007066
v -0.095185 0.001000 0.003850
v -0.095957 0.001000 -0.000109
v -0.095957 -0.001000 -0.000109
v -0.095115 0.001000 -0.004022
v -0.093028 0.001000 -0.007076
v -0.095115 -0.001000 -0.004022
v -0.093028 -0.001000 -0.007076
v -0.093028 -0.001000 -0.007076
v -0.082490 0.000000 -0.017614
v -0.093028 0.001000 -0.007076
v -0.082490 -0.001000 -0.017614
v -0.082490 0.001000 -0.017614
v -0.082490 -0.001000 -0.017614
v -0.082490 0.000000 -0.017614
v -0.082255 -0.001000 -0.017789
v -0.082255 0.000000 -0.017789
v -0.081973 -0.001000 -0.017889
v -0.081973 0.000000 -0.017889
v -0.081676 -0.001000 -0.017902
v -0.081676 0.000000 -0.017902
v -0.081400 -0.001000 -0.017831
v -0.081400 0.000000 -0.017831
v -0.081149 -0.001000 -0.017681
v -0.081149 0.000000 -0.017681
v -0.080949 -0.001000 -0.017459
v -0.080949 0.000000 -0.017459
v -0.080823 -0.001000 -0.017189
v -0.080823 0.000000 -0.017189
v -0.080782 -0.001000 -0.016907
v -0.080782 0.000000 -0.016907
v -0.080782 0.001000 -0.016907
v -0.080823 0.001000 -0.017189
v -0.080949 0.001000 -0.017459
v -0.081149 0.001000 -0.017681
v -0.081400 0.001000 -0.017831
v -0.081676 0.001000 -0.017902
v -0.081973 0.001000 -0.017889
v -0.082255 0.001000 -0.017789
v -0.082490 0.001000 -0.017614
v -0.080782 -0.001000 -0.016907
v -0.080782 0.000000 -0.016907
v -0.080782 -0.001000 0.016898
v -0.080782 -0.000000 0.016898
v -0.080782 0.001000 0.016898
v -0.080782 0.001000 -0.016907
v -0.045878 -0.001000 -0.070782
v -0.045878 0.000000 -0.070782
v -0.045589 -0.001000 -0.070739
v -0.045589 0.000000 -0.070739
v -0.045319 -0.001000 -0.070611
v -0.045319 0.000000 -0.070611
v -0.045100 -0.001000 -0.070409
v -0.045100 0.000000 -0.070409
v -0.044955 -0.001000 -0.070164
v -0.044955 0.000000 -0.070164
v -0.044883 -0.001000 -0.069881
v -0.044883 0.000000 -0.069881
v -0.044899 -0.001000 -0.069582
v -0.044899 0.000000 -0.069582
v -0.045001 -0.001000 -0.069303
v -0.045001 0.000000 -0.069303
v -0.045171 -0.001000 -0.069075
v -0.045171 0.000000 -0.069075
v -0.045171 0.001000 -0.069075
v -0.045001 0.001000 -0.069303
v -0.044899 0.001000 -0.069582
v -0.044883 0.001000 -0.069881
v -0.044955 0.001000 -0.070164
v -0.045100 0.001000 -0.070409
v -0.045319 0.001000 -0.070611
v -0.045589 0.001000 -0.070739
v -0.045878 0.001000 -0.070782
v -0.045171 -0.001000 -0.069075
v -0.045171 0.000000 -0.069075
v -0.069076 -0.001000 -0.045170
v -0.069076 0.000000 -0.045170
v -0.069076 0.001000 -0.045170
v -0.045171 0.001000 -0.069075
v -0.069076 -0.001000 -0.045170
v -0.069076 0.000000 -0.045170
v -0.069310 -0.001000 -0.044996
v -0.069310 0.000000 -0.044996
v -0.069592 -0.001000 -0.044896
v -0.069592 0.000000 -0.044896
v -0.069889 -0.001000 -0.044883
v -0.069889 0.000000 -0.044883
v -0.070165 -0.001000 -0.044954
v -0.070165 0.000000 -0.044954
v -0.070416 -0.001000 -0.045104
v -0.070416 0.000000 -0.045104
v -0.070616 -0.001000 -0.045326
v -0.070616 0.000000 -0.045326
v -0.070742 -0.001000 -0.045595
v -0.070742 0.000000 -0.045595
v -0.070783 -0.001000 -0.045878
v -0.070783 0.000000 -0.045878
v -0.070783 0.001000 -0.045878
v -0.070742 0.001000 -0.045595
v -0.070616 0.001000 -0.045326
v -0.070416 0.001000 -0.045104
v -0.070165 0.001000 -0.044954
v -0.069889 0.001000 -0.044883
v -0.069592 0.001000 -0.044896
v -0.069310 0.001000 -0.044996
v -0.069076 0.001000 -0.045170
v -0.070783 -0.001000 -0.045878
v -0.070783 -0.001000 -0.060782
v -0.070783 0.000000 -0.045878
v -0.070783 0.001000 -0.060782
v -0.070783 0.001000 -0.045878
v -0.070783 -0.001000 -0.060782
v -0.070033 -0.001000 -0.064581
v -0.070783 0.001000 -0.060782
v -0.070033 0.001000 -0.064581
v -0.067780 0.001000 -0.067926
v -0.067780 -0.001000 -0.067926
v -0.064417 0.001000 -0.070098
v -0.064417 -0.001000 -0.070098
v -0.060783 0.001000 -0.070782
v -0.060783 -0.001000 -0.070782
v -0.060783 -0.001000 -0.070782
v -0.045878 0.000000 -0.070782
v -0.060783 0.001000 -0.070782
v -0.045878 -0.001000 -0.070782
v -0.045878 0.001000 -0.070782
v -0.016908 -0.001000 -0.080782
v -0.016908 0.000000 -0.080782
v -0.017197 -0.001000 -0.080824
v -0.017197 0.000000 -0.080824
v -0.017467 -0.001000 -0.080952
v -0.017467 0.000000 -0.080952
v -0.017687 -0.001000 -0.081154
v -0.017687 0.000000 -0.081154
v -0.017832 -0.001000 -0.081399
v -0.017832 0.000000 -0.081399
v -0.017903 -0.001000 -0.081682
v -0.017903 0.000000 -0.081682
v -0.017888 -0.001000 -0.081981
v -0.017888 0.000000 -0.081981
v -0.017786 -0.001000 -0.082261
v -0.017786 0.000000 -0.082261
v -0.017615 -0.001000 -0.082489
v -0.017615 0.000000 -0.082489
v -0.017615 0.001000 -0.082489
v -0.017786 0.001000 -0.082261
v -0.017888 0.001000 -0.081981
v -0.017903 0.001000 -0.081682
v -0.017832 0.001000 -0.081399
v -0.017687 0.001000 -0.081154
v -0.017467 0.001000 -0.080952
v -0.017197 0.001000 -0.080824
v -0.016908 0.001000 -0.080782
v -0.017615 -0.001000 -0.082489
v -0.007076 -0.001000 -0.093028
v -0.017615 0.000000 -0.082489
v -0.017615 0.001000 -0.082489
v -0.007076 0.001000 -0.093028
v -0.007076 -0.001000 -0.093028
v -0.003860 -0.001000 -0.095184
v -0.007076 0.001000 -0.093028
v -0.003860 0.001000 -0.095184
v 0.000099 0.001000 -0.095956
v 0.000099 -0.001000 -0.095956
v 0.004012 0.001000 -0.095114
v 0.007065 0.001000 -0.093028
v 0.004012 -0.001000 -0.095114
v 0.007065 -0.001000 -0.093028
v 0.007065 -0.001000 -0.093028
v 0.017604 0.000000 -0.082489
v 0.007065 0.001000 -0.093028
v 0.017604 -0.001000 -0.082489
v 0.017604 0.001000 -0.082489
v 0.017604 -0.001000 -0.082489
v 0.017604 0.000000 -0.082489
v 0.017779 -0.001000 -0.082254
v 0.017779 0.000000 -0.082254
v 0.017879 -0.001000 -0.081972
v 0.017879 0.000000 -0.081972
v 0.017892 -0.001000 -0.081675
v 0.017892 0.000000 -0.081675
v 0.017821 -0.001000 -0.081399
v 0.017821 0.000000 -0.081399
v 0.017671 -0.001000 -0.081148
v 0.017671 0.000000 -0.081148
v 0.017449 -0.001000 -0.080948
v 0.017449 0.000000 -0.080948
v 0.017179 -0.001000 -0.080822
v 0.017179 0.000000 -0.080822
v 0.016897 -0.001000 -0.080782
v 0.016897 0.000000 -0.080782
v 0.016897 0.001000 -0.080782
v 0.017179 0.001000 -0.080822
v 0.017449 0.001000 -0.080948
v 0.017671 0.001000 -0.081148
v 0.017821 0.001000 -0.081399
v 0.017892 0.001000 -0.081675
v 0.017879 0.001000 -0.081972
v 0.017779 0.001000 -0.082254
v 0.017604 0.001000 -0.082489
v 0.016897 -0.001000 -0.080782
v 0.016897 0.000000 -0.080782
v -0.016908 -0.001000 -0.080782
v -0.016908 0.000000 -0.080782
v -0.016908 0.001000 -0.080782
v 0.016897 0.001000 -0.080782
v 0.045160 -0.001000 -0.069075
v 0.045160 0.000000 -0.069075
v 0.044986 -0.001000 -0.069309
v 0.044986 0.000000 -0.069309
v 0.044886 -0.001000 -0.069591
v 0.044886 0.000000 -0.069591
v 0.044873 -0.001000 -0.069888
v 0.044873 0.000000 -0.069888
v 0.044944 -0.001000 -0.070164
v 0.044944 0.000000 -0.070164
v 0.045094 -0.001000 -0.070415
v 0.045094 0.000000 -0.070415
v 0.045315 -0.001000 -0.070616
v 0.045315 0.000000 -0.070616
v 0.045585 -0.001000 -0.070741
v 0.045585 0.000000 -0.070741
v 0.045867 -0.001000 -0.070782
v 0.045867 0.000000 -0.070782
v 0.045867 0.001000 -0.070782
v 0.045585 0.001000 -0.070741
v 0.045315 0.001000 -0.070616
v 0.045094 0.001000 -0.070415
v 0.044944 0.001000 -0.070164
v 0.044873 0.001000 -0.069888
v 0.044886 0.001000 -0.069591
v 0.044986 0.001000 -0.069309
v 0.045160 0.001000 -0.069075
v 0.045867 -0.001000 -0.070782
v 0.060772 -0.001000 -0.070782
v 0.045867 0.000000 -0.070782
v 0.045867 0.001000 -0.070782
v 0.060772 0.001000 -0.070782
v 0.060772 -0.001000 -0.070782
v 0.064571 -0.001000 -0.070032
v 0.060772 0.001000 -0.070782
v 0.064571 0.001000 -0.070032
v 0.067916 0.001000 -0.067779
v 0.067916 -0.001000 -0.067779
v 0.070088 0.001000 -0.064416
v 0.070772 0.001000 -0.060782
v 0.070088 -0.001000 -0.064416
v 0.070772 -0.001000 -0.060782
v 0.070772 -0.001000 -0.060782
v 0.070772 0.000000 -0.045878
v 0.070772 0.001000 -0.060782
v 0.070772 -0.001000 -0.045878
v 0.070772 0.001000 -0.045878
v 0.070772 -0.001000 -0.045878
v 0.070772 0.000000 -0.045878
v 0.070729 -0.001000 -0.045589
v 0.070729 0.000000 -0.045589
v 0.070601 -0.001000 -0.045319
v 0.070601 0.000000 -0.045319
v 0.070399 -0.001000 -0.045099
v 0.070399 0.000000 -0.045099
v 0.070154 -0.001000 -0.044954
v 0.070154 0.000000 -0.044954
v 0.069871 -0.001000 -0.044883
v 0.069871 0.000000 -0.044883
v 0.069572 -0.001000 -0.044898
v 0.069572 0.000000 -0.044898
v 0.069293 -0.001000 -0.045000
v 0.069293 0.000000 -0.045000
v 0.069064 -0.001000 -0.045171
v 0.069064 0.000000 -0.045171
v 0.069064 0.001000 -0.045171
v 0.069293 0.001000 -0.045000
v 0.069572 0.001000 -0.044898
v 0.069871 0.001000 -0.044883
v 0.070154 0.001000 -0.044954
v 0.070399 0.001000 -0.045099
v 0.070601 0.001000 -0.045319
v 0.070729 0.001000 -0.045589
v 0.070772 0.001000 -0.045878
v 0.069064 -0.001000 -0.045171
v 0.069064 0.000000 -0.045171
v 0.045160 -0.001000 -0.069075
v 0.045160 0.000000 -0.069075
v 0.045160 0.001000 -0.069075
v 0.069064 0.001000 -0.045171
v 0.080771 -0.001000 0.016898
v 0.080771 -0.000000 0.016898
v 0.080771 -0.001000 -0.016907
v 0.080771 0.000000 -0.016907
v 0.080771 0.001000 -0.016907
v 0.080771 0.001000 0.016898
v 0.080771 -0.001000 -0.016907
v 0.080771 0.000000 -0.016907
v 0.080814 -0.001000 -0.017197
v 0.080814 0.000000 -0.017197
v 0.080942 -0.001000 -0.017467
v 0.080942 0.000000 -0.017467
v 0.081144 -0.001000 -0.017686
v 0.081144 0.000000 -0.017686
v 0.081389 -0.001000 -0.017831
v 0.081389 0.000000 -0.017831
v 0.081672 -0.001000 -0.017903
v 0.081672 0.000000 -0.017903
v 0.081971 -0.001000 -0.017887
v 0.081971 0.000000 -0.017887
v 0.082250 -0.001000 -0.017785
v 0.082250 0.000000 -0.017785
v 0.082478 -0.001000 -0.017615
v 0.082478 0.000000 -0.017615
v 0.082478 0.001000 -0.017615
v 0.082250 0.001000 -0.017785
v 0.081971 0.001000 -0.017887
v 0.081672 0.001000 -0.017903
v 0.081389 0.001000 -0.017831
v 0.081144 0.001000 -0.017686
v 0.080942 0.001000 -0.017467
v 0.080814 0.001000 -0.017197
v 0.080771 0.001000 -0.016907
v 0.082478 -0.001000 -0.017615
v 0.093017 -0.001000 -0.007076
v 0.082478 0.000000 -0.017615
v 0.082478 0.001000 -0.017615
v 0.093017 0.001000 -0.007076
v 0.093017 -0.001000 -0.007076
v 0.095173 -0.001000 -0.003859
v 0.093017 0.001000 -0.007076
v 0.095173 0.001000 -0.003859
v 0.095946 0.001000 0.000099
v 0.095946 -0.001000 0.000099
v 0.095104 0.001000 0.004013
v 0.095104 -0.001000 0.004013
v 0.093017 0.001000 0.007066
v 0.093017 -0.001000 0.007066
v 0.093017 -0.001000 0.007066
v 0.082478 -0.000000 0.017605
v 0.093017 0.001000 0.007066
v 0.082478 -0.001000 0.017605
v 0.082478 0.001000 0.017605
v 0.082478 -0.001000 0.017605
v 0.082478 -0.000000 0.017605
v 0.082244 -0.001000 0.017779
v 0.082244 -0.000000 0.017779
v 0.081962 -0.001000 0.017879
v 0.081962 -0.000000 0.017879
v 0.081665 -0.001000 0.017892
v 0.081665 -0.000000 0.017892
v 0.081389 -0.001000 0.017822
v 0.081389 -0.000000 0.017822
v 0.081138 -0.001000 0.017672
v 0.081138 -0.000000 0.017672
v 0.080938 -0.001000 0.017450
v 0.080938 -0.000000 0.017450
v 0.080812 -0.001000 0.017180
v 0.080812 -0.000000 0.017180
v 0.080771 -0.001000 0.016898
v 0.080771 -0.000000 0.016898
v 0.080771 0.001000 0.016898
v 0.080812 0.001000 0.017180
v 0.080938 0.001000 0.017450
v 0.081138 0.001000 0.017672
v 0.081389 0.001000 0.017822
v 0.081665 0.001000 0.017892
v 0.081962 0.001000 0.017879
v 0.082244 0.001000 0.017779
v 0.082478 0.001000 0.017605
v 0.045160 -0.001000 0.069065
v 0.046654 -0.000500 0.067571
v 0.045160 -0.000000 0.069065
v 0.046654 -0.001000 0.067571
v 0.046654 -0.000750 0.067571
v 0.048148 -0.000750 0.066077
v 0.051136 -0.001000 0.063089
v 0.051136 -0.000500 0.063089
v 0.048148 -0.001000 0.066077
v 0.048148 -0.000500 0.066077
v 0.048148 -0.000250 0.066077
v 0.051136 -0.000000 0.063089
v 0.048148 -0.000000 0.066077
v 0.046654 -0.000250 0.067571
v 0.046654 -0.000000 0.067571
v 0.046654 0.000500 0.067571
v 0.046654 0.000750 0.067571
v 0.045160 0.001000 0.069065
v 0.048148 0.000500 0.066077
v 0.051136 0.000500 0.063089
v 0.048148 0.000750 0.066077
v 0.048148 0.001000 0.066077
v 0.051136 0.001000 0.063089
v 0.057112 0.001000 0.057113
v 0.057112 -0.000000 0.057113
v 0.063088 0.000500 0.051137
v 0.063088 0.001000 0.051137
v 0.066076 0.000750 0.048149
v 0.066076 0.001000 0.048149
v 0.067570 0.001000 0.046655
v 0.067570 0.000750 0.046655
v 0.069064 0.001000 0.045161
v 0.067570 0.000500 0.046655
v 0.069064 -0.000000 0.045161
v 0.069064 -0.001000 0.045161
v 0.067570 -0.000500 0.046655
v 0.067570 -0.000000 0.046655
v 0.067570 0.000250 0.046655
v 0.066076 0.000250 0.048149
v 0.063088 -0.000000 0.051137
v 0.066076 -0.000000 0.048149
v 0.066076 0.000500 0.048149
v 0.066076 -0.000500 0.048149
v 0.063088 -0.000500 0.051137
v 0.066076 -0.000750 0.048149
v 0.067570 -0.000750 0.046655
v 0.063088 -0.001000 0.051137
v 0.066076 -0.001000 0.048149
v 0.067570 -0.001000 0.046655
v 0.057112 -0.001000 0.057113
v 0.046654 0.001000 0.067571
v 0.069064 -0.001000 0.045161
v 0.069064 -0.000000 0.045161
v 0.069299 -0.001000 0.044987
v 0.069299 -0.000000 0.044987
v 0.069581 -0.001000 0.044886
v 0.069581 -0.000000 0.044886
v 0.069878 -0.001000 0.044874
v 0.069878 -0.000000 0.044874
v 0.070154 -0.001000 0.044944
v 0.070154 -0.000000 0.044944
v 0.070405 -0.001000 0.045094
v 0.070405 -0.000000 0.045094
v 0.070605 -0.001000 0.045316
v 0.070605 -0.000000 0.045316
v 0.070731 -0.001000 0.045586
v 0.070731 -0.000000 0.045586
v 0.070772 -0.001000 0.045868
v 0.070772 -0.000000 0.045868
v 0.070772 0.001000 0.045868
v 0.070731 0.001000 0.045586
v 0.070605 0.001000 0.045316
v 0.070405 0.001000 0.045094
v 0.070154 0.001000 0.044944
v 0.069878 0.001000 0.044874
v 0.069581 0.001000 0.044886
v 0.069299 0.001000 0.044987
v 0.069064 0.001000 0.045161
v 0.070772 -0.001000 0.045868
v 0.070772 -0.001000 0.060772
v 0.070772 -0.000000 0.045868
v 0.070772 0.001000 0.045868
v 0.070772 0.001000 0.060772
v 0.070772 -0.001000 0.060772
v 0.070022 -0.001000 0.064571
v 0.070772 0.001000 0.060772
v 0.070022 0.001000 0.064571
v 0.067769 0.001000 0.067917
v 0.067769 -0.001000 0.067917
v 0.064406 0.001000 0.070088
v 0.064406 -0.001000 0.070088
v 0.060772 0.001000 0.070772
v 0.060772 -0.001000 0.070772
v 0.060772 -0.001000 0.070772
v 0.045867 -0.000000 0.070772
v 0.060772 0.001000 0.070772
v 0.045867 -0.001000 0.070772
v 0.045867 0.001000 0.070772
v 0.045867 -0.001000 0.070772
v 0.045867 -0.000000 0.070772
v 0.045578 -0.001000 0.070730
v 0.045578 -0.000000 0.070730
v 0.045308 -0.001000 0.070601
v 0.045308 -0.000000 0.070601
v 0.045089 -0.001000 0.070400
v 0.045089 -0.000000 0.070400
v 0.044943 -0.001000 0.070155
v 0.044943 -0.000000 0.070155
v 0.044872 -0.001000 0.069872
v 0.044872 -0.000000 0.069872
v 0.044887 -0.001000 0.069573
v 0.044887 -0.000000 0.069573
v 0.044990 -0.001000 0.069293
v 0.044990 -0.000000 0.069293
v 0.045160 -0.001000 0.069065
v 0.045160 -0.000000 0.069065
v 0.045160 0.001000 0.069065
v 0.044990 0.001000 0.069293
v 0.044887 0.001000 0.069573
v 0.044872 0.001000 0.069872
v 0.044943 0.001000 0.070155
v 0.045089 0.001000 0.070400
v 0.045308 0.001000 0.070601
v 0.045578 0.001000 0.070730
v 0.045867 0.001000 0.070772
v -0.017615 -0.001000 0.082479
v -0.017615 -0.000000 0.082479
v -0.017790 -0.001000 0.082245
v -0.017790 -0.000000 0.082245
v -0.017890 -0.001000 0.081963
v -0.017890 -0.000000 0.081963
v -0.017903 -0.001000 0.081666
v -0.017903 -0.000000 0.081666
v -0.017832 -0.001000 0.081389
v -0.017832 -0.000000 0.081389
v -0.017682 -0.001000 0.081139
v -0.017682 -0.000000 0.081139
v -0.017460 -0.001000 0.080938
v -0.017460 -0.000000 0.080938
v -0.017190 -0.001000 0.080813
v -0.017190 -0.000000 0.080813
v -0.016908 -0.001000 0.080772
v -0.016908 -0.000000 0.080772
v -0.016908 0.001000 0.080772
v -0.017190 0.001000 0.080813
v -0.017460 0.001000 0.080938
v -0.017682 0.001000 0.081139
v -0.017832 0.001000 0.081389
v -0.017903 0.001000 0.081666
v -0.017890 0.001000 0.081963
v -0.017790 0.001000 0.082245
v -0.017615 0.001000 0.082479
v -0.016908 -0.001000 0.080772
v -0.016908 -0.000000 0.080772
v 0.016897 -0.001000 0.080772
v 0.016897 -0.000000 0.080772
v 0.016897 0.001000 0.080772
v -0.016908 0.001000 0.080772
v 0.016897 -0.001000 0.080772
v 0.016897 -0.000000 0.080772
v 0.017186 -0.001000 0.080815
v 0.017186 -0.000000 0.080815
v 0.017456 -0.001000 0.080943
v 0.017456 -0.000000 0.080943
v 0.017676 -0.001000 0.081144
v 0.017676 -0.000000 0.081144
v 0.017821 -0.001000 0.081389
v 0.017821 -0.000000 0.081389
v 0.017892 -0.001000 0.081673
v 0.017892 -0.000000 0.081673
v 0.017877 -0.001000 0.081971
v 0.017877 -0.000000 0.081971
v 0.017775 -0.001000 0.082251
v 0.017775 -0.000000 0.082251
v 0.017604 -0.001000 0.082479
v 0.017604 -0.000000 0.082479
v 0.017604 0.001000 0.082479
v 0.017775 0.001000 0.082251
v 0.017877 0.001000 0.081971
v 0.017892 0.001000 0.081673
v 0.017821 0.001000 0.081389
v 0.017676 0.001000 0.081144
v 0.017456 0.001000 0.080943
v 0.017186 0.001000 0.080815
v 0.016897 0.001000 0.080772
v 0.017604 -0.001000 0.082479
v 0.014970 -0.001000 0.085114
v 0.017604 -0.000000 0.082479
v 0.014970 -0.000000 0.085114
v 0.017604 0.001000 0.082479
v 0.014970 0.001000 0.085114
v 0.012335 0.001000 0.087749
v 0.012335 -0.000000 0.087749
v 0.007065 0.001000 0.093018
v 0.007065 -0.001000 0.093018
v 0.012335 -0.001000 0.087749
v 0.007065 -0.001000 0.093018
v 0.003849 -0.001000 0.095174
v 0.007065 0.001000 0.093018
v 0.003849 0.001000 0.095174
v -0.000110 0.001000 0.095946
v -0.000110 -0.001000 0.095946
v -0.004023 0.001000 0.095104
v -0.004023 -0.001000 0.095104
v -0.007077 0.001000 0.093018
v -0.007077 -0.001000 0.093018
v -0.007077 -0.001000 0.093018
v -0.017615 -0.000000 0.082479
v -0.007077 0.001000 0.093018
v -0.017615 -0.001000 0.082479
v -0.017615 0.001000 0.082479
v -0.069076 -0.001000 0.045161
v -0.069076 -0.000000 0.045161
v -0.045171 -0.001000 0.069065
v -0.045171 -0.000000 0.069065
v -0.045171 0.001000 0.069065
v -0.069076 0.001000 0.045161
v -0.045171 -0.001000 0.069065
v -0.045171 -0.000000 0.069065
v -0.044997 -0.001000 0.069300
v -0.044997 -0.000000 0.069300
v -0.044897 -0.001000 0.069581
v -0.044897 -0.000000 0.069581
v -0.044884 -0.001000 0.069879
v -0.044884 -0.000000 0.069879
v -0.044955 -0.001000 0.070155
v -0.044955 -0.000000 0.070155
v -0.045105 -0.001000 0.070406
v -0.045105 -0.000000 0.070406
v -0.045326 -0.001000 0.070606
v -0.045326 -0.000000 0.070606
v -0.045596 -0.001000 0.070732
v -0.045596 -0.000000 0.070732
v -0.045879 -0.001000 0.070772
v -0.045879 -0.000000 0.070772
v -0.045879 0.001000 0.070772
v -0.045596 0.001000 0.070732
v -0.045326 0.001000 0.070606
v -0.045105 0.001000 0.070406
v -0.044955 0.001000 0.070155
v -0.044884 0.001000 0.069879
v -0.044897 0.001000 0.069581
v -0.044997 0.001000 0.069300
v -0.045171 0.001000 0.069065
v -0.045879 -0.001000 0.070772
v -0.060783 -0.001000 0.070772
v -0.045879 -0.000000 0.070772
v -0.060783 0.001000 0.070772
v -0.045879 0.001000 0.070772
v -0.060783 -0.001000 0.070772
v -0.064582 -0.001000 0.070023
v -0.060783 0.001000 0.070772
v -0.064582 0.001000 0.070023
v -0.067927 0.001000 0.067769
v -0.067927 -0.001000 0.067769
v -0.070099 0.001000 0.064407
v -0.070099 -0.001000 0.064407
v -0.070783 0.001000 0.060772
v -0.070783 -0.001000 0.060772
v -0.070783 -0.001000 0.060772
v -0.070783 -0.000000 0.045868
v -0.070783 0.001000 0.060772
v -0.070783 -0.001000 0.045868
v -0.070783 0.001000 0.045868
v -0.070783 -0.001000 0.045868
v -0.070783 -0.000000 0.045868
v -0.070740 -0.001000 0.045579
v -0.070740 -0.000000 0.045579
v -0.070612 -0.001000 0.045309
v -0.070612 -0.000000 0.045309
v -0.070410 -0.001000 0.045090
v -0.070410 -0.000000 0.045090
v -0.070165 -0.001000 0.044944
v -0.070165 -0.000000 0.044944
v -0.069882 -0.001000 0.044873
v -0.069882 -0.000000 0.044873
v -0.069583 -0.001000 0.044888
v -0.069583 -0.000000 0.044888
v -0.069304 -0.001000 0.044990
v -0.069304 -0.000000 0.044990
v -0.069076 -0.001000 0.045161
v -0.069076 -0.000000 0.045161
v -0.069076 0.001000 0.045161
v -0.069304 0.001000 0.044990
v -0.069583 0.001000 0.044888
v -0.069882 0.001000 0.044873
v -0.070165 0.001000 0.044944
v -0.070410 0.001000 0.045090
v -0.070612 0.001000 0.045309
v -0.070740 0.001000 0.045579
v -0.070783 0.001000 0.045868
v 0.080771 -0.001000 -0.070782
v 0.080022 -0.001000 -0.074581
v 0.080771 0.001000 -0.070782
v 0.080022 0.001000 -0.074581
v 0.077768 0.001000 -0.077926
v 0.077768 -0.001000 -0.077926
v 0.074406 0.001000 -0.080098
v 0.074406 -0.001000 -0.080098
v 0.070772 0.001000 -0.080782
v 0.070772 -0.001000 -0.080782
v 0.060494 -0.001000 -0.080782
v 0.060494 0.001000 -0.080782
v 0.035524 -0.001000 -0.080782
v 0.035524 0.001000 -0.080782
v 0.035524 -0.001000 -0.080782
v 0.035524 0.001000 -0.080782
v 0.033605 -0.001000 -0.081164
v 0.033605 0.001000 -0.081164
v 0.031989 -0.001000 -0.082246
v 0.031989 0.001000 -0.082246
v 0.031989 -0.001000 -0.082246
v 0.031989 0.001000 -0.082246
v 0.007065 -0.001000 -0.107169
v 0.007065 0.001000 -0.107169
v 0.007065 -0.001000 -0.107169
v 0.003849 -0.001000 -0.109326
v 0.007065 0.001000 -0.107169
v 0.003849 0.001000 -0.109326
v -0.000110 0.001000 -0.110098
v -0.000110 -0.001000 -0.110098
v -0.004023 0.001000 -0.109256
v -0.004023 -0.001000 -0.109256
v -0.007076 0.001000 -0.107169
v -0.007076 -0.001000 -0.107169
v -0.007076 -0.001000 -0.107169
v -0.007076 0.001000 -0.107169
v -0.032000 -0.001000 -0.082246
v -0.032000 0.001000 -0.082246
v -0.032000 -0.001000 -0.082246
v -0.032000 0.001000 -0.082246
v -0.033628 -0.001000 -0.081160
v -0.033628 0.001000 -0.081160
v -0.035535 -0.001000 -0.080782
v -0.035535 0.001000 -0.080782
v -0.062505 0.001000 -0.080782
v -0.070783 0.001000 -0.080782
v -0.062505 -0.001000 -0.080782
v -0.070783 -0.001000 -0.080782
v -0.070783 -0.001000 -0.080782
v -0.074582 -0.001000 -0.080032
v -0.070783 0.001000 -0.080782
v -0.074582 0.001000 -0.080032
v -0.077927 0.001000 -0.077779
v -0.077927 -0.001000 -0.077779
v -0.080099 0.001000 -0.074416
v -0.080099 -0.001000 -0.074416
v -0.080782 0.001000 -0.070782
v -0.080782 -0.001000 -0.070782
v -0.080782 -0.001000 -0.060504
v -0.080782 0.001000 -0.060504
v -0.080782 -0.001000 -0.035535
v -0.080782 0.001000 -0.035535
v -0.080782 -0.001000 -0.035535
v -0.080782 0.001000 -0.035535
v -0.081165 -0.001000 -0.033615
v -0.081165 0.001000 -0.033615
v -0.082247 -0.001000 -0.031999
v -0.082247 0.001000 -0.031999
v -0.082247 -0.001000 -0.031999
v -0.082247 0.001000 -0.031999
v -0.107170 -0.001000 -0.007076
v -0.107170 0.001000 -0.007076
v -0.107170 -0.001000 -0.007076
v -0.109326 -0.001000 -0.003859
v -0.107170 0.001000 -0.007076
v -0.109326 0.001000 -0.003859
v -0.110099 0.001000 0.000099
v -0.110099 -0.001000 0.000099
v -0.109257 0.001000 0.004013
v -0.109257 -0.001000 0.004013
v -0.107170 0.001000 0.007066
v -0.107170 -0.001000 0.007066
v -0.107170 -0.001000 0.007066
v -0.107170 0.001000 0.007066
v -0.082247 -0.001000 0.031990
v -0.082247 0.001000 0.031990
v -0.082247 -0.001000 0.031990
v -0.082247 0.001000 0.031990
v -0.081161 -0.001000 0.033617
v -0.081161 0.001000 0.033617
v -0.080782 -0.001000 0.035525
v -0.080782 0.001000 0.035525
v -0.080782 -0.001000 0.062494
v -0.080782 0.001000 0.062494
v -0.080782 -0.001000 0.070772
v -0.080782 0.001000 0.070772
v -0.080782 -0.001000 0.070772
v -0.080033 -0.001000 0.074571
v -0.080782 0.001000 0.070772
v -0.080033 0.001000 0.074571
v -0.077779 0.001000 0.077916
v -0.077779 -0.001000 0.077916
v -0.074417 0.001000 0.080088
v -0.074417 -0.001000 0.080088
v -0.070783 0.001000 0.080772
v -0.070783 -0.001000 0.080772
v -0.060505 -0.001000 0.080772
v -0.060505 0.001000 0.080772
v -0.035535 -0.001000 0.080772
v -0.035535 0.001000 0.080772
v -0.035535 -0.001000 0.080772
v -0.035535 0.001000 0.080772
v -0.033617 -0.001000 0.081155
v -0.033617 0.001000 0.081155
v -0.032000 -0.001000 0.082237
v -0.032000 0.001000 0.082237
v -0.032000 -0.001000 0.082237
v -0.032000 0.001000 0.082237
v -0.007077 -0.001000 0.107160
v -0.007077 0.001000 0.107160
v -0.007077 -0.001000 0.107160
v -0.003860 -0.001000 0.109316
v -0.007077 0.001000 0.107160
v -0.003860 0.001000 0.109316
v 0.000098 0.001000 0.110088
v 0.000098 -0.001000 0.110088
v 0.004012 0.001000 0.109246
v 0.004012 -0.001000 0.109246
v 0.007065 0.001000 0.107160
v 0.007065 -0.001000 0.107160
v 0.007065 -0.001000 0.107160
v 0.007065 0.001000 0.107160
v 0.031989 -0.001000 0.082237
v 0.031989 0.001000 0.082237
v 0.031989 -0.001000 0.082237
v 0.031989 0.001000 0.082237
v 0.033617 -0.001000 0.081150
v 0.033617 0.001000 0.081150
v 0.035524 -0.001000 0.080772
v 0.035524 0.001000 0.080772
v 0.062494 -0.001000 0.080772
v 0.062494 0.001000 0.080772
v 0.070772 -0.001000 0.080772
v 0.070772 0.001000 0.080772
v 0.070772 -0.001000 0.080772
v 0.074571 -0.001000 0.080022
v 0.070772 0.001000 0.080772
v 0.074571 0.001000 0.080022
v 0.077916 0.001000 0.077769
v 0.077916 -0.001000 0.077769
v 0.080088 0.001000 0.074407
v 0.080088 -0.001000 0.074407
v 0.080771 0.001000 0.070772
v 0.080771 -0.001000 0.070772
v 0.080771 -0.001000 0.060494
v 0.080771 0.001000 0.060494
v 0.080771 -0.001000 0.035525
v 0.080771 0.001000 0.035525
v 0.080771 -0.001000 0.035525
v 0.080771 0.001000 0.035525
v 0.081154 -0.001000 0.033606
v 0.081154 0.001000 0.033606
v 0.082236 -0.001000 0.031990
v 0.082236 0.001000 0.031990
v 0.082236 -0.001000 0.031990
v 0.082236 0.001000 0.031990
v 0.107159 -0.001000 0.007066
v 0.107159 0.001000 0.007066
v 0.107159 -0.001000 0.007066
v 0.109315 -0.001000 0.003850
v 0.107159 0.001000 0.007066
v 0.109315 0.001000 0.003850
v 0.110088 0.001000 -0.000109
v 0.110088 -0.001000 -0.000109
v 0.109246 0.001000 -0.004022
v 0.109246 -0.001000 -0.004022
v 0.107159 0.001000 -0.007076
v 0.107159 -0.001000 -0.007076
v 0.107159 -0.001000 -0.007076
v 0.107159 0.001000 -0.007076
v 0.082236 -0.001000 -0.031999
v 0.082236 0.001000 -0.031999
v 0.082236 -0.001000 -0.031999
v 0.082236 0.001000 -0.031999
v 0.081150 -0.001000 -0.033627
v 0.081150 0.001000 -0.033627
v 0.080771 -0.001000 -0.035535
v 0.080771 0.001000 -0.035535
v 0.080771 -0.001000 -0.062504
v 0.080771 0.001000 -0.062504
v 0.080771 -0.001000 -0.070782
v 0.080771 0.001000 -0.070782
v -0.062505 -0.001000 -0.080782
v -0.062505 0.001000 -0.080782
v -0.062505 -0.001000 -0.073504
v -0.062505 0.001000 -0.073504
v -0.060505 -0.001000 -0.073504
v -0.060505 -0.001000 -0.080782
v -0.060505 0.001000 -0.073504
v -0.060505 0.001000 -0.080782
v -0.035535 -0.001000 -0.080782
v -0.035535 0.001000 -0.080782
v -0.060505 -0.001000 -0.080782
v -0.060505 0.001000 -0.080782
v -0.062505 -0.001000 -0.073504
v -0.060505 -0.001000 -0.073504
v -0.062505 0.001000 -0.073504
v -0.060505 0.001000 -0.073504
v -0.062505 0.001000 0.080772
v -0.062505 0.001000 0.073494
v -0.062505 -0.001000 0.080772
v -0.062505 -0.001000 0.073494
v -0.060505 -0.001000 0.080772
v -0.060505 0.001000 0.080772
v -0.060505 -0.001000 0.073494
v -0.060505 0.001000 0.073494
v -0.070783 -0.001000 0.080772
v -0.070783 0.001000 0.080772
v -0.062505 -0.001000 0.080772
v -0.062505 0.001000 0.080772
v -0.062505 -0.001000 0.073494
v -0.062505 0.001000 0.073494
v -0.060505 -0.001000 0.073494
v -0.060505 0.001000 0.073494
v -0.080782 -0.001000 -0.060504
v -0.080782 0.001000 -0.060504
v -0.073504 -0.001000 -0.060504
v -0.073504 0.001000 -0.060504
v -0.080782 0.001000 -0.062504
v -0.073504 0.001000 -0.062504
v -0.080782 -0.001000 -0.062504
v -0.073504 -0.001000 -0.062504
v -0.080782 -0.001000 -0.070782
v -0.080782 0.001000 -0.070782
v -0.080782 -0.001000 -0.062504
v -0.080782 0.001000 -0.062504
v -0.073504 -0.001000 -0.060504
v -0.073504 -0.001000 -0.062504
v -0.073504 0.001000 -0.060504
v -0.073504 0.001000 -0.062504
v -0.080782 0.001000 0.060494
v -0.073504 0.001000 0.060494
v -0.080782 -0.001000 0.060494
v -0.073504 -0.001000 0.060494
v -0.073504 -0.001000 0.062494
v -0.073504 0.001000 0.062494
v -0.080782 -0.001000 0.062494
v -0.080782 0.001000 0.062494
v -0.080782 -0.001000 0.035525
v -0.080782 0.001000 0.035525
v -0.080782 -0.001000 0.060494
v -0.080782 0.001000 0.060494
v -0.073504 -0.001000 0.060494
v -0.073504 0.001000 0.060494
v -0.073504 -0.001000 0.062494
v -0.073504 0.001000 0.062494
v 0.062494 -0.001000 -0.080782
v 0.062494 0.001000 -0.080782
v 0.062494 -0.001000 -0.073504
v 0.062494 0.001000 -0.073504
v 0.060494 0.001000 -0.080782
v 0.060494 -0.001000 -0.080782
v 0.060494 0.001000 -0.073504
v 0.060494 -0.001000 -0.073504
v 0.070772 -0.001000 -0.080782
v 0.070772 0.001000 -0.080782
v 0.062494 -0.001000 -0.080782
v 0.062494 0.001000 -0.080782
v 0.062494 -0.001000 -0.073504
v 0.062494 0.001000 -0.073504
v 0.060494 -0.001000 -0.073504
v 0.060494 0.001000 -0.073504
v 0.062494 -0.001000 0.080772
v 0.062494 0.001000 0.080772
v 0.062494 -0.001000 0.073494
v 0.062494 0.001000 0.073494
v 0.060494 0.001000 0.080772
v 0.060494 0.001000 0.073494
v 0.060494 -0.001000 0.080772
v 0.060494 -0.001000 0.073494
v 0.035524 -0.001000 0.080772
v 0.035524 0.001000 0.080772
v 0.060494 -0.001000 0.080772
v 0.060494 0.001000 0.080772
v 0.060494 -0.001000 0.073494
v 0.062494 -0.001000 0.073494
v 0.060494 0.001000 0.073494
v 0.062494 0.001000 0.073494
v 0.080771 0.001000 -0.060504
v 0.073493 0.001000 -0.060504
v 0.080771 -0.001000 -0.060504
v 0.073493 -0.001000 -0.060504
v 0.073493 -0.001000 -0.062504
v 0.073493 0.001000 -0.062504
v 0.080771 -0.001000 -0.062504
v 0.080771 0.001000 -0.062504
v 0.080771 -0.001000 -0.035535
v 0.080771 0.001000 -0.035535
v 0.080771 -0.001000 -0.060504
v 0.080771 0.001000 -0.060504
v 0.073493 -0.001000 -0.062504
v 0.073493 -0.001000 -0.060504
v 0.073493 0.001000 -0.062504
v 0.073493 0.001000 -0.060504
v 0.080771 0.001000 0.060494
v 0.080771 -0.001000 0.060494
v 0.073493 0.001000 0.060494
v 0.073493 -0.001000 0.060494
v 0.073493 -0.001000 0.062494
v 0.080771 -0.001000 0.062494
v 0.073493 0.001000 0.062494
v 0.080771 0.001000 0.062494
v 0.080771 -0.001000 0.070772
v 0.080771 0.001000 0.070772
v 0.080771 -0.001000 0.062494
v 0.080771 0.001000 0.062494
v 0.073493 -0.001000 0.062494
v 0.073493 -0.001000 0.060494
v 0.073493 0.001000 0.062494
v 0.073493 0.001000 0.060494
v 0.073493 -0.001000 0.060494
v 0.070772 -0.001000 0.045868
v 0.070772 -0.001000 0.060772
v 0.073493 -0.001000 0.062494
v 0.080771 -0.001000 0.060494
v 0.080771 -0.001000 0.035525
v 0.070401 -0.001000 0.045091
v 0.070603 -0.001000 0.045312
v 0.070730 -0.001000 0.045584
v 0.070391 -0.001000 0.029154
v 0.069307 -0.001000 0.030776
v 0.081152 -0.001000 0.033612
v 0.070154 -0.001000 0.044944
v 0.069876 -0.001000 0.044874
v 0.069576 -0.001000 0.044887
v 0.064183 -0.001000 0.035900
v 0.060939 -0.001000 0.038068
v 0.069064 -0.001000 0.045161
v 0.069294 -0.001000 0.044989
v 0.045160 -0.001000 0.069065
v 0.046763 -0.001000 0.046882
v 0.048516 -0.001000 0.044120
v 0.057112 -0.001000 0.038829
v 0.053285 -0.001000 0.038068
v 0.048927 -0.001000 0.040874
v 0.050041 -0.001000 0.035900
v 0.042162 -0.001000 0.034111
v 0.043800 -0.001000 0.036601
v 0.021207 -0.001000 0.007066
v 0.034446 -0.001000 0.027975
v 0.045349 -0.001000 0.037689
v 0.046437 -0.001000 0.039237
v 0.046936 -0.001000 0.041062
v 0.035078 -0.001000 0.028905
v 0.020434 -0.001000 0.013963
v 0.019504 -0.001000 0.013331
v 0.018312 -0.001000 0.013084
v 0.017121 -0.001000 0.013331
v 0.019101 -0.001000 0.003967
v 0.016191 -0.001000 0.013963
v 0.009804 -0.001000 0.006997
v 0.010155 -0.001000 0.005156
v 0.008691 -0.001000 0.008692
v 0.013962 -0.001000 0.016192
v 0.006996 -0.001000 0.009805
v 0.013330 -0.001000 0.017122
v 0.005155 -0.001000 0.010156
v 0.003821 -0.001000 0.019040
v -0.000006 -0.001000 0.018279
v 0.007065 -0.001000 0.021208
v 0.027974 -0.001000 0.034447
v 0.013083 -0.001000 0.018313
v 0.013330 -0.001000 0.019505
v 0.013962 -0.001000 0.020434
v 0.035899 -0.001000 0.050042
v 0.040754 -0.001000 0.049045
v 0.038006 -0.001000 0.053141
v 0.039171 -0.001000 0.046579
v 0.036458 -0.001000 0.043866
v 0.033993 -0.001000 0.042282
v 0.037570 -0.001000 0.045466
v 0.035984 -0.001000 0.042094
v 0.030096 -0.001000 0.035326
v 0.034404 -0.001000 0.039037
v 0.028904 -0.001000 0.035079
v 0.032217 -0.001000 0.034447
v 0.036156 -0.001000 0.036276
v 0.031287 -0.001000 0.035079
v 0.034446 -0.001000 0.032218
v 0.038917 -0.001000 0.034522
v 0.035078 -0.001000 0.031288
v 0.035325 -0.001000 0.030096
v 0.040942 -0.001000 0.047053
v 0.044000 -0.001000 0.048635
v 0.038828 -0.001000 0.057113
v 0.038006 -0.001000 0.061085
v 0.035899 -0.001000 0.064184
v 0.044887 -0.001000 0.069577
v 0.044989 -0.001000 0.069295
v 0.030776 -0.001000 0.069308
v 0.044873 -0.001000 0.069877
v 0.044943 -0.001000 0.070155
v 0.035524 -0.001000 0.080772
v 0.045090 -0.001000 0.070402
v 0.045312 -0.001000 0.070604
v 0.045583 -0.001000 0.070731
v 0.045867 -0.001000 0.070772
v 0.060772 -0.001000 0.070772
v 0.060494 -0.001000 0.080772
v 0.060494 -0.001000 0.073494
v 0.062494 -0.001000 0.073494
v 0.062494 -0.001000 0.080772
v 0.069916 -0.001000 0.074635
v 0.069214 -0.001000 0.073601
v 0.068939 -0.001000 0.072276
v 0.064453 -0.001000 0.070070
v 0.069214 -0.001000 0.070951
v 0.067843 -0.001000 0.067843
v 0.070069 -0.001000 0.064453
v 0.070950 -0.001000 0.069215
v 0.069916 -0.001000 0.069917
v 0.072275 -0.001000 0.068940
v 0.073600 -0.001000 0.069215
v 0.074634 -0.001000 0.069917
v 0.080771 -0.001000 0.070772
v 0.080771 -0.001000 0.062494
v 0.075337 -0.001000 0.070951
v 0.075611 -0.001000 0.072276
v 0.080069 -0.001000 0.074453
v 0.075337 -0.001000 0.073601
v 0.077842 -0.001000 0.077843
v 0.074634 -0.001000 0.074635
v 0.073600 -0.001000 0.075338
v 0.072275 -0.001000 0.075612
v 0.074452 -0.001000 0.080070
v 0.070772 -0.001000 0.080772
v 0.070950 -0.001000 0.075338
v 0.033611 -0.001000 0.081153
v 0.029154 -0.001000 0.070392
v 0.031989 -0.001000 0.082237
v 0.007065 -0.001000 0.107160
v 0.017878 -0.001000 0.081967
v 0.017892 -0.001000 0.081667
v 0.017821 -0.001000 0.081389
v 0.027240 -0.001000 0.070772
v 0.017776 -0.001000 0.082249
v 0.017604 -0.001000 0.082479
v 0.007065 -0.001000 0.093018
v 0.003096 -0.001000 0.100988
v 0.003330 -0.001000 0.102216
v 0.003966 -0.001000 0.095124
v 0.001222 -0.001000 0.099114
v 0.002353 -0.001000 0.099857
v -0.000006 -0.001000 0.095947
v -0.001234 -0.001000 0.099114
v -0.000006 -0.001000 0.098880
v -0.003977 -0.001000 0.095124
v -0.003107 -0.001000 0.100988
v -0.002364 -0.001000 0.099857
v -0.007077 -0.001000 0.093018
v -0.007077 -0.001000 0.107160
v -0.003342 -0.001000 0.102216
v -0.017615 -0.001000 0.082479
v -0.032000 -0.001000 0.082237
v -0.017787 -0.001000 0.082249
v -0.017889 -0.001000 0.081967
v -0.017903 -0.001000 0.081667
v -0.017832 -0.001000 0.081389
v -0.027251 -0.001000 0.070772
v -0.017686 -0.001000 0.081143
v -0.017464 -0.001000 0.080941
v -0.017192 -0.001000 0.080813
v -0.016908 -0.001000 0.080772
v 0.016897 -0.001000 0.080772
v 0.017181 -0.001000 0.080813
v 0.017453 -0.001000 0.080941
v 0.017674 -0.001000 0.081143
v -0.029165 -0.001000 0.070392
v -0.033622 -0.001000 0.081153
v -0.030787 -0.001000 0.069308
v -0.044884 -0.001000 0.069877
v -0.035910 -0.001000 0.064184
v -0.044955 -0.001000 0.070155
v -0.035535 -0.001000 0.080772
v -0.060505 -0.001000 0.080772
v -0.045595 -0.001000 0.070731
v -0.045879 -0.001000 0.070772
v -0.045323 -0.001000 0.070604
v -0.045101 -0.001000 0.070402
v -0.060505 -0.001000 0.073494
v -0.060783 -0.001000 0.070772
v -0.062505 -0.001000 0.073494
v -0.064464 -0.001000 0.070070
v -0.068951 -0.001000 0.072276
v -0.069225 -0.001000 0.070951
v -0.067854 -0.001000 0.067843
v -0.070081 -0.001000 0.064453
v -0.070961 -0.001000 0.069215
v -0.069928 -0.001000 0.069917
v -0.072286 -0.001000 0.068940
v -0.073504 -0.001000 0.062494
v -0.073611 -0.001000 0.069215
v -0.074645 -0.001000 0.069917
v -0.075348 -0.001000 0.070951
v -0.080782 -0.001000 0.062494
v -0.080782 -0.001000 0.070772
v -0.080080 -0.001000 0.074453
v -0.075622 -0.001000 0.072276
v -0.075348 -0.001000 0.073601
v -0.077854 -0.001000 0.077843
v -0.074645 -0.001000 0.074635
v -0.073611 -0.001000 0.075338
v -0.074464 -0.001000 0.080070
v -0.072286 -0.001000 0.075612
v -0.070783 -0.001000 0.080772
v -0.070961 -0.001000 0.075338
v -0.069928 -0.001000 0.074635
v -0.062505 -0.001000 0.080772
v -0.069225 -0.001000 0.073601
v -0.073504 -0.001000 0.060494
v -0.070783 -0.001000 0.060772
v -0.070783 -0.001000 0.045868
v -0.080782 -0.001000 0.035525
v -0.080782 -0.001000 0.060494
v -0.070741 -0.001000 0.045584
v -0.070614 -0.001000 0.045313
v -0.070412 -0.001000 0.045091
v -0.070165 -0.001000 0.044944
v -0.069318 -0.001000 0.030777
v -0.069887 -0.001000 0.044874
v -0.069587 -0.001000 0.044887
v -0.064194 -0.001000 0.035900
v -0.069306 -0.001000 0.044989
v -0.069076 -0.001000 0.045161
v -0.060950 -0.001000 0.038068
v -0.057123 -0.001000 0.038829
v -0.053297 -0.001000 0.038068
v -0.048645 -0.001000 0.044001
v -0.046892 -0.001000 0.046763
v -0.049055 -0.001000 0.040755
v -0.047064 -0.001000 0.040943
v -0.046589 -0.001000 0.039171
v -0.050052 -0.001000 0.035900
v -0.034457 -0.001000 0.027975
v -0.021218 -0.001000 0.007066
v -0.045477 -0.001000 0.037571
v -0.043876 -0.001000 0.036459
v -0.042292 -0.001000 0.033994
v -0.042104 -0.001000 0.035985
v -0.035336 -0.001000 0.030096
v -0.039047 -0.001000 0.034404
v -0.035089 -0.001000 0.028905
v -0.035089 -0.001000 0.031288
v -0.034457 -0.001000 0.032218
v -0.036286 -0.001000 0.036157
v -0.032228 -0.001000 0.034447
v -0.034533 -0.001000 0.038918
v -0.034121 -0.001000 0.042163
v -0.030107 -0.001000 0.035326
v -0.031298 -0.001000 0.035079
v -0.028915 -0.001000 0.035079
v -0.027985 -0.001000 0.034447
v -0.013973 -0.001000 0.020434
v -0.035910 -0.001000 0.050042
v -0.007076 -0.001000 0.021208
v -0.013094 -0.001000 0.018313
v -0.013341 -0.001000 0.019505
v -0.003832 -0.001000 0.019040
v -0.013341 -0.001000 0.017122
v -0.007007 -0.001000 0.009805
v -0.013973 -0.001000 0.016192
v -0.008702 -0.001000 0.008692
v -0.016202 -0.001000 0.013963
v -0.017132 -0.001000 0.013331
v -0.009815 -0.001000 0.006997
v -0.010166 -0.001000 0.005156
v -0.019112 -0.001000 0.003967
v -0.018290 -0.001000 -0.000005
v -0.019112 -0.001000 -0.003976
v -0.010166 -0.001000 -0.005166
v -0.009815 -0.001000 -0.007006
v -0.017132 -0.001000 -0.013340
v -0.008702 -0.001000 -0.008701
v -0.016202 -0.001000 -0.013972
v -0.013973 -0.001000 -0.016201
v -0.013341 -0.001000 -0.017131
v -0.007007 -0.001000 -0.009815
v -0.005166 -0.001000 -0.010166
v -0.003832 -0.001000 -0.019050
v -0.000006 -0.001000 -0.018289
v -0.007076 -0.001000 -0.021218
v -0.013094 -0.001000 -0.018323
v -0.013973 -0.001000 -0.020444
v -0.013341 -0.001000 -0.019514
v -0.027985 -0.001000 -0.034456
v -0.035910 -0.001000 -0.050052
v -0.039182 -0.001000 -0.046588
v -0.037581 -0.001000 -0.045476
v -0.036469 -0.001000 -0.043875
v -0.034004 -0.001000 -0.042291
v -0.040765 -0.001000 -0.049054
v -0.038017 -0.001000 -0.053151
v -0.044011 -0.001000 -0.048644
v -0.038839 -0.001000 -0.057123
v -0.038017 -0.001000 -0.061094
v -0.045171 -0.001000 -0.069075
v -0.045000 -0.001000 -0.069305
v -0.069076 -0.001000 -0.045170
v -0.046774 -0.001000 -0.046891
v -0.035910 -0.001000 -0.064194
v -0.044884 -0.001000 -0.069886
v -0.030787 -0.001000 -0.069317
v -0.044898 -0.001000 -0.069587
v -0.035535 -0.001000 -0.080782
v -0.044955 -0.001000 -0.070164
v -0.029165 -0.001000 -0.070401
v -0.033622 -0.001000 -0.081162
v -0.027251 -0.001000 -0.070782
v -0.016908 -0.001000 -0.080782
v -0.017192 -0.001000 -0.080823
v -0.017464 -0.001000 -0.080950
v -0.017685 -0.001000 -0.081152
v -0.017832 -0.001000 -0.081399
v -0.032000 -0.001000 -0.082246
v 0.027240 -0.001000 -0.070782
v 0.029154 -0.001000 -0.070401
v 0.031989 -0.001000 -0.082246
v 0.017821 -0.001000 -0.081399
v 0.017674 -0.001000 -0.081152
v 0.017453 -0.001000 -0.080950
v 0.017181 -0.001000 -0.080823
v 0.016897 -0.001000 -0.080782
v 0.017892 -0.001000 -0.081677
v 0.017878 -0.001000 -0.081977
v 0.017776 -0.001000 -0.082259
v 0.017604 -0.001000 -0.082489
v 0.007065 -0.001000 -0.107169
v 0.007065 -0.001000 -0.093028
v 0.003966 -0.001000 -0.095134
v 0.003096 -0.001000 -0.100997
v 0.003330 -0.001000 -0.102225
v 0.003096 -0.001000 -0.103453
v 0.002353 -0.001000 -0.104584
v 0.001223 -0.001000 -0.105327
v 0.003966 -0.001000 -0.109276
v -0.000006 -0.001000 -0.110098
v -0.003977 -0.001000 -0.109276
v -0.001233 -0.001000 -0.105327
v -0.000006 -0.001000 -0.105561
v -0.002364 -0.001000 -0.104584
v -0.007076 -0.001000 -0.107169
v -0.003107 -0.001000 -0.103453
v -0.003341 -0.001000 -0.102225
v -0.007076 -0.001000 -0.093028
v -0.003107 -0.001000 -0.100997
v -0.003977 -0.001000 -0.095134
v -0.002364 -0.001000 -0.099866
v -0.001233 -0.001000 -0.099124
v -0.000006 -0.001000 -0.098889
v -0.000006 -0.001000 -0.095956
v 0.001223 -0.001000 -0.099124
v 0.002353 -0.001000 -0.099866
v -0.017615 -0.001000 -0.082489
v -0.017787 -0.001000 -0.082259
v -0.017889 -0.001000 -0.081977
v -0.017903 -0.001000 -0.081677
v 0.033611 -0.001000 -0.081162
v 0.030776 -0.001000 -0.069317
v 0.035524 -0.001000 -0.080782
v 0.060494 -0.001000 -0.080782
v 0.044944 -0.001000 -0.070164
v 0.045090 -0.001000 -0.070411
v 0.045312 -0.001000 -0.070613
v 0.045867 -0.001000 -0.070782
v 0.045583 -0.001000 -0.070741
v 0.060772 -0.001000 -0.070782
v 0.060494 -0.001000 -0.073504
v 0.062494 -0.001000 -0.073504
v 0.062494 -0.001000 -0.080782
v 0.064453 -0.001000 -0.070080
v 0.068939 -0.001000 -0.072285
v 0.069214 -0.001000 -0.073610
v 0.069916 -0.001000 -0.074644
v 0.070772 -0.001000 -0.080782
v 0.070950 -0.001000 -0.075347
v 0.072275 -0.001000 -0.075621
v 0.074452 -0.001000 -0.080079
v 0.073600 -0.001000 -0.075347
v 0.077842 -0.001000 -0.077853
v 0.074634 -0.001000 -0.074644
v 0.075337 -0.001000 -0.073610
v 0.075611 -0.001000 -0.072285
v 0.080069 -0.001000 -0.074463
v 0.080771 -0.001000 -0.070782
v 0.080771 -0.001000 -0.062504
v 0.074634 -0.001000 -0.069927
v 0.075337 -0.001000 -0.070961
v 0.073493 -0.001000 -0.062504
v 0.073600 -0.001000 -0.069224
v 0.072275 -0.001000 -0.068950
v 0.070069 -0.001000 -0.064463
v 0.070950 -0.001000 -0.069224
v 0.069916 -0.001000 -0.069927
v 0.067843 -0.001000 -0.067853
v 0.069214 -0.001000 -0.070961
v 0.070772 -0.001000 -0.060782
v 0.073493 -0.001000 -0.060504
v 0.070772 -0.001000 -0.045878
v 0.080771 -0.001000 -0.035535
v 0.080771 -0.001000 -0.060504
v 0.070730 -0.001000 -0.045594
v 0.070603 -0.001000 -0.045322
v 0.070401 -0.001000 -0.045101
v 0.070154 -0.001000 -0.044954
v 0.069307 -0.001000 -0.030786
v 0.069876 -0.001000 -0.044883
v 0.064183 -0.001000 -0.035910
v 0.069576 -0.001000 -0.044897
v 0.069294 -0.001000 -0.044999
v 0.069064 -0.001000 -0.045171
v 0.045160 -0.001000 -0.069075
v 0.060939 -0.001000 -0.038077
v 0.048634 -0.001000 -0.044010
v 0.057112 -0.001000 -0.038839
v 0.046881 -0.001000 -0.046773
v 0.044119 -0.001000 -0.048526
v 0.038828 -0.001000 -0.057123
v 0.038006 -0.001000 -0.053151
v 0.040873 -0.001000 -0.048937
v 0.039236 -0.001000 -0.046447
v 0.035899 -0.001000 -0.050052
v 0.041061 -0.001000 -0.046946
v 0.027974 -0.001000 -0.034456
v 0.007065 -0.001000 -0.021218
v 0.037688 -0.001000 -0.045359
v 0.034110 -0.001000 -0.042172
v 0.036600 -0.001000 -0.043810
v 0.036101 -0.001000 -0.041984
v 0.034522 -0.001000 -0.038927
v 0.030096 -0.001000 -0.035335
v 0.028904 -0.001000 -0.035088
v 0.031287 -0.001000 -0.035088
v 0.032217 -0.001000 -0.034456
v 0.036275 -0.001000 -0.036166
v 0.034446 -0.001000 -0.032227
v 0.039036 -0.001000 -0.034414
v 0.035078 -0.001000 -0.031298
v 0.035325 -0.001000 -0.030106
v 0.042281 -0.001000 -0.034003
v 0.035078 -0.001000 -0.028914
v 0.034446 -0.001000 -0.027985
v 0.020434 -0.001000 -0.013972
v 0.021207 -0.001000 -0.007076
v 0.050041 -0.001000 -0.035910
v 0.043865 -0.001000 -0.036469
v 0.046578 -0.001000 -0.039181
v 0.045465 -0.001000 -0.037581
v 0.053286 -0.001000 -0.038077
v 0.049044 -0.001000 -0.040764
v 0.047053 -0.001000 -0.040952
v 0.042093 -0.001000 -0.035995
v 0.019101 -0.001000 -0.003976
v 0.017121 -0.001000 -0.013340
v 0.018312 -0.001000 -0.013094
v 0.019504 -0.001000 -0.013340
v 0.009804 -0.001000 -0.007006
v 0.016191 -0.001000 -0.013972
v 0.008691 -0.001000 -0.008701
v 0.013962 -0.001000 -0.016201
v 0.006996 -0.001000 -0.009815
v 0.013330 -0.001000 -0.017131
v 0.013083 -0.001000 -0.018323
v 0.003821 -0.001000 -0.019050
v 0.005155 -0.001000 -0.010166
v 0.013330 -0.001000 -0.019514
v 0.013962 -0.001000 -0.020444
v 0.010155 -0.001000 -0.005166
v 0.018278 -0.001000 -0.000005
v 0.038006 -0.001000 -0.061094
v 0.035899 -0.001000 -0.064194
v 0.044989 -0.001000 -0.069305
v 0.044887 -0.001000 -0.069587
v 0.044873 -0.001000 -0.069886
v 0.081152 -0.001000 -0.033621
v 0.070391 -0.001000 -0.029164
v 0.070772 -0.001000 -0.027250
v 0.082236 -0.001000 -0.031999
v 0.107159 -0.001000 -0.007076
v 0.081389 -0.001000 -0.017831
v 0.082249 -0.001000 -0.017786
v 0.082478 -0.001000 -0.017615
v 0.081667 -0.001000 -0.017902
v 0.081966 -0.001000 -0.017888
v 0.093017 -0.001000 -0.007076
v 0.095124 -0.001000 -0.003977
v 0.100987 -0.001000 -0.003106
v 0.102215 -0.001000 -0.003341
v 0.103443 -0.001000 -0.003106
v 0.104574 -0.001000 -0.002363
v 0.109266 -0.001000 -0.003977
v 0.105317 -0.001000 -0.001233
v 0.105551 -0.001000 -0.000005
v 0.110088 -0.001000 -0.000005
v 0.109266 -0.001000 0.003967
v 0.105317 -0.001000 0.001223
v 0.104574 -0.001000 0.002354
v 0.107159 -0.001000 0.007066
v 0.103443 -0.001000 0.003097
v 0.102215 -0.001000 0.003331
v 0.093017 -0.001000 0.007066
v 0.100987 -0.001000 0.003097
v 0.099856 -0.001000 0.002354
v 0.095124 -0.001000 0.003967
v 0.095946 -0.001000 -0.000005
v 0.099113 -0.001000 0.001223
v 0.098879 -0.001000 -0.000005
v 0.099113 -0.001000 -0.001233
v 0.099856 -0.001000 -0.002363
v 0.082478 -0.001000 0.017605
v 0.082249 -0.001000 0.017777
v 0.082236 -0.001000 0.031990
v 0.070772 -0.001000 0.027241
v 0.081966 -0.001000 0.017879
v 0.081667 -0.001000 0.017892
v 0.081389 -0.001000 0.017822
v 0.081142 -0.001000 0.017675
v 0.080940 -0.001000 0.017453
v 0.080813 -0.001000 0.017182
v 0.080771 -0.001000 0.016898
v 0.080771 -0.001000 -0.016907
v 0.080813 -0.001000 -0.017192
v 0.080940 -0.001000 -0.017463
v 0.081142 -0.001000 -0.017685
v -0.045101 -0.001000 -0.070411
v -0.045323 -0.001000 -0.070613
v -0.045594 -0.001000 -0.070741
v -0.045878 -0.001000 -0.070782
v -0.060505 -0.001000 -0.080782
v -0.060505 -0.001000 -0.073504
v -0.060783 -0.001000 -0.070782
v -0.062505 -0.001000 -0.073504
v -0.064464 -0.001000 -0.070080
v -0.067854 -0.001000 -0.067853
v -0.069225 -0.001000 -0.070961
v -0.068950 -0.001000 -0.072286
v -0.069225 -0.001000 -0.073610
v -0.069927 -0.001000 -0.074644
v -0.062505 -0.001000 -0.080782
v -0.070961 -0.001000 -0.075347
v -0.070783 -0.001000 -0.080782
v -0.072286 -0.001000 -0.075621
v -0.074464 -0.001000 -0.080079
v -0.073611 -0.001000 -0.075347
v -0.077854 -0.001000 -0.077853
v -0.080080 -0.001000 -0.074463
v -0.075348 -0.001000 -0.073610
v -0.074645 -0.001000 -0.074644
v -0.075622 -0.001000 -0.072286
v -0.080782 -0.001000 -0.070782
v -0.075348 -0.001000 -0.070961
v -0.074645 -0.001000 -0.069927
v -0.080782 -0.001000 -0.062504
v -0.073611 -0.001000 -0.069224
v -0.073504 -0.001000 -0.062504
v -0.073504 -0.001000 -0.060504
v -0.070783 -0.001000 -0.060782
v -0.072286 -0.001000 -0.068950
v -0.070081 -0.001000 -0.064463
v -0.070961 -0.001000 -0.069224
v -0.069927 -0.001000 -0.069927
v -0.070783 -0.001000 -0.045878
v -0.080782 -0.001000 -0.060504
v -0.080782 -0.001000 -0.035535
v -0.070741 -0.001000 -0.045593
v -0.070614 -0.001000 -0.045322
v -0.070412 -0.001000 -0.045100
v -0.070165 -0.001000 -0.044954
v -0.069887 -0.001000 -0.044883
v -0.069318 -0.001000 -0.030786
v -0.070402 -0.001000 -0.029164
v -0.064194 -0.001000 -0.035910
v -0.069306 -0.001000 -0.044999
v -0.069587 -0.001000 -0.044897
v -0.060950 -0.001000 -0.038077
v -0.057123 -0.001000 -0.038839
v -0.053297 -0.001000 -0.038077
v -0.048527 -0.001000 -0.044129
v -0.048938 -0.001000 -0.040883
v -0.046448 -0.001000 -0.039246
v -0.050052 -0.001000 -0.035910
v -0.046947 -0.001000 -0.041071
v -0.045360 -0.001000 -0.037698
v -0.042173 -0.001000 -0.034120
v -0.034457 -0.001000 -0.027985
v -0.043811 -0.001000 -0.036610
v -0.021218 -0.001000 -0.007076
v -0.018323 -0.001000 -0.013094
v -0.019515 -0.001000 -0.013340
v -0.020445 -0.001000 -0.013972
v -0.041985 -0.001000 -0.036112
v -0.035089 -0.001000 -0.028914
v -0.035336 -0.001000 -0.030106
v -0.035089 -0.001000 -0.031298
v -0.038928 -0.001000 -0.034532
v -0.036167 -0.001000 -0.036285
v -0.034457 -0.001000 -0.032227
v -0.032228 -0.001000 -0.034456
v -0.031298 -0.001000 -0.035088
v -0.034415 -0.001000 -0.039047
v -0.030107 -0.001000 -0.035335
v -0.028915 -0.001000 -0.035088
v -0.081163 -0.001000 -0.033621
v -0.070783 -0.001000 -0.027250
v -0.081400 -0.001000 -0.017831
v -0.082247 -0.001000 -0.031999
v -0.081153 -0.001000 -0.017684
v -0.080951 -0.001000 -0.017463
v -0.070783 -0.001000 0.027241
v -0.080824 -0.001000 -0.017191
v -0.080782 -0.001000 -0.016907
v -0.080782 -0.001000 0.016898
v -0.080824 -0.001000 0.017182
v -0.080951 -0.001000 0.017454
v -0.081153 -0.001000 0.017675
v -0.081400 -0.001000 0.017822
v -0.081678 -0.001000 0.017893
v -0.082247 -0.001000 0.031990
v -0.107170 -0.001000 0.007066
v -0.081978 -0.001000 0.017879
v -0.082260 -0.001000 0.017777
v -0.082490 -0.001000 0.017605
v -0.081163 -0.001000 0.033612
v -0.070402 -0.001000 0.029154
v -0.093028 -0.001000 0.007066
v -0.100998 -0.001000 0.003097
v -0.102226 -0.001000 0.003331
v -0.095135 -0.001000 0.003967
v -0.099867 -0.001000 0.002354
v -0.099124 -0.001000 0.001223
v -0.095957 -0.001000 -0.000005
v -0.099124 -0.001000 -0.001233
v -0.098890 -0.001000 -0.000005
v -0.095135 -0.001000 -0.003976
v -0.099867 -0.001000 -0.002364
v -0.100998 -0.001000 -0.003106
v -0.093028 -0.001000 -0.007076
v -0.107170 -0.001000 -0.007076
v -0.102226 -0.001000 -0.003341
v -0.082490 -0.001000 -0.017614
v -0.082260 -0.001000 -0.017786
v -0.081978 -0.001000 -0.017888
v -0.081678 -0.001000 -0.017902
v -0.103454 -0.001000 -0.003106
v -0.104585 -0.001000 -0.002364
v -0.105328 -0.001000 -0.001233
v -0.109277 -0.001000 -0.003976
v -0.110099 -0.001000 -0.000005
v -0.109277 -0.001000 0.003967
v -0.105328 -0.001000 0.001223
v -0.105562 -0.001000 -0.000005
v -0.104585 -0.001000 0.002354
v -0.103454 -0.001000 0.003097
v -0.040953 -0.001000 -0.047063
v -0.035995 -0.001000 -0.042104
v -0.018323 -0.001000 0.013084
v -0.019515 -0.001000 0.013331
v -0.020445 -0.001000 0.013963
v -0.005166 -0.001000 0.010156
v -0.038017 -0.001000 0.053142
v -0.040884 -0.001000 0.048928
v -0.039247 -0.001000 0.046438
v -0.037699 -0.001000 0.045350
v -0.036611 -0.001000 0.043801
v -0.036113 -0.001000 0.041975
v -0.041072 -0.001000 0.046936
v -0.044130 -0.001000 0.048517
v -0.038839 -0.001000 0.057113
v -0.045171 -0.001000 0.069065
v -0.045000 -0.001000 0.069295
v -0.038017 -0.001000 0.061085
v -0.044898 -0.001000 0.069577
v -0.003107 -0.001000 0.103444
v -0.002364 -0.001000 0.104575
v -0.001234 -0.001000 0.105317
v -0.003977 -0.001000 0.109266
v -0.000006 -0.001000 0.110089
v -0.000006 -0.001000 0.105552
v 0.001222 -0.001000 0.105317
v 0.003966 -0.001000 0.109266
v 0.002353 -0.001000 0.104575
v 0.003096 -0.001000 0.103444
v 0.041974 -0.001000 0.036102
vn 0.000000 1.000000 0.000000
vn 0.000000 1.000000 0.000000
vn 0.000000 1.000000 0.000000
vn 0.000000 1.000000 0.000000
vn 0.000000 1.000000 0.000000
vn 0.000000 1.000000 0.000000
vn 0.000000 1.000000 0.000000
vn 0.000000 1.000000 0.000000
vn 0.000000 1.000000 0.000000
vn 0.000000 1.000000 0.000000
vn 0.000000 1.000000 0.000000
vn 0.000000 1.000000 0.000000
vn 0.000000 1.000000 0.000000
vn 0.000000 1.000000 0.000000
vn 0.000000 1.000000 0.000000
vn 0.000000 1.000000 0.000000
vn 0.000000 1.000000 0.000000
vn 0.000000 1.000000 0.000000
vn 0.000000 1.000000 0.000000
vn 0.000000 1.000000 0.000000
vn 0.000000 1.000000 0.000000
vn 0.000000 1.000000 0.000000
vn 0.000000 1.000000 0.000000
vn 0.000000 1.000000 0.000000
vn 0.000000 1.000000 0.000000
vn 0.000000 1.000000 0.000000
vn 0.000000 1.000000 0.000000
vn 0.000000 1.000000 0.000000
vn 0.000000 1.000000 0.000000
vn 0.000000 1.000000 0.000000
vn 0.000000 1.000000 0.000000
vn 0.000000 1.000000 0.000000
vn 0.000000 1.000000 0.000000
vn 0.000000 1.000000 0.000000
vn 0.000000 1.000000 0.000000
vn 0.000000 1.000000 0.000000
vn 0.000000 1.000000 0.000000
vn 0.000000 1.000000 0.000000
vn 0.000000 1.000000 0.000000
vn 0.000000 1.000000 0.000000
vn 0.000000 1.000000 0.000000
vn 0.000000 1.000000 0.000000
vn 0.000000 1.000000 0.000000
vn 0.000000 1.000000 0.000000
vn 0.000000 1.000000 0.000000
vn 0.000000 1.000000 0.000000
vn 0.000000 1.000000 0.000000
vn 0.000000 1.000000 0.000000
vn 0.000000 1.000000 0.000000
vn 0.000000 1.000000 0.000000
vn 0.000000 1.000000 0.000000
vn 0.000000 1.000000 0.000000
vn 0.000000 1.000000 0.000000
vn 0.000000 1.000000 0.000000
vn 0.000000 1.000000 0.000000
vn 0.000000 1.000000 0.000000
vn 0.000000 1.000000 0.000000
vn 0.000000 1.000000 0.000000
vn 0.000000 1.000000 0.000000
vn 0.000000 1.000000 0.000000
vn 0.000000 1.000000 0.000000
vn 0.000000 1.000000 0.000000
vn 0.000000 1.000000 0.000000
vn 0.000000 1.000000 0.000000
vn 0.000000 1.000000 0.000000
vn 0.000000 1.000000 0.000000
vn 0.000000 1.000000 0.000000
vn 0.000000 1.000000 0.000000
vn 0.000000 1.000000 0.000000
vn 0.000000 1.000000 0.000000
vn 0.000000 1.000000 0.000000
vn 0.000000 1.000000 0.000000
vn 0.000000 1.000000 0.000000
vn 0.000000 1.000000 0.000000
vn 0.000000 1.000000 0.000000
vn 0.000000 1.000000 0.000000
vn 0.000000 1.000000 0.000000
vn 0.000000 1.000000 0.000000
vn 0.000000 1.000000 0.000000
vn 0.000000 1.000000 0.000000
vn 0.000000 1.000000 0.000000
vn 0.000000 1.000000 0.000000
vn 0.000000 1.000000 0.000000
vn 0.000000 1.000000 0.000000
vn 0.000000 1.000000 0.000000
vn 0.000000 1.000000 0.000000
vn 0.000000 1.000000 0.000000
vn 0.000000 1.000000 0.000000
vn 0.000000 1.000000 0.000000
vn 0.000000 1.000000 0.000000
vn 0.000000 1.000000 0.000000
vn 0.000000 1.000000 0.000000
vn 0.000000 1.000000 0.000000
vn 0.000000 1.000000 0.000000
vn 0.000000 1.000000 0.000000
vn 0.000000 1.000000 0.000000
vn 0.000000 1.000000 0.000000
vn 0.000000 1.000000 0.000000
vn 0.000000 1.000000 0.000000
vn 0.000000 1.000000 0.000000
vn 0.000000 1.000000 0.000000
vn 0.000000 1.000000 0.000000
vn 0.000000 1.000000 0.000000
vn 0.000000 1.000000 0.000000
vn 0.000000 1.000000 0.000000
vn 0.000000 1.000000 0.000000
vn 0.000000 1.000000 0.000000
vn 0.000000 1.000000 0.000000
vn 0.000000 1.000000 0.000000
vn 0.000000 1.000000 0.000000
vn 0.000000 1.000000 0.000000
vn 0.000000 1.000000 0.000000
vn 0.000000 1.000000 0.000000
vn 0.000000 1.000000 0.000000
vn 0.000000 1.000000 0.000000
vn 0.000000 1.000000 0.000000
vn 0.000000 1.000000 0.000000
vn 0.000000 1.000000 0.000000
vn 0.000000 1.000000 0.000000
vn 0.000000 1.000000 0.000000
vn 0.000000 1.000000 0.000000
vn 0.000000 1.000000 0.000000
vn 0.000000 1.000000 0.000000
vn 0.000000 1.000000 0.000000
vn 0.000000 1.000000 0.000000
vn 0.000000 1.000000 0.000000
vn 0.000000 1.000000 0.000000
vn 0.000000 1.000000 0.000000
vn 0.000000 1.000000 0.000000
vn 0.000000 1.000000 0.000000
vn 0.000000 1.000000 0.000000
vn 0.000000 1.000000 0.000000
vn 0.000000 1.000000 0.000000
vn 0.000000 1.000000 0.000000
vn 0.000000 1.000000 0.000000
vn 0.000000 1.000000 0.000000
vn 0.000000 1.000000 0.000000
vn 0.000000 1.000000 0.000000
vn 0.000000 1.000000 0.000000
vn 0.000000 1.000000 0.000000
vn 0.000000 1.000000 0.000000
vn 0.000000 1.000000 0.000000
vn 0.000000 1.000000 0.000000
vn 0.000000 1.000000 0.000000
vn 0.000000 1.000000 0.000000
vn 0.000000 1.000000 0.000000
vn 0.000000 1.000000 0.000000
vn 0.000000 1.000000 0.000000
vn 0.000000 1.000000 0.000000
vn 0.000000 1.000000 0.000000
vn 0.000000 1.000000 0.000000
vn 0.000000 1.000000 0.000000
vn 0.000000 1.000000 0.000000
vn 0.000000 1.000000 0.000000
vn 0.000000 1.000000 0.000000
vn 0.000000 1.000000 0.000000
vn 0.000000 1.000000 0.000000
vn 0.000000 1.000000 0.000000
vn 0.000000 1.000000 0.000000
vn 0.000000 1.000000 0.000000
vn 0.000000 1.000000 0.000000
vn 0.000000 1.000000 0.000000
vn 0.000000 1.000000 0.000000
vn 0.000000 1.000000 0.000000
vn 0.000000 1.000000 0.000000
vn 0.000000 1.000000 0.000000
vn 0.000000 1.000000 0.000000
vn 0.000000 1.000000 0.000000
vn 0.000000 1.000000 0.000000
vn 0.000000 1.000000 0.000000
vn 0.000000 1.000000 0.000000
vn 0.000000 1.000000 0.000000
vn 0.000000 1.000000 0.000000
vn 0.000000 1.000000 0.000000
vn 0.000000 1.000000 0.000000
vn 0.000000 1.000000 0.000000
vn 0.000000 1.000000 0.000000
vn 0.000000 1.000000 0.000000
vn 0.000000 1.000000 0.000000
vn 0.000000 1.000000 0.000000
vn 0.000000 1.000000 0.000000
vn 0.000000 1.000000 0.000000
vn 0.000000 1.000000 0.000000
vn 0.000000 1.000000 0.000000
vn 0.000000 1.000000 0.000000
vn 0.000000 1.000000 0.000000
vn 0.000000 1.000000 0.000000
vn 0.000000 1.000000 0.000000
vn 0.000000 1.000000 0.000000
vn 0.000000 1.000000 0.000000
vn 0.000000 1.000000 0.000000
vn 0.000000 1.000000 0.000000
vn 0.000000 1.000000 0.000000
vn 0.000000 1.000000 0.000000
vn 0.000000 1.000000 0.000000
vn 0.000000 1.000000 0.000000
vn 0.000000 1.000000 0.000000
vn 0.000000 1.000000 0.000000
vn 0.000000 1.000000 0.000000
vn 0.000000 1.000000 0.000000
vn 0.000000 1.000000 0.000000
vn 0.000000 1.000000 0.000000
vn 0.000000 1.000000 0.000000
vn 0.000000 1.000000 0.000000
vn 0.000000 1.000000 0.000000
vn 0.000000 1.000000 0.000000
vn 0.000000 1.000000 0.000000
vn 0.000000 1.000000 0.000000
vn 0.000000 1.000000 0.000000
vn 0.000000 1.000000 0.000000
vn 0.000000 1.000000 0.000000
vn 0.000000 1.000000 0.000000
vn 0.000000 1.000000 0.000000
vn 0.000000 1.000000 0.000000
vn 0.000000 1.000000 0.000000
vn 0.000000 1.000000 0.000000
vn 0.000000 1.000000 0.000000
vn 0.000000 1.000000 0.000000
vn 0.000000 1.000000 0.000000
vn 0.000000 1.000000 0.000000
vn 0.000000 1.000000 0.000000
vn 0.000000 1.000000 0.000000
vn 0.000000 1.000000 0.000000
vn 0.000000 1.000000 0.000000
vn 0.000000 1.000000 0.000000
vn 0.000000 1.000000 0.000000
vn 0.000000 1.000000 0.000000
vn 0.000000 1.000000 0.000000
vn 0.000000 1.000000 0.000000
vn 0.000000 1.000000 0.000000
vn 0.000000 1.000000 0.000000
vn 0.000000 1.000000 0.000000
vn 0.000000 1.000000 0.000000
vn 0.000000 1.000000 0.000000
vn 0.000000 1.000000 0.000000
vn 0.000000 1.000000 0.000000
vn 0.000000 1.000000 0.000000
vn 0.000000 1.000000 0.000000
vn 0.000000 1.000000 0.000000
vn 0.000000 1.000000 0.000000
vn 0.000000 1.000000 0.000000
vn 0.000000 1.000000 0.000000
vn 0.000000 1.000000 0.000000
vn 0.000000 1.000000 0.000000
vn 0.000000 1.000000 0.000000
vn 0.000000 1.000000 0.000000
vn 0.000000 1.000000 0.000000
vn 0.000000 1.000000 0.000000
vn 0.000000 1.000000 0.000000
vn 0.000000 1.000000 0.000000
vn 0.000000 1.000000 0.000000
vn 0.000000 1.000000 0.000000
vn 0.000000 1.000000 0.000000
vn 0.000000 1.000000 0.000000
vn 0.000000 1.000000 0.000000
vn 0.000000 1.000000 0.000000
vn 0.000000 1.000000 0.000000
vn 0.000000 1.000000 0.000000
vn 0.000000 1.000000 0.000000
vn 0.000000 1.000000 0.000000
vn 0.000000 1.000000 0.000000
vn 0.000000 1.000000 0.000000
vn 0.000000 1.000000 0.000000
vn 0.000000 1.000000 0.000000
vn 0.000000 1.000000 0.000000
vn 0.000000 1.000000 0.000000
vn 0.000000 1.000000 0.000000
vn 0.000000 1.000000 0.000000
vn 0.000000 1.000000 0.000000
vn 0.000000 1.000000 0.000000
vn 0.000000 1.000000 0.000000
vn 0.000000 1.000000 0.000000
vn 0.000000 1.000000 0.000000
vn 0.000000 1.000000 0.000000
vn 0.000000 1.000000 0.000000
vn 0.000000 1.000000 0.000000
vn 0.000000 1.000000 0.000000
vn 0.000000 1.000000 0.000000
vn 0.000000 1.000000 0.000000
vn 0.000000 1.000000 0.000000
vn 0.000000 1.000000 0.000000
vn 0.000000 1.000000 0.000000
vn 0.000000 1.000000 0.000000
vn 0.000000 1.000000 0.000000
vn 0.000000 1.000000 0.000000
vn 0.000000 1.000000 0.000000
vn 0.000000 1.000000 0.000000
vn 0.000000 1.000000 0.000000
vn 0.000000 1.000000 0.000000
vn 0.000000 1.000000 0.000000
vn 0.000000 1.000000 0.000000
vn 0.000000 1.000000 0.000000
vn 0.000000 1.000000 0.000000
vn 0.000000 1.000000 0.000000
vn 0.000000 1.000000 0.000000
vn 0.000000 1.000000 0.000000
vn 0.000000 1.000000 0.000000
vn 0.000000 1.000000 0.000000
vn 0.000000 1.000000 0.000000
vn 0.000000 1.000000 0.000000
vn 0.000000 1.000000 0.000000
vn 0.000000 1.000000 0.000000
vn 0.000000 1.000000 0.000000
vn 0.000000 1.000000 0.000000
vn 0.000000 1.000000 0.000000
vn 0.000000 1.000000 0.000000
vn 0.000000 1.000000 0.000000
vn 0.000000 1.000000 0.000000
vn 0.000000 1.000000 0.000000
vn 0.000000 1.000000 0.000000
vn 0.000000 1.000000 0.000000
vn 0.000000 1.000000 0.000000
vn 0.000000 1.000000 0.000000
vn 0.000000 1.000000 0.000000
vn 0.000000 1.000000 0.000000
vn 0.000000 1.000000 0.000000
vn 0.000000 1.000000 0.000000
vn 0.000000 1.000000 0.000000
vn 0.000000 1.000000 0.000000
vn 0.000000 1.000000 0.000000
vn 0.000000 1.000000 0.000000
vn 0.000000 1.000000 0.000000
vn 0.000000 1.000000 0.000000
vn 0.000000 1.000000 0.000000
vn 0.000000 1.000000 0.000000
vn 0.000000 1.000000 0.000000
vn 0.000000 1.000000 0.000000
vn 0.000000 1.000000 0.000000
vn 0.000000 1.000000 0.000000
vn 0.000000 1.000000 0.000000
vn 0.000000 1.000000 0.000000
vn 0.000000 1.000000 0.000000
vn 0.000000 1.000000 0.000000
vn 0.000000 1.000000 0.000000
vn 0.000000 1.000000 0.000000
vn 0.000000 1.000000 0.000000
vn 0.000000 1.000000 0.000000
vn 0.000000 1.000000 0.000000
vn 0.000000 1.000000 0.000000
vn 0.000000 1.000000 0.000000
vn 0.000000 1.000000 0.000000
vn 0.000000 1.000000 0.000000
vn 0.000000 1.000000 0.000000
vn 0.000000 1.000000 0.000000
vn 0.000000 1.000000 0.000000
vn 0.000000 1.000000 0.000000
vn 0.000000 1.000000 0.000000
vn 0.000000 1.000000 0.000000
vn 0.000000 1.000000 0.000000
vn 0.000000 1.000000 0.000000
vn 0.000000 1.000000 0.000000
vn 0.000000 1.000000 0.000000
vn 0.000000 1.000000 0.000000
vn 0.000000 1.000000 0.000000
vn 0.000000 1.000000 0.000000
vn 0.000000 1.000000 0.000000
vn 0.000000 1.000000 0.000000
vn 0.000000 1.000000 0.000000
vn 0.000000 1.000000 0.000000
vn 0.000000 1.000000 0.000000
vn 0.000000 1.000000 0.000000
vn 0.000000 1.000000 0.000000
vn 0.000000 1.000000 0.000000
vn 0.000000 1.000000 0.000000
vn 0.000000 1.000000 0.000000
vn 0.000000 1.000000 0.000000
vn 0.000000 1.000000 0.000000
vn 0.000000 1.000000 0.000000
vn 0.000000 1.000000 0.000000
vn 0.000000 1.000000 0.000000
vn 0.000000 1.000000 0.000000
vn 0.000000 1.000000 0.000000
vn 0.000000 1.000000 0.000000
vn 0.000000 1.000000 0.000000
vn 0.000000 1.000000 0.000000
vn 0.000000 1.000000 0.000000
vn 0.000000 1.000000 0.000000
vn 0.000000 1.000000 0.000000
vn 0.000000 1.000000 0.000000
vn 0.000000 1.000000 0.000000
vn 0.000000 1.000000 0.000000
vn 0.000000 1.000000 0.000000
vn 0.000000 1.000000 0.000000
vn 0.000000 1.000000 0.000000
vn 0.000000 1.000000 0.000000
vn 0.000000 1.000000 0.000000
vn 0.000000 1.000000 0.000000
vn 0.000000 1.000000 0.000000
vn 0.000000 1.000000 0.000000
vn 0.000000 1.000000 0.000000
vn 0.000000 1.000000 0.000000
vn 0.000000 1.000000 0.000000
vn 0.000000 1.000000 0.000000
vn 0.000000 1.000000 0.000000
vn 0.000000 1.000000 0.000000
vn 0.000000 1.000000 0.000000
vn 0.000000 1.000000 0.000000
vn 0.000000 1.000000 0.000000
vn 0.000000 1.000000 0.000000
vn 0.000000 1.000000 0.000000
vn 0.000000 1.000000 0.000000
vn 0.000000 1.000000 0.000000
vn 0.000000 1.000000 0.000000
vn 0.000000 1.000000 0.000000
vn 0.000000 1.000000 0.000000
vn 0.000000 1.000000 0.000000
vn 0.000000 1.000000 0.000000
vn 0.000000 1.000000 0.000000
vn 0.000000 1.000000 0.000000
vn 0.000000 1.000000 0.000000
vn 0.000000 1.000000 0.000000
vn 0.000000 1.000000 0.000000
vn 0.000000 1.000000 0.000000
vn 0.000000 1.000000 0.000000
vn 0.000000 1.000000 0.000000
vn 0.000000 1.000000 0.000000
vn 0.000000 1.000000 0.000000
vn 0.000000 1.000000 0.000000
vn 0.000000 1.000000 0.000000
vn 0.000000 1.000000 0.000000
vn 0.000000 1.000000 0.000000
vn 0.000000 1.000000 0.000000
vn 0.000000 1.000000 0.000000
vn 0.000000 1.000000 0.000000
vn 0.000000 1.000000 0.000000
vn 0.000000 1.000000 0.000000
vn 0.000000 1.000000 0.000000
vn 0.000000 1.000000 0.000000
vn 0.000000 1.000000 0.000000
vn 0.000000 1.000000 0.000000
vn 0.000000 1.000000 0.000000
vn 0.000000 1.000000 0.000000
vn 0.000000 1.000000 0.000000
vn 0.000000 1.000000 0.000000
vn 0.000000 1.000000 0.000000
vn 0.000000 1.000000 0.000000
vn 0.000000 1.000000 0.000000
vn 0.000000 1.000000 0.000000
vn 0.000000 1.000000 0.000000
vn 0.000000 1.000000 0.000000
vn 0.000000 1.000000 0.000000
vn 0.000000 1.000000 0.000000
vn 0.000000 1.000000 0.000000
vn 0.000000 1.000000 0.000000
vn 0.000000 1.000000 0.000000
vn 0.000000 1.000000 0.000000
vn 0.000000 1.000000 0.000000
vn 0.000000 1.000000 0.000000
vn 0.000000 1.000000 0.000000
vn 0.000000 1.000000 0.000000
vn 0.000000 1.000000 0.000000
vn 0.000000 1.000000 0.000000
vn 0.000000 1.000000 0.000000
vn 0.000000 1.000000 0.000000
vn 0.000000 1.000000 0.000000
vn 0.000000 1.000000 0.000000
vn 0.000000 1.000000 0.000000
vn 0.000000 1.000000 0.000000
vn 0.000000 1.000000 0.000000
vn 0.000000 1.000000 0.000000
vn 0.000000 1.000000 0.000000
vn 0.000000 1.000000 0.000000
vn 0.000000 1.000000 0.000000
vn 0.000000 1.000000 0.000000
vn 0.000000 1.000000 0.000000
vn 0.000000 1.000000 0.000000
vn 0.000000 1.000000 0.000000
vn 0.000000 1.000000 0.000000
vn 0.000000 1.000000 0.000000
vn 0.000000 1.000000 0.000000
vn 0.000000 1.000000 0.000000
vn 0.000000 1.000000 0.000000
vn 0.000000 1.000000 0.000000
vn 0.000000 1.000000 0.000000
vn 0.000000 1.000000 0.000000
vn 0.000000 1.000000 0.000000
vn 0.000000 1.000000 0.000000
vn 0.000000 1.000000 0.000000
vn 0.000000 1.000000 0.000000
vn 0.000000 1.000000 0.000000
vn 0.000000 1.000000 0.000000
vn 0.000000 1.000000 0.000000
vn 0.000000 1.000000 0.000000
vn 0.000000 1.000000 0.000000
vn 0.000000 1.000000 0.000000
vn 0.000000 1.000000 0.000000
vn 0.000000 1.000000 0.000000
vn 0.000000 1.000000 0.000000
vn 0.000000 1.000000 0.000000
vn 0.000000 1.000000 0.000000
vn 0.000000 1.000000 0.000000
vn 0.000000 1.000000 0.000000
vn 0.000000 1.000000 0.000000
vn 0.000000 1.000000 0.000000
vn 0.000000 1.000000 0.000000
vn 0.000000 1.000000 0.000000
vn 0.000000 1.000000 0.000000
vn 0.000000 1.000000 0.000000
vn 0.000000 1.000000 0.000000
vn 0.000000 1.000000 0.000000
vn 0.000000 1.000000 0.000000
vn 0.000000 1.000000 0.000000
vn 0.000000 1.000000 0.000000
vn 0.000000 1.000000 0.000000
vn 0.000000 1.000000 0.000000
vn 0.000000 1.000000 0.000000
vn 0.000000 1.000000 0.000000
vn 0.000000 1.000000 0.000000
vn 0.000000 1.000000 0.000000
vn 0.000000 1.000000 0.000000
vn 0.000000 1.000000 0.000000
vn 0.000000 1.000000 0.000000
vn 0.000000 1.000000 0.000000
vn 0.000000 1.000000 0.000000
vn 0.000000 1.000000 0.000000
vn 0.000000 1.000000 0.000000
vn 0.000000 1.000000 0.000000
vn 0.000000 1.000000 0.000000
vn 0.000000 1.000000 0.000000
vn 0.000000 1.000000 0.000000
vn 0.000000 1.000000 0.000000
vn 0.000000 1.000000 0.000000
vn 0.000000 1.000000 0.000000
vn 0.000000 1.000000 0.000000
vn 0.000000 1.000000 0.000000
vn 0.000000 1.000000 0.000000
vn 0.000000 1.000000 0.000000
vn 0.000000 1.000000 0.000000
vn 0.000000 1.000000 0.000000
vn 0.000000 1.000000 0.000000
vn 0.000000 1.000000 0.000000
vn 0.000000 1.000000 0.000000
vn 0.000000 1.000000 0.000000
vn 0.000000 1.000000 0.000000
vn 0.000000 1.000000 0.000000
vn 0.000000 1.000000 0.000000
vn 0.000000 1.000000 0.000000
vn 0.000000 1.000000 0.000000
vn 0.000000 1.000000 0.000000
vn 0.000000 1.000000 0.000000
vn 0.000000 1.000000 0.000000
vn 0.000000 1.000000 0.000000
vn 0.000000 1.000000 0.000000
vn 0.000000 1.000000 0.000000
vn 0.000000 1.000000 0.000000
vn 0.000000 1.000000 0.000000
vn 0.000000 1.000000 0.000000
vn 0.000000 1.000000 0.000000
vn 0.000000 1.000000 0.000000
vn 0.000000 1.000000 0.000000
vn 0.000000 1.000000 0.000000
vn 0.000000 1.000000 0.000000
vn 0.000000 1.000000 0.000000
vn 0.000000 1.000000 0.000000
vn 0.000000 1.000000 0.000000
vn 0.000000 1.000000 0.000000
vn 0.000000 1.000000 0.000000
vn 0.000000 1.000000 0.000000
vn 0.000000 1.000000 0.000000
vn 0.000000 1.000000 0.000000
vn 0.000000 1.000000 0.000000
vn 0.000000 1.000000 0.000000
vn 0.000000 1.000000 0.000000
vn 0.000000 1.000000 0.000000
vn 0.000000 1.000000 0.000000
vn 0.000000 1.000000 0.000000
vn 0.000000 1.000000 0.000000
vn 0.000000 1.000000 0.000000
vn 0.000000 1.000000 0.000000
vn 0.000000 1.000000 0.000000
vn 0.000000 1.000000 0.000000
vn 0.000000 1.000000 0.000000
vn 0.000000 1.000000 0.000000
vn 0.000000 1.000000 0.000000
vn 0.000000 1.000000 0.000000
vn 0.000000 1.000000 0.000000
vn 0.000000 1.000000 0.000000
vn 0.000000 1.000000 0.000000
vn 0.000000 1.000000 0.000000
vn 0.000000 1.000000 0.000000
vn 0.000000 1.000000 0.000000
vn 0.000000 1.000000 0.000000
vn 0.000000 1.000000 0.000000
vn 0.000000 1.000000 0.000000
vn 0.000000 1.000000 0.000000
vn 0.000000 1.000000 0.000000
vn 0.000000 1.000000 0.000000
vn 0.000000 1.000000 0.000000
vn 0.000000 1.000000 0.000000
vn 0.000000 1.000000 0.000000
vn 0.000000 1.000000 0.000000
vn 0.000000 1.000000 0.000000
vn 0.000000 1.000000 0.000000
vn 0.000000 1.000000 0.000000
vn 0.000000 1.000000 0.000000
vn 0.000000 1.000000 0.000000
vn 0.000000 1.000000 0.000000
vn 0.000000 1.000000 0.000000
vn 0.000000 1.000000 0.000000
vn 0.000000 1.000000 0.000000
vn 0.000000 1.000000 0.000000
vn 0.000000 1.000000 0.000000
vn 0.000000 1.000000 0.000000
vn 0.000000 1.000000 0.000000
vn 0.000000 1.000000 0.000000
vn 0.000000 1.000000 0.000000
vn 0.000000 1.000000 0.000000
vn 0.000000 1.000000 0.000000
vn 0.000000 1.000000 0.000000
vn 0.000000 1.000000 0.000000
vn 0.000000 1.000000 0.000000
vn 0.000000 1.000000 0.000000
vn 0.000000 1.000000 0.000000
vn 0.000000 1.000000 0.000000
vn 0.000000 1.000000 0.000000
vn 0.000000 1.000000 0.000000
vn 0.000000 1.000000 0.000000
vn 0.000000 1.000000 0.000000
vn 0.000000 1.000000 0.000000
vn 0.000000 1.000000 0.000000
vn 0.000000 1.000000 0.000000
vn 0.000000 1.000000 0.000000
vn 0.000000 1.000000 0.000000
vn 0.000000 1.000000 0.000000
vn 0.000000 1.000000 0.000000
vn 0.000000 1.000000 0.000000
vn 0.000000 1.000000 0.000000
vn 0.000000 1.000000 0.000000
vn 0.000000 1.000000 0.000000
vn 0.000000 1.000000 0.000000
vn 0.000000 1.000000 0.000000
vn 0.000000 1.000000 0.000000
vn 0.000000 1.000000 0.000000
vn 0.000000 1.000000 0.000000
vn 0.000000 1.000000 0.000000
vn 0.000000 1.000000 0.000000
vn 0.000000 1.000000 0.000000
vn 0.000000 1.000000 0.000000
vn 0.000000 1.000000 0.000000
vn 0.000000 1.000000 0.000000
vn 0.000000 1.000000 0.000000
vn 0.000000 1.000000 0.000000
vn 0.000000 1.000000 0.000000
vn 0.000000 1.000000 0.000000
vn 0.000000 1.000000 0.000000
vn 0.000000 1.000000 0.000000
vn 0.000000 1.000000 0.000000
vn 0.000000 1.000000 0.000000
vn 0.000000 1.000000 0.000000
vn 0.000000 1.000000 0.000000
vn 0.000000 1.000000 0.000000
vn 0.000000 1.000000 0.000000
vn 0.000000 1.000000 0.000000
vn 0.000000 1.000000 0.000000
vn 0.000000 1.000000 0.000000
vn 0.000000 1.000000 0.000000
vn 0.000000 1.000000 0.000000
vn 0.000000 1.000000 0.000000
vn 0.000000 1.000000 0.000000
vn 0.000000 1.000000 0.000000
vn 0.000000 1.000000 0.000000
vn 0.000000 1.000000 0.000000
vn 0.000000 1.000000 0.000000
vn 0.000000 1.000000 0.000000
vn 0.000000 1.000000 0.000000
vn 0.000000 1.000000 0.000000
vn 0.000000 1.000000 0.000000
vn 0.000000 1.000000 0.000000
vn 0.000000 1.000000 0.000000
vn 0.000000 1.000000 0.000000
vn 0.000000 1.000000 0.000000
vn 0.000000 1.000000 0.000000
vn 0.707207 0.000000 -0.707007
vn 0.917743 0.000000 -0.397175
vn 0.707207 0.000000 -0.707007
vn 0.917743 0.000000 -0.397175
vn 1.000000 0.000000 0.000000
vn 1.000000 0.000000 0.000000
vn 0.917743 -0.000000 0.397175
vn 0.917743 -0.000000 0.397175
vn 0.707107 -0.000000 0.707107
vn 0.397212 -0.000000 0.917727
vn 0.707107 -0.000000 0.707107
vn 0.397212 -0.000000 0.917727
vn 0.000000 -0.000000 1.000000
vn -0.397212 -0.000000 0.917727
vn 0.000000 -0.000000 1.000000
vn -0.397212 -0.000000 0.917727
vn -0.707107 -0.000000 0.707107
vn -0.917743 -0.000000 0.397175
vn -0.707107 -0.000000 0.707107
vn -0.917743 -0.000000 0.397175
vn -1.000000 0.000000 0.000000
vn -1.000000 0.000000 0.000000
vn -0.917743 0.000000 -0.397175
vn -0.707107 0.000000 -0.707107
vn -0.917743 0.000000 -0.397175
vn -0.707107 0.000000 -0.707107
vn -0.397212 0.000000 -0.917727
vn -0.397212 0.000000 -0.917727
vn 0.000000 0.000000 -1.000000
vn 0.000000 0.000000 -1.000000
vn 0.397212 0.000000 -0.917727
vn 0.397212 0.000000 -0.917727
vn 0.707007 0.000000 -0.707207
vn 0.707007 0.000000 -0.707207
vn -0.000100 -0.000000 1.000000
vn -0.368095 -0.000000 0.929788
vn -0.000100 -0.000000 1.000000
vn -0.368095 -0.000000 0.929788
vn -0.707107 -0.000000 0.707107
vn -0.929788 -0.000000 0.368095
vn -0.707107 -0.000000 0.707107
vn -0.929788 -0.000000 0.368095
vn -1.000000 0.000000 0.000000
vn -0.929788 0.000000 -0.368095
vn -1.000000 0.000000 0.000000
vn -0.929788 0.000000 -0.368095
vn -0.707107 0.000000 -0.707107
vn -0.368095 0.000000 -0.929788
vn -0.707107 0.000000 -0.707107
vn -0.368095 0.000000 -0.929788
vn 0.000000 0.000000 -1.000000
vn 0.000000 0.000000 -1.000000
vn 0.368095 0.000000 -0.929788
vn 0.707107 0.000000 -0.707107
vn 0.368095 0.000000 -0.929788
vn 0.707107 0.000000 -0.707107
vn 0.929788 0.000000 -0.368095
vn 0.929788 0.000000 -0.368095
vn 1.000000 0.000000 0.000000
vn 1.000000 0.000000 0.000000
vn 0.929788 -0.000000 0.368095
vn 0.929788 -0.000000 0.368095
vn 0.707107 -0.000000 0.707107
vn 0.707107 -0.000000 0.707107
vn 0.368095 -0.000000 0.929788
vn 0.000100 -0.000000 1.000000
vn 0.368095 -0.000000 0.929788
vn 0.000100 -0.000000 1.000000
vn -0.707007 0.000000 -0.707207
vn -0.397175 0.000000 -0.917743
vn -0.707007 0.000000 -0.707207
vn -0.397175 0.000000 -0.917743
vn 0.000000 0.000000 -1.000000
vn 0.397175 0.000000 -0.917743
vn 0.000000 0.000000 -1.000000
vn 0.397175 0.000000 -0.917743
vn 0.707107 0.000000 -0.707107
vn 0.917727 0.000000 -0.397212
vn 0.707107 0.000000 -0.707107
vn 0.917727 0.000000 -0.397212
vn 1.000000 0.000000 0.000000
vn 1.000000 0.000000 0.000000
vn 0.917727 -0.000000 0.397212
vn 0.917727 -0.000000 0.397212
vn 0.707107 -0.000000 0.707107
vn 0.397212 -0.000000 0.917727
vn 0.707107 -0.000000 0.707107
vn 0.397212 -0.000000 0.917727
vn 0.000000 -0.000000 1.000000
vn 0.000000 -0.000000 1.000000
vn -0.397212 -0.000000 0.917727
vn -0.707107 -0.000000 0.707107
vn -0.397212 -0.000000 0.917727
vn -0.707107 -0.000000 0.707107
vn -0.917727 -0.000000 0.397212
vn -1.000000 0.000000 0.000000
vn -0.917727 -0.000000 0.397212
vn -1.000000 0.000000 0.000000
vn -0.917727 0.000000 -0.397212
vn -0.707207 0.000000 -0.707007
vn -0.917727 0.000000 -0.397212
vn -0.707207 0.000000 -0.707007
vn -1.000000 0.000000 -0.000100
vn -0.929788 0.000000 -0.368095
vn -1.000000 0.000000 -0.000100
vn -0.929788 0.000000 -0.368095
vn -0.707107 0.000000 -0.707107
vn -0.368095 0.000000 -0.929788
vn -0.707107 0.000000 -0.707107
vn -0.368095 0.000000 -0.929788
vn 0.000000 0.000000 -1.000000
vn 0.368095 0.000000 -0.929788
vn 0.000000 0.000000 -1.000000
vn 0.368095 0.000000 -0.929788
vn 0.707107 0.000000 -0.707107
vn 0.929788 0.000000 -0.368095
vn 0.707107 0.000000 -0.707107
vn 0.929788 0.000000 -0.368095
vn 1.000000 0.000000 0.000000
vn 1.000000 0.000000 0.000000
vn 0.929788 -0.000000 0.368095
vn 0.707107 -0.000000 0.707107
vn 0.929788 -0.000000 0.368095
vn 0.707107 -0.000000 0.707107
vn 0.368095 -0.000000 0.929788
vn 0.000000 -0.000000 1.000000
vn 0.368095 -0.000000 0.929788
vn 0.000000 -0.000000 1.000000
vn -0.368095 -0.000000 0.929788
vn -0.707107 -0.000000 0.707107
vn -0.368095 -0.000000 0.929788
vn -0.707107 -0.000000 0.707107
vn -0.929788 -0.000000 0.368095
vn -0.929788 -0.000000 0.368095
vn -1.000000 -0.000000 0.000100
vn -1.000000 -0.000000 0.000100
vn 0.000100 0.000000 -1.000000
vn 0.368095 0.000000 -0.929788
vn 0.000100 0.000000 -1.000000
vn 0.368095 0.000000 -0.929788
vn 0.707107 0.000000 -0.707107
vn 0.707107 0.000000 -0.707107
vn 0.929788 0.000000 -0.368095
vn 0.929788 0.000000 -0.368095
vn 1.000000 0.000000 0.000000
vn 1.000000 0.000000 0.000000
vn 0.929788 -0.000000 0.368095
vn 0.929788 -0.000000 0.368095
vn 0.707107 -0.000000 0.707107
vn 0.368095 -0.000000 0.929788
vn 0.707107 -0.000000 0.707107
vn 0.368095 -0.000000 0.929788
vn 0.000000 -0.000000 1.000000
vn 0.000000 -0.000000 1.000000
vn -0.368095 -0.000000 0.929788
vn -0.707107 -0.000000 0.707107
vn -0.368095 -0.000000 0.929788
vn -0.707107 -0.000000 0.707107
vn -0.929788 -0.000000 0.368095
vn -0.929788 -0.000000 0.368095
vn -1.000000 0.000000 0.000000
vn -1.000000 0.000000 0.000000
vn -0.929788 0.000000 -0.368095
vn -0.929788 0.000000 -0.368095
vn -0.707107 0.000000 -0.707107
vn -0.707107 0.000000 -0.707107
vn -0.368095 0.000000 -0.929788
vn -0.368095 0.000000 -0.929788
vn -0.000100 0.000000 -1.000000
vn -0.000100 0.000000 -1.000000
vn -0.707157 -0.000000 0.707057
vn -0.917727 -0.000000 0.397212
vn -0.707157 -0.000000 0.707057
vn -0.917727 -0.000000 0.397212
vn -1.000000 0.000000 0.000000
vn -0.917727 0.000000 -0.397212
vn -1.000000 0.000000 0.000000
vn -0.917727 0.000000 -0.397212
vn -0.707107 0.000000 -0.707107
vn -0.397212 0.000000 -0.917727
vn -0.707107 0.000000 -0.707107
vn -0.397212 0.000000 -0.917727
vn 0.000000 0.000000 -1.000000
vn 0.397212 0.000000 -0.917727
vn 0.000000 0.000000 -1.000000
vn 0.397212 0.000000 -0.917727
vn 0.707107 0.000000 -0.707107
vn 0.707107 0.000000 -0.707107
vn 0.917727 0.000000 -0.397212
vn 1.000000 0.000000 0.000000
vn 0.917727 0.000000 -0.397212
vn 1.000000 0.000000 0.000000
vn 0.917727 -0.000000 0.397212
vn 0.917727 -0.000000 0.397212
vn 0.707107 -0.000000 0.707107
vn 0.707107 -0.000000 0.707107
vn 0.397212 -0.000000 0.917727
vn 0.397212 -0.000000 0.917727
vn 0.000000 -0.000000 1.000000
vn 0.000000 -0.000000 1.000000
vn -0.397212 -0.000000 0.917727
vn -0.707057 -0.000000 0.707157
vn -0.397212 -0.000000 0.917727
vn -0.707057 -0.000000 0.707157
vn 0.707057 -0.000000 0.707157
vn 0.397212 -0.000000 0.917727
vn 0.707057 -0.000000 0.707157
vn 0.397212 -0.000000 0.917727
vn 0.000000 -0.000000 1.000000
vn -0.397212 -0.000000 0.917727
vn 0.000000 -0.000000 1.000000
vn -0.397212 -0.000000 0.917727
vn -0.707107 -0.000000 0.707107
vn -0.917727 -0.000000 0.397212
vn -0.707107 -0.000000 0.707107
vn -0.917727 -0.000000 0.397212
vn -1.000000 0.000000 0.000000
vn -1.000000 0.000000 0.000000
vn -0.917727 0.000000 -0.397212
vn -0.917727 0.000000 -0.397212
vn -0.707107 0.000000 -0.707107
vn -0.397212 0.000000 -0.917727
vn -0.707107 0.000000 -0.707107
vn -0.397212 0.000000 -0.917727
vn 0.000000 0.000000 -1.000000
vn 0.000000 0.000000 -1.000000
vn 0.397212 0.000000 -0.917727
vn 0.707107 0.000000 -0.707107
vn 0.397212 0.000000 -0.917727
vn 0.707107 0.000000 -0.707107
vn 0.917727 0.000000 -0.397212
vn 1.000000 0.000000 0.000000
vn 0.917727 0.000000 -0.397212
vn 1.000000 0.000000 0.000000
vn 0.917727 -0.000000 0.397212
vn 0.707157 -0.000000 0.707057
vn 0.917727 -0.000000 0.397212
vn 0.707157 -0.000000 0.707057
vn 1.000000 -0.000000 0.000100
vn 0.929788 -0.000000 0.368095
vn 1.000000 -0.000000 0.000100
vn 0.929788 -0.000000 0.368095
vn 0.707107 -0.000000 0.707107
vn 0.707107 -0.000000 0.707107
vn 0.368095 -0.000000 0.929788
vn 0.000000 -0.000000 1.000000
vn 0.368095 -0.000000 0.929788
vn 0.000000 -0.000000 1.000000
vn -0.368095 -0.000000 0.929788
vn -0.368095 -0.000000 0.929788
vn -0.707107 -0.000000 0.707107
vn -0.929788 -0.000000 0.368095
vn -0.707107 -0.000000 0.707107
vn -0.929788 -0.000000 0.368095
vn -1.000000 0.000000 0.000000
vn -1.000000 0.000000 0.000000
vn -0.929788 0.000000 -0.368095
vn -0.707107 0.000000 -0.707107
vn -0.929788 0.000000 -0.368095
vn -0.707107 0.000000 -0.707107
vn -0.368095 0.000000 -0.929788
vn -0.368095 0.000000 -0.929788
vn 0.000000 0.000000 -1.000000
vn 0.000000 0.000000 -1.000000
vn 0.368095 0.000000 -0.929788
vn 0.707107 0.000000 -0.707107
vn 0.368095 0.000000 -0.929788
vn 0.707107 0.000000 -0.707107
vn 0.929788 0.000000 -0.368095
vn 1.000000 0.000000 -0.000100
vn 0.929788 0.000000 -0.368095
vn 1.000000 0.000000 -0.000100
vn -0.707107 0.000000 -0.707107
vn -0.707107 0.000000 -0.707107
vn -0.707107 0.000000 -0.707107
vn -0.707107 0.000000 -0.707107
vn -0.707107 0.000000 -0.707107
vn -0.707007 0.000000 -0.707207
vn -0.397212 0.000000 -0.917727
vn -0.707007 0.000000 -0.707207
vn -0.397212 0.000000 -0.917727
vn 0.000000 0.000000 -1.000000
vn 0.397212 0.000000 -0.917727
vn 0.000000 0.000000 -1.000000
vn 0.397212 0.000000 -0.917727
vn 0.707007 0.000000 -0.707207
vn 0.707007 0.000000 -0.707207
vn 0.707107 0.000000 -0.707107
vn 0.707107 0.000000 -0.707107
vn 0.707107 0.000000 -0.707107
vn 0.707107 0.000000 -0.707107
vn 0.707207 0.000000 -0.707007
vn 0.707207 0.000000 -0.707007
vn 0.917727 0.000000 -0.397212
vn 1.000000 0.000000 0.000000
vn 0.917727 0.000000 -0.397212
vn 1.000000 0.000000 0.000000
vn 0.917727 -0.000000 0.397212
vn 0.707207 -0.000000 0.707007
vn 0.917727 -0.000000 0.397212
vn 0.707207 -0.000000 0.707007
vn 0.707107 -0.000000 0.707107
vn 0.707107 -0.000000 0.707107
vn 0.707107 -0.000000 0.707107
vn 0.707107 -0.000000 0.707107
vn 0.707007 -0.000000 0.707207
vn 0.707007 -0.000000 0.707207
vn 0.397212 -0.000000 0.917727
vn 0.000000 -0.000000 1.000000
vn 0.397212 -0.000000 0.917727
vn 0.000000 -0.000000 1.000000
vn -0.397212 -0.000000 0.917727
vn -0.707007 -0.000000 0.707207
vn -0.397212 -0.000000 0.917727
vn -0.707007 -0.000000 0.707207
vn -0.707107 -0.000000 0.707107
vn -0.707107 -0.000000 0.707107
vn -0.707107 -0.000000 0.707107
vn -0.707107 -0.000000 0.707107
vn -0.707207 -0.000000 0.707007
vn -0.917727 -0.000000 0.397212
vn -0.707207 -0.000000 0.707007
vn -0.917727 -0.000000 0.397212
vn -1.000000 0.000000 0.000000
vn -0.917727 0.000000 -0.397212
vn -1.000000 0.000000 0.000000
vn -0.917727 0.000000 -0.397212
vn -0.707207 0.000000 -0.707007
vn -0.707207 0.000000 -0.707007
vn -0.707207 0.000000 -0.707007
vn -0.707107 -0.000000 0.707107
vn -0.707107 -0.000000 0.707107
vn -0.707107 -0.000000 0.707107
vn -0.707107 -0.000000 0.707107
vn -0.707107 -0.000000 0.707107
vn -0.707207 -0.000000 0.707007
vn -0.707207 -0.000000 0.707007
vn -0.917727 -0.000000 0.397212
vn -1.000000 0.000000 0.000000
vn -0.917727 -0.000000 0.397212
vn -1.000000 0.000000 0.000000
vn -0.917727 0.000000 -0.397212
vn -0.707207 0.000000 -0.707007
vn -0.917727 0.000000 -0.397212
vn -0.707207 0.000000 -0.707007
vn -0.707107 0.000000 -0.707107
vn -0.707107 0.000000 -0.707107
vn -0.707107 0.000000 -0.707107
vn -0.707107 0.000000 -0.707107
vn -0.707007 0.000000 -0.707207
vn -0.707007 0.000000 -0.707207
vn -0.397212 0.000000 -0.917727
vn 0.000000 0.000000 -1.000000
vn -0.397212 0.000000 -0.917727
vn 0.000000 0.000000 -1.000000
vn 0.397212 0.000000 -0.917727
vn 0.397212 0.000000 -0.917727
vn 0.707007 0.000000 -0.707207
vn 0.707007 0.000000 -0.707207
vn 0.707107 0.000000 -0.707107
vn 0.707107 0.000000 -0.707107
vn 0.707107 0.000000 -0.707107
vn 0.707107 0.000000 -0.707107
vn 0.707207 0.000000 -0.707007
vn 0.707207 0.000000 -0.707007
vn 0.917727 0.000000 -0.397212
vn 1.000000 0.000000 0.000000
vn 0.917727 0.000000 -0.397212
vn 1.000000 0.000000 0.000000
vn 0.917727 -0.000000 0.397212
vn 0.707207 -0.000000 0.707007
vn 0.917727 -0.000000 0.397212
vn 0.707207 -0.000000 0.707007
vn 0.707107 -0.000000 0.707107
vn 0.707107 -0.000000 0.707107
vn 0.707107 -0.000000 0.707107
vn 0.707107 -0.000000 0.707107
vn 0.707007 -0.000000 0.707207
vn 0.397212 -0.000000 0.917727
vn 0.707007 -0.000000 0.707207
vn 0.397212 -0.000000 0.917727
vn 0.000000 -0.000000 1.000000
vn 0.000000 -0.000000 1.000000
vn -0.397091 -0.000000 0.917779
vn -0.707107 -0.000000 0.707107
vn -0.707007 -0.000000 0.707207
vn -0.397091 -0.000000 0.917779
vn -0.707107 -0.000000 0.707107
vn 0.707107 -0.000000 0.707107
vn 0.707107 -0.000000 0.707107
vn 0.707107 -0.000000 0.707107
vn 0.707107 -0.000000 0.707107
vn 0.707107 -0.000000 0.707107
vn -0.707007 -0.000000 0.707207
vn -0.707007 -0.000000 0.707207
vn -0.397212 -0.000000 0.917727
vn 0.000000 -0.000000 1.000000
vn -0.397212 -0.000000 0.917727
vn 0.000000 -0.000000 1.000000
vn 0.397091 -0.000000 0.917779
vn 0.397091 -0.000000 0.917779
vn 0.707107 -0.000000 0.707107
vn 0.707007 -0.000000 0.707207
vn 0.707107 -0.000000 0.707107
vn -0.707107 -0.000000 0.707107
vn -0.707107 -0.000000 0.707107
vn -0.707107 -0.000000 0.707107
vn -0.707107 -0.000000 0.707107
vn -0.707207 -0.000000 0.707007
vn -0.707207 -0.000000 0.707007
vn -0.917727 -0.000000 0.397212
vn -1.000000 0.000000 0.000000
vn -0.917727 -0.000000 0.397212
vn -1.000000 0.000000 0.000000
vn -0.917727 0.000000 -0.397212
vn -0.707207 0.000000 -0.707007
vn -0.917727 0.000000 -0.397212
vn -0.707207 0.000000 -0.707007
vn -0.707107 0.000000 -0.707107
vn -0.707107 0.000000 -0.707107
vn -0.707107 0.000000 -0.707107
vn -0.707107 0.000000 -0.707107
vn -0.707107 0.000000 -0.707107
vn 0.707007 0.000000 -0.707207
vn 0.397212 0.000000 -0.917727
vn 0.707007 0.000000 -0.707207
vn 0.397212 0.000000 -0.917727
vn 0.000000 0.000000 -1.000000
vn -0.397212 0.000000 -0.917727
vn 0.000000 0.000000 -1.000000
vn -0.397212 0.000000 -0.917727
vn -0.707007 0.000000 -0.707207
vn -0.707007 0.000000 -0.707207
vn -0.707007 0.000000 -0.707207
vn 0.707107 0.000000 -0.707107
vn 0.707107 0.000000 -0.707107
vn 0.707107 0.000000 -0.707107
vn 0.707107 0.000000 -0.707107
vn 0.707207 0.000000 -0.707007
vn 0.707207 0.000000 -0.707007
vn 0.917727 0.000000 -0.397212
vn 1.000000 0.000000 0.000000
vn 0.917727 0.000000 -0.397212
vn 1.000000 0.000000 0.000000
vn 0.917727 -0.000000 0.397212
vn 0.707207 -0.000000 0.707007
vn 0.917727 -0.000000 0.397212
vn 0.707207 -0.000000 0.707007
vn 0.707107 0.000000 -0.707107
vn 0.707107 0.000000 -0.707107
vn 0.707107 0.000000 -0.707107
vn 0.707107 0.000000 -0.707107
vn 0.707107 0.000000 -0.707107
vn 0.707207 -0.000000 0.707007
vn 0.917727 -0.000000 0.397212
vn 0.707207 -0.000000 0.707007
vn 0.917727 -0.000000 0.397212
vn 1.000000 0.000000 0.000000
vn 0.917743 0.000000 -0.397175
vn 1.000000 0.000000 0.000000
vn 0.917743 0.000000 -0.397175
vn 0.707207 0.000000 -0.707007
vn 0.707207 0.000000 -0.707007
vn 0.707207 0.000000 -0.707007
vn 0.707107 -0.000000 0.707107
vn 0.707107 -0.000000 0.707107
vn 0.707107 -0.000000 0.707107
vn 0.707107 -0.000000 0.707107
vn 0.707007 -0.000000 0.707207
vn 0.707007 -0.000000 0.707207
vn 0.397212 -0.000000 0.917727
vn 0.000000 -0.000000 1.000000
vn 0.397212 -0.000000 0.917727
vn 0.000000 -0.000000 1.000000
vn -0.397212 -0.000000 0.917727
vn -0.397212 -0.000000 0.917727
vn -0.707007 -0.000000 0.707207
vn -0.707007 -0.000000 0.707207
vn -0.707107 -0.000000 0.707107
vn -0.707107 -0.000000 0.707107
vn -0.707107 -0.000000 0.707107
vn -0.707107 -0.000000 0.707107
vn -0.707207 -0.000000 0.707007
vn -0.917727 -0.000000 0.397212
vn -0.707207 -0.000000 0.707007
vn -0.917727 -0.000000 0.397212
vn -1.000000 0.000000 0.000000
vn -1.000000 0.000000 0.000000
vn -0.917727 0.000000 -0.397212
vn -0.707207 0.000000 -0.707007
vn -0.917727 0.000000 -0.397212
vn -0.707207 0.000000 -0.707007
vn -0.707107 0.000000 -0.707107
vn -0.707107 0.000000 -0.707107
vn -0.707107 0.000000 -0.707107
vn -0.707107 0.000000 -0.707107
vn -0.707007 0.000000 -0.707207
vn -0.707007 0.000000 -0.707207
vn -0.397212 0.000000 -0.917727
vn 0.000000 0.000000 -1.000000
vn -0.397212 0.000000 -0.917727
vn 0.000000 0.000000 -1.000000
vn 0.397212 0.000000 -0.917727
vn 0.707007 0.000000 -0.707207
vn 0.397212 0.000000 -0.917727
vn 0.707007 0.000000 -0.707207
vn 0.000000 -0.000000 1.000000
vn 0.000000 -0.000000 1.000000
vn 0.000000 -0.000000 1.000000
vn 0.000000 -0.000000 1.000000
vn 0.000000 -0.000000 1.000000
vn 0.000000 -0.000000 1.000000
vn -1.000000 0.000000 0.000000
vn -0.983299 -0.000000 0.182000
vn -1.000000 0.000000 0.000000
vn -0.983299 -0.000000 0.182000
vn -0.929788 -0.000000 0.368095
vn -0.929788 -0.000000 0.368095
vn -0.837001 -0.000000 0.547201
vn -0.707107 -0.000000 0.707107
vn -0.837001 -0.000000 0.547201
vn -0.707107 -0.000000 0.707107
vn -0.547201 -0.000000 0.837001
vn -0.547201 -0.000000 0.837001
vn -0.368095 -0.000000 0.929788
vn -0.368095 -0.000000 0.929788
vn -0.182000 -0.000000 0.983299
vn -0.182000 -0.000000 0.983299
vn 0.000000 -0.000000 1.000000
vn 0.000000 -0.000000 1.000000
vn 0.000000 -0.000000 1.000000
vn -1.000000 0.000000 0.000000
vn -1.000000 0.000000 0.000000
vn -1.000000 0.000000 0.000000
vn -1.000000 0.000000 0.000000
vn -1.000000 0.000000 0.000000
vn -1.000000 0.000000 -0.000100
vn -1.000000 0.000000 0.000000
vn -0.983299 0.000000 -0.182000
vn -0.983299 0.000000 -0.182000
vn -0.929788 0.000000 -0.368095
vn -0.929788 0.000000 -0.368095
vn -0.837001 0.000000 -0.547201
vn -0.837001 0.000000 -0.547201
vn -0.707107 0.000000 -0.707107
vn -0.547201 0.000000 -0.837001
vn -0.707107 0.000000 -0.707107
vn -0.547201 0.000000 -0.837001
vn -0.368095 0.000000 -0.929788
vn -0.182000 0.000000 -0.983299
vn -0.368095 0.000000 -0.929788
vn -0.182000 0.000000 -0.983299
vn 0.000000 0.000000 -1.000000
vn 0.000000 0.000000 -1.000000
vn -1.000000 0.000000 -0.000100
vn 0.000000 0.000000 -1.000000
vn 0.000000 0.000000 -1.000000
vn 0.000000 0.000000 -1.000000
vn 0.000000 0.000000 -1.000000
vn 0.000000 0.000000 -1.000000
vn -0.000100 0.000000 -1.000000
vn 0.000100 0.000000 -1.000000
vn 0.182000 0.000000 -0.983299
vn 0.182000 0.000000 -0.983299
vn 0.368095 0.000000 -0.929788
vn 0.368095 0.000000 -0.929788
vn 0.547131 0.000000 -0.837047
vn 0.547131 0.000000 -0.837047
vn 0.707107 0.000000 -0.707107
vn 0.837001 0.000000 -0.547201
vn 0.707107 0.000000 -0.707107
vn 0.837001 0.000000 -0.547201
vn 0.929754 0.000000 -0.368182
vn 0.983316 0.000000 -0.181903
vn 0.929754 0.000000 -0.368182
vn 0.983316 0.000000 -0.181903
vn 1.000000 0.000000 0.000000
vn 1.000000 0.000000 0.000000
vn -0.000100 0.000000 -1.000000
vn 1.000000 0.000000 0.000000
vn 1.000000 0.000000 0.000000
vn 1.000000 0.000000 0.000000
vn 1.000000 0.000000 0.000000
vn 1.000000 0.000000 0.000000
vn 0.983299 -0.000000 0.182000
vn 1.000000 0.000000 0.000000
vn 0.983299 -0.000000 0.182000
vn 0.929754 -0.000000 0.368182
vn 0.837001 -0.000000 0.547201
vn 0.929754 -0.000000 0.368182
vn 0.837001 -0.000000 0.547201
vn 0.707107 -0.000000 0.707107
vn 0.707107 -0.000000 0.707107
vn 0.547131 -0.000000 0.837047
vn 0.368095 -0.000000 0.929788
vn 0.547131 -0.000000 0.837047
vn 0.368095 -0.000000 0.929788
vn 0.182000 -0.000000 0.983299
vn 0.000100 -0.000000 1.000000
vn 0.000000 -0.000000 1.000000
vn 0.182000 -0.000000 0.983299
vn 0.000100 -0.000000 1.000000
vn 0.707107 0.000000 -0.707107
vn 0.707107 0.000000 -0.707107
vn 0.817513 0.000000 -0.575910
vn 0.817513 0.000000 -0.575910
vn 0.904909 0.000000 -0.425604
vn 0.964962 0.000000 -0.262390
vn 0.904909 0.000000 -0.425604
vn 0.964962 0.000000 -0.262390
vn 0.995582 0.000000 -0.093898
vn 0.995582 0.000000 -0.093898
vn 0.707107 0.000000 -0.707107
vn 0.995591 0.000000 -0.093799
vn 0.992431 -0.000000 0.122804
vn 0.995591 0.000000 -0.093799
vn 0.992431 -0.000000 0.122804
vn 0.940820 -0.000000 0.338907
vn 0.842812 -0.000000 0.538208
vn 0.940820 -0.000000 0.338907
vn 0.842812 -0.000000 0.538208
vn 0.707007 -0.000000 0.707207
vn 0.707007 -0.000000 0.707207
vn 0.538020 -0.000000 0.842932
vn 0.338698 -0.000000 0.940895
vn 0.538020 -0.000000 0.842932
vn 0.338698 -0.000000 0.940895
vn 0.122705 -0.000000 0.992443
vn -0.093997 -0.000000 0.995572
vn 0.122705 -0.000000 0.992443
vn -0.094096 -0.000000 0.995563
vn -0.093997 -0.000000 0.995572
vn -0.995582 0.000000 -0.093898
vn -0.995582 0.000000 -0.093898
vn -0.995582 0.000000 -0.093898
vn -0.995582 0.000000 -0.093898
vn -0.995582 0.000000 -0.093898
vn -0.995582 0.000000 -0.093898
vn -0.094403 -0.000000 0.995534
vn -0.094205 -0.000000 0.995553
vn -0.255291 -0.000000 0.966864
vn -0.255291 -0.000000 0.966864
vn -0.416310 -0.000000 0.909223
vn -0.416310 -0.000000 0.909223
vn -0.569792 -0.000000 0.821789
vn -0.707307 -0.000000 0.706907
vn -0.569792 -0.000000 0.821789
vn -0.707307 -0.000000 0.706907
vn -0.822120 -0.000000 0.569314
vn -0.909371 -0.000000 0.415987
vn -0.822120 -0.000000 0.569314
vn -0.909371 -0.000000 0.415987
vn -0.966970 -0.000000 0.254892
vn -0.995582 -0.000000 0.093898
vn -0.995582 -0.000000 0.093898
vn -0.966970 -0.000000 0.254892
vn -0.995582 -0.000000 0.093898
vn -0.094403 -0.000000 0.995534
vn 0.093898 -0.000000 0.995582
vn 0.093898 -0.000000 0.995582
vn 0.093898 -0.000000 0.995582
vn 0.093898 -0.000000 0.995582
vn 0.093898 -0.000000 0.995582
vn -0.995591 -0.000000 0.093799
vn -0.995591 -0.000000 0.093799
vn -0.992431 0.000000 -0.122804
vn -0.940863 0.000000 -0.338787
vn -0.992431 0.000000 -0.122804
vn -0.940863 0.000000 -0.338787
vn -0.842932 0.000000 -0.538020
vn -0.707207 0.000000 -0.707007
vn -0.842932 0.000000 -0.538020
vn -0.707207 0.000000 -0.707007
vn -0.538279 0.000000 -0.842767
vn -0.339084 0.000000 -0.940756
vn -0.538279 0.000000 -0.842767
vn -0.339084 0.000000 -0.940756
vn -0.123099 0.000000 -0.992394
vn 0.093502 0.000000 -0.995619
vn -0.123099 0.000000 -0.992394
vn 0.093502 0.000000 -0.995619
vn 0.995582 -0.000000 0.093898
vn 0.995582 -0.000000 0.093898
vn 0.995582 -0.000000 0.093898
vn 0.995582 -0.000000 0.093898
vn 0.093502 0.000000 -0.995619
vn 0.262110 0.000000 -0.965038
vn 0.093502 0.000000 -0.995619
vn 0.262110 0.000000 -0.965038
vn 0.425484 0.000000 -0.904966
vn 0.425484 0.000000 -0.904966
vn 0.575976 0.000000 -0.817466
vn 0.707107 0.000000 -0.707107
vn 0.575976 0.000000 -0.817466
vn 0.707107 0.000000 -0.707107
vn 0.707107 0.000000 -0.707107
vn -0.707107 0.000000 -0.707107
vn -0.707107 0.000000 -0.707107
vn -0.575501 0.000000 -0.817801
vn -0.425686 0.000000 -0.904871
vn -0.575501 0.000000 -0.817801
vn -0.707107 0.000000 -0.707107
vn -0.425686 0.000000 -0.904871
vn -0.262508 0.000000 -0.964930
vn -0.262508 0.000000 -0.964930
vn -0.093898 0.000000 -0.995582
vn -0.093898 0.000000 -0.995582
vn -0.995582 -0.000000 0.093898
vn -0.995582 -0.000000 0.093898
vn -0.995582 -0.000000 0.093898
vn -0.995582 -0.000000 0.093898
vn -0.995582 -0.000000 0.093898
vn -0.093799 0.000000 -0.995591
vn -0.093799 0.000000 -0.995591
vn 0.122902 0.000000 -0.992419
vn 0.122902 0.000000 -0.992419
vn 0.338907 0.000000 -0.940820
vn 0.538091 0.000000 -0.842887
vn 0.338907 0.000000 -0.940820
vn 0.538091 0.000000 -0.842887
vn 0.707207 0.000000 -0.707007
vn 0.842961 0.000000 -0.537975
vn 0.707207 0.000000 -0.707007
vn 0.842961 0.000000 -0.537975
vn 0.940895 0.000000 -0.338698
vn 0.940895 0.000000 -0.338698
vn 0.992443 0.000000 -0.122705
vn 0.992443 0.000000 -0.122705
vn 0.995563 -0.000000 0.094097
vn 0.995563 -0.000000 0.094097
vn -0.093799 0.000000 -0.995591
vn -0.093898 -0.000000 0.995582
vn -0.093898 -0.000000 0.995582
vn -0.093898 -0.000000 0.995582
vn -0.093898 -0.000000 0.995582
vn 0.995553 -0.000000 0.094205
vn 0.966889 -0.000000 0.255197
vn 0.995553 -0.000000 0.094205
vn 0.966889 -0.000000 0.255197
vn 0.909223 -0.000000 0.416310
vn 0.821915 -0.000000 0.569610
vn 0.909223 -0.000000 0.416310
vn 0.821915 -0.000000 0.569610
vn 0.707007 -0.000000 0.707207
vn 0.569314 -0.000000 0.822120
vn 0.707007 -0.000000 0.707207
vn 0.569314 -0.000000 0.822120
vn 0.416024 -0.000000 0.909353
vn 0.416024 -0.000000 0.909353
vn 0.254892 -0.000000 0.966970
vn 0.093700 -0.000000 0.995600
vn 0.254892 -0.000000 0.966970
vn 0.093898 -0.000000 0.995582
vn 0.093700 -0.000000 0.995600
vn 0.995582 0.000000 -0.093898
vn 0.995582 0.000000 -0.093898
vn 0.995582 0.000000 -0.093898
vn 0.995582 0.000000 -0.093898
vn 0.995582 0.000000 -0.093898
vn 0.093799 -0.000000 0.995591
vn -0.123001 -0.000000 0.992407
vn 0.093799 -0.000000 0.995591
vn -0.123001 -0.000000 0.992407
vn -0.338787 -0.000000 0.940863
vn -0.538020 -0.000000 0.842932
vn -0.338787 -0.000000 0.940863
vn -0.538020 -0.000000 0.842932
vn -0.707007 -0.000000 0.707207
vn -0.842812 -0.000000 0.538208
vn -0.707007 -0.000000 0.707207
vn -0.842812 -0.000000 0.538208
vn -0.940788 -0.000000 0.338996
vn -0.940788 -0.000000 0.338996
vn -0.992382 -0.000000 0.123198
vn -0.995619 0.000000 -0.093502
vn -0.992394 -0.000000 0.123099
vn -0.995619 0.000000 -0.093502
vn -0.995619 0.000000 -0.093502
vn 0.093898 0.000000 -0.995582
vn 0.093898 0.000000 -0.995582
vn 0.093898 0.000000 -0.995582
vn 0.093898 0.000000 -0.995582
vn 0.093898 0.000000 -0.995582
vn -0.995619 0.000000 -0.093502
vn -0.965038 0.000000 -0.262110
vn -0.995619 0.000000 -0.093502
vn -0.965038 0.000000 -0.262110
vn -0.904948 0.000000 -0.425523
vn -0.817674 0.000000 -0.575682
vn -0.904948 0.000000 -0.425523
vn -0.817674 0.000000 -0.575682
vn -0.707107 0.000000 -0.707107
vn -0.707107 0.000000 -0.707107
vn -0.707107 0.000000 -0.707107
vn 0.707157 -0.000000 0.707057
vn 0.707107 -0.000000 0.707107
vn 0.575909 -0.000000 0.817513
vn 0.575909 -0.000000 0.817513
vn 0.425686 -0.000000 0.904871
vn 0.425686 -0.000000 0.904871
vn 0.262390 -0.000000 0.964962
vn 0.262390 -0.000000 0.964962
vn 0.093898 -0.000000 0.995582
vn 0.093898 -0.000000 0.995582
vn 0.093898 -0.000000 0.995582
vn 0.707157 -0.000000 0.707057
vn 0.995582 0.000000 -0.093898
vn 0.995582 0.000000 -0.093898
vn 0.995582 0.000000 -0.093898
vn 0.995582 0.000000 -0.093898
vn 0.995582 0.000000 -0.093898
vn 0.093799 -0.000000 0.995591
vn 0.093799 -0.000000 0.995591
vn -0.123001 -0.000000 0.992407
vn -0.338907 -0.000000 0.940820
vn -0.123001 -0.000000 0.992407
vn -0.338907 -0.000000 0.940820
vn -0.538208 -0.000000 0.842812
vn -0.707207 -0.000000 0.707007
vn -0.538208 -0.000000 0.842812
vn -0.707207 -0.000000 0.707007
vn -0.842961 -0.000000 0.537975
vn -0.940895 -0.000000 0.338698
vn -0.842961 -0.000000 0.537975
vn -0.940895 -0.000000 0.338698
vn -0.992443 -0.000000 0.122705
vn -0.995563 0.000000 -0.094097
vn -0.992443 -0.000000 0.122705
vn -0.995563 0.000000 -0.094097
vn 0.093898 0.000000 -0.995582
vn 0.093898 0.000000 -0.995582
vn 0.093898 0.000000 -0.995582
vn 0.093898 0.000000 -0.995582
vn -0.995543 0.000000 -0.094304
vn -0.966889 0.000000 -0.255197
vn -0.995543 0.000000 -0.094304
vn -0.966889 0.000000 -0.255197
vn -0.909223 0.000000 -0.416310
vn -0.821789 0.000000 -0.569792
vn -0.909223 0.000000 -0.416310
vn -0.821789 0.000000 -0.569792
vn -0.706907 0.000000 -0.707307
vn -0.569314 0.000000 -0.822120
vn -0.706907 0.000000 -0.707307
vn -0.569314 0.000000 -0.822120
vn -0.415904 0.000000 -0.909409
vn -0.254892 0.000000 -0.966970
vn -0.415904 0.000000 -0.909409
vn -0.254892 0.000000 -0.966970
vn -0.093898 0.000000 -0.995582
vn -0.093898 0.000000 -0.995582
vn -0.995582 -0.000000 0.093898
vn -0.995582 -0.000000 0.093898
vn -0.995582 -0.000000 0.093898
vn -0.995582 -0.000000 0.093898
vn -0.093799 0.000000 -0.995591
vn 0.122902 0.000000 -0.992419
vn -0.093799 0.000000 -0.995591
vn 0.122902 0.000000 -0.992419
vn 0.338787 0.000000 -0.940863
vn 0.538020 0.000000 -0.842932
vn 0.338787 0.000000 -0.940863
vn 0.538020 0.000000 -0.842932
vn 0.707007 0.000000 -0.707207
vn 0.842812 0.000000 -0.538208
vn 0.707007 0.000000 -0.707207
vn 0.842812 0.000000 -0.538208
vn 0.940756 0.000000 -0.339084
vn 0.992382 0.000000 -0.123198
vn 0.940756 0.000000 -0.339084
vn 0.992382 0.000000 -0.123198
vn 0.995619 -0.000000 0.093502
vn 0.995619 -0.000000 0.093502
vn -0.093898 -0.000000 0.995582
vn -0.093898 -0.000000 0.995582
vn -0.093898 -0.000000 0.995582
vn -0.093898 -0.000000 0.995582
vn 0.995619 -0.000000 0.093502
vn 0.995619 -0.000000 0.093502
vn 0.965038 -0.000000 0.262110
vn 0.965038 -0.000000 0.262110
vn 0.904966 -0.000000 0.425484
vn 0.817433 -0.000000 0.576023
vn 0.904966 -0.000000 0.425484
vn 0.817594 -0.000000 0.575796
vn 0.707157 -0.000000 0.707057
vn 0.707107 -0.000000 0.707107
vn 0.707157 -0.000000 0.707057
vn -0.707107 -0.000000 0.707107
vn -0.707107 -0.000000 0.707107
vn -0.817433 -0.000000 0.576023
vn -0.817433 -0.000000 0.576023
vn -0.904871 -0.000000 0.425686
vn -0.904871 -0.000000 0.425686
vn -0.964904 -0.000000 0.262601
vn -0.964904 -0.000000 0.262601
vn -0.995582 -0.000000 0.093898
vn -0.995582 -0.000000 0.093898
vn -0.995582 -0.000000 0.093898
vn -0.707107 -0.000000 0.707107
vn 0.093898 -0.000000 0.995582
vn 0.093898 -0.000000 0.995582
vn 0.093898 -0.000000 0.995582
vn 0.093898 -0.000000 0.995582
vn 0.093898 -0.000000 0.995582
vn 0.093898 -0.000000 0.995582
vn -0.995591 -0.000000 0.093799
vn -0.992419 0.000000 -0.122902
vn -0.995591 -0.000000 0.093799
vn -0.995591 -0.000000 0.093799
vn -0.992419 0.000000 -0.122902
vn -0.940820 0.000000 -0.338907
vn -0.940820 0.000000 -0.338907
vn -0.842812 0.000000 -0.538208
vn -0.707007 0.000000 -0.707207
vn -0.842812 0.000000 -0.538208
vn -0.707007 0.000000 -0.707207
vn -0.538020 0.000000 -0.842932
vn -0.538020 0.000000 -0.842932
vn -0.338698 0.000000 -0.940895
vn -0.338698 0.000000 -0.940895
vn -0.122804 0.000000 -0.992431
vn 0.094096 0.000000 -0.995563
vn 0.094096 0.000000 -0.995563
vn -0.122705 0.000000 -0.992443
vn 0.094096 0.000000 -0.995563
vn 0.995582 -0.000000 0.093898
vn 0.995582 -0.000000 0.093898
vn 0.995582 -0.000000 0.093898
vn 0.995582 -0.000000 0.093898
vn 0.995582 -0.000000 0.093898
vn 0.094205 0.000000 -0.995553
vn 0.255197 0.000000 -0.966889
vn 0.094205 0.000000 -0.995553
vn 0.255197 0.000000 -0.966889
vn 0.416310 0.000000 -0.909223
vn 0.569610 0.000000 -0.821915
vn 0.416310 0.000000 -0.909223
vn 0.569610 0.000000 -0.821915
vn 0.707207 0.000000 -0.707007
vn 0.822120 0.000000 -0.569314
vn 0.707207 0.000000 -0.707007
vn 0.822120 0.000000 -0.569314
vn 0.909409 0.000000 -0.415904
vn 0.966970 0.000000 -0.254892
vn 0.909409 0.000000 -0.415904
vn 0.966970 0.000000 -0.254892
vn 0.995582 0.000000 -0.093898
vn 0.995582 0.000000 -0.093898
vn -0.093898 0.000000 -0.995582
vn -0.093898 0.000000 -0.995582
vn -0.093898 0.000000 -0.995582
vn -0.093898 0.000000 -0.995582
vn -0.093898 0.000000 -0.995582
vn 0.995591 0.000000 -0.093799
vn 0.992407 -0.000000 0.123001
vn 0.995591 0.000000 -0.093799
vn 0.995591 0.000000 -0.093799
vn 0.992407 -0.000000 0.123001
vn 0.940863 -0.000000 0.338787
vn 0.940863 -0.000000 0.338787
vn 0.842932 -0.000000 0.538020
vn 0.707207 -0.000000 0.707007
vn 0.842932 -0.000000 0.538020
vn 0.707207 -0.000000 0.707007
vn 0.538208 -0.000000 0.842812
vn 0.538208 -0.000000 0.842812
vn 0.338996 -0.000000 0.940788
vn 0.338996 -0.000000 0.940788
vn 0.123198 -0.000000 0.992382
vn -0.093502 -0.000000 0.995619
vn -0.093502 -0.000000 0.995619
vn 0.123198 -0.000000 0.992382
vn -0.093502 -0.000000 0.995619
vn -0.995582 0.000000 -0.093898
vn -0.995582 0.000000 -0.093898
vn -0.995582 0.000000 -0.093898
vn -0.995582 0.000000 -0.093898
vn -0.995582 0.000000 -0.093898
vn -0.995582 0.000000 -0.093898
vn -0.093502 -0.000000 0.995619
vn -0.093502 -0.000000 0.995619
vn -0.262203 -0.000000 0.965013
vn -0.262203 -0.000000 0.965013
vn -0.425522 -0.000000 0.904948
vn -0.425522 -0.000000 0.904948
vn -0.575387 -0.000000 0.817881
vn -0.707007 -0.000000 0.707207
vn -0.707107 -0.000000 0.707107
vn -0.575387 -0.000000 0.817881
vn -0.707007 -0.000000 0.707207
vn -0.093502 -0.000000 0.995619
vn 0.707107 0.000000 -0.707107
vn 0.707107 0.000000 -0.707107
vn 0.830462 0.000000 -0.557075
vn 0.830586 0.000000 -0.556891
vn 0.923877 0.000000 -0.382690
vn 0.923877 0.000000 -0.382690
vn 0.981138 0.000000 -0.193308
vn 0.981138 0.000000 -0.193308
vn 1.000000 0.000000 -0.000100
vn 1.000000 0.000000 -0.000100
vn 0.707107 0.000000 -0.707107
vn 1.000000 0.000000 0.000000
vn 1.000000 0.000000 0.000000
vn 1.000000 0.000000 0.000000
vn 1.000000 0.000000 0.000000
vn 1.000000 -0.000000 0.000100
vn 0.981138 -0.000000 0.193308
vn 1.000000 -0.000000 0.000100
vn 0.981138 -0.000000 0.193308
vn 0.923877 -0.000000 0.382690
vn 0.830385 -0.000000 0.557190
vn 0.923877 -0.000000 0.382690
vn 0.830385 -0.000000 0.557190
vn 0.707107 -0.000000 0.707107
vn 0.707107 -0.000000 0.707107
vn 0.707107 -0.000000 0.707107
vn 0.707107 -0.000000 0.707107
vn 0.707107 -0.000000 0.707107
vn 0.707107 -0.000000 0.707107
vn 0.707107 -0.000000 0.707107
vn 0.557305 -0.000000 0.830308
vn 0.707107 -0.000000 0.707107
vn 0.557305 -0.000000 0.830308
vn 0.382690 -0.000000 0.923877
vn 0.193307 -0.000000 0.981138
vn 0.382690 -0.000000 0.923877
vn 0.193307 -0.000000 0.981138
vn 0.000000 -0.000000 1.000000
vn 0.000000 -0.000000 1.000000
vn -0.193192 -0.000000 0.981161
vn -0.382690 -0.000000 0.923877
vn -0.193192 -0.000000 0.981161
vn -0.382690 -0.000000 0.923877
vn -0.557121 -0.000000 0.830431
vn -0.707007 -0.000000 0.707207
vn -0.557121 -0.000000 0.830431
vn -0.707007 -0.000000 0.707207
vn -0.707107 -0.000000 0.707107
vn -0.707107 -0.000000 0.707107
vn -0.707107 -0.000000 0.707107
vn -0.707107 -0.000000 0.707107
vn -0.707107 -0.000000 0.707107
vn -0.707107 -0.000000 0.707107
vn -0.823995 -0.000000 0.566597
vn -0.917779 -0.000000 0.397091
vn -0.823995 -0.000000 0.566597
vn -0.917779 -0.000000 0.397091
vn -0.978784 -0.000000 0.204897
vn -1.000000 0.000000 0.000000
vn -0.978784 -0.000000 0.204897
vn -1.000000 0.000000 0.000000
vn -0.978764 0.000000 -0.204992
vn -0.917727 0.000000 -0.397212
vn -0.978764 0.000000 -0.204992
vn -0.917727 0.000000 -0.397212
vn -0.823995 0.000000 -0.566597
vn -0.707107 0.000000 -0.707107
vn -0.823995 0.000000 -0.566597
vn -0.707107 0.000000 -0.707107
vn -0.707107 0.000000 -0.707107
vn -0.707107 0.000000 -0.707107
vn -0.707107 0.000000 -0.707107
vn -0.707107 0.000000 -0.707107
vn -0.707107 0.000000 -0.707107
vn -0.557190 0.000000 -0.830385
vn -0.707107 0.000000 -0.707107
vn -0.557190 0.000000 -0.830385
vn -0.382690 0.000000 -0.923877
vn -0.382690 0.000000 -0.923877
vn -0.193192 0.000000 -0.981161
vn 0.000000 0.000000 -1.000000
vn -0.193192 0.000000 -0.981161
vn 0.000000 0.000000 -1.000000
vn 0.193404 0.000000 -0.981119
vn 0.382690 0.000000 -0.923877
vn 0.193404 0.000000 -0.981119
vn 0.382690 0.000000 -0.923877
vn 0.557305 0.000000 -0.830308
vn 0.707107 0.000000 -0.707107
vn 0.557305 0.000000 -0.830308
vn 0.707107 0.000000 -0.707107
vn 0.707107 0.000000 -0.707107
vn 0.707107 0.000000 -0.707107
vn 0.707107 0.000000 -0.707107
vn 0.707107 0.000000 -0.707107
vn 0.707107 0.000000 -0.707107
vn -0.707107 0.000000 -0.707107
vn -0.707107 0.000000 -0.707107
vn -0.557075 0.000000 -0.830462
vn -0.382690 0.000000 -0.923877
vn -0.557075 0.000000 -0.830462
vn -0.382690 0.000000 -0.923877
vn -0.193307 0.000000 -0.981138
vn -0.193307 0.000000 -0.981138
vn -0.000100 0.000000 -1.000000
vn -0.000100 0.000000 -1.000000
vn 0.000000 0.000000 -1.000000
vn 0.000000 0.000000 -1.000000
vn 0.000000 0.000000 -1.000000
vn 0.000000 0.000000 -1.000000
vn 0.000000 0.000000 -1.000000
vn 0.000100 0.000000 -1.000000
vn 0.000000 0.000000 -1.000000
vn 0.193404 0.000000 -0.981119
vn 0.193307 0.000000 -0.981138
vn 0.382690 0.000000 -0.923877
vn 0.382690 0.000000 -0.923877
vn 0.557190 0.000000 -0.830385
vn 0.557190 0.000000 -0.830385
vn 0.707107 0.000000 -0.707107
vn 0.707107 0.000000 -0.707107
vn 0.000100 0.000000 -1.000000
vn 0.707107 0.000000 -0.707107
vn 0.707107 0.000000 -0.707107
vn 0.707107 0.000000 -0.707107
vn 0.707107 0.000000 -0.707107
vn 0.707107 -0.000000 0.707107
vn 0.823995 -0.000000 0.566597
vn 0.707107 -0.000000 0.707107
vn 0.823995 -0.000000 0.566597
vn 0.917727 -0.000000 0.397212
vn 0.978804 -0.000000 0.204801
vn 0.917727 -0.000000 0.397212
vn 0.978804 -0.000000 0.204801
vn 1.000000 0.000000 0.000000
vn 0.978784 0.000000 -0.204897
vn 1.000000 0.000000 0.000000
vn 0.978784 0.000000 -0.204897
vn 0.917727 0.000000 -0.397212
vn 0.917727 0.000000 -0.397212
vn 0.823995 0.000000 -0.566597
vn 0.823995 0.000000 -0.566597
vn 0.707107 0.000000 -0.707107
vn 0.707107 0.000000 -0.707107
vn 0.707107 -0.000000 0.707107
vn 0.707107 -0.000000 0.707107
vn 0.707107 -0.000000 0.707107
vn 0.707107 -0.000000 0.707107
vn 0.707107 -0.000000 0.707107
vn 0.557190 -0.000000 0.830385
vn 0.707107 -0.000000 0.707107
vn 0.557190 -0.000000 0.830385
vn 0.382690 -0.000000 0.923877
vn 0.193192 -0.000000 0.981161
vn 0.382690 -0.000000 0.923877
vn 0.193192 -0.000000 0.981161
vn 0.000000 -0.000000 1.000000
vn 0.000000 -0.000000 1.000000
vn -0.193404 -0.000000 0.981119
vn -0.382690 -0.000000 0.923877
vn -0.193404 -0.000000 0.981119
vn -0.382690 -0.000000 0.923877
vn -0.557190 -0.000000 0.830385
vn -0.707007 -0.000000 0.707207
vn -0.557190 -0.000000 0.830385
vn -0.707007 -0.000000 0.707207
vn -0.707107 -0.000000 0.707107
vn -0.707107 -0.000000 0.707107
vn -0.707107 -0.000000 0.707107
vn -0.707107 -0.000000 0.707107
vn -0.707107 -0.000000 0.707107
vn -0.707107 -0.000000 0.707107
vn -0.823995 -0.000000 0.566597
vn -0.823995 -0.000000 0.566597
vn -0.917727 -0.000000 0.397212
vn -0.978764 -0.000000 0.204992
vn -0.917727 -0.000000 0.397212
vn -0.978764 -0.000000 0.204992
vn -1.000000 0.000000 0.000000
vn -1.000000 0.000000 0.000000
vn -0.978784 0.000000 -0.204897
vn -0.978784 0.000000 -0.204897
vn -0.917779 0.000000 -0.397091
vn -0.917779 0.000000 -0.397091
vn -0.823916 0.000000 -0.566711
vn -0.707107 0.000000 -0.707107
vn -0.823916 0.000000 -0.566711
vn -0.707107 0.000000 -0.707107
vn -0.707107 0.000000 -0.707107
vn -0.707107 0.000000 -0.707107
vn -0.707107 0.000000 -0.707107
vn -0.707107 0.000000 -0.707107
vn 0.707107 0.000000 -0.707107
vn 0.707107 0.000000 -0.707107
vn 0.707107 0.000000 -0.707107
vn 0.707107 0.000000 -0.707107
vn 0.707107 0.000000 -0.707107
vn 0.707107 0.000000 -0.707107
vn 0.823995 0.000000 -0.566597
vn 0.917727 0.000000 -0.397212
vn 0.823995 0.000000 -0.566597
vn 0.917727 0.000000 -0.397212
vn 0.978764 0.000000 -0.204992
vn 0.978764 0.000000 -0.204992
vn 1.000000 0.000000 0.000000
vn 1.000000 0.000000 0.000000
vn 0.978784 -0.000000 0.204897
vn 0.917779 -0.000000 0.397091
vn 0.978784 -0.000000 0.204897
vn 0.917779 -0.000000 0.397091
vn 0.823995 -0.000000 0.566597
vn 0.707107 -0.000000 0.707107
vn 0.823995 -0.000000 0.566597
vn 0.707107 -0.000000 0.707107
vn 0.707107 -0.000000 0.707107
vn 0.707107 -0.000000 0.707107
vn 0.707107 -0.000000 0.707107
vn 0.707107 -0.000000 0.707107
vn 0.707007 -0.000000 0.707207
vn 0.557190 -0.000000 0.830385
vn 0.707007 -0.000000 0.707207
vn 0.557190 -0.000000 0.830385
vn 0.382690 -0.000000 0.923877
vn 0.193404 -0.000000 0.981119
vn 0.382690 -0.000000 0.923877
vn 0.193404 -0.000000 0.981119
vn 0.000000 -0.000000 1.000000
vn 0.000000 -0.000000 1.000000
vn -0.193404 -0.000000 0.981119
vn -0.382690 -0.000000 0.923877
vn -0.193404 -0.000000 0.981119
vn -0.382690 -0.000000 0.923877
vn -0.557190 -0.000000 0.830385
vn -0.707007 -0.000000 0.707207
vn -0.557190 -0.000000 0.830385
vn -0.707007 -0.000000 0.707207
vn -0.707107 -0.000000 0.707107
vn -0.707107 -0.000000 0.707107
vn -0.707107 -0.000000 0.707107
vn -0.707107 -0.000000 0.707107
vn -0.707107 -0.000000 0.707107
vn -0.830462 -0.000000 0.557075
vn -0.707107 -0.000000 0.707107
vn -0.830462 -0.000000 0.557075
vn -0.923877 -0.000000 0.382690
vn -0.981119 -0.000000 0.193404
vn -0.923877 -0.000000 0.382690
vn -0.981119 -0.000000 0.193404
vn -1.000000 0.000000 0.000000
vn -1.000000 -0.000000 0.000100
vn -1.000000 -0.000000 0.000100
vn -1.000000 0.000000 0.000000
vn -1.000000 0.000000 0.000000
vn -1.000000 0.000000 0.000000
vn -1.000000 0.000000 0.000000
vn -1.000000 0.000000 0.000000
vn -1.000000 0.000000 0.000000
vn -0.707107 0.000000 -0.707107
vn -0.830462 0.000000 -0.557075
vn -0.707107 0.000000 -0.707107
vn -0.830462 0.000000 -0.557075
vn -0.923877 0.000000 -0.382690
vn -0.981119 0.000000 -0.193404
vn -0.923877 0.000000 -0.382690
vn -0.981119 0.000000 -0.193404
vn -1.000000 0.000000 0.000000
vn -1.000000 0.000000 -0.000100
vn -1.000000 0.000000 -0.000100
vn -0.707107 0.000000 -0.707107
vn -0.707107 0.000000 -0.707107
vn -0.707107 0.000000 -0.707107
vn -0.707107 0.000000 -0.707107
vn -0.707007 0.000000 -0.707207
vn -0.557190 0.000000 -0.830385
vn -0.707007 0.000000 -0.707207
vn -0.557190 0.000000 -0.830385
vn -0.382690 0.000000 -0.923877
vn -0.193192 0.000000 -0.981161
vn -0.382690 0.000000 -0.923877
vn -0.193192 0.000000 -0.981161
vn 0.000000 0.000000 -1.000000
vn 0.193404 0.000000 -0.981119
vn 0.000000 0.000000 -1.000000
vn 0.193404 0.000000 -0.981119
vn 0.382690 0.000000 -0.923877
vn 0.557190 0.000000 -0.830385
vn 0.382690 0.000000 -0.923877
vn 0.557190 0.000000 -0.830385
vn 0.707007 0.000000 -0.707207
vn 0.707007 0.000000 -0.707207
vn -0.707107 0.000000 -0.707107
vn -0.707107 0.000000 -0.707107
vn -0.707107 0.000000 -0.707107
vn -0.707107 0.000000 -0.707107
vn -0.707007 0.000000 -0.707207
vn -0.557006 0.000000 -0.830509
vn -0.707007 0.000000 -0.707207
vn -0.557006 0.000000 -0.830509
vn -0.382690 0.000000 -0.923877
vn -0.193192 0.000000 -0.981161
vn -0.382690 0.000000 -0.923877
vn -0.193192 0.000000 -0.981161
vn 0.000000 0.000000 -1.000000
vn 0.000000 0.000000 -1.000000
vn 0.193192 0.000000 -0.981161
vn 0.382690 0.000000 -0.923877
vn 0.193192 0.000000 -0.981161
vn 0.382690 0.000000 -0.923877
vn 0.557190 0.000000 -0.830385
vn 0.557190 0.000000 -0.830385
vn 0.707107 0.000000 -0.707107
vn 0.707107 0.000000 -0.707107
vn 0.707107 0.000000 -0.707107
vn 0.707107 0.000000 -0.707107
vn 0.707107 0.000000 -0.707107
vn 0.707107 0.000000 -0.707107
vn 0.707107 0.000000 -0.707107
vn 0.707107 0.000000 -0.707107
vn 0.823995 0.000000 -0.566597
vn 0.917727 0.000000 -0.397212
vn 0.823995 0.000000 -0.566597
vn 0.917727 0.000000 -0.397212
vn 0.978764 0.000000 -0.204992
vn 0.978764 0.000000 -0.204992
vn 1.000000 0.000000 0.000000
vn 1.000000 0.000000 0.000000
vn 0.978764 -0.000000 0.204992
vn 0.917727 -0.000000 0.397212
vn 0.978764 -0.000000 0.204992
vn 0.917727 -0.000000 0.397212
vn 0.823995 -0.000000 0.566597
vn 0.707107 -0.000000 0.707107
vn 0.823995 -0.000000 0.566597
vn 0.707107 -0.000000 0.707107
vn 0.707107 -0.000000 0.707107
vn 0.707107 -0.000000 0.707107
vn 0.707107 -0.000000 0.707107
vn 0.707107 -0.000000 0.707107
vn 0.707107 -0.000000 0.707107
vn 0.557190 -0.000000 0.830385
vn 0.707107 -0.000000 0.707107
vn 0.557190 -0.000000 0.830385
vn 0.382690 -0.000000 0.923877
vn 0.193404 -0.000000 0.981119
vn 0.382690 -0.000000 0.923877
vn 0.193307 -0.000000 0.981138
vn 0.000000 -0.000000 1.000000
vn 0.000100 -0.000000 1.000000
vn 0.000100 -0.000000 1.000000
vn 0.000000 -0.000000 1.000000
vn 0.000000 -0.000000 1.000000
vn 0.000000 -0.000000 1.000000
vn 0.000000 -0.000000 1.000000
vn 0.000000 -0.000000 1.000000
vn 0.000000 -0.000000 1.000000
vn -0.000100 -0.000000 1.000000
vn 0.000000 -0.000000 1.000000
vn -0.193404 -0.000000 0.981119
vn -0.382690 -0.000000 0.923877
vn -0.193404 -0.000000 0.981119
vn -0.000100 -0.000000 1.000000
vn -0.382690 -0.000000 0.923877
vn -0.557075 -0.000000 0.830462
vn -0.707107 -0.000000 0.707107
vn -0.557075 -0.000000 0.830462
vn -0.707107 -0.000000 0.707107
vn -0.707107 -0.000000 0.707107
vn -0.707107 -0.000000 0.707107
vn -0.707107 -0.000000 0.707107
vn -0.707107 -0.000000 0.707107
vn -0.707107 0.000000 -0.707107
vn -0.707107 0.000000 -0.707107
vn -0.823995 0.000000 -0.566597
vn -0.823995 0.000000 -0.566597
vn -0.917727 0.000000 -0.397212
vn -0.917727 0.000000 -0.397212
vn -0.978764 0.000000 -0.204992
vn -0.978764 0.000000 -0.204992
vn -1.000000 0.000000 0.000000
vn -0.978784 -0.000000 0.204897
vn -1.000000 0.000000 0.000000
vn -0.978784 -0.000000 0.204897
vn -0.917779 -0.000000 0.397091
vn -0.917779 -0.000000 0.397091
vn -0.823995 -0.000000 0.566597
vn -0.823995 -0.000000 0.566597
vn -0.707107 -0.000000 0.707107
vn -0.707107 -0.000000 0.707107
vn -1.000000 0.000000 -0.000100
vn -1.000000 0.000000 -0.000100
vn -0.957299 0.000000 -0.289100
vn -0.957327 0.000000 -0.289008
vn -0.829302 0.000000 -0.558801
vn -0.829302 0.000000 -0.558801
vn -0.627727 0.000000 -0.778434
vn -0.627788 0.000000 -0.778385
vn -0.382690 0.000000 -0.923877
vn -0.382690 0.000000 -0.923877
vn -0.099296 0.000000 -0.995058
vn -0.099296 0.000000 -0.995058
vn 0.199192 0.000000 -0.979960
vn 0.199192 0.000000 -0.979960
vn 0.478887 0.000000 -0.877876
vn 0.479006 0.000000 -0.877812
vn 0.707007 0.000000 -0.707207
vn 0.707007 0.000000 -0.707207
vn 0.707007 0.000000 -0.707207
vn 0.478887 0.000000 -0.877876
vn 0.199192 0.000000 -0.979960
vn -0.099296 0.000000 -0.995058
vn -0.382690 0.000000 -0.923877
vn -0.627727 0.000000 -0.778434
vn -0.829302 0.000000 -0.558801
vn -0.957299 0.000000 -0.289100
vn -1.000000 0.000000 -0.000100
vn 0.707107 0.000000 -0.707107
vn 0.707107 0.000000 -0.707107
vn 0.707107 0.000000 -0.707107
vn 0.707107 0.000000 -0.707107
vn 0.707107 0.000000 -0.707107
vn 0.707157 0.000000 -0.707057
vn 0.922742 0.000000 -0.385418
vn 0.707157 0.000000 -0.707057
vn 0.922742 0.000000 -0.385418
vn 0.999947 -0.000000 0.010300
vn 0.999947 -0.000000 0.010300
vn 0.915776 -0.000000 0.401690
vn 0.707157 -0.000000 0.707057
vn 0.915776 -0.000000 0.401690
vn 0.707157 -0.000000 0.707057
vn 0.707107 -0.000000 0.707107
vn 0.707107 -0.000000 0.707107
vn 0.707107 -0.000000 0.707107
vn 0.707107 -0.000000 0.707107
vn 0.707107 -0.000000 0.707107
vn 0.707007 -0.000000 0.707207
vn 0.707007 -0.000000 0.707207
vn 0.472590 -0.000000 0.881282
vn 0.472590 -0.000000 0.881282
vn 0.190805 -0.000000 0.981628
vn 0.190805 -0.000000 0.981628
vn -0.106600 -0.000000 0.994302
vn -0.106501 -0.000000 0.994313
vn -0.382811 -0.000000 0.923827
vn -0.382690 -0.000000 0.923877
vn -0.633363 -0.000000 0.773855
vn -0.633412 -0.000000 0.773815
vn -0.833831 -0.000000 0.552020
vn -0.833831 -0.000000 0.552020
vn -0.959386 -0.000000 0.282096
vn -0.959386 -0.000000 0.282096
vn -1.000000 -0.000000 0.000100
vn -1.000000 -0.000000 0.000100
vn -1.000000 -0.000000 0.000100
vn -0.959386 -0.000000 0.282096
vn -0.833831 -0.000000 0.552020
vn -0.633363 -0.000000 0.773855
vn -0.382811 -0.000000 0.923827
vn -0.106600 -0.000000 0.994302
vn 0.190805 -0.000000 0.981628
vn 0.472590 -0.000000 0.881282
vn 0.707007 -0.000000 0.707207
vn -1.000000 0.000000 0.000000
vn -1.000000 0.000000 0.000000
vn -1.000000 0.000000 0.000000
vn -1.000000 0.000000 0.000000
vn -1.000000 0.000000 0.000000
vn -1.000000 0.000000 0.000000
vn -0.000100 -0.000000 1.000000
vn -0.000100 -0.000000 1.000000
vn -0.289008 -0.000000 0.957327
vn -0.289100 -0.000000 0.957299
vn -0.558801 -0.000000 0.829302
vn -0.558801 -0.000000 0.829302
vn -0.778434 -0.000000 0.627727
vn -0.778385 -0.000000 0.627788
vn -0.923877 -0.000000 0.382690
vn -0.923877 -0.000000 0.382690
vn -0.995058 -0.000000 0.099296
vn -0.995058 -0.000000 0.099296
vn -0.979960 0.000000 -0.199192
vn -0.980019 0.000000 -0.198904
vn -0.877811 0.000000 -0.479006
vn -0.877854 0.000000 -0.478929
vn -0.707157 0.000000 -0.707057
vn -0.707157 0.000000 -0.707057
vn -0.707157 0.000000 -0.707057
vn -0.877811 0.000000 -0.479006
vn -0.979960 0.000000 -0.199192
vn -0.995058 -0.000000 0.099296
vn -0.923877 -0.000000 0.382690
vn -0.778434 -0.000000 0.627727
vn -0.558801 -0.000000 0.829302
vn -0.289008 -0.000000 0.957327
vn -0.000100 -0.000000 1.000000
vn -0.707107 0.000000 -0.707107
vn -0.707107 0.000000 -0.707107
vn -0.707107 0.000000 -0.707107
vn -0.707107 0.000000 -0.707107
vn -0.707107 0.000000 -0.707107
vn -0.707107 0.000000 -0.707107
vn -0.707007 0.000000 -0.707207
vn -0.707007 0.000000 -0.707207
vn -0.472590 0.000000 -0.881282
vn -0.472590 0.000000 -0.881282
vn -0.191094 0.000000 -0.981572
vn -0.191094 0.000000 -0.981572
vn 0.106501 0.000000 -0.994313
vn 0.106600 0.000000 -0.994302
vn 0.382690 0.000000 -0.923877
vn 0.382690 0.000000 -0.923877
vn 0.633303 0.000000 -0.773904
vn 0.633363 0.000000 -0.773855
vn 0.833585 0.000000 -0.552390
vn 0.833585 0.000000 -0.552390
vn 0.959386 0.000000 -0.282096
vn 0.959386 0.000000 -0.282096
vn 1.000000 0.000000 -0.000100
vn 1.000000 0.000000 -0.000100
vn 1.000000 0.000000 -0.000100
vn 0.959386 0.000000 -0.282096
vn 0.833585 0.000000 -0.552390
vn 0.633303 0.000000 -0.773904
vn 0.382690 0.000000 -0.923877
vn 0.106501 0.000000 -0.994313
vn -0.191094 0.000000 -0.981572
vn -0.472590 0.000000 -0.881282
vn -0.707007 0.000000 -0.707207
vn 1.000000 0.000000 0.000000
vn 1.000000 0.000000 0.000000
vn 1.000000 0.000000 0.000000
vn 1.000000 0.000000 0.000000
vn 1.000000 0.000000 0.000000
vn 1.000000 -0.000000 0.000100
vn 0.925024 -0.000000 0.379910
vn 1.000000 -0.000000 0.000100
vn 0.925024 -0.000000 0.379910
vn 0.699668 -0.000000 0.714468
vn 0.699668 -0.000000 0.714468
vn 0.363498 -0.000000 0.931595
vn 0.363498 -0.000000 0.931595
vn 0.000100 -0.000000 1.000000
vn 0.000100 -0.000000 1.000000
vn 0.000000 -0.000000 1.000000
vn 0.000000 -0.000000 1.000000
vn 0.000000 -0.000000 1.000000
vn 0.000000 -0.000000 1.000000
vn 0.000000 -0.000000 1.000000
vn 0.000100 0.000000 -1.000000
vn 0.000100 0.000000 -1.000000
vn 0.289008 0.000000 -0.957327
vn 0.289100 0.000000 -0.957299
vn 0.558801 0.000000 -0.829302
vn 0.558801 0.000000 -0.829302
vn 0.778434 0.000000 -0.627727
vn 0.778434 0.000000 -0.627727
vn 0.923877 0.000000 -0.382690
vn 0.923912 0.000000 -0.382605
vn 0.995058 0.000000 -0.099296
vn 0.995058 0.000000 -0.099296
vn 0.979960 -0.000000 0.199192
vn 0.980019 -0.000000 0.198904
vn 0.877811 -0.000000 0.479006
vn 0.877854 -0.000000 0.478929
vn 0.707157 -0.000000 0.707057
vn 0.707157 -0.000000 0.707057
vn 0.707157 -0.000000 0.707057
vn 0.877811 -0.000000 0.479006
vn 0.979960 -0.000000 0.199192
vn 0.995058 0.000000 -0.099296
vn 0.923877 0.000000 -0.382690
vn 0.778434 0.000000 -0.627727
vn 0.558801 0.000000 -0.829302
vn 0.289008 0.000000 -0.957327
vn 0.000100 0.000000 -1.000000
vn 0.707107 -0.000000 0.707107
vn 0.707107 -0.000000 0.707107
vn 0.707107 -0.000000 0.707107
vn 0.707107 -0.000000 0.707107
vn 0.707107 -0.000000 0.707107
vn 0.707057 -0.000000 0.707157
vn 0.385382 -0.000000 0.922757
vn 0.707057 -0.000000 0.707157
vn 0.385382 -0.000000 0.922757
vn -0.010100 -0.000000 0.999949
vn -0.010100 -0.000000 0.999949
vn -0.401689 -0.000000 0.915776
vn -0.707057 -0.000000 0.707157
vn -0.401689 -0.000000 0.915776
vn -0.707057 -0.000000 0.707157
vn -0.707107 -0.000000 0.707107
vn -0.707107 -0.000000 0.707107
vn -0.707107 -0.000000 0.707107
vn -0.707107 -0.000000 0.707107
vn -0.707107 -0.000000 0.707107
vn -0.707207 -0.000000 0.707007
vn -0.707207 -0.000000 0.707007
vn -0.881282 -0.000000 0.472591
vn -0.881282 -0.000000 0.472591
vn -0.981530 -0.000000 0.191306
vn -0.981530 -0.000000 0.191306
vn -0.994302 0.000000 -0.106600
vn -0.994313 0.000000 -0.106501
vn -0.923877 0.000000 -0.382690
vn -0.923877 0.000000 -0.382690
vn -0.773815 0.000000 -0.633412
vn -0.773766 0.000000 -0.633472
vn -0.551974 0.000000 -0.833861
vn -0.551835 0.000000 -0.833953
vn -0.282004 0.000000 -0.959413
vn -0.282004 0.000000 -0.959413
vn -0.000100 0.000000 -1.000000
vn -0.000100 0.000000 -1.000000
vn -0.000100 0.000000 -1.000000
vn -0.282004 0.000000 -0.959413
vn -0.551974 0.000000 -0.833861
vn -0.773815 0.000000 -0.633412
vn -0.923877 0.000000 -0.382690
vn -0.994302 0.000000 -0.106600
vn -0.981530 -0.000000 0.191306
vn -0.881282 -0.000000 0.472591
vn -0.707207 -0.000000 0.707007
vn 0.000000 0.000000 -1.000000
vn 0.000000 0.000000 -1.000000
vn 0.000000 0.000000 -1.000000
vn 0.000000 0.000000 -1.000000
vn 0.000000 0.000000 -1.000000
vn 0.000000 0.000000 -1.000000
vn 0.707207 0.000000 -0.707007
vn 0.707207 0.000000 -0.707007
vn 0.881282 0.000000 -0.472591
vn 0.881282 0.000000 -0.472591
vn 0.981572 0.000000 -0.191095
vn 0.981572 0.000000 -0.191095
vn 0.994313 -0.000000 0.106501
vn 0.994302 -0.000000 0.106600
vn 0.923877 -0.000000 0.382690
vn 0.923877 -0.000000 0.382690
vn 0.773904 -0.000000 0.633303
vn 0.773855 -0.000000 0.633363
vn 0.552205 -0.000000 0.833708
vn 0.552205 -0.000000 0.833708
vn 0.282004 -0.000000 0.959413
vn 0.282004 -0.000000 0.959413
vn 0.000100 -0.000000 1.000000
vn 0.000100 -0.000000 1.000000
vn 0.000100 -0.000000 1.000000
vn 0.282004 -0.000000 0.959413
vn 0.552205 -0.000000 0.833708
vn 0.773904 -0.000000 0.633303
vn 0.923877 -0.000000 0.382690
vn 0.994313 -0.000000 0.106501
vn 0.981572 0.000000 -0.191095
vn 0.881282 0.000000 -0.472591
vn 0.707207 0.000000 -0.707007
vn 0.000000 -0.000000 1.000000
vn 0.000000 -0.000000 1.000000
vn 0.000000 -0.000000 1.000000
vn 0.000000 -0.000000 1.000000
vn 0.000000 -0.000000 1.000000
vn -0.000100 -0.000000 1.000000
vn -0.379910 -0.000000 0.925024
vn -0.000100 -0.000000 1.000000
vn -0.379910 -0.000000 0.925024
vn -0.714468 -0.000000 0.699668
vn -0.714468 -0.000000 0.699668
vn -0.931595 -0.000000 0.363498
vn -1.000000 -0.000000 0.000100
vn -0.931595 -0.000000 0.363498
vn -1.000000 -0.000000 0.000100
vn -1.000000 0.000000 0.000000
vn -1.000000 0.000000 0.000000
vn -1.000000 0.000000 0.000000
vn -1.000000 0.000000 0.000000
vn -1.000000 0.000000 0.000000
vn -1.000000 0.000000 -0.000100
vn -1.000000 0.000000 -0.000100
vn -0.957299 0.000000 -0.289100
vn -0.957327 0.000000 -0.289008
vn -0.829302 0.000000 -0.558801
vn -0.829302 0.000000 -0.558801
vn -0.627727 0.000000 -0.778434
vn -0.627788 0.000000 -0.778385
vn -0.382690 0.000000 -0.923877
vn -0.382690 0.000000 -0.923877
vn -0.099296 0.000000 -0.995058
vn -0.099395 0.000000 -0.995048
vn 0.198904 0.000000 -0.980019
vn 0.198904 0.000000 -0.980019
vn 0.479006 0.000000 -0.877812
vn 0.478929 0.000000 -0.877854
vn 0.707057 0.000000 -0.707157
vn 0.707057 0.000000 -0.707157
vn 0.707057 0.000000 -0.707157
vn 0.479006 0.000000 -0.877812
vn 0.198904 0.000000 -0.980019
vn -0.099296 0.000000 -0.995058
vn -0.382690 0.000000 -0.923877
vn -0.627727 0.000000 -0.778434
vn -0.829302 0.000000 -0.558801
vn -0.957299 0.000000 -0.289100
vn -1.000000 0.000000 -0.000100
vn 0.707107 0.000000 -0.707107
vn 0.707107 0.000000 -0.707107
vn 0.707107 0.000000 -0.707107
vn 0.707107 0.000000 -0.707107
vn 0.707107 0.000000 -0.707107
vn 0.707107 0.000000 -0.707107
vn 1.000000 0.000000 0.000000
vn 1.000000 0.000000 0.000000
vn 1.000000 0.000000 0.000000
vn 1.000000 0.000000 0.000000
vn 1.000000 0.000000 0.000000
vn 1.000000 0.000000 0.000000
vn 1.000000 -0.000000 0.000100
vn 1.000000 -0.000000 0.000100
vn 0.957299 -0.000000 0.289100
vn 0.957271 -0.000000 0.289191
vn 0.829255 -0.000000 0.558870
vn 0.829255 -0.000000 0.558870
vn 0.627788 -0.000000 0.778385
vn 0.627727 -0.000000 0.778434
vn 0.382690 -0.000000 0.923877
vn 0.382690 -0.000000 0.923877
vn 0.099296 -0.000000 0.995058
vn 0.099296 -0.000000 0.995058
vn -0.199404 -0.000000 0.979917
vn -0.198904 -0.000000 0.980019
vn -0.479006 -0.000000 0.877812
vn -0.478887 -0.000000 0.877876
vn -0.707057 -0.000000 0.707157
vn -0.707057 -0.000000 0.707157
vn -0.707057 -0.000000 0.707157
vn -0.479006 -0.000000 0.877812
vn -0.199404 -0.000000 0.979917
vn 0.099296 -0.000000 0.995058
vn 0.382690 -0.000000 0.923877
vn 0.627788 -0.000000 0.778385
vn 0.829255 -0.000000 0.558870
vn 0.957299 -0.000000 0.289100
vn 1.000000 -0.000000 0.000100
vn -0.707107 -0.000000 0.707107
vn -0.707107 -0.000000 0.707107
vn -0.707107 -0.000000 0.707107
vn -0.707107 -0.000000 0.707107
vn -0.707107 -0.000000 0.707107
vn -0.707207 -0.000000 0.707007
vn -0.922757 -0.000000 0.385382
vn -0.707207 -0.000000 0.707007
vn -0.922757 -0.000000 0.385382
vn -0.999949 0.000000 -0.010100
vn -0.999949 0.000000 -0.010100
vn -0.915776 0.000000 -0.401690
vn -0.915776 0.000000 -0.401690
vn -0.707207 0.000000 -0.707007
vn -0.707207 0.000000 -0.707007
vn -0.707107 0.000000 -0.707107
vn -0.707107 0.000000 -0.707107
vn -0.707107 0.000000 -0.707107
vn -0.707107 0.000000 -0.707107
vn -0.707107 0.000000 -0.707107
vn -0.707007 0.000000 -0.707207
vn -0.707007 0.000000 -0.707207
vn -0.472471 0.000000 -0.881346
vn -0.472513 0.000000 -0.881324
vn -0.191306 0.000000 -0.981530
vn -0.190902 0.000000 -0.981609
vn 0.106501 0.000000 -0.994313
vn 0.106600 0.000000 -0.994302
vn 0.382690 0.000000 -0.923877
vn 0.382690 0.000000 -0.923877
vn 0.633303 0.000000 -0.773904
vn 0.633363 0.000000 -0.773855
vn 0.833907 0.000000 -0.551905
vn 0.833907 0.000000 -0.551905
vn 0.959386 0.000000 -0.282096
vn 0.959386 0.000000 -0.282096
vn 1.000000 0.000000 -0.000100
vn 1.000000 0.000000 -0.000100
vn 1.000000 0.000000 -0.000100
vn 0.959386 0.000000 -0.282096
vn 0.833907 0.000000 -0.551905
vn 0.633303 0.000000 -0.773904
vn 0.382690 0.000000 -0.923877
vn 0.106501 0.000000 -0.994313
vn -0.191306 0.000000 -0.981530
vn -0.472471 0.000000 -0.881346
vn -0.707007 0.000000 -0.707207
vn 0.707107 -0.000000 0.707107
vn 0.707107 -0.000000 0.707107
vn 0.707107 -0.000000 0.707107
vn 0.707107 -0.000000 0.707107
vn 0.707107 -0.000000 0.707107
vn 0.707107 -0.000000 0.707107
vn 0.707107 -0.000000 0.707107
vn 0.707107 -0.000000 0.707107
vn 0.707107 -0.000000 0.707107
vn 0.707107 -0.000000 0.707107
vn 0.707107 -0.000000 0.707107
vn 0.707107 -0.000000 0.707107
vn 0.707107 -0.000000 0.707107
vn 0.707107 -0.000000 0.707107
vn 0.707107 -0.000000 0.707107
vn 0.707107 -0.000000 0.707107
vn 0.707107 -0.000000 0.707107
vn 0.707107 -0.000000 0.707107
vn 0.707107 -0.000000 0.707107
vn 0.707107 -0.000000 0.707107
vn 0.707107 -0.000000 0.707107
vn 0.707107 -0.000000 0.707107
vn 0.707107 -0.000000 0.707107
vn 0.707107 -0.000000 0.707107
vn 0.707107 -0.000000 0.707107
vn 0.707107 -0.000000 0.707107
vn 0.707107 -0.000000 0.707107
vn 0.707107 -0.000000 0.707107
vn 0.707107 -0.000000 0.707107
vn 0.707107 -0.000000 0.707107
vn 0.707107 -0.000000 0.707107
vn 0.707107 -0.000000 0.707107
vn 0.707107 -0.000000 0.707107
vn 0.707107 -0.000000 0.707107
vn 0.707107 -0.000000 0.707107
vn 0.707107 -0.000000 0.707107
vn 0.707107 -0.000000 0.707107
vn 0.707107 -0.000000 0.707107
vn 0.707107 -0.000000 0.707107
vn 0.707107 -0.000000 0.707107
vn 0.707107 -0.000000 0.707107
vn 0.707107 -0.000000 0.707107
vn 0.707107 -0.000000 0.707107
vn 0.707107 -0.000000 0.707107
vn 0.707107 -0.000000 0.707107
vn 0.707107 -0.000000 0.707107
vn 0.707107 -0.000000 0.707107
vn 0.707107 -0.000000 0.707107
vn 0.707107 -0.000000 0.707107
vn 0.707107 -0.000000 0.707107
vn 0.707107 -0.000000 0.707107
vn 0.707007 -0.000000 0.707207
vn 0.707007 -0.000000 0.707207
vn 0.472513 -0.000000 0.881324
vn 0.472513 -0.000000 0.881324
vn 0.191306 -0.000000 0.981530
vn 0.190902 -0.000000 0.981609
vn -0.106501 -0.000000 0.994313
vn -0.106600 -0.000000 0.994302
vn -0.382690 -0.000000 0.923877
vn -0.382690 -0.000000 0.923877
vn -0.633412 -0.000000 0.773815
vn -0.633412 -0.000000 0.773815
vn -0.833907 -0.000000 0.551905
vn -0.833907 -0.000000 0.551905
vn -0.959386 -0.000000 0.282096
vn -0.959386 -0.000000 0.282096
vn -1.000000 -0.000000 0.000100
vn -1.000000 -0.000000 0.000100
vn -1.000000 -0.000000 0.000100
vn -0.959386 -0.000000 0.282096
vn -0.833907 -0.000000 0.551905
vn -0.633412 -0.000000 0.773815
vn -0.382690 -0.000000 0.923877
vn -0.106501 -0.000000 0.994313
vn 0.191306 -0.000000 0.981530
vn 0.472513 -0.000000 0.881324
vn 0.707007 -0.000000 0.707207
vn -1.000000 0.000000 0.000000
vn -1.000000 0.000000 0.000000
vn -1.000000 0.000000 0.000000
vn -1.000000 0.000000 0.000000
vn -1.000000 0.000000 0.000000
vn -1.000000 0.000000 -0.000100
vn -0.925024 0.000000 -0.379910
vn -1.000000 0.000000 -0.000100
vn -0.925024 0.000000 -0.379910
vn -0.699668 0.000000 -0.714468
vn -0.699668 0.000000 -0.714468
vn -0.363498 0.000000 -0.931595
vn -0.363498 0.000000 -0.931595
vn -0.000100 0.000000 -1.000000
vn -0.000100 0.000000 -1.000000
vn 0.000000 0.000000 -1.000000
vn 0.000000 0.000000 -1.000000
vn 0.000000 0.000000 -1.000000
vn 0.000000 0.000000 -1.000000
vn 0.000000 0.000000 -1.000000
vn 0.000100 0.000000 -1.000000
vn 0.000100 0.000000 -1.000000
vn 0.289100 0.000000 -0.957299
vn 0.289008 0.000000 -0.957327
vn 0.558801 0.000000 -0.829302
vn 0.558801 0.000000 -0.829302
vn 0.778434 0.000000 -0.627727
vn 0.778434 0.000000 -0.627727
vn 0.923877 0.000000 -0.382690
vn 0.923912 0.000000 -0.382605
vn 0.995058 0.000000 -0.099296
vn 0.995058 0.000000 -0.099296
vn 0.979980 -0.000000 0.199096
vn 0.979980 -0.000000 0.199096
vn 0.877876 -0.000000 0.478887
vn 0.877811 -0.000000 0.479006
vn 0.707207 -0.000000 0.707007
vn 0.707207 -0.000000 0.707007
vn 0.707207 -0.000000 0.707007
vn 0.877876 -0.000000 0.478887
vn 0.979980 -0.000000 0.199096
vn 0.995058 0.000000 -0.099296
vn 0.923877 0.000000 -0.382690
vn 0.778434 0.000000 -0.627727
vn 0.558801 0.000000 -0.829302
vn 0.289100 0.000000 -0.957299
vn 0.000100 0.000000 -1.000000
vn 0.707207 0.000000 -0.707007
vn 0.707207 0.000000 -0.707007
vn 0.881346 0.000000 -0.472471
vn 0.881324 0.000000 -0.472513
vn 0.981530 0.000000 -0.191306
vn 0.981609 0.000000 -0.190902
vn 0.994313 -0.000000 0.106501
vn 0.994302 -0.000000 0.106600
vn 0.923877 -0.000000 0.382690
vn 0.923877 -0.000000 0.382690
vn 0.773904 -0.000000 0.633303
vn 0.773855 -0.000000 0.633363
vn 0.551905 -0.000000 0.833907
vn 0.551905 -0.000000 0.833907
vn 0.282096 -0.000000 0.959386
vn 0.282096 -0.000000 0.959386
vn 0.000100 -0.000000 1.000000
vn 0.000100 -0.000000 1.000000
vn 0.000100 -0.000000 1.000000
vn 0.282096 -0.000000 0.959386
vn 0.551905 -0.000000 0.833907
vn 0.773904 -0.000000 0.633303
vn 0.923877 -0.000000 0.382690
vn 0.994313 -0.000000 0.106501
vn 0.981530 0.000000 -0.191306
vn 0.881346 0.000000 -0.472471
vn 0.707207 0.000000 -0.707007
vn 0.000000 -0.000000 1.000000
vn 0.000000 -0.000000 1.000000
vn 0.000000 -0.000000 1.000000
vn 0.000000 -0.000000 1.000000
vn 0.000000 -0.000000 1.000000
vn 0.000000 -0.000000 1.000000
vn -0.000100 -0.000000 1.000000
vn -0.000100 -0.000000 1.000000
vn -0.289100 -0.000000 0.957299
vn -0.289100 -0.000000 0.957299
vn -0.558801 -0.000000 0.829302
vn -0.558801 -0.000000 0.829302
vn -0.778434 -0.000000 0.627727
vn -0.778434 -0.000000 0.627727
vn -0.923877 -0.000000 0.382690
vn -0.923912 -0.000000 0.382605
vn -0.995058 -0.000000 0.099296
vn -0.995058 -0.000000 0.099296
vn -0.979980 0.000000 -0.199096
vn -0.979980 0.000000 -0.199096
vn -0.877876 0.000000 -0.478887
vn -0.877854 0.000000 -0.478929
vn -0.707207 0.000000 -0.707007
vn -0.707207 0.000000 -0.707007
vn -0.707207 0.000000 -0.707007
vn -0.877876 0.000000 -0.478887
vn -0.979980 0.000000 -0.199096
vn -0.995058 -0.000000 0.099296
vn -0.923877 -0.000000 0.382690
vn -0.778434 -0.000000 0.627727
vn -0.558801 -0.000000 0.829302
vn -0.289100 -0.000000 0.957299
vn -0.000100 -0.000000 1.000000
vn -0.707107 0.000000 -0.707107
vn -0.707107 0.000000 -0.707107
vn -0.707107 0.000000 -0.707107
vn -0.707107 0.000000 -0.707107
vn -0.707107 0.000000 -0.707107
vn -0.707107 0.000000 -0.707107
vn -0.707107 0.000000 -0.707107
vn -0.707107 0.000000 -0.707107
vn -0.707107 0.000000 -0.707107
vn -0.707107 0.000000 -0.707107
vn -0.707107 0.000000 -0.707107
vn -0.707007 0.000000 -0.707207
vn -0.385418 0.000000 -0.922742
vn -0.707007 0.000000 -0.707207
vn -0.385418 0.000000 -0.922742
vn 0.010500 0.000000 -0.999945
vn 0.010500 0.000000 -0.999945
vn 0.401689 0.000000 -0.915776
vn 0.401689 0.000000 -0.915776
vn 0.707007 0.000000 -0.707207
vn 0.707007 0.000000 -0.707207
vn 0.707107 0.000000 -0.707107
vn 0.707107 0.000000 -0.707107
vn 0.707107 0.000000 -0.707107
vn 0.707107 0.000000 -0.707107
vn 0.707107 0.000000 -0.707107
vn -0.707107 -0.000000 0.707107
vn -0.707107 -0.000000 0.707107
vn -0.707107 -0.000000 0.707107
vn -0.707107 -0.000000 0.707107
vn -0.707107 -0.000000 0.707107
vn -0.707107 -0.000000 0.707107
vn -0.707207 -0.000000 0.707007
vn -0.707207 -0.000000 0.707007
vn -0.881346 -0.000000 0.472471
vn -0.881324 -0.000000 0.472513
vn -0.981530 -0.000000 0.191306
vn -0.981530 -0.000000 0.191306
vn -0.994313 0.000000 -0.106501
vn -0.994302 0.000000 -0.106600
vn -0.923877 0.000000 -0.382690
vn -0.923827 0.000000 -0.382811
vn -0.773815 0.000000 -0.633412
vn -0.773815 0.000000 -0.633412
vn -0.551905 0.000000 -0.833907
vn -0.551905 0.000000 -0.833907
vn -0.282096 0.000000 -0.959386
vn -0.282096 0.000000 -0.959386
vn -0.000100 0.000000 -1.000000
vn -0.000100 0.000000 -1.000000
vn -0.000100 0.000000 -1.000000
vn -0.282096 0.000000 -0.959386
vn -0.551905 0.000000 -0.833907
vn -0.773815 0.000000 -0.633412
vn -0.923877 0.000000 -0.382690
vn -0.994313 0.000000 -0.106501
vn -0.981530 -0.000000 0.191306
vn -0.881346 -0.000000 0.472471
vn -0.707207 -0.000000 0.707007
vn 0.000000 0.000000 -1.000000
vn 0.000000 0.000000 -1.000000
vn 0.000000 0.000000 -1.000000
vn 0.000000 0.000000 -1.000000
vn 0.000000 0.000000 -1.000000
vn 0.000100 0.000000 -1.000000
vn 0.379910 0.000000 -0.925024
vn 0.000100 0.000000 -1.000000
vn 0.379910 0.000000 -0.925024
vn 0.714419 0.000000 -0.699718
vn 0.714419 0.000000 -0.699718
vn 0.931595 0.000000 -0.363498
vn 0.931595 0.000000 -0.363498
vn 1.000000 0.000000 -0.000100
vn 1.000000 0.000000 -0.000100
vn 1.000000 0.000000 0.000000
vn 1.000000 0.000000 0.000000
vn 1.000000 0.000000 0.000000
vn 1.000000 0.000000 0.000000
vn 1.000000 0.000000 0.000000
vn 1.000000 -0.000000 0.000100
vn 1.000000 -0.000000 0.000100
vn 0.957299 -0.000000 0.289100
vn 0.957271 -0.000000 0.289191
vn 0.829255 -0.000000 0.558870
vn 0.829255 -0.000000 0.558870
vn 0.627788 -0.000000 0.778385
vn 0.627727 -0.000000 0.778434
vn 0.382690 -0.000000 0.923877
vn 0.382690 -0.000000 0.923877
vn 0.099296 -0.000000 0.995058
vn 0.099296 -0.000000 0.995058
vn -0.199096 -0.000000 0.979980
vn -0.199096 -0.000000 0.979980
vn -0.478887 -0.000000 0.877876
vn -0.479006 -0.000000 0.877812
vn -0.707007 -0.000000 0.707207
vn -0.707007 -0.000000 0.707207
vn -0.707007 -0.000000 0.707207
vn -0.478887 -0.000000 0.877876
vn -0.199096 -0.000000 0.979980
vn 0.099296 -0.000000 0.995058
vn 0.382690 -0.000000 0.923877
vn 0.627788 -0.000000 0.778385
vn 0.829255 -0.000000 0.558870
vn 0.957299 -0.000000 0.289100
vn 1.000000 -0.000000 0.000100
vn 1.000000 0.000000 -0.000100
vn 0.925024 0.000000 -0.379910
vn 1.000000 0.000000 -0.000100
vn 0.925024 0.000000 -0.379910
vn 0.699668 0.000000 -0.714468
vn 0.699668 0.000000 -0.714468
vn 0.363411 0.000000 -0.931629
vn 0.363411 0.000000 -0.931629
vn 0.000100 0.000000 -1.000000
vn 0.000100 0.000000 -1.000000
vn 0.000000 0.000000 -1.000000
vn 0.000000 0.000000 -1.000000
vn 0.000000 0.000000 -1.000000
vn 0.000000 0.000000 -1.000000
vn 0.000100 0.000000 -1.000000
vn 0.000100 0.000000 -1.000000
vn 0.383891 0.000000 -0.923378
vn 0.383891 0.000000 -0.923378
vn 0.707007 0.000000 -0.707207
vn 0.707007 0.000000 -0.707207
vn 0.707107 0.000000 -0.707107
vn 0.707107 0.000000 -0.707107
vn 0.707107 0.000000 -0.707107
vn 0.707107 0.000000 -0.707107
vn 0.707007 0.000000 -0.707207
vn 0.385503 0.000000 -0.922707
vn 0.707007 0.000000 -0.707207
vn 0.385503 0.000000 -0.922707
vn -0.010400 0.000000 -0.999946
vn -0.010400 0.000000 -0.999946
vn -0.401810 0.000000 -0.915723
vn -0.401810 0.000000 -0.915723
vn -0.707007 0.000000 -0.707207
vn -0.707007 0.000000 -0.707207
vn -0.707107 0.000000 -0.707107
vn -0.707107 0.000000 -0.707107
vn -0.707107 0.000000 -0.707107
vn -0.707107 0.000000 -0.707107
vn -0.707007 0.000000 -0.707207
vn -0.707007 0.000000 -0.707207
vn -0.382107 0.000000 -0.924118
vn -0.382107 0.000000 -0.924118
vn -0.000100 0.000000 -1.000000
vn -0.000100 0.000000 -1.000000
vn 0.000000 0.000000 -1.000000
vn 0.000000 0.000000 -1.000000
vn 0.000000 0.000000 -1.000000
vn 0.000000 0.000000 -1.000000
vn -0.000100 0.000100 -1.000000
vn -0.379910 0.000000 -0.925024
vn -0.000100 0.000000 -1.000000
vn -0.379910 0.000000 -0.925024
vn -0.714468 0.000000 -0.699668
vn -0.714468 0.000000 -0.699668
vn -0.931595 0.000000 -0.363498
vn -0.931595 0.000000 -0.363498
vn -1.000000 0.000000 -0.000100
vn -1.000000 0.000000 -0.000100
vn -1.000000 0.000000 0.000000
vn -1.000000 0.000000 0.000000
vn -1.000000 0.000000 0.000000
vn -1.000000 0.000000 0.000000
vn -1.000000 0.000000 -0.000100
vn -1.000000 0.000000 -0.000100
vn -0.923378 0.000000 -0.383891
vn -0.923378 0.000000 -0.383891
vn -0.707207 0.000000 -0.707007
vn -0.707207 0.000000 -0.707007
vn -0.707107 0.000000 -0.707107
vn -0.707107 0.000000 -0.707107
vn -0.707107 0.000000 -0.707107
vn -0.707107 0.000000 -0.707107
vn -0.707207 0.000000 -0.707007
vn -0.922707 0.000000 -0.385503
vn -0.707207 0.000000 -0.707007
vn -0.922707 0.000000 -0.385503
vn -0.999944 -0.000000 0.010600
vn -0.999944 -0.000000 0.010600
vn -0.915723 -0.000000 0.401810
vn -0.915723 -0.000000 0.401810
vn -0.707207 -0.000000 0.707007
vn -0.707207 -0.000000 0.707007
vn -0.707107 -0.000000 0.707107
vn -0.707107 -0.000000 0.707107
vn -0.707107 -0.000000 0.707107
vn -0.707107 -0.000000 0.707107
vn -0.707207 -0.000000 0.707007
vn -0.707207 -0.000000 0.707007
vn -0.924324 -0.000000 0.381610
vn -0.924324 -0.000000 0.381610
vn -1.000000 -0.000000 0.000100
vn -1.000000 -0.000000 0.000100
vn -1.000000 0.000000 0.000000
vn -1.000000 0.000000 0.000000
vn -1.000000 0.000000 0.000000
vn -1.000000 0.000000 0.000000
vn -1.000000 -0.000000 0.000100
vn -0.925024 -0.000000 0.379910
vn -1.000000 -0.000000 0.000100
vn -0.925024 -0.000000 0.379910
vn -0.699668 -0.000000 0.714468
vn -0.699668 -0.000000 0.714468
vn -0.363411 -0.000000 0.931629
vn -0.363411 -0.000000 0.931629
vn -0.000100 -0.000000 1.000000
vn -0.000100 -0.000000 1.000000
vn 0.000000 -0.000000 1.000000
vn 0.000000 -0.000000 1.000000
vn 0.000000 -0.000000 1.000000
vn 0.000000 -0.000000 1.000000
vn -0.000100 -0.000000 1.000000
vn -0.000100 -0.000000 1.000000
vn -0.383600 -0.000000 0.923499
vn -0.383600 -0.000000 0.923499
vn -0.707057 -0.000000 0.707157
vn -0.707057 -0.000000 0.707157
vn -0.707107 -0.000000 0.707107
vn -0.707107 -0.000000 0.707107
vn -0.707107 -0.000000 0.707107
vn -0.707107 -0.000000 0.707107
vn -0.707057 -0.000000 0.707157
vn -0.385503 -0.000000 0.922707
vn -0.707057 -0.000000 0.707157
vn -0.385503 -0.000000 0.922707
vn 0.010200 -0.000000 0.999948
vn 0.010200 -0.000000 0.999948
vn 0.401810 -0.000000 0.915723
vn 0.401810 -0.000000 0.915723
vn 0.707057 -0.000100 0.707157
vn 0.707057 -0.000000 0.707157
vn 0.707107 -0.000000 0.707107
vn 0.707107 -0.000000 0.707107
vn 0.707107 -0.000000 0.707107
vn 0.707107 -0.000000 0.707107
vn 0.707007 -0.000000 0.707207
vn 0.707007 -0.000000 0.707207
vn 0.381695 -0.000000 0.924288
vn 0.381695 -0.000000 0.924288
vn 0.000100 -0.000000 1.000000
vn 0.000100 -0.000000 1.000000
vn 0.000000 -0.000000 1.000000
vn 0.000000 -0.000000 1.000000
vn 0.000000 -0.000000 1.000000
vn 0.000000 -0.000000 1.000000
vn 0.000100 -0.000000 1.000000
vn 0.379910 -0.000000 0.925024
vn 0.000100 -0.000000 1.000000
vn 0.379910 -0.000000 0.925024
vn 0.714468 -0.000000 0.699668
vn 0.714468 -0.000000 0.699668
vn 0.931629 -0.000000 0.363411
vn 0.931629 -0.000000 0.363411
vn 1.000000 -0.000000 0.000100
vn 1.000000 -0.000000 0.000100
vn 1.000000 0.000000 0.000000
vn 1.000000 0.000000 0.000000
vn 1.000000 0.000000 0.000000
vn 1.000000 0.000000 0.000000
vn 1.000000 -0.000000 0.000100
vn 1.000000 -0.000000 0.000100
vn 0.923378 -0.000000 0.383891
vn 0.923378 -0.000000 0.383891
vn 0.707207 -0.000000 0.707007
vn 0.707207 -0.000000 0.707007
vn 0.707107 -0.000000 0.707107
vn 0.707107 -0.000000 0.707107
vn 0.707107 -0.000000 0.707107
vn 0.707107 -0.000000 0.707107
vn 0.707157 -0.000000 0.707057
vn 0.922707 -0.000000 0.385503
vn 0.707157 -0.000000 0.707057
vn 0.922707 -0.000000 0.385503
vn 0.999946 0.000000 -0.010400
vn 0.999946 0.000000 -0.010400
vn 0.915776 0.000000 -0.401690
vn 0.915776 0.000000 -0.401690
vn 0.707157 -0.000100 -0.707057
vn 0.707157 0.000000 -0.707057
vn 0.707107 0.000000 -0.707107
vn 0.707107 0.000000 -0.707107
vn 0.707107 0.000000 -0.707107
vn 0.707107 0.000000 -0.707107
vn 0.707207 0.000000 -0.707007
vn 0.707207 0.000000 -0.707007
vn 0.924324 0.000000 -0.381610
vn 0.924324 0.000000 -0.381610
vn 1.000000 0.000000 -0.000100
vn 1.000000 0.000000 -0.000100
vn 1.000000 0.000000 0.000000
vn 1.000000 0.000000 0.000000
vn 1.000000 0.000000 0.000000
vn 1.000000 0.000000 0.000000
vn 1.000000 0.000000 0.000000
vn 1.000000 0.000000 0.000000
vn 1.000000 0.000000 0.000000
vn 1.000000 0.000000 0.000000
vn -1.000000 0.000000 0.000000
vn -1.000000 0.000000 0.000000
vn -1.000000 0.000000 0.000000
vn -1.000000 0.000000 0.000000
vn 0.000000 0.000000 -1.000000
vn 0.000000 0.000000 -1.000000
vn 0.000000 0.000000 -1.000000
vn 0.000000 0.000000 -1.000000
vn 0.000000 0.000000 -1.000000
vn 0.000000 0.000000 -1.000000
vn 0.000000 0.000000 -1.000000
vn 0.000000 0.000000 -1.000000
vn 1.000000 0.000000 0.000000
vn 1.000000 0.000000 0.000000
vn 1.000000 0.000000 0.000000
vn 1.000000 0.000000 0.000000
vn -1.000000 0.000000 0.000000
vn -1.000000 0.000000 0.000000
vn -1.000000 0.000000 0.000000
vn -1.000000 0.000000 0.000000
vn 0.000000 -0.000000 1.000000
vn 0.000000 -0.000000 1.000000
vn 0.000000 -0.000000 1.000000
vn 0.000000 -0.000000 1.000000
vn 0.000000 -0.000000 1.000000
vn 0.000000 -0.000000 1.000000
vn 0.000000 -0.000000 1.000000
vn 0.000000 -0.000000 1.000000
vn 0.000000 0.000000 -1.000000
vn 0.000000 0.000000 -1.000000
vn 0.000000 0.000000 -1.000000
vn 0.000000 0.000000 -1.000000
vn 0.000000 -0.000000 1.000000
vn 0.000000 -0.000000 1.000000
vn 0.000000 -0.000000 1.000000
vn 0.000000 -0.000000 1.000000
vn -1.000000 0.000000 0.000000
vn -1.000000 0.000000 0.000000
vn -1.000000 0.000000 0.000000
vn -1.000000 0.000000 0.000000
vn -1.000000 0.000000 0.000000
vn -1.000000 0.000000 0.000000
vn -1.000000 0.000000 0.000000
vn -1.000000 0.000000 0.000000
vn 0.000000 -0.000000 1.000000
vn 0.000000 -0.000000 1.000000
vn 0.000000 -0.000000 1.000000
vn 0.000000 -0.000000 1.000000
vn 0.000000 0.000000 -1.000000
vn 0.000000 0.000000 -1.000000
vn 0.000000 0.000000 -1.000000
vn 0.000000 0.000000 -1.000000
vn -1.000000 0.000000 0.000000
vn -1.000000 0.000000 0.000000
vn -1.000000 0.000000 0.000000
vn -1.000000 0.000000 0.000000
vn -1.000000 0.000000 0.000000
vn -1.000000 0.000000 0.000000
vn -1.000000 0.000000 0.000000
vn -1.000000 0.000000 0.000000
vn -1.000000 0.000000 0.000000
vn -1.000000 0.000000 0.000000
vn -1.000000 0.000000 0.000000
vn -1.000000 0.000000 0.000000
vn 1.000000 0.000000 0.000000
vn 1.000000 0.000000 0.000000
vn 1.000000 0.000000 0.000000
vn 1.000000 0.000000 0.000000
vn 0.000000 0.000000 -1.000000
vn 0.000000 0.000000 -1.000000
vn 0.000000 0.000000 -1.000000
vn 0.000000 0.000000 -1.000000
vn 0.000000 0.000000 -1.000000
vn 0.000000 0.000000 -1.000000
vn 0.000000 0.000000 -1.000000
vn 0.000000 0.000000 -1.000000
vn -1.000000 0.000000 0.000000
vn -1.000000 0.000000 0.000000
vn -1.000000 0.000000 0.000000
vn -1.000000 0.000000 0.000000
vn 1.000000 0.000000 0.000000
vn 1.000000 0.000000 0.000000
vn 1.000000 0.000000 0.000000
vn 1.000000 0.000000 0.000000
vn 0.000000 -0.000000 1.000000
vn 0.000000 -0.000000 1.000000
vn 0.000000 -0.000000 1.000000
vn 0.000000 -0.000000 1.000000
vn 0.000000 -0.000000 1.000000
vn 0.000000 -0.000000 1.000000
vn 0.000000 -0.000000 1.000000
vn 0.000000 -0.000000 1.000000
vn 0.000000 0.000000 -1.000000
vn 0.000000 0.000000 -1.000000
vn 0.000000 0.000000 -1.000000
vn 0.000000 0.000000 -1.000000
vn 0.000000 -0.000000 1.000000
vn 0.000000 -0.000000 1.000000
vn 0.000000 -0.000000 1.000000
vn 0.000000 -0.000000 1.000000
vn 1.000000 0.000000 0.000000
vn 1.000000 0.000000 0.000000
vn 1.000000 0.000000 0.000000
vn 1.000000 0.000000 0.000000
vn 1.000000 0.000000 0.000000
vn 1.000000 0.000000 0.000000
vn 1.000000 0.000000 0.000000
vn 1.000000 0.000000 0.000000
vn 0.000000 -0.000000 1.000000
vn 0.000000 -0.000000 1.000000
vn 0.000000 -0.000000 1.000000
vn 0.000000 -0.000000 1.000000
vn 0.000000 0.000000 -1.000000
vn 0.000000 0.000000 -1.000000
vn 0.000000 0.000000 -1.000000
vn 0.000000 0.000000 -1.000000
vn 1.000000 0.000000 0.000000
vn 1.000000 0.000000 0.000000
vn 1.000000 0.000000 0.000000
vn 1.000000 0.000000 0.000000
vn 1.000000 0.000000 0.000000
vn 1.000000 0.000000 0.000000
vn 1.000000 0.000000 0.000000
vn 1.000000 0.000000 0.000000
vn 0.000000 -1.000000 -0.000000
vn 0.000000 -1.000000 -0.000000
vn 0.000000 -1.000000 -0.000000
vn 0.000000 -1.000000 -0.000000
vn 0.000000 -1.000000 -0.000000
vn 0.000000 -1.000000 -0.000000
vn 0.000000 -1.000000 -0.000000
vn 0.000000 -1.000000 -0.000000
vn 0.000000 -1.000000 -0.000000
vn 0.000000 -1.000000 -0.000000
vn 0.000000 -1.000000 -0.000000
vn 0.000000 -1.000000 -0.000000
vn 0.000000 -1.000000 -0.000000
vn 0.000000 -1.000000 -0.000000
vn 0.000000 -1.000000 -0.000000
vn 0.000000 -1.000000 -0.000000
vn 0.000000 -1.000000 -0.000000
vn 0.000000 -1.000000 -0.000000
vn 0.000000 -1.000000 -0.000000
vn 0.000000 -1.000000 -0.000000
vn 0.000000 -1.000000 -0.000000
vn 0.000000 -1.000000 -0.000000
vn 0.000000 -1.000000 -0.000000
vn 0.000000 -1.000000 -0.000000
vn 0.000000 -1.000000 -0.000000
vn 0.000000 -1.000000 -0.000000
vn 0.000000 -1.000000 -0.000000
vn 0.000000 -1.000000 -0.000000
vn 0.000000 -1.000000 -0.000000
vn 0.000000 -1.000000 -0.000000
vn 0.000000 -1.000000 -0.000000
vn 0.000000 -1.000000 -0.000000
vn 0.000000 -1.000000 -0.000000
vn 0.000000 -1.000000 -0.000000
vn 0.000000 -1.000000 -0.000000
vn 0.000000 -1.000000 -0.000000
vn 0.000000 -1.000000 -0.000000
vn 0.000000 -1.000000 -0.000000
vn 0.000000 -1.000000 -0.000000
vn 0.000000 -1.000000 -0.000000
vn 0.000000 -1.000000 -0.000000
vn 0.000000 -1.000000 -0.000000
vn 0.000000 -1.000000 -0.000000
vn 0.000000 -1.000000 -0.000000
vn 0.000000 -1.000000 -0.000000
vn 0.000000 -1.000000 -0.000000
vn 0.000000 -1.000000 -0.000000
vn 0.000000 -1.000000 -0.000000
vn 0.000000 -1.000000 -0.000000
vn 0.000000 -1.000000 -0.000000
vn 0.000000 -1.000000 -0.000000
vn 0.000000 -1.000000 -0.000000
vn 0.000000 -1.000000 -0.000000
vn 0.000000 -1.000000 -0.000000
vn 0.000000 -1.000000 -0.000000
vn 0.000000 -1.000000 -0.000000
vn 0.000000 -1.000000 -0.000000
vn 0.000000 -1.000000 -0.000000
vn 0.000000 -1.000000 -0.000000
vn 0.000000 -1.000000 -0.000000
vn 0.000000 -1.000000 -0.000000
vn 0.000000 -1.000000 -0.000000
vn 0.000000 -1.000000 -0.000000
vn 0.000000 -1.000000 -0.000000
vn 0.000000 -1.000000 -0.000000
vn 0.000000 -1.000000 -0.000000
vn 0.000000 -1.000000 -0.000000
vn 0.000000 -1.000000 -0.000000
vn 0.000000 -1.000000 -0.000000
vn 0.000000 -1.000000 -0.000000
vn 0.000000 -1.000000 -0.000000
vn 0.000000 -1.000000 -0.000000
vn 0.000000 -1.000000 -0.000000
vn 0.000000 -1.000000 -0.000000
vn 0.000000 -1.000000 -0.000000
vn 0.000000 -1.000000 -0.000000
vn 0.000000 -1.000000 -0.000000
vn 0.000000 -1.000000 -0.000000
vn 0.000000 -1.000000 -0.000000
vn 0.000000 -1.000000 -0.000000
vn 0.000000 -1.000000 -0.000000
vn 0.000000 -1.000000 -0.000000
vn 0.000000 -1.000000 -0.000000
vn 0.000000 -1.000000 -0.000000
vn 0.000000 -1.000000 -0.000000
vn 0.000000 -1.000000 -0.000000
vn 0.000000 -1.000000 -0.000000
vn 0.000000 -1.000000 -0.000000
vn 0.000000 -1.000000 -0.000000
vn 0.000000 -1.000000 -0.000000
vn 0.000000 -1.000000 -0.000000
vn 0.000000 -1.000000 -0.000000
vn 0.000000 -1.000000 -0.000000
vn 0.000000 -1.000000 -0.000000
vn 0.000000 -1.000000 -0.000000
vn 0.000000 -1.000000 -0.000000
vn 0.000000 -1.000000 -0.000000
vn 0.000000 -1.000000 -0.000000
vn 0.000000 -1.000000 -0.000000
vn 0.000000 -1.000000 -0.000000
vn 0.000000 -1.000000 -0.000000
vn 0.000000 -1.000000 -0.000000
vn 0.000000 -1.000000 -0.000000
vn 0.000000 -1.000000 -0.000000
vn 0.000000 -1.000000 -0.000000
vn 0.000000 -1.000000 -0.000000
vn 0.000000 -1.000000 -0.000000
vn 0.000000 -1.000000 -0.000000
vn 0.000000 -1.000000 -0.000000
vn 0.000000 -1.000000 -0.000000
vn 0.000000 -1.000000 -0.000000
vn 0.000000 -1.000000 -0.000000
vn 0.000000 -1.000000 -0.000000
vn 0.000000 -1.000000 -0.000000
vn 0.000000 -1.000000 -0.000000
vn 0.000000 -1.000000 -0.000000
vn 0.000000 -1.000000 -0.000000
vn 0.000000 -1.000000 -0.000000
vn 0.000000 -1.000000 -0.000000
vn 0.000000 -1.000000 -0.000000
vn 0.000000 -1.000000 -0.000000
vn 0.000000 -1.000000 -0.000000
vn 0.000000 -1.000000 -0.000000
vn 0.000000 -1.000000 -0.000000
vn 0.000000 -1.000000 -0.000000
vn 0.000000 -1.000000 -0.000000
vn 0.000000 -1.000000 -0.000000
vn 0.000000 -1.000000 -0.000000
vn 0.000000 -1.000000 -0.000000
vn 0.000000 -1.000000 -0.000000
vn 0.000000 -1.000000 -0.000000
vn 0.000000 -1.000000 -0.000000
vn 0.000000 -1.000000 -0.000000
vn 0.000000 -1.000000 -0.000000
vn 0.000000 -1.000000 -0.000000
vn 0.000000 -1.000000 -0.000000
vn 0.000000 -1.000000 -0.000000
vn 0.000000 -1.000000 -0.000000
vn 0.000000 -1.000000 -0.000000
vn 0.000000 -1.000000 -0.000000
vn 0.000000 -1.000000 -0.000000
vn 0.000000 -1.000000 -0.000000
vn 0.000000 -1.000000 -0.000000
vn 0.000000 -1.000000 -0.000000
vn 0.000000 -1.000000 -0.000000
vn 0.000000 -1.000000 -0.000000
vn 0.000000 -1.000000 -0.000000
vn 0.000000 -1.000000 -0.000000
vn 0.000000 -1.000000 -0.000000
vn 0.000000 -1.000000 -0.000000
vn 0.000000 -1.000000 -0.000000
vn 0.000000 -1.000000 -0.000000
vn 0.000000 -1.000000 -0.000000
vn 0.000000 -1.000000 -0.000000
vn 0.000000 -1.000000 -0.000000
vn 0.000000 -1.000000 -0.000000
vn 0.000000 -1.000000 -0.000000
vn 0.000000 -1.000000 -0.000000
vn 0.000000 -1.000000 -0.000000
vn 0.000000 -1.000000 -0.000000
vn 0.000000 -1.000000 -0.000000
vn 0.000000 -1.000000 -0.000000
vn 0.000000 -1.000000 -0.000000
vn 0.000000 -1.000000 -0.000000
vn 0.000000 -1.000000 -0.000000
vn 0.000000 -1.000000 -0.000000
vn 0.000000 -1.000000 -0.000000
vn 0.000000 -1.000000 -0.000000
vn 0.000000 -1.000000 -0.000000
vn 0.000000 -1.000000 -0.000000
vn 0.000000 -1.000000 -0.000000
vn 0.000000 -1.000000 -0.000000
vn 0.000000 -1.000000 -0.000000
vn 0.000000 -1.000000 -0.000000
vn 0.000000 -1.000000 -0.000000
vn 0.000000 -1.000000 -0.000000
vn 0.000000 -1.000000 -0.000000
vn 0.000000 -1.000000 -0.000000
vn 0.000000 -1.000000 -0.000000
vn 0.000000 -1.000000 -0.000000
vn 0.000000 -1.000000 -0.000000
vn 0.000000 -1.000000 -0.000000
vn 0.000000 -1.000000 -0.000000
vn 0.000000 -1.000000 -0.000000
vn 0.000000 -1.000000 -0.000000
vn 0.000000 -1.000000 -0.000000
vn 0.000000 -1.000000 -0.000000
vn 0.000000 -1.000000 -0.000000
vn 0.000000 -1.000000 -0.000000
vn 0.000000 -1.000000 -0.000000
vn 0.000000 -1.000000 -0.000000
vn 0.000000 -1.000000 -0.000000
vn 0.000000 -1.000000 -0.000000
vn 0.000000 -1.000000 -0.000000
vn 0.000000 -1.000000 -0.000000
vn 0.000000 -1.000000 -0.000000
vn 0.000000 -1.000000 -0.000000
vn 0.000000 -1.000000 -0.000000
vn 0.000000 -1.000000 -0.000000
vn 0.000000 -1.000000 -0.000000
vn 0.000000 -1.000000 -0.000000
vn 0.000000 -1.000000 -0.000000
vn 0.000000 -1.000000 -0.000000
vn 0.000000 -1.000000 -0.000000
vn 0.000000 -1.000000 -0.000000
vn 0.000000 -1.000000 -0.000000
vn 0.000000 -1.000000 -0.000000
vn 0.000000 -1.000000 -0.000000
vn 0.000000 -1.000000 -0.000000
vn 0.000000 -1.000000 -0.000000
vn 0.000000 -1.000000 -0.000000
vn 0.000000 -1.000000 -0.000000
vn 0.000000 -1.000000 -0.000000
vn 0.000000 -1.000000 -0.000000
vn 0.000000 -1.000000 -0.000000
vn 0.000000 -1.000000 -0.000000
vn 0.000000 -1.000000 -0.000000
vn 0.000000 -1.000000 -0.000000
vn 0.000000 -1.000000 -0.000000
vn 0.000000 -1.000000 -0.000000
vn 0.000000 -1.000000 -0.000000
vn 0.000000 -1.000000 -0.000000
vn 0.000000 -1.000000 -0.000000
vn 0.000000 -1.000000 -0.000000
vn 0.000000 -1.000000 -0.000000
vn 0.000000 -1.000000 -0.000000
vn 0.000000 -1.000000 -0.000000
vn 0.000000 -1.000000 -0.000000
vn 0.000000 -1.000000 -0.000000
vn 0.000000 -1.000000 -0.000000
vn 0.000000 -1.000000 -0.000000
vn 0.000000 -1.000000 -0.000000
vn 0.000000 -1.000000 -0.000000
vn 0.000000 -1.000000 -0.000000
vn 0.000000 -1.000000 -0.000000
vn 0.000000 -1.000000 -0.000000
vn 0.000000 -1.000000 -0.000000
vn 0.000000 -1.000000 -0.000000
vn 0.000000 -1.000000 -0.000000
vn 0.000000 -1.000000 -0.000000
vn 0.000000 -1.000000 -0.000000
vn 0.000000 -1.000000 -0.000000
vn 0.000000 -1.000000 -0.000000
vn 0.000000 -1.000000 -0.000000
vn 0.000000 -1.000000 -0.000000
vn 0.000000 -1.000000 -0.000000
vn 0.000000 -1.000000 -0.000000
vn 0.000000 -1.000000 -0.000000
vn 0.000000 -1.000000 -0.000000
vn 0.000000 -1.000000 -0.000000
vn 0.000000 -1.000000 -0.000000
vn 0.000000 -1.000000 -0.000000
vn 0.000000 -1.000000 -0.000000
vn 0.000000 -1.000000 -0.000000
vn 0.000000 -1.000000 -0.000000
vn 0.000000 -1.000000 -0.000000
vn 0.000000 -1.000000 -0.000000
vn 0.000000 -1.000000 -0.000000
vn 0.000000 -1.000000 -0.000000
vn 0.000000 -1.000000 -0.000000
vn 0.000000 -1.000000 -0.000000
vn 0.000000 -1.000000 -0.000000
vn 0.000000 -1.000000 -0.000000
vn 0.000000 -1.000000 -0.000000
vn 0.000000 -1.000000 -0.000000
vn 0.000000 -1.000000 -0.000000
vn 0.000000 -1.000000 -0.000000
vn 0.000000 -1.000000 -0.000000
vn 0.000000 -1.000000 -0.000000
vn 0.000000 -1.000000 -0.000000
vn 0.000000 -1.000000 -0.000000
vn 0.000000 -1.000000 -0.000000
vn 0.000000 -1.000000 -0.000000
vn 0.000000 -1.000000 -0.000000
vn 0.000000 -1.000000 -0.000000
vn 0.000000 -1.000000 -0.000000
vn 0.000000 -1.000000 -0.000000
vn 0.000000 -1.000000 -0.000000
vn 0.000000 -1.000000 -0.000000
vn 0.000000 -1.000000 -0.000000
vn 0.000000 -1.000000 -0.000000
vn 0.000000 -1.000000 -0.000000
vn 0.000000 -1.000000 -0.000000
vn 0.000000 -1.000000 -0.000000
vn 0.000000 -1.000000 -0.000000
vn 0.000000 -1.000000 -0.000000
vn 0.000000 -1.000000 -0.000000
vn 0.000000 -1.000000 -0.000000
vn 0.000000 -1.000000 -0.000000
vn 0.000000 -1.000000 -0.000000
vn 0.000000 -1.000000 -0.000000
vn 0.000000 -1.000000 -0.000000
vn 0.000000 -1.000000 -0.000000
vn 0.000000 -1.000000 -0.000000
vn 0.000000 -1.000000 -0.000000
vn 0.000000 -1.000000 -0.000000
vn 0.000000 -1.000000 -0.000000
vn 0.000000 -1.000000 -0.000000
vn 0.000000 -1.000000 -0.000000
vn 0.000000 -1.000000 -0.000000
vn 0.000000 -1.000000 -0.000000
vn 0.000000 -1.000000 -0.000000
vn 0.000000 -1.000000 -0.000000
vn 0.000000 -1.000000 -0.000000
vn 0.000000 -1.000000 -0.000000
vn 0.000000 -1.000000 -0.000000
vn 0.000000 -1.000000 -0.000000
vn 0.000000 -1.000000 -0.000000
vn 0.000000 -1.000000 -0.000000
vn 0.000000 -1.000000 -0.000000
vn 0.000000 -1.000000 -0.000000
vn 0.000000 -1.000000 -0.000000
vn 0.000000 -1.000000 -0.000000
vn 0.000000 -1.000000 -0.000000
vn 0.000000 -1.000000 -0.000000
vn 0.000000 -1.000000 -0.000000
vn 0.000000 -1.000000 -0.000000
vn 0.000000 -1.000000 -0.000000
vn 0.000000 -1.000000 -0.000000
vn 0.000000 -1.000000 -0.000000
vn 0.000000 -1.000000 -0.000000
vn 0.000000 -1.000000 -0.000000
vn 0.000000 -1.000000 -0.000000
vn 0.000000 -1.000000 -0.000000
vn 0.000000 -1.000000 -0.000000
vn 0.000000 -1.000000 -0.000000
vn 0.000000 -1.000000 -0.000000
vn 0.000000 -1.000000 -0.000000
vn 0.000000 -1.000000 -0.000000
vn 0.000000 -1.000000 -0.000000
vn 0.000000 -1.000000 -0.000000
vn 0.000000 -1.000000 -0.000000
vn 0.000000 -1.000000 -0.000000
vn 0.000000 -1.000000 -0.000000
vn 0.000000 -1.000000 -0.000000
vn 0.000000 -1.000000 -0.000000
vn 0.000000 -1.000000 -0.000000
vn 0.000000 -1.000000 -0.000000
vn 0.000000 -1.000000 -0.000000
vn 0.000000 -1.000000 -0.000000
vn 0.000000 -1.000000 -0.000000
vn 0.000000 -1.000000 -0.000000
vn 0.000000 -1.000000 -0.000000
vn 0.000000 -1.000000 -0.000000
vn 0.000000 -1.000000 -0.000000
vn 0.000000 -1.000000 -0.000000
vn 0.000000 -1.000000 -0.000000
vn 0.000000 -1.000000 -0.000000
vn 0.000000 -1.000000 -0.000000
vn 0.000000 -1.000000 -0.000000
vn 0.000000 -1.000000 -0.000000
vn 0.000000 -1.000000 -0.000000
vn 0.000000 -1.000000 -0.000000
vn 0.000000 -1.000000 -0.000000
vn 0.000000 -1.000000 -0.000000
vn 0.000000 -1.000000 -0.000000
vn 0.000000 -1.000000 -0.000000
vn 0.000000 -1.000000 -0.000000
vn 0.000000 -1.000000 -0.000000
vn 0.000000 -1.000000 -0.000000
vn 0.000000 -1.000000 -0.000000
vn 0.000000 -1.000000 -0.000000
vn 0.000000 -1.000000 -0.000000
vn 0.000000 -1.000000 -0.000000
vn 0.000000 -1.000000 -0.000000
vn 0.000000 -1.000000 -0.000000
vn 0.000000 -1.000000 -0.000000
vn 0.000000 -1.000000 -0.000000
vn 0.000000 -1.000000 -0.000000
vn 0.000000 -1.000000 -0.000000
vn 0.000000 -1.000000 -0.000000
vn 0.000000 -1.000000 -0.000000
vn 0.000000 -1.000000 -0.000000
vn 0.000000 -1.000000 -0.000000
vn 0.000000 -1.000000 -0.000000
vn 0.000000 -1.000000 -0.000000
vn 0.000000 -1.000000 -0.000000
vn 0.000000 -1.000000 -0.000000
vn 0.000000 -1.000000 -0.000000
vn 0.000000 -1.000000 -0.000000
vn 0.000000 -1.000000 -0.000000
vn 0.000000 -1.000000 -0.000000
vn 0.000000 -1.000000 -0.000000
vn 0.000000 -1.000000 -0.000000
vn 0.000000 -1.000000 -0.000000
vn 0.000000 -1.000000 -0.000000
vn 0.000000 -1.000000 -0.000000
vn 0.000000 -1.000000 -0.000000
vn 0.000000 -1.000000 -0.000000
vn 0.000000 -1.000000 -0.000000
vn 0.000000 -1.000000 -0.000000
vn 0.000000 -1.000000 -0.000000
vn 0.000000 -1.000000 -0.000000
vn 0.000000 -1.000000 -0.000000
vn 0.000000 -1.000000 -0.000000
vn 0.000000 -1.000000 -0.000000
vn 0.000000 -1.000000 -0.000000
vn 0.000000 -1.000000 -0.000000
vn 0.000000 -1.000000 -0.000000
vn 0.000000 -1.000000 -0.000000
vn 0.000000 -1.000000 -0.000000
vn 0.000000 -1.000000 -0.000000
vn 0.000000 -1.000000 -0.000000
vn 0.000000 -1.000000 -0.000000
vn 0.000000 -1.000000 -0.000000
vn 0.000000 -1.000000 -0.000000
vn 0.000000 -1.000000 -0.000000
vn 0.000000 -1.000000 -0.000000
vn 0.000000 -1.000000 -0.000000
vn 0.000000 -1.000000 -0.000000
vn 0.000000 -1.000000 -0.000000
vn 0.000000 -1.000000 -0.000000
vn 0.000000 -1.000000 -0.000000
vn 0.000000 -1.000000 -0.000000
vn 0.000000 -1.000000 -0.000000
vn 0.000000 -1.000000 -0.000000
vn 0.000000 -1.000000 -0.000000
vn 0.000000 -1.000000 -0.000000
vn 0.000000 -1.000000 -0.000000
vn 0.000000 -1.000000 -0.000000
vn 0.000000 -1.000000 -0.000000
vn 0.000000 -1.000000 -0.000000
vn 0.000000 -1.000000 -0.000000
vn 0.000000 -1.000000 -0.000000
vn 0.000000 -1.000000 -0.000000
vn 0.000000 -1.000000 -0.000000
vn 0.000000 -1.000000 -0.000000
vn 0.000000 -1.000000 -0.000000
vn 0.000000 -1.000000 -0.000000
vn 0.000000 -1.000000 -0.000000
vn 0.000000 -1.000000 -0.000000
vn 0.000000 -1.000000 -0.000000
vn 0.000000 -1.000000 -0.000000
vn 0.000000 -1.000000 -0.000000
vn 0.000000 -1.000000 -0.000000
vn 0.000000 -1.000000 -0.000000
vn 0.000000 -1.000000 -0.000000
vn 0.000000 -1.000000 -0.000000
vn 0.000000 -1.000000 -0.000000
vn 0.000000 -1.000000 -0.000000
vn 0.000000 -1.000000 -0.000000
vn 0.000000 -1.000000 -0.000000
vn 0.000000 -1.000000 -0.000000
vn 0.000000 -1.000000 -0.000000
vn 0.000000 -1.000000 -0.000000
vn 0.000000 -1.000000 -0.000000
vn 0.000000 -1.000000 -0.000000
vn 0.000000 -1.000000 -0.000000
vn 0.000000 -1.000000 -0.000000
vn 0.000000 -1.000000 -0.000000
vn 0.000000 -1.000000 -0.000000
vn 0.000000 -1.000000 -0.000000
vn 0.000000 -1.000000 -0.000000
vn 0.000000 -1.000000 -0.000000
vn 0.000000 -1.000000 -0.000000
vn 0.000000 -1.000000 -0.000000
vn 0.000000 -1.000000 -0.000000
vn 0.000000 -1.000000 -0.000000
vn 0.000000 -1.000000 -0.000000
vn 0.000000 -1.000000 -0.000000
vn 0.000000 -1.000000 -0.000000
vn 0.000000 -1.000000 -0.000000
vn 0.000000 -1.000000 -0.000000
vn 0.000000 -1.000000 -0.000000
vn 0.000000 -1.000000 -0.000000
vn 0.000000 -1.000000 -0.000000
vn 0.000000 -1.000000 -0.000000
vn 0.000000 -1.000000 -0.000000
vn 0.000000 -1.000000 -0.000000
vn 0.000000 -1.000000 -0.000000
vn 0.000000 -1.000000 -0.000000
vn 0.000000 -1.000000 -0.000000
vn 0.000000 -1.000000 -0.000000
vn 0.000000 -1.000000 -0.000000
vn 0.000000 -1.000000 -0.000000
vn 0.000000 -1.000000 -0.000000
vn 0.000000 -1.000000 -0.000000
vn 0.000000 -1.000000 -0.000000
vn 0.000000 -1.000000 -0.000000
vn 0.000000 -1.000000 -0.000000
vn 0.000000 -1.000000 -0.000000
vn 0.000000 -1.000000 -0.000000
vn 0.000000 -1.000000 -0.000000
vn 0.000000 -1.000000 -0.000000
vn 0.000000 -1.000000 -0.000000
vn 0.000000 -1.000000 -0.000000
vn 0.000000 -1.000000 -0.000000
vn 0.000000 -1.000000 -0.000000
vn 0.000000 -1.000000 -0.000000
vn 0.000000 -1.000000 -0.000000
vn 0.000000 -1.000000 -0.000000
vn 0.000000 -1.000000 -0.000000
vn 0.000000 -1.000000 -0.000000
vn 0.000000 -1.000000 -0.000000
vn 0.000000 -1.000000 -0.000000
vn 0.000000 -1.000000 -0.000000
vn 0.000000 -1.000000 -0.000000
vn 0.000000 -1.000000 -0.000000
vn 0.000000 -1.000000 -0.000000
vn 0.000000 -1.000000 -0.000000
vn 0.000000 -1.000000 -0.000000
vn 0.000000 -1.000000 -0.000000
vn 0.000000 -1.000000 -0.000000
vn 0.000000 -1.000000 -0.000000
vn 0.000000 -1.000000 -0.000000
vn 0.000000 -1.000000 -0.000000
vn 0.000000 -1.000000 -0.000000
vn 0.000000 -1.000000 -0.000000
vn 0.000000 -1.000000 -0.000000
vn 0.000000 -1.000000 -0.000000
vn 0.000000 -1.000000 -0.000000
vn 0.000000 -1.000000 -0.000000
vn 0.000000 -1.000000 -0.000000
vn 0.000000 -1.000000 -0.000000
vn 0.000000 -1.000000 -0.000000
vn 0.000000 -1.000000 -0.000000
vn 0.000000 -1.000000 -0.000000
vn 0.000000 -1.000000 -0.000000
vn 0.000000 -1.000000 -0.000000
vn 0.000000 -1.000000 -0.000000
vn 0.000000 -1.000000 -0.000000
vn 0.000000 -1.000000 -0.000000
vn 0.000000 -1.000000 -0.000000
vn 0.000000 -1.000000 -0.000000
vn 0.000000 -1.000000 -0.000000
vn 0.000000 -1.000000 -0.000000
vn 0.000000 -1.000000 -0.000000
vn 0.000000 -1.000000 -0.000000
vn 0.000000 -1.000000 -0.000000
vn 0.000000 -1.000000 -0.000000
vn 0.000000 -1.000000 -0.000000
vn 0.000000 -1.000000 -0.000000
vn 0.000000 -1.000000 -0.000000
vn 0.000000 -1.000000 -0.000000
vn 0.000000 -1.000000 -0.000000
vn 0.000000 -1.000000 -0.000000
vn 0.000000 -1.000000 -0.000000
vn 0.000000 -1.000000 -0.000000
vn 0.000000 -1.000000 -0.000000
vn 0.000000 -1.000000 -0.000000
vn 0.000000 -1.000000 -0.000000
vn 0.000000 -1.000000 -0.000000
vn 0.000000 -1.000000 -0.000000
vn 0.000000 -1.000000 -0.000000
vn 0.000000 -1.000000 -0.000000
vn 0.000000 -1.000000 -0.000000
vn 0.000000 -1.000000 -0.000000
vn 0.000000 -1.000000 -0.000000
vn 0.000000 -1.000000 -0.000000
vn 0.000000 -1.000000 -0.000000
vn 0.000000 -1.000000 -0.000000
vn 0.000000 -1.000000 -0.000000
vn 0.000000 -1.000000 -0.000000
vn 0.000000 -1.000000 -0.000000
vn 0.000000 -1.000000 -0.000000
vn 0.000000 -1.000000 -0.000000
vn 0.000000 -1.000000 -0.000000
vn 0.000000 -1.000000 -0.000000
vn 0.000000 -1.000000 -0.000000
vn 0.000000 -1.000000 -0.000000
vn 0.000000 -1.000000 -0.000000
vn 0.000000 -1.000000 -0.000000
vn 0.000000 -1.000000 -0.000000
vn 0.000000 -1.000000 -0.000000
vn 0.000000 -1.000000 -0.000000
vn 0.000000 -1.000000 -0.000000
vn 0.000000 -1.000000 -0.000000
vn 0.000000 -1.000000 -0.000000
vn 0.000000 -1.000000 -0.000000
vn 0.000000 -1.000000 -0.000000
vn 0.000000 -1.000000 -0.000000
vn 0.000000 -1.000000 -0.000000
vn 0.000000 -1.000000 -0.000000
vn 0.000000 -1.000000 -0.000000
vn 0.000000 -1.000000 -0.000000
vn 0.000000 -1.000000 -0.000000
vn 0.000000 -1.000000 -0.000000
vn 0.000000 -1.000000 -0.000000
vn 0.000000 -1.000000 -0.000000
vn 0.000000 -1.000000 -0.000000
vn 0.000000 -1.000000 -0.000000
vn 0.000000 -1.000000 -0.000000
vn 0.000000 -1.000000 -0.000000
vn 0.000000 -1.000000 -0.000000
vn 0.000000 -1.000000 -0.000000
vn 0.000000 -1.000000 -0.000000
vn 0.000000 -1.000000 -0.000000
vn 0.000000 -1.000000 -0.000000
vn 0.000000 -1.000000 -0.000000
vn 0.000000 -1.000000 -0.000000
vn 0.000000 -1.000000 -0.000000
vn 0.000000 -1.000000 -0.000000
vn 0.000000 -1.000000 -0.000000
vn 0.000000 -1.000000 -0.000000
vn 0.000000 -1.000000 -0.000000
vn 0.000000 -1.000000 -0.000000
vn 0.000000 -1.000000 -0.000000
vn 0.000000 -1.000000 -0.000000
vn 0.000000 -1.000000 -0.000000
vn 0.000000 -1.000000 -0.000000
vn 0.000000 -1.000000 -0.000000
vn 0.000000 -1.000000 -0.000000
vn 0.000000 -1.000000 -0.000000
vn 0.000000 -1.000000 -0.000000
vn 0.000000 -1.000000 -0.000000
vn 0.000000 -1.000000 -0.000000
vn 0.000000 -1.000000 -0.000000
vn 0.000000 -1.000000 -0.000000
vn 0.000000 -1.000000 -0.000000
vn 0.000000 -1.000000 -0.000000
vn 0.000000 -1.000000 -0.000000
vn 0.000000 -1.000000 -0.000000
vn 0.000000 -1.000000 -0.000000
vn 0.000000 -1.000000 -0.000000
vn 0.000000 -1.000000 -0.000000
vn 0.000000 -1.000000 -0.000000
vn 0.000000 -1.000000 -0.000000
vn 0.000000 -1.000000 -0.000000
vn 0.000000 -1.000000 -0.000000
vn 0.000000 -1.000000 -0.000000
vn 0.000000 -1.000000 -0.000000
vn 0.000000 -1.000000 -0.000000
vn 0.000000 -1.000000 -0.000000
vn 0.000000 -1.000000 -0.000000
vn 0.000000 -1.000000 -0.000000
vn 0.000000 -1.000000 -0.000000
vn 0.000000 -1.000000 -0.000000
vn 0.000000 -1.000000 -0.000000
vn 0.000000 -1.000000 -0.000000
vn 0.000000 -1.000000 -0.000000
vn 0.000000 -1.000000 -0.000000
vn 0.000000 -1.000000 -0.000000
vn 0.000000 -1.000000 -0.000000
vn 0.000000 -1.000000 -0.000000
vn 0.000000 -1.000000 -0.000000
vn 0.000000 -1.000000 -0.000000
vn 0.000000 -1.000000 -0.000000
vn 0.000000 -1.000000 -0.000000
vn 0.000000 -1.000000 -0.000000
vn 0.000000 -1.000000 -0.000000
vn 0.000000 -1.000000 -0.000000
vn 0.000000 -1.000000 -0.000000
vn 0.000000 -1.000000 -0.000000
vn 0.000000 -1.000000 -0.000000
vn 0.000000 -1.000000 -0.000000
vn 0.000000 -1.000000 -0.000000
vn 0.000000 -1.000000 -0.000000
vn 0.000000 -1.000000 -0.000000
vn 0.000000 -1.000000 -0.000000
vn 0.000000 -1.000000 -0.000000
vn 0.000000 -1.000000 -0.000000
vn 0.000000 -1.000000 -0.000000
vn 0.000000 -1.000000 -0.000000
vn 0.000000 -1.000000 -0.000000
vn 0.000000 -1.000000 -0.000000
vn 0.000000 -1.000000 -0.000000
vn 0.000000 -1.000000 -0.000000
vn 0.000000 -1.000000 -0.000000
vn 0.000000 -1.000000 -0.000000
vn 0.000000 -1.000000 -0.000000
vn 0.000000 -1.000000 -0.000000
vn 0.000000 -1.000000 -0.000000
vn 0.000000 -1.000000 -0.000000
vn 0.000000 -1.000000 -0.000000
vn 0.000000 -1.000000 -0.000000
vn 0.000000 -1.000000 -0.000000
vn 0.000000 -1.000000 -0.000000
vn 0.000000 -1.000000 -0.000000
vn 0.000000 -1.000000 -0.000000
vn 0.000000 -1.000000 -0.000000
vn 0.000000 -1.000000 -0.000000
vn 0.000000 -1.000000 -0.000000
f 2//2 1//1 4//4
f 2//2 3//3 1//1
f 1//1 3//3 5//5
f 5//5 7//7 1//1
f 6//6 8//8 1//1
f 6//6 1//1 7//7
f 9//9 8//8 6//6
f 9//9 11//11 10//10
f 11//11 9//9 12//12
f 12//12 9//9 6//6
f 10//10 11//11 13//13
f 14//14 15//15 13//13
f 13//13 15//15 10//10
f 15//15 17//17 16//16
f 17//17 15//15 14//14
f 17//17 18//18 16//16
f 16//16 18//18 20//20
f 20//20 18//18 19//19
f 20//20 22//22 21//21
f 22//22 20//20 19//19
f 23//23 22//22 24//24
f 23//23 21//21 22//22
f 23//23 24//24 25//25
f 26//26 25//25 27//27
f 26//26 23//23 25//25
f 26//26 27//27 29//29
f 27//27 28//28 29//29
f 29//29 30//30 3//3
f 30//30 29//29 28//28
f 3//3 30//30 5//5
f 26//26 31//31 23//23
f 32//32 33//33 31//31
f 33//33 23//23 31//31
f 34//34 33//33 32//32
f 35//35 34//34 32//32
f 37//37 36//36 35//35
f 37//37 35//35 38//38
f 35//35 41//41 38//38
f 35//35 39//39 41//41
f 35//35 40//40 39//39
f 40//40 35//35 32//32
f 38//38 42//42 37//37
f 44//44 37//37 42//42
f 43//43 44//44 42//42
f 44//44 43//43 46//46
f 45//45 44//44 47//47
f 46//46 47//47 44//44
f 48//48 45//45 47//47
f 49//49 48//48 47//47
f 50//50 49//49 47//47
f 51//51 50//50 47//47
f 51//51 52//52 50//50
f 51//51 55//55 52//52
f 53//53 54//54 51//51
f 54//54 56//56 51//51
f 51//51 56//56 55//55
f 57//57 52//52 55//55
f 52//52 57//57 58//58
f 57//57 59//59 58//58
f 60//60 64//64 59//59
f 59//59 61//61 60//60
f 61//61 59//59 63//63
f 62//62 63//63 59//59
f 64//64 65//65 59//59
f 58//58 59//59 65//65
f 66//66 58//58 65//65
f 62//62 67//67 63//63
f 68//68 61//61 63//63
f 61//61 68//68 69//69
f 71//71 69//69 70//70
f 61//61 69//69 71//71
f 71//71 73//73 72//72
f 71//71 70//70 73//73
f 72//72 73//73 74//74
f 74//74 76//76 75//75
f 74//74 75//75 72//72
f 77//77 75//75 76//76
f 79//79 77//77 78//78
f 77//77 79//79 75//75
f 80//80 79//79 81//81
f 81//81 79//79 83//83
f 82//82 79//79 78//78
f 83//83 79//79 82//82
f 83//83 82//82 84//84
f 83//83 85//85 87//87
f 85//85 83//83 86//86
f 83//83 87//87 88//88
f 83//83 88//88 81//81
f 89//89 87//87 85//85
f 49//49 85//85 86//86
f 49//49 86//86 48//48
f 90//90 84//84 94//94
f 84//84 82//82 93//93
f 91//91 94//94 84//84
f 91//91 84//84 92//92
f 93//93 92//92 84//84
f 94//94 95//95 90//90
f 96//96 95//95 94//94
f 95//95 96//96 97//97
f 98//98 97//97 96//96
f 99//99 100//100 98//98
f 100//100 97//97 98//98
f 102//102 101//101 100//100
f 99//99 102//102 100//100
f 99//99 62//62 102//102
f 102//102 103//103 101//101
f 104//104 101//101 103//103
f 105//105 104//104 103//103
f 105//105 106//106 104//104
f 106//106 105//105 107//107
f 107//107 105//105 108//108
f 108//108 109//109 107//107
f 108//108 110//110 109//109
f 110//110 108//108 111//111
f 112//112 111//111 108//108
f 108//108 113//113 112//112
f 113//113 114//114 112//112
f 115//115 114//114 113//113
f 113//113 117//117 115//115
f 116//116 113//113 119//119
f 116//116 117//117 113//113
f 118//118 119//119 113//113
f 120//120 119//119 118//118
f 116//116 119//119 121//121
f 122//122 120//120 124//124
f 120//120 118//118 123//123
f 120//120 123//123 124//124
f 122//122 124//124 125//125
f 126//126 124//124 127//127
f 124//124 128//128 127//127
f 128//128 124//124 123//123
f 130//130 127//127 129//129
f 130//130 131//131 127//127
f 131//131 126//126 127//127
f 130//130 129//129 132//132
f 134//134 132//132 133//133
f 129//129 133//133 132//132
f 134//134 133//133 135//135
f 136//136 135//135 133//133
f 136//136 133//133 137//137
f 133//133 138//138 137//137
f 138//138 139//139 137//137
f 137//137 139//139 140//140
f 141//141 140//140 139//139
f 141//141 142//142 140//140
f 144//144 143//143 142//142
f 144//144 142//142 145//145
f 145//145 142//142 141//141
f 146//146 145//145 141//141
f 141//141 147//147 146//146
f 149//149 147//147 141//141
f 148//148 147//147 150//150
f 150//150 147//147 149//149
f 151//151 148//148 150//150
f 151//151 150//150 152//152
f 152//152 153//153 151//151
f 152//152 154//154 153//153
f 155//155 156//156 154//154
f 156//156 157//157 154//154
f 157//157 153//153 154//154
f 156//156 155//155 158//158
f 155//155 159//159 158//158
f 160//160 158//158 159//159
f 160//160 159//159 161//161
f 159//159 162//162 161//161
f 162//162 164//164 161//161
f 163//163 161//161 164//164
f 168//168 164//164 165//165
f 165//165 164//164 166//166
f 163//163 164//164 167//167
f 164//164 168//168 167//167
f 168//168 169//169 167//167
f 169//169 168//168 143//143
f 170//170 169//169 143//143
f 143//143 144//144 170//170
f 171//171 165//165 166//166
f 171//171 166//166 172//172
f 173//173 171//171 172//172
f 173//173 174//174 179//179
f 173//173 175//175 174//174
f 175//175 173//173 176//176
f 176//176 173//173 177//177
f 173//173 178//178 177//177
f 179//179 180//180 173//173
f 171//171 173//173 180//180
f 178//178 181//181 177//177
f 178//178 182//182 181//181
f 182//182 183//183 185//185
f 182//182 184//184 183//183
f 185//185 188//188 182//182
f 186//186 182//182 187//187
f 186//186 181//181 182//182
f 187//187 182//182 188//188
f 181//181 186//186 189//189
f 189//189 190//190 181//181
f 181//181 190//190 191//191
f 191//191 192//192 181//181
f 193//193 181//181 192//192
f 193//193 194//194 181//181
f 194//194 193//193 195//195
f 194//194 195//195 196//196
f 194//194 196//196 197//197
f 197//197 198//198 194//194
f 194//194 198//198 199//199
f 199//199 198//198 200//200
f 200//200 201//201 199//199
f 201//201 202//202 199//199
f 199//199 202//202 203//203
f 205//205 199//199 203//203
f 203//203 204//204 205//205
f 207//207 206//206 205//205
f 205//205 209//209 207//207
f 204//204 208//208 205//205
f 208//208 209//209 205//205
f 210//210 208//208 204//204
f 210//210 204//204 211//211
f 211//211 212//212 210//210
f 211//211 213//213 212//212
f 214//214 213//213 215//215
f 215//215 213//213 211//211
f 215//215 217//217 216//216
f 216//216 214//214 215//215
f 217//217 220//220 216//216
f 218//218 220//220 217//217
f 218//218 217//217 219//219
f 221//221 219//219 184//184
f 184//184 219//219 183//183
f 221//221 218//218 219//219
f 184//184 222//222 221//221
f 222//222 184//184 223//223
f 224//224 223//223 225//225
f 225//225 223//223 184//184
f 225//225 226//226 224//224
f 228//228 226//226 227//227
f 226//226 206//206 227//227
f 226//226 228//228 224//224
f 206//206 207//207 227//227
f 229//229 194//194 199//199
f 194//194 229//229 230//230
f 230//230 229//229 231//231
f 232//232 233//233 231//231
f 233//233 236//236 231//231
f 234//234 237//237 231//231
f 231//231 235//235 234//234
f 231//231 236//236 235//235
f 231//231 237//237 238//238
f 230//230 231//231 238//238
f 239//239 238//238 237//237
f 239//239 240//240 238//238
f 244//244 241//241 240//240
f 240//240 239//239 242//242
f 242//242 243//243 240//240
f 240//240 243//243 244//244
f 244//244 245//245 248//248
f 244//244 246//246 245//245
f 244//244 247//247 241//241
f 244//244 248//248 247//247
f 248//248 249//249 250//250
f 248//248 250//250 247//247
f 249//249 251//251 250//250
f 251//251 257//257 252//252
f 251//251 253//253 255//255
f 251//251 254//254 253//253
f 249//249 254//254 251//251
f 255//255 256//256 251//251
f 251//251 256//256 257//257
f 256//256 258//258 257//257
f 257//257 259//259 252//252
f 252//252 259//259 260//260
f 261//261 252//252 260//260
f 252//252 261//261 262//262
f 264//264 263//263 262//262
f 263//263 252//252 262//262
f 264//264 262//262 265//265
f 265//265 267//267 266//266
f 264//264 265//265 266//266
f 267//267 268//268 269//269
f 266//266 267//267 269//269
f 271//271 270//270 269//269
f 269//269 268//268 271//271
f 271//271 268//268 272//272
f 270//270 271//271 273//273
f 270//270 273//273 274//274
f 273//273 275//275 274//274
f 276//276 278//278 275//275
f 276//276 275//275 277//277
f 278//278 274//274 275//275
f 280//280 279//279 278//278
f 280//280 278//278 276//276
f 281//281 279//279 280//280
f 281//281 282//282 279//279
f 283//283 282//282 281//281
f 284//284 283//283 286//286
f 285//285 283//283 284//284
f 283//283 285//285 282//282
f 286//286 287//287 284//284
f 288//288 284//284 287//287
f 284//284 288//288 289//289
f 284//284 289//289 292//292
f 290//290 291//291 289//289
f 289//289 291//291 292//292
f 295//295 293//293 292//292
f 293//293 294//294 292//292
f 296//296 295//295 292//292
f 292//292 297//297 296//296
f 292//292 291//291 297//297
f 298//298 297//297 291//291
f 293//293 295//295 299//299
f 301//301 300//300 294//294
f 293//293 301//301 294//294
f 303//303 300//300 301//301
f 301//301 302//302 303//303
f 304//304 303//303 302//302
f 307//307 300//300 303//303
f 305//305 306//306 303//303
f 306//306 307//307 303//303
f 306//306 308//308 309//309
f 308//308 306//306 305//305
f 309//309 310//310 306//306
f 313//313 311//311 310//310
f 311//311 312//312 310//310
f 312//312 314//314 310//310
f 310//310 309//309 313//313
f 314//314 312//312 315//315
f 315//315 316//316 314//314
f 318//318 316//316 317//317
f 316//316 315//315 317//317
f 316//316 318//318 319//319
f 316//316 319//319 320//320
f 316//316 320//320 321//321
f 321//321 327//327 322//322
f 321//321 322//322 316//316
f 329//329 323//323 322//322
f 322//322 323//323 325//325
f 322//322 324//324 326//326
f 325//325 324//324 322//322
f 322//322 327//327 328//328
f 322//322 328//328 329//329
f 326//326 324//324 36//36
f 326//326 36//36 37//37
f 330//330 324//324 325//325
f 331//331 324//324 330//330
f 324//324 331//331 332//332
f 324//324 332//332 333//333
f 335//335 324//324 333//333
f 335//335 333//333 334//334
f 335//335 338//338 336//336
f 337//337 335//335 339//339
f 337//337 338//338 335//335
f 335//335 334//334 339//339
f 334//334 340//340 339//339
f 341//341 340//340 342//342
f 334//334 342//342 340//340
f 342//342 343//343 341//341
f 342//342 344//344 343//343
f 343//343 344//344 345//345
f 344//344 346//346 345//345
f 347//347 346//346 344//344
f 348//348 346//346 347//347
f 347//347 349//349 348//348
f 347//347 350//350 349//349
f 349//349 350//350 351//351
f 350//350 352//352 351//351
f 352//352 350//350 353//353
f 352//352 353//353 315//315
f 353//353 354//354 315//315
f 355//355 315//315 354//354
f 356//356 315//315 355//355
f 356//356 317//317 315//315
f 357//357 352//352 359//359
f 357//357 358//358 352//352
f 352//352 358//358 351//351
f 360//360 357//357 359//359
f 361//361 360//360 359//359
f 360//360 361//361 362//362
f 363//363 362//362 361//361
f 336//336 363//363 361//361
f 336//336 338//338 363//363
f 313//313 364//364 311//311
f 365//365 311//311 364//364
f 366//366 311//311 365//365
f 366//366 367//367 311//311
f 370//370 311//311 367//367
f 370//370 367//367 368//368
f 367//367 369//369 368//368
f 369//369 372//372 371//371
f 368//368 369//369 371//371
f 373//373 371//371 372//372
f 373//373 372//372 374//374
f 372//372 375//375 374//374
f 376//376 377//377 375//375
f 377//377 378//378 375//375
f 374//374 375//375 378//378
f 379//379 377//377 376//376
f 376//376 380//380 379//379
f 380//380 381//381 379//379
f 381//381 380//380 382//382
f 382//382 385//385 383//383
f 382//382 380//380 384//384
f 385//385 382//382 384//384
f 386//386 383//383 385//385
f 385//385 387//387 386//386
f 386//386 387//387 388//388
f 389//389 388//388 387//387
f 388//388 389//389 390//390
f 391//391 390//390 389//389
f 389//389 392//392 391//391
f 392//392 393//393 391//391
f 393//393 392//392 394//394
f 394//394 395//395 393//393
f 394//394 396//396 395//395
f 397//397 396//396 394//394
f 371//371 396//396 397//397
f 371//371 398//398 396//396
f 398//398 371//371 373//373
f 400//400 399//399 380//380
f 380//380 376//376 400//400
f 401//401 399//399 400//400
f 402//402 403//403 401//401
f 404//404 402//402 401//401
f 401//401 403//403 399//399
f 405//405 402//402 404//404
f 405//405 406//406 402//402
f 402//402 406//406 407//407
f 408//408 402//402 407//407
f 408//408 407//407 409//409
f 410//410 411//411 409//409
f 411//411 408//408 409//409
f 411//411 410//410 412//412
f 412//412 304//304 411//411
f 413//413 411//411 304//304
f 413//413 304//304 414//414
f 415//415 414//414 416//416
f 416//416 414//414 304//304
f 416//416 417//417 415//415
f 302//302 416//416 304//304
f 418//418 415//415 417//417
f 417//417 419//419 418//418
f 419//419 417//417 420//420
f 419//419 421//421 418//418
f 422//422 418//418 421//421
f 418//418 422//422 423//423
f 423//423 422//422 424//424
f 423//423 425//425 427//427
f 425//425 423//423 426//426
f 428//428 423//423 427//427
f 428//428 418//418 423//423
f 429//429 277//277 428//428
f 428//428 277//277 418//418
f 277//277 429//429 430//430
f 430//430 431//431 277//277
f 431//431 276//276 277//277
f 426//426 432//432 425//425
f 432//432 426//426 433//433
f 434//434 433//433 426//426
f 435//435 433//433 434//434
f 435//435 434//434 436//436
f 438//438 435//435 436//436
f 438//438 436//436 437//437
f 436//436 291//291 437//437
f 291//291 290//290 437//437
f 439//439 402//402 408//408
f 440//440 441//441 439//439
f 439//439 441//441 402//402
f 441//441 440//440 442//442
f 442//442 443//443 447//447
f 443//443 442//442 444//444
f 445//445 444//444 442//442
f 445//445 442//442 440//440
f 448//448 442//442 446//446
f 442//442 447//447 446//446
f 450//450 449//449 448//448
f 453//453 448//448 446//446
f 448//448 451//451 450//450
f 451//451 448//448 452//452
f 448//448 453//453 452//452
f 453//453 454//454 452//452
f 455//455 454//454 453//453
f 455//455 456//456 454//454
f 455//455 457//457 456//456
f 455//455 458//458 457//457
f 457//457 458//458 460//460
f 458//458 461//461 459//459
f 459//459 460//460 458//458
f 459//459 461//461 462//462
f 462//462 461//461 463//463
f 461//461 464//464 463//463
f 464//464 466//466 465//465
f 465//465 463//463 464//464
f 467//467 466//466 464//464
f 466//466 467//467 468//468
f 468//468 467//467 469//469
f 469//469 470//470 468//468
f 471//471 468//468 470//470
f 472//472 468//468 471//471
f 474//474 473//473 472//472
f 468//468 472//472 473//473
f 475//475 473//473 474//474
f 476//476 473//473 475//475
f 473//473 476//476 477//477
f 440//440 473//473 477//477
f 440//440 477//477 478//478
f 479//479 440//440 478//478
f 480//480 440//440 479//479
f 440//440 480//480 481//481
f 481//481 445//445 440//440
f 482//482 473//473 483//483
f 482//482 468//468 473//473
f 483//483 485//485 484//484
f 483//483 484//484 482//482
f 487//487 484//484 485//485
f 488//488 486//486 485//485
f 486//486 487//487 485//485
f 246//246 489//489 488//488
f 491//491 246//246 488//488
f 489//489 490//490 488//488
f 488//488 490//490 486//486
f 492//492 246//246 491//491
f 492//492 494//494 246//246
f 493//493 494//494 492//492
f 493//493 495//495 494//494
f 246//246 494//494 245//245
f 495//495 493//493 496//496
f 496//496 497//497 495//495
f 497//497 498//498 495//495
f 497//497 496//496 499//499
f 500//500 499//499 496//496
f 500//500 496//496 501//501
f 501//501 502//502 500//500
f 501//501 504//504 503//503
f 501//501 505//505 504//504
f 506//506 505//505 501//501
f 501//501 496//496 506//506
f 272//272 507//507 506//506
f 506//506 496//496 272//272
f 272//272 508//508 507//507
f 508//508 272//272 509//509
f 509//509 272//272 268//268
f 510//510 503//503 504//504
f 511//511 503//503 510//510
f 513//513 503//503 511//511
f 512//512 513//513 511//511
f 513//513 512//512 514//514
f 256//256 514//514 516//516
f 515//515 516//516 514//514
f 515//515 514//514 512//512
f 256//256 516//516 258//258
f 517//517 484//484 487//487
f 484//484 517//517 518//518
f 519//519 484//484 518//518
f 519//519 520//520 484//484
f 520//520 521//521 522//522
f 523//523 484//484 520//520
f 520//520 522//522 523//523
f 522//522 521//521 524//524
f 527//527 525//525 524//524
f 526//526 524//524 528//528
f 526//526 527//527 524//524
f 521//521 529//529 524//524
f 528//528 524//524 529//529
f 529//529 531//531 530//530
f 530//530 528//528 529//529
f 531//531 532//532 530//530
f 533//533 532//532 531//531
f 534//534 533//533 531//531
f 535//535 533//533 534//534
f 537//537 535//535 534//534
f 537//537 534//534 536//536
f 536//536 538//538 537//537
f 539//539 535//535 537//537
f 539//539 537//537 540//540
f 540//540 537//537 541//541
f 540//540 541//541 542//542
f 542//542 543//543 545//545
f 543//543 542//542 544//544
f 540//540 542//542 545//545
f 543//543 544//544 546//546
f 546//546 544//544 547//547
f 550//550 547//547 548//548
f 547//547 549//549 548//548
f 550//550 546//546 547//547
f 551//551 548//548 549//549
f 549//549 552//552 551//551
f 553//553 552//552 527//527
f 552//552 525//525 527//527
f 553//553 551//551 552//552
f 233//233 232//232 538//538
f 233//233 538//538 536//536
f 465//465 466//466 554//554
f 554//554 466//466 555//555
f 555//555 466//466 556//556
f 555//555 556//556 557//557
f 556//556 558//558 557//557
f 560//560 558//558 559//559
f 558//558 449//449 559//559
f 557//557 558//558 560//560
f 449//449 450//450 559//559
f 562//562 282//282 285//285
f 561//561 562//562 285//285
f 563//563 562//562 561//561
f 90//90 563//563 561//561
f 95//95 563//563 90//90
f 564//564 263//263 264//264
f 566//566 565//565 564//564
f 565//565 263//263 564//564
f 566//566 567//567 565//565
f 568//568 567//567 566//566
f 567//567 568//568 571//571
f 569//569 570//570 568//568
f 570//570 571//571 568//568
f 573//573 572//572 571//571
f 567//567 571//571 572//572
f 574//574 572//572 573//573
f 572//572 574//574 575//575
f 572//572 575//575 576//576
f 576//576 579//579 572//572
f 576//576 578//578 577//577
f 576//576 577//577 579//579
f 584//584 580//580 579//579
f 584//584 579//579 581//581
f 579//579 582//582 581//581
f 583//583 582//582 579//579
f 579//579 577//577 583//583
f 584//584 581//581 585//585
f 584//584 586//586 580//580
f 122//122 125//125 586//586
f 587//587 586//586 125//125
f 580//580 586//586 587//587
f 588//588 587//587 125//125
f 589//589 588//588 125//125
f 125//125 590//590 589//589
f 589//589 590//590 591//591
f 589//589 592//592 176//176
f 591//591 592//592 589//589
f 175//175 176//176 592//592
f 583//583 577//577 593//593
f 578//578 594//594 577//577
f 594//594 595//595 577//577
f 594//594 596//596 595//595
f 597//597 595//595 596//596
f 595//595 597//597 599//599
f 599//599 597//597 598//598
f 598//598 600//600 599//599
f 114//114 600//600 602//602
f 598//598 601//601 600//600
f 601//601 602//602 600//600
f 114//114 602//602 603//603
f 114//114 603//603 112//112
f 569//569 604//604 570//570
f 604//604 569//569 106//106
f 604//604 106//106 107//107
f 256//256 255//255 605//605
f 606//606 254//254 249//249
f 607//607 133//133 129//129
f 609//609 608//608 607//607
f 129//129 609//609 607//607
f 610//610 608//608 609//609
f 608//608 610//610 616//616
f 611//611 610//610 613//613
f 612//612 610//610 611//611
f 612//612 614//614 610//610
f 615//615 610//610 614//614
f 610//610 615//615 616//616
f 616//616 617//617 608//608
f 608//608 617//617 618//618
f 619//619 608//608 618//618
f 608//608 619//619 620//620
f 620//620 622//622 608//608
f 620//620 621//621 622//622
f 623//623 622//622 625//625
f 626//626 624//624 622//622
f 624//624 625//625 622//622
f 626//626 622//622 621//621
f 627//627 626//626 621//621
f 628//628 627//627 629//629
f 629//629 627//627 621//621
f 629//629 630//630 628//628
f 629//629 631//631 630//630
f 632//632 630//630 631//631
f 632//632 631//631 633//633
f 633//633 631//631 634//634
f 635//635 637//637 634//634
f 634//634 636//636 635//635
f 637//637 633//633 634//634
f 640//640 636//636 638//638
f 639//639 635//635 636//636
f 636//636 640//640 639//639
f 640//640 638//638 641//641
f 640//640 644//644 639//639
f 642//642 643//643 640//640
f 643//643 644//644 640//640
f 642//642 645//645 643//643
f 646//646 645//645 647//647
f 642//642 647//647 645//645
f 647//647 648//648 646//646
f 623//623 648//648 647//647
f 623//623 625//625 648//648
f 649//649 641//641 613//613
f 613//613 641//641 652//652
f 641//641 653//653 650//650
f 650//650 651//651 641//641
f 652//652 641//641 651//651
f 653//653 641//641 638//638
f 613//613 652//652 654//654
f 655//655 613//613 654//654
f 655//655 656//656 613//613
f 656//656 657//657 613//613
f 657//657 611//611 613//613
f 649//649 659//659 658//658
f 649//649 613//613 659//659
f 658//658 659//659 660//660
f 660//660 661//661 658//658
f 660//660 662//662 661//661
f 54//54 662//662 660//660
f 663//663 662//662 54//54
f 53//53 663//663 54//54
f 658//658 661//661 664//664
f 658//658 664//664 665//665
f 658//658 665//665 666//666
f 658//658 666//666 667//667
f 667//667 668//668 658//658
f 667//667 2//2 4//4
f 668//668 667//667 4//4
f 114//114 115//115 669//669
f 62//62 99//99 670//670
f 62//62 670//670 671//671
f 62//62 671//671 67//67
f 61//61 672//672 60//60
f 674//674 673//673 675//675
f 674//674 675//675 676//676
f 674//674 676//676 677//677
f 674//674 677//677 678//678
f 678//678 677//677 679//679
f 678//678 679//679 680//680
f 680//680 679//679 681//681
f 680//680 681//681 683//683
f 683//683 681//681 682//682
f 683//683 682//682 684//684
f 684//684 682//682 687//687
f 684//684 687//687 685//685
f 685//685 687//687 688//688
f 685//685 688//688 686//686
f 686//686 688//688 689//689
f 686//686 689//689 691//691
f 692//692 691//691 689//689
f 692//692 689//689 690//690
f 693//693 692//692 690//690
f 693//693 690//690 694//694
f 693//693 694//694 697//697
f 693//693 697//697 695//695
f 695//695 697//697 698//698
f 695//695 698//698 696//696
f 700//700 696//696 698//698
f 700//700 698//698 699//699
f 702//702 700//700 699//699
f 702//702 699//699 701//701
f 702//702 701//701 703//703
f 702//702 703//703 704//704
f 704//704 703//703 705//705
f 704//704 705//705 706//706
f 708//708 707//707 709//709
f 708//708 709//709 710//710
f 713//713 708//708 710//710
f 713//713 710//710 711//711
f 713//713 711//711 712//712
f 713//713 712//712 714//714
f 714//714 712//712 717//717
f 714//714 717//717 715//715
f 715//715 717//717 718//718
f 715//715 718//718 716//716
f 716//716 718//718 719//719
f 716//716 719//719 721//721
f 721//721 719//719 720//720
f 721//721 720//720 722//722
f 722//722 720//720 724//724
f 722//722 724//724 723//723
f 725//725 723//723 724//724
f 725//725 724//724 727//727
f 725//725 727//727 728//728
f 725//725 728//728 726//726
f 726//726 728//728 729//729
f 726//726 729//729 730//730
f 730//730 729//729 731//731
f 730//730 731//731 732//732
f 734//734 732//732 731//731
f 734//734 731//731 733//733
f 734//734 733//733 735//735
f 734//734 735//735 736//736
f 736//736 735//735 737//737
f 736//736 737//737 739//739
f 740//740 739//739 737//737
f 740//740 737//737 738//738
f 742//742 741//741 743//743
f 742//742 743//743 744//744
f 742//742 744//744 745//745
f 742//742 745//745 747//747
f 747//747 745//745 746//746
f 747//747 746//746 748//748
f 748//748 746//746 751//751
f 748//748 751//751 749//749
f 749//749 751//751 752//752
f 749//749 752//752 750//750
f 750//750 752//752 753//753
f 750//750 753//753 754//754
f 754//754 753//753 755//755
f 754//754 755//755 756//756
f 756//756 755//755 757//757
f 756//756 757//757 759//759
f 760//760 759//759 757//757
f 760//760 757//757 758//758
f 760//760 758//758 762//762
f 760//760 762//762 761//761
f 761//761 762//762 765//765
f 761//761 765//765 763//763
f 763//763 765//765 766//766
f 763//763 766//766 764//764
f 764//764 766//766 767//767
f 764//764 767//767 769//769
f 769//769 767//767 768//768
f 769//769 768//768 770//770
f 770//770 768//768 773//773
f 770//770 773//773 771//771
f 772//772 771//771 773//773
f 772//772 773//773 774//774
f 776//776 775//775 777//777
f 776//776 777//777 778//778
f 776//776 778//778 779//779
f 776//776 779//779 781//781
f 781//781 779//779 780//780
f 781//781 780//780 782//782
f 782//782 780//780 785//785
f 782//782 785//785 783//783
f 783//783 785//785 786//786
f 783//783 786//786 784//784
f 784//784 786//786 787//787
f 784//784 787//787 789//789
f 789//789 787//787 788//788
f 789//789 788//788 790//790
f 790//790 788//788 792//792
f 790//790 792//792 791//791
f 795//795 793//793 791//791
f 795//795 791//791 792//792
f 793//793 795//795 796//796
f 793//793 796//796 794//794
f 794//794 796//796 797//797
f 794//794 797//797 799//799
f 799//799 797//797 798//798
f 799//799 798//798 800//800
f 800//800 798//798 803//803
f 800//800 803//803 801//801
f 801//801 803//803 804//804
f 801//801 804//804 802//802
f 802//802 804//804 805//805
f 802//802 805//805 806//806
f 808//808 806//806 805//805
f 808//808 805//805 807//807
f 809//809 811//811 812//812
f 809//809 812//812 810//810
f 810//810 812//812 813//813
f 810//810 813//813 814//814
f 814//814 813//813 815//815
f 814//814 815//815 816//816
f 816//816 815//815 817//817
f 816//816 817//817 818//818
f 818//818 817//817 819//819
f 818//818 819//819 820//820
f 820//820 819//819 821//821
f 820//820 821//821 823//823
f 823//823 821//821 822//822
f 823//823 822//822 824//824
f 824//824 822//822 826//826
f 824//824 826//826 825//825
f 829//829 827//827 825//825
f 829//829 825//825 826//826
f 827//827 829//829 830//830
f 827//827 830//830 828//828
f 828//828 830//830 831//831
f 828//828 831//831 832//832
f 832//832 831//831 833//833
f 832//832 833//833 834//834
f 834//834 833//833 835//835
f 834//834 835//835 836//836
f 836//836 835//835 837//837
f 836//836 837//837 838//838
f 838//838 837//837 839//839
f 838//838 839//839 840//840
f 840//840 839//839 841//841
f 840//840 841//841 842//842
f 844//844 843//843 845//845
f 844//844 845//845 846//846
f 844//844 846//846 847//847
f 844//844 847//847 849//849
f 849//849 847//847 848//848
f 849//849 848//848 850//850
f 851//851 850//850 848//848
f 851//851 848//848 853//853
f 852//852 851//851 853//853
f 852//852 853//853 854//854
f 857//857 852//852 854//854
f 857//857 854//854 855//855
f 857//857 855//855 856//856
f 857//857 856//856 858//858
f 858//858 856//856 860//860
f 858//858 860//860 859//859
f 861//861 859//859 860//860
f 861//861 860//860 863//863
f 862//862 861//861 863//863
f 862//862 863//863 864//864
f 862//862 864//864 865//865
f 862//862 865//865 866//866
f 866//866 865//865 867//867
f 866//866 867//867 868//868
f 870//870 868//868 867//867
f 870//870 867//867 869//869
f 870//870 869//869 871//871
f 870//870 871//871 872//872
f 872//872 871//871 873//873
f 872//872 873//873 875//875
f 876//876 875//875 873//873
f 876//876 873//873 874//874
f 878//878 877//877 879//879
f 878//878 879//879 880//880
f 878//878 880//880 881//881
f 878//878 881//881 883//883
f 883//883 881//881 882//882
f 883//883 882//882 884//884
f 885//885 884//884 882//882
f 885//885 882//882 887//887
f 886//886 885//885 887//887
f 886//886 887//887 888//888
f 890//890 886//886 888//888
f 890//890 888//888 889//889
f 890//890 889//889 891//891
f 890//890 891//891 892//892
f 893//893 895//895 892//892
f 893//893 892//892 891//891
f 894//894 896//896 895//895
f 894//894 895//895 893//893
f 896//896 894//894 898//898
f 896//896 898//898 897//897
f 897//897 898//898 901//901
f 897//897 901//901 899//899
f 899//899 901//901 902//902
f 899//899 902//902 900//900
f 900//900 902//902 903//903
f 900//900 903//903 905//905
f 905//905 903//903 904//904
f 905//905 904//904 906//906
f 906//906 904//904 909//909
f 906//906 909//909 907//907
f 908//908 907//907 909//909
f 908//908 909//909 910//910
f 911//911 913//913 914//914
f 911//911 914//914 912//912
f 912//912 914//914 915//915
f 912//912 915//915 916//916
f 916//916 915//915 917//917
f 916//916 917//917 919//919
f 920//920 919//919 917//917
f 920//920 917//917 918//918
f 920//920 918//918 922//922
f 920//920 922//922 921//921
f 921//921 922//922 925//925
f 921//921 925//925 923//923
f 923//923 925//925 926//926
f 923//923 926//926 924//924
f 924//924 926//926 927//927
f 924//924 927//927 928//928
f 929//929 931//931 928//928
f 929//929 928//928 927//927
f 931//931 929//929 930//930
f 931//931 930//930 932//932
f 932//932 930//930 934//934
f 932//932 934//934 933//933
f 935//935 933//933 934//934
f 935//935 934//934 936//936
f 935//935 936//936 939//939
f 935//935 939//939 937//937
f 937//937 939//939 940//940
f 937//937 940//940 938//938
f 938//938 940//940 941//941
f 938//938 941//941 943//943
f 944//944 943//943 941//941
f 944//944 941//941 942//942
f 945//945 946//946 948//948
f 945//945 947//947 946//946
f 949//949 948//948 946//946
f 950//950 952//952 953//953
f 950//950 953//953 951//951
f 954//954 956//956 951//951
f 954//954 951//951 953//953
f 956//956 954//954 955//955
f 956//956 955//955 957//957
f 958//958 957//957 955//955
f 958//958 955//955 959//959
f 961//961 963//963 962//962
f 961//961 962//962 960//960
f 965//965 964//964 966//966
f 965//965 966//966 968//968
f 968//968 966//966 967//967
f 968//968 967//967 969//969
f 972//972 970//970 969//969
f 972//972 969//969 967//967
f 970//970 972//972 973//973
f 970//970 973//973 971//971
f 975//975 977//977 976//976
f 975//975 976//976 974//974
f 979//979 978//978 980//980
f 979//979 980//980 982//982
f 982//982 980//980 981//981
f 982//982 981//981 983//983
f 986//986 984//984 983//983
f 986//986 983//983 981//981
f 984//984 986//986 987//987
f 984//984 987//987 985//985
f 988//988 990//990 991//991
f 988//988 991//991 989//989
f 992//992 994//994 995//995
f 992//992 995//995 993//993
f 993//993 995//995 996//996
f 993//993 996//996 998//998
f 997//997 999//999 998//998
f 997//997 998//998 996//996
f 1001//1001 1000//1000 999//999
f 997//997 1001//1001 999//999
f 1001//1001 997//997 1002//1002
f 1004//1004 1003//1003 1005//1005
f 1006//1006 1007//1007 1005//1005
f 1004//1004 1005//1005 1007//1007
f 1012//1012 1009//1009 1008//1008
f 1012//1012 1008//1008 1010//1010
f 1010//1010 1011//1011 1013//1013
f 1010//1010 1013//1013 1012//1012
f 1016//1016 1014//1014 1013//1013
f 1016//1016 1013//1013 1011//1011
f 1014//1014 1016//1016 1017//1017
f 1014//1014 1017//1017 1015//1015
f 1019//1019 1021//1021 1020//1020
f 1019//1019 1020//1020 1018//1018
f 1023//1023 1022//1022 1024//1024
f 1023//1023 1024//1024 1026//1026
f 1025//1025 1027//1027 1026//1026
f 1025//1025 1026//1026 1024//1024
f 1029//1029 1028//1028 1027//1027
f 1029//1029 1027//1027 1025//1025
f 1028//1028 1029//1029 1031//1031
f 1028//1028 1031//1031 1030//1030
f 1033//1033 1035//1035 1034//1034
f 1033//1033 1034//1034 1032//1032
f 1037//1037 1036//1036 1038//1038
f 1037//1037 1038//1038 1040//1040
f 1039//1039 1041//1041 1040//1040
f 1039//1039 1040//1040 1038//1038
f 1044//1044 1042//1042 1041//1041
f 1044//1044 1041//1041 1039//1039
f 1045//1045 1043//1043 1042//1042
f 1045//1045 1042//1042 1044//1044
f 1049//1049 1047//1047 1046//1046
f 1049//1049 1046//1046 1048//1048
f 1050//1050 1052//1052 1053//1053
f 1050//1050 1053//1053 1051//1051
f 1054//1054 1055//1055 1051//1051
f 1054//1054 1051//1051 1053//1053
f 1055//1055 1054//1054 1056//1056
f 1055//1055 1056//1056 1059//1059
f 1057//1057 1058//1058 1056//1056
f 1059//1059 1056//1056 1058//1058
f 1058//1058 1060//1060 1059//1059
f 1062//1062 1065//1065 1063//1063
f 1062//1062 1063//1063 1061//1061
f 1061//1061 1063//1063 1064//1064
f 1066//1066 1068//1068 1070//1070
f 1066//1066 1070//1070 1067//1067
f 1068//1068 1069//1069 1071//1071
f 1068//1068 1071//1071 1070//1070
f 1073//1073 1072//1072 1071//1071
f 1073//1073 1071//1071 1069//1069
f 1073//1073 1075//1075 1072//1072
f 1074//1074 1072//1072 1075//1075
f 1075//1075 1073//1073 1076//1076
f 1078//1078 1080//1080 1079//1079
f 1078//1078 1079//1079 1077//1077
f 1085//1085 1082//1082 1081//1081
f 1085//1085 1081//1081 1083//1083
f 1083//1083 1084//1084 1086//1086
f 1083//1083 1086//1086 1085//1085
f 1087//1087 1086//1086 1084//1084
f 1087//1087 1084//1084 1089//1089
f 1088//1088 1087//1087 1089//1089
f 1088//1088 1089//1089 1090//1090
f 1092//1092 1095//1095 1093//1093
f 1092//1092 1093//1093 1091//1091
f 1091//1091 1093//1093 1094//1094
f 1097//1097 1099//1099 1098//1098
f 1097//1097 1098//1098 1096//1096
f 1102//1102 1100//1100 1099//1099
f 1102//1102 1099//1099 1097//1097
f 1100//1100 1102//1102 1103//1103
f 1100//1100 1103//1103 1101//1101
f 1103//1103 1104//1104 1101//1101
f 1104//1104 1103//1103 1105//1105
f 1106//1106 1101//1101 1104//1104
f 1108//1108 1110//1110 1109//1109
f 1108//1108 1109//1109 1107//1107
f 1112//1112 1111//1111 1113//1113
f 1112//1112 1113//1113 1115//1115
f 1114//1114 1116//1116 1115//1115
f 1114//1114 1115//1115 1113//1113
f 1116//1116 1114//1114 1119//1119
f 1116//1116 1119//1119 1117//1117
f 1120//1120 1118//1118 1117//1117
f 1120//1120 1117//1117 1119//1119
f 1122//1122 1125//1125 1123//1123
f 1122//1122 1123//1123 1121//1121
f 1121//1121 1123//1123 1124//1124
f 1127//1127 1129//1129 1128//1128
f 1127//1127 1128//1128 1126//1126
f 1132//1132 1130//1130 1129//1129
f 1132//1132 1129//1129 1127//1127
f 1133//1133 1131//1131 1130//1130
f 1133//1133 1130//1130 1132//1132
f 1133//1133 1134//1134 1131//1131
f 1134//1134 1133//1133 1135//1135
f 1136//1136 1131//1131 1134//1134
f 1138//1138 1140//1140 1139//1139
f 1138//1138 1139//1139 1137//1137
f 1145//1145 1142//1142 1141//1141
f 1145//1145 1141//1141 1143//1143
f 1143//1143 1144//1144 1146//1146
f 1143//1143 1146//1146 1145//1145
f 1148//1148 1147//1147 1146//1146
f 1148//1148 1146//1146 1144//1144
f 1147//1147 1148//1148 1150//1150
f 1147//1147 1150//1150 1149//1149
f 1151//1151 1153//1153 1154//1154
f 1151//1151 1154//1154 1152//1152
f 1156//1156 1155//1155 1157//1157
f 1156//1156 1157//1157 1158//1158
f 1158//1158 1159//1159 1160//1160
f 1158//1158 1160//1160 1156//1156
f 1161//1161 1163//1163 1160//1160
f 1161//1161 1160//1160 1159//1159
f 1163//1163 1161//1161 1162//1162
f 1163//1163 1162//1162 1164//1164
f 1166//1166 1168//1168 1167//1167
f 1166//1166 1167//1167 1165//1165
f 1173//1173 1170//1170 1169//1169
f 1173//1173 1169//1169 1171//1171
f 1173//1173 1171//1171 1172//1172
f 1173//1173 1172//1172 1174//1174
f 1177//1177 1175//1175 1174//1174
f 1177//1177 1174//1174 1172//1172
f 1175//1175 1177//1177 1178//1178
f 1175//1175 1178//1178 1176//1176
f 1180//1180 1182//1182 1181//1181
f 1180//1180 1181//1181 1179//1179
f 1184//1184 1183//1183 1182//1182
f 1184//1184 1182//1182 1180//1180
f 1186//1186 1188//1188 1187//1187
f 1186//1186 1187//1187 1185//1185
f 1190//1190 1189//1189 1188//1188
f 1190//1190 1188//1188 1186//1186
f 1193//1193 1191//1191 1189//1189
f 1193//1193 1189//1189 1190//1190
f 1194//1194 1192//1192 1191//1191
f 1194//1194 1191//1191 1193//1193
f 1195//1195 1196//1196 1192//1192
f 1195//1195 1192//1192 1194//1194
f 1197//1197 1198//1198 1196//1196
f 1197//1197 1196//1196 1195//1195
f 1199//1199 1200//1200 1198//1198
f 1199//1199 1198//1198 1197//1197
f 1199//1199 1201//1201 1200//1200
f 1201//1201 1199//1199 1202//1202
f 1200//1200 1201//1201 1203//1203
f 1204//1204 1205//1205 1207//1207
f 1205//1205 1204//1204 1206//1206
f 1206//1206 1208//1208 1205//1205
f 1210//1210 1211//1211 1209//1209
f 1211//1211 1210//1210 1212//1212
f 1211//1211 1212//1212 1214//1214
f 1211//1211 1214//1214 1213//1213
f 1213//1213 1214//1214 1216//1216
f 1213//1213 1216//1216 1215//1215
f 1219//1219 1217//1217 1215//1215
f 1219//1219 1215//1215 1216//1216
f 1217//1217 1219//1219 1220//1220
f 1217//1217 1220//1220 1218//1218
f 1218//1218 1220//1220 1221//1221
f 1218//1218 1221//1221 1223//1223
f 1223//1223 1221//1221 1222//1222
f 1223//1223 1222//1222 1224//1224
f 1224//1224 1222//1222 1226//1226
f 1224//1224 1226//1226 1225//1225
f 1212//1212 1210//1210 1227//1227
f 1228//1228 1229//1229 1231//1231
f 1229//1229 1228//1228 1230//1230
f 1230//1230 1232//1232 1229//1229
f 1234//1234 1235//1235 1233//1233
f 1235//1235 1234//1234 1236//1236
f 1235//1235 1236//1236 1238//1238
f 1235//1235 1238//1238 1237//1237
f 1237//1237 1238//1238 1240//1240
f 1237//1237 1240//1240 1239//1239
f 1243//1243 1241//1241 1239//1239
f 1243//1243 1239//1239 1240//1240
f 1241//1241 1243//1243 1244//1244
f 1241//1241 1244//1244 1242//1242
f 1242//1242 1244//1244 1245//1245
f 1242//1242 1245//1245 1247//1247
f 1247//1247 1245//1245 1246//1246
f 1247//1247 1246//1246 1248//1248
f 1248//1248 1246//1246 1250//1250
f 1248//1248 1250//1250 1249//1249
f 1236//1236 1234//1234 1251//1251
f 1252//1252 1254//1254 1255//1255
f 1252//1252 1255//1255 1253//1253
f 1256//1256 1258//1258 1259//1259
f 1256//1256 1259//1259 1257//1257
f 1257//1257 1259//1259 1260//1260
f 1257//1257 1260//1260 1262//1262
f 1262//1262 1260//1260 1261//1261
f 1262//1262 1261//1261 1263//1263
f 1263//1263 1261//1261 1265//1265
f 1263//1263 1265//1265 1264//1264
f 1266//1266 1264//1264 1265//1265
f 1266//1266 1265//1265 1268//1268
f 1266//1266 1268//1268 1269//1269
f 1266//1266 1269//1269 1267//1267
f 1267//1267 1269//1269 1270//1270
f 1267//1267 1270//1270 1273//1273
f 1272//1272 1270//1270 1271//1271
f 1273//1273 1270//1270 1272//1272
f 1272//1272 1274//1274 1273//1273
f 1276//1276 1277//1277 1275//1275
f 1281//1281 1279//1279 1277//1277
f 1281//1281 1277//1277 1278//1278
f 1277//1277 1276//1276 1278//1278
f 1279//1279 1281//1281 1282//1282
f 1279//1279 1282//1282 1280//1280
f 1280//1280 1282//1282 1283//1283
f 1280//1280 1283//1283 1284//1284
f 1285//1285 1278//1278 1276//1276
f 1286//1286 1288//1288 1289//1289
f 1286//1286 1289//1289 1287//1287
f 1287//1287 1289//1289 1290//1290
f 1287//1287 1290//1290 1292//1292
f 1292//1292 1290//1290 1291//1291
f 1292//1292 1291//1291 1293//1293
f 1295//1295 1294//1294 1293//1293
f 1295//1295 1293//1293 1291//1291
f 1294//1294 1295//1295 1298//1298
f 1294//1294 1298//1298 1296//1296
f 1296//1296 1298//1298 1299//1299
f 1296//1296 1299//1299 1297//1297
f 1297//1297 1299//1299 1300//1300
f 1297//1297 1300//1300 1302//1302
f 1301//1301 1303//1303 1300//1300
f 1302//1302 1300//1300 1303//1303
f 1303//1303 1304//1304 1302//1302
f 1305//1305 1307//1307 1308//1308
f 1305//1305 1308//1308 1306//1306
f 1306//1306 1308//1308 1309//1309
f 1306//1306 1309//1309 1310//1310
f 1312//1312 1313//1313 1311//1311
f 1313//1313 1312//1312 1314//1314
f 1313//1313 1314//1314 1316//1316
f 1313//1313 1316//1316 1315//1315
f 1315//1315 1316//1316 1319//1319
f 1315//1315 1319//1319 1317//1317
f 1317//1317 1319//1319 1320//1320
f 1317//1317 1320//1320 1318//1318
f 1321//1321 1323//1323 1318//1318
f 1321//1321 1318//1318 1320//1320
f 1323//1323 1321//1321 1322//1322
f 1323//1323 1322//1322 1324//1324
f 1324//1324 1322//1322 1328//1328
f 1324//1324 1328//1328 1325//1325
f 1325//1325 1328//1328 1326//1326
f 1326//1326 1327//1327 1325//1325
f 1326//1326 1328//1328 1329//1329
f 1314//1314 1312//1312 1330//1330
f 1332//1332 1331//1331 1333//1333
f 1332//1332 1333//1333 1334//1334
f 1335//1335 1334//1334 1333//1333
f 1337//1337 1336//1336 1338//1338
f 1337//1337 1338//1338 1340//1340
f 1340//1340 1338//1338 1339//1339
f 1340//1340 1339//1339 1341//1341
f 1341//1341 1339//1339 1344//1344
f 1341//1341 1344//1344 1342//1342
f 1345//1345 1343//1343 1342//1342
f 1345//1345 1342//1342 1344//1344
f 1346//1346 1348//1348 1343//1343
f 1346//1346 1343//1343 1345//1345
f 1348//1348 1346//1346 1347//1347
f 1348//1348 1347//1347 1349//1349
f 1349//1349 1347//1347 1352//1352
f 1349//1349 1352//1352 1350//1350
f 1350//1350 1352//1352 1353//1353
f 1350//1350 1353//1353 1351//1351
f 1355//1355 1357//1357 1356//1356
f 1355//1355 1356//1356 1354//1354
f 1359//1359 1358//1358 1360//1360
f 1359//1359 1360//1360 1361//1361
f 1359//1359 1361//1361 1362//1362
f 1359//1359 1362//1362 1363//1363
f 1364//1364 1366//1366 1363//1363
f 1364//1364 1363//1363 1362//1362
f 1364//1364 1365//1365 1368//1368
f 1364//1364 1368//1368 1366//1366
f 1368//1368 1367//1367 1366//1366
f 1369//1369 1371//1371 1370//1370
f 1373//1373 1371//1371 1372//1372
f 1373//1373 1372//1372 1375//1375
f 1373//1373 1370//1370 1371//1371
f 1370//1370 1373//1373 1374//1374
f 1375//1375 1372//1372 1377//1377
f 1375//1375 1377//1377 1376//1376
f 1376//1376 1377//1377 1379//1379
f 1376//1376 1379//1379 1378//1378
f 1381//1381 1384//1384 1382//1382
f 1381//1381 1382//1382 1380//1380
f 1380//1380 1382//1382 1383//1383
f 1386//1386 1387//1387 1385//1385
f 1387//1387 1386//1386 1388//1388
f 1387//1387 1388//1388 1391//1391
f 1387//1387 1391//1391 1389//1389
f 1389//1389 1391//1391 1392//1392
f 1389//1389 1392//1392 1390//1390
f 1390//1390 1392//1392 1393//1393
f 1390//1390 1393//1393 1395//1395
f 1395//1395 1393//1393 1394//1394
f 1395//1395 1394//1394 1396//1396
f 1396//1396 1394//1394 1398//1398
f 1396//1396 1398//1398 1397//1397
f 1397//1397 1398//1398 1400//1400
f 1397//1397 1400//1400 1399//1399
f 1399//1399 1400//1400 1402//1402
f 1399//1399 1402//1402 1401//1401
f 1388//1388 1386//1386 1403//1403
f 1404//1404 1406//1406 1407//1407
f 1404//1404 1407//1407 1405//1405
f 1408//1408 1410//1410 1411//1411
f 1408//1408 1411//1411 1409//1409
f 1409//1409 1411//1411 1412//1412
f 1409//1409 1412//1412 1414//1414
f 1414//1414 1412//1412 1413//1413
f 1414//1414 1413//1413 1415//1415
f 1418//1418 1416//1416 1415//1415
f 1418//1418 1415//1415 1413//1413
f 1419//1419 1417//1417 1416//1416
f 1419//1419 1416//1416 1418//1418
f 1417//1417 1419//1419 1420//1420
f 1417//1417 1420//1420 1421//1421
f 1421//1421 1420//1420 1422//1422
f 1421//1421 1422//1422 1424//1424
f 1425//1425 1422//1422 1423//1423
f 1424//1424 1422//1422 1425//1425
f 1425//1425 1426//1426 1424//1424
f 1427//1427 1429//1429 1428//1428
f 1430//1430 1428//1428 1429//1429
f 1430//1430 1431//1431 1428//1428
f 1432//1432 1434//1434 1435//1435
f 1432//1432 1435//1435 1433//1433
f 1433//1433 1435//1435 1436//1436
f 1433//1433 1436//1436 1438//1438
f 1438//1438 1436//1436 1437//1437
f 1438//1438 1437//1437 1439//1439
f 1442//1442 1440//1440 1439//1439
f 1442//1442 1439//1439 1437//1437
f 1440//1440 1442//1442 1443//1443
f 1440//1440 1443//1443 1441//1441
f 1441//1441 1443//1443 1444//1444
f 1441//1441 1444//1444 1445//1445
f 1445//1445 1444//1444 1446//1446
f 1445//1445 1446//1446 1448//1448
f 1447//1447 1449//1449 1446//1446
f 1448//1448 1446//1446 1449//1449
f 1449//1449 1450//1450 1448//1448
f 1452//1452 1451//1451 1453//1453
f 1454//1454 1455//1455 1453//1453
f 1452//1452 1453//1453 1455//1455
f 1456//1456 1458//1458 1459//1459
f 1456//1456 1459//1459 1457//1457
f 1457//1457 1459//1459 1460//1460
f 1457//1457 1460//1460 1462//1462
f 1461//1461 1463//1463 1462//1462
f 1461//1461 1462//1462 1460//1460
f 1461//1461 1464//1464 1463//1463
f 1464//1464 1465//1465 1463//1463
f 1464//1464 1461//1461 1466//1466
f 1468//1468 1469//1469 1467//1467
f 1472//1472 1471//1471 1469//1469
f 1472//1472 1469//1469 1470//1470
f 1470//1470 1469//1469 1468//1468
f 1471//1471 1472//1472 1474//1474
f 1471//1471 1474//1474 1473//1473
f 1473//1473 1474//1474 1475//1475
f 1475//1475 1476//1476 1473//1473
f 1477//1477 1475//1475 1474//1474
f 1468//1468 1478//1478 1470//1470
f 1480//1480 1479//1479 1481//1481
f 1482//1482 1483//1483 1481//1481
f 1480//1480 1481//1481 1483//1483
f 1485//1485 1484//1484 1486//1486
f 1485//1485 1486//1486 1488//1488
f 1488//1488 1486//1486 1487//1487
f 1488//1488 1487//1487 1489//1489
f 1489//1489 1487//1487 1492//1492
f 1489//1489 1492//1492 1490//1490
f 1493//1493 1491//1491 1490//1490
f 1493//1493 1490//1490 1492//1492
f 1491//1491 1493//1493 1494//1494
f 1491//1491 1494//1494 1496//1496
f 1496//1496 1494//1494 1495//1495
f 1496//1496 1495//1495 1497//1497
f 1497//1497 1495//1495 1500//1500
f 1497//1497 1500//1500 1498//1498
f 1501//1501 1499//1499 1498//1498
f 1501//1501 1498//1498 1500//1500
f 1503//1503 1505//1505 1504//1504
f 1503//1503 1504//1504 1502//1502
f 1506//1506 1508//1508 1509//1509
f 1506//1506 1509//1509 1507//1507
f 1507//1507 1509//1509 1510//1510
f 1507//1507 1510//1510 1512//1512
f 1512//1512 1510//1510 1511//1511
f 1512//1512 1511//1511 1513//1513
f 1513//1513 1511//1511 1516//1516
f 1513//1513 1516//1516 1514//1514
f 1517//1517 1515//1515 1514//1514
f 1517//1517 1514//1514 1516//1516
f 1515//1515 1517//1517 1518//1518
f 1515//1515 1518//1518 1520//1520
f 1520//1520 1518//1518 1519//1519
f 1520//1520 1519//1519 1521//1521
f 1521//1521 1519//1519 1523//1523
f 1521//1521 1523//1523 1522//1522
f 1525//1525 1527//1527 1526//1526
f 1525//1525 1526//1526 1524//1524
f 1528//1528 1530//1530 1531//1531
f 1528//1528 1531//1531 1529//1529
f 1529//1529 1531//1531 1532//1532
f 1529//1529 1532//1532 1534//1534
f 1534//1534 1532//1532 1533//1533
f 1534//1534 1533//1533 1535//1535
f 1538//1538 1536//1536 1535//1535
f 1538//1538 1535//1535 1533//1533
f 1539//1539 1537//1537 1536//1536
f 1539//1539 1536//1536 1538//1538
f 1537//1537 1539//1539 1540//1540
f 1537//1537 1540//1540 1542//1542
f 1542//1542 1540//1540 1541//1541
f 1542//1542 1541//1541 1543//1543
f 1545//1545 1544//1544 1543//1543
f 1545//1545 1543//1543 1541//1541
f 1547//1547 1549//1549 1548//1548
f 1547//1547 1548//1548 1546//1546
f 1553//1553 1551//1551 1550//1550
f 1553//1553 1550//1550 1552//1552
f 1553//1553 1552//1552 1554//1554
f 1553//1553 1554//1554 1556//1556
f 1555//1555 1557//1557 1556//1556
f 1555//1555 1556//1556 1554//1554
f 1559//1559 1558//1558 1557//1557
f 1555//1555 1559//1559 1557//1557
f 1559//1559 1555//1555 1560//1560
f 1562//1562 1563//1563 1561//1561
f 1563//1563 1562//1562 1564//1564
f 1566//1566 1565//1565 1563//1563
f 1566//1566 1563//1563 1564//1564
f 1568//1568 1567//1567 1565//1565
f 1568//1568 1565//1565 1566//1566
f 1568//1568 1569//1569 1567//1567
f 1569//1569 1570//1570 1567//1567
f 1569//1569 1568//1568 1571//1571
f 1572//1572 1564//1564 1562//1562
f 1573//1573 1575//1575 1576//1576
f 1573//1573 1576//1576 1574//1574
f 1574//1574 1576//1576 1577//1577
f 1574//1574 1577//1577 1578//1578
f 1580//1580 1579//1579 1581//1581
f 1581//1581 1582//1582 1583//1583
f 1583//1583 1580//1580 1581//1581
f 1580//1580 1583//1583 1584//1584
f 1580//1580 1584//1584 1585//1585
f 1585//1585 1584//1584 1586//1586
f 1585//1585 1586//1586 1588//1588
f 1587//1587 1589//1589 1588//1588
f 1587//1587 1588//1588 1586//1586
f 1589//1589 1587//1587 1591//1591
f 1589//1589 1591//1591 1590//1590
f 1590//1590 1591//1591 1593//1593
f 1590//1590 1593//1593 1592//1592
f 1592//1592 1593//1593 1597//1597
f 1592//1592 1597//1597 1594//1594
f 1594//1594 1597//1597 1595//1595
f 1595//1595 1596//1596 1594//1594
f 1598//1598 1595//1595 1597//1597
f 1599//1599 1601//1601 1600//1600
f 1602//1602 1600//1600 1601//1601
f 1602//1602 1603//1603 1600//1600
f 1604//1604 1606//1606 1607//1607
f 1604//1604 1607//1607 1605//1605
f 1605//1605 1607//1607 1608//1608
f 1605//1605 1608//1608 1610//1610
f 1610//1610 1608//1608 1609//1609
f 1610//1610 1609//1609 1611//1611
f 1614//1614 1612//1612 1611//1611
f 1614//1614 1611//1611 1609//1609
f 1615//1615 1613//1613 1612//1612
f 1615//1615 1612//1612 1614//1614
f 1613//1613 1615//1615 1616//1616
f 1613//1613 1616//1616 1618//1618
f 1618//1618 1616//1616 1617//1617
f 1618//1618 1617//1617 1619//1619
f 1620//1620 1619//1619 1617//1617
f 1620//1620 1617//1617 1621//1621
f 1622//1622 1625//1625 1623//1623
f 1623//1623 1624//1624 1622//1622
f 1624//1624 1623//1623 1626//1626
f 1628//1628 1627//1627 1629//1629
f 1629//1629 1630//1630 1631//1631
f 1631//1631 1628//1628 1629//1629
f 1628//1628 1631//1631 1632//1632
f 1628//1628 1632//1632 1633//1633
f 1633//1633 1632//1632 1634//1634
f 1633//1633 1634//1634 1636//1636
f 1635//1635 1637//1637 1636//1636
f 1635//1635 1636//1636 1634//1634
f 1637//1637 1635//1635 1639//1639
f 1637//1637 1639//1639 1638//1638
f 1638//1638 1639//1639 1641//1641
f 1638//1638 1641//1641 1640//1640
f 1640//1640 1641//1641 1645//1645
f 1640//1640 1645//1645 1642//1642
f 1642//1642 1645//1645 1643//1643
f 1643//1643 1644//1644 1642//1642
f 1646//1646 1643//1643 1645//1645
f 1648//1648 1650//1650 1649//1649
f 1648//1648 1649//1649 1647//1647
f 1652//1652 1651//1651 1650//1650
f 1652//1652 1650//1650 1648//1648
f 1654//1654 1655//1655 1653//1653
f 1655//1655 1654//1654 1656//1656
f 1655//1655 1656//1656 1658//1658
f 1655//1655 1658//1658 1657//1657
f 1662//1662 1659//1659 1657//1657
f 1662//1662 1657//1657 1658//1658
f 1661//1661 1660//1660 1659//1659
f 1662//1662 1661//1661 1659//1659
f 1661//1661 1662//1662 1663//1663
f 1664//1664 1656//1656 1654//1654
f 1666//1666 1667//1667 1665//1665
f 1670//1670 1669//1669 1667//1667
f 1670//1670 1667//1667 1668//1668
f 1667//1667 1666//1666 1668//1668
f 1669//1669 1670//1670 1672//1672
f 1669//1669 1672//1672 1671//1671
f 1671//1671 1672//1672 1674//1674
f 1671//1671 1674//1674 1673//1673
f 1675//1675 1668//1668 1666//1666
f 1677//1677 1679//1679 1678//1678
f 1677//1677 1678//1678 1676//1676
f 1680//1680 1682//1682 1683//1683
f 1680//1680 1683//1683 1681//1681
f 1681//1681 1683//1683 1684//1684
f 1681//1681 1684//1684 1686//1686
f 1685//1685 1687//1687 1686//1686
f 1685//1685 1686//1686 1684//1684
f 1687//1687 1685//1685 1689//1689
f 1687//1687 1689//1689 1688//1688
f 1691//1691 1693//1693 1692//1692
f 1691//1691 1692//1692 1690//1690
f 1694//1694 1696//1696 1697//1697
f 1694//1694 1697//1697 1695//1695
f 1695//1695 1697//1697 1698//1698
f 1695//1695 1698//1698 1700//1700
f 1700//1700 1698//1698 1699//1699
f 1700//1700 1699//1699 1701//1701
f 1701//1701 1699//1699 1703//1703
f 1701//1701 1703//1703 1702//1702
f 1706//1706 1704//1704 1702//1702
f 1706//1706 1702//1702 1703//1703
f 1704//1704 1706//1706 1707//1707
f 1704//1704 1707//1707 1705//1705
f 1705//1705 1707//1707 1708//1708
f 1705//1705 1708//1708 1710//1710
f 1710//1710 1708//1708 1709//1709
f 1710//1710 1709//1709 1711//1711
f 1713//1713 1715//1715 1714//1714
f 1713//1713 1714//1714 1712//1712
f 1717//1717 1716//1716 1718//1718
f 1717//1717 1718//1718 1720//1720
f 1720//1720 1718//1718 1719//1719
f 1720//1720 1719//1719 1721//1721
f 1721//1721 1719//1719 1724//1724
f 1721//1721 1724//1724 1722//1722
f 1725//1725 1723//1723 1722//1722
f 1725//1725 1722//1722 1724//1724
f 1723//1723 1725//1725 1726//1726
f 1723//1723 1726//1726 1728//1728
f 1728//1728 1726//1726 1727//1727
f 1728//1728 1727//1727 1729//1729
f 1729//1729 1727//1727 1732//1732
f 1729//1729 1732//1732 1730//1730
f 1733//1733 1731//1731 1730//1730
f 1733//1733 1730//1730 1732//1732
f 1735//1735 1737//1737 1736//1736
f 1735//1735 1736//1736 1734//1734
f 1738//1738 1740//1740 1741//1741
f 1738//1738 1741//1741 1739//1739
f 1739//1739 1741//1741 1742//1742
f 1739//1739 1742//1742 1743//1743
f 1743//1743 1742//1742 1744//1744
f 1743//1743 1744//1744 1746//1746
f 1746//1746 1744//1744 1745//1745
f 1746//1746 1745//1745 1747//1747
f 1750//1750 1748//1748 1747//1747
f 1750//1750 1747//1747 1745//1745
f 1748//1748 1750//1750 1751//1751
f 1748//1748 1751//1751 1749//1749
f 1749//1749 1751//1751 1752//1752
f 1749//1749 1752//1752 1754//1754
f 1754//1754 1752//1752 1753//1753
f 1754//1754 1753//1753 1755//1755
f 1756//1756 1757//1757 1759//1759
f 1757//1757 1756//1756 1758//1758
f 1758//1758 1760//1760 1757//1757
f 1765//1765 1762//1762 1761//1761
f 1765//1765 1761//1761 1763//1763
f 1764//1764 1766//1766 1765//1765
f 1764//1764 1765//1765 1763//1763
f 1766//1766 1764//1764 1768//1768
f 1766//1766 1768//1768 1767//1767
f 1770//1770 1769//1769 1767//1767
f 1770//1770 1767//1767 1768//1768
f 1772//1772 1774//1774 1773//1773
f 1772//1772 1773//1773 1771//1771
f 1772//1772 1775//1775 1774//1774
f 1777//1777 1778//1778 1776//1776
f 1778//1778 1777//1777 1779//1779
f 1778//1778 1779//1779 1781//1781
f 1778//1778 1781//1781 1780//1780
f 1780//1780 1781//1781 1783//1783
f 1780//1780 1783//1783 1782//1782
f 1782//1782 1783//1783 1785//1785
f 1782//1782 1785//1785 1784//1784
f 1786//1786 1779//1779 1777//1777
f 1788//1788 1790//1790 1789//1789
f 1788//1788 1789//1789 1787//1787
f 1792//1792 1794//1794 1793//1793
f 1792//1792 1793//1793 1791//1791
f 1797//1797 1795//1795 1794//1794
f 1797//1797 1794//1794 1792//1792
f 1798//1798 1796//1796 1795//1795
f 1798//1798 1795//1795 1797//1797
f 1796//1796 1798//1798 1799//1799
f 1796//1796 1799//1799 1801//1801
f 1801//1801 1799//1799 1800//1800
f 1801//1801 1800//1800 1802//1802
f 1804//1804 1803//1803 1802//1802
f 1804//1804 1802//1802 1800//1800
f 1806//1806 1805//1805 1803//1803
f 1806//1806 1803//1803 1804//1804
f 1808//1808 1807//1807 1805//1805
f 1808//1808 1805//1805 1806//1806
f 1810//1810 1812//1812 1811//1811
f 1810//1810 1811//1811 1809//1809
f 1813//1813 1815//1815 1816//1816
f 1813//1813 1816//1816 1814//1814
f 1814//1814 1816//1816 1817//1817
f 1814//1814 1817//1817 1819//1819
f 1820//1820 1819//1819 1817//1817
f 1820//1820 1817//1817 1818//1818
f 1821//1821 1820//1820 1818//1818
f 1821//1821 1818//1818 1822//1822
f 1823//1823 1821//1821 1822//1822
f 1823//1823 1822//1822 1825//1825
f 1824//1824 1823//1823 1825//1825
f 1824//1824 1825//1825 1826//1826
f 1824//1824 1826//1826 1827//1827
f 1824//1824 1827//1827 1829//1829
f 1829//1829 1827//1827 1828//1828
f 1829//1829 1828//1828 1830//1830
f 1832//1832 1834//1834 1833//1833
f 1832//1832 1833//1833 1831//1831
f 1836//1836 1835//1835 1837//1837
f 1836//1836 1837//1837 1838//1838
f 1838//1838 1837//1837 1839//1839
f 1838//1838 1839//1839 1841//1841
f 1841//1841 1839//1839 1840//1840
f 1841//1841 1840//1840 1842//1842
f 1842//1842 1840//1840 1844//1844
f 1842//1842 1844//1844 1843//1843
f 1846//1846 1845//1845 1843//1843
f 1846//1846 1843//1843 1844//1844
f 1845//1845 1846//1846 1848//1848
f 1845//1845 1848//1848 1847//1847
f 1849//1849 1847//1847 1848//1848
f 1849//1849 1848//1848 1851//1851
f 1850//1850 1849//1849 1851//1851
f 1850//1850 1851//1851 1852//1852
f 1854//1854 1856//1856 1855//1855
f 1854//1854 1855//1855 1853//1853
f 1858//1858 1860//1860 1859//1859
f 1858//1858 1859//1859 1857//1857
f 1862//1862 1861//1861 1863//1863
f 1862//1862 1863//1863 1865//1865
f 1865//1865 1863//1863 1864//1864
f 1865//1865 1864//1864 1866//1866
f 1866//1866 1864//1864 1868//1868
f 1866//1866 1868//1868 1867//1867
f 1870//1870 1869//1869 1867//1867
f 1870//1870 1867//1867 1868//1868
f 1869//1869 1870//1870 1873//1873
f 1869//1869 1873//1873 1871//1871
f 1871//1871 1873//1873 1874//1874
f 1871//1871 1874//1874 1872//1872
f 1872//1872 1874//1874 1875//1875
f 1872//1872 1875//1875 1877//1877
f 1876//1876 1878//1878 1877//1877
f 1876//1876 1877//1877 1875//1875
f 1880//1880 1882//1882 1881//1881
f 1880//1880 1881//1881 1879//1879
f 1884//1884 1883//1883 1885//1885
f 1884//1884 1885//1885 1886//1886
f 1889//1889 1884//1884 1886//1886
f 1889//1889 1886//1886 1887//1887
f 1889//1889 1887//1887 1888//1888
f 1889//1889 1888//1888 1890//1890
f 1892//1892 1891//1891 1890//1890
f 1892//1892 1890//1890 1888//1888
f 1893//1893 1891//1891 1892//1892
f 1893//1893 1892//1892 1895//1895
f 1893//1893 1895//1895 1896//1896
f 1893//1893 1896//1896 1894//1894
f 1894//1894 1896//1896 1897//1897
f 1894//1894 1897//1897 1899//1899
f 1899//1899 1897//1897 1898//1898
f 1899//1899 1898//1898 1900//1900
f 1902//1902 1904//1904 1903//1903
f 1902//1902 1903//1903 1901//1901
f 1905//1905 1907//1907 1908//1908
f 1905//1905 1908//1908 1906//1906
f 1906//1906 1908//1908 1909//1909
f 1906//1906 1909//1909 1911//1911
f 1910//1910 1912//1912 1911//1911
f 1910//1910 1911//1911 1909//1909
f 1910//1910 1913//1913 1912//1912
f 1913//1913 1914//1914 1912//1912
f 1913//1913 1910//1910 1915//1915
f 1917//1917 1919//1919 1918//1918
f 1917//1917 1918//1918 1916//1916
f 1921//1921 1920//1920 1919//1919
f 1921//1921 1919//1919 1917//1917
f 1923//1923 1925//1925 1924//1924
f 1923//1923 1924//1924 1922//1922
f 1928//1928 1926//1926 1925//1925
f 1928//1928 1925//1925 1923//1923
f 1929//1929 1927//1927 1926//1926
f 1929//1929 1926//1926 1928//1928
f 1929//1929 1930//1930 1927//1927
f 1930//1930 1929//1929 1931//1931
f 1932//1932 1927//1927 1930//1930
f 1934//1934 1936//1936 1935//1935
f 1934//1934 1935//1935 1933//1933
f 1937//1937 1939//1939 1940//1940
f 1937//1937 1940//1940 1938//1938
f 1938//1938 1940//1940 1941//1941
f 1938//1938 1941//1941 1943//1943
f 1943//1943 1941//1941 1942//1942
f 1943//1943 1942//1942 1944//1944
f 1944//1944 1942//1942 1947//1947
f 1944//1944 1947//1947 1945//1945
f 1946//1946 1945//1945 1947//1947
f 1946//1946 1947//1947 1948//1948
f 1946//1946 1948//1948 1949//1949
f 1946//1946 1949//1949 1951//1951
f 1951//1951 1949//1949 1950//1950
f 1951//1951 1950//1950 1952//1952
f 1953//1953 1952//1952 1950//1950
f 1953//1953 1950//1950 1954//1954
f 1956//1956 1958//1958 1957//1957
f 1956//1956 1957//1957 1955//1955
f 1959//1959 1961//1961 1962//1962
f 1959//1959 1962//1962 1960//1960
f 1960//1960 1962//1962 1963//1963
f 1960//1960 1963//1963 1965//1965
f 1965//1965 1963//1963 1964//1964
f 1965//1965 1964//1964 1966//1966
f 1966//1966 1964//1964 1968//1968
f 1966//1966 1968//1968 1967//1967
f 1971//1971 1969//1969 1967//1967
f 1971//1971 1967//1967 1968//1968
f 1969//1969 1971//1971 1972//1972
f 1969//1969 1972//1972 1970//1970
f 1970//1970 1972//1972 1973//1973
f 1970//1970 1973//1973 1974//1974
f 1974//1974 1973//1973 1975//1975
f 1974//1974 1975//1975 1976//1976
f 1980//1980 1978//1978 1977//1977
f 1980//1980 1977//1977 1979//1979
f 1982//1982 1981//1981 1983//1983
f 1982//1982 1983//1983 1985//1985
f 1985//1985 1983//1983 1984//1984
f 1985//1985 1984//1984 1986//1986
f 1987//1987 1986//1986 1984//1984
f 1987//1987 1984//1984 1988//1988
f 1990//1990 1989//1989 1987//1987
f 1990//1990 1987//1987 1988//1988
f 1993//1993 1991//1991 1989//1989
f 1993//1993 1989//1989 1990//1990
f 1991//1991 1993//1993 1994//1994
f 1991//1991 1994//1994 1992//1992
f 1992//1992 1994//1994 1995//1995
f 1992//1992 1995//1995 1997//1997
f 1997//1997 1995//1995 1996//1996
f 1997//1997 1996//1996 1998//1998
f 2000//2000 2002//2002 2001//2001
f 2000//2000 2001//2001 1999//1999
f 2004//2004 2003//2003 2005//2005
f 2004//2004 2005//2005 2006//2006
f 2007//2007 2009//2009 2004//2004
f 2007//2007 2004//2004 2006//2006
f 2009//2009 2007//2007 2008//2008
f 2009//2009 2008//2008 2010//2010
f 2010//2010 2008//2008 2011//2011
f 2011//2011 2012//2012 2010//2010
f 2013//2013 2011//2011 2008//2008
f 2015//2015 2017//2017 2016//2016
f 2015//2015 2016//2016 2014//2014
f 2019//2019 2018//2018 2017//2017
f 2019//2019 2017//2017 2015//2015
f 2021//2021 2022//2022 2020//2020
f 2022//2022 2024//2024 2026//2026
f 2022//2022 2026//2026 2023//2023
f 2022//2022 2021//2021 2024//2024
f 2025//2025 2024//2024 2021//2021
f 2023//2023 2026//2026 2027//2027
f 2023//2023 2027//2027 2029//2029
f 2029//2029 2027//2027 2028//2028
f 2029//2029 2028//2028 2030//2030
f 2032//2032 2034//2034 2033//2033
f 2032//2032 2033//2033 2031//2031
f 2035//2035 2037//2037 2038//2038
f 2035//2035 2038//2038 2036//2036
f 2037//2037 2039//2039 2040//2040
f 2037//2037 2040//2040 2038//2038
f 2041//2041 2042//2042 2040//2040
f 2041//2041 2040//2040 2039//2039
f 2042//2042 2041//2041 2043//2043
f 2042//2042 2043//2043 2045//2045
f 2043//2043 2044//2044 2046//2046
f 2043//2043 2046//2046 2045//2045
f 2048//2048 2047//2047 2046//2046
f 2048//2048 2046//2046 2044//2044
f 2050//2050 2049//2049 2047//2047
f 2050//2050 2047//2047 2048//2048
f 2050//2050 2052//2052 2051//2051
f 2050//2050 2051//2051 2049//2049
f 2054//2054 2053//2053 2055//2055
f 2054//2054 2055//2055 2056//2056
f 2058//2058 2056//2056 2055//2055
f 2058//2058 2055//2055 2057//2057
f 2060//2060 2058//2058 2057//2057
f 2060//2060 2057//2057 2059//2059
f 2062//2062 2060//2060 2059//2059
f 2062//2062 2059//2059 2061//2061
f 2064//2064 2062//2062 2061//2061
f 2064//2064 2061//2061 2063//2063
f 2066//2066 2064//2064 2063//2063
f 2066//2066 2063//2063 2065//2065
f 2068//2068 2066//2066 2065//2065
f 2068//2068 2065//2065 2067//2067
f 2068//2068 2067//2067 2069//2069
f 2068//2068 2069//2069 2070//2070
f 2070//2070 2071//2071 2072//2072
f 2070//2070 2072//2072 2068//2068
f 2072//2072 2073//2073 2066//2066
f 2072//2072 2066//2066 2068//2068
f 2073//2073 2074//2074 2064//2064
f 2073//2073 2064//2064 2066//2066
f 2074//2074 2075//2075 2062//2062
f 2074//2074 2062//2062 2064//2064
f 2075//2075 2076//2076 2060//2060
f 2075//2075 2060//2060 2062//2062
f 2076//2076 2077//2077 2058//2058
f 2076//2076 2058//2058 2060//2060
f 2077//2077 2078//2078 2056//2056
f 2077//2077 2056//2056 2058//2058
f 2056//2056 2078//2078 2079//2079
f 2056//2056 2079//2079 2054//2054
f 2081//2081 2082//2082 2080//2080
f 2083//2083 2082//2082 2084//2084
f 2081//2081 2084//2084 2082//2082
f 2086//2086 2088//2088 2087//2087
f 2086//2086 2087//2087 2085//2085
f 2089//2089 2088//2088 2086//2086
f 2089//2089 2086//2086 2090//2090
f 2091//2091 2089//2089 2090//2090
f 2091//2091 2090//2090 2093//2093
f 2094//2094 2092//2092 2091//2091
f 2094//2094 2091//2091 2093//2093
f 2095//2095 2098//2098 2096//2096
f 2096//2096 2097//2097 2095//2095
f 2097//2097 2096//2096 2099//2099
f 2101//2101 2100//2100 2102//2102
f 2101//2101 2102//2102 2103//2103
f 2105//2105 2103//2103 2102//2102
f 2105//2105 2102//2102 2104//2104
f 2107//2107 2105//2105 2104//2104
f 2107//2107 2104//2104 2106//2106
f 2109//2109 2107//2107 2106//2106
f 2109//2109 2106//2106 2108//2108
f 2111//2111 2109//2109 2108//2108
f 2111//2111 2108//2108 2110//2110
f 2113//2113 2111//2111 2110//2110
f 2113//2113 2110//2110 2112//2112
f 2115//2115 2113//2113 2112//2112
f 2115//2115 2112//2112 2114//2114
f 2115//2115 2114//2114 2116//2116
f 2115//2115 2116//2116 2117//2117
f 2117//2117 2118//2118 2119//2119
f 2117//2117 2119//2119 2115//2115
f 2119//2119 2120//2120 2113//2113
f 2119//2119 2113//2113 2115//2115
f 2120//2120 2121//2121 2111//2111
f 2120//2120 2111//2111 2113//2113
f 2121//2121 2122//2122 2109//2109
f 2121//2121 2109//2109 2111//2111
f 2122//2122 2123//2123 2107//2107
f 2122//2122 2107//2107 2109//2109
f 2123//2123 2124//2124 2105//2105
f 2123//2123 2105//2105 2107//2107
f 2124//2124 2125//2125 2103//2103
f 2124//2124 2103//2103 2105//2105
f 2103//2103 2125//2125 2126//2126
f 2103//2103 2126//2126 2101//2101
f 2128//2128 2127//2127 2129//2129
f 2128//2128 2129//2129 2130//2130
f 2132//2132 2128//2128 2130//2130
f 2132//2132 2130//2130 2131//2131
f 2134//2134 2133//2133 2135//2135
f 2134//2134 2135//2135 2136//2136
f 2138//2138 2136//2136 2135//2135
f 2138//2138 2135//2135 2137//2137
f 2140//2140 2138//2138 2137//2137
f 2140//2140 2137//2137 2139//2139
f 2142//2142 2140//2140 2139//2139
f 2142//2142 2139//2139 2141//2141
f 2144//2144 2142//2142 2141//2141
f 2144//2144 2141//2141 2143//2143
f 2146//2146 2144//2144 2143//2143
f 2146//2146 2143//2143 2145//2145
f 2148//2148 2146//2146 2145//2145
f 2148//2148 2145//2145 2147//2147
f 2148//2148 2147//2147 2149//2149
f 2148//2148 2149//2149 2150//2150
f 2150//2150 2151//2151 2152//2152
f 2150//2150 2152//2152 2148//2148
f 2152//2152 2153//2153 2146//2146
f 2152//2152 2146//2146 2148//2148
f 2153//2153 2154//2154 2144//2144
f 2153//2153 2144//2144 2146//2146
f 2154//2154 2155//2155 2142//2142
f 2154//2154 2142//2142 2144//2144
f 2155//2155 2156//2156 2140//2140
f 2155//2155 2140//2140 2142//2142
f 2156//2156 2157//2157 2138//2138
f 2156//2156 2138//2138 2140//2140
f 2157//2157 2158//2158 2136//2136
f 2157//2157 2136//2136 2138//2138
f 2136//2136 2158//2158 2159//2159
f 2136//2136 2159//2159 2134//2134
f 2161//2161 2160//2160 2162//2162
f 2161//2161 2162//2162 2163//2163
f 2165//2165 2161//2161 2163//2163
f 2165//2165 2163//2163 2164//2164
f 2167//2167 2166//2166 2168//2168
f 2167//2167 2168//2168 2169//2169
f 2171//2171 2169//2169 2168//2168
f 2171//2171 2168//2168 2170//2170
f 2173//2173 2171//2171 2170//2170
f 2173//2173 2170//2170 2172//2172
f 2175//2175 2173//2173 2172//2172
f 2175//2175 2172//2172 2174//2174
f 2177//2177 2175//2175 2174//2174
f 2177//2177 2174//2174 2176//2176
f 2179//2179 2177//2177 2176//2176
f 2179//2179 2176//2176 2178//2178
f 2181//2181 2179//2179 2178//2178
f 2181//2181 2178//2178 2180//2180
f 2181//2181 2180//2180 2182//2182
f 2181//2181 2182//2182 2183//2183
f 2183//2183 2184//2184 2185//2185
f 2183//2183 2185//2185 2181//2181
f 2185//2185 2186//2186 2179//2179
f 2185//2185 2179//2179 2181//2181
f 2186//2186 2187//2187 2177//2177
f 2186//2186 2177//2177 2179//2179
f 2187//2187 2188//2188 2175//2175
f 2187//2187 2175//2175 2177//2177
f 2188//2188 2189//2189 2173//2173
f 2188//2188 2173//2173 2175//2175
f 2189//2189 2190//2190 2171//2171
f 2189//2189 2171//2171 2173//2173
f 2190//2190 2191//2191 2169//2169
f 2190//2190 2169//2169 2171//2171
f 2169//2169 2191//2191 2192//2192
f 2169//2169 2192//2192 2167//2167
f 2194//2194 2195//2195 2193//2193
f 2194//2194 2196//2196 2195//2195
f 2197//2197 2195//2195 2196//2196
f 2199//2199 2201//2201 2200//2200
f 2199//2199 2200//2200 2198//2198
f 2202//2202 2201//2201 2199//2199
f 2202//2202 2199//2199 2203//2203
f 2204//2204 2202//2202 2203//2203
f 2204//2204 2203//2203 2205//2205
f 2207//2207 2206//2206 2204//2204
f 2207//2207 2204//2204 2205//2205
f 2208//2208 2211//2211 2209//2209
f 2209//2209 2210//2210 2208//2208
f 2210//2210 2209//2209 2212//2212
f 2214//2214 2213//2213 2215//2215
f 2214//2214 2215//2215 2216//2216
f 2218//2218 2216//2216 2215//2215
f 2218//2218 2215//2215 2217//2217
f 2220//2220 2218//2218 2217//2217
f 2220//2220 2217//2217 2219//2219
f 2222//2222 2220//2220 2219//2219
f 2222//2222 2219//2219 2221//2221
f 2224//2224 2222//2222 2221//2221
f 2224//2224 2221//2221 2223//2223
f 2226//2226 2224//2224 2223//2223
f 2226//2226 2223//2223 2225//2225
f 2228//2228 2226//2226 2225//2225
f 2228//2228 2225//2225 2227//2227
f 2228//2228 2227//2227 2229//2229
f 2228//2228 2229//2229 2230//2230
f 2230//2230 2231//2231 2232//2232
f 2230//2230 2232//2232 2228//2228
f 2232//2232 2233//2233 2226//2226
f 2232//2232 2226//2226 2228//2228
f 2233//2233 2234//2234 2224//2224
f 2233//2233 2224//2224 2226//2226
f 2234//2234 2235//2235 2222//2222
f 2234//2234 2222//2222 2224//2224
f 2235//2235 2236//2236 2220//2220
f 2235//2235 2220//2220 2222//2222
f 2236//2236 2237//2237 2218//2218
f 2236//2236 2218//2218 2220//2220
f 2237//2237 2238//2238 2216//2216
f 2237//2237 2216//2216 2218//2218
f 2216//2216 2238//2238 2239//2239
f 2216//2216 2239//2239 2214//2214
f 2241//2241 2242//2242 2240//2240
f 2243//2243 2242//2242 2244//2244
f 2241//2241 2244//2244 2242//2242
f 2246//2246 2248//2248 2247//2247
f 2246//2246 2247//2247 2245//2245
f 2249//2249 2248//2248 2246//2246
f 2249//2249 2246//2246 2250//2250
f 2251//2251 2249//2249 2250//2250
f 2251//2251 2250//2250 2253//2253
f 2254//2254 2252//2252 2251//2251
f 2254//2254 2251//2251 2253//2253
f 2255//2255 2258//2258 2256//2256
f 2256//2256 2257//2257 2255//2255
f 2257//2257 2256//2256 2259//2259
f 2261//2261 2260//2260 2262//2262
f 2261//2261 2262//2262 2263//2263
f 2265//2265 2263//2263 2262//2262
f 2265//2265 2262//2262 2264//2264
f 2267//2267 2265//2265 2264//2264
f 2267//2267 2264//2264 2266//2266
f 2269//2269 2267//2267 2266//2266
f 2269//2269 2266//2266 2268//2268
f 2271//2271 2269//2269 2268//2268
f 2271//2271 2268//2268 2270//2270
f 2273//2273 2271//2271 2270//2270
f 2273//2273 2270//2270 2272//2272
f 2275//2275 2273//2273 2272//2272
f 2275//2275 2272//2272 2274//2274
f 2275//2275 2274//2274 2276//2276
f 2275//2275 2276//2276 2277//2277
f 2277//2277 2278//2278 2279//2279
f 2277//2277 2279//2279 2275//2275
f 2279//2279 2280//2280 2273//2273
f 2279//2279 2273//2273 2275//2275
f 2280//2280 2281//2281 2271//2271
f 2280//2280 2271//2271 2273//2273
f 2281//2281 2282//2282 2269//2269
f 2281//2281 2269//2269 2271//2271
f 2282//2282 2283//2283 2267//2267
f 2282//2282 2267//2267 2269//2269
f 2283//2283 2284//2284 2265//2265
f 2283//2283 2265//2265 2267//2267
f 2284//2284 2285//2285 2263//2263
f 2284//2284 2263//2263 2265//2265
f 2263//2263 2285//2285 2286//2286
f 2263//2263 2286//2286 2261//2261
f 2288//2288 2287//2287 2289//2289
f 2288//2288 2289//2289 2290//2290
f 2292//2292 2288//2288 2290//2290
f 2292//2292 2290//2290 2291//2291
f 2294//2294 2293//2293 2295//2295
f 2294//2294 2295//2295 2296//2296
f 2298//2298 2296//2296 2295//2295
f 2298//2298 2295//2295 2297//2297
f 2300//2300 2298//2298 2297//2297
f 2300//2300 2297//2297 2299//2299
f 2302//2302 2300//2300 2299//2299
f 2302//2302 2299//2299 2301//2301
f 2304//2304 2302//2302 2301//2301
f 2304//2304 2301//2301 2303//2303
f 2306//2306 2304//2304 2303//2303
f 2306//2306 2303//2303 2305//2305
f 2308//2308 2306//2306 2305//2305
f 2308//2308 2305//2305 2307//2307
f 2308//2308 2307//2307 2309//2309
f 2308//2308 2309//2309 2310//2310
f 2310//2310 2311//2311 2312//2312
f 2310//2310 2312//2312 2308//2308
f 2312//2312 2313//2313 2306//2306
f 2312//2312 2306//2306 2308//2308
f 2313//2313 2314//2314 2304//2304
f 2313//2313 2304//2304 2306//2306
f 2314//2314 2315//2315 2302//2302
f 2314//2314 2302//2302 2304//2304
f 2315//2315 2316//2316 2300//2300
f 2315//2315 2300//2300 2302//2302
f 2316//2316 2317//2317 2298//2298
f 2316//2316 2298//2298 2300//2300
f 2317//2317 2318//2318 2296//2296
f 2317//2317 2296//2296 2298//2298
f 2296//2296 2318//2318 2319//2319
f 2296//2296 2319//2319 2294//2294
f 2321//2321 2322//2322 2320//2320
f 2323//2323 2322//2322 2324//2324
f 2321//2321 2324//2324 2322//2322
f 2326//2326 2328//2328 2327//2327
f 2326//2326 2327//2327 2325//2325
f 2329//2329 2328//2328 2326//2326
f 2329//2329 2326//2326 2330//2330
f 2331//2331 2329//2329 2330//2330
f 2331//2331 2330//2330 2333//2333
f 2334//2334 2332//2332 2331//2331
f 2334//2334 2331//2331 2333//2333
f 2335//2335 2338//2338 2336//2336
f 2336//2336 2337//2337 2335//2335
f 2337//2337 2336//2336 2339//2339
f 2341//2341 2340//2340 2342//2342
f 2341//2341 2342//2342 2343//2343
f 2345//2345 2343//2343 2342//2342
f 2345//2345 2342//2342 2344//2344
f 2347//2347 2345//2345 2344//2344
f 2347//2347 2344//2344 2346//2346
f 2349//2349 2347//2347 2346//2346
f 2349//2349 2346//2346 2348//2348
f 2351//2351 2349//2349 2348//2348
f 2351//2351 2348//2348 2350//2350
f 2353//2353 2351//2351 2350//2350
f 2353//2353 2350//2350 2352//2352
f 2355//2355 2353//2353 2352//2352
f 2355//2355 2352//2352 2354//2354
f 2355//2355 2354//2354 2356//2356
f 2355//2355 2356//2356 2357//2357
f 2357//2357 2358//2358 2359//2359
f 2357//2357 2359//2359 2355//2355
f 2359//2359 2360//2360 2353//2353
f 2359//2359 2353//2353 2355//2355
f 2360//2360 2361//2361 2351//2351
f 2360//2360 2351//2351 2353//2353
f 2361//2361 2362//2362 2349//2349
f 2361//2361 2349//2349 2351//2351
f 2362//2362 2363//2363 2347//2347
f 2362//2362 2347//2347 2349//2349
f 2363//2363 2364//2364 2345//2345
f 2363//2363 2345//2345 2347//2347
f 2364//2364 2365//2365 2343//2343
f 2364//2364 2343//2343 2345//2345
f 2343//2343 2365//2365 2366//2366
f 2343//2343 2366//2366 2341//2341
f 2368//2368 2367//2367 2369//2369
f 2368//2368 2369//2369 2370//2370
f 2372//2372 2368//2368 2370//2370
f 2372//2372 2370//2370 2371//2371
f 2374//2374 2373//2373 2375//2375
f 2374//2374 2375//2375 2376//2376
f 2378//2378 2374//2374 2376//2376
f 2378//2378 2376//2376 2377//2377
f 2380//2380 2379//2379 2381//2381
f 2380//2380 2381//2381 2382//2382
f 2384//2384 2382//2382 2381//2381
f 2384//2384 2381//2381 2383//2383
f 2386//2386 2384//2384 2383//2383
f 2386//2386 2383//2383 2385//2385
f 2388//2388 2386//2386 2385//2385
f 2388//2388 2385//2385 2387//2387
f 2390//2390 2388//2388 2387//2387
f 2390//2390 2387//2387 2389//2389
f 2392//2392 2390//2390 2389//2389
f 2392//2392 2389//2389 2391//2391
f 2394//2394 2392//2392 2391//2391
f 2394//2394 2391//2391 2393//2393
f 2394//2394 2393//2393 2395//2395
f 2394//2394 2395//2395 2396//2396
f 2396//2396 2397//2397 2398//2398
f 2396//2396 2398//2398 2394//2394
f 2398//2398 2399//2399 2392//2392
f 2398//2398 2392//2392 2394//2394
f 2399//2399 2400//2400 2390//2390
f 2399//2399 2390//2390 2392//2392
f 2400//2400 2401//2401 2388//2388
f 2400//2400 2388//2388 2390//2390
f 2401//2401 2402//2402 2386//2386
f 2401//2401 2386//2386 2388//2388
f 2402//2402 2403//2403 2384//2384
f 2402//2402 2384//2384 2386//2386
f 2403//2403 2404//2404 2382//2382
f 2403//2403 2382//2382 2384//2384
f 2382//2382 2404//2404 2405//2405
f 2382//2382 2405//2405 2380//2380
f 2407//2407 2408//2408 2406//2406
f 2409//2409 2408//2408 2410//2410
f 2407//2407 2410//2410 2408//2408
f 2412//2412 2414//2414 2413//2413
f 2412//2412 2413//2413 2411//2411
f 2415//2415 2414//2414 2412//2412
f 2415//2415 2412//2412 2416//2416
f 2417//2417 2415//2415 2416//2416
f 2417//2417 2416//2416 2418//2418
f 2420//2420 2419//2419 2417//2417
f 2420//2420 2417//2417 2418//2418
f 2421//2421 2424//2424 2422//2422
f 2422//2422 2423//2423 2421//2421
f 2423//2423 2422//2422 2425//2425
f 2427//2427 2426//2426 2428//2428
f 2427//2427 2428//2428 2429//2429
f 2431//2431 2429//2429 2428//2428
f 2431//2431 2428//2428 2430//2430
f 2433//2433 2431//2431 2430//2430
f 2433//2433 2430//2430 2432//2432
f 2435//2435 2433//2433 2432//2432
f 2435//2435 2432//2432 2434//2434
f 2437//2437 2435//2435 2434//2434
f 2437//2437 2434//2434 2436//2436
f 2439//2439 2437//2437 2436//2436
f 2439//2439 2436//2436 2438//2438
f 2441//2441 2439//2439 2438//2438
f 2441//2441 2438//2438 2440//2440
f 2441//2441 2440//2440 2442//2442
f 2441//2441 2442//2442 2443//2443
f 2443//2443 2444//2444 2445//2445
f 2443//2443 2445//2445 2441//2441
f 2445//2445 2446//2446 2439//2439
f 2445//2445 2439//2439 2441//2441
f 2446//2446 2447//2447 2437//2437
f 2446//2446 2437//2437 2439//2439
f 2447//2447 2448//2448 2435//2435
f 2447//2447 2435//2435 2437//2437
f 2448//2448 2449//2449 2433//2433
f 2448//2448 2433//2433 2435//2435
f 2449//2449 2450//2450 2431//2431
f 2449//2449 2431//2431 2433//2433
f 2450//2450 2451//2451 2429//2429
f 2450//2450 2429//2429 2431//2431
f 2429//2429 2451//2451 2452//2452
f 2429//2429 2452//2452 2427//2427
f 2453//2453 2457//2457 2454//2454
f 2454//2454 2455//2455 2453//2453
f 2456//2456 2457//2457 2453//2453
f 2458//2458 2457//2457 2456//2456
f 2458//2458 2456//2456 2461//2461
f 2462//2462 2454//2454 2457//2457
f 2462//2462 2457//2457 2458//2458
f 2459//2459 2460//2460 2458//2458
f 2458//2458 2461//2461 2459//2459
f 2460//2460 2462//2462 2458//2458
f 2463//2463 2462//2462 2460//2460
f 2463//2463 2466//2466 2454//2454
f 2463//2463 2454//2454 2462//2462
f 2460//2460 2464//2464 2463//2463
f 2464//2464 2465//2465 2463//2463
f 2465//2465 2467//2467 2466//2466
f 2465//2465 2466//2466 2463//2463
f 2467//2467 2455//2455 2466//2466
f 2455//2455 2454//2454 2466//2466
f 2468//2468 2467//2467 2465//2465
f 2468//2468 2465//2465 2471//2471
f 2467//2467 2468//2468 2455//2455
f 2469//2469 2470//2470 2468//2468
f 2473//2473 2469//2469 2468//2468
f 2473//2473 2468//2468 2471//2471
f 2470//2470 2455//2455 2468//2468
f 2472//2472 2471//2471 2465//2465
f 2472//2472 2465//2465 2464//2464
f 2473//2473 2471//2471 2472//2472
f 2472//2472 2475//2475 2473//2473
f 2474//2474 2503//2503 2469//2469
f 2474//2474 2469//2469 2473//2473
f 2475//2475 2474//2474 2473//2473
f 2476//2476 2475//2475 2472//2472
f 2477//2477 2476//2476 2472//2472
f 2476//2476 2477//2477 2478//2478
f 2478//2478 2479//2479 2476//2476
f 2479//2479 2478//2478 2480//2480
f 2480//2480 2481//2481 2479//2479
f 2482//2482 2481//2481 2480//2480
f 2482//2482 2480//2480 2483//2483
f 2483//2483 2484//2484 2482//2482
f 2483//2483 2485//2485 2484//2484
f 2486//2486 2484//2484 2485//2485
f 2486//2486 2488//2488 2487//2487
f 2486//2486 2489//2489 2488//2488
f 2486//2486 2490//2490 2489//2489
f 2486//2486 2485//2485 2490//2490
f 2490//2490 2491//2491 2493//2493
f 2490//2490 2493//2493 2489//2489
f 2485//2485 2494//2494 2491//2491
f 2485//2485 2491//2491 2490//2490
f 2478//2478 2492//2492 2491//2491
f 2492//2492 2493//2493 2491//2491
f 2491//2491 2494//2494 2478//2478
f 2478//2478 2494//2494 2480//2480
f 2483//2483 2480//2480 2494//2494
f 2483//2483 2494//2494 2485//2485
f 2493//2493 2492//2492 2496//2496
f 2493//2493 2496//2496 2495//2495
f 2493//2493 2495//2495 2488//2488
f 2493//2493 2488//2488 2489//2489
f 2497//2497 2495//2495 2496//2496
f 2488//2488 2495//2495 2497//2497
f 2488//2488 2497//2497 2498//2498
f 2498//2498 2497//2497 2500//2500
f 2498//2498 2500//2500 2501//2501
f 2496//2496 2499//2499 2497//2497
f 2499//2499 2500//2500 2497//2497
f 2501//2501 2487//2487 2498//2498
f 2502//2502 2499//2499 2496//2496
f 2502//2502 2477//2477 2460//2460
f 2460//2460 2459//2459 2502//2502
f 2477//2477 2502//2502 2496//2496
f 2488//2488 2498//2498 2487//2487
f 2496//2496 2492//2492 2477//2477
f 2477//2477 2492//2492 2478//2478
f 2472//2472 2464//2464 2477//2477
f 2477//2477 2464//2464 2460//2460
f 2470//2470 2469//2469 2503//2503
f 2505//2505 2504//2504 2506//2506
f 2505//2505 2506//2506 2507//2507
f 2509//2509 2507//2507 2506//2506
f 2509//2509 2506//2506 2508//2508
f 2511//2511 2509//2509 2508//2508
f 2511//2511 2508//2508 2510//2510
f 2513//2513 2511//2511 2510//2510
f 2513//2513 2510//2510 2512//2512
f 2515//2515 2513//2513 2512//2512
f 2515//2515 2512//2512 2514//2514
f 2517//2517 2515//2515 2514//2514
f 2517//2517 2514//2514 2516//2516
f 2519//2519 2517//2517 2516//2516
f 2519//2519 2516//2516 2518//2518
f 2519//2519 2518//2518 2520//2520
f 2519//2519 2520//2520 2521//2521
f 2521//2521 2522//2522 2523//2523
f 2521//2521 2523//2523 2519//2519
f 2523//2523 2524//2524 2517//2517
f 2523//2523 2517//2517 2519//2519
f 2524//2524 2525//2525 2515//2515
f 2524//2524 2515//2515 2517//2517
f 2525//2525 2526//2526 2513//2513
f 2525//2525 2513//2513 2515//2515
f 2526//2526 2527//2527 2511//2511
f 2526//2526 2511//2511 2513//2513
f 2527//2527 2528//2528 2509//2509
f 2527//2527 2509//2509 2511//2511
f 2528//2528 2529//2529 2507//2507
f 2528//2528 2507//2507 2509//2509
f 2507//2507 2529//2529 2530//2530
f 2507//2507 2530//2530 2505//2505
f 2532//2532 2533//2533 2531//2531
f 2534//2534 2533//2533 2535//2535
f 2532//2532 2535//2535 2533//2533
f 2537//2537 2539//2539 2538//2538
f 2537//2537 2538//2538 2536//2536
f 2540//2540 2539//2539 2537//2537
f 2540//2540 2537//2537 2541//2541
f 2542//2542 2540//2540 2541//2541
f 2542//2542 2541//2541 2543//2543
f 2545//2545 2544//2544 2542//2542
f 2545//2545 2542//2542 2543//2543
f 2546//2546 2549//2549 2547//2547
f 2547//2547 2548//2548 2546//2546
f 2548//2548 2547//2547 2550//2550
f 2552//2552 2551//2551 2553//2553
f 2552//2552 2553//2553 2554//2554
f 2556//2556 2554//2554 2553//2553
f 2556//2556 2553//2553 2555//2555
f 2558//2558 2556//2556 2555//2555
f 2558//2558 2555//2555 2557//2557
f 2560//2560 2558//2558 2557//2557
f 2560//2560 2557//2557 2559//2559
f 2562//2562 2560//2560 2559//2559
f 2562//2562 2559//2559 2561//2561
f 2564//2564 2562//2562 2561//2561
f 2564//2564 2561//2561 2563//2563
f 2566//2566 2564//2564 2563//2563
f 2566//2566 2563//2563 2565//2565
f 2566//2566 2565//2565 2567//2567
f 2566//2566 2567//2567 2568//2568
f 2568//2568 2569//2569 2570//2570
f 2568//2568 2570//2570 2566//2566
f 2570//2570 2571//2571 2564//2564
f 2570//2570 2564//2564 2566//2566
f 2571//2571 2572//2572 2562//2562
f 2571//2571 2562//2562 2564//2564
f 2572//2572 2573//2573 2560//2560
f 2572//2572 2560//2560 2562//2562
f 2573//2573 2574//2574 2558//2558
f 2573//2573 2558//2558 2560//2560
f 2574//2574 2575//2575 2556//2556
f 2574//2574 2556//2556 2558//2558
f 2575//2575 2576//2576 2554//2554
f 2575//2575 2554//2554 2556//2556
f 2554//2554 2576//2576 2577//2577
f 2554//2554 2577//2577 2552//2552
f 2579//2579 2578//2578 2580//2580
f 2579//2579 2580//2580 2581//2581
f 2583//2583 2581//2581 2580//2580
f 2583//2583 2580//2580 2582//2582
f 2585//2585 2583//2583 2582//2582
f 2585//2585 2582//2582 2584//2584
f 2587//2587 2585//2585 2584//2584
f 2587//2587 2584//2584 2586//2586
f 2589//2589 2587//2587 2586//2586
f 2589//2589 2586//2586 2588//2588
f 2591//2591 2589//2589 2588//2588
f 2591//2591 2588//2588 2590//2590
f 2593//2593 2591//2591 2590//2590
f 2593//2593 2590//2590 2592//2592
f 2593//2593 2592//2592 2594//2594
f 2593//2593 2594//2594 2595//2595
f 2595//2595 2596//2596 2597//2597
f 2595//2595 2597//2597 2593//2593
f 2597//2597 2598//2598 2591//2591
f 2597//2597 2591//2591 2593//2593
f 2598//2598 2599//2599 2589//2589
f 2598//2598 2589//2589 2591//2591
f 2599//2599 2600//2600 2587//2587
f 2599//2599 2587//2587 2589//2589
f 2600//2600 2601//2601 2585//2585
f 2600//2600 2585//2585 2587//2587
f 2601//2601 2602//2602 2583//2583
f 2601//2601 2583//2583 2585//2585
f 2602//2602 2603//2603 2581//2581
f 2602//2602 2581//2581 2583//2583
f 2581//2581 2603//2603 2604//2604
f 2581//2581 2604//2604 2579//2579
f 2606//2606 2605//2605 2607//2607
f 2606//2606 2607//2607 2608//2608
f 2610//2610 2606//2606 2608//2608
f 2610//2610 2608//2608 2609//2609
f 2612//2612 2611//2611 2613//2613
f 2612//2612 2613//2613 2614//2614
f 2616//2616 2614//2614 2613//2613
f 2616//2616 2613//2613 2615//2615
f 2618//2618 2616//2616 2615//2615
f 2618//2618 2615//2615 2617//2617
f 2620//2620 2618//2618 2617//2617
f 2620//2620 2617//2617 2619//2619
f 2622//2622 2620//2620 2619//2619
f 2622//2622 2619//2619 2621//2621
f 2624//2624 2622//2622 2621//2621
f 2624//2624 2621//2621 2623//2623
f 2626//2626 2624//2624 2623//2623
f 2626//2626 2623//2623 2625//2625
f 2626//2626 2625//2625 2627//2627
f 2626//2626 2627//2627 2628//2628
f 2628//2628 2629//2629 2630//2630
f 2628//2628 2630//2630 2626//2626
f 2630//2630 2631//2631 2624//2624
f 2630//2630 2624//2624 2626//2626
f 2631//2631 2632//2632 2622//2622
f 2631//2631 2622//2622 2624//2624
f 2632//2632 2633//2633 2620//2620
f 2632//2632 2620//2620 2622//2622
f 2633//2633 2634//2634 2618//2618
f 2633//2633 2618//2618 2620//2620
f 2634//2634 2635//2635 2616//2616
f 2634//2634 2616//2616 2618//2618
f 2635//2635 2636//2636 2614//2614
f 2635//2635 2614//2614 2616//2616
f 2614//2614 2636//2636 2637//2637
f 2614//2614 2637//2637 2612//2612
f 2639//2639 2641//2641 2640//2640
f 2639//2639 2640//2640 2638//2638
f 2642//2642 2640//2640 2641//2641
f 2642//2642 2641//2641 2643//2643
f 2644//2644 2643//2643 2641//2641
f 2644//2644 2641//2641 2645//2645
f 2645//2645 2646//2646 2644//2644
f 2646//2646 2645//2645 2647//2647
f 2645//2645 2648//2648 2647//2647
f 2645//2645 2641//2641 2639//2639
f 2645//2645 2639//2639 2648//2648
f 2650//2650 2652//2652 2651//2651
f 2650//2650 2651//2651 2649//2649
f 2653//2653 2652//2652 2650//2650
f 2653//2653 2650//2650 2654//2654
f 2655//2655 2653//2653 2654//2654
f 2655//2655 2654//2654 2656//2656
f 2658//2658 2657//2657 2655//2655
f 2658//2658 2655//2655 2656//2656
f 2659//2659 2662//2662 2660//2660
f 2660//2660 2661//2661 2659//2659
f 2661//2661 2660//2660 2663//2663
f 2665//2665 2664//2664 2666//2666
f 2665//2665 2666//2666 2667//2667
f 2669//2669 2665//2665 2667//2667
f 2669//2669 2667//2667 2668//2668
f 2671//2671 2670//2670 2672//2672
f 2671//2671 2672//2672 2673//2673
f 2675//2675 2673//2673 2672//2672
f 2675//2675 2672//2672 2674//2674
f 2677//2677 2675//2675 2674//2674
f 2677//2677 2674//2674 2676//2676
f 2679//2679 2677//2677 2676//2676
f 2679//2679 2676//2676 2678//2678
f 2681//2681 2679//2679 2678//2678
f 2681//2681 2678//2678 2680//2680
f 2683//2683 2681//2681 2680//2680
f 2683//2683 2680//2680 2682//2682
f 2685//2685 2683//2683 2682//2682
f 2685//2685 2682//2682 2684//2684
f 2685//2685 2684//2684 2686//2686
f 2685//2685 2686//2686 2687//2687
f 2687//2687 2688//2688 2689//2689
f 2687//2687 2689//2689 2685//2685
f 2689//2689 2690//2690 2683//2683
f 2689//2689 2683//2683 2685//2685
f 2690//2690 2691//2691 2681//2681
f 2690//2690 2681//2681 2683//2683
f 2691//2691 2692//2692 2679//2679
f 2691//2691 2679//2679 2681//2681
f 2692//2692 2693//2693 2677//2677
f 2692//2692 2677//2677 2679//2679
f 2693//2693 2694//2694 2675//2675
f 2693//2693 2675//2675 2677//2677
f 2694//2694 2695//2695 2673//2673
f 2694//2694 2673//2673 2675//2675
f 2673//2673 2695//2695 2696//2696
f 2673//2673 2696//2696 2671//2671
f 2698//2698 2699//2699 2697//2697
f 2698//2698 2700//2700 2699//2699
f 2701//2701 2699//2699 2700//2700
f 2703//2703 2705//2705 2704//2704
f 2703//2703 2704//2704 2702//2702
f 2706//2706 2705//2705 2703//2703
f 2706//2706 2703//2703 2707//2707
f 2708//2708 2706//2706 2707//2707
f 2708//2708 2707//2707 2709//2709
f 2711//2711 2710//2710 2708//2708
f 2711//2711 2708//2708 2709//2709
f 2712//2712 2715//2715 2713//2713
f 2713//2713 2714//2714 2712//2712
f 2714//2714 2713//2713 2716//2716
f 2718//2718 2717//2717 2719//2719
f 2718//2718 2719//2719 2720//2720
f 2722//2722 2720//2720 2719//2719
f 2722//2722 2719//2719 2721//2721
f 2724//2724 2722//2722 2721//2721
f 2724//2724 2721//2721 2723//2723
f 2726//2726 2724//2724 2723//2723
f 2726//2726 2723//2723 2725//2725
f 2728//2728 2726//2726 2725//2725
f 2728//2728 2725//2725 2727//2727
f 2730//2730 2728//2728 2727//2727
f 2730//2730 2727//2727 2729//2729
f 2732//2732 2730//2730 2729//2729
f 2732//2732 2729//2729 2731//2731
f 2732//2732 2731//2731 2733//2733
f 2732//2732 2733//2733 2734//2734
f 2734//2734 2735//2735 2736//2736
f 2734//2734 2736//2736 2732//2732
f 2736//2736 2737//2737 2730//2730
f 2736//2736 2730//2730 2732//2732
f 2737//2737 2738//2738 2728//2728
f 2737//2737 2728//2728 2730//2730
f 2738//2738 2739//2739 2726//2726
f 2738//2738 2726//2726 2728//2728
f 2739//2739 2740//2740 2724//2724
f 2739//2739 2724//2724 2726//2726
f 2740//2740 2741//2741 2722//2722
f 2740//2740 2722//2722 2724//2724
f 2741//2741 2742//2742 2720//2720
f 2741//2741 2720//2720 2722//2722
f 2720//2720 2742//2742 2743//2743
f 2720//2720 2743//2743 2718//2718
f 2745//2745 2747//2747 2746//2746
f 2745//2745 2746//2746 2744//2744
f 2748//2748 2747//2747 2745//2745
f 2748//2748 2745//2745 2749//2749
f 2750//2750 2748//2748 2749//2749
f 2750//2750 2749//2749 2751//2751
f 2753//2753 2752//2752 2750//2750
f 2753//2753 2750//2750 2751//2751
f 2755//2755 2754//2754 2756//2756
f 2755//2755 2756//2756 2757//2757
f 2759//2759 2758//2758 2760//2760
f 2759//2759 2760//2760 2761//2761
f 2762//2762 2763//2763 2761//2761
f 2762//2762 2761//2761 2760//2760
f 2765//2765 2764//2764 2766//2766
f 2765//2765 2766//2766 2767//2767
f 2769//2769 2771//2771 2770//2770
f 2769//2769 2770//2770 2768//2768
f 2772//2772 2771//2771 2769//2769
f 2772//2772 2769//2769 2773//2773
f 2774//2774 2772//2772 2773//2773
f 2774//2774 2773//2773 2775//2775
f 2777//2777 2776//2776 2774//2774
f 2777//2777 2774//2774 2775//2775
f 2779//2779 2778//2778 2780//2780
f 2779//2779 2780//2780 2781//2781
f 2783//2783 2782//2782 2784//2784
f 2783//2783 2784//2784 2785//2785
f 2786//2786 2787//2787 2785//2785
f 2786//2786 2785//2785 2784//2784
f 2788//2788 2790//2790 2791//2791
f 2788//2788 2791//2791 2789//2789
f 2793//2793 2795//2795 2794//2794
f 2793//2793 2794//2794 2792//2792
f 2796//2796 2795//2795 2793//2793
f 2796//2796 2793//2793 2797//2797
f 2798//2798 2796//2796 2797//2797
f 2798//2798 2797//2797 2799//2799
f 2801//2801 2800//2800 2798//2798
f 2801//2801 2798//2798 2799//2799
f 2803//2803 2802//2802 2804//2804
f 2803//2803 2804//2804 2805//2805
f 2807//2807 2806//2806 2808//2808
f 2807//2807 2808//2808 2809//2809
f 2810//2810 2811//2811 2809//2809
f 2810//2810 2809//2809 2808//2808
f 2813//2813 2812//2812 2814//2814
f 2813//2813 2814//2814 2815//2815
f 2817//2817 2819//2819 2818//2818
f 2817//2817 2818//2818 2816//2816
f 2820//2820 2819//2819 2817//2817
f 2820//2820 2817//2817 2821//2821
f 2822//2822 2820//2820 2821//2821
f 2822//2822 2821//2821 2823//2823
f 2825//2825 2824//2824 2822//2822
f 2825//2825 2822//2822 2823//2823
f 2827//2827 2826//2826 2828//2828
f 2827//2827 2828//2828 2829//2829
f 2831//2831 2830//2830 2832//2832
f 2831//2831 2832//2832 2833//2833
f 2834//2834 2835//2835 2833//2833
f 2834//2834 2833//2833 2832//2832
f 2837//2837 2836//2836 2838//2838
f 2837//2837 2838//2838 2839//2839
f 2841//2841 2843//2843 2842//2842
f 2841//2841 2842//2842 2840//2840
f 2844//2844 2843//2843 2841//2841
f 2844//2844 2841//2841 2845//2845
f 2846//2846 2844//2844 2845//2845
f 2846//2846 2845//2845 2847//2847
f 2849//2849 2848//2848 2846//2846
f 2849//2849 2846//2846 2847//2847
f 2851//2851 2850//2850 2852//2852
f 2851//2851 2852//2852 2853//2853
f 2855//2855 2854//2854 2856//2856
f 2855//2855 2856//2856 2857//2857
f 2858//2858 2859//2859 2857//2857
f 2858//2858 2857//2857 2856//2856
f 2861//2861 2860//2860 2862//2862
f 2861//2861 2862//2862 2863//2863
f 2865//2865 2867//2867 2866//2866
f 2865//2865 2866//2866 2864//2864
f 2868//2868 2867//2867 2865//2865
f 2868//2868 2865//2865 2869//2869
f 2870//2870 2868//2868 2869//2869
f 2870//2870 2869//2869 2871//2871
f 2873//2873 2872//2872 2870//2870
f 2873//2873 2870//2870 2871//2871
f 2875//2875 2874//2874 2876//2876
f 2875//2875 2876//2876 2877//2877
f 2879//2879 2878//2878 2880//2880
f 2879//2879 2880//2880 2881//2881
f 2882//2882 2883//2883 2881//2881
f 2882//2882 2881//2881 2880//2880
f 2885//2885 2884//2884 2886//2886
f 2885//2885 2886//2886 2887//2887
f 2889//2889 2891//2891 2890//2890
f 2889//2889 2890//2890 2888//2888
f 2892//2892 2891//2891 2889//2889
f 2892//2892 2889//2889 2893//2893
f 2894//2894 2892//2892 2893//2893
f 2894//2894 2893//2893 2895//2895
f 2897//2897 2896//2896 2894//2894
f 2897//2897 2894//2894 2895//2895
f 2899//2899 2898//2898 2900//2900
f 2899//2899 2900//2900 2901//2901
f 2903//2903 2902//2902 2904//2904
f 2903//2903 2904//2904 2905//2905
f 2906//2906 2907//2907 2905//2905
f 2906//2906 2905//2905 2904//2904
f 2909//2909 2908//2908 2910//2910
f 2909//2909 2910//2910 2911//2911
f 2913//2913 2915//2915 2914//2914
f 2913//2913 2914//2914 2912//2912
f 2916//2916 2915//2915 2913//2913
f 2916//2916 2913//2913 2917//2917
f 2918//2918 2916//2916 2917//2917
f 2918//2918 2917//2917 2919//2919
f 2921//2921 2920//2920 2918//2918
f 2921//2921 2918//2918 2919//2919
f 2923//2923 2922//2922 2924//2924
f 2923//2923 2924//2924 2925//2925
f 2927//2927 2926//2926 2928//2928
f 2927//2927 2928//2928 2929//2929
f 2930//2930 2931//2931 2929//2929
f 2930//2930 2929//2929 2928//2928
f 2933//2933 2932//2932 2934//2934
f 2933//2933 2934//2934 2935//2935
f 2937//2937 2939//2939 2938//2938
f 2937//2937 2938//2938 2936//2936
f 2943//2943 2941//2941 2940//2940
f 2943//2943 2940//2940 2942//2942
f 2945//2945 2944//2944 2946//2946
f 2945//2945 2946//2946 2947//2947
f 2948//2948 2950//2950 2951//2951
f 2948//2948 2951//2951 2949//2949
f 2952//2952 2954//2954 2955//2955
f 2952//2952 2955//2955 2953//2953
f 2957//2957 2959//2959 2958//2958
f 2957//2957 2958//2958 2956//2956
f 2961//2961 2960//2960 2962//2962
f 2961//2961 2962//2962 2963//2963
f 2964//2964 2966//2966 2967//2967
f 2964//2964 2967//2967 2965//2965
f 2969//2969 2971//2971 2970//2970
f 2969//2969 2970//2970 2968//2968
f 2972//2972 2974//2974 2975//2975
f 2972//2972 2975//2975 2973//2973
f 2977//2977 2976//2976 2978//2978
f 2977//2977 2978//2978 2979//2979
f 2980//2980 2982//2982 2983//2983
f 2980//2980 2983//2983 2981//2981
f 2984//2984 2986//2986 2987//2987
f 2984//2984 2987//2987 2985//2985
f 2991//2991 2989//2989 2988//2988
f 2991//2991 2988//2988 2990//2990
f 2993//2993 2992//2992 2994//2994
f 2993//2993 2994//2994 2995//2995
f 2996//2996 2998//2998 2999//2999
f 2996//2996 2999//2999 2997//2997
f 3001//3001 3000//3000 3002//3002
f 3001//3001 3002//3002 3003//3003
f 3004//3004 3006//3006 3007//3007
f 3004//3004 3007//3007 3005//3005
f 3009//3009 3008//3008 3010//3010
f 3009//3009 3010//3010 3011//3011
f 3012//3012 3014//3014 3015//3015
f 3012//3012 3015//3015 3013//3013
f 3017//3017 3019//3019 3018//3018
f 3017//3017 3018//3018 3016//3016
f 3020//3020 3022//3022 3023//3023
f 3020//3020 3023//3023 3021//3021
f 3025//3025 3024//3024 3026//3026
f 3025//3025 3026//3026 3027//3027
f 3029//3029 3031//3031 3030//3030
f 3029//3029 3030//3030 3028//3028
f 3032//3032 3034//3034 3035//3035
f 3032//3032 3035//3035 3033//3033
f 3039//3039 3037//3037 3036//3036
f 3039//3039 3036//3036 3038//3038
f 3041//3041 3040//3040 3042//3042
f 3041//3041 3042//3042 3043//3043
f 3045//3045 3044//3044 3046//3046
f 3045//3045 3046//3046 3047//3047
f 3048//3048 3050//3050 3051//3051
f 3048//3048 3051//3051 3049//3049
f 3055//3055 3053//3053 3052//3052
f 3055//3055 3052//3052 3054//3054
f 3057//3057 3056//3056 3058//3058
f 3057//3057 3058//3058 3059//3059
f 3061//3061 3063//3063 3062//3062
f 3061//3061 3062//3062 3060//3060
f 3068//3068 3064//3064 3065//3065
f 3065//3065 3064//3064 3066//3066
f 3066//3066 3064//3064 3067//3067
f 3065//3065 3069//3069 3068//3068
f 3069//3069 3070//3070 3076//3076
f 3069//3069 3071//3071 3070//3070
f 3069//3069 3072//3072 3071//3071
f 3069//3069 3065//3065 3072//3072
f 3075//3075 3069//3069 3073//3073
f 3069//3069 3074//3074 3073//3073
f 3074//3074 3069//3069 3076//3076
f 3074//3074 3076//3076 3077//3077
f 3078//3078 3079//3079 3077//3077
f 3079//3079 3074//3074 3077//3077
f 3079//3079 3081//3081 3080//3080
f 3082//3082 3081//3081 3079//3079
f 3082//3082 3079//3079 3078//3078
f 3081//3081 3083//3083 3084//3084
f 3081//3081 3084//3084 3085//3085
f 3081//3081 3085//3085 3086//3086
f 3081//3081 3086//3086 3080//3080
f 3087//3087 3086//3086 3085//3085
f 3085//3085 3088//3088 3087//3087
f 3087//3087 3088//3088 3089//3089
f 3090//3090 3093//3093 3089//3089
f 3089//3089 3091//3091 3090//3090
f 3091//3091 3089//3089 3094//3094
f 3092//3092 3089//3089 3093//3093
f 3094//3094 3089//3089 3095//3095
f 3088//3088 3095//3095 3089//3089
f 3096//3096 3095//3095 3088//3088
f 3092//3092 3093//3093 3098//3098
f 3097//3097 3093//3093 3090//3090
f 3092//3092 3098//3098 3099//3099
f 3092//3092 3099//3099 3100//3100
f 3092//3092 3100//3100 3101//3101
f 3101//3101 3102//3102 3092//3092
f 3101//3101 3104//3104 3102//3102
f 3101//3101 3103//3103 3104//3104
f 3102//3102 3104//3104 3105//3105
f 3104//3104 3103//3103 3106//3106
f 3103//3103 3107//3107 3106//3106
f 3108//3108 3106//3106 3107//3107
f 3107//3107 3109//3109 3108//3108
f 3109//3109 3111//3111 3108//3108
f 3108//3108 3111//3111 3110//3110
f 3111//3111 3112//3112 3110//3110
f 3111//3111 3109//3109 3113//3113
f 3113//3113 3117//3117 3114//3114
f 3118//3118 3113//3113 3114//3114
f 3115//3115 3113//3113 3109//3109
f 3115//3115 3116//3116 3113//3113
f 3117//3117 3113//3113 3116//3116
f 3118//3118 3121//3121 3119//3119
f 3119//3119 3120//3120 3118//3118
f 3118//3118 3124//3124 3121//3121
f 3118//3118 3114//3114 3123//3123
f 3118//3118 3122//3122 3124//3124
f 3122//3122 3118//3118 3123//3123
f 3125//3125 3122//3122 3123//3123
f 3123//3123 3128//3128 3126//3126
f 3126//3126 3127//3127 3123//3123
f 3114//3114 3128//3128 3123//3123
f 3129//3129 3127//3127 3131//3131
f 3129//3129 3130//3130 3127//3127
f 3126//3126 3131//3131 3127//3127
f 3130//3130 3129//3129 3132//3132
f 3133//3133 3130//3130 3132//3132
f 3133//3133 3134//3134 3135//3135
f 3133//3133 3132//3132 3134//3134
f 3090//3090 3133//3133 3135//3135
f 3090//3090 3135//3135 3097//3097
f 3136//3136 3119//3119 3121//3121
f 3137//3137 3120//3120 3119//3119
f 3137//3137 3138//3138 3120//3120
f 3138//3138 3083//3083 3139//3139
f 3137//3137 3083//3083 3138//3138
f 3139//3139 3083//3083 3140//3140
f 3140//3140 3142//3142 3141//3141
f 3141//3141 3144//3144 3140//3140
f 3142//3142 3140//3140 3083//3083
f 3140//3140 3144//3144 3143//3143
f 3145//3145 3143//3143 3144//3144
f 3146//3146 3145//3145 3147//3147
f 3143//3143 3145//3145 3146//3146
f 3146//3146 3147//3147 3148//3148
f 3146//3146 3148//3148 3149//3149
f 3149//3149 3150//3150 3146//3146
f 3146//3146 3150//3150 3152//3152
f 3150//3150 3151//3151 3153//3153
f 3152//3152 3150//3150 3153//3153
f 3153//3153 3151//3151 3154//3154
f 3159//3159 3154//3154 3151//3151
f 3154//3154 3156//3156 3155//3155
f 3154//3154 3157//3157 3156//3156
f 3154//3154 3158//3158 3157//3157
f 3159//3159 3158//3158 3154//3154
f 3159//3159 3160//3160 3158//3158
f 3159//3159 3161//3161 3160//3160
f 3161//3161 3162//3162 3163//3163
f 3160//3160 3161//3161 3164//3164
f 3163//3163 3164//3164 3161//3161
f 3162//3162 3165//3165 3163//3163
f 3165//3165 3067//3067 3166//3166
f 3067//3067 3165//3165 3162//3162
f 3167//3167 3166//3166 3067//3067
f 3168//3168 3167//3167 3169//3169
f 3170//3170 3167//3167 3168//3168
f 3167//3167 3067//3067 3169//3169
f 3171//3171 3170//3170 3168//3168
f 3168//3168 3172//3172 3171//3171
f 3172//3172 3173//3173 3171//3171
f 3175//3175 3173//3173 3174//3174
f 3173//3173 3172//3172 3174//3174
f 3176//3176 3175//3175 3174//3174
f 3174//3174 3178//3178 3176//3176
f 3176//3176 3178//3178 3177//3177
f 3178//3178 3179//3179 3177//3177
f 3179//3179 3155//3155 3156//3156
f 3156//3156 3180//3180 3179//3179
f 3179//3179 3180//3180 3177//3177
f 3066//3066 3067//3067 3162//3162
f 3143//3143 3146//3146 3181//3181
f 3182//3182 3143//3143 3181//3181
f 3182//3182 3181//3181 3183//3183
f 3184//3184 3190//3190 3183//3183
f 3183//3183 3189//3189 3185//3185
f 3185//3185 3186//3186 3183//3183
f 3186//3186 3187//3187 3183//3183
f 3187//3187 3188//3188 3183//3183
f 3188//3188 3182//3182 3183//3183
f 3183//3183 3190//3190 3189//3189
f 3184//3184 3191//3191 3190//3190
f 3191//3191 3192//3192 3194//3194
f 3191//3191 3193//3193 3192//3192
f 3184//3184 3193//3193 3191//3191
f 3194//3194 3195//3195 3197//3197
f 3194//3194 3196//3196 3195//3195
f 3196//3196 3194//3194 3192//3192
f 3200//3200 3197//3197 3198//3198
f 3197//3197 3199//3199 3198//3198
f 3195//3195 3199//3199 3197//3197
f 3200//3200 3201//3201 3203//3203
f 3200//3200 3202//3202 3201//3201
f 3202//3202 3200//3200 3198//3198
f 3204//3204 3206//3206 3203//3203
f 3203//3203 3205//3205 3204//3204
f 3201//3201 3205//3205 3203//3203
f 3204//3204 3207//3207 3206//3206
f 3206//3206 3207//3207 3208//3208
f 3209//3209 3208//3208 3207//3207
f 3210//3210 3209//3209 3207//3207
f 3210//3210 3207//3207 3211//3211
f 3213//3213 3211//3211 3212//3212
f 3212//3212 3211//3211 3207//3207
f 3212//3212 3214//3214 3213//3213
f 3212//3212 3215//3215 3214//3214
f 3212//3212 3216//3216 3215//3215
f 3216//3216 3212//3212 3217//3217
f 3217//3217 3212//3212 3188//3188
f 3188//3188 3218//3218 3217//3217
f 3188//3188 3219//3219 3218//3218
f 3219//3219 3188//3188 3220//3220
f 3188//3188 3187//3187 3220//3220
f 3207//3207 3221//3221 3212//3212
f 3222//3222 3223//3223 3221//3221
f 3221//3221 3207//3207 3222//3222
f 3227//3227 3223//3223 3222//3222
f 3223//3223 3226//3226 3224//3224
f 3224//3224 3225//3225 3223//3223
f 3226//3226 3223//3223 3227//3227
f 3228//3228 3230//3230 3227//3227
f 3229//3229 3231//3231 3227//3227
f 3229//3229 3227//3227 3230//3230
f 3231//3231 3232//3232 3227//3227
f 3226//3226 3227//3227 3232//3232
f 3228//3228 3233//3233 3230//3230
f 3230//3230 3233//3233 3234//3234
f 3234//3234 3235//3235 3236//3236
f 3233//3233 3235//3235 3234//3234
f 3237//3237 3236//3236 3235//3235
f 3237//3237 3238//3238 3236//3236
f 3236//3236 3238//3238 3239//3239
f 3240//3240 3239//3239 3241//3241
f 3241//3241 3239//3239 3242//3242
f 3238//3238 3242//3242 3239//3239
f 3243//3243 3240//3240 3241//3241
f 3240//3240 3243//3243 3244//3244
f 3244//3244 3243//3243 3245//3245
f 3245//3245 3246//3246 3244//3244
f 3246//3246 3248//3248 3244//3244
f 3246//3246 3247//3247 3249//3249
f 3249//3249 3248//3248 3246//3246
f 3249//3249 3251//3251 3250//3250
f 3251//3251 3249//3249 3247//3247
f 3251//3251 3252//3252 3250//3250
f 3253//3253 3250//3250 3252//3252
f 3252//3252 3254//3254 3253//3253
f 3255//3255 3253//3253 3254//3254
f 3253//3253 3255//3255 3256//3256
f 3256//3256 3255//3255 3257//3257
f 3257//3257 3258//3258 3256//3256
f 3258//3258 3257//3257 3259//3259
f 3258//3258 3259//3259 3260//3260
f 3261//3261 3258//3258 3260//3260
f 3235//3235 3261//3261 3260//3260
f 3235//3235 3260//3260 3262//3262
f 3262//3262 3237//3237 3235//3235
f 3264//3264 3244//3244 3263//3263
f 3244//3244 3264//3264 3240//3240
f 3265//3265 3264//3264 3263//3263
f 3266//3266 3265//3265 3267//3267
f 3268//3268 3265//3265 3266//3266
f 3265//3265 3263//3263 3267//3267
f 3269//3269 3268//3268 3266//3266
f 3269//3269 3266//3266 3270//3270
f 3266//3266 3271//3271 3270//3270
f 3272//3272 3271//3271 3266//3266
f 3272//3272 3273//3273 3271//3271
f 3274//3274 3273//3273 3275//3275
f 3275//3275 3273//3273 3272//3272
f 3275//3275 3276//3276 3274//3274
f 3276//3276 3275//3275 3277//3277
f 3278//3278 3277//3277 3275//3275
f 3278//3278 3279//3279 3277//3277
f 3281//3281 3277//3277 3279//3279
f 3280//3280 3281//3281 3279//3279
f 3282//3282 3277//3277 3281//3281
f 3281//3281 3280//3280 3283//3283
f 3285//3285 3284//3284 3283//3283
f 3283//3283 3286//3286 3285//3285
f 3286//3286 3283//3283 3280//3280
f 3285//3285 3286//3286 3289//3289
f 3287//3287 3291//3291 3286//3286
f 3287//3287 3286//3286 3288//3288
f 3290//3290 3289//3289 3286//3286
f 3286//3286 3291//3291 3290//3290
f 3291//3291 3292//3292 3290//3290
f 3291//3291 3295//3295 3293//3293
f 3293//3293 3294//3294 3291//3291
f 3287//3287 3295//3295 3291//3291
f 3294//3294 3293//3293 3296//3296
f 3296//3296 3297//3297 3294//3294
f 3298//3298 3294//3294 3297//3297
f 3299//3299 3298//3298 3297//3297
f 3299//3299 3300//3300 3298//3298
f 3303//3303 3300//3300 3299//3299
f 3300//3300 3302//3302 3301//3301
f 3303//3303 3302//3302 3300//3300
f 3301//3301 3302//3302 3304//3304
f 3304//3304 3305//3305 3301//3301
f 3305//3305 3307//3307 3301//3301
f 3308//3308 3305//3305 3306//3306
f 3308//3308 3307//3307 3305//3305
f 3306//3306 3310//3310 3308//3308
f 3308//3308 3309//3309 3312//3312
f 3309//3309 3308//3308 3310//3310
f 3311//3311 3308//3308 3312//3312
f 3312//3312 3313//3313 3311//3311
f 3312//3312 3314//3314 3313//3313
f 3314//3314 3315//3315 3313//3313
f 3314//3314 3316//3316 3315//3315
f 3316//3316 3318//3318 3315//3315
f 3316//3316 3317//3317 3318//3318
f 3318//3318 3320//3320 3319//3319
f 3317//3317 3320//3320 3318//3318
f 3321//3321 3319//3319 3320//3320
f 3317//3317 3288//3288 3320//3320
f 3323//3323 3321//3321 3322//3322
f 3323//3323 3319//3319 3321//3321
f 3322//3322 3324//3324 3323//3323
f 3327//3327 3324//3324 3325//3325
f 3324//3324 3322//3322 3325//3325
f 3326//3326 3324//3324 3327//3327
f 3327//3327 3328//3328 3326//3326
f 3330//3330 3328//3328 3329//3329
f 3330//3330 3326//3326 3328//3328
f 3331//3331 3330//3330 3332//3332
f 3330//3330 3329//3329 3332//3332
f 3333//3333 3331//3331 3332//3332
f 3332//3332 3329//3329 3334//3334
f 3335//3335 3337//3337 3334//3334
f 3334//3334 3329//3329 3335//3335
f 3338//3338 3334//3334 3336//3336
f 3334//3334 3337//3337 3336//3336
f 3339//3339 3334//3334 3338//3338
f 3344//3344 3339//3339 3340//3340
f 3339//3339 3341//3341 3340//3340
f 3339//3339 3342//3342 3341//3341
f 3342//3342 3339//3339 3343//3343
f 3339//3339 3338//3338 3343//3343
f 3344//3344 3345//3345 3339//3339
f 3346//3346 3347//3347 3345//3345
f 3346//3346 3345//3345 3344//3344
f 3349//3349 3347//3347 3346//3346
f 3349//3349 3348//3348 3347//3347
f 3353//3353 3349//3349 3350//3350
f 3349//3349 3352//3352 3351//3351
f 3349//3349 3346//3346 3352//3352
f 3349//3349 3353//3353 3348//3348
f 3354//3354 3355//3355 3353//3353
f 3353//3353 3356//3356 3354//3354
f 3356//3356 3353//3353 3350//3350
f 3359//3359 3355//3355 3357//3357
f 3357//3357 3355//3355 3358//3358
f 3354//3354 3358//3358 3355//3355
f 3361//3361 3359//3359 3360//3360
f 3359//3359 3357//3357 3360//3360
f 3360//3360 3367//3367 3361//3361
f 3362//3362 3368//3368 3361//3361
f 3361//3361 3363//3363 3362//3362
f 3361//3361 3364//3364 3363//3363
f 3361//3361 3365//3365 3364//3364
f 3365//3365 3361//3361 3366//3366
f 3361//3361 3367//3367 3366//3366
f 3362//3362 3375//3375 3368//3368
f 3370//3370 3369//3369 3368//3368
f 3371//3371 3370//3370 3368//3368
f 3368//3368 3372//3372 3371//3371
f 3372//3372 3368//3368 3373//3373
f 3368//3368 3374//3374 3373//3373
f 3374//3374 3368//3368 3375//3375
f 3371//3371 3376//3376 3370//3370
f 3376//3376 3377//3377 3370//3370
f 3378//3378 3370//3370 3377//3377
f 3370//3370 3378//3378 3379//3379
f 3370//3370 3379//3379 3380//3380
f 3380//3380 3379//3379 3381//3381
f 3384//3384 3380//3380 3381//3381
f 3383//3383 3381//3381 3382//3382
f 3384//3384 3381//3381 3383//3383
f 3380//3380 3384//3384 3385//3385
f 3385//3385 3386//3386 3380//3380
f 3388//3388 3380//3380 3386//3386
f 3387//3387 3388//3388 3386//3386
f 3388//3388 3387//3387 3389//3389
f 3389//3389 3391//3391 3390//3390
f 3392//3392 3391//3391 3389//3389
f 3389//3389 3387//3387 3392//3392
f 3390//3390 3391//3391 3393//3393
f 3393//3393 3394//3394 3390//3390
f 3394//3394 3393//3393 3395//3395
f 3396//3396 3394//3394 3395//3395
f 3397//3397 3394//3394 3396//3396
f 3398//3398 3397//3397 3396//3396
f 3398//3398 3399//3399 3397//3397
f 3399//3399 3398//3398 3400//3400
f 3399//3399 3400//3400 3401//3401
f 3402//3402 3403//3403 3401//3401
f 3403//3403 3399//3399 3401//3401
f 3403//3403 3404//3404 3382//3382
f 3404//3404 3403//3403 3402//3402
f 3382//3382 3404//3404 3405//3405
f 3383//3383 3382//3382 3405//3405
f 3406//3406 3394//3394 3397//3397
f 3394//3394 3406//3406 3367//3367
f 3367//3367 3406//3406 3407//3407
f 3408//3408 3367//3367 3407//3407
f 3409//3409 3367//3367 3408//3408
f 3367//3367 3409//3409 3366//3366
f 3410//3410 3369//3369 3370//3370
f 3410//3410 3411//3411 3369//3369
f 3412//3412 3411//3411 3410//3410
f 3412//3412 3413//3413 3417//3417
f 3414//3414 3411//3411 3412//3412
f 3412//3412 3415//3415 3414//3414
f 3412//3412 3416//3416 3415//3415
f 3416//3416 3412//3412 3418//3418
f 3417//3417 3418//3418 3412//3412
f 3417//3417 3420//3420 3419//3419
f 3417//3417 3413//3413 3420//3420
f 3419//3419 3420//3420 3421//3421
f 3422//3422 3426//3426 3421//3421
f 3423//3423 3419//3419 3421//3421
f 3421//3421 3424//3424 3423//3423
f 3425//3425 3424//3424 3421//3421
f 3425//3425 3421//3421 3426//3426
f 3428//3428 3426//3426 3427//3427
f 3427//3427 3426//3426 3422//3422
f 3428//3428 3427//3427 3429//3429
f 3431//3431 3429//3429 3430//3430
f 3430//3430 3429//3429 3427//3427
f 3431//3431 3432//3432 3433//3433
f 3430//3430 3432//3432 3431//3431
f 3433//3433 3432//3432 3434//3434
f 3436//3436 3434//3434 3432//3432
f 3436//3436 3435//3435 3434//3434
f 3435//3435 3436//3436 3437//3437
f 3437//3437 3438//3438 3439//3439
f 3440//3440 3437//3437 3439//3439
f 3435//3435 3437//3437 3440//3440
f 3441//3441 3442//3442 3439//3439
f 3438//3438 3441//3441 3439//3439
f 3442//3442 3441//3441 3443//3443
f 3443//3443 3441//3441 3444//3444
f 3445//3445 3443//3443 3444//3444
f 3447//3447 3446//3446 3445//3445
f 3445//3445 3444//3444 3447//3447
f 3448//3448 3447//3447 3423//3423
f 3446//3446 3447//3447 3448//3448
f 3423//3423 3424//3424 3448//3448
f 3441//3441 3449//3449 3444//3444
f 3451//3451 3449//3449 3450//3450
f 3441//3441 3450//3450 3449//3449
f 3452//3452 3451//3451 3453//3453
f 3454//3454 3451//3451 3452//3452
f 3453//3453 3451//3451 3450//3450
f 3454//3454 3452//3452 3455//3455
f 3456//3456 3455//3455 3452//3452
f 3456//3456 3452//3452 3457//3457
f 3458//3458 3457//3457 3452//3452
f 3459//3459 3457//3457 3458//3458
f 3459//3459 3460//3460 3461//3461
f 3459//3459 3458//3458 3460//3460
f 3461//3461 3460//3460 3462//3462
f 3462//3462 3460//3460 3463//3463
f 3468//3468 3464//3464 3463//3463
f 3465//3465 3467//3467 3463//3463
f 3463//3463 3460//3460 3465//3465
f 3468//3468 3463//3463 3466//3466
f 3466//3466 3463//3463 3467//3467
f 3468//3468 3469//3469 3464//3464
f 3470//3470 3464//3464 3469//3469
f 3471//3471 3470//3470 3469//3469
f 3472//3472 3471//3471 3469//3469
f 3472//3472 3474//3474 3471//3471
f 3472//3472 3473//3473 3474//3474
f 3472//3472 3475//3475 3473//3473
f 3476//3476 3474//3474 3479//3479
f 3476//3476 3477//3477 3474//3474
f 3480//3480 3474//3474 3478//3478
f 3474//3474 3473//3473 3478//3478
f 3474//3474 3480//3480 3479//3479
f 3480//3480 3481//3481 3479//3479
f 3483//3483 3479//3479 3482//3482
f 3484//3484 3479//3479 3483//3483
f 3476//3476 3479//3479 3484//3484
f 3483//3483 3482//3482 3485//3485
f 3486//3486 3485//3485 3482//3482
f 3482//3482 3487//3487 3486//3486
f 3487//3487 3488//3488 3486//3486
f 3488//3488 3487//3487 3489//3489
f 3488//3488 3489//3489 3490//3490
f 3490//3490 3489//3489 3491//3491
f 3492//3492 3491//3491 3489//3489
f 3492//3492 3493//3493 3491//3491
f 3492//3492 3494//3494 3493//3493
f 3494//3494 3496//3496 3495//3495
f 3497//3497 3494//3494 3492//3492
f 3496//3496 3494//3494 3497//3497
f 3498//3498 3497//3497 3492//3492
f 3497//3497 3498//3498 3500//3500
f 3499//3499 3502//3502 3497//3497
f 3499//3499 3497//3497 3500//3500
f 3501//3501 3497//3497 3502//3502
f 3499//3499 3503//3503 3502//3502
f 3466//3466 3501//3501 3502//3502
f 3466//3466 3467//3467 3501//3501
f 3492//3492 3504//3504 3498//3498
f 3506//3506 3496//3496 3505//3505
f 3496//3496 3506//3506 3507//3507
f 3496//3496 3507//3507 3508//3508
f 3508//3508 3495//3495 3496//3496
f 3509//3509 3506//3506 3505//3505
f 3510//3510 3506//3506 3509//3509
f 3511//3511 3512//3512 3510//3510
f 3510//3510 3509//3509 3511//3511
f 3512//3512 3513//3513 3514//3514
f 3511//3511 3513//3513 3512//3512
f 3515//3515 3514//3514 3477//3477
f 3516//3516 3514//3514 3513//3513
f 3516//3516 3477//3477 3514//3514
f 3513//3513 3517//3517 3516//3516
f 3517//3517 3333//3333 3516//3516
f 3517//3517 3331//3331 3333//3333
f 3518//3518 3515//3515 3477//3477
f 3477//3477 3519//3519 3518//3518
f 3477//3477 3476//3476 3519//3519
f 3505//3505 3520//3520 3509//3509
f 3505//3505 3521//3521 3520//3520
f 3520//3520 3521//3521 3105//3105
f 3102//3102 3105//3105 3521//3521
f 3522//3522 3464//3464 3470//3470
f 3523//3523 3464//3464 3522//3522
f 3464//3464 3523//3523 3524//3524
f 3523//3523 3525//3525 3524//3524
f 3525//3525 3523//3523 3526//3526
f 3523//3523 3411//3411 3526//3526
f 3414//3414 3526//3526 3411//3411
f 3458//3458 3527//3527 3528//3528
f 3527//3527 3458//3458 3452//3452
f 3528//3528 3527//3527 3530//3530
f 3529//3529 3528//3528 3530//3530
f 3534//3534 3530//3530 3531//3531
f 3530//3530 3532//3532 3529//3529
f 3532//3532 3530//3530 3535//3535
f 3533//3533 3536//3536 3530//3530
f 3530//3530 3534//3534 3533//3533
f 3530//3530 3536//3536 3535//3535
f 3534//3534 3531//3531 3537//3537
f 3538//3538 3537//3537 3539//3539
f 3539//3539 3537//3537 3540//3540
f 3540//3540 3537//3537 3531//3531
f 3540//3540 3531//3531 3541//3541
f 3541//3541 3531//3531 3542//3542
f 3543//3543 3542//3542 3531//3531
f 3543//3543 3544//3544 3542//3542
f 3546//3546 3545//3545 3544//3544
f 3543//3543 3546//3546 3544//3544
f 3547//3547 3548//3548 3546//3546
f 3545//3545 3546//3546 3548//3548
f 3547//3547 3549//3549 3548//3548
f 3549//3549 3550//3550 3551//3551
f 3547//3547 3550//3550 3549//3549
f 3550//3550 3552//3552 3551//3551
f 3552//3552 3553//3553 3554//3554
f 3553//3553 3552//3552 3550//3550
f 3556//3556 3554//3554 3553//3553
f 3554//3554 3556//3556 3555//3555
f 3558//3558 3556//3556 3557//3557
f 3555//3555 3556//3556 3558//3558
f 3559//3559 3558//3558 3557//3557
f 3559//3559 3557//3557 3560//3560
f 3538//3538 3561//3561 3560//3560
f 3538//3538 3560//3560 3557//3557
f 3561//3561 3538//3538 3539//3539
f 3550//3550 3562//3562 3553//3553
f 3563//3563 3562//3562 3564//3564
f 3550//3550 3564//3564 3562//3562
f 3075//3075 3565//3565 3564//3564
f 3565//3565 3568//3568 3564//3564
f 3564//3564 3566//3566 3563//3563
f 3566//3566 3564//3564 3567//3567
f 3568//3568 3567//3567 3564//3564
f 3565//3565 3569//3569 3568//3568
f 3570//3570 3569//3569 3565//3565
f 3570//3570 3565//3565 3571//3571
f 3571//3571 3565//3565 3572//3572
f 3572//3572 3565//3565 3573//3573
f 3573//3573 3565//3565 3529//3529
f 3574//3574 3573//3573 3529//3529
f 3574//3574 3529//3529 3575//3575
f 3576//3576 3575//3575 3529//3529
f 3529//3529 3532//3532 3576//3576
f 3075//3075 3073//3073 3565//3565
f 3577//3577 3357//3357 3358//3358
f 3357//3357 3577//3577 3578//3578
f 3357//3357 3578//3578 3579//3579
f 3580//3580 3357//3357 3579//3579
f 3581//3581 3357//3357 3580//3580
f 3580//3580 3582//3582 3581//3581
f 3580//3580 3583//3583 3582//3582
f 3583//3583 3584//3584 3582//3582
f 3584//3584 3583//3583 3585//3585
f 3585//3585 3586//3586 3587//3587
f 3588//3588 3585//3585 3587//3587
f 3584//3584 3585//3585 3588//3588
f 3589//3589 3584//3584 3588//3588
f 3589//3589 3590//3590 3584//3584
f 3590//3590 3591//3591 3584//3584
f 3590//3590 3593//3593 3591//3591
f 3590//3590 3592//3592 3593//3593
f 3593//3593 3592//3592 3594//3594
f 3594//3594 3595//3595 3593//3593
f 3594//3594 3596//3596 3595//3595
f 3596//3596 3597//3597 3595//3595
f 3597//3597 3599//3599 3598//3598
f 3600//3600 3599//3599 3597//3597
f 3600//3600 3597//3597 3596//3596
f 3601//3601 3598//3598 3599//3599
f 3598//3598 3601//3601 3602//3602
f 3603//3603 3602//3602 3601//3601
f 3603//3603 3604//3604 3602//3602
f 3602//3602 3604//3604 3605//3605
f 3604//3604 3607//3607 3605//3605
f 3606//3606 3607//3607 3604//3604
f 3606//3606 3610//3610 3607//3607
f 3608//3608 3607//3607 3609//3609
f 3609//3609 3607//3607 3611//3611
f 3610//3610 3611//3611 3607//3607
f 3611//3611 3612//3612 3586//3586
f 3612//3612 3611//3611 3610//3610
f 3586//3586 3612//3612 3613//3613
f 3587//3587 3586//3586 3613//3613
f 3614//3614 3608//3608 3609//3609
f 3614//3614 3615//3615 3608//3608
f 3615//3615 3614//3614 3616//3616
f 3617//3617 3616//3616 3614//3614
f 3617//3617 3618//3618 3616//3616
f 3616//3616 3618//3618 3619//3619
f 3619//3619 3620//3620 3616//3616
f 3621//3621 3622//3622 3620//3620
f 3620//3620 3622//3622 3616//3616
f 3624//3624 3622//3622 3621//3621
f 3623//3623 3616//3616 3622//3622
f 3351//3351 3624//3624 3625//3625
f 3627//3627 3624//3624 3351//3351
f 3625//3625 3624//3624 3626//3626
f 3624//3624 3621//3621 3626//3626
f 3628//3628 3627//3627 3351//3351
f 3628//3628 3351//3351 3630//3630
f 3629//3629 3628//3628 3630//3630
f 3351//3351 3352//3352 3630//3630
f 3629//3629 3630//3630 3631//3631
f 3631//3631 3633//3633 3629//3629
f 3633//3633 3631//3631 3632//3632
f 3632//3632 3631//3631 3634//3634
f 3632//3632 3635//3635 3633//3633
f 3638//3638 3633//3633 3635//3635
f 3638//3638 3636//3636 3633//3633
f 3636//3636 3637//3637 3633//3633
f 3637//3637 3639//3639 3633//3633
f 3641//3641 3640//3640 3639//3639
f 3640//3640 3325//3325 3639//3639
f 3322//3322 3639//3639 3325//3325
f 3639//3639 3642//3642 3641//3641
f 3639//3639 3637//3637 3642//3642
f 3636//3636 3638//3638 3643//3643
f 3637//3637 3636//3636 3644//3644
f 3636//3636 3645//3645 3644//3644
f 3646//3646 3645//3645 3647//3647
f 3636//3636 3647//3647 3645//3645
f 3648//3648 3649//3649 3647//3647
f 3649//3649 3646//3646 3647//3647
f 3650//3650 3649//3649 3648//3648
f 3651//3651 3650//3650 3652//3652
f 3648//3648 3652//3652 3650//3650
f 3343//3343 3653//3653 3652//3652
f 3651//3651 3652//3652 3653//3653
f 3343//3343 3654//3654 3653//3653
f 3343//3343 3338//3338 3654//3654
f 3655//3655 3623//3623 3656//3656
f 3623//3623 3655//3655 3616//3616
f 3659//3659 3657//3657 3656//3656
f 3658//3658 3656//3656 3657//3657
f 3655//3655 3656//3656 3658//3658
f 3660//3660 3659//3659 3656//3656
f 3662//3662 3660//3660 3656//3656
f 3663//3663 3656//3656 3661//3661
f 3663//3663 3661//3661 3664//3664
f 3656//3656 3663//3663 3662//3662
f 3665//3665 3664//3664 3661//3661
f 3666//3666 3665//3665 3661//3661
f 3661//3661 3667//3667 3666//3666
f 3667//3667 3661//3661 3668//3668
f 3668//3668 3670//3670 3669//3669
f 3668//3668 3661//3661 3670//3670
f 3671//3671 3674//3674 3670//3670
f 3670//3670 3673//3673 3672//3672
f 3672//3672 3669//3669 3670//3670
f 3670//3670 3674//3674 3673//3673
f 3675//3675 3670//3670 3661//3661
f 3661//3661 3676//3676 3675//3675
f 3676//3676 3266//3266 3675//3675
f 3676//3676 3272//3272 3266//3266
f 3677//3677 3674//3674 3671//3671
f 3671//3671 3679//3679 3677//3677
f 3680//3680 3677//3677 3678//3678
f 3677//3677 3679//3679 3678//3678
f 3680//3680 3678//3678 3681//3681
f 3680//3680 3681//3681 3682//3682
f 3680//3680 3682//3682 3683//3683
f 3682//3682 3685//3685 3683//3683
f 3683//3683 3684//3684 3686//3686
f 3684//3684 3683//3683 3685//3685
f 3684//3684 3687//3687 3686//3686
f 3687//3687 3688//3688 3686//3686
f 3686//3686 3688//3688 3689//3689
f 3692//3692 3689//3689 3690//3690
f 3689//3689 3691//3691 3690//3690
f 3691//3691 3689//3689 3688//3688
f 3690//3690 3658//3658 3692//3692
f 3658//3658 3693//3693 3692//3692
f 3693//3693 3658//3658 3694//3694
f 3695//3695 3694//3694 3658//3658
f 3657//3657 3695//3695 3658//3658
f 3691//3691 3696//3696 3690//3690
f 3696//3696 3697//3697 3690//3690
f 3697//3697 3698//3698 3699//3699
f 3697//3697 3699//3699 3690//3690
f 3699//3699 3698//3698 3700//3700
f 3700//3700 3702//3702 3701//3701
f 3703//3703 3702//3702 3700//3700
f 3698//3698 3703//3703 3700//3700
f 3701//3701 3702//3702 3704//3704
f 3704//3704 3671//3671 3701//3701
f 3671//3671 3704//3704 3705//3705
f 3705//3705 3679//3679 3671//3671
f 3706//3706 3344//3344 3340//3340
f 3343//3343 3707//3707 3342//3342
f 3708//3708 3288//3288 3317//3317
f 3709//3709 3288//3288 3708//3708
f 3288//3288 3709//3709 3710//3710
f 3710//3710 3287//3287 3288//3288
f 3711//3711 3311//3311 3313//3313
f 3112//3112 3311//3311 3711//3711
f 3110//3110 3112//3112 3711//3711
f 3713//3713 3307//3307 3712//3712
f 3714//3714 3307//3307 3713//3713
f 3715//3715 3307//3307 3714//3714
f 3307//3307 3715//3715 3716//3716
f 3307//3307 3716//3716 3301//3301
f 3717//3717 3301//3301 3716//3716
f 3713//3713 3718//3718 3714//3714
f 3713//3713 3712//3712 3719//3719
f 3719//3719 3721//3721 3282//3282
f 3719//3719 3712//3712 3720//3720
f 3721//3721 3719//3719 3720//3720
f 3277//3277 3282//3282 3721//3721
f 3723//3723 3721//3721 3720//3720
f 3722//3722 3721//3721 3225//3225
f 3225//3225 3721//3721 3723//3723
f 3724//3724 3722//3722 3225//3225
f 3225//3225 3224//3224 3724//3724
f 3204//3204 3205//3205 3725//3725
f 3726//3726 3204//3204 3725//3725
f 3726//3726 3728//3728 3204//3204
f 3727//3727 3728//3728 3726//3726
f 3729//3729 3728//3728 3727//3727
f 3727//3727 3730//3730 3729//3729
f 3731//3731 3729//3729 3730//3730
f 3732//3732 3729//3729 3731//3731
f 3184//3184 3732//3732 3733//3733
f 3732//3732 3731//3731 3733//3733
f 3734//3734 3184//3184 3733//3733
f 3734//3734 3193//3193 3184//3184
f 3084//3084 3083//3083 3137//3137
f 3090//3090 3091//3091 3735//3735
