# core_hub_13 exported from /models/mainboards/core_hub_13.glb
# units: meters
v -0.079504 -0.001000 -0.062497
v -0.076504 -0.001000 -0.062497
v -0.076504 -0.001000 -0.060497
v -0.079504 -0.001000 -0.060497
v 0.079494 -0.001000 0.062501
v 0.076494 -0.001000 0.062501
v 0.076494 -0.001000 0.060501
v 0.079494 -0.001000 0.060501
v 0.011532 -0.001000 -0.102718
v 0.009086 -0.001000 -0.104729
v 0.006239 -0.001000 -0.106254
v 0.003148 -0.001000 -0.107189
v -0.000005 -0.001000 -0.107496
v -0.003157 -0.001000 -0.107189
v -0.006249 -0.001000 -0.106254
v -0.009095 -0.001000 -0.104729
v -0.011542 -0.001000 -0.102718
v -0.034763 -0.001000 -0.079497
v -0.060504 -0.001000 -0.079497
v -0.060504 -0.001000 -0.076497
v -0.062504 -0.001000 -0.076497
v -0.062504 -0.001000 -0.079497
v -0.065597 -0.001000 -0.079213
v -0.068761 -0.001000 -0.078303
v -0.071806 -0.001000 -0.076726
v -0.074525 -0.001000 -0.074518
v -0.076733 -0.001000 -0.071800
v -0.078310 -0.001000 -0.068755
v -0.079220 -0.001000 -0.065590
v -0.079504 -0.001000 -0.034756
v -0.102724 -0.001000 -0.011535
v -0.104736 -0.001000 -0.009089
v -0.106261 -0.001000 -0.006242
v -0.107196 -0.001000 -0.003150
v -0.107503 -0.001000 0.000002
v -0.107196 -0.001000 0.003155
v -0.106261 -0.001000 0.006246
v -0.104736 -0.001000 0.009093
v -0.102724 -0.001000 0.011539
v -0.079504 -0.001000 0.034760
v -0.079504 -0.001000 0.060501
v -0.076504 -0.001000 0.060501
v -0.076504 -0.001000 0.062501
v -0.079504 -0.001000 0.062501
v -0.079220 -0.001000 0.065594
v -0.078310 -0.001000 0.068759
v -0.076733 -0.001000 0.071804
v -0.074525 -0.001000 0.074522
v -0.071806 -0.001000 0.076730
v -0.068761 -0.001000 0.078307
v -0.065597 -0.001000 0.079217
v -0.062504 -0.001000 0.079501
v -0.062504 -0.001000 0.076501
v -0.060504 -0.001000 0.076501
v -0.060504 -0.001000 0.079501
v -0.034763 -0.001000 0.079501
v -0.011542 -0.001000 0.102722
v -0.009095 -0.001000 0.104733
v -0.006249 -0.001000 0.106258
v -0.003157 -0.001000 0.107193
v -0.000005 -0.001000 0.107500
v 0.003148 -0.001000 0.107193
v 0.006239 -0.001000 0.106258
v 0.009086 -0.001000 0.104733
v 0.011532 -0.001000 0.102722
v 0.034753 -0.001000 0.079501
v 0.060494 -0.001000 0.079501
v 0.060494 -0.001000 0.076501
v 0.062494 -0.001000 0.076501
v 0.062494 -0.001000 0.079501
v 0.065588 -0.001000 0.079217
v 0.068752 -0.001000 0.078307
v 0.071797 -0.001000 0.076730
v 0.074515 -0.001000 0.074522
v 0.076723 -0.001000 0.071804
v 0.078300 -0.001000 0.068759
v 0.079210 -0.001000 0.065594
v 0.079494 -0.001000 0.034760
v 0.102715 -0.001000 0.011539
v 0.104727 -0.001000 0.009093
v 0.106252 -0.001000 0.006246
v 0.107186 -0.001000 0.003155
v 0.107494 -0.001000 0.000002
v 0.107186 -0.001000 -0.003150
v 0.106252 -0.001000 -0.006242
v 0.104727 -0.001000 -0.009089
v 0.102715 -0.001000 -0.011535
v 0.079494 -0.001000 -0.034756
v 0.079494 -0.001000 -0.060497
v 0.076494 -0.001000 -0.060497
v 0.076494 -0.001000 -0.062497
v 0.079494 -0.001000 -0.062497
v 0.079210 -0.001000 -0.065590
v 0.078300 -0.001000 -0.068755
v 0.076723 -0.001000 -0.071799
v 0.074515 -0.001000 -0.074518
v 0.071797 -0.001000 -0.076726
v 0.068752 -0.001000 -0.078303
v 0.065588 -0.001000 -0.079213
v 0.062494 -0.001000 -0.079497
v 0.062494 -0.001000 -0.076497
v 0.060494 -0.001000 -0.076497
v 0.060494 -0.001000 -0.079497
v 0.034753 -0.001000 -0.079497
v -0.073504 -0.001000 0.044381
v -0.073442 -0.001000 0.043955
v -0.073251 -0.001000 0.043548
v -0.072948 -0.001000 0.043215
v -0.072578 -0.001000 0.042995
v -0.072161 -0.001000 0.042889
v -0.071711 -0.001000 0.042910
v -0.071288 -0.001000 0.043063
v -0.070943 -0.001000 0.043320
v -0.062504 -0.001000 0.073501
v -0.064505 -0.001000 0.073317
v -0.066553 -0.001000 0.072729
v -0.068523 -0.001000 0.071708
v -0.070282 -0.001000 0.070279
v -0.071711 -0.001000 0.068520
v -0.072731 -0.001000 0.066550
v -0.073320 -0.001000 0.064503
v -0.073504 -0.001000 0.062501
v -0.043323 -0.001000 0.070940
v -0.043066 -0.001000 0.071285
v -0.042913 -0.001000 0.071708
v -0.042892 -0.001000 0.072158
v -0.042998 -0.001000 0.072575
v -0.043218 -0.001000 0.072945
v -0.043551 -0.001000 0.073248
v -0.043958 -0.001000 0.073439
v -0.044384 -0.001000 0.073501
v 0.062494 -0.001000 -0.073497
v 0.064496 -0.001000 -0.073313
v 0.066543 -0.001000 -0.072725
v 0.068514 -0.001000 -0.071704
v 0.070272 -0.001000 -0.070275
v 0.071701 -0.001000 -0.068516
v 0.072722 -0.001000 -0.066546
v 0.073311 -0.001000 -0.064499
v 0.073494 -0.001000 -0.062497
v 0.043314 -0.001000 -0.070936
v 0.043056 -0.001000 -0.071281
v 0.042903 -0.001000 -0.071704
v 0.042883 -0.001000 -0.072154
v 0.042989 -0.001000 -0.072571
v 0.043209 -0.001000 -0.072941
v 0.043541 -0.001000 -0.073244
v 0.043948 -0.001000 -0.073435
v 0.044374 -0.001000 -0.073497
v 0.070934 -0.001000 -0.043316
v 0.073494 -0.001000 -0.044377
v 0.073432 -0.001000 -0.043951
v 0.073241 -0.001000 -0.043544
v 0.072938 -0.001000 -0.043211
v 0.072568 -0.001000 -0.042991
v 0.072151 -0.001000 -0.042885
v 0.071702 -0.001000 -0.042906
v 0.071278 -0.001000 -0.043059
v -0.054772 -0.001000 0.054769
v -0.055298 -0.001000 0.053994
v -0.055504 -0.001000 0.053001
v -0.055298 -0.001000 0.052008
v -0.054772 -0.001000 0.051234
v -0.053997 -0.001000 0.050707
v -0.053004 -0.001000 0.050501
v -0.052011 -0.001000 0.050707
v -0.051236 -0.001000 0.051234
v -0.050710 -0.001000 0.052008
v -0.050504 -0.001000 0.053001
v -0.050710 -0.001000 0.053994
v -0.051236 -0.001000 0.054769
v -0.052011 -0.001000 0.055296
v -0.053004 -0.001000 0.055501
v -0.053997 -0.001000 0.055296
v -0.028996 -0.001000 0.024750
v -0.006369 -0.001000 0.002123
v -0.024753 -0.001000 0.028993
v -0.002126 -0.001000 0.006366
v 0.000702 -0.001000 0.004952
v 0.000392 -0.001000 0.005162
v -0.000005 -0.001000 0.005245
v -0.000402 -0.001000 0.005162
v -0.000712 -0.001000 0.004952
v 0.004945 -0.001000 0.000709
v 0.004945 -0.001000 -0.000705
v 0.005156 -0.001000 -0.000395
v 0.005238 -0.001000 0.000002
v 0.005156 -0.001000 0.000399
v 0.000702 -0.001000 -0.004948
v -0.000712 -0.001000 -0.004948
v -0.000402 -0.001000 -0.005158
v -0.000005 -0.001000 -0.005241
v 0.000392 -0.001000 -0.005158
v -0.004954 -0.001000 -0.000705
v -0.004954 -0.001000 0.000709
v -0.005165 -0.001000 0.000399
v -0.005247 -0.001000 0.000002
v -0.005165 -0.001000 -0.000395
v 0.054762 -0.001000 -0.054765
v 0.055289 -0.001000 -0.053990
v 0.055494 -0.001000 -0.052997
v 0.055289 -0.001000 -0.052004
v 0.054762 -0.001000 -0.051229
v 0.053987 -0.001000 -0.050703
v 0.052994 -0.001000 -0.050497
v 0.052001 -0.001000 -0.050703
v 0.051227 -0.001000 -0.051229
v 0.050700 -0.001000 -0.052004
v 0.050495 -0.001000 -0.052997
v 0.050700 -0.001000 -0.053990
v 0.051227 -0.001000 -0.054765
v 0.052001 -0.001000 -0.055292
v 0.052994 -0.001000 -0.055497
v 0.053987 -0.001000 -0.055292
v 0.028986 -0.001000 -0.024746
v 0.006359 -0.001000 -0.002119
v 0.024744 -0.001000 -0.028989
v 0.002116 -0.001000 -0.006362
v 0.019966 -0.001000 0.048095
v 0.015150 -0.001000 0.049788
v 0.010170 -0.001000 0.051015
v 0.005094 -0.001000 0.051755
v -0.000005 -0.001000 0.052001
v 0.023269 -0.001000 0.031761
v 0.024760 -0.001000 0.033665
v 0.025772 -0.001000 0.035944
v 0.026189 -0.001000 0.038403
v 0.025999 -0.001000 0.040814
v 0.025237 -0.001000 0.043109
v 0.023898 -0.001000 0.045212
v 0.022080 -0.001000 0.046919
v 0.000702 -0.001000 0.009194
v -0.000712 -0.001000 0.009194
v -0.000402 -0.001000 0.008984
v -0.000005 -0.001000 0.008901
v 0.000392 -0.001000 0.008984
v -0.023279 -0.001000 0.031761
v -0.019976 -0.001000 0.048095
v -0.022089 -0.001000 0.046919
v -0.023907 -0.001000 0.045212
v -0.025247 -0.001000 0.043109
v -0.026009 -0.001000 0.040814
v -0.026198 -0.001000 0.038403
v -0.025781 -0.001000 0.035944
v -0.024769 -0.001000 0.033665
v -0.005104 -0.001000 0.051755
v -0.010179 -0.001000 0.051015
v -0.015160 -0.001000 0.049788
v 0.056994 -0.001000 0.015139
v 0.056994 -0.001000 0.027050
v 0.051556 -0.001000 0.014408
v 0.051965 -0.001000 0.013543
v 0.052698 -0.001000 0.012831
v 0.053639 -0.001000 0.012434
v 0.054595 -0.001000 0.012396
v 0.055507 -0.001000 0.012685
v 0.056310 -0.001000 0.013317
v 0.056829 -0.001000 0.014197
v 0.047538 -0.001000 0.024776
v 0.049812 -0.001000 0.019695
v 0.056871 -0.001000 0.028156
v 0.056493 -0.001000 0.029233
v 0.055881 -0.001000 0.030197
v 0.055089 -0.001000 0.030978
v 0.054144 -0.001000 0.031565
v 0.053064 -0.001000 0.031936
v 0.051928 -0.001000 0.032051
v 0.050824 -0.001000 0.031913
v 0.049778 -0.001000 0.031534
v 0.048818 -0.001000 0.030915
v 0.048025 -0.001000 0.030094
v 0.047450 -0.001000 0.029142
v 0.047100 -0.001000 0.028085
v 0.046992 -0.001000 0.026949
v 0.047146 -0.001000 0.025818
v 0.056994 -0.001000 -0.027046
v 0.056994 -0.001000 -0.015135
v 0.047538 -0.001000 -0.024772
v 0.047146 -0.001000 -0.025813
v 0.046992 -0.001000 -0.026945
v 0.047100 -0.001000 -0.028081
v 0.047450 -0.001000 -0.029138
v 0.048025 -0.001000 -0.030090
v 0.048818 -0.001000 -0.030911
v 0.049777 -0.001000 -0.031530
v 0.050824 -0.001000 -0.031909
v 0.051928 -0.001000 -0.032047
v 0.053064 -0.001000 -0.031931
v 0.054144 -0.001000 -0.031561
v 0.055089 -0.001000 -0.030974
v 0.055881 -0.001000 -0.030193
v 0.056493 -0.001000 -0.029229
v 0.056871 -0.001000 -0.028152
v 0.051556 -0.001000 -0.014404
v 0.049812 -0.001000 -0.019691
v 0.056829 -0.001000 -0.014193
v 0.056310 -0.001000 -0.013313
v 0.055507 -0.001000 -0.012681
v 0.054595 -0.001000 -0.012392
v 0.053639 -0.001000 -0.012430
v 0.052698 -0.001000 -0.012827
v 0.051965 -0.001000 -0.013539
v 0.008000 -0.001000 0.057001
v -0.008009 -0.001000 0.057001
v 0.007711 -0.001000 0.052952
v 0.008539 -0.001000 0.053005
v 0.009277 -0.001000 0.053383
v 0.009803 -0.001000 0.054024
v 0.010029 -0.001000 0.054822
v 0.009918 -0.001000 0.055644
v 0.009489 -0.001000 0.056353
v 0.008811 -0.001000 0.056832
v -0.007721 -0.001000 0.052952
v -0.003822 -0.001000 0.053367
v -0.000005 -0.001000 0.053501
v 0.003813 -0.001000 0.053367
v -0.008821 -0.001000 0.056832
v -0.009498 -0.001000 0.056353
v -0.009928 -0.001000 0.055644
v -0.010039 -0.001000 0.054822
v -0.009812 -0.001000 0.054024
v -0.009287 -0.001000 0.053383
v -0.008549 -0.001000 0.053005
v 0.014401 -0.001000 0.051563
v 0.019688 -0.001000 0.049819
v 0.024770 -0.001000 0.047545
v 0.015133 -0.001000 0.057001
v 0.014190 -0.001000 0.056836
v 0.013310 -0.001000 0.056317
v 0.012678 -0.001000 0.055514
v 0.012389 -0.001000 0.054602
v 0.012427 -0.001000 0.053646
v 0.012824 -0.001000 0.052705
v 0.013536 -0.001000 0.051971
v 0.027043 -0.001000 0.057001
v 0.025811 -0.001000 0.047152
v 0.026942 -0.001000 0.046999
v 0.028079 -0.001000 0.047107
v 0.029135 -0.001000 0.047457
v 0.030088 -0.001000 0.048031
v 0.030908 -0.001000 0.048825
v 0.031527 -0.001000 0.049784
v 0.031906 -0.001000 0.050831
v 0.032044 -0.001000 0.051935
v 0.031929 -0.001000 0.053070
v 0.031559 -0.001000 0.054150
v 0.030971 -0.001000 0.055095
v 0.030190 -0.001000 0.055887
v 0.029226 -0.001000 0.056500
v 0.028149 -0.001000 0.056877
v 0.052945 -0.001000 0.007718
v 0.053357 -0.001000 0.003870
v 0.053494 -0.001000 0.000002
v 0.056994 -0.001000 0.008006
v 0.056825 -0.001000 0.008818
v 0.056346 -0.001000 0.009495
v 0.055637 -0.001000 0.009925
v 0.054815 -0.001000 0.010036
v 0.054017 -0.001000 0.009810
v 0.053376 -0.001000 0.009284
v 0.052998 -0.001000 0.008546
v 0.056994 -0.001000 -0.008002
v 0.052945 -0.001000 -0.007714
v 0.052998 -0.001000 -0.008542
v 0.053376 -0.001000 -0.009280
v 0.054017 -0.001000 -0.009806
v 0.054815 -0.001000 -0.010032
v 0.055637 -0.001000 -0.009921
v 0.056346 -0.001000 -0.009491
v 0.056825 -0.001000 -0.008814
v 0.053357 -0.001000 -0.003866
v -0.024779 -0.001000 0.047545
v -0.019643 -0.001000 0.049840
v -0.027053 -0.001000 0.057001
v -0.028158 -0.001000 0.056877
v -0.029236 -0.001000 0.056500
v -0.030199 -0.001000 0.055887
v -0.030981 -0.001000 0.055095
v -0.031568 -0.001000 0.054150
v -0.031938 -0.001000 0.053070
v -0.032054 -0.001000 0.051935
v -0.031916 -0.001000 0.050830
v -0.031537 -0.001000 0.049784
v -0.030918 -0.001000 0.048825
v -0.030097 -0.001000 0.048031
v -0.029144 -0.001000 0.047457
v -0.028088 -0.001000 0.047107
v -0.026952 -0.001000 0.046999
v -0.025820 -0.001000 0.047152
v -0.015142 -0.001000 0.057001
v -0.014410 -0.001000 0.051563
v -0.013545 -0.001000 0.051971
v -0.012834 -0.001000 0.052705
v -0.012437 -0.001000 0.053646
v -0.012399 -0.001000 0.054602
v -0.012688 -0.001000 0.055514
v -0.013320 -0.001000 0.056317
v -0.014200 -0.001000 0.056836
v 0.048088 -0.001000 -0.019969
v 0.049782 -0.001000 -0.015153
v 0.051009 -0.001000 -0.010173
v 0.051749 -0.001000 -0.005097
v 0.051994 -0.001000 0.000002
v 0.031754 -0.001000 -0.023272
v 0.033658 -0.001000 -0.024762
v 0.035937 -0.001000 -0.025775
v 0.038396 -0.001000 -0.026191
v 0.040807 -0.001000 -0.026002
v 0.043102 -0.001000 -0.025240
v 0.045206 -0.001000 -0.023900
v 0.046912 -0.001000 -0.022082
v 0.009187 -0.001000 -0.000705
v 0.009187 -0.001000 0.000709
v 0.008977 -0.001000 0.000399
v 0.008895 -0.001000 0.000002
v 0.008977 -0.001000 -0.000395
v 0.031754 -0.001000 0.023276
v 0.048088 -0.001000 0.019973
v 0.046912 -0.001000 0.022086
v 0.045206 -0.001000 0.023905
v 0.043102 -0.001000 0.025244
v 0.040807 -0.001000 0.026006
v 0.038396 -0.001000 0.026195
v 0.035937 -0.001000 0.025779
v 0.033658 -0.001000 0.024767
v 0.051749 -0.001000 0.005101
v 0.051009 -0.001000 0.010177
v 0.049782 -0.001000 0.015157
v 0.070934 -0.001000 0.043320
v 0.071278 -0.001000 0.043063
v 0.071702 -0.001000 0.042910
v 0.072151 -0.001000 0.042889
v 0.072568 -0.001000 0.042995
v 0.072938 -0.001000 0.043215
v 0.073241 -0.001000 0.043548
v 0.073432 -0.001000 0.043955
v 0.073494 -0.001000 0.044381
v 0.043314 -0.001000 0.070940
v 0.044374 -0.001000 0.073501
v 0.043948 -0.001000 0.073439
v 0.043541 -0.001000 0.073248
v 0.043209 -0.001000 0.072945
v 0.042989 -0.001000 0.072575
v 0.042883 -0.001000 0.072158
v 0.042903 -0.001000 0.071708
v 0.043056 -0.001000 0.071285
v 0.073494 -0.001000 0.062501
v 0.073311 -0.001000 0.064503
v 0.072722 -0.001000 0.066550
v 0.071701 -0.001000 0.068520
v 0.070272 -0.001000 0.070279
v 0.068514 -0.001000 0.071708
v 0.066543 -0.001000 0.072729
v 0.064496 -0.001000 0.073317
v 0.062494 -0.001000 0.073501
v 0.054762 -0.001000 0.054769
v 0.053987 -0.001000 0.055296
v 0.052994 -0.001000 0.055501
v 0.052001 -0.001000 0.055296
v 0.051227 -0.001000 0.054769
v 0.050700 -0.001000 0.053994
v 0.050495 -0.001000 0.053001
v 0.050700 -0.001000 0.052008
v 0.051227 -0.001000 0.051234
v 0.052001 -0.001000 0.050707
v 0.052994 -0.001000 0.050501
v 0.053987 -0.001000 0.050707
v 0.054762 -0.001000 0.051234
v 0.055289 -0.001000 0.052008
v 0.055494 -0.001000 0.053001
v 0.055289 -0.001000 0.053994
v 0.006359 -0.001000 0.002123
v 0.028986 -0.001000 0.024750
v 0.002116 -0.001000 0.006366
v 0.024744 -0.001000 0.028993
v 0.062201 -0.001000 -0.047437
v 0.055570 -0.001000 -0.040807
v 0.061493 -0.001000 -0.049145
v 0.061777 -0.001000 -0.049103
v 0.062049 -0.001000 -0.048976
v 0.062271 -0.001000 -0.048774
v 0.062417 -0.001000 -0.048527
v 0.062488 -0.001000 -0.048249
v 0.062474 -0.001000 -0.047949
v 0.062372 -0.001000 -0.047667
v 0.054863 -0.001000 -0.049144
v 0.053863 -0.001000 -0.048144
v 0.053933 -0.001000 -0.048512
v 0.054156 -0.001000 -0.048851
v 0.054495 -0.001000 -0.049074
v 0.053863 -0.001000 -0.041514
v 0.055340 -0.001000 -0.040635
v 0.055058 -0.001000 -0.040533
v 0.054759 -0.001000 -0.040520
v 0.054481 -0.001000 -0.040590
v 0.054234 -0.001000 -0.040737
v 0.054032 -0.001000 -0.040959
v 0.053904 -0.001000 -0.041230
v 0.053864 -0.001000 0.041517
v 0.053905 -0.001000 0.041233
v 0.054033 -0.001000 0.040962
v 0.054235 -0.001000 0.040740
v 0.054481 -0.001000 0.040593
v 0.054760 -0.001000 0.040523
v 0.055059 -0.001000 0.040536
v 0.055341 -0.001000 0.040638
v 0.055571 -0.001000 0.040810
v 0.053864 -0.001000 0.048147
v 0.054864 -0.001000 0.049147
v 0.054496 -0.001000 0.049077
v 0.054157 -0.001000 0.048855
v 0.053934 -0.001000 0.048516
v 0.061494 -0.001000 0.049147
v 0.062201 -0.001000 0.047440
v 0.062373 -0.001000 0.047670
v 0.062475 -0.001000 0.047952
v 0.062489 -0.001000 0.048252
v 0.062418 -0.001000 0.048530
v 0.062271 -0.001000 0.048777
v 0.062050 -0.001000 0.048979
v 0.061778 -0.001000 0.049106
v 0.061881 -0.001000 -0.043884
v 0.098472 -0.001000 -0.007293
v 0.058494 -0.001000 -0.040497
v 0.058494 -0.001000 0.040501
v 0.061881 -0.001000 0.043888
v 0.098472 -0.001000 0.007297
v 0.099678 -0.001000 -0.005843
v 0.100645 -0.001000 -0.004095
v 0.101275 -0.001000 -0.002112
v 0.101494 -0.001000 0.000002
v 0.101275 -0.001000 0.002116
v 0.100645 -0.001000 0.004099
v 0.099678 -0.001000 0.005848
v 0.075787 -0.001000 -0.032806
v 0.069157 -0.001000 -0.039436
v 0.077494 -0.001000 -0.033513
v 0.077453 -0.001000 -0.033229
v 0.077326 -0.001000 -0.032958
v 0.077123 -0.001000 -0.032736
v 0.076877 -0.001000 -0.032589
v 0.076599 -0.001000 -0.032519
v 0.076299 -0.001000 -0.032532
v 0.076017 -0.001000 -0.032634
v 0.077494 -0.001000 -0.040144
v 0.076494 -0.001000 -0.041144
v 0.076862 -0.001000 -0.041073
v 0.077201 -0.001000 -0.040851
v 0.077424 -0.001000 -0.040512
v 0.069864 -0.001000 -0.041144
v 0.068985 -0.001000 -0.039666
v 0.068883 -0.001000 -0.039948
v 0.068869 -0.001000 -0.040248
v 0.068940 -0.001000 -0.040526
v 0.069087 -0.001000 -0.040773
v 0.069308 -0.001000 -0.040975
v 0.069580 -0.001000 -0.041102
v 0.069864 -0.001000 0.041148
v 0.069580 -0.001000 0.041106
v 0.069308 -0.001000 0.040979
v 0.069087 -0.001000 0.040777
v 0.068940 -0.001000 0.040530
v 0.068869 -0.001000 0.040252
v 0.068883 -0.001000 0.039953
v 0.068985 -0.001000 0.039670
v 0.069157 -0.001000 0.039440
v 0.076494 -0.001000 0.041148
v 0.077494 -0.001000 0.040148
v 0.077424 -0.001000 0.040516
v 0.077201 -0.001000 0.040855
v 0.076862 -0.001000 0.041077
v 0.077494 -0.001000 0.033517
v 0.075787 -0.001000 0.032810
v 0.076017 -0.001000 0.032639
v 0.076299 -0.001000 0.032537
v 0.076599 -0.001000 0.032523
v 0.076877 -0.001000 0.032593
v 0.077123 -0.001000 0.032740
v 0.077326 -0.001000 0.032962
v 0.077453 -0.001000 0.033233
v -0.041521 -0.001000 0.053870
v -0.041237 -0.001000 0.053911
v -0.040965 -0.001000 0.054039
v -0.040744 -0.001000 0.054241
v -0.040597 -0.001000 0.054487
v -0.040526 -0.001000 0.054766
v -0.040540 -0.001000 0.055065
v -0.040642 -0.001000 0.055347
v -0.040814 -0.001000 0.055577
v -0.048151 -0.001000 0.053870
v -0.049151 -0.001000 0.054870
v -0.049081 -0.001000 0.054502
v -0.048858 -0.001000 0.054163
v -0.048519 -0.001000 0.053940
v -0.049151 -0.001000 0.061500
v -0.047444 -0.001000 0.062207
v -0.047674 -0.001000 0.062379
v -0.047956 -0.001000 0.062481
v -0.048256 -0.001000 0.062495
v -0.048534 -0.001000 0.062424
v -0.048781 -0.001000 0.062277
v -0.048983 -0.001000 0.062056
v -0.049110 -0.001000 0.061784
v 0.047434 -0.001000 0.062208
v 0.040803 -0.001000 0.055578
v 0.049141 -0.001000 0.061501
v 0.049099 -0.001000 0.061785
v 0.048972 -0.001000 0.062057
v 0.048770 -0.001000 0.062278
v 0.048523 -0.001000 0.062425
v 0.048245 -0.001000 0.062496
v 0.047946 -0.001000 0.062482
v 0.047664 -0.001000 0.062380
v 0.049141 -0.001000 0.054871
v 0.048141 -0.001000 0.053871
v 0.048509 -0.001000 0.053941
v 0.048848 -0.001000 0.054164
v 0.049070 -0.001000 0.054503
v 0.041510 -0.001000 0.053871
v 0.040632 -0.001000 0.055348
v 0.040530 -0.001000 0.055066
v 0.040516 -0.001000 0.054766
v 0.040587 -0.001000 0.054488
v 0.040733 -0.001000 0.054242
v 0.040955 -0.001000 0.054039
v 0.041226 -0.001000 0.053912
v 0.007290 -0.001000 0.098479
v 0.005841 -0.001000 0.099685
v 0.004093 -0.001000 0.100652
v 0.002109 -0.001000 0.101282
v -0.000005 -0.001000 0.101501
v -0.002119 -0.001000 0.101282
v -0.004102 -0.001000 0.100652
v -0.005850 -0.001000 0.099685
v -0.007299 -0.001000 0.098479
v 0.043881 -0.001000 0.061888
v 0.040495 -0.001000 0.058501
v -0.040504 -0.001000 0.058501
v -0.043891 -0.001000 0.061888
v -0.041150 -0.001000 0.069871
v -0.041109 -0.001000 0.069587
v -0.040982 -0.001000 0.069315
v -0.040780 -0.001000 0.069094
v -0.040533 -0.001000 0.068947
v -0.040255 -0.001000 0.068876
v -0.039955 -0.001000 0.068890
v -0.039673 -0.001000 0.068992
v -0.039443 -0.001000 0.069164
v -0.041150 -0.001000 0.076501
v -0.040150 -0.001000 0.077501
v -0.040518 -0.001000 0.077431
v -0.040857 -0.001000 0.077208
v -0.041080 -0.001000 0.076869
v -0.033520 -0.001000 0.077501
v -0.032813 -0.001000 0.075794
v -0.032641 -0.001000 0.076024
v -0.032539 -0.001000 0.076306
v -0.032526 -0.001000 0.076605
v -0.032596 -0.001000 0.076884
v -0.032743 -0.001000 0.077130
v -0.032964 -0.001000 0.077332
v -0.033236 -0.001000 0.077460
v 0.032803 -0.001000 0.075794
v 0.039434 -0.001000 0.069164
v 0.033510 -0.001000 0.077501
v 0.033226 -0.001000 0.077460
v 0.032955 -0.001000 0.077332
v 0.032733 -0.001000 0.077130
v 0.032587 -0.001000 0.076884
v 0.032516 -0.001000 0.076605
v 0.032530 -0.001000 0.076306
v 0.032632 -0.001000 0.076024
v 0.040141 -0.001000 0.077501
v 0.041141 -0.001000 0.076501
v 0.041071 -0.001000 0.076869
v 0.040848 -0.001000 0.077208
v 0.040509 -0.001000 0.077431
v 0.041141 -0.001000 0.069871
v 0.039664 -0.001000 0.068992
v 0.039946 -0.001000 0.068890
v 0.040245 -0.001000 0.068876
v 0.040523 -0.001000 0.068947
v 0.040770 -0.001000 0.069094
v 0.040972 -0.001000 0.069315
v 0.041100 -0.001000 0.069587
v -0.048097 -0.001000 0.019973
v -0.049791 -0.001000 0.015157
v -0.051018 -0.001000 0.010177
v -0.051758 -0.001000 0.005101
v -0.052004 -0.001000 0.000002
v -0.031764 -0.001000 0.023276
v -0.033668 -0.001000 0.024767
v -0.035947 -0.001000 0.025779
v -0.038406 -0.001000 0.026195
v -0.040817 -0.001000 0.026006
v -0.043112 -0.001000 0.025244
v -0.045215 -0.001000 0.023905
v -0.046922 -0.001000 0.022086
v -0.009197 -0.001000 0.000709
v -0.009197 -0.001000 -0.000705
v -0.008986 -0.001000 -0.000395
v -0.008904 -0.001000 0.000002
v -0.008986 -0.001000 0.000399
v -0.031764 -0.001000 -0.023272
v -0.048097 -0.001000 -0.019969
v -0.046922 -0.001000 -0.022082
v -0.045215 -0.001000 -0.023900
v -0.043112 -0.001000 -0.025240
v -0.040817 -0.001000 -0.026002
v -0.038406 -0.001000 -0.026191
v -0.035947 -0.001000 -0.025775
v -0.033668 -0.001000 -0.024762
v -0.051758 -0.001000 -0.005097
v -0.051018 -0.001000 -0.010173
v -0.049791 -0.001000 -0.015153
v -0.024779 -0.001000 -0.047541
v -0.025820 -0.001000 -0.047148
v -0.026952 -0.001000 -0.046995
v -0.028088 -0.001000 -0.047102
v -0.029144 -0.001000 -0.047452
v -0.030097 -0.001000 -0.048027
v -0.030918 -0.001000 -0.048821
v -0.031537 -0.001000 -0.049780
v -0.031916 -0.001000 -0.050826
v -0.032054 -0.001000 -0.051931
v -0.031938 -0.001000 -0.053066
v -0.031568 -0.001000 -0.054146
v -0.030981 -0.001000 -0.055091
v -0.030199 -0.001000 -0.055883
v -0.029236 -0.001000 -0.056496
v -0.028158 -0.001000 -0.056873
v -0.027053 -0.001000 -0.056997
v -0.014410 -0.001000 -0.051559
v -0.019698 -0.001000 -0.049815
v -0.015142 -0.001000 -0.056997
v -0.014200 -0.001000 -0.056832
v -0.013320 -0.001000 -0.056313
v -0.012688 -0.001000 -0.055510
v -0.012399 -0.001000 -0.054598
v -0.012437 -0.001000 -0.053642
v -0.012834 -0.001000 -0.052701
v -0.013545 -0.001000 -0.051967
v 0.014401 -0.001000 -0.051559
v 0.013536 -0.001000 -0.051967
v 0.012824 -0.001000 -0.052701
v 0.012427 -0.001000 -0.053642
v 0.012389 -0.001000 -0.054598
v 0.012678 -0.001000 -0.055510
v 0.013310 -0.001000 -0.056313
v 0.014190 -0.001000 -0.056832
v 0.015133 -0.001000 -0.056997
v 0.024769 -0.001000 -0.047541
v 0.019688 -0.001000 -0.049815
v 0.027043 -0.001000 -0.056997
v 0.028149 -0.001000 -0.056873
v 0.029226 -0.001000 -0.056496
v 0.030190 -0.001000 -0.055883
v 0.030971 -0.001000 -0.055091
v 0.031559 -0.001000 -0.054146
v 0.031929 -0.001000 -0.053066
v 0.032044 -0.001000 -0.051930
v 0.031906 -0.001000 -0.050826
v 0.031527 -0.001000 -0.049780
v 0.030908 -0.001000 -0.048821
v 0.030087 -0.001000 -0.048027
v 0.029135 -0.001000 -0.047452
v 0.028079 -0.001000 -0.047102
v 0.026942 -0.001000 -0.046995
v 0.025811 -0.001000 -0.047148
v -0.052955 -0.001000 0.007718
v -0.053007 -0.001000 0.008546
v -0.053386 -0.001000 0.009284
v -0.054027 -0.001000 0.009810
v -0.054825 -0.001000 0.010036
v -0.055647 -0.001000 0.009925
v -0.056356 -0.001000 0.009495
v -0.056835 -0.001000 0.008818
v -0.057004 -0.001000 0.008006
v -0.052955 -0.001000 -0.007714
v -0.053370 -0.001000 -0.003815
v -0.053504 -0.001000 0.000002
v -0.053370 -0.001000 0.003819
v -0.057004 -0.001000 -0.008002
v -0.056835 -0.001000 -0.008814
v -0.056356 -0.001000 -0.009491
v -0.055647 -0.001000 -0.009921
v -0.054825 -0.001000 -0.010032
v -0.054027 -0.001000 -0.009806
v -0.053386 -0.001000 -0.009280
v -0.053007 -0.001000 -0.008542
v -0.057004 -0.001000 -0.027046
v -0.056880 -0.001000 -0.028152
v -0.056502 -0.001000 -0.029229
v -0.055890 -0.001000 -0.030192
v -0.055098 -0.001000 -0.030974
v -0.054153 -0.001000 -0.031561
v -0.053073 -0.001000 -0.031931
v -0.051937 -0.001000 -0.032047
v -0.050833 -0.001000 -0.031909
v -0.049787 -0.001000 -0.031530
v -0.048828 -0.001000 -0.030911
v -0.048034 -0.001000 -0.030090
v -0.047459 -0.001000 -0.029138
v -0.047109 -0.001000 -0.028081
v -0.047002 -0.001000 -0.026945
v -0.047155 -0.001000 -0.025813
v -0.047548 -0.001000 -0.024772
v -0.057004 -0.001000 -0.015135
v -0.051566 -0.001000 -0.014404
v -0.051974 -0.001000 -0.013539
v -0.052707 -0.001000 -0.012827
v -0.053649 -0.001000 -0.012430
v -0.054605 -0.001000 -0.012392
v -0.055517 -0.001000 -0.012681
v -0.056320 -0.001000 -0.013313
v -0.056839 -0.001000 -0.014193
v -0.049822 -0.001000 -0.019691
v 0.007711 -0.001000 -0.052948
v 0.003863 -0.001000 -0.053360
v -0.000005 -0.001000 -0.053497
v 0.008000 -0.001000 -0.056997
v 0.008811 -0.001000 -0.056828
v 0.009489 -0.001000 -0.056349
v 0.009918 -0.001000 -0.055640
v 0.010029 -0.001000 -0.054818
v 0.009803 -0.001000 -0.054020
v 0.009277 -0.001000 -0.053379
v 0.008539 -0.001000 -0.053001
v -0.008009 -0.001000 -0.056997
v -0.007721 -0.001000 -0.052948
v -0.008549 -0.001000 -0.053001
v -0.009287 -0.001000 -0.053379
v -0.009812 -0.001000 -0.054020
v -0.010039 -0.001000 -0.054818
v -0.009928 -0.001000 -0.055640
v -0.009498 -0.001000 -0.056349
v -0.008821 -0.001000 -0.056828
v -0.001939 -0.001000 -0.053463
v -0.003873 -0.001000 -0.053360
v -0.005801 -0.001000 -0.053188
v -0.057004 -0.001000 0.015139
v -0.056839 -0.001000 0.014197
v -0.056320 -0.001000 0.013317
v -0.055517 -0.001000 0.012685
v -0.054605 -0.001000 0.012396
v -0.053649 -0.001000 0.012434
v -0.052707 -0.001000 0.012831
v -0.051974 -0.001000 0.013543
v -0.057004 -0.001000 0.027050
v -0.047548 -0.001000 0.024776
v -0.047155 -0.001000 0.025817
v -0.047002 -0.001000 0.026949
v -0.047109 -0.001000 0.028085
v -0.047459 -0.001000 0.029142
v -0.048034 -0.001000 0.030094
v -0.048828 -0.001000 0.030915
v -0.049787 -0.001000 0.031534
v -0.050833 -0.001000 0.031913
v -0.051937 -0.001000 0.032051
v -0.053073 -0.001000 0.031936
v -0.054153 -0.001000 0.031565
v -0.055098 -0.001000 0.030978
v -0.055890 -0.001000 0.030197
v -0.056502 -0.001000 0.029233
v -0.056880 -0.001000 0.028156
v -0.051566 -0.001000 0.014408
v -0.049843 -0.001000 0.019640
v -0.019976 -0.001000 -0.048091
v -0.015160 -0.001000 -0.049784
v -0.010179 -0.001000 -0.051011
v -0.005104 -0.001000 -0.051751
v -0.000005 -0.001000 -0.051997
v -0.023279 -0.001000 -0.031757
v -0.024769 -0.001000 -0.033661
v -0.025781 -0.001000 -0.035940
v -0.026198 -0.001000 -0.038399
v -0.026009 -0.001000 -0.040810
v -0.025247 -0.001000 -0.043105
v -0.023907 -0.001000 -0.045208
v -0.022089 -0.001000 -0.046915
v -0.000712 -0.001000 -0.009190
v 0.000702 -0.001000 -0.009190
v 0.000392 -0.001000 -0.008980
v -0.000005 -0.001000 -0.008897
v -0.000402 -0.001000 -0.008980
v 0.023269 -0.001000 -0.031757
v 0.019966 -0.001000 -0.048091
v 0.022080 -0.001000 -0.046915
v 0.023898 -0.001000 -0.045208
v 0.025237 -0.001000 -0.043105
v 0.025999 -0.001000 -0.040810
v 0.026189 -0.001000 -0.038399
v 0.025772 -0.001000 -0.035940
v 0.024760 -0.001000 -0.033661
v 0.005094 -0.001000 -0.051751
v 0.010170 -0.001000 -0.051011
v 0.015150 -0.001000 -0.049784
v -0.073504 -0.001000 -0.062497
v -0.073320 -0.001000 -0.064499
v -0.072731 -0.001000 -0.066546
v -0.071711 -0.001000 -0.068516
v -0.070282 -0.001000 -0.070275
v -0.068523 -0.001000 -0.071704
v -0.066553 -0.001000 -0.072725
v -0.064505 -0.001000 -0.073313
v -0.062504 -0.001000 -0.073497
v -0.070943 -0.001000 -0.043316
v -0.071288 -0.001000 -0.043059
v -0.071711 -0.001000 -0.042906
v -0.072161 -0.001000 -0.042885
v -0.072578 -0.001000 -0.042991
v -0.072948 -0.001000 -0.043211
v -0.073251 -0.001000 -0.043544
v -0.073442 -0.001000 -0.043951
v -0.073504 -0.001000 -0.044377
v -0.043323 -0.001000 -0.070936
v -0.044384 -0.001000 -0.073497
v -0.043958 -0.001000 -0.073435
v -0.043551 -0.001000 -0.073244
v -0.043218 -0.001000 -0.072941
v -0.042998 -0.001000 -0.072571
v -0.042892 -0.001000 -0.072154
v -0.042913 -0.001000 -0.071704
v -0.043066 -0.001000 -0.071281
v -0.054772 -0.001000 -0.054765
v -0.053997 -0.001000 -0.055292
v -0.053004 -0.001000 -0.055497
v -0.052011 -0.001000 -0.055292
v -0.051236 -0.001000 -0.054765
v -0.050710 -0.001000 -0.053990
v -0.050504 -0.001000 -0.052997
v -0.050710 -0.001000 -0.052004
v -0.051236 -0.001000 -0.051229
v -0.052011 -0.001000 -0.050703
v -0.053004 -0.001000 -0.050497
v -0.053997 -0.001000 -0.050703
v -0.054772 -0.001000 -0.051229
v -0.055298 -0.001000 -0.052004
v -0.055504 -0.001000 -0.052997
v -0.055298 -0.001000 -0.053990
v -0.006369 -0.001000 -0.002119
v -0.028996 -0.001000 -0.024746
v -0.002126 -0.001000 -0.006362
v -0.024753 -0.001000 -0.028989
v 0.041511 -0.001000 -0.053866
v 0.041227 -0.001000 -0.053907
v 0.040956 -0.001000 -0.054035
v 0.040734 -0.001000 -0.054237
v 0.040587 -0.001000 -0.054483
v 0.040517 -0.001000 -0.054762
v 0.040531 -0.001000 -0.055061
v 0.040633 -0.001000 -0.055343
v 0.040804 -0.001000 -0.055573
v 0.048142 -0.001000 -0.053866
v 0.049142 -0.001000 -0.054866
v 0.049071 -0.001000 -0.054498
v 0.048849 -0.001000 -0.054159
v 0.048510 -0.001000 -0.053936
v 0.049142 -0.001000 -0.061496
v 0.047435 -0.001000 -0.062203
v 0.047665 -0.001000 -0.062375
v 0.047947 -0.001000 -0.062477
v 0.048246 -0.001000 -0.062491
v 0.048525 -0.001000 -0.062420
v 0.048771 -0.001000 -0.062273
v 0.048973 -0.001000 -0.062052
v 0.049101 -0.001000 -0.061780
v -0.047443 -0.001000 -0.062204
v -0.040813 -0.001000 -0.055574
v -0.049150 -0.001000 -0.061497
v -0.049109 -0.001000 -0.061781
v -0.048982 -0.001000 -0.062053
v -0.048780 -0.001000 -0.062274
v -0.048533 -0.001000 -0.062421
v -0.048255 -0.001000 -0.062492
v -0.047955 -0.001000 -0.062478
v -0.047673 -0.001000 -0.062376
v -0.049150 -0.001000 -0.054867
v -0.048150 -0.001000 -0.053867
v -0.048518 -0.001000 -0.053937
v -0.048857 -0.001000 -0.054160
v -0.049080 -0.001000 -0.054499
v -0.041520 -0.001000 -0.053867
v -0.040641 -0.001000 -0.055344
v -0.040539 -0.001000 -0.055062
v -0.040525 -0.001000 -0.054762
v -0.040596 -0.001000 -0.054484
v -0.040743 -0.001000 -0.054237
v -0.040964 -0.001000 -0.054035
v -0.041236 -0.001000 -0.053908
v -0.007299 -0.001000 -0.098475
v -0.005850 -0.001000 -0.099681
v -0.004102 -0.001000 -0.100648
v -0.002119 -0.001000 -0.101278
v -0.000005 -0.001000 -0.101497
v 0.002109 -0.001000 -0.101278
v 0.004092 -0.001000 -0.100648
v 0.005841 -0.001000 -0.099681
v 0.007290 -0.001000 -0.098475
v -0.043891 -0.001000 -0.061884
v -0.040504 -0.001000 -0.058497
v 0.040495 -0.001000 -0.058497
v 0.043881 -0.001000 -0.061884
v 0.041141 -0.001000 -0.069867
v 0.041100 -0.001000 -0.069583
v 0.040972 -0.001000 -0.069311
v 0.040770 -0.001000 -0.069089
v 0.040523 -0.001000 -0.068943
v 0.040245 -0.001000 -0.068872
v 0.039946 -0.001000 -0.068886
v 0.039664 -0.001000 -0.068988
v 0.039434 -0.001000 -0.069159
v 0.041141 -0.001000 -0.076497
v 0.040141 -0.001000 -0.077497
v 0.040509 -0.001000 -0.077427
v 0.040848 -0.001000 -0.077204
v 0.041071 -0.001000 -0.076865
v 0.033510 -0.001000 -0.077497
v 0.032803 -0.001000 -0.075790
v 0.032632 -0.001000 -0.076020
v 0.032530 -0.001000 -0.076302
v 0.032516 -0.001000 -0.076601
v 0.032587 -0.001000 -0.076880
v 0.032733 -0.001000 -0.077126
v 0.032955 -0.001000 -0.077328
v 0.033226 -0.001000 -0.077456
v -0.032813 -0.001000 -0.075790
v -0.039443 -0.001000 -0.069159
v -0.033520 -0.001000 -0.077497
v -0.033236 -0.001000 -0.077456
v -0.032964 -0.001000 -0.077328
v -0.032743 -0.001000 -0.077126
v -0.032596 -0.001000 -0.076880
v -0.032526 -0.001000 -0.076601
v -0.032539 -0.001000 -0.076302
v -0.032641 -0.001000 -0.076020
v -0.040150 -0.001000 -0.077497
v -0.041150 -0.001000 -0.076497
v -0.041080 -0.001000 -0.076865
v -0.040857 -0.001000 -0.077204
v -0.040518 -0.001000 -0.077427
v -0.041150 -0.001000 -0.069867
v -0.039673 -0.001000 -0.068988
v -0.039955 -0.001000 -0.068886
v -0.040255 -0.001000 -0.068872
v -0.040533 -0.001000 -0.068943
v -0.040780 -0.001000 -0.069089
v -0.040982 -0.001000 -0.069311
v -0.041109 -0.001000 -0.069583
v -0.062210 -0.001000 0.047442
v -0.055580 -0.001000 0.040811
v -0.061503 -0.001000 0.049149
v -0.061787 -0.001000 0.049107
v -0.062059 -0.001000 0.048980
v -0.062280 -0.001000 0.048778
v -0.062427 -0.001000 0.048531
v -0.062498 -0.001000 0.048253
v -0.062484 -0.001000 0.047954
v -0.062382 -0.001000 0.047671
v -0.054873 -0.001000 0.049148
v -0.053873 -0.001000 0.048148
v -0.053943 -0.001000 0.048517
v -0.054166 -0.001000 0.048856
v -0.054505 -0.001000 0.049078
v -0.053873 -0.001000 0.041518
v -0.055350 -0.001000 0.040639
v -0.055068 -0.001000 0.040537
v -0.054768 -0.001000 0.040524
v -0.054490 -0.001000 0.040594
v -0.054244 -0.001000 0.040741
v -0.054041 -0.001000 0.040963
v -0.053914 -0.001000 0.041234
v -0.053874 -0.001000 -0.041513
v -0.053915 -0.001000 -0.041229
v -0.054042 -0.001000 -0.040958
v -0.054244 -0.001000 -0.040736
v -0.054491 -0.001000 -0.040589
v -0.054769 -0.001000 -0.040519
v -0.055069 -0.001000 -0.040532
v -0.055351 -0.001000 -0.040634
v -0.055581 -0.001000 -0.040806
v -0.053874 -0.001000 -0.048143
v -0.054874 -0.001000 -0.049143
v -0.054505 -0.001000 -0.049073
v -0.054167 -0.001000 -0.048851
v -0.053944 -0.001000 -0.048512
v -0.061504 -0.001000 -0.049143
v -0.062211 -0.001000 -0.047436
v -0.062383 -0.001000 -0.047666
v -0.062485 -0.001000 -0.047948
v -0.062498 -0.001000 -0.048248
v -0.062428 -0.001000 -0.048526
v -0.062281 -0.001000 -0.048773
v -0.062059 -0.001000 -0.048975
v -0.061788 -0.001000 -0.049102
v -0.061890 -0.001000 0.043888
v -0.098482 -0.001000 0.007297
v -0.058504 -0.001000 0.040501
v -0.058504 -0.001000 -0.040497
v -0.061890 -0.001000 -0.043884
v -0.098482 -0.001000 -0.007293
v -0.099687 -0.001000 0.005847
v -0.100655 -0.001000 0.004099
v -0.101284 -0.001000 0.002116
v -0.101503 -0.001000 0.000002
v -0.101284 -0.001000 -0.002112
v -0.100655 -0.001000 -0.004095
v -0.099687 -0.001000 -0.005843
v -0.075797 -0.001000 0.032810
v -0.069166 -0.001000 0.039440
v -0.077504 -0.001000 0.033517
v -0.077462 -0.001000 0.033233
v -0.077335 -0.001000 0.032962
v -0.077133 -0.001000 0.032740
v -0.076886 -0.001000 0.032593
v -0.076608 -0.001000 0.032523
v -0.076309 -0.001000 0.032537
v -0.076027 -0.001000 0.032639
v -0.077504 -0.001000 0.040148
v -0.076504 -0.001000 0.041148
v -0.076872 -0.001000 0.041077
v -0.077211 -0.001000 0.040855
v -0.077433 -0.001000 0.040516
v -0.069873 -0.001000 0.041148
v -0.068995 -0.001000 0.039670
v -0.068893 -0.001000 0.039953
v -0.068879 -0.001000 0.040252
v -0.068950 -0.001000 0.040530
v -0.069096 -0.001000 0.040777
v -0.069318 -0.001000 0.040979
v -0.069589 -0.001000 0.041106
v -0.069873 -0.001000 -0.041144
v -0.069589 -0.001000 -0.041102
v -0.069318 -0.001000 -0.040975
v -0.069096 -0.001000 -0.040773
v -0.068950 -0.001000 -0.040526
v -0.068879 -0.001000 -0.040248
v -0.068893 -0.001000 -0.039948
v -0.068995 -0.001000 -0.039666
v -0.069166 -0.001000 -0.039436
v -0.076504 -0.001000 -0.041144
v -0.077504 -0.001000 -0.040144
v -0.077433 -0.001000 -0.040512
v -0.077211 -0.001000 -0.040851
v -0.076872 -0.001000 -0.041073
v -0.077504 -0.001000 -0.033513
v -0.075797 -0.001000 -0.032806
v -0.076027 -0.001000 -0.032634
v -0.076309 -0.001000 -0.032532
v -0.076608 -0.001000 -0.032519
v -0.076886 -0.001000 -0.032589
v -0.077133 -0.001000 -0.032736
v -0.077335 -0.001000 -0.032958
v -0.077462 -0.001000 -0.033229
v -0.034121 -0.001000 -0.042165
v -0.034263 -0.001000 -0.039854
v -0.035166 -0.001000 -0.037588
v -0.036749 -0.001000 -0.035733
v -0.038729 -0.001000 -0.034530
v -0.040478 -0.001000 -0.034046
v -0.042291 -0.001000 -0.033997
v -0.042104 -0.001000 -0.035988
v -0.040883 -0.001000 -0.048930
v -0.041071 -0.001000 -0.046939
v -0.047063 -0.001000 -0.040945
v -0.049054 -0.001000 -0.040758
v -0.048909 -0.001000 -0.043091
v -0.047986 -0.001000 -0.045375
v -0.046373 -0.001000 -0.047238
v -0.044363 -0.001000 -0.048431
v -0.042653 -0.001000 -0.048887
v -0.036112 -0.001000 -0.041978
v -0.040144 -0.001000 -0.046771
v -0.039246 -0.001000 -0.046440
v -0.038420 -0.001000 -0.045959
v -0.037699 -0.001000 -0.045353
v -0.037091 -0.001000 -0.044631
v -0.036610 -0.001000 -0.043804
v -0.036280 -0.001000 -0.042905
v -0.042989 -0.001000 -0.036145
v -0.043875 -0.001000 -0.036462
v -0.044719 -0.001000 -0.036942
v -0.045476 -0.001000 -0.037574
v -0.046108 -0.001000 -0.038331
v -0.046588 -0.001000 -0.039174
v -0.046905 -0.001000 -0.040060
v 0.042282 -0.001000 -0.033997
v 0.040468 -0.001000 -0.034046
v 0.038719 -0.001000 -0.034530
v 0.036740 -0.001000 -0.035733
v 0.035157 -0.001000 -0.037588
v 0.034253 -0.001000 -0.039854
v 0.034111 -0.001000 -0.042165
v 0.042094 -0.001000 -0.035988
v 0.041062 -0.001000 -0.046939
v 0.040874 -0.001000 -0.048930
v 0.049045 -0.001000 -0.040758
v 0.047054 -0.001000 -0.040945
v 0.042643 -0.001000 -0.048887
v 0.044354 -0.001000 -0.048431
v 0.046364 -0.001000 -0.047238
v 0.047977 -0.001000 -0.045375
v 0.048899 -0.001000 -0.043091
v 0.036102 -0.001000 -0.041978
v 0.037689 -0.001000 -0.045353
v 0.038410 -0.001000 -0.045959
v 0.039237 -0.001000 -0.046440
v 0.040135 -0.001000 -0.046771
v 0.036270 -0.001000 -0.042905
v 0.036601 -0.001000 -0.043804
v 0.037082 -0.001000 -0.044631
v 0.046896 -0.001000 -0.040060
v 0.046579 -0.001000 -0.039174
v 0.046098 -0.001000 -0.038331
v 0.045466 -0.001000 -0.037574
v 0.044709 -0.001000 -0.036942
v 0.043866 -0.001000 -0.036462
v 0.042980 -0.001000 -0.036145
v 0.034111 -0.001000 0.042169
v 0.034253 -0.001000 0.039858
v 0.035157 -0.001000 0.037592
v 0.036740 -0.001000 0.035737
v 0.038719 -0.001000 0.034534
v 0.040468 -0.001000 0.034050
v 0.042282 -0.001000 0.034001
v 0.042094 -0.001000 0.035992
v 0.040874 -0.001000 0.048934
v 0.041062 -0.001000 0.046943
v 0.047054 -0.001000 0.040949
v 0.049045 -0.001000 0.040762
v 0.048899 -0.001000 0.043095
v 0.047977 -0.001000 0.045380
v 0.046364 -0.001000 0.047242
v 0.044354 -0.001000 0.048435
v 0.042643 -0.001000 0.048891
v 0.036102 -0.001000 0.041982
v 0.040135 -0.001000 0.046775
v 0.039237 -0.001000 0.046444
v 0.038410 -0.001000 0.045963
v 0.037689 -0.001000 0.045357
v 0.037082 -0.001000 0.044635
v 0.036601 -0.001000 0.043808
v 0.036270 -0.001000 0.042909
v 0.042980 -0.001000 0.036149
v 0.043866 -0.001000 0.036466
v 0.044709 -0.001000 0.036946
v 0.045466 -0.001000 0.037578
v 0.046098 -0.001000 0.038335
v 0.046579 -0.001000 0.039178
v 0.046896 -0.001000 0.040064
v -0.042291 -0.001000 0.034001
v -0.040478 -0.001000 0.034050
v -0.038729 -0.001000 0.034534
v -0.036749 -0.001000 0.035737
v -0.035166 -0.001000 0.037592
v -0.034263 -0.001000 0.039858
v -0.034121 -0.001000 0.042169
v -0.042104 -0.001000 0.035992
v -0.041071 -0.001000 0.046943
v -0.040883 -0.001000 0.048934
v -0.049054 -0.001000 0.040762
v -0.047063 -0.001000 0.040949
v -0.042653 -0.001000 0.048891
v -0.044363 -0.001000 0.048435
v -0.046373 -0.001000 0.047242
v -0.047986 -0.001000 0.045380
v -0.048909 -0.001000 0.043095
v -0.036112 -0.001000 0.041982
v -0.037699 -0.001000 0.045357
v -0.038420 -0.001000 0.045963
v -0.039246 -0.001000 0.046444
v -0.040144 -0.001000 0.046775
v -0.036280 -0.001000 0.042909
v -0.036610 -0.001000 0.043808
v -0.037091 -0.001000 0.044635
v -0.046905 -0.001000 0.040064
v -0.046588 -0.001000 0.039178
v -0.046108 -0.001000 0.038335
v -0.045476 -0.001000 0.037578
v -0.044719 -0.001000 0.036946
v -0.043875 -0.001000 0.036466
v -0.042989 -0.001000 0.036149
v -0.073504 -0.001000 0.060501
v -0.060504 -0.001000 0.073501
v 0.060494 -0.001000 -0.073497
v 0.073494 -0.001000 -0.060497
v 0.073494 -0.001000 0.060501
v 0.060494 -0.001000 0.073501
v -0.073504 -0.001000 -0.060497
v -0.060504 -0.001000 -0.073497
v -0.079504 0.001000 -0.062497
v -0.076504 0.001000 -0.062497
v -0.076504 0.001000 -0.060497
v -0.079504 0.001000 -0.060497
v 0.079494 0.001000 0.062501
v 0.076494 0.001000 0.062501
v 0.076494 0.001000 0.060501
v 0.079494 0.001000 0.060501
v 0.011532 0.001000 -0.102718
v 0.009086 0.001000 -0.104729
v 0.006239 0.001000 -0.106254
v 0.003148 0.001000 -0.107189
v -0.000005 0.001000 -0.107496
v -0.003157 0.001000 -0.107189
v -0.006249 0.001000 -0.106254
v -0.009095 0.001000 -0.104729
v -0.011542 0.001000 -0.102718
v -0.034763 0.001000 -0.079497
v -0.060504 0.001000 -0.079497
v -0.060504 0.001000 -0.076497
v -0.062504 0.001000 -0.076497
v -0.062504 0.001000 -0.079497
v -0.065597 0.001000 -0.079213
v -0.068761 0.001000 -0.078303
v -0.071806 0.001000 -0.076726
v -0.074525 0.001000 -0.074518
v -0.076733 0.001000 -0.071800
v -0.078310 0.001000 -0.068755
v -0.079220 0.001000 -0.065590
v -0.079504 0.001000 -0.034756
v -0.102724 0.001000 -0.011535
v -0.104736 0.001000 -0.009089
v -0.106261 0.001000 -0.006242
v -0.107196 0.001000 -0.003150
v -0.107503 0.001000 0.000002
v -0.107196 0.001000 0.003155
v -0.106261 0.001000 0.006246
v -0.104736 0.001000 0.009093
v -0.102724 0.001000 0.011539
v -0.079504 0.001000 0.034760
v -0.079504 0.001000 0.060501
v -0.076504 0.001000 0.060501
v -0.076504 0.001000 0.062501
v -0.079504 0.001000 0.062501
v -0.079220 0.001000 0.065594
v -0.078310 0.001000 0.068759
v -0.076733 0.001000 0.071804
v -0.074525 0.001000 0.074522
v -0.071806 0.001000 0.076730
v -0.068761 0.001000 0.078307
v -0.065597 0.001000 0.079217
v -0.062504 0.001000 0.079501
v -0.062504 0.001000 0.076501
v -0.060504 0.001000 0.076501
v -0.060504 0.001000 0.079501
v -0.034763 0.001000 0.079501
v -0.011542 0.001000 0.102722
v -0.009095 0.001000 0.104733
v -0.006249 0.001000 0.106258
v -0.003157 0.001000 0.107193
v -0.000005 0.001000 0.107500
v 0.003148 0.001000 0.107193
v 0.006239 0.001000 0.106258
v 0.009086 0.001000 0.104733
v 0.011532 0.001000 0.102722
v 0.034753 0.001000 0.079501
v 0.060494 0.001000 0.079501
v 0.060494 0.001000 0.076501
v 0.062494 0.001000 0.076501
v 0.062494 0.001000 0.079501
v 0.065588 0.001000 0.079217
v 0.068752 0.001000 0.078307
v 0.071797 0.001000 0.076730
v 0.074515 0.001000 0.074522
v 0.076723 0.001000 0.071804
v 0.078300 0.001000 0.068759
v 0.079210 0.001000 0.065594
v 0.079494 0.001000 0.034760
v 0.102715 0.001000 0.011539
v 0.104727 0.001000 0.009093
v 0.106252 0.001000 0.006246
v 0.107186 0.001000 0.003155
v 0.107494 0.001000 0.000002
v 0.107186 0.001000 -0.003150
v 0.106252 0.001000 -0.006242
v 0.104727 0.001000 -0.009089
v 0.102715 0.001000 -0.011535
v 0.079494 0.001000 -0.034756
v 0.079494 0.001000 -0.060497
v 0.076494 0.001000 -0.060497
v 0.076494 0.001000 -0.062497
v 0.079494 0.001000 -0.062497
v 0.079210 0.001000 -0.065590
v 0.078300 0.001000 -0.068755
v 0.076723 0.001000 -0.071799
v 0.074515 0.001000 -0.074518
v 0.071797 0.001000 -0.076726
v 0.068752 0.001000 -0.078303
v 0.065588 0.001000 -0.079213
v 0.062494 0.001000 -0.079497
v 0.062494 0.001000 -0.076497
v 0.060494 0.001000 -0.076497
v 0.060494 0.001000 -0.079497
v 0.034753 0.001000 -0.079497
v -0.073504 0.001000 0.044381
v -0.073442 0.001000 0.043955
v -0.073251 0.001000 0.043548
v -0.072948 0.001000 0.043215
v -0.072578 0.001000 0.042995
v -0.072161 0.001000 0.042889
v -0.071711 0.001000 0.042910
v -0.071288 0.001000 0.043063
v -0.070943 0.001000 0.043320
v -0.062504 0.001000 0.073501
v -0.064505 0.001000 0.073317
v -0.066553 0.001000 0.072729
v -0.068523 0.001000 0.071708
v -0.070282 0.001000 0.070279
v -0.071711 0.001000 0.068520
v -0.072731 0.001000 0.066550
v -0.073320 0.001000 0.064503
v -0.073504 0.001000 0.062501
v -0.043323 0.001000 0.070940
v -0.043066 0.001000 0.071285
v -0.042913 0.001000 0.071708
v -0.042892 0.001000 0.072158
v -0.042998 0.001000 0.072575
v -0.043218 0.001000 0.072945
v -0.043551 0.001000 0.073248
v -0.043958 0.001000 0.073439
v -0.044384 0.001000 0.073501
v 0.062494 0.001000 -0.073497
v 0.064496 0.001000 -0.073313
v 0.066543 0.001000 -0.072725
v 0.068514 0.001000 -0.071704
v 0.070272 0.001000 -0.070275
v 0.071701 0.001000 -0.068516
v 0.072722 0.001000 -0.066546
v 0.073311 0.001000 -0.064499
v 0.073494 0.001000 -0.062497
v 0.043314 0.001000 -0.070936
v 0.043056 0.001000 -0.071281
v 0.042903 0.001000 -0.071704
v 0.042883 0.001000 -0.072154
v 0.042989 0.001000 -0.072571
v 0.043209 0.001000 -0.072941
v 0.043541 0.001000 -0.073244
v 0.043948 0.001000 -0.073435
v 0.044374 0.001000 -0.073497
v 0.070934 0.001000 -0.043316
v 0.073494 0.001000 -0.044377
v 0.073432 0.001000 -0.043951
v 0.073241 0.001000 -0.043544
v 0.072938 0.001000 -0.043211
v 0.072568 0.001000 -0.042991
v 0.072151 0.001000 -0.042885
v 0.071702 0.001000 -0.042906
v 0.071278 0.001000 -0.043059
v -0.054772 0.001000 0.054769
v -0.055298 0.001000 0.053994
v -0.055504 0.001000 0.053001
v -0.055298 0.001000 0.052008
v -0.054772 0.001000 0.051234
v -0.053997 0.001000 0.050707
v -0.053004 0.001000 0.050501
v -0.052011 0.001000 0.050707
v -0.051236 0.001000 0.051234
v -0.050710 0.001000 0.052008
v -0.050504 0.001000 0.053001
v -0.050710 0.001000 0.053994
v -0.051236 0.001000 0.054769
v -0.052011 0.001000 0.055296
v -0.053004 0.001000 0.055501
v -0.053997 0.001000 0.055296
v -0.028996 0.001000 0.024750
v -0.006369 0.001000 0.002123
v -0.024753 0.001000 0.028993
v -0.002126 0.001000 0.006366
v 0.000702 0.001000 0.004952
v 0.000392 0.001000 0.005162
v -0.000005 0.001000 0.005245
v -0.000402 0.001000 0.005162
v -0.000712 0.001000 0.004952
v 0.004945 0.001000 0.000709
v 0.004945 0.001000 -0.000705
v 0.005156 0.001000 -0.000395
v 0.005238 0.001000 0.000002
v 0.005156 0.001000 0.000399
v 0.000702 0.001000 -0.004948
v -0.000712 0.001000 -0.004948
v -0.000402 0.001000 -0.005158
v -0.000005 0.001000 -0.005241
v 0.000392 0.001000 -0.005158
v -0.004954 0.001000 -0.000705
v -0.004954 0.001000 0.000709
v -0.005165 0.001000 0.000399
v -0.005247 0.001000 0.000002
v -0.005165 0.001000 -0.000395
v 0.054762 0.001000 -0.054765
v 0.055289 0.001000 -0.053990
v 0.055494 0.001000 -0.052997
v 0.055289 0.001000 -0.052004
v 0.054762 0.001000 -0.051229
v 0.053987 0.001000 -0.050703
v 0.052994 0.001000 -0.050497
v 0.052001 0.001000 -0.050703
v 0.051227 0.001000 -0.051229
v 0.050700 0.001000 -0.052004
v 0.050495 0.001000 -0.052997
v 0.050700 0.001000 -0.053990
v 0.051227 0.001000 -0.054765
v 0.052001 0.001000 -0.055292
v 0.052994 0.001000 -0.055497
v 0.053987 0.001000 -0.055292
v 0.028986 0.001000 -0.024746
v 0.006359 0.001000 -0.002119
v 0.024744 0.001000 -0.028989
v 0.002116 0.001000 -0.006362
v 0.019966 0.001000 0.048095
v 0.015150 0.001000 0.049788
v 0.010170 0.001000 0.051015
v 0.005094 0.001000 0.051755
v -0.000005 0.001000 0.052001
v 0.023269 0.001000 0.031761
v 0.024760 0.001000 0.033665
v 0.025772 0.001000 0.035944
v 0.026189 0.001000 0.038403
v 0.025999 0.001000 0.040814
v 0.025237 0.001000 0.043109
v 0.023898 0.001000 0.045212
v 0.022080 0.001000 0.046919
v 0.000702 0.001000 0.009194
v -0.000712 0.001000 0.009194
v -0.000402 0.001000 0.008984
v -0.000005 0.001000 0.008901
v 0.000392 0.001000 0.008984
v -0.023279 0.001000 0.031761
v -0.019976 0.001000 0.048095
v -0.022089 0.001000 0.046919
v -0.023907 0.001000 0.045212
v -0.025247 0.001000 0.043109
v -0.026009 0.001000 0.040814
v -0.026198 0.001000 0.038403
v -0.025781 0.001000 0.035944
v -0.024769 0.001000 0.033665
v -0.005104 0.001000 0.051755
v -0.010179 0.001000 0.051015
v -0.015160 0.001000 0.049788
v 0.056994 0.001000 0.015139
v 0.056994 0.001000 0.027050
v 0.051556 0.001000 0.014408
v 0.051965 0.001000 0.013543
v 0.052698 0.001000 0.012831
v 0.053639 0.001000 0.012434
v 0.054595 0.001000 0.012396
v 0.055507 0.001000 0.012685
v 0.056310 0.001000 0.013317
v 0.056829 0.001000 0.014197
v 0.047538 0.001000 0.024776
v 0.049812 0.001000 0.019695
v 0.056871 0.001000 0.028156
v 0.056493 0.001000 0.029233
v 0.055881 0.001000 0.030197
v 0.055089 0.001000 0.030978
v 0.054144 0.001000 0.031565
v 0.053064 0.001000 0.031936
v 0.051928 0.001000 0.032051
v 0.050824 0.001000 0.031913
v 0.049778 0.001000 0.031534
v 0.048818 0.001000 0.030915
v 0.048025 0.001000 0.030094
v 0.047450 0.001000 0.029142
v 0.047100 0.001000 0.028085
v 0.046992 0.001000 0.026949
v 0.047146 0.001000 0.025818
v 0.056994 0.001000 -0.027046
v 0.056994 0.001000 -0.015135
v 0.047538 0.001000 -0.024772
v 0.047146 0.001000 -0.025813
v 0.046992 0.001000 -0.026945
v 0.047100 0.001000 -0.028081
v 0.047450 0.001000 -0.029138
v 0.048025 0.001000 -0.030090
v 0.048818 0.001000 -0.030911
v 0.049777 0.001000 -0.031530
v 0.050824 0.001000 -0.031909
v 0.051928 0.001000 -0.032047
v 0.053064 0.001000 -0.031931
v 0.054144 0.001000 -0.031561
v 0.055089 0.001000 -0.030974
v 0.055881 0.001000 -0.030193
v 0.056493 0.001000 -0.029229
v 0.056871 0.001000 -0.028152
v 0.051556 0.001000 -0.014404
v 0.049812 0.001000 -0.019691
v 0.056829 0.001000 -0.014193
v 0.056310 0.001000 -0.013313
v 0.055507 0.001000 -0.012681
v 0.054595 0.001000 -0.012392
v 0.053639 0.001000 -0.012430
v 0.052698 0.001000 -0.012827
v 0.051965 0.001000 -0.013539
v 0.008000 0.001000 0.057001
v -0.008009 0.001000 0.057001
v 0.007711 0.001000 0.052952
v 0.008539 0.001000 0.053005
v 0.009277 0.001000 0.053383
v 0.009803 0.001000 0.054024
v 0.010029 0.001000 0.054822
v 0.009918 0.001000 0.055644
v 0.009489 0.001000 0.056353
v 0.008811 0.001000 0.056832
v -0.007721 0.001000 0.052952
v -0.003822 0.001000 0.053367
v -0.000005 0.001000 0.053501
v 0.003813 0.001000 0.053367
v -0.008821 0.001000 0.056832
v -0.009498 0.001000 0.056353
v -0.009928 0.001000 0.055644
v -0.010039 0.001000 0.054822
v -0.009812 0.001000 0.054024
v -0.009287 0.001000 0.053383
v -0.008549 0.001000 0.053005
v 0.014401 0.001000 0.051563
v 0.019688 0.001000 0.049819
v 0.024770 0.001000 0.047545
v 0.015133 0.001000 0.057001
v 0.014190 0.001000 0.056836
v 0.013310 0.001000 0.056317
v 0.012678 0.001000 0.055514
v 0.012389 0.001000 0.054602
v 0.012427 0.001000 0.053646
v 0.012824 0.001000 0.052705
v 0.013536 0.001000 0.051971
v 0.027043 0.001000 0.057001
v 0.025811 0.001000 0.047152
v 0.026942 0.001000 0.046999
v 0.028079 0.001000 0.047107
v 0.029135 0.001000 0.047457
v 0.030088 0.001000 0.048031
v 0.030908 0.001000 0.048825
v 0.031527 0.001000 0.049784
v 0.031906 0.001000 0.050831
v 0.032044 0.001000 0.051935
v 0.031929 0.001000 0.053070
v 0.031559 0.001000 0.054150
v 0.030971 0.001000 0.055095
v 0.030190 0.001000 0.055887
v 0.029226 0.001000 0.056500
v 0.028149 0.001000 0.056877
v 0.052945 0.001000 0.007718
v 0.053357 0.001000 0.003870
v 0.053494 0.001000 0.000002
v 0.056994 0.001000 0.008006
v 0.056825 0.001000 0.008818
v 0.056346 0.001000 0.009495
v 0.055637 0.001000 0.009925
v 0.054815 0.001000 0.010036
v 0.054017 0.001000 0.009810
v 0.053376 0.001000 0.009284
v 0.052998 0.001000 0.008546
v 0.056994 0.001000 -0.008002
v 0.052945 0.001000 -0.007714
v 0.052998 0.001000 -0.008542
v 0.053376 0.001000 -0.009280
v 0.054017 0.001000 -0.009806
v 0.054815 0.001000 -0.010032
v 0.055637 0.001000 -0.009921
v 0.056346 0.001000 -0.009491
v 0.056825 0.001000 -0.008814
v 0.053357 0.001000 -0.003866
v -0.024779 0.001000 0.047545
v -0.019643 0.001000 0.049840
v -0.027053 0.001000 0.057001
v -0.028158 0.001000 0.056877
v -0.029236 0.001000 0.056500
v -0.030199 0.001000 0.055887
v -0.030981 0.001000 0.055095
v -0.031568 0.001000 0.054150
v -0.031938 0.001000 0.053070
v -0.032054 0.001000 0.051935
v -0.031916 0.001000 0.050830
v -0.031537 0.001000 0.049784
v -0.030918 0.001000 0.048825
v -0.030097 0.001000 0.048031
v -0.029144 0.001000 0.047457
v -0.028088 0.001000 0.047107
v -0.026952 0.001000 0.046999
v -0.025820 0.001000 0.047152
v -0.015142 0.001000 0.057001
v -0.014410 0.001000 0.051563
v -0.013545 0.001000 0.051971
v -0.012834 0.001000 0.052705
v -0.012437 0.001000 0.053646
v -0.012399 0.001000 0.054602
v -0.012688 0.001000 0.055514
v -0.013320 0.001000 0.056317
v -0.014200 0.001000 0.056836
v 0.048088 0.001000 -0.019969
v 0.049782 0.001000 -0.015153
v 0.051009 0.001000 -0.010173
v 0.051749 0.001000 -0.005097
v 0.051994 0.001000 0.000002
v 0.031754 0.001000 -0.023272
v 0.033658 0.001000 -0.024762
v 0.035937 0.001000 -0.025775
v 0.038396 0.001000 -0.026191
v 0.040807 0.001000 -0.026002
v 0.043102 0.001000 -0.025240
v 0.045206 0.001000 -0.023900
v 0.046912 0.001000 -0.022082
v 0.009187 0.001000 -0.000705
v 0.009187 0.001000 0.000709
v 0.008977 0.001000 0.000399
v 0.008895 0.001000 0.000002
v 0.008977 0.001000 -0.000395
v 0.031754 0.001000 0.023276
v 0.048088 0.001000 0.019973
v 0.046912 0.001000 0.022086
v 0.045206 0.001000 0.023905
v 0.043102 0.001000 0.025244
v 0.040807 0.001000 0.026006
v 0.038396 0.001000 0.026195
v 0.035937 0.001000 0.025779
v 0.033658 0.001000 0.024767
v 0.051749 0.001000 0.005101
v 0.051009 0.001000 0.010177
v 0.049782 0.001000 0.015157
v 0.070934 0.001000 0.043320
v 0.071278 0.001000 0.043063
v 0.071702 0.001000 0.042910
v 0.072151 0.001000 0.042889
v 0.072568 0.001000 0.042995
v 0.072938 0.001000 0.043215
v 0.073241 0.001000 0.043548
v 0.073432 0.001000 0.043955
v 0.073494 0.001000 0.044381
v 0.043314 0.001000 0.070940
v 0.044374 0.001000 0.073501
v 0.043948 0.001000 0.073439
v 0.043541 0.001000 0.073248
v 0.043209 0.001000 0.072945
v 0.042989 0.001000 0.072575
v 0.042883 0.001000 0.072158
v 0.042903 0.001000 0.071708
v 0.043056 0.001000 0.071285
v 0.073494 0.001000 0.062501
v 0.073311 0.001000 0.064503
v 0.072722 0.001000 0.066550
v 0.071701 0.001000 0.068520
v 0.070272 0.001000 0.070279
v 0.068514 0.001000 0.071708
v 0.066543 0.001000 0.072729
v 0.064496 0.001000 0.073317
v 0.062494 0.001000 0.073501
v 0.054762 0.001000 0.054769
v 0.053987 0.001000 0.055296
v 0.052994 0.001000 0.055501
v 0.052001 0.001000 0.055296
v 0.051227 0.001000 0.054769
v 0.050700 0.001000 0.053994
v 0.050495 0.001000 0.053001
v 0.050700 0.001000 0.052008
v 0.051227 0.001000 0.051234
v 0.052001 0.001000 0.050707
v 0.052994 0.001000 0.050501
v 0.053987 0.001000 0.050707
v 0.054762 0.001000 0.051234
v 0.055289 0.001000 0.052008
v 0.055494 0.001000 0.053001
v 0.055289 0.001000 0.053994
v 0.006359 0.001000 0.002123
v 0.028986 0.001000 0.024750
v 0.002116 0.001000 0.006366
v 0.024744 0.001000 0.028993
v 0.062201 0.001000 -0.047437
v 0.055570 0.001000 -0.040807
v 0.061493 0.001000 -0.049145
v 0.061777 0.001000 -0.049103
v 0.062049 0.001000 -0.048976
v 0.062271 0.001000 -0.048774
v 0.062417 0.001000 -0.048527
v 0.062488 0.001000 -0.048249
v 0.062474 0.001000 -0.047949
v 0.062372 0.001000 -0.047667
v 0.054863 0.001000 -0.049144
v 0.053863 0.001000 -0.048144
v 0.053933 0.001000 -0.048512
v 0.054156 0.001000 -0.048851
v 0.054495 0.001000 -0.049074
v 0.053863 0.001000 -0.041514
v 0.055340 0.001000 -0.040635
v 0.055058 0.001000 -0.040533
v 0.054759 0.001000 -0.040520
v 0.054481 0.001000 -0.040590
v 0.054234 0.001000 -0.040737
v 0.054032 0.001000 -0.040959
v 0.053904 0.001000 -0.041230
v 0.053864 0.001000 0.041517
v 0.053905 0.001000 0.041233
v 0.054033 0.001000 0.040962
v 0.054235 0.001000 0.040740
v 0.054481 0.001000 0.040593
v 0.054760 0.001000 0.040523
v 0.055059 0.001000 0.040536
v 0.055341 0.001000 0.040638
v 0.055571 0.001000 0.040810
v 0.053864 0.001000 0.048147
v 0.054864 0.001000 0.049147
v 0.054496 0.001000 0.049077
v 0.054157 0.001000 0.048855
v 0.053934 0.001000 0.048516
v 0.061494 0.001000 0.049147
v 0.062201 0.001000 0.047440
v 0.062373 0.001000 0.047670
v 0.062475 0.001000 0.047952
v 0.062489 0.001000 0.048252
v 0.062418 0.001000 0.048530
v 0.062271 0.001000 0.048777
v 0.062050 0.001000 0.048979
v 0.061778 0.001000 0.049106
v 0.061881 0.001000 -0.043884
v 0.098472 0.001000 -0.007293
v 0.058494 0.001000 -0.040497
v 0.058494 0.001000 0.040501
v 0.061881 0.001000 0.043888
v 0.098472 0.001000 0.007297
v 0.099678 0.001000 -0.005843
v 0.100645 0.001000 -0.004095
v 0.101275 0.001000 -0.002112
v 0.101494 0.001000 0.000002
v 0.101275 0.001000 0.002116
v 0.100645 0.001000 0.004099
v 0.099678 0.001000 0.005848
v 0.075787 0.001000 -0.032806
v 0.069157 0.001000 -0.039436
v 0.077494 0.001000 -0.033513
v 0.077453 0.001000 -0.033229
v 0.077326 0.001000 -0.032958
v 0.077123 0.001000 -0.032736
v 0.076877 0.001000 -0.032589
v 0.076599 0.001000 -0.032519
v 0.076299 0.001000 -0.032532
v 0.076017 0.001000 -0.032634
v 0.077494 0.001000 -0.040144
v 0.076494 0.001000 -0.041144
v 0.076862 0.001000 -0.041073
v 0.077201 0.001000 -0.040851
v 0.077424 0.001000 -0.040512
v 0.069864 0.001000 -0.041144
v 0.068985 0.001000 -0.039666
v 0.068883 0.001000 -0.039948
v 0.068869 0.001000 -0.040248
v 0.068940 0.001000 -0.040526
v 0.069087 0.001000 -0.040773
v 0.069308 0.001000 -0.040975
v 0.069580 0.001000 -0.041102
v 0.069864 0.001000 0.041148
v 0.069580 0.001000 0.041106
v 0.069308 0.001000 0.040979
v 0.069087 0.001000 0.040777
v 0.068940 0.001000 0.040530
v 0.068869 0.001000 0.040252
v 0.068883 0.001000 0.039953
v 0.068985 0.001000 0.039670
v 0.069157 0.001000 0.039441
v 0.076494 0.001000 0.041148
v 0.077494 0.001000 0.040148
v 0.077424 0.001000 0.040516
v 0.077201 0.001000 0.040855
v 0.076862 0.001000 0.041077
v 0.077494 0.001000 0.033517
v 0.075787 0.001000 0.032810
v 0.076017 0.001000 0.032639
v 0.076299 0.001000 0.032537
v 0.076599 0.001000 0.032523
v 0.076877 0.001000 0.032593
v 0.077123 0.001000 0.032740
v 0.077326 0.001000 0.032962
v 0.077453 0.001000 0.033233
v -0.041521 0.001000 0.053870
v -0.041237 0.001000 0.053911
v -0.040965 0.001000 0.054039
v -0.040744 0.001000 0.054241
v -0.040597 0.001000 0.054487
v -0.040526 0.001000 0.054766
v -0.040540 0.001000 0.055065
v -0.040642 0.001000 0.055347
v -0.040814 0.001000 0.055577
v -0.048151 0.001000 0.053870
v -0.049151 0.001000 0.054870
v -0.049081 0.001000 0.054502
v -0.048858 0.001000 0.054163
v -0.048519 0.001000 0.053940
v -0.049151 0.001000 0.061500
v -0.047444 0.001000 0.062207
v -0.047674 0.001000 0.062379
v -0.047956 0.001000 0.062481
v -0.048256 0.001000 0.062495
v -0.048534 0.001000 0.062424
v -0.048781 0.001000 0.062277
v -0.048983 0.001000 0.062056
v -0.049110 0.001000 0.061784
v 0.047434 0.001000 0.062208
v 0.040803 0.001000 0.055578
v 0.049141 0.001000 0.061501
v 0.049099 0.001000 0.061785
v 0.048972 0.001000 0.062057
v 0.048770 0.001000 0.062278
v 0.048523 0.001000 0.062425
v 0.048245 0.001000 0.062496
v 0.047946 0.001000 0.062482
v 0.047664 0.001000 0.062380
v 0.049141 0.001000 0.054871
v 0.048141 0.001000 0.053871
v 0.048509 0.001000 0.053941
v 0.048848 0.001000 0.054164
v 0.049070 0.001000 0.054503
v 0.041510 0.001000 0.053871
v 0.040632 0.001000 0.055348
v 0.040530 0.001000 0.055066
v 0.040516 0.001000 0.054766
v 0.040587 0.001000 0.054488
v 0.040733 0.001000 0.054242
v 0.040955 0.001000 0.054039
v 0.041226 0.001000 0.053912
v 0.007290 0.001000 0.098479
v 0.005841 0.001000 0.099685
v 0.004093 0.001000 0.100652
v 0.002109 0.001000 0.101282
v -0.000005 0.001000 0.101501
v -0.002119 0.001000 0.101282
v -0.004102 0.001000 0.100652
v -0.005850 0.001000 0.099685
v -0.007299 0.001000 0.098479
v 0.043881 0.001000 0.061888
v 0.040495 0.001000 0.058501
v -0.040504 0.001000 0.058501
v -0.043891 0.001000 0.061888
v -0.041150 0.001000 0.069871
v -0.041109 0.001000 0.069587
v -0.040982 0.001000 0.069315
v -0.040780 0.001000 0.069094
v -0.040533 0.001000 0.068947
v -0.040255 0.001000 0.068876
v -0.039955 0.001000 0.068890
v -0.039673 0.001000 0.068992
v -0.039443 0.001000 0.069164
v -0.041150 0.001000 0.076501
v -0.040150 0.001000 0.077501
v -0.040518 0.001000 0.077431
v -0.040857 0.001000 0.077208
v -0.041080 0.001000 0.076869
v -0.033520 0.001000 0.077501
v -0.032813 0.001000 0.075794
v -0.032641 0.001000 0.076024
v -0.032539 0.001000 0.076306
v -0.032526 0.001000 0.076605
v -0.032596 0.001000 0.076884
v -0.032743 0.001000 0.077130
v -0.032964 0.001000 0.077332
v -0.033236 0.001000 0.077460
v 0.032803 0.001000 0.075794
v 0.039434 0.001000 0.069164
v 0.033510 0.001000 0.077501
v 0.033226 0.001000 0.077460
v 0.032955 0.001000 0.077332
v 0.032733 0.001000 0.077130
v 0.032587 0.001000 0.076884
v 0.032516 0.001000 0.076605
v 0.032530 0.001000 0.076306
v 0.032632 0.001000 0.076024
v 0.040141 0.001000 0.077501
v 0.041141 0.001000 0.076501
v 0.041071 0.001000 0.076869
v 0.040848 0.001000 0.077208
v 0.040509 0.001000 0.077431
v 0.041141 0.001000 0.069871
v 0.039664 0.001000 0.068992
v 0.039946 0.001000 0.068890
v 0.040245 0.001000 0.068876
v 0.040523 0.001000 0.068947
v 0.040770 0.001000 0.069094
v 0.040972 0.001000 0.069315
v 0.041100 0.001000 0.069587
v -0.048097 0.001000 0.019973
v -0.049791 0.001000 0.015157
v -0.051018 0.001000 0.010177
v -0.051758 0.001000 0.005101
v -0.052004 0.001000 0.000002
v -0.031764 0.001000 0.023276
v -0.033668 0.001000 0.024767
v -0.035947 0.001000 0.025779
v -0.038406 0.001000 0.026195
v -0.040817 0.001000 0.026006
v -0.043112 0.001000 0.025244
v -0.045215 0.001000 0.023905
v -0.046922 0.001000 0.022086
v -0.009197 0.001000 0.000709
v -0.009197 0.001000 -0.000705
v -0.008986 0.001000 -0.000395
v -0.008904 0.001000 0.000002
v -0.008986 0.001000 0.000399
v -0.031764 0.001000 -0.023272
v -0.048097 0.001000 -0.019969
v -0.046922 0.001000 -0.022082
v -0.045215 0.001000 -0.023900
v -0.043112 0.001000 -0.025240
v -0.040817 0.001000 -0.026002
v -0.038406 0.001000 -0.026191
v -0.035947 0.001000 -0.025775
v -0.033668 0.001000 -0.024762
v -0.051758 0.001000 -0.005097
v -0.051018 0.001000 -0.010173
v -0.049791 0.001000 -0.015153
v -0.024779 0.001000 -0.047541
v -0.025820 0.001000 -0.047148
v -0.026952 0.001000 -0.046995
v -0.028088 0.001000 -0.047102
v -0.029144 0.001000 -0.047452
v -0.030097 0.001000 -0.048027
v -0.030918 0.001000 -0.048821
v -0.031537 0.001000 -0.049780
v -0.031916 0.001000 -0.050826
v -0.032054 0.001000 -0.051931
v -0.031938 0.001000 -0.053066
v -0.031568 0.001000 -0.054146
v -0.030981 0.001000 -0.055091
v -0.030199 0.001000 -0.055883
v -0.029236 0.001000 -0.056496
v -0.028158 0.001000 -0.056873
v -0.027053 0.001000 -0.056997
v -0.014410 0.001000 -0.051559
v -0.019698 0.001000 -0.049815
v -0.015142 0.001000 -0.056997
v -0.014200 0.001000 -0.056832
v -0.013320 0.001000 -0.056313
v -0.012688 0.001000 -0.055510
v -0.012399 0.001000 -0.054598
v -0.012437 0.001000 -0.053642
v -0.012834 0.001000 -0.052701
v -0.013545 0.001000 -0.051967
v 0.014401 0.001000 -0.051559
v 0.013536 0.001000 -0.051967
v 0.012824 0.001000 -0.052701
v 0.012427 0.001000 -0.053642
v 0.012389 0.001000 -0.054598
v 0.012678 0.001000 -0.055510
v 0.013310 0.001000 -0.056313
v 0.014190 0.001000 -0.056832
v 0.015133 0.001000 -0.056997
v 0.024769 0.001000 -0.047541
v 0.019688 0.001000 -0.049815
v 0.027043 0.001000 -0.056997
v 0.028149 0.001000 -0.056873
v 0.029226 0.001000 -0.056496
v 0.030190 0.001000 -0.055883
v 0.030971 0.001000 -0.055091
v 0.031559 0.001000 -0.054146
v 0.031929 0.001000 -0.053066
v 0.032044 0.001000 -0.051930
v 0.031906 0.001000 -0.050826
v 0.031527 0.001000 -0.049780
v 0.030908 0.001000 -0.048821
v 0.030087 0.001000 -0.048027
v 0.029135 0.001000 -0.047452
v 0.028079 0.001000 -0.047102
v 0.026942 0.001000 -0.046995
v 0.025811 0.001000 -0.047148
v -0.052955 0.001000 0.007718
v -0.053007 0.001000 0.008546
v -0.053386 0.001000 0.009284
v -0.054027 0.001000 0.009810
v -0.054825 0.001000 0.010036
v -0.055647 0.001000 0.009925
v -0.056356 0.001000 0.009495
v -0.056835 0.001000 0.008818
v -0.057004 0.001000 0.008006
v -0.052955 0.001000 -0.007714
v -0.053370 0.001000 -0.003815
v -0.053504 0.001000 0.000002
v -0.053370 0.001000 0.003819
v -0.057004 0.001000 -0.008002
v -0.056835 0.001000 -0.008814
v -0.056356 0.001000 -0.009491
v -0.055647 0.001000 -0.009921
v -0.054825 0.001000 -0.010032
v -0.054027 0.001000 -0.009806
v -0.053386 0.001000 -0.009280
v -0.053007 0.001000 -0.008542
v -0.057004 0.001000 -0.027046
v -0.056880 0.001000 -0.028152
v -0.056502 0.001000 -0.029229
v -0.055890 0.001000 -0.030192
v -0.055098 0.001000 -0.030974
v -0.054153 0.001000 -0.031561
v -0.053073 0.001000 -0.031931
v -0.051937 0.001000 -0.032047
v -0.050833 0.001000 -0.031909
v -0.049787 0.001000 -0.031530
v -0.048828 0.001000 -0.030911
v -0.048034 0.001000 -0.030090
v -0.047459 0.001000 -0.029138
v -0.047109 0.001000 -0.028081
v -0.047002 0.001000 -0.026945
v -0.047155 0.001000 -0.025813
v -0.047548 0.001000 -0.024772
v -0.057004 0.001000 -0.015135
v -0.051566 0.001000 -0.014404
v -0.051974 0.001000 -0.013539
v -0.052707 0.001000 -0.012827
v -0.053649 0.001000 -0.012430
v -0.054605 0.001000 -0.012392
v -0.055517 0.001000 -0.012681
v -0.056320 0.001000 -0.013313
v -0.056839 0.001000 -0.014193
v -0.049822 0.001000 -0.019691
v 0.007711 0.001000 -0.052948
v 0.003863 0.001000 -0.053360
v -0.000005 0.001000 -0.053497
v 0.008000 0.001000 -0.056997
v 0.008811 0.001000 -0.056828
v 0.009489 0.001000 -0.056349
v 0.009918 0.001000 -0.055640
v 0.010029 0.001000 -0.054818
v 0.009803 0.001000 -0.054020
v 0.009277 0.001000 -0.053379
v 0.008539 0.001000 -0.053001
v -0.008009 0.001000 -0.056997
v -0.007721 0.001000 -0.052948
v -0.008549 0.001000 -0.053001
v -0.009287 0.001000 -0.053379
v -0.009812 0.001000 -0.054020
v -0.010039 0.001000 -0.054818
v -0.009928 0.001000 -0.055640
v -0.009498 0.001000 -0.056349
v -0.008821 0.001000 -0.056828
v -0.001939 0.001000 -0.053463
v -0.003873 0.001000 -0.053360
v -0.005801 0.001000 -0.053188
v -0.057004 0.001000 0.015139
v -0.056839 0.001000 0.014197
v -0.056320 0.001000 0.013317
v -0.055517 0.001000 0.012685
v -0.054605 0.001000 0.012396
v -0.053649 0.001000 0.012434
v -0.052707 0.001000 0.012831
v -0.051974 0.001000 0.013543
v -0.057004 0.001000 0.027050
v -0.047548 0.001000 0.024776
v -0.047155 0.001000 0.025817
v -0.047002 0.001000 0.026949
v -0.047109 0.001000 0.028085
v -0.047459 0.001000 0.029142
v -0.048034 0.001000 0.030094
v -0.048828 0.001000 0.030915
v -0.049787 0.001000 0.031534
v -0.050833 0.001000 0.031913
v -0.051937 0.001000 0.032051
v -0.053073 0.001000 0.031936
v -0.054153 0.001000 0.031565
v -0.055098 0.001000 0.030978
v -0.055890 0.001000 0.030197
v -0.056502 0.001000 0.029233
v -0.056880 0.001000 0.028156
v -0.051566 0.001000 0.014408
v -0.049843 0.001000 0.019640
v -0.019976 0.001000 -0.048091
v -0.015160 0.001000 -0.049784
v -0.010179 0.001000 -0.051011
v -0.005104 0.001000 -0.051751
v -0.000005 0.001000 -0.051997
v -0.023279 0.001000 -0.031757
v -0.024769 0.001000 -0.033661
v -0.025781 0.001000 -0.035940
v -0.026198 0.001000 -0.038399
v -0.026009 0.001000 -0.040810
v -0.025247 0.001000 -0.043105
v -0.023907 0.001000 -0.045208
v -0.022089 0.001000 -0.046915
v -0.000712 0.001000 -0.009190
v 0.000702 0.001000 -0.009190
v 0.000392 0.001000 -0.008980
v -0.000005 0.001000 -0.008897
v -0.000402 0.001000 -0.008980
v 0.023269 0.001000 -0.031757
v 0.019966 0.001000 -0.048091
v 0.022080 0.001000 -0.046915
v 0.023898 0.001000 -0.045208
v 0.025237 0.001000 -0.043105
v 0.025999 0.001000 -0.040810
v 0.026189 0.001000 -0.038399
v 0.025772 0.001000 -0.035940
v 0.024760 0.001000 -0.033661
v 0.005094 0.001000 -0.051751
v 0.010170 0.001000 -0.051011
v 0.015150 0.001000 -0.049784
v -0.073504 0.001000 -0.062497
v -0.073320 0.001000 -0.064499
v -0.072731 0.001000 -0.066546
v -0.071711 0.001000 -0.068516
v -0.070282 0.001000 -0.070275
v -0.068523 0.001000 -0.071704
v -0.066553 0.001000 -0.072725
v -0.064505 0.001000 -0.073313
v -0.062504 0.001000 -0.073497
v -0.070943 0.001000 -0.043316
v -0.071288 0.001000 -0.043059
v -0.071711 0.001000 -0.042906
v -0.072161 0.001000 -0.042885
v -0.072578 0.001000 -0.042991
v -0.072948 0.001000 -0.043211
v -0.073251 0.001000 -0.043544
v -0.073442 0.001000 -0.043951
v -0.073504 0.001000 -0.044377
v -0.043323 0.001000 -0.070936
v -0.044384 0.001000 -0.073497
v -0.043958 0.001000 -0.073435
v -0.043551 0.001000 -0.073244
v -0.043218 0.001000 -0.072941
v -0.042998 0.001000 -0.072571
v -0.042892 0.001000 -0.072154
v -0.042913 0.001000 -0.071704
v -0.043066 0.001000 -0.071281
v -0.054772 0.001000 -0.054765
v -0.053997 0.001000 -0.055292
v -0.053004 0.001000 -0.055497
v -0.052011 0.001000 -0.055292
v -0.051236 0.001000 -0.054765
v -0.050710 0.001000 -0.053990
v -0.050504 0.001000 -0.052997
v -0.050710 0.001000 -0.052004
v -0.051236 0.001000 -0.051229
v -0.052011 0.001000 -0.050703
v -0.053004 0.001000 -0.050497
v -0.053997 0.001000 -0.050703
v -0.054772 0.001000 -0.051229
v -0.055298 0.001000 -0.052004
v -0.055504 0.001000 -0.052997
v -0.055298 0.001000 -0.053990
v -0.006369 0.001000 -0.002119
v -0.028996 0.001000 -0.024746
v -0.002126 0.001000 -0.006362
v -0.024753 0.001000 -0.028989
v 0.041511 0.001000 -0.053866
v 0.041227 0.001000 -0.053907
v 0.040956 0.001000 -0.054035
v 0.040734 0.001000 -0.054237
v 0.040587 0.001000 -0.054483
v 0.040517 0.001000 -0.054762
v 0.040531 0.001000 -0.055061
v 0.040633 0.001000 -0.055343
v 0.040804 0.001000 -0.055573
v 0.048142 0.001000 -0.053866
v 0.049142 0.001000 -0.054866
v 0.049071 0.001000 -0.054498
v 0.048849 0.001000 -0.054159
v 0.048510 0.001000 -0.053936
v 0.049142 0.001000 -0.061496
v 0.047435 0.001000 -0.062203
v 0.047665 0.001000 -0.062375
v 0.047947 0.001000 -0.062477
v 0.048246 0.001000 -0.062491
v 0.048525 0.001000 -0.062420
v 0.048771 0.001000 -0.062273
v 0.048973 0.001000 -0.062052
v 0.049101 0.001000 -0.061780
v -0.047443 0.001000 -0.062204
v -0.040813 0.001000 -0.055574
v -0.049150 0.001000 -0.061497
v -0.049109 0.001000 -0.061781
v -0.048982 0.001000 -0.062053
v -0.048780 0.001000 -0.062274
v -0.048533 0.001000 -0.062421
v -0.048255 0.001000 -0.062492
v -0.047955 0.001000 -0.062478
v -0.047673 0.001000 -0.062376
v -0.049150 0.001000 -0.054867
v -0.048150 0.001000 -0.053867
v -0.048518 0.001000 -0.053937
v -0.048857 0.001000 -0.054160
v -0.049080 0.001000 -0.054499
v -0.041520 0.001000 -0.053867
v -0.040641 0.001000 -0.055344
v -0.040539 0.001000 -0.055062
v -0.040525 0.001000 -0.054762
v -0.040596 0.001000 -0.054484
v -0.040743 0.001000 -0.054237
v -0.040964 0.001000 -0.054035
v -0.041236 0.001000 -0.053908
v -0.007299 0.001000 -0.098475
v -0.005850 0.001000 -0.099681
v -0.004102 0.001000 -0.100648
v -0.002119 0.001000 -0.101278
v -0.000005 0.001000 -0.101497
v 0.002109 0.001000 -0.101278
v 0.004092 0.001000 -0.100648
v 0.005841 0.001000 -0.099681
v 0.007290 0.001000 -0.098475
v -0.043891 0.001000 -0.061884
v -0.040504 0.001000 -0.058497
v 0.040495 0.001000 -0.058497
v 0.043881 0.001000 -0.061884
v 0.041141 0.001000 -0.069867
v 0.041100 0.001000 -0.069583
v 0.040972 0.001000 -0.069311
v 0.040770 0.001000 -0.069089
v 0.040523 0.001000 -0.068943
v 0.040245 0.001000 -0.068872
v 0.039946 0.001000 -0.068886
v 0.039664 0.001000 -0.068988
v 0.039434 0.001000 -0.069159
v 0.041141 0.001000 -0.076497
v 0.040141 0.001000 -0.077497
v 0.040509 0.001000 -0.077427
v 0.040848 0.001000 -0.077204
v 0.041071 0.001000 -0.076865
v 0.033510 0.001000 -0.077497
v 0.032803 0.001000 -0.075790
v 0.032632 0.001000 -0.076020
v 0.032530 0.001000 -0.076302
v 0.032516 0.001000 -0.076601
v 0.032587 0.001000 -0.076880
v 0.032733 0.001000 -0.077126
v 0.032955 0.001000 -0.077328
v 0.033226 0.001000 -0.077456
v -0.032813 0.001000 -0.075790
v -0.039443 0.001000 -0.069159
v -0.033520 0.001000 -0.077497
v -0.033236 0.001000 -0.077456
v -0.032964 0.001000 -0.077328
v -0.032743 0.001000 -0.077126
v -0.032596 0.001000 -0.076880
v -0.032526 0.001000 -0.076601
v -0.032539 0.001000 -0.076302
v -0.032641 0.001000 -0.076020
v -0.040150 0.001000 -0.077497
v -0.041150 0.001000 -0.076497
v -0.041080 0.001000 -0.076865
v -0.040857 0.001000 -0.077204
v -0.040518 0.001000 -0.077427
v -0.041150 0.001000 -0.069867
v -0.039673 0.001000 -0.068988
v -0.039955 0.001000 -0.068886
v -0.040255 0.001000 -0.068872
v -0.040533 0.001000 -0.068943
v -0.040780 0.001000 -0.069089
v -0.040982 0.001000 -0.069311
v -0.041109 0.001000 -0.069583
v -0.062210 0.001000 0.047442
v -0.055580 0.001000 0.040811
v -0.061503 0.001000 0.049149
v -0.061787 0.001000 0.049107
v -0.062059 0.001000 0.048980
v -0.062280 0.001000 0.048778
v -0.062427 0.001000 0.048531
v -0.062498 0.001000 0.048253
v -0.062484 0.001000 0.047954
v -0.062382 0.001000 0.047671
v -0.054873 0.001000 0.049148
v -0.053873 0.001000 0.048148
v -0.053943 0.001000 0.048517
v -0.054166 0.001000 0.048856
v -0.054505 0.001000 0.049078
v -0.053873 0.001000 0.041518
v -0.055350 0.001000 0.040639
v -0.055068 0.001000 0.040537
v -0.054768 0.001000 0.040524
v -0.054490 0.001000 0.040594
v -0.054244 0.001000 0.040741
v -0.054041 0.001000 0.040963
v -0.053914 0.001000 0.041234
v -0.053874 0.001000 -0.041513
v -0.053915 0.001000 -0.041229
v -0.054042 0.001000 -0.040958
v -0.054244 0.001000 -0.040736
v -0.054491 0.001000 -0.040589
v -0.054769 0.001000 -0.040519
v -0.055069 0.001000 -0.040532
v -0.055351 0.001000 -0.040634
v -0.055581 0.001000 -0.040806
v -0.053874 0.001000 -0.048143
v -0.054874 0.001000 -0.049143
v -0.054505 0.001000 -0.049073
v -0.054167 0.001000 -0.048851
v -0.053944 0.001000 -0.048512
v -0.061504 0.001000 -0.049143
v -0.062211 0.001000 -0.047436
v -0.062383 0.001000 -0.047666
v -0.062485 0.001000 -0.047948
v -0.062498 0.001000 -0.048248
v -0.062428 0.001000 -0.048526
v -0.062281 0.001000 -0.048773
v -0.062059 0.001000 -0.048975
v -0.061788 0.001000 -0.049102
v -0.061890 0.001000 0.043888
v -0.098482 0.001000 0.007297
v -0.058504 0.001000 0.040501
v -0.058504 0.001000 -0.040497
v -0.061890 0.001000 -0.043884
v -0.098482 0.001000 -0.007293
v -0.099687 0.001000 0.005847
v -0.100655 0.001000 0.004099
v -0.101284 0.001000 0.002116
v -0.101503 0.001000 0.000002
v -0.101284 0.001000 -0.002112
v -0.100655 0.001000 -0.004095
v -0.099687 0.001000 -0.005843
v -0.075797 0.001000 0.032810
v -0.069166 0.001000 0.039441
v -0.077504 0.001000 0.033517
v -0.077462 0.001000 0.033233
v -0.077335 0.001000 0.032962
v -0.077133 0.001000 0.032740
v -0.076886 0.001000 0.032593
v -0.076608 0.001000 0.032523
v -0.076309 0.001000 0.032537
v -0.076027 0.001000 0.032639
v -0.077504 0.001000 0.040148
v -0.076504 0.001000 0.041148
v -0.076872 0.001000 0.041077
v -0.077211 0.001000 0.040855
v -0.077433 0.001000 0.040516
v -0.069873 0.001000 0.041148
v -0.068995 0.001000 0.039670
v -0.068893 0.001000 0.039953
v -0.068879 0.001000 0.040252
v -0.068950 0.001000 0.040530
v -0.069096 0.001000 0.040777
v -0.069318 0.001000 0.040979
v -0.069589 0.001000 0.041106
v -0.069873 0.001000 -0.041144
v -0.069589 0.001000 -0.041102
v -0.069318 0.001000 -0.040975
v -0.069096 0.001000 -0.040773
v -0.068950 0.001000 -0.040526
v -0.068879 0.001000 -0.040248
v -0.068893 0.001000 -0.039948
v -0.068995 0.001000 -0.039666
v -0.069166 0.001000 -0.039436
v -0.076504 0.001000 -0.041144
v -0.077504 0.001000 -0.040144
v -0.077433 0.001000 -0.040512
v -0.077211 0.001000 -0.040851
v -0.076872 0.001000 -0.041073
v -0.077504 0.001000 -0.033513
v -0.075797 0.001000 -0.032806
v -0.076027 0.001000 -0.032634
v -0.076309 0.001000 -0.032532
v -0.076608 0.001000 -0.032519
v -0.076886 0.001000 -0.032589
v -0.077133 0.001000 -0.032736
v -0.077335 0.001000 -0.032958
v -0.077462 0.001000 -0.033229
v -0.034121 0.001000 -0.042165
v -0.034263 0.001000 -0.039854
v -0.035166 0.001000 -0.037588
v -0.036749 0.001000 -0.035733
v -0.038729 0.001000 -0.034530
v -0.040478 0.001000 -0.034046
v -0.042291 0.001000 -0.033997
v -0.042104 0.001000 -0.035988
v -0.040883 0.001000 -0.048930
v -0.041071 0.001000 -0.046939
v -0.047063 0.001000 -0.040945
v -0.049054 0.001000 -0.040758
v -0.048909 0.001000 -0.043091
v -0.047986 0.001000 -0.045375
v -0.046373 0.001000 -0.047238
v -0.044363 0.001000 -0.048431
v -0.042653 0.001000 -0.048887
v -0.036112 0.001000 -0.041978
v -0.040144 0.001000 -0.046771
v -0.039246 0.001000 -0.046440
v -0.038420 0.001000 -0.045959
v -0.037699 0.001000 -0.045353
v -0.037091 0.001000 -0.044631
v -0.036610 0.001000 -0.043804
v -0.036280 0.001000 -0.042905
v -0.042989 0.001000 -0.036145
v -0.043875 0.001000 -0.036462
v -0.044719 0.001000 -0.036942
v -0.045476 0.001000 -0.037574
v -0.046108 0.001000 -0.038331
v -0.046588 0.001000 -0.039174
v -0.046905 0.001000 -0.040060
v 0.042282 0.001000 -0.033997
v 0.040468 0.001000 -0.034046
v 0.038719 0.001000 -0.034530
v 0.036740 0.001000 -0.035733
v 0.035157 0.001000 -0.037588
v 0.034253 0.001000 -0.039854
v 0.034111 0.001000 -0.042165
v 0.042094 0.001000 -0.035988
v 0.041062 0.001000 -0.046939
v 0.040874 0.001000 -0.048930
v 0.049045 0.001000 -0.040758
v 0.047054 0.001000 -0.040945
v 0.042643 0.001000 -0.048887
v 0.044354 0.001000 -0.048431
v 0.046364 0.001000 -0.047238
v 0.047977 0.001000 -0.045375
v 0.048899 0.001000 -0.043091
v 0.036102 0.001000 -0.041978
v 0.037689 0.001000 -0.045353
v 0.038410 0.001000 -0.045959
v 0.039237 0.001000 -0.046440
v 0.040135 0.001000 -0.046771
v 0.036270 0.001000 -0.042905
v 0.036601 0.001000 -0.043804
v 0.037082 0.001000 -0.044631
v 0.046896 0.001000 -0.040060
v 0.046579 0.001000 -0.039174
v 0.046098 0.001000 -0.038331
v 0.045466 0.001000 -0.037574
v 0.044709 0.001000 -0.036942
v 0.043866 0.001000 -0.036462
v 0.042980 0.001000 -0.036145
v 0.034111 0.001000 0.042169
v 0.034253 0.001000 0.039858
v 0.035157 0.001000 0.037592
v 0.036740 0.001000 0.035737
v 0.038719 0.001000 0.034534
v 0.040468 0.001000 0.034050
v 0.042282 0.001000 0.034001
v 0.042094 0.001000 0.035992
v 0.040874 0.001000 0.048934
v 0.041062 0.001000 0.046943
v 0.047054 0.001000 0.040949
v 0.049045 0.001000 0.040762
v 0.048899 0.001000 0.043095
v 0.047977 0.001000 0.045380
v 0.046364 0.001000 0.047242
v 0.044354 0.001000 0.048435
v 0.042643 0.001000 0.048891
v 0.036102 0.001000 0.041982
v 0.040135 0.001000 0.046775
v 0.039237 0.001000 0.046444
v 0.038410 0.001000 0.045963
v 0.037689 0.001000 0.045357
v 0.037082 0.001000 0.044635
v 0.036601 0.001000 0.043808
v 0.036270 0.001000 0.042909
v 0.042980 0.001000 0.036149
v 0.043866 0.001000 0.036466
v 0.044709 0.001000 0.036946
v 0.045466 0.001000 0.037578
v 0.046098 0.001000 0.038335
v 0.046579 0.001000 0.039178
v 0.046896 0.001000 0.040064
v -0.042291 0.001000 0.034001
v -0.040478 0.001000 0.034050
v -0.038729 0.001000 0.034534
v -0.036749 0.001000 0.035737
v -0.035166 0.001000 0.037592
v -0.034263 0.001000 0.039858
v -0.034121 0.001000 0.042169
v -0.042104 0.001000 0.035992
v -0.041071 0.001000 0.046943
v -0.040883 0.001000 0.048934
v -0.049054 0.001000 0.040762
v -0.047063 0.001000 0.040949
v -0.042653 0.001000 0.048891
v -0.044363 0.001000 0.048435
v -0.046373 0.001000 0.047242
v -0.047986 0.001000 0.045380
v -0.048909 0.001000 0.043095
v -0.036112 0.001000 0.041982
v -0.037699 0.001000 0.045357
v -0.038420 0.001000 0.045963
v -0.039246 0.001000 0.046444
v -0.040144 0.001000 0.046775
v -0.036280 0.001000 0.042909
v -0.036610 0.001000 0.043808
v -0.037091 0.001000 0.044635
v -0.046905 0.001000 0.040064
v -0.046588 0.001000 0.039178
v -0.046108 0.001000 0.038335
v -0.045476 0.001000 0.037578
v -0.044719 0.001000 0.036946
v -0.043875 0.001000 0.036466
v -0.042989 0.001000 0.036149
v -0.073504 0.001000 0.060501
v -0.060504 0.001000 0.073501
v 0.060494 0.001000 -0.073497
v 0.073494 0.001000 -0.060497
v 0.073494 0.001000 0.060501
v 0.060494 0.001000 0.073501
v -0.073504 0.001000 -0.060497
v -0.060504 0.001000 -0.073497
v 0.011532 -0.001000 -0.102718
v 0.011532 0.001000 -0.102718
v -0.000005 -0.001000 -0.107496
v -0.011542 -0.001000 -0.102718
v 0.009086 -0.001000 -0.104729
v 0.006239 -0.001000 -0.106254
v 0.003148 -0.001000 -0.107189
v -0.003157 -0.001000 -0.107189
v -0.006249 -0.001000 -0.106254
v -0.009095 -0.001000 -0.104729
v -0.011542 0.001000 -0.102718
v -0.009095 0.001000 -0.104729
v -0.006249 0.001000 -0.106254
v -0.003157 0.001000 -0.107189
v -0.000005 0.001000 -0.107496
v 0.003148 0.001000 -0.107189
v 0.006239 0.001000 -0.106254
v 0.009086 0.001000 -0.104729
v -0.011542 -0.001000 -0.102718
v -0.011542 0.001000 -0.102718
v -0.034763 -0.001000 -0.079497
v -0.034763 0.001000 -0.079497
v -0.034763 -0.001000 -0.079497
v -0.034763 0.001000 -0.079497
v -0.060504 -0.001000 -0.079497
v -0.060504 0.001000 -0.079497
v -0.060504 -0.001000 -0.079497
v -0.060504 0.001000 -0.079497
v -0.060504 -0.001000 -0.076497
v -0.060504 0.001000 -0.076497
v -0.060504 -0.001000 -0.076497
v -0.060504 0.001000 -0.076497
v -0.062504 -0.001000 -0.076497
v -0.062504 0.001000 -0.076497
v -0.062504 -0.001000 -0.076497
v -0.062504 0.001000 -0.076497
v -0.062504 -0.001000 -0.079497
v -0.062504 0.001000 -0.079497
v -0.062504 -0.001000 -0.079497
v -0.062504 0.001000 -0.079497
v -0.079504 -0.001000 -0.062497
v -0.079504 0.001000 -0.062497
v -0.065597 -0.001000 -0.079213
v -0.068761 -0.001000 -0.078303
v -0.071806 -0.001000 -0.076726
v -0.074525 -0.001000 -0.074518
v -0.076733 -0.001000 -0.071800
v -0.078310 -0.001000 -0.068755
v -0.079220 -0.001000 -0.065590
v -0.079220 0.001000 -0.065590
v -0.078310 0.001000 -0.068755
v -0.076733 0.001000 -0.071800
v -0.074525 0.001000 -0.074518
v -0.071806 0.001000 -0.076726
v -0.068761 0.001000 -0.078303
v -0.065597 0.001000 -0.079213
v -0.079504 -0.001000 -0.062497
v -0.079504 0.001000 -0.062497
v -0.076504 -0.001000 -0.062497
v -0.076504 0.001000 -0.062497
v -0.076504 -0.001000 -0.062497
v -0.076504 0.001000 -0.062497
v -0.076504 -0.001000 -0.060497
v -0.076504 0.001000 -0.060497
v -0.076504 -0.001000 -0.060497
v -0.076504 0.001000 -0.060497
v -0.079504 -0.001000 -0.060497
v -0.079504 0.001000 -0.060497
v -0.079504 -0.001000 -0.060497
v -0.079504 0.001000 -0.060497
v -0.079504 -0.001000 -0.034756
v -0.079504 0.001000 -0.034756
v -0.079504 -0.001000 -0.034756
v -0.079504 0.001000 -0.034756
v -0.102724 -0.001000 -0.011535
v -0.102724 0.001000 -0.011535
v -0.102724 -0.001000 -0.011535
v -0.102724 0.001000 -0.011535
v -0.107503 -0.001000 0.000002
v -0.107503 0.001000 0.000002
v -0.102724 -0.001000 0.011539
v -0.102724 0.001000 0.011539
v -0.104736 -0.001000 -0.009089
v -0.106261 -0.001000 -0.006242
v -0.107196 -0.001000 -0.003150
v -0.107196 -0.001000 0.003155
v -0.106261 -0.001000 0.006246
v -0.104736 -0.001000 0.009093
v -0.104736 0.001000 0.009093
v -0.106261 0.001000 0.006246
v -0.107196 0.001000 0.003155
v -0.107196 0.001000 -0.003150
v -0.106261 0.001000 -0.006242
v -0.104736 0.001000 -0.009089
v -0.102724 -0.001000 0.011539
v -0.102724 0.001000 0.011539
v -0.079504 -0.001000 0.034760
v -0.079504 0.001000 0.034760
v -0.079504 -0.001000 0.034760
v -0.079504 0.001000 0.034760
v -0.079504 -0.001000 0.060501
v -0.079504 0.001000 0.060501
v -0.079504 -0.001000 0.060501
v -0.079504 0.001000 0.060501
v -0.076504 -0.001000 0.060501
v -0.076504 0.001000 0.060501
v -0.076504 -0.001000 0.060501
v -0.076504 0.001000 0.060501
v -0.076504 -0.001000 0.062501
v -0.076504 0.001000 0.062501
v -0.076504 -0.001000 0.062501
v -0.076504 0.001000 0.062501
v -0.079504 -0.001000 0.062501
v -0.079504 0.001000 0.062501
v -0.079504 -0.001000 0.062501
v -0.079504 0.001000 0.062501
v -0.079220 -0.001000 0.065594
v -0.078310 -0.001000 0.068759
v -0.076733 -0.001000 0.071804
v -0.074525 -0.001000 0.074522
v -0.071806 -0.001000 0.076730
v -0.068761 -0.001000 0.078307
v -0.065597 -0.001000 0.079217
v -0.065597 0.001000 0.079217
v -0.068761 0.001000 0.078307
v -0.071806 0.001000 0.076730
v -0.074525 0.001000 0.074522
v -0.076733 0.001000 0.071804
v -0.078310 0.001000 0.068759
v -0.079220 0.001000 0.065594
v -0.062504 -0.001000 0.079501
v -0.062504 0.001000 0.079501
v -0.062504 -0.001000 0.076501
v -0.062504 0.001000 0.076501
v -0.062504 -0.001000 0.076501
v -0.062504 0.001000 0.076501
v -0.060504 -0.001000 0.076501
v -0.060504 0.001000 0.076501
v -0.060504 -0.001000 0.076501
v -0.060504 0.001000 0.076501
v -0.060504 -0.001000 0.079501
v -0.060504 0.001000 0.079501
v -0.060504 -0.001000 0.079501
v -0.060504 0.001000 0.079501
v -0.034763 -0.001000 0.079501
v -0.034763 0.001000 0.079501
v -0.034763 -0.001000 0.079501
v -0.034763 0.001000 0.079501
v -0.011542 -0.001000 0.102722
v -0.011542 0.001000 0.102722
v -0.011542 -0.001000 0.102722
v -0.011542 0.001000 0.102722
v 0.011532 -0.001000 0.102722
v 0.011532 0.001000 0.102722
v -0.009095 -0.001000 0.104733
v -0.006249 -0.001000 0.106258
v -0.003157 -0.001000 0.107193
v -0.000005 -0.001000 0.107500
v 0.003148 -0.001000 0.107193
v 0.006239 -0.001000 0.106258
v 0.009086 -0.001000 0.104733
v 0.009086 0.001000 0.104733
v 0.006239 0.001000 0.106258
v 0.003148 0.001000 0.107193
v -0.000005 0.001000 0.107500
v -0.003157 0.001000 0.107193
v -0.006249 0.001000 0.106258
v -0.009095 0.001000 0.104733
v 0.011532 -0.001000 0.102722
v 0.011532 0.001000 0.102722
v 0.034753 -0.001000 0.079501
v 0.034753 0.001000 0.079501
v 0.034753 -0.001000 0.079501
v 0.034753 0.001000 0.079501
v 0.060494 -0.001000 0.079501
v 0.060494 0.001000 0.079501
v 0.060494 -0.001000 0.079501
v 0.060494 0.001000 0.079501
v 0.060494 -0.001000 0.076501
v 0.060494 0.001000 0.076501
v 0.060494 -0.001000 0.076501
v 0.060494 0.001000 0.076501
v 0.062494 -0.001000 0.076501
v 0.062494 0.001000 0.076501
v 0.062494 -0.001000 0.076501
v 0.062494 0.001000 0.076501
v 0.062494 -0.001000 0.079501
v 0.062494 0.001000 0.079501
v 0.062494 -0.001000 0.079501
v 0.062494 0.001000 0.079501
v 0.079494 -0.001000 0.062501
v 0.079494 0.001000 0.062501
v 0.065588 -0.001000 0.079217
v 0.068752 -0.001000 0.078307
v 0.071797 -0.001000 0.076730
v 0.074515 -0.001000 0.074522
v 0.076723 -0.001000 0.071804
v 0.078300 -0.001000 0.068759
v 0.079210 -0.001000 0.065594
v 0.079210 0.001000 0.065594
v 0.078300 0.001000 0.068759
v 0.076723 0.001000 0.071804
v 0.074515 0.001000 0.074522
v 0.071797 0.001000 0.076730
v 0.068752 0.001000 0.078307
v 0.065588 0.001000 0.079217
v 0.079494 -0.001000 0.062501
v 0.079494 0.001000 0.062501
v 0.076494 -0.001000 0.062501
v 0.076494 0.001000 0.062501
v 0.076494 -0.001000 0.062501
v 0.076494 0.001000 0.062501
v 0.076494 -0.001000 0.060501
v 0.076494 0.001000 0.060501
v 0.076494 -0.001000 0.060501
v 0.076494 0.001000 0.060501
v 0.079494 -0.001000 0.060501
v 0.079494 0.001000 0.060501
v 0.079494 -0.001000 0.060501
v 0.079494 0.001000 0.060501
v 0.079494 -0.001000 0.034760
v 0.079494 0.001000 0.034760
v 0.079494 -0.001000 0.034760
v 0.079494 0.001000 0.034760
v 0.102715 -0.001000 0.011539
v 0.102715 0.001000 0.011539
v 0.102715 -0.001000 0.011539
v 0.102715 0.001000 0.011539
v 0.102715 -0.001000 -0.011535
v 0.102715 0.001000 -0.011535
v 0.104727 -0.001000 0.009093
v 0.106252 -0.001000 0.006246
v 0.107186 -0.001000 0.003155
v 0.107494 -0.001000 0.000002
v 0.107186 -0.001000 -0.003150
v 0.106252 -0.001000 -0.006242
v 0.104727 -0.001000 -0.009089
v 0.104727 0.001000 -0.009089
v 0.106252 0.001000 -0.006242
v 0.107186 0.001000 -0.003150
v 0.107494 0.001000 0.000002
v 0.107186 0.001000 0.003155
v 0.106252 0.001000 0.006246
v 0.104727 0.001000 0.009093
v 0.102715 -0.001000 -0.011535
v 0.079494 -0.001000 -0.034756
v 0.079494 0.001000 -0.034756
v 0.102715 0.001000 -0.011535
v 0.079494 -0.001000 -0.034756
v 0.079494 0.001000 -0.034756
v 0.079494 -0.001000 -0.060497
v 0.079494 0.001000 -0.060497
v 0.079494 -0.001000 -0.060497
v 0.079494 0.001000 -0.060497
v 0.076494 -0.001000 -0.060497
v 0.076494 0.001000 -0.060497
v 0.076494 -0.001000 -0.060497
v 0.076494 0.001000 -0.060497
v 0.076494 -0.001000 -0.062497
v 0.076494 0.001000 -0.062497
v 0.076494 -0.001000 -0.062497
v 0.076494 0.001000 -0.062497
v 0.079494 -0.001000 -0.062497
v 0.079494 0.001000 -0.062497
v 0.079494 -0.001000 -0.062497
v 0.079494 0.001000 -0.062497
v 0.062494 -0.001000 -0.079497
v 0.079210 -0.001000 -0.065590
v 0.078300 -0.001000 -0.068755
v 0.076723 -0.001000 -0.071799
v 0.074515 -0.001000 -0.074518
v 0.071797 -0.001000 -0.076726
v 0.068752 -0.001000 -0.078303
v 0.065588 -0.001000 -0.079213
v 0.062494 0.001000 -0.079497
v 0.065588 0.001000 -0.079213
v 0.068752 0.001000 -0.078303
v 0.071797 0.001000 -0.076726
v 0.074515 0.001000 -0.074518
v 0.076723 0.001000 -0.071799
v 0.078300 0.001000 -0.068755
v 0.079210 0.001000 -0.065590
v 0.062494 -0.001000 -0.079497
v 0.062494 0.001000 -0.079497
v 0.062494 -0.001000 -0.076497
v 0.062494 0.001000 -0.076497
v 0.062494 -0.001000 -0.076497
v 0.062494 0.001000 -0.076497
v 0.060494 -0.001000 -0.076497
v 0.060494 0.001000 -0.076497
v 0.060494 -0.001000 -0.076497
v 0.060494 0.001000 -0.076497
v 0.060494 -0.001000 -0.079497
v 0.060494 0.001000 -0.079497
v 0.060494 -0.001000 -0.079497
v 0.060494 0.001000 -0.079497
v 0.034753 -0.001000 -0.079497
v 0.034753 0.001000 -0.079497
v 0.034753 -0.001000 -0.079497
v 0.034753 0.001000 -0.079497
v 0.011532 -0.001000 -0.102718
v 0.011532 0.001000 -0.102718
v -0.070943 -0.001000 0.043320
v -0.070943 0.001000 0.043320
v -0.073504 -0.001000 0.044381
v -0.073504 0.001000 0.044381
v -0.071288 -0.001000 0.043063
v -0.071711 -0.001000 0.042910
v -0.072161 -0.001000 0.042889
v -0.072578 -0.001000 0.042995
v -0.072948 -0.001000 0.043215
v -0.073251 -0.001000 0.043548
v -0.073442 -0.001000 0.043955
v -0.073442 0.001000 0.043955
v -0.073251 0.001000 0.043548
v -0.072948 0.001000 0.043215
v -0.072578 0.001000 0.042995
v -0.072161 0.001000 0.042889
v -0.071711 0.001000 0.042910
v -0.071288 0.001000 0.043063
v -0.073504 -0.001000 0.044381
v -0.073504 0.001000 0.044381
v -0.073504 -0.001000 0.062501
v -0.073504 0.001000 0.062501
v -0.073504 -0.001000 0.060501
v -0.073504 0.001000 0.060501
v -0.073504 -0.001000 0.062501
v -0.073504 0.001000 0.062501
v -0.073320 -0.001000 0.064503
v -0.072731 -0.001000 0.066550
v -0.071711 -0.001000 0.068520
v -0.070282 -0.001000 0.070279
v -0.068523 -0.001000 0.071708
v -0.066553 -0.001000 0.072729
v -0.064505 -0.001000 0.073317
v -0.064505 0.001000 0.073317
v -0.066553 0.001000 0.072729
v -0.068523 0.001000 0.071708
v -0.070282 0.001000 0.070279
v -0.071711 0.001000 0.068520
v -0.072731 0.001000 0.066550
v -0.073320 0.001000 0.064503
v -0.062504 -0.001000 0.073501
v -0.062504 0.001000 0.073501
v -0.044384 -0.001000 0.073501
v -0.044384 0.001000 0.073501
v -0.060504 -0.001000 0.073501
v -0.060504 0.001000 0.073501
v -0.044384 -0.001000 0.073501
v -0.044384 0.001000 0.073501
v -0.043323 -0.001000 0.070940
v -0.043323 0.001000 0.070940
v -0.043958 -0.001000 0.073439
v -0.043551 -0.001000 0.073248
v -0.043218 -0.001000 0.072945
v -0.042998 -0.001000 0.072575
v -0.042892 -0.001000 0.072158
v -0.042913 -0.001000 0.071708
v -0.043066 -0.001000 0.071285
v -0.043066 0.001000 0.071285
v -0.042913 0.001000 0.071708
v -0.042892 0.001000 0.072158
v -0.042998 0.001000 0.072575
v -0.043218 0.001000 0.072945
v -0.043551 0.001000 0.073248
v -0.043958 0.001000 0.073439
v -0.043323 -0.001000 0.070940
v -0.043323 0.001000 0.070940
v -0.070943 -0.001000 0.043320
v -0.070943 0.001000 0.043320
v 0.073494 -0.001000 -0.062497
v 0.073494 0.001000 -0.062497
v 0.062494 -0.001000 -0.073497
v 0.062494 0.001000 -0.073497
v 0.073311 -0.001000 -0.064499
v 0.072722 -0.001000 -0.066546
v 0.071701 -0.001000 -0.068516
v 0.070272 -0.001000 -0.070275
v 0.068514 -0.001000 -0.071704
v 0.066543 -0.001000 -0.072725
v 0.064496 -0.001000 -0.073313
v 0.064496 0.001000 -0.073313
v 0.066543 0.001000 -0.072725
v 0.068514 0.001000 -0.071704
v 0.070272 0.001000 -0.070275
v 0.071701 0.001000 -0.068516
v 0.072722 0.001000 -0.066546
v 0.073311 0.001000 -0.064499
v 0.062494 -0.001000 -0.073497
v 0.062494 0.001000 -0.073497
v 0.044374 -0.001000 -0.073497
v 0.044374 0.001000 -0.073497
v 0.060494 -0.001000 -0.073497
v 0.060494 0.001000 -0.073497
v 0.044374 -0.001000 -0.073497
v 0.044374 0.001000 -0.073497
v 0.043314 -0.001000 -0.070936
v 0.043314 0.001000 -0.070936
v 0.043948 -0.001000 -0.073435
v 0.043541 -0.001000 -0.073244
v 0.043209 -0.001000 -0.072941
v 0.042989 -0.001000 -0.072571
v 0.042883 -0.001000 -0.072154
v 0.042903 -0.001000 -0.071704
v 0.043056 -0.001000 -0.071281
v 0.043056 0.001000 -0.071281
v 0.042903 0.001000 -0.071704
v 0.042883 0.001000 -0.072154
v 0.042989 0.001000 -0.072571
v 0.043209 0.001000 -0.072941
v 0.043541 0.001000 -0.073244
v 0.043948 0.001000 -0.073435
v 0.043314 -0.001000 -0.070936
v 0.043314 0.001000 -0.070936
v 0.070934 -0.001000 -0.043316
v 0.070934 0.001000 -0.043316
v 0.070934 0.000000 -0.043316
v 0.067481 0.000000 -0.046769
v 0.069207 0.000000 -0.045043
v 0.067481 -0.000500 -0.046769
v 0.069207 -0.000500 -0.045043
v 0.067481 0.000500 -0.046769
v 0.069207 0.000500 -0.045043
v 0.070934 -0.001000 -0.043316
v 0.073494 0.001000 -0.044377
v 0.070934 0.001000 -0.043316
v 0.070934 0.000000 -0.043316
v 0.071278 -0.001000 -0.043059
v 0.071702 -0.001000 -0.042906
v 0.072151 -0.001000 -0.042885
v 0.072568 -0.001000 -0.042991
v 0.072938 -0.001000 -0.043211
v 0.073241 -0.001000 -0.043544
v 0.073432 -0.001000 -0.043951
v 0.073432 0.001000 -0.043951
v 0.073241 0.001000 -0.043544
v 0.072938 0.001000 -0.043211
v 0.072568 0.001000 -0.042991
v 0.072151 0.001000 -0.042885
v 0.071702 0.001000 -0.042906
v 0.071278 0.001000 -0.043059
v 0.073494 -0.001000 -0.044377
v 0.073494 0.000000 -0.044377
v 0.073494 -0.001000 -0.044377
v 0.073494 0.001000 -0.044377
v 0.073494 -0.001000 -0.062497
v 0.073494 0.001000 -0.062497
v 0.073494 0.000000 -0.044377
v 0.073494 -0.001000 -0.060497
v 0.073494 0.001000 -0.060497
v -0.054772 -0.001000 0.054769
v -0.051236 -0.001000 0.051234
v -0.054772 -0.001000 0.054769
v -0.054772 0.001000 0.054769
v -0.053997 -0.001000 0.055296
v -0.053004 -0.001000 0.055501
v -0.052011 -0.001000 0.055296
v -0.051236 -0.001000 0.054769
v -0.050710 -0.001000 0.053994
v -0.050504 -0.001000 0.053001
v -0.050710 -0.001000 0.052008
v -0.052011 -0.001000 0.050707
v -0.053004 -0.001000 0.050501
v -0.053997 -0.001000 0.050707
v -0.054772 -0.001000 0.051234
v -0.055298 -0.001000 0.052008
v -0.055504 -0.001000 0.053001
v -0.055298 -0.001000 0.053994
v -0.055298 0.001000 0.053994
v -0.055504 0.001000 0.053001
v -0.055298 0.001000 0.052008
v -0.054772 0.001000 0.051234
v -0.053997 0.001000 0.050707
v -0.053004 0.001000 0.050501
v -0.052011 0.001000 0.050707
v -0.051236 0.001000 0.051234
v -0.050710 0.001000 0.052008
v -0.050504 0.001000 0.053001
v -0.050710 0.001000 0.053994
v -0.051236 0.001000 0.054769
v -0.052011 0.001000 0.055296
v -0.053004 0.001000 0.055501
v -0.053997 0.001000 0.055296
v -0.054772 0.001000 0.054769
v -0.006369 -0.001000 0.002123
v -0.006369 0.001000 0.002123
v -0.028996 -0.001000 0.024750
v -0.028996 0.001000 0.024750
v -0.028996 -0.001000 0.024750
v -0.028996 0.001000 0.024750
v -0.024753 -0.001000 0.028993
v -0.024753 0.001000 0.028993
v -0.024753 -0.001000 0.028993
v -0.024753 0.001000 0.028993
v -0.002126 -0.001000 0.006366
v -0.002126 0.001000 0.006366
v -0.002126 -0.001000 0.006366
v -0.006369 0.001000 0.002123
v -0.006369 -0.001000 0.002123
v -0.002126 0.001000 0.006366
v -0.000712 -0.001000 0.004952
v -0.000712 0.001000 0.004952
v 0.000702 -0.001000 0.004952
v 0.000702 0.001000 0.004952
v -0.000402 -0.001000 0.005162
v -0.000005 -0.001000 0.005245
v 0.000392 -0.001000 0.005162
v 0.000392 0.001000 0.005162
v -0.000005 0.001000 0.005245
v -0.000402 0.001000 0.005162
v 0.000702 -0.001000 0.004952
v 0.000702 0.001000 0.004952
v 0.004945 -0.001000 0.000709
v 0.004945 0.001000 0.000709
v 0.004945 -0.001000 0.000709
v 0.004945 0.001000 0.000709
v 0.004945 -0.001000 -0.000705
v 0.004945 0.001000 -0.000705
v 0.005156 -0.001000 0.000399
v 0.005238 -0.001000 0.000002
v 0.005156 -0.001000 -0.000395
v 0.005156 0.001000 -0.000395
v 0.005238 0.001000 0.000002
v 0.005156 0.001000 0.000399
v 0.004945 -0.001000 -0.000705
v 0.004945 0.001000 -0.000705
v 0.000702 -0.001000 -0.004948
v 0.000702 0.001000 -0.004948
v 0.000702 -0.001000 -0.004948
v 0.000702 0.001000 -0.004948
v -0.000712 -0.001000 -0.004948
v -0.000712 0.001000 -0.004948
v 0.000392 -0.001000 -0.005158
v -0.000005 -0.001000 -0.005241
v -0.000402 -0.001000 -0.005158
v -0.000402 0.001000 -0.005158
v -0.000005 0.001000 -0.005241
v 0.000392 0.001000 -0.005158
v -0.000712 -0.001000 -0.004948
v -0.000712 0.001000 -0.004948
v -0.004954 -0.001000 -0.000705
v -0.004954 0.001000 -0.000705
v -0.004954 -0.001000 -0.000705
v -0.004954 0.001000 -0.000705
v -0.004954 -0.001000 0.000709
v -0.004954 0.001000 0.000709
v -0.005165 -0.001000 -0.000395
v -0.005247 -0.001000 0.000002
v -0.005165 -0.001000 0.000399
v -0.005165 0.001000 0.000399
v -0.005247 0.001000 0.000002
v -0.005165 0.001000 -0.000395
v -0.004954 -0.001000 0.000709
v -0.004954 0.001000 0.000709
v -0.000712 -0.001000 0.004952
v -0.000712 0.001000 0.004952
v 0.054762 -0.001000 -0.054765
v 0.054762 0.001000 -0.054765
v 0.054762 0.001000 -0.051229
v 0.054762 0.001000 -0.054765
v 0.053987 -0.001000 -0.055292
v 0.052994 -0.001000 -0.055497
v 0.052001 -0.001000 -0.055292
v 0.051227 -0.001000 -0.054765
v 0.050700 -0.001000 -0.053990
v 0.050495 -0.001000 -0.052997
v 0.050700 -0.001000 -0.052004
v 0.051227 -0.001000 -0.051229
v 0.052001 -0.001000 -0.050703
v 0.052994 -0.001000 -0.050497
v 0.053987 -0.001000 -0.050703
v 0.054762 -0.001000 -0.051229
v 0.055289 -0.001000 -0.052004
v 0.055494 -0.001000 -0.052997
v 0.055289 -0.001000 -0.053990
v 0.054762 -0.001000 -0.054765
v 0.055289 0.001000 -0.053990
v 0.055494 0.001000 -0.052997
v 0.055289 0.001000 -0.052004
v 0.053987 0.001000 -0.050703
v 0.052994 0.001000 -0.050497
v 0.052001 0.001000 -0.050703
v 0.051227 0.001000 -0.051229
v 0.050700 0.001000 -0.052004
v 0.050495 0.001000 -0.052997
v 0.050700 0.001000 -0.053990
v 0.051227 0.001000 -0.054765
v 0.052001 0.001000 -0.055292
v 0.052994 0.001000 -0.055497
v 0.053987 0.001000 -0.055292
v 0.006359 -0.001000 -0.002119
v 0.006359 0.001000 -0.002119
v 0.028986 -0.001000 -0.024746
v 0.028986 0.001000 -0.024746
v 0.028986 -0.001000 -0.024746
v 0.028986 0.001000 -0.024746
v 0.024744 -0.001000 -0.028989
v 0.024744 0.001000 -0.028989
v 0.024744 -0.001000 -0.028989
v 0.024744 0.001000 -0.028989
v 0.002116 -0.001000 -0.006362
v 0.002116 0.001000 -0.006362
v 0.002116 -0.001000 -0.006362
v 0.006359 0.001000 -0.002119
v 0.006359 -0.001000 -0.002119
v 0.002116 0.001000 -0.006362
v -0.000005 -0.001000 0.052001
v -0.000005 0.001000 0.052001
v 0.019966 -0.001000 0.048095
v 0.019966 0.001000 0.048095
v 0.005094 -0.001000 0.051755
v 0.010170 -0.001000 0.051015
v 0.015150 -0.001000 0.049788
v 0.015150 0.001000 0.049788
v 0.010170 0.001000 0.051015
v 0.005094 0.001000 0.051755
v 0.019966 -0.001000 0.048095
v 0.019966 0.001000 0.048095
v 0.025999 -0.001000 0.040814
v 0.025999 0.001000 0.040814
v 0.023269 -0.001000 0.031761
v 0.023269 0.001000 0.031761
v 0.022080 -0.001000 0.046919
v 0.023898 -0.001000 0.045212
v 0.025237 -0.001000 0.043109
v 0.026189 -0.001000 0.038403
v 0.025772 -0.001000 0.035944
v 0.024760 -0.001000 0.033665
v 0.024760 0.001000 0.033665
v 0.025772 0.001000 0.035944
v 0.026189 0.001000 0.038403
v 0.025237 0.001000 0.043109
v 0.023898 0.001000 0.045212
v 0.022080 0.001000 0.046919
v 0.023269 -0.001000 0.031761
v 0.023269 0.001000 0.031761
v 0.000702 -0.001000 0.009194
v 0.000702 0.001000 0.009194
v 0.000702 -0.001000 0.009194
v 0.000702 0.001000 0.009194
v -0.000712 -0.001000 0.009194
v -0.000712 0.001000 0.009194
v 0.000392 -0.001000 0.008984
v -0.000005 -0.001000 0.008901
v -0.000402 -0.001000 0.008984
v -0.000402 0.001000 0.008984
v -0.000005 0.001000 0.008901
v 0.000392 0.001000 0.008984
v -0.000712 -0.001000 0.009194
v -0.000712 0.001000 0.009194
v -0.023279 -0.001000 0.031761
v -0.023279 0.001000 0.031761
v -0.023279 -0.001000 0.031761
v -0.023279 0.001000 0.031761
v -0.019976 -0.001000 0.048095
v -0.019976 0.001000 0.048095
v -0.024769 -0.001000 0.033665
v -0.025781 -0.001000 0.035944
v -0.026198 -0.001000 0.038403
v -0.026009 -0.001000 0.040814
v -0.025247 -0.001000 0.043109
v -0.023907 -0.001000 0.045212
v -0.022089 -0.001000 0.046919
v -0.022089 0.001000 0.046919
v -0.023907 0.001000 0.045212
v -0.025247 0.001000 0.043109
v -0.026009 0.001000 0.040814
v -0.026198 0.001000 0.038403
v -0.025781 0.001000 0.035944
v -0.024769 0.001000 0.033665
v -0.019976 -0.001000 0.048095
v -0.019976 0.001000 0.048095
v -0.000005 -0.001000 0.052001
v -0.000005 0.001000 0.052001
v -0.015160 -0.001000 0.049788
v -0.010179 -0.001000 0.051015
v -0.005104 -0.001000 0.051755
v -0.005104 0.001000 0.051755
v -0.010179 0.001000 0.051015
v -0.015160 0.001000 0.049788
v 0.056994 -0.001000 0.027050
v 0.056994 0.001000 0.027050
v 0.056994 -0.001000 0.015139
v 0.056994 0.001000 0.015139
v 0.056994 -0.001000 0.015139
v 0.056994 0.001000 0.015139
v 0.054595 -0.001000 0.012396
v 0.051556 -0.001000 0.014408
v 0.051556 0.001000 0.014408
v 0.056829 -0.001000 0.014197
v 0.056310 -0.001000 0.013317
v 0.055507 -0.001000 0.012685
v 0.053639 -0.001000 0.012434
v 0.052698 -0.001000 0.012831
v 0.051965 -0.001000 0.013543
v 0.051965 0.001000 0.013543
v 0.052698 0.001000 0.012831
v 0.053639 0.001000 0.012434
v 0.054595 0.001000 0.012396
v 0.055507 0.001000 0.012685
v 0.056310 0.001000 0.013317
v 0.056829 0.001000 0.014197
v 0.051556 -0.000000 0.014408
v 0.051556 -0.001000 0.014408
v 0.051556 0.001000 0.014408
v 0.047538 -0.001000 0.024776
v 0.051556 -0.000000 0.014408
v 0.047538 -0.000000 0.024776
v 0.049833 -0.000000 0.019640
v 0.049833 0.000500 0.019640
v 0.050766 -0.000000 0.017030
v 0.050766 0.000500 0.017030
v 0.049833 -0.000500 0.019640
v 0.050766 -0.000500 0.017030
v 0.049812 -0.001000 0.019695
v 0.047538 0.001000 0.024776
v 0.049812 0.001000 0.019695
v 0.048757 -0.000000 0.022226
v 0.048757 -0.000500 0.022226
v 0.048757 0.000500 0.022226
v 0.047538 0.001000 0.024776
v 0.047450 0.001000 0.029142
v 0.055089 -0.001000 0.030978
v 0.056994 -0.001000 0.027050
v 0.056994 0.001000 0.027050
v 0.047538 -0.000000 0.024776
v 0.047538 -0.001000 0.024776
v 0.047146 -0.001000 0.025818
v 0.046992 -0.001000 0.026949
v 0.047100 -0.001000 0.028085
v 0.047450 -0.001000 0.029142
v 0.048025 -0.001000 0.030094
v 0.048818 -0.001000 0.030915
v 0.049778 -0.001000 0.031534
v 0.050824 -0.001000 0.031913
v 0.051928 -0.001000 0.032051
v 0.053064 -0.001000 0.031936
v 0.054144 -0.001000 0.031565
v 0.055881 -0.001000 0.030197
v 0.056493 -0.001000 0.029233
v 0.056871 -0.001000 0.028156
v 0.056871 0.001000 0.028156
v 0.056493 0.001000 0.029233
v 0.055881 0.001000 0.030197
v 0.055089 0.001000 0.030978
v 0.054144 0.001000 0.031565
v 0.053064 0.001000 0.031936
v 0.051928 0.001000 0.032051
v 0.050824 0.001000 0.031913
v 0.049778 0.001000 0.031534
v 0.048818 0.001000 0.030915
v 0.048025 0.001000 0.030094
v 0.047100 0.001000 0.028085
v 0.046992 0.001000 0.026949
v 0.047146 0.001000 0.025818
v 0.056994 -0.001000 -0.015135
v 0.056994 0.001000 -0.015135
v 0.056994 -0.001000 -0.027046
v 0.056994 0.001000 -0.027046
v 0.056994 -0.001000 -0.027046
v 0.056994 0.001000 -0.027046
v 0.055089 0.001000 -0.030974
v 0.050824 0.001000 -0.031909
v 0.047450 -0.001000 -0.029138
v 0.047450 0.001000 -0.029138
v 0.047538 -0.001000 -0.024772
v 0.047538 0.001000 -0.024772
v 0.056871 -0.001000 -0.028152
v 0.056493 -0.001000 -0.029229
v 0.055881 -0.001000 -0.030193
v 0.055089 -0.001000 -0.030974
v 0.054144 -0.001000 -0.031561
v 0.053064 -0.001000 -0.031931
v 0.051928 -0.001000 -0.032047
v 0.050824 -0.001000 -0.031909
v 0.049777 -0.001000 -0.031530
v 0.048818 -0.001000 -0.030911
v 0.048025 -0.001000 -0.030090
v 0.047100 -0.001000 -0.028081
v 0.046992 -0.001000 -0.026945
v 0.047146 -0.001000 -0.025813
v 0.047146 0.001000 -0.025813
v 0.046992 0.001000 -0.026945
v 0.047100 0.001000 -0.028081
v 0.048025 0.001000 -0.030090
v 0.048818 0.001000 -0.030911
v 0.049777 0.001000 -0.031530
v 0.051928 0.001000 -0.032047
v 0.053064 0.001000 -0.031931
v 0.054144 0.001000 -0.031561
v 0.055881 0.001000 -0.030193
v 0.056493 0.001000 -0.029229
v 0.056871 0.001000 -0.028152
v 0.047538 0.000000 -0.024772
v 0.047538 -0.001000 -0.024772
v 0.047538 0.001000 -0.024772
v 0.051556 -0.001000 -0.014404
v 0.051556 0.001000 -0.014404
v 0.047538 0.000000 -0.024772
v 0.049833 0.000000 -0.019636
v 0.049833 0.000500 -0.019636
v 0.048757 0.000000 -0.022222
v 0.048757 0.000500 -0.022222
v 0.049833 -0.000500 -0.019636
v 0.048757 -0.000500 -0.022222
v 0.049812 -0.001000 -0.019691
v 0.049812 0.001000 -0.019691
v 0.051556 0.000000 -0.014404
v 0.050766 0.000000 -0.017026
v 0.050766 -0.000500 -0.017026
v 0.050766 0.000500 -0.017026
v 0.051556 -0.001000 -0.014404
v 0.056994 -0.001000 -0.015135
v 0.056994 0.001000 -0.015135
v 0.051556 0.001000 -0.014404
v 0.051556 0.000000 -0.014404
v 0.051965 -0.001000 -0.013539
v 0.052698 -0.001000 -0.012827
v 0.053639 -0.001000 -0.012430
v 0.054595 -0.001000 -0.012392
v 0.055507 -0.001000 -0.012681
v 0.056310 -0.001000 -0.013313
v 0.056829 -0.001000 -0.014193
v 0.056829 0.001000 -0.014193
v 0.056310 0.001000 -0.013313
v 0.055507 0.001000 -0.012681
v 0.054595 0.001000 -0.012392
v 0.053639 0.001000 -0.012430
v 0.052698 0.001000 -0.012827
v 0.051965 0.001000 -0.013539
v -0.008009 -0.001000 0.057001
v -0.008009 0.001000 0.057001
v 0.008000 -0.001000 0.057001
v 0.008000 0.001000 0.057001
v 0.008000 -0.001000 0.057001
v 0.008000 0.001000 0.057001
v 0.010029 -0.001000 0.054822
v 0.007711 -0.001000 0.052952
v 0.007711 0.001000 0.052952
v 0.008811 -0.001000 0.056832
v 0.009489 -0.001000 0.056353
v 0.009918 -0.001000 0.055644
v 0.009803 -0.001000 0.054024
v 0.009277 -0.001000 0.053383
v 0.008539 -0.001000 0.053005
v 0.008539 0.001000 0.053005
v 0.009277 0.001000 0.053383
v 0.009803 0.001000 0.054024
v 0.010029 0.001000 0.054822
v 0.009918 0.001000 0.055644
v 0.009489 0.001000 0.056353
v 0.008811 0.001000 0.056832
v 0.007711 -0.000000 0.052952
v 0.007711 -0.001000 0.052952
v 0.007711 0.001000 0.052952
v -0.007721 -0.001000 0.052952
v -0.007721 0.001000 0.052952
v 0.007711 -0.000000 0.052952
v 0.003813 -0.001000 0.053367
v -0.000005 -0.001000 0.053501
v -0.003822 -0.001000 0.053367
v -0.003822 0.001000 0.053367
v -0.000005 0.001000 0.053501
v 0.003813 0.001000 0.053367
v -0.007721 -0.000000 0.052952
v -0.007721 -0.001000 0.052952
v -0.007721 0.001000 0.052952
v -0.010039 -0.001000 0.054822
v -0.010039 0.001000 0.054822
v -0.008009 -0.001000 0.057001
v -0.008009 0.001000 0.057001
v -0.007721 -0.000000 0.052952
v -0.008549 -0.001000 0.053005
v -0.009287 -0.001000 0.053383
v -0.009812 -0.001000 0.054024
v -0.009928 -0.001000 0.055644
v -0.009498 -0.001000 0.056353
v -0.008821 -0.001000 0.056832
v -0.008821 0.001000 0.056832
v -0.009498 0.001000 0.056353
v -0.009928 0.001000 0.055644
v -0.009812 0.001000 0.054024
v -0.009287 0.001000 0.053383
v -0.008549 0.001000 0.053005
v 0.024770 -0.001000 0.047545
v 0.024770 0.001000 0.047545
v 0.014401 -0.001000 0.051563
v 0.019688 -0.001000 0.049819
v 0.014401 0.001000 0.051563
v 0.019688 0.001000 0.049819
v 0.014401 -0.000000 0.051563
v 0.024770 -0.000000 0.047545
v 0.019633 -0.000000 0.049840
v 0.017023 -0.000000 0.050773
v 0.019633 -0.000500 0.049840
v 0.017023 -0.000500 0.050773
v 0.019633 0.000500 0.049840
v 0.017023 0.000500 0.050773
v 0.022219 -0.000000 0.048764
v 0.022219 0.000500 0.048764
v 0.022219 -0.000500 0.048764
v 0.014401 -0.001000 0.051563
v 0.014401 0.001000 0.051563
v 0.012389 -0.001000 0.054602
v 0.012389 0.001000 0.054602
v 0.015133 -0.001000 0.057001
v 0.015133 0.001000 0.057001
v 0.014401 -0.000000 0.051563
v 0.013536 -0.001000 0.051971
v 0.012824 -0.001000 0.052705
v 0.012427 -0.001000 0.053646
v 0.012678 -0.001000 0.055514
v 0.013310 -0.001000 0.056317
v 0.014190 -0.001000 0.056836
v 0.014190 0.001000 0.056836
v 0.013310 0.001000 0.056317
v 0.012678 0.001000 0.055514
v 0.012427 0.001000 0.053646
v 0.012824 0.001000 0.052705
v 0.013536 0.001000 0.051971
v 0.015133 -0.001000 0.057001
v 0.015133 0.001000 0.057001
v 0.027043 -0.001000 0.057001
v 0.027043 0.001000 0.057001
v 0.027043 -0.000000 0.057001
v 0.027043 -0.001000 0.057001
v 0.024770 -0.001000 0.047545
v 0.024770 0.001000 0.047545
v 0.024770 -0.000000 0.047545
v 0.027043 0.001000 0.057001
v 0.027043 -0.000000 0.057001
v 0.028149 -0.001000 0.056877
v 0.029226 -0.001000 0.056500
v 0.030190 -0.001000 0.055887
v 0.030971 -0.001000 0.055095
v 0.031559 -0.001000 0.054150
v 0.031929 -0.001000 0.053070
v 0.032044 -0.001000 0.051935
v 0.031906 -0.001000 0.050831
v 0.031527 -0.001000 0.049784
v 0.030908 -0.001000 0.048825
v 0.030088 -0.001000 0.048031
v 0.029135 -0.001000 0.047457
v 0.028079 -0.001000 0.047107
v 0.026942 -0.001000 0.046999
v 0.025811 -0.001000 0.047152
v 0.025811 0.001000 0.047152
v 0.026942 0.001000 0.046999
v 0.028079 0.001000 0.047107
v 0.029135 0.001000 0.047457
v 0.030088 0.001000 0.048031
v 0.030908 0.001000 0.048825
v 0.031527 0.001000 0.049784
v 0.031906 0.001000 0.050831
v 0.032044 0.001000 0.051935
v 0.031929 0.001000 0.053070
v 0.031559 0.001000 0.054150
v 0.030971 0.001000 0.055095
v 0.030190 0.001000 0.055887
v 0.029226 0.001000 0.056500
v 0.028149 0.001000 0.056877
v 0.053494 0.001000 0.000002
v 0.052945 -0.001000 0.007718
v 0.052945 0.001000 0.007718
v 0.053494 -0.001000 0.000002
v 0.053357 -0.001000 0.003870
v 0.053357 0.001000 0.003870
v 0.052945 -0.000000 0.007718
v 0.052945 -0.001000 0.007718
v 0.052945 0.001000 0.007718
v 0.054815 -0.001000 0.010036
v 0.054815 0.001000 0.010036
v 0.056994 -0.001000 0.008006
v 0.056994 0.001000 0.008006
v 0.052945 -0.000000 0.007718
v 0.052998 -0.001000 0.008546
v 0.053376 -0.001000 0.009284
v 0.054017 -0.001000 0.009810
v 0.055637 -0.001000 0.009925
v 0.056346 -0.001000 0.009495
v 0.056825 -0.001000 0.008818
v 0.056825 0.001000 0.008818
v 0.056346 0.001000 0.009495
v 0.055637 0.001000 0.009925
v 0.054017 0.001000 0.009810
v 0.053376 0.001000 0.009284
v 0.052998 0.001000 0.008546
v 0.056994 -0.001000 0.008006
v 0.056994 0.001000 0.008006
v 0.056994 -0.001000 -0.008002
v 0.056994 0.001000 -0.008002
v 0.056994 -0.001000 -0.008002
v 0.056994 0.001000 -0.008002
v 0.054815 -0.001000 -0.010032
v 0.054815 0.001000 -0.010032
v 0.052945 -0.001000 -0.007714
v 0.052945 0.001000 -0.007714
v 0.056825 -0.001000 -0.008814
v 0.056346 -0.001000 -0.009491
v 0.055637 -0.001000 -0.009921
v 0.054017 -0.001000 -0.009806
v 0.053376 -0.001000 -0.009280
v 0.052998 -0.001000 -0.008542
v 0.052998 0.001000 -0.008542
v 0.053376 0.001000 -0.009280
v 0.054017 0.001000 -0.009806
v 0.055637 0.001000 -0.009921
v 0.056346 0.001000 -0.009491
v 0.056825 0.001000 -0.008814
v 0.052945 0.000000 -0.007714
v 0.052945 -0.001000 -0.007714
v 0.052945 0.001000 -0.007714
v 0.053494 -0.001000 0.000002
v 0.053494 0.001000 0.000002
v 0.052945 0.000000 -0.007714
v 0.053357 -0.001000 -0.003866
v 0.053357 0.001000 -0.003866
v -0.014410 0.001000 0.051563
v -0.024779 -0.001000 0.047545
v -0.024779 0.001000 0.047545
v -0.014410 -0.001000 0.051563
v -0.019643 -0.001000 0.049840
v -0.019643 0.001000 0.049840
v -0.024779 -0.000000 0.047545
v -0.014410 -0.000000 0.051563
v -0.019643 -0.000000 0.049840
v -0.022229 -0.000000 0.048764
v -0.019643 -0.000500 0.049840
v -0.022229 -0.000500 0.048764
v -0.019643 0.000500 0.049840
v -0.022229 0.000500 0.048764
v -0.017033 -0.000000 0.050773
v -0.017033 0.000500 0.050773
v -0.017033 -0.000500 0.050773
v -0.024779 -0.001000 0.047545
v -0.024779 0.001000 0.047545
v -0.029144 -0.001000 0.047457
v -0.029144 0.001000 0.047457
v -0.031916 0.001000 0.050830
v -0.030981 -0.001000 0.055095
v -0.030981 0.001000 0.055095
v -0.027053 -0.001000 0.057001
v -0.027053 0.001000 0.057001
v -0.024779 -0.000000 0.047545
v -0.025820 -0.001000 0.047152
v -0.026952 -0.001000 0.046999
v -0.028088 -0.001000 0.047107
v -0.030097 -0.001000 0.048031
v -0.030918 -0.001000 0.048825
v -0.031537 -0.001000 0.049784
v -0.031916 -0.001000 0.050830
v -0.032054 -0.001000 0.051935
v -0.031938 -0.001000 0.053070
v -0.031568 -0.001000 0.054150
v -0.030199 -0.001000 0.055887
v -0.029236 -0.001000 0.056500
v -0.028158 -0.001000 0.056877
v -0.028158 0.001000 0.056877
v -0.029236 0.001000 0.056500
v -0.030199 0.001000 0.055887
v -0.031568 0.001000 0.054150
v -0.031938 0.001000 0.053070
v -0.032054 0.001000 0.051935
v -0.031537 0.001000 0.049784
v -0.030918 0.001000 0.048825
v -0.030097 0.001000 0.048031
v -0.028088 0.001000 0.047107
v -0.026952 0.001000 0.046999
v -0.025820 0.001000 0.047152
v -0.027053 -0.001000 0.057001
v -0.027053 0.001000 0.057001
v -0.015142 -0.001000 0.057001
v -0.015142 0.001000 0.057001
v -0.015142 -0.000000 0.057001
v -0.015142 -0.001000 0.057001
v -0.012399 -0.001000 0.054602
v -0.014410 -0.001000 0.051563
v -0.014410 0.001000 0.051563
v -0.014410 -0.000000 0.051563
v -0.015142 0.001000 0.057001
v -0.015142 -0.000000 0.057001
v -0.014200 -0.001000 0.056836
v -0.013320 -0.001000 0.056317
v -0.012688 -0.001000 0.055514
v -0.012437 -0.001000 0.053646
v -0.012834 -0.001000 0.052705
v -0.013545 -0.001000 0.051971
v -0.013545 0.001000 0.051971
v -0.012834 0.001000 0.052705
v -0.012437 0.001000 0.053646
v -0.012399 0.001000 0.054602
v -0.012688 0.001000 0.055514
v -0.013320 0.001000 0.056317
v -0.014200 0.001000 0.056836
v 0.051994 -0.001000 0.000002
v 0.051994 0.001000 0.000002
v 0.048088 -0.001000 -0.019969
v 0.048088 0.001000 -0.019969
v 0.051749 -0.001000 -0.005097
v 0.051009 -0.001000 -0.010173
v 0.049782 -0.001000 -0.015153
v 0.049782 0.001000 -0.015153
v 0.051009 0.001000 -0.010173
v 0.051749 0.001000 -0.005097
v 0.048088 -0.001000 -0.019969
v 0.048088 0.001000 -0.019969
v 0.031754 -0.001000 -0.023272
v 0.031754 0.001000 -0.023272
v 0.046912 -0.001000 -0.022082
v 0.045206 -0.001000 -0.023900
v 0.043102 -0.001000 -0.025240
v 0.040807 -0.001000 -0.026002
v 0.038396 -0.001000 -0.026191
v 0.035937 -0.001000 -0.025775
v 0.033658 -0.001000 -0.024762
v 0.033658 0.001000 -0.024762
v 0.035937 0.001000 -0.025775
v 0.038396 0.001000 -0.026191
v 0.040807 0.001000 -0.026002
v 0.043102 0.001000 -0.025240
v 0.045206 0.001000 -0.023900
v 0.046912 0.001000 -0.022082
v 0.031754 -0.001000 -0.023272
v 0.031754 0.001000 -0.023272
v 0.009187 -0.001000 -0.000705
v 0.009187 0.001000 -0.000705
v 0.009187 -0.001000 -0.000705
v 0.009187 0.001000 -0.000705
v 0.009187 -0.001000 0.000709
v 0.009187 0.001000 0.000709
v 0.008977 -0.001000 -0.000395
v 0.008895 -0.001000 0.000002
v 0.008977 -0.001000 0.000399
v 0.008977 0.001000 0.000399
v 0.008895 0.001000 0.000002
v 0.008977 0.001000 -0.000395
v 0.009187 -0.001000 0.000709
v 0.009187 0.001000 0.000709
v 0.031754 -0.001000 0.023276
v 0.031754 0.001000 0.023276
v 0.031754 -0.001000 0.023276
v 0.031754 0.001000 0.023276
v 0.048088 -0.001000 0.019973
v 0.048088 0.001000 0.019973
v 0.033658 -0.001000 0.024767
v 0.035937 -0.001000 0.025779
v 0.038396 -0.001000 0.026195
v 0.040807 -0.001000 0.026006
v 0.043102 -0.001000 0.025244
v 0.045206 -0.001000 0.023905
v 0.046912 -0.001000 0.022086
v 0.046912 0.001000 0.022086
v 0.045206 0.001000 0.023905
v 0.043102 0.001000 0.025244
v 0.040807 0.001000 0.026006
v 0.038396 0.001000 0.026195
v 0.035937 0.001000 0.025779
v 0.033658 0.001000 0.024767
v 0.048088 0.001000 0.019973
v 0.051994 -0.001000 0.000002
v 0.051994 0.001000 0.000002
v 0.048088 -0.001000 0.019973
v 0.049782 -0.001000 0.015157
v 0.051009 -0.001000 0.010177
v 0.051749 -0.001000 0.005101
v 0.051749 0.001000 0.005101
v 0.051009 0.001000 0.010177
v 0.049782 0.001000 0.015157
v 0.073494 -0.001000 0.062501
v 0.073494 0.001000 0.062501
v 0.073494 -0.001000 0.044381
v 0.073494 0.001000 0.044381
v 0.073494 -0.001000 0.060501
v 0.073494 0.001000 0.060501
v 0.073494 -0.001000 0.044381
v 0.073494 0.001000 0.044381
v 0.070934 -0.001000 0.043320
v 0.070934 0.001000 0.043320
v 0.073432 -0.001000 0.043955
v 0.073241 -0.001000 0.043548
v 0.072938 -0.001000 0.043215
v 0.072568 -0.001000 0.042995
v 0.072151 -0.001000 0.042889
v 0.071702 -0.001000 0.042910
v 0.071278 -0.001000 0.043063
v 0.071278 0.001000 0.043063
v 0.071702 0.001000 0.042910
v 0.072151 0.001000 0.042889
v 0.072568 0.001000 0.042995
v 0.072938 0.001000 0.043215
v 0.073241 0.001000 0.043548
v 0.073432 0.001000 0.043955
v 0.070934 -0.001000 0.043320
v 0.070934 0.001000 0.043320
v 0.043314 -0.001000 0.070940
v 0.043314 0.001000 0.070940
v 0.043314 -0.001000 0.070940
v 0.043314 0.001000 0.070940
v 0.042989 0.001000 0.072575
v 0.044374 -0.001000 0.073501
v 0.044374 0.001000 0.073501
v 0.043056 -0.001000 0.071285
v 0.042903 -0.001000 0.071708
v 0.042883 -0.001000 0.072158
v 0.042989 -0.001000 0.072575
v 0.043209 -0.001000 0.072945
v 0.043541 -0.001000 0.073248
v 0.043948 -0.001000 0.073439
v 0.043948 0.001000 0.073439
v 0.043541 0.001000 0.073248
v 0.043209 0.001000 0.072945
v 0.042883 0.001000 0.072158
v 0.042903 0.001000 0.071708
v 0.043056 0.001000 0.071285
v 0.044374 -0.001000 0.073501
v 0.044374 0.001000 0.073501
v 0.062494 -0.001000 0.073501
v 0.062494 0.001000 0.073501
v 0.060494 -0.001000 0.073501
v 0.060494 0.001000 0.073501
v 0.062494 -0.001000 0.073501
v 0.062494 0.001000 0.073501
v 0.073494 -0.001000 0.062501
v 0.073494 0.001000 0.062501
v 0.064496 -0.001000 0.073317
v 0.066543 -0.001000 0.072729
v 0.068514 -0.001000 0.071708
v 0.070272 -0.001000 0.070279
v 0.071701 -0.001000 0.068520
v 0.072722 -0.001000 0.066550
v 0.073311 -0.001000 0.064503
v 0.073311 0.001000 0.064503
v 0.072722 0.001000 0.066550
v 0.071701 0.001000 0.068520
v 0.070272 0.001000 0.070279
v 0.068514 0.001000 0.071708
v 0.066543 0.001000 0.072729
v 0.064496 0.001000 0.073317
v 0.054762 -0.001000 0.054769
v 0.054762 -0.001000 0.051234
v 0.051227 -0.001000 0.051234
v 0.054762 -0.001000 0.054769
v 0.054762 0.001000 0.054769
v 0.055289 -0.001000 0.053994
v 0.055494 -0.001000 0.053001
v 0.055289 -0.001000 0.052008
v 0.053987 -0.001000 0.050707
v 0.052994 -0.001000 0.050501
v 0.052001 -0.001000 0.050707
v 0.050700 -0.001000 0.052008
v 0.050495 -0.001000 0.053001
v 0.050700 -0.001000 0.053994
v 0.051227 -0.001000 0.054769
v 0.052001 -0.001000 0.055296
v 0.052994 -0.001000 0.055501
v 0.053987 -0.001000 0.055296
v 0.053987 0.001000 0.055296
v 0.052994 0.001000 0.055501
v 0.052001 0.001000 0.055296
v 0.051227 0.001000 0.054769
v 0.050700 0.001000 0.053994
v 0.050495 0.001000 0.053001
v 0.050700 0.001000 0.052008
v 0.051227 0.001000 0.051234
v 0.052001 0.001000 0.050707
v 0.052994 0.001000 0.050501
v 0.053987 0.001000 0.050707
v 0.054762 0.001000 0.051234
v 0.055289 0.001000 0.052008
v 0.055494 0.001000 0.053001
v 0.055289 0.001000 0.053994
v 0.054762 0.001000 0.054769
v 0.028986 -0.001000 0.024750
v 0.028986 0.001000 0.024750
v 0.006359 -0.001000 0.002123
v 0.006359 0.001000 0.002123
v 0.006359 -0.001000 0.002123
v 0.006359 0.001000 0.002123
v 0.002116 -0.001000 0.006366
v 0.002116 0.001000 0.006366
v 0.002116 -0.001000 0.006366
v 0.002116 0.001000 0.006366
v 0.024744 -0.001000 0.028993
v 0.024744 0.001000 0.028993
v 0.024744 -0.001000 0.028993
v 0.028986 0.001000 0.024750
v 0.028986 -0.001000 0.024750
v 0.024744 0.001000 0.028993
v 0.055570 -0.001000 -0.040807
v 0.055570 0.001000 -0.040807
v 0.062201 -0.001000 -0.047437
v 0.062201 0.001000 -0.047437
v 0.062201 0.000000 -0.047437
v 0.055570 0.000000 -0.040807
v 0.062201 -0.001000 -0.047437
v 0.062201 0.000000 -0.047437
v 0.062201 0.001000 -0.047437
v 0.062417 -0.001000 -0.048527
v 0.061493 -0.001000 -0.049145
v 0.061493 0.000000 -0.049145
v 0.061493 0.001000 -0.049145
v 0.062372 -0.001000 -0.047667
v 0.062474 -0.001000 -0.047949
v 0.062488 -0.001000 -0.048249
v 0.062271 -0.001000 -0.048774
v 0.062049 -0.001000 -0.048976
v 0.061777 -0.001000 -0.049103
v 0.061777 0.001000 -0.049103
v 0.062049 0.001000 -0.048976
v 0.062271 0.001000 -0.048774
v 0.062417 0.001000 -0.048527
v 0.062488 0.001000 -0.048249
v 0.062474 0.001000 -0.047949
v 0.062372 0.001000 -0.047667
v 0.062475 0.000000 -0.047954
v 0.062488 0.000000 -0.048251
v 0.062417 0.000000 -0.048527
v 0.062267 0.000000 -0.048778
v 0.062045 0.000000 -0.048978
v 0.061775 0.000000 -0.049104
v 0.061493 -0.001000 -0.049145
v 0.061493 0.001000 -0.049145
v 0.054863 -0.001000 -0.049144
v 0.054863 0.001000 -0.049144
v 0.061493 0.000000 -0.049145
v 0.054863 -0.001000 -0.049144
v 0.054863 0.001000 -0.049144
v 0.053863 -0.001000 -0.048144
v 0.053863 0.001000 -0.048144
v 0.054495 -0.001000 -0.049074
v 0.054156 -0.001000 -0.048851
v 0.053933 -0.001000 -0.048512
v 0.053933 0.001000 -0.048512
v 0.054156 0.001000 -0.048851
v 0.054495 0.001000 -0.049074
v 0.053863 -0.001000 -0.048144
v 0.053863 0.001000 -0.048144
v 0.053863 -0.001000 -0.041514
v 0.053863 0.001000 -0.041514
v 0.053863 0.000000 -0.041514
v 0.053863 -0.001000 -0.041514
v 0.053863 0.000000 -0.041514
v 0.053863 0.001000 -0.041514
v 0.054481 -0.001000 -0.040590
v 0.054481 0.001000 -0.040590
v 0.055570 -0.001000 -0.040807
v 0.055570 0.000000 -0.040807
v 0.055570 0.001000 -0.040807
v 0.053904 -0.001000 -0.041230
v 0.054032 -0.001000 -0.040959
v 0.054234 -0.001000 -0.040737
v 0.054759 -0.001000 -0.040520
v 0.055058 -0.001000 -0.040533
v 0.055340 -0.001000 -0.040635
v 0.055340 0.001000 -0.040635
v 0.055058 0.001000 -0.040533
v 0.054759 0.001000 -0.040520
v 0.054234 0.001000 -0.040737
v 0.054032 0.001000 -0.040959
v 0.053904 0.001000 -0.041230
v 0.054034 0.000000 -0.040955
v 0.054236 0.000000 -0.040736
v 0.054481 0.000000 -0.040590
v 0.054764 0.000000 -0.040519
v 0.055063 0.000000 -0.040534
v 0.055342 0.000000 -0.040636
v 0.055571 -0.001000 0.040810
v 0.055571 -0.000000 0.040810
v 0.055571 0.001000 0.040810
v 0.054481 -0.001000 0.040593
v 0.054481 0.001000 0.040593
v 0.053864 -0.001000 0.041517
v 0.053864 -0.000000 0.041517
v 0.053864 0.001000 0.041517
v 0.055341 -0.001000 0.040638
v 0.055059 -0.001000 0.040536
v 0.054760 -0.001000 0.040523
v 0.054235 -0.001000 0.040740
v 0.054033 -0.001000 0.040962
v 0.053905 -0.001000 0.041233
v 0.053905 0.001000 0.041233
v 0.054033 0.001000 0.040962
v 0.054235 0.001000 0.040740
v 0.054760 0.001000 0.040523
v 0.055059 0.001000 0.040536
v 0.055341 0.001000 0.040638
v 0.055055 -0.000000 0.040536
v 0.054757 -0.000000 0.040523
v 0.054481 -0.000000 0.040593
v 0.054231 -0.000000 0.040743
v 0.054030 -0.000000 0.040965
v 0.053905 -0.000000 0.041235
v 0.053864 -0.001000 0.041517
v 0.053864 0.001000 0.041517
v 0.053864 -0.001000 0.048147
v 0.053864 0.001000 0.048147
v 0.053864 -0.000000 0.041517
v 0.053864 -0.001000 0.048147
v 0.053864 0.001000 0.048147
v 0.054864 -0.001000 0.049147
v 0.054864 0.001000 0.049147
v 0.053934 -0.001000 0.048516
v 0.054157 -0.001000 0.048855
v 0.054496 -0.001000 0.049077
v 0.054496 0.001000 0.049077
v 0.054157 0.001000 0.048855
v 0.053934 0.001000 0.048516
v 0.054864 -0.001000 0.049147
v 0.054864 0.001000 0.049147
v 0.061494 -0.001000 0.049147
v 0.061494 0.001000 0.049147
v 0.061494 -0.000000 0.049147
v 0.061494 -0.001000 0.049147
v 0.061494 -0.000000 0.049147
v 0.061494 0.001000 0.049147
v 0.062418 0.001000 0.048530
v 0.062201 -0.001000 0.047440
v 0.062201 -0.000000 0.047440
v 0.062201 0.001000 0.047440
v 0.061778 -0.001000 0.049106
v 0.062050 -0.001000 0.048979
v 0.062271 -0.001000 0.048777
v 0.062418 -0.001000 0.048530
v 0.062489 -0.001000 0.048252
v 0.062475 -0.001000 0.047952
v 0.062373 -0.001000 0.047670
v 0.062373 0.001000 0.047670
v 0.062475 0.001000 0.047952
v 0.062489 0.001000 0.048252
v 0.062271 0.001000 0.048777
v 0.062050 0.001000 0.048979
v 0.061778 0.001000 0.049106
v 0.062273 -0.000000 0.048775
v 0.062053 -0.000000 0.048977
v 0.062418 -0.000000 0.048530
v 0.062489 -0.000000 0.048247
v 0.062474 -0.000000 0.047948
v 0.062372 -0.000000 0.047669
v 0.062201 -0.001000 0.047440
v 0.062201 0.001000 0.047440
v 0.055571 -0.001000 0.040810
v 0.055571 0.001000 0.040810
v 0.055571 -0.000000 0.040810
v 0.062201 -0.000000 0.047440
v 0.098472 -0.001000 -0.007293
v 0.098472 0.001000 -0.007293
v 0.061881 -0.001000 -0.043884
v 0.061881 0.001000 -0.043884
v 0.071029 0.000000 -0.034736
v 0.066455 0.000000 -0.039310
v 0.071029 -0.000500 -0.034736
v 0.066455 -0.000500 -0.039310
v 0.071029 0.000500 -0.034736
v 0.066455 0.000500 -0.039310
v 0.089324 0.000000 -0.016440
v 0.089324 0.000500 -0.016440
v 0.093898 0.000000 -0.011866
v 0.093898 0.000500 -0.011866
v 0.089324 -0.000500 -0.016440
v 0.093898 -0.000500 -0.011866
v 0.061881 -0.001000 -0.043884
v 0.061881 0.001000 -0.043884
v 0.058494 -0.001000 -0.040497
v 0.058494 0.001000 -0.040497
v 0.058494 -0.001000 -0.040497
v 0.058494 0.001000 -0.040497
v 0.058494 -0.001000 0.040501
v 0.058494 0.001000 0.040501
v 0.058494 -0.001000 0.040501
v 0.058494 0.001000 0.040501
v 0.061881 -0.001000 0.043888
v 0.061881 0.001000 0.043888
v 0.061881 -0.001000 0.043888
v 0.061881 0.001000 0.043888
v 0.098472 -0.001000 0.007297
v 0.098472 0.001000 0.007297
v 0.071029 -0.000000 0.034740
v 0.071029 0.000500 0.034740
v 0.066455 -0.000000 0.039314
v 0.066455 0.000500 0.039314
v 0.071029 -0.000500 0.034740
v 0.066455 -0.000500 0.039314
v 0.089324 -0.000000 0.016444
v 0.093898 -0.000000 0.011871
v 0.089324 -0.000500 0.016444
v 0.093898 -0.000500 0.011871
v 0.089324 0.000500 0.016444
v 0.093898 0.000500 0.011871
v 0.098472 -0.001000 0.007297
v 0.098472 0.001000 0.007297
v 0.098472 -0.001000 -0.007293
v 0.098472 0.001000 -0.007293
v 0.099678 -0.001000 0.005848
v 0.100645 -0.001000 0.004099
v 0.101275 -0.001000 0.002116
v 0.101494 -0.001000 0.000002
v 0.101275 -0.001000 -0.002112
v 0.100645 -0.001000 -0.004095
v 0.099678 -0.001000 -0.005843
v 0.099678 0.001000 -0.005843
v 0.100645 0.001000 -0.004095
v 0.101275 0.001000 -0.002112
v 0.101494 0.001000 0.000002
v 0.101275 0.001000 0.002116
v 0.100645 0.001000 0.004099
v 0.099678 0.001000 0.005848
v 0.069157 -0.001000 -0.039436
v 0.069157 0.001000 -0.039436
v 0.075787 -0.001000 -0.032806
v 0.075787 0.001000 -0.032806
v 0.075787 0.000000 -0.032806
v 0.069157 0.000000 -0.039436
v 0.075787 -0.001000 -0.032806
v 0.075787 0.000000 -0.032806
v 0.075787 0.001000 -0.032806
v 0.076877 -0.001000 -0.032589
v 0.076877 0.001000 -0.032589
v 0.077494 -0.001000 -0.033513
v 0.077494 0.000000 -0.033513
v 0.077494 0.001000 -0.033513
v 0.076017 -0.001000 -0.032634
v 0.076299 -0.001000 -0.032532
v 0.076599 -0.001000 -0.032519
v 0.077123 -0.001000 -0.032736
v 0.077326 -0.001000 -0.032958
v 0.077453 -0.001000 -0.033229
v 0.077453 0.001000 -0.033229
v 0.077326 0.001000 -0.032958
v 0.077123 0.001000 -0.032736
v 0.076599 0.001000 -0.032519
v 0.076299 0.001000 -0.032532
v 0.076017 0.001000 -0.032634
v 0.076303 0.000000 -0.032532
v 0.076601 0.000000 -0.032519
v 0.076877 0.000000 -0.032589
v 0.077127 0.000000 -0.032739
v 0.077328 0.000000 -0.032961
v 0.077453 0.000000 -0.033231
v 0.077494 -0.001000 -0.033513
v 0.077494 0.001000 -0.033513
v 0.077494 -0.001000 -0.040144
v 0.077494 0.001000 -0.040144
v 0.077494 0.000000 -0.033513
v 0.077494 -0.001000 -0.040144
v 0.077494 0.001000 -0.040144
v 0.076494 -0.001000 -0.041144
v 0.077424 -0.001000 -0.040512
v 0.077201 -0.001000 -0.040851
v 0.076862 -0.001000 -0.041073
v 0.076494 0.001000 -0.041144
v 0.076862 0.001000 -0.041073
v 0.077201 0.001000 -0.040851
v 0.077424 0.001000 -0.040512
v 0.076494 -0.001000 -0.041144
v 0.069864 -0.001000 -0.041144
v 0.069864 0.001000 -0.041144
v 0.076494 0.001000 -0.041144
v 0.069864 0.000000 -0.041144
v 0.069864 -0.001000 -0.041144
v 0.069864 0.000000 -0.041144
v 0.069864 0.001000 -0.041144
v 0.068940 -0.001000 -0.040526
v 0.068940 0.001000 -0.040526
v 0.069157 -0.001000 -0.039436
v 0.069157 0.000000 -0.039436
v 0.069157 0.001000 -0.039436
v 0.069580 -0.001000 -0.041102
v 0.069308 -0.001000 -0.040975
v 0.069087 -0.001000 -0.040773
v 0.068869 -0.001000 -0.040248
v 0.068883 -0.001000 -0.039948
v 0.068985 -0.001000 -0.039666
v 0.068985 0.001000 -0.039666
v 0.068883 0.001000 -0.039948
v 0.068869 0.001000 -0.040248
v 0.069087 0.001000 -0.040773
v 0.069308 0.001000 -0.040975
v 0.069580 0.001000 -0.041102
v 0.069305 0.000000 -0.040973
v 0.069085 0.000000 -0.040771
v 0.068940 0.000000 -0.040526
v 0.068869 0.000000 -0.040243
v 0.068884 0.000000 -0.039944
v 0.068986 0.000000 -0.039665
v 0.069157 -0.001000 0.039440
v 0.069157 -0.000000 0.039440
v 0.069157 0.001000 0.039441
v 0.068940 -0.001000 0.040530
v 0.068940 0.001000 0.040530
v 0.069864 -0.001000 0.041148
v 0.069864 -0.000000 0.041148
v 0.069864 0.001000 0.041148
v 0.068985 -0.001000 0.039670
v 0.068883 -0.001000 0.039953
v 0.068869 -0.001000 0.040252
v 0.069087 -0.001000 0.040777
v 0.069308 -0.001000 0.040979
v 0.069580 -0.001000 0.041106
v 0.069580 0.001000 0.041106
v 0.069308 0.001000 0.040979
v 0.069087 0.001000 0.040777
v 0.068869 0.001000 0.040252
v 0.068883 0.001000 0.039953
v 0.068985 0.001000 0.039670
v 0.068882 -0.000000 0.039957
v 0.068870 -0.000000 0.040254
v 0.068940 -0.000000 0.040530
v 0.069090 -0.000000 0.040781
v 0.069312 -0.000000 0.040981
v 0.069582 -0.000000 0.041107
v 0.069864 -0.001000 0.041148
v 0.069864 0.001000 0.041148
v 0.076494 -0.001000 0.041148
v 0.076494 0.001000 0.041148
v 0.069864 -0.000000 0.041148
v 0.076494 -0.001000 0.041148
v 0.076494 0.001000 0.041148
v 0.077494 -0.001000 0.040148
v 0.077494 0.001000 0.040148
v 0.076862 -0.001000 0.041077
v 0.077201 -0.001000 0.040855
v 0.077424 -0.001000 0.040516
v 0.077424 0.001000 0.040516
v 0.077201 0.001000 0.040855
v 0.076862 0.001000 0.041077
v 0.077494 -0.001000 0.040148
v 0.077494 0.001000 0.040148
v 0.077494 -0.001000 0.033517
v 0.077494 0.001000 0.033517
v 0.077494 -0.000000 0.033517
v 0.077494 -0.001000 0.033517
v 0.077494 -0.000000 0.033517
v 0.077494 0.001000 0.033517
v 0.076877 -0.001000 0.032593
v 0.076877 0.001000 0.032593
v 0.075787 -0.001000 0.032810
v 0.075787 -0.000000 0.032810
v 0.075787 0.001000 0.032810
v 0.077453 -0.001000 0.033233
v 0.077326 -0.001000 0.032962
v 0.077123 -0.001000 0.032740
v 0.076599 -0.001000 0.032523
v 0.076299 -0.001000 0.032537
v 0.076017 -0.001000 0.032639
v 0.076017 0.001000 0.032639
v 0.076299 0.001000 0.032537
v 0.076599 0.001000 0.032523
v 0.077123 0.001000 0.032740
v 0.077326 0.001000 0.032962
v 0.077453 0.001000 0.033233
v 0.077323 -0.000000 0.032958
v 0.077122 -0.000000 0.032739
v 0.076877 -0.000000 0.032593
v 0.076593 -0.000000 0.032522
v 0.076295 -0.000000 0.032537
v 0.076015 -0.000000 0.032639
v 0.075787 -0.001000 0.032810
v 0.075787 0.001000 0.032810
v 0.069157 -0.001000 0.039440
v 0.069157 0.001000 0.039441
v 0.069157 -0.000000 0.039440
v 0.075787 -0.000000 0.032810
v -0.040814 -0.001000 0.055577
v -0.040814 -0.000000 0.055577
v -0.040814 0.001000 0.055577
v -0.040597 -0.001000 0.054487
v -0.040597 0.001000 0.054487
v -0.041521 -0.001000 0.053870
v -0.041521 -0.000000 0.053870
v -0.041521 0.001000 0.053870
v -0.040642 -0.001000 0.055347
v -0.040540 -0.001000 0.055065
v -0.040526 -0.001000 0.054766
v -0.040744 -0.001000 0.054241
v -0.040965 -0.001000 0.054039
v -0.041237 -0.001000 0.053911
v -0.041237 0.001000 0.053911
v -0.040965 0.001000 0.054039
v -0.040744 0.001000 0.054241
v -0.040526 0.001000 0.054766
v -0.040540 0.001000 0.055065
v -0.040642 0.001000 0.055347
v -0.040539 -0.000000 0.055061
v -0.040527 -0.000000 0.054764
v -0.040597 -0.000000 0.054487
v -0.040747 -0.000000 0.054237
v -0.040969 -0.000000 0.054036
v -0.041239 -0.000000 0.053911
v -0.041521 -0.001000 0.053870
v -0.041521 0.001000 0.053870
v -0.048151 -0.001000 0.053870
v -0.048151 0.001000 0.053870
v -0.041521 -0.000000 0.053870
v -0.048151 -0.001000 0.053870
v -0.048151 0.001000 0.053870
v -0.049151 -0.001000 0.054870
v -0.049151 0.001000 0.054870
v -0.048519 -0.001000 0.053940
v -0.048858 -0.001000 0.054163
v -0.049081 -0.001000 0.054502
v -0.049081 0.001000 0.054502
v -0.048858 0.001000 0.054163
v -0.048519 0.001000 0.053940
v -0.049151 -0.001000 0.054870
v -0.049151 0.001000 0.054870
v -0.049151 -0.001000 0.061500
v -0.049151 0.001000 0.061500
v -0.049151 -0.000000 0.061500
v -0.049151 -0.001000 0.061500
v -0.049151 -0.000000 0.061500
v -0.049151 0.001000 0.061500
v -0.048534 -0.001000 0.062424
v -0.048534 0.001000 0.062424
v -0.047444 -0.001000 0.062207
v -0.047444 -0.000000 0.062207
v -0.047444 0.001000 0.062207
v -0.049110 -0.001000 0.061784
v -0.048983 -0.001000 0.062056
v -0.048781 -0.001000 0.062277
v -0.048256 -0.001000 0.062495
v -0.047956 -0.001000 0.062481
v -0.047674 -0.001000 0.062379
v -0.047674 0.001000 0.062379
v -0.047956 0.001000 0.062481
v -0.048256 0.001000 0.062495
v -0.048781 0.001000 0.062277
v -0.048983 0.001000 0.062056
v -0.049110 0.001000 0.061784
v -0.048980 -0.000000 0.062059
v -0.048779 -0.000000 0.062279
v -0.048534 -0.000000 0.062424
v -0.048251 -0.000000 0.062495
v -0.047952 -0.000000 0.062480
v -0.047672 -0.000000 0.062378
v -0.047444 -0.001000 0.062207
v -0.047444 0.001000 0.062207
v -0.040814 -0.001000 0.055577
v -0.040814 0.001000 0.055577
v -0.040814 -0.000000 0.055577
v -0.047444 -0.000000 0.062207
v 0.040803 -0.001000 0.055578
v 0.040803 0.001000 0.055578
v 0.047434 -0.001000 0.062208
v 0.047434 0.001000 0.062208
v 0.047434 -0.000000 0.062208
v 0.047434 -0.001000 0.062208
v 0.047434 -0.000000 0.062208
v 0.047434 0.001000 0.062208
v 0.048523 -0.001000 0.062425
v 0.048523 0.001000 0.062425
v 0.049141 -0.001000 0.061501
v 0.049141 -0.000000 0.061501
v 0.049141 0.001000 0.061501
v 0.047664 -0.001000 0.062380
v 0.047946 -0.001000 0.062482
v 0.048245 -0.001000 0.062496
v 0.048770 -0.001000 0.062278
v 0.048972 -0.001000 0.062057
v 0.049099 -0.001000 0.061785
v 0.049099 0.001000 0.061785
v 0.048972 0.001000 0.062057
v 0.048770 0.001000 0.062278
v 0.048245 0.001000 0.062496
v 0.047946 0.001000 0.062482
v 0.047664 0.001000 0.062380
v 0.047950 -0.000000 0.062483
v 0.048247 -0.000000 0.062495
v 0.048523 -0.000000 0.062425
v 0.048774 -0.000000 0.062275
v 0.048974 -0.000000 0.062053
v 0.049100 -0.000000 0.061783
v 0.049141 -0.001000 0.061501
v 0.049141 0.001000 0.061501
v 0.049141 -0.001000 0.054871
v 0.049141 0.001000 0.054871
v 0.049141 -0.000000 0.061501
v 0.049141 -0.001000 0.054871
v 0.049141 0.001000 0.054871
v 0.048141 -0.001000 0.053871
v 0.048141 0.001000 0.053871
v 0.049070 -0.001000 0.054503
v 0.048848 -0.001000 0.054164
v 0.048509 -0.001000 0.053941
v 0.048509 0.001000 0.053941
v 0.048848 0.001000 0.054164
v 0.049070 0.001000 0.054503
v 0.048141 -0.001000 0.053871
v 0.048141 0.001000 0.053871
v 0.041510 -0.001000 0.053871
v 0.041510 0.001000 0.053871
v 0.041510 -0.000000 0.053871
v 0.041510 -0.001000 0.053871
v 0.041510 -0.000000 0.053871
v 0.041510 0.001000 0.053871
v 0.040587 -0.001000 0.054488
v 0.040587 0.001000 0.054488
v 0.040803 0.001000 0.055578
v 0.040803 -0.001000 0.055578
v 0.041226 -0.001000 0.053912
v 0.040955 -0.001000 0.054039
v 0.040733 -0.001000 0.054242
v 0.040516 -0.001000 0.054766
v 0.040530 -0.001000 0.055066
v 0.040632 -0.001000 0.055348
v 0.040632 0.001000 0.055348
v 0.040530 0.001000 0.055066
v 0.040516 0.001000 0.054766
v 0.040733 0.001000 0.054242
v 0.040955 0.001000 0.054039
v 0.041226 0.001000 0.053912
v 0.040951 -0.000000 0.054042
v 0.040732 -0.000000 0.054243
v 0.040587 -0.000000 0.054488
v 0.040515 -0.000000 0.054772
v 0.040530 -0.000000 0.055070
v 0.040633 -0.000000 0.055350
v -0.007299 -0.001000 0.098479
v -0.007299 0.001000 0.098479
v 0.007290 -0.001000 0.098479
v 0.007290 0.001000 0.098479
v -0.005850 -0.001000 0.099685
v -0.004102 -0.001000 0.100652
v -0.002119 -0.001000 0.101282
v -0.000005 -0.001000 0.101501
v 0.002109 -0.001000 0.101282
v 0.004093 -0.001000 0.100652
v 0.005841 -0.001000 0.099685
v 0.005841 0.001000 0.099685
v 0.004093 0.001000 0.100652
v 0.002109 0.001000 0.101282
v -0.000005 0.001000 0.101501
v -0.002119 0.001000 0.101282
v -0.004102 0.001000 0.100652
v -0.005850 0.001000 0.099685
v 0.007290 -0.001000 0.098479
v 0.007290 0.001000 0.098479
v 0.043881 -0.001000 0.061888
v 0.043881 0.001000 0.061888
v 0.043881 -0.001000 0.061888
v 0.043881 0.001000 0.061888
v 0.040495 -0.001000 0.058501
v 0.040495 0.001000 0.058501
v 0.040495 -0.001000 0.058501
v 0.040495 0.001000 0.058501
v -0.040504 -0.001000 0.058501
v -0.040504 0.001000 0.058501
v -0.040504 -0.001000 0.058501
v -0.040504 0.001000 0.058501
v -0.043891 -0.001000 0.061888
v -0.043891 0.001000 0.061888
v -0.043891 -0.001000 0.061888
v -0.043891 0.001000 0.061888
v -0.007299 -0.001000 0.098479
v -0.007299 0.001000 0.098479
v -0.039443 -0.001000 0.069164
v -0.039443 -0.000000 0.069164
v -0.039443 0.001000 0.069164
v -0.040533 0.001000 0.068947
v -0.041150 -0.001000 0.069871
v -0.041150 -0.000000 0.069871
v -0.041150 0.001000 0.069871
v -0.039673 -0.001000 0.068992
v -0.039955 -0.001000 0.068890
v -0.040255 -0.001000 0.068876
v -0.040533 -0.001000 0.068947
v -0.040780 -0.001000 0.069094
v -0.040982 -0.001000 0.069315
v -0.041109 -0.001000 0.069587
v -0.041109 0.001000 0.069587
v -0.040982 0.001000 0.069315
v -0.040780 0.001000 0.069094
v -0.040255 0.001000 0.068876
v -0.039955 0.001000 0.068890
v -0.039673 0.001000 0.068992
v -0.040257 -0.000000 0.068876
v -0.039959 -0.000000 0.068889
v -0.040533 -0.000000 0.068947
v -0.040784 -0.000000 0.069097
v -0.040984 -0.000000 0.069319
v -0.041110 -0.000000 0.069589
v -0.041150 -0.001000 0.069871
v -0.041150 0.001000 0.069871
v -0.041150 -0.001000 0.076501
v -0.041150 0.001000 0.076501
v -0.041150 -0.000000 0.069871
v -0.041150 -0.001000 0.076501
v -0.041150 0.001000 0.076501
v -0.040150 -0.001000 0.077501
v -0.040150 0.001000 0.077501
v -0.041080 -0.001000 0.076869
v -0.040857 -0.001000 0.077208
v -0.040518 -0.001000 0.077431
v -0.040518 0.001000 0.077431
v -0.040857 0.001000 0.077208
v -0.041080 0.001000 0.076869
v -0.040150 -0.001000 0.077501
v -0.040150 0.001000 0.077501
v -0.033520 -0.001000 0.077501
v -0.033520 0.001000 0.077501
v -0.033520 -0.000000 0.077501
v -0.033520 -0.001000 0.077501
v -0.033520 -0.000000 0.077501
v -0.033520 0.001000 0.077501
v -0.032596 -0.001000 0.076884
v -0.032813 -0.001000 0.075794
v -0.032813 -0.000000 0.075794
v -0.032813 0.001000 0.075794
v -0.033236 -0.001000 0.077460
v -0.032964 -0.001000 0.077332
v -0.032743 -0.001000 0.077130
v -0.032526 -0.001000 0.076605
v -0.032539 -0.001000 0.076306
v -0.032641 -0.001000 0.076024
v -0.032641 0.001000 0.076024
v -0.032539 0.001000 0.076306
v -0.032526 0.001000 0.076605
v -0.032596 0.001000 0.076884
v -0.032743 0.001000 0.077130
v -0.032964 0.001000 0.077332
v -0.033236 0.001000 0.077460
v -0.032961 -0.000000 0.077330
v -0.032742 -0.000000 0.077129
v -0.032596 -0.000000 0.076884
v -0.032525 -0.000000 0.076600
v -0.032540 -0.000000 0.076302
v -0.032642 -0.000000 0.076022
v -0.032813 -0.001000 0.075794
v -0.032813 0.001000 0.075794
v -0.039443 -0.001000 0.069164
v -0.039443 0.001000 0.069164
v -0.039443 -0.000000 0.069164
v -0.032813 -0.000000 0.075794
v 0.039434 -0.001000 0.069164
v 0.039434 0.001000 0.069164
v 0.032803 -0.001000 0.075794
v 0.032803 0.001000 0.075794
v 0.032803 -0.000000 0.075794
v 0.039434 -0.000000 0.069164
v 0.032803 -0.001000 0.075794
v 0.032803 -0.000000 0.075794
v 0.032803 0.001000 0.075794
v 0.032587 -0.001000 0.076884
v 0.032587 0.001000 0.076884
v 0.033510 -0.001000 0.077501
v 0.033510 -0.000000 0.077501
v 0.033510 0.001000 0.077501
v 0.032632 -0.001000 0.076024
v 0.032530 -0.001000 0.076306
v 0.032516 -0.001000 0.076605
v 0.032733 -0.001000 0.077130
v 0.032955 -0.001000 0.077332
v 0.033226 -0.001000 0.077460
v 0.033226 0.001000 0.077460
v 0.032955 0.001000 0.077332
v 0.032733 0.001000 0.077130
v 0.032516 0.001000 0.076605
v 0.032530 0.001000 0.076306
v 0.032632 0.001000 0.076024
v 0.032529 -0.000000 0.076310
v 0.032516 -0.000000 0.076607
v 0.032587 -0.000000 0.076884
v 0.032737 -0.000000 0.077134
v 0.032958 -0.000000 0.077335
v 0.033228 -0.000000 0.077460
v 0.033510 -0.001000 0.077501
v 0.033510 0.001000 0.077501
v 0.040141 -0.001000 0.077501
v 0.040141 0.001000 0.077501
v 0.033510 -0.000000 0.077501
v 0.040141 -0.001000 0.077501
v 0.040141 0.001000 0.077501
v 0.041141 -0.001000 0.076501
v 0.041141 0.001000 0.076501
v 0.040509 -0.001000 0.077431
v 0.040848 -0.001000 0.077208
v 0.041071 -0.001000 0.076869
v 0.041071 0.001000 0.076869
v 0.040848 0.001000 0.077208
v 0.040509 0.001000 0.077431
v 0.041141 -0.001000 0.076501
v 0.041141 0.001000 0.076501
v 0.041141 -0.001000 0.069871
v 0.041141 0.001000 0.069871
v 0.041141 -0.000000 0.069871
v 0.041141 -0.001000 0.069871
v 0.041141 -0.000000 0.069871
v 0.041141 0.001000 0.069871
v 0.040523 -0.001000 0.068947
v 0.040523 0.001000 0.068947
v 0.039434 -0.001000 0.069164
v 0.039434 -0.000000 0.069164
v 0.039434 0.001000 0.069164
v 0.041100 -0.001000 0.069587
v 0.040972 -0.001000 0.069315
v 0.040770 -0.001000 0.069094
v 0.040245 -0.001000 0.068876
v 0.039946 -0.001000 0.068890
v 0.039664 -0.001000 0.068992
v 0.039664 0.001000 0.068992
v 0.039946 0.001000 0.068890
v 0.040245 0.001000 0.068876
v 0.040770 0.001000 0.069094
v 0.040972 0.001000 0.069315
v 0.041100 0.001000 0.069587
v 0.040970 -0.000000 0.069312
v 0.040769 -0.000000 0.069092
v 0.040523 -0.000000 0.068947
v 0.040240 -0.000000 0.068876
v 0.039942 -0.000000 0.068891
v 0.039662 -0.000000 0.068993
v -0.052004 -0.001000 0.000002
v -0.052004 0.001000 0.000002
v -0.048097 -0.001000 0.019973
v -0.048097 0.001000 0.019973
v -0.051758 -0.001000 0.005101
v -0.051018 -0.001000 0.010177
v -0.049791 -0.001000 0.015157
v -0.049791 0.001000 0.015157
v -0.051018 0.001000 0.010177
v -0.051758 0.001000 0.005101
v -0.048097 -0.001000 0.019973
v -0.048097 0.001000 0.019973
v -0.031764 -0.001000 0.023276
v -0.031764 0.001000 0.023276
v -0.046922 -0.001000 0.022086
v -0.045215 -0.001000 0.023905
v -0.043112 -0.001000 0.025244
v -0.040817 -0.001000 0.026006
v -0.038406 -0.001000 0.026195
v -0.035947 -0.001000 0.025779
v -0.033668 -0.001000 0.024767
v -0.033668 0.001000 0.024767
v -0.035947 0.001000 0.025779
v -0.038406 0.001000 0.026195
v -0.040817 0.001000 0.026006
v -0.043112 0.001000 0.025244
v -0.045215 0.001000 0.023905
v -0.046922 0.001000 0.022086
v -0.031764 -0.001000 0.023276
v -0.031764 0.001000 0.023276
v -0.009197 -0.001000 0.000709
v -0.009197 0.001000 0.000709
v -0.009197 -0.001000 0.000709
v -0.009197 0.001000 0.000709
v -0.009197 -0.001000 -0.000705
v -0.009197 0.001000 -0.000705
v -0.008986 -0.001000 0.000399
v -0.008904 -0.001000 0.000002
v -0.008986 -0.001000 -0.000395
v -0.008986 0.001000 -0.000395
v -0.008904 0.001000 0.000002
v -0.008986 0.001000 0.000399
v -0.009197 -0.001000 -0.000705
v -0.009197 0.001000 -0.000705
v -0.031764 -0.001000 -0.023272
v -0.031764 0.001000 -0.023272
v -0.031764 -0.001000 -0.023272
v -0.031764 0.001000 -0.023272
v -0.040817 -0.001000 -0.026002
v -0.040817 0.001000 -0.026002
v -0.048097 -0.001000 -0.019969
v -0.048097 0.001000 -0.019969
v -0.033668 -0.001000 -0.024762
v -0.035947 -0.001000 -0.025775
v -0.038406 -0.001000 -0.026191
v -0.043112 -0.001000 -0.025240
v -0.045215 -0.001000 -0.023900
v -0.046922 -0.001000 -0.022082
v -0.046922 0.001000 -0.022082
v -0.045215 0.001000 -0.023900
v -0.043112 0.001000 -0.025240
v -0.038406 0.001000 -0.026191
v -0.035947 0.001000 -0.025775
v -0.033668 0.001000 -0.024762
v -0.048097 -0.001000 -0.019969
v -0.048097 0.001000 -0.019969
v -0.052004 -0.001000 0.000002
v -0.052004 0.001000 0.000002
v -0.049791 -0.001000 -0.015153
v -0.051018 -0.001000 -0.010173
v -0.051758 -0.001000 -0.005097
v -0.051758 0.001000 -0.005097
v -0.051018 0.001000 -0.010173
v -0.049791 0.001000 -0.015153
v -0.027053 -0.001000 -0.056997
v -0.027053 0.001000 -0.056997
v -0.030981 0.001000 -0.055091
v -0.031916 -0.001000 -0.050826
v -0.031916 0.001000 -0.050826
v -0.029144 -0.001000 -0.047452
v -0.029144 0.001000 -0.047452
v -0.024779 -0.001000 -0.047541
v -0.024779 0.001000 -0.047541
v -0.028158 -0.001000 -0.056873
v -0.029236 -0.001000 -0.056496
v -0.030199 -0.001000 -0.055883
v -0.030981 -0.001000 -0.055091
v -0.031568 -0.001000 -0.054146
v -0.031938 -0.001000 -0.053066
v -0.032054 -0.001000 -0.051931
v -0.031537 -0.001000 -0.049780
v -0.030918 -0.001000 -0.048821
v -0.030097 -0.001000 -0.048027
v -0.028088 -0.001000 -0.047102
v -0.026952 -0.001000 -0.046995
v -0.025820 -0.001000 -0.047148
v -0.025820 0.001000 -0.047148
v -0.026952 0.001000 -0.046995
v -0.028088 0.001000 -0.047102
v -0.030097 0.001000 -0.048027
v -0.030918 0.001000 -0.048821
v -0.031537 0.001000 -0.049780
v -0.032054 0.001000 -0.051931
v -0.031938 0.001000 -0.053066
v -0.031568 0.001000 -0.054146
v -0.030199 0.001000 -0.055883
v -0.029236 0.001000 -0.056496
v -0.028158 0.001000 -0.056873
v -0.024779 0.000000 -0.047541
v -0.024779 -0.001000 -0.047541
v -0.024779 0.001000 -0.047541
v -0.014410 -0.001000 -0.051559
v -0.014410 0.001000 -0.051559
v -0.024779 0.000000 -0.047541
v -0.014410 0.000000 -0.051559
v -0.019643 0.000000 -0.049836
v -0.019643 0.000500 -0.049836
v -0.022229 0.000000 -0.048760
v -0.022229 0.000500 -0.048760
v -0.019643 -0.000500 -0.049836
v -0.022229 -0.000500 -0.048760
v -0.019698 -0.001000 -0.049815
v -0.019698 0.001000 -0.049815
v -0.017033 0.000000 -0.050769
v -0.017033 -0.000500 -0.050769
v -0.017033 0.000500 -0.050769
v -0.014410 -0.001000 -0.051559
v -0.012399 -0.001000 -0.054598
v -0.012399 0.001000 -0.054598
v -0.015142 -0.001000 -0.056997
v -0.015142 0.001000 -0.056997
v -0.014410 0.001000 -0.051559
v -0.014410 0.000000 -0.051559
v -0.013545 -0.001000 -0.051967
v -0.012834 -0.001000 -0.052701
v -0.012437 -0.001000 -0.053642
v -0.012688 -0.001000 -0.055510
v -0.013320 -0.001000 -0.056313
v -0.014200 -0.001000 -0.056832
v -0.014200 0.001000 -0.056832
v -0.013320 0.001000 -0.056313
v -0.012688 0.001000 -0.055510
v -0.012437 0.001000 -0.053642
v -0.012834 0.001000 -0.052701
v -0.013545 0.001000 -0.051967
v -0.015142 -0.001000 -0.056997
v -0.015142 0.001000 -0.056997
v -0.027053 -0.001000 -0.056997
v -0.027053 0.001000 -0.056997
v 0.015133 -0.001000 -0.056997
v 0.015133 0.001000 -0.056997
v 0.012389 0.001000 -0.054598
v 0.014401 -0.001000 -0.051559
v 0.014401 0.001000 -0.051559
v 0.014190 -0.001000 -0.056832
v 0.013310 -0.001000 -0.056313
v 0.012678 -0.001000 -0.055510
v 0.012389 -0.001000 -0.054598
v 0.012427 -0.001000 -0.053642
v 0.012824 -0.001000 -0.052701
v 0.013536 -0.001000 -0.051967
v 0.013536 0.001000 -0.051967
v 0.012824 0.001000 -0.052701
v 0.012427 0.001000 -0.053642
v 0.012678 0.001000 -0.055510
v 0.013310 0.001000 -0.056313
v 0.014190 0.001000 -0.056832
v 0.014401 0.000000 -0.051559
v 0.014401 -0.001000 -0.051559
v 0.014401 0.001000 -0.051559
v 0.024769 -0.001000 -0.047541
v 0.014401 0.000000 -0.051559
v 0.019633 0.000000 -0.049836
v 0.019633 0.000500 -0.049836
v 0.017023 0.000000 -0.050769
v 0.017023 0.000500 -0.050769
v 0.019633 -0.000500 -0.049836
v 0.017023 -0.000500 -0.050769
v 0.019688 -0.001000 -0.049815
v 0.024769 0.001000 -0.047541
v 0.019688 0.001000 -0.049815
v 0.024769 0.000000 -0.047541
v 0.022219 0.000000 -0.048760
v 0.022219 -0.000500 -0.048760
v 0.022219 0.000500 -0.048760
v 0.024769 -0.001000 -0.047541
v 0.029135 -0.001000 -0.047452
v 0.031906 -0.001000 -0.050826
v 0.031906 0.001000 -0.050826
v 0.030971 -0.001000 -0.055091
v 0.030971 0.001000 -0.055091
v 0.027043 -0.001000 -0.056997
v 0.027043 0.001000 -0.056997
v 0.024769 0.001000 -0.047541
v 0.024769 0.000000 -0.047541
v 0.025811 -0.001000 -0.047148
v 0.026942 -0.001000 -0.046995
v 0.028079 -0.001000 -0.047102
v 0.030087 -0.001000 -0.048027
v 0.030908 -0.001000 -0.048821
v 0.031527 -0.001000 -0.049780
v 0.032044 -0.001000 -0.051930
v 0.031929 -0.001000 -0.053066
v 0.031559 -0.001000 -0.054146
v 0.030190 -0.001000 -0.055883
v 0.029226 -0.001000 -0.056496
v 0.028149 -0.001000 -0.056873
v 0.028149 0.001000 -0.056873
v 0.029226 0.001000 -0.056496
v 0.030190 0.001000 -0.055883
v 0.031559 0.001000 -0.054146
v 0.031929 0.001000 -0.053066
v 0.032044 0.001000 -0.051930
v 0.031527 0.001000 -0.049780
v 0.030908 0.001000 -0.048821
v 0.030087 0.001000 -0.048027
v 0.029135 0.001000 -0.047452
v 0.028079 0.001000 -0.047102
v 0.026942 0.001000 -0.046995
v 0.025811 0.001000 -0.047148
v 0.027043 -0.001000 -0.056997
v 0.027043 0.001000 -0.056997
v 0.015133 -0.001000 -0.056997
v 0.015133 0.001000 -0.056997
v -0.057004 -0.001000 0.008006
v -0.057004 0.001000 0.008006
v -0.056356 -0.001000 0.009495
v -0.056356 0.001000 0.009495
v -0.054825 -0.001000 0.010036
v -0.054825 0.001000 0.010036
v -0.052955 -0.001000 0.007718
v -0.052955 0.001000 0.007718
v -0.056835 -0.001000 0.008818
v -0.055647 -0.001000 0.009925
v -0.054027 -0.001000 0.009810
v -0.053386 -0.001000 0.009284
v -0.053007 -0.001000 0.008546
v -0.053007 0.001000 0.008546
v -0.053386 0.001000 0.009284
v -0.054027 0.001000 0.009810
v -0.055647 0.001000 0.009925
v -0.056835 0.001000 0.008818
v -0.052955 -0.000000 0.007718
v -0.052955 -0.001000 0.007718
v -0.052955 0.001000 0.007718
v -0.053504 -0.001000 0.000002
v -0.053504 0.001000 0.000002
v -0.052955 -0.001000 -0.007714
v -0.052955 -0.000000 0.007718
v -0.053370 -0.001000 0.003819
v -0.053370 -0.001000 -0.003815
v -0.052955 0.001000 -0.007714
v -0.053370 0.001000 -0.003815
v -0.053370 0.001000 0.003819
v -0.052955 0.000000 -0.007714
v -0.052955 -0.001000 -0.007714
v -0.054825 -0.001000 -0.010032
v -0.054825 0.001000 -0.010032
v -0.057004 -0.001000 -0.008002
v -0.057004 0.001000 -0.008002
v -0.052955 0.001000 -0.007714
v -0.052955 0.000000 -0.007714
v -0.053007 -0.001000 -0.008542
v -0.053386 -0.001000 -0.009280
v -0.054027 -0.001000 -0.009806
v -0.055647 -0.001000 -0.009921
v -0.056356 -0.001000 -0.009491
v -0.056835 -0.001000 -0.008814
v -0.056835 0.001000 -0.008814
v -0.056356 0.001000 -0.009491
v -0.055647 0.001000 -0.009921
v -0.054027 0.001000 -0.009806
v -0.053386 0.001000 -0.009280
v -0.053007 0.001000 -0.008542
v -0.057004 -0.001000 -0.008002
v -0.057004 0.001000 -0.008002
v -0.057004 -0.001000 0.008006
v -0.057004 0.001000 0.008006
v -0.047548 -0.001000 -0.024772
v -0.047548 0.001000 -0.024772
v -0.050833 -0.001000 -0.031909
v -0.050833 0.001000 -0.031909
v -0.057004 -0.001000 -0.027046
v -0.057004 0.001000 -0.027046
v -0.047155 -0.001000 -0.025813
v -0.047002 -0.001000 -0.026945
v -0.047109 -0.001000 -0.028081
v -0.047459 -0.001000 -0.029138
v -0.048034 -0.001000 -0.030090
v -0.048828 -0.001000 -0.030911
v -0.049787 -0.001000 -0.031530
v -0.051937 -0.001000 -0.032047
v -0.053073 -0.001000 -0.031931
v -0.054153 -0.001000 -0.031561
v -0.055098 -0.001000 -0.030974
v -0.055890 -0.001000 -0.030192
v -0.056502 -0.001000 -0.029229
v -0.056880 -0.001000 -0.028152
v -0.056880 0.001000 -0.028152
v -0.056502 0.001000 -0.029229
v -0.055890 0.001000 -0.030192
v -0.055098 0.001000 -0.030974
v -0.054153 0.001000 -0.031561
v -0.053073 0.001000 -0.031931
v -0.051937 0.001000 -0.032047
v -0.049787 0.001000 -0.031530
v -0.048828 0.001000 -0.030911
v -0.048034 0.001000 -0.030090
v -0.047459 0.001000 -0.029138
v -0.047109 0.001000 -0.028081
v -0.047002 0.001000 -0.026945
v -0.047155 0.001000 -0.025813
v -0.047548 0.000000 -0.024772
v -0.057004 -0.001000 -0.027046
v -0.057004 0.001000 -0.027046
v -0.057004 -0.001000 -0.015135
v -0.057004 0.001000 -0.015135
v -0.057004 -0.001000 -0.015135
v -0.057004 0.001000 -0.015135
v -0.054605 -0.001000 -0.012392
v -0.054605 0.001000 -0.012392
v -0.051566 -0.001000 -0.014404
v -0.051566 0.001000 -0.014404
v -0.056839 -0.001000 -0.014193
v -0.056320 -0.001000 -0.013313
v -0.055517 -0.001000 -0.012681
v -0.053649 -0.001000 -0.012430
v -0.052707 -0.001000 -0.012827
v -0.051974 -0.001000 -0.013539
v -0.051974 0.001000 -0.013539
v -0.052707 0.001000 -0.012827
v -0.053649 0.001000 -0.012430
v -0.055517 0.001000 -0.012681
v -0.056320 0.001000 -0.013313
v -0.056839 0.001000 -0.014193
v -0.051566 0.000000 -0.014404
v -0.051566 -0.001000 -0.014404
v -0.051566 0.001000 -0.014404
v -0.047548 -0.001000 -0.024772
v -0.047548 0.000000 -0.024772
v -0.049843 0.000000 -0.019636
v -0.048767 0.000000 -0.022222
v -0.049843 -0.000500 -0.019636
v -0.048767 -0.000500 -0.022222
v -0.049843 0.000500 -0.019636
v -0.048767 0.000500 -0.022222
v -0.051566 0.000000 -0.014404
v -0.050776 0.000000 -0.017026
v -0.050776 0.000500 -0.017026
v -0.050776 -0.000500 -0.017026
v -0.049822 -0.001000 -0.019691
v -0.047548 0.001000 -0.024772
v -0.049822 0.001000 -0.019691
v -0.000005 -0.001000 -0.053497
v -0.000005 0.001000 -0.053497
v 0.007711 -0.001000 -0.052948
v 0.007711 0.001000 -0.052948
v 0.003863 -0.001000 -0.053360
v 0.003863 0.001000 -0.053360
v 0.007711 0.000000 -0.052948
v 0.007711 -0.001000 -0.052948
v 0.007711 0.001000 -0.052948
v 0.010029 -0.001000 -0.054818
v 0.010029 0.001000 -0.054818
v 0.008000 -0.001000 -0.056997
v 0.008000 0.001000 -0.056997
v 0.007711 0.000000 -0.052948
v 0.008539 -0.001000 -0.053001
v 0.009277 -0.001000 -0.053379
v 0.009803 -0.001000 -0.054020
v 0.009918 -0.001000 -0.055640
v 0.009489 -0.001000 -0.056349
v 0.008811 -0.001000 -0.056828
v 0.008811 0.001000 -0.056828
v 0.009489 0.001000 -0.056349
v 0.009918 0.001000 -0.055640
v 0.009803 0.001000 -0.054020
v 0.009277 0.001000 -0.053379
v 0.008539 0.001000 -0.053001
v 0.008000 -0.001000 -0.056997
v 0.008000 0.001000 -0.056997
v -0.008009 -0.001000 -0.056997
v -0.008009 0.001000 -0.056997
v -0.008009 -0.001000 -0.056997
v -0.008009 0.001000 -0.056997
v -0.010039 -0.001000 -0.054818
v -0.010039 0.001000 -0.054818
v -0.007721 0.001000 -0.052948
v -0.008821 -0.001000 -0.056828
v -0.009498 -0.001000 -0.056349
v -0.009928 -0.001000 -0.055640
v -0.009812 -0.001000 -0.054020
v -0.009287 -0.001000 -0.053379
v -0.008549 -0.001000 -0.053001
v -0.008549 0.001000 -0.053001
v -0.009287 0.001000 -0.053379
v -0.009812 0.001000 -0.054020
v -0.009928 0.001000 -0.055640
v -0.009498 0.001000 -0.056349
v -0.008821 0.001000 -0.056828
v -0.007721 -0.001000 -0.052948
v -0.007721 0.000000 -0.052948
v -0.007721 -0.001000 -0.052948
v -0.007721 0.001000 -0.052948
v -0.000005 -0.001000 -0.053497
v -0.000005 0.001000 -0.053497
v -0.007721 0.000000 -0.052948
v -0.005801 -0.001000 -0.053188
v -0.003873 -0.001000 -0.053360
v -0.001939 -0.001000 -0.053463
v -0.001939 0.001000 -0.053463
v -0.003873 0.001000 -0.053360
v -0.005801 0.001000 -0.053188
v -0.051566 -0.001000 0.014408
v -0.051566 0.001000 0.014408
v -0.057004 -0.001000 0.015139
v -0.057004 0.001000 0.015139
v -0.051974 -0.001000 0.013543
v -0.052707 -0.001000 0.012831
v -0.053649 -0.001000 0.012434
v -0.054605 -0.001000 0.012396
v -0.055517 -0.001000 0.012685
v -0.056320 -0.001000 0.013317
v -0.056839 -0.001000 0.014197
v -0.056839 0.001000 0.014197
v -0.056320 0.001000 0.013317
v -0.055517 0.001000 0.012685
v -0.054605 0.001000 0.012396
v -0.053649 0.001000 0.012434
v -0.052707 0.001000 0.012831
v -0.051974 0.001000 0.013543
v -0.051566 -0.000000 0.014408
v -0.057004 -0.001000 0.015139
v -0.057004 0.001000 0.015139
v -0.057004 -0.001000 0.027050
v -0.057004 0.001000 0.027050
v -0.057004 -0.001000 0.027050
v -0.057004 0.001000 0.027050
v -0.050833 -0.001000 0.031913
v -0.050833 0.001000 0.031913
v -0.047548 -0.001000 0.024776
v -0.047548 0.001000 0.024776
v -0.056880 -0.001000 0.028156
v -0.056502 -0.001000 0.029233
v -0.055890 -0.001000 0.030197
v -0.055098 -0.001000 0.030978
v -0.054153 -0.001000 0.031565
v -0.053073 -0.001000 0.031936
v -0.051937 -0.001000 0.032051
v -0.049787 -0.001000 0.031534
v -0.048828 -0.001000 0.030915
v -0.048034 -0.001000 0.030094
v -0.047459 -0.001000 0.029142
v -0.047109 -0.001000 0.028085
v -0.047002 -0.001000 0.026949
v -0.047155 -0.001000 0.025817
v -0.047155 0.001000 0.025817
v -0.047002 0.001000 0.026949
v -0.047109 0.001000 0.028085
v -0.047459 0.001000 0.029142
v -0.048034 0.001000 0.030094
v -0.048828 0.001000 0.030915
v -0.049787 0.001000 0.031534
v -0.051937 0.001000 0.032051
v -0.053073 0.001000 0.031936
v -0.054153 0.001000 0.031565
v -0.055098 0.001000 0.030978
v -0.055890 0.001000 0.030197
v -0.056502 0.001000 0.029233
v -0.056880 0.001000 0.028156
v -0.047548 -0.000000 0.024776
v -0.047548 -0.001000 0.024776
v -0.047548 0.001000 0.024776
v -0.051566 -0.001000 0.014408
v -0.051566 -0.000000 0.014408
v -0.047548 -0.000000 0.024776
v -0.049843 -0.000000 0.019640
v -0.050776 -0.000000 0.017030
v -0.049843 -0.000500 0.019640
v -0.050776 -0.000500 0.017030
v -0.049843 0.000500 0.019640
v -0.050776 0.000500 0.017030
v -0.048767 -0.000000 0.022226
v -0.048767 0.000500 0.022226
v -0.048767 -0.000500 0.022226
v -0.049843 -0.001000 0.019640
v -0.051566 0.001000 0.014408
v -0.049843 0.001000 0.019640
v -0.000005 -0.001000 -0.051997
v -0.000005 0.001000 -0.051997
v -0.019976 -0.001000 -0.048091
v -0.019976 0.001000 -0.048091
v -0.005104 -0.001000 -0.051751
v -0.010179 -0.001000 -0.051011
v -0.015160 -0.001000 -0.049784
v -0.015160 0.001000 -0.049784
v -0.010179 0.001000 -0.051011
v -0.005104 0.001000 -0.051751
v -0.019976 -0.001000 -0.048091
v -0.019976 0.001000 -0.048091
v -0.023279 -0.001000 -0.031757
v -0.023279 0.001000 -0.031757
v -0.022089 -0.001000 -0.046915
v -0.023907 -0.001000 -0.045208
v -0.025247 -0.001000 -0.043105
v -0.026009 -0.001000 -0.040810
v -0.026198 -0.001000 -0.038399
v -0.025781 -0.001000 -0.035940
v -0.024769 -0.001000 -0.033661
v -0.024769 0.001000 -0.033661
v -0.025781 0.001000 -0.035940
v -0.026198 0.001000 -0.038399
v -0.026009 0.001000 -0.040810
v -0.025247 0.001000 -0.043105
v -0.023907 0.001000 -0.045208
v -0.022089 0.001000 -0.046915
v -0.023279 -0.001000 -0.031757
v -0.023279 0.001000 -0.031757
v -0.000712 -0.001000 -0.009190
v -0.000712 0.001000 -0.009190
v -0.000712 -0.001000 -0.009190
v -0.000712 0.001000 -0.009190
v 0.000702 -0.001000 -0.009190
v 0.000702 0.001000 -0.009190
v -0.000402 -0.001000 -0.008980
v -0.000005 -0.001000 -0.008897
v 0.000392 -0.001000 -0.008980
v 0.000392 0.001000 -0.008980
v -0.000005 0.001000 -0.008897
v -0.000402 0.001000 -0.008980
v 0.000702 -0.001000 -0.009190
v 0.000702 0.001000 -0.009190
v 0.023269 -0.001000 -0.031757
v 0.023269 0.001000 -0.031757
v 0.023269 -0.001000 -0.031757
v 0.023269 0.001000 -0.031757
v 0.019966 -0.001000 -0.048091
v 0.019966 0.001000 -0.048091
v 0.024760 -0.001000 -0.033661
v 0.025772 -0.001000 -0.035940
v 0.026189 -0.001000 -0.038399
v 0.025999 -0.001000 -0.040810
v 0.025237 -0.001000 -0.043105
v 0.023898 -0.001000 -0.045208
v 0.022080 -0.001000 -0.046915
v 0.022080 0.001000 -0.046915
v 0.023898 0.001000 -0.045208
v 0.025237 0.001000 -0.043105
v 0.025999 0.001000 -0.040810
v 0.026189 0.001000 -0.038399
v 0.025772 0.001000 -0.035940
v 0.024760 0.001000 -0.033661
v 0.019966 -0.001000 -0.048091
v 0.019966 0.001000 -0.048091
v -0.000005 -0.001000 -0.051997
v -0.000005 0.001000 -0.051997
v 0.015150 -0.001000 -0.049784
v 0.010170 -0.001000 -0.051011
v 0.005094 -0.001000 -0.051751
v 0.005094 0.001000 -0.051751
v 0.010170 0.001000 -0.051011
v 0.015150 0.001000 -0.049784
v -0.062504 -0.001000 -0.073497
v -0.062504 0.001000 -0.073497
v -0.073504 -0.001000 -0.062497
v -0.073504 0.001000 -0.062497
v -0.064505 -0.001000 -0.073313
v -0.066553 -0.001000 -0.072725
v -0.068523 -0.001000 -0.071704
v -0.070282 -0.001000 -0.070275
v -0.071711 -0.001000 -0.068516
v -0.072731 -0.001000 -0.066546
v -0.073320 -0.001000 -0.064499
v -0.073320 0.001000 -0.064499
v -0.072731 0.001000 -0.066546
v -0.071711 0.001000 -0.068516
v -0.070282 0.001000 -0.070275
v -0.068523 0.001000 -0.071704
v -0.066553 0.001000 -0.072725
v -0.064505 0.001000 -0.073313
v -0.073504 -0.001000 -0.062497
v -0.073504 0.001000 -0.062497
v -0.073504 -0.001000 -0.044377
v -0.073504 0.001000 -0.044377
v -0.073504 -0.001000 -0.060497
v -0.073504 0.001000 -0.060497
v -0.073504 -0.001000 -0.044377
v -0.073504 0.001000 -0.044377
v -0.070943 -0.001000 -0.043316
v -0.070943 0.001000 -0.043316
v -0.073442 -0.001000 -0.043951
v -0.073251 -0.001000 -0.043544
v -0.072948 -0.001000 -0.043211
v -0.072578 -0.001000 -0.042991
v -0.072161 -0.001000 -0.042885
v -0.071711 -0.001000 -0.042906
v -0.071288 -0.001000 -0.043059
v -0.071288 0.001000 -0.043059
v -0.071711 0.001000 -0.042906
v -0.072161 0.001000 -0.042885
v -0.072578 0.001000 -0.042991
v -0.072948 0.001000 -0.043211
v -0.073251 0.001000 -0.043544
v -0.073442 0.001000 -0.043951
v -0.070943 -0.001000 -0.043316
v -0.070943 0.001000 -0.043316
v -0.043323 -0.001000 -0.070936
v -0.043323 0.001000 -0.070936
v -0.043323 -0.001000 -0.070936
v -0.043323 0.001000 -0.070936
v -0.044384 -0.001000 -0.073497
v -0.044384 0.001000 -0.073497
v -0.043066 -0.001000 -0.071281
v -0.042913 -0.001000 -0.071704
v -0.042892 -0.001000 -0.072154
v -0.042998 -0.001000 -0.072571
v -0.043218 -0.001000 -0.072941
v -0.043551 -0.001000 -0.073244
v -0.043958 -0.001000 -0.073435
v -0.043958 0.001000 -0.073435
v -0.043551 0.001000 -0.073244
v -0.043218 0.001000 -0.072941
v -0.042998 0.001000 -0.072571
v -0.042892 0.001000 -0.072154
v -0.042913 0.001000 -0.071704
v -0.043066 0.001000 -0.071281
v -0.044384 -0.001000 -0.073497
v -0.044384 0.001000 -0.073497
v -0.062504 -0.001000 -0.073497
v -0.062504 0.001000 -0.073497
v -0.060504 -0.001000 -0.073497
v -0.060504 0.001000 -0.073497
v -0.054772 -0.001000 -0.054765
v -0.054772 -0.001000 -0.051229
v -0.051236 -0.001000 -0.051229
v -0.051236 0.001000 -0.051229
v -0.054772 -0.001000 -0.054765
v -0.054772 0.001000 -0.054765
v -0.055298 -0.001000 -0.053990
v -0.055504 -0.001000 -0.052997
v -0.055298 -0.001000 -0.052004
v -0.053997 -0.001000 -0.050703
v -0.053004 -0.001000 -0.050497
v -0.052011 -0.001000 -0.050703
v -0.050710 -0.001000 -0.052004
v -0.050504 -0.001000 -0.052997
v -0.050710 -0.001000 -0.053990
v -0.051236 -0.001000 -0.054765
v -0.052011 -0.001000 -0.055292
v -0.053004 -0.001000 -0.055497
v -0.053997 -0.001000 -0.055292
v -0.053997 0.001000 -0.055292
v -0.053004 0.001000 -0.055497
v -0.052011 0.001000 -0.055292
v -0.051236 0.001000 -0.054765
v -0.050710 0.001000 -0.053990
v -0.050504 0.001000 -0.052997
v -0.050710 0.001000 -0.052004
v -0.052011 0.001000 -0.050703
v -0.053004 0.001000 -0.050497
v -0.053997 0.001000 -0.050703
v -0.054772 0.001000 -0.051229
v -0.055298 0.001000 -0.052004
v -0.055504 0.001000 -0.052997
v -0.055298 0.001000 -0.053990
v -0.054772 0.001000 -0.054765
v -0.028996 -0.001000 -0.024746
v -0.028996 0.001000 -0.024746
v -0.006369 -0.001000 -0.002119
v -0.006369 0.001000 -0.002119
v -0.006369 -0.001000 -0.002119
v -0.006369 0.001000 -0.002119
v -0.002126 -0.001000 -0.006362
v -0.002126 0.001000 -0.006362
v -0.002126 -0.001000 -0.006362
v -0.002126 0.001000 -0.006362
v -0.024753 -0.001000 -0.028989
v -0.024753 0.001000 -0.028989
v -0.024753 -0.001000 -0.028989
v -0.028996 0.001000 -0.024746
v -0.028996 -0.001000 -0.024746
v -0.024753 0.001000 -0.028989
v 0.040804 -0.001000 -0.055573
v 0.040804 0.000000 -0.055573
v 0.040804 0.001000 -0.055573
v 0.040587 -0.001000 -0.054483
v 0.040587 0.001000 -0.054483
v 0.041511 -0.001000 -0.053866
v 0.041511 0.000000 -0.053866
v 0.041511 0.001000 -0.053866
v 0.040633 -0.001000 -0.055343
v 0.040531 -0.001000 -0.055061
v 0.040517 -0.001000 -0.054762
v 0.040734 -0.001000 -0.054237
v 0.040956 -0.001000 -0.054035
v 0.041227 -0.001000 -0.053907
v 0.041227 0.001000 -0.053907
v 0.040956 0.001000 -0.054035
v 0.040734 0.001000 -0.054237
v 0.040517 0.001000 -0.054762
v 0.040531 0.001000 -0.055061
v 0.040633 0.001000 -0.055343
v 0.040530 0.000000 -0.055057
v 0.040517 0.000000 -0.054759
v 0.040587 0.000000 -0.054483
v 0.040738 0.000000 -0.054233
v 0.040959 0.000000 -0.054032
v 0.041229 0.000000 -0.053907
v 0.041511 -0.001000 -0.053866
v 0.041511 0.001000 -0.053866
v 0.048142 -0.001000 -0.053866
v 0.048142 0.001000 -0.053866
v 0.041511 0.000000 -0.053866
v 0.048142 -0.001000 -0.053866
v 0.048142 0.001000 -0.053866
v 0.049142 -0.001000 -0.054866
v 0.049142 0.001000 -0.054866
v 0.048510 -0.001000 -0.053936
v 0.048849 -0.001000 -0.054159
v 0.049071 -0.001000 -0.054498
v 0.049071 0.001000 -0.054498
v 0.048849 0.001000 -0.054159
v 0.048510 0.001000 -0.053936
v 0.049142 -0.001000 -0.054866
v 0.049142 0.001000 -0.054866
v 0.049142 -0.001000 -0.061496
v 0.049142 0.001000 -0.061496
v 0.049142 0.000000 -0.061496
v 0.049142 -0.001000 -0.061496
v 0.049142 0.000000 -0.061496
v 0.049142 0.001000 -0.061496
v 0.048525 -0.001000 -0.062420
v 0.048525 0.001000 -0.062420
v 0.047435 -0.001000 -0.062203
v 0.047435 0.000000 -0.062203
v 0.047435 0.001000 -0.062203
v 0.049101 -0.001000 -0.061780
v 0.048973 -0.001000 -0.062052
v 0.048771 -0.001000 -0.062273
v 0.048246 -0.001000 -0.062491
v 0.047947 -0.001000 -0.062477
v 0.047665 -0.001000 -0.062375
v 0.047665 0.001000 -0.062375
v 0.047947 0.001000 -0.062477
v 0.048246 0.001000 -0.062491
v 0.048771 0.001000 -0.062273
v 0.048973 0.001000 -0.062052
v 0.049101 0.001000 -0.061780
v 0.048971 0.000000 -0.062055
v 0.048769 0.000000 -0.062275
v 0.048525 0.000000 -0.062420
v 0.048241 0.000000 -0.062491
v 0.047943 0.000000 -0.062476
v 0.047663 0.000000 -0.062374
v 0.047435 -0.001000 -0.062203
v 0.047435 0.001000 -0.062203
v 0.040804 -0.001000 -0.055573
v 0.040804 0.001000 -0.055573
v 0.040804 0.000000 -0.055573
v 0.047435 0.000000 -0.062203
v -0.040813 -0.001000 -0.055574
v -0.040813 0.001000 -0.055574
v -0.047443 -0.001000 -0.062204
v -0.047443 0.001000 -0.062204
v -0.047443 0.000000 -0.062204
v -0.040813 0.000000 -0.055574
v -0.047443 -0.001000 -0.062204
v -0.047443 0.000000 -0.062204
v -0.047443 0.001000 -0.062204
v -0.048533 -0.001000 -0.062421
v -0.048533 0.001000 -0.062421
v -0.049150 -0.001000 -0.061497
v -0.049150 0.000000 -0.061497
v -0.049150 0.001000 -0.061497
v -0.047673 -0.001000 -0.062376
v -0.047955 -0.001000 -0.062478
v -0.048255 -0.001000 -0.062492
v -0.048780 -0.001000 -0.062274
v -0.048982 -0.001000 -0.062053
v -0.049109 -0.001000 -0.061781
v -0.049109 0.001000 -0.061781
v -0.048982 0.001000 -0.062053
v -0.048780 0.001000 -0.062274
v -0.048255 0.001000 -0.062492
v -0.047955 0.001000 -0.062478
v -0.047673 0.001000 -0.062376
v -0.047959 0.000000 -0.062479
v -0.048257 0.000000 -0.062491
v -0.048533 0.000000 -0.062421
v -0.048784 0.000000 -0.062271
v -0.048984 0.000000 -0.062049
v -0.049110 0.000000 -0.061779
v -0.049150 -0.001000 -0.061497
v -0.049150 0.001000 -0.061497
v -0.049150 -0.001000 -0.054867
v -0.049150 0.001000 -0.054867
v -0.049150 0.000000 -0.061497
v -0.049150 -0.001000 -0.054867
v -0.049150 0.001000 -0.054867
v -0.048150 -0.001000 -0.053867
v -0.048150 0.001000 -0.053867
v -0.049080 -0.001000 -0.054499
v -0.048857 -0.001000 -0.054160
v -0.048518 -0.001000 -0.053937
v -0.048518 0.001000 -0.053937
v -0.048857 0.001000 -0.054160
v -0.049080 0.001000 -0.054499
v -0.048150 -0.001000 -0.053867
v -0.048150 0.001000 -0.053867
v -0.041520 -0.001000 -0.053867
v -0.041520 0.001000 -0.053867
v -0.041520 0.000000 -0.053867
v -0.041520 -0.001000 -0.053867
v -0.041520 0.000000 -0.053867
v -0.041520 0.001000 -0.053867
v -0.040596 -0.001000 -0.054484
v -0.040596 0.001000 -0.054484
v -0.040813 -0.001000 -0.055574
v -0.040813 0.000000 -0.055574
v -0.040813 0.001000 -0.055574
v -0.041236 -0.001000 -0.053908
v -0.040964 -0.001000 -0.054035
v -0.040743 -0.001000 -0.054237
v -0.040525 -0.001000 -0.054762
v -0.040539 -0.001000 -0.055062
v -0.040641 -0.001000 -0.055344
v -0.040641 0.001000 -0.055344
v -0.040539 0.001000 -0.055062
v -0.040525 0.001000 -0.054762
v -0.040743 0.001000 -0.054237
v -0.040964 0.001000 -0.054035
v -0.041236 0.001000 -0.053908
v -0.040961 0.000000 -0.054038
v -0.040742 0.000000 -0.054239
v -0.040596 0.000000 -0.054484
v -0.040525 0.000000 -0.054767
v -0.040540 0.000000 -0.055066
v -0.040642 0.000000 -0.055346
v 0.007290 -0.001000 -0.098475
v 0.007290 0.001000 -0.098475
v -0.007299 -0.001000 -0.098475
v -0.007299 0.001000 -0.098475
v 0.005841 -0.001000 -0.099681
v 0.004092 -0.001000 -0.100648
v 0.002109 -0.001000 -0.101278
v -0.000005 -0.001000 -0.101497
v -0.002119 -0.001000 -0.101278
v -0.004102 -0.001000 -0.100648
v -0.005850 -0.001000 -0.099681
v -0.005850 0.001000 -0.099681
v -0.004102 0.001000 -0.100648
v -0.002119 0.001000 -0.101278
v -0.000005 0.001000 -0.101497
v 0.002109 0.001000 -0.101278
v 0.004092 0.001000 -0.100648
v 0.005841 0.001000 -0.099681
v -0.007299 -0.001000 -0.098475
v -0.007299 0.001000 -0.098475
v -0.043891 -0.001000 -0.061884
v -0.043891 0.001000 -0.061884
v -0.043891 -0.001000 -0.061884
v -0.043891 0.001000 -0.061884
v -0.040504 -0.001000 -0.058497
v -0.040504 0.001000 -0.058497
v -0.040504 -0.001000 -0.058497
v -0.040504 0.001000 -0.058497
v 0.040495 -0.001000 -0.058497
v 0.040495 0.001000 -0.058497
v 0.040495 -0.001000 -0.058497
v 0.040495 0.001000 -0.058497
v 0.043881 -0.001000 -0.061884
v 0.043881 0.001000 -0.061884
v 0.043881 -0.001000 -0.061884
v 0.043881 0.001000 -0.061884
v 0.007290 -0.001000 -0.098475
v 0.007290 0.001000 -0.098475
v 0.039434 -0.001000 -0.069159
v 0.039434 0.000000 -0.069159
v 0.039434 0.001000 -0.069159
v 0.040523 -0.001000 -0.068943
v 0.040523 0.001000 -0.068943
v 0.041141 -0.001000 -0.069867
v 0.041141 0.000000 -0.069867
v 0.041141 0.001000 -0.069867
v 0.039664 -0.001000 -0.068988
v 0.039946 -0.001000 -0.068886
v 0.040245 -0.001000 -0.068872
v 0.040770 -0.001000 -0.069089
v 0.040972 -0.001000 -0.069311
v 0.041100 -0.001000 -0.069583
v 0.041100 0.001000 -0.069583
v 0.040972 0.001000 -0.069311
v 0.040770 0.001000 -0.069089
v 0.040245 0.001000 -0.068872
v 0.039946 0.001000 -0.068886
v 0.039664 0.001000 -0.068988
v 0.039950 0.000000 -0.068885
v 0.040247 0.000000 -0.068872
v 0.040523 0.000000 -0.068943
v 0.040774 0.000000 -0.069093
v 0.040975 0.000000 -0.069315
v 0.041100 0.000000 -0.069585
v 0.041141 -0.001000 -0.069867
v 0.041141 0.001000 -0.069867
v 0.041141 -0.001000 -0.076497
v 0.041141 0.001000 -0.076497
v 0.041141 0.000000 -0.069867
v 0.041141 -0.001000 -0.076497
v 0.041141 0.001000 -0.076497
v 0.040141 -0.001000 -0.077497
v 0.040141 0.001000 -0.077497
v 0.041071 -0.001000 -0.076865
v 0.040848 -0.001000 -0.077204
v 0.040509 -0.001000 -0.077427
v 0.040509 0.001000 -0.077427
v 0.040848 0.001000 -0.077204
v 0.041071 0.001000 -0.076865
v 0.040141 -0.001000 -0.077497
v 0.040141 0.001000 -0.077497
v 0.033510 -0.001000 -0.077497
v 0.033510 0.001000 -0.077497
v 0.033510 0.000000 -0.077497
v 0.033510 -0.001000 -0.077497
v 0.033510 0.000000 -0.077497
v 0.033510 0.001000 -0.077497
v 0.032587 -0.001000 -0.076880
v 0.032587 0.001000 -0.076880
v 0.032803 -0.001000 -0.075790
v 0.032803 0.000000 -0.075790
v 0.032803 0.001000 -0.075790
v 0.033226 -0.001000 -0.077456
v 0.032955 -0.001000 -0.077328
v 0.032733 -0.001000 -0.077126
v 0.032516 -0.001000 -0.076601
v 0.032530 -0.001000 -0.076302
v 0.032632 -0.001000 -0.076020
v 0.032632 0.001000 -0.076020
v 0.032530 0.001000 -0.076302
v 0.032516 0.001000 -0.076601
v 0.032733 0.001000 -0.077126
v 0.032955 0.001000 -0.077328
v 0.033226 0.001000 -0.077456
v 0.032951 0.000000 -0.077326
v 0.032732 0.000000 -0.077125
v 0.032587 0.000000 -0.076880
v 0.032515 0.000000 -0.076596
v 0.032531 0.000000 -0.076298
v 0.032633 0.000000 -0.076018
v 0.032803 -0.001000 -0.075790
v 0.032803 0.001000 -0.075790
v 0.039434 -0.001000 -0.069159
v 0.039434 0.001000 -0.069159
v 0.039434 0.000000 -0.069159
v 0.032803 0.000000 -0.075790
v -0.039443 -0.001000 -0.069159
v -0.039443 0.001000 -0.069159
v -0.032813 -0.001000 -0.075790
v -0.032813 0.001000 -0.075790
v -0.032813 0.000000 -0.075790
v -0.039443 0.000000 -0.069159
v -0.032813 -0.001000 -0.075790
v -0.032813 0.000000 -0.075790
v -0.032813 0.001000 -0.075790
v -0.033520 -0.001000 -0.077497
v -0.033520 0.000000 -0.077497
v -0.033520 0.001000 -0.077497
v -0.032641 -0.001000 -0.076020
v -0.032539 -0.001000 -0.076302
v -0.032526 -0.001000 -0.076601
v -0.032596 -0.001000 -0.076880
v -0.032743 -0.001000 -0.077126
v -0.032964 -0.001000 -0.077328
v -0.033236 -0.001000 -0.077456
v -0.033236 0.001000 -0.077456
v -0.032964 0.001000 -0.077328
v -0.032743 0.001000 -0.077126
v -0.032596 0.001000 -0.076880
v -0.032526 0.001000 -0.076601
v -0.032539 0.001000 -0.076302
v -0.032641 0.001000 -0.076020
v -0.032538 0.000000 -0.076306
v -0.032526 0.000000 -0.076603
v -0.032596 0.000000 -0.076880
v -0.032746 0.000000 -0.077130
v -0.032968 0.000000 -0.077331
v -0.033238 0.000000 -0.077456
v -0.033520 -0.001000 -0.077497
v -0.033520 0.001000 -0.077497
v -0.040150 -0.001000 -0.077497
v -0.040150 0.001000 -0.077497
v -0.033520 0.000000 -0.077497
v -0.040150 -0.001000 -0.077497
v -0.040150 0.001000 -0.077497
v -0.041150 -0.001000 -0.076497
v -0.041150 0.001000 -0.076497
v -0.040518 -0.001000 -0.077427
v -0.040857 -0.001000 -0.077204
v -0.041080 -0.001000 -0.076865
v -0.041080 0.001000 -0.076865
v -0.040857 0.001000 -0.077204
v -0.040518 0.001000 -0.077427
v -0.041150 -0.001000 -0.076497
v -0.041150 0.001000 -0.076497
v -0.041150 -0.001000 -0.069867
v -0.041150 0.001000 -0.069867
v -0.041150 0.000000 -0.069867
v -0.041150 -0.001000 -0.069867
v -0.041150 0.000000 -0.069867
v -0.041150 0.001000 -0.069867
v -0.040533 0.001000 -0.068943
v -0.039443 -0.001000 -0.069159
v -0.039443 0.000000 -0.069159
v -0.039443 0.001000 -0.069159
v -0.041109 -0.001000 -0.069583
v -0.040982 -0.001000 -0.069311
v -0.040780 -0.001000 -0.069089
v -0.040533 -0.001000 -0.068943
v -0.040255 -0.001000 -0.068872
v -0.039955 -0.001000 -0.068886
v -0.039673 -0.001000 -0.068988
v -0.039673 0.001000 -0.068988
v -0.039955 0.001000 -0.068886
v -0.040255 0.001000 -0.068872
v -0.040780 0.001000 -0.069089
v -0.040982 0.001000 -0.069311
v -0.041109 0.001000 -0.069583
v -0.040979 0.000000 -0.069307
v -0.040778 0.000000 -0.069088
v -0.040533 0.000000 -0.068943
v -0.040250 0.000000 -0.068872
v -0.039951 0.000000 -0.068887
v -0.039671 0.000000 -0.068989
v -0.055580 -0.001000 0.040811
v -0.055580 0.001000 0.040811
v -0.062210 -0.001000 0.047442
v -0.062210 0.001000 0.047442
v -0.062210 -0.000000 0.047442
v -0.055580 -0.000000 0.040811
v -0.062210 -0.001000 0.047442
v -0.062210 -0.000000 0.047442
v -0.062210 0.001000 0.047442
v -0.062427 -0.001000 0.048531
v -0.062427 0.001000 0.048531
v -0.061503 -0.001000 0.049149
v -0.061503 -0.000000 0.049149
v -0.061503 0.001000 0.049149
v -0.062382 -0.001000 0.047671
v -0.062484 -0.001000 0.047954
v -0.062498 -0.001000 0.048253
v -0.062280 -0.001000 0.048778
v -0.062059 -0.001000 0.048980
v -0.061787 -0.001000 0.049107
v -0.061787 0.001000 0.049107
v -0.062059 0.001000 0.048980
v -0.062280 0.001000 0.048778
v -0.062498 0.001000 0.048253
v -0.062484 0.001000 0.047954
v -0.062382 0.001000 0.047671
v -0.062485 -0.000000 0.047958
v -0.062497 -0.000000 0.048255
v -0.062427 -0.000000 0.048531
v -0.062277 -0.000000 0.048782
v -0.062055 -0.000000 0.048982
v -0.061785 -0.000000 0.049108
v -0.061503 -0.001000 0.049149
v -0.061503 0.001000 0.049149
v -0.054873 -0.001000 0.049148
v -0.054873 0.001000 0.049148
v -0.061503 -0.000000 0.049149
v -0.054873 -0.001000 0.049148
v -0.054873 0.001000 0.049148
v -0.053873 -0.001000 0.048148
v -0.053873 0.001000 0.048148
v -0.054505 -0.001000 0.049078
v -0.054166 -0.001000 0.048856
v -0.053943 -0.001000 0.048517
v -0.053943 0.001000 0.048517
v -0.054166 0.001000 0.048856
v -0.054505 0.001000 0.049078
v -0.053873 -0.001000 0.048148
v -0.053873 0.001000 0.048148
v -0.053873 -0.001000 0.041518
v -0.053873 0.001000 0.041518
v -0.053873 -0.000000 0.041518
v -0.053873 -0.001000 0.041518
v -0.053873 -0.000000 0.041518
v -0.053873 0.001000 0.041518
v -0.054490 -0.001000 0.040594
v -0.054490 0.001000 0.040594
v -0.055580 -0.001000 0.040811
v -0.055580 -0.000000 0.040811
v -0.055580 0.001000 0.040811
v -0.053914 -0.001000 0.041234
v -0.054041 -0.001000 0.040963
v -0.054244 -0.001000 0.040741
v -0.054768 -0.001000 0.040524
v -0.055068 -0.001000 0.040537
v -0.055350 -0.001000 0.040639
v -0.055350 0.001000 0.040639
v -0.055068 0.001000 0.040537
v -0.054768 0.001000 0.040524
v -0.054244 0.001000 0.040741
v -0.054041 0.001000 0.040963
v -0.053914 0.001000 0.041234
v -0.054044 -0.000000 0.040959
v -0.054245 -0.000000 0.040740
v -0.054490 -0.000000 0.040594
v -0.054774 -0.000000 0.040523
v -0.055072 -0.000000 0.040538
v -0.055352 -0.000000 0.040640
v -0.055581 -0.001000 -0.040806
v -0.055581 0.000000 -0.040806
v -0.055581 0.001000 -0.040806
v -0.054491 -0.001000 -0.040589
v -0.054491 0.001000 -0.040589
v -0.053874 -0.001000 -0.041513
v -0.053874 0.000000 -0.041513
v -0.053874 0.001000 -0.041513
v -0.055351 -0.001000 -0.040634
v -0.055069 -0.001000 -0.040532
v -0.054769 -0.001000 -0.040519
v -0.054244 -0.001000 -0.040736
v -0.054042 -0.001000 -0.040958
v -0.053915 -0.001000 -0.041229
v -0.053915 0.001000 -0.041229
v -0.054042 0.001000 -0.040958
v -0.054244 0.001000 -0.040736
v -0.054769 0.001000 -0.040519
v -0.055069 0.001000 -0.040532
v -0.055351 0.001000 -0.040634
v -0.055065 0.000000 -0.040532
v -0.054767 0.000000 -0.040519
v -0.054491 0.000000 -0.040589
v -0.054240 0.000000 -0.040739
v -0.054040 0.000000 -0.040961
v -0.053914 0.000000 -0.041231
v -0.053874 -0.001000 -0.041513
v -0.053874 0.001000 -0.041513
v -0.053874 -0.001000 -0.048143
v -0.053874 0.001000 -0.048143
v -0.053874 0.000000 -0.041513
v -0.053874 -0.001000 -0.048143
v -0.053874 0.001000 -0.048143
v -0.054874 -0.001000 -0.049143
v -0.054874 0.001000 -0.049143
v -0.053944 -0.001000 -0.048512
v -0.054167 -0.001000 -0.048851
v -0.054505 -0.001000 -0.049073
v -0.054505 0.001000 -0.049073
v -0.054167 0.001000 -0.048851
v -0.053944 0.001000 -0.048512
v -0.054874 -0.001000 -0.049143
v -0.054874 0.001000 -0.049143
v -0.061504 -0.001000 -0.049143
v -0.061504 0.001000 -0.049143
v -0.061504 0.000000 -0.049143
v -0.061504 -0.001000 -0.049143
v -0.061504 0.000000 -0.049143
v -0.061504 0.001000 -0.049143
v -0.062428 -0.001000 -0.048526
v -0.062428 0.001000 -0.048526
v -0.062211 -0.001000 -0.047436
v -0.062211 0.000000 -0.047436
v -0.062211 0.001000 -0.047436
v -0.061788 -0.001000 -0.049102
v -0.062059 -0.001000 -0.048975
v -0.062281 -0.001000 -0.048773
v -0.062498 -0.001000 -0.048248
v -0.062485 -0.001000 -0.047948
v -0.062383 -0.001000 -0.047666
v -0.062383 0.001000 -0.047666
v -0.062485 0.001000 -0.047948
v -0.062498 0.001000 -0.048248
v -0.062281 0.001000 -0.048773
v -0.062059 0.001000 -0.048975
v -0.061788 0.001000 -0.049102
v -0.062063 0.000000 -0.048973
v -0.062282 0.000000 -0.048771
v -0.062428 0.000000 -0.048526
v -0.062499 0.000000 -0.048243
v -0.062484 0.000000 -0.047944
v -0.062382 0.000000 -0.047664
v -0.062211 -0.001000 -0.047436
v -0.062211 0.001000 -0.047436
v -0.055581 -0.001000 -0.040806
v -0.055581 0.001000 -0.040806
v -0.055581 0.000000 -0.040806
v -0.062211 0.000000 -0.047436
v -0.098482 -0.001000 0.007297
v -0.098482 0.001000 0.007297
v -0.061890 -0.001000 0.043888
v -0.061890 0.001000 0.043888
v -0.071038 -0.000000 0.034740
v -0.066464 -0.000000 0.039314
v -0.071038 -0.000500 0.034740
v -0.066464 -0.000500 0.039314
v -0.071038 0.000500 0.034740
v -0.066464 0.000500 0.039314
v -0.089334 -0.000000 0.016444
v -0.089334 0.000500 0.016444
v -0.093908 -0.000000 0.011870
v -0.093908 0.000500 0.011870
v -0.089334 -0.000500 0.016444
v -0.093908 -0.000500 0.011870
v -0.061890 -0.001000 0.043888
v -0.061890 0.001000 0.043888
v -0.058504 -0.001000 0.040501
v -0.058504 0.001000 0.040501
v -0.058504 -0.001000 0.040501
v -0.058504 0.001000 0.040501
v -0.058504 -0.001000 -0.040497
v -0.058504 0.001000 -0.040497
v -0.058504 -0.001000 -0.040497
v -0.058504 0.001000 -0.040497
v -0.061890 -0.001000 -0.043884
v -0.061890 0.001000 -0.043884
v -0.061890 -0.001000 -0.043884
v -0.061890 0.001000 -0.043884
v -0.098482 -0.001000 -0.007293
v -0.098482 0.001000 -0.007293
v -0.071038 0.000000 -0.034736
v -0.071038 0.000500 -0.034736
v -0.066464 0.000000 -0.039310
v -0.066464 0.000500 -0.039310
v -0.071038 -0.000500 -0.034736
v -0.066464 -0.000500 -0.039310
v -0.089334 0.000000 -0.016440
v -0.093908 0.000000 -0.011866
v -0.089334 -0.000500 -0.016440
v -0.093908 -0.000500 -0.011866
v -0.089334 0.000500 -0.016440
v -0.093908 0.000500 -0.011866
v -0.098482 -0.001000 -0.007293
v -0.098482 0.001000 -0.007293
v -0.098482 -0.001000 0.007297
v -0.098482 0.001000 0.007297
v -0.099687 -0.001000 -0.005843
v -0.100655 -0.001000 -0.004095
v -0.101284 -0.001000 -0.002112
v -0.101503 -0.001000 0.000002
v -0.101284 -0.001000 0.002116
v -0.100655 -0.001000 0.004099
v -0.099687 -0.001000 0.005847
v -0.099687 0.001000 0.005847
v -0.100655 0.001000 0.004099
v -0.101284 0.001000 0.002116
v -0.101503 0.001000 0.000002
v -0.101284 0.001000 -0.002112
v -0.100655 0.001000 -0.004095
v -0.099687 0.001000 -0.005843
v -0.069166 -0.001000 0.039440
v -0.069166 0.001000 0.039441
v -0.075797 -0.001000 0.032810
v -0.075797 0.001000 0.032810
v -0.075797 -0.000000 0.032810
v -0.069166 -0.000000 0.039440
v -0.075797 -0.001000 0.032810
v -0.075797 -0.000000 0.032810
v -0.075797 0.001000 0.032810
v -0.076886 0.001000 0.032593
v -0.077504 0.001000 0.033517
v -0.076027 -0.001000 0.032639
v -0.076309 -0.001000 0.032537
v -0.076608 -0.001000 0.032523
v -0.076886 -0.001000 0.032593
v -0.077133 -0.001000 0.032740
v -0.077335 -0.001000 0.032962
v -0.077462 -0.001000 0.033233
v -0.077462 0.001000 0.033233
v -0.077335 0.001000 0.032962
v -0.077133 0.001000 0.032740
v -0.076608 0.001000 0.032523
v -0.076309 0.001000 0.032537
v -0.076027 0.001000 0.032639
v -0.077504 -0.001000 0.033517
v -0.076610 -0.000000 0.032523
v -0.076313 -0.000000 0.032536
v -0.076886 -0.000000 0.032593
v -0.077137 -0.000000 0.032743
v -0.077337 -0.000000 0.032965
v -0.077463 -0.000000 0.033235
v -0.077504 -0.001000 0.033517
v -0.077504 0.001000 0.033517
v -0.077504 -0.001000 0.040148
v -0.077504 0.001000 0.040148
v -0.077504 -0.001000 0.040148
v -0.077504 0.001000 0.040148
v -0.076504 -0.001000 0.041148
v -0.076504 0.001000 0.041148
v -0.077433 -0.001000 0.040516
v -0.077211 -0.001000 0.040855
v -0.076872 -0.001000 0.041077
v -0.076872 0.001000 0.041077
v -0.077211 0.001000 0.040855
v -0.077433 0.001000 0.040516
v -0.076504 -0.001000 0.041148
v -0.076504 0.001000 0.041148
v -0.069873 -0.001000 0.041148
v -0.069873 0.001000 0.041148
v -0.069873 -0.000000 0.041148
v -0.069873 -0.001000 0.041148
v -0.069873 -0.000000 0.041148
v -0.069873 0.001000 0.041148
v -0.068950 -0.001000 0.040530
v -0.068950 0.001000 0.040530
v -0.069166 -0.001000 0.039440
v -0.069166 -0.000000 0.039440
v -0.069166 0.001000 0.039441
v -0.069589 -0.001000 0.041106
v -0.069318 -0.001000 0.040979
v -0.069096 -0.001000 0.040777
v -0.068879 -0.001000 0.040252
v -0.068893 -0.001000 0.039953
v -0.068995 -0.001000 0.039670
v -0.068995 0.001000 0.039670
v -0.068893 0.001000 0.039953
v -0.068879 0.001000 0.040252
v -0.069096 0.001000 0.040777
v -0.069318 0.001000 0.040979
v -0.069589 0.001000 0.041106
v -0.069314 -0.000000 0.040977
v -0.069095 -0.000000 0.040775
v -0.068950 -0.000000 0.040530
v -0.068878 -0.000000 0.040247
v -0.068893 -0.000000 0.039948
v -0.068996 -0.000000 0.039669
v -0.069166 -0.001000 -0.039436
v -0.069166 0.000000 -0.039436
v -0.069166 0.001000 -0.039436
v -0.068950 -0.001000 -0.040526
v -0.068950 0.001000 -0.040526
v -0.069873 -0.001000 -0.041144
v -0.069873 0.000000 -0.041144
v -0.069873 0.001000 -0.041144
v -0.068995 -0.001000 -0.039666
v -0.068893 -0.001000 -0.039948
v -0.068879 -0.001000 -0.040248
v -0.069096 -0.001000 -0.040773
v -0.069318 -0.001000 -0.040975
v -0.069589 -0.001000 -0.041102
v -0.069589 0.001000 -0.041102
v -0.069318 0.001000 -0.040975
v -0.069096 0.001000 -0.040773
v -0.068879 0.001000 -0.040248
v -0.068893 0.001000 -0.039948
v -0.068995 0.001000 -0.039666
v -0.068892 0.000000 -0.039953
v -0.068879 0.000000 -0.040250
v -0.068950 0.000000 -0.040526
v -0.069100 0.000000 -0.040777
v -0.069321 0.000000 -0.040977
v -0.069591 0.000000 -0.041103
v -0.069873 -0.001000 -0.041144
v -0.069873 0.001000 -0.041144
v -0.076504 -0.001000 -0.041144
v -0.076504 0.001000 -0.041144
v -0.069873 0.000000 -0.041144
v -0.076504 -0.001000 -0.041144
v -0.076504 0.001000 -0.041144
v -0.077504 -0.001000 -0.040144
v -0.077504 0.001000 -0.040144
v -0.076872 -0.001000 -0.041073
v -0.077211 -0.001000 -0.040851
v -0.077433 -0.001000 -0.040512
v -0.077433 0.001000 -0.040512
v -0.077211 0.001000 -0.040851
v -0.076872 0.001000 -0.041073
v -0.077504 -0.001000 -0.040144
v -0.077504 0.001000 -0.040144
v -0.077504 -0.001000 -0.033513
v -0.077504 0.001000 -0.033513
v -0.077504 0.000000 -0.033513
v -0.077504 -0.001000 -0.033513
v -0.077504 0.000000 -0.033513
v -0.077504 0.001000 -0.033513
v -0.076886 -0.001000 -0.032589
v -0.075797 -0.001000 -0.032806
v -0.075797 0.000000 -0.032806
v -0.075797 0.001000 -0.032806
v -0.077462 -0.001000 -0.033229
v -0.077335 -0.001000 -0.032958
v -0.077133 -0.001000 -0.032736
v -0.076608 -0.001000 -0.032519
v -0.076309 -0.001000 -0.032532
v -0.076027 -0.001000 -0.032634
v -0.076027 0.001000 -0.032634
v -0.076309 0.001000 -0.032532
v -0.076608 0.001000 -0.032519
v -0.076886 0.001000 -0.032589
v -0.077133 0.001000 -0.032736
v -0.077335 0.001000 -0.032958
v -0.077462 0.001000 -0.033229
v -0.077333 0.000000 -0.032954
v -0.077131 0.000000 -0.032735
v -0.076886 0.000000 -0.032589
v -0.076603 0.000000 -0.032518
v -0.076304 0.000000 -0.032533
v -0.076025 0.000000 -0.032635
v -0.075797 -0.001000 -0.032806
v -0.075797 0.001000 -0.032806
v -0.069166 -0.001000 -0.039436
v -0.069166 0.001000 -0.039436
v -0.069166 0.000000 -0.039436
v -0.075797 0.000000 -0.032806
v -0.034121 -0.001000 -0.042165
v -0.042291 0.001000 -0.033997
v -0.042291 -0.001000 -0.033997
v -0.042291 0.000000 -0.033997
v -0.034121 0.001000 -0.042165
v -0.034121 0.000000 -0.042165
v -0.034263 -0.001000 -0.039854
v -0.035166 -0.001000 -0.037588
v -0.036749 -0.001000 -0.035733
v -0.038729 -0.001000 -0.034530
v -0.040478 -0.001000 -0.034046
v -0.040478 0.001000 -0.034046
v -0.038729 0.001000 -0.034530
v -0.036749 0.001000 -0.035733
v -0.035166 0.001000 -0.037588
v -0.034263 0.001000 -0.039854
v -0.042104 0.001000 -0.035988
v -0.042291 0.001000 -0.033997
v -0.042291 0.000000 -0.033997
v -0.042104 -0.001000 -0.035988
v -0.042104 0.000000 -0.035988
v -0.042291 -0.001000 -0.033997
v -0.041071 0.001000 -0.046939
v -0.041071 -0.001000 -0.046939
v -0.040883 -0.001000 -0.048930
v -0.040883 0.001000 -0.048930
v -0.040883 0.000000 -0.048930
v -0.041071 0.000000 -0.046939
v -0.047063 -0.001000 -0.040945
v -0.049054 -0.001000 -0.040758
v -0.047063 0.001000 -0.040945
v -0.049054 0.001000 -0.040758
v -0.049054 0.000000 -0.040758
v -0.047063 0.000000 -0.040945
v -0.049054 -0.001000 -0.040758
v -0.049054 0.001000 -0.040758
v -0.040883 -0.001000 -0.048930
v -0.040883 0.000000 -0.048930
v -0.049054 0.000000 -0.040758
v -0.048909 -0.001000 -0.043091
v -0.047986 -0.001000 -0.045375
v -0.046373 -0.001000 -0.047238
v -0.044363 -0.001000 -0.048431
v -0.042653 -0.001000 -0.048887
v -0.040883 0.001000 -0.048930
v -0.042653 0.001000 -0.048887
v -0.044363 0.001000 -0.048431
v -0.046373 0.001000 -0.047238
v -0.047986 0.001000 -0.045375
v -0.048909 0.001000 -0.043091
v -0.036112 -0.001000 -0.041978
v -0.034121 -0.001000 -0.042165
v -0.034121 0.000000 -0.042165
v -0.034121 0.001000 -0.042165
v -0.036112 0.001000 -0.041978
v -0.036112 0.000000 -0.041978
v -0.041071 -0.001000 -0.046939
v -0.037699 0.001000 -0.045353
v -0.041071 0.001000 -0.046939
v -0.041071 0.000000 -0.046939
v -0.040144 -0.001000 -0.046771
v -0.039246 -0.001000 -0.046440
v -0.038420 -0.001000 -0.045959
v -0.038420 0.001000 -0.045959
v -0.039246 0.001000 -0.046440
v -0.040144 0.001000 -0.046771
v -0.037699 -0.001000 -0.045353
v -0.037699 0.000000 -0.045353
v -0.037699 0.001000 -0.045353
v -0.036112 -0.001000 -0.041978
v -0.036112 0.000000 -0.041978
v -0.037699 0.000000 -0.045353
v -0.037699 -0.001000 -0.045353
v -0.037091 -0.001000 -0.044631
v -0.036610 -0.001000 -0.043804
v -0.036280 -0.001000 -0.042905
v -0.036112 0.001000 -0.041978
v -0.036280 0.001000 -0.042905
v -0.036610 0.001000 -0.043804
v -0.037091 0.001000 -0.044631
v -0.047063 -0.001000 -0.040945
v -0.042104 0.001000 -0.035988
v -0.042104 0.000000 -0.035988
v -0.047063 0.000000 -0.040945
v -0.042104 -0.001000 -0.035988
v -0.042989 -0.001000 -0.036145
v -0.043875 -0.001000 -0.036462
v -0.044719 -0.001000 -0.036942
v -0.045476 -0.001000 -0.037574
v -0.046108 -0.001000 -0.038331
v -0.046588 -0.001000 -0.039174
v -0.046905 -0.001000 -0.040060
v -0.047063 0.001000 -0.040945
v -0.046905 0.001000 -0.040060
v -0.046588 0.001000 -0.039174
v -0.046108 0.001000 -0.038331
v -0.045476 0.001000 -0.037574
v -0.044719 0.001000 -0.036942
v -0.043875 0.001000 -0.036462
v -0.042989 0.001000 -0.036145
v 0.034111 -0.001000 -0.042165
v 0.042282 0.001000 -0.033997
v 0.042282 -0.001000 -0.033997
v 0.042282 0.000000 -0.033997
v 0.034111 0.001000 -0.042165
v 0.034111 0.000000 -0.042165
v 0.034253 -0.001000 -0.039854
v 0.035157 -0.001000 -0.037588
v 0.036740 -0.001000 -0.035733
v 0.038719 -0.001000 -0.034530
v 0.040468 -0.001000 -0.034046
v 0.040468 0.001000 -0.034046
v 0.038719 0.001000 -0.034530
v 0.036740 0.001000 -0.035733
v 0.035157 0.001000 -0.037588
v 0.034253 0.001000 -0.039854
v 0.042094 0.001000 -0.035988
v 0.042282 0.001000 -0.033997
v 0.042282 0.000000 -0.033997
v 0.042094 -0.001000 -0.035988
v 0.042094 0.000000 -0.035988
v 0.042282 -0.001000 -0.033997
v 0.041062 0.001000 -0.046939
v 0.041062 -0.001000 -0.046939
v 0.040874 -0.001000 -0.048930
v 0.040874 0.001000 -0.048930
v 0.040874 0.000000 -0.048930
v 0.041062 0.000000 -0.046939
v 0.047054 -0.001000 -0.040945
v 0.049045 -0.001000 -0.040758
v 0.047054 0.001000 -0.040945
v 0.049045 0.001000 -0.040758
v 0.049045 0.000000 -0.040758
v 0.047054 0.000000 -0.040945
v 0.049045 -0.001000 -0.040758
v 0.049045 0.001000 -0.040758
v 0.040874 -0.001000 -0.048930
v 0.040874 0.000000 -0.048930
v 0.049045 0.000000 -0.040758
v 0.048899 -0.001000 -0.043091
v 0.047977 -0.001000 -0.045375
v 0.046364 -0.001000 -0.047238
v 0.044354 -0.001000 -0.048431
v 0.042643 -0.001000 -0.048887
v 0.040874 0.001000 -0.048930
v 0.042643 0.001000 -0.048887
v 0.044354 0.001000 -0.048431
v 0.046364 0.001000 -0.047238
v 0.047977 0.001000 -0.045375
v 0.048899 0.001000 -0.043091
v 0.036102 -0.001000 -0.041978
v 0.034111 -0.001000 -0.042165
v 0.034111 0.000000 -0.042165
v 0.034111 0.001000 -0.042165
v 0.036102 0.001000 -0.041978
v 0.036102 0.000000 -0.041978
v 0.041062 -0.001000 -0.046939
v 0.037689 0.001000 -0.045353
v 0.041062 0.001000 -0.046939
v 0.041062 0.000000 -0.046939
v 0.040135 -0.001000 -0.046771
v 0.039237 -0.001000 -0.046440
v 0.038410 -0.001000 -0.045959
v 0.038410 0.001000 -0.045959
v 0.039237 0.001000 -0.046440
v 0.040135 0.001000 -0.046771
v 0.037689 -0.001000 -0.045353
v 0.037689 0.000000 -0.045353
v 0.037689 0.001000 -0.045353
v 0.036102 -0.001000 -0.041978
v 0.036102 0.000000 -0.041978
v 0.037689 0.000000 -0.045353
v 0.037689 -0.001000 -0.045353
v 0.037082 -0.001000 -0.044631
v 0.036601 -0.001000 -0.043804
v 0.036270 -0.001000 -0.042905
v 0.036102 0.001000 -0.041978
v 0.036270 0.001000 -0.042905
v 0.036601 0.001000 -0.043804
v 0.037082 0.001000 -0.044631
v 0.047054 -0.001000 -0.040945
v 0.042094 0.001000 -0.035988
v 0.042094 0.000000 -0.035988
v 0.047054 0.000000 -0.040945
v 0.042094 -0.001000 -0.035988
v 0.042980 -0.001000 -0.036145
v 0.043866 -0.001000 -0.036462
v 0.044709 -0.001000 -0.036942
v 0.045466 -0.001000 -0.037574
v 0.046098 -0.001000 -0.038331
v 0.046579 -0.001000 -0.039174
v 0.046896 -0.001000 -0.040060
v 0.047054 0.001000 -0.040945
v 0.046896 0.001000 -0.040060
v 0.046579 0.001000 -0.039174
v 0.046098 0.001000 -0.038331
v 0.045466 0.001000 -0.037574
v 0.044709 0.001000 -0.036942
v 0.043866 0.001000 -0.036462
v 0.042980 0.001000 -0.036145
v 0.034111 -0.001000 0.042169
v 0.042282 0.001000 0.034001
v 0.042282 -0.001000 0.034001
v 0.042282 -0.000000 0.034001
v 0.034111 0.001000 0.042169
v 0.034111 -0.000000 0.042169
v 0.034253 -0.001000 0.039858
v 0.035157 -0.001000 0.037592
v 0.036740 -0.001000 0.035737
v 0.038719 -0.001000 0.034534
v 0.040468 -0.001000 0.034050
v 0.040468 0.001000 0.034050
v 0.038719 0.001000 0.034534
v 0.036740 0.001000 0.035737
v 0.035157 0.001000 0.037592
v 0.034253 0.001000 0.039858
v 0.042094 0.001000 0.035992
v 0.042282 0.001000 0.034001
v 0.042282 -0.000000 0.034001
v 0.042094 -0.001000 0.035992
v 0.042094 -0.000000 0.035992
v 0.042282 -0.001000 0.034001
v 0.041062 0.001000 0.046943
v 0.041062 -0.001000 0.046943
v 0.040874 -0.001000 0.048934
v 0.040874 0.001000 0.048934
v 0.040874 -0.000000 0.048934
v 0.041062 -0.000000 0.046943
v 0.047054 -0.001000 0.040949
v 0.049045 -0.001000 0.040762
v 0.047054 0.001000 0.040949
v 0.049045 0.001000 0.040762
v 0.049045 -0.000000 0.040762
v 0.047054 -0.000000 0.040949
v 0.049045 -0.001000 0.040762
v 0.049045 0.001000 0.040762
v 0.040874 -0.001000 0.048934
v 0.040874 -0.000000 0.048934
v 0.049045 -0.000000 0.040762
v 0.048899 -0.001000 0.043095
v 0.047977 -0.001000 0.045380
v 0.046364 -0.001000 0.047242
v 0.044354 -0.001000 0.048435
v 0.042643 -0.001000 0.048891
v 0.040874 0.001000 0.048934
v 0.042643 0.001000 0.048891
v 0.044354 0.001000 0.048435
v 0.046364 0.001000 0.047242
v 0.047977 0.001000 0.045380
v 0.048899 0.001000 0.043095
v 0.036102 -0.001000 0.041982
v 0.034111 -0.001000 0.042169
v 0.034111 -0.000000 0.042169
v 0.034111 0.001000 0.042169
v 0.036102 0.001000 0.041982
v 0.036102 -0.000000 0.041982
v 0.041062 -0.001000 0.046943
v 0.037689 0.001000 0.045357
v 0.041062 0.001000 0.046943
v 0.041062 -0.000000 0.046943
v 0.040135 -0.001000 0.046775
v 0.039237 -0.001000 0.046444
v 0.038410 -0.001000 0.045963
v 0.038410 0.001000 0.045963
v 0.039237 0.001000 0.046444
v 0.040135 0.001000 0.046775
v 0.037689 -0.001000 0.045357
v 0.037689 -0.000000 0.045357
v 0.037689 0.001000 0.045357
v 0.036102 -0.001000 0.041982
v 0.036102 -0.000000 0.041982
v 0.037689 -0.000000 0.045357
v 0.037689 -0.001000 0.045357
v 0.037082 -0.001000 0.044635
v 0.036601 -0.001000 0.043808
v 0.036270 -0.001000 0.042909
v 0.036102 0.001000 0.041982
v 0.036270 0.001000 0.042909
v 0.036601 0.001000 0.043808
v 0.037082 0.001000 0.044635
v 0.047054 -0.001000 0.040949
v 0.042094 0.001000 0.035992
v 0.042094 -0.000000 0.035992
v 0.047054 -0.000000 0.040949
v 0.042094 -0.001000 0.035992
v 0.042980 -0.001000 0.036149
v 0.043866 -0.001000 0.036466
v 0.044709 -0.001000 0.036946
v 0.045466 -0.001000 0.037578
v 0.046098 -0.001000 0.038335
v 0.046579 -0.001000 0.039178
v 0.046896 -0.001000 0.040064
v 0.047054 0.001000 0.040949
v 0.046896 0.001000 0.040064
v 0.046579 0.001000 0.039178
v 0.046098 0.001000 0.038335
v 0.045466 0.001000 0.037578
v 0.044709 0.001000 0.036946
v 0.043866 0.001000 0.036466
v 0.042980 0.001000 0.036149
v -0.034121 -0.001000 0.042169
v -0.042291 0.001000 0.034001
v -0.042291 -0.001000 0.034001
v -0.042291 -0.000000 0.034001
v -0.034121 0.001000 0.042169
v -0.034121 -0.000000 0.042169
v -0.034263 -0.001000 0.039858
v -0.035166 -0.001000 0.037592
v -0.036749 -0.001000 0.035737
v -0.038729 -0.001000 0.034534
v -0.040478 -0.001000 0.034050
v -0.040478 0.001000 0.034050
v -0.038729 0.001000 0.034534
v -0.036749 0.001000 0.035737
v -0.035166 0.001000 0.037592
v -0.034263 0.001000 0.039858
v -0.042104 0.001000 0.035992
v -0.042291 0.001000 0.034001
v -0.042291 -0.000000 0.034001
v -0.042104 -0.001000 0.035992
v -0.042104 -0.000000 0.035992
v -0.042291 -0.001000 0.034001
v -0.041071 0.001000 0.046943
v -0.041071 -0.001000 0.046943
v -0.040883 -0.001000 0.048934
v -0.040883 0.001000 0.048934
v -0.040883 -0.000000 0.048934
v -0.041071 -0.000000 0.046943
v -0.047063 -0.001000 0.040949
v -0.049054 -0.001000 0.040762
v -0.047063 0.001000 0.040949
v -0.049054 0.001000 0.040762
v -0.049054 -0.000000 0.040762
v -0.047063 -0.000000 0.040949
v -0.049054 -0.001000 0.040762
v -0.049054 0.001000 0.040762
v -0.040883 -0.001000 0.048934
v -0.040883 -0.000000 0.048934
v -0.049054 -0.000000 0.040762
v -0.048909 -0.001000 0.043095
v -0.047986 -0.001000 0.045380
v -0.046373 -0.001000 0.047242
v -0.044363 -0.001000 0.048435
v -0.042653 -0.001000 0.048891
v -0.040883 0.001000 0.048934
v -0.042653 0.001000 0.048891
v -0.044363 0.001000 0.048435
v -0.046373 0.001000 0.047242
v -0.047986 0.001000 0.045380
v -0.048909 0.001000 0.043095
v -0.036112 -0.001000 0.041982
v -0.034121 -0.001000 0.042169
v -0.034121 -0.000000 0.042169
v -0.034121 0.001000 0.042169
v -0.036112 0.001000 0.041982
v -0.036112 -0.000000 0.041982
v -0.041071 -0.001000 0.046943
v -0.037699 0.001000 0.045357
v -0.041071 0.001000 0.046943
v -0.041071 -0.000000 0.046943
v -0.040144 -0.001000 0.046775
v -0.039246 -0.001000 0.046444
v -0.038420 -0.001000 0.045963
v -0.038420 0.001000 0.045963
v -0.039246 0.001000 0.046444
v -0.040144 0.001000 0.046775
v -0.037699 -0.001000 0.045357
v -0.037699 -0.000000 0.045357
v -0.037699 0.001000 0.045357
v -0.036112 -0.001000 0.041982
v -0.036112 -0.000000 0.041982
v -0.037699 -0.000000 0.045357
v -0.037699 -0.001000 0.045357
v -0.037091 -0.001000 0.044635
v -0.036610 -0.001000 0.043808
v -0.036280 -0.001000 0.042909
v -0.036112 0.001000 0.041982
v -0.036280 0.001000 0.042909
v -0.036610 0.001000 0.043808
v -0.037091 0.001000 0.044635
v -0.047063 -0.001000 0.040949
v -0.042104 0.001000 0.035992
v -0.042104 -0.000000 0.035992
v -0.047063 -0.000000 0.040949
v -0.042104 -0.001000 0.035992
v -0.042989 -0.001000 0.036149
v -0.043875 -0.001000 0.036466
v -0.044719 -0.001000 0.036946
v -0.045476 -0.001000 0.037578
v -0.046108 -0.001000 0.038335
v -0.046588 -0.001000 0.039178
v -0.046905 -0.001000 0.040064
v -0.047063 0.001000 0.040949
v -0.046905 0.001000 0.040064
v -0.046588 0.001000 0.039178
v -0.046108 0.001000 0.038335
v -0.045476 0.001000 0.037578
v -0.044719 0.001000 0.036946
v -0.043875 0.001000 0.036466
v -0.042989 0.001000 0.036149
v -0.065597 0.001000 0.079217
v -0.065597 -0.001000 0.079217
v -0.062504 -0.001000 0.079501
v -0.062504 0.001000 0.079501
v -0.062504 -0.001000 0.073501
v -0.064505 -0.001000 0.073317
v -0.064505 0.001000 0.073317
v -0.062504 0.001000 0.073501
vn 0.000000 -1.000000 -0.000000
vn 0.000000 -1.000000 -0.000000
vn 0.000000 -1.000000 -0.000000
vn 0.000000 -1.000000 -0.000000
vn 0.000000 -1.000000 -0.000000
vn 0.000000 -1.000000 -0.000000
vn 0.000000 -1.000000 -0.000000
vn 0.000000 -1.000000 -0.000000
vn 0.000000 -1.000000 -0.000000
vn 0.000000 -1.000000 -0.000000
vn 0.000000 -1.000000 -0.000000
vn 0.000000 -1.000000 -0.000000
vn 0.000000 -1.000000 -0.000000
vn 0.000000 -1.000000 -0.000000
vn 0.000000 -1.000000 -0.000000
vn 0.000000 -1.000000 -0.000000
vn 0.000000 -1.000000 -0.000000
vn 0.000000 -1.000000 -0.000000
vn 0.000000 -1.000000 -0.000000
vn 0.000000 -1.000000 -0.000000
vn 0.000000 -1.000000 -0.000000
vn 0.000000 -1.000000 -0.000000
vn 0.000000 -1.000000 -0.000000
vn 0.000000 -1.000000 -0.000000
vn 0.000000 -1.000000 -0.000000
vn 0.000000 -1.000000 -0.000000
vn 0.000000 -1.000000 -0.000000
vn 0.000000 -1.000000 -0.000000
vn 0.000000 -1.000000 -0.000000
vn 0.000000 -1.000000 -0.000000
vn 0.000000 -1.000000 -0.000000
vn 0.000000 -1.000000 -0.000000
vn 0.000000 -1.000000 -0.000000
vn 0.000000 -1.000000 -0.000000
vn 0.000000 -1.000000 -0.000000
vn 0.000000 -1.000000 -0.000000
vn 0.000000 -1.000000 -0.000000
vn 0.000000 -1.000000 -0.000000
vn 0.000000 -1.000000 -0.000000
vn 0.000000 -1.000000 -0.000000
vn 0.000000 -1.000000 -0.000000
vn 0.000000 -1.000000 -0.000000
vn 0.000000 -1.000000 -0.000000
vn 0.000000 -1.000000 -0.000000
vn 0.000000 -1.000000 -0.000000
vn 0.000000 -1.000000 -0.000000
vn 0.000000 -1.000000 -0.000000
vn 0.000000 -1.000000 -0.000000
vn 0.000000 -1.000000 -0.000000
vn 0.000000 -1.000000 -0.000000
vn 0.000000 -1.000000 -0.000000
vn 0.000000 -1.000000 -0.000000
vn 0.000000 -1.000000 -0.000000
vn 0.000000 -1.000000 -0.000000
vn 0.000000 -1.000000 -0.000000
vn 0.000000 -1.000000 -0.000000
vn 0.000000 -1.000000 -0.000000
vn 0.000000 -1.000000 -0.000000
vn 0.000000 -1.000000 -0.000000
vn 0.000000 -1.000000 -0.000000
vn 0.000000 -1.000000 -0.000000
vn 0.000000 -1.000000 -0.000000
vn 0.000000 -1.000000 -0.000000
vn 0.000000 -1.000000 -0.000000
vn 0.000000 -1.000000 -0.000000
vn 0.000000 -1.000000 -0.000000
vn 0.000000 -1.000000 -0.000000
vn 0.000000 -1.000000 -0.000000
vn 0.000000 -1.000000 -0.000000
vn 0.000000 -1.000000 -0.000000
vn 0.000000 -1.000000 -0.000000
vn 0.000000 -1.000000 -0.000000
vn 0.000000 -1.000000 -0.000000
vn 0.000000 -1.000000 -0.000000
vn 0.000000 -1.000000 -0.000000
vn 0.000000 -1.000000 -0.000000
vn 0.000000 -1.000000 -0.000000
vn 0.000000 -1.000000 -0.000000
vn 0.000000 -1.000000 -0.000000
vn 0.000000 -1.000000 -0.000000
vn 0.000000 -1.000000 -0.000000
vn 0.000000 -1.000000 -0.000000
vn 0.000000 -1.000000 -0.000000
vn 0.000000 -1.000000 -0.000000
vn 0.000000 -1.000000 -0.000000
vn 0.000000 -1.000000 -0.000000
vn 0.000000 -1.000000 -0.000000
vn 0.000000 -1.000000 -0.000000
vn 0.000000 -1.000000 -0.000000
vn 0.000000 -1.000000 -0.000000
vn 0.000000 -1.000000 -0.000000
vn 0.000000 -1.000000 -0.000000
vn 0.000000 -1.000000 -0.000000
vn 0.000000 -1.000000 -0.000000
vn 0.000000 -1.000000 -0.000000
vn 0.000000 -1.000000 -0.000000
vn 0.000000 -1.000000 -0.000000
vn 0.000000 -1.000000 -0.000000
vn 0.000000 -1.000000 -0.000000
vn 0.000000 -1.000000 -0.000000
vn 0.000000 -1.000000 -0.000000
vn 0.000000 -1.000000 -0.000000
vn 0.000000 -1.000000 -0.000000
vn 0.000000 -1.000000 -0.000000
vn 0.000000 -1.000000 -0.000000
vn 0.000000 -1.000000 -0.000000
vn 0.000000 -1.000000 -0.000000
vn 0.000000 -1.000000 -0.000000
vn 0.000000 -1.000000 -0.000000
vn 0.000000 -1.000000 -0.000000
vn 0.000000 -1.000000 -0.000000
vn 0.000000 -1.000000 -0.000000
vn 0.000000 -1.000000 -0.000000
vn 0.000000 -1.000000 -0.000000
vn 0.000000 -1.000000 -0.000000
vn 0.000000 -1.000000 -0.000000
vn 0.000000 -1.000000 -0.000000
vn 0.000000 -1.000000 -0.000000
vn 0.000000 -1.000000 -0.000000
vn 0.000000 -1.000000 -0.000000
vn 0.000000 -1.000000 -0.000000
vn 0.000000 -1.000000 -0.000000
vn 0.000000 -1.000000 -0.000000
vn 0.000000 -1.000000 -0.000000
vn 0.000000 -1.000000 -0.000000
vn 0.000000 -1.000000 -0.000000
vn 0.000000 -1.000000 -0.000000
vn 0.000000 -1.000000 -0.000000
vn 0.000000 -1.000000 -0.000000
vn 0.000000 -1.000000 -0.000000
vn 0.000000 -1.000000 -0.000000
vn 0.000000 -1.000000 -0.000000
vn 0.000000 -1.000000 -0.000000
vn 0.000000 -1.000000 -0.000000
vn 0.000000 -1.000000 -0.000000
vn 0.000000 -1.000000 -0.000000
vn 0.000000 -1.000000 -0.000000
vn 0.000000 -1.000000 -0.000000
vn 0.000000 -1.000000 -0.000000
vn 0.000000 -1.000000 -0.000000
vn 0.000000 -1.000000 -0.000000
vn 0.000000 -1.000000 -0.000000
vn 0.000000 -1.000000 -0.000000
vn 0.000000 -1.000000 -0.000000
vn 0.000000 -1.000000 -0.000000
vn 0.000000 -1.000000 -0.000000
vn 0.000000 -1.000000 -0.000000
vn 0.000000 -1.000000 -0.000000
vn 0.000000 -1.000000 -0.000000
vn 0.000000 -1.000000 -0.000000
vn 0.000000 -1.000000 -0.000000
vn 0.000000 -1.000000 -0.000000
vn 0.000000 -1.000000 -0.000000
vn 0.000000 -1.000000 -0.000000
vn 0.000000 -1.000000 -0.000000
vn 0.000000 -1.000000 -0.000000
vn 0.000000 -1.000000 -0.000000
vn 0.000000 -1.000000 -0.000000
vn 0.000000 -1.000000 -0.000000
vn 0.000000 -1.000000 -0.000000
vn 0.000000 -1.000000 -0.000000
vn 0.000000 -1.000000 -0.000000
vn 0.000000 -1.000000 -0.000000
vn 0.000000 -1.000000 -0.000000
vn 0.000000 -1.000000 -0.000000
vn 0.000000 -1.000000 -0.000000
vn 0.000000 -1.000000 -0.000000
vn 0.000000 -1.000000 -0.000000
vn 0.000000 -1.000000 -0.000000
vn 0.000000 -1.000000 -0.000000
vn 0.000000 -1.000000 -0.000000
vn 0.000000 -1.000000 -0.000000
vn 0.000000 -1.000000 -0.000000
vn 0.000000 -1.000000 -0.000000
vn 0.000000 -1.000000 -0.000000
vn 0.000000 -1.000000 -0.000000
vn 0.000000 -1.000000 -0.000000
vn 0.000000 -1.000000 -0.000000
vn 0.000000 -1.000000 -0.000000
vn 0.000000 -1.000000 -0.000000
vn 0.000000 -1.000000 -0.000000
vn 0.000000 -1.000000 -0.000000
vn 0.000000 -1.000000 -0.000000
vn 0.000000 -1.000000 -0.000000
vn 0.000000 -1.000000 -0.000000
vn 0.000000 -1.000000 -0.000000
vn 0.000000 -1.000000 -0.000000
vn 0.000000 -1.000000 -0.000000
vn 0.000000 -1.000000 -0.000000
vn 0.000000 -1.000000 -0.000000
vn 0.000000 -1.000000 -0.000000
vn 0.000000 -1.000000 -0.000000
vn 0.000000 -1.000000 -0.000000
vn 0.000000 -1.000000 -0.000000
vn 0.000000 -1.000000 -0.000000
vn 0.000000 -1.000000 -0.000000
vn 0.000000 -1.000000 -0.000000
vn 0.000000 -1.000000 -0.000000
vn 0.000000 -1.000000 -0.000000
vn 0.000000 -1.000000 -0.000000
vn 0.000000 -1.000000 -0.000000
vn 0.000000 -1.000000 -0.000000
vn 0.000000 -1.000000 -0.000000
vn 0.000000 -1.000000 -0.000000
vn 0.000000 -1.000000 -0.000000
vn 0.000000 -1.000000 -0.000000
vn 0.000000 -1.000000 -0.000000
vn 0.000000 -1.000000 -0.000000
vn 0.000000 -1.000000 -0.000000
vn 0.000000 -1.000000 -0.000000
vn 0.000000 -1.000000 -0.000000
vn 0.000000 -1.000000 -0.000000
vn 0.000000 -1.000000 -0.000000
vn 0.000000 -1.000000 -0.000000
vn 0.000000 -1.000000 -0.000000
vn 0.000000 -1.000000 -0.000000
vn 0.000000 -1.000000 -0.000000
vn 0.000000 -1.000000 -0.000000
vn 0.000000 -1.000000 -0.000000
vn 0.000000 -1.000000 -0.000000
vn 0.000000 -1.000000 -0.000000
vn 0.000000 -1.000000 -0.000000
vn 0.000000 -1.000000 -0.000000
vn 0.000000 -1.000000 -0.000000
vn 0.000000 -1.000000 -0.000000
vn 0.000000 -1.000000 -0.000000
vn 0.000000 -1.000000 -0.000000
vn 0.000000 -1.000000 -0.000000
vn 0.000000 -1.000000 -0.000000
vn 0.000000 -1.000000 -0.000000
vn 0.000000 -1.000000 -0.000000
vn 0.000000 -1.000000 -0.000000
vn 0.000000 -1.000000 -0.000000
vn 0.000000 -1.000000 -0.000000
vn 0.000000 -1.000000 -0.000000
vn 0.000000 -1.000000 -0.000000
vn 0.000000 -1.000000 -0.000000
vn 0.000000 -1.000000 -0.000000
vn 0.000000 -1.000000 -0.000000
vn 0.000000 -1.000000 -0.000000
vn 0.000000 -1.000000 -0.000000
vn 0.000000 -1.000000 -0.000000
vn 0.000000 -1.000000 -0.000000
vn 0.000000 -1.000000 -0.000000
vn 0.000000 -1.000000 -0.000000
vn 0.000000 -1.000000 -0.000000
vn 0.000000 -1.000000 -0.000000
vn 0.000000 -1.000000 -0.000000
vn 0.000000 -1.000000 -0.000000
vn 0.000000 -1.000000 -0.000000
vn 0.000000 -1.000000 -0.000000
vn 0.000000 -1.000000 -0.000000
vn 0.000000 -1.000000 -0.000000
vn 0.000000 -1.000000 -0.000000
vn 0.000000 -1.000000 -0.000000
vn 0.000000 -1.000000 -0.000000
vn 0.000000 -1.000000 -0.000000
vn 0.000000 -1.000000 -0.000000
vn 0.000000 -1.000000 -0.000000
vn 0.000000 -1.000000 -0.000000
vn 0.000000 -1.000000 -0.000000
vn 0.000000 -1.000000 -0.000000
vn 0.000000 -1.000000 -0.000000
vn 0.000000 -1.000000 -0.000000
vn 0.000000 -1.000000 -0.000000
vn 0.000000 -1.000000 -0.000000
vn 0.000000 -1.000000 -0.000000
vn 0.000000 -1.000000 -0.000000
vn 0.000000 -1.000000 -0.000000
vn 0.000000 -1.000000 -0.000000
vn 0.000000 -1.000000 -0.000000
vn 0.000000 -1.000000 -0.000000
vn 0.000000 -1.000000 -0.000000
vn 0.000000 -1.000000 -0.000000
vn 0.000000 -1.000000 -0.000000
vn 0.000000 -1.000000 -0.000000
vn 0.000000 -1.000000 -0.000000
vn 0.000000 -1.000000 -0.000000
vn 0.000000 -1.000000 -0.000000
vn 0.000000 -1.000000 -0.000000
vn 0.000000 -1.000000 -0.000000
vn 0.000000 -1.000000 -0.000000
vn 0.000000 -1.000000 -0.000000
vn 0.000000 -1.000000 -0.000000
vn 0.000000 -1.000000 -0.000000
vn 0.000000 -1.000000 -0.000000
vn 0.000000 -1.000000 -0.000000
vn 0.000000 -1.000000 -0.000000
vn 0.000000 -1.000000 -0.000000
vn 0.000000 -1.000000 -0.000000
vn 0.000000 -1.000000 -0.000000
vn 0.000000 -1.000000 -0.000000
vn 0.000000 -1.000000 -0.000000
vn 0.000000 -1.000000 -0.000000
vn 0.000000 -1.000000 -0.000000
vn 0.000000 -1.000000 -0.000000
vn 0.000000 -1.000000 -0.000000
vn 0.000000 -1.000000 -0.000000
vn 0.000000 -1.000000 -0.000000
vn 0.000000 -1.000000 -0.000000
vn 0.000000 -1.000000 -0.000000
vn 0.000000 -1.000000 -0.000000
vn 0.000000 -1.000000 -0.000000
vn 0.000000 -1.000000 -0.000000
vn 0.000000 -1.000000 -0.000000
vn 0.000000 -1.000000 -0.000000
vn 0.000000 -1.000000 -0.000000
vn 0.000000 -1.000000 -0.000000
vn 0.000000 -1.000000 -0.000000
vn 0.000000 -1.000000 -0.000000
vn 0.000000 -1.000000 -0.000000
vn 0.000000 -1.000000 -0.000000
vn 0.000000 -1.000000 -0.000000
vn 0.000000 -1.000000 -0.000000
vn 0.000000 -1.000000 -0.000000
vn 0.000000 -1.000000 -0.000000
vn 0.000000 -1.000000 -0.000000
vn 0.000000 -1.000000 -0.000000
vn 0.000000 -1.000000 -0.000000
vn 0.000000 -1.000000 -0.000000
vn 0.000000 -1.000000 -0.000000
vn 0.000000 -1.000000 -0.000000
vn 0.000000 -1.000000 -0.000000
vn 0.000000 -1.000000 -0.000000
vn 0.000000 -1.000000 -0.000000
vn 0.000000 -1.000000 -0.000000
vn 0.000000 -1.000000 -0.000000
vn 0.000000 -1.000000 -0.000000
vn 0.000000 -1.000000 -0.000000
vn 0.000000 -1.000000 -0.000000
vn 0.000000 -1.000000 -0.000000
vn 0.000000 -1.000000 -0.000000
vn 0.000000 -1.000000 -0.000000
vn 0.000000 -1.000000 -0.000000
vn 0.000000 -1.000000 -0.000000
vn 0.000000 -1.000000 -0.000000
vn 0.000000 -1.000000 -0.000000
vn 0.000000 -1.000000 -0.000000
vn 0.000000 -1.000000 -0.000000
vn 0.000000 -1.000000 -0.000000
vn 0.000000 -1.000000 -0.000000
vn 0.000000 -1.000000 -0.000000
vn 0.000000 -1.000000 -0.000000
vn 0.000000 -1.000000 -0.000000
vn 0.000000 -1.000000 -0.000000
vn 0.000000 -1.000000 -0.000000
vn 0.000000 -1.000000 -0.000000
vn 0.000000 -1.000000 -0.000000
vn 0.000000 -1.000000 -0.000000
vn 0.000000 -1.000000 -0.000000
vn 0.000000 -1.000000 -0.000000
vn 0.000000 -1.000000 -0.000000
vn 0.000000 -1.000000 -0.000000
vn 0.000000 -1.000000 -0.000000
vn 0.000000 -1.000000 -0.000000
vn 0.000000 -1.000000 -0.000000
vn 0.000000 -1.000000 -0.000000
vn 0.000000 -1.000000 -0.000000
vn 0.000000 -1.000000 -0.000000
vn 0.000000 -1.000000 -0.000000
vn 0.000000 -1.000000 -0.000000
vn 0.000000 -1.000000 -0.000000
vn 0.000000 -1.000000 -0.000000
vn 0.000000 -1.000000 -0.000000
vn 0.000000 -1.000000 -0.000000
vn 0.000000 -1.000000 -0.000000
vn 0.000000 -1.000000 -0.000000
vn 0.000000 -1.000000 -0.000000
vn 0.000000 -1.000000 -0.000000
vn 0.000000 -1.000000 -0.000000
vn 0.000000 -1.000000 -0.000000
vn 0.000000 -1.000000 -0.000000
vn 0.000000 -1.000000 -0.000000
vn 0.000000 -1.000000 -0.000000
vn 0.000000 -1.000000 -0.000000
vn 0.000000 -1.000000 -0.000000
vn 0.000000 -1.000000 -0.000000
vn 0.000000 -1.000000 -0.000000
vn 0.000000 -1.000000 -0.000000
vn 0.000000 -1.000000 -0.000000
vn 0.000000 -1.000000 -0.000000
vn 0.000000 -1.000000 -0.000000
vn 0.000000 -1.000000 -0.000000
vn 0.000000 -1.000000 -0.000000
vn 0.000000 -1.000000 -0.000000
vn 0.000000 -1.000000 -0.000000
vn 0.000000 -1.000000 -0.000000
vn 0.000000 -1.000000 -0.000000
vn 0.000000 -1.000000 -0.000000
vn 0.000000 -1.000000 -0.000000
vn 0.000000 -1.000000 -0.000000
vn 0.000000 -1.000000 -0.000000
vn 0.000000 -1.000000 -0.000000
vn 0.000000 -1.000000 -0.000000
vn 0.000000 -1.000000 -0.000000
vn 0.000000 -1.000000 -0.000000
vn 0.000000 -1.000000 -0.000000
vn 0.000000 -1.000000 -0.000000
vn 0.000000 -1.000000 -0.000000
vn 0.000000 -1.000000 -0.000000
vn 0.000000 -1.000000 -0.000000
vn 0.000000 -1.000000 -0.000000
vn 0.000000 -1.000000 -0.000000
vn 0.000000 -1.000000 -0.000000
vn 0.000000 -1.000000 -0.000000
vn 0.000000 -1.000000 -0.000000
vn 0.000000 -1.000000 -0.000000
vn 0.000000 -1.000000 -0.000000
vn 0.000000 -1.000000 -0.000000
vn 0.000000 -1.000000 -0.000000
vn 0.000000 -1.000000 -0.000000
vn 0.000000 -1.000000 -0.000000
vn 0.000000 -1.000000 -0.000000
vn 0.000000 -1.000000 -0.000000
vn 0.000000 -1.000000 -0.000000
vn 0.000000 -1.000000 -0.000000
vn 0.000000 -1.000000 -0.000000
vn 0.000000 -1.000000 -0.000000
vn 0.000000 -1.000000 -0.000000
vn 0.000000 -1.000000 -0.000000
vn 0.000000 -1.000000 -0.000000
vn 0.000000 -1.000000 -0.000000
vn 0.000000 -1.000000 -0.000000
vn 0.000000 -1.000000 -0.000000
vn 0.000000 -1.000000 -0.000000
vn 0.000000 -1.000000 -0.000000
vn 0.000000 -1.000000 -0.000000
vn 0.000000 -1.000000 -0.000000
vn 0.000000 -1.000000 -0.000000
vn 0.000000 -1.000000 -0.000000
vn 0.000000 -1.000000 -0.000000
vn 0.000000 -1.000000 -0.000000
vn 0.000000 -1.000000 -0.000000
vn 0.000000 -1.000000 -0.000000
vn 0.000000 -1.000000 -0.000000
vn 0.000000 -1.000000 -0.000000
vn 0.000000 -1.000000 -0.000000
vn 0.000000 -1.000000 -0.000000
vn 0.000000 -1.000000 -0.000000
vn 0.000000 -1.000000 -0.000000
vn 0.000000 -1.000000 -0.000000
vn 0.000000 -1.000000 -0.000000
vn 0.000000 -1.000000 -0.000000
vn 0.000000 -1.000000 -0.000000
vn 0.000000 -1.000000 -0.000000
vn 0.000000 -1.000000 -0.000000
vn 0.000000 -1.000000 -0.000000
vn 0.000000 -1.000000 -0.000000
vn 0.000000 -1.000000 -0.000000
vn 0.000000 -1.000000 -0.000000
vn 0.000000 -1.000000 -0.000000
vn 0.000000 -1.000000 -0.000000
vn 0.000000 -1.000000 -0.000000
vn 0.000000 -1.000000 -0.000000
vn 0.000000 -1.000000 -0.000000
vn 0.000000 -1.000000 -0.000000
vn 0.000000 -1.000000 -0.000000
vn 0.000000 -1.000000 -0.000000
vn 0.000000 -1.000000 -0.000000
vn 0.000000 -1.000000 -0.000000
vn 0.000000 -1.000000 -0.000000
vn 0.000000 -1.000000 -0.000000
vn 0.000000 -1.000000 -0.000000
vn 0.000000 -1.000000 -0.000000
vn 0.000000 -1.000000 -0.000000
vn 0.000000 -1.000000 -0.000000
vn 0.000000 -1.000000 -0.000000
vn 0.000000 -1.000000 -0.000000
vn 0.000000 -1.000000 -0.000000
vn 0.000000 -1.000000 -0.000000
vn 0.000000 -1.000000 -0.000000
vn 0.000000 -1.000000 -0.000000
vn 0.000000 -1.000000 -0.000000
vn 0.000000 -1.000000 -0.000000
vn 0.000000 -1.000000 -0.000000
vn 0.000000 -1.000000 -0.000000
vn 0.000000 -1.000000 -0.000000
vn 0.000000 -1.000000 -0.000000
vn 0.000000 -1.000000 -0.000000
vn 0.000000 -1.000000 -0.000000
vn 0.000000 -1.000000 -0.000000
vn 0.000000 -1.000000 -0.000000
vn 0.000000 -1.000000 -0.000000
vn 0.000000 -1.000000 -0.000000
vn 0.000000 -1.000000 -0.000000
vn 0.000000 -1.000000 -0.000000
vn 0.000000 -1.000000 -0.000000
vn 0.000000 -1.000000 -0.000000
vn 0.000000 -1.000000 -0.000000
vn 0.000000 -1.000000 -0.000000
vn 0.000000 -1.000000 -0.000000
vn 0.000000 -1.000000 -0.000000
vn 0.000000 -1.000000 -0.000000
vn 0.000000 -1.000000 -0.000000
vn 0.000000 -1.000000 -0.000000
vn 0.000000 -1.000000 -0.000000
vn 0.000000 -1.000000 -0.000000
vn 0.000000 -1.000000 -0.000000
vn 0.000000 -1.000000 -0.000000
vn 0.000000 -1.000000 -0.000000
vn 0.000000 -1.000000 -0.000000
vn 0.000000 -1.000000 -0.000000
vn 0.000000 -1.000000 -0.000000
vn 0.000000 -1.000000 -0.000000
vn 0.000000 -1.000000 -0.000000
vn 0.000000 -1.000000 -0.000000
vn 0.000000 -1.000000 -0.000000
vn 0.000000 -1.000000 -0.000000
vn 0.000000 -1.000000 -0.000000
vn 0.000000 -1.000000 -0.000000
vn 0.000000 -1.000000 -0.000000
vn 0.000000 -1.000000 -0.000000
vn 0.000000 -1.000000 -0.000000
vn 0.000000 -1.000000 -0.000000
vn 0.000000 -1.000000 -0.000000
vn 0.000000 -1.000000 -0.000000
vn 0.000000 -1.000000 -0.000000
vn 0.000000 -1.000000 -0.000000
vn 0.000000 -1.000000 -0.000000
vn 0.000000 -1.000000 -0.000000
vn 0.000000 -1.000000 -0.000000
vn 0.000000 -1.000000 -0.000000
vn 0.000000 -1.000000 -0.000000
vn 0.000000 -1.000000 -0.000000
vn 0.000000 -1.000000 -0.000000
vn 0.000000 -1.000000 -0.000000
vn 0.000000 -1.000000 -0.000000
vn 0.000000 -1.000000 -0.000000
vn 0.000000 -1.000000 -0.000000
vn 0.000000 -1.000000 -0.000000
vn 0.000000 -1.000000 -0.000000
vn 0.000000 -1.000000 -0.000000
vn 0.000000 -1.000000 -0.000000
vn 0.000000 -1.000000 -0.000000
vn 0.000000 -1.000000 -0.000000
vn 0.000000 -1.000000 -0.000000
vn 0.000000 -1.000000 -0.000000
vn 0.000000 -1.000000 -0.000000
vn 0.000000 -1.000000 -0.000000
vn 0.000000 -1.000000 -0.000000
vn 0.000000 -1.000000 -0.000000
vn 0.000000 -1.000000 -0.000000
vn 0.000000 -1.000000 -0.000000
vn 0.000000 -1.000000 -0.000000
vn 0.000000 -1.000000 -0.000000
vn 0.000000 -1.000000 -0.000000
vn 0.000000 -1.000000 -0.000000
vn 0.000000 -1.000000 -0.000000
vn 0.000000 -1.000000 -0.000000
vn 0.000000 -1.000000 -0.000000
vn 0.000000 -1.000000 -0.000000
vn 0.000000 -1.000000 -0.000000
vn 0.000000 -1.000000 -0.000000
vn 0.000000 -1.000000 -0.000000
vn 0.000000 -1.000000 -0.000000
vn 0.000000 -1.000000 -0.000000
vn 0.000000 -1.000000 -0.000000
vn 0.000000 -1.000000 -0.000000
vn 0.000000 -1.000000 -0.000000
vn 0.000000 -1.000000 -0.000000
vn 0.000000 -1.000000 -0.000000
vn 0.000000 -1.000000 -0.000000
vn 0.000000 -1.000000 -0.000000
vn 0.000000 -1.000000 -0.000000
vn 0.000000 -1.000000 -0.000000
vn 0.000000 -1.000000 -0.000000
vn 0.000000 -1.000000 -0.000000
vn 0.000000 -1.000000 -0.000000
vn 0.000000 -1.000000 -0.000000
vn 0.000000 -1.000000 -0.000000
vn 0.000000 -1.000000 -0.000000
vn 0.000000 -1.000000 -0.000000
vn 0.000000 -1.000000 -0.000000
vn 0.000000 -1.000000 -0.000000
vn 0.000000 -1.000000 -0.000000
vn 0.000000 -1.000000 -0.000000
vn 0.000000 -1.000000 -0.000000
vn 0.000000 -1.000000 -0.000000
vn 0.000000 -1.000000 -0.000000
vn 0.000000 -1.000000 -0.000000
vn 0.000000 -1.000000 -0.000000
vn 0.000000 -1.000000 -0.000000
vn 0.000000 -1.000000 -0.000000
vn 0.000000 -1.000000 -0.000000
vn 0.000000 -1.000000 -0.000000
vn 0.000000 -1.000000 -0.000000
vn 0.000000 -1.000000 -0.000000
vn 0.000000 -1.000000 -0.000000
vn 0.000000 -1.000000 -0.000000
vn 0.000000 -1.000000 -0.000000
vn 0.000000 -1.000000 -0.000000
vn 0.000000 -1.000000 -0.000000
vn 0.000000 -1.000000 -0.000000
vn 0.000000 -1.000000 -0.000000
vn 0.000000 -1.000000 -0.000000
vn 0.000000 -1.000000 -0.000000
vn 0.000000 -1.000000 -0.000000
vn 0.000000 -1.000000 -0.000000
vn 0.000000 -1.000000 -0.000000
vn 0.000000 -1.000000 -0.000000
vn 0.000000 -1.000000 -0.000000
vn 0.000000 -1.000000 -0.000000
vn 0.000000 -1.000000 -0.000000
vn 0.000000 -1.000000 -0.000000
vn 0.000000 -1.000000 -0.000000
vn 0.000000 -1.000000 -0.000000
vn 0.000000 -1.000000 -0.000000
vn 0.000000 -1.000000 -0.000000
vn 0.000000 -1.000000 -0.000000
vn 0.000000 -1.000000 -0.000000
vn 0.000000 -1.000000 -0.000000
vn 0.000000 -1.000000 -0.000000
vn 0.000000 -1.000000 -0.000000
vn 0.000000 -1.000000 -0.000000
vn 0.000000 -1.000000 -0.000000
vn 0.000000 -1.000000 -0.000000
vn 0.000000 -1.000000 -0.000000
vn 0.000000 -1.000000 -0.000000
vn 0.000000 -1.000000 -0.000000
vn 0.000000 -1.000000 -0.000000
vn 0.000000 -1.000000 -0.000000
vn 0.000000 -1.000000 -0.000000
vn 0.000000 -1.000000 -0.000000
vn 0.000000 -1.000000 -0.000000
vn 0.000000 -1.000000 -0.000000
vn 0.000000 -1.000000 -0.000000
vn 0.000000 -1.000000 -0.000000
vn 0.000000 -1.000000 -0.000000
vn 0.000000 -1.000000 -0.000000
vn 0.000000 -1.000000 -0.000000
vn 0.000000 -1.000000 -0.000000
vn 0.000000 -1.000000 -0.000000
vn 0.000000 -1.000000 -0.000000
vn 0.000000 -1.000000 -0.000000
vn 0.000000 -1.000000 -0.000000
vn 0.000000 -1.000000 -0.000000
vn 0.000000 -1.000000 -0.000000
vn 0.000000 -1.000000 -0.000000
vn 0.000000 -1.000000 -0.000000
vn 0.000000 -1.000000 -0.000000
vn 0.000000 -1.000000 -0.000000
vn 0.000000 -1.000000 -0.000000
vn 0.000000 -1.000000 -0.000000
vn 0.000000 -1.000000 -0.000000
vn 0.000000 -1.000000 -0.000000
vn 0.000000 -1.000000 -0.000000
vn 0.000000 -1.000000 -0.000000
vn 0.000000 -1.000000 -0.000000
vn 0.000000 -1.000000 -0.000000
vn 0.000000 -1.000000 -0.000000
vn 0.000000 -1.000000 -0.000000
vn 0.000000 -1.000000 -0.000000
vn 0.000000 -1.000000 -0.000000
vn 0.000000 -1.000000 -0.000000
vn 0.000000 -1.000000 -0.000000
vn 0.000000 -1.000000 -0.000000
vn 0.000000 -1.000000 -0.000000
vn 0.000000 -1.000000 -0.000000
vn 0.000000 -1.000000 -0.000000
vn 0.000000 -1.000000 -0.000000
vn 0.000000 -1.000000 -0.000000
vn 0.000000 -1.000000 -0.000000
vn 0.000000 -1.000000 -0.000000
vn 0.000000 -1.000000 -0.000000
vn 0.000000 -1.000000 -0.000000
vn 0.000000 -1.000000 -0.000000
vn 0.000000 -1.000000 -0.000000
vn 0.000000 -1.000000 -0.000000
vn 0.000000 -1.000000 -0.000000
vn 0.000000 -1.000000 -0.000000
vn 0.000000 -1.000000 -0.000000
vn 0.000000 -1.000000 -0.000000
vn 0.000000 -1.000000 -0.000000
vn 0.000000 -1.000000 -0.000000
vn 0.000000 -1.000000 -0.000000
vn 0.000000 -1.000000 -0.000000
vn 0.000000 -1.000000 -0.000000
vn 0.000000 -1.000000 -0.000000
vn 0.000000 -1.000000 -0.000000
vn 0.000000 -1.000000 -0.000000
vn 0.000000 -1.000000 -0.000000
vn 0.000000 -1.000000 -0.000000
vn 0.000000 -1.000000 -0.000000
vn 0.000000 -1.000000 -0.000000
vn 0.000000 -1.000000 -0.000000
vn 0.000000 -1.000000 -0.000000
vn 0.000000 -1.000000 -0.000000
vn 0.000000 -1.000000 -0.000000
vn 0.000000 -1.000000 -0.000000
vn 0.000000 -1.000000 -0.000000
vn 0.000000 -1.000000 -0.000000
vn 0.000000 -1.000000 -0.000000
vn 0.000000 -1.000000 -0.000000
vn 0.000000 -1.000000 -0.000000
vn 0.000000 -1.000000 -0.000000
vn 0.000000 -1.000000 -0.000000
vn 0.000000 -1.000000 -0.000000
vn 0.000000 -1.000000 -0.000000
vn 0.000000 -1.000000 -0.000000
vn 0.000000 -1.000000 -0.000000
vn 0.000000 -1.000000 -0.000000
vn 0.000000 -1.000000 -0.000000
vn 0.000000 -1.000000 -0.000000
vn 0.000000 -1.000000 -0.000000
vn 0.000000 -1.000000 -0.000000
vn 0.000000 -1.000000 -0.000000
vn 0.000000 -1.000000 -0.000000
vn 0.000000 -1.000000 -0.000000
vn 0.000000 -1.000000 -0.000000
vn 0.000000 -1.000000 -0.000000
vn 0.000000 -1.000000 -0.000000
vn 0.000000 -1.000000 -0.000000
vn 0.000000 -1.000000 -0.000000
vn 0.000000 -1.000000 -0.000000
vn 0.000000 -1.000000 -0.000000
vn 0.000000 -1.000000 -0.000000
vn 0.000000 -1.000000 -0.000000
vn 0.000000 -1.000000 -0.000000
vn 0.000000 -1.000000 -0.000000
vn 0.000000 -1.000000 -0.000000
vn 0.000000 -1.000000 -0.000000
vn 0.000000 -1.000000 -0.000000
vn 0.000000 -1.000000 -0.000000
vn 0.000000 -1.000000 -0.000000
vn 0.000000 -1.000000 -0.000000
vn 0.000000 -1.000000 -0.000000
vn 0.000000 -1.000000 -0.000000
vn 0.000000 -1.000000 -0.000000
vn 0.000000 -1.000000 -0.000000
vn 0.000000 -1.000000 -0.000000
vn 0.000000 -1.000000 -0.000000
vn 0.000000 -1.000000 -0.000000
vn 0.000000 -1.000000 -0.000000
vn 0.000000 -1.000000 -0.000000
vn 0.000000 -1.000000 -0.000000
vn 0.000000 -1.000000 -0.000000
vn 0.000000 -1.000000 -0.000000
vn 0.000000 -1.000000 -0.000000
vn 0.000000 -1.000000 -0.000000
vn 0.000000 -1.000000 -0.000000
vn 0.000000 -1.000000 -0.000000
vn 0.000000 -1.000000 -0.000000
vn 0.000000 -1.000000 -0.000000
vn 0.000000 -1.000000 -0.000000
vn 0.000000 -1.000000 -0.000000
vn 0.000000 -1.000000 -0.000000
vn 0.000000 -1.000000 -0.000000
vn 0.000000 -1.000000 -0.000000
vn 0.000000 -1.000000 -0.000000
vn 0.000000 -1.000000 -0.000000
vn 0.000000 -1.000000 -0.000000
vn 0.000000 -1.000000 -0.000000
vn 0.000000 -1.000000 -0.000000
vn 0.000000 -1.000000 -0.000000
vn 0.000000 -1.000000 -0.000000
vn 0.000000 -1.000000 -0.000000
vn 0.000000 -1.000000 -0.000000
vn 0.000000 -1.000000 -0.000000
vn 0.000000 -1.000000 -0.000000
vn 0.000000 -1.000000 -0.000000
vn 0.000000 -1.000000 -0.000000
vn 0.000000 -1.000000 -0.000000
vn 0.000000 -1.000000 -0.000000
vn 0.000000 -1.000000 -0.000000
vn 0.000000 -1.000000 -0.000000
vn 0.000000 -1.000000 -0.000000
vn 0.000000 -1.000000 -0.000000
vn 0.000000 -1.000000 -0.000000
vn 0.000000 -1.000000 -0.000000
vn 0.000000 -1.000000 -0.000000
vn 0.000000 -1.000000 -0.000000
vn 0.000000 -1.000000 -0.000000
vn 0.000000 -1.000000 -0.000000
vn 0.000000 -1.000000 -0.000000
vn 0.000000 -1.000000 -0.000000
vn 0.000000 -1.000000 -0.000000
vn 0.000000 -1.000000 -0.000000
vn 0.000000 -1.000000 -0.000000
vn 0.000000 -1.000000 -0.000000
vn 0.000000 -1.000000 -0.000000
vn 0.000000 -1.000000 -0.000000
vn 0.000000 -1.000000 -0.000000
vn 0.000000 -1.000000 -0.000000
vn 0.000000 -1.000000 -0.000000
vn 0.000000 -1.000000 -0.000000
vn 0.000000 -1.000000 -0.000000
vn 0.000000 -1.000000 -0.000000
vn 0.000000 -1.000000 -0.000000
vn 0.000000 -1.000000 -0.000000
vn 0.000000 -1.000000 -0.000000
vn 0.000000 -1.000000 -0.000000
vn 0.000000 -1.000000 -0.000000
vn 0.000000 -1.000000 -0.000000
vn 0.000000 -1.000000 -0.000000
vn 0.000000 -1.000000 -0.000000
vn 0.000000 -1.000000 -0.000000
vn 0.000000 -1.000000 -0.000000
vn 0.000000 -1.000000 -0.000000
vn 0.000000 -1.000000 -0.000000
vn 0.000000 -1.000000 -0.000000
vn 0.000000 -1.000000 -0.000000
vn 0.000000 -1.000000 -0.000000
vn 0.000000 -1.000000 -0.000000
vn 0.000000 -1.000000 -0.000000
vn 0.000000 -1.000000 -0.000000
vn 0.000000 -1.000000 -0.000000
vn 0.000000 -1.000000 -0.000000
vn 0.000000 -1.000000 -0.000000
vn 0.000000 -1.000000 -0.000000
vn 0.000000 -1.000000 -0.000000
vn 0.000000 -1.000000 -0.000000
vn 0.000000 -1.000000 -0.000000
vn 0.000000 -1.000000 -0.000000
vn 0.000000 -1.000000 -0.000000
vn 0.000000 -1.000000 -0.000000
vn 0.000000 -1.000000 -0.000000
vn 0.000000 -1.000000 -0.000000
vn 0.000000 -1.000000 -0.000000
vn 0.000000 -1.000000 -0.000000
vn 0.000000 -1.000000 -0.000000
vn 0.000000 -1.000000 -0.000000
vn 0.000000 -1.000000 -0.000000
vn 0.000000 -1.000000 -0.000000
vn 0.000000 -1.000000 -0.000000
vn 0.000000 -1.000000 -0.000000
vn 0.000000 -1.000000 -0.000000
vn 0.000000 -1.000000 -0.000000
vn 0.000000 -1.000000 -0.000000
vn 0.000000 -1.000000 -0.000000
vn 0.000000 -1.000000 -0.000000
vn 0.000000 -1.000000 -0.000000
vn 0.000000 -1.000000 -0.000000
vn 0.000000 -1.000000 -0.000000
vn 0.000000 -1.000000 -0.000000
vn 0.000000 -1.000000 -0.000000
vn 0.000000 -1.000000 -0.000000
vn 0.000000 -1.000000 -0.000000
vn 0.000000 -1.000000 -0.000000
vn 0.000000 -1.000000 -0.000000
vn 0.000000 -1.000000 -0.000000
vn 0.000000 -1.000000 -0.000000
vn 0.000000 -1.000000 -0.000000
vn 0.000000 -1.000000 -0.000000
vn 0.000000 -1.000000 -0.000000
vn 0.000000 -1.000000 -0.000000
vn 0.000000 -1.000000 -0.000000
vn 0.000000 -1.000000 -0.000000
vn 0.000000 -1.000000 -0.000000
vn 0.000000 -1.000000 -0.000000
vn 0.000000 -1.000000 -0.000000
vn 0.000000 -1.000000 -0.000000
vn 0.000000 -1.000000 -0.000000
vn 0.000000 -1.000000 -0.000000
vn 0.000000 -1.000000 -0.000000
vn 0.000000 -1.000000 -0.000000
vn 0.000000 -1.000000 -0.000000
vn 0.000000 -1.000000 -0.000000
vn 0.000000 -1.000000 -0.000000
vn 0.000000 -1.000000 -0.000000
vn 0.000000 -1.000000 -0.000000
vn 0.000000 -1.000000 -0.000000
vn 0.000000 -1.000000 -0.000000
vn 0.000000 -1.000000 -0.000000
vn 0.000000 -1.000000 -0.000000
vn 0.000000 -1.000000 -0.000000
vn 0.000000 -1.000000 -0.000000
vn 0.000000 -1.000000 -0.000000
vn 0.000000 -1.000000 -0.000000
vn 0.000000 -1.000000 -0.000000
vn 0.000000 -1.000000 -0.000000
vn 0.000000 -1.000000 -0.000000
vn 0.000000 -1.000000 -0.000000
vn 0.000000 -1.000000 -0.000000
vn 0.000000 -1.000000 -0.000000
vn 0.000000 -1.000000 -0.000000
vn 0.000000 -1.000000 -0.000000
vn 0.000000 -1.000000 -0.000000
vn 0.000000 -1.000000 -0.000000
vn 0.000000 -1.000000 -0.000000
vn 0.000000 -1.000000 -0.000000
vn 0.000000 -1.000000 -0.000000
vn 0.000000 -1.000000 -0.000000
vn 0.000000 -1.000000 -0.000000
vn 0.000000 -1.000000 -0.000000
vn 0.000000 -1.000000 -0.000000
vn 0.000000 -1.000000 -0.000000
vn 0.000000 -1.000000 -0.000000
vn 0.000000 -1.000000 -0.000000
vn 0.000000 -1.000000 -0.000000
vn 0.000000 -1.000000 -0.000000
vn 0.000000 -1.000000 -0.000000
vn 0.000000 -1.000000 -0.000000
vn 0.000000 -1.000000 -0.000000
vn 0.000000 -1.000000 -0.000000
vn 0.000000 -1.000000 -0.000000
vn 0.000000 -1.000000 -0.000000
vn 0.000000 -1.000000 -0.000000
vn 0.000000 -1.000000 -0.000000
vn 0.000000 -1.000000 -0.000000
vn 0.000000 -1.000000 -0.000000
vn 0.000000 -1.000000 -0.000000
vn 0.000000 -1.000000 -0.000000
vn 0.000000 -1.000000 -0.000000
vn 0.000000 -1.000000 -0.000000
vn 0.000000 -1.000000 -0.000000
vn 0.000000 -1.000000 -0.000000
vn 0.000000 -1.000000 -0.000000
vn 0.000000 -1.000000 -0.000000
vn 0.000000 -1.000000 -0.000000
vn 0.000000 -1.000000 -0.000000
vn 0.000000 -1.000000 -0.000000
vn 0.000000 -1.000000 -0.000000
vn 0.000000 -1.000000 -0.000000
vn 0.000000 -1.000000 -0.000000
vn 0.000000 -1.000000 -0.000000
vn 0.000000 -1.000000 -0.000000
vn 0.000000 -1.000000 -0.000000
vn 0.000000 -1.000000 -0.000000
vn 0.000000 -1.000000 -0.000000
vn 0.000000 -1.000000 -0.000000
vn 0.000000 -1.000000 -0.000000
vn 0.000000 -1.000000 -0.000000
vn 0.000000 -1.000000 -0.000000
vn 0.000000 -1.000000 -0.000000
vn 0.000000 -1.000000 -0.000000
vn 0.000000 -1.000000 -0.000000
vn 0.000000 -1.000000 -0.000000
vn 0.000000 -1.000000 -0.000000
vn 0.000000 -1.000000 -0.000000
vn 0.000000 -1.000000 -0.000000
vn 0.000000 -1.000000 -0.000000
vn 0.000000 -1.000000 -0.000000
vn 0.000000 -1.000000 -0.000000
vn 0.000000 -1.000000 -0.000000
vn 0.000000 -1.000000 -0.000000
vn 0.000000 -1.000000 -0.000000
vn 0.000000 -1.000000 -0.000000
vn 0.000000 -1.000000 -0.000000
vn 0.000000 -1.000000 -0.000000
vn 0.000000 -1.000000 -0.000000
vn 0.000000 -1.000000 -0.000000
vn 0.000000 -1.000000 -0.000000
vn 0.000000 -1.000000 -0.000000
vn 0.000000 -1.000000 -0.000000
vn 0.000000 -1.000000 -0.000000
vn 0.000000 -1.000000 -0.000000
vn 0.000000 -1.000000 -0.000000
vn 0.000000 -1.000000 -0.000000
vn 0.000000 -1.000000 -0.000000
vn 0.000000 -1.000000 -0.000000
vn 0.000000 -1.000000 -0.000000
vn 0.000000 -1.000000 -0.000000
vn 0.000000 -1.000000 -0.000000
vn 0.000000 -1.000000 -0.000000
vn 0.000000 -1.000000 -0.000000
vn 0.000000 -1.000000 -0.000000
vn 0.000000 -1.000000 -0.000000
vn 0.000000 -1.000000 -0.000000
vn 0.000000 -1.000000 -0.000000
vn 0.000000 -1.000000 -0.000000
vn 0.000000 -1.000000 -0.000000
vn 0.000000 -1.000000 -0.000000
vn 0.000000 -1.000000 -0.000000
vn 0.000000 -1.000000 -0.000000
vn 0.000000 -1.000000 -0.000000
vn 0.000000 -1.000000 -0.000000
vn 0.000000 -1.000000 -0.000000
vn 0.000000 -1.000000 -0.000000
vn 0.000000 -1.000000 -0.000000
vn 0.000000 -1.000000 -0.000000
vn 0.000000 -1.000000 -0.000000
vn 0.000000 -1.000000 -0.000000
vn 0.000000 -1.000000 -0.000000
vn 0.000000 -1.000000 -0.000000
vn 0.000000 -1.000000 -0.000000
vn 0.000000 -1.000000 -0.000000
vn 0.000000 -1.000000 -0.000000
vn 0.000000 -1.000000 -0.000000
vn 0.000000 -1.000000 -0.000000
vn 0.000000 -1.000000 -0.000000
vn 0.000000 -1.000000 -0.000000
vn 0.000000 -1.000000 -0.000000
vn 0.000000 -1.000000 -0.000000
vn 0.000000 -1.000000 -0.000000
vn 0.000000 -1.000000 -0.000000
vn 0.000000 -1.000000 -0.000000
vn 0.000000 -1.000000 -0.000000
vn 0.000000 -1.000000 -0.000000
vn 0.000000 -1.000000 -0.000000
vn 0.000000 -1.000000 -0.000000
vn 0.000000 -1.000000 -0.000000
vn 0.000000 -1.000000 -0.000000
vn 0.000000 -1.000000 -0.000000
vn 0.000000 -1.000000 -0.000000
vn 0.000000 -1.000000 -0.000000
vn 0.000000 -1.000000 -0.000000
vn 0.000000 -1.000000 -0.000000
vn 0.000000 -1.000000 -0.000000
vn 0.000000 -1.000000 -0.000000
vn 0.000000 -1.000000 -0.000000
vn 0.000000 -1.000000 -0.000000
vn 0.000000 -1.000000 -0.000000
vn 0.000000 -1.000000 -0.000000
vn 0.000000 -1.000000 -0.000000
vn 0.000000 -1.000000 -0.000000
vn 0.000000 -1.000000 -0.000000
vn 0.000000 -1.000000 -0.000000
vn 0.000000 -1.000000 -0.000000
vn 0.000000 -1.000000 -0.000000
vn 0.000000 -1.000000 -0.000000
vn 0.000000 -1.000000 -0.000000
vn 0.000000 -1.000000 -0.000000
vn 0.000000 -1.000000 -0.000000
vn 0.000000 -1.000000 -0.000000
vn 0.000000 -1.000000 -0.000000
vn 0.000000 -1.000000 -0.000000
vn 0.000000 -1.000000 -0.000000
vn 0.000000 -1.000000 -0.000000
vn 0.000000 -1.000000 -0.000000
vn 0.000000 -1.000000 -0.000000
vn 0.000000 -1.000000 -0.000000
vn 0.000000 -1.000000 -0.000000
vn 0.000000 -1.000000 -0.000000
vn 0.000000 -1.000000 -0.000000
vn 0.000000 -1.000000 -0.000000
vn 0.000000 -1.000000 -0.000000
vn 0.000000 -1.000000 -0.000000
vn 0.000000 -1.000000 -0.000000
vn 0.000000 -1.000000 -0.000000
vn 0.000000 -1.000000 -0.000000
vn 0.000000 -1.000000 -0.000000
vn 0.000000 -1.000000 -0.000000
vn 0.000000 -1.000000 -0.000000
vn 0.000000 -1.000000 -0.000000
vn 0.000000 -1.000000 -0.000000
vn 0.000000 -1.000000 -0.000000
vn 0.000000 -1.000000 -0.000000
vn 0.000000 -1.000000 -0.000000
vn 0.000000 -1.000000 -0.000000
vn 0.000000 -1.000000 -0.000000
vn 0.000000 -1.000000 -0.000000
vn 0.000000 -1.000000 -0.000000
vn 0.000000 -1.000000 -0.000000
vn 0.000000 -1.000000 -0.000000
vn 0.000000 -1.000000 -0.000000
vn 0.000000 -1.000000 -0.000000
vn 0.000000 -1.000000 -0.000000
vn 0.000000 -1.000000 -0.000000
vn 0.000000 -1.000000 -0.000000
vn 0.000000 -1.000000 -0.000000
vn 0.000000 -1.000000 -0.000000
vn 0.000000 -1.000000 -0.000000
vn 0.000000 -1.000000 -0.000000
vn 0.000000 -1.000000 -0.000000
vn 0.000000 -1.000000 -0.000000
vn 0.000000 -1.000000 -0.000000
vn 0.000000 -1.000000 -0.000000
vn 0.000000 -1.000000 -0.000000
vn 0.000000 -1.000000 -0.000000
vn 0.000000 -1.000000 -0.000000
vn 0.000000 -1.000000 -0.000000
vn 0.000000 -1.000000 -0.000000
vn 0.000000 -1.000000 -0.000000
vn 0.000000 -1.000000 -0.000000
vn 0.000000 -1.000000 -0.000000
vn 0.000000 -1.000000 -0.000000
vn 0.000000 -1.000000 -0.000000
vn 0.000000 -1.000000 -0.000000
vn 0.000000 -1.000000 -0.000000
vn 0.000000 -1.000000 -0.000000
vn 0.000000 -1.000000 -0.000000
vn 0.000000 -1.000000 -0.000000
vn 0.000000 -1.000000 -0.000000
vn 0.000000 -1.000000 -0.000000
vn 0.000000 -1.000000 -0.000000
vn 0.000000 -1.000000 -0.000000
vn 0.000000 -1.000000 -0.000000
vn 0.000000 -1.000000 -0.000000
vn 0.000000 -1.000000 -0.000000
vn 0.000000 -1.000000 -0.000000
vn 0.000000 -1.000000 -0.000000
vn 0.000000 -1.000000 -0.000000
vn 0.000000 -1.000000 -0.000000
vn 0.000000 -1.000000 -0.000000
vn 0.000000 -1.000000 -0.000000
vn 0.000000 -1.000000 -0.000000
vn 0.000000 -1.000000 -0.000000
vn 0.000000 -1.000000 -0.000000
vn 0.000000 -1.000000 -0.000000
vn 0.000000 -1.000000 -0.000000
vn 0.000000 -1.000000 -0.000000
vn 0.000000 -1.000000 -0.000000
vn 0.000000 -1.000000 -0.000000
vn 0.000000 -1.000000 -0.000000
vn 0.000000 -1.000000 -0.000000
vn 0.000000 -1.000000 -0.000000
vn 0.000000 -1.000000 -0.000000
vn 0.000000 -1.000000 -0.000000
vn 0.000000 -1.000000 -0.000000
vn 0.000000 -1.000000 -0.000000
vn 0.000000 -1.000000 -0.000000
vn 0.000000 -1.000000 -0.000000
vn 0.000000 -1.000000 -0.000000
vn 0.000000 -1.000000 -0.000000
vn 0.000000 -1.000000 -0.000000
vn 0.000000 -1.000000 -0.000000
vn 0.000000 -1.000000 -0.000000
vn 0.000000 -1.000000 -0.000000
vn 0.000000 -1.000000 -0.000000
vn 0.000000 -1.000000 -0.000000
vn 0.000000 -1.000000 -0.000000
vn 0.000000 -1.000000 -0.000000
vn 0.000000 -1.000000 -0.000000
vn 0.000000 -1.000000 -0.000000
vn 0.000000 -1.000000 -0.000000
vn 0.000000 -1.000000 -0.000000
vn 0.000000 -1.000000 -0.000000
vn 0.000000 -1.000000 -0.000000
vn 0.000000 -1.000000 -0.000000
vn 0.000000 -1.000000 -0.000000
vn 0.000000 -1.000000 -0.000000
vn 0.000000 -1.000000 -0.000000
vn 0.000000 -1.000000 -0.000000
vn 0.000000 -1.000000 -0.000000
vn 0.000000 -1.000000 -0.000000
vn 0.000000 -1.000000 -0.000000
vn 0.000000 -1.000000 -0.000000
vn 0.000000 -1.000000 -0.000000
vn 0.000000 -1.000000 -0.000000
vn 0.000000 -1.000000 -0.000000
vn 0.000000 -1.000000 -0.000000
vn 0.000000 -1.000000 -0.000000
vn 0.000000 -1.000000 -0.000000
vn 0.000000 -1.000000 -0.000000
vn 0.000000 -1.000000 -0.000000
vn 0.000000 -1.000000 -0.000000
vn 0.000000 -1.000000 -0.000000
vn 0.000000 -1.000000 -0.000000
vn 0.000000 -1.000000 -0.000000
vn 0.000000 -1.000000 -0.000000
vn 0.000000 -1.000000 -0.000000
vn 0.000000 -1.000000 -0.000000
vn 0.000000 -1.000000 -0.000000
vn 0.000000 -1.000000 -0.000000
vn 0.000000 -1.000000 -0.000000
vn 0.000000 -1.000000 -0.000000
vn 0.000000 -1.000000 -0.000000
vn 0.000000 -1.000000 -0.000000
vn 0.000000 -1.000000 -0.000000
vn 0.000000 -1.000000 -0.000000
vn 0.000000 -1.000000 -0.000000
vn 0.000000 -1.000000 -0.000000
vn 0.000000 -1.000000 -0.000000
vn 0.000000 -1.000000 -0.000000
vn 0.000000 -1.000000 -0.000000
vn 0.000000 -1.000000 -0.000000
vn 0.000000 -1.000000 -0.000000
vn 0.000000 -1.000000 -0.000000
vn 0.000000 -1.000000 -0.000000
vn 0.000000 -1.000000 -0.000000
vn 0.000000 -1.000000 -0.000000
vn 0.000000 -1.000000 -0.000000
vn 0.000000 -1.000000 -0.000000
vn 0.000000 -1.000000 -0.000000
vn 0.000000 -1.000000 -0.000000
vn 0.000000 -1.000000 -0.000000
vn 0.000000 -1.000000 -0.000000
vn 0.000000 -1.000000 -0.000000
vn 0.000000 -1.000000 -0.000000
vn 0.000000 -1.000000 -0.000000
vn 0.000000 -1.000000 -0.000000
vn 0.000000 -1.000000 -0.000000
vn 0.000000 -1.000000 -0.000000
vn 0.000000 -1.000000 -0.000000
vn 0.000000 -1.000000 -0.000000
vn 0.000000 -1.000000 -0.000000
vn 0.000000 -1.000000 -0.000000
vn 0.000000 -1.000000 -0.000000
vn 0.000000 -1.000000 -0.000000
vn 0.000000 -1.000000 -0.000000
vn 0.000000 -1.000000 -0.000000
vn 0.000000 -1.000000 -0.000000
vn 0.000000 -1.000000 -0.000000
vn 0.000000 -1.000000 -0.000000
vn 0.000000 -1.000000 -0.000000
vn 0.000000 -1.000000 -0.000000
vn 0.000000 -1.000000 -0.000000
vn 0.000000 -1.000000 -0.000000
vn 0.000000 -1.000000 -0.000000
vn 0.000000 -1.000000 -0.000000
vn 0.000000 -1.000000 -0.000000
vn 0.000000 -1.000000 -0.000000
vn 0.000000 -1.000000 -0.000000
vn 0.000000 -1.000000 -0.000000
vn 0.000000 -1.000000 -0.000000
vn 0.000000 -1.000000 -0.000000
vn 0.000000 -1.000000 -0.000000
vn 0.000000 -1.000000 -0.000000
vn 0.000000 -1.000000 -0.000000
vn 0.000000 -1.000000 -0.000000
vn 0.000000 -1.000000 -0.000000
vn 0.000000 -1.000000 -0.000000
vn 0.000000 -1.000000 -0.000000
vn 0.000000 -1.000000 -0.000000
vn 0.000000 -1.000000 -0.000000
vn 0.000000 -1.000000 -0.000000
vn 0.000000 -1.000000 -0.000000
vn 0.000000 -1.000000 -0.000000
vn 0.000000 -1.000000 -0.000000
vn 0.000000 -1.000000 -0.000000
vn 0.000000 -1.000000 -0.000000
vn 0.000000 -1.000000 -0.000000
vn 0.000000 -1.000000 -0.000000
vn 0.000000 -1.000000 -0.000000
vn 0.000000 -1.000000 -0.000000
vn 0.000000 -1.000000 -0.000000
vn 0.000000 -1.000000 -0.000000
vn 0.000000 -1.000000 -0.000000
vn 0.000000 -1.000000 -0.000000
vn 0.000000 -1.000000 -0.000000
vn 0.000000 -1.000000 -0.000000
vn 0.000000 -1.000000 -0.000000
vn 0.000000 -1.000000 -0.000000
vn 0.000000 -1.000000 -0.000000
vn 0.000000 -1.000000 -0.000000
vn 0.000000 -1.000000 -0.000000
vn 0.000000 -1.000000 -0.000000
vn 0.000000 -1.000000 -0.000000
vn 0.000000 -1.000000 -0.000000
vn 0.000000 -1.000000 -0.000000
vn 0.000000 -1.000000 -0.000000
vn 0.000000 -1.000000 -0.000000
vn 0.000000 -1.000000 -0.000000
vn 0.000000 -1.000000 -0.000000
vn 0.000000 -1.000000 -0.000000
vn 0.000000 -1.000000 -0.000000
vn 0.000000 -1.000000 -0.000000
vn 0.000000 -1.000000 -0.000000
vn 0.000000 -1.000000 -0.000000
vn 0.000000 -1.000000 -0.000000
vn 0.000000 -1.000000 -0.000000
vn 0.000000 -1.000000 -0.000000
vn 0.000000 -1.000000 -0.000000
vn 0.000000 -1.000000 -0.000000
vn 0.000000 -1.000000 -0.000000
vn 0.000000 -1.000000 -0.000000
vn 0.000000 -1.000000 -0.000000
vn 0.000000 -1.000000 -0.000000
vn 0.000000 -1.000000 -0.000000
vn 0.000000 -1.000000 -0.000000
vn 0.000000 -1.000000 -0.000000
vn 0.000000 -1.000000 -0.000000
vn 0.000000 -1.000000 -0.000000
vn 0.000000 -1.000000 -0.000000
vn 0.000000 -1.000000 -0.000000
vn 0.000000 -1.000000 -0.000000
vn 0.000000 -1.000000 -0.000000
vn 0.000000 -1.000000 -0.000000
vn 0.000000 -1.000000 -0.000000
vn 0.000000 -1.000000 -0.000000
vn 0.000000 -1.000000 -0.000000
vn 0.000000 -1.000000 -0.000000
vn 0.000000 -1.000000 -0.000000
vn 0.000000 -1.000000 -0.000000
vn 0.000000 -1.000000 -0.000000
vn 0.000000 -1.000000 -0.000000
vn 0.000000 -1.000000 -0.000000
vn 0.000000 -1.000000 -0.000000
vn 0.000000 -1.000000 -0.000000
vn 0.000000 -1.000000 -0.000000
vn 0.000000 -1.000000 -0.000000
vn 0.000000 -1.000000 -0.000000
vn 0.000000 -1.000000 -0.000000
vn 0.000000 -1.000000 -0.000000
vn 0.000000 -1.000000 -0.000000
vn 0.000000 -1.000000 -0.000000
vn 0.000000 -1.000000 -0.000000
vn 0.000000 -1.000000 -0.000000
vn 0.000000 -1.000000 -0.000000
vn 0.000000 -1.000000 -0.000000
vn 0.000000 -1.000000 -0.000000
vn 0.000000 -1.000000 -0.000000
vn 0.000000 -1.000000 -0.000000
vn 0.000000 -1.000000 -0.000000
vn 0.000000 -1.000000 -0.000000
vn 0.000000 -1.000000 -0.000000
vn 0.000000 -1.000000 -0.000000
vn 0.000000 -1.000000 -0.000000
vn 0.000000 -1.000000 -0.000000
vn 0.000000 -1.000000 -0.000000
vn 0.000000 1.000000 0.000000
vn 0.000000 1.000000 0.000000
vn 0.000000 1.000000 0.000000
vn 0.000000 1.000000 0.000000
vn 0.000000 1.000000 0.000000
vn 0.000000 1.000000 0.000000
vn 0.000000 1.000000 0.000000
vn 0.000000 1.000000 0.000000
vn 0.000000 1.000000 0.000000
vn 0.000000 1.000000 0.000000
vn 0.000000 1.000000 0.000000
vn 0.000000 1.000000 0.000000
vn 0.000000 1.000000 0.000000
vn 0.000000 1.000000 0.000000
vn 0.000000 1.000000 0.000000
vn 0.000000 1.000000 0.000000
vn 0.000000 1.000000 0.000000
vn 0.000000 1.000000 0.000000
vn 0.000000 1.000000 0.000000
vn 0.000000 1.000000 0.000000
vn 0.000000 1.000000 0.000000
vn 0.000000 1.000000 0.000000
vn 0.000000 1.000000 0.000000
vn 0.000000 1.000000 0.000000
vn 0.000000 1.000000 0.000000
vn 0.000000 1.000000 0.000000
vn 0.000000 1.000000 0.000000
vn 0.000000 1.000000 0.000000
vn 0.000000 1.000000 0.000000
vn 0.000000 1.000000 0.000000
vn 0.000000 1.000000 0.000000
vn 0.000000 1.000000 0.000000
vn 0.000000 1.000000 0.000000
vn 0.000000 1.000000 0.000000
vn 0.000000 1.000000 0.000000
vn 0.000000 1.000000 0.000000
vn 0.000000 1.000000 0.000000
vn 0.000000 1.000000 0.000000
vn 0.000000 1.000000 0.000000
vn 0.000000 1.000000 0.000000
vn 0.000000 1.000000 0.000000
vn 0.000000 1.000000 0.000000
vn 0.000000 1.000000 0.000000
vn 0.000000 1.000000 0.000000
vn 0.000000 1.000000 0.000000
vn 0.000000 1.000000 0.000000
vn 0.000000 1.000000 0.000000
vn 0.000000 1.000000 0.000000
vn 0.000000 1.000000 0.000000
vn 0.000000 1.000000 0.000000
vn 0.000000 1.000000 0.000000
vn 0.000000 1.000000 0.000000
vn 0.000000 1.000000 0.000000
vn 0.000000 1.000000 0.000000
vn 0.000000 1.000000 0.000000
vn 0.000000 1.000000 0.000000
vn 0.000000 1.000000 0.000000
vn 0.000000 1.000000 0.000000
vn 0.000000 1.000000 0.000000
vn 0.000000 1.000000 0.000000
vn 0.000000 1.000000 0.000000
vn 0.000000 1.000000 0.000000
vn 0.000000 1.000000 0.000000
vn 0.000000 1.000000 0.000000
vn 0.000000 1.000000 0.000000
vn 0.000000 1.000000 0.000000
vn 0.000000 1.000000 0.000000
vn 0.000000 1.000000 0.000000
vn 0.000000 1.000000 0.000000
vn 0.000000 1.000000 0.000000
vn 0.000000 1.000000 0.000000
vn 0.000000 1.000000 0.000000
vn 0.000000 1.000000 0.000000
vn 0.000000 1.000000 0.000000
vn 0.000000 1.000000 0.000000
vn 0.000000 1.000000 0.000000
vn 0.000000 1.000000 0.000000
vn 0.000000 1.000000 0.000000
vn 0.000000 1.000000 0.000000
vn 0.000000 1.000000 0.000000
vn 0.000000 1.000000 0.000000
vn 0.000000 1.000000 0.000000
vn 0.000000 1.000000 0.000000
vn 0.000000 1.000000 0.000000
vn 0.000000 1.000000 0.000000
vn 0.000000 1.000000 0.000000
vn 0.000000 1.000000 0.000000
vn 0.000000 1.000000 0.000000
vn 0.000000 1.000000 0.000000
vn 0.000000 1.000000 0.000000
vn 0.000000 1.000000 0.000000
vn 0.000000 1.000000 0.000000
vn 0.000000 1.000000 0.000000
vn 0.000000 1.000000 0.000000
vn 0.000000 1.000000 0.000000
vn 0.000000 1.000000 0.000000
vn 0.000000 1.000000 0.000000
vn 0.000000 1.000000 0.000000
vn 0.000000 1.000000 0.000000
vn 0.000000 1.000000 0.000000
vn 0.000000 1.000000 0.000000
vn 0.000000 1.000000 0.000000
vn 0.000000 1.000000 0.000000
vn 0.000000 1.000000 0.000000
vn 0.000000 1.000000 0.000000
vn 0.000000 1.000000 0.000000
vn 0.000000 1.000000 0.000000
vn 0.000000 1.000000 0.000000
vn 0.000000 1.000000 0.000000
vn 0.000000 1.000000 0.000000
vn 0.000000 1.000000 0.000000
vn 0.000000 1.000000 0.000000
vn 0.000000 1.000000 0.000000
vn 0.000000 1.000000 0.000000
vn 0.000000 1.000000 0.000000
vn 0.000000 1.000000 0.000000
vn 0.000000 1.000000 0.000000
vn 0.000000 1.000000 0.000000
vn 0.000000 1.000000 0.000000
vn 0.000000 1.000000 0.000000
vn 0.000000 1.000000 0.000000
vn 0.000000 1.000000 0.000000
vn 0.000000 1.000000 0.000000
vn 0.000000 1.000000 0.000000
vn 0.000000 1.000000 0.000000
vn 0.000000 1.000000 0.000000
vn 0.000000 1.000000 0.000000
vn 0.000000 1.000000 0.000000
vn 0.000000 1.000000 0.000000
vn 0.000000 1.000000 0.000000
vn 0.000000 1.000000 0.000000
vn 0.000000 1.000000 0.000000
vn 0.000000 1.000000 0.000000
vn 0.000000 1.000000 0.000000
vn 0.000000 1.000000 0.000000
vn 0.000000 1.000000 0.000000
vn 0.000000 1.000000 0.000000
vn 0.000000 1.000000 0.000000
vn 0.000000 1.000000 0.000000
vn 0.000000 1.000000 0.000000
vn 0.000000 1.000000 0.000000
vn 0.000000 1.000000 0.000000
vn 0.000000 1.000000 0.000000
vn 0.000000 1.000000 0.000000
vn 0.000000 1.000000 0.000000
vn 0.000000 1.000000 0.000000
vn 0.000000 1.000000 0.000000
vn 0.000000 1.000000 0.000000
vn 0.000000 1.000000 0.000000
vn 0.000000 1.000000 0.000000
vn 0.000000 1.000000 0.000000
vn 0.000000 1.000000 0.000000
vn 0.000000 1.000000 0.000000
vn 0.000000 1.000000 0.000000
vn 0.000000 1.000000 0.000000
vn 0.000000 1.000000 0.000000
vn 0.000000 1.000000 0.000000
vn 0.000000 1.000000 0.000000
vn 0.000000 1.000000 0.000000
vn 0.000000 1.000000 0.000000
vn 0.000000 1.000000 0.000000
vn 0.000000 1.000000 0.000000
vn 0.000000 1.000000 0.000000
vn 0.000000 1.000000 0.000000
vn 0.000000 1.000000 0.000000
vn 0.000000 1.000000 0.000000
vn 0.000000 1.000000 0.000000
vn 0.000000 1.000000 0.000000
vn 0.000000 1.000000 0.000000
vn 0.000000 1.000000 0.000000
vn 0.000000 1.000000 0.000000
vn 0.000000 1.000000 0.000000
vn 0.000000 1.000000 0.000000
vn 0.000000 1.000000 0.000000
vn 0.000000 1.000000 0.000000
vn 0.000000 1.000000 0.000000
vn 0.000000 1.000000 0.000000
vn 0.000000 1.000000 0.000000
vn 0.000000 1.000000 0.000000
vn 0.000000 1.000000 0.000000
vn 0.000000 1.000000 0.000000
vn 0.000000 1.000000 0.000000
vn 0.000000 1.000000 0.000000
vn 0.000000 1.000000 0.000000
vn 0.000000 1.000000 0.000000
vn 0.000000 1.000000 0.000000
vn 0.000000 1.000000 0.000000
vn 0.000000 1.000000 0.000000
vn 0.000000 1.000000 0.000000
vn 0.000000 1.000000 0.000000
vn 0.000000 1.000000 0.000000
vn 0.000000 1.000000 0.000000
vn 0.000000 1.000000 0.000000
vn 0.000000 1.000000 0.000000
vn 0.000000 1.000000 0.000000
vn 0.000000 1.000000 0.000000
vn 0.000000 1.000000 0.000000
vn 0.000000 1.000000 0.000000
vn 0.000000 1.000000 0.000000
vn 0.000000 1.000000 0.000000
vn 0.000000 1.000000 0.000000
vn 0.000000 1.000000 0.000000
vn 0.000000 1.000000 0.000000
vn 0.000000 1.000000 0.000000
vn 0.000000 1.000000 0.000000
vn 0.000000 1.000000 0.000000
vn 0.000000 1.000000 0.000000
vn 0.000000 1.000000 0.000000
vn 0.000000 1.000000 0.000000
vn 0.000000 1.000000 0.000000
vn 0.000000 1.000000 0.000000
vn 0.000000 1.000000 0.000000
vn 0.000000 1.000000 0.000000
vn 0.000000 1.000000 0.000000
vn 0.000000 1.000000 0.000000
vn 0.000000 1.000000 0.000000
vn 0.000000 1.000000 0.000000
vn 0.000000 1.000000 0.000000
vn 0.000000 1.000000 0.000000
vn 0.000000 1.000000 0.000000
vn 0.000000 1.000000 0.000000
vn 0.000000 1.000000 0.000000
vn 0.000000 1.000000 0.000000
vn 0.000000 1.000000 0.000000
vn 0.000000 1.000000 0.000000
vn 0.000000 1.000000 0.000000
vn 0.000000 1.000000 0.000000
vn 0.000000 1.000000 0.000000
vn 0.000000 1.000000 0.000000
vn 0.000000 1.000000 0.000000
vn 0.000000 1.000000 0.000000
vn 0.000000 1.000000 0.000000
vn 0.000000 1.000000 0.000000
vn 0.000000 1.000000 0.000000
vn 0.000000 1.000000 0.000000
vn 0.000000 1.000000 0.000000
vn 0.000000 1.000000 0.000000
vn 0.000000 1.000000 0.000000
vn 0.000000 1.000000 0.000000
vn 0.000000 1.000000 0.000000
vn 0.000000 1.000000 0.000000
vn 0.000000 1.000000 0.000000
vn 0.000000 1.000000 0.000000
vn 0.000000 1.000000 0.000000
vn 0.000000 1.000000 0.000000
vn 0.000000 1.000000 0.000000
vn 0.000000 1.000000 0.000000
vn 0.000000 1.000000 0.000000
vn 0.000000 1.000000 0.000000
vn 0.000000 1.000000 0.000000
vn 0.000000 1.000000 0.000000
vn 0.000000 1.000000 0.000000
vn 0.000000 1.000000 0.000000
vn 0.000000 1.000000 0.000000
vn 0.000000 1.000000 0.000000
vn 0.000000 1.000000 0.000000
vn 0.000000 1.000000 0.000000
vn 0.000000 1.000000 0.000000
vn 0.000000 1.000000 0.000000
vn 0.000000 1.000000 0.000000
vn 0.000000 1.000000 0.000000
vn 0.000000 1.000000 0.000000
vn 0.000000 1.000000 0.000000
vn 0.000000 1.000000 0.000000
vn 0.000000 1.000000 0.000000
vn 0.000000 1.000000 0.000000
vn 0.000000 1.000000 0.000000
vn 0.000000 1.000000 0.000000
vn 0.000000 1.000000 0.000000
vn 0.000000 1.000000 0.000000
vn 0.000000 1.000000 0.000000
vn 0.000000 1.000000 0.000000
vn 0.000000 1.000000 0.000000
vn 0.000000 1.000000 0.000000
vn 0.000000 1.000000 0.000000
vn 0.000000 1.000000 0.000000
vn 0.000000 1.000000 0.000000
vn 0.000000 1.000000 0.000000
vn 0.000000 1.000000 0.000000
vn 0.000000 1.000000 0.000000
vn 0.000000 1.000000 0.000000
vn 0.000000 1.000000 0.000000
vn 0.000000 1.000000 0.000000
vn 0.000000 1.000000 0.000000
vn 0.000000 1.000000 0.000000
vn 0.000000 1.000000 0.000000
vn 0.000000 1.000000 0.000000
vn 0.000000 1.000000 0.000000
vn 0.000000 1.000000 0.000000
vn 0.000000 1.000000 0.000000
vn 0.000000 1.000000 0.000000
vn 0.000000 1.000000 0.000000
vn 0.000000 1.000000 0.000000
vn 0.000000 1.000000 0.000000
vn 0.000000 1.000000 0.000000
vn 0.000000 1.000000 0.000000
vn 0.000000 1.000000 0.000000
vn 0.000000 1.000000 0.000000
vn 0.000000 1.000000 0.000000
vn 0.000000 1.000000 0.000000
vn 0.000000 1.000000 0.000000
vn 0.000000 1.000000 0.000000
vn 0.000000 1.000000 0.000000
vn 0.000000 1.000000 0.000000
vn 0.000000 1.000000 0.000000
vn 0.000000 1.000000 0.000000
vn 0.000000 1.000000 0.000000
vn 0.000000 1.000000 0.000000
vn 0.000000 1.000000 0.000000
vn 0.000000 1.000000 0.000000
vn 0.000000 1.000000 0.000000
vn 0.000000 1.000000 0.000000
vn 0.000000 1.000000 0.000000
vn 0.000000 1.000000 0.000000
vn 0.000000 1.000000 0.000000
vn 0.000000 1.000000 0.000000
vn 0.000000 1.000000 0.000000
vn 0.000000 1.000000 0.000000
vn 0.000000 1.000000 0.000000
vn 0.000000 1.000000 0.000000
vn 0.000000 1.000000 0.000000
vn 0.000000 1.000000 0.000000
vn 0.000000 1.000000 0.000000
vn 0.000000 1.000000 0.000000
vn 0.000000 1.000000 0.000000
vn 0.000000 1.000000 0.000000
vn 0.000000 1.000000 0.000000
vn 0.000000 1.000000 0.000000
vn 0.000000 1.000000 0.000000
vn 0.000000 1.000000 0.000000
vn 0.000000 1.000000 0.000000
vn 0.000000 1.000000 0.000000
vn 0.000000 1.000000 0.000000
vn 0.000000 1.000000 0.000000
vn 0.000000 1.000000 0.000000
vn 0.000000 1.000000 0.000000
vn 0.000000 1.000000 0.000000
vn 0.000000 1.000000 0.000000
vn 0.000000 1.000000 0.000000
vn 0.000000 1.000000 0.000000
vn 0.000000 1.000000 0.000000
vn 0.000000 1.000000 0.000000
vn 0.000000 1.000000 0.000000
vn 0.000000 1.000000 0.000000
vn 0.000000 1.000000 0.000000
vn 0.000000 1.000000 0.000000
vn 0.000000 1.000000 0.000000
vn 0.000000 1.000000 0.000000
vn 0.000000 1.000000 0.000000
vn 0.000000 1.000000 0.000000
vn 0.000000 1.000000 0.000000
vn 0.000000 1.000000 0.000000
vn 0.000000 1.000000 0.000000
vn 0.000000 1.000000 0.000000
vn 0.000000 1.000000 0.000000
vn 0.000000 1.000000 0.000000
vn 0.000000 1.000000 0.000000
vn 0.000000 1.000000 0.000000
vn 0.000000 1.000000 0.000000
vn 0.000000 1.000000 0.000000
vn 0.000000 1.000000 0.000000
vn 0.000000 1.000000 0.000000
vn 0.000000 1.000000 0.000000
vn 0.000000 1.000000 0.000000
vn 0.000000 1.000000 0.000000
vn 0.000000 1.000000 0.000000
vn 0.000000 1.000000 0.000000
vn 0.000000 1.000000 0.000000
vn 0.000000 1.000000 0.000000
vn 0.000000 1.000000 0.000000
vn 0.000000 1.000000 0.000000
vn 0.000000 1.000000 0.000000
vn 0.000000 1.000000 0.000000
vn 0.000000 1.000000 0.000000
vn 0.000000 1.000000 0.000000
vn 0.000000 1.000000 0.000000
vn 0.000000 1.000000 0.000000
vn 0.000000 1.000000 0.000000
vn 0.000000 1.000000 0.000000
vn 0.000000 1.000000 0.000000
vn 0.000000 1.000000 0.000000
vn 0.000000 1.000000 0.000000
vn 0.000000 1.000000 0.000000
vn 0.000000 1.000000 0.000000
vn 0.000000 1.000000 0.000000
vn 0.000000 1.000000 0.000000
vn 0.000000 1.000000 0.000000
vn 0.000000 1.000000 0.000000
vn 0.000000 1.000000 0.000000
vn 0.000000 1.000000 0.000000
vn 0.000000 1.000000 0.000000
vn 0.000000 1.000000 0.000000
vn 0.000000 1.000000 0.000000
vn 0.000000 1.000000 0.000000
vn 0.000000 1.000000 0.000000
vn 0.000000 1.000000 0.000000
vn 0.000000 1.000000 0.000000
vn 0.000000 1.000000 0.000000
vn 0.000000 1.000000 0.000000
vn 0.000000 1.000000 0.000000
vn 0.000000 1.000000 0.000000
vn 0.000000 1.000000 0.000000
vn 0.000000 1.000000 0.000000
vn 0.000000 1.000000 0.000000
vn 0.000000 1.000000 0.000000
vn 0.000000 1.000000 0.000000
vn 0.000000 1.000000 0.000000
vn 0.000000 1.000000 0.000000
vn 0.000000 1.000000 0.000000
vn 0.000000 1.000000 0.000000
vn 0.000000 1.000000 0.000000
vn 0.000000 1.000000 0.000000
vn 0.000000 1.000000 0.000000
vn 0.000000 1.000000 0.000000
vn 0.000000 1.000000 0.000000
vn 0.000000 1.000000 0.000000
vn 0.000000 1.000000 0.000000
vn 0.000000 1.000000 0.000000
vn 0.000000 1.000000 0.000000
vn 0.000000 1.000000 0.000000
vn 0.000000 1.000000 0.000000
vn 0.000000 1.000000 0.000000
vn 0.000000 1.000000 0.000000
vn 0.000000 1.000000 0.000000
vn 0.000000 1.000000 0.000000
vn 0.000000 1.000000 0.000000
vn 0.000000 1.000000 0.000000
vn 0.000000 1.000000 0.000000
vn 0.000000 1.000000 0.000000
vn 0.000000 1.000000 0.000000
vn 0.000000 1.000000 0.000000
vn 0.000000 1.000000 0.000000
vn 0.000000 1.000000 0.000000
vn 0.000000 1.000000 0.000000
vn 0.000000 1.000000 0.000000
vn 0.000000 1.000000 0.000000
vn 0.000000 1.000000 0.000000
vn 0.000000 1.000000 0.000000
vn 0.000000 1.000000 0.000000
vn 0.000000 1.000000 0.000000
vn 0.000000 1.000000 0.000000
vn 0.000000 1.000000 0.000000
vn 0.000000 1.000000 0.000000
vn 0.000000 1.000000 0.000000
vn 0.000000 1.000000 0.000000
vn 0.000000 1.000000 0.000000
vn 0.000000 1.000000 0.000000
vn 0.000000 1.000000 0.000000
vn 0.000000 1.000000 0.000000
vn 0.000000 1.000000 0.000000
vn 0.000000 1.000000 0.000000
vn 0.000000 1.000000 0.000000
vn 0.000000 1.000000 0.000000
vn 0.000000 1.000000 0.000000
vn 0.000000 1.000000 0.000000
vn 0.000000 1.000000 0.000000
vn 0.000000 1.000000 0.000000
vn 0.000000 1.000000 0.000000
vn 0.000000 1.000000 0.000000
vn 0.000000 1.000000 0.000000
vn 0.000000 1.000000 0.000000
vn 0.000000 1.000000 0.000000
vn 0.000000 1.000000 0.000000
vn 0.000000 1.000000 0.000000
vn 0.000000 1.000000 0.000000
vn 0.000000 1.000000 0.000000
vn 0.000000 1.000000 0.000000
vn 0.000000 1.000000 0.000000
vn 0.000000 1.000000 0.000000
vn 0.000000 1.000000 0.000000
vn 0.000000 1.000000 0.000000
vn 0.000000 1.000000 0.000000
vn 0.000000 1.000000 0.000000
vn 0.000000 1.000000 0.000000
vn 0.000000 1.000000 0.000000
vn 0.000000 1.000000 0.000000
vn 0.000000 1.000000 0.000000
vn 0.000000 1.000000 0.000000
vn 0.000000 1.000000 0.000000
vn 0.000000 1.000000 0.000000
vn 0.000000 1.000000 0.000000
vn 0.000000 1.000000 0.000000
vn 0.000000 1.000000 0.000000
vn 0.000000 1.000000 0.000000
vn 0.000000 1.000000 0.000000
vn 0.000000 1.000000 0.000000
vn 0.000000 1.000000 0.000000
vn 0.000000 1.000000 0.000000
vn 0.000000 1.000000 0.000000
vn 0.000000 1.000000 0.000000
vn 0.000000 1.000000 0.000000
vn 0.000000 1.000000 0.000000
vn 0.000000 1.000000 0.000000
vn 0.000000 1.000000 0.000000
vn 0.000000 1.000000 0.000000
vn 0.000000 1.000000 0.000000
vn 0.000000 1.000000 0.000000
vn 0.000000 1.000000 0.000000
vn 0.000000 1.000000 0.000000
vn 0.000000 1.000000 0.000000
vn 0.000000 1.000000 0.000000
vn 0.000000 1.000000 0.000000
vn 0.000000 1.000000 0.000000
vn 0.000000 1.000000 0.000000
vn 0.000000 1.000000 0.000000
vn 0.000000 1.000000 0.000000
vn 0.000000 1.000000 0.000000
vn 0.000000 1.000000 0.000000
vn 0.000000 1.000000 0.000000
vn 0.000000 1.000000 0.000000
vn 0.000000 1.000000 0.000000
vn 0.000000 1.000000 0.000000
vn 0.000000 1.000000 0.000000
vn 0.000000 1.000000 0.000000
vn 0.000000 1.000000 0.000000
vn 0.000000 1.000000 0.000000
vn 0.000000 1.000000 0.000000
vn 0.000000 1.000000 0.000000
vn 0.000000 1.000000 0.000000
vn 0.000000 1.000000 0.000000
vn 0.000000 1.000000 0.000000
vn 0.000000 1.000000 0.000000
vn 0.000000 1.000000 0.000000
vn 0.000000 1.000000 0.000000
vn 0.000000 1.000000 0.000000
vn 0.000000 1.000000 0.000000
vn 0.000000 1.000000 0.000000
vn 0.000000 1.000000 0.000000
vn 0.000000 1.000000 0.000000
vn 0.000000 1.000000 0.000000
vn 0.000000 1.000000 0.000000
vn 0.000000 1.000000 0.000000
vn 0.000000 1.000000 0.000000
vn 0.000000 1.000000 0.000000
vn 0.000000 1.000000 0.000000
vn 0.000000 1.000000 0.000000
vn 0.000000 1.000000 0.000000
vn 0.000000 1.000000 0.000000
vn 0.000000 1.000000 0.000000
vn 0.000000 1.000000 0.000000
vn 0.000000 1.000000 0.000000
vn 0.000000 1.000000 0.000000
vn 0.000000 1.000000 0.000000
vn 0.000000 1.000000 0.000000
vn 0.000000 1.000000 0.000000
vn 0.000000 1.000000 0.000000
vn 0.000000 1.000000 0.000000
vn 0.000000 1.000000 0.000000
vn 0.000000 1.000000 0.000000
vn 0.000000 1.000000 0.000000
vn 0.000000 1.000000 0.000000
vn 0.000000 1.000000 0.000000
vn 0.000000 1.000000 0.000000
vn 0.000000 1.000000 0.000000
vn 0.000000 1.000000 0.000000
vn 0.000000 1.000000 0.000000
vn 0.000000 1.000000 0.000000
vn 0.000000 1.000000 0.000000
vn 0.000000 1.000000 0.000000
vn 0.000000 1.000000 0.000000
vn 0.000000 1.000000 0.000000
vn 0.000000 1.000000 0.000000
vn 0.000000 1.000000 0.000000
vn 0.000000 1.000000 0.000000
vn 0.000000 1.000000 0.000000
vn 0.000000 1.000000 0.000000
vn 0.000000 1.000000 0.000000
vn 0.000000 1.000000 0.000000
vn 0.000000 1.000000 0.000000
vn 0.000000 1.000000 0.000000
vn 0.000000 1.000000 0.000000
vn 0.000000 1.000000 0.000000
vn 0.000000 1.000000 0.000000
vn 0.000000 1.000000 0.000000
vn 0.000000 1.000000 0.000000
vn 0.000000 1.000000 0.000000
vn 0.000000 1.000000 0.000000
vn 0.000000 1.000000 0.000000
vn 0.000000 1.000000 0.000000
vn 0.000000 1.000000 0.000000
vn 0.000000 1.000000 0.000000
vn 0.000000 1.000000 0.000000
vn 0.000000 1.000000 0.000000
vn 0.000000 1.000000 0.000000
vn 0.000000 1.000000 0.000000
vn 0.000000 1.000000 0.000000
vn 0.000000 1.000000 0.000000
vn 0.000000 1.000000 0.000000
vn 0.000000 1.000000 0.000000
vn 0.000000 1.000000 0.000000
vn 0.000000 1.000000 0.000000
vn 0.000000 1.000000 0.000000
vn 0.000000 1.000000 0.000000
vn 0.000000 1.000000 0.000000
vn 0.000000 1.000000 0.000000
vn 0.000000 1.000000 0.000000
vn 0.000000 1.000000 0.000000
vn 0.000000 1.000000 0.000000
vn 0.000000 1.000000 0.000000
vn 0.000000 1.000000 0.000000
vn 0.000000 1.000000 0.000000
vn 0.000000 1.000000 0.000000
vn 0.000000 1.000000 0.000000
vn 0.000000 1.000000 0.000000
vn 0.000000 1.000000 0.000000
vn 0.000000 1.000000 0.000000
vn 0.000000 1.000000 0.000000
vn 0.000000 1.000000 0.000000
vn 0.000000 1.000000 0.000000
vn 0.000000 1.000000 0.000000
vn 0.000000 1.000000 0.000000
vn 0.000000 1.000000 0.000000
vn 0.000000 1.000000 0.000000
vn 0.000000 1.000000 0.000000
vn 0.000000 1.000000 0.000000
vn 0.000000 1.000000 0.000000
vn 0.000000 1.000000 0.000000
vn 0.000000 1.000000 0.000000
vn 0.000000 1.000000 0.000000
vn 0.000000 1.000000 0.000000
vn 0.000000 1.000000 0.000000
vn 0.000000 1.000000 0.000000
vn 0.000000 1.000000 0.000000
vn 0.000000 1.000000 0.000000
vn 0.000000 1.000000 0.000000
vn 0.000000 1.000000 0.000000
vn 0.000000 1.000000 0.000000
vn 0.000000 1.000000 0.000000
vn 0.000000 1.000000 0.000000
vn 0.000000 1.000000 0.000000
vn 0.000000 1.000000 0.000000
vn 0.000000 1.000000 0.000000
vn 0.000000 1.000000 0.000000
vn 0.000000 1.000000 0.000000
vn 0.000000 1.000000 0.000000
vn 0.000000 1.000000 0.000000
vn 0.000000 1.000000 0.000000
vn 0.000000 1.000000 0.000000
vn 0.000000 1.000000 0.000000
vn 0.000000 1.000000 0.000000
vn 0.000000 1.000000 0.000000
vn 0.000000 1.000000 0.000000
vn 0.000000 1.000000 0.000000
vn 0.000000 1.000000 0.000000
vn 0.000000 1.000000 0.000000
vn 0.000000 1.000000 0.000000
vn 0.000000 1.000000 0.000000
vn 0.000000 1.000000 0.000000
vn 0.000000 1.000000 0.000000
vn 0.000000 1.000000 0.000000
vn 0.000000 1.000000 0.000000
vn 0.000000 1.000000 0.000000
vn 0.000000 1.000000 0.000000
vn 0.000000 1.000000 0.000000
vn 0.000000 1.000000 0.000000
vn 0.000000 1.000000 0.000000
vn 0.000000 1.000000 0.000000
vn 0.000000 1.000000 0.000000
vn 0.000000 1.000000 0.000000
vn 0.000000 1.000000 0.000000
vn 0.000000 1.000000 0.000000
vn 0.000000 1.000000 0.000000
vn 0.000000 1.000000 0.000000
vn 0.000000 1.000000 0.000000
vn 0.000000 1.000000 0.000000
vn 0.000000 1.000000 0.000000
vn 0.000000 1.000000 0.000000
vn 0.000000 1.000000 0.000000
vn 0.000000 1.000000 0.000000
vn 0.000000 1.000000 0.000000
vn 0.000000 1.000000 0.000000
vn 0.000000 1.000000 0.000000
vn 0.000000 1.000000 0.000000
vn 0.000000 1.000000 0.000000
vn 0.000000 1.000000 0.000000
vn 0.000000 1.000000 0.000000
vn 0.000000 1.000000 0.000000
vn 0.000000 1.000000 0.000000
vn 0.000000 1.000000 0.000000
vn 0.000000 1.000000 0.000000
vn 0.000000 1.000000 0.000000
vn 0.000000 1.000000 0.000000
vn 0.000000 1.000000 0.000000
vn 0.000000 1.000000 0.000000
vn 0.000000 1.000000 0.000000
vn 0.000000 1.000000 0.000000
vn 0.000000 1.000000 0.000000
vn 0.000000 1.000000 0.000000
vn 0.000000 1.000000 0.000000
vn 0.000000 1.000000 0.000000
vn 0.000000 1.000000 0.000000
vn 0.000000 1.000000 0.000000
vn 0.000000 1.000000 0.000000
vn 0.000000 1.000000 0.000000
vn 0.000000 1.000000 0.000000
vn 0.000000 1.000000 0.000000
vn 0.000000 1.000000 0.000000
vn 0.000000 1.000000 0.000000
vn 0.000000 1.000000 0.000000
vn 0.000000 1.000000 0.000000
vn 0.000000 1.000000 0.000000
vn 0.000000 1.000000 0.000000
vn 0.000000 1.000000 0.000000
vn 0.000000 1.000000 0.000000
vn 0.000000 1.000000 0.000000
vn 0.000000 1.000000 0.000000
vn 0.000000 1.000000 0.000000
vn 0.000000 1.000000 0.000000
vn 0.000000 1.000000 0.000000
vn 0.000000 1.000000 0.000000
vn 0.000000 1.000000 0.000000
vn 0.000000 1.000000 0.000000
vn 0.000000 1.000000 0.000000
vn 0.000000 1.000000 0.000000
vn 0.000000 1.000000 0.000000
vn 0.000000 1.000000 0.000000
vn 0.000000 1.000000 0.000000
vn 0.000000 1.000000 0.000000
vn 0.000000 1.000000 0.000000
vn 0.000000 1.000000 0.000000
vn 0.000000 1.000000 0.000000
vn 0.000000 1.000000 0.000000
vn 0.000000 1.000000 0.000000
vn 0.000000 1.000000 0.000000
vn 0.000000 1.000000 0.000000
vn 0.000000 1.000000 0.000000
vn 0.000000 1.000000 0.000000
vn 0.000000 1.000000 0.000000
vn 0.000000 1.000000 0.000000
vn 0.000000 1.000000 0.000000
vn 0.000000 1.000000 0.000000
vn 0.000000 1.000000 0.000000
vn 0.000000 1.000000 0.000000
vn 0.000000 1.000000 0.000000
vn 0.000000 1.000000 0.000000
vn 0.000000 1.000000 0.000000
vn 0.000000 1.000000 0.000000
vn 0.000000 1.000000 0.000000
vn 0.000000 1.000000 0.000000
vn 0.000000 1.000000 0.000000
vn 0.000000 1.000000 0.000000
vn 0.000000 1.000000 0.000000
vn 0.000000 1.000000 0.000000
vn 0.000000 1.000000 0.000000
vn 0.000000 1.000000 0.000000
vn 0.000000 1.000000 0.000000
vn 0.000000 1.000000 0.000000
vn 0.000000 1.000000 0.000000
vn 0.000000 1.000000 0.000000
vn 0.000000 1.000000 0.000000
vn 0.000000 1.000000 0.000000
vn 0.000000 1.000000 0.000000
vn 0.000000 1.000000 0.000000
vn 0.000000 1.000000 0.000000
vn 0.000000 1.000000 0.000000
vn 0.000000 1.000000 0.000000
vn 0.000000 1.000000 0.000000
vn 0.000000 1.000000 0.000000
vn 0.000000 1.000000 0.000000
vn 0.000000 1.000000 0.000000
vn 0.000000 1.000000 0.000000
vn 0.000000 1.000000 0.000000
vn 0.000000 1.000000 0.000000
vn 0.000000 1.000000 0.000000
vn 0.000000 1.000000 0.000000
vn 0.000000 1.000000 0.000000
vn 0.000000 1.000000 0.000000
vn 0.000000 1.000000 0.000000
vn 0.000000 1.000000 0.000000
vn 0.000000 1.000000 0.000000
vn 0.000000 1.000000 0.000000
vn 0.000000 1.000000 0.000000
vn 0.000000 1.000000 0.000000
vn 0.000000 1.000000 0.000000
vn 0.000000 1.000000 0.000000
vn 0.000000 1.000000 0.000000
vn 0.000000 1.000000 0.000000
vn 0.000000 1.000000 0.000000
vn 0.000000 1.000000 0.000000
vn 0.000000 1.000000 0.000000
vn 0.000000 1.000000 0.000000
vn 0.000000 1.000000 0.000000
vn 0.000000 1.000000 0.000000
vn 0.000000 1.000000 0.000000
vn 0.000000 1.000000 0.000000
vn 0.000000 1.000000 0.000000
vn 0.000000 1.000000 0.000000
vn 0.000000 1.000000 0.000000
vn 0.000000 1.000000 0.000000
vn 0.000000 1.000000 0.000000
vn 0.000000 1.000000 0.000000
vn 0.000000 1.000000 0.000000
vn 0.000000 1.000000 0.000000
vn 0.000000 1.000000 0.000000
vn 0.000000 1.000000 0.000000
vn 0.000000 1.000000 0.000000
vn 0.000000 1.000000 0.000000
vn 0.000000 1.000000 0.000000
vn 0.000000 1.000000 0.000000
vn 0.000000 1.000000 0.000000
vn 0.000000 1.000000 0.000000
vn 0.000000 1.000000 0.000000
vn 0.000000 1.000000 0.000000
vn 0.000000 1.000000 0.000000
vn 0.000000 1.000000 0.000000
vn 0.000000 1.000000 0.000000
vn 0.000000 1.000000 0.000000
vn 0.000000 1.000000 0.000000
vn 0.000000 1.000000 0.000000
vn 0.000000 1.000000 0.000000
vn 0.000000 1.000000 0.000000
vn 0.000000 1.000000 0.000000
vn 0.000000 1.000000 0.000000
vn 0.000000 1.000000 0.000000
vn 0.000000 1.000000 0.000000
vn 0.000000 1.000000 0.000000
vn 0.000000 1.000000 0.000000
vn 0.000000 1.000000 0.000000
vn 0.000000 1.000000 0.000000
vn 0.000000 1.000000 0.000000
vn 0.000000 1.000000 0.000000
vn 0.000000 1.000000 0.000000
vn 0.000000 1.000000 0.000000
vn 0.000000 1.000000 0.000000
vn 0.000000 1.000000 0.000000
vn 0.000000 1.000000 0.000000
vn 0.000000 1.000000 0.000000
vn 0.000000 1.000000 0.000000
vn 0.000000 1.000000 0.000000
vn 0.000000 1.000000 0.000000
vn 0.000000 1.000000 0.000000
vn 0.000000 1.000000 0.000000
vn 0.000000 1.000000 0.000000
vn 0.000000 1.000000 0.000000
vn 0.000000 1.000000 0.000000
vn 0.000000 1.000000 0.000000
vn 0.000000 1.000000 0.000000
vn 0.000000 1.000000 0.000000
vn 0.000000 1.000000 0.000000
vn 0.000000 1.000000 0.000000
vn 0.000000 1.000000 0.000000
vn 0.000000 1.000000 0.000000
vn 0.000000 1.000000 0.000000
vn 0.000000 1.000000 0.000000
vn 0.000000 1.000000 0.000000
vn 0.000000 1.000000 0.000000
vn 0.000000 1.000000 0.000000
vn 0.000000 1.000000 0.000000
vn 0.000000 1.000000 0.000000
vn 0.000000 1.000000 0.000000
vn 0.000000 1.000000 0.000000
vn 0.000000 1.000000 0.000000
vn 0.000000 1.000000 0.000000
vn 0.000000 1.000000 0.000000
vn 0.000000 1.000000 0.000000
vn 0.000000 1.000000 0.000000
vn 0.000000 1.000000 0.000000
vn 0.000000 1.000000 0.000000
vn 0.000000 1.000000 0.000000
vn 0.000000 1.000000 0.000000
vn 0.000000 1.000000 0.000000
vn 0.000000 1.000000 0.000000
vn 0.000000 1.000000 0.000000
vn 0.000000 1.000000 0.000000
vn 0.000000 1.000000 0.000000
vn 0.000000 1.000000 0.000000
vn 0.000000 1.000000 0.000000
vn 0.000000 1.000000 0.000000
vn 0.000000 1.000000 0.000000
vn 0.000000 1.000000 0.000000
vn 0.000000 1.000000 0.000000
vn 0.000000 1.000000 0.000000
vn 0.000000 1.000000 0.000000
vn 0.000000 1.000000 0.000000
vn 0.000000 1.000000 0.000000
vn 0.000000 1.000000 0.000000
vn 0.000000 1.000000 0.000000
vn 0.000000 1.000000 0.000000
vn 0.000000 1.000000 0.000000
vn 0.000000 1.000000 0.000000
vn 0.000000 1.000000 0.000000
vn 0.000000 1.000000 0.000000
vn 0.000000 1.000000 0.000000
vn 0.000000 1.000000 0.000000
vn 0.000000 1.000000 0.000000
vn 0.000000 1.000000 0.000000
vn 0.000000 1.000000 0.000000
vn 0.000000 1.000000 0.000000
vn 0.000000 1.000000 0.000000
vn 0.000000 1.000000 0.000000
vn 0.000000 1.000000 0.000000
vn 0.000000 1.000000 0.000000
vn 0.000000 1.000000 0.000000
vn 0.000000 1.000000 0.000000
vn 0.000000 1.000000 0.000000
vn 0.000000 1.000000 0.000000
vn 0.000000 1.000000 0.000000
vn 0.000000 1.000000 0.000000
vn 0.000000 1.000000 0.000000
vn 0.000000 1.000000 0.000000
vn 0.000000 1.000000 0.000000
vn 0.000000 1.000000 0.000000
vn 0.000000 1.000000 0.000000
vn 0.000000 1.000000 0.000000
vn 0.000000 1.000000 0.000000
vn 0.000000 1.000000 0.000000
vn 0.000000 1.000000 0.000000
vn 0.000000 1.000000 0.000000
vn 0.000000 1.000000 0.000000
vn 0.000000 1.000000 0.000000
vn 0.000000 1.000000 0.000000
vn 0.000000 1.000000 0.000000
vn 0.000000 1.000000 0.000000
vn 0.000000 1.000000 0.000000
vn 0.000000 1.000000 0.000000
vn 0.000000 1.000000 0.000000
vn 0.000000 1.000000 0.000000
vn 0.000000 1.000000 0.000000
vn 0.000000 1.000000 0.000000
vn 0.000000 1.000000 0.000000
vn 0.000000 1.000000 0.000000
vn 0.000000 1.000000 0.000000
vn 0.000000 1.000000 0.000000
vn 0.000000 1.000000 0.000000
vn 0.000000 1.000000 0.000000
vn 0.000000 1.000000 0.000000
vn 0.000000 1.000000 0.000000
vn 0.000000 1.000000 0.000000
vn 0.000000 1.000000 0.000000
vn 0.000000 1.000000 0.000000
vn 0.000000 1.000000 0.000000
vn 0.000000 1.000000 0.000000
vn 0.000000 1.000000 0.000000
vn 0.000000 1.000000 0.000000
vn 0.000000 1.000000 0.000000
vn 0.000000 1.000000 0.000000
vn 0.000000 1.000000 0.000000
vn 0.000000 1.000000 0.000000
vn 0.000000 1.000000 0.000000
vn 0.000000 1.000000 0.000000
vn 0.000000 1.000000 0.000000
vn 0.000000 1.000000 0.000000
vn 0.000000 1.000000 0.000000
vn 0.000000 1.000000 0.000000
vn 0.000000 1.000000 0.000000
vn 0.000000 1.000000 0.000000
vn 0.000000 1.000000 0.000000
vn 0.000000 1.000000 0.000000
vn 0.000000 1.000000 0.000000
vn 0.000000 1.000000 0.000000
vn 0.000000 1.000000 0.000000
vn 0.000000 1.000000 0.000000
vn 0.000000 1.000000 0.000000
vn 0.000000 1.000000 0.000000
vn 0.000000 1.000000 0.000000
vn 0.000000 1.000000 0.000000
vn 0.000000 1.000000 0.000000
vn 0.000000 1.000000 0.000000
vn 0.000000 1.000000 0.000000
vn 0.000000 1.000000 0.000000
vn 0.000000 1.000000 0.000000
vn 0.000000 1.000000 0.000000
vn 0.000000 1.000000 0.000000
vn 0.000000 1.000000 0.000000
vn 0.000000 1.000000 0.000000
vn 0.000000 1.000000 0.000000
vn 0.000000 1.000000 0.000000
vn 0.000000 1.000000 0.000000
vn 0.000000 1.000000 0.000000
vn 0.000000 1.000000 0.000000
vn 0.000000 1.000000 0.000000
vn 0.000000 1.000000 0.000000
vn 0.000000 1.000000 0.000000
vn 0.000000 1.000000 0.000000
vn 0.000000 1.000000 0.000000
vn 0.000000 1.000000 0.000000
vn 0.000000 1.000000 0.000000
vn 0.000000 1.000000 0.000000
vn 0.000000 1.000000 0.000000
vn 0.000000 1.000000 0.000000
vn 0.000000 1.000000 0.000000
vn 0.000000 1.000000 0.000000
vn 0.000000 1.000000 0.000000
vn 0.000000 1.000000 0.000000
vn 0.000000 1.000000 0.000000
vn 0.000000 1.000000 0.000000
vn 0.000000 1.000000 0.000000
vn 0.000000 1.000000 0.000000
vn 0.000000 1.000000 0.000000
vn 0.000000 1.000000 0.000000
vn 0.000000 1.000000 0.000000
vn 0.000000 1.000000 0.000000
vn 0.000000 1.000000 0.000000
vn 0.000000 1.000000 0.000000
vn 0.000000 1.000000 0.000000
vn 0.000000 1.000000 0.000000
vn 0.000000 1.000000 0.000000
vn 0.000000 1.000000 0.000000
vn 0.000000 1.000000 0.000000
vn 0.000000 1.000000 0.000000
vn 0.000000 1.000000 0.000000
vn 0.000000 1.000000 0.000000
vn 0.000000 1.000000 0.000000
vn 0.000000 1.000000 0.000000
vn 0.000000 1.000000 0.000000
vn 0.000000 1.000000 0.000000
vn 0.000000 1.000000 0.000000
vn 0.000000 1.000000 0.000000
vn 0.000000 1.000000 0.000000
vn 0.000000 1.000000 0.000000
vn 0.000000 1.000000 0.000000
vn 0.000000 1.000000 0.000000
vn 0.000000 1.000000 0.000000
vn 0.000000 1.000000 0.000000
vn 0.000000 1.000000 0.000000
vn 0.000000 1.000000 0.000000
vn 0.000000 1.000000 0.000000
vn 0.000000 1.000000 0.000000
vn 0.000000 1.000000 0.000000
vn 0.000000 1.000000 0.000000
vn 0.000000 1.000000 0.000000
vn 0.000000 1.000000 0.000000
vn 0.000000 1.000000 0.000000
vn 0.000000 1.000000 0.000000
vn 0.000000 1.000000 0.000000
vn 0.000000 1.000000 0.000000
vn 0.000000 1.000000 0.000000
vn 0.000000 1.000000 0.000000
vn 0.000000 1.000000 0.000000
vn 0.000000 1.000000 0.000000
vn 0.000000 1.000000 0.000000
vn 0.000000 1.000000 0.000000
vn 0.000000 1.000000 0.000000
vn 0.000000 1.000000 0.000000
vn 0.000000 1.000000 0.000000
vn 0.000000 1.000000 0.000000
vn 0.000000 1.000000 0.000000
vn 0.000000 1.000000 0.000000
vn 0.000000 1.000000 0.000000
vn 0.000000 1.000000 0.000000
vn 0.000000 1.000000 0.000000
vn 0.000000 1.000000 0.000000
vn 0.000000 1.000000 0.000000
vn 0.000000 1.000000 0.000000
vn 0.000000 1.000000 0.000000
vn 0.000000 1.000000 0.000000
vn 0.000000 1.000000 0.000000
vn 0.000000 1.000000 0.000000
vn 0.000000 1.000000 0.000000
vn 0.000000 1.000000 0.000000
vn 0.000000 1.000000 0.000000
vn 0.000000 1.000000 0.000000
vn 0.000000 1.000000 0.000000
vn 0.000000 1.000000 0.000000
vn 0.000000 1.000000 0.000000
vn 0.000000 1.000000 0.000000
vn 0.000000 1.000000 0.000000
vn 0.000000 1.000000 0.000000
vn 0.000000 1.000000 0.000000
vn 0.000000 1.000000 0.000000
vn 0.000000 1.000000 0.000000
vn 0.000000 1.000000 0.000000
vn 0.000000 1.000000 0.000000
vn 0.000000 1.000000 0.000000
vn 0.000000 1.000000 0.000000
vn 0.000000 1.000000 0.000000
vn 0.000000 1.000000 0.000000
vn 0.000000 1.000000 0.000000
vn 0.000000 1.000000 0.000000
vn 0.000000 1.000000 0.000000
vn 0.000000 1.000000 0.000000
vn 0.000000 1.000000 0.000000
vn 0.000000 1.000000 0.000000
vn 0.000000 1.000000 0.000000
vn 0.000000 1.000000 0.000000
vn 0.000000 1.000000 0.000000
vn 0.000000 1.000000 0.000000
vn 0.000000 1.000000 0.000000
vn 0.000000 1.000000 0.000000
vn 0.000000 1.000000 0.000000
vn 0.000000 1.000000 0.000000
vn 0.000000 1.000000 0.000000
vn 0.000000 1.000000 0.000000
vn 0.000000 1.000000 0.000000
vn 0.000000 1.000000 0.000000
vn 0.000000 1.000000 0.000000
vn 0.000000 1.000000 0.000000
vn 0.000000 1.000000 0.000000
vn 0.000000 1.000000 0.000000
vn 0.000000 1.000000 0.000000
vn 0.000000 1.000000 0.000000
vn 0.000000 1.000000 0.000000
vn 0.000000 1.000000 0.000000
vn 0.000000 1.000000 0.000000
vn 0.000000 1.000000 0.000000
vn 0.000000 1.000000 0.000000
vn 0.000000 1.000000 0.000000
vn 0.000000 1.000000 0.000000
vn 0.000000 1.000000 0.000000
vn 0.000000 1.000000 0.000000
vn 0.000000 1.000000 0.000000
vn 0.000000 1.000000 0.000000
vn 0.000000 1.000000 0.000000
vn 0.000000 1.000000 0.000000
vn 0.000000 1.000000 0.000000
vn 0.000000 1.000000 0.000000
vn 0.000000 1.000000 0.000000
vn 0.000000 1.000000 0.000000
vn 0.000000 1.000000 0.000000
vn 0.000000 1.000000 0.000000
vn 0.000000 1.000000 0.000000
vn 0.000000 1.000000 0.000000
vn 0.000000 1.000000 0.000000
vn 0.000000 1.000000 0.000000
vn 0.000000 1.000000 0.000000
vn 0.000000 1.000000 0.000000
vn 0.000000 1.000000 0.000000
vn 0.000000 1.000000 0.000000
vn 0.000000 1.000000 0.000000
vn 0.000000 1.000000 0.000000
vn 0.000000 1.000000 0.000000
vn 0.000000 1.000000 0.000000
vn 0.000000 1.000000 0.000000
vn 0.000000 1.000000 0.000000
vn 0.000000 1.000000 0.000000
vn 0.000000 1.000000 0.000000
vn 0.000000 1.000000 0.000000
vn 0.000000 1.000000 0.000000
vn 0.000000 1.000000 0.000000
vn 0.000000 1.000000 0.000000
vn 0.000000 1.000000 0.000000
vn 0.000000 1.000000 0.000000
vn 0.000000 1.000000 0.000000
vn 0.000000 1.000000 0.000000
vn 0.000000 1.000000 0.000000
vn 0.000000 1.000000 0.000000
vn 0.000000 1.000000 0.000000
vn 0.000000 1.000000 0.000000
vn 0.000000 1.000000 0.000000
vn 0.000000 1.000000 0.000000
vn 0.000000 1.000000 0.000000
vn 0.000000 1.000000 0.000000
vn 0.000000 1.000000 0.000000
vn 0.000000 1.000000 0.000000
vn 0.000000 1.000000 0.000000
vn 0.000000 1.000000 0.000000
vn 0.000000 1.000000 0.000000
vn 0.000000 1.000000 0.000000
vn 0.000000 1.000000 0.000000
vn 0.000000 1.000000 0.000000
vn 0.000000 1.000000 0.000000
vn 0.000000 1.000000 0.000000
vn 0.000000 1.000000 0.000000
vn 0.000000 1.000000 0.000000
vn 0.000000 1.000000 0.000000
vn 0.000000 1.000000 0.000000
vn 0.000000 1.000000 0.000000
vn 0.000000 1.000000 0.000000
vn 0.000000 1.000000 0.000000
vn 0.000000 1.000000 0.000000
vn 0.000000 1.000000 0.000000
vn 0.000000 1.000000 0.000000
vn 0.000000 1.000000 0.000000
vn 0.000000 1.000000 0.000000
vn 0.000000 1.000000 0.000000
vn 0.000000 1.000000 0.000000
vn 0.000000 1.000000 0.000000
vn 0.000000 1.000000 0.000000
vn 0.000000 1.000000 0.000000
vn 0.000000 1.000000 0.000000
vn 0.000000 1.000000 0.000000
vn 0.000000 1.000000 0.000000
vn 0.000000 1.000000 0.000000
vn 0.000000 1.000000 0.000000
vn 0.000000 1.000000 0.000000
vn 0.000000 1.000000 0.000000
vn 0.000000 1.000000 0.000000
vn 0.000000 1.000000 0.000000
vn 0.000000 1.000000 0.000000
vn 0.000000 1.000000 0.000000
vn 0.000000 1.000000 0.000000
vn 0.000000 1.000000 0.000000
vn 0.000000 1.000000 0.000000
vn 0.000000 1.000000 0.000000
vn 0.000000 1.000000 0.000000
vn 0.000000 1.000000 0.000000
vn 0.000000 1.000000 0.000000
vn 0.000000 1.000000 0.000000
vn 0.000000 1.000000 0.000000
vn 0.000000 1.000000 0.000000
vn 0.000000 1.000000 0.000000
vn 0.000000 1.000000 0.000000
vn 0.000000 1.000000 0.000000
vn 0.000000 1.000000 0.000000
vn 0.000000 1.000000 0.000000
vn 0.000000 1.000000 0.000000
vn 0.000000 1.000000 0.000000
vn 0.000000 1.000000 0.000000
vn 0.000000 1.000000 0.000000
vn 0.000000 1.000000 0.000000
vn 0.000000 1.000000 0.000000
vn 0.000000 1.000000 0.000000
vn 0.000000 1.000000 0.000000
vn 0.000000 1.000000 0.000000
vn 0.000000 1.000000 0.000000
vn 0.000000 1.000000 0.000000
vn 0.000000 1.000000 0.000000
vn 0.000000 1.000000 0.000000
vn 0.000000 1.000000 0.000000
vn 0.000000 1.000000 0.000000
vn 0.000000 1.000000 0.000000
vn 0.000000 1.000000 0.000000
vn 0.000000 1.000000 0.000000
vn 0.000000 1.000000 0.000000
vn 0.000000 1.000000 0.000000
vn 0.000000 1.000000 0.000000
vn 0.000000 1.000000 0.000000
vn 0.000000 1.000000 0.000000
vn 0.000000 1.000000 0.000000
vn 0.000000 1.000000 0.000000
vn 0.000000 1.000000 0.000000
vn 0.000000 1.000000 0.000000
vn 0.000000 1.000000 0.000000
vn 0.000000 1.000000 0.000000
vn 0.000000 1.000000 0.000000
vn 0.000000 1.000000 0.000000
vn 0.000000 1.000000 0.000000
vn 0.000000 1.000000 0.000000
vn 0.000000 1.000000 0.000000
vn 0.000000 1.000000 0.000000
vn 0.000000 1.000000 0.000000
vn 0.000000 1.000000 0.000000
vn 0.000000 1.000000 0.000000
vn 0.000000 1.000000 0.000000
vn 0.000000 1.000000 0.000000
vn 0.000000 1.000000 0.000000
vn 0.000000 1.000000 0.000000
vn 0.000000 1.000000 0.000000
vn 0.000000 1.000000 0.000000
vn 0.000000 1.000000 0.000000
vn 0.000000 1.000000 0.000000
vn 0.000000 1.000000 0.000000
vn 0.000000 1.000000 0.000000
vn 0.000000 1.000000 0.000000
vn 0.000000 1.000000 0.000000
vn 0.000000 1.000000 0.000000
vn 0.000000 1.000000 0.000000
vn 0.000000 1.000000 0.000000
vn 0.000000 1.000000 0.000000
vn 0.000000 1.000000 0.000000
vn 0.000000 1.000000 0.000000
vn 0.000000 1.000000 0.000000
vn 0.000000 1.000000 0.000000
vn 0.000000 1.000000 0.000000
vn 0.000000 1.000000 0.000000
vn 0.000000 1.000000 0.000000
vn 0.000000 1.000000 0.000000
vn 0.000000 1.000000 0.000000
vn 0.000000 1.000000 0.000000
vn 0.000000 1.000000 0.000000
vn 0.000000 1.000000 0.000000
vn 0.000000 1.000000 0.000000
vn 0.000000 1.000000 0.000000
vn 0.000000 1.000000 0.000000
vn 0.000000 1.000000 0.000000
vn 0.000000 1.000000 0.000000
vn 0.000000 1.000000 0.000000
vn 0.000000 1.000000 0.000000
vn 0.000000 1.000000 0.000000
vn 0.000000 1.000000 0.000000
vn 0.000000 1.000000 0.000000
vn 0.000000 1.000000 0.000000
vn 0.000000 1.000000 0.000000
vn 0.000000 1.000000 0.000000
vn 0.000000 1.000000 0.000000
vn 0.000000 1.000000 0.000000
vn 0.000000 1.000000 0.000000
vn 0.000000 1.000000 0.000000
vn 0.000000 1.000000 0.000000
vn 0.000000 1.000000 0.000000
vn 0.000000 1.000000 0.000000
vn 0.000000 1.000000 0.000000
vn 0.000000 1.000000 0.000000
vn 0.000000 1.000000 0.000000
vn 0.000000 1.000000 0.000000
vn 0.000000 1.000000 0.000000
vn 0.000000 1.000000 0.000000
vn 0.000000 1.000000 0.000000
vn 0.000000 1.000000 0.000000
vn 0.000000 1.000000 0.000000
vn 0.707107 0.000000 -0.707107
vn 0.707107 0.000000 -0.707107
vn 0.000000 0.000000 -1.000000
vn -0.707107 0.000000 -0.707107
vn 0.557190 0.000000 -0.830385
vn 0.382690 0.000000 -0.923877
vn 0.193192 0.000000 -0.981161
vn -0.193307 0.000000 -0.981138
vn -0.382690 0.000000 -0.923877
vn -0.557190 0.000000 -0.830385
vn -0.707107 0.000000 -0.707107
vn -0.557190 0.000000 -0.830385
vn -0.382690 0.000000 -0.923877
vn -0.193307 0.000000 -0.981138
vn 0.000000 0.000000 -1.000000
vn 0.193192 0.000000 -0.981161
vn 0.382690 0.000000 -0.923877
vn 0.557190 0.000000 -0.830385
vn -0.707107 0.000000 -0.707107
vn -0.707107 0.000000 -0.707107
vn -0.707107 0.000000 -0.707107
vn -0.707107 0.000000 -0.707107
vn 0.000000 0.000000 -1.000000
vn 0.000000 0.000000 -1.000000
vn 0.000000 0.000000 -1.000000
vn 0.000000 0.000000 -1.000000
vn -1.000000 0.000000 0.000000
vn -1.000000 0.000000 0.000000
vn -1.000000 0.000000 0.000000
vn -1.000000 0.000000 0.000000
vn 0.000000 0.000000 -1.000000
vn 0.000000 0.000000 -1.000000
vn 0.000000 0.000000 -1.000000
vn 0.000000 0.000000 -1.000000
vn 1.000000 0.000000 0.000000
vn 1.000000 0.000000 0.000000
vn 1.000000 0.000000 0.000000
vn 1.000000 0.000000 0.000000
vn 0.000000 0.000000 -1.000000
vn 0.000000 0.000000 -1.000000
vn -1.000000 0.000000 0.000000
vn -1.000000 0.000000 0.000000
vn -0.182000 0.000000 -0.983299
vn -0.368095 0.000000 -0.929788
vn -0.547201 0.000000 -0.837001
vn -0.707107 0.000000 -0.707107
vn -0.837001 0.000000 -0.547201
vn -0.929788 0.000000 -0.368095
vn -0.983299 0.000000 -0.182000
vn -0.983299 0.000000 -0.182000
vn -0.929788 0.000000 -0.368095
vn -0.837001 0.000000 -0.547201
vn -0.707107 0.000000 -0.707107
vn -0.547201 0.000000 -0.837001
vn -0.368095 0.000000 -0.929788
vn -0.182000 0.000000 -0.983299
vn 0.000000 -0.000000 1.000000
vn 0.000000 -0.000000 1.000000
vn 0.000000 -0.000000 1.000000
vn 0.000000 -0.000000 1.000000
vn -1.000000 0.000000 0.000000
vn -1.000000 0.000000 0.000000
vn -1.000000 0.000000 0.000000
vn -1.000000 0.000000 0.000000
vn 0.000000 0.000000 -1.000000
vn 0.000000 0.000000 -1.000000
vn 0.000000 0.000000 -1.000000
vn 0.000000 0.000000 -1.000000
vn -1.000000 0.000000 0.000000
vn -1.000000 0.000000 0.000000
vn -1.000000 0.000000 0.000000
vn -1.000000 0.000000 0.000000
vn -0.707107 0.000000 -0.707107
vn -0.707107 0.000000 -0.707107
vn -0.707107 0.000000 -0.707107
vn -0.707107 0.000000 -0.707107
vn -0.707107 0.000000 -0.707107
vn -0.707107 0.000000 -0.707107
vn -1.000000 0.000000 0.000000
vn -1.000000 0.000000 0.000000
vn -0.707107 -0.000000 0.707107
vn -0.707107 -0.000000 0.707107
vn -0.830385 0.000000 -0.557190
vn -0.923877 0.000000 -0.382690
vn -0.981161 0.000000 -0.193192
vn -0.981138 -0.000000 0.193308
vn -0.923877 -0.000000 0.382690
vn -0.830385 -0.000000 0.557190
vn -0.830385 -0.000000 0.557190
vn -0.923877 -0.000000 0.382690
vn -0.981138 -0.000000 0.193308
vn -0.981161 0.000000 -0.193192
vn -0.923877 0.000000 -0.382690
vn -0.830385 0.000000 -0.557190
vn -0.707107 -0.000000 0.707107
vn -0.707107 -0.000000 0.707107
vn -0.707107 -0.000000 0.707107
vn -0.707107 -0.000000 0.707107
vn -1.000000 0.000000 0.000000
vn -1.000000 0.000000 0.000000
vn -1.000000 0.000000 0.000000
vn -1.000000 0.000000 0.000000
vn 0.000000 -0.000000 1.000000
vn 0.000000 -0.000000 1.000000
vn 0.000000 -0.000000 1.000000
vn 0.000000 -0.000000 1.000000
vn -1.000000 0.000000 0.000000
vn -1.000000 0.000000 0.000000
vn -1.000000 0.000000 0.000000
vn -1.000000 0.000000 0.000000
vn 0.000000 0.000000 -1.000000
vn 0.000000 0.000000 -1.000000
vn 0.000000 0.000000 -1.000000
vn 0.000000 0.000000 -1.000000
vn -1.000000 0.000000 0.000000
vn -1.000000 0.000000 0.000000
vn -0.983299 -0.000000 0.182000
vn -0.929788 -0.000000 0.368095
vn -0.837001 -0.000000 0.547201
vn -0.707107 -0.000000 0.707107
vn -0.547201 -0.000000 0.837001
vn -0.368095 -0.000000 0.929788
vn -0.182000 -0.000000 0.983299
vn -0.182000 -0.000000 0.983299
vn -0.368095 -0.000000 0.929788
vn -0.547201 -0.000000 0.837001
vn -0.707107 -0.000000 0.707107
vn -0.837001 -0.000000 0.547201
vn -0.929788 -0.000000 0.368095
vn -0.983299 -0.000000 0.182000
vn 1.000000 0.000000 0.000000
vn 1.000000 0.000000 0.000000
vn 1.000000 0.000000 0.000000
vn 1.000000 0.000000 0.000000
vn 0.000000 -0.000000 1.000000
vn 0.000000 -0.000000 1.000000
vn 0.000000 -0.000000 1.000000
vn 0.000000 -0.000000 1.000000
vn -1.000000 0.000000 0.000000
vn -1.000000 0.000000 0.000000
vn -1.000000 0.000000 0.000000
vn -1.000000 0.000000 0.000000
vn 0.000000 -0.000000 1.000000
vn 0.000000 -0.000000 1.000000
vn 0.000000 -0.000000 1.000000
vn 0.000000 -0.000000 1.000000
vn -0.707107 -0.000000 0.707107
vn -0.707107 -0.000000 0.707107
vn -0.707107 -0.000000 0.707107
vn -0.707107 -0.000000 0.707107
vn -0.707107 -0.000000 0.707107
vn -0.707107 -0.000000 0.707107
vn 0.707107 -0.000000 0.707107
vn 0.707107 -0.000000 0.707107
vn -0.557190 -0.000000 0.830385
vn -0.382690 -0.000000 0.923877
vn -0.193192 -0.000000 0.981161
vn 0.000000 -0.000000 1.000000
vn 0.193307 -0.000000 0.981138
vn 0.382690 -0.000000 0.923877
vn 0.557190 -0.000000 0.830385
vn 0.557190 -0.000000 0.830385
vn 0.382690 -0.000000 0.923877
vn 0.193307 -0.000000 0.981138
vn 0.000000 -0.000000 1.000000
vn -0.193192 -0.000000 0.981161
vn -0.382690 -0.000000 0.923877
vn -0.557190 -0.000000 0.830385
vn 0.707107 -0.000000 0.707107
vn 0.707107 -0.000000 0.707107
vn 0.707107 -0.000000 0.707107
vn 0.707107 -0.000000 0.707107
vn 0.000000 -0.000000 1.000000
vn 0.000000 -0.000000 1.000000
vn 0.000000 -0.000000 1.000000
vn 0.000000 -0.000000 1.000000
vn 1.000000 0.000000 0.000000
vn 1.000000 0.000000 0.000000
vn 1.000000 0.000000 0.000000
vn 1.000000 0.000000 0.000000
vn 0.000000 -0.000000 1.000000
vn 0.000000 -0.000000 1.000000
vn 0.000000 -0.000000 1.000000
vn 0.000000 -0.000000 1.000000
vn -1.000000 0.000000 0.000000
vn -1.000000 0.000000 0.000000
vn -1.000000 0.000000 0.000000
vn -1.000000 0.000000 0.000000
vn 0.000000 -0.000000 1.000000
vn 0.000000 -0.000000 1.000000
vn 1.000000 0.000000 0.000000
vn 1.000000 0.000000 0.000000
vn 0.182000 -0.000000 0.983299
vn 0.368095 -0.000000 0.929788
vn 0.547201 -0.000000 0.837001
vn 0.707107 -0.000000 0.707107
vn 0.837001 -0.000000 0.547201
vn 0.929788 -0.000000 0.368095
vn 0.983299 -0.000000 0.182000
vn 0.983299 -0.000000 0.182000
vn 0.929788 -0.000000 0.368095
vn 0.837001 -0.000000 0.547201
vn 0.707107 -0.000000 0.707107
vn 0.547201 -0.000000 0.837001
vn 0.368095 -0.000000 0.929788
vn 0.182000 -0.000000 0.983299
vn 0.000000 0.000000 -1.000000
vn 0.000000 0.000000 -1.000000
vn 0.000000 0.000000 -1.000000
vn 0.000000 0.000000 -1.000000
vn 1.000000 0.000000 0.000000
vn 1.000000 0.000000 0.000000
vn 1.000000 0.000000 0.000000
vn 1.000000 0.000000 0.000000
vn 0.000000 -0.000000 1.000000
vn 0.000000 -0.000000 1.000000
vn 0.000000 -0.000000 1.000000
vn 0.000000 -0.000000 1.000000
vn 1.000000 0.000000 0.000000
vn 1.000000 0.000000 0.000000
vn 1.000000 0.000000 0.000000
vn 1.000000 0.000000 0.000000
vn 0.707107 -0.000000 0.707107
vn 0.707107 -0.000000 0.707107
vn 0.707107 -0.000000 0.707107
vn 0.707107 -0.000000 0.707107
vn 0.707107 -0.000000 0.707107
vn 0.707107 -0.000000 0.707107
vn 0.707107 0.000000 -0.707107
vn 0.707107 0.000000 -0.707107
vn 0.830385 -0.000000 0.557190
vn 0.923877 -0.000000 0.382690
vn 0.981161 -0.000000 0.193192
vn 1.000000 0.000000 0.000000
vn 0.981161 0.000000 -0.193192
vn 0.923877 0.000000 -0.382690
vn 0.830385 0.000000 -0.557190
vn 0.830385 0.000000 -0.557190
vn 0.923877 0.000000 -0.382690
vn 0.981161 0.000000 -0.193192
vn 1.000000 0.000000 0.000000
vn 0.981161 -0.000000 0.193192
vn 0.923877 -0.000000 0.382690
vn 0.830385 -0.000000 0.557190
vn 0.707107 0.000000 -0.707107
vn 0.707107 0.000000 -0.707107
vn 0.707107 0.000000 -0.707107
vn 0.707107 0.000000 -0.707107
vn 1.000000 0.000000 0.000000
vn 1.000000 0.000000 0.000000
vn 1.000000 0.000000 0.000000
vn 1.000000 0.000000 0.000000
vn 0.000000 0.000000 -1.000000
vn 0.000000 0.000000 -1.000000
vn 0.000000 0.000000 -1.000000
vn 0.000000 0.000000 -1.000000
vn 1.000000 0.000000 0.000000
vn 1.000000 0.000000 0.000000
vn 1.000000 0.000000 0.000000
vn 1.000000 0.000000 0.000000
vn 0.000000 -0.000000 1.000000
vn 0.000000 -0.000000 1.000000
vn 0.000000 -0.000000 1.000000
vn 0.000000 -0.000000 1.000000
vn 1.000000 0.000000 0.000000
vn 1.000000 0.000000 0.000000
vn 0.000000 0.000000 -1.000000
vn 0.983299 0.000000 -0.182000
vn 0.929788 0.000000 -0.368095
vn 0.837001 0.000000 -0.547201
vn 0.707107 0.000000 -0.707107
vn 0.547201 0.000000 -0.837001
vn 0.368095 0.000000 -0.929788
vn 0.182000 0.000000 -0.983299
vn 0.000000 0.000000 -1.000000
vn 0.182000 0.000000 -0.983299
vn 0.368095 0.000000 -0.929788
vn 0.547201 0.000000 -0.837001
vn 0.707107 0.000000 -0.707107
vn 0.837001 0.000000 -0.547201
vn 0.929788 0.000000 -0.368095
vn 0.983299 0.000000 -0.182000
vn -1.000000 0.000000 0.000000
vn -1.000000 0.000000 0.000000
vn -1.000000 0.000000 0.000000
vn -1.000000 0.000000 0.000000
vn 0.000000 0.000000 -1.000000
vn 0.000000 0.000000 -1.000000
vn 0.000000 0.000000 -1.000000
vn 0.000000 0.000000 -1.000000
vn 1.000000 0.000000 0.000000
vn 1.000000 0.000000 0.000000
vn 1.000000 0.000000 0.000000
vn 1.000000 0.000000 0.000000
vn 0.000000 0.000000 -1.000000
vn 0.000000 0.000000 -1.000000
vn 0.000000 0.000000 -1.000000
vn 0.000000 0.000000 -1.000000
vn 0.707107 0.000000 -0.707107
vn 0.707107 0.000000 -0.707107
vn 0.707107 0.000000 -0.707107
vn 0.707107 0.000000 -0.707107
vn -0.707107 -0.000000 0.707107
vn -0.707107 -0.000000 0.707107
vn 1.000000 0.000000 0.000000
vn 1.000000 0.000000 0.000000
vn -0.477198 -0.000000 0.878796
vn -0.195097 -0.000000 0.980784
vn 0.104503 -0.000000 0.994525
vn 0.382690 -0.000000 0.923877
vn 0.629330 -0.000000 0.777138
vn 0.831511 -0.000000 0.555508
vn 0.958795 -0.000000 0.284099
vn 0.958795 -0.000000 0.284099
vn 0.831511 -0.000000 0.555508
vn 0.629330 -0.000000 0.777138
vn 0.382690 -0.000000 0.923877
vn 0.104503 -0.000000 0.994525
vn -0.195097 -0.000000 0.980784
vn -0.477198 -0.000000 0.878796
vn 1.000000 0.000000 0.000000
vn 1.000000 0.000000 0.000000
vn 1.000000 0.000000 0.000000
vn 1.000000 0.000000 0.000000
vn 1.000000 0.000000 0.000000
vn 1.000000 0.000000 0.000000
vn 1.000000 0.000000 0.000000
vn 1.000000 0.000000 0.000000
vn 0.983316 0.000000 -0.181903
vn 0.929788 0.000000 -0.368095
vn 0.837001 0.000000 -0.547201
vn 0.707107 0.000000 -0.707107
vn 0.547201 0.000000 -0.837001
vn 0.368095 0.000000 -0.929788
vn 0.182000 0.000000 -0.983299
vn 0.182000 0.000000 -0.983299
vn 0.368095 0.000000 -0.929788
vn 0.547201 0.000000 -0.837001
vn 0.707107 0.000000 -0.707107
vn 0.837001 0.000000 -0.547201
vn 0.929788 0.000000 -0.368095
vn 0.983316 0.000000 -0.181903
vn 0.000000 0.000000 -1.000000
vn 0.000000 0.000000 -1.000000
vn 0.000000 0.000000 -1.000000
vn 0.000000 0.000000 -1.000000
vn 0.000000 0.000000 -1.000000
vn 0.000000 0.000000 -1.000000
vn 0.000000 0.000000 -1.000000
vn 0.000000 0.000000 -1.000000
vn -0.707107 -0.000000 0.707107
vn -0.707107 -0.000000 0.707107
vn -0.284098 0.000000 -0.958795
vn -0.555577 0.000000 -0.831465
vn -0.777138 0.000000 -0.629331
vn -0.923877 0.000000 -0.382690
vn -0.994525 0.000000 -0.104503
vn -0.980784 -0.000000 0.195097
vn -0.878796 -0.000000 0.477198
vn -0.878796 -0.000000 0.477198
vn -0.980784 -0.000000 0.195097
vn -0.994525 0.000000 -0.104503
vn -0.923877 0.000000 -0.382690
vn -0.777138 0.000000 -0.629331
vn -0.555577 0.000000 -0.831465
vn -0.284098 0.000000 -0.958795
vn -0.707107 -0.000000 0.707107
vn -0.707107 -0.000000 0.707107
vn -0.707107 -0.000000 0.707107
vn -0.707107 -0.000000 0.707107
vn -1.000000 0.000000 0.000000
vn -1.000000 0.000000 0.000000
vn 0.000000 -0.000000 1.000000
vn 0.000000 -0.000000 1.000000
vn -0.983299 -0.000000 0.182000
vn -0.929788 -0.000000 0.368095
vn -0.837001 -0.000000 0.547201
vn -0.707107 -0.000000 0.707107
vn -0.547201 -0.000000 0.837001
vn -0.368095 -0.000000 0.929788
vn -0.181903 -0.000000 0.983316
vn -0.181903 -0.000000 0.983316
vn -0.368095 -0.000000 0.929788
vn -0.547201 -0.000000 0.837001
vn -0.707107 -0.000000 0.707107
vn -0.837001 -0.000000 0.547201
vn -0.929788 -0.000000 0.368095
vn -0.983299 -0.000000 0.182000
vn 0.000000 -0.000000 1.000000
vn 0.000000 -0.000000 1.000000
vn 0.000000 -0.000000 1.000000
vn 0.000000 -0.000000 1.000000
vn 0.000000 -0.000000 1.000000
vn 0.000000 -0.000000 1.000000
vn 0.000000 -0.000000 1.000000
vn 0.000000 -0.000000 1.000000
vn 0.707107 0.000000 -0.707107
vn 0.707107 0.000000 -0.707107
vn 0.284007 -0.000000 0.958822
vn 0.555508 -0.000000 0.831511
vn 0.777138 -0.000000 0.629331
vn 0.923912 -0.000000 0.382605
vn 0.994525 -0.000000 0.104503
vn 0.980784 0.000000 -0.195097
vn 0.878838 0.000000 -0.477121
vn 0.878838 0.000000 -0.477121
vn 0.980784 0.000000 -0.195097
vn 0.994525 -0.000000 0.104503
vn 0.923912 -0.000000 0.382605
vn 0.777138 -0.000000 0.629331
vn 0.555508 -0.000000 0.831511
vn 0.284007 -0.000000 0.958822
vn 0.707107 0.000000 -0.707107
vn 0.707107 0.000000 -0.707107
vn 0.707107 0.000000 -0.707107
vn 0.707107 0.000000 -0.707107
vn 0.707107 0.000000 -0.707107
vn 0.707107 0.000000 -0.707107
vn 0.707107 0.000000 -0.707107
vn 0.707107 0.000000 -0.707107
vn 0.707107 -0.000200 -0.707107
vn 0.707107 0.000000 -0.707107
vn 0.707107 0.000200 -0.707107
vn 0.707107 0.000000 -0.707107
vn -1.000000 0.000000 0.000000
vn 0.707107 0.000000 -0.707107
vn 0.707107 0.000000 -0.707107
vn 0.477121 0.000000 -0.878838
vn 0.195097 0.000000 -0.980784
vn -0.104503 0.000000 -0.994525
vn -0.382690 0.000000 -0.923877
vn -0.629330 0.000000 -0.777138
vn -0.831465 0.000000 -0.555577
vn -0.958795 0.000000 -0.284099
vn -0.958822 0.000000 -0.284007
vn -0.831465 0.000000 -0.555577
vn -0.629330 0.000000 -0.777138
vn -0.382690 0.000000 -0.923877
vn -0.104503 0.000000 -0.994525
vn 0.195097 0.000000 -0.980784
vn 0.477121 0.000000 -0.878838
vn -1.000000 0.000000 0.000000
vn -1.000000 0.000000 0.000000
vn -1.000000 0.000000 0.000000
vn -1.000000 0.000000 0.000000
vn -1.000000 0.000000 0.000000
vn -1.000000 0.000000 0.000000
vn -1.000000 0.000000 0.000000
vn -1.000000 0.000000 0.000000
vn -1.000000 0.000000 0.000000
vn 0.707107 0.000000 -0.707107
vn -0.707107 -0.000000 0.707107
vn 0.707157 0.000000 -0.707057
vn 0.707157 0.000000 -0.707057
vn 0.397212 0.000000 -0.917727
vn 0.000000 0.000000 -1.000000
vn -0.397212 0.000000 -0.917727
vn -0.707107 0.000000 -0.707107
vn -0.917727 0.000000 -0.397212
vn -1.000000 0.000000 0.000000
vn -0.917727 -0.000000 0.397212
vn -0.397212 -0.000000 0.917727
vn 0.000000 -0.000000 1.000000
vn 0.397212 -0.000000 0.917727
vn 0.707107 -0.000000 0.707107
vn 0.917727 -0.000000 0.397212
vn 1.000000 0.000000 0.000000
vn 0.917727 0.000000 -0.397212
vn 0.917727 0.000000 -0.397212
vn 1.000000 0.000000 0.000000
vn 0.917727 -0.000000 0.397212
vn 0.707107 -0.000000 0.707107
vn 0.397212 -0.000000 0.917727
vn 0.000000 -0.000000 1.000000
vn -0.397212 -0.000000 0.917727
vn -0.707107 -0.000000 0.707107
vn -0.917727 -0.000000 0.397212
vn -1.000000 0.000000 0.000000
vn -0.917727 0.000000 -0.397212
vn -0.707107 0.000000 -0.707107
vn -0.397212 0.000000 -0.917727
vn 0.000000 0.000000 -1.000000
vn 0.397212 0.000000 -0.917727
vn 0.707107 0.000000 -0.707107
vn 0.707107 -0.000000 0.707107
vn 0.707107 -0.000000 0.707107
vn 0.707107 -0.000000 0.707107
vn 0.707107 -0.000000 0.707107
vn 0.707107 0.000000 -0.707107
vn 0.707107 0.000000 -0.707107
vn 0.707107 0.000000 -0.707107
vn 0.707107 0.000000 -0.707107
vn -0.707107 0.000000 -0.707107
vn -0.707107 0.000000 -0.707107
vn -0.707107 0.000000 -0.707107
vn -0.707107 0.000000 -0.707107
vn -0.707107 -0.000000 0.707107
vn -0.707107 -0.000000 0.707107
vn -0.707107 -0.000000 0.707107
vn -0.707107 -0.000000 0.707107
vn 0.707107 0.000000 -0.707107
vn 0.707107 0.000000 -0.707107
vn -0.707107 0.000000 -0.707107
vn -0.707107 0.000000 -0.707107
vn 0.397212 0.000000 -0.917727
vn 0.000000 0.000000 -1.000000
vn -0.397175 0.000000 -0.917743
vn -0.397175 0.000000 -0.917743
vn 0.000000 0.000000 -1.000000
vn 0.397212 0.000000 -0.917727
vn -0.707107 0.000000 -0.707107
vn -0.707107 0.000000 -0.707107
vn -0.707107 0.000000 -0.707107
vn -0.707107 0.000000 -0.707107
vn -0.707107 0.000000 -0.707107
vn -0.707107 0.000000 -0.707107
vn -0.707107 -0.000000 0.707107
vn -0.707107 -0.000000 0.707107
vn -0.917727 0.000000 -0.397212
vn -1.000000 0.000000 0.000000
vn -0.917727 -0.000000 0.397212
vn -0.917727 -0.000000 0.397212
vn -1.000000 0.000000 0.000000
vn -0.917727 0.000000 -0.397212
vn -0.707107 -0.000000 0.707107
vn -0.707107 -0.000000 0.707107
vn -0.707107 -0.000000 0.707107
vn -0.707107 -0.000000 0.707107
vn -0.707107 -0.000000 0.707107
vn -0.707107 -0.000000 0.707107
vn 0.707107 -0.000000 0.707107
vn 0.707107 -0.000000 0.707107
vn -0.397175 -0.000000 0.917743
vn 0.000000 -0.000000 1.000000
vn 0.397212 -0.000000 0.917727
vn 0.397212 -0.000000 0.917727
vn 0.000000 -0.000000 1.000000
vn -0.397175 -0.000000 0.917743
vn 0.707107 -0.000000 0.707107
vn 0.707107 -0.000000 0.707107
vn 0.707107 -0.000000 0.707107
vn 0.707107 -0.000000 0.707107
vn 0.707107 -0.000000 0.707107
vn 0.707107 -0.000000 0.707107
vn 0.707107 0.000000 -0.707107
vn 0.707107 0.000000 -0.707107
vn 0.917727 -0.000000 0.397212
vn 1.000000 0.000000 0.000000
vn 0.917727 0.000000 -0.397212
vn 0.917727 0.000000 -0.397212
vn 1.000000 0.000000 0.000000
vn 0.917727 -0.000000 0.397212
vn 0.707107 0.000000 -0.707107
vn 0.707107 0.000000 -0.707107
vn 0.707107 0.000000 -0.707107
vn 0.707107 0.000000 -0.707107
vn -0.707107 -0.000000 0.707107
vn -0.707107 -0.000000 0.707107
vn -0.707107 0.000000 -0.707107
vn -0.707107 -0.000000 0.707107
vn -0.397212 -0.000000 0.917727
vn 0.000000 -0.000000 1.000000
vn 0.397212 -0.000000 0.917727
vn 0.707107 -0.000000 0.707107
vn 0.917727 -0.000000 0.397212
vn 1.000000 0.000000 0.000000
vn 0.917727 0.000000 -0.397212
vn 0.707107 0.000000 -0.707107
vn 0.397212 0.000000 -0.917727
vn 0.000000 0.000000 -1.000000
vn -0.397212 0.000000 -0.917727
vn -0.707107 0.000000 -0.707107
vn -0.917727 0.000000 -0.397212
vn -1.000000 0.000000 0.000000
vn -0.917727 -0.000000 0.397212
vn -0.707107 -0.000000 0.707107
vn -0.917727 -0.000000 0.397212
vn -1.000000 0.000000 0.000000
vn -0.917727 0.000000 -0.397212
vn -0.397212 0.000000 -0.917727
vn 0.000000 0.000000 -1.000000
vn 0.397212 0.000000 -0.917727
vn 0.707107 0.000000 -0.707107
vn 0.917727 0.000000 -0.397212
vn 1.000000 0.000000 0.000000
vn 0.917727 -0.000000 0.397212
vn 0.707107 -0.000000 0.707107
vn 0.397212 -0.000000 0.917727
vn 0.000000 -0.000000 1.000000
vn -0.397212 -0.000000 0.917727
vn -0.707107 0.000000 -0.707107
vn -0.707107 0.000000 -0.707107
vn -0.707107 0.000000 -0.707107
vn -0.707107 0.000000 -0.707107
vn -0.707107 -0.000000 0.707107
vn -0.707107 -0.000000 0.707107
vn -0.707107 -0.000000 0.707107
vn -0.707107 -0.000000 0.707107
vn 0.707107 -0.000000 0.707107
vn 0.707107 -0.000000 0.707107
vn 0.707107 -0.000000 0.707107
vn 0.707107 -0.000000 0.707107
vn 0.707107 0.000000 -0.707107
vn 0.707107 0.000000 -0.707107
vn 0.707107 0.000000 -0.707107
vn 0.707107 0.000000 -0.707107
vn 0.000000 0.000000 -1.000000
vn 0.000000 0.000000 -1.000000
vn -0.376798 0.000000 -0.926295
vn -0.376798 0.000000 -0.926295
vn -0.096305 0.000000 -0.995352
vn -0.191999 0.000000 -0.981395
vn -0.286192 0.000000 -0.958172
vn -0.286192 0.000000 -0.958172
vn -0.191999 0.000000 -0.981395
vn -0.096305 0.000000 -0.995352
vn -0.376798 0.000000 -0.926295
vn -0.376798 0.000000 -0.926295
vn -0.980163 0.000000 -0.198193
vn -0.980163 0.000000 -0.198193
vn -0.707107 -0.000000 0.707107
vn -0.707107 -0.000000 0.707107
vn -0.588207 0.000000 -0.808710
vn -0.769972 0.000000 -0.638077
vn -0.903917 0.000000 -0.427708
vn -0.999075 -0.000000 0.042999
vn -0.957390 -0.000000 0.288797
vn -0.856175 -0.000000 0.516685
vn -0.856175 -0.000000 0.516685
vn -0.957390 -0.000000 0.288797
vn -0.999075 -0.000000 0.042999
vn -0.903917 0.000000 -0.427708
vn -0.769972 0.000000 -0.638077
vn -0.588207 0.000000 -0.808710
vn -0.707107 -0.000000 0.707107
vn -0.707107 -0.000000 0.707107
vn -0.707107 -0.000000 0.707107
vn -0.707107 -0.000000 0.707107
vn -0.707107 -0.000000 0.707107
vn -0.707107 -0.000000 0.707107
vn 0.707107 -0.000000 0.707107
vn 0.707107 -0.000000 0.707107
vn -0.397091 -0.000000 0.917779
vn 0.000000 -0.000000 1.000000
vn 0.397212 -0.000000 0.917727
vn 0.397212 -0.000000 0.917727
vn 0.000000 -0.000000 1.000000
vn -0.397091 -0.000000 0.917779
vn 0.707107 -0.000000 0.707107
vn 0.707107 -0.000000 0.707107
vn 0.707107 -0.000000 0.707107
vn 0.707107 -0.000000 0.707107
vn 0.707107 -0.000000 0.707107
vn 0.707107 -0.000000 0.707107
vn 0.376798 0.000000 -0.926295
vn 0.376798 0.000000 -0.926295
vn 0.856175 -0.000000 0.516685
vn 0.957390 -0.000000 0.288797
vn 0.999075 -0.000000 0.042999
vn 0.980163 0.000000 -0.198193
vn 0.903917 0.000000 -0.427708
vn 0.769972 0.000000 -0.638077
vn 0.588207 0.000000 -0.808710
vn 0.588207 0.000000 -0.808710
vn 0.769972 0.000000 -0.638077
vn 0.903917 0.000000 -0.427708
vn 0.980163 0.000000 -0.198193
vn 0.999075 -0.000000 0.042999
vn 0.957390 -0.000000 0.288797
vn 0.856175 -0.000000 0.516685
vn 0.376798 0.000000 -0.926295
vn 0.376798 0.000000 -0.926295
vn 0.000000 0.000000 -1.000000
vn 0.000000 0.000000 -1.000000
vn 0.286192 0.000000 -0.958172
vn 0.191999 0.000000 -0.981395
vn 0.096305 0.000000 -0.995352
vn 0.096305 0.000000 -0.995352
vn 0.191999 0.000000 -0.981395
vn 0.286192 0.000000 -0.958172
vn -1.000000 0.000000 0.000000
vn -1.000000 0.000000 0.000000
vn -1.000000 0.000000 0.000000
vn -1.000000 0.000000 0.000000
vn -1.000000 0.000000 0.000000
vn -1.000000 0.000000 0.000000
vn -0.133297 -0.000000 0.991076
vn 0.964438 -0.000000 0.264310
vn 0.964438 -0.000000 0.264310
vn -0.940315 -0.000000 0.340305
vn -0.752775 -0.000000 0.658278
vn -0.462706 -0.000000 0.886512
vn 0.211898 -0.000000 0.977292
vn 0.552020 -0.000000 0.833831
vn 0.816890 -0.000000 0.576793
vn 0.816890 -0.000000 0.576793
vn 0.552020 -0.000000 0.833831
vn 0.211898 -0.000000 0.977292
vn -0.133297 -0.000000 0.991076
vn -0.462706 -0.000000 0.886512
vn -0.752775 -0.000000 0.658278
vn -0.940315 -0.000000 0.340305
vn 0.964438 -0.000000 0.264310
vn 0.964438 -0.000000 0.264310
vn 0.964438 -0.000000 0.264310
vn 0.890697 -0.000000 0.454598
vn 0.964438 -0.000000 0.264310
vn 0.890697 -0.000000 0.454598
vn 0.932764 -0.000000 0.360486
vn 0.932832 -0.000000 0.360312
vn 0.949886 -0.000000 0.312596
vn 0.949916 -0.000000 0.312505
vn 0.932832 -0.000000 0.360312
vn 0.949787 -0.000000 0.312896
vn 0.932443 -0.000000 0.361317
vn 0.890697 -0.000000 0.454598
vn 0.932443 -0.000000 0.361317
vn 0.913167 -0.000000 0.407585
vn 0.913076 -0.000000 0.407789
vn 0.912931 -0.000000 0.408114
vn 0.890737 -0.000000 0.454519
vn 0.908345 0.000000 -0.418221
vn -0.618996 0.000000 -0.785394
vn -1.000000 0.000000 0.000000
vn -1.000000 0.000000 0.000000
vn 0.890737 -0.000000 0.454519
vn 0.890737 -0.000000 0.454519
vn 0.969170 -0.000000 0.246392
vn 0.999796 -0.000000 0.020200
vn 0.978339 0.000000 -0.207008
vn 0.908345 0.000000 -0.418221
vn 0.793400 0.000000 -0.608700
vn 0.634680 0.000000 -0.772775
vn 0.442888 0.000000 -0.896577
vn 0.233796 0.000000 -0.972286
vn 0.013000 0.000000 -0.999915
vn -0.214102 0.000000 -0.976811
vn -0.430011 0.000000 -0.902824
vn -0.777226 0.000000 -0.629221
vn -0.899703 0.000000 -0.436502
vn -0.975254 0.000000 -0.221089
vn -0.975254 0.000000 -0.221089
vn -0.899703 0.000000 -0.436502
vn -0.777226 0.000000 -0.629221
vn -0.618996 0.000000 -0.785394
vn -0.430011 0.000000 -0.902824
vn -0.214102 0.000000 -0.976811
vn 0.013000 0.000000 -0.999915
vn 0.233796 0.000000 -0.972286
vn 0.442888 0.000000 -0.896577
vn 0.634680 0.000000 -0.772775
vn 0.793400 0.000000 -0.608700
vn 0.978339 0.000000 -0.207008
vn 0.999796 -0.000000 0.020200
vn 0.969170 -0.000000 0.246392
vn -1.000000 0.000000 0.000000
vn -1.000000 0.000000 0.000000
vn -1.000000 0.000000 0.000000
vn -1.000000 0.000000 0.000000
vn -1.000000 0.000000 0.000000
vn -1.000000 0.000000 0.000000
vn -0.618996 -0.000000 0.785394
vn 0.233796 -0.000000 0.972286
vn 0.908363 -0.000000 0.418183
vn 0.908363 -0.000000 0.418183
vn 0.890697 0.000000 -0.454598
vn 0.890697 0.000000 -0.454598
vn -0.975254 -0.000000 0.221089
vn -0.899703 -0.000000 0.436502
vn -0.777315 -0.000000 0.629112
vn -0.618996 -0.000000 0.785394
vn -0.430011 -0.000000 0.902824
vn -0.214102 -0.000000 0.976811
vn 0.013100 -0.000000 0.999914
vn 0.233796 -0.000000 0.972286
vn 0.442888 -0.000000 0.896577
vn 0.634729 -0.000000 0.772735
vn 0.793400 -0.000000 0.608700
vn 0.978339 -0.000000 0.207008
vn 0.999796 0.000000 -0.020200
vn 0.969194 0.000000 -0.246299
vn 0.969194 0.000000 -0.246299
vn 0.999796 0.000000 -0.020200
vn 0.978339 -0.000000 0.207008
vn 0.793400 -0.000000 0.608700
vn 0.634729 -0.000000 0.772735
vn 0.442888 -0.000000 0.896577
vn 0.013100 -0.000000 0.999914
vn -0.214102 -0.000000 0.976811
vn -0.430011 -0.000000 0.902824
vn -0.777315 -0.000000 0.629112
vn -0.899703 -0.000000 0.436502
vn -0.975254 -0.000000 0.221089
vn 0.890697 0.000000 -0.454598
vn 0.890697 0.000000 -0.454598
vn 0.890697 0.000000 -0.454598
vn 0.964438 0.000000 -0.264310
vn 0.964438 0.000000 -0.264310
vn 0.890697 0.000000 -0.454598
vn 0.932764 0.000000 -0.360486
vn 0.932832 0.000000 -0.360312
vn 0.913022 0.000000 -0.407910
vn 0.913076 0.000000 -0.407789
vn 0.932832 0.000000 -0.360312
vn 0.912931 0.000000 -0.408114
vn 0.932443 0.000000 -0.361317
vn 0.932443 0.000000 -0.361317
vn 0.964412 0.000000 -0.264403
vn 0.949886 0.000000 -0.312596
vn 0.949916 0.000000 -0.312505
vn 0.949946 0.000000 -0.312415
vn 0.964412 0.000000 -0.264403
vn -1.000000 0.000000 0.000000
vn -1.000000 0.000000 0.000000
vn 0.964412 0.000000 -0.264403
vn 0.964412 0.000000 -0.264403
vn 0.816890 0.000000 -0.576793
vn 0.552020 0.000000 -0.833831
vn 0.211898 0.000000 -0.977292
vn -0.133297 0.000000 -0.991076
vn -0.462706 0.000000 -0.886512
vn -0.752775 0.000000 -0.658278
vn -0.940315 0.000000 -0.340305
vn -0.940315 0.000000 -0.340305
vn -0.752775 0.000000 -0.658278
vn -0.462706 0.000000 -0.886512
vn -0.133297 0.000000 -0.991076
vn 0.211898 0.000000 -0.977292
vn 0.552020 0.000000 -0.833831
vn 0.816890 0.000000 -0.576793
vn 0.000000 0.000000 -1.000000
vn 0.000000 0.000000 -1.000000
vn 0.000000 0.000000 -1.000000
vn 0.000000 0.000000 -1.000000
vn 0.000000 0.000000 -1.000000
vn 0.000000 0.000000 -1.000000
vn -0.997476 -0.000000 0.070998
vn 0.141603 -0.000000 0.989923
vn 0.141603 -0.000000 0.989923
vn -0.399019 0.000000 -0.916943
vn -0.731760 0.000000 -0.681563
vn -0.942955 0.000000 -0.332920
vn -0.886305 -0.000000 0.463102
vn -0.627897 -0.000000 0.778296
vn -0.265198 -0.000000 0.964194
vn -0.265198 -0.000000 0.964194
vn -0.627897 -0.000000 0.778296
vn -0.886305 -0.000000 0.463102
vn -0.997476 -0.000000 0.070998
vn -0.942955 0.000000 -0.332920
vn -0.731760 0.000000 -0.681563
vn -0.399019 0.000000 -0.916943
vn 0.141505 -0.000000 0.989937
vn 0.141603 -0.000000 0.989923
vn 0.141603 -0.000000 0.989923
vn -0.141603 -0.000000 0.989923
vn -0.141603 -0.000000 0.989923
vn 0.141603 -0.000000 0.989923
vn 0.070202 -0.000000 0.997533
vn 0.000000 -0.000000 1.000000
vn -0.070501 -0.000000 0.997512
vn -0.070501 -0.000000 0.997512
vn 0.000000 -0.000000 1.000000
vn 0.070202 -0.000000 0.997533
vn -0.141603 -0.000000 0.989923
vn -0.141603 -0.000000 0.989923
vn -0.141603 -0.000000 0.989923
vn 0.997476 -0.000000 0.070998
vn 0.997476 -0.000000 0.070998
vn 0.000000 0.000000 -1.000000
vn 0.000000 0.000000 -1.000000
vn -0.141505 -0.000000 0.989937
vn 0.265198 -0.000000 0.964194
vn 0.627897 -0.000000 0.778296
vn 0.886305 -0.000000 0.463102
vn 0.942924 0.000000 -0.333008
vn 0.731760 0.000000 -0.681563
vn 0.399019 0.000000 -0.916943
vn 0.399019 0.000000 -0.916943
vn 0.731760 0.000000 -0.681563
vn 0.942924 0.000000 -0.333008
vn 0.886305 -0.000000 0.463102
vn 0.627897 -0.000000 0.778296
vn 0.265198 -0.000000 0.964194
vn 0.454598 -0.000000 0.890697
vn 0.454598 -0.000000 0.890697
vn 0.264403 -0.000000 0.964412
vn 0.361317 -0.000000 0.932443
vn 0.264310 -0.000000 0.964438
vn 0.361317 -0.000000 0.932443
vn 0.264310 -0.000000 0.964438
vn 0.454598 -0.000000 0.890697
vn 0.360486 -0.000000 0.932765
vn 0.312295 -0.000000 0.949985
vn 0.360312 -0.000000 0.932832
vn 0.312415 -0.000000 0.949946
vn 0.360312 -0.000000 0.932832
vn 0.312505 -0.000000 0.949916
vn 0.407418 -0.000000 0.913242
vn 0.407789 -0.000000 0.913076
vn 0.408114 -0.000000 0.912931
vn 0.264403 -0.000000 0.964412
vn 0.264403 -0.000000 0.964412
vn 0.991063 0.000000 -0.133395
vn 0.991063 0.000000 -0.133395
vn 0.000000 0.000000 -1.000000
vn 0.000000 0.000000 -1.000000
vn 0.264403 -0.000000 0.964412
vn 0.576793 -0.000000 0.816890
vn 0.833831 -0.000000 0.552020
vn 0.977292 -0.000000 0.211898
vn 0.886512 0.000000 -0.462706
vn 0.658278 0.000000 -0.752775
vn 0.340305 0.000000 -0.940315
vn 0.340305 0.000000 -0.940315
vn 0.658278 0.000000 -0.752775
vn 0.886512 0.000000 -0.462706
vn 0.977292 -0.000000 0.211898
vn 0.833831 -0.000000 0.552020
vn 0.576793 -0.000000 0.816890
vn 0.000000 0.000000 -1.000000
vn 0.000000 0.000000 -1.000000
vn 0.000000 0.000000 -1.000000
vn 0.000000 0.000000 -1.000000
vn 0.000000 0.000000 -1.000000
vn 0.000000 0.000000 -1.000000
vn 0.454519 -0.000000 0.890737
vn 0.454519 -0.000000 0.890737
vn 0.454598 -0.000000 0.890697
vn 0.000000 0.000000 -1.000000
vn 0.000000 0.000000 -1.000000
vn -0.221089 0.000000 -0.975254
vn -0.436502 0.000000 -0.899703
vn -0.629112 0.000000 -0.777315
vn -0.785394 0.000000 -0.618996
vn -0.902824 0.000000 -0.430011
vn -0.976811 0.000000 -0.214102
vn -0.999915 -0.000000 0.013000
vn -0.972286 -0.000000 0.233797
vn -0.896577 -0.000000 0.442889
vn -0.772775 -0.000000 0.634680
vn -0.608700 -0.000000 0.793400
vn -0.418183 -0.000000 0.908363
vn -0.207008 -0.000000 0.978339
vn 0.020200 -0.000000 0.999796
vn 0.246486 -0.000000 0.969146
vn 0.246486 -0.000000 0.969146
vn 0.020200 -0.000000 0.999796
vn -0.207008 -0.000000 0.978339
vn -0.418183 -0.000000 0.908363
vn -0.608700 -0.000000 0.793400
vn -0.772775 -0.000000 0.634680
vn -0.896577 -0.000000 0.442889
vn -0.972286 -0.000000 0.233797
vn -0.999915 -0.000000 0.013000
vn -0.976811 0.000000 -0.214102
vn -0.902824 0.000000 -0.430011
vn -0.785394 0.000000 -0.618996
vn -0.629112 0.000000 -0.777315
vn -0.436502 0.000000 -0.899703
vn -0.221089 0.000000 -0.975254
vn 1.000000 0.000000 0.000000
vn 0.989923 -0.000000 0.141603
vn 0.989923 -0.000000 0.141603
vn 1.000000 0.000000 0.000000
vn 0.997476 -0.000000 0.070998
vn 0.997476 -0.000000 0.070998
vn 0.989923 -0.000000 0.141603
vn 0.989923 -0.000000 0.141603
vn 0.989923 -0.000000 0.141603
vn 0.070998 0.000000 -0.997476
vn 0.070998 0.000000 -0.997476
vn -1.000000 0.000000 0.000000
vn -1.000000 0.000000 0.000000
vn 0.989923 -0.000000 0.141603
vn 0.964194 0.000000 -0.265198
vn 0.778296 0.000000 -0.627897
vn 0.463102 0.000000 -0.886305
vn -0.332919 0.000000 -0.942955
vn -0.681563 0.000000 -0.731760
vn -0.916943 0.000000 -0.399019
vn -0.916943 0.000000 -0.399019
vn -0.681563 0.000000 -0.731760
vn -0.332919 0.000000 -0.942955
vn 0.463102 0.000000 -0.886305
vn 0.778296 0.000000 -0.627897
vn 0.964194 0.000000 -0.265198
vn -1.000000 0.000000 0.000000
vn -1.000000 0.000000 0.000000
vn -1.000000 0.000000 0.000000
vn -1.000000 0.000000 0.000000
vn -1.000000 0.000000 0.000000
vn -1.000000 0.000000 0.000000
vn 0.070998 -0.000000 0.997476
vn 0.070998 -0.000000 0.997476
vn 0.989923 0.000000 -0.141603
vn 0.989923 0.000000 -0.141603
vn -0.916943 -0.000000 0.399019
vn -0.681563 -0.000000 0.731760
vn -0.332919 -0.000000 0.942955
vn 0.463102 -0.000000 0.886305
vn 0.778296 -0.000000 0.627897
vn 0.964194 -0.000000 0.265198
vn 0.964194 -0.000000 0.265198
vn 0.778296 -0.000000 0.627897
vn 0.463102 -0.000000 0.886305
vn -0.332919 -0.000000 0.942955
vn -0.681563 -0.000000 0.731760
vn -0.916943 -0.000000 0.399019
vn 0.989923 0.000000 -0.141603
vn 0.989923 0.000000 -0.141603
vn 0.989923 0.000000 -0.141603
vn 1.000000 0.000000 0.000000
vn 1.000000 0.000000 0.000000
vn 0.989923 0.000000 -0.141603
vn 0.997476 0.000000 -0.070998
vn 0.997476 0.000000 -0.070998
vn -0.264310 -0.000000 0.964438
vn -0.454598 -0.000000 0.890697
vn -0.454598 -0.000000 0.890697
vn -0.264310 -0.000000 0.964438
vn -0.360312 -0.000000 0.932832
vn -0.360312 -0.000000 0.932832
vn -0.454598 -0.000000 0.890697
vn -0.264310 -0.000000 0.964438
vn -0.360486 -0.000000 0.932765
vn -0.407585 -0.000000 0.913167
vn -0.360486 -0.000000 0.932765
vn -0.407789 -0.000000 0.913076
vn -0.360486 -0.000000 0.932765
vn -0.407910 -0.000000 0.913022
vn -0.312595 -0.000000 0.949886
vn -0.312505 -0.000000 0.949916
vn -0.312595 -0.000000 0.949886
vn -0.454598 -0.000000 0.890697
vn -0.454598 -0.000000 0.890697
vn 0.418183 -0.000000 0.908363
vn 0.418183 -0.000000 0.908363
vn 0.972286 -0.000000 0.233797
vn 0.785394 0.000000 -0.618996
vn 0.785394 0.000000 -0.618996
vn 0.000000 0.000000 -1.000000
vn 0.000000 0.000000 -1.000000
vn -0.454598 -0.000000 0.890697
vn -0.246392 -0.000000 0.969170
vn -0.020200 -0.000000 0.999796
vn 0.207104 -0.000000 0.978319
vn 0.608700 -0.000000 0.793400
vn 0.772775 -0.000000 0.634680
vn 0.896577 -0.000000 0.442889
vn 0.972286 -0.000000 0.233797
vn 0.999914 -0.000000 0.013100
vn 0.976811 0.000000 -0.214102
vn 0.902824 0.000000 -0.430011
vn 0.629112 0.000000 -0.777315
vn 0.436502 0.000000 -0.899703
vn 0.221111 0.000000 -0.975249
vn 0.221111 0.000000 -0.975249
vn 0.436502 0.000000 -0.899703
vn 0.629112 0.000000 -0.777315
vn 0.902824 0.000000 -0.430011
vn 0.976811 0.000000 -0.214102
vn 0.999914 -0.000000 0.013100
vn 0.896577 -0.000000 0.442889
vn 0.772775 -0.000000 0.634680
vn 0.608700 -0.000000 0.793400
vn 0.207104 -0.000000 0.978319
vn -0.020200 -0.000000 0.999796
vn -0.246298 -0.000000 0.969194
vn 0.000000 0.000000 -1.000000
vn 0.000000 0.000000 -1.000000
vn 0.000000 0.000000 -1.000000
vn 0.000000 0.000000 -1.000000
vn 0.000000 0.000000 -1.000000
vn 0.000000 0.000000 -1.000000
vn -0.991076 0.000000 -0.133297
vn -0.264403 -0.000000 0.964412
vn -0.264403 -0.000000 0.964412
vn -0.264403 -0.000000 0.964412
vn 0.000000 0.000000 -1.000000
vn 0.000000 0.000000 -1.000000
vn -0.340305 0.000000 -0.940315
vn -0.658278 0.000000 -0.752775
vn -0.886512 0.000000 -0.462706
vn -0.977292 -0.000000 0.211898
vn -0.833861 -0.000000 0.551974
vn -0.576793 -0.000000 0.816890
vn -0.576793 -0.000000 0.816890
vn -0.833861 -0.000000 0.551974
vn -0.977292 -0.000000 0.211898
vn -0.991076 0.000000 -0.133297
vn -0.886512 0.000000 -0.462706
vn -0.658278 0.000000 -0.752775
vn -0.340305 0.000000 -0.940315
vn -1.000000 0.000000 0.000000
vn -1.000000 0.000000 0.000000
vn -0.926295 -0.000000 0.376798
vn -0.926295 -0.000000 0.376798
vn -0.995352 -0.000000 0.096305
vn -0.981395 -0.000000 0.191999
vn -0.958172 -0.000000 0.286192
vn -0.958172 -0.000000 0.286192
vn -0.981395 -0.000000 0.191999
vn -0.995352 -0.000000 0.096305
vn -0.926260 -0.000000 0.376884
vn -0.926260 -0.000000 0.376884
vn 0.707107 -0.000000 0.707107
vn 0.707107 -0.000000 0.707107
vn -0.808710 -0.000000 0.588207
vn -0.638077 -0.000000 0.769972
vn -0.427708 -0.000000 0.903917
vn -0.198193 -0.000000 0.980163
vn 0.042999 -0.000000 0.999075
vn 0.288797 -0.000000 0.957390
vn 0.516685 -0.000000 0.856175
vn 0.516685 -0.000000 0.856175
vn 0.288797 -0.000000 0.957390
vn 0.042999 -0.000000 0.999075
vn -0.198193 -0.000000 0.980163
vn -0.427708 -0.000000 0.903917
vn -0.638077 -0.000000 0.769972
vn -0.808710 -0.000000 0.588207
vn 0.707107 -0.000000 0.707107
vn 0.707107 -0.000000 0.707107
vn 0.707107 -0.000000 0.707107
vn 0.707107 -0.000000 0.707107
vn 0.707107 -0.000000 0.707107
vn 0.707107 -0.000000 0.707107
vn 0.707107 0.000000 -0.707107
vn 0.707107 0.000000 -0.707107
vn 0.917727 -0.000000 0.397212
vn 1.000000 0.000000 0.000000
vn 0.917727 0.000000 -0.397212
vn 0.917727 0.000000 -0.397212
vn 1.000000 0.000000 0.000000
vn 0.917727 -0.000000 0.397212
vn 0.707107 0.000000 -0.707107
vn 0.707107 0.000000 -0.707107
vn 0.707107 0.000000 -0.707107
vn 0.707107 0.000000 -0.707107
vn 0.707107 0.000000 -0.707107
vn 0.707107 0.000000 -0.707107
vn -0.926260 0.000000 -0.376884
vn -0.926260 0.000000 -0.376884
vn 0.516685 0.000000 -0.856175
vn 0.288797 0.000000 -0.957390
vn 0.042999 0.000000 -0.999075
vn -0.198193 0.000000 -0.980163
vn -0.427708 0.000000 -0.903917
vn -0.638077 0.000000 -0.769972
vn -0.808710 0.000000 -0.588207
vn -0.808710 0.000000 -0.588207
vn -0.638077 0.000000 -0.769972
vn -0.427708 0.000000 -0.903917
vn -0.198193 0.000000 -0.980163
vn 0.042999 0.000000 -0.999075
vn 0.288797 0.000000 -0.957390
vn 0.516685 0.000000 -0.856175
vn -0.926295 0.000000 -0.376798
vn -1.000000 0.000000 0.000000
vn -1.000000 0.000000 0.000000
vn -0.926295 0.000000 -0.376798
vn -0.958200 0.000000 -0.286100
vn -0.981395 0.000000 -0.191999
vn -0.995352 0.000000 -0.096305
vn -0.995352 0.000000 -0.096305
vn -0.981395 0.000000 -0.191999
vn -0.958200 0.000000 -0.286100
vn -1.000000 0.000000 0.000000
vn -1.000000 0.000000 0.000000
vn -1.000000 0.000000 0.000000
vn -1.000000 0.000000 0.000000
vn -1.000000 0.000000 0.000000
vn -1.000000 0.000000 0.000000
vn -1.000000 0.000000 0.000000
vn -1.000000 0.000000 0.000000
vn 0.707107 -0.000000 0.707107
vn 0.707107 -0.000000 0.707107
vn -0.958822 -0.000000 0.284007
vn -0.831511 -0.000000 0.555508
vn -0.629330 -0.000000 0.777138
vn -0.382690 -0.000000 0.923877
vn -0.104503 -0.000000 0.994525
vn 0.195097 -0.000000 0.980784
vn 0.477121 -0.000000 0.878838
vn 0.477121 -0.000000 0.878838
vn 0.195097 -0.000000 0.980784
vn -0.104503 -0.000000 0.994525
vn -0.382690 -0.000000 0.923877
vn -0.629330 -0.000000 0.777138
vn -0.831511 -0.000000 0.555508
vn -0.958822 -0.000000 0.284007
vn 0.707107 -0.000000 0.707107
vn 0.707107 -0.000000 0.707107
vn 0.707107 -0.000000 0.707107
vn 0.707107 -0.000000 0.707107
vn 0.707107 -0.000000 0.707107
vn 0.707107 -0.000000 0.707107
vn 0.923877 0.000000 -0.382690
vn 0.000000 0.000000 -1.000000
vn 0.000000 0.000000 -1.000000
vn 0.878796 -0.000000 0.477198
vn 0.980784 -0.000000 0.195097
vn 0.994525 0.000000 -0.104503
vn 0.923877 0.000000 -0.382690
vn 0.777138 0.000000 -0.629331
vn 0.555577 0.000000 -0.831465
vn 0.284007 0.000000 -0.958822
vn 0.284007 0.000000 -0.958822
vn 0.555577 0.000000 -0.831465
vn 0.777138 0.000000 -0.629331
vn 0.994525 0.000000 -0.104503
vn 0.980784 -0.000000 0.195097
vn 0.878796 -0.000000 0.477198
vn 0.000000 0.000000 -1.000000
vn 0.000000 0.000000 -1.000000
vn 0.000000 0.000000 -1.000000
vn 0.000000 0.000000 -1.000000
vn 0.000000 0.000000 -1.000000
vn 0.000000 0.000000 -1.000000
vn 0.000000 0.000000 -1.000000
vn 0.000000 0.000000 -1.000000
vn -1.000000 0.000000 0.000000
vn -1.000000 0.000000 0.000000
vn -0.182000 0.000000 -0.983299
vn -0.368095 0.000000 -0.929788
vn -0.547201 0.000000 -0.837001
vn -0.707107 0.000000 -0.707107
vn -0.837077 0.000000 -0.547085
vn -0.929788 0.000000 -0.368095
vn -0.983299 0.000000 -0.182000
vn -0.983299 0.000000 -0.182000
vn -0.929788 0.000000 -0.368095
vn -0.837077 0.000000 -0.547085
vn -0.707107 0.000000 -0.707107
vn -0.547201 0.000000 -0.837001
vn -0.368095 0.000000 -0.929788
vn -0.182000 0.000000 -0.983299
vn -0.707107 0.000000 -0.707107
vn -0.707107 -0.000000 0.707107
vn 0.707107 -0.000000 0.707107
vn -0.707107 0.000000 -0.707107
vn -0.707107 0.000000 -0.707107
vn -0.917727 0.000000 -0.397212
vn -1.000000 0.000000 0.000000
vn -0.917727 -0.000000 0.397212
vn -0.397212 -0.000000 0.917727
vn 0.000000 -0.000000 1.000000
vn 0.397212 -0.000000 0.917727
vn 0.917727 -0.000000 0.397212
vn 1.000000 0.000000 0.000000
vn 0.917727 0.000000 -0.397212
vn 0.707107 0.000000 -0.707107
vn 0.397212 0.000000 -0.917727
vn 0.000000 0.000000 -1.000000
vn -0.397212 0.000000 -0.917727
vn -0.397212 0.000000 -0.917727
vn 0.000000 0.000000 -1.000000
vn 0.397212 0.000000 -0.917727
vn 0.707107 0.000000 -0.707107
vn 0.917727 0.000000 -0.397212
vn 1.000000 0.000000 0.000000
vn 0.917727 -0.000000 0.397212
vn 0.707107 -0.000000 0.707107
vn 0.397212 -0.000000 0.917727
vn 0.000000 -0.000000 1.000000
vn -0.397212 -0.000000 0.917727
vn -0.707107 -0.000000 0.707107
vn -0.917727 -0.000000 0.397212
vn -1.000000 0.000000 0.000000
vn -0.917727 0.000000 -0.397212
vn -0.707107 0.000000 -0.707107
vn -0.707107 -0.000000 0.707107
vn -0.707107 -0.000000 0.707107
vn -0.707107 -0.000000 0.707107
vn -0.707107 -0.000000 0.707107
vn 0.707107 -0.000000 0.707107
vn 0.707107 -0.000000 0.707107
vn 0.707107 -0.000000 0.707107
vn 0.707107 -0.000000 0.707107
vn 0.707107 0.000000 -0.707107
vn 0.707107 0.000000 -0.707107
vn 0.707107 0.000000 -0.707107
vn 0.707107 0.000000 -0.707107
vn -0.707107 0.000000 -0.707107
vn -0.707107 0.000000 -0.707107
vn -0.707107 0.000000 -0.707107
vn -0.707107 0.000000 -0.707107
vn -0.707107 0.000000 -0.707107
vn -0.707107 0.000000 -0.707107
vn -0.707107 0.000000 -0.707107
vn -0.707107 0.000000 -0.707107
vn -0.707107 0.000000 -0.707107
vn -0.707107 0.000000 -0.707107
vn -0.707107 0.000000 -0.707107
vn -0.707107 0.000000 -0.707107
vn -0.707107 0.000000 -0.707107
vn -0.923877 -0.000000 0.382690
vn 0.000000 0.000100 1.000000
vn 0.000000 -0.000000 1.000000
vn 0.000000 -0.000000 1.000000
vn -0.878838 0.000000 -0.477121
vn -0.980803 0.000000 -0.195001
vn -0.994525 -0.000000 0.104503
vn -0.777089 -0.000000 0.629391
vn -0.555508 -0.000000 0.831511
vn -0.284007 -0.000000 0.958822
vn -0.284007 -0.000000 0.958822
vn -0.555508 -0.000000 0.831511
vn -0.777089 -0.000000 0.629391
vn -0.923841 -0.000000 0.382776
vn -0.994525 -0.000000 0.104503
vn -0.980803 0.000000 -0.195001
vn -0.878838 0.000000 -0.477121
vn -0.981609 0.000000 -0.190902
vn -0.994302 -0.000000 0.106600
vn -0.923877 -0.000000 0.382690
vn -0.773815 -0.000000 0.633412
vn -0.552020 -0.000000 0.833831
vn -0.282004 -0.000000 0.959413
vn 0.000000 -0.000000 1.000000
vn 0.000000 -0.000000 1.000000
vn 0.000000 -0.000000 1.000000
vn 0.000000 -0.000000 1.000000
vn 0.000000 -0.000000 1.000000
vn 0.000100 -0.000000 1.000000
vn 0.000100 -0.000000 1.000000
vn 1.000000 0.000000 0.000000
vn 1.000000 0.000000 0.000000
vn 0.368095 -0.000000 0.929788
vn 0.707107 -0.000000 0.707107
vn 0.929788 -0.000000 0.368095
vn 0.929788 -0.000000 0.368095
vn 0.707107 -0.000000 0.707107
vn 0.368095 -0.000000 0.929788
vn 1.000000 0.000000 0.000000
vn 1.000000 0.000000 0.000000
vn 1.000000 0.000000 0.000000
vn 1.000000 0.000000 0.000000
vn 1.000000 0.000000 0.000000
vn 1.000000 0.000000 -0.000100
vn 1.000000 0.000000 0.000000
vn 1.000000 0.000000 -0.000100
vn 0.382690 0.000000 -0.923877
vn 0.382690 0.000000 -0.923877
vn -0.707107 0.000100 -0.707107
vn -0.707107 0.000000 -0.707107
vn -0.707107 0.000000 -0.707107
vn 0.958822 0.000000 -0.284007
vn 0.831434 0.000000 -0.555623
vn 0.629282 0.000000 -0.777177
vn 0.104503 0.000000 -0.994525
vn -0.195097 0.000000 -0.980784
vn -0.477121 0.000000 -0.878838
vn -0.477121 0.000000 -0.878838
vn -0.195097 0.000000 -0.980784
vn 0.104503 0.000000 -0.994525
vn 0.629282 0.000000 -0.777177
vn 0.831434 0.000000 -0.555623
vn 0.958822 0.000000 -0.284007
vn 0.829100 0.000000 -0.559100
vn 0.627727 0.000000 -0.778434
vn 0.382605 0.000000 -0.923912
vn 0.099296 0.000000 -0.995058
vn -0.199211 0.000000 -0.979957
vn -0.479006 0.000000 -0.877812
vn -0.707107 -0.000000 0.707107
vn -0.707107 -0.000000 0.707107
vn -0.707107 -0.000000 0.707107
vn 0.382690 -0.000000 0.923877
vn 0.382690 -0.000000 0.923877
vn 1.000000 0.000100 0.000100
vn 1.000000 0.000000 0.000000
vn 1.000000 -0.000000 0.000100
vn -0.477121 -0.000000 0.878838
vn -0.194789 -0.000200 0.980845
vn 0.104503 -0.000000 0.994525
vn 0.629330 -0.000000 0.777138
vn 0.831465 -0.000000 0.555577
vn 0.958822 -0.000000 0.284007
vn 0.958822 -0.000000 0.284007
vn 0.831465 -0.000000 0.555577
vn 0.629330 -0.000000 0.777138
vn 0.104503 -0.000000 0.994525
vn -0.194789 0.000200 0.980845
vn -0.477121 -0.000000 0.878838
vn -0.190902 -0.000000 0.981609
vn 0.106501 -0.000000 0.994313
vn 0.382690 -0.000000 0.923877
vn 0.633303 -0.000000 0.773904
vn 0.833785 -0.000000 0.552090
vn 0.959386 -0.000000 0.282096
vn 1.000000 0.000000 0.000000
vn 1.000000 0.000000 0.000000
vn 1.000000 0.000000 0.000000
vn 1.000000 0.000000 0.000000
vn 1.000000 0.000000 0.000000
vn 1.000000 0.000000 0.000000
vn 1.000000 0.000000 0.000000
vn 0.000000 0.000000 -1.000000
vn 0.000000 0.000000 -1.000000
vn 0.929788 0.000000 -0.368095
vn 0.707107 0.000000 -0.707107
vn 0.368095 0.000000 -0.929788
vn 0.368095 0.000000 -0.929788
vn 0.707107 0.000000 -0.707107
vn 0.929788 0.000000 -0.368095
vn 0.000000 0.000000 -1.000000
vn 0.000000 0.000000 -1.000000
vn 0.000000 0.000000 -1.000000
vn 0.000000 0.000000 -1.000000
vn 0.000000 0.000000 -1.000000
vn 0.000000 0.000000 -1.000000
vn 0.000000 0.000000 -1.000000
vn 0.000000 0.000000 -1.000000
vn -0.923877 0.000000 -0.382690
vn -0.707107 0.000200 0.707107
vn -0.707107 -0.000000 0.707107
vn -0.707107 -0.000000 0.707107
vn -0.284007 0.000000 -0.958822
vn -0.555392 0.000100 -0.831589
vn -0.777138 0.000000 -0.629331
vn -0.923877 0.000000 -0.382690
vn -0.994525 0.000000 -0.104503
vn -0.980765 -0.000000 0.195193
vn -0.878838 -0.000000 0.477121
vn -0.878838 -0.000000 0.477121
vn -0.980765 -0.000000 0.195193
vn -0.994525 0.000000 -0.104503
vn -0.777138 0.000000 -0.629331
vn -0.555392 -0.000100 -0.831589
vn -0.284007 0.000000 -0.958822
vn -0.778434 0.000000 -0.627727
vn -0.559100 0.000000 -0.829100
vn -0.923877 0.000000 -0.382690
vn -0.995088 0.000000 -0.098999
vn -0.979960 -0.000000 0.199192
vn -0.877811 -0.000000 0.479006
vn -0.707107 -0.000000 0.707107
vn -0.707107 -0.000000 0.707107
vn -0.707107 -0.000000 0.707107
vn -0.707107 -0.000000 0.707107
vn -0.707107 -0.000000 0.707107
vn -0.707107 -0.000000 0.707107
vn -0.707107 -0.000000 0.707107
vn -0.707107 -0.000000 0.707107
vn -0.707107 -0.000000 0.707107
vn -0.707107 -0.000000 0.707107
vn -0.707107 -0.000000 0.707107
vn -0.707107 -0.000000 0.707107
vn -0.707107 -0.000000 0.707107
vn -0.707107 -0.000100 0.707107
vn -0.707107 -0.000000 0.707107
vn -0.707107 0.000100 0.707107
vn -0.707107 -0.000000 0.707107
vn -0.707107 -0.000000 0.707107
vn -0.707107 -0.000000 0.707107
vn -0.707107 -0.000000 0.707107
vn -0.707107 -0.000000 0.707107
vn -0.707107 -0.000000 0.707107
vn 0.707107 -0.000000 0.707107
vn 0.707107 -0.000000 0.707107
vn 0.707107 -0.000000 0.707107
vn 0.707107 -0.000000 0.707107
vn 1.000000 0.000000 0.000000
vn 1.000000 0.000000 0.000000
vn 1.000000 0.000000 0.000000
vn 1.000000 0.000000 0.000000
vn 0.707107 0.000000 -0.707107
vn 0.707107 0.000000 -0.707107
vn 0.707107 0.000000 -0.707107
vn 0.707107 0.000000 -0.707107
vn -0.707107 0.000000 -0.707107
vn -0.707107 0.000000 -0.707107
vn -0.707107 0.000000 -0.707107
vn -0.707107 0.000000 -0.707107
vn -0.707107 0.000000 -0.707107
vn -0.707107 0.000100 -0.707107
vn -0.707107 0.000000 -0.707107
vn -0.707107 0.000000 -0.707107
vn -0.707107 0.000000 -0.707107
vn -0.707107 0.000000 -0.707107
vn -0.707107 0.000000 -0.707107
vn -0.707107 0.000000 -0.707107
vn -0.707107 0.000000 -0.707107
vn -0.707107 0.000100 -0.707107
vn -0.707107 0.000000 -0.707107
vn -0.707107 -0.000100 -0.707107
vn -0.707107 0.000000 -0.707107
vn -0.707107 0.000000 -0.707107
vn -0.707107 -0.000000 0.707107
vn -0.707107 -0.000000 0.707107
vn -0.823995 0.000000 -0.566597
vn -0.917727 0.000000 -0.397212
vn -0.978784 0.000000 -0.204897
vn -1.000000 0.000000 0.000000
vn -0.978784 -0.000000 0.204897
vn -0.917727 -0.000000 0.397212
vn -0.823995 -0.000000 0.566597
vn -0.823995 -0.000000 0.566597
vn -0.917727 -0.000000 0.397212
vn -0.978784 -0.000000 0.204897
vn -1.000000 0.000000 0.000000
vn -0.978784 0.000000 -0.204897
vn -0.917727 0.000000 -0.397212
vn -0.823995 0.000000 -0.566597
vn 0.707107 0.000000 -0.707107
vn 0.707107 0.000000 -0.707107
vn 0.707107 0.000000 -0.707107
vn 0.707107 0.000000 -0.707107
vn 0.707107 0.000000 -0.707107
vn 0.707107 0.000000 -0.707107
vn 0.707107 0.000000 -0.707107
vn 0.707107 0.000000 -0.707107
vn 0.707107 0.000000 -0.707107
vn -0.382605 0.000000 -0.923912
vn -0.382605 0.000000 -0.923912
vn -1.000000 0.000200 0.000000
vn -1.000000 0.000000 0.000000
vn -1.000000 0.000000 0.000000
vn 0.477198 0.000000 -0.878796
vn 0.194693 -0.000200 -0.980864
vn -0.104503 0.000000 -0.994525
vn -0.629330 0.000000 -0.777138
vn -0.831465 0.000000 -0.555577
vn -0.958822 0.000000 -0.284007
vn -0.958822 0.000000 -0.284007
vn -0.831511 0.000000 -0.555508
vn -0.629330 0.000000 -0.777138
vn -0.104503 0.000000 -0.994525
vn 0.194693 0.000200 -0.980864
vn 0.477198 0.000000 -0.878796
vn 0.190902 0.000000 -0.981609
vn -0.106501 0.000000 -0.994313
vn -0.382690 0.000000 -0.923877
vn -0.633303 0.000000 -0.773904
vn -0.833785 0.000000 -0.552090
vn -0.959413 0.000000 -0.282004
vn -1.000000 0.000000 0.000000
vn -1.000000 0.000000 0.000000
vn -1.000000 0.000000 0.000000
vn -1.000000 0.000000 0.000000
vn -1.000000 0.000000 0.000000
vn -1.000000 -0.000000 0.000100
vn -1.000000 -0.000000 0.000100
vn -0.000100 -0.000000 1.000000
vn -0.929788 -0.000000 0.368095
vn -0.707107 -0.000000 0.707107
vn -0.368095 -0.000000 0.929788
vn -0.000100 -0.000000 1.000000
vn -0.368095 -0.000000 0.929788
vn -0.707107 -0.000000 0.707107
vn -0.929788 -0.000000 0.368095
vn 0.000000 -0.000000 1.000000
vn 0.000000 -0.000000 1.000000
vn 0.000000 -0.000000 1.000000
vn 0.000000 -0.000000 1.000000
vn 0.000000 -0.000000 1.000000
vn 0.000100 -0.000000 1.000000
vn 0.000100 -0.000000 1.000000
vn 0.000100 -0.000000 1.000000
vn 0.923827 -0.000000 0.382811
vn 0.923827 -0.000000 0.382811
vn 0.707107 0.000100 -0.707107
vn 0.707107 0.000000 -0.707107
vn 0.707107 0.000000 -0.707107
vn 0.284007 -0.000000 0.958822
vn 0.555623 -0.000000 0.831434
vn 0.777138 -0.000000 0.629331
vn 0.994525 -0.000000 0.104503
vn 0.980765 0.000000 -0.195193
vn 0.878838 0.000000 -0.477121
vn 0.878838 0.000000 -0.477121
vn 0.980765 0.000000 -0.195193
vn 0.994525 -0.000000 0.104503
vn 0.777138 -0.000000 0.629331
vn 0.555623 -0.000000 0.831434
vn 0.284007 -0.000000 0.958822
vn 0.559100 -0.000000 0.829100
vn 0.778434 -0.000000 0.627727
vn 0.923827 -0.000000 0.382811
vn 0.995088 -0.000000 0.098999
vn 0.979960 0.000000 -0.199192
vn 0.877811 0.000000 -0.479006
vn 0.707107 -0.000000 0.707107
vn 0.707107 -0.000000 0.707107
vn 0.707107 -0.000000 0.707107
vn 0.923912 0.000000 -0.382605
vn 0.923912 0.000000 -0.382605
vn 0.000000 0.000100 -1.000000
vn 0.000000 0.000000 -1.000000
vn 0.000000 0.000000 -1.000000
vn 0.878838 -0.000000 0.477121
vn 0.980864 -0.000200 0.194693
vn 0.994525 0.000000 -0.104503
vn 0.777138 0.000000 -0.629331
vn 0.555577 0.000000 -0.831465
vn 0.284007 0.000000 -0.958822
vn 0.284007 0.000000 -0.958822
vn 0.555577 0.000000 -0.831465
vn 0.777138 0.000000 -0.629331
vn 0.994525 0.000000 -0.104503
vn 0.980864 0.000200 0.194693
vn 0.878838 -0.000000 0.477121
vn 0.981609 -0.000000 0.190902
vn 0.994302 0.000000 -0.106600
vn 0.923877 0.000000 -0.382690
vn 0.773587 0.000000 -0.633690
vn 0.552090 0.000000 -0.833785
vn 0.282096 0.000000 -0.959386
vn 0.000000 0.000000 -1.000000
vn 0.000000 0.000000 -1.000000
vn 0.000000 0.000000 -1.000000
vn 0.000000 0.000000 -1.000000
vn 0.000000 0.000000 -1.000000
vn 0.000000 0.000000 -1.000000
vn 0.000000 0.000000 -1.000000
vn -1.000000 0.000000 0.000000
vn -1.000000 0.000000 0.000000
vn -0.368095 0.000000 -0.929788
vn -0.707107 0.000000 -0.707107
vn -0.929788 0.000000 -0.368095
vn -0.929788 0.000000 -0.368095
vn -0.707107 0.000000 -0.707107
vn -0.368095 0.000000 -0.929788
vn -1.000000 0.000000 0.000000
vn -1.000000 0.000000 0.000000
vn -1.000000 0.000000 0.000000
vn -1.000000 0.000000 0.000000
vn -1.000000 0.000000 0.000000
vn -1.000000 0.000000 0.000000
vn -1.000000 -0.000000 0.000100
vn -1.000000 0.000000 0.000000
vn -0.382690 -0.000000 0.923877
vn -0.382690 -0.000000 0.923877
vn 0.707107 0.000200 0.707107
vn 0.707107 -0.000000 0.707107
vn 0.707107 -0.000000 0.707107
vn -0.958822 -0.000000 0.284007
vn -0.831434 -0.000000 0.555623
vn -0.629330 -0.000000 0.777138
vn -0.104503 -0.000000 0.994525
vn 0.195097 -0.000000 0.980784
vn 0.477198 -0.000000 0.878796
vn 0.477198 -0.000000 0.878796
vn 0.195097 -0.000000 0.980784
vn -0.104503 -0.000000 0.994525
vn -0.629330 -0.000000 0.777138
vn -0.831434 -0.000000 0.555623
vn -0.958822 -0.000000 0.284007
vn -0.829146 -0.000000 0.559031
vn -0.627727 -0.000000 0.778434
vn -0.382690 -0.000000 0.923877
vn -0.099296 -0.000000 0.995058
vn 0.199308 -0.000000 0.979937
vn 0.479006 -0.000000 0.877812
vn 0.707107 -0.000000 0.707107
vn 0.707107 -0.000000 0.707107
vn 0.707107 -0.000000 0.707107
vn 0.707107 -0.000000 0.707107
vn 0.707107 -0.000000 0.707107
vn 0.707107 -0.000000 0.707107
vn -0.707107 0.000000 -0.707107
vn -0.707107 0.000000 -0.707107
vn -0.707107 0.000000 -0.707107
vn -0.923877 -0.000000 0.382690
vn -0.923877 -0.000000 0.382690
vn -0.000100 0.000100 1.000000
vn -0.000100 -0.000000 1.000000
vn -0.000100 -0.000000 1.000000
vn -0.878838 0.000000 -0.477121
vn -0.980784 0.000000 -0.195097
vn -0.994525 -0.000000 0.104503
vn -0.777177 -0.000000 0.629282
vn -0.555577 -0.000000 0.831465
vn -0.284098 -0.000000 0.958795
vn -0.284007 -0.000000 0.958822
vn -0.555577 -0.000000 0.831465
vn -0.777177 -0.000000 0.629282
vn -0.994525 -0.000000 0.104503
vn -0.980784 0.000000 -0.195097
vn -0.878796 0.000000 -0.477198
vn -0.981590 0.000000 -0.190998
vn -0.994313 -0.000000 0.106501
vn -0.923877 -0.000000 0.382690
vn -0.773587 -0.000000 0.633690
vn -0.552090 -0.000000 0.833785
vn -0.282096 -0.000000 0.959386
vn 0.000000 -0.000000 1.000000
vn 0.000000 -0.000000 1.000000
vn 0.000000 -0.000000 1.000000
vn 0.000000 -0.000000 1.000000
vn 0.000000 -0.000000 1.000000
vn 0.000000 -0.000000 1.000000
vn 0.000000 -0.000000 1.000000
vn 1.000000 -0.000000 0.000100
vn 1.000000 -0.000000 0.000100
vn 0.368095 -0.000000 0.929788
vn 0.707107 -0.000000 0.707107
vn 0.929788 -0.000000 0.368095
vn 0.929788 -0.000000 0.368095
vn 0.707107 -0.000000 0.707107
vn 0.368095 -0.000000 0.929788
vn 1.000000 0.000000 0.000000
vn 1.000000 0.000000 0.000000
vn 1.000000 0.000000 0.000000
vn 1.000000 0.000000 0.000000
vn 1.000000 0.000000 0.000000
vn 1.000000 0.000000 0.000000
vn 1.000000 0.000000 0.000000
vn 1.000000 0.000000 0.000000
vn 0.382605 0.000000 -0.923912
vn 0.382605 0.000000 -0.923912
vn -0.707057 0.000100 -0.707157
vn -0.707057 0.000000 -0.707157
vn -0.707057 0.000000 -0.707157
vn 0.958822 0.000000 -0.284007
vn 0.831511 0.000000 -0.555508
vn 0.629330 0.000000 -0.777138
vn 0.104503 0.000000 -0.994525
vn -0.195001 0.000000 -0.980803
vn -0.477121 0.000000 -0.878838
vn -0.477121 0.000000 -0.878838
vn -0.195001 0.000000 -0.980803
vn 0.104503 0.000000 -0.994525
vn 0.629330 0.000000 -0.777138
vn 0.831511 0.000000 -0.555508
vn 0.958822 0.000000 -0.284007
vn 0.829100 0.000000 -0.559100
vn 0.627727 0.000000 -0.778434
vn 0.382690 0.000000 -0.923877
vn 0.099405 0.000000 -0.995047
vn -0.199192 0.000000 -0.979960
vn -0.478929 0.000000 -0.877854
vn -0.707107 0.000000 -0.707107
vn -0.707107 0.000000 -0.707107
vn -0.707107 0.000000 -0.707107
vn -0.707107 0.000000 -0.707107
vn -0.707107 0.000000 -0.707107
vn -0.707107 0.000000 -0.707107
vn 0.707107 0.000000 -0.707107
vn 0.707107 0.000000 -0.707107
vn 0.707107 0.000000 -0.707107
vn 0.707107 0.000000 -0.707107
vn 0.707107 0.000000 -0.707107
vn 0.707107 0.000000 -0.707107
vn 0.707107 0.000000 -0.707107
vn 0.707107 0.000000 -0.707107
vn -0.382690 0.000000 -0.923877
vn -0.382690 0.000000 -0.923877
vn -1.000000 0.000200 0.000000
vn -1.000000 0.000000 0.000000
vn -1.000000 0.000000 0.000000
vn 0.477121 0.000000 -0.878838
vn 0.194693 -0.000300 -0.980864
vn -0.104503 0.000000 -0.994525
vn -0.629330 0.000000 -0.777138
vn -0.831511 0.000000 -0.555508
vn -0.958822 0.000000 -0.284007
vn -0.958795 0.000000 -0.284099
vn -0.831465 0.000000 -0.555577
vn -0.629330 0.000000 -0.777138
vn -0.104503 0.000000 -0.994525
vn 0.194693 0.000300 -0.980864
vn 0.477121 0.000000 -0.878838
vn 0.190902 0.000000 -0.981609
vn -0.106600 0.000000 -0.994302
vn -0.382690 0.000000 -0.923877
vn -0.633690 0.000000 -0.773587
vn -0.833785 0.000000 -0.552090
vn -0.959386 0.000000 -0.282096
vn -1.000000 0.000000 0.000000
vn -1.000000 0.000000 0.000000
vn -1.000000 0.000000 0.000000
vn -1.000000 0.000000 0.000000
vn -1.000000 0.000000 0.000000
vn -1.000000 0.000000 0.000000
vn -1.000000 0.000000 0.000000
vn -0.000100 -0.000000 1.000000
vn -0.000100 -0.000000 1.000000
vn -0.929788 -0.000000 0.368095
vn -0.707107 -0.000000 0.707107
vn -0.368095 -0.000000 0.929788
vn -0.368095 -0.000000 0.929788
vn -0.707107 -0.000000 0.707107
vn -0.929788 -0.000000 0.368095
vn 0.000000 -0.000000 1.000000
vn 0.000000 -0.000000 1.000000
vn 0.000000 -0.000000 1.000000
vn 0.000000 -0.000000 1.000000
vn 0.000000 -0.000000 1.000000
vn 0.000000 -0.000000 1.000000
vn 0.000000 -0.000000 1.000000
vn 0.000000 -0.000000 1.000000
vn 0.923877 -0.000000 0.382690
vn 0.923877 -0.000000 0.382690
vn 0.707107 0.000000 -0.707107
vn 0.707107 0.000300 -0.707107
vn 0.284007 -0.000000 0.958822
vn 0.555508 -0.000000 0.831511
vn 0.777138 -0.000000 0.629331
vn 0.994525 -0.000000 0.104503
vn 0.980784 0.000000 -0.195097
vn 0.878838 0.000000 -0.477121
vn 0.878838 0.000000 -0.477121
vn 0.980784 0.000000 -0.195097
vn 0.994525 -0.000000 0.104503
vn 0.777138 -0.000000 0.629331
vn 0.555508 -0.000000 0.831511
vn 0.284007 -0.000000 0.958822
vn 0.559031 -0.000000 0.829147
vn 0.778434 -0.000000 0.627727
vn 0.923877 -0.000000 0.382690
vn 0.995097 -0.000000 0.098900
vn 0.979960 0.000000 -0.199192
vn 0.877811 0.000000 -0.479006
vn 0.707107 0.000000 -0.707107
vn 0.707107 0.000000 -0.707107
vn -0.707107 0.000000 -0.707107
vn -0.707107 0.000000 -0.707107
vn 0.566597 0.000000 -0.823995
vn 0.397212 0.000000 -0.917727
vn 0.204897 0.000000 -0.978784
vn 0.000000 0.000000 -1.000000
vn -0.204897 0.000000 -0.978784
vn -0.397212 0.000000 -0.917727
vn -0.566597 0.000000 -0.823995
vn -0.566597 0.000000 -0.823995
vn -0.397212 0.000000 -0.917727
vn -0.204897 0.000000 -0.978784
vn 0.000000 0.000000 -1.000000
vn 0.204897 0.000000 -0.978784
vn 0.397212 0.000000 -0.917727
vn 0.566597 0.000000 -0.823995
vn -0.707107 0.000000 -0.707107
vn -0.707107 0.000000 -0.707107
vn -0.707107 0.000000 -0.707107
vn -0.707107 0.000000 -0.707107
vn -0.707107 -0.000000 0.707107
vn -0.707107 -0.000000 0.707107
vn -0.707107 -0.000000 0.707107
vn -0.707107 -0.000000 0.707107
vn 0.000000 -0.000000 1.000000
vn 0.000000 -0.000000 1.000000
vn 0.000000 -0.000000 1.000000
vn 0.000000 -0.000000 1.000000
vn 0.707107 -0.000000 0.707107
vn 0.707107 -0.000000 0.707107
vn 0.707107 -0.000000 0.707107
vn 0.707107 -0.000000 0.707107
vn 0.707107 0.000000 -0.707107
vn 0.707107 0.000000 -0.707107
vn 0.707107 0.000000 -0.707107
vn 0.707107 0.000000 -0.707107
vn -0.707107 -0.000000 0.707107
vn -0.707107 -0.000000 0.707107
vn -0.707107 -0.000000 0.707107
vn 0.382690 -0.000000 0.923877
vn 1.000000 0.000100 0.000000
vn 1.000000 0.000000 0.000000
vn 1.000000 0.000000 0.000000
vn -0.477121 -0.000000 0.878838
vn -0.194789 -0.000300 0.980845
vn 0.104503 -0.000000 0.994525
vn 0.382690 -0.000000 0.923877
vn 0.629330 -0.000000 0.777138
vn 0.831465 -0.000000 0.555577
vn 0.958795 -0.000000 0.284099
vn 0.958795 -0.000000 0.284099
vn 0.831465 -0.000000 0.555577
vn 0.629330 -0.000000 0.777138
vn 0.104503 -0.000000 0.994525
vn -0.194789 0.000300 0.980845
vn -0.477121 -0.000000 0.878838
vn 0.106600 -0.000000 0.994302
vn -0.190998 -0.000000 0.981590
vn 0.382690 -0.000000 0.923877
vn 0.633412 -0.000000 0.773815
vn 0.833785 -0.000000 0.552090
vn 0.959413 -0.000000 0.282004
vn 1.000000 0.000000 0.000000
vn 1.000000 0.000000 0.000000
vn 1.000000 0.000000 0.000000
vn 1.000000 0.000000 0.000000
vn 1.000000 0.000000 0.000000
vn 1.000000 0.000000 0.000000
vn 1.000000 0.000000 0.000000
vn 0.000100 0.000000 -1.000000
vn 0.000100 0.000000 -1.000000
vn 0.929788 0.000000 -0.368095
vn 0.707107 0.000000 -0.707107
vn 0.368095 0.000000 -0.929788
vn 0.368095 0.000000 -0.929788
vn 0.707107 0.000000 -0.707107
vn 0.929788 0.000000 -0.368095
vn 0.000000 0.000000 -1.000000
vn 0.000000 0.000000 -1.000000
vn 0.000000 0.000000 -1.000000
vn 0.000000 0.000000 -1.000000
vn 0.000000 0.000000 -1.000000
vn 0.000000 0.000000 -1.000000
vn -0.000100 0.000000 -1.000000
vn 0.000000 0.000000 -1.000000
vn -0.923877 0.000000 -0.382690
vn -0.707107 0.000200 0.707107
vn -0.707107 -0.000000 0.707107
vn -0.707107 -0.000000 0.707107
vn -0.284007 0.000000 -0.958822
vn -0.555508 0.000100 -0.831511
vn -0.777138 0.000000 -0.629331
vn -0.994525 0.000000 -0.104503
vn -0.980784 -0.000000 0.195097
vn -0.878838 -0.000000 0.477121
vn -0.878838 -0.000000 0.477121
vn -0.980784 -0.000000 0.195097
vn -0.994525 0.000000 -0.104503
vn -0.923877 0.000000 -0.382690
vn -0.777138 0.000000 -0.629331
vn -0.555577 0.000000 -0.831465
vn -0.284007 0.000000 -0.958822
vn -0.559100 0.000000 -0.829100
vn -0.778434 0.000000 -0.627727
vn -0.923877 0.000000 -0.382690
vn -0.995088 0.000000 -0.098999
vn -0.979960 -0.000000 0.199192
vn -0.877876 -0.000000 0.478887
vn -0.707107 -0.000000 0.707107
vn -0.707107 -0.000000 0.707107
vn -0.707107 -0.000000 0.707107
vn -0.707107 -0.000000 0.707107
vn -0.707107 -0.000000 0.707107
vn -0.707107 -0.000000 0.707107
vn 0.707107 -0.000000 0.707107
vn 0.707107 -0.000000 0.707107
vn 0.707107 -0.000000 0.707107
vn 0.707107 -0.000000 0.707107
vn 0.707107 -0.000000 0.707107
vn 0.707107 -0.000000 0.707107
vn 0.707107 -0.000000 0.707107
vn 0.707107 -0.000000 0.707107
vn 0.707107 -0.000000 0.707107
vn 0.923877 0.000000 -0.382690
vn 0.923877 0.000000 -0.382690
vn 0.000000 0.000100 -1.000000
vn 0.000000 0.000000 -1.000000
vn 0.000000 0.000000 -1.000000
vn 0.878838 -0.000000 0.477121
vn 0.980864 -0.000200 0.194693
vn 0.994525 0.000000 -0.104503
vn 0.777089 0.000000 -0.629391
vn 0.555623 0.000000 -0.831434
vn 0.284007 0.000000 -0.958822
vn 0.284007 0.000000 -0.958822
vn 0.555623 0.000000 -0.831434
vn 0.777089 0.000000 -0.629391
vn 0.994525 0.000000 -0.104503
vn 0.980864 0.000200 0.194693
vn 0.878838 -0.000000 0.477121
vn 0.981590 -0.000000 0.190998
vn 0.994313 0.000000 -0.106501
vn 0.923877 0.000000 -0.382690
vn 0.773587 0.000000 -0.633690
vn 0.552090 0.000000 -0.833785
vn 0.282004 0.000000 -0.959413
vn 0.000000 0.000000 -1.000000
vn 0.000000 0.000000 -1.000000
vn 0.000000 0.000000 -1.000000
vn 0.000000 0.000000 -1.000000
vn 0.000000 0.000000 -1.000000
vn -0.000100 0.000000 -1.000000
vn -0.000100 0.000000 -1.000000
vn -1.000000 0.000000 0.000000
vn -1.000000 0.000000 0.000000
vn -0.368095 0.000000 -0.929788
vn -0.707107 0.000000 -0.707107
vn -0.929788 0.000000 -0.368095
vn -0.929788 0.000000 -0.368095
vn -0.707107 0.000000 -0.707107
vn -0.368095 0.000000 -0.929788
vn -1.000000 0.000000 0.000000
vn -1.000000 0.000000 0.000000
vn -1.000000 0.000000 0.000000
vn -1.000000 0.000000 0.000000
vn -1.000000 0.000000 0.000000
vn -1.000000 0.000000 0.000000
vn -1.000000 0.000000 0.000000
vn -1.000000 0.000000 0.000000
vn -0.382690 -0.000000 0.923877
vn -0.382690 -0.000000 0.923877
vn 0.707107 0.000200 0.707107
vn 0.707107 -0.000000 0.707107
vn 0.707107 -0.000000 0.707107
vn -0.958822 -0.000000 0.284007
vn -0.831511 -0.000000 0.555508
vn -0.629330 -0.000000 0.777138
vn -0.104503 -0.000000 0.994525
vn 0.195097 -0.000000 0.980784
vn 0.477121 -0.000000 0.878838
vn 0.477121 -0.000000 0.878838
vn 0.195097 -0.000000 0.980784
vn -0.104503 -0.000000 0.994525
vn -0.629330 -0.000000 0.777138
vn -0.831511 -0.000000 0.555508
vn -0.958822 -0.000000 0.284007
vn -0.829146 -0.000000 0.559031
vn -0.627727 -0.000000 0.778434
vn -0.382690 -0.000000 0.923877
vn -0.099296 -0.000000 0.995058
vn 0.199192 -0.000000 0.979960
vn 0.479006 -0.000000 0.877812
vn 1.000000 0.000000 0.000000
vn 1.000000 0.000000 0.000000
vn 0.926295 0.000000 -0.376798
vn 0.926295 0.000000 -0.376798
vn 0.995352 0.000000 -0.096305
vn 0.981395 0.000000 -0.191999
vn 0.958200 0.000000 -0.286100
vn 0.958200 0.000000 -0.286100
vn 0.981395 0.000000 -0.191999
vn 0.995352 0.000000 -0.096305
vn 0.926260 0.000000 -0.376884
vn 0.926260 0.000000 -0.376884
vn -0.707107 0.000000 -0.707107
vn -0.707107 0.000000 -0.707107
vn 0.808710 0.000000 -0.588207
vn 0.638077 0.000000 -0.769972
vn 0.427708 0.000000 -0.903917
vn 0.198193 0.000000 -0.980163
vn -0.042999 0.000000 -0.999075
vn -0.288797 0.000000 -0.957390
vn -0.516685 0.000000 -0.856175
vn -0.516685 0.000000 -0.856175
vn -0.288797 0.000000 -0.957390
vn -0.042999 0.000000 -0.999075
vn 0.198193 0.000000 -0.980163
vn 0.427708 0.000000 -0.903917
vn 0.638077 0.000000 -0.769972
vn 0.808710 0.000000 -0.588207
vn -0.707107 0.000000 -0.707107
vn -0.707107 0.000000 -0.707107
vn -0.707107 0.000000 -0.707107
vn -0.707107 0.000000 -0.707107
vn -0.707107 0.000000 -0.707107
vn -0.707107 0.000000 -0.707107
vn -0.707107 -0.000000 0.707107
vn -0.707107 -0.000000 0.707107
vn -0.917743 0.000000 -0.397175
vn -1.000000 0.000000 0.000000
vn -0.917727 -0.000000 0.397212
vn -0.917727 -0.000000 0.397212
vn -1.000000 0.000000 0.000000
vn -0.917743 0.000000 -0.397175
vn -0.707107 -0.000000 0.707107
vn -0.707107 -0.000000 0.707107
vn -0.707107 -0.000000 0.707107
vn -0.707107 -0.000000 0.707107
vn -0.707107 -0.000000 0.707107
vn -0.707107 -0.000000 0.707107
vn 0.198193 -0.000000 0.980163
vn 0.198193 -0.000000 0.980163
vn 0.926260 -0.000000 0.376884
vn 0.926260 -0.000000 0.376884
vn -0.516685 -0.000000 0.856175
vn -0.288797 -0.000000 0.957390
vn -0.042999 -0.000000 0.999075
vn 0.427708 -0.000000 0.903917
vn 0.638077 -0.000000 0.769972
vn 0.808710 -0.000000 0.588207
vn 0.808710 -0.000000 0.588207
vn 0.638077 -0.000000 0.769972
vn 0.427708 -0.000000 0.903917
vn -0.042999 -0.000000 0.999075
vn -0.288797 -0.000000 0.957390
vn -0.516685 -0.000000 0.856175
vn 0.926295 -0.000000 0.376798
vn 0.926295 -0.000000 0.376798
vn 1.000000 0.000000 0.000000
vn 1.000000 0.000000 0.000000
vn 0.958172 -0.000000 0.286192
vn 0.981395 -0.000000 0.191999
vn 0.995352 -0.000000 0.096305
vn 0.995352 -0.000000 0.096305
vn 0.981395 -0.000000 0.191999
vn 0.958172 -0.000000 0.286192
vn 0.000000 -0.000000 1.000000
vn 0.000000 -0.000000 1.000000
vn 0.785394 -0.000000 0.618996
vn 0.972286 0.000000 -0.233797
vn 0.972286 0.000000 -0.233797
vn 0.418221 0.000000 -0.908345
vn 0.418221 0.000000 -0.908345
vn -0.454598 0.000000 -0.890697
vn -0.454598 0.000000 -0.890697
vn 0.221089 -0.000000 0.975254
vn 0.436502 -0.000000 0.899703
vn 0.629112 -0.000000 0.777315
vn 0.785394 -0.000000 0.618996
vn 0.902824 -0.000000 0.430011
vn 0.976811 -0.000000 0.214102
vn 0.999915 0.000000 -0.013000
vn 0.896517 0.000000 -0.443009
vn 0.772775 0.000000 -0.634680
vn 0.608763 0.000000 -0.793352
vn 0.207008 0.000000 -0.978339
vn -0.020200 0.000000 -0.999796
vn -0.246392 0.000000 -0.969170
vn -0.246392 0.000000 -0.969170
vn -0.020200 0.000000 -0.999796
vn 0.207008 0.000000 -0.978339
vn 0.608763 0.000000 -0.793352
vn 0.772775 0.000000 -0.634680
vn 0.896517 0.000000 -0.443009
vn 0.999915 0.000000 -0.013000
vn 0.976811 -0.000000 0.214102
vn 0.902824 -0.000000 0.430011
vn 0.629112 -0.000000 0.777315
vn 0.436502 -0.000000 0.899703
vn 0.221089 -0.000000 0.975254
vn -0.454519 0.000000 -0.890737
vn -0.454598 0.000000 -0.890697
vn -0.454598 0.000000 -0.890697
vn -0.264310 0.000000 -0.964438
vn -0.264310 0.000000 -0.964438
vn -0.454598 0.000000 -0.890697
vn -0.264310 0.000000 -0.964438
vn -0.360486 0.000000 -0.932765
vn -0.360312 0.000000 -0.932832
vn -0.407910 0.000000 -0.913022
vn -0.407789 0.000000 -0.913076
vn -0.360312 0.000000 -0.932832
vn -0.408114 0.000000 -0.912931
vn -0.361317 0.000000 -0.932443
vn -0.361317 0.000000 -0.932443
vn -0.312595 0.000000 -0.949886
vn -0.312505 0.000000 -0.949916
vn -0.312505 0.000000 -0.949916
vn -0.264403 0.000000 -0.964412
vn -0.991076 -0.000000 0.133297
vn -0.991076 -0.000000 0.133297
vn 0.000000 -0.000000 1.000000
vn 0.000000 -0.000000 1.000000
vn -0.264403 0.000000 -0.964412
vn -0.264310 0.000000 -0.964438
vn -0.576793 0.000000 -0.816890
vn -0.833831 0.000000 -0.552020
vn -0.977292 0.000000 -0.211898
vn -0.886512 -0.000000 0.462706
vn -0.658278 -0.000000 0.752775
vn -0.340394 -0.000000 0.940283
vn -0.340394 -0.000000 0.940283
vn -0.658278 -0.000000 0.752775
vn -0.886512 -0.000000 0.462706
vn -0.977292 0.000000 -0.211898
vn -0.833831 0.000000 -0.552020
vn -0.576793 0.000000 -0.816890
vn 0.000000 -0.000000 1.000000
vn 0.000000 -0.000000 1.000000
vn 0.000000 -0.000000 1.000000
vn 0.000000 -0.000000 1.000000
vn 0.000000 -0.000000 1.000000
vn 0.000000 -0.000000 1.000000
vn 0.991063 -0.000000 0.133395
vn 0.264403 0.000000 -0.964412
vn 0.264403 0.000000 -0.964412
vn 0.340305 -0.000000 0.940315
vn 0.658278 -0.000000 0.752775
vn 0.886512 -0.000000 0.462706
vn 0.991063 -0.000000 0.133395
vn 0.977292 0.000000 -0.211898
vn 0.833831 0.000000 -0.552020
vn 0.576793 0.000000 -0.816890
vn 0.576793 0.000000 -0.816890
vn 0.833831 0.000000 -0.552020
vn 0.977292 0.000000 -0.211898
vn 0.886512 -0.000000 0.462706
vn 0.658278 -0.000000 0.752775
vn 0.340305 -0.000000 0.940315
vn 0.264310 0.000000 -0.964438
vn 0.264310 0.000000 -0.964438
vn 0.264310 0.000000 -0.964438
vn 0.454598 0.000000 -0.890697
vn 0.264310 0.000000 -0.964438
vn 0.360105 0.000000 -0.932912
vn 0.360312 0.000000 -0.932832
vn 0.312595 0.000000 -0.949886
vn 0.312505 0.000000 -0.949916
vn 0.360312 0.000000 -0.932832
vn 0.312896 0.000000 -0.949787
vn 0.361317 0.000000 -0.932443
vn 0.454598 0.000000 -0.890697
vn 0.361317 0.000000 -0.932443
vn 0.454598 0.000000 -0.890697
vn 0.407585 0.000000 -0.913167
vn 0.407789 0.000000 -0.913076
vn 0.408114 0.000000 -0.912931
vn 0.454519 0.000000 -0.890737
vn -0.418183 0.000000 -0.908363
vn -0.972286 0.000000 -0.233797
vn -0.972286 0.000000 -0.233797
vn -0.785394 -0.000000 0.618996
vn -0.785394 -0.000000 0.618996
vn 0.000000 -0.000000 1.000000
vn 0.000000 -0.000000 1.000000
vn 0.454519 0.000000 -0.890737
vn 0.454598 0.000000 -0.890697
vn 0.246392 0.000000 -0.969170
vn 0.020200 0.000000 -0.999796
vn -0.207104 0.000000 -0.978319
vn -0.608700 0.000000 -0.793400
vn -0.772735 0.000000 -0.634729
vn -0.896517 0.000000 -0.443009
vn -0.999915 0.000000 -0.013000
vn -0.976811 -0.000000 0.214102
vn -0.902842 -0.000000 0.429972
vn -0.629112 -0.000000 0.777315
vn -0.436502 -0.000000 0.899703
vn -0.221206 -0.000000 0.975227
vn -0.221206 -0.000000 0.975227
vn -0.436502 -0.000000 0.899703
vn -0.629112 -0.000000 0.777315
vn -0.902842 -0.000000 0.429972
vn -0.976811 -0.000000 0.214102
vn -0.999915 0.000000 -0.013000
vn -0.896517 0.000000 -0.443009
vn -0.772735 0.000000 -0.634729
vn -0.608700 0.000000 -0.793400
vn -0.418183 0.000000 -0.908363
vn -0.207104 0.000000 -0.978319
vn 0.020200 0.000000 -0.999796
vn 0.246392 0.000000 -0.969170
vn 0.000000 -0.000000 1.000000
vn 0.000000 -0.000000 1.000000
vn 0.000000 -0.000000 1.000000
vn 0.000000 -0.000000 1.000000
vn 1.000000 0.000000 0.000000
vn 1.000000 0.000000 0.000000
vn 0.681563 0.000000 -0.731760
vn 0.681563 0.000000 -0.731760
vn -0.070998 0.000000 -0.997476
vn -0.070998 0.000000 -0.997476
vn -0.989923 -0.000000 0.141603
vn -0.989923 -0.000000 0.141603
vn 0.916943 0.000000 -0.399019
vn 0.333008 0.000000 -0.942924
vn -0.463102 0.000000 -0.886305
vn -0.778296 0.000000 -0.627897
vn -0.964194 0.000000 -0.265198
vn -0.964194 0.000000 -0.265198
vn -0.778296 0.000000 -0.627897
vn -0.463102 0.000000 -0.886305
vn 0.333008 0.000000 -0.942924
vn 0.916943 0.000000 -0.399019
vn -0.989923 -0.000000 0.141603
vn -0.989923 -0.000000 0.141603
vn -0.989923 -0.000000 0.141603
vn -1.000000 0.000000 0.000000
vn -1.000000 0.000000 0.000000
vn -0.989923 0.000000 -0.141603
vn -0.989923 -0.000000 0.141603
vn -0.997512 -0.000000 0.070501
vn -0.997512 0.000000 -0.070501
vn -0.989923 0.000000 -0.141603
vn -0.997512 0.000000 -0.070501
vn -0.997512 -0.000000 0.070501
vn -0.989923 0.000000 -0.141603
vn -0.989923 0.000000 -0.141603
vn -0.070998 -0.000000 0.997476
vn -0.070998 -0.000000 0.997476
vn 1.000000 0.000000 0.000000
vn 1.000000 0.000000 0.000000
vn -0.989923 0.000000 -0.141603
vn -0.989923 0.000000 -0.141603
vn -0.964194 -0.000000 0.265198
vn -0.778296 -0.000000 0.627897
vn -0.463102 -0.000000 0.886305
vn 0.333008 -0.000000 0.942924
vn 0.681563 -0.000000 0.731760
vn 0.916943 -0.000000 0.399019
vn 0.916943 -0.000000 0.399019
vn 0.681563 -0.000000 0.731760
vn 0.333008 -0.000000 0.942924
vn -0.463102 -0.000000 0.886305
vn -0.778296 -0.000000 0.627897
vn -0.964194 -0.000000 0.265198
vn 1.000000 0.000000 0.000000
vn 1.000000 0.000000 0.000000
vn 1.000000 0.000000 0.000000
vn 1.000000 0.000000 0.000000
vn -0.890697 0.000000 -0.454598
vn -0.890697 0.000000 -0.454598
vn -0.233796 -0.000000 0.972286
vn -0.233796 -0.000000 0.972286
vn 1.000000 0.000000 0.000000
vn 1.000000 0.000000 0.000000
vn -0.969170 0.000000 -0.246392
vn -0.999796 0.000000 -0.020200
vn -0.978339 -0.000000 0.207008
vn -0.908363 -0.000000 0.418183
vn -0.793400 -0.000000 0.608700
vn -0.634680 -0.000000 0.772775
vn -0.442888 -0.000000 0.896577
vn -0.013000 -0.000000 0.999915
vn 0.214102 -0.000000 0.976811
vn 0.430011 -0.000000 0.902824
vn 0.618996 -0.000000 0.785394
vn 0.777315 -0.000000 0.629112
vn 0.899703 -0.000000 0.436502
vn 0.975254 -0.000000 0.221089
vn 0.975254 -0.000000 0.221089
vn 0.899703 -0.000000 0.436502
vn 0.777315 -0.000000 0.629112
vn 0.618996 -0.000000 0.785394
vn 0.430011 -0.000000 0.902824
vn 0.214102 -0.000000 0.976811
vn -0.013000 -0.000000 0.999915
vn -0.442888 -0.000000 0.896577
vn -0.634680 -0.000000 0.772775
vn -0.793400 -0.000000 0.608700
vn -0.908363 -0.000000 0.418183
vn -0.978339 -0.000000 0.207008
vn -0.999796 0.000000 -0.020200
vn -0.969170 0.000000 -0.246392
vn -0.890697 0.000000 -0.454598
vn 1.000000 0.000000 0.000000
vn 1.000000 0.000000 0.000000
vn 1.000000 0.000000 0.000000
vn 1.000000 0.000000 0.000000
vn 1.000000 0.000000 0.000000
vn 1.000000 0.000000 0.000000
vn 0.133297 0.000000 -0.991076
vn 0.133297 0.000000 -0.991076
vn -0.964412 0.000000 -0.264403
vn -0.964412 0.000000 -0.264403
vn 0.940315 0.000000 -0.340305
vn 0.752775 0.000000 -0.658278
vn 0.462706 0.000000 -0.886512
vn -0.211898 0.000000 -0.977292
vn -0.552020 0.000000 -0.833831
vn -0.816890 0.000000 -0.576793
vn -0.816890 0.000000 -0.576793
vn -0.552020 0.000000 -0.833831
vn -0.211898 0.000000 -0.977292
vn 0.462706 0.000000 -0.886512
vn 0.752775 0.000000 -0.658278
vn 0.940315 0.000000 -0.340305
vn -0.964412 0.000000 -0.264403
vn -0.964412 0.000000 -0.264403
vn -0.964438 0.000000 -0.264310
vn -0.890697 0.000000 -0.454598
vn -0.890697 0.000000 -0.454598
vn -0.932764 0.000000 -0.360486
vn -0.913167 0.000000 -0.407585
vn -0.932832 0.000000 -0.360312
vn -0.913076 0.000000 -0.407789
vn -0.932832 0.000000 -0.360312
vn -0.912931 0.000000 -0.408114
vn -0.964438 0.000000 -0.264310
vn -0.949886 0.000000 -0.312596
vn -0.949916 0.000000 -0.312505
vn -0.949787 0.000000 -0.312896
vn -0.932443 0.000000 -0.361317
vn -0.890697 0.000000 -0.454598
vn -0.932443 0.000000 -0.361317
vn 0.000000 0.000000 -1.000000
vn 0.000000 0.000000 -1.000000
vn 0.141603 0.000000 -0.989923
vn 0.141603 0.000000 -0.989923
vn 0.070998 0.000000 -0.997476
vn 0.070998 0.000000 -0.997476
vn 0.141603 0.000000 -0.989923
vn 0.141603 0.000000 -0.989923
vn 0.141603 0.000000 -0.989923
vn -0.997476 0.000000 -0.070998
vn -0.997476 0.000000 -0.070998
vn 0.000000 -0.000000 1.000000
vn 0.000000 -0.000000 1.000000
vn 0.141603 0.000000 -0.989923
vn -0.265198 0.000000 -0.964194
vn -0.627897 0.000000 -0.778296
vn -0.886305 0.000000 -0.463102
vn -0.942955 -0.000000 0.332920
vn -0.731810 -0.000000 0.681509
vn -0.399019 -0.000000 0.916943
vn -0.399019 -0.000000 0.916943
vn -0.731810 -0.000000 0.681509
vn -0.942955 -0.000000 0.332920
vn -0.886305 0.000000 -0.463102
vn -0.627897 0.000000 -0.778296
vn -0.265198 0.000000 -0.964194
vn 0.000000 -0.000000 1.000000
vn 0.000000 -0.000000 1.000000
vn 0.000000 -0.000000 1.000000
vn 0.000000 -0.000000 1.000000
vn 0.000000 -0.000000 1.000000
vn 0.000000 -0.000000 1.000000
vn 0.997476 0.000000 -0.070998
vn 0.997476 0.000000 -0.070998
vn -0.141603 0.000000 -0.989923
vn 0.399019 -0.000000 0.916943
vn 0.731760 -0.000000 0.681563
vn 0.942924 -0.000000 0.333008
vn 0.886305 0.000000 -0.463102
vn 0.627897 0.000000 -0.778296
vn 0.265198 0.000000 -0.964194
vn 0.265198 0.000000 -0.964194
vn 0.627897 0.000000 -0.778296
vn 0.886305 0.000000 -0.463102
vn 0.942924 -0.000000 0.333008
vn 0.731760 -0.000000 0.681563
vn 0.399019 -0.000000 0.916943
vn -0.141603 0.000000 -0.989923
vn -0.141603 0.000000 -0.989923
vn -0.141603 0.000000 -0.989923
vn -0.141603 0.000000 -0.989923
vn 0.000000 0.000000 -1.000000
vn 0.000000 0.000000 -1.000000
vn -0.141603 0.000000 -0.989923
vn -0.106402 0.000000 -0.994323
vn -0.070998 0.000000 -0.997476
vn -0.035499 0.000000 -0.999370
vn -0.035499 0.000000 -0.999370
vn -0.070998 0.000000 -0.997476
vn -0.106402 0.000000 -0.994323
vn -0.964412 -0.000000 0.264403
vn -0.964412 -0.000000 0.264403
vn 1.000000 -0.000000 0.000100
vn 1.000000 -0.000000 0.000100
vn -0.816890 -0.000000 0.576793
vn -0.552020 -0.000000 0.833831
vn -0.211898 -0.000000 0.977292
vn 0.133395 -0.000000 0.991063
vn 0.462706 -0.000000 0.886512
vn 0.752775 -0.000000 0.658278
vn 0.940315 -0.000000 0.340305
vn 0.940315 -0.000000 0.340305
vn 0.752775 -0.000000 0.658278
vn 0.462706 -0.000000 0.886512
vn 0.133395 -0.000000 0.991063
vn -0.211898 -0.000000 0.977292
vn -0.552020 -0.000000 0.833831
vn -0.816890 -0.000000 0.576793
vn -0.964412 -0.000000 0.264403
vn 1.000000 0.000000 0.000000
vn 1.000000 0.000000 0.000000
vn 1.000000 0.000000 0.000000
vn 1.000000 0.000000 0.000000
vn 1.000000 0.000000 0.000000
vn 1.000000 0.000000 0.000000
vn -0.233796 0.000000 -0.972286
vn -0.233796 0.000000 -0.972286
vn -0.890737 -0.000000 0.454519
vn -0.890737 -0.000000 0.454519
vn 0.975254 0.000000 -0.221089
vn 0.899703 0.000000 -0.436502
vn 0.777266 0.000000 -0.629172
vn 0.618996 0.000000 -0.785394
vn 0.430011 0.000000 -0.902824
vn 0.214102 0.000000 -0.976811
vn -0.013100 0.000000 -0.999914
vn -0.442888 0.000000 -0.896577
vn -0.634729 0.000000 -0.772735
vn -0.793400 0.000000 -0.608700
vn -0.908345 0.000000 -0.418221
vn -0.978319 0.000000 -0.207104
vn -0.999796 -0.000000 0.020200
vn -0.969170 -0.000000 0.246392
vn -0.969170 -0.000000 0.246392
vn -0.999796 -0.000000 0.020200
vn -0.978319 0.000000 -0.207104
vn -0.908345 0.000000 -0.418221
vn -0.793400 0.000000 -0.608700
vn -0.634729 0.000000 -0.772735
vn -0.442888 0.000000 -0.896577
vn -0.013100 0.000000 -0.999914
vn 0.214102 0.000000 -0.976811
vn 0.430011 0.000000 -0.902824
vn 0.618996 0.000000 -0.785394
vn 0.777266 0.000000 -0.629172
vn 0.899703 0.000000 -0.436502
vn 0.975254 0.000000 -0.221089
vn -0.890737 -0.000000 0.454519
vn -0.890697 -0.000000 0.454598
vn -0.890697 -0.000000 0.454598
vn -0.964412 -0.000000 0.264403
vn -0.964438 -0.000000 0.264310
vn -0.890697 -0.000000 0.454598
vn -0.932764 -0.000000 0.360486
vn -0.949886 -0.000000 0.312596
vn -0.932878 -0.000000 0.360192
vn -0.949946 -0.000000 0.312415
vn -0.932832 -0.000000 0.360312
vn -0.949886 -0.000000 0.312596
vn -0.913022 -0.000000 0.407910
vn -0.913076 -0.000000 0.407789
vn -0.913022 -0.000000 0.407910
vn -0.932832 -0.000000 0.360312
vn -0.964412 -0.000000 0.264403
vn -0.932832 -0.000000 0.360312
vn 0.000000 -0.000000 1.000000
vn 0.000000 -0.000000 1.000000
vn 0.376798 -0.000000 0.926295
vn 0.376798 -0.000000 0.926295
vn 0.096305 -0.000000 0.995352
vn 0.191999 -0.000000 0.981395
vn 0.286311 -0.000000 0.958137
vn 0.286311 -0.000000 0.958137
vn 0.191999 -0.000000 0.981395
vn 0.096305 -0.000000 0.995352
vn 0.376798 -0.000000 0.926295
vn 0.376798 -0.000000 0.926295
vn 0.707107 0.000000 -0.707107
vn 0.707107 0.000000 -0.707107
vn 0.588207 -0.000000 0.808710
vn 0.769972 -0.000000 0.638077
vn 0.903917 -0.000000 0.427708
vn 0.980163 -0.000000 0.198193
vn 0.999075 0.000000 -0.042999
vn 0.957390 0.000000 -0.288797
vn 0.856175 0.000000 -0.516685
vn 0.856175 0.000000 -0.516685
vn 0.957390 0.000000 -0.288797
vn 0.999075 0.000000 -0.042999
vn 0.980163 -0.000000 0.198193
vn 0.903917 -0.000000 0.427708
vn 0.769972 -0.000000 0.638077
vn 0.588207 -0.000000 0.808710
vn 0.707107 0.000000 -0.707107
vn 0.707107 0.000000 -0.707107
vn 0.707107 0.000000 -0.707107
vn 0.707107 0.000000 -0.707107
vn 0.707107 0.000000 -0.707107
vn 0.707107 0.000000 -0.707107
vn -0.707107 0.000000 -0.707107
vn -0.707107 0.000000 -0.707107
vn 0.397212 0.000000 -0.917727
vn 0.000000 0.000000 -1.000000
vn -0.397212 0.000000 -0.917727
vn -0.397212 0.000000 -0.917727
vn 0.000000 0.000000 -1.000000
vn 0.397212 0.000000 -0.917727
vn -0.707107 0.000000 -0.707107
vn -0.707107 0.000000 -0.707107
vn -0.707107 0.000000 -0.707107
vn -0.707107 0.000000 -0.707107
vn -0.707107 0.000000 -0.707107
vn -0.707107 0.000000 -0.707107
vn -0.376798 -0.000000 0.926295
vn -0.376798 -0.000000 0.926295
vn -0.856175 0.000000 -0.516685
vn -0.957390 0.000000 -0.288797
vn -0.999075 0.000000 -0.042999
vn -0.980163 -0.000000 0.198193
vn -0.903917 -0.000000 0.427708
vn -0.769972 -0.000000 0.638077
vn -0.588207 -0.000000 0.808710
vn -0.588207 -0.000000 0.808710
vn -0.769972 -0.000000 0.638077
vn -0.903917 -0.000000 0.427708
vn -0.980163 -0.000000 0.198193
vn -0.999075 0.000000 -0.042999
vn -0.957390 0.000000 -0.288797
vn -0.856175 0.000000 -0.516685
vn -0.376798 -0.000000 0.926295
vn -0.376798 -0.000000 0.926295
vn 0.000000 -0.000000 1.000000
vn 0.000000 -0.000000 1.000000
vn -0.286311 -0.000000 0.958137
vn -0.191999 -0.000000 0.981395
vn -0.096305 -0.000000 0.995352
vn -0.096305 -0.000000 0.995352
vn -0.191999 -0.000000 0.981395
vn -0.286311 -0.000000 0.958137
vn 0.000000 -0.000000 1.000000
vn 0.000000 -0.000000 1.000000
vn 1.000000 0.000000 0.000000
vn 1.000000 0.000000 0.000000
vn 0.181903 -0.000000 0.983316
vn 0.368095 -0.000000 0.929788
vn 0.547201 -0.000000 0.837001
vn 0.707107 -0.000000 0.707107
vn 0.837001 -0.000000 0.547201
vn 0.929788 -0.000000 0.368095
vn 0.983316 -0.000000 0.181903
vn 0.983316 -0.000000 0.181903
vn 0.929788 -0.000000 0.368095
vn 0.837001 -0.000000 0.547201
vn 0.707107 -0.000000 0.707107
vn 0.547201 -0.000000 0.837001
vn 0.368095 -0.000000 0.929788
vn 0.181903 -0.000000 0.983316
vn 1.000000 0.000000 0.000000
vn 1.000000 0.000000 0.000000
vn 1.000000 0.000000 0.000000
vn 1.000000 0.000000 0.000000
vn 1.000000 0.000000 0.000000
vn 1.000000 0.000000 0.000000
vn 1.000000 0.000000 0.000000
vn 1.000000 0.000000 0.000000
vn -0.707107 0.000000 -0.707107
vn -0.707107 0.000000 -0.707107
vn 0.958795 0.000000 -0.284099
vn 0.831465 0.000000 -0.555577
vn 0.629391 0.000000 -0.777089
vn 0.382690 0.000000 -0.923877
vn 0.104503 0.000000 -0.994525
vn -0.195097 0.000000 -0.980784
vn -0.477198 0.000000 -0.878796
vn -0.477198 0.000000 -0.878796
vn -0.195097 0.000000 -0.980784
vn 0.104503 0.000000 -0.994525
vn 0.382690 0.000000 -0.923877
vn 0.629391 0.000000 -0.777089
vn 0.831465 0.000000 -0.555577
vn 0.958795 0.000000 -0.284099
vn -0.707107 0.000000 -0.707107
vn -0.707107 0.000000 -0.707107
vn -0.707107 0.000000 -0.707107
vn -0.707107 0.000000 -0.707107
vn -0.707107 0.000000 -0.707107
vn -0.707107 0.000000 -0.707107
vn 0.000000 -0.000000 1.000000
vn 0.000000 -0.000000 1.000000
vn -0.878838 0.000000 -0.477121
vn -0.980784 0.000000 -0.195097
vn -0.994525 -0.000000 0.104503
vn -0.923877 -0.000000 0.382690
vn -0.777138 -0.000000 0.629331
vn -0.555577 -0.000000 0.831465
vn -0.284007 -0.000000 0.958822
vn -0.284007 -0.000000 0.958822
vn -0.555577 -0.000000 0.831465
vn -0.777138 -0.000000 0.629331
vn -0.923877 -0.000000 0.382690
vn -0.994525 -0.000000 0.104503
vn -0.980784 0.000000 -0.195097
vn -0.878838 0.000000 -0.477121
vn 0.000000 -0.000000 1.000000
vn 0.000000 -0.000000 1.000000
vn 0.000000 -0.000000 1.000000
vn 0.000000 -0.000000 1.000000
vn 0.000000 -0.000000 1.000000
vn 0.000000 -0.000000 1.000000
vn 0.707107 -0.000000 0.707107
vn 0.707107 0.000000 -0.707107
vn -0.707107 0.000000 -0.707107
vn -0.707107 0.000000 -0.707107
vn 0.707057 -0.000000 0.707157
vn 0.707057 -0.000000 0.707157
vn 0.917727 -0.000000 0.397212
vn 1.000000 0.000000 0.000000
vn 0.917727 0.000000 -0.397212
vn 0.397212 0.000000 -0.917727
vn 0.000000 0.000000 -1.000000
vn -0.397212 0.000000 -0.917727
vn -0.917727 0.000000 -0.397212
vn -1.000000 0.000000 0.000000
vn -0.917727 -0.000000 0.397212
vn -0.707107 -0.000000 0.707107
vn -0.397212 -0.000000 0.917727
vn 0.000000 -0.000000 1.000000
vn 0.397212 -0.000000 0.917727
vn 0.397212 -0.000000 0.917727
vn 0.000000 -0.000000 1.000000
vn -0.397212 -0.000000 0.917727
vn -0.707107 -0.000000 0.707107
vn -0.917727 -0.000000 0.397212
vn -1.000000 0.000000 0.000000
vn -0.917727 0.000000 -0.397212
vn -0.397212 0.000000 -0.917727
vn 0.000000 0.000000 -1.000000
vn 0.397212 0.000000 -0.917727
vn 0.707107 0.000000 -0.707107
vn 0.917727 0.000000 -0.397212
vn 1.000000 0.000000 0.000000
vn 0.917727 -0.000000 0.397212
vn 0.707107 -0.000000 0.707107
vn 0.707107 0.000000 -0.707107
vn 0.707107 0.000000 -0.707107
vn 0.707107 0.000000 -0.707107
vn 0.707107 0.000000 -0.707107
vn -0.707107 0.000000 -0.707107
vn -0.707107 0.000000 -0.707107
vn -0.707107 0.000000 -0.707107
vn -0.707107 0.000000 -0.707107
vn -0.707107 -0.000000 0.707107
vn -0.707107 -0.000000 0.707107
vn -0.707107 -0.000000 0.707107
vn -0.707107 -0.000000 0.707107
vn 0.707107 -0.000000 0.707107
vn 0.707107 -0.000000 0.707107
vn 0.707107 -0.000000 0.707107
vn 0.707107 -0.000000 0.707107
vn 0.707107 -0.000000 0.707107
vn 0.707107 -0.000000 0.707107
vn 0.707107 -0.000000 0.707107
vn 0.923877 0.000000 -0.382690
vn 0.923877 0.000000 -0.382690
vn 0.000000 0.000100 -1.000000
vn 0.000000 0.000000 -1.000000
vn 0.000000 0.000000 -1.000000
vn 0.878838 -0.000000 0.477121
vn 0.980784 -0.000000 0.195097
vn 0.994525 0.000000 -0.104503
vn 0.777138 0.000000 -0.629331
vn 0.555577 0.000000 -0.831465
vn 0.284098 0.000000 -0.958795
vn 0.284098 0.000000 -0.958795
vn 0.555577 0.000000 -0.831465
vn 0.777138 0.000000 -0.629331
vn 0.994525 0.000000 -0.104503
vn 0.980784 -0.000000 0.195097
vn 0.878838 -0.000000 0.477121
vn 0.981609 -0.000000 0.190902
vn 0.994313 0.000000 -0.106501
vn 0.923877 0.000000 -0.382690
vn 0.773904 0.000000 -0.633303
vn 0.552090 0.000000 -0.833785
vn 0.282096 0.000000 -0.959386
vn 0.000000 0.000000 -1.000000
vn 0.000000 0.000000 -1.000000
vn 0.000000 0.000000 -1.000000
vn 0.000000 0.000000 -1.000000
vn 0.000000 0.000000 -1.000000
vn 0.000000 0.000000 -1.000000
vn 0.000000 0.000000 -1.000000
vn -1.000000 0.000000 -0.000100
vn -1.000000 0.000000 -0.000100
vn -0.368095 0.000000 -0.929788
vn -0.707107 0.000000 -0.707107
vn -0.929788 0.000000 -0.368095
vn -0.929788 0.000000 -0.368095
vn -0.707107 0.000000 -0.707107
vn -0.368095 0.000000 -0.929788
vn -1.000000 0.000000 0.000000
vn -1.000000 0.000000 0.000000
vn -1.000000 0.000000 0.000000
vn -1.000000 0.000000 0.000000
vn -1.000000 0.000000 0.000000
vn -1.000000 0.000000 0.000000
vn -1.000000 0.000000 0.000000
vn -1.000000 0.000000 0.000000
vn -0.382605 -0.000000 0.923912
vn -0.382605 -0.000000 0.923912
vn 0.707057 0.000100 0.707157
vn 0.707107 -0.000000 0.707107
vn 0.707057 -0.000000 0.707157
vn -0.958822 -0.000000 0.284007
vn -0.831588 0.000100 0.555392
vn -0.629330 -0.000000 0.777138
vn -0.104503 -0.000000 0.994525
vn 0.195097 -0.000000 0.980784
vn 0.477198 -0.000000 0.878796
vn 0.477198 -0.000000 0.878796
vn 0.195097 -0.000000 0.980784
vn -0.104503 -0.000000 0.994525
vn -0.629330 -0.000000 0.777138
vn -0.831588 -0.000100 0.555392
vn -0.958822 -0.000000 0.284007
vn -0.829100 -0.000000 0.559100
vn -0.627727 -0.000000 0.778434
vn -0.382605 -0.000000 0.923912
vn -0.099296 -0.000000 0.995058
vn 0.199192 -0.000000 0.979960
vn 0.478929 -0.000000 0.877854
vn 0.707107 -0.000000 0.707107
vn 0.707107 -0.000000 0.707107
vn 0.707107 -0.000000 0.707107
vn 0.707107 -0.000000 0.707107
vn 0.707107 -0.000000 0.707107
vn 0.707107 -0.000000 0.707107
vn -0.707107 -0.000000 0.707107
vn -0.707107 -0.000000 0.707107
vn -0.707107 -0.000000 0.707107
vn -0.707107 -0.000000 0.707107
vn -0.707107 -0.000000 0.707107
vn -0.707107 -0.000000 0.707107
vn -0.707107 -0.000000 0.707107
vn -0.707107 -0.000000 0.707107
vn -0.707107 -0.000000 0.707107
vn 0.382605 -0.000000 0.923912
vn 0.382605 -0.000000 0.923912
vn 1.000000 0.000100 0.000000
vn 1.000000 0.000000 0.000000
vn 1.000000 0.000000 0.000000
vn -0.477121 -0.000000 0.878838
vn -0.194693 -0.000300 0.980864
vn 0.104503 -0.000000 0.994525
vn 0.629330 -0.000000 0.777138
vn 0.831511 -0.000000 0.555508
vn 0.958822 -0.000000 0.284007
vn 0.958822 -0.000000 0.284007
vn 0.831511 -0.000000 0.555508
vn 0.629330 -0.000000 0.777138
vn 0.104503 -0.000000 0.994525
vn -0.194693 0.000300 0.980864
vn -0.477121 -0.000000 0.878838
vn -0.190902 -0.000000 0.981609
vn 0.106501 -0.000000 0.994313
vn 0.382690 -0.000000 0.923877
vn 0.633690 -0.000000 0.773587
vn 0.833785 -0.000000 0.552090
vn 0.959413 -0.000000 0.282004
vn 1.000000 0.000000 0.000000
vn 1.000000 0.000000 0.000000
vn 1.000000 0.000000 0.000000
vn 1.000000 0.000000 0.000000
vn 1.000000 0.000000 0.000000
vn 1.000000 0.000000 -0.000100
vn 1.000000 0.000000 -0.000100
vn 0.000100 0.000000 -1.000000
vn 0.000100 0.000000 -1.000000
vn 0.929788 0.000000 -0.368095
vn 0.707107 0.000000 -0.707107
vn 0.368095 0.000000 -0.929788
vn 0.368095 0.000000 -0.929788
vn 0.707107 0.000000 -0.707107
vn 0.929788 0.000000 -0.368095
vn 0.000000 0.000000 -1.000000
vn 0.000000 0.000000 -1.000000
vn 0.000000 0.000000 -1.000000
vn 0.000000 0.000000 -1.000000
vn 0.000000 0.000000 -1.000000
vn 0.000000 0.000000 -1.000000
vn 0.000000 0.000000 -1.000000
vn 0.000000 0.000000 -1.000000
vn -0.923877 0.000000 -0.382690
vn -0.923877 0.000000 -0.382690
vn -0.707107 0.000200 0.707107
vn -0.707107 -0.000000 0.707107
vn -0.707107 -0.000000 0.707107
vn -0.284007 0.000000 -0.958822
vn -0.555623 -0.000100 -0.831434
vn -0.777089 0.000000 -0.629391
vn -0.994525 0.000000 -0.104503
vn -0.980784 -0.000000 0.195097
vn -0.878838 -0.000000 0.477121
vn -0.878838 -0.000000 0.477121
vn -0.980784 -0.000000 0.195097
vn -0.994525 0.000000 -0.104503
vn -0.777089 0.000000 -0.629391
vn -0.555623 0.000100 -0.831434
vn -0.284007 0.000000 -0.958822
vn -0.559100 0.000000 -0.829100
vn -0.778434 0.000000 -0.627727
vn -0.923877 0.000000 -0.382690
vn -0.995037 0.000000 -0.099504
vn -0.979960 -0.000000 0.199192
vn -0.877811 -0.000000 0.479006
vn -0.707107 -0.000000 0.707107
vn -0.707107 -0.000000 0.707107
vn 0.707107 -0.000000 0.707107
vn 0.707107 -0.000000 0.707107
vn -0.566597 -0.000000 0.823995
vn -0.397091 -0.000000 0.917779
vn -0.204897 -0.000000 0.978784
vn 0.000000 -0.000000 1.000000
vn 0.204897 -0.000000 0.978784
vn 0.397212 -0.000000 0.917727
vn 0.566597 -0.000000 0.823995
vn 0.566597 -0.000000 0.823995
vn 0.397212 -0.000000 0.917727
vn 0.204897 -0.000000 0.978784
vn 0.000000 -0.000000 1.000000
vn -0.204897 -0.000000 0.978784
vn -0.397091 -0.000000 0.917779
vn -0.566597 -0.000000 0.823995
vn 0.707107 -0.000000 0.707107
vn 0.707107 -0.000000 0.707107
vn 0.707107 -0.000000 0.707107
vn 0.707107 -0.000000 0.707107
vn 0.707107 0.000000 -0.707107
vn 0.707107 0.000000 -0.707107
vn 0.707107 0.000000 -0.707107
vn 0.707107 0.000000 -0.707107
vn 0.000000 0.000000 -1.000000
vn 0.000000 0.000000 -1.000000
vn 0.000000 0.000000 -1.000000
vn 0.000000 0.000000 -1.000000
vn -0.707107 0.000000 -0.707107
vn -0.707107 0.000000 -0.707107
vn -0.707107 0.000000 -0.707107
vn -0.707107 0.000000 -0.707107
vn -0.707107 -0.000000 0.707107
vn -0.707107 -0.000000 0.707107
vn -0.707107 -0.000000 0.707107
vn -0.707107 -0.000000 0.707107
vn 0.707107 0.000000 -0.707107
vn 0.707107 0.000000 -0.707107
vn 0.707107 0.000000 -0.707107
vn -0.382690 0.000000 -0.923877
vn -0.382690 0.000000 -0.923877
vn -1.000000 0.000200 -0.000100
vn -1.000000 0.000000 0.000000
vn -1.000000 0.000000 -0.000100
vn 0.477198 0.000000 -0.878796
vn 0.195001 -0.000100 -0.980803
vn -0.104503 0.000000 -0.994525
vn -0.629330 0.000000 -0.777138
vn -0.831511 0.000000 -0.555508
vn -0.958822 0.000000 -0.284007
vn -0.958822 0.000000 -0.284007
vn -0.831511 0.000000 -0.555508
vn -0.629330 0.000000 -0.777138
vn -0.104503 0.000000 -0.994525
vn 0.194693 0.000300 -0.980864
vn 0.477198 0.000000 -0.878796
vn 0.190902 0.000000 -0.981609
vn -0.106600 0.000000 -0.994302
vn -0.382605 0.000000 -0.923912
vn -0.633303 0.000000 -0.773904
vn -0.833785 0.000000 -0.552090
vn -0.959386 0.000000 -0.282096
vn -1.000000 0.000000 0.000000
vn -1.000000 0.000000 0.000000
vn -1.000000 0.000000 0.000000
vn -1.000000 0.000000 0.000000
vn -1.000000 0.000000 0.000000
vn -1.000000 0.000000 0.000000
vn -1.000000 0.000000 0.000000
vn -0.000100 -0.000000 1.000000
vn -0.000100 -0.000000 1.000000
vn -0.929788 -0.000000 0.368095
vn -0.707107 -0.000000 0.707107
vn -0.368095 -0.000000 0.929788
vn -0.368095 -0.000000 0.929788
vn -0.707107 -0.000000 0.707107
vn -0.929788 -0.000000 0.368095
vn 0.000000 -0.000000 1.000000
vn 0.000000 -0.000000 1.000000
vn 0.000000 -0.000000 1.000000
vn 0.000000 -0.000000 1.000000
vn 0.000000 -0.000000 1.000000
vn 0.000000 -0.000000 1.000000
vn 0.000000 -0.000000 1.000000
vn 0.000000 -0.000000 1.000000
vn 0.923912 -0.000000 0.382605
vn 0.923912 -0.000000 0.382605
vn 0.707107 0.000200 -0.707107
vn 0.707107 0.000000 -0.707107
vn 0.707107 0.000000 -0.707107
vn 0.284007 -0.000000 0.958822
vn 0.555508 -0.000000 0.831511
vn 0.777138 -0.000000 0.629331
vn 0.994525 -0.000000 0.104503
vn 0.980784 0.000000 -0.195097
vn 0.878838 0.000000 -0.477121
vn 0.878838 0.000000 -0.477121
vn 0.980784 0.000000 -0.195097
vn 0.994525 -0.000000 0.104503
vn 0.777138 -0.000000 0.629331
vn 0.555508 -0.000000 0.831511
vn 0.284098 -0.000000 0.958795
vn 0.559100 -0.000000 0.829100
vn 0.778434 -0.000000 0.627727
vn 0.923912 -0.000000 0.382605
vn 0.995037 -0.000000 0.099504
vn 0.979960 0.000000 -0.199192
vn 0.877811 0.000000 -0.479006
vn 0.707107 0.000000 -0.707107
vn 0.707107 0.000000 -0.707107
vn 0.707107 0.000000 -0.707107
vn 0.707107 0.000000 -0.707107
vn 0.707107 0.000000 -0.707107
vn 0.707107 0.000000 -0.707107
vn -0.707107 0.000000 -0.707107
vn -0.707107 0.000000 -0.707107
vn -0.707107 0.000000 -0.707107
vn -0.707107 0.000000 -0.707107
vn -0.707107 0.000000 -0.707107
vn -0.707107 0.000000 -0.707107
vn -0.707107 0.000000 -0.707107
vn -0.707107 0.000000 -0.707107
vn -0.707107 0.000000 -0.707107
vn 0.000000 0.000100 1.000000
vn 0.000000 -0.000000 1.000000
vn 0.000000 -0.000000 1.000000
vn -0.878796 0.000000 -0.477198
vn -0.980845 -0.000300 -0.194789
vn -0.994525 -0.000000 0.104503
vn -0.923877 -0.000000 0.382690
vn -0.777089 -0.000000 0.629391
vn -0.555577 -0.000000 0.831465
vn -0.284098 -0.000000 0.958795
vn -0.284007 -0.000000 0.958822
vn -0.555623 -0.000000 0.831434
vn -0.777089 -0.000000 0.629391
vn -0.923877 -0.000000 0.382690
vn -0.994525 -0.000000 0.104503
vn -0.980845 0.000300 -0.194789
vn -0.878796 0.000000 -0.477198
vn -0.981609 0.000000 -0.190902
vn -0.994302 -0.000000 0.106600
vn -0.923877 -0.000000 0.382690
vn -0.773904 -0.000000 0.633303
vn -0.552090 -0.000000 0.833785
vn -0.282004 -0.000000 0.959413
vn 0.000000 -0.000000 1.000000
vn 0.000000 -0.000000 1.000000
vn 0.000000 -0.000000 1.000000
vn 0.000000 -0.000000 1.000000
vn 0.000000 -0.000000 1.000000
vn 0.000100 -0.000000 1.000000
vn 0.000100 -0.000000 1.000000
vn 1.000000 -0.000000 0.000100
vn 1.000000 -0.000000 0.000100
vn 0.368095 -0.000000 0.929788
vn 0.707107 -0.000000 0.707107
vn 0.929788 -0.000000 0.368095
vn 0.929788 -0.000000 0.368095
vn 0.707107 -0.000000 0.707107
vn 0.368095 -0.000000 0.929788
vn 1.000000 0.000000 0.000000
vn 1.000000 0.000000 0.000000
vn 1.000000 0.000000 0.000000
vn 1.000000 0.000000 0.000000
vn 1.000000 0.000000 0.000000
vn 1.000000 0.000000 0.000000
vn 1.000000 0.000000 -0.000100
vn 1.000000 0.000000 0.000000
vn 0.382690 0.000000 -0.923877
vn -0.707107 0.000100 -0.707107
vn -0.707107 0.000000 -0.707107
vn -0.707107 0.000000 -0.707107
vn 0.958822 0.000000 -0.284007
vn 0.831511 0.000000 -0.555508
vn 0.629391 0.000000 -0.777089
vn 0.382690 0.000000 -0.923877
vn 0.104503 0.000000 -0.994525
vn -0.195097 0.000000 -0.980784
vn -0.477198 0.000000 -0.878796
vn -0.477198 0.000000 -0.878796
vn -0.195097 0.000000 -0.980784
vn 0.104503 0.000000 -0.994525
vn 0.629391 0.000000 -0.777089
vn 0.831511 0.000000 -0.555508
vn 0.958822 0.000000 -0.284007
vn 0.829100 0.000000 -0.559100
vn 0.627727 0.000000 -0.778434
vn 0.382690 0.000000 -0.923877
vn 0.099296 0.000000 -0.995058
vn -0.199192 0.000000 -0.979960
vn -0.478929 0.000000 -0.877854
vn 0.707107 -0.000000 0.707107
vn 0.707107 -0.000000 0.707107
vn 0.707107 -0.000000 0.707107
vn 0.707107 -0.000000 0.707107
vn 0.707107 -0.000000 0.707107
vn 0.707107 -0.000000 0.707107
vn 0.707107 -0.000000 0.707107
vn 0.707107 -0.000000 0.707107
vn 0.707107 -0.000000 0.707107
vn 0.923877 0.000000 -0.382690
vn 0.923877 0.000000 -0.382690
vn 0.000000 0.000100 -1.000000
vn 0.000000 0.000000 -1.000000
vn 0.000000 0.000000 -1.000000
vn 0.878838 -0.000000 0.477121
vn 0.980803 -0.000100 0.195001
vn 0.994525 0.000000 -0.104503
vn 0.777089 0.000000 -0.629391
vn 0.555577 0.000000 -0.831465
vn 0.284007 0.000000 -0.958822
vn 0.284007 0.000000 -0.958822
vn 0.555508 0.000000 -0.831511
vn 0.777089 0.000000 -0.629391
vn 0.994525 0.000000 -0.104503
vn 0.980803 0.000100 0.195001
vn 0.878838 -0.000000 0.477121
vn 0.981609 -0.000000 0.190902
vn 0.994302 0.000000 -0.106600
vn 0.923877 0.000000 -0.382690
vn 0.773904 0.000000 -0.633303
vn 0.552090 0.000000 -0.833785
vn 0.282004 0.000000 -0.959413
vn 0.000000 0.000000 -1.000000
vn 0.000000 0.000000 -1.000000
vn 0.000000 0.000000 -1.000000
vn 0.000000 0.000000 -1.000000
vn 0.000000 0.000000 -1.000000
vn -0.000100 0.000000 -1.000000
vn -0.000100 0.000000 -1.000000
vn -1.000000 0.000000 0.000000
vn -1.000000 0.000000 0.000000
vn -0.368095 0.000000 -0.929788
vn -0.707107 0.000000 -0.707107
vn -0.929788 0.000000 -0.368095
vn -0.929788 0.000000 -0.368095
vn -0.707107 0.000000 -0.707107
vn -0.368095 0.000000 -0.929788
vn -1.000000 0.000000 0.000000
vn -1.000000 0.000000 0.000000
vn -1.000000 0.000000 0.000000
vn -1.000000 0.000000 0.000000
vn -1.000000 0.000000 0.000000
vn -1.000000 -0.000000 0.000100
vn -1.000000 -0.000000 0.000100
vn -1.000000 -0.000000 0.000100
vn -0.382690 -0.000000 0.923877
vn -0.382690 -0.000000 0.923877
vn 0.707107 0.000100 0.707107
vn 0.707107 -0.000000 0.707107
vn 0.707107 -0.000000 0.707107
vn -0.958795 -0.000000 0.284099
vn -0.831465 -0.000000 0.555577
vn -0.629391 -0.000000 0.777089
vn -0.104503 -0.000000 0.994525
vn 0.195097 -0.000000 0.980784
vn 0.477198 -0.000000 0.878796
vn 0.477198 -0.000000 0.878796
vn 0.195097 -0.000000 0.980784
vn -0.104503 -0.000000 0.994525
vn -0.629391 -0.000000 0.777089
vn -0.831465 -0.000000 0.555577
vn -0.958795 -0.000000 0.284099
vn -0.829100 -0.000000 0.559100
vn -0.627727 -0.000000 0.778434
vn -0.382605 -0.000000 0.923912
vn -0.099405 -0.000000 0.995047
vn 0.199192 -0.000000 0.979960
vn 0.479006 -0.000000 0.877812
vn 0.707107 0.000000 -0.707107
vn 0.707107 0.000000 -0.707107
vn 0.707107 0.000000 -0.707107
vn -0.382605 0.000000 -0.923912
vn -0.382605 0.000000 -0.923912
vn -1.000000 0.000200 0.000000
vn -1.000000 0.000000 0.000000
vn -1.000000 0.000000 0.000000
vn 0.477121 0.000000 -0.878838
vn 0.194693 -0.000200 -0.980864
vn -0.104503 0.000000 -0.994525
vn -0.629282 0.000000 -0.777177
vn -0.831465 0.000000 -0.555577
vn -0.958822 0.000000 -0.284007
vn -0.958822 0.000000 -0.284007
vn -0.831465 0.000000 -0.555577
vn -0.629282 0.000000 -0.777177
vn -0.104503 0.000000 -0.994525
vn 0.194693 0.000200 -0.980864
vn 0.477121 0.000000 -0.878838
vn 0.190902 0.000000 -0.981609
vn -0.106501 0.000000 -0.994313
vn -0.382690 0.000000 -0.923877
vn -0.633412 0.000000 -0.773815
vn -0.833785 0.000000 -0.552090
vn -0.959413 0.000000 -0.282004
vn -1.000000 0.000000 0.000000
vn -1.000000 0.000000 0.000000
vn -1.000000 0.000000 0.000000
vn -1.000000 0.000000 0.000000
vn -1.000000 0.000000 0.000000
vn -1.000000 -0.000000 0.000100
vn -1.000000 -0.000000 0.000100
vn -0.000100 -0.000000 1.000000
vn -0.000100 -0.000000 1.000000
vn -0.929788 -0.000000 0.368095
vn -0.707107 -0.000000 0.707107
vn -0.368095 -0.000000 0.929788
vn -0.368095 -0.000000 0.929788
vn -0.707107 -0.000000 0.707107
vn -0.929788 -0.000000 0.368095
vn 0.000000 -0.000000 1.000000
vn 0.000000 -0.000000 1.000000
vn 0.000000 -0.000000 1.000000
vn 0.000000 -0.000000 1.000000
vn 0.000000 -0.000000 1.000000
vn 0.000000 -0.000000 1.000000
vn 0.000000 -0.000000 1.000000
vn 0.000000 -0.000000 1.000000
vn 0.923877 -0.000000 0.382690
vn 0.923877 -0.000000 0.382690
vn 0.707107 0.000100 -0.707107
vn 0.707107 0.000000 -0.707107
vn 0.707107 0.000000 -0.707107
vn 0.284007 -0.000000 0.958822
vn 0.555623 -0.000000 0.831434
vn 0.777138 -0.000000 0.629331
vn 0.994525 -0.000000 0.104503
vn 0.980765 0.000000 -0.195193
vn 0.878796 0.000000 -0.477198
vn 0.878838 0.000000 -0.477121
vn 0.980765 0.000000 -0.195193
vn 0.994525 -0.000000 0.104503
vn 0.777138 -0.000000 0.629331
vn 0.555623 -0.000000 0.831434
vn 0.284007 -0.000000 0.958822
vn 0.559100 -0.000000 0.829100
vn 0.778434 -0.000000 0.627727
vn 0.923877 -0.000000 0.382690
vn 0.995037 -0.000000 0.099504
vn 0.979960 0.000000 -0.199192
vn 0.877854 0.000000 -0.478929
vn 0.707107 0.000000 -0.707107
vn 0.707107 0.000000 -0.707107
vn 0.707107 0.000000 -0.707107
vn 0.707107 0.000000 -0.707107
vn 0.707107 0.000000 -0.707107
vn 0.707107 0.000000 -0.707107
vn 0.707107 0.000000 -0.707107
vn 0.707107 0.000000 -0.707107
vn 0.707107 0.000000 -0.707107
vn 0.707107 0.000000 -0.707107
vn 0.707107 0.000000 -0.707107
vn 0.707107 0.000000 -0.707107
vn 0.707107 0.000000 -0.707107
vn 0.707107 0.000000 -0.707107
vn 0.707107 0.000000 -0.707107
vn 0.707107 0.000000 -0.707107
vn 0.707107 0.000000 -0.707107
vn 0.707107 0.000000 -0.707107
vn 0.707107 0.000000 -0.707107
vn 0.707107 0.000000 -0.707107
vn 0.707107 0.000000 -0.707107
vn 0.707107 0.000000 -0.707107
vn -0.707107 0.000000 -0.707107
vn -0.707107 0.000000 -0.707107
vn -0.707107 0.000000 -0.707107
vn -0.707107 0.000000 -0.707107
vn -1.000000 0.000000 0.000000
vn -1.000000 0.000000 0.000000
vn -1.000000 0.000000 0.000000
vn -1.000000 0.000000 0.000000
vn -0.707107 -0.000000 0.707107
vn -0.707107 -0.000000 0.707107
vn -0.707107 -0.000000 0.707107
vn -0.707107 -0.000000 0.707107
vn 0.707107 -0.000000 0.707107
vn 0.707107 -0.000000 0.707107
vn 0.707107 -0.000000 0.707107
vn 0.707107 -0.000000 0.707107
vn 0.707107 -0.000000 0.707107
vn 0.707107 -0.000000 0.707107
vn 0.707107 -0.000000 0.707107
vn 0.707107 0.000100 0.707107
vn 0.707107 -0.000000 0.707107
vn 0.707107 -0.000100 0.707107
vn 0.707107 -0.000000 0.707107
vn 0.707107 -0.000000 0.707107
vn 0.707107 -0.000000 0.707107
vn 0.707107 -0.000100 0.707107
vn 0.707107 -0.000000 0.707107
vn 0.707107 0.000100 0.707107
vn 0.707107 -0.000000 0.707107
vn 0.707107 -0.000000 0.707107
vn 0.707107 0.000000 -0.707107
vn 0.707107 0.000000 -0.707107
vn 0.823995 -0.000000 0.566597
vn 0.917727 -0.000000 0.397212
vn 0.978784 -0.000000 0.204897
vn 1.000000 0.000000 0.000000
vn 0.978764 0.000000 -0.204992
vn 0.917727 0.000000 -0.397212
vn 0.823995 0.000000 -0.566597
vn 0.823995 0.000000 -0.566597
vn 0.917727 0.000000 -0.397212
vn 0.978764 0.000000 -0.204992
vn 1.000000 0.000000 0.000000
vn 0.978784 -0.000000 0.204897
vn 0.917727 -0.000000 0.397212
vn 0.823995 -0.000000 0.566597
vn -0.707107 -0.000000 0.707107
vn -0.707107 -0.000000 0.707107
vn -0.707107 -0.000000 0.707107
vn -0.707107 -0.000000 0.707107
vn -0.707107 -0.000000 0.707107
vn -0.707107 -0.000000 0.707107
vn -0.707107 -0.000000 0.707107
vn -0.707107 -0.000000 0.707107
vn -0.707107 -0.000000 0.707107
vn 0.382605 -0.000000 0.923912
vn 1.000000 0.000000 0.000000
vn -0.477121 -0.000000 0.878838
vn -0.194789 -0.000200 0.980845
vn 0.104503 -0.000000 0.994525
vn 0.382605 -0.000000 0.923912
vn 0.629330 -0.000000 0.777138
vn 0.831434 -0.000000 0.555623
vn 0.958822 -0.000000 0.284007
vn 0.958822 -0.000000 0.284007
vn 0.831511 -0.000000 0.555508
vn 0.629330 -0.000000 0.777138
vn 0.104503 -0.000000 0.994525
vn -0.194789 0.000200 0.980845
vn -0.477121 -0.000000 0.878838
vn 1.000000 0.000300 0.000000
vn 0.106600 -0.000000 0.994302
vn -0.190902 -0.000000 0.981609
vn 0.382605 -0.000000 0.923912
vn 0.633412 -0.000000 0.773815
vn 0.833785 -0.000000 0.552090
vn 0.959413 -0.000000 0.282004
vn 1.000000 0.000000 0.000000
vn 1.000000 0.000000 0.000000
vn 1.000000 0.000000 0.000000
vn 1.000000 0.000000 0.000000
vn 1.000000 0.000000 -0.000100
vn 1.000000 0.000000 -0.000100
vn 0.000000 0.000000 -1.000000
vn 0.000000 0.000000 -1.000000
vn 0.929788 0.000000 -0.368095
vn 0.707107 0.000000 -0.707107
vn 0.368095 0.000000 -0.929788
vn 0.368095 0.000000 -0.929788
vn 0.707107 0.000000 -0.707107
vn 0.929788 0.000000 -0.368095
vn 0.000000 0.000000 -1.000000
vn 0.000000 0.000000 -1.000000
vn 0.000000 0.000000 -1.000000
vn 0.000000 0.000000 -1.000000
vn 0.000000 0.000000 -1.000000
vn 0.000000 0.000000 -1.000000
vn -0.000100 0.000000 -1.000000
vn 0.000000 0.000000 -1.000000
vn -0.923877 0.000000 -0.382690
vn -0.923877 0.000000 -0.382690
vn -0.707107 0.000200 0.707107
vn -0.707107 -0.000000 0.707107
vn -0.707107 -0.000000 0.707107
vn -0.284007 0.000000 -0.958822
vn -0.555508 0.000000 -0.831511
vn -0.777138 0.000000 -0.629331
vn -0.994525 0.000000 -0.104503
vn -0.980765 -0.000000 0.195193
vn -0.878796 -0.000000 0.477198
vn -0.878796 -0.000000 0.477198
vn -0.980765 -0.000000 0.195193
vn -0.994525 0.000000 -0.104503
vn -0.777177 0.000000 -0.629282
vn -0.555508 0.000000 -0.831511
vn -0.284007 0.000000 -0.958822
vn -0.559100 0.000000 -0.829100
vn -0.778434 0.000000 -0.627727
vn -0.923877 0.000000 -0.382690
vn -0.995037 0.000000 -0.099504
vn -0.979960 -0.000000 0.199192
vn -0.877811 -0.000000 0.479006
vn -0.707107 0.000000 -0.707107
vn -0.707107 0.000000 -0.707107
vn -0.707107 0.000000 -0.707107
vn -0.923877 -0.000000 0.382690
vn -0.923877 -0.000000 0.382690
vn 0.000000 0.000100 1.000000
vn 0.000000 -0.000000 1.000000
vn 0.000000 -0.000000 1.000000
vn -0.878838 0.000000 -0.477121
vn -0.980803 -0.000100 -0.195001
vn -0.994525 -0.000000 0.104503
vn -0.777138 -0.000000 0.629331
vn -0.555508 -0.000000 0.831511
vn -0.284098 -0.000000 0.958795
vn -0.284098 -0.000000 0.958795
vn -0.555508 -0.000000 0.831511
vn -0.777138 -0.000000 0.629331
vn -0.994525 -0.000000 0.104503
vn -0.980803 0.000100 -0.195001
vn -0.878838 0.000000 -0.477121
vn -0.981609 0.000000 -0.190902
vn -0.994302 -0.000000 0.106600
vn -0.923877 -0.000000 0.382690
vn -0.773993 -0.000000 0.633194
vn -0.552090 -0.000000 0.833785
vn -0.282004 -0.000000 0.959413
vn 0.000000 -0.000000 1.000000
vn 0.000000 -0.000000 1.000000
vn 0.000000 -0.000000 1.000000
vn 0.000000 -0.000000 1.000000
vn 0.000000 -0.000000 1.000000
vn 0.000000 -0.000000 1.000000
vn 0.000000 -0.000000 1.000000
vn 1.000000 0.000000 0.000000
vn 1.000000 0.000000 0.000000
vn 0.368095 -0.000000 0.929788
vn 0.707107 -0.000000 0.707107
vn 0.929788 -0.000000 0.368095
vn 0.929788 -0.000000 0.368095
vn 0.707107 -0.000000 0.707107
vn 0.368095 -0.000000 0.929788
vn 1.000000 0.000000 0.000000
vn 1.000000 0.000000 0.000000
vn 1.000000 0.000000 0.000000
vn 1.000000 0.000000 0.000000
vn 1.000000 0.000000 0.000000
vn 1.000000 0.000000 -0.000100
vn 1.000000 0.000000 0.000000
vn 1.000000 0.000000 -0.000100
vn 0.382690 0.000000 -0.923877
vn -0.707107 0.000100 -0.707107
vn -0.707107 0.000000 -0.707107
vn -0.707107 0.000000 -0.707107
vn 0.958822 0.000000 -0.284007
vn 0.831511 0.000000 -0.555508
vn 0.629391 0.000000 -0.777089
vn 0.104503 0.000000 -0.994525
vn -0.195193 0.000000 -0.980765
vn -0.477121 0.000000 -0.878838
vn -0.477121 0.000000 -0.878838
vn -0.195193 0.000000 -0.980765
vn 0.104503 0.000000 -0.994525
vn 0.382690 0.000000 -0.923877
vn 0.629330 0.000000 -0.777138
vn 0.831511 0.000000 -0.555508
vn 0.958822 0.000000 -0.284007
vn 0.829100 0.000000 -0.559100
vn 0.627727 0.000000 -0.778434
vn 0.382605 0.000000 -0.923912
vn 0.099504 0.000000 -0.995037
vn -0.199192 0.000000 -0.979960
vn -0.479006 0.000000 -0.877812
vn -0.707107 0.000000 -0.707107
vn -0.707107 0.000000 -0.707107
vn -0.707107 0.000000 -0.707107
vn -0.707107 0.000000 -0.707107
vn -0.707107 0.000000 -0.707107
vn -0.707107 0.000000 -0.707107
vn -0.995619 -0.000000 0.093502
vn 0.093799 0.000000 -0.995591
vn 0.093799 0.000000 -0.995591
vn 0.093799 0.000000 -0.995591
vn -0.995619 -0.000000 0.093502
vn -0.995619 -0.000000 0.093502
vn -0.976681 0.000000 -0.214696
vn -0.856175 0.000000 -0.516685
vn -0.645099 0.000000 -0.764099
vn -0.381197 0.000000 -0.924494
vn -0.147998 0.000000 -0.988988
vn -0.147998 0.000000 -0.988988
vn -0.381197 0.000000 -0.924494
vn -0.645099 0.000000 -0.764099
vn -0.856175 0.000000 -0.516685
vn -0.976681 0.000000 -0.214696
vn 0.995582 -0.000000 0.093898
vn 0.995582 -0.000000 0.093898
vn 0.995582 -0.000000 0.093898
vn 0.995582 -0.000000 0.093898
vn 0.995582 -0.000000 0.093898
vn 0.995582 -0.000000 0.093898
vn -0.995582 0.000000 -0.093898
vn -0.995582 0.000000 -0.093898
vn -0.995582 0.000000 -0.093898
vn -0.995582 0.000000 -0.093898
vn -0.995582 0.000000 -0.093898
vn -0.995582 0.000000 -0.093898
vn -0.093898 0.000000 -0.995582
vn -0.093898 0.000000 -0.995582
vn -0.093898 0.000000 -0.995582
vn -0.093898 0.000000 -0.995582
vn -0.093898 0.000000 -0.995582
vn -0.093898 0.000000 -0.995582
vn 0.995563 0.000000 -0.094097
vn 0.995563 0.000000 -0.094097
vn -0.093799 -0.000000 0.995591
vn -0.093898 -0.000000 0.995582
vn 0.995563 0.000000 -0.094097
vn 0.976173 -0.000000 0.216994
vn 0.853193 -0.000000 0.521596
vn 0.638126 -0.000000 0.769932
vn 0.370097 -0.000000 0.928993
vn 0.142093 -0.000000 0.989853
vn -0.093799 -0.000000 0.995591
vn 0.142093 -0.000000 0.989853
vn 0.370097 -0.000000 0.928993
vn 0.638126 -0.000000 0.769932
vn 0.853193 -0.000000 0.521596
vn 0.976173 -0.000000 0.216994
vn 0.093898 -0.000000 0.995582
vn 0.093898 -0.000000 0.995582
vn 0.093898 -0.000000 0.995582
vn 0.093898 -0.000000 0.995582
vn 0.093799 -0.000000 0.995591
vn 0.093799 -0.000000 0.995591
vn -0.093898 -0.000000 0.995582
vn -0.707107 -0.000000 0.707107
vn -0.093898 -0.000000 0.995582
vn -0.093898 -0.000000 0.995582
vn -0.262390 -0.000000 0.964962
vn -0.425686 -0.000000 0.904871
vn -0.575909 -0.000000 0.817513
vn -0.575909 -0.000000 0.817513
vn -0.425686 -0.000000 0.904871
vn -0.262390 -0.000000 0.964962
vn -0.707107 -0.000000 0.707107
vn -0.707107 -0.000000 0.707107
vn -0.707107 -0.000000 0.707107
vn -0.995619 -0.000000 0.093502
vn -0.995619 -0.000000 0.093502
vn -0.707107 -0.000000 0.707107
vn -0.707107 -0.000000 0.707107
vn -0.817594 -0.000000 0.575796
vn -0.904966 -0.000000 0.425484
vn -0.964987 -0.000000 0.262297
vn -0.995619 -0.000000 0.093502
vn -0.964987 -0.000000 0.262297
vn -0.904966 -0.000000 0.425484
vn -0.817513 -0.000000 0.575910
vn 0.995543 0.000000 -0.094304
vn 0.093898 0.000000 -0.995582
vn 0.093898 0.000000 -0.995582
vn 0.995554 0.000000 -0.094196
vn 0.093898 0.000000 -0.995582
vn 0.254892 0.000000 -0.966970
vn 0.415904 0.000000 -0.909409
vn 0.569314 0.000000 -0.822120
vn 0.707007 0.000000 -0.707207
vn 0.821915 0.000000 -0.569610
vn 0.909240 0.000000 -0.416273
vn 0.966889 0.000000 -0.255197
vn 0.995543 0.000000 -0.094304
vn 0.966889 0.000000 -0.255197
vn 0.909240 0.000000 -0.416273
vn 0.821915 0.000000 -0.569610
vn 0.707007 0.000000 -0.707207
vn 0.569314 0.000000 -0.822120
vn 0.415904 0.000000 -0.909409
vn 0.254892 0.000000 -0.966970
vn 0.995619 -0.000000 0.093502
vn -0.093799 0.000000 -0.995591
vn -0.093799 0.000000 -0.995591
vn -0.093799 0.000000 -0.995591
vn 0.995619 -0.000000 0.093502
vn 0.995619 -0.000000 0.093502
vn 0.976681 0.000000 -0.214696
vn 0.856175 0.000000 -0.516685
vn 0.645099 0.000000 -0.764099
vn 0.381197 0.000000 -0.924494
vn 0.147998 0.000000 -0.988988
vn 0.147998 0.000000 -0.988988
vn 0.381197 0.000000 -0.924494
vn 0.645099 0.000000 -0.764099
vn 0.856175 0.000000 -0.516685
vn 0.976681 0.000000 -0.214696
vn -0.995582 -0.000000 0.093898
vn -0.995582 -0.000000 0.093898
vn -0.995582 -0.000000 0.093898
vn -0.995582 -0.000000 0.093898
vn -0.995582 -0.000000 0.093898
vn -0.995582 -0.000000 0.093898
vn 0.995582 0.000000 -0.093898
vn 0.995582 0.000000 -0.093898
vn 0.995582 0.000000 -0.093898
vn 0.995582 0.000000 -0.093898
vn 0.995582 0.000000 -0.093898
vn 0.995582 0.000000 -0.093898
vn 0.093898 0.000000 -0.995582
vn 0.093898 0.000000 -0.995582
vn 0.093898 0.000000 -0.995582
vn 0.093898 0.000000 -0.995582
vn 0.093898 0.000000 -0.995582
vn 0.093898 0.000000 -0.995582
vn -0.995563 0.000000 -0.094097
vn -0.995563 0.000000 -0.094097
vn 0.093799 -0.000000 0.995591
vn 0.093898 -0.000000 0.995582
vn -0.995563 0.000000 -0.094097
vn -0.976173 -0.000000 0.216994
vn -0.853193 -0.000000 0.521596
vn -0.638126 -0.000000 0.769932
vn -0.370097 -0.000000 0.928993
vn -0.142093 -0.000000 0.989853
vn 0.093799 -0.000000 0.995591
vn -0.142093 -0.000000 0.989853
vn -0.370097 -0.000000 0.928993
vn -0.638126 -0.000000 0.769932
vn -0.853193 -0.000000 0.521596
vn -0.976173 -0.000000 0.216994
vn -0.093898 -0.000000 0.995582
vn -0.093898 -0.000000 0.995582
vn -0.093898 -0.000000 0.995582
vn -0.093898 -0.000000 0.995582
vn -0.093799 -0.000000 0.995591
vn -0.093799 -0.000000 0.995591
vn 0.093898 -0.000000 0.995582
vn 0.707107 -0.000000 0.707107
vn 0.093898 -0.000000 0.995582
vn 0.093898 -0.000000 0.995582
vn 0.262390 -0.000000 0.964962
vn 0.425686 -0.000000 0.904871
vn 0.575909 -0.000000 0.817513
vn 0.575909 -0.000000 0.817513
vn 0.425686 -0.000000 0.904871
vn 0.262390 -0.000000 0.964962
vn 0.707107 -0.000000 0.707107
vn 0.707107 -0.000000 0.707107
vn 0.707107 -0.000000 0.707107
vn 0.995619 -0.000000 0.093502
vn 0.995619 -0.000000 0.093502
vn 0.707107 -0.000000 0.707107
vn 0.707107 -0.000000 0.707107
vn 0.817466 -0.000000 0.575976
vn 0.904966 -0.000000 0.425484
vn 0.964930 -0.000000 0.262508
vn 0.995619 -0.000000 0.093502
vn 0.965013 -0.000000 0.262203
vn 0.904966 -0.000000 0.425484
vn 0.817466 -0.000000 0.575976
vn -0.995553 0.000000 -0.094205
vn -0.093898 0.000000 -0.995582
vn -0.093898 0.000000 -0.995582
vn -0.995553 0.000000 -0.094205
vn -0.093898 0.000000 -0.995582
vn -0.254892 0.000000 -0.966970
vn -0.415904 0.000000 -0.909409
vn -0.569314 0.000000 -0.822120
vn -0.707007 0.000000 -0.707207
vn -0.821915 0.000000 -0.569610
vn -0.909240 0.000000 -0.416273
vn -0.966889 0.000000 -0.255197
vn -0.995553 0.000000 -0.094205
vn -0.966864 0.000000 -0.255291
vn -0.909240 0.000000 -0.416273
vn -0.821915 0.000000 -0.569610
vn -0.707007 0.000000 -0.707207
vn -0.569314 0.000000 -0.822120
vn -0.415904 0.000000 -0.909409
vn -0.254892 0.000000 -0.966970
vn 0.995619 0.000000 -0.093502
vn -0.093799 -0.000000 0.995591
vn -0.093799 -0.000000 0.995591
vn -0.093799 -0.000000 0.995591
vn 0.995619 0.000000 -0.093502
vn 0.995619 0.000000 -0.093502
vn 0.976681 -0.000000 0.214696
vn 0.856175 -0.000000 0.516685
vn 0.645099 -0.000000 0.764099
vn 0.381197 -0.000000 0.924494
vn 0.147998 -0.000000 0.988988
vn 0.147998 -0.000000 0.988988
vn 0.381197 -0.000000 0.924494
vn 0.645099 -0.000000 0.764099
vn 0.856175 -0.000000 0.516685
vn 0.976681 -0.000000 0.214696
vn -0.995582 0.000000 -0.093898
vn -0.995582 0.000000 -0.093898
vn -0.995582 0.000000 -0.093898
vn -0.995582 0.000000 -0.093898
vn -0.995582 0.000000 -0.093898
vn -0.995582 0.000000 -0.093898
vn 0.995582 -0.000000 0.093898
vn 0.995582 -0.000000 0.093898
vn 0.995582 -0.000000 0.093898
vn 0.995582 -0.000000 0.093898
vn 0.995582 -0.000000 0.093898
vn 0.995582 -0.000000 0.093898
vn 0.093898 -0.000000 0.995582
vn 0.093898 -0.000000 0.995582
vn 0.093898 -0.000000 0.995582
vn 0.093898 -0.000000 0.995582
vn 0.093898 -0.000000 0.995582
vn 0.093898 -0.000000 0.995582
vn -0.995563 -0.000000 0.094097
vn -0.995563 -0.000000 0.094097
vn 0.093898 0.000000 -0.995582
vn 0.093898 0.000000 -0.995582
vn -0.995563 -0.000000 0.094097
vn -0.976173 0.000000 -0.216994
vn -0.853193 0.000000 -0.521596
vn -0.638126 0.000000 -0.769932
vn -0.370097 0.000000 -0.928993
vn -0.142093 0.000000 -0.989853
vn 0.093898 0.000000 -0.995582
vn -0.142093 0.000000 -0.989853
vn -0.370097 0.000000 -0.928993
vn -0.638126 0.000000 -0.769932
vn -0.853193 0.000000 -0.521596
vn -0.976173 0.000000 -0.216994
vn -0.093898 0.000000 -0.995582
vn -0.093799 0.000000 -0.995591
vn -0.093799 0.000000 -0.995591
vn -0.093898 0.000000 -0.995582
vn -0.093898 0.000000 -0.995582
vn -0.093898 0.000000 -0.995582
vn 0.093898 0.000000 -0.995582
vn 0.707107 0.000000 -0.707107
vn 0.093898 0.000000 -0.995582
vn 0.093898 0.000000 -0.995582
vn 0.262297 0.000000 -0.964987
vn 0.425686 0.000000 -0.904871
vn 0.576090 0.000000 -0.817386
vn 0.576090 0.000000 -0.817386
vn 0.425686 0.000000 -0.904871
vn 0.262297 0.000000 -0.964987
vn 0.707107 0.000000 -0.707107
vn 0.707107 0.000000 -0.707107
vn 0.707107 0.000000 -0.707107
vn 0.995619 0.000000 -0.093502
vn 0.995619 0.000000 -0.093502
vn 0.707107 0.000000 -0.707107
vn 0.707107 0.000000 -0.707107
vn 0.817513 0.000000 -0.575910
vn 0.904966 0.000000 -0.425484
vn 0.965013 0.000000 -0.262203
vn 0.995619 0.000000 -0.093502
vn 0.965013 0.000000 -0.262203
vn 0.904966 0.000000 -0.425484
vn 0.817466 0.000000 -0.575976
vn -0.995543 -0.000000 0.094304
vn -0.093898 -0.000000 0.995582
vn -0.093898 -0.000000 0.995582
vn -0.995553 -0.000000 0.094205
vn -0.093898 -0.000000 0.995582
vn -0.254892 -0.000000 0.966970
vn -0.415904 -0.000000 0.909409
vn -0.569314 -0.000000 0.822120
vn -0.707007 -0.000000 0.707207
vn -0.821915 -0.000000 0.569610
vn -0.909240 -0.000000 0.416273
vn -0.966889 -0.000000 0.255197
vn -0.995543 -0.000000 0.094304
vn -0.966889 -0.000000 0.255197
vn -0.909240 -0.000000 0.416273
vn -0.821915 -0.000000 0.569610
vn -0.707007 -0.000000 0.707207
vn -0.569314 -0.000000 0.822120
vn -0.415904 -0.000000 0.909409
vn -0.254892 -0.000000 0.966970
vn -0.995619 0.000000 -0.093502
vn 0.093799 -0.000000 0.995591
vn 0.093799 -0.000000 0.995591
vn 0.093799 -0.000000 0.995591
vn -0.995619 0.000000 -0.093502
vn -0.995619 0.000000 -0.093502
vn -0.976681 -0.000000 0.214696
vn -0.856175 -0.000000 0.516685
vn -0.645099 -0.000000 0.764099
vn -0.381197 -0.000000 0.924494
vn -0.147998 -0.000000 0.988988
vn -0.147998 -0.000000 0.988988
vn -0.381197 -0.000000 0.924494
vn -0.645099 -0.000000 0.764099
vn -0.856175 -0.000000 0.516685
vn -0.976681 -0.000000 0.214696
vn 0.995582 0.000000 -0.093898
vn 0.995582 0.000000 -0.093898
vn 0.995582 0.000000 -0.093898
vn 0.995582 0.000000 -0.093898
vn 0.995582 0.000000 -0.093898
vn 0.995582 0.000000 -0.093898
vn -0.995582 -0.000000 0.093898
vn -0.995582 -0.000000 0.093898
vn -0.995582 -0.000000 0.093898
vn -0.995582 -0.000000 0.093898
vn -0.995582 -0.000000 0.093898
vn -0.995582 -0.000000 0.093898
vn -0.093898 -0.000000 0.995582
vn -0.093898 -0.000000 0.995582
vn -0.093898 -0.000000 0.995582
vn -0.093898 -0.000000 0.995582
vn -0.093898 -0.000000 0.995582
vn -0.093898 -0.000000 0.995582
vn 0.995563 -0.000000 0.094097
vn 0.995563 -0.000000 0.094097
vn -0.093898 0.000000 -0.995582
vn -0.093898 0.000000 -0.995582
vn 0.995563 -0.000000 0.094097
vn 0.976173 0.000000 -0.216994
vn 0.853193 0.000000 -0.521596
vn 0.638126 0.000000 -0.769932
vn 0.370097 0.000000 -0.928993
vn 0.142093 0.000000 -0.989853
vn -0.093898 0.000000 -0.995582
vn 0.142093 0.000000 -0.989853
vn 0.370097 0.000000 -0.928993
vn 0.638126 0.000000 -0.769932
vn 0.853193 0.000000 -0.521596
vn 0.976173 0.000000 -0.216994
vn 0.093898 0.000000 -0.995582
vn 0.093799 0.000000 -0.995591
vn 0.093799 0.000000 -0.995591
vn 0.093898 0.000000 -0.995582
vn 0.093898 0.000000 -0.995582
vn 0.093898 0.000000 -0.995582
vn -0.093898 0.000000 -0.995582
vn -0.707107 0.000000 -0.707107
vn -0.093898 0.000000 -0.995582
vn -0.093898 0.000000 -0.995582
vn -0.262297 0.000000 -0.964987
vn -0.425686 0.000000 -0.904871
vn -0.576023 0.000000 -0.817433
vn -0.576023 0.000000 -0.817433
vn -0.425686 0.000000 -0.904871
vn -0.262297 0.000000 -0.964987
vn -0.707107 0.000000 -0.707107
vn -0.707107 0.000000 -0.707107
vn -0.707107 0.000000 -0.707107
vn -0.995619 0.000000 -0.093502
vn -0.995619 0.000000 -0.093502
vn -0.707107 0.000000 -0.707107
vn -0.707107 0.000000 -0.707107
vn -0.817466 0.000000 -0.575976
vn -0.904966 0.000000 -0.425484
vn -0.964930 0.000000 -0.262508
vn -0.995619 0.000000 -0.093502
vn -0.964930 0.000000 -0.262508
vn -0.904966 0.000000 -0.425484
vn -0.817594 0.000000 -0.575796
vn 0.995554 -0.000000 0.094196
vn 0.093898 -0.000000 0.995582
vn 0.093898 -0.000000 0.995582
vn 0.995543 -0.000000 0.094304
vn 0.093898 -0.000000 0.995582
vn 0.254892 -0.000000 0.966970
vn 0.415987 -0.000000 0.909371
vn 0.569314 -0.000000 0.822120
vn 0.707007 -0.000000 0.707207
vn 0.821915 -0.000000 0.569610
vn 0.909240 -0.000000 0.416273
vn 0.966889 -0.000000 0.255197
vn 0.995554 -0.000000 0.094196
vn 0.966889 -0.000000 0.255197
vn 0.909240 -0.000000 0.416273
vn 0.821915 -0.000000 0.569610
vn 0.707007 -0.000000 0.707207
vn 0.569314 -0.000000 0.822120
vn 0.415987 -0.000000 0.909371
vn 0.254892 -0.000000 0.966970
vn 0.000000 1.000000 0.000000
vn 0.000000 -1.000000 -0.000000
vn 0.000000 -0.000000 1.000000
vn 0.000000 -0.000000 1.000000
vn 0.000000 0.000000 -1.000000
vn 0.000000 -1.000000 -0.000000
vn 0.000000 1.000000 0.000000
vn 0.000000 0.000000 -1.000000
f 137//137 94//94 138//138
f 96//96 95//95 136//136
f 97//97 96//96 135//135
f 137//137 95//95 94//94
f 93//93 138//138 94//94
f 91//91 93//93 92//92
f 140//140 139//139 91//91
f 93//93 91//91 139//139
f 90//90 140//140 91//91
f 139//139 138//138 93//93
f 99//99 98//98 133//133
f 101//101 99//99 133//133
f 101//101 132//132 102//102
f 100//100 99//99 101//101
f 132//132 101//101 133//133
f 136//136 95//95 137//137
f 134//134 97//97 135//135
f 98//98 134//134 133//133
f 136//136 135//135 96//96
f 97//97 134//134 98//98
f 151//151 90//90 89//89
f 547//547 151//151 89//89
f 90//90 151//151 1286//1286
f 1286//1286 140//140 90//90
f 152//152 151//151 546//546
f 546//546 154//154 153//153
f 150//150 158//158 550//550
f 546//546 155//155 154//154
f 546//546 153//153 152//152
f 481//481 150//150 482//482
f 150//150 480//480 141//141
f 479//479 478//478 200//200
f 481//481 480//480 150//150
f 150//150 484//484 483//483
f 522//522 476//476 485//485
f 485//485 150//150 522//522
f 484//484 150//150 485//485
f 150//150 483//483 482//482
f 480//480 479//479 199//199
f 150//150 556//556 522//522
f 199//199 214//214 967//967
f 199//199 967//967 966//966
f 959//959 967//967 214//214
f 1285//1285 149//149 102//102
f 132//132 1285//1285 102//102
f 966//966 480//480 199//199
f 959//959 213//213 212//212
f 212//212 211//211 955//955
f 213//213 959//959 214//214
f 955//955 959//959 212//212
f 479//479 200//200 199//199
f 966//966 965//965 141//141
f 963//963 962//962 141//141
f 962//962 961//961 141//141
f 141//141 964//964 963//963
f 210//210 955//955 211//211
f 956//956 955//955 210//210
f 1003//1003 961//961 960//960
f 480//480 966//966 141//141
f 102//102 149//149 103//103
f 956//956 210//210 957//957
f 200//200 478//478 201//201
f 486//486 204//204 203//203
f 486//486 203//203 202//202
f 478//478 486//486 202//202
f 204//204 486//486 490//490
f 489//489 488//488 205//205
f 488//488 487//487 206//206
f 489//489 204//204 490//490
f 522//522 477//477 476//476
f 204//204 489//489 205//205
f 202//202 201//201 478//478
f 208//208 954//954 958//958
f 957//957 210//210 209//209
f 209//209 208//208 958//958
f 209//209 958//958 957//957
f 208//208 207//207 1201//1201
f 487//487 1202//1202 206//206
f 1202//1202 487//487 1203//1203
f 207//207 1202//1202 1201//1201
f 207//207 206//206 1202//1202
f 206//206 205//205 488//488
f 954//954 208//208 1201//1201
f 491//491 1203//1203 487//487
f 89//89 548//548 547//547
f 151//151 547//547 546//546
f 546//546 156//156 155//155
f 550//550 156//156 546//546
f 537//537 545//545 88//88
f 549//549 88//88 545//545
f 88//88 538//538 537//537
f 539//539 538//538 88//88
f 157//157 156//156 550//550
f 549//549 89//89 88//88
f 550//550 158//158 157//157
f 556//556 555//555 522//522
f 557//557 150//150 550//550
f 555//555 554//554 522//522
f 556//556 150//150 557//557
f 536//536 522//522 551//551
f 553//553 522//522 554//554
f 552//552 522//522 553//553
f 551//551 522//522 552//552
f 292//292 524//524 293//293
f 276//276 524//524 277//277
f 87//87 86//86 528//528
f 523//523 540//540 87//87
f 540//540 88//88 87//87
f 540//540 539//539 88//88
f 523//523 87//87 528//528
f 530//530 85//85 84//84
f 85//85 530//530 529//529
f 86//86 85//85 529//529
f 529//529 528//528 86//86
f 531//531 530//530 84//84
f 541//541 540//540 523//523
f 543//543 542//542 523//523
f 535//535 523//523 522//522
f 535//535 544//544 523//523
f 544//544 543//543 523//523
f 362//362 277//277 524//524
f 362//362 296//296 277//277
f 370//370 296//296 362//362
f 525//525 362//362 524//524
f 535//535 522//522 536//536
f 541//541 523//523 542//542
f 276//276 293//293 524//524
f 548//548 89//89 549//549
f 493//493 492//492 524//524
f 496//496 495//495 287//287
f 495//495 494//494 288//288
f 292//292 291//291 524//524
f 289//289 493//493 524//524
f 493//493 289//289 494//494
f 290//290 524//524 291//291
f 524//524 290//290 289//289
f 1197//1197 497//497 496//496
f 524//524 492//492 477//477
f 1197//1197 491//491 498//498
f 286//286 1197//1197 287//287
f 1197//1197 496//496 287//287
f 1214//1214 286//286 285//285
f 1197//1197 1203//1203 491//491
f 495//495 288//288 287//287
f 288//288 494//494 289//289
f 285//285 284//284 1216//1216
f 284//284 283//283 1187//1187
f 1214//1214 1197//1197 286//286
f 497//497 1197//1197 498//498
f 477//477 522//522 524//524
f 298//298 297//297 369//369
f 300//300 299//299 367//367
f 368//368 299//299 298//298
f 366//366 300//300 367//367
f 299//299 368//368 367//367
f 297//297 370//370 369//369
f 366//366 365//365 401//401
f 368//368 298//298 369//369
f 401//401 300//300 366//366
f 297//297 296//296 370//370
f 400//400 294//294 302//302
f 400//400 399//399 295//295
f 295//295 399//399 411//411
f 294//294 400//400 295//295
f 401//401 400//400 302//302
f 401//401 364//364 363//363
f 402//402 363//363 371//371
f 363//363 402//402 401//401
f 302//302 301//301 401//401
f 401//401 365//365 364//364
f 300//300 401//401 301//301
f 402//402 371//371 403//403
f 953//953 1003//1003 960//960
f 1013//1013 149//149 148//148
f 146//146 1013//1013 147//147
f 148//148 147//147 1013//1013
f 145//145 1013//1013 146//146
f 1013//1013 1017//1017 149//149
f 142//142 141//141 1004//1004
f 1013//1013 145//145 144//144
f 143//143 1004//1004 144//144
f 142//142 1004//1004 143//143
f 144//144 1004//1004 1013//1013
f 961//961 1003//1003 141//141
f 104//104 1015//1015 1014//1014
f 1018//1018 1026//1026 104//104
f 1025//1025 104//104 1026//1026
f 1014//1014 1018//1018 104//104
f 1015//1015 104//104 103//103
f 103//103 149//149 1017//1017
f 104//104 1025//1025 1024//1024
f 1024//1024 9//9 104//104
f 1015//1015 103//103 1016//1016
f 1017//1017 1016//1016 103//103
f 141//141 1006//1006 1005//1005
f 1004//1004 141//141 1005//1005
f 1003//1003 1007//1007 1006//1006
f 141//141 1003//1003 1006//1006
f 1002//1002 1003//1003 953//953
f 946//946 945//945 1196//1196
f 948//948 947//947 1196//1196
f 947//947 946//946 1196//1196
f 1007//1007 1003//1003 1008//1008
f 945//945 954//954 1200//1200
f 1009//1009 1003//1003 1010//1010
f 1019//1019 1012//1012 1003//1003
f 1012//1012 1011//1011 1003//1003
f 1011//1011 1010//1010 1003//1003
f 951//951 759//759 1002//1002
f 1019//1019 1003//1003 999//999
f 952//952 951//951 1002//1002
f 952//952 1002//1002 953//953
f 950//950 949//949 760//760
f 951//951 950//950 759//759
f 1009//1009 1008//1008 1003//1003
f 949//949 948//948 761//761
f 1019//1019 999//999 1020//1020
f 1002//1002 751//751 821//821
f 1022//1022 999//999 1023//1023
f 1021//1021 1020//1020 999//999
f 999//999 9//9 1024//1024
f 1023//1023 999//999 1024//1024
f 755//755 1002//1002 756//756
f 1002//1002 755//755 754//754
f 751//751 1002//1002 754//754
f 1021//1021 999//999 1022//1022
f 750//750 821//821 751//751
f 998//998 10//10 9//9
f 996//996 12//12 11//11
f 996//996 995//995 12//12
f 13//13 12//12 995//995
f 14//14 13//13 995//995
f 997//997 996//996 11//11
f 821//821 750//750 822//822
f 998//998 9//9 999//999
f 997//997 10//10 998//998
f 997//997 11//11 10//10
f 749//749 822//822 750//750
f 757//757 1002//1002 758//758
f 823//823 749//749 748//748
f 757//757 756//756 1002//1002
f 759//759 950//950 760//760
f 825//825 747//747 746//746
f 746//746 745//745 896//896
f 747//747 824//824 748//748
f 758//758 1002//1002 759//759
f 747//747 825//825 824//824
f 823//823 748//748 824//824
f 746//746 826//826 825//825
f 826//826 896//896 827//827
f 819//819 818//818 895//895
f 820//820 819//819 872//872
f 896//896 818//818 828//828
f 896//896 828//828 827//827
f 838//838 820//820 872//872
f 896//896 826//826 746//746
f 749//749 823//823 822//822
f 895//895 872//872 819//819
f 760//760 949//949 761//761
f 1200//1200 954//954 1201//1201
f 1196//1196 945//945 1199//1199
f 1208//1208 1196//1196 1195//1195
f 1200//1200 1199//1199 945//945
f 1212//1212 1197//1197 1213//1213
f 1214//1214 285//285 1215//1215
f 1213//1213 1197//1197 1214//1214
f 1208//1208 1207//1207 1196//1196
f 1196//1196 1207//1207 1206//1206
f 1211//1211 1210//1210 764//764
f 764//764 1210//1210 1193//1193
f 763//763 1206//1206 1205//1205
f 1193//1193 1209//1209 1204//1204
f 891//891 1193//1193 1192//1192
f 1191//1191 1190//1190 893//893
f 1193//1193 1210//1210 1209//1209
f 1205//1205 1211//1211 763//763
f 1196//1196 1206//1206 762//762
f 282//282 281//281 1187//1187
f 282//282 1187//1187 283//283
f 1217//1217 1216//1216 284//284
f 285//285 1216//1216 1215//1215
f 281//281 280//280 409//409
f 410//410 279//279 278//278
f 278//278 411//411 410//410
f 279//279 409//409 280//280
f 279//279 410//410 409//409
f 295//295 411//411 278//278
f 1217//1217 284//284 1187//1187
f 1194//1194 1218//1218 1187//1187
f 406//406 1190//1190 1189//1189
f 407//407 1189//1189 1188//1188
f 409//409 408//408 281//281
f 408//408 1187//1187 281//281
f 1188//1188 1187//1187 408//408
f 407//407 1188//1188 408//408
f 407//407 406//406 1189//1189
f 405//405 1190//1190 406//406
f 1218//1218 1217//1217 1187//1187
f 892//892 1192//1192 1191//1191
f 1198//1198 1197//1197 1212//1212
f 762//762 1206//1206 763//763
f 765//765 1193//1193 766//766
f 765//765 764//764 1193//1193
f 763//763 1211//1211 764//764
f 891//891 767//767 1193//1193
f 890//890 769//769 768//768
f 889//889 769//769 890//890
f 767//767 890//890 768//768
f 766//766 1193//1193 767//767
f 891//891 890//890 767//767
f 744//744 743//743 897//897
f 753//753 897//897 743//743
f 744//744 896//896 745//745
f 895//895 818//818 896//896
f 897//897 896//896 744//744
f 769//769 889//889 752//752
f 888//888 752//752 889//889
f 887//887 753//753 888//888
f 752//752 888//888 753//753
f 897//897 753//753 887//887
f 893//893 892//892 1191//1191
f 217//217 886//886 894//894
f 1190//1190 405//405 894//894
f 882//882 886//886 217//217
f 893//893 1190//1190 894//894
f 215//215 405//405 404//404
f 405//405 215//215 217//217
f 217//217 218//218 882//882
f 404//404 412//412 215//215
f 217//217 894//894 405//405
f 892//892 891//891 1192//1192
f 883//883 882//882 218//218
f 218//218 192//192 884//884
f 884//884 192//192 943//943
f 883//883 218//218 884//884
f 193//193 192//192 218//218
f 216//216 416//416 415//415
f 216//216 412//412 416//416
f 185//185 216//216 186//186
f 186//186 216//216 187//187
f 216//216 185//185 189//189
f 218//218 216//216 189//189
f 189//189 193//193 218//218
f 216//216 215//215 412//412
f 761//761 1196//1196 762//762
f 948//948 1196//1196 761//761
f 141//141 965//965 964//964
f 531//531 83//83 82//82
f 81//81 532//532 82//82
f 82//82 532//532 531//531
f 83//83 531//531 84//84
f 533//533 532//532 81//81
f 80//80 533//533 81//81
f 527//527 534//534 79//79
f 80//80 79//79 534//534
f 527//527 79//79 578//578
f 80//80 534//534 533//533
f 354//354 525//525 249//249
f 258//258 354//354 249//249
f 257//257 355//355 258//258
f 354//354 258//258 355//355
f 577//577 576//576 527//527
f 250//250 249//249 525//525
f 574//574 527//527 575//575
f 525//525 261//261 250//250
f 575//575 527//527 576//576
f 356//356 355//355 257//257
f 354//354 362//362 525//525
f 577//577 527//527 578//578
f 78//78 580//580 579//579
f 578//578 78//78 579//579
f 568//568 572//572 78//78
f 580//580 78//78 572//572
f 569//569 78//78 8//8
f 78//78 569//569 568//568
f 79//79 78//78 578//578
f 573//573 566//566 526//526
f 526//526 564//564 563//563
f 565//565 526//526 566//566
f 526//526 563//563 562//562
f 574//574 573//573 527//527
f 558//558 429//429 559//559
f 562//562 561//561 526//526
f 561//561 560//560 526//526
f 560//560 559//559 429//429
f 565//565 564//564 526//526
f 573//573 526//526 527//527
f 525//525 262//262 261//261
f 570//570 569//569 8//8
f 403//403 353//353 352//352
f 427//427 359//359 254//254
f 257//257 256//256 356//356
f 255//255 254//254 358//358
f 359//359 358//358 254//254
f 357//357 256//256 255//255
f 357//357 255//255 358//358
f 427//427 360//360 359//359
f 357//357 356//356 256//256
f 427//427 351//351 361//361
f 351//351 427//427 426//426
f 352//352 351//351 426//426
f 426//426 403//403 352//352
f 254//254 253//253 427//427
f 252//252 427//427 253//253
f 260//260 428//428 251//251
f 252//252 251//251 428//428
f 418//418 428//428 260//260
f 252//252 428//428 427//427
f 361//361 360//360 427//427
f 525//525 264//264 263//263
f 525//525 505//505 265//265
f 266//266 504//504 503//503
f 265//265 264//264 525//525
f 505//505 504//504 265//265
f 506//506 525//525 507//507
f 503//503 502//502 267//267
f 506//506 505//505 525//525
f 265//265 504//504 266//266
f 262//262 525//525 263//263
f 1248//1248 268//268 1230//1230
f 418//418 260//260 419//419
f 270//270 269//269 1246//1246
f 269//269 268//268 1248//1248
f 1230//1230 501//501 500//500
f 502//502 501//501 1230//1230
f 268//268 267//267 1230//1230
f 1230//1230 267//267 502//502
f 267//267 266//266 503//503
f 499//499 1230//1230 500//500
f 526//526 507//507 525//525
f 371//371 353//353 403//403
f 567//567 571//571 437//437
f 567//567 435//435 434//434
f 567//567 434//434 433//433
f 433//433 432//432 567//567
f 435//435 567//567 436//436
f 437//437 8//8 7//7
f 571//571 8//8 437//437
f 7//7 1287//1287 437//437
f 437//437 436//436 567//567
f 447//447 1287//1287 7//7
f 570//570 8//8 571//571
f 558//558 567//567 432//432
f 526//526 429//429 515//515
f 558//558 430//430 429//429
f 519//519 518//518 429//429
f 430//430 558//558 431//431
f 526//526 515//515 514//514
f 429//429 517//517 516//516
f 429//429 520//520 519//519
f 515//515 429//429 516//516
f 429//429 518//518 517//517
f 429//429 438//438 520//520
f 432//432 431//431 558//558
f 6//6 5//5 77//77
f 448//448 447//447 6//6
f 7//7 6//6 447//447
f 77//77 448//448 6//6
f 76//76 448//448 77//77
f 449//449 76//76 75//75
f 74//74 450//450 75//75
f 449//449 75//75 450//450
f 451//451 450//450 74//74
f 449//449 448//448 76//76
f 73//73 452//452 451//451
f 69//69 455//455 454//454
f 71//71 454//454 453//453
f 72//72 453//453 452//452
f 72//72 452//452 73//73
f 70//70 69//69 71//71
f 453//453 72//72 71//71
f 454//454 71//71 69//69
f 68//68 455//455 69//69
f 74//74 73//73 451//451
f 514//514 507//507 526//526
f 510//510 509//509 467//467
f 467//467 509//509 468//468
f 513//513 521//521 471//471
f 513//513 470//470 469//469
f 509//509 513//513 469//469
f 469//469 468//468 509//509
f 456//456 471//471 521//521
f 467//467 511//511 510//510
f 513//513 471//471 470//470
f 512//512 511//511 466//466
f 508//508 512//512 465//465
f 499//499 508//508 1231//1231
f 508//508 465//465 1232//1232
f 466//466 465//465 512//512
f 1231//1231 1230//1230 499//499
f 511//511 467//467 466//466
f 464//464 463//463 1233//1233
f 463//463 462//462 616//616
f 1232//1232 465//465 464//464
f 1233//1233 463//463 615//615
f 560//560 429//429 526//526
f 614//614 460//460 459//459
f 459//459 458//458 606//606
f 1288//1288 455//455 68//68
f 457//457 606//606 458//458
f 439//439 1288//1288 68//68
f 608//608 607//607 456//456
f 68//68 67//67 439//439
f 457//457 456//456 607//607
f 614//614 461//461 460//460
f 608//608 456//456 520//520
f 461//461 614//614 618//618
f 462//462 461//461 617//617
f 616//616 462//462 617//617
f 617//617 461//461 618//618
f 608//608 520//520 438//438
f 457//457 607//607 606//606
f 609//609 438//438 610//610
f 608//608 438//438 609//609
f 459//459 606//606 614//614
f 463//463 616//616 615//615
f 438//438 611//611 610//610
f 1231//1231 508//508 1232//1232
f 456//456 521//521 520//520
f 270//270 1225//1225 271//271
f 420//420 259//259 275//275
f 275//275 421//421 420//420
f 259//259 420//420 419//419
f 419//419 260//260 259//259
f 274//274 421//421 275//275
f 1225//1225 273//273 272//272
f 270//270 1246//1246 1245//1245
f 270//270 1245//1245 1225//1225
f 421//421 274//274 273//273
f 269//269 1247//1247 1246//1246
f 421//421 273//273 422//422
f 272//272 271//271 1225//1225
f 1224//1224 422//422 1225//1225
f 1245//1245 1244//1244 1225//1225
f 423//423 1224//1224 1223//1223
f 422//422 1224//1224 423//423
f 424//424 423//423 1223//1223
f 1226//1226 1225//1225 1244//1244
f 424//424 1223//1223 1222//1222
f 1222//1222 1221//1221 226//226
f 1220//1220 227//227 1221//1221
f 422//422 273//273 1225//1225
f 1248//1248 1230//1230 1249//1249
f 1247//1247 269//269 1248//1248
f 1250//1250 1249//1249 1230//1230
f 615//615 1234//1234 1233//1233
f 619//619 1235//1235 1234//1234
f 615//615 619//619 1234//1234
f 1229//1229 1250//1250 1230//1230
f 1242//1242 1241//1241 341//341
f 1236//1236 1243//1243 1219//1219
f 1219//1219 1243//1243 1242//1242
f 1238//1238 1237//1237 1227//1227
f 1228//1228 1227//1227 1237//1237
f 343//343 1239//1239 1227//1227
f 1227//1227 1239//1239 1238//1238
f 1240//1240 1239//1239 342//342
f 1240//1240 342//342 1241//1241
f 1227//1227 1235//1235 619//619
f 424//424 1222//1222 425//425
f 425//425 473//473 417//417
f 413//413 417//417 473//473
f 472//472 415//415 414//414
f 473//473 472//472 413//413
f 226//226 1221//1221 227//227
f 226//226 225//225 1222//1222
f 225//225 224//224 475//475
f 475//475 224//224 232//232
f 473//473 425//425 225//225
f 225//225 475//475 473//473
f 472//472 414//414 413//413
f 188//188 187//187 472//472
f 415//415 472//472 187//187
f 472//472 179//179 184//184
f 472//472 184//184 188//188
f 474//474 179//179 472//472
f 474//474 475//475 232//232
f 236//236 474//474 232//232
f 236//236 235//235 474//474
f 180//180 474//474 181//181
f 180//180 179//179 474//474
f 339//339 338//338 1219//1219
f 228//228 1219//1219 338//338
f 229//229 338//338 337//337
f 228//228 1220//1220 1219//1219
f 228//228 338//338 229//229
f 1220//1220 228//228 227//227
f 342//342 1239//1239 343//343
f 1219//1219 341//341 340//340
f 1219//1219 340//340 339//339
f 342//342 341//341 1241//1241
f 341//341 1219//1219 1242//1242
f 230//230 229//229 336//336
f 337//337 336//336 229//229
f 231//231 230//230 326//326
f 336//336 326//326 230//230
f 325//325 231//231 326//326
f 325//325 220//220 219//219
f 324//324 220//220 325//325
f 231//231 325//325 219//219
f 220//220 334//334 221//221
f 324//324 334//334 220//220
f 222//222 221//221 305//305
f 316//316 223//223 222//222
f 225//225 425//425 1222//1222
f 343//343 1227//1227 344//344
f 626//626 1227//1227 619//619
f 624//624 1227//1227 625//625
f 626//626 625//625 1227//1227
f 612//612 438//438 613//613
f 605//605 636//636 637//637
f 613//613 636//636 604//604
f 636//636 605//605 604//604
f 613//613 438//438 636//636
f 637//637 620//620 605//605
f 620//620 637//637 621//621
f 636//636 681//681 680//680
f 636//636 682//682 681//681
f 637//637 346//346 621//621
f 622//622 621//621 346//346
f 637//637 350//350 349//349
f 682//682 636//636 683//683
f 679//679 636//636 680//680
f 664//664 636//636 679//679
f 350//350 637//637 335//335
f 623//623 344//344 624//624
f 636//636 684//684 683//683
f 678//678 438//438 446//446
f 444//444 678//678 445//445
f 446//446 445//445 678//678
f 674//674 444//444 443//443
f 678//678 685//685 438//438
f 674//674 440//440 439//439
f 443//443 442//442 674//674
f 674//674 442//442 441//441
f 674//674 441//441 440//440
f 678//678 444//444 674//674
f 675//675 67//67 676//676
f 684//684 438//438 685//685
f 439//439 675//675 674//674
f 66//66 673//673 677//677
f 666//666 665//665 66//66
f 673//673 66//66 665//665
f 667//667 666//666 66//66
f 677//677 67//67 66//66
f 684//684 636//636 438//438
f 439//439 67//67 675//675
f 345//345 623//623 622//622
f 612//612 611//611 438//438
f 345//345 622//622 346//346
f 333//333 221//221 334//334
f 346//346 637//637 347//347
f 348//348 637//637 349//349
f 311//311 330//330 329//329
f 327//327 335//335 637//637
f 347//347 637//637 348//348
f 308//308 221//221 332//332
f 332//332 221//221 333//333
f 307//307 306//306 221//221
f 305//305 221//221 306//306
f 307//307 221//221 308//308
f 310//310 309//309 331//331
f 309//309 332//332 331//331
f 310//310 330//330 311//311
f 309//309 308//308 332//332
f 331//331 330//330 310//310
f 305//305 316//316 222//222
f 311//311 329//329 312//312
f 663//663 627//627 636//636
f 637//637 304//304 303//303
f 303//303 327//327 637//637
f 664//664 663//663 636//636
f 627//627 663//663 672//672
f 66//66 65//65 668//668
f 672//672 671//671 627//627
f 670//670 669//669 627//627
f 669//669 668//668 627//627
f 303//303 312//312 328//328
f 329//329 328//328 312//312
f 65//65 628//628 627//627
f 670//670 627//627 671//671
f 668//668 65//65 627//627
f 63//63 629//629 64//64
f 628//628 65//65 64//64
f 63//63 62//62 630//630
f 631//631 630//630 62//62
f 629//629 63//63 630//630
f 64//64 629//629 628//628
f 638//638 304//304 637//637
f 303//303 328//328 327//327
f 667//667 66//66 668//668
f 345//345 344//344 623//623
f 344//344 1227//1227 624//624
f 676//676 67//67 677//677
f 181//181 474//474 235//235
f 1232//1232 464//464 1233//1233
f 415//415 187//187 216//216
f 15//15 14//14 994//994
f 995//995 994//994 14//14
f 16//16 15//15 993//993
f 994//994 993//993 15//15
f 17//17 16//16 992//992
f 16//16 993//993 992//992
f 736//736 735//735 829//829
f 1034//1034 991//991 1035//1035
f 837//837 736//736 829//829
f 1002//1002 821//821 1001//1001
f 991//991 17//17 992//992
f 1032//1032 17//17 991//991
f 1036//1036 1035//1035 991//991
f 1033//1033 991//991 1034//1034
f 1032//1032 1031//1031 18//18
f 1001//1001 821//821 829//829
f 1001//1001 829//829 735//735
f 1000//1000 1027//1027 991//991
f 732//732 1001//1001 735//735
f 1036//1036 991//991 1027//1027
f 1028//1028 1027//1027 1000//1000
f 1032//1032 991//991 1033//1033
f 18//18 17//17 1032//1032
f 738//738 836//836 835//835
f 836//836 737//737 837//837
f 833//833 832//832 870//870
f 839//839 838//838 871//871
f 831//831 830//830 870//870
f 871//871 840//840 839//839
f 840//840 871//871 830//830
f 870//870 832//832 831//831
f 738//738 835//835 739//739
f 730//730 729//729 1001//1001
f 729//729 728//728 1001//1001
f 737//737 736//736 837//837
f 740//740 739//739 834//834
f 834//834 739//739 835//835
f 727//727 726//726 986//986
f 833//833 870//870 740//740
f 833//833 740//740 834//834
f 1001//1001 728//728 727//727
f 737//737 836//836 738//738
f 871//871 838//838 872//872
f 18//18 1030//1030 1029//1029
f 1037//1037 1041//1041 18//18
f 18//18 1041//1041 19//19
f 1029//1029 1037//1037 18//18
f 18//18 1031//1031 1030//1030
f 917//917 1039//1039 1038//1038
f 917//917 19//19 1039//1039
f 916//916 1049//1049 1048//1048
f 19//19 1041//1041 1040//1040
f 921//921 1038//1038 922//922
f 1038//1038 919//919 918//918
f 1038//1038 918//918 917//917
f 919//919 1038//1038 920//920
f 923//923 922//922 1042//1042
f 922//922 1038//1038 1042//1042
f 1042//1042 916//916 924//924
f 1042//1042 924//924 923//923
f 1049//1049 916//916 1042//1042
f 976//976 975//975 916//916
f 920//920 1038//1038 921//921
f 19//19 1040//1040 1039//1039
f 1000//1000 916//916 1048//1048
f 1028//1028 1000//1000 1043//1043
f 1046//1046 1045//1045 1000//1000
f 1043//1043 1000//1000 1044//1044
f 727//727 985//985 1001//1001
f 1044//1044 1000//1000 1045//1045
f 985//985 727//727 986//986
f 986//986 726//726 987//987
f 1001//1001 985//985 984//984
f 731//731 730//730 1001//1001
f 1047//1047 1046//1046 1000//1000
f 731//731 1001//1001 732//732
f 968//968 1000//1000 969//969
f 1001//1001 984//984 969//969
f 1000//1000 968//968 977//977
f 1048//1048 1047//1047 1000//1000
f 916//916 1000//1000 977//977
f 1170//1170 979//979 983//983
f 990//990 989//989 1163//1163
f 989//989 988//988 1163//1163
f 988//988 987//987 725//725
f 1000//1000 1001//1001 969//969
f 977//977 976//976 916//916
f 725//725 987//987 726//726
f 983//983 990//990 1163//1163
f 870//870 830//830 871//871
f 869//869 742//742 870//870
f 870//870 742//742 741//741
f 870//870 741//741 740//740
f 733//733 742//742 869//869
f 868//868 734//734 869//869
f 733//733 869//869 734//734
f 734//734 868//868 880//880
f 880//880 879//879 716//716
f 716//716 734//734 880//880
f 720//720 1155//1155 721//721
f 724//724 723//723 1175//1175
f 723//723 722//722 1177//1177
f 721//721 1155//1155 722//722
f 879//879 717//717 716//716
f 719//719 718//718 878//878
f 718//718 717//717 878//878
f 878//878 717//717 879//879
f 1155//1155 720//720 719//719
f 719//719 877//877 1155//1155
f 191//191 943//943 192//192
f 191//191 190//190 943//943
f 194//194 943//943 190//190
f 881//881 885//885 943//943
f 941//941 194//194 198//198
f 701//701 700//700 941//941
f 944//944 881//881 943//943
f 197//197 941//941 198//198
f 941//941 943//943 194//194
f 941//941 702//702 701//701
f 941//941 700//700 942//942
f 1156//1156 877//877 876//876
f 875//875 874//874 1158//1158
f 878//878 877//877 719//719
f 1158//1158 874//874 712//712
f 881//881 944//944 873//873
f 944//944 874//874 873//873
f 704//704 712//712 942//942
f 944//944 942//942 712//712
f 700//700 704//704 942//942
f 944//944 712//712 874//874
f 875//875 1157//1157 876//876
f 1163//1163 725//725 724//724
f 1177//1177 722//722 1178//1178
f 1163//1163 1175//1175 1174//1174
f 1163//1163 1174//1174 1173//1173
f 1176//1176 1175//1175 723//723
f 877//877 1156//1156 1155//1155
f 1155//1155 1172//1172 1179//1179
f 1155//1155 1179//1179 1178//1178
f 1155//1155 1178//1178 722//722
f 1177//1177 1176//1176 723//723
f 1173//1173 1164//1164 1163//1163
f 1171//1171 983//983 1163//1163
f 1170//1170 1169//1169 979//979
f 1163//1163 988//988 725//725
f 1184//1184 1183//1183 800//800
f 1185//1185 1166//1166 1186//1186
f 1186//1186 1166//1166 1165//1165
f 1185//1185 1184//1184 1166//1166
f 933//933 1169//1169 1168//1168
f 724//724 1175//1175 1163//1163
f 712//712 711//711 1158//1158
f 1180//1180 1162//1162 1161//1161
f 711//711 1159//1159 1158//1158
f 710//710 1159//1159 711//711
f 709//709 1161//1161 1160//1160
f 1161//1161 709//709 804//804
f 710//710 709//709 1160//1160
f 710//710 1160//1160 1159//1159
f 1181//1181 1180//1180 1161//1161
f 1158//1158 1157//1157 875//875
f 803//803 802//802 1161//1161
f 803//803 1161//1161 804//804
f 1182//1182 800//800 1183//1183
f 801//801 1182//1182 1181//1181
f 708//708 804//804 709//709
f 806//806 708//708 707//707
f 807//807 707//707 706//706
f 707//707 807//807 806//806
f 708//708 806//806 805//805
f 805//805 804//804 708//708
f 817//817 807//807 706//706
f 1181//1181 1161//1161 801//801
f 1156//1156 876//876 1157//1157
f 1171//1171 1170//1170 983//983
f 943//943 885//885 884//884
f 974//974 916//916 975//975
f 972//972 916//916 973//973
f 916//916 972//972 907//907
f 974//974 973//973 916//916
f 981//981 980//980 931//931
f 928//928 970//970 978//978
f 930//930 978//978 982//982
f 930//930 982//982 981//981
f 970//970 926//926 971//971
f 926//926 970//970 927//927
f 1290//1290 21//21 20//20
f 925//925 972//972 971//971
f 928//928 927//927 970//970
f 925//925 971//971 926//926
f 929//929 978//978 930//930
f 972//972 925//925 1094//1094
f 929//929 928//928 978//978
f 930//930 981//981 931//931
f 925//925 940//940 1095//1095
f 917//917 1290//1290 20//20
f 20//20 19//19 917//917
f 979//979 932//932 980//980
f 932//932 931//931 980//980
f 934//934 1168//1168 1082//1082
f 932//932 1169//1169 933//933
f 1168//1168 934//934 933//933
f 1168//1168 1167//1167 1082//1082
f 1086//1086 935//935 934//934
f 1086//1086 934//934 1082//1082
f 1167//1167 1073//1073 1082//1082
f 1086//1086 1085//1085 935//935
f 1166//1166 1073//1073 1167//1167
f 937//937 936//936 1083//1083
f 1087//1087 939//939 938//938
f 1087//1087 940//940 939//939
f 1083//1083 938//938 937//937
f 938//938 1083//1083 1087//1087
f 936//936 1085//1085 1084//1084
f 1081//1081 1100//1100 1088//1088
f 1083//1083 936//936 1084//1084
f 1087//1087 1095//1095 940//940
f 935//935 1085//1085 936//936
f 21//21 1290//1290 906//906
f 23//23 22//22 21//21
f 24//24 23//23 905//905
f 21//21 905//905 23//23
f 25//25 24//24 904//904
f 21//21 906//906 905//905
f 25//25 904//904 903//903
f 903//903 902//902 26//26
f 904//904 24//24 905//905
f 26//26 25//25 903//903
f 27//27 901//901 900//900
f 900//900 28//28 27//27
f 26//26 901//901 27//27
f 26//26 902//902 901//901
f 899//899 28//28 900//900
f 2//2 899//899 898//898
f 1//1 29//29 2//2
f 899//899 2//2 29//29
f 29//29 28//28 899//899
f 1289//1289 2//2 898//898
f 1093//1093 907//907 1094//1094
f 907//907 1092//1092 1091//1091
f 907//907 1091//1091 1090//1090
f 1093//1093 1092//1092 907//907
f 1100//1100 907//907 1089//1089
f 908//908 1132//1132 909//909
f 1100//1100 1134//1134 907//907
f 907//907 1090//1090 1089//1089
f 1089//1089 1088//1088 1100//1100
f 1094//1094 907//907 972//972
f 4//4 3//3 915//915
f 1289//1289 915//915 3//3
f 2//2 1289//1289 3//3
f 1141//1141 915//915 914//914
f 915//915 1141//1141 1145//1145
f 1141//1141 911//911 910//910
f 1141//1141 913//913 912//912
f 914//914 913//913 1141//1141
f 911//911 1141//1141 912//912
f 1132//1132 910//910 909//909
f 1145//1145 4//4 915//915
f 1094//1094 925//925 1095//1095
f 1132//1132 908//908 907//907
f 910//910 1132//1132 1141//1141
f 799//799 798//798 1166//1166
f 1166//1166 798//798 1076//1076
f 1077//1077 798//798 797//797
f 1074//1074 1166//1166 1075//1075
f 1166//1166 1076//1076 1075//1075
f 1074//1074 1073//1073 1166//1166
f 800//800 1182//1182 801//801
f 799//799 1184//1184 800//800
f 802//802 801//801 1161//1161
f 817//817 706//706 705//705
f 1166//1166 1184//1184 799//799
f 1077//1077 797//797 1078//1078
f 1079//1079 1099//1099 1080//1080
f 1099//1099 1079//1079 796//796
f 796//796 1079//1079 1078//1078
f 1078//1078 797//797 796//796
f 1099//1099 796//796 795//795
f 1099//1099 795//795 794//794
f 793//793 1099//1099 794//794
f 1080//1080 1099//1099 1081//1081
f 1076//1076 798//798 1077//1077
f 705//705 715//715 817//817
f 809//809 817//817 715//715
f 714//714 810//810 715//715
f 715//715 810//810 809//809
f 811//811 810//810 714//714
f 779//779 714//714 713//713
f 780//780 713//713 690//690
f 790//790 714//714 779//779
f 779//779 713//713 780//780
f 789//789 714//714 790//790
f 812//812 811//811 714//714
f 787//787 813//813 812//812
f 813//813 786//786 814//814
f 787//787 786//786 813//813
f 814//814 786//786 785//785
f 788//788 787//787 812//812
f 789//789 788//788 714//714
f 690//690 781//781 780//780
f 785//785 815//815 814//814
f 812//812 714//714 788//788
f 781//781 690//690 782//782
f 1136//1136 1100//1100 1137//1137
f 1134//1134 1100//1100 1135//1135
f 1099//1099 1100//1100 1081//1081
f 1136//1136 1135//1135 1100//1100
f 1138//1138 1100//1100 1139//1139
f 1138//1138 1137//1137 1100//1100
f 1147//1147 1140//1140 1100//1100
f 1140//1140 1139//1139 1100//1100
f 793//793 792//792 1099//1099
f 907//907 1134//1134 1133//1133
f 4//4 1145//1145 1144//1144
f 1142//1142 30//30 1143//1143
f 30//30 4//4 1143//1143
f 1144//1144 1143//1143 4//4
f 30//30 1142//1142 1146//1146
f 30//30 1146//1146 1154//1154
f 30//30 1154//1154 1153//1153
f 30//30 1153//1153 1152//1152
f 1152//1152 31//31 30//30
f 1101//1101 1148//1148 1147//1147
f 792//792 791//791 1099//1099
f 1149//1149 1101//1101 1150//1150
f 791//791 808//808 1099//1099
f 1101//1101 1149//1149 1148//1148
f 785//785 784//784 815//815
f 784//784 816//816 815//815
f 784//784 783//783 816//816
f 808//808 816//816 783//783
f 783//783 1099//1099 808//808
f 783//783 778//778 1099//1099
f 1101//1101 1152//1152 1151//1151
f 32//32 31//31 1108//1108
f 1101//1101 1108//1108 31//31
f 1101//1101 31//31 1152//1152
f 33//33 32//32 1107//1107
f 1107//1107 32//32 1108//1108
f 1106//1106 33//33 1107//1107
f 35//35 34//34 1105//1105
f 1106//1106 1105//1105 34//34
f 33//33 1106//1106 34//34
f 1151//1151 1150//1150 1101//1101
f 1100//1100 1101//1101 1147//1147
f 1133//1133 1132//1132 907//907
f 1105//1105 36//36 35//35
f 932//932 979//979 1169//1169
f 195//195 183//183 178//178
f 176//176 197//197 196//196
f 702//702 197//197 176//176
f 195//195 176//176 196//196
f 176//176 195//195 178//178
f 235//235 178//178 181//181
f 178//178 182//182 181//181
f 233//233 178//178 234//234
f 235//235 234//234 178//178
f 178//178 183//183 182//182
f 175//175 699//699 176//176
f 176//176 703//703 702//702
f 175//175 691//691 699//699
f 175//175 245//245 692//692
f 178//178 233//233 177//177
f 245//245 177//177 237//237
f 177//177 233//233 237//237
f 175//175 177//177 245//245
f 1254//1254 245//245 244//244
f 243//243 1255//1255 244//244
f 243//243 242//242 1256//1256
f 699//699 703//703 176//176
f 702//702 941//941 197//197
f 239//239 238//238 373//373
f 389//389 240//240 372//372
f 241//241 240//240 389//389
f 239//239 372//372 240//240
f 372//372 239//239 373//373
f 247//247 246//246 313//313
f 373//373 248//248 391//391
f 392//392 248//248 247//247
f 238//238 248//248 373//373
f 392//392 391//391 248//248
f 389//389 388//388 241//241
f 387//387 242//242 241//241
f 387//387 241//241 388//388
f 387//387 386//386 1257//1257
f 385//385 1257//1257 386//386
f 1257//1257 242//242 387//387
f 383//383 382//382 1270//1270
f 382//382 381//381 1260//1260
f 384//384 1257//1257 385//385
f 383//383 1275//1275 384//384
f 175//175 692//692 691//691
f 1254//1254 693//693 692//692
f 853//853 695//695 1251//1251
f 1252//1252 695//695 694//694
f 1253//1253 694//694 693//693
f 693//693 1254//1254 1253//1253
f 695//695 1252//1252 1251//1251
f 1282//1282 1251//1251 1258//1258
f 1252//1252 694//694 1253//1253
f 853//853 696//696 695//695
f 244//244 1255//1255 1254//1254
f 850//850 697//697 851//851
f 851//851 696//696 852//852
f 852//852 696//696 853//853
f 853//853 1251//1251 854//854
f 1281//1281 1251//1251 1282//1282
f 857//857 1280//1280 1279//1279
f 1281//1281 1280//1280 856//856
f 857//857 1279//1279 1278//1278
f 1281//1281 856//856 1251//1251
f 698//698 697//697 850//850
f 696//696 851//851 697//697
f 1256//1256 242//242 1257//1257
f 1257//1257 1273//1273 1268//1268
f 1256//1256 1255//1255 243//243
f 1274//1274 1273//1273 1257//1257
f 1274//1274 384//384 1275//1275
f 1260//1260 1271//1271 1270//1270
f 382//382 1260//1260 1270//1270
f 1275//1275 383//383 1269//1269
f 1269//1269 383//383 1270//1270
f 1277//1277 1276//1276 1261//1261
f 1276//1276 1262//1262 1261//1261
f 1261//1261 1278//1278 1277//1277
f 1272//1272 1260//1260 1259//1259
f 590//590 1264//1264 581//581
f 1263//1263 1260//1260 581//581
f 584//584 1260//1260 381//381
f 1264//1264 590//590 1265//1265
f 1271//1271 1260//1260 1272//1272
f 384//384 1274//1274 1257//1257
f 1251//1251 855//855 854//854
f 245//245 1254//1254 692//692
f 1264//1264 1263//1263 581//581
f 315//315 314//314 223//223
f 314//314 246//246 223//223
f 247//247 313//313 323//323
f 247//247 322//322 321//321
f 314//314 313//313 246//246
f 395//395 320//320 319//319
f 320//320 395//395 394//394
f 396//396 395//395 319//319
f 321//321 320//320 394//394
f 322//322 247//247 323//323
f 394//394 247//247 321//321
f 379//379 378//378 638//638
f 247//247 394//394 393//393
f 318//318 396//396 319//319
f 377//377 376//376 638//638
f 638//638 376//376 375//375
f 638//638 378//378 377//377
f 392//392 247//247 393//393
f 397//397 396//396 318//318
f 58//58 633//633 59//59
f 317//317 304//304 398//398
f 634//634 633//633 58//58
f 62//62 61//61 631//631
f 60//60 631//631 61//61
f 60//60 59//59 632//632
f 633//633 632//632 59//59
f 631//631 60//60 632//632
f 57//57 635//635 634//634
f 304//304 390//390 398//398
f 317//317 398//398 397//397
f 638//638 374//374 390//390
f 635//635 658//658 657//657
f 304//304 638//638 390//390
f 58//58 57//57 634//634
f 659//659 658//658 635//635
f 57//57 660//660 635//635
f 656//656 635//635 657//657
f 659//659 635//635 660//660
f 638//638 375//375 374//374
f 318//318 317//317 397//397
f 380//380 379//379 586//586
f 315//315 223//223 316//316
f 379//379 638//638 587//587
f 638//638 588//588 587//587
f 639//639 647//647 646//646
f 379//379 587//587 586//586
f 655//655 639//639 635//635
f 655//655 648//648 639//639
f 646//646 645//645 639//639
f 645//645 644//644 639//639
f 639//639 648//648 647//647
f 589//589 588//588 638//638
f 635//635 656//656 655//655
f 589//589 638//638 639//639
f 583//583 1260//1260 584//584
f 582//582 1260//1260 583//583
f 585//585 584//584 381//381
f 639//639 643//643 642//642
f 123//123 641//641 640//640
f 641//641 123//123 642//642
f 642//642 123//123 639//639
f 643//643 639//639 644//644
f 585//585 381//381 380//380
f 56//56 661//661 660//660
f 56//56 654//654 662//662
f 651//651 650//650 56//56
f 654//654 56//56 650//650
f 661//661 56//56 662//662
f 55//55 651//651 56//56
f 57//57 56//56 660//660
f 124//124 640//640 125//125
f 640//640 649//649 126//126
f 649//649 127//127 126//126
f 649//649 653//653 131//131
f 127//127 649//649 128//128
f 128//128 649//649 129//129
f 649//649 131//131 130//130
f 649//649 130//130 129//129
f 55//55 653//653 652//652
f 123//123 601//601 600//600
f 126//126 125//125 640//640
f 124//124 123//123 640//640
f 131//131 653//653 55//55
f 639//639 123//123 597//597
f 585//585 380//380 586//586
f 582//582 581//581 1260//1260
f 652//652 651//651 55//55
f 770//770 689//689 688//688
f 846//846 688//688 847//847
f 770//770 688//688 771//771
f 771//771 688//688 772//772
f 770//770 782//782 689//689
f 848//848 847//847 688//688
f 867//867 687//687 686//686
f 687//687 867//867 866//866
f 687//687 866//866 848//848
f 848//848 688//688 687//687
f 698//698 850//850 867//867
f 844//844 776//776 775//775
f 688//688 846//846 773//773
f 774//774 846//846 845//845
f 775//775 845//845 844//844
f 843//843 776//776 844//844
f 774//774 845//845 775//775
f 774//774 773//773 846//846
f 843//843 777//777 776//776
f 772//772 688//688 773//773
f 856//856 855//855 1251//1251
f 857//857 1278//1278 858//858
f 856//856 1280//1280 857//857
f 859//859 858//858 1261//1261
f 858//858 1278//1278 1261//1261
f 1261//1261 1065//1065 1072//1072
f 1261//1261 1070//1070 859//859
f 1261//1261 1072//1072 1071//1071
f 1267//1267 1065//1065 1261//1261
f 1069//1069 860//860 859//859
f 860//860 1069//1069 1068//1068
f 1067//1067 861//861 1068//1068
f 1067//1067 1098//1098 861//861
f 1098//1098 862//862 861//861
f 1066//1066 1098//1098 1067//1067
f 1070//1070 1261//1261 1071//1071
f 1066//1066 1051//1051 1098//1098
f 1070//1070 1069//1069 859//859
f 1098//1098 863//863 862//862
f 860//860 1068//1068 861//861
f 686//686 698//698 867//867
f 778//778 777//777 842//842
f 1099//1099 778//778 1098//1098
f 778//778 842//842 841//841
f 1098//1098 841//841 849//849
f 1098//1098 778//778 841//841
f 1097//1097 1109//1109 1118//1118
f 1117//1117 1097//1097 1118//1118
f 1109//1109 1097//1097 1096//1096
f 1097//1097 1117//1117 1116//1116
f 777//777 843//843 842//842
f 1103//1103 1102//1102 38//38
f 37//37 36//36 1104//1104
f 1105//1105 1104//1104 36//36
f 1103//1103 37//37 1104//1104
f 37//37 1103//1103 38//38
f 1097//1097 1115//1115 1114//1114
f 1097//1097 39//39 1102//1102
f 38//38 1102//1102 39//39
f 1114//1114 39//39 1097//1097
f 1115//1115 1097//1097 1116//1116
f 40//40 39//39 1114//1114
f 1098//1098 865//865 864//864
f 1110//1110 1096//1096 1125//1125
f 1126//1126 1125//1125 1096//1096
f 1127//1127 1126//1126 1096//1096
f 1128//1128 1096//1096 1129//1129
f 1096//1096 1128//1128 1127//1127
f 1130//1130 113//113 1131//1131
f 1129//1129 1096//1096 1130//1130
f 1131//1131 113//113 1124//1124
f 1098//1098 849//849 865//865
f 1111//1111 40//40 1112//1112
f 1113//1113 1112//1112 40//40
f 40//40 1114//1114 1113//1113
f 40//40 1111//1111 1119//1119
f 1120//1120 110//110 109//109
f 110//110 1120//1120 1124//1124
f 1121//1121 1120//1120 105//105
f 40//40 1119//1119 1123//1123
f 1123//1123 1122//1122 41//41
f 41//41 1122//1122 1121//1121
f 41//41 40//40 1123//1123
f 1096//1096 1110//1110 1109//1109
f 1098//1098 1051//1051 1096//1096
f 863//863 1098//1098 864//864
f 689//689 782//782 690//690
f 110//110 1124//1124 111//111
f 1266//1266 166//166 1061//1061
f 1266//1266 167//167 166//166
f 166//166 165//165 1062//1062
f 1061//1061 1267//1267 1266//1266
f 1265//1265 168//168 167//167
f 168//168 590//590 594//594
f 594//594 169//169 168//168
f 593//593 169//169 594//594
f 590//590 168//168 1265//1265
f 170//170 169//169 593//593
f 1062//1062 165//165 1063//1063
f 164//164 1060//1060 1064//1064
f 164//164 1064//1064 1063//1063
f 165//165 164//164 1063//1063
f 1060//1060 164//164 163//163
f 162//162 161//161 1052//1052
f 160//160 159//159 1053//1053
f 162//162 1060//1060 163//163
f 1052//1052 161//161 160//160
f 1061//1061 166//166 1062//1062
f 1061//1061 1065//1065 1267//1267
f 589//589 639//639 596//596
f 591//591 170//170 592//592
f 593//593 592//592 170//170
f 599//599 598//598 123//123
f 602//602 601//601 123//123
f 600//600 599//599 123//123
f 113//113 602//602 123//123
f 597//597 123//123 598//598
f 591//591 595//595 172//172
f 602//602 1054//1054 159//159
f 595//595 174//174 173//173
f 170//170 591//591 171//171
f 595//595 173//173 172//172
f 603//603 174//174 595//595
f 1284//1284 54//54 53//53
f 55//55 54//54 131//131
f 54//54 1284//1284 131//131
f 159//159 174//174 603//603
f 159//159 603//603 602//602
f 171//171 591//591 172//172
f 596//596 639//639 597//597
f 1060//1060 162//162 1052//1052
f 1266//1266 1265//1265 167//167
f 1059//1059 1096//1096 1050//1050
f 1059//1059 1058//1058 113//113
f 113//113 1058//1058 1057//1057
f 113//113 1096//1096 1059//1059
f 1054//1054 1053//1053 159//159
f 113//113 1056//1056 1055//1055
f 113//113 1055//1055 1054//1054
f 602//602 113//113 1054//1054
f 1056//1056 113//113 1057//1057
f 1130//1130 1096//1096 113//113
f 1120//1120 109//109 108//108
f 113//113 112//112 1124//1124
f 1120//1120 107//107 106//106
f 42//42 41//41 105//105
f 1120//1120 106//106 105//105
f 105//105 41//41 1121//1121
f 107//107 1120//1120 108//108
f 1051//1051 1050//1050 1096//1096
f 105//105 1283//1283 42//42
f 50//50 116//116 115//115
f 118//118 117//117 48//48
f 117//117 116//116 49//49
f 49//49 116//116 50//50
f 114//114 1284//1284 53//53
f 53//53 115//115 114//114
f 52//52 51//51 53//53
f 51//51 115//115 53//53
f 115//115 51//51 50//50
f 48//48 119//119 118//118
f 45//45 43//43 121//121
f 1283//1283 122//122 43//43
f 42//42 1283//1283 43//43
f 122//122 121//121 43//43
f 44//44 43//43 45//45
f 49//49 48//48 117//117
f 47//47 120//120 119//119
f 48//48 47//47 119//119
f 47//47 46//46 120//120
f 46//46 121//121 120//120
f 46//46 45//45 121//121
f 1052//1052 160//160 1053//1053
f 1124//1124 112//112 111//111
f 1427//1427 1428//1428 1384//1384
f 1386//1386 1426//1426 1385//1385
f 1387//1387 1425//1425 1386//1386
f 1427//1427 1384//1384 1385//1385
f 1383//1383 1384//1384 1428//1428
f 1381//1381 1382//1382 1383//1383
f 1430//1430 1381//1381 1429//1429
f 1383//1383 1429//1429 1381//1381
f 1380//1380 1381//1381 1430//1430
f 1429//1429 1383//1383 1428//1428
f 1389//1389 1423//1423 1388//1388
f 1391//1391 1423//1423 1389//1389
f 1391//1391 1392//1392 1422//1422
f 1390//1390 1391//1391 1389//1389
f 1422//1422 1423//1423 1391//1391
f 1426//1426 1427//1427 1385//1385
f 1424//1424 1425//1425 1387//1387
f 1388//1388 1423//1423 1424//1424
f 1426//1426 1386//1386 1425//1425
f 1387//1387 1388//1388 1424//1424
f 1441//1441 1379//1379 1380//1380
f 1837//1837 1379//1379 1441//1441
f 1380//1380 2576//2576 1441//1441
f 2576//2576 1380//1380 1430//1430
f 1442//1442 1836//1836 1441//1441
f 1836//1836 1443//1443 1444//1444
f 1440//1440 1840//1840 1448//1448
f 1836//1836 1444//1444 1445//1445
f 1836//1836 1442//1442 1443//1443
f 1771//1771 1772//1772 1440//1440
f 1440//1440 1431//1431 1770//1770
f 1769//1769 1490//1490 1768//1768
f 1771//1771 1440//1440 1770//1770
f 1440//1440 1773//1773 1774//1774
f 1812//1812 1775//1775 1766//1766
f 1775//1775 1812//1812 1440//1440
f 1774//1774 1775//1775 1440//1440
f 1440//1440 1772//1772 1773//1773
f 1770//1770 1489//1489 1769//1769
f 1440//1440 1812//1812 1846//1846
f 1489//1489 2257//2257 1504//1504
f 1489//1489 2256//2256 2257//2257
f 2249//2249 1504//1504 2257//2257
f 2575//2575 1392//1392 1439//1439
f 1422//1422 1392//1392 2575//2575
f 2256//2256 1489//1489 1770//1770
f 2249//2249 1502//1502 1503//1503
f 1502//1502 2245//2245 1501//1501
f 1503//1503 1504//1504 2249//2249
f 2245//2245 1502//1502 2249//2249
f 1769//1769 1489//1489 1490//1490
f 2256//2256 1431//1431 2255//2255
f 2253//2253 1431//1431 2252//2252
f 2252//2252 1431//1431 2251//2251
f 1431//1431 2253//2253 2254//2254
f 1500//1500 1501//1501 2245//2245
f 2246//2246 1500//1500 2245//2245
f 2293//2293 2250//2250 2251//2251
f 1770//1770 1431//1431 2256//2256
f 1392//1392 1393//1393 1439//1439
f 2246//2246 2247//2247 1500//1500
f 1490//1490 1491//1491 1768//1768
f 1776//1776 1493//1493 1494//1494
f 1776//1776 1492//1492 1493//1493
f 1768//1768 1492//1492 1776//1776
f 1494//1494 1780//1780 1776//1776
f 1779//1779 1495//1495 1778//1778
f 1778//1778 1496//1496 1777//1777
f 1779//1779 1780//1780 1494//1494
f 1812//1812 1766//1766 1767//1767
f 1494//1494 1495//1495 1779//1779
f 1492//1492 1768//1768 1491//1491
f 1498//1498 2248//2248 2244//2244
f 2247//2247 1499//1499 1500//1500
f 1499//1499 2248//2248 1498//1498
f 1499//1499 2247//2247 2248//2248
f 1498//1498 2491//2491 1497//1497
f 1777//1777 1496//1496 2492//2492
f 2492//2492 2493//2493 1777//1777
f 1497//1497 2491//2491 2492//2492
f 1497//1497 2492//2492 1496//1496
f 1496//1496 1778//1778 1495//1495
f 2244//2244 2491//2491 1498//1498
f 1781//1781 1777//1777 2493//2493
f 1379//1379 1837//1837 1838//1838
f 1441//1441 1836//1836 1837//1837
f 1836//1836 1445//1445 1446//1446
f 1840//1840 1836//1836 1446//1446
f 1827//1827 1378//1378 1835//1835
f 1839//1839 1835//1835 1378//1378
f 1378//1378 1827//1827 1828//1828
f 1829//1829 1378//1378 1828//1828
f 1447//1447 1840//1840 1446//1446
f 1839//1839 1378//1378 1379//1379
f 1840//1840 1447//1447 1448//1448
f 1846//1846 1812//1812 1845//1845
f 1847//1847 1840//1840 1440//1440
f 1845//1845 1812//1812 1844//1844
f 1846//1846 1847//1847 1440//1440
f 1826//1826 1841//1841 1812//1812
f 1843//1843 1844//1844 1812//1812
f 1842//1842 1843//1843 1812//1812
f 1841//1841 1842//1842 1812//1812
f 1582//1582 1583//1583 1814//1814
f 1566//1566 1567//1567 1814//1814
f 1377//1377 1818//1818 1376//1376
f 1813//1813 1377//1377 1830//1830
f 1830//1830 1377//1377 1378//1378
f 1830//1830 1378//1378 1829//1829
f 1813//1813 1818//1818 1377//1377
f 1820//1820 1374//1374 1375//1375
f 1375//1375 1819//1819 1820//1820
f 1376//1376 1819//1819 1375//1375
f 1819//1819 1376//1376 1818//1818
f 1821//1821 1374//1374 1820//1820
f 1831//1831 1813//1813 1830//1830
f 1833//1833 1813//1813 1832//1832
f 1825//1825 1812//1812 1813//1813
f 1825//1825 1813//1813 1834//1834
f 1834//1834 1813//1813 1833//1833
f 1652//1652 1814//1814 1567//1567
f 1652//1652 1567//1567 1586//1586
f 1660//1660 1652//1652 1586//1586
f 1815//1815 1814//1814 1652//1652
f 1825//1825 1826//1826 1812//1812
f 1831//1831 1832//1832 1813//1813
f 1566//1566 1814//1814 1583//1583
f 1838//1838 1839//1839 1379//1379
f 1783//1783 1814//1814 1782//1782
f 1786//1786 1577//1577 1785//1785
f 1785//1785 1578//1578 1784//1784
f 1582//1582 1814//1814 1581//1581
f 1579//1579 1814//1814 1783//1783
f 1783//1783 1784//1784 1579//1579
f 1580//1580 1581//1581 1814//1814
f 1814//1814 1579//1579 1580//1580
f 2487//2487 1786//1786 1787//1787
f 1814//1814 1767//1767 1782//1782
f 2487//2487 1788//1788 1781//1781
f 1576//1576 1577//1577 2487//2487
f 2487//2487 1577//1577 1786//1786
f 2504//2504 1575//1575 1576//1576
f 2487//2487 1781//1781 2493//2493
f 1785//1785 1577//1577 1578//1578
f 1578//1578 1579//1579 1784//1784
f 1575//1575 2506//2506 1574//1574
f 1574//1574 2477//2477 1573//1573
f 2504//2504 1576//1576 2487//2487
f 1787//1787 1788//1788 2487//2487
f 1767//1767 1814//1814 1812//1812
f 1588//1588 1659//1659 1587//1587
f 1590//1590 1657//1657 1589//1589
f 1658//1658 1588//1588 1589//1589
f 1656//1656 1657//1657 1590//1590
f 1589//1589 1657//1657 1658//1658
f 1587//1587 1659//1659 1660//1660
f 1656//1656 1691//1691 1655//1655
f 1658//1658 1659//1659 1588//1588
f 1691//1691 1656//1656 1590//1590
f 1587//1587 1660//1660 1586//1586
f 1690//1690 1592//1592 1584//1584
f 1690//1690 1585//1585 1689//1689
f 1585//1585 1701//1701 1689//1689
f 1584//1584 1585//1585 1690//1690
f 1691//1691 1592//1592 1690//1690
f 1691//1691 1653//1653 1654//1654
f 1692//1692 1661//1661 1653//1653
f 1653//1653 1691//1691 1692//1692
f 1592//1592 1691//1691 1591//1591
f 1691//1691 1654//1654 1655//1655
f 1590//1590 1591//1591 1691//1691
f 1692//1692 1693//1693 1661//1661
f 2243//2243 2250//2250 2293//2293
f 2303//2303 1438//1438 1439//1439
f 1436//1436 1437//1437 2303//2303
f 1438//1438 2303//2303 1437//1437
f 1435//1435 1436//1436 2303//2303
f 2303//2303 1439//1439 2307//2307
f 1432//1432 2294//2294 1431//1431
f 2303//2303 1434//1434 1435//1435
f 1433//1433 1434//1434 2294//2294
f 1432//1432 1433//1433 2294//2294
f 1434//1434 2303//2303 2294//2294
f 2251//2251 1431//1431 2293//2293
f 1394//1394 2304//2304 2305//2305
f 2308//2308 1394//1394 2316//2316
f 2315//2315 2316//2316 1394//1394
f 2304//2304 1394//1394 2308//2308
f 2305//2305 1393//1393 1394//1394
f 1393//1393 2307//2307 1439//1439
f 1394//1394 2314//2314 2315//2315
f 2314//2314 1394//1394 1299//1299
f 2305//2305 2306//2306 1393//1393
f 2307//2307 1393//1393 2306//2306
f 1431//1431 2295//2295 2296//2296
f 2294//2294 2295//2295 1431//1431
f 2293//2293 2296//2296 2297//2297
f 1431//1431 2296//2296 2293//2293
f 2292//2292 2243//2243 2293//2293
f 2236//2236 2486//2486 2235//2235
f 2238//2238 2486//2486 2237//2237
f 2237//2237 2486//2486 2236//2236
f 2297//2297 2298//2298 2293//2293
f 2235//2235 2490//2490 2244//2244
f 2299//2299 2300//2300 2293//2293
f 2309//2309 2293//2293 2302//2302
f 2302//2302 2293//2293 2301//2301
f 2301//2301 2293//2293 2300//2300
f 2241//2241 2292//2292 2049//2049
f 2309//2309 2289//2289 2293//2293
f 2242//2242 2292//2292 2241//2241
f 2242//2242 2243//2243 2292//2292
f 2240//2240 2050//2050 2239//2239
f 2241//2241 2049//2049 2240//2240
f 2299//2299 2293//2293 2298//2298
f 2239//2239 2051//2051 2238//2238
f 2309//2309 2310//2310 2289//2289
f 2292//2292 2111//2111 2041//2041
f 2312//2312 2313//2313 2289//2289
f 2311//2311 2289//2289 2310//2310
f 2289//2289 2314//2314 1299//1299
f 2313//2313 2314//2314 2289//2289
f 2045//2045 2046//2046 2292//2292
f 2292//2292 2044//2044 2045//2045
f 2041//2041 2044//2044 2292//2292
f 2311//2311 2312//2312 2289//2289
f 2040//2040 2041//2041 2111//2111
f 2288//2288 1299//1299 1300//1300
f 2286//2286 1301//1301 1302//1302
f 2286//2286 1302//1302 2285//2285
f 1303//1303 2285//2285 1302//1302
f 1304//1304 2285//2285 1303//1303
f 2287//2287 1301//1301 2286//2286
f 2111//2111 2112//2112 2040//2040
f 2288//2288 2289//2289 1299//1299
f 2287//2287 2288//2288 1300//1300
f 2287//2287 1300//1300 1301//1301
f 2039//2039 2040//2040 2112//2112
f 2047//2047 2048//2048 2292//2292
f 2113//2113 2038//2038 2039//2039
f 2047//2047 2292//2292 2046//2046
f 2049//2049 2050//2050 2240//2240
f 2115//2115 2036//2036 2037//2037
f 2036//2036 2186//2186 2035//2035
f 2037//2037 2038//2038 2114//2114
f 2048//2048 2049//2049 2292//2292
f 2037//2037 2114//2114 2115//2115
f 2113//2113 2114//2114 2038//2038
f 2036//2036 2115//2115 2116//2116
f 2116//2116 2117//2117 2186//2186
f 2109//2109 2185//2185 2108//2108
f 2110//2110 2162//2162 2109//2109
f 2186//2186 2118//2118 2108//2108
f 2186//2186 2117//2117 2118//2118
f 2128//2128 2162//2162 2110//2110
f 2186//2186 2036//2036 2116//2116
f 2039//2039 2112//2112 2113//2113
f 2185//2185 2109//2109 2162//2162
f 2050//2050 2051//2051 2239//2239
f 2490//2490 2491//2491 2244//2244
f 2486//2486 2489//2489 2235//2235
f 2498//2498 2485//2485 2486//2486
f 2490//2490 2235//2235 2489//2489
f 2502//2502 2503//2503 2487//2487
f 2504//2504 2505//2505 1575//1575
f 2503//2503 2504//2504 2487//2487
f 2498//2498 2486//2486 2497//2497
f 2486//2486 2496//2496 2497//2497
f 2501//2501 2054//2054 2500//2500
f 2054//2054 2483//2483 2500//2500
f 2053//2053 2495//2495 2496//2496
f 2483//2483 2494//2494 2499//2499
f 2181//2181 2482//2482 2483//2483
f 2481//2481 2183//2183 2480//2480
f 2483//2483 2499//2499 2500//2500
f 2495//2495 2053//2053 2501//2501
f 2486//2486 2052//2052 2496//2496
f 1572//1572 2477//2477 1571//1571
f 1572//1572 1573//1573 2477//2477
f 2507//2507 1574//1574 2506//2506
f 1575//1575 2505//2505 2506//2506
f 1571//1571 1699//1699 1570//1570
f 1700//1700 1568//1568 1569//1569
f 1568//1568 1700//1700 1701//1701
f 1569//1569 1570//1570 1699//1699
f 1569//1569 1699//1699 1700//1700
f 1585//1585 1568//1568 1701//1701
f 2507//2507 2477//2477 1574//1574
f 2484//2484 2477//2477 2508//2508
f 1696//1696 2479//2479 2480//2480
f 1697//1697 2478//2478 2479//2479
f 1699//1699 1571//1571 1698//1698
f 1698//1698 1571//1571 2477//2477
f 2478//2478 1698//1698 2477//2477
f 1697//1697 1698//1698 2478//2478
f 1697//1697 2479//2479 1696//1696
f 1695//1695 1696//1696 2480//2480
f 2508//2508 2477//2477 2507//2507
f 2182//2182 2481//2481 2482//2482
f 2488//2488 2502//2502 2487//2487
f 2052//2052 2053//2053 2496//2496
f 2055//2055 2056//2056 2483//2483
f 2055//2055 2483//2483 2054//2054
f 2053//2053 2054//2054 2501//2501
f 2181//2181 2483//2483 2057//2057
f 2180//2180 2058//2058 2059//2059
f 2179//2179 2180//2180 2059//2059
f 2057//2057 2058//2058 2180//2180
f 2056//2056 2057//2057 2483//2483
f 2181//2181 2057//2057 2180//2180
f 2034//2034 2187//2187 2033//2033
f 2043//2043 2033//2033 2187//2187
f 2034//2034 2035//2035 2186//2186
f 2185//2185 2186//2186 2108//2108
f 2187//2187 2034//2034 2186//2186
f 2059//2059 2042//2042 2179//2179
f 2178//2178 2179//2179 2042//2042
f 2177//2177 2178//2178 2043//2043
f 2042//2042 2043//2043 2178//2178
f 2187//2187 2177//2177 2043//2043
f 2183//2183 2481//2481 2182//2182
f 1507//1507 2184//2184 2176//2176
f 2480//2480 2184//2184 1695//1695
f 2172//2172 1507//1507 2176//2176
f 2183//2183 2184//2184 2480//2480
f 1505//1505 1694//1694 1695//1695
f 1695//1695 1507//1507 1505//1505
f 1507//1507 2172//2172 1508//1508
f 1694//1694 1505//1505 1702//1702
f 1507//1507 1695//1695 2184//2184
f 2182//2182 2482//2482 2181//2181
f 2173//2173 1508//1508 2172//2172
f 1508//1508 2174//2174 1482//1482
f 2174//2174 2233//2233 1482//1482
f 2173//2173 2174//2174 1508//1508
f 1483//1483 1508//1508 1482//1482
f 1506//1506 1705//1705 1706//1706
f 1506//1506 1706//1706 1702//1702
f 1475//1475 1476//1476 1506//1506
f 1476//1476 1477//1477 1506//1506
f 1506//1506 1479//1479 1475//1475
f 1508//1508 1479//1479 1506//1506
f 1479//1479 1508//1508 1483//1483
f 1506//1506 1702//1702 1505//1505
f 2051//2051 2052//2052 2486//2486
f 2238//2238 2051//2051 2486//2486
f 1431//1431 2254//2254 2255//2255
f 1821//1821 1372//1372 1373//1373
f 1371//1371 1372//1372 1822//1822
f 1372//1372 1821//1821 1822//1822
f 1373//1373 1374//1374 1821//1821
f 1823//1823 1371//1371 1822//1822
f 1370//1370 1371//1371 1823//1823
f 1817//1817 1369//1369 1824//1824
f 1370//1370 1824//1824 1369//1369
f 1817//1817 1868//1868 1369//1369
f 1370//1370 1823//1823 1824//1824
f 1644//1644 1539//1539 1815//1815
f 1548//1548 1539//1539 1644//1644
f 1547//1547 1548//1548 1645//1645
f 1644//1644 1645//1645 1548//1548
f 1867//1867 1817//1817 1866//1866
f 1540//1540 1815//1815 1539//1539
f 1864//1864 1865//1865 1817//1817
f 1815//1815 1540//1540 1551//1551
f 1865//1865 1866//1866 1817//1817
f 1646//1646 1547//1547 1645//1645
f 1644//1644 1815//1815 1652//1652
f 1867//1867 1868//1868 1817//1817
f 1368//1368 1869//1869 1870//1870
f 1868//1868 1869//1869 1368//1368
f 1858//1858 1368//1368 1862//1862
f 1870//1870 1862//1862 1368//1368
f 1859//1859 1298//1298 1368//1368
f 1368//1368 1858//1858 1859//1859
f 1369//1369 1868//1868 1368//1368
f 1863//1863 1816//1816 1856//1856
f 1816//1816 1853//1853 1854//1854
f 1855//1855 1856//1856 1816//1816
f 1816//1816 1852//1852 1853//1853
f 1864//1864 1817//1817 1863//1863
f 1848//1848 1849//1849 1719//1719
f 1852//1852 1816//1816 1851//1851
f 1851//1851 1816//1816 1850//1850
f 1850//1850 1719//1719 1849//1849
f 1855//1855 1816//1816 1854//1854
f 1863//1863 1817//1817 1816//1816
f 1815//1815 1551//1551 1552//1552
f 1860//1860 1298//1298 1859//1859
f 1693//1693 1642//1642 1643//1643
f 1717//1717 1544//1544 1649//1649
f 1547//1547 1646//1646 1546//1546
f 1545//1545 1648//1648 1544//1544
f 1649//1649 1544//1544 1648//1648
f 1647//1647 1545//1545 1546//1546
f 1647//1647 1648//1648 1545//1545
f 1717//1717 1649//1649 1650//1650
f 1647//1647 1546//1546 1646//1646
f 1717//1717 1651//1651 1641//1641
f 1641//1641 1716//1716 1717//1717
f 1642//1642 1716//1716 1641//1641
f 1716//1716 1642//1642 1693//1693
f 1544//1544 1717//1717 1543//1543
f 1542//1542 1543//1543 1717//1717
f 1550//1550 1541//1541 1718//1718
f 1542//1542 1718//1718 1541//1541
f 1708//1708 1550//1550 1718//1718
f 1542//1542 1717//1717 1718//1718
f 1651//1651 1717//1717 1650//1650
f 1815//1815 1553//1553 1554//1554
f 1815//1815 1555//1555 1795//1795
f 1556//1556 1793//1793 1794//1794
f 1555//1555 1815//1815 1554//1554
f 1795//1795 1555//1555 1794//1794
f 1796//1796 1797//1797 1815//1815
f 1793//1793 1557//1557 1792//1792
f 1796//1796 1815//1815 1795//1795
f 1555//1555 1556//1556 1794//1794
f 1552//1552 1553//1553 1815//1815
f 2538//2538 2520//2520 1558//1558
f 1708//1708 1709//1709 1550//1550
f 1560//1560 2536//2536 1559//1559
f 1559//1559 2538//2538 1558//1558
f 2520//2520 1790//1790 1791//1791
f 1792//1792 2520//2520 1791//1791
f 1558//1558 2520//2520 1557//1557
f 2520//2520 1792//1792 1557//1557
f 1557//1557 1793//1793 1556//1556
f 1789//1789 1790//1790 2520//2520
f 1816//1816 1815//1815 1797//1797
f 1661//1661 1693//1693 1643//1643
f 1857//1857 1727//1727 1861//1861
f 1857//1857 1724//1724 1725//1725
f 1857//1857 1723//1723 1724//1724
f 1723//1723 1857//1857 1722//1722
f 1725//1725 1726//1726 1857//1857
f 1727//1727 1297//1297 1298//1298
f 1861//1861 1727//1727 1298//1298
f 1297//1297 1727//1727 2577//2577
f 1727//1727 1857//1857 1726//1726
f 2577//2577 1737//1737 1297//1297
f 1860//1860 1861//1861 1298//1298
f 1848//1848 1722//1722 1857//1857
f 1816//1816 1805//1805 1719//1719
f 1848//1848 1719//1719 1720//1720
f 1809//1809 1719//1719 1808//1808
f 1720//1720 1721//1721 1848//1848
f 1816//1816 1804//1804 1805//1805
f 1719//1719 1806//1806 1807//1807
f 1719//1719 1809//1809 1810//1810
f 1805//1805 1806//1806 1719//1719
f 1719//1719 1807//1807 1808//1808
f 1719//1719 1810//1810 1728//1728
f 1722//1722 1848//1848 1721//1721
f 1296//1296 1367//1367 1295//1295
f 1738//1738 1296//1296 1737//1737
f 1297//1297 1737//1737 1296//1296
f 1367//1367 1296//1296 1738//1738
f 1366//1366 1367//1367 1738//1738
f 1739//1739 1365//1365 1366//1366
f 1364//1364 1365//1365 1740//1740
f 1739//1739 1740//1740 1365//1365
f 1741//1741 1364//1364 1740//1740
f 1739//1739 1366//1366 1738//1738
f 1363//1363 1741//1741 1742//1742
f 1359//1359 1744//1744 1745//1745
f 1361//1361 1743//1743 1744//1744
f 1362//1362 1742//1742 1743//1743
f 1362//1362 1363//1363 1742//1742
f 1360//1360 1361//1361 1359//1359
f 1743//1743 1361//1361 1362//1362
f 1744//1744 1359//1359 1361//1361
f 1358//1358 1359//1359 1745//1745
f 1364//1364 1741//1741 1363//1363
f 1804//1804 1816//1816 1797//1797
f 1800//1800 1757//1757 1799//1799
f 1757//1757 1758//1758 1799//1799
f 1803//1803 1761//1761 1811//1811
f 1803//1803 1759//1759 1760//1760
f 1799//1799 1759//1759 1803//1803
f 1759//1759 1799//1799 1758//1758
f 1746//1746 1811//1811 1761//1761
f 1757//1757 1800//1800 1801//1801
f 1803//1803 1760//1760 1761//1761
f 1802//1802 1756//1756 1801//1801
f 1798//1798 1755//1755 1802//1802
f 1789//1789 2521//2521 1798//1798
f 1798//1798 2522//2522 1755//1755
f 1756//1756 1802//1802 1755//1755
f 2521//2521 1789//1789 2520//2520
f 1801//1801 1756//1756 1757//1757
f 1754//1754 2523//2523 1753//1753
f 1753//1753 1906//1906 1752//1752
f 2522//2522 1754//1754 1755//1755
f 2523//2523 1905//1905 1753//1753
f 1850//1850 1816//1816 1719//1719
f 1904//1904 1749//1749 1750//1750
f 1749//1749 1896//1896 1748//1748
f 2578//2578 1358//1358 1745//1745
f 1747//1747 1748//1748 1896//1896
f 1729//1729 1358//1358 2578//2578
f 1898//1898 1746//1746 1897//1897
f 1358//1358 1729//1729 1357//1357
f 1747//1747 1897//1897 1746//1746
f 1904//1904 1750//1750 1751//1751
f 1898//1898 1810//1810 1746//1746
f 1751//1751 1908//1908 1904//1904
f 1752//1752 1907//1907 1751//1751
f 1906//1906 1907//1907 1752//1752
f 1907//1907 1908//1908 1751//1751
f 1898//1898 1728//1728 1810//1810
f 1747//1747 1896//1896 1897//1897
f 1899//1899 1900//1900 1728//1728
f 1898//1898 1899//1899 1728//1728
f 1749//1749 1904//1904 1896//1896
f 1753//1753 1905//1905 1906//1906
f 1728//1728 1900//1900 1901//1901
f 2521//2521 2522//2522 1798//1798
f 1746//1746 1810//1810 1811//1811
f 1560//1560 1561//1561 2515//2515
f 1710//1710 1565//1565 1549//1549
f 1565//1565 1710//1710 1711//1711
f 1549//1549 1709//1709 1710//1710
f 1709//1709 1549//1549 1550//1550
f 1564//1564 1565//1565 1711//1711
f 2515//2515 1562//1562 1563//1563
f 1560//1560 2535//2535 2536//2536
f 1560//1560 2515//2515 2535//2535
f 1711//1711 1563//1563 1564//1564
f 1559//1559 2536//2536 2537//2537
f 1711//1711 1712//1712 1563//1563
f 1562//1562 2515//2515 1561//1561
f 2514//2514 2515//2515 1712//1712
f 2535//2535 2515//2515 2534//2534
f 1713//1713 2513//2513 2514//2514
f 1712//1712 1713//1713 2514//2514
f 1714//1714 2513//2513 1713//1713
f 2516//2516 2534//2534 2515//2515
f 1714//1714 2512//2512 2513//2513
f 2512//2512 1516//1516 2511//2511
f 2510//2510 2511//2511 1517//1517
f 1712//1712 2515//2515 1563//1563
f 2538//2538 2539//2539 2520//2520
f 2537//2537 2538//2538 1559//1559
f 2540//2540 2520//2520 2539//2539
f 1905//1905 2523//2523 2524//2524
f 1909//1909 2524//2524 2525//2525
f 1905//1905 2524//2524 1909//1909
f 2519//2519 2520//2520 2540//2540
f 2532//2532 1631//1631 2531//2531
f 2526//2526 2509//2509 2533//2533
f 2509//2509 2532//2532 2533//2533
f 2528//2528 2517//2517 2527//2527
f 2518//2518 2527//2527 2517//2517
f 1633//1633 2517//2517 2529//2529
f 2517//2517 2528//2528 2529//2529
f 2530//2530 1632//1632 2529//2529
f 2530//2530 2531//2531 1632//1632
f 2517//2517 1909//1909 2525//2525
f 1714//1714 1715//1715 2512//2512
f 1715//1715 1707//1707 1763//1763
f 1703//1703 1763//1763 1707//1707
f 1762//1762 1704//1704 1705//1705
f 1763//1763 1703//1703 1762//1762
f 1516//1516 1517//1517 2511//2511
f 1516//1516 2512//2512 1515//1515
f 1515//1515 1765//1765 1514//1514
f 1765//1765 1522//1522 1514//1514
f 1763//1763 1515//1515 1715//1715
f 1515//1515 1763//1763 1765//1765
f 1762//1762 1703//1703 1704//1704
f 1478//1478 1762//1762 1477//1477
f 1705//1705 1477//1477 1762//1762
f 1762//1762 1474//1474 1469//1469
f 1762//1762 1478//1478 1474//1474
f 1764//1764 1762//1762 1469//1469
f 1764//1764 1522//1522 1765//1765
f 1526//1526 1522//1522 1764//1764
f 1526//1526 1764//1764 1525//1525
f 1470//1470 1471//1471 1764//1764
f 1470//1470 1764//1764 1469//1469
f 1629//1629 2509//2509 1628//1628
f 1518//1518 1628//1628 2509//2509
f 1519//1519 1627//1627 1628//1628
f 1518//1518 2509//2509 2510//2510
f 1518//1518 1519//1519 1628//1628
f 2510//2510 1517//1517 1518//1518
f 1632//1632 1633//1633 2529//2529
f 2509//2509 1630//1630 1631//1631
f 2509//2509 1629//1629 1630//1630
f 1632//1632 2531//2531 1631//1631
f 1631//1631 2532//2532 2509//2509
f 1520//1520 1626//1626 1519//1519
f 1627//1627 1519//1519 1626//1626
f 1521//1521 1616//1616 1520//1520
f 1626//1626 1520//1520 1616//1616
f 1615//1615 1616//1616 1521//1521
f 1615//1615 1509//1509 1510//1510
f 1614//1614 1615//1615 1510//1510
f 1521//1521 1509//1509 1615//1615
f 1510//1510 1511//1511 1624//1624
f 1614//1614 1510//1510 1624//1624
f 1512//1512 1595//1595 1511//1511
f 1606//1606 1512//1512 1513//1513
f 1515//1515 2512//2512 1715//1715
f 1633//1633 1634//1634 2517//2517
f 1916//1916 1909//1909 2517//2517
f 1914//1914 1915//1915 2517//2517
f 1916//1916 2517//2517 1915//1915
f 1902//1902 1903//1903 1728//1728
f 1895//1895 1927//1927 1926//1926
f 1903//1903 1894//1894 1926//1926
f 1926//1926 1894//1894 1895//1895
f 1903//1903 1926//1926 1728//1728
f 1927//1927 1895//1895 1910//1910
f 1910//1910 1911//1911 1927//1927
f 1926//1926 1970//1970 1971//1971
f 1926//1926 1971//1971 1972//1972
f 1927//1927 1911//1911 1636//1636
f 1912//1912 1636//1636 1911//1911
f 1927//1927 1639//1639 1640//1640
f 1972//1972 1973//1973 1926//1926
f 1969//1969 1970//1970 1926//1926
f 1954//1954 1969//1969 1926//1926
f 1640//1640 1625//1625 1927//1927
f 1913//1913 1914//1914 1634//1634
f 1926//1926 1973//1973 1974//1974
f 1968//1968 1736//1736 1728//1728
f 1734//1734 1735//1735 1968//1968
f 1736//1736 1968//1968 1735//1735
f 1964//1964 1733//1733 1734//1734
f 1968//1968 1728//1728 1975//1975
f 1964//1964 1729//1729 1730//1730
f 1733//1733 1964//1964 1732//1732
f 1964//1964 1731//1731 1732//1732
f 1964//1964 1730//1730 1731//1731
f 1968//1968 1964//1964 1734//1734
f 1965//1965 1966//1966 1357//1357
f 1974//1974 1975//1975 1728//1728
f 1729//1729 1964//1964 1965//1965
f 1356//1356 1967//1967 1963//1963
f 1956//1956 1356//1356 1955//1955
f 1963//1963 1955//1955 1356//1356
f 1957//1957 1356//1356 1956//1956
f 1967//1967 1356//1356 1357//1357
f 1974//1974 1728//1728 1926//1926
f 1729//1729 1965//1965 1357//1357
f 1635//1635 1912//1912 1913//1913
f 1902//1902 1728//1728 1901//1901
f 1635//1635 1636//1636 1912//1912
f 1623//1623 1624//1624 1511//1511
f 1636//1636 1637//1637 1927//1927
f 1638//1638 1639//1639 1927//1927
f 1601//1601 1619//1619 1620//1620
f 1617//1617 1927//1927 1625//1625
f 1637//1637 1638//1638 1927//1927
f 1598//1598 1622//1622 1511//1511
f 1622//1622 1623//1623 1511//1511
f 1597//1597 1511//1511 1596//1596
f 1595//1595 1596//1596 1511//1511
f 1597//1597 1598//1598 1511//1511
f 1600//1600 1621//1621 1599//1599
f 1599//1599 1621//1621 1622//1622
f 1600//1600 1601//1601 1620//1620
f 1599//1599 1622//1622 1598//1598
f 1621//1621 1600//1600 1620//1620
f 1595//1595 1512//1512 1606//1606
f 1601//1601 1602//1602 1619//1619
f 1953//1953 1926//1926 1917//1917
f 1927//1927 1593//1593 1594//1594
f 1593//1593 1927//1927 1617//1617
f 1954//1954 1926//1926 1953//1953
f 1917//1917 1962//1962 1953//1953
f 1356//1356 1958//1958 1355//1355
f 1962//1962 1917//1917 1961//1961
f 1960//1960 1917//1917 1959//1959
f 1959//1959 1917//1917 1958//1958
f 1593//1593 1618//1618 1602//1602
f 1619//1619 1602//1602 1618//1618
f 1355//1355 1917//1917 1918//1918
f 1960//1960 1961//1961 1917//1917
f 1958//1958 1917//1917 1355//1355
f 1353//1353 1354//1354 1919//1919
f 1918//1918 1354//1354 1355//1355
f 1353//1353 1920//1920 1352//1352
f 1921//1921 1352//1352 1920//1920
f 1919//1919 1920//1920 1353//1353
f 1354//1354 1918//1918 1919//1919
f 1928//1928 1927//1927 1594//1594
f 1593//1593 1617//1617 1618//1618
f 1957//1957 1958//1958 1356//1356
f 1635//1635 1913//1913 1634//1634
f 1634//1634 1914//1914 2517//2517
f 1966//1966 1967//1967 1357//1357
f 1471//1471 1525//1525 1764//1764
f 2522//2522 2523//2523 1754//1754
f 1705//1705 1506//1506 1477//1477
f 1305//1305 2284//2284 1304//1304
f 2285//2285 1304//1304 2284//2284
f 1306//1306 2283//2283 1305//1305
f 2284//2284 1305//1305 2283//2283
f 1307//1307 2282//2282 1306//1306
f 1306//1306 2282//2282 2283//2283
f 2026//2026 2119//2119 2025//2025
f 2324//2324 2325//2325 2281//2281
f 2127//2127 2119//2119 2026//2026
f 2292//2292 2291//2291 2111//2111
f 2281//2281 2282//2282 1307//1307
f 2322//2322 2281//2281 1307//1307
f 2326//2326 2281//2281 2325//2325
f 2323//2323 2324//2324 2281//2281
f 2322//2322 1308//1308 2321//2321
f 2291//2291 2119//2119 2111//2111
f 2291//2291 2025//2025 2119//2119
f 2290//2290 2281//2281 2317//2317
f 2022//2022 2025//2025 2291//2291
f 2326//2326 2317//2317 2281//2281
f 2318//2318 2290//2290 2317//2317
f 2322//2322 2323//2323 2281//2281
f 1308//1308 2322//2322 1307//1307
f 2028//2028 2125//2125 2126//2126
f 2126//2126 2127//2127 2027//2027
f 2123//2123 2160//2160 2122//2122
f 2129//2129 2161//2161 2128//2128
f 2121//2121 2160//2160 2120//2120
f 2130//2130 2161//2161 2129//2129
f 2120//2120 2161//2161 2130//2130
f 2160//2160 2121//2121 2122//2122
f 2028//2028 2029//2029 2125//2125
f 2020//2020 2291//2291 2019//2019
f 2019//2019 2291//2291 2018//2018
f 2027//2027 2127//2127 2026//2026
f 2030//2030 2124//2124 2029//2029
f 2124//2124 2125//2125 2029//2029
f 2017//2017 2276//2276 2016//2016
f 2123//2123 2030//2030 2160//2160
f 2123//2123 2124//2124 2030//2030
f 2291//2291 2017//2017 2018//2018
f 2027//2027 2028//2028 2126//2126
f 2161//2161 2162//2162 2128//2128
f 1308//1308 2319//2319 2320//2320
f 2327//2327 1308//1308 2331//2331
f 1308//1308 1309//1309 2331//2331
f 2319//2319 1308//1308 2327//2327
f 1308//1308 2320//2320 2321//2321
f 2207//2207 2328//2328 2329//2329
f 2207//2207 2329//2329 1309//1309
f 2206//2206 2338//2338 2339//2339
f 1309//1309 2330//2330 2331//2331
f 2211//2211 2212//2212 2328//2328
f 2328//2328 2208//2208 2209//2209
f 2328//2328 2207//2207 2208//2208
f 2209//2209 2210//2210 2328//2328
f 2213//2213 2332//2332 2212//2212
f 2212//2212 2332//2332 2328//2328
f 2332//2332 2214//2214 2206//2206
f 2332//2332 2213//2213 2214//2214
f 2339//2339 2332//2332 2206//2206
f 2266//2266 2206//2206 2265//2265
f 2210//2210 2211//2211 2328//2328
f 1309//1309 2329//2329 2330//2330
f 2290//2290 2338//2338 2206//2206
f 2318//2318 2333//2333 2290//2290
f 2336//2336 2290//2290 2335//2335
f 2333//2333 2334//2334 2290//2290
f 2017//2017 2291//2291 2275//2275
f 2334//2334 2335//2335 2290//2290
f 2275//2275 2276//2276 2017//2017
f 2276//2276 2277//2277 2016//2016
f 2291//2291 2274//2274 2275//2275
f 2021//2021 2291//2291 2020//2020
f 2337//2337 2290//2290 2336//2336
f 2021//2021 2022//2022 2291//2291
f 2258//2258 2259//2259 2290//2290
f 2291//2291 2259//2259 2274//2274
f 2290//2290 2267//2267 2258//2258
f 2338//2338 2290//2290 2337//2337
f 2206//2206 2267//2267 2290//2290
f 2460//2460 2273//2273 2269//2269
f 2280//2280 2453//2453 2279//2279
f 2279//2279 2453//2453 2278//2278
f 2278//2278 2015//2015 2277//2277
f 2290//2290 2259//2259 2291//2291
f 2267//2267 2206//2206 2266//2266
f 2015//2015 2016//2016 2277//2277
f 2273//2273 2453//2453 2280//2280
f 2160//2160 2161//2161 2120//2120
f 2159//2159 2160//2160 2032//2032
f 2160//2160 2031//2031 2032//2032
f 2160//2160 2030//2030 2031//2031
f 2023//2023 2159//2159 2032//2032
f 2158//2158 2159//2159 2024//2024
f 2023//2023 2024//2024 2159//2159
f 2024//2024 2170//2170 2158//2158
f 2170//2170 2006//2006 2169//2169
f 2006//2006 2170//2170 2024//2024
f 2010//2010 2011//2011 2445//2445
f 2014//2014 2465//2465 2013//2013
f 2013//2013 2467//2467 2012//2012
f 2011//2011 2012//2012 2445//2445
f 2169//2169 2006//2006 2007//2007
f 2009//2009 2168//2168 2008//2008
f 2008//2008 2168//2168 2007//2007
f 2168//2168 2169//2169 2007//2007
f 2445//2445 2009//2009 2010//2010
f 2009//2009 2445//2445 2167//2167
f 1481//1481 1482//1482 2233//2233
f 1481//1481 2233//2233 1480//1480
f 1484//1484 1480//1480 2233//2233
f 2171//2171 2233//2233 2175//2175
f 2231//2231 1488//1488 1484//1484
f 1991//1991 2231//2231 1990//1990
f 2234//2234 2233//2233 2171//2171
f 1487//1487 1488//1488 2231//2231
f 2231//2231 1484//1484 2233//2233
f 2231//2231 1991//1991 1992//1992
f 2231//2231 2232//2232 1990//1990
f 2446//2446 2166//2166 2167//2167
f 2165//2165 2448//2448 2164//2164
f 2168//2168 2009//2009 2167//2167
f 2448//2448 2002//2002 2164//2164
f 2171//2171 2163//2163 2234//2234
f 2234//2234 2163//2163 2164//2164
f 1994//1994 2232//2232 2002//2002
f 2234//2234 2002//2002 2232//2232
f 1990//1990 2232//2232 1994//1994
f 2234//2234 2164//2164 2002//2002
f 2165//2165 2166//2166 2447//2447
f 2453//2453 2014//2014 2015//2015
f 2467//2467 2468//2468 2012//2012
f 2453//2453 2464//2464 2465//2465
f 2453//2453 2463//2463 2464//2464
f 2466//2466 2013//2013 2465//2465
f 2167//2167 2445//2445 2446//2446
f 2445//2445 2469//2469 2462//2462
f 2445//2445 2468//2468 2469//2469
f 2445//2445 2012//2012 2468//2468
f 2467//2467 2013//2013 2466//2466
f 2463//2463 2453//2453 2454//2454
f 2461//2461 2453//2453 2273//2273
f 2460//2460 2269//2269 2459//2459
f 2453//2453 2015//2015 2278//2278
f 2474//2474 2090//2090 2473//2473
f 2475//2475 2476//2476 2456//2456
f 2476//2476 2455//2455 2456//2456
f 2475//2475 2456//2456 2474//2474
f 2223//2223 2458//2458 2459//2459
f 2014//2014 2453//2453 2465//2465
f 2002//2002 2448//2448 2001//2001
f 2470//2470 2451//2451 2452//2452
f 2001//2001 2448//2448 2449//2449
f 2000//2000 2001//2001 2449//2449
f 1999//1999 2450//2450 2451//2451
f 2451//2451 2094//2094 1999//1999
f 2000//2000 2450//2450 1999//1999
f 2000//2000 2449//2449 2450//2450
f 2471//2471 2451//2451 2470//2470
f 2448//2448 2165//2165 2447//2447
f 2093//2093 2451//2451 2092//2092
f 2093//2093 2094//2094 2451//2451
f 2472//2472 2473//2473 2090//2090
f 2091//2091 2471//2471 2472//2472
f 1998//1998 1999//1999 2094//2094
f 2096//2096 1997//1997 1998//1998
f 2097//2097 1996//1996 1997//1997
f 1997//1997 2096//2096 2097//2097
f 1998//1998 2095//2095 2096//2096
f 2095//2095 1998//1998 2094//2094
f 2107//2107 1996//1996 2097//2097
f 2471//2471 2091//2091 2451//2451
f 2446//2446 2447//2447 2166//2166
f 2461//2461 2273//2273 2460//2460
f 2233//2233 2174//2174 2175//2175
f 2264//2264 2265//2265 2206//2206
f 2262//2262 2263//2263 2206//2206
f 2206//2206 2197//2197 2262//2262
f 2264//2264 2206//2206 2263//2263
f 2271//2271 2221//2221 2270//2270
f 2218//2218 2268//2268 2260//2260
f 2220//2220 2272//2272 2268//2268
f 2220//2220 2271//2271 2272//2272
f 2260//2260 2261//2261 2216//2216
f 2216//2216 2217//2217 2260//2260
f 2580//2580 1310//1310 1311//1311
f 2215//2215 2261//2261 2262//2262
f 2218//2218 2260//2260 2217//2217
f 2215//2215 2216//2216 2261//2261
f 2219//2219 2220//2220 2268//2268
f 2262//2262 2384//2384 2215//2215
f 2219//2219 2268//2268 2218//2218
f 2220//2220 2221//2221 2271//2271
f 2215//2215 2385//2385 2230//2230
f 2207//2207 1310//1310 2580//2580
f 1310//1310 2207//2207 1309//1309
f 2269//2269 2270//2270 2222//2222
f 2222//2222 2270//2270 2221//2221
f 2224//2224 2372//2372 2458//2458
f 2222//2222 2223//2223 2459//2459
f 2458//2458 2223//2223 2224//2224
f 2458//2458 2372//2372 2457//2457
f 2376//2376 2224//2224 2225//2225
f 2376//2376 2372//2372 2224//2224
f 2457//2457 2372//2372 2363//2363
f 2376//2376 2225//2225 2375//2375
f 2456//2456 2457//2457 2363//2363
f 2227//2227 2373//2373 2226//2226
f 2377//2377 2228//2228 2229//2229
f 2377//2377 2229//2229 2230//2230
f 2373//2373 2227//2227 2228//2228
f 2228//2228 2377//2377 2373//2373
f 2226//2226 2374//2374 2375//2375
f 2371//2371 2378//2378 2390//2390
f 2373//2373 2374//2374 2226//2226
f 2377//2377 2230//2230 2385//2385
f 2225//2225 2226//2226 2375//2375
f 1311//1311 2196//2196 2580//2580
f 1313//1313 1311//1311 1312//1312
f 1314//1314 2195//2195 1313//1313
f 1311//1311 1313//1313 2195//2195
f 1315//1315 2194//2194 1314//1314
f 1311//1311 2195//2195 2196//2196
f 1315//1315 2193//2193 2194//2194
f 2193//2193 1316//1316 2192//2192
f 2194//2194 2195//2195 1314//1314
f 1316//1316 2193//2193 1315//1315
f 1317//1317 2190//2190 2191//2191
f 2190//2190 1317//1317 1318//1318
f 1316//1316 1317//1317 2191//2191
f 1316//1316 2191//2191 2192//2192
f 2189//2189 2190//2190 1318//1318
f 1292//1292 2188//2188 2189//2189
f 1291//1291 1292//1292 1319//1319
f 2189//2189 1319//1319 1292//1292
f 1319//1319 2189//2189 1318//1318
f 2579//2579 2188//2188 1292//1292
f 2383//2383 2384//2384 2197//2197
f 2197//2197 2381//2381 2382//2382
f 2197//2197 2380//2380 2381//2381
f 2383//2383 2197//2197 2382//2382
f 2390//2390 2379//2379 2197//2197
f 2198//2198 2199//2199 2422//2422
f 2390//2390 2197//2197 2424//2424
f 2197//2197 2379//2379 2380//2380
f 2379//2379 2390//2390 2378//2378
f 2384//2384 2262//2262 2197//2197
f 1294//1294 2205//2205 1293//1293
f 2579//2579 1293//1293 2205//2205
f 1292//1292 1293//1293 2579//2579
f 2431//2431 2204//2204 2205//2205
f 2205//2205 2435//2435 2431//2431
f 2431//2431 2200//2200 2201//2201
f 2431//2431 2202//2202 2203//2203
f 2204//2204 2431//2431 2203//2203
f 2201//2201 2202//2202 2431//2431
f 2422//2422 2199//2199 2200//2200
f 2435//2435 2205//2205 1294//1294
f 2384//2384 2385//2385 2215//2215
f 2422//2422 2197//2197 2198//2198
f 2200//2200 2431//2431 2422//2422
f 2089//2089 2456//2456 2088//2088
f 2456//2456 2366//2366 2088//2088
f 2367//2367 2087//2087 2088//2088
f 2364//2364 2365//2365 2456//2456
f 2456//2456 2365//2365 2366//2366
f 2364//2364 2456//2456 2363//2363
f 2090//2090 2091//2091 2472//2472
f 2089//2089 2090//2090 2474//2474
f 2092//2092 2451//2451 2091//2091
f 2107//2107 1995//1995 1996//1996
f 2456//2456 2089//2089 2474//2474
f 2367//2367 2368//2368 2087//2087
f 2369//2369 2370//2370 2389//2389
f 2389//2389 2086//2086 2369//2369
f 2086//2086 2368//2368 2369//2369
f 2368//2368 2086//2086 2087//2087
f 2389//2389 2085//2085 2086//2086
f 2389//2389 2084//2084 2085//2085
f 2083//2083 2084//2084 2389//2389
f 2370//2370 2371//2371 2389//2389
f 2366//2366 2367//2367 2088//2088
f 1995//1995 2107//2107 2005//2005
f 2099//2099 2005//2005 2107//2107
f 2004//2004 2005//2005 2100//2100
f 2005//2005 2099//2099 2100//2100
f 2101//2101 2004//2004 2100//2100
f 2069//2069 2003//2003 2004//2004
f 2070//2070 1980//1980 2003//2003
f 2080//2080 2069//2069 2004//2004
f 2069//2069 2070//2070 2003//2003
f 2079//2079 2080//2080 2004//2004
f 2102//2102 2004//2004 2101//2101
f 2077//2077 2102//2102 2103//2103
f 2103//2103 2104//2104 2076//2076
f 2077//2077 2103//2103 2076//2076
f 2104//2104 2075//2075 2076//2076
f 2078//2078 2102//2102 2077//2077
f 2079//2079 2004//2004 2078//2078
f 1980//1980 2070//2070 2071//2071
f 2075//2075 2104//2104 2105//2105
f 2102//2102 2078//2078 2004//2004
f 2071//2071 2072//2072 1980//1980
f 2426//2426 2427//2427 2390//2390
f 2424//2424 2425//2425 2390//2390
f 2389//2389 2371//2371 2390//2390
f 2426//2426 2390//2390 2425//2425
f 2428//2428 2429//2429 2390//2390
f 2428//2428 2390//2390 2427//2427
f 2437//2437 2390//2390 2430//2430
f 2430//2430 2390//2390 2429//2429
f 2083//2083 2389//2389 2082//2082
f 2197//2197 2423//2423 2424//2424
f 1294//1294 2434//2434 2435//2435
f 2432//2432 2433//2433 1320//1320
f 1320//1320 2433//2433 1294//1294
f 2434//2434 1294//1294 2433//2433
f 1320//1320 2436//2436 2432//2432
f 1320//1320 2444//2444 2436//2436
f 1320//1320 2443//2443 2444//2444
f 1320//1320 2442//2442 2443//2443
f 2442//2442 1320//1320 1321//1321
f 2391//2391 2437//2437 2438//2438
f 2082//2082 2389//2389 2081//2081
f 2439//2439 2440//2440 2391//2391
f 2081//2081 2389//2389 2098//2098
f 2391//2391 2438//2438 2439//2439
f 2075//2075 2105//2105 2074//2074
f 2074//2074 2105//2105 2106//2106
f 2074//2074 2106//2106 2073//2073
f 2098//2098 2073//2073 2106//2106
f 2073//2073 2098//2098 2389//2389
f 2073//2073 2389//2389 2068//2068
f 2391//2391 2441//2441 2442//2442
f 1322//1322 2398//2398 1321//1321
f 2391//2391 1321//1321 2398//2398
f 2391//2391 2442//2442 1321//1321
f 1323//1323 2397//2397 1322//1322
f 2397//2397 2398//2398 1322//1322
f 2396//2396 2397//2397 1323//1323
f 1325//1325 2395//2395 1324//1324
f 2396//2396 1324//1324 2395//2395
f 1323//1323 1324//1324 2396//2396
f 2441//2441 2391//2391 2440//2440
f 2390//2390 2437//2437 2391//2391
f 2423//2423 2197//2197 2422//2422
f 2395//2395 1325//1325 1326//1326
f 2222//2222 2459//2459 2269//2269
f 1485//1485 1468//1468 1473//1473
f 1466//1466 1486//1486 1487//1487
f 1992//1992 1466//1466 1487//1487
f 1485//1485 1486//1486 1466//1466
f 1466//1466 1468//1468 1485//1485
f 1525//1525 1471//1471 1468//1468
f 1468//1468 1471//1471 1472//1472
f 1523//1523 1524//1524 1468//1468
f 1525//1525 1468//1468 1524//1524
f 1468//1468 1472//1472 1473//1473
f 1465//1465 1466//1466 1989//1989
f 1466//1466 1992//1992 1993//1993
f 1465//1465 1989//1989 1981//1981
f 1467//1467 1465//1465 1982//1982
f 1468//1468 1467//1467 1523//1523
f 1535//1535 1527//1527 1467//1467
f 1467//1467 1527//1527 1523//1523
f 1467//1467 1982//1982 1535//1535
f 2544//2544 1534//1534 1535//1535
f 1533//1533 1534//1534 2545//2545
f 1533//1533 2546//2546 1532//1532
f 1989//1989 1466//1466 1993//1993
f 1992//1992 1487//1487 2231//2231
f 1529//1529 1663//1663 1528//1528
f 1679//1679 1662//1662 1530//1530
f 1531//1531 1679//1679 1530//1530
f 1529//1529 1530//1530 1662//1662
f 1662//1662 1663//1663 1529//1529
f 1537//1537 1603//1603 1536//1536
f 1663//1663 1681//1681 1538//1538
f 1682//1682 1537//1537 1538//1538
f 1528//1528 1663//1663 1538//1538
f 1682//1682 1538//1538 1681//1681
f 1679//1679 1531//1531 1678//1678
f 1677//1677 1531//1531 1532//1532
f 1677//1677 1678//1678 1531//1531
f 1677//1677 2547//2547 1676//1676
f 1675//1675 1676//1676 2547//2547
f 2547//2547 1677//1677 1532//1532
f 1673//1673 2560//2560 1672//1672
f 1672//1672 2550//2550 1671//1671
f 1674//1674 1675//1675 2547//2547
f 1673//1673 1674//1674 2565//2565
f 1465//1465 1981//1981 1982//1982
f 2544//2544 1982//1982 1983//1983
f 2143//2143 2541//2541 1985//1985
f 2542//2542 1984//1984 1985//1985
f 2543//2543 1983//1983 1984//1984
f 1983//1983 2543//2543 2544//2544
f 1985//1985 2541//2541 2542//2542
f 2572//2572 2548//2548 2541//2541
f 2542//2542 2543//2543 1984//1984
f 2143//2143 1985//1985 1986//1986
f 1534//1534 2544//2544 2545//2545
f 2140//2140 2141//2141 1987//1987
f 2141//2141 2142//2142 1986//1986
f 2142//2142 2143//2143 1986//1986
f 2143//2143 2144//2144 2541//2541
f 2571//2571 2572//2572 2541//2541
f 2147//2147 2569//2569 2570//2570
f 2571//2571 2146//2146 2570//2570
f 2147//2147 2568//2568 2569//2569
f 2571//2571 2541//2541 2146//2146
f 1988//1988 2140//2140 1987//1987
f 1986//1986 1987//1987 2141//2141
f 2546//2546 2547//2547 1532//1532
f 2547//2547 2558//2558 2563//2563
f 2546//2546 1533//1533 2545//2545
f 2564//2564 2547//2547 2563//2563
f 2564//2564 2565//2565 1674//1674
f 2550//2550 2560//2560 2561//2561
f 1672//1672 2560//2560 2550//2550
f 2565//2565 2559//2559 1673//1673
f 2559//2559 2560//2560 1673//1673
f 2567//2567 2551//2551 2566//2566
f 2566//2566 2551//2551 2552//2552
f 2551//2551 2567//2567 2568//2568
f 2562//2562 2549//2549 2550//2550
f 1880//1880 1871//1871 2554//2554
f 2553//2553 1871//1871 2550//2550
f 1874//1874 1671//1671 2550//2550
f 2554//2554 2555//2555 1880//1880
f 2561//2561 2562//2562 2550//2550
f 1674//1674 2547//2547 2564//2564
f 2541//2541 2144//2144 2145//2145
f 1535//1535 1982//1982 2544//2544
f 2554//2554 1871//1871 2553//2553
f 1605//1605 1513//1513 1604//1604
f 1604//1604 1513//1513 1536//1536
f 1537//1537 1613//1613 1603//1603
f 1537//1537 1611//1611 1612//1612
f 1604//1604 1536//1536 1603//1603
f 1685//1685 1609//1609 1610//1610
f 1610//1610 1684//1684 1685//1685
f 1686//1686 1609//1609 1685//1685
f 1611//1611 1684//1684 1610//1610
f 1612//1612 1613//1613 1537//1537
f 1684//1684 1611//1611 1537//1537
f 1669//1669 1928//1928 1668//1668
f 1537//1537 1683//1683 1684//1684
f 1608//1608 1609//1609 1686//1686
f 1667//1667 1928//1928 1666//1666
f 1928//1928 1665//1665 1666//1666
f 1928//1928 1667//1667 1668//1668
f 1682//1682 1683//1683 1537//1537
f 1687//1687 1608//1608 1686//1686
f 1348//1348 1349//1349 1923//1923
f 1607//1607 1688//1688 1594//1594
f 1924//1924 1348//1348 1923//1923
f 1352//1352 1921//1921 1351//1351
f 1350//1350 1351//1351 1921//1921
f 1350//1350 1922//1922 1349//1349
f 1923//1923 1349//1349 1922//1922
f 1921//1921 1922//1922 1350//1350
f 1347//1347 1924//1924 1925//1925
f 1594//1594 1688//1688 1680//1680
f 1607//1607 1687//1687 1688//1688
f 1928//1928 1680//1680 1664//1664
f 1925//1925 1947//1947 1948//1948
f 1594//1594 1680//1680 1928//1928
f 1348//1348 1924//1924 1347//1347
f 1949//1949 1925//1925 1948//1948
f 1347//1347 1925//1925 1950//1950
f 1946//1946 1947//1947 1925//1925
f 1949//1949 1950//1950 1925//1925
f 1928//1928 1664//1664 1665//1665
f 1608//1608 1687//1687 1607//1607
f 1670//1670 1876//1876 1669//1669
f 1605//1605 1606//1606 1513//1513
f 1669//1669 1877//1877 1928//1928
f 1928//1928 1877//1877 1878//1878
f 1929//1929 1936//1936 1937//1937
f 1669//1669 1876//1876 1877//1877
f 1945//1945 1925//1925 1929//1929
f 1945//1945 1929//1929 1938//1938
f 1936//1936 1929//1929 1935//1935
f 1935//1935 1929//1929 1934//1934
f 1929//1929 1937//1937 1938//1938
f 1879//1879 1928//1928 1878//1878
f 1925//1925 1945//1945 1946//1946
f 1879//1879 1929//1929 1928//1928
f 1873//1873 1874//1874 2550//2550
f 1872//1872 1873//1873 2550//2550
f 1875//1875 1671//1671 1874//1874
f 1929//1929 1932//1932 1933//1933
f 1413//1413 1930//1930 1931//1931
f 1931//1931 1932//1932 1413//1413
f 1932//1932 1929//1929 1413//1413
f 1933//1933 1934//1934 1929//1929
f 1875//1875 1670//1670 1671//1671
f 1346//1346 1950//1950 1951//1951
f 1346//1346 1952//1952 1944//1944
f 1941//1941 1346//1346 1940//1940
f 1944//1944 1940//1940 1346//1346
f 1951//1951 1952//1952 1346//1346
f 1345//1345 1346//1346 1941//1941
f 1347//1347 1950//1950 1346//1346
f 1414//1414 1415//1415 1930//1930
f 1930//1930 1416//1416 1939//1939
f 1939//1939 1416//1416 1417//1417
f 1939//1939 1421//1421 1943//1943
f 1417//1417 1418//1418 1939//1939
f 1418//1418 1419//1419 1939//1939
f 1939//1939 1420//1420 1421//1421
f 1939//1939 1419//1419 1420//1420
f 1345//1345 1942//1942 1943//1943
f 1413//1413 1890//1890 1891//1891
f 1416//1416 1930//1930 1415//1415
f 1414//1414 1930//1930 1413//1413
f 1421//1421 1345//1345 1943//1943
f 1929//1929 1887//1887 1413//1413
f 1875//1875 1876//1876 1670//1670
f 1872//1872 2550//2550 1871//1871
f 1942//1942 1345//1345 1941//1941
f 2060//2060 1978//1978 1979//1979
f 2136//2136 2137//2137 1978//1978
f 2060//2060 2061//2061 1978//1978
f 2061//2061 2062//2062 1978//1978
f 2060//2060 1979//1979 2072//2072
f 2138//2138 1978//1978 2137//2137
f 2157//2157 1976//1976 1977//1977
f 1977//1977 2156//2156 2157//2157
f 1977//1977 2138//2138 2156//2156
f 2138//2138 1977//1977 1978//1978
f 1988//1988 2157//2157 2140//2140
f 2134//2134 2065//2065 2066//2066
f 1978//1978 2063//2063 2136//2136
f 2064//2064 2135//2135 2136//2136
f 2065//2065 2134//2134 2135//2135
f 2133//2133 2134//2134 2066//2066
f 2064//2064 2065//2065 2135//2135
f 2064//2064 2136//2136 2063//2063
f 2133//2133 2066//2066 2067//2067
f 2062//2062 2063//2063 1978//1978
f 2146//2146 2541//2541 2145//2145
f 2147//2147 2148//2148 2568//2568
f 2146//2146 2147//2147 2570//2570
f 2149//2149 2551//2551 2148//2148
f 2148//2148 2551//2551 2568//2568
f 2551//2551 2362//2362 2355//2355
f 2551//2551 2149//2149 2360//2360
f 2551//2551 2361//2361 2362//2362
f 2557//2557 2551//2551 2355//2355
f 2359//2359 2149//2149 2150//2150
f 2150//2150 2358//2358 2359//2359
f 2357//2357 2358//2358 2151//2151
f 2357//2357 2151//2151 2388//2388
f 2388//2388 2151//2151 2152//2152
f 2356//2356 2357//2357 2388//2388
f 2360//2360 2361//2361 2551//2551
f 2356//2356 2388//2388 2341//2341
f 2360//2360 2149//2149 2359//2359
f 2388//2388 2152//2152 2153//2153
f 2150//2150 2151//2151 2358//2358
f 1976//1976 2157//2157 1988//1988
f 2068//2068 2132//2132 2067//2067
f 2389//2389 2388//2388 2068//2068
f 2068//2068 2131//2131 2132//2132
f 2388//2388 2139//2139 2131//2131
f 2388//2388 2131//2131 2068//2068
f 2387//2387 2408//2408 2399//2399
f 2407//2407 2408//2408 2387//2387
f 2399//2399 2386//2386 2387//2387
f 2387//2387 2406//2406 2407//2407
f 2067//2067 2132//2132 2133//2133
f 2393//2393 1328//1328 2392//2392
f 1327//1327 2394//2394 1326//1326
f 2395//2395 1326//1326 2394//2394
f 2393//2393 2394//2394 1327//1327
f 1327//1327 1328//1328 2393//2393
f 2387//2387 2404//2404 2405//2405
f 2387//2387 2392//2392 1329//1329
f 1328//1328 1329//1329 2392//2392
f 2404//2404 2387//2387 1329//1329
f 2405//2405 2406//2406 2387//2387
f 1330//1330 2404//2404 1329//1329
f 2388//2388 2154//2154 2155//2155
f 2400//2400 2415//2415 2386//2386
f 2416//2416 2386//2386 2415//2415
f 2417//2417 2386//2386 2416//2416
f 2418//2418 2419//2419 2386//2386
f 2386//2386 2417//2417 2418//2418
f 2420//2420 2421//2421 1403//1403
f 2419//2419 2420//2420 2386//2386
f 2421//2421 2414//2414 1403//1403
f 2388//2388 2155//2155 2139//2139
f 2401//2401 2402//2402 1330//1330
f 2403//2403 1330//1330 2402//2402
f 1330//1330 2403//2403 2404//2404
f 1330//1330 2409//2409 2401//2401
f 2410//2410 1399//1399 1400//1400
f 1400//1400 2414//2414 2410//2410
f 2411//2411 1395//1395 2410//2410
f 1330//1330 2413//2413 2409//2409
f 2413//2413 1331//1331 2412//2412
f 1331//1331 2411//2411 2412//2412
f 1331//1331 2413//2413 1330//1330
f 2386//2386 2399//2399 2400//2400
f 2388//2388 2386//2386 2341//2341
f 2153//2153 2154//2154 2388//2388
f 1979//1979 1980//1980 2072//2072
f 1400//1400 1401//1401 2414//2414
f 2556//2556 2351//2351 1456//1456
f 2556//2556 1456//1456 1457//1457
f 1456//1456 2352//2352 1455//1455
f 2351//2351 2556//2556 2557//2557
f 2555//2555 1457//1457 1458//1458
f 1458//1458 1884//1884 1880//1880
f 1884//1884 1458//1458 1459//1459
f 1883//1883 1884//1884 1459//1459
f 1880//1880 2555//2555 1458//1458
f 1460//1460 1883//1883 1459//1459
f 2352//2352 2353//2353 1455//1455
f 1454//1454 2354//2354 2350//2350
f 1454//1454 2353//2353 2354//2354
f 1455//1455 2353//2353 1454//1454
f 2350//2350 1453//1453 1454//1454
f 1452//1452 2342//2342 1451//1451
f 1450//1450 2343//2343 1449//1449
f 1452//1452 1453//1453 2350//2350
f 2342//2342 1450//1450 1451//1451
f 2351//2351 2352//2352 1456//1456
f 2351//2351 2557//2557 2355//2355
f 1879//1879 1886//1886 1929//1929
f 1881//1881 1882//1882 1460//1460
f 1883//1883 1460//1460 1882//1882
f 1889//1889 1413//1413 1888//1888
f 1892//1892 1413//1413 1891//1891
f 1890//1890 1413//1413 1889//1889
f 1403//1403 1413//1413 1892//1892
f 1887//1887 1888//1888 1413//1413
f 1881//1881 1462//1462 1885//1885
f 1892//1892 1449//1449 2344//2344
f 1885//1885 1463//1463 1464//1464
f 1460//1460 1461//1461 1881//1881
f 1885//1885 1462//1462 1463//1463
f 1893//1893 1885//1885 1464//1464
f 2574//2574 1343//1343 1344//1344
f 1345//1345 1421//1421 1344//1344
f 1344//1344 1421//1421 2574//2574
f 1449//1449 1893//1893 1464//1464
f 1449//1449 1892//1892 1893//1893
f 1461//1461 1462//1462 1881//1881
f 1886//1886 1887//1887 1929//1929
f 2350//2350 2342//2342 1452//1452
f 2556//2556 1457//1457 2555//2555
f 2349//2349 2340//2340 2386//2386
f 2349//2349 1403//1403 2348//2348
f 1403//1403 2347//2347 2348//2348
f 1403//1403 2349//2349 2386//2386
f 2344//2344 1449//1449 2343//2343
f 1403//1403 2345//2345 2346//2346
f 1403//1403 2344//2344 2345//2345
f 1892//1892 2344//2344 1403//1403
f 2346//2346 2347//2347 1403//1403
f 2420//2420 1403//1403 2386//2386
f 2410//2410 1398//1398 1399//1399
f 1403//1403 2414//2414 1402//1402
f 2410//2410 1396//1396 1397//1397
f 1332//1332 1395//1395 1331//1331
f 2410//2410 1395//1395 1396//1396
f 1395//1395 2411//2411 1331//1331
f 1397//1397 1398//1398 2410//2410
f 2341//2341 2386//2386 2340//2340
f 1395//1395 1332//1332 2573//2573
f 1340//1340 1405//1405 1406//1406
f 1408//1408 1338//1338 1407//1407
f 1407//1407 1339//1339 1406//1406
f 1339//1339 1340//1340 1406//1406
f 1404//1404 1343//1343 2574//2574
f 1343//1343 1404//1404 1405//1405
f 1342//1342 1343//1343 1341//1341
f 1341//1341 1343//1343 1405//1405
f 1405//1405 1340//1340 1341//1341
f 1338//1338 1408//1408 1409//1409
f 1335//1335 1411//1411 1333//1333
f 2573//2573 1333//1333 1412//1412
f 1332//1332 1333//1333 2573//2573
f 1412//1412 1333//1333 1411//1411
f 1334//1334 1335//1335 1333//1333
f 1339//1339 1407//1407 1338//1338
f 1337//1337 1409//1409 1410//1410
f 1338//1338 1409//1409 1337//1337
f 1337//1337 1410//1410 1336//1336
f 1336//1336 1410//1410 1411//1411
f 1336//1336 1411//1411 1335//1335
f 2342//2342 2343//2343 1450//1450
f 2414//2414 1401//1401 1402//1402
f 2581//2581 2585//2585 2598//2598
f 2581//2581 2598//2598 2582//2582
f 2586//2586 2587//2587 2596//2596
f 2586//2586 2596//2596 2597//2597
f 2585//2585 2586//2586 2597//2597
f 2585//2585 2597//2597 2598//2598
f 2595//2595 2596//2596 2587//2587
f 2595//2595 2587//2587 2583//2583
f 2588//2588 2589//2589 2593//2593
f 2588//2588 2593//2593 2594//2594
f 2584//2584 2591//2591 2592//2592
f 2584//2584 2592//2592 2590//2590
f 2590//2590 2592//2592 2593//2593
f 2590//2590 2593//2593 2589//2589
f 2594//2594 2595//2595 2583//2583
f 2594//2594 2583//2583 2588//2588
f 2600//2600 2599//2599 2601//2601
f 2600//2600 2601//2601 2602//2602
f 2604//2604 2603//2603 2605//2605
f 2604//2604 2605//2605 2606//2606
f 2608//2608 2607//2607 2609//2609
f 2608//2608 2609//2609 2610//2610
f 2612//2612 2611//2611 2613//2613
f 2612//2612 2613//2613 2614//2614
f 2616//2616 2615//2615 2617//2617
f 2616//2616 2617//2617 2618//2618
f 2619//2619 2623//2623 2636//2636
f 2619//2619 2636//2636 2620//2620
f 2624//2624 2625//2625 2634//2634
f 2624//2624 2634//2634 2635//2635
f 2623//2623 2624//2624 2635//2635
f 2623//2623 2635//2635 2636//2636
f 2633//2633 2634//2634 2625//2625
f 2633//2633 2625//2625 2626//2626
f 2626//2626 2627//2627 2632//2632
f 2626//2626 2632//2632 2633//2633
f 2628//2628 2629//2629 2630//2630
f 2628//2628 2630//2630 2631//2631
f 2628//2628 2631//2631 2632//2632
f 2628//2628 2632//2632 2627//2627
f 2622//2622 2630//2630 2629//2629
f 2622//2622 2629//2629 2621//2621
f 2638//2638 2637//2637 2639//2639
f 2638//2638 2639//2639 2640//2640
f 2642//2642 2641//2641 2643//2643
f 2642//2642 2643//2643 2644//2644
f 2646//2646 2645//2645 2647//2647
f 2646//2646 2647//2647 2648//2648
f 2650//2650 2649//2649 2651//2651
f 2650//2650 2651//2651 2652//2652
f 2654//2654 2653//2653 2655//2655
f 2654//2654 2655//2655 2656//2656
f 2663//2663 2674//2674 2658//2658
f 2663//2663 2658//2658 2657//2657
f 2665//2665 2672//2672 2673//2673
f 2665//2665 2673//2673 2664//2664
f 2664//2664 2673//2673 2674//2674
f 2664//2664 2674//2674 2663//2663
f 2659//2659 2660//2660 2672//2672
f 2659//2659 2672//2672 2665//2665
f 2666//2666 2667//2667 2670//2670
f 2666//2666 2670//2670 2671//2671
f 2668//2668 2661//2661 2662//2662
f 2668//2668 2662//2662 2669//2669
f 2667//2667 2668//2668 2669//2669
f 2667//2667 2669//2669 2670//2670
f 2666//2666 2671//2671 2660//2660
f 2666//2666 2660//2660 2659//2659
f 2676//2676 2675//2675 2677//2677
f 2676//2676 2677//2677 2678//2678
f 2680//2680 2679//2679 2681//2681
f 2680//2680 2681//2681 2682//2682
f 2684//2684 2683//2683 2685//2685
f 2684//2684 2685//2685 2686//2686
f 2688//2688 2687//2687 2689//2689
f 2688//2688 2689//2689 2690//2690
f 2692//2692 2691//2691 2693//2693
f 2692//2692 2693//2693 2694//2694
f 2697//2697 2710//2710 2696//2696
f 2697//2697 2696//2696 2695//2695
f 2698//2698 2699//2699 2708//2708
f 2698//2698 2708//2708 2709//2709
f 2698//2698 2709//2709 2710//2710
f 2698//2698 2710//2710 2697//2697
f 2707//2707 2708//2708 2699//2699
f 2707//2707 2699//2699 2700//2700
f 2701//2701 2702//2702 2705//2705
f 2701//2701 2705//2705 2706//2706
f 2702//2702 2703//2703 2704//2704
f 2702//2702 2704//2704 2705//2705
f 2706//2706 2707//2707 2700//2700
f 2706//2706 2700//2700 2701//2701
f 2712//2712 2711//2711 2713//2713
f 2712//2712 2713//2713 2714//2714
f 2716//2716 2715//2715 2717//2717
f 2716//2716 2717//2717 2718//2718
f 2720//2720 2719//2719 2721//2721
f 2720//2720 2721//2721 2722//2722
f 2724//2724 2723//2723 2725//2725
f 2724//2724 2725//2725 2726//2726
f 2728//2728 2727//2727 2729//2729
f 2728//2728 2729//2729 2730//2730
f 2735//2735 2748//2748 2732//2732
f 2735//2735 2732//2732 2731//2731
f 2736//2736 2737//2737 2746//2746
f 2736//2736 2746//2746 2747//2747
f 2736//2736 2747//2747 2748//2748
f 2736//2736 2748//2748 2735//2735
f 2737//2737 2738//2738 2745//2745
f 2737//2737 2745//2745 2746//2746
f 2739//2739 2740//2740 2743//2743
f 2739//2739 2743//2743 2744//2744
f 2733//2733 2734//2734 2742//2742
f 2733//2733 2742//2742 2741//2741
f 2740//2740 2741//2741 2742//2742
f 2740//2740 2742//2742 2743//2743
f 2744//2744 2745//2745 2738//2738
f 2744//2744 2738//2738 2739//2739
f 2750//2750 2749//2749 2751//2751
f 2750//2750 2751//2751 2752//2752
f 2754//2754 2753//2753 2755//2755
f 2754//2754 2755//2755 2756//2756
f 2758//2758 2757//2757 2759//2759
f 2758//2758 2759//2759 2760//2760
f 2762//2762 2761//2761 2763//2763
f 2762//2762 2763//2763 2764//2764
f 2766//2766 2765//2765 2767//2767
f 2766//2766 2767//2767 2768//2768
f 2773//2773 2786//2786 2770//2770
f 2773//2773 2770//2770 2769//2769
f 2775//2775 2784//2784 2785//2785
f 2775//2775 2785//2785 2774//2774
f 2774//2774 2785//2785 2786//2786
f 2774//2774 2786//2786 2773//2773
f 2776//2776 2783//2783 2784//2784
f 2776//2776 2784//2784 2775//2775
f 2777//2777 2778//2778 2781//2781
f 2777//2777 2781//2781 2782//2782
f 2771//2771 2772//2772 2780//2780
f 2771//2771 2780//2780 2779//2779
f 2779//2779 2780//2780 2781//2781
f 2779//2779 2781//2781 2778//2778
f 2782//2782 2783//2783 2776//2776
f 2782//2782 2776//2776 2777//2777
f 2788//2788 2787//2787 2789//2789
f 2788//2788 2789//2789 2790//2790
f 2792//2792 2791//2791 2793//2793
f 2792//2792 2793//2793 2794//2794
f 2796//2796 2795//2795 2797//2797
f 2796//2796 2797//2797 2798//2798
f 2800//2800 2799//2799 2801//2801
f 2800//2800 2801//2801 2802//2802
f 2804//2804 2803//2803 2805//2805
f 2804//2804 2805//2805 2806//2806
f 2811//2811 2824//2824 2808//2808
f 2811//2811 2808//2808 2807//2807
f 2813//2813 2822//2822 2823//2823
f 2813//2813 2823//2823 2812//2812
f 2812//2812 2823//2823 2824//2824
f 2812//2812 2824//2824 2811//2811
f 2814//2814 2821//2821 2822//2822
f 2814//2814 2822//2822 2813//2813
f 2815//2815 2816//2816 2819//2819
f 2815//2815 2819//2819 2820//2820
f 2809//2809 2810//2810 2818//2818
f 2809//2809 2818//2818 2817//2817
f 2817//2817 2818//2818 2819//2819
f 2817//2817 2819//2819 2816//2816
f 2820//2820 2821//2821 2814//2814
f 2820//2820 2814//2814 2815//2815
f 2828//2828 2825//2825 2826//2826
f 2828//2828 2826//2826 2827//2827
f 2830//2830 2829//2829 2831//2831
f 2830//2830 2831//2831 2832//2832
f 2834//2834 2833//2833 2835//2835
f 2834//2834 2835//2835 2836//2836
f 2838//2838 2837//2837 2839//2839
f 2838//2838 2839//2839 2840//2840
f 2842//2842 2841//2841 2843//2843
f 2842//2842 2843//2843 2844//2844
f 2848//2848 2862//2862 2846//2846
f 2848//2848 2846//2846 2845//2845
f 2849//2849 2850//2850 2860//2860
f 2849//2849 2860//2860 2861//2861
f 2849//2849 2861//2861 2862//2862
f 2849//2849 2862//2862 2848//2848
f 2859//2859 2860//2860 2850//2850
f 2859//2859 2850//2850 2851//2851
f 2852//2852 2853//2853 2857//2857
f 2852//2852 2857//2857 2858//2858
f 2854//2854 2847//2847 2855//2855
f 2854//2854 2855//2855 2856//2856
f 2853//2853 2854//2854 2856//2856
f 2853//2853 2856//2856 2857//2857
f 2858//2858 2859//2859 2851//2851
f 2858//2858 2851//2851 2852//2852
f 2864//2864 2863//2863 2865//2865
f 2864//2864 2865//2865 2866//2866
f 2868//2868 2867//2867 2869//2869
f 2868//2868 2869//2869 2870//2870
f 2872//2872 2871//2871 2873//2873
f 2872//2872 2873//2873 2874//2874
f 2876//2876 2875//2875 2877//2877
f 2876//2876 2877//2877 2878//2878
f 2880//2880 2879//2879 2881//2881
f 2880//2880 2881//2881 2882//2882
f 2883//2883 2884//2884 2900//2900
f 2883//2883 2900//2900 2887//2887
f 2888//2888 2899//2899 2898//2898
f 2888//2888 2898//2898 2889//2889
f 2887//2887 2900//2900 2899//2899
f 2887//2887 2899//2899 2888//2888
f 2890//2890 2889//2889 2898//2898
f 2890//2890 2898//2898 2897//2897
f 2891//2891 2896//2896 2895//2895
f 2891//2891 2895//2895 2892//2892
f 2885//2885 2893//2893 2894//2894
f 2885//2885 2894//2894 2886//2886
f 2892//2892 2895//2895 2894//2894
f 2892//2892 2894//2894 2893//2893
f 2896//2896 2891//2891 2890//2890
f 2896//2896 2890//2890 2897//2897
f 2901//2901 2902//2902 2906//2906
f 2901//2901 2906//2906 2905//2905
f 2904//2904 2903//2903 2905//2905
f 2904//2904 2905//2905 2906//2906
f 2907//2907 2908//2908 2922//2922
f 2907//2907 2922//2922 2909//2909
f 2910//2910 2921//2921 2920//2920
f 2910//2910 2920//2920 2911//2911
f 2909//2909 2922//2922 2921//2921
f 2909//2909 2921//2921 2910//2910
f 2919//2919 2912//2912 2911//2911
f 2919//2919 2911//2911 2920//2920
f 2913//2913 2918//2918 2917//2917
f 2913//2913 2917//2917 2914//2914
f 2914//2914 2917//2917 2916//2916
f 2914//2914 2916//2916 2915//2915
f 2918//2918 2913//2913 2912//2912
f 2918//2918 2912//2912 2919//2919
f 2923//2923 2924//2924 2928//2928
f 2923//2923 2928//2928 2927//2927
f 2926//2926 2925//2925 2927//2927
f 2926//2926 2927//2927 2928//2928
f 2933//2933 2929//2929 2930//2930
f 2933//2933 2930//2930 2946//2946
f 2934//2934 2945//2945 2944//2944
f 2934//2934 2944//2944 2935//2935
f 2934//2934 2933//2933 2946//2946
f 2934//2934 2946//2946 2945//2945
f 2935//2935 2944//2944 2943//2943
f 2935//2935 2943//2943 2936//2936
f 2938//2938 2937//2937 2942//2942
f 2938//2938 2942//2942 2941//2941
f 2931//2931 2939//2939 2940//2940
f 2931//2931 2940//2940 2932//2932
f 2939//2939 2938//2938 2941//2941
f 2939//2939 2941//2941 2940//2940
f 2937//2937 2936//2936 2943//2943
f 2937//2937 2943//2943 2942//2942
f 2948//2948 2950//2950 2949//2949
f 2948//2948 2949//2949 2947//2947
f 2951//2951 2952//2952 2968//2968
f 2951//2951 2968//2968 2955//2955
f 2956//2956 2967//2967 2966//2966
f 2956//2956 2966//2966 2957//2957
f 2955//2955 2968//2968 2967//2967
f 2955//2955 2967//2967 2956//2956
f 2965//2965 2958//2958 2957//2957
f 2965//2965 2957//2957 2966//2966
f 2959//2959 2964//2964 2963//2963
f 2959//2959 2963//2963 2960//2960
f 2961//2961 2962//2962 2954//2954
f 2961//2961 2954//2954 2953//2953
f 2960//2960 2963//2963 2962//2962
f 2960//2960 2962//2962 2961//2961
f 2964//2964 2959//2959 2958//2958
f 2964//2964 2958//2958 2965//2965
f 2970//2970 2974//2974 2973//2973
f 2970//2970 2973//2973 2969//2969
f 2971//2971 2973//2973 2974//2974
f 2971//2971 2974//2974 2972//2972
f 2979//2979 2975//2975 2976//2976
f 2979//2979 2976//2976 2992//2992
f 2980//2980 2991//2991 2990//2990
f 2980//2980 2990//2990 2981//2981
f 2979//2979 2992//2992 2991//2991
f 2979//2979 2991//2991 2980//2980
f 2989//2989 2982//2982 2981//2981
f 2989//2989 2981//2981 2990//2990
f 2982//2982 2989//2989 2988//2988
f 2982//2982 2988//2988 2983//2983
f 2985//2985 2984//2984 2987//2987
f 2985//2985 2987//2987 2986//2986
f 2984//2984 2983//2983 2988//2988
f 2984//2984 2988//2988 2987//2987
f 2977//2977 2985//2985 2986//2986
f 2977//2977 2986//2986 2978//2978
f 3003//3003 2999//2999 2998//2998
f 3003//3003 2998//2998 3002//3002
f 2999//2999 3001//3001 3000//3000
f 2999//2999 3000//3000 2998//2998
f 2998//2998 3000//3000 2993//2993
f 2995//2995 2993//2993 3000//3000
f 3002//3002 2998//2998 2994//2994
f 2993//2993 2994//2994 2998//2998
f 2996//2996 3002//3002 2994//2994
f 2997//2997 3001//3001 2999//2999
f 3000//3000 3001//3001 2995//2995
f 2995//2995 3001//3001 2997//2997
f 2996//2996 2997//2997 3003//3003
f 2999//2999 3003//3003 2997//2997
f 3002//3002 2996//2996 3003//3003
f 3007//3007 3008//3008 3004//3004
f 3009//3009 3020//3020 3019//3019
f 3009//3009 3019//3019 3010//3010
f 3019//3019 3018//3018 3011//3011
f 3019//3019 3011//3011 3010//3010
f 3008//3008 3021//3021 3020//3020
f 3008//3008 3020//3020 3009//3009
f 3021//3021 3007//3007 3006//3006
f 3008//3008 3007//3007 3021//3021
f 3012//3012 3017//3017 3016//3016
f 3012//3012 3016//3016 3013//3013
f 3023//3023 3022//3022 3014//3014
f 3013//3013 3016//3016 3015//3015
f 3013//3013 3015//3015 3014//3014
f 3014//3014 3015//3015 3023//3023
f 3017//3017 3012//3012 3011//3011
f 3017//3017 3011//3011 3018//3018
f 3023//3023 3015//3015 3005//3005
f 3029//3029 3024//3024 3028//3028
f 3030//3030 3028//3028 3025//3025
f 3029//3029 3030//3030 3027//3027
f 3029//3029 3027//3027 3026//3026
f 3028//3028 3030//3030 3029//3029
f 3031//3031 3064//3064 3063//3063
f 3031//3031 3063//3063 3035//3035
f 3036//3036 3062//3062 3061//3061
f 3036//3036 3061//3061 3037//3037
f 3035//3035 3063//3063 3062//3062
f 3035//3035 3062//3062 3036//3036
f 3039//3039 3038//3038 3060//3060
f 3039//3039 3060//3060 3059//3059
f 3040//3040 3058//3058 3057//3057
f 3040//3040 3057//3057 3041//3041
f 3039//3039 3059//3059 3058//3058
f 3039//3039 3058//3058 3040//3040
f 3037//3037 3061//3061 3060//3060
f 3037//3037 3060//3060 3038//3038
f 3056//3056 3032//3032 3041//3041
f 3056//3056 3041//3041 3057//3057
f 3042//3042 3055//3055 3054//3054
f 3042//3042 3054//3054 3043//3043
f 3044//3044 3053//3053 3052//3052
f 3044//3044 3052//3052 3045//3045
f 3043//3043 3054//3054 3053//3053
f 3043//3043 3053//3053 3044//3044
f 3046//3046 3051//3051 3050//3050
f 3046//3046 3050//3050 3047//3047
f 3048//3048 3049//3049 3034//3034
f 3048//3048 3034//3034 3033//3033
f 3047//3047 3050//3050 3049//3049
f 3047//3047 3049//3049 3048//3048
f 3045//3045 3052//3052 3051//3051
f 3045//3045 3051//3051 3046//3046
f 3055//3055 3042//3042 3032//3032
f 3055//3055 3032//3032 3056//3056
f 3066//3066 3068//3068 3067//3067
f 3066//3066 3067//3067 3065//3065
f 3070//3070 3072//3072 3071//3071
f 3070//3070 3071//3071 3069//3069
f 3074//3074 3076//3076 3075//3075
f 3074//3074 3075//3075 3073//3073
f 3080//3080 3078//3078 3079//3079
f 3080//3080 3079//3079 3077//3077
f 3081//3081 3082//3082 3090//3090
f 3081//3081 3090//3090 3085//3085
f 3085//3085 3090//3090 3089//3089
f 3085//3085 3089//3089 3086//3086
f 3087//3087 3088//3088 3084//3084
f 3087//3087 3084//3084 3083//3083
f 3088//3088 3087//3087 3086//3086
f 3088//3088 3086//3086 3089//3089
f 3092//3092 3094//3094 3093//3093
f 3092//3092 3093//3093 3091//3091
f 3095//3095 3096//3096 3104//3104
f 3095//3095 3104//3104 3099//3099
f 3103//3103 3100//3100 3099//3099
f 3103//3103 3099//3099 3104//3104
f 3097//3097 3101//3101 3102//3102
f 3097//3097 3102//3102 3098//3098
f 3101//3101 3100//3100 3103//3103
f 3101//3101 3103//3103 3102//3102
f 3106//3106 3108//3108 3107//3107
f 3106//3106 3107//3107 3105//3105
f 3109//3109 3110//3110 3118//3118
f 3109//3109 3118//3118 3113//3113
f 3117//3117 3114//3114 3113//3113
f 3117//3117 3113//3113 3118//3118
f 3114//3114 3117//3117 3116//3116
f 3114//3114 3116//3116 3115//3115
f 3112//3112 3111//3111 3115//3115
f 3112//3112 3115//3115 3116//3116
f 3120//3120 3122//3122 3121//3121
f 3120//3120 3121//3121 3119//3119
f 3127//3127 3123//3123 3124//3124
f 3127//3127 3124//3124 3132//3132
f 3132//3132 3131//3131 3128//3128
f 3132//3132 3128//3128 3127//3127
f 3125//3125 3129//3129 3130//3130
f 3125//3125 3130//3130 3126//3126
f 3129//3129 3128//3128 3131//3131
f 3129//3129 3131//3131 3130//3130
f 3134//3134 3136//3136 3135//3135
f 3134//3134 3135//3135 3133//3133
f 3137//3137 3138//3138 3170//3170
f 3137//3137 3170//3170 3141//3141
f 3142//3142 3169//3169 3168//3168
f 3142//3142 3168//3168 3143//3143
f 3141//3141 3170//3170 3169//3169
f 3141//3141 3169//3169 3142//3142
f 3144//3144 3167//3167 3166//3166
f 3144//3144 3166//3166 3145//3145
f 3147//3147 3146//3146 3165//3165
f 3147//3147 3165//3165 3164//3164
f 3145//3145 3166//3166 3165//3165
f 3145//3145 3165//3165 3146//3146
f 3143//3143 3168//3168 3167//3167
f 3143//3143 3167//3167 3144//3144
f 3148//3148 3147//3147 3164//3164
f 3148//3148 3164//3164 3163//3163
f 3149//3149 3162//3162 3161//3161
f 3149//3149 3161//3161 3150//3150
f 3151//3151 3160//3160 3139//3139
f 3151//3151 3139//3139 3152//3152
f 3150//3150 3161//3161 3160//3160
f 3150//3150 3160//3160 3151//3151
f 3153//3153 3159//3159 3158//3158
f 3153//3153 3158//3158 3154//3154
f 3156//3156 3155//3155 3157//3157
f 3156//3156 3157//3157 3140//3140
f 3155//3155 3154//3154 3158//3158
f 3155//3155 3158//3158 3157//3157
f 3152//3152 3139//3139 3159//3159
f 3152//3152 3159//3159 3153//3153
f 3162//3162 3149//3149 3148//3148
f 3162//3162 3148//3148 3163//3163
f 3172//3172 3174//3174 3173//3173
f 3172//3172 3173//3173 3171//3171
f 3176//3176 3178//3178 3177//3177
f 3176//3176 3177//3177 3175//3175
f 3180//3180 3182//3182 3181//3181
f 3180//3180 3181//3181 3179//3179
f 3186//3186 3184//3184 3185//3185
f 3186//3186 3185//3185 3183//3183
f 3187//3187 3188//3188 3196//3196
f 3187//3187 3196//3196 3191//3191
f 3191//3191 3196//3196 3195//3195
f 3191//3191 3195//3195 3192//3192
f 3193//3193 3194//3194 3190//3190
f 3193//3193 3190//3190 3189//3189
f 3194//3194 3193//3193 3192//3192
f 3194//3194 3192//3192 3195//3195
f 3197//3197 3198//3198 3214//3214
f 3197//3197 3214//3214 3203//3203
f 3204//3204 3213//3213 3212//3212
f 3204//3204 3212//3212 3205//3205
f 3203//3203 3214//3214 3213//3213
f 3203//3203 3213//3213 3204//3204
f 3200//3200 3199//3199 3205//3205
f 3200//3200 3205//3205 3212//3212
f 3206//3206 3211//3211 3210//3210
f 3206//3206 3210//3210 3207//3207
f 3201//3201 3208//3208 3209//3209
f 3201//3201 3209//3209 3202//3202
f 3208//3208 3207//3207 3210//3210
f 3208//3208 3210//3210 3209//3209
f 3211//3211 3206//3206 3199//3199
f 3211//3211 3199//3199 3200//3200
f 3216//3216 3218//3218 3217//3217
f 3216//3216 3217//3217 3215//3215
f 3219//3219 3220//3220 3228//3228
f 3219//3219 3228//3228 3223//3223
f 3223//3223 3228//3228 3227//3227
f 3223//3223 3227//3227 3224//3224
f 3225//3225 3226//3226 3222//3222
f 3225//3225 3222//3222 3221//3221
f 3226//3226 3225//3225 3224//3224
f 3226//3226 3224//3224 3227//3227
f 3230//3230 3232//3232 3231//3231
f 3230//3230 3231//3231 3229//3229
f 3237//3237 3233//3233 3234//3234
f 3237//3237 3234//3234 3250//3250
f 3238//3238 3249//3249 3248//3248
f 3238//3238 3248//3248 3239//3239
f 3238//3238 3237//3237 3250//3250
f 3238//3238 3250//3250 3249//3249
f 3247//3247 3240//3240 3239//3239
f 3247//3247 3239//3239 3248//3248
f 3241//3241 3246//3246 3245//3245
f 3241//3241 3245//3245 3242//3242
f 3235//3235 3243//3243 3244//3244
f 3235//3235 3244//3244 3236//3236
f 3242//3242 3245//3245 3244//3244
f 3242//3242 3244//3244 3243//3243
f 3241//3241 3240//3240 3247//3247
f 3241//3241 3247//3247 3246//3246
f 3251//3251 3252//3252 3260//3260
f 3251//3251 3260//3260 3255//3255
f 3255//3255 3260//3260 3259//3259
f 3255//3255 3259//3259 3256//3256
f 3257//3257 3258//3258 3254//3254
f 3257//3257 3254//3254 3253//3253
f 3258//3258 3257//3257 3256//3256
f 3258//3258 3256//3256 3259//3259
f 3262//3262 3264//3264 3263//3263
f 3262//3262 3263//3263 3261//3261
f 3270//3270 3265//3265 3266//3266
f 3270//3270 3266//3266 3282//3282
f 3271//3271 3281//3281 3280//3280
f 3271//3271 3280//3280 3272//3272
f 3270//3270 3282//3282 3281//3281
f 3270//3270 3281//3281 3271//3271
f 3279//3279 3267//3267 3272//3272
f 3279//3279 3272//3272 3280//3280
f 3267//3267 3279//3279 3278//3278
f 3267//3267 3278//3278 3273//3273
f 3274//3274 3277//3277 3276//3276
f 3274//3274 3276//3276 3275//3275
f 3283//3283 3268//3268 3275//3275
f 3273//3273 3278//3278 3277//3277
f 3273//3273 3277//3277 3274//3274
f 3269//3269 3283//3283 3276//3276
f 3275//3275 3276//3276 3283//3283
f 3300//3300 3298//3298 3289//3289
f 3300//3300 3289//3289 3290//3290
f 3290//3290 3289//3289 3291//3291
f 3290//3290 3291//3291 3292//3292
f 3289//3289 3293//3293 3294//3294
f 3289//3289 3294//3294 3291//3291
f 3298//3298 3299//3299 3293//3293
f 3298//3298 3293//3293 3289//3289
f 3287//3287 3291//3291 3294//3294
f 3287//3287 3294//3294 3284//3284
f 3294//3294 3293//3293 3295//3295
f 3295//3295 3284//3284 3294//3294
f 3285//3285 3292//3292 3287//3287
f 3291//3291 3287//3287 3292//3292
f 3297//3297 3290//3290 3292//3292
f 3297//3297 3292//3292 3285//3285
f 3286//3286 3295//3295 3299//3299
f 3286//3286 3299//3299 3298//3298
f 3286//3286 3298//3298 3288//3288
f 3296//3296 3300//3300 3297//3297
f 3300//3300 3290//3290 3297//3297
f 3300//3300 3296//3296 3288//3288
f 3288//3288 3298//3298 3300//3300
f 3299//3299 3295//3295 3293//3293
f 3306//3306 3308//3308 3307//3307
f 3309//3309 3334//3334 3333//3333
f 3309//3309 3333//3333 3310//3310
f 3308//3308 3335//3335 3334//3334
f 3308//3308 3334//3334 3309//3309
f 3312//3312 3311//3311 3302//3302
f 3312//3312 3302//3302 3332//3332
f 3313//3313 3331//3331 3330//3330
f 3313//3313 3330//3330 3314//3314
f 3313//3313 3312//3312 3332//3332
f 3313//3313 3332//3332 3331//3331
f 3310//3310 3333//3333 3302//3302
f 3310//3310 3302//3302 3311//3311
f 3335//3335 3306//3306 3301//3301
f 3308//3308 3306//3306 3335//3335
f 3314//3314 3330//3330 3329//3329
f 3314//3314 3329//3329 3315//3315
f 3315//3315 3329//3329 3328//3328
f 3315//3315 3328//3328 3316//3316
f 3317//3317 3327//3327 3326//3326
f 3317//3317 3326//3326 3318//3318
f 3316//3316 3328//3328 3327//3327
f 3316//3316 3327//3327 3317//3317
f 3303//3303 3325//3325 3324//3324
f 3303//3303 3324//3324 3319//3319
f 3321//3321 3320//3320 3323//3323
f 3321//3321 3323//3323 3322//3322
f 3304//3304 3321//3321 3322//3322
f 3304//3304 3322//3322 3305//3305
f 3319//3319 3324//3324 3323//3323
f 3319//3319 3323//3323 3320//3320
f 3318//3318 3326//3326 3325//3325
f 3318//3318 3325//3325 3303//3303
f 3337//3337 3339//3339 3338//3338
f 3337//3337 3338//3338 3336//3336
f 3348//3348 3340//3340 3341//3341
f 3348//3348 3341//3341 3373//3373
f 3349//3349 3372//3372 3371//3371
f 3349//3349 3371//3371 3350//3350
f 3348//3348 3373//3373 3372//3372
f 3348//3348 3372//3372 3349//3349
f 3351//3351 3342//3342 3370//3370
f 3351//3351 3370//3370 3352//3352
f 3353//3353 3369//3369 3368//3368
f 3353//3353 3368//3368 3354//3354
f 3352//3352 3370//3370 3369//3369
f 3352//3352 3369//3369 3353//3353
f 3350//3350 3371//3371 3342//3342
f 3350//3350 3342//3342 3351//3351
f 3343//3343 3355//3355 3354//3354
f 3343//3343 3354//3354 3368//3368
f 3355//3355 3343//3343 3367//3367
f 3355//3355 3367//3367 3356//3356
f 3357//3357 3366//3366 3365//3365
f 3357//3357 3365//3365 3358//3358
f 3356//3356 3367//3367 3366//3366
f 3356//3356 3366//3366 3357//3357
f 3359//3359 3344//3344 3345//3345
f 3359//3359 3345//3345 3364//3364
f 3361//3361 3360//3360 3363//3363
f 3361//3361 3363//3363 3362//3362
f 3374//3374 3346//3346 3361//3361
f 3360//3360 3359//3359 3364//3364
f 3360//3360 3364//3364 3363//3363
f 3358//3358 3365//3365 3345//3345
f 3358//3358 3345//3345 3344//3344
f 3374//3374 3362//3362 3347//3347
f 3374//3374 3361//3361 3362//3362
f 3391//3391 3389//3389 3380//3380
f 3391//3391 3380//3380 3381//3381
f 3381//3381 3380//3380 3382//3382
f 3381//3381 3382//3382 3383//3383
f 3380//3380 3384//3384 3385//3385
f 3380//3380 3385//3385 3382//3382
f 3389//3389 3390//3390 3384//3384
f 3389//3389 3384//3384 3380//3380
f 3385//3385 3375//3375 3379//3379
f 3375//3375 3385//3385 3386//3386
f 3382//3382 3385//3385 3379//3379
f 3376//3376 3383//3383 3382//3382
f 3376//3376 3382//3382 3379//3379
f 3376//3376 3387//3387 3383//3383
f 3383//3383 3387//3387 3381//3381
f 3386//3386 3385//3385 3384//3384
f 3390//3390 3386//3386 3384//3384
f 3377//3377 3390//3390 3389//3389
f 3377//3377 3389//3389 3388//3388
f 3390//3390 3377//3377 3386//3386
f 3378//3378 3391//3391 3381//3381
f 3378//3378 3381//3381 3387//3387
f 3391//3391 3378//3378 3388//3388
f 3391//3391 3388//3388 3389//3389
f 3396//3396 3397//3397 3392//3392
f 3398//3398 3409//3409 3408//3408
f 3398//3398 3408//3408 3399//3399
f 3397//3397 3410//3410 3409//3409
f 3397//3397 3409//3409 3398//3398
f 3410//3410 3396//3396 3395//3395
f 3397//3397 3396//3396 3410//3410
f 3407//3407 3400//3400 3399//3399
f 3407//3407 3399//3399 3408//3408
f 3400//3400 3407//3407 3406//3406
f 3400//3400 3406//3406 3401//3401
f 3402//3402 3405//3405 3404//3404
f 3402//3402 3404//3404 3403//3403
f 3403//3403 3404//3404 3394//3394
f 3403//3403 3394//3394 3393//3393
f 3401//3401 3406//3406 3405//3405
f 3401//3401 3405//3405 3402//3402
f 3412//3412 3414//3414 3413//3413
f 3412//3412 3413//3413 3411//3411
f 3415//3415 3416//3416 3432//3432
f 3415//3415 3432//3432 3420//3420
f 3421//3421 3431//3431 3430//3430
f 3421//3421 3430//3430 3422//3422
f 3420//3420 3432//3432 3431//3431
f 3420//3420 3431//3431 3421//3421
f 3429//3429 3417//3417 3422//3422
f 3429//3429 3422//3422 3430//3430
f 3417//3417 3429//3429 3428//3428
f 3417//3417 3428//3428 3423//3423
f 3424//3424 3427//3427 3426//3426
f 3424//3424 3426//3426 3425//3425
f 3433//3433 3418//3418 3425//3425
f 3424//3424 3423//3423 3428//3428
f 3424//3424 3428//3428 3427//3427
f 3419//3419 3433//3433 3426//3426
f 3425//3425 3426//3426 3433//3433
f 3438//3438 3439//3439 3434//3434
f 3443//3443 3440//3440 3439//3439
f 3443//3443 3439//3439 3444//3444
f 3435//3435 3444//3444 3438//3438
f 3439//3439 3438//3438 3444//3444
f 3445//3445 3436//3436 3441//3441
f 3442//3442 3445//3445 3441//3441
f 3442//3442 3441//3441 3440//3440
f 3442//3442 3440//3440 3443//3443
f 3445//3445 3442//3442 3437//3437
f 3452//3452 3453//3453 3446//3446
f 3454//3454 3463//3463 3462//3462
f 3454//3454 3462//3462 3455//3455
f 3453//3453 3464//3464 3463//3463
f 3453//3453 3463//3463 3454//3454
f 3464//3464 3452//3452 3447//3447
f 3453//3453 3452//3452 3464//3464
f 3449//3449 3448//3448 3455//3455
f 3449//3449 3455//3455 3462//3462
f 3456//3456 3448//3448 3449//3449
f 3456//3456 3449//3449 3461//3461
f 3458//3458 3457//3457 3460//3460
f 3458//3458 3460//3460 3459//3459
f 3450//3450 3458//3458 3459//3459
f 3450//3450 3459//3459 3451//3451
f 3457//3457 3456//3456 3461//3461
f 3457//3457 3461//3461 3460//3460
f 3478//3478 3474//3474 3473//3473
f 3478//3478 3473//3473 3477//3477
f 3477//3477 3473//3473 3479//3479
f 3477//3477 3479//3479 3480//3480
f 3473//3473 3475//3475 3481//3481
f 3473//3473 3481//3481 3479//3479
f 3474//3474 3476//3476 3475//3475
f 3474//3474 3475//3475 3473//3473
f 3481//3481 3465//3465 3472//3472
f 3465//3465 3481//3481 3468//3468
f 3479//3479 3481//3481 3472//3472
f 3466//3466 3480//3480 3472//3472
f 3479//3479 3472//3472 3480//3480
f 3466//3466 3470//3470 3480//3480
f 3480//3480 3470//3470 3477//3477
f 3468//3468 3481//3481 3475//3475
f 3476//3476 3468//3468 3475//3475
f 3467//3467 3476//3476 3471//3471
f 3474//3474 3471//3471 3476//3476
f 3476//3476 3467//3467 3468//3468
f 3469//3469 3478//3478 3477//3477
f 3469//3469 3477//3477 3470//3470
f 3478//3478 3469//3469 3471//3471
f 3478//3478 3471//3471 3474//3474
f 3488//3488 3489//3489 3482//3482
f 3490//3490 3499//3499 3498//3498
f 3490//3490 3498//3498 3491//3491
f 3489//3489 3500//3500 3499//3499
f 3489//3489 3499//3499 3490//3490
f 3500//3500 3488//3488 3483//3483
f 3489//3489 3488//3488 3500//3500
f 3498//3498 3485//3485 3484//3484
f 3498//3498 3484//3484 3491//3491
f 3484//3484 3485//3485 3497//3497
f 3484//3484 3497//3497 3492//3492
f 3493//3493 3496//3496 3495//3495
f 3493//3493 3495//3495 3494//3494
f 3494//3494 3495//3495 3487//3487
f 3494//3494 3487//3487 3486//3486
f 3492//3492 3497//3497 3496//3496
f 3492//3492 3496//3496 3493//3493
f 3505//3505 3501//3501 3502//3502
f 3501//3501 3505//3505 3503//3503
f 3502//3502 3504//3504 3505//3505
f 3511//3511 3512//3512 3506//3506
f 3513//3513 3540//3540 3539//3539
f 3513//3513 3539//3539 3514//3514
f 3512//3512 3541//3541 3540//3540
f 3512//3512 3540//3540 3513//3513
f 3515//3515 3538//3538 3537//3537
f 3515//3515 3537//3537 3516//3516
f 3517//3517 3536//3536 3535//3535
f 3517//3517 3535//3535 3518//3518
f 3518//3518 3535//3535 3534//3534
f 3518//3518 3534//3534 3519//3519
f 3516//3516 3537//3537 3536//3536
f 3516//3516 3536//3536 3517//3517
f 3514//3514 3539//3539 3538//3538
f 3514//3514 3538//3538 3515//3515
f 3541//3541 3511//3511 3510//3510
f 3512//3512 3511//3511 3541//3541
f 3520//3520 3533//3533 3532//3532
f 3520//3520 3532//3532 3521//3521
f 3522//3522 3531//3531 3530//3530
f 3522//3522 3530//3530 3523//3523
f 3521//3521 3532//3532 3531//3531
f 3521//3521 3531//3531 3522//3522
f 3525//3525 3524//3524 3529//3529
f 3525//3525 3529//3529 3528//3528
f 3509//3509 3507//3507 3526//3526
f 3525//3525 3528//3528 3527//3527
f 3525//3525 3527//3527 3526//3526
f 3523//3523 3530//3530 3529//3529
f 3523//3523 3529//3529 3524//3524
f 3527//3527 3509//3509 3526//3526
f 3533//3533 3520//3520 3519//3519
f 3533//3533 3519//3519 3534//3534
f 3509//3509 3527//3527 3508//3508
f 3545//3545 3542//3542 3547//3547
f 3545//3545 3547//3547 3546//3546
f 3546//3546 3547//3547 3548//3548
f 3548//3548 3547//3547 3544//3544
f 3543//3543 3546//3546 3548//3548
f 3555//3555 3556//3556 3549//3549
f 3557//3557 3566//3566 3565//3565
f 3557//3557 3565//3565 3558//3558
f 3556//3556 3567//3567 3566//3566
f 3556//3556 3566//3566 3557//3557
f 3567//3567 3555//3555 3550//3550
f 3556//3556 3555//3555 3567//3567
f 3552//3552 3551//3551 3558//3558
f 3552//3552 3558//3558 3565//3565
f 3551//3551 3552//3552 3564//3564
f 3551//3551 3564//3564 3559//3559
f 3560//3560 3563//3563 3562//3562
f 3560//3560 3562//3562 3561//3561
f 3561//3561 3562//3562 3554//3554
f 3561//3561 3554//3554 3553//3553
f 3559//3559 3564//3564 3563//3563
f 3559//3559 3563//3563 3560//3560
f 3569//3569 3571//3571 3570//3570
f 3569//3569 3570//3570 3568//3568
f 3572//3572 3573//3573 3589//3589
f 3572//3572 3589//3589 3578//3578
f 3579//3579 3588//3588 3587//3587
f 3579//3579 3587//3587 3580//3580
f 3578//3578 3589//3589 3588//3588
f 3578//3578 3588//3588 3579//3579
f 3575//3575 3574//3574 3580//3580
f 3575//3575 3580//3580 3587//3587
f 3581//3581 3586//3586 3585//3585
f 3581//3581 3585//3585 3582//3582
f 3590//3590 3576//3576 3583//3583
f 3582//3582 3585//3585 3584//3584
f 3582//3582 3584//3584 3583//3583
f 3583//3583 3584//3584 3590//3590
f 3586//3586 3581//3581 3574//3574
f 3586//3586 3574//3574 3575//3575
f 3590//3590 3584//3584 3577//3577
f 3596//3596 3591//3591 3595//3595
f 3597//3597 3595//3595 3592//3592
f 3596//3596 3597//3597 3594//3594
f 3596//3596 3594//3594 3593//3593
f 3595//3595 3597//3597 3596//3596
f 3611//3611 3607//3607 3606//3606
f 3611//3611 3606//3606 3610//3610
f 3610//3610 3606//3606 3612//3612
f 3610//3610 3612//3612 3613//3613
f 3606//3606 3608//3608 3614//3614
f 3606//3606 3614//3614 3612//3612
f 3607//3607 3609//3609 3608//3608
f 3607//3607 3608//3608 3606//3606
f 3614//3614 3601//3601 3605//3605
f 3612//3612 3614//3614 3605//3605
f 3614//3614 3608//3608 3602//3602
f 3602//3602 3601//3601 3614//3614
f 3598//3598 3613//3613 3605//3605
f 3612//3612 3605//3605 3613//3613
f 3603//3603 3613//3613 3598//3598
f 3610//3610 3613//3613 3603//3603
f 3599//3599 3602//3602 3609//3609
f 3599//3599 3609//3609 3604//3604
f 3607//3607 3604//3604 3609//3609
f 3600//3600 3611//3611 3603//3603
f 3611//3611 3610//3610 3603//3603
f 3611//3611 3600//3600 3604//3604
f 3604//3604 3607//3607 3611//3611
f 3609//3609 3602//3602 3608//3608
f 3624//3624 3625//3625 3615//3615
f 3626//3626 3648//3648 3647//3647
f 3626//3626 3647//3647 3627//3627
f 3625//3625 3649//3649 3648//3648
f 3625//3625 3648//3648 3626//3626
f 3628//3628 3617//3617 3618//3618
f 3628//3628 3618//3618 3646//3646
f 3629//3629 3645//3645 3644//3644
f 3629//3629 3644//3644 3630//3630
f 3628//3628 3646//3646 3645//3645
f 3628//3628 3645//3645 3629//3629
f 3627//3627 3647//3647 3618//3618
f 3627//3627 3618//3618 3617//3617
f 3649//3649 3624//3624 3616//3616
f 3625//3625 3624//3624 3649//3649
f 3630//3630 3644//3644 3619//3619
f 3630//3630 3619//3619 3631//3631
f 3631//3631 3619//3619 3643//3643
f 3631//3631 3643//3643 3632//3632
f 3633//3633 3642//3642 3641//3641
f 3633//3633 3641//3641 3634//3634
f 3632//3632 3643//3643 3642//3642
f 3632//3632 3642//3642 3633//3633
f 3635//3635 3620//3620 3621//3621
f 3635//3635 3621//3621 3640//3640
f 3636//3636 3639//3639 3638//3638
f 3636//3636 3638//3638 3637//3637
f 3622//3622 3637//3637 3638//3638
f 3622//3622 3638//3638 3623//3623
f 3635//3635 3640//3640 3639//3639
f 3635//3635 3639//3639 3636//3636
f 3634//3634 3641//3641 3621//3621
f 3634//3634 3621//3621 3620//3620
f 3654//3654 3650//3650 3651//3651
f 3650//3650 3654//3654 3652//3652
f 3651//3651 3653//3653 3654//3654
f 3661//3661 3662//3662 3655//3655
f 3664//3664 3663//3663 3673//3673
f 3664//3664 3673//3673 3672//3672
f 3672//3672 3671//3671 3656//3656
f 3672//3672 3656//3656 3664//3664
f 3662//3662 3674//3674 3673//3673
f 3662//3662 3673//3673 3663//3663
f 3674//3674 3661//3661 3660//3660
f 3662//3662 3661//3661 3674//3674
f 3665//3665 3670//3670 3669//3669
f 3665//3665 3669//3669 3666//3666
f 3659//3659 3657//3657 3667//3667
f 3666//3666 3669//3669 3668//3668
f 3666//3666 3668//3668 3667//3667
f 3667//3667 3668//3668 3659//3659
f 3665//3665 3656//3656 3671//3671
f 3665//3665 3671//3671 3670//3670
f 3659//3659 3668//3668 3658//3658
f 3679//3679 3675//3675 3676//3676
f 3679//3679 3676//3676 3684//3684
f 3683//3683 3680//3680 3679//3679
f 3683//3683 3679//3679 3684//3684
f 3680//3680 3683//3683 3682//3682
f 3680//3680 3682//3682 3681//3681
f 3677//3677 3681//3681 3682//3682
f 3677//3677 3682//3682 3678//3678
f 3689//3689 3685//3685 3686//3686
f 3689//3689 3686//3686 3702//3702
f 3690//3690 3701//3701 3700//3700
f 3690//3690 3700//3700 3691//3691
f 3689//3689 3702//3702 3701//3701
f 3689//3689 3701//3701 3690//3690
f 3699//3699 3692//3692 3691//3691
f 3699//3699 3691//3691 3700//3700
f 3692//3692 3699//3699 3698//3698
f 3692//3692 3698//3698 3693//3693
f 3694//3694 3697//3697 3696//3696
f 3694//3694 3696//3696 3695//3695
f 3693//3693 3698//3698 3697//3697
f 3693//3693 3697//3697 3694//3694
f 3687//3687 3695//3695 3696//3696
f 3687//3687 3696//3696 3688//3688
f 3704//3704 3706//3706 3705//3705
f 3704//3704 3705//3705 3703//3703
f 3707//3707 3708//3708 3716//3716
f 3707//3707 3716//3716 3711//3711
f 3711//3711 3716//3716 3715//3715
f 3711//3711 3715//3715 3712//3712
f 3713//3713 3714//3714 3710//3710
f 3713//3713 3710//3710 3709//3709
f 3714//3714 3713//3713 3712//3712
f 3714//3714 3712//3712 3715//3715
f 3718//3718 3720//3720 3719//3719
f 3718//3718 3719//3719 3717//3717
f 3721//3721 3722//3722 3738//3738
f 3721//3721 3738//3738 3725//3725
f 3726//3726 3737//3737 3736//3736
f 3726//3726 3736//3736 3727//3727
f 3725//3725 3738//3738 3737//3737
f 3725//3725 3737//3737 3726//3726
f 3728//3728 3727//3727 3736//3736
f 3728//3728 3736//3736 3735//3735
f 3729//3729 3734//3734 3733//3733
f 3729//3729 3733//3733 3730//3730
f 3723//3723 3731//3731 3732//3732
f 3723//3723 3732//3732 3724//3724
f 3731//3731 3730//3730 3733//3733
f 3731//3731 3733//3733 3732//3732
f 3734//3734 3729//3729 3728//3728
f 3734//3734 3728//3728 3735//3735
f 3743//3743 3742//3742 3739//3739
f 3743//3743 3739//3739 3748//3748
f 3743//3743 3748//3748 3747//3747
f 3743//3743 3747//3747 3744//3744
f 3740//3740 3745//3745 3746//3746
f 3740//3740 3746//3746 3741//3741
f 3746//3746 3745//3745 3744//3744
f 3746//3746 3744//3744 3747//3747
f 3754//3754 3753//3753 3749//3749
f 3754//3754 3749//3749 3750//3750
f 3753//3753 3754//3754 3752//3752
f 3753//3753 3752//3752 3751//3751
f 3759//3759 3755//3755 3756//3756
f 3759//3759 3756//3756 3772//3772
f 3760//3760 3771//3771 3770//3770
f 3760//3760 3770//3770 3761//3761
f 3759//3759 3772//3772 3771//3771
f 3759//3759 3771//3771 3760//3760
f 3762//3762 3761//3761 3770//3770
f 3762//3762 3770//3770 3769//3769
f 3763//3763 3768//3768 3767//3767
f 3763//3763 3767//3767 3764//3764
f 3765//3765 3766//3766 3758//3758
f 3765//3765 3758//3758 3757//3757
f 3764//3764 3767//3767 3766//3766
f 3764//3764 3766//3766 3765//3765
f 3768//3768 3763//3763 3762//3762
f 3768//3768 3762//3762 3769//3769
f 3774//3774 3776//3776 3775//3775
f 3774//3774 3775//3775 3773//3773
f 3777//3777 3778//3778 3794//3794
f 3777//3777 3794//3794 3782//3782
f 3784//3784 3783//3783 3793//3793
f 3784//3784 3793//3793 3792//3792
f 3782//3782 3794//3794 3793//3793
f 3782//3782 3793//3793 3783//3783
f 3779//3779 3785//3785 3784//3784
f 3779//3779 3784//3784 3792//3792
f 3785//3785 3779//3779 3791//3791
f 3785//3785 3791//3791 3786//3786
f 3788//3788 3787//3787 3790//3790
f 3788//3788 3790//3790 3789//3789
f 3787//3787 3786//3786 3791//3791
f 3787//3787 3791//3791 3790//3790
f 3780//3780 3788//3788 3789//3789
f 3780//3780 3789//3789 3781//3781
f 3796//3796 3800//3800 3799//3799
f 3796//3796 3799//3799 3795//3795
f 3797//3797 3799//3799 3800//3800
f 3797//3797 3800//3800 3798//3798
f 3801//3801 3802//3802 3818//3818
f 3801//3801 3818//3818 3805//3805
f 3806//3806 3817//3817 3816//3816
f 3806//3806 3816//3816 3807//3807
f 3805//3805 3818//3818 3817//3817
f 3805//3805 3817//3817 3806//3806
f 3815//3815 3808//3808 3807//3807
f 3815//3815 3807//3807 3816//3816
f 3808//3808 3815//3815 3814//3814
f 3808//3808 3814//3814 3809//3809
f 3810//3810 3813//3813 3812//3812
f 3810//3810 3812//3812 3811//3811
f 3809//3809 3814//3814 3813//3813
f 3809//3809 3813//3813 3810//3810
f 3804//3804 3803//3803 3811//3811
f 3804//3804 3811//3811 3812//3812
f 3819//3819 3852//3852 3851//3851
f 3819//3819 3851//3851 3824//3824
f 3825//3825 3850//3850 3849//3849
f 3825//3825 3849//3849 3826//3826
f 3824//3824 3851//3851 3850//3850
f 3824//3824 3850//3850 3825//3825
f 3827//3827 3820//3820 3848//3848
f 3827//3827 3848//3848 3847//3847
f 3828//3828 3846//3846 3845//3845
f 3828//3828 3845//3845 3829//3829
f 3827//3827 3847//3847 3846//3846
f 3827//3827 3846//3846 3828//3828
f 3826//3826 3849//3849 3848//3848
f 3826//3826 3848//3848 3820//3820
f 3829//3829 3845//3845 3844//3844
f 3829//3829 3844//3844 3821//3821
f 3831//3831 3830//3830 3843//3843
f 3831//3831 3843//3843 3842//3842
f 3832//3832 3841//3841 3840//3840
f 3832//3832 3840//3840 3833//3833
f 3831//3831 3842//3842 3841//3841
f 3831//3831 3841//3841 3832//3832
f 3835//3835 3834//3834 3839//3839
f 3835//3835 3839//3839 3838//3838
f 3822//3822 3836//3836 3837//3837
f 3822//3822 3837//3837 3823//3823
f 3836//3836 3835//3835 3838//3838
f 3836//3836 3838//3838 3837//3837
f 3833//3833 3840//3840 3839//3839
f 3833//3833 3839//3839 3834//3834
f 3830//3830 3821//3821 3844//3844
f 3830//3830 3844//3844 3843//3843
f 3854//3854 3856//3856 3855//3855
f 3854//3854 3855//3855 3853//3853
f 3858//3858 3860//3860 3859//3859
f 3858//3858 3859//3859 3857//3857
f 3862//3862 3864//3864 3863//3863
f 3862//3862 3863//3863 3861//3861
f 3868//3868 3866//3866 3867//3867
f 3868//3868 3867//3867 3865//3865
f 3874//3874 3873//3873 3871//3871
f 3874//3874 3871//3871 3869//3869
f 3870//3870 3872//3872 3873//3873
f 3870//3870 3873//3873 3874//3874
f 3876//3876 3882//3882 3875//3875
f 3882//3882 3876//3876 3894//3894
f 3883//3883 3882//3882 3895//3895
f 3883//3883 3895//3895 3896//3896
f 3883//3883 3896//3896 3884//3884
f 3884//3884 3896//3896 3897//3897
f 3884//3884 3897//3897 3878//3878
f 3894//3894 3876//3876 3877//3877
f 3895//3895 3894//3894 3893//3893
f 3895//3895 3893//3893 3892//3892
f 3895//3895 3892//3892 3896//3896
f 3891//3891 3897//3897 3896//3896
f 3891//3891 3896//3896 3892//3892
f 3894//3894 3895//3895 3882//3882
f 3898//3898 3885//3885 3878//3878
f 3898//3898 3878//3878 3897//3897
f 3885//3885 3898//3898 3899//3899
f 3885//3885 3899//3899 3886//3886
f 3897//3897 3891//3891 3890//3890
f 3897//3897 3890//3890 3898//3898
f 3886//3886 3899//3899 3900//3900
f 3886//3886 3900//3900 3887//3887
f 3887//3887 3900//3900 3880//3880
f 3887//3887 3880//3880 3879//3879
f 3889//3889 3899//3899 3898//3898
f 3889//3889 3898//3898 3890//3890
f 3888//3888 3900//3900 3899//3899
f 3888//3888 3899//3899 3889//3889
f 3900//3900 3888//3888 3881//3881
f 3900//3900 3881//3881 3880//3880
f 3903//3903 3901//3901 3905//3905
f 3902//3902 3904//3904 3905//3905
f 3903//3903 3905//3905 3904//3904
f 3906//3906 3907//3907 3915//3915
f 3906//3906 3915//3915 3910//3910
f 3910//3910 3915//3915 3914//3914
f 3910//3910 3914//3914 3911//3911
f 3908//3908 3912//3912 3913//3913
f 3908//3908 3913//3913 3909//3909
f 3913//3913 3912//3912 3911//3911
f 3913//3913 3911//3911 3914//3914
f 3920//3920 3916//3916 3917//3917
f 3916//3916 3920//3920 3918//3918
f 3917//3917 3919//3919 3920//3920
f 3922//3922 3929//3929 3921//3921
f 3929//3929 3922//3922 3940//3940
f 3930//3930 3929//3929 3941//3941
f 3930//3930 3941//3941 3942//3942
f 3930//3930 3942//3942 3931//3931
f 3931//3931 3942//3942 3943//3943
f 3931//3931 3943//3943 3924//3924
f 3940//3940 3922//3922 3923//3923
f 3941//3941 3940//3940 3939//3939
f 3941//3941 3939//3939 3938//3938
f 3941//3941 3938//3938 3942//3942
f 3942//3942 3938//3938 3925//3925
f 3942//3942 3925//3925 3943//3943
f 3940//3940 3941//3941 3929//3929
f 3924//3924 3943//3943 3944//3944
f 3924//3924 3944//3944 3932//3932
f 3932//3932 3944//3944 3945//3945
f 3932//3932 3945//3945 3933//3933
f 3943//3943 3925//3925 3937//3937
f 3943//3943 3937//3937 3944//3944
f 3946//3946 3934//3934 3933//3933
f 3946//3946 3933//3933 3945//3945
f 3934//3934 3946//3946 3927//3927
f 3934//3934 3927//3927 3926//3926
f 3944//3944 3937//3937 3936//3936
f 3944//3944 3936//3936 3945//3945
f 3946//3946 3935//3935 3928//3928
f 3946//3946 3928//3928 3927//3927
f 3935//3935 3946//3946 3945//3945
f 3935//3935 3945//3945 3936//3936
f 3948//3948 3955//3955 3947//3947
f 3955//3955 3948//3948 3966//3966
f 3956//3956 3955//3955 3967//3967
f 3956//3956 3967//3967 3968//3968
f 3956//3956 3968//3968 3957//3957
f 3957//3957 3968//3968 3969//3969
f 3957//3957 3969//3969 3950//3950
f 3966//3966 3948//3948 3949//3949
f 3967//3967 3966//3966 3965//3965
f 3967//3967 3965//3965 3964//3964
f 3967//3967 3964//3964 3968//3968
f 3968//3968 3964//3964 3951//3951
f 3968//3968 3951//3951 3969//3969
f 3966//3966 3967//3967 3955//3955
f 3950//3950 3969//3969 3970//3970
f 3950//3950 3970//3970 3958//3958
f 3958//3958 3970//3970 3971//3971
f 3958//3958 3971//3971 3959//3959
f 3969//3969 3951//3951 3963//3963
f 3969//3969 3963//3963 3970//3970
f 3972//3972 3960//3960 3959//3959
f 3972//3972 3959//3959 3971//3971
f 3960//3960 3972//3972 3953//3953
f 3960//3960 3953//3953 3952//3952
f 3970//3970 3963//3963 3962//3962
f 3970//3970 3962//3962 3971//3971
f 3972//3972 3961//3961 3954//3954
f 3972//3972 3954//3954 3953//3953
f 3961//3961 3972//3972 3971//3971
f 3961//3961 3971//3971 3962//3962
f 3975//3975 3973//3973 3977//3977
f 3974//3974 3976//3976 3977//3977
f 3975//3975 3977//3977 3976//3976
f 3978//3978 3979//3979 3987//3987
f 3978//3978 3987//3987 3982//3982
f 3986//3986 3983//3983 3982//3982
f 3986//3986 3982//3982 3987//3987
f 3984//3984 3985//3985 3981//3981
f 3984//3984 3981//3981 3980//3980
f 3985//3985 3984//3984 3983//3983
f 3985//3985 3983//3983 3986//3986
f 3992//3992 3988//3988 3989//3989
f 3988//3988 3992//3992 3990//3990
f 3989//3989 3991//3991 3992//3992
f 3994//3994 4000//4000 3993//3993
f 4000//4000 3994//3994 4012//4012
f 4001//4001 4014//4014 4013//4013
f 4001//4001 4013//4013 4002//4002
f 4000//4000 4014//4014 4001//4001
f 4014//4014 4000//4000 4012//4012
f 4012//4012 3994//3994 3995//3995
f 4011//4011 4014//4014 4012//4012
f 4013//4013 4010//4010 3996//3996
f 4013//4013 3996//3996 4015//4015
f 4015//4015 4003//4003 4002//4002
f 4015//4015 4002//4002 4013//4013
f 4009//4009 4016//4016 4015//4015
f 4009//4009 4015//4015 3996//3996
f 4010//4010 4013//4013 4014//4014
f 4010//4010 4014//4014 4011//4011
f 4016//4016 4004//4004 4003//4003
f 4016//4016 4003//4003 4015//4015
f 4004//4004 4016//4016 4017//4017
f 4004//4004 4017//4017 4005//4005
f 4005//4005 4017//4017 4018//4018
f 4005//4005 4018//4018 4006//4006
f 4006//4006 4018//4018 3998//3998
f 4006//4006 3998//3998 3997//3997
f 4008//4008 4017//4017 4016//4016
f 4008//4008 4016//4016 4009//4009
f 4007//4007 4018//4018 4017//4017
f 4007//4007 4017//4017 4008//4008
f 4018//4018 4007//4007 3999//3999
f 4018//4018 3999//3999 3998//3998
f 4024//4024 4023//4023 4021//4021
f 4024//4024 4021//4021 4019//4019
f 4020//4020 4022//4022 4023//4023
f 4020//4020 4023//4023 4024//4024
f 4036//4036 4035//4035 4037//4037
f 4036//4036 4037//4037 4038//4038
f 4035//4035 4039//4039 4040//4040
f 4035//4035 4040//4040 4037//4037
f 4034//4034 4030//4030 4029//4029
f 4034//4034 4029//4029 4033//4033
f 4030//4030 4032//4032 4031//4031
f 4030//4030 4031//4031 4029//4029
f 4037//4037 4040//4040 4025//4025
f 4039//4039 4025//4025 4040//4040
f 4025//4025 4039//4039 4031//4031
f 4025//4025 4031//4031 4027//4027
f 4026//4026 4037//4037 4025//4025
f 4036//4036 4038//4038 4026//4026
f 4037//4037 4026//4026 4038//4038
f 4036//4036 4033//4033 4029//4029
f 4036//4036 4029//4029 4035//4035
f 4036//4036 4026//4026 4028//4028
f 4036//4036 4028//4028 4033//4033
f 4035//4035 4029//4029 4031//4031
f 4035//4035 4031//4031 4039//4039
f 4030//4030 4027//4027 4032//4032
f 4031//4031 4032//4032 4027//4027
f 4033//4033 4028//4028 4034//4034
f 4030//4030 4034//4034 4028//4028
f 4028//4028 4027//4027 4030//4030
f 4042//4042 4044//4044 4043//4043
f 4042//4042 4043//4043 4041//4041
f 4046//4046 4048//4048 4047//4047
f 4046//4046 4047//4047 4045//4045
f 4050//4050 4052//4052 4051//4051
f 4050//4050 4051//4051 4049//4049
f 4058//4058 4057//4057 4059//4059
f 4058//4058 4059//4059 4060//4060
f 4057//4057 4061//4061 4062//4062
f 4057//4057 4062//4062 4059//4059
f 4068//4068 4064//4064 4063//4063
f 4068//4068 4063//4063 4067//4067
f 4064//4064 4066//4066 4065//4065
f 4064//4064 4065//4065 4063//4063
f 4059//4059 4062//4062 4053//4053
f 4061//4061 4053//4053 4062//4062
f 4053//4053 4061//4061 4065//4065
f 4053//4053 4065//4065 4055//4055
f 4054//4054 4059//4059 4053//4053
f 4058//4058 4060//4060 4054//4054
f 4059//4059 4054//4054 4060//4060
f 4058//4058 4067//4067 4063//4063
f 4058//4058 4063//4063 4057//4057
f 4067//4067 4058//4058 4054//4054
f 4057//4057 4063//4063 4065//4065
f 4057//4057 4065//4065 4061//4061
f 4064//4064 4055//4055 4066//4066
f 4065//4065 4066//4066 4055//4055
f 4067//4067 4056//4056 4068//4068
f 4064//4064 4068//4068 4056//4056
f 4056//4056 4055//4055 4064//4064
f 4054//4054 4056//4056 4067//4067
f 4073//4073 4069//4069 4070//4070
f 4073//4073 4070//4070 4086//4086
f 4074//4074 4085//4085 4084//4084
f 4074//4074 4084//4084 4075//4075
f 4074//4074 4073//4073 4086//4086
f 4074//4074 4086//4086 4085//4085
f 4083//4083 4076//4076 4075//4075
f 4083//4083 4075//4075 4084//4084
f 4076//4076 4083//4083 4082//4082
f 4076//4076 4082//4082 4077//4077
f 4078//4078 4081//4081 4080//4080
f 4078//4078 4080//4080 4079//4079
f 4077//4077 4082//4082 4081//4081
f 4077//4077 4081//4081 4078//4078
f 4072//4072 4071//4071 4079//4079
f 4072//4072 4079//4079 4080//4080
f 4092//4092 4091//4091 4089//4089
f 4092//4092 4089//4089 4087//4087
f 4088//4088 4090//4090 4091//4091
f 4088//4088 4091//4091 4092//4092
f 4094//4094 4101//4101 4093//4093
f 4101//4101 4094//4094 4112//4112
f 4102//4102 4101//4101 4113//4113
f 4102//4102 4113//4113 4114//4114
f 4102//4102 4114//4114 4103//4103
f 4103//4103 4114//4114 4115//4115
f 4103//4103 4115//4115 4096//4096
f 4112//4112 4094//4094 4095//4095
f 4113//4113 4112//4112 4111//4111
f 4113//4113 4111//4111 4110//4110
f 4113//4113 4110//4110 4114//4114
f 4114//4114 4110//4110 4097//4097
f 4114//4114 4097//4097 4115//4115
f 4112//4112 4113//4113 4101//4101
f 4096//4096 4115//4115 4116//4116
f 4096//4096 4116//4116 4104//4104
f 4104//4104 4116//4116 4117//4117
f 4104//4104 4117//4117 4105//4105
f 4115//4115 4097//4097 4109//4109
f 4115//4115 4109//4109 4116//4116
f 4118//4118 4106//4106 4105//4105
f 4118//4118 4105//4105 4117//4117
f 4106//4106 4118//4118 4099//4099
f 4106//4106 4099//4099 4098//4098
f 4116//4116 4109//4109 4108//4108
f 4116//4116 4108//4108 4117//4117
f 4118//4118 4107//4107 4100//4100
f 4118//4118 4100//4100 4099//4099
f 4107//4107 4118//4118 4117//4117
f 4107//4107 4117//4117 4108//4108
f 4121//4121 4119//4119 4123//4123
f 4120//4120 4122//4122 4123//4123
f 4121//4121 4123//4123 4122//4122
f 4127//4127 4124//4124 4125//4125
f 4127//4127 4125//4125 4133//4133
f 4127//4127 4133//4133 4132//4132
f 4127//4127 4132//4132 4128//4128
f 4129//4129 4131//4131 4130//4130
f 4129//4129 4130//4130 4126//4126
f 4131//4131 4129//4129 4128//4128
f 4131//4131 4128//4128 4132//4132
f 4138//4138 4134//4134 4137//4137
f 4134//4134 4138//4138 4135//4135
f 4137//4137 4136//4136 4138//4138
f 4140//4140 4147//4147 4139//4139
f 4147//4147 4140//4140 4158//4158
f 4148//4148 4147//4147 4159//4159
f 4148//4148 4159//4159 4160//4160
f 4148//4148 4160//4160 4149//4149
f 4149//4149 4160//4160 4161//4161
f 4149//4149 4161//4161 4142//4142
f 4158//4158 4140//4140 4141//4141
f 4159//4159 4158//4158 4157//4157
f 4159//4159 4157//4157 4156//4156
f 4159//4159 4156//4156 4160//4160
f 4160//4160 4156//4156 4143//4143
f 4160//4160 4143//4143 4161//4161
f 4158//4158 4159//4159 4147//4147
f 4142//4142 4161//4161 4162//4162
f 4142//4142 4162//4162 4150//4150
f 4150//4150 4162//4162 4163//4163
f 4150//4150 4163//4163 4151//4151
f 4161//4161 4143//4143 4155//4155
f 4161//4161 4155//4155 4162//4162
f 4164//4164 4152//4152 4151//4151
f 4164//4164 4151//4151 4163//4163
f 4152//4152 4164//4164 4145//4145
f 4152//4152 4145//4145 4144//4144
f 4162//4162 4155//4155 4154//4154
f 4162//4162 4154//4154 4163//4163
f 4164//4164 4153//4153 4146//4146
f 4164//4164 4146//4146 4145//4145
f 4153//4153 4164//4164 4163//4163
f 4153//4153 4163//4163 4154//4154
f 4166//4166 4173//4173 4165//4165
f 4173//4173 4166//4166 4184//4184
f 4174//4174 4173//4173 4185//4185
f 4174//4174 4185//4185 4186//4186
f 4174//4174 4186//4186 4175//4175
f 4175//4175 4186//4186 4187//4187
f 4175//4175 4187//4187 4168//4168
f 4184//4184 4166//4166 4167//4167
f 4185//4185 4184//4184 4183//4183
f 4185//4185 4183//4183 4182//4182
f 4185//4185 4182//4182 4186//4186
f 4186//4186 4182//4182 4169//4169
f 4186//4186 4169//4169 4187//4187
f 4184//4184 4185//4185 4173//4173
f 4168//4168 4187//4187 4188//4188
f 4168//4168 4188//4188 4176//4176
f 4176//4176 4188//4188 4189//4189
f 4176//4176 4189//4189 4177//4177
f 4187//4187 4169//4169 4181//4181
f 4187//4187 4181//4181 4188//4188
f 4190//4190 4178//4178 4177//4177
f 4190//4190 4177//4177 4189//4189
f 4178//4178 4190//4190 4171//4171
f 4178//4178 4171//4171 4170//4170
f 4188//4188 4181//4181 4180//4180
f 4188//4188 4180//4180 4189//4189
f 4190//4190 4179//4179 4172//4172
f 4190//4190 4172//4172 4171//4171
f 4179//4179 4190//4190 4189//4189
f 4179//4179 4189//4189 4180//4180
f 4193//4193 4191//4191 4195//4195
f 4192//4192 4194//4194 4195//4195
f 4193//4193 4195//4195 4194//4194
f 4196//4196 4197//4197 4205//4205
f 4196//4196 4205//4205 4200//4200
f 4204//4204 4201//4201 4200//4200
f 4204//4204 4200//4200 4205//4205
f 4201//4201 4204//4204 4203//4203
f 4201//4201 4203//4203 4202//4202
f 4199//4199 4198//4198 4202//4202
f 4199//4199 4202//4202 4203//4203
f 4210//4210 4206//4206 4207//4207
f 4206//4206 4210//4210 4208//4208
f 4207//4207 4209//4209 4210//4210
f 4212//4212 4219//4219 4211//4211
f 4219//4219 4212//4212 4230//4230
f 4220//4220 4219//4219 4231//4231
f 4220//4220 4231//4231 4232//4232
f 4220//4220 4232//4232 4221//4221
f 4221//4221 4232//4232 4233//4233
f 4221//4221 4233//4233 4214//4214
f 4230//4230 4212//4212 4213//4213
f 4231//4231 4230//4230 4229//4229
f 4231//4231 4229//4229 4228//4228
f 4231//4231 4228//4228 4232//4232
f 4232//4232 4228//4228 4215//4215
f 4232//4232 4215//4215 4233//4233
f 4230//4230 4231//4231 4219//4219
f 4214//4214 4233//4233 4234//4234
f 4214//4214 4234//4234 4222//4222
f 4222//4222 4234//4234 4235//4235
f 4222//4222 4235//4235 4223//4223
f 4233//4233 4215//4215 4227//4227
f 4233//4233 4227//4227 4234//4234
f 4236//4236 4224//4224 4223//4223
f 4236//4236 4223//4223 4235//4235
f 4224//4224 4236//4236 4217//4217
f 4224//4224 4217//4217 4216//4216
f 4234//4234 4227//4227 4226//4226
f 4234//4234 4226//4226 4235//4235
f 4236//4236 4225//4225 4218//4218
f 4236//4236 4218//4218 4217//4217
f 4225//4225 4236//4236 4235//4235
f 4225//4225 4235//4235 4226//4226
f 4242//4242 4241//4241 4239//4239
f 4242//4242 4239//4239 4237//4237
f 4238//4238 4240//4240 4241//4241
f 4238//4238 4241//4241 4242//4242
f 4244//4244 4251//4251 4243//4243
f 4251//4251 4244//4244 4262//4262
f 4252//4252 4251//4251 4263//4263
f 4252//4252 4263//4263 4264//4264
f 4252//4252 4264//4264 4253//4253
f 4253//4253 4264//4264 4265//4265
f 4253//4253 4265//4265 4246//4246
f 4262//4262 4244//4244 4245//4245
f 4263//4263 4262//4262 4261//4261
f 4263//4263 4261//4261 4260//4260
f 4263//4263 4260//4260 4264//4264
f 4264//4264 4260//4260 4247//4247
f 4264//4264 4247//4247 4265//4265
f 4262//4262 4263//4263 4251//4251
f 4246//4246 4265//4265 4266//4266
f 4246//4246 4266//4266 4254//4254
f 4254//4254 4266//4266 4267//4267
f 4254//4254 4267//4267 4255//4255
f 4265//4265 4247//4247 4259//4259
f 4265//4265 4259//4259 4266//4266
f 4268//4268 4256//4256 4255//4255
f 4268//4268 4255//4255 4267//4267
f 4256//4256 4268//4268 4249//4249
f 4256//4256 4249//4249 4248//4248
f 4266//4266 4259//4259 4258//4258
f 4266//4266 4258//4258 4267//4267
f 4268//4268 4257//4257 4250//4250
f 4268//4268 4250//4250 4249//4249
f 4257//4257 4268//4268 4267//4267
f 4257//4257 4267//4267 4258//4258
f 4271//4271 4269//4269 4273//4273
f 4270//4270 4272//4272 4273//4273
f 4271//4271 4273//4273 4272//4272
f 4278//4278 4274//4274 4275//4275
f 4278//4278 4275//4275 4283//4283
f 4283//4283 4282//4282 4279//4279
f 4283//4283 4279//4279 4278//4278
f 4276//4276 4280//4280 4281//4281
f 4276//4276 4281//4281 4277//4277
f 4280//4280 4279//4279 4282//4282
f 4280//4280 4282//4282 4281//4281
f 4285//4285 4287//4287 4288//4288
f 4285//4285 4288//4288 4284//4284
f 4284//4284 4288//4288 4286//4286
f 4290//4290 4297//4297 4289//4289
f 4297//4297 4290//4290 4308//4308
f 4298//4298 4297//4297 4309//4309
f 4298//4298 4309//4309 4310//4310
f 4298//4298 4310//4310 4299//4299
f 4299//4299 4310//4310 4311//4311
f 4299//4299 4311//4311 4292//4292
f 4308//4308 4290//4290 4291//4291
f 4309//4309 4308//4308 4307//4307
f 4309//4309 4307//4307 4306//4306
f 4309//4309 4306//4306 4310//4310
f 4310//4310 4306//4306 4293//4293
f 4310//4310 4293//4293 4311//4311
f 4308//4308 4309//4309 4297//4297
f 4292//4292 4311//4311 4312//4312
f 4292//4292 4312//4312 4300//4300
f 4300//4300 4312//4312 4313//4313
f 4300//4300 4313//4313 4301//4301
f 4311//4311 4293//4293 4305//4305
f 4311//4311 4305//4305 4312//4312
f 4314//4314 4302//4302 4301//4301
f 4314//4314 4301//4301 4313//4313
f 4302//4302 4314//4314 4295//4295
f 4302//4302 4295//4295 4294//4294
f 4312//4312 4305//4305 4304//4304
f 4312//4312 4304//4304 4313//4313
f 4314//4314 4303//4303 4296//4296
f 4314//4314 4296//4296 4295//4295
f 4303//4303 4314//4314 4313//4313
f 4303//4303 4313//4313 4304//4304
f 4320//4320 4319//4319 4317//4317
f 4320//4320 4317//4317 4315//4315
f 4316//4316 4318//4318 4319//4319
f 4316//4316 4319//4319 4320//4320
f 4325//4325 4321//4321 4322//4322
f 4321//4321 4325//4325 4323//4323
f 4322//4322 4324//4324 4325//4325
f 4327//4327 4334//4334 4326//4326
f 4334//4334 4327//4327 4345//4345
f 4335//4335 4334//4334 4346//4346
f 4335//4335 4346//4346 4347//4347
f 4335//4335 4347//4347 4336//4336
f 4336//4336 4347//4347 4348//4348
f 4336//4336 4348//4348 4329//4329
f 4345//4345 4327//4327 4328//4328
f 4346//4346 4345//4345 4344//4344
f 4346//4346 4344//4344 4343//4343
f 4346//4346 4343//4343 4347//4347
f 4347//4347 4343//4343 4330//4330
f 4347//4347 4330//4330 4348//4348
f 4345//4345 4346//4346 4334//4334
f 4329//4329 4348//4348 4349//4349
f 4329//4329 4349//4349 4337//4337
f 4337//4337 4349//4349 4350//4350
f 4337//4337 4350//4350 4338//4338
f 4348//4348 4330//4330 4342//4342
f 4348//4348 4342//4342 4349//4349
f 4351//4351 4339//4339 4338//4338
f 4351//4351 4338//4338 4350//4350
f 4339//4339 4351//4351 4332//4332
f 4339//4339 4332//4332 4331//4331
f 4349//4349 4342//4342 4341//4341
f 4349//4349 4341//4341 4350//4350
f 4351//4351 4340//4340 4333//4333
f 4351//4351 4333//4333 4332//4332
f 4340//4340 4351//4351 4350//4350
f 4340//4340 4350//4350 4341//4341
f 4354//4354 4352//4352 4356//4356
f 4353//4353 4355//4355 4356//4356
f 4354//4354 4356//4356 4355//4355
f 4361//4361 4357//4357 4358//4358
f 4361//4361 4358//4358 4366//4366
f 4365//4365 4362//4362 4361//4361
f 4365//4365 4361//4361 4366//4366
f 4362//4362 4365//4365 4364//4364
f 4362//4362 4364//4364 4363//4363
f 4359//4359 4363//4363 4364//4364
f 4359//4359 4364//4364 4360//4360
f 4371//4371 4367//4367 4368//4368
f 4367//4367 4371//4371 4369//4369
f 4368//4368 4370//4370 4371//4371
f 4373//4373 4379//4379 4372//4372
f 4379//4379 4373//4373 4390//4390
f 4380//4380 4379//4379 4391//4391
f 4380//4380 4391//4391 4392//4392
f 4380//4380 4392//4392 4381//4381
f 4381//4381 4392//4392 4393//4393
f 4381//4381 4393//4393 4375//4375
f 4390//4390 4373//4373 4374//4374
f 4391//4391 4390//4390 4389//4389
f 4391//4391 4389//4389 4388//4388
f 4391//4391 4388//4388 4392//4392
f 4376//4376 4393//4393 4392//4392
f 4376//4376 4392//4392 4388//4388
f 4390//4390 4391//4391 4379//4379
f 4394//4394 4382//4382 4375//4375
f 4394//4394 4375//4375 4393//4393
f 4382//4382 4394//4394 4395//4395
f 4382//4382 4395//4395 4383//4383
f 4393//4393 4376//4376 4387//4387
f 4393//4393 4387//4387 4394//4394
f 4383//4383 4395//4395 4396//4396
f 4383//4383 4396//4396 4384//4384
f 4378//4378 4384//4384 4396//4396
f 4386//4386 4395//4395 4394//4394
f 4386//4386 4394//4394 4387//4387
f 4395//4395 4386//4386 4385//4385
f 4395//4395 4385//4385 4396//4396
f 4396//4396 4385//4385 4377//4377
f 4377//4377 4378//4378 4396//4396
f 4397//4397 4398//4398 4414//4414
f 4397//4397 4414//4414 4401//4401
f 4402//4402 4413//4413 4412//4412
f 4402//4402 4412//4412 4403//4403
f 4401//4401 4414//4414 4413//4413
f 4401//4401 4413//4413 4402//4402
f 4411//4411 4404//4404 4403//4403
f 4411//4411 4403//4403 4412//4412
f 4404//4404 4411//4411 4410//4410
f 4404//4404 4410//4410 4405//4405
f 4406//4406 4409//4409 4408//4408
f 4406//4406 4408//4408 4407//4407
f 4405//4405 4410//4410 4409//4409
f 4405//4405 4409//4409 4406//4406
f 4400//4400 4399//4399 4407//4407
f 4400//4400 4407//4407 4408//4408
f 4416//4416 4418//4418 4417//4417
f 4416//4416 4417//4417 4415//4415
f 4420//4420 4422//4422 4421//4421
f 4420//4420 4421//4421 4419//4419
f 4424//4424 4426//4426 4425//4425
f 4424//4424 4425//4425 4423//4423
f 4428//4428 4430//4430 4429//4429
f 4428//4428 4429//4429 4427//4427
f 4432//4432 4434//4434 4433//4433
f 4432//4432 4433//4433 4431//4431
f 4436//4436 4442//4442 4435//4435
f 4442//4442 4436//4436 4454//4454
f 4443//4443 4456//4456 4455//4455
f 4443//4443 4455//4455 4444//4444
f 4442//4442 4456//4456 4443//4443
f 4456//4456 4442//4442 4454//4454
f 4454//4454 4436//4436 4437//4437
f 4453//4453 4456//4456 4454//4454
f 4455//4455 4452//4452 4438//4438
f 4455//4455 4438//4438 4457//4457
f 4457//4457 4445//4445 4444//4444
f 4457//4457 4444//4444 4455//4455
f 4451//4451 4458//4458 4457//4457
f 4451//4451 4457//4457 4438//4438
f 4452//4452 4455//4455 4456//4456
f 4452//4452 4456//4456 4453//4453
f 4458//4458 4446//4446 4445//4445
f 4458//4458 4445//4445 4457//4457
f 4446//4446 4458//4458 4459//4459
f 4446//4446 4459//4459 4447//4447
f 4447//4447 4459//4459 4460//4460
f 4447//4447 4460//4460 4448//4448
f 4448//4448 4460//4460 4440//4440
f 4448//4448 4440//4440 4439//4439
f 4450//4450 4459//4459 4458//4458
f 4450//4450 4458//4458 4451//4451
f 4449//4449 4460//4460 4459//4459
f 4449//4449 4459//4459 4450//4450
f 4460//4460 4449//4449 4441//4441
f 4460//4460 4441//4441 4440//4440
f 4463//4463 4461//4461 4465//4465
f 4462//4462 4464//4464 4465//4465
f 4463//4463 4465//4465 4464//4464
f 4470//4470 4466//4466 4467//4467
f 4470//4470 4467//4467 4475//4475
f 4470//4470 4475//4475 4474//4474
f 4470//4470 4474//4474 4471//4471
f 4468//4468 4472//4472 4473//4473
f 4468//4468 4473//4473 4469//4469
f 4473//4473 4472//4472 4471//4471
f 4473//4473 4471//4471 4474//4474
f 4480//4480 4476//4476 4477//4477
f 4476//4476 4480//4480 4478//4478
f 4477//4477 4479//4479 4480//4480
f 4482//4482 4488//4488 4481//4481
f 4488//4488 4482//4482 4500//4500
f 4489//4489 4488//4488 4501//4501
f 4489//4489 4501//4501 4502//4502
f 4489//4489 4502//4502 4490//4490
f 4490//4490 4502//4502 4503//4503
f 4490//4490 4503//4503 4484//4484
f 4500//4500 4482//4482 4483//4483
f 4501//4501 4500//4500 4499//4499
f 4501//4501 4499//4499 4498//4498
f 4501//4501 4498//4498 4502//4502
f 4502//4502 4498//4498 4497//4497
f 4502//4502 4497//4497 4503//4503
f 4500//4500 4501//4501 4488//4488
f 4484//4484 4503//4503 4504//4504
f 4484//4484 4504//4504 4491//4491
f 4491//4491 4504//4504 4505//4505
f 4491//4491 4505//4505 4492//4492
f 4503//4503 4497//4497 4496//4496
f 4503//4503 4496//4496 4504//4504
f 4506//4506 4493//4493 4492//4492
f 4506//4506 4492//4492 4505//4505
f 4493//4493 4506//4506 4486//4486
f 4493//4493 4486//4486 4485//4485
f 4504//4504 4496//4496 4495//4495
f 4504//4504 4495//4495 4505//4505
f 4506//4506 4494//4494 4487//4487
f 4506//4506 4487//4487 4486//4486
f 4494//4494 4506//4506 4505//4505
f 4494//4494 4505//4505 4495//4495
f 4512//4512 4511//4511 4509//4509
f 4512//4512 4509//4509 4507//4507
f 4508//4508 4510//4510 4511//4511
f 4508//4508 4511//4511 4512//4512
f 4518//4518 4517//4517 4515//4515
f 4518//4518 4515//4515 4513//4513
f 4514//4514 4516//4516 4517//4517
f 4514//4514 4517//4517 4518//4518
f 4520//4520 4527//4527 4519//4519
f 4527//4527 4520//4520 4538//4538
f 4528//4528 4527//4527 4539//4539
f 4528//4528 4539//4539 4540//4540
f 4528//4528 4540//4540 4529//4529
f 4529//4529 4540//4540 4541//4541
f 4529//4529 4541//4541 4522//4522
f 4538//4538 4520//4520 4521//4521
f 4539//4539 4538//4538 4537//4537
f 4539//4539 4537//4537 4536//4536
f 4539//4539 4536//4536 4540//4540
f 4540//4540 4536//4536 4523//4523
f 4540//4540 4523//4523 4541//4541
f 4538//4538 4539//4539 4527//4527
f 4522//4522 4541//4541 4542//4542
f 4522//4522 4542//4542 4530//4530
f 4530//4530 4542//4542 4543//4543
f 4530//4530 4543//4543 4531//4531
f 4541//4541 4523//4523 4535//4535
f 4541//4541 4535//4535 4542//4542
f 4544//4544 4532//4532 4531//4531
f 4544//4544 4531//4531 4543//4543
f 4532//4532 4544//4544 4525//4525
f 4532//4532 4525//4525 4524//4524
f 4542//4542 4535//4535 4534//4534
f 4542//4542 4534//4534 4543//4543
f 4544//4544 4533//4533 4526//4526
f 4544//4544 4526//4526 4525//4525
f 4533//4533 4544//4544 4543//4543
f 4533//4533 4543//4543 4534//4534
f 4547//4547 4545//4545 4549//4549
f 4546//4546 4548//4548 4549//4549
f 4547//4547 4549//4549 4548//4548
f 4550//4550 4551//4551 4559//4559
f 4550//4550 4559//4559 4554//4554
f 4554//4554 4559//4559 4558//4558
f 4554//4554 4558//4558 4555//4555
f 4556//4556 4557//4557 4553//4553
f 4556//4556 4553//4553 4552//4552
f 4557//4557 4556//4556 4555//4555
f 4557//4557 4555//4555 4558//4558
f 4564//4564 4560//4560 4561//4561
f 4560//4560 4564//4564 4562//4562
f 4561//4561 4563//4563 4564//4564
f 4566//4566 4573//4573 4565//4565
f 4573//4573 4566//4566 4584//4584
f 4574//4574 4573//4573 4585//4585
f 4574//4574 4585//4585 4586//4586
f 4574//4574 4586//4586 4575//4575
f 4575//4575 4586//4586 4587//4587
f 4575//4575 4587//4587 4568//4568
f 4584//4584 4566//4566 4567//4567
f 4585//4585 4584//4584 4583//4583
f 4585//4585 4583//4583 4582//4582
f 4585//4585 4582//4582 4586//4586
f 4586//4586 4582//4582 4569//4569
f 4586//4586 4569//4569 4587//4587
f 4584//4584 4585//4585 4573//4573
f 4568//4568 4587//4587 4588//4588
f 4568//4568 4588//4588 4576//4576
f 4576//4576 4588//4588 4589//4589
f 4576//4576 4589//4589 4577//4577
f 4587//4587 4569//4569 4581//4581
f 4587//4587 4581//4581 4588//4588
f 4590//4590 4578//4578 4577//4577
f 4590//4590 4577//4577 4589//4589
f 4578//4578 4590//4590 4571//4571
f 4578//4578 4571//4571 4570//4570
f 4588//4588 4581//4581 4580//4580
f 4588//4588 4580//4580 4589//4589
f 4590//4590 4579//4579 4572//4572
f 4590//4590 4572//4572 4571//4571
f 4579//4579 4590//4590 4589//4589
f 4579//4579 4589//4589 4580//4580
f 4595//4595 4591//4591 4592//4592
f 4595//4595 4592//4592 4600//4600
f 4600//4600 4599//4599 4596//4596
f 4600//4600 4596//4596 4595//4595
f 4593//4593 4597//4597 4598//4598
f 4593//4593 4598//4598 4594//4594
f 4597//4597 4596//4596 4599//4599
f 4597//4597 4599//4599 4598//4598
f 4605//4605 4601//4601 4602//4602
f 4605//4605 4602//4602 4618//4618
f 4606//4606 4617//4617 4616//4616
f 4606//4606 4616//4616 4607//4607
f 4605//4605 4618//4618 4617//4617
f 4605//4605 4617//4617 4606//4606
f 4615//4615 4608//4608 4607//4607
f 4615//4615 4607//4607 4616//4616
f 4608//4608 4615//4615 4614//4614
f 4608//4608 4614//4614 4609//4609
f 4610//4610 4613//4613 4612//4612
f 4610//4610 4612//4612 4611//4611
f 4609//4609 4614//4614 4613//4613
f 4609//4609 4613//4613 4610//4610
f 4604//4604 4603//4603 4611//4611
f 4604//4604 4611//4611 4612//4612
f 4620//4620 4622//4622 4621//4621
f 4620//4620 4621//4621 4619//4619
f 4623//4623 4624//4624 4632//4632
f 4623//4623 4632//4632 4627//4627
f 4627//4627 4632//4632 4631//4631
f 4627//4627 4631//4631 4628//4628
f 4625//4625 4629//4629 4630//4630
f 4625//4625 4630//4630 4626//4626
f 4629//4629 4628//4628 4631//4631
f 4629//4629 4631//4631 4630//4630
f 4634//4634 4636//4636 4635//4635
f 4634//4634 4635//4635 4633//4633
f 4643//4643 4637//4637 4638//4638
f 4643//4643 4638//4638 4654//4654
f 4644//4644 4653//4653 4652//4652
f 4644//4644 4652//4652 4645//4645
f 4644//4644 4643//4643 4654//4654
f 4644//4644 4654//4654 4653//4653
f 4645//4645 4652//4652 4640//4640
f 4645//4645 4640//4640 4639//4639
f 4646//4646 4651//4651 4650//4650
f 4646//4646 4650//4650 4647//4647
f 4648//4648 4649//4649 4642//4642
f 4648//4648 4642//4642 4641//4641
f 4647//4647 4650//4650 4649//4649
f 4647//4647 4649//4649 4648//4648
f 4646//4646 4639//4639 4640//4640
f 4646//4646 4640//4640 4651//4651
f 4659//4659 4655//4655 4656//4656
f 4659//4659 4656//4656 4664//4664
f 4664//4664 4663//4663 4660//4660
f 4664//4664 4660//4660 4659//4659
f 4657//4657 4661//4661 4662//4662
f 4657//4657 4662//4662 4658//4658
f 4661//4661 4660//4660 4663//4663
f 4661//4661 4663//4663 4662//4662
f 4665//4665 4666//4666 4698//4698
f 4665//4665 4698//4698 4674//4674
f 4675//4675 4697//4697 4696//4696
f 4675//4675 4696//4696 4676//4676
f 4674//4674 4698//4698 4697//4697
f 4674//4674 4697//4697 4675//4675
f 4677//4677 4667//4667 4695//4695
f 4677//4677 4695//4695 4678//4678
f 4679//4679 4694//4694 4693//4693
f 4679//4679 4693//4693 4680//4680
f 4678//4678 4695//4695 4694//4694
f 4678//4678 4694//4694 4679//4679
f 4676//4676 4696//4696 4667//4667
f 4676//4676 4667//4667 4677//4677
f 4669//4669 4668//4668 4680//4680
f 4669//4669 4680//4680 4693//4693
f 4681//4681 4692//4692 4691//4691
f 4681//4681 4691//4691 4682//4682
f 4670//4670 4683//4683 4690//4690
f 4670//4670 4690//4690 4671//4671
f 4682//4682 4691//4691 4690//4690
f 4682//4682 4690//4690 4683//4683
f 4684//4684 4689//4689 4688//4688
f 4684//4684 4688//4688 4685//4685
f 4699//4699 4672//4672 4686//4686
f 4685//4685 4688//4688 4687//4687
f 4685//4685 4687//4687 4686//4686
f 4684//4684 4670//4670 4671//4671
f 4684//4684 4671//4671 4689//4689
f 4687//4687 4699//4699 4686//4686
f 4692//4692 4681//4681 4668//4668
f 4692//4692 4668//4668 4669//4669
f 4699//4699 4687//4687 4673//4673
f 4716//4716 4714//4714 4706//4706
f 4716//4716 4706//4706 4707//4707
f 4707//4707 4706//4706 4708//4708
f 4707//4707 4708//4708 4709//4709
f 4706//4706 4710//4710 4711//4711
f 4706//4706 4711//4711 4708//4708
f 4714//4714 4715//4715 4710//4710
f 4714//4714 4710//4710 4706//4706
f 4711//4711 4700//4700 4704//4704
f 4700//4700 4711//4711 4712//4712
f 4708//4708 4711//4711 4704//4704
f 4701//4701 4709//4709 4704//4704
f 4708//4708 4704//4704 4709//4709
f 4701//4701 4713//4713 4709//4709
f 4709//4709 4713//4713 4707//4707
f 4712//4712 4711//4711 4710//4710
f 4715//4715 4712//4712 4710//4710
f 4702//4702 4715//4715 4705//4705
f 4714//4714 4705//4705 4715//4715
f 4715//4715 4702//4702 4712//4712
f 4703//4703 4716//4716 4707//4707
f 4703//4703 4707//4707 4713//4713
f 4716//4716 4703//4703 4705//4705
f 4716//4716 4705//4705 4714//4714
f 4723//4723 4724//4724 4717//4717
f 4725//4725 4734//4734 4733//4733
f 4725//4725 4733//4733 4726//4726
f 4724//4724 4735//4735 4734//4734
f 4724//4724 4734//4734 4725//4725
f 4735//4735 4723//4723 4722//4722
f 4724//4724 4723//4723 4735//4735
f 4719//4719 4718//4718 4726//4726
f 4719//4719 4726//4726 4733//4733
f 4727//4727 4718//4718 4719//4719
f 4727//4727 4719//4719 4732//4732
f 4729//4729 4728//4728 4731//4731
f 4729//4729 4731//4731 4730//4730
f 4720//4720 4729//4729 4730//4730
f 4720//4720 4730//4730 4721//4721
f 4728//4728 4727//4727 4732//4732
f 4728//4728 4732//4732 4731//4731
f 4737//4737 4739//4739 4738//4738
f 4737//4737 4738//4738 4736//4736
f 4740//4740 4741//4741 4757//4757
f 4740//4740 4757//4757 4745//4745
f 4746//4746 4756//4756 4755//4755
f 4746//4746 4755//4755 4747//4747
f 4745//4745 4757//4757 4756//4756
f 4745//4745 4756//4756 4746//4746
f 4742//4742 4748//4748 4747//4747
f 4742//4742 4747//4747 4755//4755
f 4749//4749 4754//4754 4753//4753
f 4749//4749 4753//4753 4750//4750
f 4758//4758 4743//4743 4751//4751
f 4750//4750 4753//4753 4752//4752
f 4750//4750 4752//4752 4751//4751
f 4751//4751 4752//4752 4758//4758
f 4754//4754 4749//4749 4748//4748
f 4754//4754 4748//4748 4742//4742
f 4758//4758 4752//4752 4744//4744
f 4775//4775 4773//4773 4763//4763
f 4775//4775 4763//4763 4764//4764
f 4764//4764 4763//4763 4765//4765
f 4764//4764 4765//4765 4766//4766
f 4763//4763 4767//4767 4768//4768
f 4763//4763 4768//4768 4765//4765
f 4773//4773 4774//4774 4767//4767
f 4773//4773 4767//4767 4763//4763
f 4762//4762 4765//4765 4768//4768
f 4762//4762 4768//4768 4759//4759
f 4769//4769 4768//4768 4767//4767
f 4769//4769 4759//4759 4768//4768
f 4766//4766 4762//4762 4760//4760
f 4771//4771 4764//4764 4766//4766
f 4771//4771 4766//4766 4760//4760
f 4765//4765 4762//4762 4766//4766
f 4761//4761 4769//4769 4774//4774
f 4774//4774 4772//4772 4761//4761
f 4773//4773 4772//4772 4774//4774
f 4771//4771 4775//4775 4764//4764
f 4771//4771 4770//4770 4775//4775
f 4772//4772 4773//4773 4775//4775
f 4775//4775 4770//4770 4772//4772
f 4774//4774 4769//4769 4767//4767
f 4785//4785 4786//4786 4776//4776
f 4788//4788 4787//4787 4809//4809
f 4788//4788 4809//4809 4808//4808
f 4787//4787 4786//4786 4810//4810
f 4787//4787 4810//4810 4809//4809
f 4777//4777 4807//4807 4806//4806
f 4777//4777 4806//4806 4789//4789
f 4790//4790 4805//4805 4804//4804
f 4790//4790 4804//4804 4791//4791
f 4789//4789 4806//4806 4805//4805
f 4789//4789 4805//4805 4790//4790
f 4777//4777 4788//4788 4808//4808
f 4777//4777 4808//4808 4807//4807
f 4810//4810 4785//4785 4784//4784
f 4786//4786 4785//4785 4810//4810
f 4779//4779 4778//4778 4791//4791
f 4779//4779 4791//4791 4804//4804
f 4778//4778 4779//4779 4803//4803
f 4778//4778 4803//4803 4792//4792
f 4793//4793 4802//4802 4801//4801
f 4793//4793 4801//4801 4794//4794
f 4792//4792 4803//4803 4802//4802
f 4792//4792 4802//4802 4793//4793
f 4780//4780 4781//4781 4800//4800
f 4780//4780 4800//4800 4795//4795
f 4797//4797 4796//4796 4799//4799
f 4797//4797 4799//4799 4798//4798
f 4782//4782 4797//4797 4798//4798
f 4782//4782 4798//4798 4783//4783
f 4795//4795 4800//4800 4799//4799
f 4795//4795 4799//4799 4796//4796
f 4780//4780 4794//4794 4801//4801
f 4780//4780 4801//4801 4781//4781
f 4812//4812 4814//4814 4813//4813
f 4812//4812 4813//4813 4811//4811
f 4815//4815 4816//4816 4832//4832
f 4815//4815 4832//4832 4823//4823
f 4817//4817 4818//4818 4831//4831
f 4817//4817 4831//4831 4824//4824
f 4823//4823 4832//4832 4818//4818
f 4823//4823 4818//4818 4817//4817
f 4824//4824 4831//4831 4820//4820
f 4824//4824 4820//4820 4819//4819
f 4825//4825 4830//4830 4829//4829
f 4825//4825 4829//4829 4826//4826
f 4833//4833 4821//4821 4827//4827
f 4826//4826 4829//4829 4828//4828
f 4826//4826 4828//4828 4827//4827
f 4827//4827 4828//4828 4833//4833
f 4830//4830 4825//4825 4819//4819
f 4830//4830 4819//4819 4820//4820
f 4833//4833 4828//4828 4822//4822
f 4839//4839 4840//4840 4834//4834
f 4840//4840 4844//4844 4837//4837
f 4840//4840 4837//4837 4836//4836
f 4835//4835 4844//4844 4839//4839
f 4840//4840 4839//4839 4844//4844
f 4845//4845 4838//4838 4841//4841
f 4843//4843 4845//4845 4841//4841
f 4843//4843 4841//4841 4836//4836
f 4843//4843 4836//4836 4837//4837
f 4845//4845 4843//4843 4842//4842
f 4852//4852 4853//4853 4846//4846
f 4854//4854 4863//4863 4862//4862
f 4854//4854 4862//4862 4855//4855
f 4853//4853 4864//4864 4863//4863
f 4853//4853 4863//4863 4854//4854
f 4864//4864 4852//4852 4851//4851
f 4853//4853 4852//4852 4864//4864
f 4855//4855 4862//4862 4848//4848
f 4855//4855 4848//4848 4847//4847
f 4847//4847 4848//4848 4861//4861
f 4847//4847 4861//4861 4856//4856
f 4857//4857 4860//4860 4859//4859
f 4857//4857 4859//4859 4858//4858
f 4858//4858 4859//4859 4850//4850
f 4858//4858 4850//4850 4849//4849
f 4856//4856 4861//4861 4860//4860
f 4856//4856 4860//4860 4857//4857
f 4866//4866 4868//4868 4867//4867
f 4866//4866 4867//4867 4865//4865
f 4903//4903 4875//4875 4869//4869
f 4876//4876 4901//4901 4900//4900
f 4876//4876 4900//4900 4877//4877
f 4875//4875 4902//4902 4901//4901
f 4875//4875 4901//4901 4876//4876
f 4878//4878 4899//4899 4898//4898
f 4878//4878 4898//4898 4879//4879
f 4880//4880 4897//4897 4896//4896
f 4880//4880 4896//4896 4881//4881
f 4879//4879 4898//4898 4897//4897
f 4879//4879 4897//4897 4880//4880
f 4877//4877 4900//4900 4899//4899
f 4877//4877 4899//4899 4878//4878
f 4902//4902 4903//4903 4870//4870
f 4875//4875 4903//4903 4902//4902
f 4872//4872 4871//4871 4881//4881
f 4872//4872 4881//4881 4896//4896
f 4882//4882 4871//4871 4872//4872
f 4882//4882 4872//4872 4895//4895
f 4883//4883 4894//4894 4893//4893
f 4883//4883 4893//4893 4884//4884
f 4883//4883 4882//4882 4895//4895
f 4883//4883 4895//4895 4894//4894
f 4885//4885 4892//4892 4891//4891
f 4885//4885 4891//4891 4886//4886
f 4887//4887 4890//4890 4889//4889
f 4887//4887 4889//4889 4888//4888
f 4873//4873 4888//4888 4889//4889
f 4873//4873 4889//4889 4874//4874
f 4886//4886 4891//4891 4890//4890
f 4886//4886 4890//4890 4887//4887
f 4884//4884 4893//4893 4892//4892
f 4884//4884 4892//4892 4885//4885
f 4905//4905 4907//4907 4906//4906
f 4905//4905 4906//4906 4904//4904
f 4908//4908 4909//4909 4925//4925
f 4908//4908 4925//4925 4914//4914
f 4915//4915 4924//4924 4923//4923
f 4915//4915 4923//4923 4916//4916
f 4914//4914 4925//4925 4924//4924
f 4914//4914 4924//4924 4915//4915
f 4911//4911 4910//4910 4916//4916
f 4911//4911 4916//4916 4923//4923
f 4917//4917 4922//4922 4921//4921
f 4917//4917 4921//4921 4918//4918
f 4926//4926 4912//4912 4919//4919
f 4918//4918 4921//4921 4920//4920
f 4918//4918 4920//4920 4919//4919
f 4919//4919 4920//4920 4926//4926
f 4922//4922 4917//4917 4910//4910
f 4922//4922 4910//4910 4911//4911
f 4926//4926 4920//4920 4913//4913
f 4936//4936 4932//4932 4931//4931
f 4936//4936 4931//4931 4935//4935
f 4935//4935 4931//4931 4938//4938
f 4935//4935 4938//4938 4939//4939
f 4931//4931 4933//4933 4940//4940
f 4931//4931 4940//4940 4938//4938
f 4932//4932 4934//4934 4933//4933
f 4932//4932 4933//4933 4931//4931
f 4940//4940 4927//4927 4937//4937
f 4938//4938 4940//4940 4937//4937
f 4940//4940 4933//4933 4941//4941
f 4941//4941 4927//4927 4940//4940
f 4928//4928 4939//4939 4937//4937
f 4938//4938 4937//4937 4939//4939
f 4943//4943 4935//4935 4939//4939
f 4943//4943 4939//4939 4928//4928
f 4929//4929 4941//4941 4934//4934
f 4934//4934 4930//4930 4929//4929
f 4932//4932 4930//4930 4934//4934
f 4943//4943 4936//4936 4935//4935
f 4943//4943 4942//4942 4936//4936
f 4930//4930 4932//4932 4936//4936
f 4936//4936 4942//4942 4930//4930
f 4934//4934 4941//4941 4933//4933
f 4944//4944 4945//4945 4949//4949
f 4944//4944 4949//4949 4948//4948
f 4948//4948 4949//4949 4950//4950
f 4950//4950 4949//4949 4947//4947
f 4946//4946 4948//4948 4950//4950
f 4957//4957 4958//4958 4951//4951
f 4960//4960 4959//4959 4968//4968
f 4960//4960 4968//4968 4967//4967
f 4959//4959 4958//4958 4969//4969
f 4959//4959 4969//4969 4968//4968
f 4969//4969 4957//4957 4952//4952
f 4958//4958 4957//4957 4969//4969
f 4967//4967 4954//4954 4953//4953
f 4967//4967 4953//4953 4960//4960
f 4953//4953 4954//4954 4966//4966
f 4953//4953 4966//4966 4961//4961
f 4963//4963 4962//4962 4965//4965
f 4963//4963 4965//4965 4964//4964
f 4955//4955 4963//4963 4964//4964
f 4955//4955 4964//4964 4956//4956
f 4961//4961 4966//4966 4965//4965
f 4961//4961 4965//4965 4962//4962
f 4971//4971 4973//4973 4972//4972
f 4971//4971 4972//4972 4970//4970
f 4974//4974 4975//4975 4990//4990
f 4974//4974 4990//4990 4979//4979
f 4980//4980 4989//4989 4988//4988
f 4980//4980 4988//4988 4981//4981
f 4979//4979 4990//4990 4989//4989
f 4979//4979 4989//4989 4980//4980
f 4977//4977 4976//4976 4981//4981
f 4977//4977 4981//4981 4988//4988
f 4983//4983 4982//4982 4987//4987
f 4983//4983 4987//4987 4986//4986
f 4992//4992 4991//4991 4984//4984
f 4983//4983 4986//4986 4985//4985
f 4983//4983 4985//4985 4984//4984
f 4984//4984 4985//4985 4992//4992
f 4982//4982 4976//4976 4977//4977
f 4982//4982 4977//4977 4987//4987
f 4992//4992 4985//4985 4978//4978
f 4997//4997 4998//4998 4993//4993
f 4994//4994 5003//5003 4997//4997
f 4998//4998 4997//4997 5003//5003
f 5002//5002 4999//4999 4998//4998
f 5002//5002 4998//4998 5003//5003
f 4999//4999 5002//5002 5001//5001
f 4999//4999 5001//5001 5000//5000
f 5000//5000 5001//5001 4996//4996
f 5000//5000 4996//4996 4995//4995
f 5022//5022 5008//5008 5004//5004
f 5009//5009 5020//5020 5019//5019
f 5009//5009 5019//5019 5010//5010
f 5008//5008 5021//5021 5020//5020
f 5008//5008 5020//5020 5009//5009
f 5021//5021 5022//5022 5005//5005
f 5008//5008 5022//5022 5021//5021
f 5010//5010 5019//5019 5018//5018
f 5010//5010 5018//5018 5011//5011
f 5011//5011 5018//5018 5017//5017
f 5011//5011 5017//5017 5012//5012
f 5013//5013 5016//5016 5015//5015
f 5013//5013 5015//5015 5014//5014
f 5014//5014 5015//5015 5007//5007
f 5014//5014 5007//5007 5006//5006
f 5013//5013 5012//5012 5017//5017
f 5013//5013 5017//5017 5016//5016
f 5024//5024 5026//5026 5025//5025
f 5024//5024 5025//5025 5023//5023
f 5027//5027 5028//5028 5060//5060
f 5027//5027 5060//5060 5033//5033
f 5035//5035 5034//5034 5059//5059
f 5035//5035 5059//5059 5058//5058
f 5033//5033 5060//5060 5059//5059
f 5033//5033 5059//5059 5034//5034
f 5036//5036 5057//5057 5056//5056
f 5036//5036 5056//5056 5037//5037
f 5038//5038 5055//5055 5054//5054
f 5038//5038 5054//5054 5039//5039
f 5037//5037 5056//5056 5055//5055
f 5037//5037 5055//5055 5038//5038
f 5036//5036 5035//5035 5058//5058
f 5036//5036 5058//5058 5057//5057
f 5039//5039 5054//5054 5030//5030
f 5039//5039 5030//5030 5029//5029
f 5040//5040 5053//5053 5052//5052
f 5040//5040 5052//5052 5041//5041
f 5042//5042 5051//5051 5050//5050
f 5042//5042 5050//5050 5043//5043
f 5041//5041 5052//5052 5051//5051
f 5041//5041 5051//5051 5042//5042
f 5044//5044 5049//5049 5048//5048
f 5044//5044 5048//5048 5045//5045
f 5061//5061 5031//5031 5046//5046
f 5045//5045 5048//5048 5047//5047
f 5045//5045 5047//5047 5046//5046
f 5043//5043 5050//5050 5049//5049
f 5043//5043 5049//5049 5044//5044
f 5047//5047 5061//5061 5046//5046
f 5053//5053 5040//5040 5029//5029
f 5053//5053 5029//5029 5030//5030
f 5061//5061 5047//5047 5032//5032
f 5072//5072 5068//5068 5067//5067
f 5072//5072 5067//5067 5071//5071
f 5071//5071 5067//5067 5073//5073
f 5071//5071 5073//5073 5074//5074
f 5067//5067 5069//5069 5075//5075
f 5067//5067 5075//5075 5073//5073
f 5068//5068 5070//5070 5069//5069
f 5068//5068 5069//5069 5067//5067
f 5075//5075 5062//5062 5066//5066
f 5073//5073 5075//5075 5066//5066
f 5075//5075 5069//5069 5076//5076
f 5076//5076 5062//5062 5075//5075
f 5063//5063 5074//5074 5066//5066
f 5073//5073 5066//5066 5074//5074
f 5078//5078 5071//5071 5074//5074
f 5078//5078 5074//5074 5063//5063
f 5064//5064 5076//5076 5070//5070
f 5070//5070 5065//5065 5064//5064
f 5068//5068 5065//5065 5070//5070
f 5078//5078 5072//5072 5071//5071
f 5078//5078 5077//5077 5072//5072
f 5065//5065 5068//5068 5072//5072
f 5072//5072 5077//5077 5065//5065
f 5070//5070 5076//5076 5069//5069
f 5079//5079 5080//5080 5088//5088
f 5079//5079 5088//5088 5083//5083
f 5087//5087 5084//5084 5083//5083
f 5087//5087 5083//5083 5088//5088
f 5084//5084 5087//5087 5086//5086
f 5084//5084 5086//5086 5085//5085
f 5082//5082 5081//5081 5085//5085
f 5082//5082 5085//5085 5086//5086
f 5089//5089 5090//5090 5106//5106
f 5089//5089 5106//5106 5093//5093
f 5094//5094 5105//5105 5104//5104
f 5094//5094 5104//5104 5095//5095
f 5093//5093 5106//5106 5105//5105
f 5093//5093 5105//5105 5094//5094
f 5095//5095 5104//5104 5103//5103
f 5095//5095 5103//5103 5096//5096
f 5098//5098 5097//5097 5102//5102
f 5098//5098 5102//5102 5101//5101
f 5091//5091 5099//5099 5100//5100
f 5091//5091 5100//5100 5092//5092
f 5099//5099 5098//5098 5101//5101
f 5099//5099 5101//5101 5100//5100
f 5097//5097 5096//5096 5103//5103
f 5097//5097 5103//5103 5102//5102
f 5108//5108 5110//5110 5109//5109
f 5108//5108 5109//5109 5107//5107
f 5115//5115 5111//5111 5112//5112
f 5115//5115 5112//5112 5120//5120
f 5115//5115 5120//5120 5119//5119
f 5115//5115 5119//5119 5116//5116
f 5113//5113 5117//5117 5118//5118
f 5113//5113 5118//5118 5114//5114
f 5118//5118 5117//5117 5116//5116
f 5118//5118 5116//5116 5119//5119
f 5122//5122 5124//5124 5123//5123
f 5122//5122 5123//5123 5121//5121
f 5129//5129 5125//5125 5126//5126
f 5129//5129 5126//5126 5142//5142
f 5131//5131 5130//5130 5141//5141
f 5131//5131 5141//5141 5140//5140
f 5130//5130 5129//5129 5142//5142
f 5130//5130 5142//5142 5141//5141
f 5132//5132 5131//5131 5140//5140
f 5132//5132 5140//5140 5139//5139
f 5133//5133 5138//5138 5137//5137
f 5133//5133 5137//5137 5134//5134
f 5127//5127 5135//5135 5136//5136
f 5127//5127 5136//5136 5128//5128
f 5134//5134 5137//5137 5136//5136
f 5134//5134 5136//5136 5135//5135
f 5133//5133 5132//5132 5139//5139
f 5133//5133 5139//5139 5138//5138
f 5147//5147 5143//5143 5144//5144
f 5147//5147 5144//5144 5152//5152
f 5152//5152 5151//5151 5148//5148
f 5152//5152 5148//5148 5147//5147
f 5145//5145 5149//5149 5150//5150
f 5145//5145 5150//5150 5146//5146
f 5149//5149 5148//5148 5151//5151
f 5149//5149 5151//5151 5150//5150
f 5153//5153 5154//5154 5170//5170
f 5153//5153 5170//5170 5157//5157
f 5158//5158 5169//5169 5168//5168
f 5158//5158 5168//5168 5159//5159
f 5157//5157 5170//5170 5169//5169
f 5157//5157 5169//5169 5158//5158
f 5167//5167 5160//5160 5159//5159
f 5167//5167 5159//5159 5168//5168
f 5160//5160 5167//5167 5166//5166
f 5160//5160 5166//5166 5161//5161
f 5162//5162 5165//5165 5164//5164
f 5162//5162 5164//5164 5163//5163
f 5161//5161 5166//5166 5165//5165
f 5161//5161 5165//5165 5162//5162
f 5156//5156 5155//5155 5163//5163
f 5156//5156 5163//5163 5164//5164
f 5176//5176 5175//5175 5171//5171
f 5176//5176 5171//5171 5172//5172
f 5175//5175 5176//5176 5174//5174
f 5175//5175 5174//5174 5173//5173
f 5181//5181 5177//5177 5178//5178
f 5181//5181 5178//5178 5194//5194
f 5182//5182 5193//5193 5192//5192
f 5182//5182 5192//5192 5183//5183
f 5182//5182 5181//5181 5194//5194
f 5182//5182 5194//5194 5193//5193
f 5183//5183 5192//5192 5191//5191
f 5183//5183 5191//5191 5184//5184
f 5186//5186 5185//5185 5190//5190
f 5186//5186 5190//5190 5189//5189
f 5179//5179 5187//5187 5188//5188
f 5179//5179 5188//5188 5180//5180
f 5187//5187 5186//5186 5189//5189
f 5187//5187 5189//5189 5188//5188
f 5185//5185 5184//5184 5191//5191
f 5185//5185 5191//5191 5190//5190
f 5196//5196 5198//5198 5197//5197
f 5196//5196 5197//5197 5195//5195
f 5203//5203 5199//5199 5200//5200
f 5203//5203 5200//5200 5216//5216
f 5204//5204 5215//5215 5214//5214
f 5204//5204 5214//5214 5205//5205
f 5203//5203 5216//5216 5215//5215
f 5203//5203 5215//5215 5204//5204
f 5213//5213 5206//5206 5205//5205
f 5213//5213 5205//5205 5214//5214
f 5208//5208 5207//5207 5212//5212
f 5208//5208 5212//5212 5211//5211
f 5201//5201 5209//5209 5210//5210
f 5201//5201 5210//5210 5202//5202
f 5209//5209 5208//5208 5211//5211
f 5209//5209 5211//5211 5210//5210
f 5212//5212 5207//5207 5206//5206
f 5212//5212 5206//5206 5213//5213
f 5222//5222 5221//5221 5217//5217
f 5222//5222 5217//5217 5218//5218
f 5221//5221 5222//5222 5220//5220
f 5221//5221 5220//5220 5219//5219
f 5223//5223 5256//5256 5255//5255
f 5223//5223 5255//5255 5229//5229
f 5230//5230 5254//5254 5253//5253
f 5230//5230 5253//5253 5231//5231
f 5229//5229 5255//5255 5254//5254
f 5229//5229 5254//5254 5230//5230
f 5224//5224 5252//5252 5251//5251
f 5224//5224 5251//5251 5232//5232
f 5234//5234 5233//5233 5250//5250
f 5234//5234 5250//5250 5249//5249
f 5232//5232 5251//5251 5250//5250
f 5232//5232 5250//5250 5233//5233
f 5231//5231 5253//5253 5252//5252
f 5231//5231 5252//5252 5224//5224
f 5225//5225 5234//5234 5249//5249
f 5225//5225 5249//5249 5226//5226
f 5235//5235 5248//5248 5247//5247
f 5235//5235 5247//5247 5236//5236
f 5237//5237 5246//5246 5245//5245
f 5237//5237 5245//5245 5238//5238
f 5236//5236 5247//5247 5246//5246
f 5236//5236 5246//5246 5237//5237
f 5239//5239 5244//5244 5243//5243
f 5239//5239 5243//5243 5240//5240
f 5227//5227 5241//5241 5242//5242
f 5227//5227 5242//5242 5228//5228
f 5241//5241 5240//5240 5243//5243
f 5241//5241 5243//5243 5242//5242
f 5238//5238 5245//5245 5244//5244
f 5238//5238 5244//5244 5239//5239
f 5248//5248 5235//5235 5225//5225
f 5248//5248 5225//5225 5226//5226
f 5258//5258 5260//5260 5259//5259
f 5258//5258 5259//5259 5257//5257
f 5262//5262 5264//5264 5263//5263
f 5262//5262 5263//5263 5261//5261
f 5266//5266 5268//5268 5267//5267
f 5266//5266 5267//5267 5265//5265
f 5272//5272 5270//5270 5271//5271
f 5272//5272 5271//5271 5269//5269
f 5274//5274 5281//5281 5273//5273
f 5281//5281 5274//5274 5292//5292
f 5282//5282 5281//5281 5293//5293
f 5282//5282 5293//5293 5294//5294
f 5282//5282 5294//5294 5283//5283
f 5283//5283 5294//5294 5295//5295
f 5283//5283 5295//5295 5276//5276
f 5292//5292 5274//5274 5275//5275
f 5293//5293 5292//5292 5291//5291
f 5293//5293 5291//5291 5290//5290
f 5293//5293 5290//5290 5294//5294
f 5294//5294 5290//5290 5277//5277
f 5294//5294 5277//5277 5295//5295
f 5292//5292 5293//5293 5281//5281
f 5276//5276 5295//5295 5296//5296
f 5276//5276 5296//5296 5284//5284
f 5284//5284 5296//5296 5297//5297
f 5284//5284 5297//5297 5285//5285
f 5295//5295 5277//5277 5289//5289
f 5295//5295 5289//5289 5296//5296
f 5298//5298 5286//5286 5285//5285
f 5298//5298 5285//5285 5297//5297
f 5286//5286 5298//5298 5279//5279
f 5286//5286 5279//5279 5278//5278
f 5296//5296 5289//5289 5288//5288
f 5296//5296 5288//5288 5297//5297
f 5298//5298 5287//5287 5280//5280
f 5298//5298 5280//5280 5279//5279
f 5287//5287 5298//5298 5297//5297
f 5287//5287 5297//5297 5288//5288
f 5301//5301 5299//5299 5303//5303
f 5300//5300 5302//5302 5303//5303
f 5301//5301 5303//5303 5302//5302
f 5308//5308 5304//5304 5305//5305
f 5308//5308 5305//5305 5313//5313
f 5308//5308 5313//5313 5312//5312
f 5308//5308 5312//5312 5309//5309
f 5306//5306 5310//5310 5311//5311
f 5306//5306 5311//5311 5307//5307
f 5311//5311 5310//5310 5309//5309
f 5311//5311 5309//5309 5312//5312
f 5315//5315 5317//5317 5318//5318
f 5315//5315 5318//5318 5314//5314
f 5314//5314 5318//5318 5316//5316
f 5320//5320 5327//5327 5319//5319
f 5327//5327 5320//5320 5338//5338
f 5328//5328 5327//5327 5339//5339
f 5328//5328 5339//5339 5340//5340
f 5328//5328 5340//5340 5329//5329
f 5329//5329 5340//5340 5341//5341
f 5329//5329 5341//5341 5322//5322
f 5338//5338 5320//5320 5321//5321
f 5339//5339 5338//5338 5337//5337
f 5339//5339 5337//5337 5336//5336
f 5339//5339 5336//5336 5340//5340
f 5340//5340 5336//5336 5323//5323
f 5340//5340 5323//5323 5341//5341
f 5338//5338 5339//5339 5327//5327
f 5322//5322 5341//5341 5342//5342
f 5322//5322 5342//5342 5330//5330
f 5330//5330 5342//5342 5343//5343
f 5330//5330 5343//5343 5331//5331
f 5341//5341 5323//5323 5335//5335
f 5341//5341 5335//5335 5342//5342
f 5344//5344 5332//5332 5331//5331
f 5344//5344 5331//5331 5343//5343
f 5332//5332 5344//5344 5325//5325
f 5332//5332 5325//5325 5324//5324
f 5342//5342 5335//5335 5334//5334
f 5342//5342 5334//5334 5343//5343
f 5344//5344 5333//5333 5326//5326
f 5344//5344 5326//5326 5325//5325
f 5333//5333 5344//5344 5343//5343
f 5333//5333 5343//5343 5334//5334
f 5350//5350 5349//5349 5347//5347
f 5350//5350 5347//5347 5345//5345
f 5346//5346 5348//5348 5349//5349
f 5346//5346 5349//5349 5350//5350
f 5356//5356 5355//5355 5353//5353
f 5356//5356 5353//5353 5351//5351
f 5352//5352 5354//5354 5355//5355
f 5352//5352 5355//5355 5356//5356
f 5358//5358 5365//5365 5357//5357
f 5365//5365 5358//5358 5376//5376
f 5366//5366 5365//5365 5377//5377
f 5366//5366 5377//5377 5378//5378
f 5366//5366 5378//5378 5367//5367
f 5367//5367 5378//5378 5379//5379
f 5367//5367 5379//5379 5360//5360
f 5376//5376 5358//5358 5359//5359
f 5377//5377 5376//5376 5375//5375
f 5377//5377 5375//5375 5374//5374
f 5377//5377 5374//5374 5378//5378
f 5378//5378 5374//5374 5361//5361
f 5378//5378 5361//5361 5379//5379
f 5376//5376 5377//5377 5365//5365
f 5360//5360 5379//5379 5380//5380
f 5360//5360 5380//5380 5368//5368
f 5368//5368 5380//5380 5381//5381
f 5368//5368 5381//5381 5369//5369
f 5379//5379 5361//5361 5373//5373
f 5379//5379 5373//5373 5380//5380
f 5382//5382 5370//5370 5369//5369
f 5382//5382 5369//5369 5381//5381
f 5370//5370 5382//5382 5363//5363
f 5370//5370 5363//5363 5362//5362
f 5380//5380 5373//5373 5372//5372
f 5380//5380 5372//5372 5381//5381
f 5382//5382 5371//5371 5364//5364
f 5382//5382 5364//5364 5363//5363
f 5371//5371 5382//5382 5381//5381
f 5371//5371 5381//5381 5372//5372
f 5385//5385 5383//5383 5387//5387
f 5384//5384 5386//5386 5387//5387
f 5385//5385 5387//5387 5386//5386
f 5388//5388 5389//5389 5397//5397
f 5388//5388 5397//5397 5392//5392
f 5392//5392 5397//5397 5396//5396
f 5392//5392 5396//5396 5393//5393
f 5394//5394 5395//5395 5391//5391
f 5394//5394 5391//5391 5390//5390
f 5395//5395 5394//5394 5393//5393
f 5395//5395 5393//5393 5396//5396
f 5402//5402 5398//5398 5399//5399
f 5398//5398 5402//5402 5400//5400
f 5399//5399 5401//5401 5402//5402
f 5404//5404 5411//5411 5403//5403
f 5411//5411 5404//5404 5422//5422
f 5412//5412 5411//5411 5423//5423
f 5412//5412 5423//5423 5424//5424
f 5412//5412 5424//5424 5413//5413
f 5413//5413 5424//5424 5425//5425
f 5413//5413 5425//5425 5406//5406
f 5422//5422 5404//5404 5405//5405
f 5423//5423 5422//5422 5421//5421
f 5423//5423 5421//5421 5420//5420
f 5423//5423 5420//5420 5424//5424
f 5424//5424 5420//5420 5407//5407
f 5424//5424 5407//5407 5425//5425
f 5422//5422 5423//5423 5411//5411
f 5406//5406 5425//5425 5426//5426
f 5406//5406 5426//5426 5414//5414
f 5414//5414 5426//5426 5427//5427
f 5414//5414 5427//5427 5415//5415
f 5425//5425 5407//5407 5419//5419
f 5425//5425 5419//5419 5426//5426
f 5428//5428 5416//5416 5415//5415
f 5428//5428 5415//5415 5427//5427
f 5416//5416 5428//5428 5409//5409
f 5416//5416 5409//5409 5408//5408
f 5426//5426 5419//5419 5418//5418
f 5426//5426 5418//5418 5427//5427
f 5428//5428 5417//5417 5410//5410
f 5428//5428 5410//5410 5409//5409
f 5417//5417 5428//5428 5427//5427
f 5417//5417 5427//5427 5418//5418
f 5429//5429 5430//5430 5446//5446
f 5429//5429 5446//5446 5433//5433
f 5434//5434 5445//5445 5444//5444
f 5434//5434 5444//5444 5435//5435
f 5433//5433 5446//5446 5445//5445
f 5433//5433 5445//5445 5434//5434
f 5443//5443 5436//5436 5435//5435
f 5443//5443 5435//5435 5444//5444
f 5437//5437 5442//5442 5441//5441
f 5437//5437 5441//5441 5438//5438
f 5439//5439 5440//5440 5432//5432
f 5439//5439 5432//5432 5431//5431
f 5438//5438 5441//5441 5440//5440
f 5438//5438 5440//5440 5439//5439
f 5442//5442 5437//5437 5436//5436
f 5442//5442 5436//5436 5443//5443
f 5448//5448 5450//5450 5449//5449
f 5448//5448 5449//5449 5447//5447
f 5452//5452 5454//5454 5453//5453
f 5452//5452 5453//5453 5451//5451
f 5456//5456 5458//5458 5457//5457
f 5456//5456 5457//5457 5455//5455
f 5460//5460 5462//5462 5461//5461
f 5460//5460 5461//5461 5459//5459
f 5464//5464 5466//5466 5465//5465
f 5464//5464 5465//5465 5463//5463
f 5468//5468 5475//5475 5467//5467
f 5475//5475 5468//5468 5486//5486
f 5476//5476 5475//5475 5487//5487
f 5476//5476 5487//5487 5488//5488
f 5476//5476 5488//5488 5477//5477
f 5477//5477 5488//5488 5489//5489
f 5477//5477 5489//5489 5470//5470
f 5486//5486 5468//5468 5469//5469
f 5487//5487 5486//5486 5485//5485
f 5487//5487 5485//5485 5484//5484
f 5487//5487 5484//5484 5488//5488
f 5488//5488 5484//5484 5471//5471
f 5488//5488 5471//5471 5489//5489
f 5486//5486 5487//5487 5475//5475
f 5470//5470 5489//5489 5490//5490
f 5470//5470 5490//5490 5478//5478
f 5478//5478 5490//5490 5491//5491
f 5478//5478 5491//5491 5479//5479
f 5489//5489 5471//5471 5483//5483
f 5489//5489 5483//5483 5490//5490
f 5492//5492 5480//5480 5479//5479
f 5492//5492 5479//5479 5491//5491
f 5480//5480 5492//5492 5473//5473
f 5480//5480 5473//5473 5472//5472
f 5490//5490 5483//5483 5482//5482
f 5490//5490 5482//5482 5491//5491
f 5492//5492 5481//5481 5474//5474
f 5492//5492 5474//5474 5473//5473
f 5481//5481 5492//5492 5491//5491
f 5481//5481 5491//5491 5482//5482
f 5495//5495 5493//5493 5497//5497
f 5494//5494 5496//5496 5497//5497
f 5495//5495 5497//5497 5496//5496
f 5498//5498 5499//5499 5507//5507
f 5498//5498 5507//5507 5502//5502
f 5506//5506 5503//5503 5502//5502
f 5506//5506 5502//5502 5507//5507
f 5500//5500 5504//5504 5505//5505
f 5500//5500 5505//5505 5501//5501
f 5504//5504 5503//5503 5506//5506
f 5504//5504 5506//5506 5505//5505
f 5512//5512 5508//5508 5509//5509
f 5508//5508 5512//5512 5510//5510
f 5509//5509 5511//5511 5512//5512
f 5514//5514 5521//5521 5513//5513
f 5521//5521 5514//5514 5532//5532
f 5522//5522 5521//5521 5533//5533
f 5522//5522 5533//5533 5534//5534
f 5522//5522 5534//5534 5523//5523
f 5523//5523 5534//5534 5535//5535
f 5523//5523 5535//5535 5516//5516
f 5532//5532 5514//5514 5515//5515
f 5533//5533 5532//5532 5531//5531
f 5533//5533 5531//5531 5530//5530
f 5533//5533 5530//5530 5534//5534
f 5534//5534 5530//5530 5517//5517
f 5534//5534 5517//5517 5535//5535
f 5532//5532 5533//5533 5521//5521
f 5516//5516 5535//5535 5536//5536
f 5516//5516 5536//5536 5524//5524
f 5524//5524 5536//5536 5537//5537
f 5524//5524 5537//5537 5525//5525
f 5535//5535 5517//5517 5529//5529
f 5535//5535 5529//5529 5536//5536
f 5538//5538 5526//5526 5525//5525
f 5538//5538 5525//5525 5537//5537
f 5526//5526 5538//5538 5519//5519
f 5526//5526 5519//5519 5518//5518
f 5536//5536 5529//5529 5528//5528
f 5536//5536 5528//5528 5537//5537
f 5538//5538 5527//5527 5520//5520
f 5538//5538 5520//5520 5519//5519
f 5527//5527 5538//5538 5537//5537
f 5527//5527 5537//5537 5528//5528
f 5544//5544 5543//5543 5541//5541
f 5544//5544 5541//5541 5539//5539
f 5540//5540 5542//5542 5543//5543
f 5540//5540 5543//5543 5544//5544
f 5550//5550 5549//5549 5547//5547
f 5550//5550 5547//5547 5545//5545
f 5546//5546 5548//5548 5549//5549
f 5546//5546 5549//5549 5550//5550
f 5552//5552 5557//5557 5551//5551
f 5557//5557 5552//5552 5570//5570
f 5558//5558 5557//5557 5571//5571
f 5558//5558 5571//5571 5572//5572
f 5558//5558 5572//5572 5559//5559
f 5559//5559 5572//5572 5573//5573
f 5559//5559 5573//5573 5560//5560
f 5570//5570 5552//5552 5553//5553
f 5571//5571 5570//5570 5569//5569
f 5571//5571 5569//5569 5568//5568
f 5571//5571 5568//5568 5572//5572
f 5567//5567 5573//5573 5572//5572
f 5567//5567 5572//5572 5568//5568
f 5570//5570 5571//5571 5557//5557
f 5574//5574 5561//5561 5560//5560
f 5574//5574 5560//5560 5573//5573
f 5561//5561 5574//5574 5575//5575
f 5561//5561 5575//5575 5562//5562
f 5573//5573 5567//5567 5566//5566
f 5573//5573 5566//5566 5574//5574
f 5562//5562 5575//5575 5576//5576
f 5562//5562 5576//5576 5563//5563
f 5563//5563 5576//5576 5555//5555
f 5563//5563 5555//5555 5554//5554
f 5565//5565 5575//5575 5574//5574
f 5565//5565 5574//5574 5566//5566
f 5564//5564 5576//5576 5575//5575
f 5564//5564 5575//5575 5565//5565
f 5576//5576 5564//5564 5556//5556
f 5576//5576 5556//5556 5555//5555
f 5579//5579 5577//5577 5581//5581
f 5578//5578 5580//5580 5581//5581
f 5579//5579 5581//5581 5580//5580
f 5582//5582 5583//5583 5591//5591
f 5582//5582 5591//5591 5586//5586
f 5590//5590 5587//5587 5586//5586
f 5590//5590 5586//5586 5591//5591
f 5589//5589 5588//5588 5587//5587
f 5589//5589 5587//5587 5590//5590
f 5585//5585 5584//5584 5588//5588
f 5585//5585 5588//5588 5589//5589
f 5593//5593 5596//5596 5594//5594
f 5593//5593 5594//5594 5592//5592
f 5593//5593 5595//5595 5596//5596
f 5598//5598 5604//5604 5597//5597
f 5604//5604 5598//5598 5616//5616
f 5605//5605 5604//5604 5617//5617
f 5605//5605 5617//5617 5618//5618
f 5605//5605 5618//5618 5606//5606
f 5606//5606 5618//5618 5619//5619
f 5606//5606 5619//5619 5607//5607
f 5616//5616 5598//5598 5599//5599
f 5617//5617 5616//5616 5615//5615
f 5617//5617 5615//5615 5614//5614
f 5617//5617 5614//5614 5618//5618
f 5618//5618 5614//5614 5600//5600
f 5618//5618 5600//5600 5619//5619
f 5616//5616 5617//5617 5604//5604
f 5607//5607 5619//5619 5620//5620
f 5607//5607 5620//5620 5608//5608
f 5608//5608 5620//5620 5621//5621
f 5608//5608 5621//5621 5609//5609
f 5619//5619 5600//5600 5613//5613
f 5619//5619 5613//5613 5620//5620
f 5622//5622 5610//5610 5609//5609
f 5622//5622 5609//5609 5621//5621
f 5610//5610 5622//5622 5602//5602
f 5610//5610 5602//5602 5601//5601
f 5620//5620 5613//5613 5612//5612
f 5620//5620 5612//5612 5621//5621
f 5622//5622 5611//5611 5603//5603
f 5622//5622 5603//5603 5602//5602
f 5611//5611 5622//5622 5621//5621
f 5611//5611 5621//5621 5612//5612
f 5628//5628 5627//5627 5625//5625
f 5628//5628 5625//5625 5623//5623
f 5624//5624 5626//5626 5627//5627
f 5624//5624 5627//5627 5628//5628
f 5630//5630 5637//5637 5629//5629
f 5637//5637 5630//5630 5648//5648
f 5638//5638 5637//5637 5649//5649
f 5638//5638 5649//5649 5650//5650
f 5638//5638 5650//5650 5639//5639
f 5639//5639 5650//5650 5651//5651
f 5639//5639 5651//5651 5632//5632
f 5648//5648 5630//5630 5631//5631
f 5649//5649 5648//5648 5647//5647
f 5649//5649 5647//5647 5646//5646
f 5649//5649 5646//5646 5650//5650
f 5650//5650 5646//5646 5633//5633
f 5650//5650 5633//5633 5651//5651
f 5648//5648 5649//5649 5637//5637
f 5632//5632 5651//5651 5652//5652
f 5632//5632 5652//5652 5640//5640
f 5640//5640 5652//5652 5653//5653
f 5640//5640 5653//5653 5641//5641
f 5651//5651 5633//5633 5645//5645
f 5651//5651 5645//5645 5652//5652
f 5654//5654 5642//5642 5641//5641
f 5654//5654 5641//5641 5653//5653
f 5642//5642 5654//5654 5635//5635
f 5642//5642 5635//5635 5634//5634
f 5652//5652 5645//5645 5644//5644
f 5652//5652 5644//5644 5653//5653
f 5654//5654 5643//5643 5636//5636
f 5654//5654 5636//5636 5635//5635
f 5643//5643 5654//5654 5653//5653
f 5643//5643 5653//5653 5644//5644
f 5657//5657 5655//5655 5659//5659
f 5656//5656 5658//5658 5659//5659
f 5657//5657 5659//5659 5658//5658
f 5660//5660 5661//5661 5669//5669
f 5660//5660 5669//5669 5664//5664
f 5664//5664 5669//5669 5668//5668
f 5664//5664 5668//5668 5665//5665
f 5666//5666 5667//5667 5663//5663
f 5666//5666 5663//5663 5662//5662
f 5667//5667 5666//5666 5665//5665
f 5667//5667 5665//5665 5668//5668
f 5674//5674 5670//5670 5671//5671
f 5670//5670 5674//5674 5672//5672
f 5671//5671 5673//5673 5674//5674
f 5676//5676 5683//5683 5675//5675
f 5683//5683 5676//5676 5694//5694
f 5684//5684 5683//5683 5695//5695
f 5684//5684 5695//5695 5696//5696
f 5684//5684 5696//5696 5685//5685
f 5685//5685 5696//5696 5697//5697
f 5685//5685 5697//5697 5678//5678
f 5694//5694 5676//5676 5677//5677
f 5695//5695 5694//5694 5693//5693
f 5695//5695 5693//5693 5692//5692
f 5695//5695 5692//5692 5696//5696
f 5696//5696 5692//5692 5679//5679
f 5696//5696 5679//5679 5697//5697
f 5694//5694 5695//5695 5683//5683
f 5678//5678 5697//5697 5698//5698
f 5678//5678 5698//5698 5686//5686
f 5686//5686 5698//5698 5699//5699
f 5686//5686 5699//5699 5687//5687
f 5697//5697 5679//5679 5691//5691
f 5697//5697 5691//5691 5698//5698
f 5700//5700 5688//5688 5687//5687
f 5700//5700 5687//5687 5699//5699
f 5688//5688 5700//5700 5681//5681
f 5688//5688 5681//5681 5680//5680
f 5698//5698 5691//5691 5690//5690
f 5698//5698 5690//5690 5699//5699
f 5700//5700 5689//5689 5682//5682
f 5700//5700 5682//5682 5681//5681
f 5689//5689 5700//5700 5699//5699
f 5689//5689 5699//5699 5690//5690
f 5702//5702 5709//5709 5701//5701
f 5709//5709 5702//5702 5720//5720
f 5710//5710 5709//5709 5721//5721
f 5710//5710 5721//5721 5722//5722
f 5710//5710 5722//5722 5711//5711
f 5711//5711 5722//5722 5723//5723
f 5711//5711 5723//5723 5704//5704
f 5720//5720 5702//5702 5703//5703
f 5721//5721 5720//5720 5719//5719
f 5721//5721 5719//5719 5718//5718
f 5721//5721 5718//5718 5722//5722
f 5722//5722 5718//5718 5705//5705
f 5722//5722 5705//5705 5723//5723
f 5720//5720 5721//5721 5709//5709
f 5704//5704 5723//5723 5724//5724
f 5704//5704 5724//5724 5712//5712
f 5712//5712 5724//5724 5725//5725
f 5712//5712 5725//5725 5713//5713
f 5723//5723 5705//5705 5717//5717
f 5723//5723 5717//5717 5724//5724
f 5726//5726 5714//5714 5713//5713
f 5726//5726 5713//5713 5725//5725
f 5714//5714 5726//5726 5707//5707
f 5714//5714 5707//5707 5706//5706
f 5724//5724 5717//5717 5716//5716
f 5724//5724 5716//5716 5725//5725
f 5726//5726 5715//5715 5708//5708
f 5726//5726 5708//5708 5707//5707
f 5715//5715 5726//5726 5725//5725
f 5715//5715 5725//5725 5716//5716
f 5729//5729 5727//5727 5731//5731
f 5728//5728 5730//5730 5731//5731
f 5729//5729 5731//5731 5730//5730
f 5736//5736 5732//5732 5733//5733
f 5736//5736 5733//5733 5741//5741
f 5741//5741 5740//5740 5737//5737
f 5741//5741 5737//5737 5736//5736
f 5738//5738 5739//5739 5735//5735
f 5738//5738 5735//5735 5734//5734
f 5739//5739 5738//5738 5737//5737
f 5739//5739 5737//5737 5740//5740
f 5746//5746 5742//5742 5743//5743
f 5742//5742 5746//5746 5744//5744
f 5743//5743 5745//5745 5746//5746
f 5748//5748 5755//5755 5747//5747
f 5755//5755 5748//5748 5766//5766
f 5756//5756 5755//5755 5767//5767
f 5756//5756 5767//5767 5768//5768
f 5756//5756 5768//5768 5757//5757
f 5757//5757 5768//5768 5769//5769
f 5757//5757 5769//5769 5750//5750
f 5766//5766 5748//5748 5749//5749
f 5767//5767 5766//5766 5765//5765
f 5767//5767 5765//5765 5764//5764
f 5767//5767 5764//5764 5768//5768
f 5768//5768 5764//5764 5751//5751
f 5768//5768 5751//5751 5769//5769
f 5766//5766 5767//5767 5755//5755
f 5750//5750 5769//5769 5770//5770
f 5750//5750 5770//5770 5758//5758
f 5758//5758 5770//5770 5771//5771
f 5758//5758 5771//5771 5759//5759
f 5769//5769 5751//5751 5763//5763
f 5769//5769 5763//5763 5770//5770
f 5772//5772 5760//5760 5759//5759
f 5772//5772 5759//5759 5771//5771
f 5760//5760 5772//5772 5753//5753
f 5760//5760 5753//5753 5752//5752
f 5770//5770 5763//5763 5762//5762
f 5770//5770 5762//5762 5771//5771
f 5772//5772 5761//5761 5754//5754
f 5772//5772 5754//5754 5753//5753
f 5761//5761 5772//5772 5771//5771
f 5761//5761 5771//5771 5762//5762
f 5778//5778 5777//5777 5775//5775
f 5778//5778 5775//5775 5773//5773
f 5774//5774 5776//5776 5777//5777
f 5774//5774 5777//5777 5778//5778
f 5790//5790 5789//5789 5791//5791
f 5790//5790 5791//5791 5792//5792
f 5789//5789 5793//5793 5794//5794
f 5789//5789 5794//5794 5791//5791
f 5788//5788 5784//5784 5783//5783
f 5788//5788 5783//5783 5787//5787
f 5784//5784 5786//5786 5785//5785
f 5784//5784 5785//5785 5783//5783
f 5791//5791 5794//5794 5779//5779
f 5793//5793 5779//5779 5794//5794
f 5779//5779 5793//5793 5785//5785
f 5779//5779 5785//5785 5781//5781
f 5780//5780 5792//5792 5791//5791
f 5780//5780 5791//5791 5779//5779
f 5790//5790 5792//5792 5780//5780
f 5790//5790 5787//5787 5783//5783
f 5790//5790 5783//5783 5789//5789
f 5790//5790 5780//5780 5782//5782
f 5790//5790 5782//5782 5787//5787
f 5789//5789 5783//5783 5785//5785
f 5789//5789 5785//5785 5793//5793
f 5784//5784 5781//5781 5786//5786
f 5785//5785 5786//5786 5781//5781
f 5787//5787 5782//5782 5788//5788
f 5784//5784 5788//5788 5782//5782
f 5782//5782 5781//5781 5784//5784
f 5796//5796 5798//5798 5797//5797
f 5796//5796 5797//5797 5795//5795
f 5800//5800 5802//5802 5801//5801
f 5800//5800 5801//5801 5799//5799
f 5804//5804 5806//5806 5805//5805
f 5804//5804 5805//5805 5803//5803
f 5812//5812 5811//5811 5813//5813
f 5812//5812 5813//5813 5814//5814
f 5811//5811 5815//5815 5816//5816
f 5811//5811 5816//5816 5813//5813
f 5822//5822 5818//5818 5817//5817
f 5822//5822 5817//5817 5821//5821
f 5818//5818 5820//5820 5819//5819
f 5818//5818 5819//5819 5817//5817
f 5813//5813 5816//5816 5807//5807
f 5815//5815 5807//5807 5816//5816
f 5807//5807 5815//5815 5819//5819
f 5807//5807 5819//5819 5809//5809
f 5808//5808 5813//5813 5807//5807
f 5812//5812 5814//5814 5808//5808
f 5813//5813 5808//5808 5814//5814
f 5812//5812 5821//5821 5817//5817
f 5812//5812 5817//5817 5811//5811
f 5821//5821 5812//5812 5808//5808
f 5811//5811 5817//5817 5819//5819
f 5811//5811 5819//5819 5815//5815
f 5818//5818 5809//5809 5820//5820
f 5819//5819 5820//5820 5809//5809
f 5821//5821 5810//5810 5822//5822
f 5818//5818 5822//5822 5810//5810
f 5810//5810 5809//5809 5818//5818
f 5808//5808 5810//5810 5821//5821
f 5823//5823 5824//5824 5840//5840
f 5823//5823 5840//5840 5827//5827
f 5828//5828 5839//5839 5838//5838
f 5828//5828 5838//5838 5829//5829
f 5827//5827 5840//5840 5839//5839
f 5827//5827 5839//5839 5828//5828
f 5837//5837 5830//5830 5829//5829
f 5837//5837 5829//5829 5838//5838
f 5836//5836 5831//5831 5830//5830
f 5836//5836 5830//5830 5837//5837
f 5832//5832 5835//5835 5834//5834
f 5832//5832 5834//5834 5833//5833
f 5831//5831 5836//5836 5835//5835
f 5831//5831 5835//5835 5832//5832
f 5826//5826 5825//5825 5833//5833
f 5826//5826 5833//5833 5834//5834
f 5846//5846 5845//5845 5843//5843
f 5846//5846 5843//5843 5841//5841
f 5842//5842 5844//5844 5845//5845
f 5842//5842 5845//5845 5846//5846
f 5848//5848 5852//5852 5847//5847
f 5852//5852 5848//5848 5864//5864
f 5853//5853 5867//5867 5866//5866
f 5853//5853 5866//5866 5854//5854
f 5852//5852 5867//5867 5853//5853
f 5867//5867 5852//5852 5864//5864
f 5864//5864 5848//5848 5849//5849
f 5863//5863 5867//5867 5864//5864
f 5850//5850 5868//5868 5866//5866
f 5850//5850 5866//5866 5862//5862
f 5862//5862 5866//5866 5867//5867
f 5862//5862 5867//5867 5863//5863
f 5868//5868 5855//5855 5854//5854
f 5868//5868 5854//5854 5866//5866
f 5869//5869 5856//5856 5855//5855
f 5869//5869 5855//5855 5868//5868
f 5856//5856 5869//5869 5870//5870
f 5856//5856 5870//5870 5857//5857
f 5868//5868 5850//5850 5861//5861
f 5868//5868 5861//5861 5869//5869
f 5857//5857 5870//5870 5871//5871
f 5857//5857 5871//5871 5858//5858
f 5865//5865 5858//5858 5871//5871
f 5860//5860 5870//5870 5869//5869
f 5860//5860 5869//5869 5861//5861
f 5870//5870 5860//5860 5859//5859
f 5870//5870 5859//5859 5871//5871
f 5871//5871 5859//5859 5851//5851
f 5851//5851 5865//5865 5871//5871
f 5873//5873 5875//5875 5874//5874
f 5873//5873 5874//5874 5872//5872
f 5876//5876 5877//5877 5885//5885
f 5876//5876 5885//5885 5880//5880
f 5880//5880 5885//5885 5884//5884
f 5880//5880 5884//5884 5881//5881
f 5882//5882 5883//5883 5879//5879
f 5882//5882 5879//5879 5878//5878
f 5883//5883 5882//5882 5881//5881
f 5883//5883 5881//5881 5884//5884
f 5887//5887 5890//5890 5888//5888
f 5887//5887 5888//5888 5886//5886
f 5887//5887 5889//5889 5890//5890
f 5892//5892 5899//5899 5891//5891
f 5899//5899 5892//5892 5910//5910
f 5900//5900 5899//5899 5911//5911
f 5900//5900 5911//5911 5912//5912
f 5900//5900 5912//5912 5901//5901
f 5901//5901 5912//5912 5913//5913
f 5901//5901 5913//5913 5894//5894
f 5910//5910 5892//5892 5893//5893
f 5911//5911 5910//5910 5909//5909
f 5911//5911 5909//5909 5908//5908
f 5911//5911 5908//5908 5912//5912
f 5912//5912 5908//5908 5895//5895
f 5912//5912 5895//5895 5913//5913
f 5910//5910 5911//5911 5899//5899
f 5894//5894 5913//5913 5914//5914
f 5894//5894 5914//5914 5902//5902
f 5902//5902 5914//5914 5915//5915
f 5902//5902 5915//5915 5903//5903
f 5913//5913 5895//5895 5907//5907
f 5913//5913 5907//5907 5914//5914
f 5916//5916 5904//5904 5903//5903
f 5916//5916 5903//5903 5915//5915
f 5904//5904 5916//5916 5897//5897
f 5904//5904 5897//5897 5896//5896
f 5914//5914 5907//5907 5906//5906
f 5914//5914 5906//5906 5915//5915
f 5916//5916 5905//5905 5898//5898
f 5916//5916 5898//5898 5897//5897
f 5905//5905 5916//5916 5915//5915
f 5905//5905 5915//5915 5906//5906
f 5918//5918 5925//5925 5917//5917
f 5925//5925 5918//5918 5936//5936
f 5926//5926 5925//5925 5937//5937
f 5926//5926 5937//5937 5938//5938
f 5926//5926 5938//5938 5927//5927
f 5927//5927 5938//5938 5939//5939
f 5927//5927 5939//5939 5920//5920
f 5936//5936 5918//5918 5919//5919
f 5937//5937 5936//5936 5935//5935
f 5937//5937 5935//5935 5934//5934
f 5937//5937 5934//5934 5938//5938
f 5938//5938 5934//5934 5921//5921
f 5938//5938 5921//5921 5939//5939
f 5936//5936 5937//5937 5925//5925
f 5920//5920 5939//5939 5940//5940
f 5920//5920 5940//5940 5928//5928
f 5928//5928 5940//5940 5941//5941
f 5928//5928 5941//5941 5929//5929
f 5939//5939 5921//5921 5933//5933
f 5939//5939 5933//5933 5940//5940
f 5942//5942 5930//5930 5929//5929
f 5942//5942 5929//5929 5941//5941
f 5930//5930 5942//5942 5923//5923
f 5930//5930 5923//5923 5922//5922
f 5940//5940 5933//5933 5932//5932
f 5940//5940 5932//5932 5941//5941
f 5942//5942 5931//5931 5924//5924
f 5942//5942 5924//5924 5923//5923
f 5931//5931 5942//5942 5941//5941
f 5931//5931 5941//5941 5932//5932
f 5945//5945 5943//5943 5947//5947
f 5944//5944 5946//5946 5947//5947
f 5945//5945 5947//5947 5946//5946
f 5948//5948 5949//5949 5957//5957
f 5948//5948 5957//5957 5952//5952
f 5952//5952 5957//5957 5956//5956
f 5952//5952 5956//5956 5953//5953
f 5954//5954 5955//5955 5951//5951
f 5954//5954 5951//5951 5950//5950
f 5955//5955 5954//5954 5953//5953
f 5955//5955 5953//5953 5956//5956
f 5962//5962 5958//5958 5959//5959
f 5958//5958 5962//5962 5960//5960
f 5959//5959 5961//5961 5962//5962
f 5964//5964 5970//5970 5963//5963
f 5970//5970 5964//5964 5982//5982
f 5971//5971 5970//5970 5983//5983
f 5971//5971 5983//5983 5984//5984
f 5971//5971 5984//5984 5972//5972
f 5972//5972 5984//5984 5985//5985
f 5972//5972 5985//5985 5966//5966
f 5982//5982 5964//5964 5965//5965
f 5983//5983 5982//5982 5981//5981
f 5983//5983 5981//5981 5980//5980
f 5983//5983 5980//5980 5984//5984
f 5979//5979 5985//5985 5984//5984
f 5979//5979 5984//5984 5980//5980
f 5982//5982 5983//5983 5970//5970
f 5986//5986 5973//5973 5966//5966
f 5986//5986 5966//5966 5985//5985
f 5973//5973 5986//5986 5987//5987
f 5973//5973 5987//5987 5974//5974
f 5985//5985 5979//5979 5978//5978
f 5985//5985 5978//5978 5986//5986
f 5974//5974 5987//5987 5988//5988
f 5974//5974 5988//5988 5975//5975
f 5975//5975 5988//5988 5968//5968
f 5975//5975 5968//5968 5967//5967
f 5977//5977 5987//5987 5986//5986
f 5977//5977 5986//5986 5978//5978
f 5976//5976 5988//5988 5987//5987
f 5976//5976 5987//5987 5977//5977
f 5988//5988 5976//5976 5969//5969
f 5988//5988 5969//5969 5968//5968
f 5994//5994 5993//5993 5991//5991
f 5994//5994 5991//5991 5989//5989
f 5990//5990 5992//5992 5993//5993
f 5990//5990 5993//5993 5994//5994
f 6004//6004 6005//6005 6006//6006
f 6004//6004 6006//6006 6007//6007
f 6002//6002 6003//6003 6008//6008
f 6002//6002 6008//6008 6009//6009
f 6003//6003 6004//6004 6007//6007
f 6003//6003 6007//6007 6008//6008
f 6010//6010 6000//6000 6001//6001
f 6001//6001 6000//6000 5995//5995
f 6001//6001 6002//6002 6009//6009
f 6001//6001 6009//6009 6010//6010
f 5998//5998 6005//6005 5997//5997
f 6006//6006 5998//5998 5996//5996
f 6010//6010 5999//5999 6000//6000
f 6006//6006 6005//6005 5998//5998
f 6016//6016 6014//6014 6015//6015
f 6016//6016 6015//6015 6013//6013
f 6011//6011 6012//6012 6013//6013
f 6011//6011 6013//6013 6015//6015
f 6018//6018 6021//6021 6019//6019
f 6022//6022 6021//6021 6018//6018
f 6017//6017 6020//6020 6022//6022
f 6021//6021 6022//6022 6020//6020
f 6027//6027 6028//6028 6023//6023
f 6027//6027 6023//6023 6024//6024
f 6028//6028 6027//6027 6026//6026
f 6028//6028 6026//6026 6025//6025
f 6032//6032 6038//6038 6031//6031
f 6036//6036 6037//6037 6041//6041
f 6036//6036 6041//6041 6042//6042
f 6037//6037 6038//6038 6040//6040
f 6037//6037 6040//6040 6041//6041
f 6035//6035 6036//6036 6042//6042
f 6035//6035 6042//6042 6043//6043
f 6034//6034 6033//6033 6029//6029
f 6034//6034 6035//6035 6043//6043
f 6034//6034 6043//6043 6044//6044
f 6032//6032 6040//6040 6038//6038
f 6033//6033 6034//6034 6044//6044
f 6033//6033 6044//6044 6030//6030
f 6039//6039 6040//6040 6032//6032
f 6045//6045 6046//6046 6047//6047
f 6050//6050 6045//6045 6047//6047
f 6049//6049 6050//6050 6048//6048
f 6047//6047 6048//6048 6050//6050
f 6057//6057 6061//6061 6062//6062
f 6056//6056 6057//6057 6058//6058
f 6056//6056 6058//6058 6059//6059
f 6055//6055 6056//6056 6059//6059
f 6055//6055 6059//6059 6060//6060
f 6055//6055 6054//6054 6051//6051
f 6057//6057 6062//6062 6058//6058
f 6053//6053 6054//6054 6060//6060
f 6060//6060 6054//6054 6055//6055
f 6052//6052 6058//6058 6062//6062
f 6069//6069 6070//6070 6072//6072
f 6069//6069 6072//6072 6073//6073
f 6068//6068 6069//6069 6073//6073
f 6068//6068 6073//6073 6074//6074
f 6067//6067 6068//6068 6066//6066
f 6068//6068 6074//6074 6066//6066
f 6065//6065 6070//6070 6064//6064
f 6072//6072 6065//6065 6071//6071
f 6074//6074 6063//6063 6066//6066
f 6070//6070 6065//6065 6072//6072
f 6085//6085 6086//6086 6088//6088
f 6085//6085 6088//6088 6089//6089
f 6083//6083 6084//6084 6090//6090
f 6083//6083 6090//6090 6091//6091
f 6082//6082 6083//6083 6091//6091
f 6082//6082 6091//6091 6092//6092
f 6084//6084 6085//6085 6089//6089
f 6084//6084 6089//6089 6090//6090
f 6080//6080 6081//6081 6093//6093
f 6080//6080 6093//6093 6094//6094
f 6079//6079 6080//6080 6077//6077
f 6080//6080 6094//6094 6077//6077
f 6081//6081 6082//6082 6092//6092
f 6081//6081 6092//6092 6093//6093
f 6078//6078 6086//6086 6075//6075
f 6088//6088 6078//6078 6087//6087
f 6094//6094 6076//6076 6077//6077
f 6078//6078 6088//6088 6086//6086
f 6104//6104 6107//6107 6106//6106
f 6104//6104 6106//6106 6105//6105
f 6102//6102 6109//6109 6108//6108
f 6102//6102 6108//6108 6103//6103
f 6103//6103 6108//6108 6107//6107
f 6103//6103 6107//6107 6104//6104
f 6110//6110 6101//6101 6100//6100
f 6101//6101 6095//6095 6100//6100
f 6101//6101 6110//6110 6109//6109
f 6101//6101 6109//6109 6102//6102
f 6098//6098 6097//6097 6105//6105
f 6106//6106 6096//6096 6098//6098
f 6110//6110 6100//6100 6099//6099
f 6106//6106 6098//6098 6105//6105
f 6113//6113 6115//6115 6114//6114
f 6113//6113 6114//6114 6116//6116
f 6115//6115 6113//6113 6112//6112
f 6115//6115 6112//6112 6111//6111
f 6118//6118 6119//6119 6122//6122
f 6121//6121 6122//6122 6119//6119
f 6117//6117 6121//6121 6120//6120
f 6122//6122 6121//6121 6117//6117
f 6123//6123 6128//6128 6127//6127
f 6123//6123 6127//6127 6124//6124
f 6126//6126 6127//6127 6128//6128
f 6126//6126 6128//6128 6125//6125
f 6132//6132 6131//6131 6138//6138
f 6136//6136 6142//6142 6141//6141
f 6136//6136 6141//6141 6137//6137
f 6137//6137 6141//6141 6140//6140
f 6137//6137 6140//6140 6138//6138
f 6135//6135 6143//6143 6142//6142
f 6135//6135 6142//6142 6136//6136
f 6134//6134 6129//6129 6133//6133
f 6134//6134 6144//6144 6143//6143
f 6134//6134 6143//6143 6135//6135
f 6132//6132 6138//6138 6140//6140
f 6133//6133 6144//6144 6134//6134
f 6133//6133 6130//6130 6144//6144
f 6139//6139 6132//6132 6140//6140
f 6145//6145 6147//6147 6146//6146
f 6150//6150 6147//6147 6145//6145
f 6149//6149 6148//6148 6150//6150
f 6147//6147 6150//6150 6148//6148
f 6157//6157 6162//6162 6161//6161
f 6156//6156 6159//6159 6158//6158
f 6156//6156 6158//6158 6157//6157
f 6155//6155 6160//6160 6159//6159
f 6155//6155 6159//6159 6156//6156
f 6155//6155 6151//6151 6154//6154
f 6157//6157 6158//6158 6162//6162
f 6153//6153 6160//6160 6154//6154
f 6160//6160 6155//6155 6154//6154
f 6152//6152 6162//6162 6158//6158
f 6169//6169 6173//6173 6172//6172
f 6169//6169 6172//6172 6170//6170
f 6168//6168 6174//6174 6173//6173
f 6168//6168 6173//6173 6169//6169
f 6167//6167 6166//6166 6168//6168
f 6168//6168 6166//6166 6174//6174
f 6165//6165 6164//6164 6170//6170
f 6172//6172 6171//6171 6165//6165
f 6174//6174 6166//6166 6163//6163
f 6170//6170 6172//6172 6165//6165
f 6185//6185 6189//6189 6188//6188
f 6185//6185 6188//6188 6186//6186
f 6183//6183 6191//6191 6190//6190
f 6183//6183 6190//6190 6184//6184
f 6182//6182 6192//6192 6191//6191
f 6182//6182 6191//6191 6183//6183
f 6184//6184 6190//6190 6189//6189
f 6184//6184 6189//6189 6185//6185
f 6180//6180 6194//6194 6193//6193
f 6180//6180 6193//6193 6181//6181
f 6179//6179 6177//6177 6180//6180
f 6180//6180 6177//6177 6194//6194
f 6181//6181 6193//6193 6192//6192
f 6181//6181 6192//6192 6182//6182
f 6178//6178 6175//6175 6186//6186
f 6188//6188 6187//6187 6178//6178
f 6194//6194 6177//6177 6176//6176
f 6178//6178 6186//6186 6188//6188
f 6204//6204 6205//6205 6206//6206
f 6204//6204 6206//6206 6207//6207
f 6202//6202 6203//6203 6208//6208
f 6202//6202 6208//6208 6209//6209
f 6203//6203 6204//6204 6207//6207
f 6203//6203 6207//6207 6208//6208
f 6210//6210 6200//6200 6201//6201
f 6201//6201 6200//6200 6195//6195
f 6201//6201 6202//6202 6209//6209
f 6201//6201 6209//6209 6210//6210
f 6198//6198 6205//6205 6197//6197
f 6206//6206 6198//6198 6196//6196
f 6210//6210 6199//6199 6200//6200
f 6206//6206 6205//6205 6198//6198
f 6213//6213 6216//6216 6214//6214
f 6213//6213 6214//6214 6215//6215
f 6215//6215 6211//6211 6212//6212
f 6215//6215 6212//6212 6213//6213
f 6218//6218 6222//6222 6219//6219
f 6221//6221 6219//6219 6222//6222
f 6217//6217 6220//6220 6221//6221
f 6222//6222 6217//6217 6221//6221
f 6223//6223 6224//6224 6227//6227
f 6223//6223 6227//6227 6228//6228
f 6226//6226 6225//6225 6228//6228
f 6226//6226 6228//6228 6227//6227
f 6232//6232 6238//6238 6231//6231
f 6236//6236 6237//6237 6241//6241
f 6236//6236 6241//6241 6242//6242
f 6237//6237 6238//6238 6240//6240
f 6237//6237 6240//6240 6241//6241
f 6235//6235 6236//6236 6242//6242
f 6235//6235 6242//6242 6243//6243
f 6234//6234 6233//6233 6229//6229
f 6234//6234 6235//6235 6243//6243
f 6234//6234 6243//6243 6244//6244
f 6232//6232 6240//6240 6238//6238
f 6233//6233 6234//6234 6244//6244
f 6233//6233 6244//6244 6230//6230
f 6239//6239 6240//6240 6232//6232
f 6245//6245 6246//6246 6247//6247
f 6250//6250 6245//6245 6247//6247
f 6249//6249 6250//6250 6248//6248
f 6247//6247 6248//6248 6250//6250
f 6257//6257 6261//6261 6262//6262
f 6256//6256 6257//6257 6258//6258
f 6256//6256 6258//6258 6259//6259
f 6255//6255 6256//6256 6259//6259
f 6255//6255 6259//6259 6260//6260
f 6255//6255 6254//6254 6251//6251
f 6257//6257 6262//6262 6258//6258
f 6253//6253 6254//6254 6260//6260
f 6260//6260 6254//6254 6255//6255
f 6252//6252 6258//6258 6262//6262
f 6270//6270 6264//6264 6265//6265
f 6269//6269 6270//6270 6272//6272
f 6269//6269 6272//6272 6273//6273
f 6268//6268 6269//6269 6273//6273
f 6268//6268 6273//6273 6274//6274
f 6268//6268 6266//6266 6267//6267
f 6270//6270 6265//6265 6272//6272
f 6263//6263 6266//6266 6274//6274
f 6274//6274 6266//6266 6268//6268
f 6271//6271 6272//6272 6265//6265
f 6285//6285 6286//6286 6288//6288
f 6285//6285 6288//6288 6289//6289
f 6283//6283 6284//6284 6290//6290
f 6283//6283 6290//6290 6291//6291
f 6282//6282 6283//6283 6291//6291
f 6282//6282 6291//6291 6292//6292
f 6284//6284 6285//6285 6289//6289
f 6284//6284 6289//6289 6290//6290
f 6280//6280 6281//6281 6293//6293
f 6280//6280 6293//6293 6294//6294
f 6279//6279 6280//6280 6277//6277
f 6280//6280 6294//6294 6277//6277
f 6281//6281 6282//6282 6292//6292
f 6281//6281 6292//6292 6293//6293
f 6278//6278 6286//6286 6275//6275
f 6288//6288 6278//6278 6287//6287
f 6294//6294 6276//6276 6277//6277
f 6278//6278 6288//6288 6286//6286
f 6304//6304 6307//6307 6306//6306
f 6304//6304 6306//6306 6305//6305
f 6302//6302 6309//6309 6308//6308
f 6302//6302 6308//6308 6303//6303
f 6303//6303 6308//6308 6307//6307
f 6303//6303 6307//6307 6304//6304
f 6310//6310 6301//6301 6300//6300
f 6301//6301 6295//6295 6300//6300
f 6301//6301 6310//6310 6309//6309
f 6301//6301 6309//6309 6302//6302
f 6298//6298 6297//6297 6305//6305
f 6306//6306 6296//6296 6298//6298
f 6310//6310 6300//6300 6299//6299
f 6306//6306 6298//6298 6305//6305
f 6316//6316 6313//6313 6315//6315
f 6316//6316 6315//6315 6314//6314
f 6311//6311 6315//6315 6313//6313
f 6311//6311 6313//6313 6312//6312
f 6318//6318 6319//6319 6322//6322
f 6321//6321 6322//6322 6319//6319
f 6317//6317 6321//6321 6320//6320
f 6322//6322 6321//6321 6317//6317
f 6327//6327 6324//6324 6323//6323
f 6327//6327 6323//6323 6328//6328
f 6328//6328 6325//6325 6326//6326
f 6328//6328 6326//6326 6327//6327
f 6332//6332 6331//6331 6338//6338
f 6336//6336 6342//6342 6341//6341
f 6336//6336 6341//6341 6337//6337
f 6337//6337 6341//6341 6340//6340
f 6337//6337 6340//6340 6338//6338
f 6335//6335 6343//6343 6342//6342
f 6335//6335 6342//6342 6336//6336
f 6334//6334 6329//6329 6333//6333
f 6334//6334 6344//6344 6343//6343
f 6334//6334 6343//6343 6335//6335
f 6332//6332 6338//6338 6340//6340
f 6333//6333 6344//6344 6334//6334
f 6333//6333 6330//6330 6344//6344
f 6339//6339 6332//6332 6340//6340
f 6345//6345 6347//6347 6346//6346
f 6350//6350 6347//6347 6345//6345
f 6349//6349 6348//6348 6350//6350
f 6347//6347 6350//6350 6348//6348
f 6357//6357 6362//6362 6361//6361
f 6356//6356 6359//6359 6358//6358
f 6356//6356 6358//6358 6357//6357
f 6355//6355 6360//6360 6359//6359
f 6355//6355 6359//6359 6356//6356
f 6355//6355 6351//6351 6354//6354
f 6357//6357 6358//6358 6362//6362
f 6353//6353 6360//6360 6354//6354
f 6360//6360 6355//6355 6354//6354
f 6352//6352 6362//6362 6358//6358
f 6370//6370 6365//6365 6364//6364
f 6369//6369 6373//6373 6372//6372
f 6369//6369 6372//6372 6370//6370
f 6368//6368 6374//6374 6373//6373
f 6368//6368 6373//6373 6369//6369
f 6368//6368 6367//6367 6366//6366
f 6370//6370 6372//6372 6365//6365
f 6363//6363 6374//6374 6366//6366
f 6374//6374 6368//6368 6366//6366
f 6371//6371 6365//6365 6372//6372
f 6385//6385 6389//6389 6388//6388
f 6385//6385 6388//6388 6386//6386
f 6383//6383 6391//6391 6390//6390
f 6383//6383 6390//6390 6384//6384
f 6382//6382 6392//6392 6391//6391
f 6382//6382 6391//6391 6383//6383
f 6384//6384 6390//6390 6389//6389
f 6384//6384 6389//6389 6385//6385
f 6380//6380 6394//6394 6393//6393
f 6380//6380 6393//6393 6381//6381
f 6379//6379 6377//6377 6380//6380
f 6380//6380 6377//6377 6394//6394
f 6381//6381 6393//6393 6392//6392
f 6381//6381 6392//6392 6382//6382
f 6378//6378 6375//6375 6386//6386
f 6388//6388 6387//6387 6378//6378
f 6394//6394 6377//6377 6376//6376
f 6378//6378 6386//6386 6388//6388
f 6395//6395 6396//6396 6398//6398
f 6396//6396 6397//6397 6398//6398
f 6399//6399 6400//6400 6401//6401
f 6402//6402 6399//6399 6401//6401
