# core_hub_04 exported from /models/mainboards/core_hub_04.glb
# units: meters
v -0.014281 0.001000 0.067051
v -0.014333 0.001000 0.066600
v -0.011317 0.001000 0.064086
v -0.014333 0.001000 0.064275
v -0.007539 0.001000 0.055941
v -0.010256 0.001000 0.065147
v -0.006826 0.001000 0.059133
v -0.004821 0.001000 0.061717
v -0.003546 0.001000 0.060177
v -0.001958 0.001000 0.061094
v -0.000040 0.001000 0.061440
v 0.004741 0.001000 0.061719
v 0.009951 0.001000 0.065147
v 0.001878 0.001000 0.061095
v -0.012333 0.001000 0.068600
v 0.012254 0.001000 0.068600
v 0.013178 0.001000 0.068374
v -0.013400 0.001000 0.068291
v -0.012869 0.001000 0.068527
v 0.003466 0.001000 0.060178
v 0.006747 0.001000 0.059134
v 0.011011 0.001000 0.064086
v 0.014254 0.001000 0.066600
v 0.014153 0.001000 0.067228
v 0.007461 0.001000 0.055941
v 0.014254 0.001000 0.064275
v 0.010749 0.001000 0.049491
v 0.011315 0.001000 0.048907
v 0.017765 0.001000 0.045871
v 0.011652 0.001000 0.048212
v 0.025363 0.001000 0.025385
v 0.028899 0.001000 0.028920
v 0.045849 0.001000 0.017786
v 0.048190 0.001000 0.011674
v 0.048886 0.001000 0.011337
v 0.064254 0.001000 0.014276
v 0.049470 0.001000 0.010770
v 0.066578 0.001000 0.014276
v 0.064059 0.001000 0.011039
v 0.055919 0.001000 0.007482
v 0.059111 0.001000 0.006769
v 0.052727 0.001000 0.006770
v 0.049841 0.001000 0.010046
v 0.049960 0.001000 0.009283
v 0.049693 0.001000 0.008158
v 0.048948 0.001000 0.007274
v 0.050142 0.001000 0.004766
v 0.046730 0.001000 0.006892
v 0.047884 0.001000 0.006819
v 0.042063 0.001000 0.001654
v 0.050744 0.001000 0.001847
v 0.051682 0.001000 0.003491
v 0.050418 0.001000 -0.000018
v 0.042244 0.001000 -0.000815
v 0.050743 0.001000 -0.001881
v 0.050140 0.001000 -0.004800
v 0.051681 0.001000 -0.003524
v 0.049693 0.001000 -0.008193
v 0.048948 0.001000 -0.007309
v 0.052726 0.001000 -0.006804
v 0.047884 0.001000 -0.006854
v 0.046730 0.001000 -0.006927
v 0.041430 0.001000 -0.003154
v 0.039907 0.001000 -0.004862
v 0.037863 0.001000 -0.005889
v 0.021828 0.001000 -0.021885
v 0.006013 0.001000 -0.037046
v 0.005832 0.001000 -0.034577
v 0.006870 0.001000 -0.046787
v 0.012738 0.001000 -0.022044
v 0.019949 0.001000 -0.015794
v 0.035394 0.001000 -0.006070
v 0.033055 0.001000 -0.005256
v 0.031348 0.001000 -0.003733
v 0.024570 0.001000 -0.006557
v 0.030320 0.001000 -0.001690
v 0.025144 0.001000 0.003755
v 0.032476 0.001000 0.004826
v 0.030139 0.001000 0.000780
v 0.030953 0.001000 0.003119
v 0.021987 0.001000 0.012760
v 0.015737 0.001000 0.019970
v 0.034520 0.001000 0.005854
v 0.021828 0.001000 0.021849
v 0.006870 0.001000 0.046752
v 0.005832 0.001000 0.037885
v 0.006013 0.001000 0.035415
v 0.036989 0.001000 0.006035
v 0.039328 0.001000 0.005220
v 0.041036 0.001000 0.003698
v 0.005199 0.001000 0.033077
v 0.006500 0.001000 0.024592
v 0.003677 0.001000 0.031369
v 0.001633 0.001000 0.030342
v -0.000837 0.001000 0.030161
v -0.003812 0.001000 0.025165
v -0.012817 0.001000 0.022009
v -0.004883 0.001000 0.032497
v -0.003175 0.001000 0.030975
v -0.005911 0.001000 0.034541
v -0.006092 0.001000 0.037011
v -0.021906 0.001000 0.021849
v -0.046809 0.001000 0.006892
v -0.035473 0.001000 0.006035
v -0.037942 0.001000 0.005854
v -0.020027 0.001000 0.015759
v -0.006949 0.001000 0.046752
v -0.005277 0.001000 0.039349
v -0.006876 0.001000 0.047906
v -0.004823 0.001000 0.050163
v -0.003755 0.001000 0.041057
v -0.001711 0.001000 0.042085
v -0.001904 0.001000 0.050765
v 0.000758 0.001000 0.042266
v -0.000039 0.001000 0.050440
v 0.001824 0.001000 0.050765
v 0.004743 0.001000 0.050162
v 0.003467 0.001000 0.051703
v 0.008136 0.001000 0.049714
v 0.006747 0.001000 0.052748
v 0.007252 0.001000 0.048969
v 0.006797 0.001000 0.047906
v 0.010025 0.001000 0.049863
v 0.009261 0.001000 0.049982
v 0.003097 0.001000 0.041451
v 0.004805 0.001000 0.039929
v -0.003548 0.001000 0.051704
v -0.007330 0.001000 0.048969
v -0.008215 0.001000 0.049714
v -0.006827 0.001000 0.052749
v -0.009340 0.001000 0.049982
v -0.010103 0.001000 0.049863
v -0.010827 0.001000 0.049491
v -0.011394 0.001000 0.048907
v -0.017843 0.001000 0.045871
v -0.011731 0.001000 0.048212
v -0.025442 0.001000 0.025385
v -0.045928 0.001000 0.017786
v -0.048269 0.001000 0.011674
v -0.028977 0.001000 0.028920
v -0.049098 0.001000 0.011237
v -0.064332 0.001000 0.014276
v -0.049746 0.001000 0.010457
v -0.055998 0.001000 0.007482
v -0.050031 0.001000 0.009484
v -0.052805 0.001000 0.006769
v -0.049930 0.001000 0.008553
v -0.049493 0.001000 0.007724
v -0.048713 0.001000 0.007076
v -0.050219 0.001000 0.004764
v -0.042323 0.001000 0.000780
v -0.047740 0.001000 0.006791
v -0.050822 0.001000 0.001846
v -0.051760 0.001000 0.003489
v -0.050497 0.001000 -0.000018
v -0.050822 0.001000 -0.001882
v -0.042142 0.001000 -0.001690
v -0.041114 0.001000 -0.003733
v -0.050220 0.001000 -0.004801
v -0.046809 0.001000 -0.006927
v -0.021906 0.001000 -0.021885
v -0.047963 0.001000 -0.006854
v -0.039406 0.001000 -0.005256
v -0.037068 0.001000 -0.006070
v -0.034598 0.001000 -0.005889
v -0.022065 0.001000 -0.012795
v -0.032554 0.001000 -0.004862
v -0.025222 0.001000 -0.003790
v -0.031032 0.001000 -0.003154
v -0.030217 0.001000 -0.000815
v -0.030398 0.001000 0.001654
v -0.031426 0.001000 0.003698
v -0.024649 0.001000 0.006522
v -0.033134 0.001000 0.005220
v -0.015816 0.001000 -0.020006
v -0.006092 0.001000 -0.035451
v -0.005277 0.001000 -0.033112
v -0.006579 0.001000 -0.024627
v -0.003755 0.001000 -0.031404
v -0.001711 0.001000 -0.030377
v 0.003733 0.001000 -0.025201
v 0.000758 0.001000 -0.030196
v 0.003097 0.001000 -0.031010
v 0.004805 0.001000 -0.032533
v -0.005911 0.001000 -0.037920
v -0.006949 0.001000 -0.046787
v -0.004883 0.001000 -0.039964
v -0.003175 0.001000 -0.041486
v -0.000837 0.001000 -0.042301
v -0.004821 0.001000 -0.050197
v 0.001633 0.001000 -0.042120
v -0.000039 0.001000 -0.050475
v -0.001903 0.001000 -0.050800
v -0.003546 0.001000 -0.051738
v 0.001825 0.001000 -0.050801
v 0.004744 0.001000 -0.050199
v 0.003469 0.001000 -0.051739
v 0.006797 0.001000 -0.047941
v 0.006748 0.001000 -0.052784
v 0.007252 0.001000 -0.049004
v 0.008136 0.001000 -0.049750
v 0.009261 0.001000 -0.050017
v 0.010025 0.001000 -0.049898
v 0.007461 0.001000 -0.055976
v 0.010749 0.001000 -0.049527
v 0.014254 0.001000 -0.064311
v 0.011315 0.001000 -0.048942
v 0.018277 0.001000 -0.044661
v 0.011652 0.001000 -0.048247
v 0.025363 0.001000 -0.025420
v 0.029698 0.001000 -0.028174
v 0.048190 0.001000 -0.011709
v 0.046679 0.001000 -0.017501
v 0.064059 0.001000 -0.011289
v 0.066489 0.001000 -0.014361
v 0.049470 0.001000 -0.010806
v 0.048886 0.001000 -0.011372
v 0.055919 0.001000 -0.007518
v 0.049841 0.001000 -0.010082
v 0.049960 0.001000 -0.009318
v 0.059112 0.001000 -0.006803
v 0.065119 0.001000 -0.010229
v 0.061697 0.001000 -0.004798
v 0.061073 0.001000 -0.001935
v 0.060156 0.001000 -0.003523
v 0.061418 0.001000 -0.000017
v 0.068578 0.001000 -0.012363
v 0.061696 0.001000 0.004765
v 0.061072 0.001000 0.001902
v 0.065119 0.001000 0.009978
v 0.068578 0.001000 0.012276
v 0.068348 0.001000 0.013207
v 0.060155 0.001000 0.003489
v 0.068506 0.001000 -0.012896
v 0.068289 0.001000 -0.013399
v 0.067071 0.001000 -0.014301
v 0.011011 0.001000 -0.064337
v 0.014254 0.001000 -0.066635
v 0.014094 0.001000 -0.067419
v 0.006747 0.001000 -0.059168
v 0.004743 0.001000 -0.061752
v 0.009951 0.001000 -0.065397
v -0.000038 0.001000 -0.061475
v 0.012254 0.001000 -0.068635
v 0.013031 0.001000 -0.068478
v -0.012333 0.001000 -0.068635
v -0.010256 0.001000 -0.065397
v -0.013264 0.001000 -0.068405
v -0.004820 0.001000 -0.061754
v -0.011317 0.001000 -0.064337
v -0.014333 0.001000 -0.066635
v -0.014333 0.001000 -0.064311
v -0.007539 0.001000 -0.055976
v -0.014234 0.001000 -0.067254
v -0.006825 0.001000 -0.059169
v -0.010514 0.001000 -0.049724
v -0.009541 0.001000 -0.050009
v -0.006826 0.001000 -0.052783
v -0.008610 0.001000 -0.049908
v -0.007781 0.001000 -0.049472
v -0.007133 0.001000 -0.048692
v -0.006848 0.001000 -0.047718
v -0.011294 0.001000 -0.049076
v -0.017843 0.001000 -0.045906
v -0.011731 0.001000 -0.048247
v -0.025442 0.001000 -0.025420
v -0.028977 0.001000 -0.028956
v -0.045928 0.001000 -0.017822
v -0.048269 0.001000 -0.011709
v -0.048964 0.001000 -0.011372
v -0.049548 0.001000 -0.010806
v -0.064332 0.001000 -0.014311
v -0.055998 0.001000 -0.007518
v -0.064364 0.001000 -0.011289
v -0.066657 0.001000 -0.014311
v -0.067285 0.001000 -0.014210
v -0.059190 0.001000 -0.006804
v -0.061774 0.001000 -0.004800
v -0.065425 0.001000 -0.010229
v -0.061497 0.001000 -0.000019
v -0.068431 0.001000 -0.013235
v -0.068657 0.001000 -0.012311
v -0.068657 0.001000 0.012276
v -0.065425 0.001000 0.009978
v -0.068499 0.001000 0.013053
v -0.061775 0.001000 0.004763
v -0.064364 0.001000 0.011039
v -0.066657 0.001000 0.014276
v -0.067441 0.001000 0.014116
v -0.059190 0.001000 0.006768
v -0.060235 0.001000 0.003488
v -0.061152 0.001000 0.001900
v -0.061151 0.001000 -0.001937
v -0.060234 0.001000 -0.003524
v -0.052806 0.001000 -0.006805
v -0.049919 0.001000 -0.010082
v -0.050039 0.001000 -0.009318
v -0.049771 0.001000 -0.008193
v -0.049026 0.001000 -0.007309
v -0.001956 0.001000 -0.061130
v -0.003545 0.001000 -0.060213
v 0.001880 0.001000 -0.061129
v 0.003468 0.001000 -0.060212
v 0.003677 0.001000 -0.041093
v 0.005199 0.001000 -0.039385
v -0.051761 0.001000 -0.003526
v -0.041508 0.001000 0.003119
v -0.039986 0.001000 0.004826
v 0.067197 0.001000 0.014178
v -0.032554 0.001000 -0.004862
v -0.031735 0.001000 -0.004105
v -0.032554 -0.001000 -0.004862
v -0.031735 -0.001000 -0.004105
v -0.031032 -0.001000 -0.003154
v -0.030509 -0.001000 -0.002039
v -0.031032 0.001000 -0.003154
v -0.030509 0.001000 -0.002039
v -0.030217 0.001000 -0.000815
v -0.030182 0.001000 0.000442
v -0.030217 -0.001000 -0.000815
v -0.030182 -0.001000 0.000442
v -0.030398 -0.001000 0.001654
v -0.030831 -0.001000 0.002755
v -0.030398 0.001000 0.001654
v -0.030831 0.001000 0.002755
v -0.031426 0.001000 0.003698
v -0.032183 0.001000 0.004518
v -0.031426 -0.001000 0.003698
v -0.032183 -0.001000 0.004518
v -0.033134 -0.001000 0.005220
v -0.034249 -0.001000 0.005743
v -0.033134 0.001000 0.005220
v -0.034249 0.001000 0.005743
v -0.035473 0.001000 0.006035
v -0.036730 0.001000 0.006070
v -0.035473 -0.001000 0.006035
v -0.036730 -0.001000 0.006070
v -0.037942 -0.001000 0.005854
v -0.039043 -0.001000 0.005422
v -0.037942 0.001000 0.005854
v -0.039043 0.001000 0.005422
v -0.039986 0.001000 0.004826
v -0.039986 -0.001000 0.004826
v -0.040805 0.001000 0.004069
v -0.041508 0.001000 0.003119
v -0.040805 -0.001000 0.004069
v -0.041508 -0.001000 0.003119
v -0.042031 -0.001000 0.002003
v -0.042323 -0.001000 0.000780
v -0.042031 0.001000 0.002003
v -0.042323 0.001000 0.000780
v -0.042358 0.001000 -0.000477
v -0.042142 0.001000 -0.001690
v -0.042358 -0.001000 -0.000477
v -0.042142 -0.001000 -0.001690
v -0.041710 -0.001000 -0.002790
v -0.041710 0.001000 -0.002790
v -0.041114 -0.001000 -0.003733
v -0.041114 0.001000 -0.003733
v -0.040357 -0.001000 -0.004553
v -0.039406 -0.001000 -0.005256
v -0.040357 0.001000 -0.004553
v -0.039406 0.001000 -0.005256
v -0.038291 0.001000 -0.005778
v -0.037068 0.001000 -0.006070
v -0.038291 -0.001000 -0.005778
v -0.037068 -0.001000 -0.006070
v -0.035811 -0.001000 -0.006105
v -0.035811 0.001000 -0.006105
v -0.034598 -0.001000 -0.005889
v -0.034598 0.001000 -0.005889
v -0.033498 -0.001000 -0.005457
v -0.033498 0.001000 -0.005457
v -0.032554 -0.001000 -0.004862
v -0.032554 0.001000 -0.004862
v -0.004883 0.001000 0.032497
v -0.004126 0.001000 0.031678
v -0.004883 -0.001000 0.032497
v -0.004126 -0.001000 0.031678
v -0.003175 -0.001000 0.030975
v -0.003175 0.001000 0.030975
v -0.002060 -0.001000 0.030452
v -0.002060 0.001000 0.030452
v -0.000837 -0.001000 0.030161
v -0.000837 0.001000 0.030161
v 0.000420 -0.001000 0.030126
v 0.000420 0.001000 0.030126
v 0.001633 -0.001000 0.030342
v 0.002733 -0.001000 0.030774
v 0.001633 0.001000 0.030342
v 0.002733 0.001000 0.030774
v 0.003677 0.001000 0.031369
v 0.004496 0.001000 0.032126
v 0.003677 -0.001000 0.031369
v 0.004496 -0.001000 0.032126
v 0.005199 -0.001000 0.033077
v 0.005199 0.001000 0.033077
v 0.005722 -0.001000 0.034192
v 0.005722 0.001000 0.034192
v 0.006013 -0.001000 0.035415
v 0.006013 0.001000 0.035415
v 0.006048 -0.001000 0.036673
v 0.006048 0.001000 0.036673
v 0.005832 -0.001000 0.037885
v 0.005400 -0.001000 0.038986
v 0.005832 0.001000 0.037885
v 0.005400 0.001000 0.038986
v 0.004805 0.001000 0.039929
v 0.004805 -0.001000 0.039929
v 0.004048 0.001000 0.040749
v 0.003097 0.001000 0.041451
v 0.004048 -0.001000 0.040749
v 0.003097 -0.001000 0.041451
v 0.001982 -0.001000 0.041974
v 0.001982 0.001000 0.041974
v 0.000758 -0.001000 0.042266
v 0.000758 0.001000 0.042266
v -0.000499 -0.001000 0.042301
v -0.000499 0.001000 0.042301
v -0.001711 -0.001000 0.042085
v -0.001711 0.001000 0.042085
v -0.002812 -0.001000 0.041653
v -0.002812 0.001000 0.041653
v -0.003755 -0.001000 0.041057
v -0.003755 0.001000 0.041057
v -0.004575 -0.001000 0.040300
v -0.005277 -0.001000 0.039349
v -0.004575 0.001000 0.040300
v -0.005277 0.001000 0.039349
v -0.005800 0.001000 0.038234
v -0.006092 0.001000 0.037011
v -0.005800 -0.001000 0.038234
v -0.006092 -0.001000 0.037011
v -0.006127 -0.001000 0.035754
v -0.006127 0.001000 0.035754
v -0.005911 -0.001000 0.034541
v -0.005911 0.001000 0.034541
v -0.005479 -0.001000 0.033441
v -0.005479 0.001000 0.033441
v -0.004883 -0.001000 0.032497
v -0.004883 0.001000 0.032497
v 0.032476 0.001000 0.004826
v 0.031656 0.001000 0.004069
v 0.032476 -0.001000 0.004826
v 0.031656 -0.001000 0.004069
v 0.030953 -0.001000 0.003119
v 0.030431 -0.001000 0.002003
v 0.030953 0.001000 0.003119
v 0.030431 0.001000 0.002003
v 0.030139 0.001000 0.000780
v 0.030104 0.001000 -0.000477
v 0.030139 -0.001000 0.000780
v 0.030104 -0.001000 -0.000477
v 0.030320 -0.001000 -0.001690
v 0.030752 -0.001000 -0.002790
v 0.030320 0.001000 -0.001690
v 0.030752 0.001000 -0.002790
v 0.031348 0.001000 -0.003733
v 0.032104 0.001000 -0.004553
v 0.031348 -0.001000 -0.003733
v 0.032104 -0.001000 -0.004553
v 0.033055 -0.001000 -0.005256
v 0.034171 -0.001000 -0.005778
v 0.033055 0.001000 -0.005256
v 0.034171 0.001000 -0.005778
v 0.035394 0.001000 -0.006070
v 0.036651 0.001000 -0.006105
v 0.035394 -0.001000 -0.006070
v 0.036651 -0.001000 -0.006105
v 0.037863 -0.001000 -0.005889
v 0.038964 -0.001000 -0.005457
v 0.037863 0.001000 -0.005889
v 0.038964 0.001000 -0.005457
v 0.039907 0.001000 -0.004862
v 0.039907 -0.001000 -0.004862
v 0.040727 0.001000 -0.004105
v 0.041430 0.001000 -0.003154
v 0.040727 -0.001000 -0.004105
v 0.041430 -0.001000 -0.003154
v 0.041952 -0.001000 -0.002039
v 0.042244 -0.001000 -0.000815
v 0.041952 0.001000 -0.002039
v 0.042244 0.001000 -0.000815
v 0.042279 0.001000 0.000442
v 0.042063 0.001000 0.001654
v 0.042279 -0.001000 0.000442
v 0.042063 -0.001000 0.001654
v 0.041631 -0.001000 0.002755
v 0.041631 0.001000 0.002755
v 0.041036 -0.001000 0.003698
v 0.041036 0.001000 0.003698
v 0.040279 -0.001000 0.004518
v 0.040279 0.001000 0.004518
v 0.039328 -0.001000 0.005220
v 0.039328 0.001000 0.005220
v 0.038213 -0.001000 0.005743
v 0.038213 0.001000 0.005743
v 0.036989 -0.001000 0.006035
v 0.035732 -0.001000 0.006070
v 0.036989 0.001000 0.006035
v 0.035732 0.001000 0.006070
v 0.034520 0.001000 0.005854
v 0.034520 -0.001000 0.005854
v 0.033419 0.001000 0.005422
v 0.032476 0.001000 0.004826
v 0.033419 -0.001000 0.005422
v 0.032476 -0.001000 0.004826
v 0.004805 0.001000 -0.032533
v 0.004048 0.001000 -0.031713
v 0.004805 -0.001000 -0.032533
v 0.004048 -0.001000 -0.031713
v 0.003097 -0.001000 -0.031010
v 0.003097 0.001000 -0.031010
v 0.001982 -0.001000 -0.030488
v 0.000758 -0.001000 -0.030196
v 0.001982 0.001000 -0.030488
v 0.000758 0.001000 -0.030196
v -0.000499 0.001000 -0.030161
v -0.000499 -0.001000 -0.030161
v -0.001711 0.001000 -0.030377
v -0.002812 0.001000 -0.030809
v -0.001711 -0.001000 -0.030377
v -0.002812 -0.001000 -0.030809
v -0.003755 -0.001000 -0.031404
v -0.003755 0.001000 -0.031404
v -0.004575 -0.001000 -0.032161
v -0.004575 0.001000 -0.032161
v -0.005277 -0.001000 -0.033112
v -0.005277 0.001000 -0.033112
v -0.005800 -0.001000 -0.034227
v -0.006092 -0.001000 -0.035451
v -0.005800 0.001000 -0.034227
v -0.006092 0.001000 -0.035451
v -0.006127 0.001000 -0.036708
v -0.006127 -0.001000 -0.036708
v -0.005911 0.001000 -0.037920
v -0.005479 0.001000 -0.039021
v -0.005911 -0.001000 -0.037920
v -0.005479 -0.001000 -0.039021
v -0.004883 -0.001000 -0.039964
v -0.004883 0.001000 -0.039964
v -0.004126 -0.001000 -0.040784
v -0.004126 0.001000 -0.040784
v -0.003175 -0.001000 -0.041486
v -0.003175 0.001000 -0.041486
v -0.002060 -0.001000 -0.042009
v -0.000837 -0.001000 -0.042301
v -0.002060 0.001000 -0.042009
v -0.000837 0.001000 -0.042301
v 0.000420 0.001000 -0.042336
v 0.000420 -0.001000 -0.042336
v 0.001633 0.001000 -0.042120
v 0.002733 0.001000 -0.041688
v 0.001633 -0.001000 -0.042120
v 0.002733 -0.001000 -0.041688
v 0.003677 -0.001000 -0.041093
v 0.003677 0.001000 -0.041093
v 0.004496 -0.001000 -0.040336
v 0.004496 0.001000 -0.040336
v 0.005199 -0.001000 -0.039385
v 0.005199 0.001000 -0.039385
v 0.005722 -0.001000 -0.038270
v 0.005722 0.001000 -0.038270
v 0.006013 -0.001000 -0.037046
v 0.006048 -0.001000 -0.035789
v 0.006013 0.001000 -0.037046
v 0.006048 0.001000 -0.035789
v 0.005832 0.001000 -0.034577
v 0.005400 0.001000 -0.033476
v 0.005832 -0.001000 -0.034577
v 0.005400 -0.001000 -0.033476
v 0.004805 -0.001000 -0.032533
v 0.004805 0.001000 -0.032533
v 0.021987 -0.001000 0.012760
v 0.021987 0.001000 0.012760
v 0.019294 -0.001000 0.016554
v 0.019294 0.001000 0.016554
v 0.015737 -0.001000 0.019970
v 0.015737 0.001000 0.019970
v 0.011404 -0.001000 0.022730
v 0.006500 -0.001000 0.024592
v 0.011404 0.001000 0.022730
v 0.006500 0.001000 0.024592
v 0.001319 0.001000 0.025410
v 0.001319 -0.001000 0.025410
v -0.003812 0.001000 0.025165
v -0.008596 0.001000 0.023966
v -0.003812 -0.001000 0.025165
v -0.008596 -0.001000 0.023966
v -0.012817 -0.001000 0.022009
v -0.012817 0.001000 0.022009
v -0.016611 -0.001000 0.019316
v -0.016611 0.001000 0.019316
v -0.020027 -0.001000 0.015759
v -0.020027 0.001000 0.015759
v -0.022787 -0.001000 0.011426
v -0.024649 -0.001000 0.006522
v -0.022787 0.001000 0.011426
v -0.024649 0.001000 0.006522
v -0.025467 0.001000 0.001341
v -0.025467 -0.001000 0.001341
v -0.025222 0.001000 -0.003790
v -0.024023 0.001000 -0.008574
v -0.025222 -0.001000 -0.003790
v -0.024023 -0.001000 -0.008574
v -0.022065 -0.001000 -0.012795
v -0.022065 0.001000 -0.012795
v -0.019373 -0.001000 -0.016590
v -0.015816 -0.001000 -0.020006
v -0.019373 0.001000 -0.016590
v -0.015816 0.001000 -0.020006
v -0.011483 0.001000 -0.022765
v -0.006579 0.001000 -0.024627
v -0.011483 -0.001000 -0.022765
v -0.006579 -0.001000 -0.024627
v -0.001398 -0.001000 -0.025445
v -0.001398 0.001000 -0.025445
v 0.003733 -0.001000 -0.025201
v 0.003733 0.001000 -0.025201
v 0.008517 -0.001000 -0.024001
v 0.012738 -0.001000 -0.022044
v 0.008517 0.001000 -0.024001
v 0.012738 0.001000 -0.022044
v 0.016533 0.001000 -0.019351
v 0.019949 0.001000 -0.015794
v 0.016533 -0.001000 -0.019351
v 0.019949 -0.001000 -0.015794
v 0.022708 -0.001000 -0.011461
v 0.022708 0.001000 -0.011461
v 0.024570 -0.001000 -0.006557
v 0.025388 -0.001000 -0.001376
v 0.024570 0.001000 -0.006557
v 0.025388 0.001000 -0.001376
v 0.025144 0.001000 0.003755
v 0.025144 -0.001000 0.003755
v 0.023944 0.001000 0.008539
v 0.021987 0.001000 0.012760
v 0.023944 -0.001000 0.008539
v 0.021987 -0.001000 0.012760
v -0.000039 0.001000 0.050440
v -0.000039 -0.000000 0.050440
v 0.000900 0.001000 0.050520
v 0.000900 -0.001000 0.050520
v 0.001824 0.001000 0.050765
v 0.001824 -0.001000 0.050765
v 0.002693 0.001000 0.051166
v 0.002693 -0.001000 0.051166
v 0.003467 -0.000000 0.051703
v 0.003467 0.001000 0.051703
v 0.003467 -0.001000 0.051703
v -0.000039 -0.001000 0.050440
v 0.003467 0.001000 0.051703
v 0.004743 0.001000 0.050162
v 0.003467 -0.000000 0.051703
v 0.003467 -0.001000 0.051703
v 0.004743 -0.001000 0.050162
v 0.004743 -0.001000 0.050162
v 0.004743 0.001000 0.050162
v 0.005875 -0.001000 0.051328
v 0.006747 -0.001000 0.052748
v 0.005875 0.001000 0.051328
v 0.006747 0.001000 0.052748
v 0.007285 0.001000 0.054324
v 0.007285 -0.001000 0.054324
v 0.007461 0.001000 0.055941
v 0.007461 -0.001000 0.055941
v 0.007284 0.001000 0.057557
v 0.006747 0.001000 0.059134
v 0.007284 -0.001000 0.057557
v 0.006747 -0.001000 0.059134
v 0.005874 -0.001000 0.060553
v 0.004741 -0.001000 0.061719
v 0.005874 0.001000 0.060553
v 0.004741 0.001000 0.061719
v 0.004741 0.001000 0.061719
v 0.004741 -0.001000 0.061719
v 0.003466 0.001000 0.060178
v 0.003466 -0.001000 0.060178
v 0.003466 -0.001000 0.060178
v 0.003466 0.001000 0.060178
v 0.002728 -0.001000 0.060693
v 0.002728 0.001000 0.060693
v 0.001878 -0.001000 0.061095
v 0.000942 -0.001000 0.061351
v 0.001878 0.001000 0.061095
v 0.000942 0.001000 0.061351
v -0.000040 0.001000 0.061440
v -0.000040 -0.001000 0.061440
v -0.001023 0.001000 0.061351
v -0.001023 -0.001000 0.061351
v -0.001958 0.001000 0.061094
v -0.001958 -0.001000 0.061094
v -0.002809 0.001000 0.060692
v -0.003546 0.001000 0.060177
v -0.002809 -0.001000 0.060692
v -0.003546 -0.001000 0.060177
v -0.003546 0.001000 0.060177
v -0.003546 -0.001000 0.060177
v -0.004821 0.001000 0.061717
v -0.004821 -0.001000 0.061717
v -0.004821 0.001000 0.061717
v -0.005954 0.001000 0.060551
v -0.004821 -0.001000 0.061717
v -0.005954 -0.001000 0.060551
v -0.006826 -0.001000 0.059133
v -0.007363 -0.001000 0.057556
v -0.006826 0.001000 0.059133
v -0.007363 0.001000 0.057556
v -0.007539 0.001000 0.055941
v -0.007363 0.001000 0.054325
v -0.007539 -0.001000 0.055941
v -0.007363 -0.001000 0.054325
v -0.006827 -0.001000 0.052749
v -0.005955 -0.001000 0.051330
v -0.006827 0.001000 0.052749
v -0.005955 0.001000 0.051330
v -0.004823 -0.000000 0.050163
v -0.004823 0.001000 0.050163
v -0.004823 -0.001000 0.050163
v -0.004823 0.001000 0.050163
v -0.004823 -0.000000 0.050163
v -0.003548 0.001000 0.051704
v -0.003548 -0.000000 0.051704
v -0.003548 -0.001000 0.051704
v -0.004823 -0.001000 0.050163
v -0.003548 0.001000 0.051704
v -0.003548 -0.000000 0.051704
v -0.002773 0.001000 0.051167
v -0.002773 -0.001000 0.051167
v -0.001904 0.001000 0.050765
v -0.000979 0.001000 0.050521
v -0.001904 -0.001000 0.050765
v -0.000979 -0.001000 0.050521
v -0.000039 -0.000000 0.050440
v -0.000039 -0.001000 0.050440
v -0.000039 0.001000 0.050440
v -0.003548 -0.001000 0.051704
v -0.000039 0.001000 -0.050475
v -0.000039 0.000000 -0.050475
v -0.000978 0.001000 -0.050556
v -0.001903 0.001000 -0.050800
v -0.000978 -0.001000 -0.050556
v -0.000039 -0.001000 -0.050475
v -0.001903 -0.001000 -0.050800
v -0.002771 -0.001000 -0.051201
v -0.003546 -0.001000 -0.051738
v -0.002771 0.001000 -0.051201
v -0.003546 0.000000 -0.051738
v -0.003546 0.001000 -0.051738
v -0.003546 0.001000 -0.051738
v -0.003546 0.000000 -0.051738
v -0.004821 0.001000 -0.050197
v -0.004821 0.000000 -0.050197
v -0.004821 -0.001000 -0.050197
v -0.003546 -0.001000 -0.051738
v -0.004820 0.001000 -0.061754
v -0.005953 0.001000 -0.060588
v -0.004820 -0.001000 -0.061754
v -0.005953 -0.001000 -0.060588
v -0.006825 -0.001000 -0.059169
v -0.006825 0.001000 -0.059169
v -0.007363 -0.001000 -0.057592
v -0.007539 -0.001000 -0.055976
v -0.007363 0.001000 -0.057592
v -0.007539 0.001000 -0.055976
v -0.007363 0.001000 -0.054360
v -0.006826 0.001000 -0.052783
v -0.007363 -0.001000 -0.054360
v -0.006826 -0.001000 -0.052783
v -0.005954 -0.001000 -0.051363
v -0.005954 0.001000 -0.051363
v -0.004821 -0.001000 -0.050197
v -0.004821 0.000000 -0.050197
v -0.004821 0.001000 -0.050197
v -0.004820 0.001000 -0.061754
v -0.004820 -0.001000 -0.061754
v -0.003545 0.001000 -0.060213
v -0.003545 -0.001000 -0.060213
v -0.003545 0.001000 -0.060213
v -0.002807 0.001000 -0.060728
v -0.003545 -0.001000 -0.060213
v -0.002807 -0.001000 -0.060728
v -0.001956 -0.001000 -0.061130
v -0.001020 -0.001000 -0.061387
v -0.001956 0.001000 -0.061130
v -0.001020 0.001000 -0.061387
v -0.000038 0.001000 -0.061475
v 0.000944 0.001000 -0.061386
v -0.000038 -0.001000 -0.061475
v 0.000944 -0.001000 -0.061386
v 0.001880 -0.001000 -0.061129
v 0.002730 -0.001000 -0.060727
v 0.001880 0.001000 -0.061129
v 0.002730 0.001000 -0.060727
v 0.003468 0.000000 -0.060212
v 0.003468 0.001000 -0.060212
v 0.003468 -0.001000 -0.060212
v 0.003468 0.001000 -0.060212
v 0.004743 0.001000 -0.061752
v 0.003468 0.000000 -0.060212
v 0.004743 -0.001000 -0.061752
v 0.003468 -0.001000 -0.060212
v 0.004743 -0.001000 -0.061752
v 0.004743 0.001000 -0.061752
v 0.005875 -0.001000 -0.060587
v 0.006747 -0.001000 -0.059168
v 0.005875 0.001000 -0.060587
v 0.006747 0.001000 -0.059168
v 0.007284 0.001000 -0.057592
v 0.007461 0.001000 -0.055976
v 0.007284 -0.001000 -0.057592
v 0.007461 -0.001000 -0.055976
v 0.007285 -0.001000 -0.054360
v 0.007285 0.001000 -0.054360
v 0.006748 -0.001000 -0.052784
v 0.005876 -0.001000 -0.051365
v 0.006748 0.001000 -0.052784
v 0.005876 0.001000 -0.051365
v 0.004744 0.001000 -0.050199
v 0.004744 -0.001000 -0.050199
v 0.004744 0.001000 -0.050199
v 0.004744 -0.001000 -0.050199
v 0.003469 0.001000 -0.051739
v 0.003469 -0.001000 -0.051739
v 0.003469 0.001000 -0.051739
v 0.002694 0.001000 -0.051202
v 0.003469 -0.001000 -0.051739
v 0.002694 -0.001000 -0.051202
v 0.001825 -0.001000 -0.050801
v 0.000900 -0.001000 -0.050556
v 0.001825 0.001000 -0.050801
v 0.000900 0.001000 -0.050556
v -0.000039 0.001000 -0.050475
v -0.000039 0.000000 -0.050475
v -0.000039 -0.001000 -0.050475
v 0.051681 0.001000 -0.003524
v 0.051145 0.001000 -0.002750
v 0.051681 -0.001000 -0.003524
v 0.051145 -0.001000 -0.002750
v 0.050743 -0.001000 -0.001881
v 0.050499 -0.001000 -0.000956
v 0.050743 0.001000 -0.001881
v 0.050499 0.001000 -0.000956
v 0.050418 0.001000 -0.000018
v 0.050418 0.000000 -0.000018
v 0.050418 -0.001000 -0.000018
v 0.051681 0.001000 -0.003524
v 0.051681 -0.001000 -0.003524
v 0.050140 0.001000 -0.004800
v 0.050140 -0.001000 -0.004800
v 0.050140 0.001000 -0.004800
v 0.051306 0.001000 -0.005932
v 0.050140 -0.001000 -0.004800
v 0.051306 -0.001000 -0.005932
v 0.052726 -0.001000 -0.006804
v 0.054303 -0.001000 -0.007342
v 0.052726 0.001000 -0.006804
v 0.054303 0.001000 -0.007342
v 0.055919 0.001000 -0.007518
v 0.057535 0.001000 -0.007341
v 0.055919 -0.001000 -0.007518
v 0.057535 -0.001000 -0.007341
v 0.059112 -0.001000 -0.006803
v 0.059112 0.001000 -0.006803
v 0.060531 -0.001000 -0.005931
v 0.061697 -0.001000 -0.004798
v 0.060531 0.001000 -0.005931
v 0.061697 0.001000 -0.004798
v 0.060156 0.001000 -0.003523
v 0.060671 0.001000 -0.002785
v 0.060156 -0.001000 -0.003523
v 0.060671 -0.001000 -0.002785
v 0.061073 -0.001000 -0.001935
v 0.061330 -0.001000 -0.000999
v 0.061073 0.001000 -0.001935
v 0.061330 0.001000 -0.000999
v 0.061418 0.001000 -0.000017
v 0.061329 0.001000 0.000966
v 0.061418 -0.001000 -0.000017
v 0.061329 -0.001000 0.000966
v 0.061072 -0.001000 0.001902
v 0.060670 -0.001000 0.002752
v 0.061072 0.001000 0.001902
v 0.060670 0.001000 0.002752
v 0.060155 0.000000 0.003489
v 0.060155 0.001000 0.003489
v 0.060155 -0.001000 0.003489
v 0.060155 -0.001000 0.003489
v 0.060155 0.000000 0.003489
v 0.061696 -0.001000 0.004765
v 0.061696 0.000000 0.004765
v 0.061696 0.001000 0.004765
v 0.060155 0.001000 0.003489
v 0.050142 0.001000 0.004766
v 0.051308 0.001000 0.005898
v 0.050142 -0.001000 0.004766
v 0.051308 -0.001000 0.005898
v 0.052727 -0.001000 0.006770
v 0.052727 0.001000 0.006770
v 0.054303 -0.001000 0.007307
v 0.055919 -0.001000 0.007482
v 0.054303 0.001000 0.007307
v 0.055919 0.001000 0.007482
v 0.057535 0.001000 0.007306
v 0.057535 -0.001000 0.007306
v 0.059111 0.001000 0.006769
v 0.059111 -0.001000 0.006769
v 0.060530 0.001000 0.005897
v 0.060530 -0.001000 0.005897
v 0.061696 0.000000 0.004765
v 0.061696 0.001000 0.004765
v 0.061696 -0.001000 0.004765
v 0.050142 0.001000 0.004766
v 0.050142 -0.001000 0.004766
v 0.051682 0.001000 0.003491
v 0.051682 0.000000 0.003491
v 0.051682 -0.001000 0.003491
v 0.051682 0.001000 0.003491
v 0.051682 0.000000 0.003491
v 0.051145 0.001000 0.002716
v 0.051145 -0.001000 0.002716
v 0.050744 0.001000 0.001847
v 0.050744 -0.001000 0.001847
v 0.050499 0.001000 0.000922
v 0.050499 -0.001000 0.000922
v 0.050418 0.001000 -0.000018
v 0.050418 0.000000 -0.000018
v 0.050418 -0.001000 -0.000018
v 0.051682 -0.001000 0.003491
v -0.050497 0.001000 -0.000018
v -0.050497 0.000000 -0.000018
v -0.050577 0.001000 0.000921
v -0.050577 -0.001000 0.000921
v -0.050822 0.001000 0.001846
v -0.050822 -0.001000 0.001846
v -0.051223 0.001000 0.002714
v -0.051223 -0.001000 0.002714
v -0.051760 0.000000 0.003489
v -0.051760 0.001000 0.003489
v -0.051760 -0.001000 0.003489
v -0.050497 -0.001000 -0.000018
v -0.051760 0.001000 0.003489
v -0.050219 0.001000 0.004764
v -0.051760 0.000000 0.003489
v -0.050219 -0.001000 0.004764
v -0.051760 -0.001000 0.003489
v -0.050219 -0.001000 0.004764
v -0.050219 0.001000 0.004764
v -0.051385 -0.001000 0.005897
v -0.051385 0.001000 0.005897
v -0.052805 -0.001000 0.006769
v -0.054381 -0.001000 0.007306
v -0.052805 0.001000 0.006769
v -0.054381 0.001000 0.007306
v -0.055998 0.001000 0.007482
v -0.055998 -0.001000 0.007482
v -0.057614 0.001000 0.007306
v -0.057614 -0.001000 0.007306
v -0.059190 0.001000 0.006768
v -0.059190 -0.001000 0.006768
v -0.060610 0.001000 0.005896
v -0.061775 0.001000 0.004763
v -0.060610 -0.001000 0.005896
v -0.061775 -0.001000 0.004763
v -0.061775 -0.001000 0.004763
v -0.061775 0.001000 0.004763
v -0.060235 -0.001000 0.003488
v -0.060235 0.001000 0.003488
v -0.060235 -0.001000 0.003488
v -0.060235 0.001000 0.003488
v -0.060749 -0.001000 0.002750
v -0.061152 -0.001000 0.001900
v -0.060749 0.001000 0.002750
v -0.061152 0.001000 0.001900
v -0.061408 0.001000 0.000964
v -0.061497 0.001000 -0.000019
v -0.061408 -0.001000 0.000964
v -0.061497 -0.001000 -0.000019
v -0.061408 -0.001000 -0.001001
v -0.061151 -0.001000 -0.001937
v -0.061408 0.001000 -0.001001
v -0.061151 0.001000 -0.001937
v -0.060748 0.001000 -0.002787
v -0.060748 -0.001000 -0.002787
v -0.060234 0.001000 -0.003524
v -0.060234 -0.001000 -0.003524
v -0.060234 -0.001000 -0.003524
v -0.060234 0.001000 -0.003524
v -0.061774 -0.001000 -0.004800
v -0.061774 0.001000 -0.004800
v -0.061774 -0.001000 -0.004800
v -0.061774 0.001000 -0.004800
v -0.060608 -0.001000 -0.005932
v -0.059190 -0.001000 -0.006804
v -0.060608 0.001000 -0.005932
v -0.059190 0.001000 -0.006804
v -0.057613 0.001000 -0.007341
v -0.055998 0.001000 -0.007518
v -0.057613 -0.001000 -0.007341
v -0.055998 -0.001000 -0.007518
v -0.054382 -0.001000 -0.007342
v -0.054382 0.001000 -0.007342
v -0.052806 -0.001000 -0.006805
v -0.051387 -0.001000 -0.005933
v -0.052806 0.001000 -0.006805
v -0.051387 0.001000 -0.005933
v -0.050220 0.001000 -0.004801
v -0.050220 -0.001000 -0.004801
v -0.050220 -0.001000 -0.004801
v -0.050220 0.001000 -0.004801
v -0.051761 0.000000 -0.003526
v -0.051761 -0.001000 -0.003526
v -0.051761 0.001000 -0.003526
v -0.051761 0.001000 -0.003526
v -0.051761 0.000000 -0.003526
v -0.051224 0.001000 -0.002751
v -0.051224 -0.001000 -0.002751
v -0.050822 0.001000 -0.001882
v -0.050822 -0.001000 -0.001882
v -0.050577 0.001000 -0.000957
v -0.050577 -0.001000 -0.000957
v -0.050497 0.001000 -0.000018
v -0.050497 0.000000 -0.000018
v -0.050497 -0.001000 -0.000018
v -0.051761 -0.001000 -0.003526
v -0.006949 -0.001000 -0.046787
v -0.006949 0.000000 -0.046787
v -0.008085 -0.001000 -0.043426
v -0.009436 -0.001000 -0.040096
v -0.008085 0.001000 -0.043426
v -0.006949 0.001000 -0.046787
v -0.009436 0.001000 -0.040096
v -0.011003 0.001000 -0.036816
v -0.011003 -0.001000 -0.036816
v -0.012784 0.001000 -0.033608
v -0.014773 0.001000 -0.030491
v -0.012784 -0.001000 -0.033608
v -0.014773 -0.001000 -0.030491
v -0.016963 -0.001000 -0.027486
v -0.019345 -0.001000 -0.024611
v -0.016963 0.001000 -0.027486
v -0.019345 0.001000 -0.024611
v -0.021906 0.001000 -0.021885
v -0.021906 -0.001000 -0.021885
v -0.024633 0.001000 -0.019323
v -0.027507 0.001000 -0.016941
v -0.024633 -0.001000 -0.019323
v -0.027507 -0.001000 -0.016941
v -0.030513 -0.001000 -0.014751
v -0.033630 -0.001000 -0.012762
v -0.030513 0.001000 -0.014751
v -0.033630 0.001000 -0.012762
v -0.036838 0.001000 -0.010981
v -0.040118 0.001000 -0.009414
v -0.036838 -0.001000 -0.010981
v -0.040118 -0.001000 -0.009414
v -0.043448 -0.001000 -0.008063
v -0.046809 -0.001000 -0.006927
v -0.043448 0.001000 -0.008063
v -0.046809 0.001000 -0.006927
v -0.049864 0.000000 -0.008399
v -0.047963 0.001000 -0.006854
v -0.049864 0.000500 -0.008399
v -0.049026 0.001000 -0.007309
v -0.049771 0.001000 -0.008193
v -0.050039 0.001000 -0.009318
v -0.049799 0.000500 -0.010388
v -0.049919 0.001000 -0.010082
v -0.049548 0.001000 -0.010806
v -0.048964 0.001000 -0.011372
v -0.048269 0.001000 -0.011709
v -0.049799 0.000000 -0.010388
v -0.048269 -0.001000 -0.011709
v -0.049799 -0.000500 -0.010388
v -0.048964 -0.001000 -0.011372
v -0.049548 -0.001000 -0.010806
v -0.049919 -0.001000 -0.010082
v -0.050039 -0.001000 -0.009318
v -0.049771 -0.001000 -0.008193
v -0.049864 -0.000500 -0.008399
v -0.049026 -0.001000 -0.007309
v -0.047963 -0.001000 -0.006854
v -0.048269 0.001000 -0.011709
v -0.042136 0.001000 -0.013989
v -0.048269 -0.001000 -0.011709
v -0.042136 -0.001000 -0.013989
v -0.036188 -0.001000 -0.017058
v -0.030576 -0.001000 -0.020889
v -0.036188 0.001000 -0.017058
v -0.030576 0.001000 -0.020889
v -0.025442 0.001000 -0.025420
v -0.020911 0.001000 -0.030554
v -0.025442 -0.001000 -0.025420
v -0.020911 -0.001000 -0.030554
v -0.017079 -0.001000 -0.036166
v -0.014011 -0.001000 -0.042114
v -0.017079 0.001000 -0.036166
v -0.013482 -0.000500 -0.043354
v -0.013482 0.000000 -0.043354
v -0.012544 0.000000 -0.045793
v -0.013482 0.000500 -0.043354
v -0.012544 0.000500 -0.045793
v -0.014011 0.001000 -0.042114
v -0.011731 0.001000 -0.048247
v -0.011731 0.000000 -0.048247
v -0.011731 -0.001000 -0.048247
v -0.012544 -0.000500 -0.045793
v -0.011731 0.001000 -0.048247
v -0.011731 0.000000 -0.048247
v -0.011294 0.001000 -0.049076
v -0.011294 -0.001000 -0.049076
v -0.010514 0.001000 -0.049724
v -0.010514 -0.001000 -0.049724
v -0.009541 0.001000 -0.050009
v -0.009541 -0.001000 -0.050009
v -0.008610 0.001000 -0.049908
v -0.007781 0.001000 -0.049472
v -0.008610 -0.001000 -0.049908
v -0.007781 -0.001000 -0.049472
v -0.007133 -0.001000 -0.048692
v -0.006848 -0.001000 -0.047718
v -0.007133 0.001000 -0.048692
v -0.006848 0.001000 -0.047718
v -0.006949 0.001000 -0.046787
v -0.006949 0.000000 -0.046787
v -0.006949 -0.001000 -0.046787
v -0.011731 -0.001000 -0.048247
v -0.046809 -0.001000 0.006892
v -0.046809 0.000000 0.006892
v -0.043448 -0.001000 0.008028
v -0.040118 -0.001000 0.009379
v -0.043448 0.001000 0.008028
v -0.046809 0.001000 0.006892
v -0.040118 0.001000 0.009379
v -0.036838 0.001000 0.010946
v -0.036838 -0.001000 0.010946
v -0.033630 0.001000 0.012727
v -0.033630 -0.001000 0.012727
v -0.030513 0.001000 0.014716
v -0.030513 -0.001000 0.014716
v -0.027507 0.001000 0.016906
v -0.027507 -0.001000 0.016906
v -0.024633 0.001000 0.019288
v -0.021906 0.001000 0.021849
v -0.024633 -0.001000 0.019288
v -0.021906 -0.001000 0.021849
v -0.019345 -0.001000 0.024576
v -0.016963 -0.001000 0.027450
v -0.019345 0.001000 0.024576
v -0.016963 0.001000 0.027450
v -0.014773 0.001000 0.030456
v -0.014773 -0.001000 0.030456
v -0.012784 0.001000 0.033573
v -0.012784 -0.001000 0.033573
v -0.011003 0.001000 0.036781
v -0.011003 -0.001000 0.036781
v -0.009436 0.001000 0.040061
v -0.008085 0.001000 0.043391
v -0.009436 -0.001000 0.040061
v -0.008085 -0.001000 0.043391
v -0.006949 -0.001000 0.046752
v -0.006876 -0.001000 0.047906
v -0.006949 0.001000 0.046752
v -0.008421 -0.000000 0.049807
v -0.010410 -0.000000 0.049742
v -0.008421 -0.000500 0.049807
v -0.008421 0.000500 0.049807
v -0.006876 0.001000 0.047906
v -0.007330 0.001000 0.048969
v -0.008215 0.001000 0.049714
v -0.009340 0.001000 0.049982
v -0.010410 0.000500 0.049742
v -0.010103 0.001000 0.049863
v -0.010827 0.001000 0.049491
v -0.011394 0.001000 0.048907
v -0.011731 0.001000 0.048212
v -0.011731 -0.001000 0.048212
v -0.010410 -0.000500 0.049742
v -0.011394 -0.001000 0.048907
v -0.010827 -0.001000 0.049491
v -0.010103 -0.001000 0.049863
v -0.009340 -0.001000 0.049982
v -0.008215 -0.001000 0.049714
v -0.007330 -0.001000 0.048969
v -0.048269 0.001000 0.011674
v -0.045814 0.000500 0.012487
v -0.042136 0.001000 0.013954
v -0.048269 0.000000 0.011674
v -0.048269 -0.001000 0.011674
v -0.045814 0.000000 0.012487
v -0.045814 -0.000500 0.012487
v -0.042136 -0.001000 0.013954
v -0.043375 -0.000500 0.013425
v -0.043375 0.000000 0.013425
v -0.036188 -0.001000 0.017022
v -0.030576 -0.001000 0.020854
v -0.036188 0.001000 0.017022
v -0.030576 0.001000 0.020854
v -0.043375 0.000500 0.013425
v -0.025442 0.001000 0.025385
v -0.020911 0.001000 0.030519
v -0.025442 -0.001000 0.025385
v -0.020911 -0.001000 0.030519
v -0.017079 -0.001000 0.036131
v -0.014011 -0.001000 0.042079
v -0.017079 0.001000 0.036131
v -0.014011 0.001000 0.042079
v -0.011731 0.001000 0.048212
v -0.011731 -0.001000 0.048212
v -0.048269 0.001000 0.011674
v -0.049098 0.001000 0.011237
v -0.048269 0.000000 0.011674
v -0.049098 -0.001000 0.011237
v -0.048269 -0.001000 0.011674
v -0.049746 -0.001000 0.010457
v -0.050031 -0.001000 0.009484
v -0.049746 0.001000 0.010457
v -0.050031 0.001000 0.009484
v -0.049930 0.001000 0.008553
v -0.049493 0.001000 0.007724
v -0.049930 -0.001000 0.008553
v -0.049493 -0.001000 0.007724
v -0.048713 -0.001000 0.007076
v -0.047740 -0.001000 0.006791
v -0.048713 0.001000 0.007076
v -0.047740 0.001000 0.006791
v -0.046809 0.001000 0.006892
v -0.046809 0.000000 0.006892
v -0.046809 -0.001000 0.006892
v 0.049960 0.001000 -0.009318
v 0.049960 0.000000 -0.009318
v 0.049693 0.001000 -0.008193
v 0.048948 0.001000 -0.007309
v 0.047884 0.001000 -0.006854
v 0.046730 0.001000 -0.006927
v 0.047884 -0.001000 -0.006854
v 0.046730 -0.001000 -0.006927
v 0.048948 -0.001000 -0.007309
v 0.049693 -0.001000 -0.008193
v 0.049960 -0.001000 -0.009318
v 0.043369 -0.001000 -0.008063
v 0.040039 -0.001000 -0.009414
v 0.043369 0.001000 -0.008063
v 0.040039 0.001000 -0.009414
v 0.036759 0.001000 -0.010981
v 0.036759 -0.001000 -0.010981
v 0.033551 0.001000 -0.012762
v 0.033551 -0.001000 -0.012762
v 0.030434 0.001000 -0.014751
v 0.027429 0.001000 -0.016941
v 0.030434 -0.001000 -0.014751
v 0.027429 -0.001000 -0.016941
v 0.024554 -0.001000 -0.019323
v 0.021828 -0.001000 -0.021885
v 0.024554 0.001000 -0.019323
v 0.021828 0.001000 -0.021885
v 0.019266 0.001000 -0.024611
v 0.019266 -0.001000 -0.024611
v 0.016884 0.001000 -0.027486
v 0.016884 -0.001000 -0.027486
v 0.014694 0.001000 -0.030491
v 0.014694 -0.001000 -0.030491
v 0.012705 0.001000 -0.033608
v 0.012705 -0.001000 -0.033608
v 0.010925 0.001000 -0.036816
v 0.009358 0.001000 -0.040096
v 0.010925 -0.001000 -0.036816
v 0.009358 -0.001000 -0.040096
v 0.008006 -0.001000 -0.043426
v 0.006870 -0.001000 -0.046787
v 0.008006 0.001000 -0.043426
v 0.006870 0.001000 -0.046787
v 0.006797 0.001000 -0.047941
v 0.006797 -0.001000 -0.047941
v 0.007252 0.001000 -0.049004
v 0.007252 -0.001000 -0.049004
v 0.008136 0.001000 -0.049750
v 0.008136 -0.001000 -0.049750
v 0.009261 0.001000 -0.050017
v 0.009261 -0.001000 -0.050017
v 0.010025 0.001000 -0.049898
v 0.010749 0.001000 -0.049527
v 0.010025 -0.001000 -0.049898
v 0.010749 -0.001000 -0.049527
v 0.011315 -0.001000 -0.048942
v 0.011652 -0.001000 -0.048247
v 0.011315 0.001000 -0.048942
v 0.011652 0.001000 -0.048247
v 0.011652 -0.001000 -0.048247
v 0.011652 0.001000 -0.048247
v 0.013932 -0.001000 -0.042114
v 0.017001 -0.001000 -0.036166
v 0.013932 0.001000 -0.042114
v 0.017001 0.001000 -0.036166
v 0.020832 0.001000 -0.030554
v 0.025363 0.001000 -0.025420
v 0.020832 -0.001000 -0.030554
v 0.025363 -0.001000 -0.025420
v 0.030497 -0.001000 -0.020889
v 0.036110 -0.001000 -0.017058
v 0.030497 0.001000 -0.020889
v 0.036110 0.001000 -0.017058
v 0.043297 0.000500 -0.013460
v 0.042057 0.001000 -0.013989
v 0.043297 0.000000 -0.013460
v 0.045736 0.000000 -0.012522
v 0.043297 -0.000500 -0.013460
v 0.042057 -0.001000 -0.013989
v 0.045736 -0.000500 -0.012522
v 0.048190 -0.001000 -0.011709
v 0.048190 0.000000 -0.011709
v 0.048190 0.001000 -0.011709
v 0.045736 0.000500 -0.012522
v 0.048190 -0.001000 -0.011709
v 0.048190 0.000000 -0.011709
v 0.048886 -0.001000 -0.011372
v 0.049470 -0.001000 -0.010806
v 0.048886 0.001000 -0.011372
v 0.048190 0.001000 -0.011709
v 0.049470 0.001000 -0.010806
v 0.049841 0.001000 -0.010082
v 0.049960 0.000000 -0.009318
v 0.049841 -0.001000 -0.010082
v 0.049960 0.001000 -0.009318
v 0.049960 -0.001000 -0.009318
v 0.048190 0.001000 0.011674
v 0.042057 0.001000 0.013954
v 0.048190 -0.001000 0.011674
v 0.042057 -0.001000 0.013954
v 0.036110 -0.001000 0.017022
v 0.030497 -0.001000 0.020854
v 0.036110 0.001000 0.017022
v 0.030497 0.001000 0.020854
v 0.025363 0.001000 0.025385
v 0.025363 -0.001000 0.025385
v 0.020832 0.001000 0.030519
v 0.017001 0.001000 0.036131
v 0.020832 -0.001000 0.030519
v 0.017001 -0.001000 0.036131
v 0.013932 -0.001000 0.042079
v 0.011652 -0.001000 0.048212
v 0.013932 0.001000 0.042079
v 0.011652 0.001000 0.048212
v 0.011652 0.001000 0.048212
v 0.011315 0.001000 0.048907
v 0.011652 -0.001000 0.048212
v 0.011315 -0.001000 0.048907
v 0.010749 -0.001000 0.049491
v 0.010025 -0.001000 0.049863
v 0.010749 0.001000 0.049491
v 0.010025 0.001000 0.049863
v 0.009261 0.001000 0.049982
v 0.008136 0.001000 0.049714
v 0.009261 -0.001000 0.049982
v 0.008136 -0.001000 0.049714
v 0.007252 -0.001000 0.048969
v 0.006797 -0.001000 0.047906
v 0.007252 0.001000 0.048969
v 0.006797 0.001000 0.047906
v 0.006870 0.001000 0.046752
v 0.008006 0.001000 0.043391
v 0.006870 -0.001000 0.046752
v 0.008006 -0.001000 0.043391
v 0.009358 -0.001000 0.040061
v 0.010925 -0.001000 0.036781
v 0.009358 0.001000 0.040061
v 0.010925 0.001000 0.036781
v 0.012705 0.001000 0.033573
v 0.014694 0.001000 0.030456
v 0.012705 -0.001000 0.033573
v 0.014694 -0.001000 0.030456
v 0.016884 -0.001000 0.027450
v 0.019266 -0.001000 0.024576
v 0.016884 0.001000 0.027450
v 0.019266 0.001000 0.024576
v 0.021828 0.001000 0.021849
v 0.024554 0.001000 0.019288
v 0.021828 -0.001000 0.021849
v 0.024554 -0.001000 0.019288
v 0.027429 -0.001000 0.016906
v 0.030434 -0.001000 0.014716
v 0.027429 0.001000 0.016906
v 0.030434 0.001000 0.014716
v 0.033551 0.001000 0.012727
v 0.036759 0.001000 0.010946
v 0.033551 -0.001000 0.012727
v 0.036759 -0.001000 0.010946
v 0.040039 -0.001000 0.009379
v 0.043369 -0.001000 0.008028
v 0.040039 0.001000 0.009379
v 0.043369 0.001000 0.008028
v 0.046730 0.001000 0.006892
v 0.047884 0.001000 0.006819
v 0.046730 -0.001000 0.006892
v 0.047884 -0.001000 0.006819
v 0.048948 -0.001000 0.007274
v 0.049693 -0.001000 0.008158
v 0.048948 0.001000 0.007274
v 0.049693 0.001000 0.008158
v 0.049960 0.001000 0.009283
v 0.049841 0.001000 0.010046
v 0.049960 -0.001000 0.009283
v 0.049841 -0.001000 0.010046
v 0.049470 -0.001000 0.010770
v 0.048886 -0.001000 0.011337
v 0.049470 0.001000 0.010770
v 0.048886 0.001000 0.011337
v 0.048190 0.001000 0.011674
v 0.048190 -0.001000 0.011674
v -0.014333 -0.001000 -0.064311
v -0.014623 0.000000 -0.058932
v -0.014623 -0.001000 -0.058932
v -0.014333 0.001000 -0.064311
v -0.014623 0.001000 -0.058932
v -0.015536 0.001000 -0.053408
v -0.015536 0.000000 -0.053408
v -0.019262 0.001000 -0.042663
v -0.019262 -0.001000 -0.042663
v -0.025424 0.001000 -0.032908
v -0.025424 -0.001000 -0.032908
v -0.033744 0.001000 -0.024759
v -0.033744 -0.001000 -0.024759
v -0.043569 0.001000 -0.018826
v -0.043569 -0.001000 -0.018826
v -0.054039 0.000000 -0.015382
v -0.054039 0.001000 -0.015382
v -0.059253 0.001000 -0.014570
v -0.064332 0.001000 -0.014311
v -0.059253 0.000000 -0.014570
v -0.059253 -0.001000 -0.014570
v -0.064332 -0.001000 -0.014311
v -0.054039 -0.001000 -0.015382
v -0.015536 -0.001000 -0.053408
v -0.064332 -0.001000 -0.014311
v -0.064332 0.001000 -0.014311
v -0.066657 -0.001000 -0.014311
v -0.066657 0.001000 -0.014311
v -0.068657 -0.001000 -0.012311
v -0.068657 0.001000 -0.012311
v -0.068657 -0.001000 0.012276
v -0.068657 0.001000 0.012276
v -0.068657 -0.001000 0.012276
v -0.068657 0.001000 0.012276
v -0.068499 0.000000 0.013053
v -0.068499 -0.001000 0.013053
v -0.068499 0.001000 0.013053
v -0.066657 -0.001000 0.014276
v -0.066657 0.001000 0.014276
v -0.064332 -0.001000 0.014276
v -0.064332 0.001000 0.014276
v -0.064332 -0.001000 0.014276
v -0.058954 0.000000 0.014566
v -0.058954 -0.001000 0.014566
v -0.064332 0.001000 0.014276
v -0.058954 0.001000 0.014566
v -0.053430 0.001000 0.015479
v -0.053430 0.000000 0.015479
v -0.042685 0.001000 0.019205
v -0.042685 -0.001000 0.019205
v -0.032930 0.001000 0.025367
v -0.032930 -0.001000 0.025367
v -0.024781 0.001000 0.033687
v -0.024781 -0.001000 0.033687
v -0.018848 0.001000 0.043512
v -0.018848 -0.001000 0.043512
v -0.015404 -0.000000 0.053983
v -0.015404 0.001000 0.053983
v -0.014591 0.001000 0.059196
v -0.014591 -0.000000 0.059196
v -0.014333 0.001000 0.064275
v -0.014333 -0.001000 0.064275
v -0.014591 -0.001000 0.059196
v -0.015404 -0.001000 0.053983
v -0.053430 -0.001000 0.015479
v -0.014333 -0.001000 0.064275
v -0.014333 0.001000 0.064275
v -0.014333 -0.001000 0.066600
v -0.014333 0.001000 0.066600
v -0.014333 -0.001000 0.066600
v -0.014333 0.001000 0.066600
v -0.014281 -0.001000 0.067051
v -0.014281 -0.000000 0.067051
v -0.014281 0.001000 0.067051
v -0.012333 -0.001000 0.068600
v -0.012333 0.001000 0.068600
v 0.012254 -0.001000 0.068600
v 0.012254 0.001000 0.068600
v 0.012254 -0.001000 0.068600
v 0.012254 0.001000 0.068600
v 0.013178 -0.000000 0.068374
v 0.013178 -0.001000 0.068374
v 0.013178 0.001000 0.068374
v 0.014254 -0.001000 0.066600
v 0.014254 0.001000 0.066600
v 0.014254 -0.001000 0.064275
v 0.014254 0.001000 0.064275
v 0.014254 -0.001000 0.064275
v 0.014544 -0.000000 0.058897
v 0.014544 -0.001000 0.058897
v 0.014254 0.001000 0.064275
v 0.014544 0.001000 0.058897
v 0.015457 0.001000 0.053373
v 0.015457 -0.000000 0.053373
v 0.019183 0.001000 0.042628
v 0.019183 -0.001000 0.042628
v 0.025346 0.001000 0.032873
v 0.025346 -0.001000 0.032873
v 0.033666 0.001000 0.024724
v 0.033666 -0.001000 0.024724
v 0.043490 0.001000 0.018791
v 0.043490 -0.001000 0.018791
v 0.053961 0.000000 0.015347
v 0.053961 0.001000 0.015347
v 0.059174 0.001000 0.014535
v 0.064254 0.001000 0.014276
v 0.059174 0.000000 0.014535
v 0.059174 -0.001000 0.014535
v 0.064254 -0.001000 0.014276
v 0.053961 -0.001000 0.015347
v 0.015457 -0.001000 0.053373
v 0.064254 -0.001000 0.014276
v 0.064254 0.001000 0.014276
v 0.066578 -0.001000 0.014276
v 0.066578 0.001000 0.014276
v 0.066578 -0.001000 0.014276
v 0.066578 0.001000 0.014276
v 0.067197 -0.001000 0.014178
v 0.067197 0.000000 0.014178
v 0.067197 0.001000 0.014178
v 0.068578 -0.001000 0.012276
v 0.068578 0.001000 0.012276
v 0.068578 -0.001000 -0.012363
v 0.068578 0.001000 -0.012363
v 0.068578 -0.001000 -0.012363
v 0.068578 0.001000 -0.012363
v 0.068505 -0.001000 -0.012899
v 0.068505 0.001000 -0.012899
v 0.068289 0.000000 -0.013399
v 0.068289 -0.001000 -0.013399
v 0.068289 0.001000 -0.013399
v 0.066489 -0.001000 -0.014361
v 0.063645 -0.000500 -0.014315
v 0.063645 -0.001000 -0.014315
v 0.066489 0.000000 -0.014361
v 0.063645 0.000500 -0.014315
v 0.063645 0.000000 -0.014315
v 0.066489 0.001000 -0.014361
v 0.063645 0.001000 -0.014315
v 0.060776 0.001000 -0.014432
v 0.060776 0.000500 -0.014432
v 0.055013 0.001000 -0.015172
v 0.055013 0.000000 -0.015172
v 0.043922 0.001000 -0.018632
v 0.043922 -0.001000 -0.018632
v 0.033997 0.001000 -0.024505
v 0.033997 -0.001000 -0.024505
v 0.025786 0.001000 -0.032370
v 0.025786 -0.001000 -0.032370
v 0.019470 0.001000 -0.042076
v 0.019470 -0.001000 -0.042076
v 0.015549 0.000000 -0.053005
v 0.015549 0.001000 -0.053005
v 0.014574 0.001000 -0.058668
v 0.014574 0.000000 -0.058668
v 0.014254 0.001000 -0.064311
v 0.014254 -0.001000 -0.064311
v 0.014574 -0.001000 -0.058668
v 0.015549 -0.001000 -0.053005
v 0.055013 -0.001000 -0.015172
v 0.060776 -0.000500 -0.014432
v 0.060776 -0.001000 -0.014432
v 0.060776 0.000000 -0.014432
v 0.014254 -0.001000 -0.064311
v 0.014254 0.001000 -0.064311
v 0.014254 -0.001000 -0.066635
v 0.014254 0.001000 -0.066635
v 0.014254 -0.001000 -0.066635
v 0.014254 0.001000 -0.066635
v 0.014094 -0.001000 -0.067419
v 0.014094 0.000000 -0.067419
v 0.014094 0.001000 -0.067419
v 0.012254 -0.001000 -0.068635
v 0.012254 0.001000 -0.068635
v -0.012333 -0.001000 -0.068635
v -0.012333 0.001000 -0.068635
v -0.014333 -0.001000 -0.066635
v -0.014333 0.001000 -0.066635
v -0.014333 -0.001000 -0.064311
v -0.014333 0.001000 -0.064311
v -0.014234 -0.001000 -0.067254
v -0.014333 -0.001000 -0.066635
v -0.014234 0.000000 -0.067254
v -0.014333 0.001000 -0.066635
v -0.014234 0.001000 -0.067254
v -0.011317 -0.001000 -0.064337
v -0.011317 0.001000 -0.064337
v -0.014234 -0.001000 -0.067254
v -0.014234 0.000000 -0.067254
v -0.014234 0.001000 -0.067254
v -0.013264 0.001000 -0.068405
v -0.010256 0.001000 -0.065397
v -0.013264 0.000000 -0.068405
v -0.013264 -0.001000 -0.068405
v -0.010256 -0.001000 -0.065397
v -0.010256 0.001000 -0.065397
v -0.010256 -0.001000 -0.065397
v -0.011317 0.001000 -0.064337
v -0.011317 -0.001000 -0.064337
v 0.011011 0.001000 -0.064337
v 0.014094 0.000000 -0.067419
v 0.014094 0.001000 -0.067419
v 0.011011 -0.001000 -0.064337
v 0.014094 -0.001000 -0.067419
v 0.013031 0.001000 -0.068478
v 0.012254 0.001000 -0.068635
v 0.013031 0.000000 -0.068478
v 0.012254 -0.001000 -0.068635
v 0.013031 -0.001000 -0.068478
v 0.011011 0.001000 -0.064337
v 0.011011 -0.001000 -0.064337
v 0.009951 0.001000 -0.065397
v 0.009951 -0.001000 -0.065397
v -0.065425 0.001000 -0.010229
v -0.065425 -0.001000 -0.010229
v -0.068431 0.000000 -0.013235
v -0.068431 0.001000 -0.013235
v -0.068431 -0.001000 -0.013235
v -0.064364 0.001000 -0.011289
v -0.067285 0.000000 -0.014210
v -0.067285 0.001000 -0.014210
v -0.064364 -0.001000 -0.011289
v -0.067285 -0.001000 -0.014210
v -0.068431 -0.001000 -0.013235
v -0.068657 -0.001000 -0.012311
v -0.068431 0.000000 -0.013235
v -0.068431 0.001000 -0.013235
v -0.068657 0.001000 -0.012311
v -0.064364 0.001000 -0.011289
v -0.064364 -0.001000 -0.011289
v -0.065425 0.001000 -0.010229
v -0.065425 -0.001000 -0.010229
v -0.067441 -0.001000 0.014116
v -0.066657 -0.001000 0.014276
v -0.067441 0.000000 0.014116
v -0.066657 0.001000 0.014276
v -0.067441 0.001000 0.014116
v -0.064364 -0.001000 0.011039
v -0.064364 0.001000 0.011039
v -0.067441 -0.001000 0.014116
v -0.067441 0.000000 0.014116
v -0.067441 0.001000 0.014116
v -0.065425 -0.001000 0.009978
v -0.065425 0.001000 0.009978
v -0.064364 -0.001000 0.011039
v -0.064364 0.001000 0.011039
v 0.067071 -0.001000 -0.014301
v 0.067071 0.000000 -0.014301
v 0.066489 -0.001000 -0.014361
v 0.066489 0.000000 -0.014361
v 0.066489 0.001000 -0.014361
v 0.067071 0.001000 -0.014301
v 0.064059 -0.001000 -0.011289
v 0.064059 0.001000 -0.011289
v 0.067071 -0.001000 -0.014301
v 0.067071 0.000000 -0.014301
v 0.067071 0.001000 -0.014301
v 0.065119 0.001000 -0.010229
v 0.068289 0.000000 -0.013399
v 0.068289 0.001000 -0.013399
v 0.065119 -0.001000 -0.010229
v 0.068289 -0.001000 -0.013399
v 0.065119 0.001000 -0.010229
v 0.065119 -0.001000 -0.010229
v 0.064059 0.001000 -0.011289
v 0.064059 -0.001000 -0.011289
v 0.065119 0.001000 0.009978
v 0.065119 -0.001000 0.009978
v 0.068348 0.000000 0.013207
v 0.068348 0.001000 0.013207
v 0.068348 -0.001000 0.013207
v 0.064059 0.001000 0.011039
v 0.067197 0.000000 0.014178
v 0.067197 0.001000 0.014178
v 0.064059 -0.001000 0.011039
v 0.067197 -0.001000 0.014178
v 0.068348 0.001000 0.013207
v 0.068578 0.001000 0.012276
v 0.068348 0.000000 0.013207
v 0.068348 -0.001000 0.013207
v 0.068578 -0.001000 0.012276
v 0.014153 0.001000 0.067228
v 0.014254 0.001000 0.066600
v 0.014153 -0.000000 0.067228
v 0.014254 -0.001000 0.066600
v 0.014153 -0.001000 0.067228
v 0.011011 -0.001000 0.064086
v 0.011011 0.001000 0.064086
v 0.014153 -0.001000 0.067228
v 0.014153 -0.000000 0.067228
v 0.014153 0.001000 0.067228
v 0.013178 0.001000 0.068374
v 0.009951 0.001000 0.065147
v 0.013178 -0.000000 0.068374
v 0.013178 -0.001000 0.068374
v 0.009951 -0.001000 0.065147
v -0.010256 -0.001000 0.065147
v -0.010256 0.001000 0.065147
v -0.013400 -0.000000 0.068291
v -0.013400 -0.001000 0.068291
v -0.013400 0.001000 0.068291
v -0.011317 0.001000 0.064086
v -0.014281 -0.000000 0.067051
v -0.014281 0.001000 0.067051
v -0.011317 -0.001000 0.064086
v -0.014281 -0.001000 0.067051
v -0.013400 -0.001000 0.068291
v -0.012881 -0.001000 0.068523
v -0.013400 -0.000000 0.068291
v -0.013400 0.001000 0.068291
v -0.012881 0.001000 0.068523
v -0.012333 0.001000 0.068600
v -0.012333 -0.001000 0.068600
v -0.011317 0.001000 0.064086
v -0.011317 -0.001000 0.064086
v -0.010256 0.001000 0.065147
v -0.010256 -0.001000 0.065147
v -0.010256 -0.001000 0.065147
v -0.013400 -0.001000 0.068291
v -0.012333 -0.001000 0.068600
v -0.006826 -0.001000 0.059133
v -0.011317 -0.001000 0.064086
v -0.000040 -0.001000 0.061440
v -0.004821 -0.001000 0.061717
v -0.001958 -0.001000 0.061094
v -0.003546 -0.001000 0.060177
v 0.001878 -0.001000 0.061095
v 0.004741 -0.001000 0.061719
v 0.012254 -0.001000 0.068600
v 0.009951 -0.001000 0.065147
v 0.013178 -0.001000 0.068374
v 0.006747 -0.001000 0.059134
v 0.011011 -0.001000 0.064086
v 0.014254 -0.001000 0.066600
v 0.014153 -0.001000 0.067228
v 0.014254 -0.001000 0.064275
v 0.007461 -0.001000 0.055941
v 0.010749 -0.001000 0.049491
v 0.010025 -0.001000 0.049863
v 0.006747 -0.001000 0.052748
v 0.008136 -0.001000 0.049714
v 0.004743 -0.001000 0.050162
v 0.009261 -0.001000 0.049982
v 0.007252 -0.001000 0.048969
v 0.006797 -0.001000 0.047906
v 0.006870 -0.001000 0.046752
v 0.001824 -0.001000 0.050765
v 0.003467 -0.001000 0.051703
v 0.000758 -0.001000 0.042266
v -0.000039 -0.001000 0.050440
v 0.003097 -0.001000 0.041451
v -0.001711 -0.001000 0.042085
v -0.004823 -0.001000 0.050163
v -0.001904 -0.001000 0.050765
v -0.003755 -0.001000 0.041057
v -0.006949 -0.001000 0.046752
v -0.021906 -0.001000 0.021849
v -0.006092 -0.001000 0.037011
v -0.005277 -0.001000 0.039349
v -0.006876 -0.001000 0.047906
v -0.007330 -0.001000 0.048969
v -0.008215 -0.001000 0.049714
v -0.009340 -0.001000 0.049982
v -0.006827 -0.001000 0.052749
v -0.010103 -0.001000 0.049863
v -0.007539 -0.001000 0.055941
v -0.010827 -0.001000 0.049491
v -0.014333 -0.001000 0.064275
v -0.017843 -0.001000 0.045871
v -0.014333 -0.001000 0.066600
v -0.011394 -0.001000 0.048907
v -0.011731 -0.001000 0.048212
v -0.025442 -0.001000 0.025385
v -0.048269 -0.001000 0.011674
v -0.045928 -0.001000 0.017786
v -0.028977 -0.001000 0.028920
v -0.064332 -0.001000 0.014276
v -0.049098 -0.001000 0.011237
v -0.049746 -0.001000 0.010457
v -0.055998 -0.001000 0.007482
v -0.050031 -0.001000 0.009484
v -0.052805 -0.001000 0.006769
v -0.049930 -0.001000 0.008553
v -0.049493 -0.001000 0.007724
v -0.048713 -0.001000 0.007076
v -0.050219 -0.001000 0.004764
v -0.050822 -0.001000 0.001846
v -0.051760 -0.001000 0.003489
v -0.042323 -0.001000 0.000780
v -0.047740 -0.001000 0.006791
v -0.046809 -0.001000 0.006892
v -0.037942 -0.001000 0.005854
v -0.039986 -0.001000 0.004826
v -0.041508 -0.001000 0.003119
v -0.035473 -0.001000 0.006035
v -0.033134 -0.001000 0.005220
v -0.020027 -0.001000 0.015759
v -0.024649 -0.001000 0.006522
v -0.012817 -0.001000 0.022009
v -0.003812 -0.001000 0.025165
v -0.005911 -0.001000 0.034541
v -0.004883 -0.001000 0.032497
v -0.003175 -0.001000 0.030975
v -0.000837 -0.001000 0.030161
v 0.001633 -0.001000 0.030342
v 0.006500 -0.001000 0.024592
v 0.003677 -0.001000 0.031369
v 0.005199 -0.001000 0.033077
v 0.006013 -0.001000 0.035415
v 0.015737 -0.001000 0.019970
v 0.021987 -0.001000 0.012760
v 0.021828 -0.001000 0.021849
v 0.005832 -0.001000 0.037885
v 0.034520 -0.001000 0.005854
v 0.046730 -0.001000 0.006892
v 0.036989 -0.001000 0.006035
v 0.039328 -0.001000 0.005220
v 0.041036 -0.001000 0.003698
v 0.042063 -0.001000 0.001654
v 0.050142 -0.001000 0.004766
v 0.050744 -0.001000 0.001847
v 0.050418 -0.001000 -0.000018
v 0.042244 -0.001000 -0.000815
v 0.046730 -0.001000 -0.006927
v 0.041430 -0.001000 -0.003154
v 0.050743 -0.001000 -0.001881
v 0.050140 -0.001000 -0.004800
v 0.047884 -0.001000 -0.006854
v 0.051681 -0.001000 -0.003524
v 0.052726 -0.001000 -0.006804
v 0.049693 -0.001000 -0.008193
v 0.048948 -0.001000 -0.007309
v 0.049960 -0.001000 -0.009318
v 0.049841 -0.001000 -0.010082
v 0.049470 -0.001000 -0.010806
v 0.055919 -0.001000 -0.007518
v 0.059112 -0.001000 -0.006803
v 0.064059 -0.001000 -0.011289
v 0.065119 -0.001000 -0.010229
v 0.046679 -0.001000 -0.017501
v 0.066489 -0.001000 -0.014361
v 0.067071 -0.001000 -0.014301
v 0.048886 -0.001000 -0.011372
v 0.029698 -0.001000 -0.028174
v 0.025363 -0.001000 -0.025420
v 0.048190 -0.001000 -0.011709
v 0.018277 -0.001000 -0.044661
v 0.011652 -0.001000 -0.048247
v 0.011315 -0.001000 -0.048942
v 0.010749 -0.001000 -0.049527
v 0.014254 -0.001000 -0.064311
v 0.007461 -0.001000 -0.055976
v 0.011011 -0.001000 -0.064337
v 0.014254 -0.001000 -0.066635
v 0.014094 -0.001000 -0.067419
v 0.004743 -0.001000 -0.061752
v 0.006747 -0.001000 -0.059168
v 0.009951 -0.001000 -0.065397
v -0.000038 -0.001000 -0.061475
v 0.012254 -0.001000 -0.068635
v 0.013031 -0.001000 -0.068478
v -0.012333 -0.001000 -0.068635
v -0.013264 -0.001000 -0.068405
v -0.010256 -0.001000 -0.065397
v -0.004820 -0.001000 -0.061754
v -0.011317 -0.001000 -0.064337
v -0.014333 -0.001000 -0.066635
v -0.014333 -0.001000 -0.064311
v -0.007539 -0.001000 -0.055976
v -0.014234 -0.001000 -0.067254
v -0.006825 -0.001000 -0.059169
v -0.010514 -0.001000 -0.049724
v -0.006826 -0.001000 -0.052783
v -0.009541 -0.001000 -0.050009
v -0.008610 -0.001000 -0.049908
v -0.007781 -0.001000 -0.049472
v -0.004821 -0.001000 -0.050197
v -0.007133 -0.001000 -0.048692
v -0.006848 -0.001000 -0.047718
v -0.006949 -0.001000 -0.046787
v -0.021906 -0.001000 -0.021885
v -0.005911 -0.001000 -0.037920
v -0.004883 -0.001000 -0.039964
v -0.003175 -0.001000 -0.041486
v -0.000837 -0.001000 -0.042301
v -0.001903 -0.001000 -0.050800
v 0.001633 -0.001000 -0.042120
v -0.000039 -0.001000 -0.050475
v 0.001825 -0.001000 -0.050801
v 0.004744 -0.001000 -0.050199
v 0.003469 -0.001000 -0.051739
v 0.006870 -0.001000 -0.046787
v 0.006748 -0.001000 -0.052784
v 0.006797 -0.001000 -0.047941
v 0.007252 -0.001000 -0.049004
v 0.008136 -0.001000 -0.049750
v 0.009261 -0.001000 -0.050017
v 0.010025 -0.001000 -0.049898
v 0.021828 -0.001000 -0.021885
v 0.003677 -0.001000 -0.041093
v 0.005199 -0.001000 -0.039385
v 0.006013 -0.001000 -0.037046
v 0.005832 -0.001000 -0.034577
v 0.004805 -0.001000 -0.032533
v 0.012738 -0.001000 -0.022044
v 0.003733 -0.001000 -0.025201
v 0.019949 -0.001000 -0.015794
v 0.033055 -0.001000 -0.005256
v 0.035394 -0.001000 -0.006070
v 0.024570 -0.001000 -0.006557
v 0.030320 -0.001000 -0.001690
v 0.031348 -0.001000 -0.003733
v 0.025144 -0.001000 0.003755
v 0.032476 -0.001000 0.004826
v 0.030139 -0.001000 0.000780
v 0.030953 -0.001000 0.003119
v 0.037863 -0.001000 -0.005889
v 0.039907 -0.001000 -0.004862
v -0.006579 -0.001000 -0.024627
v -0.001711 -0.001000 -0.030377
v 0.003097 -0.001000 -0.031010
v 0.000758 -0.001000 -0.030196
v -0.003755 -0.001000 -0.031404
v -0.005277 -0.001000 -0.033112
v -0.006092 -0.001000 -0.035451
v -0.015816 -0.001000 -0.020006
v -0.022065 -0.001000 -0.012795
v -0.025222 -0.001000 -0.003790
v -0.034598 -0.001000 -0.005889
v -0.032554 -0.001000 -0.004862
v -0.031032 -0.001000 -0.003154
v -0.030217 -0.001000 -0.000815
v -0.030398 -0.001000 0.001654
v -0.031426 -0.001000 0.003698
v -0.037068 -0.001000 -0.006070
v -0.039406 -0.001000 -0.005256
v -0.046809 -0.001000 -0.006927
v -0.050220 -0.001000 -0.004801
v -0.047963 -0.001000 -0.006854
v -0.042142 -0.001000 -0.001690
v -0.041114 -0.001000 -0.003733
v -0.050822 -0.001000 -0.001882
v -0.050497 -0.001000 -0.000018
v -0.051761 -0.001000 -0.003526
v -0.049026 -0.001000 -0.007309
v -0.049771 -0.001000 -0.008193
v -0.052806 -0.001000 -0.006805
v -0.050039 -0.001000 -0.009318
v -0.049919 -0.001000 -0.010082
v -0.055998 -0.001000 -0.007518
v -0.049548 -0.001000 -0.010806
v -0.048964 -0.001000 -0.011372
v -0.064332 -0.001000 -0.014311
v -0.045928 -0.001000 -0.017822
v -0.064364 -0.001000 -0.011289
v -0.066657 -0.001000 -0.014311
v -0.067285 -0.001000 -0.014210
v -0.061774 -0.001000 -0.004800
v -0.059190 -0.001000 -0.006804
v -0.065425 -0.001000 -0.010229
v -0.061497 -0.001000 -0.000019
v -0.068431 -0.001000 -0.013235
v -0.068657 -0.001000 -0.012311
v -0.068657 -0.001000 0.012276
v -0.065425 -0.001000 0.009978
v -0.068499 -0.001000 0.013053
v -0.061775 -0.001000 0.004763
v -0.064364 -0.001000 0.011039
v -0.067441 -0.001000 0.014116
v -0.066657 -0.001000 0.014276
v -0.059190 -0.001000 0.006768
v -0.060235 -0.001000 0.003488
v -0.061152 -0.001000 0.001900
v -0.061151 -0.001000 -0.001937
v -0.060234 -0.001000 -0.003524
v -0.028977 -0.001000 -0.028956
v -0.048269 -0.001000 -0.011709
v -0.025442 -0.001000 -0.025420
v -0.011731 -0.001000 -0.048247
v -0.017843 -0.001000 -0.045906
v -0.011294 -0.001000 -0.049076
v -0.003546 -0.001000 -0.051738
v -0.003545 -0.001000 -0.060213
v -0.001956 -0.001000 -0.061130
v 0.001880 -0.001000 -0.061129
v 0.003468 -0.001000 -0.060212
v 0.068578 -0.001000 -0.012363
v 0.068289 -0.001000 -0.013399
v 0.061697 -0.001000 -0.004798
v 0.061418 -0.001000 -0.000017
v 0.065119 -0.001000 0.009978
v 0.061073 -0.001000 -0.001935
v 0.061696 -0.001000 0.004765
v 0.061072 -0.001000 0.001902
v 0.068578 -0.001000 0.012276
v 0.068348 -0.001000 0.013207
v 0.060155 -0.001000 0.003489
v 0.059111 -0.001000 0.006769
v 0.055919 -0.001000 0.007482
v 0.064059 -0.001000 0.011039
v 0.064254 -0.001000 0.014276
v 0.066578 -0.001000 0.014276
v 0.067197 -0.001000 0.014178
v 0.045849 -0.001000 0.017786
v 0.049470 -0.001000 0.010770
v 0.048886 -0.001000 0.011337
v 0.048190 -0.001000 0.011674
v 0.025363 -0.001000 0.025385
v 0.017765 -0.001000 0.045871
v 0.028899 -0.001000 0.028920
v 0.011652 -0.001000 0.048212
v 0.011315 -0.001000 0.048907
v 0.049841 -0.001000 0.010046
v 0.049960 -0.001000 0.009283
v 0.052727 -0.001000 0.006770
v 0.049693 -0.001000 0.008158
v 0.048948 -0.001000 0.007274
v 0.047884 -0.001000 0.006819
v 0.060156 -0.001000 -0.003523
v 0.068506 -0.001000 -0.012896
v 0.051682 -0.001000 0.003491
v 0.004805 -0.001000 0.039929
v -0.014281 -0.001000 0.067051
v -0.003548 -0.001000 0.051704
v 0.003466 -0.001000 0.060178
v -0.012869 -0.001000 0.068527
vn 0.000000 1.000000 0.000000
vn 0.000000 1.000000 0.000000
vn 0.000000 1.000000 0.000000
vn 0.000000 1.000000 0.000000
vn 0.000000 1.000000 0.000000
vn 0.000000 1.000000 0.000000
vn 0.000000 1.000000 0.000000
vn 0.000000 1.000000 0.000000
vn 0.000000 1.000000 0.000000
vn 0.000000 1.000000 0.000000
vn 0.000000 1.000000 0.000000
vn 0.000000 1.000000 0.000000
vn 0.000000 1.000000 0.000000
vn 0.000000 1.000000 0.000000
vn 0.000000 1.000000 0.000000
vn 0.000000 1.000000 0.000000
vn 0.000000 1.000000 0.000000
vn 0.000000 1.000000 0.000000
vn 0.000000 1.000000 0.000000
vn 0.000000 1.000000 0.000000
vn 0.000000 1.000000 0.000000
vn 0.000000 1.000000 0.000000
vn 0.000000 1.000000 0.000000
vn 0.000000 1.000000 0.000000
vn 0.000000 1.000000 0.000000
vn 0.000000 1.000000 0.000000
vn 0.000000 1.000000 0.000000
vn 0.000000 1.000000 0.000000
vn 0.000000 1.000000 0.000000
vn 0.000000 1.000000 0.000000
vn 0.000000 1.000000 0.000000
vn 0.000000 1.000000 0.000000
vn 0.000000 1.000000 0.000000
vn 0.000000 1.000000 0.000000
vn 0.000000 1.000000 0.000000
vn 0.000000 1.000000 0.000000
vn 0.000000 1.000000 0.000000
vn 0.000000 1.000000 0.000000
vn 0.000000 1.000000 0.000000
vn 0.000000 1.000000 0.000000
vn 0.000000 1.000000 0.000000
vn 0.000000 1.000000 0.000000
vn 0.000000 1.000000 0.000000
vn 0.000000 1.000000 0.000000
vn 0.000000 1.000000 0.000000
vn 0.000000 1.000000 0.000000
vn 0.000000 1.000000 0.000000
vn 0.000000 1.000000 0.000000
vn 0.000000 1.000000 0.000000
vn 0.000000 1.000000 0.000000
vn 0.000000 1.000000 0.000000
vn 0.000000 1.000000 0.000000
vn 0.000000 1.000000 0.000000
vn 0.000000 1.000000 0.000000
vn 0.000000 1.000000 0.000000
vn 0.000000 1.000000 0.000000
vn 0.000000 1.000000 0.000000
vn 0.000000 1.000000 0.000000
vn 0.000000 1.000000 0.000000
vn 0.000000 1.000000 0.000000
vn 0.000000 1.000000 0.000000
vn 0.000000 1.000000 0.000000
vn 0.000000 1.000000 0.000000
vn 0.000000 1.000000 0.000000
vn 0.000000 1.000000 0.000000
vn 0.000000 1.000000 0.000000
vn 0.000000 1.000000 0.000000
vn 0.000000 1.000000 0.000000
vn 0.000000 1.000000 0.000000
vn 0.000000 1.000000 0.000000
vn 0.000000 1.000000 0.000000
vn 0.000000 1.000000 0.000000
vn 0.000000 1.000000 0.000000
vn 0.000000 1.000000 0.000000
vn 0.000000 1.000000 0.000000
vn 0.000000 1.000000 0.000000
vn 0.000000 1.000000 0.000000
vn 0.000000 1.000000 0.000000
vn 0.000000 1.000000 0.000000
vn 0.000000 1.000000 0.000000
vn 0.000000 1.000000 0.000000
vn 0.000000 1.000000 0.000000
vn 0.000000 1.000000 0.000000
vn 0.000000 1.000000 0.000000
vn 0.000000 1.000000 0.000000
vn 0.000000 1.000000 0.000000
vn 0.000000 1.000000 0.000000
vn 0.000000 1.000000 0.000000
vn 0.000000 1.000000 0.000000
vn 0.000000 1.000000 0.000000
vn 0.000000 1.000000 0.000000
vn 0.000000 1.000000 0.000000
vn 0.000000 1.000000 0.000000
vn 0.000000 1.000000 0.000000
vn 0.000000 1.000000 0.000000
vn 0.000000 1.000000 0.000000
vn 0.000000 1.000000 0.000000
vn 0.000000 1.000000 0.000000
vn 0.000000 1.000000 0.000000
vn 0.000000 1.000000 0.000000
vn 0.000000 1.000000 0.000000
vn 0.000000 1.000000 0.000000
vn 0.000000 1.000000 0.000000
vn 0.000000 1.000000 0.000000
vn 0.000000 1.000000 0.000000
vn 0.000000 1.000000 0.000000
vn 0.000000 1.000000 0.000000
vn 0.000000 1.000000 0.000000
vn 0.000000 1.000000 0.000000
vn 0.000000 1.000000 0.000000
vn 0.000000 1.000000 0.000000
vn 0.000000 1.000000 0.000000
vn 0.000000 1.000000 0.000000
vn 0.000000 1.000000 0.000000
vn 0.000000 1.000000 0.000000
vn 0.000000 1.000000 0.000000
vn 0.000000 1.000000 0.000000
vn 0.000000 1.000000 0.000000
vn 0.000000 1.000000 0.000000
vn 0.000000 1.000000 0.000000
vn 0.000000 1.000000 0.000000
vn 0.000000 1.000000 0.000000
vn 0.000000 1.000000 0.000000
vn 0.000000 1.000000 0.000000
vn 0.000000 1.000000 0.000000
vn 0.000000 1.000000 0.000000
vn 0.000000 1.000000 0.000000
vn 0.000000 1.000000 0.000000
vn 0.000000 1.000000 0.000000
vn 0.000000 1.000000 0.000000
vn 0.000000 1.000000 0.000000
vn 0.000000 1.000000 0.000000
vn 0.000000 1.000000 0.000000
vn 0.000000 1.000000 0.000000
vn 0.000000 1.000000 0.000000
vn 0.000000 1.000000 0.000000
vn 0.000000 1.000000 0.000000
vn 0.000000 1.000000 0.000000
vn 0.000000 1.000000 0.000000
vn 0.000000 1.000000 0.000000
vn 0.000000 1.000000 0.000000
vn 0.000000 1.000000 0.000000
vn 0.000000 1.000000 0.000000
vn 0.000000 1.000000 0.000000
vn 0.000000 1.000000 0.000000
vn 0.000000 1.000000 0.000000
vn 0.000000 1.000000 0.000000
vn 0.000000 1.000000 0.000000
vn 0.000000 1.000000 0.000000
vn 0.000000 1.000000 0.000000
vn 0.000000 1.000000 0.000000
vn 0.000000 1.000000 0.000000
vn 0.000000 1.000000 0.000000
vn 0.000000 1.000000 0.000000
vn 0.000000 1.000000 0.000000
vn 0.000000 1.000000 0.000000
vn 0.000000 1.000000 0.000000
vn 0.000000 1.000000 0.000000
vn 0.000000 1.000000 0.000000
vn 0.000000 1.000000 0.000000
vn 0.000000 1.000000 0.000000
vn 0.000000 1.000000 0.000000
vn 0.000000 1.000000 0.000000
vn 0.000000 1.000000 0.000000
vn 0.000000 1.000000 0.000000
vn 0.000000 1.000000 0.000000
vn 0.000000 1.000000 0.000000
vn 0.000000 1.000000 0.000000
vn 0.000000 1.000000 0.000000
vn 0.000000 1.000000 0.000000
vn 0.000000 1.000000 0.000000
vn 0.000000 1.000000 0.000000
vn 0.000000 1.000000 0.000000
vn 0.000000 1.000000 0.000000
vn 0.000000 1.000000 0.000000
vn 0.000000 1.000000 0.000000
vn 0.000000 1.000000 0.000000
vn 0.000000 1.000000 0.000000
vn 0.000000 1.000000 0.000000
vn 0.000000 1.000000 0.000000
vn 0.000000 1.000000 0.000000
vn 0.000000 1.000000 0.000000
vn 0.000000 1.000000 0.000000
vn 0.000000 1.000000 0.000000
vn 0.000000 1.000000 0.000000
vn 0.000000 1.000000 0.000000
vn 0.000000 1.000000 0.000000
vn 0.000000 1.000000 0.000000
vn 0.000000 1.000000 0.000000
vn 0.000000 1.000000 0.000000
vn 0.000000 1.000000 0.000000
vn 0.000000 1.000000 0.000000
vn 0.000000 1.000000 0.000000
vn 0.000000 1.000000 0.000000
vn 0.000000 1.000000 0.000000
vn 0.000000 1.000000 0.000000
vn 0.000000 1.000000 0.000000
vn 0.000000 1.000000 0.000000
vn 0.000000 1.000000 0.000000
vn 0.000000 1.000000 0.000000
vn 0.000000 1.000000 0.000000
vn 0.000000 1.000000 0.000000
vn 0.000000 1.000000 0.000000
vn 0.000000 1.000000 0.000000
vn 0.000000 1.000000 0.000000
vn 0.000000 1.000000 0.000000
vn 0.000000 1.000000 0.000000
vn 0.000000 1.000000 0.000000
vn 0.000000 1.000000 0.000000
vn 0.000000 1.000000 0.000000
vn 0.000000 1.000000 0.000000
vn 0.000000 1.000000 0.000000
vn 0.000000 1.000000 0.000000
vn 0.000000 1.000000 0.000000
vn 0.000000 1.000000 0.000000
vn 0.000000 1.000000 0.000000
vn 0.000000 1.000000 0.000000
vn 0.000000 1.000000 0.000000
vn 0.000000 1.000000 0.000000
vn 0.000000 1.000000 0.000000
vn 0.000000 1.000000 0.000000
vn 0.000000 1.000000 0.000000
vn 0.000000 1.000000 0.000000
vn 0.000000 1.000000 0.000000
vn 0.000000 1.000000 0.000000
vn 0.000000 1.000000 0.000000
vn 0.000000 1.000000 0.000000
vn 0.000000 1.000000 0.000000
vn 0.000000 1.000000 0.000000
vn 0.000000 1.000000 0.000000
vn 0.000000 1.000000 0.000000
vn 0.000000 1.000000 0.000000
vn 0.000000 1.000000 0.000000
vn 0.000000 1.000000 0.000000
vn 0.000000 1.000000 0.000000
vn 0.000000 1.000000 0.000000
vn 0.000000 1.000000 0.000000
vn 0.000000 1.000000 0.000000
vn 0.000000 1.000000 0.000000
vn 0.000000 1.000000 0.000000
vn 0.000000 1.000000 0.000000
vn 0.000000 1.000000 0.000000
vn 0.000000 1.000000 0.000000
vn 0.000000 1.000000 0.000000
vn 0.000000 1.000000 0.000000
vn 0.000000 1.000000 0.000000
vn 0.000000 1.000000 0.000000
vn 0.000000 1.000000 0.000000
vn 0.000000 1.000000 0.000000
vn 0.000000 1.000000 0.000000
vn 0.000000 1.000000 0.000000
vn 0.000000 1.000000 0.000000
vn 0.000000 1.000000 0.000000
vn 0.000000 1.000000 0.000000
vn 0.000000 1.000000 0.000000
vn 0.000000 1.000000 0.000000
vn 0.000000 1.000000 0.000000
vn 0.000000 1.000000 0.000000
vn 0.000000 1.000000 0.000000
vn 0.000000 1.000000 0.000000
vn 0.000000 1.000000 0.000000
vn 0.000000 1.000000 0.000000
vn 0.000000 1.000000 0.000000
vn 0.000000 1.000000 0.000000
vn 0.000000 1.000000 0.000000
vn 0.000000 1.000000 0.000000
vn 0.000000 1.000000 0.000000
vn 0.000000 1.000000 0.000000
vn 0.000000 1.000000 0.000000
vn 0.000000 1.000000 0.000000
vn 0.000000 1.000000 0.000000
vn 0.000000 1.000000 0.000000
vn 0.000000 1.000000 0.000000
vn 0.000000 1.000000 0.000000
vn 0.000000 1.000000 0.000000
vn 0.000000 1.000000 0.000000
vn 0.000000 1.000000 0.000000
vn 0.000000 1.000000 0.000000
vn 0.000000 1.000000 0.000000
vn 0.000000 1.000000 0.000000
vn 0.000000 1.000000 0.000000
vn 0.000000 1.000000 0.000000
vn 0.000000 1.000000 0.000000
vn 0.000000 1.000000 0.000000
vn 0.000000 1.000000 0.000000
vn 0.000000 1.000000 0.000000
vn 0.000000 1.000000 0.000000
vn 0.000000 1.000000 0.000000
vn 0.000000 1.000000 0.000000
vn 0.000000 1.000000 0.000000
vn 0.000000 1.000000 0.000000
vn 0.000000 1.000000 0.000000
vn 0.000000 1.000000 0.000000
vn 0.000000 1.000000 0.000000
vn 0.000000 1.000000 0.000000
vn 0.000000 1.000000 0.000000
vn 0.000000 1.000000 0.000000
vn 0.000000 1.000000 0.000000
vn 0.000000 1.000000 0.000000
vn 0.000000 1.000000 0.000000
vn 0.000000 1.000000 0.000000
vn 0.000000 1.000000 0.000000
vn 0.000000 1.000000 0.000000
vn 0.000000 1.000000 0.000000
vn 0.000000 1.000000 0.000000
vn 0.000000 1.000000 0.000000
vn 0.000000 1.000000 0.000000
vn 0.000000 1.000000 0.000000
vn 0.000000 1.000000 0.000000
vn -0.608700 -0.000000 0.793400
vn -0.742901 -0.000000 0.669401
vn -0.608700 -0.000000 0.793400
vn -0.742901 -0.000000 0.669401
vn -0.857978 -0.000000 0.513687
vn -0.943565 -0.000000 0.331188
vn -0.857978 -0.000000 0.513687
vn -0.943565 -0.000000 0.331188
vn -0.991422 -0.000000 0.130703
vn -0.997161 0.000000 -0.075297
vn -0.991422 -0.000000 0.130703
vn -0.997161 0.000000 -0.075297
vn -0.961788 0.000000 -0.273797
vn -0.890940 0.000000 -0.454121
vn -0.961788 0.000000 -0.273797
vn -0.890940 0.000000 -0.454121
vn -0.793400 0.000000 -0.608700
vn -0.669401 0.000000 -0.742901
vn -0.793400 0.000000 -0.608700
vn -0.669401 0.000000 -0.742901
vn -0.513687 0.000000 -0.857978
vn -0.331010 0.000000 -0.943627
vn -0.513687 0.000000 -0.857978
vn -0.331010 0.000000 -0.943627
vn -0.130703 0.000000 -0.991422
vn 0.075198 0.000000 -0.997169
vn -0.130703 0.000000 -0.991422
vn 0.075198 0.000000 -0.997169
vn 0.273796 0.000000 -0.961788
vn 0.454080 0.000000 -0.890961
vn 0.273796 0.000000 -0.961788
vn 0.454080 0.000000 -0.890961
vn 0.608700 0.000000 -0.793400
vn 0.608700 0.000000 -0.793400
vn 0.742901 0.000000 -0.669401
vn 0.857951 0.000000 -0.513731
vn 0.742901 0.000000 -0.669401
vn 0.857951 0.000000 -0.513731
vn 0.943596 0.000000 -0.331099
vn 0.991422 0.000000 -0.130703
vn 0.943596 0.000000 -0.331099
vn 0.991422 0.000000 -0.130703
vn 0.997161 -0.000000 0.075297
vn 0.961788 -0.000000 0.273797
vn 0.997161 -0.000000 0.075297
vn 0.961788 -0.000000 0.273797
vn 0.890940 -0.000000 0.454121
vn 0.890940 -0.000000 0.454121
vn 0.793400 -0.000000 0.608700
vn 0.793400 -0.000000 0.608700
vn 0.669401 -0.000000 0.742901
vn 0.513687 -0.000000 0.857978
vn 0.669401 -0.000000 0.742901
vn 0.513687 -0.000000 0.857978
vn 0.331010 -0.000000 0.943627
vn 0.130703 -0.000000 0.991422
vn 0.331010 -0.000000 0.943627
vn 0.130703 -0.000000 0.991422
vn -0.075198 -0.000000 0.997169
vn -0.075198 -0.000000 0.997169
vn -0.273796 -0.000000 0.961788
vn -0.273796 -0.000000 0.961788
vn -0.454080 -0.000000 0.890961
vn -0.454080 -0.000000 0.890961
vn -0.608589 -0.000000 0.793486
vn -0.608589 -0.000000 0.793486
vn 0.793400 -0.000000 0.608700
vn 0.669401 -0.000000 0.742901
vn 0.793400 -0.000000 0.608700
vn 0.669401 -0.000000 0.742901
vn 0.513687 -0.000000 0.857978
vn 0.513687 -0.000000 0.857978
vn 0.331188 -0.000000 0.943565
vn 0.331188 -0.000000 0.943565
vn 0.130703 -0.000000 0.991422
vn 0.130703 -0.000000 0.991422
vn -0.075297 -0.000000 0.997161
vn -0.075297 -0.000000 0.997161
vn -0.273796 -0.000000 0.961788
vn -0.454120 -0.000000 0.890940
vn -0.273796 -0.000000 0.961788
vn -0.454120 -0.000000 0.890940
vn -0.608589 -0.000000 0.793486
vn -0.742901 -0.000000 0.669401
vn -0.608589 -0.000000 0.793486
vn -0.742901 -0.000000 0.669401
vn -0.858022 -0.000000 0.513613
vn -0.858022 -0.000000 0.513613
vn -0.943596 -0.000000 0.331099
vn -0.943596 -0.000000 0.331099
vn -0.991422 -0.000000 0.130703
vn -0.991422 -0.000000 0.130703
vn -0.997161 0.000000 -0.075297
vn -0.997161 0.000000 -0.075297
vn -0.961788 0.000000 -0.273797
vn -0.890940 0.000000 -0.454121
vn -0.961788 0.000000 -0.273797
vn -0.890940 0.000000 -0.454121
vn -0.793486 0.000000 -0.608589
vn -0.793486 0.000000 -0.608589
vn -0.669401 0.000000 -0.742901
vn -0.513687 0.000000 -0.857978
vn -0.669401 0.000000 -0.742901
vn -0.513687 0.000000 -0.857978
vn -0.331010 0.000000 -0.943627
vn -0.331010 0.000000 -0.943627
vn -0.130703 0.000000 -0.991422
vn -0.130703 0.000000 -0.991422
vn 0.075297 0.000000 -0.997161
vn 0.075297 0.000000 -0.997161
vn 0.273889 0.000000 -0.961761
vn 0.273889 0.000000 -0.961761
vn 0.454120 0.000000 -0.890940
vn 0.454120 0.000000 -0.890940
vn 0.608589 0.000000 -0.793486
vn 0.608589 0.000000 -0.793486
vn 0.742901 0.000000 -0.669401
vn 0.857978 0.000000 -0.513687
vn 0.742901 0.000000 -0.669401
vn 0.857978 0.000000 -0.513687
vn 0.943627 0.000000 -0.331010
vn 0.991422 0.000000 -0.130703
vn 0.943627 0.000000 -0.331010
vn 0.991422 0.000000 -0.130703
vn 0.997169 -0.000000 0.075198
vn 0.997169 -0.000000 0.075198
vn 0.961788 -0.000000 0.273797
vn 0.961788 -0.000000 0.273797
vn 0.890940 -0.000000 0.454121
vn 0.890940 -0.000000 0.454121
vn 0.793486 -0.000000 0.608589
vn 0.793486 -0.000000 0.608589
vn 0.608700 0.000000 -0.793400
vn 0.742901 0.000000 -0.669401
vn 0.608700 0.000000 -0.793400
vn 0.742901 0.000000 -0.669401
vn 0.858022 0.000000 -0.513613
vn 0.943596 0.000000 -0.331099
vn 0.858022 0.000000 -0.513613
vn 0.943596 0.000000 -0.331099
vn 0.991422 0.000000 -0.130703
vn 0.997161 -0.000000 0.075297
vn 0.991422 0.000000 -0.130703
vn 0.997161 -0.000000 0.075297
vn 0.961788 -0.000000 0.273797
vn 0.890940 -0.000000 0.454121
vn 0.961788 -0.000000 0.273797
vn 0.890940 -0.000000 0.454121
vn 0.793486 -0.000000 0.608589
vn 0.669401 -0.000000 0.742901
vn 0.793486 -0.000000 0.608589
vn 0.669401 -0.000000 0.742901
vn 0.513687 -0.000000 0.857978
vn 0.331099 -0.000000 0.943596
vn 0.513687 -0.000000 0.857978
vn 0.331099 -0.000000 0.943596
vn 0.130703 -0.000000 0.991422
vn -0.075297 -0.000000 0.997161
vn 0.130703 -0.000000 0.991422
vn -0.075297 -0.000000 0.997161
vn -0.273796 -0.000000 0.961788
vn -0.454120 -0.000000 0.890940
vn -0.273796 -0.000000 0.961788
vn -0.454120 -0.000000 0.890940
vn -0.608589 -0.000000 0.793486
vn -0.608589 -0.000000 0.793486
vn -0.742901 -0.000000 0.669401
vn -0.857978 -0.000000 0.513687
vn -0.742901 -0.000000 0.669401
vn -0.857978 -0.000000 0.513687
vn -0.943627 -0.000000 0.331010
vn -0.991422 -0.000000 0.130703
vn -0.943627 -0.000000 0.331010
vn -0.991422 -0.000000 0.130703
vn -0.997169 0.000000 -0.075198
vn -0.961788 0.000000 -0.273797
vn -0.997169 0.000000 -0.075198
vn -0.961788 0.000000 -0.273797
vn -0.890940 0.000000 -0.454121
vn -0.890940 0.000000 -0.454121
vn -0.793486 0.000000 -0.608589
vn -0.793486 0.000000 -0.608589
vn -0.669401 0.000000 -0.742901
vn -0.669401 0.000000 -0.742901
vn -0.513687 0.000000 -0.857978
vn -0.513687 0.000000 -0.857978
vn -0.331188 0.000000 -0.943565
vn -0.331188 0.000000 -0.943565
vn -0.130703 0.000000 -0.991422
vn 0.075297 0.000000 -0.997161
vn -0.130703 0.000000 -0.991422
vn 0.075297 0.000000 -0.997161
vn 0.273796 0.000000 -0.961788
vn 0.273796 0.000000 -0.961788
vn 0.454120 0.000000 -0.890940
vn 0.608589 0.000000 -0.793486
vn 0.454120 0.000000 -0.890940
vn 0.608589 0.000000 -0.793486
vn -0.793400 0.000000 -0.608700
vn -0.669506 0.000000 -0.742807
vn -0.793400 0.000000 -0.608700
vn -0.669506 0.000000 -0.742807
vn -0.513687 0.000000 -0.857978
vn -0.513687 0.000000 -0.857978
vn -0.331099 0.000000 -0.943596
vn -0.130703 0.000000 -0.991422
vn -0.331099 0.000000 -0.943596
vn -0.130703 0.000000 -0.991422
vn 0.075297 0.000000 -0.997161
vn 0.075297 0.000000 -0.997161
vn 0.273796 0.000000 -0.961788
vn 0.454120 0.000000 -0.890940
vn 0.273796 0.000000 -0.961788
vn 0.454120 0.000000 -0.890940
vn 0.608589 0.000000 -0.793486
vn 0.608589 0.000000 -0.793486
vn 0.742901 0.000000 -0.669401
vn 0.742901 0.000000 -0.669401
vn 0.858022 0.000000 -0.513613
vn 0.858022 0.000000 -0.513613
vn 0.943701 0.000000 -0.330800
vn 0.991422 0.000000 -0.130703
vn 0.943701 0.000000 -0.330800
vn 0.991422 0.000000 -0.130703
vn 0.997161 -0.000000 0.075297
vn 0.997161 -0.000000 0.075297
vn 0.961788 -0.000000 0.273797
vn 0.890961 -0.000000 0.454080
vn 0.961788 -0.000000 0.273797
vn 0.890961 -0.000000 0.454080
vn 0.793400 -0.000000 0.608700
vn 0.793400 -0.000000 0.608700
vn 0.669401 -0.000000 0.742901
vn 0.669401 -0.000000 0.742901
vn 0.513687 -0.000000 0.857978
vn 0.513687 -0.000000 0.857978
vn 0.331010 -0.000000 0.943627
vn 0.130703 -0.000000 0.991422
vn 0.331010 -0.000000 0.943627
vn 0.130703 -0.000000 0.991422
vn -0.075297 -0.000000 0.997161
vn -0.075297 -0.000000 0.997161
vn -0.273889 -0.000000 0.961761
vn -0.454120 -0.000000 0.890940
vn -0.273889 -0.000000 0.961761
vn -0.454120 -0.000000 0.890940
vn -0.608589 -0.000000 0.793486
vn -0.608589 -0.000000 0.793486
vn -0.742901 -0.000000 0.669401
vn -0.742901 -0.000000 0.669401
vn -0.857978 -0.000000 0.513687
vn -0.857978 -0.000000 0.513687
vn -0.943596 -0.000000 0.331099
vn -0.943596 -0.000000 0.331099
vn -0.991422 -0.000000 0.130703
vn -0.997169 0.000000 -0.075198
vn -0.991422 -0.000000 0.130703
vn -0.997169 0.000000 -0.075198
vn -0.961788 0.000000 -0.273797
vn -0.890961 0.000000 -0.454080
vn -0.961788 0.000000 -0.273797
vn -0.890961 0.000000 -0.454080
vn -0.793486 0.000000 -0.608589
vn -0.793486 0.000000 -0.608589
vn -0.864988 0.000000 -0.501793
vn -0.864988 0.000000 -0.501793
vn -0.759228 0.000000 -0.650824
vn -0.759228 0.000000 -0.650824
vn -0.619498 0.000000 -0.784998
vn -0.619498 0.000000 -0.784998
vn -0.449412 0.000000 -0.893324
vn -0.256791 0.000000 -0.966467
vn -0.449412 0.000000 -0.893324
vn -0.256791 0.000000 -0.966467
vn -0.053199 0.000000 -0.998584
vn -0.053199 0.000000 -0.998584
vn 0.148194 0.000000 -0.988958
vn 0.335988 0.000000 -0.941866
vn 0.148194 0.000000 -0.988958
vn 0.335988 0.000000 -0.941866
vn 0.501793 0.000000 -0.864988
vn 0.501793 0.000000 -0.864988
vn 0.650775 0.000000 -0.759271
vn 0.650775 0.000000 -0.759271
vn 0.784998 0.000000 -0.619498
vn 0.784998 0.000000 -0.619498
vn 0.893324 0.000000 -0.449412
vn 0.966467 0.000000 -0.256791
vn 0.893324 0.000000 -0.449412
vn 0.966467 0.000000 -0.256791
vn 0.998584 0.000000 -0.053199
vn 0.998584 0.000000 -0.053199
vn 0.988958 -0.000000 0.148194
vn 0.941866 -0.000000 0.335988
vn 0.988958 -0.000000 0.148194
vn 0.941866 -0.000000 0.335988
vn 0.864988 -0.000000 0.501793
vn 0.864988 -0.000000 0.501793
vn 0.759228 -0.000000 0.650824
vn 0.619498 -0.000000 0.784998
vn 0.759228 -0.000000 0.650824
vn 0.619498 -0.000000 0.784998
vn 0.449412 -0.000000 0.893324
vn 0.256791 -0.000000 0.966467
vn 0.449412 -0.000000 0.893324
vn 0.256791 -0.000000 0.966467
vn 0.053199 -0.000000 0.998584
vn 0.053199 -0.000000 0.998584
vn -0.148096 -0.000000 0.988973
vn -0.148096 -0.000000 0.988973
vn -0.336108 -0.000000 0.941823
vn -0.501793 -0.000000 0.864988
vn -0.336108 -0.000000 0.941823
vn -0.501793 -0.000000 0.864988
vn -0.650824 -0.000000 0.759228
vn -0.784998 -0.000000 0.619498
vn -0.650824 -0.000000 0.759228
vn -0.784998 -0.000000 0.619498
vn -0.893324 -0.000000 0.449412
vn -0.893324 -0.000000 0.449412
vn -0.966467 -0.000000 0.256791
vn -0.998584 -0.000000 0.053199
vn -0.966467 -0.000000 0.256791
vn -0.998584 -0.000000 0.053199
vn -0.988958 0.000000 -0.148194
vn -0.988958 0.000000 -0.148194
vn -0.941866 0.000000 -0.335988
vn -0.865031 0.000000 -0.501718
vn -0.941866 0.000000 -0.335988
vn -0.865031 0.000000 -0.501718
vn 0.000100 -0.000000 1.000000
vn 0.000000 -0.000000 1.000000
vn -0.171303 -0.000000 0.985218
vn -0.171303 -0.000000 0.985218
vn -0.338907 -0.000000 0.940820
vn -0.338907 -0.000000 0.940820
vn -0.496473 -0.000000 0.868052
vn -0.496473 -0.000000 0.868052
vn -0.637584 -0.000000 0.770381
vn -0.637584 -0.000000 0.770381
vn -0.637584 -0.000000 0.770381
vn 0.000100 -0.000000 1.000000
vn 0.770381 -0.000000 0.637584
vn 0.770381 -0.000000 0.637584
vn 0.770381 -0.000000 0.637584
vn 0.770381 -0.000000 0.637584
vn 0.770381 -0.000000 0.637584
vn -0.637693 -0.000000 0.770291
vn -0.637693 -0.000000 0.770291
vn -0.788689 -0.000000 0.614792
vn -0.904909 -0.000000 0.425604
vn -0.788689 -0.000000 0.614792
vn -0.904909 -0.000000 0.425604
vn -0.976504 -0.000000 0.215501
vn -0.976504 -0.000000 0.215501
vn -1.000000 0.000000 -0.000200
vn -1.000000 0.000000 -0.000200
vn -0.976462 0.000000 -0.215692
vn -0.904814 0.000000 -0.425807
vn -0.976462 0.000000 -0.215692
vn -0.904814 0.000000 -0.425807
vn -0.788517 0.000000 -0.615013
vn -0.637476 0.000000 -0.770471
vn -0.788517 0.000000 -0.615013
vn -0.637476 0.000000 -0.770471
vn 0.770340 0.000000 -0.637633
vn 0.770340 0.000000 -0.637633
vn 0.770340 0.000000 -0.637633
vn 0.770340 0.000000 -0.637633
vn -0.637308 0.000000 -0.770609
vn -0.637308 0.000000 -0.770609
vn -0.503187 0.000000 -0.864178
vn -0.503187 0.000000 -0.864178
vn -0.348591 0.000000 -0.937275
vn -0.178199 0.000000 -0.983994
vn -0.348591 0.000000 -0.937275
vn -0.178199 0.000000 -0.983994
vn 0.000200 0.000000 -1.000000
vn 0.000200 0.000000 -1.000000
vn 0.178701 0.000000 -0.983903
vn 0.178701 0.000000 -0.983903
vn 0.349007 0.000000 -0.937120
vn 0.349007 0.000000 -0.937120
vn 0.503498 0.000000 -0.863996
vn 0.637584 0.000000 -0.770381
vn 0.503498 0.000000 -0.863996
vn 0.637584 0.000000 -0.770381
vn -0.770340 0.000000 -0.637633
vn -0.770340 0.000000 -0.637633
vn -0.770340 0.000000 -0.637633
vn -0.770340 0.000000 -0.637633
vn 0.637693 0.000000 -0.770291
vn 0.788689 0.000000 -0.614792
vn 0.637693 0.000000 -0.770291
vn 0.788689 0.000000 -0.614792
vn 0.904871 0.000000 -0.425686
vn 0.976462 0.000000 -0.215692
vn 0.904871 0.000000 -0.425686
vn 0.976462 0.000000 -0.215692
vn 1.000000 0.000000 -0.000100
vn 0.976525 -0.000000 0.215405
vn 1.000000 0.000000 -0.000100
vn 0.976525 -0.000000 0.215405
vn 0.904966 -0.000000 0.425484
vn 0.788824 -0.000000 0.614619
vn 0.904966 -0.000000 0.425484
vn 0.788824 -0.000000 0.614619
vn 0.637909 -0.000000 0.770111
vn 0.637801 -0.000000 0.770201
vn 0.637801 -0.000000 0.770201
vn -0.770381 -0.000000 0.637584
vn -0.770381 -0.000000 0.637584
vn -0.770381 -0.000000 0.637584
vn -0.770381 -0.000000 0.637584
vn -0.770381 -0.000000 0.637584
vn -0.770381 -0.000000 0.637584
vn 0.637969 -0.000000 0.770062
vn 0.637909 -0.000000 0.770111
vn 0.496785 -0.000000 0.867874
vn 0.496785 -0.000000 0.867874
vn 0.339084 -0.000000 0.940756
vn 0.171400 -0.000000 0.985201
vn 0.339084 -0.000000 0.940756
vn 0.171400 -0.000000 0.985201
vn 0.000000 -0.000000 1.000000
vn 0.000000 -0.000000 1.000000
vn 0.000000 -0.000000 1.000000
vn 0.637969 -0.000000 0.770062
vn 0.000200 0.000000 -1.000000
vn 0.000000 0.000000 -1.000000
vn 0.171303 0.000000 -0.985218
vn 0.338907 0.000000 -0.940820
vn 0.171303 0.000000 -0.985218
vn 0.000200 0.000000 -1.000000
vn 0.338907 0.000000 -0.940820
vn 0.496591 0.000000 -0.867985
vn 0.637584 0.000000 -0.770381
vn 0.496591 0.000000 -0.867985
vn 0.637584 0.000000 -0.770381
vn 0.637584 0.000000 -0.770381
vn -0.770340 0.000000 -0.637633
vn -0.770340 0.000000 -0.637633
vn -0.770340 0.000000 -0.637633
vn -0.770340 0.000000 -0.637633
vn -0.770340 0.000000 -0.637633
vn -0.770340 0.000000 -0.637633
vn 0.637476 -0.000000 0.770471
vn 0.788517 -0.000000 0.615013
vn 0.637476 -0.000000 0.770471
vn 0.788517 -0.000000 0.615013
vn 0.904814 -0.000000 0.425807
vn 0.904814 -0.000000 0.425807
vn 0.976462 -0.000000 0.215692
vn 1.000000 -0.000000 0.000200
vn 0.976462 -0.000000 0.215692
vn 1.000000 -0.000000 0.000200
vn 0.976525 0.000000 -0.215405
vn 0.904909 0.000000 -0.425604
vn 0.976525 0.000000 -0.215405
vn 0.904909 0.000000 -0.425604
vn 0.788689 0.000000 -0.614792
vn 0.788689 0.000000 -0.614792
vn 0.637633 0.000000 -0.770340
vn 0.637693 0.000000 -0.770291
vn 0.637633 0.000000 -0.770340
vn -0.770340 -0.000000 0.637633
vn -0.770340 -0.000000 0.637633
vn -0.770340 -0.000000 0.637633
vn -0.770340 -0.000000 0.637633
vn 0.637308 -0.000000 0.770609
vn 0.503187 -0.000000 0.864178
vn 0.637308 -0.000000 0.770609
vn 0.503187 -0.000000 0.864178
vn 0.348711 -0.000000 0.937230
vn 0.178199 -0.000000 0.983994
vn 0.348711 -0.000000 0.937230
vn 0.178199 -0.000000 0.983994
vn -0.000200 -0.000000 1.000000
vn -0.178701 -0.000000 0.983903
vn -0.000200 -0.000000 1.000000
vn -0.178701 -0.000000 0.983903
vn -0.349007 -0.000000 0.937120
vn -0.503498 -0.000000 0.863996
vn -0.349007 -0.000000 0.937120
vn -0.503498 -0.000000 0.863996
vn -0.637584 -0.000000 0.770381
vn -0.637584 -0.000000 0.770381
vn -0.637584 -0.000000 0.770381
vn 0.770340 -0.000000 0.637633
vn 0.770340 -0.000000 0.637633
vn 0.770340 -0.000000 0.637633
vn 0.770340 -0.000000 0.637633
vn 0.770340 -0.000000 0.637633
vn -0.637693 -0.000000 0.770291
vn -0.637693 -0.000000 0.770291
vn -0.788603 -0.000000 0.614902
vn -0.904871 -0.000000 0.425686
vn -0.788603 -0.000000 0.614902
vn -0.904871 -0.000000 0.425686
vn -0.976462 -0.000000 0.215692
vn -1.000000 -0.000000 0.000100
vn -0.976462 -0.000000 0.215692
vn -1.000000 -0.000000 0.000100
vn -0.976546 0.000000 -0.215310
vn -0.976546 0.000000 -0.215310
vn -0.904966 0.000000 -0.425484
vn -0.788824 0.000000 -0.614619
vn -0.904966 0.000000 -0.425484
vn -0.788824 0.000000 -0.614619
vn -0.637909 0.000000 -0.770111
vn -0.637909 0.000000 -0.770111
vn 0.770381 0.000000 -0.637584
vn 0.770381 0.000000 -0.637584
vn 0.770381 0.000000 -0.637584
vn 0.770381 0.000000 -0.637584
vn -0.637909 0.000000 -0.770111
vn -0.496903 0.000000 -0.867806
vn -0.637909 0.000000 -0.770111
vn -0.496903 0.000000 -0.867806
vn -0.339084 0.000000 -0.940756
vn -0.170898 0.000000 -0.985289
vn -0.339084 0.000000 -0.940756
vn -0.171400 0.000000 -0.985201
vn 0.000000 0.000000 -1.000000
vn 0.000000 0.000000 -1.000000
vn 0.000000 0.000000 -1.000000
vn 0.770381 -0.000000 0.637584
vn 0.867806 -0.000000 0.496903
vn 0.770381 -0.000000 0.637584
vn 0.867806 -0.000000 0.496903
vn 0.940820 -0.000000 0.338907
vn 0.985306 -0.000000 0.170801
vn 0.940820 -0.000000 0.338907
vn 0.985306 -0.000000 0.170801
vn 1.000000 0.000000 0.000000
vn 1.000000 0.000000 0.000000
vn 1.000000 0.000000 0.000000
vn 0.637584 0.000000 -0.770381
vn 0.637584 0.000000 -0.770381
vn 0.637584 0.000000 -0.770381
vn 0.637584 0.000000 -0.770381
vn 0.770291 -0.000000 0.637693
vn 0.614792 -0.000000 0.788690
vn 0.770291 -0.000000 0.637693
vn 0.614792 -0.000000 0.788690
vn 0.425604 -0.000000 0.904909
vn 0.215405 -0.000000 0.976525
vn 0.425604 -0.000000 0.904909
vn 0.215405 -0.000000 0.976525
vn -0.000200 -0.000000 1.000000
vn -0.215691 -0.000000 0.976462
vn -0.000200 -0.000000 1.000000
vn -0.215691 -0.000000 0.976462
vn -0.425807 -0.000000 0.904814
vn -0.425807 -0.000000 0.904814
vn -0.615013 -0.000000 0.788517
vn -0.770470 -0.000000 0.637476
vn -0.615013 -0.000000 0.788517
vn -0.770470 -0.000000 0.637476
vn -0.770609 -0.000000 0.637308
vn -0.864178 -0.000000 0.503187
vn -0.770609 -0.000000 0.637308
vn -0.864178 -0.000000 0.503187
vn -0.937308 -0.000000 0.348503
vn -0.983994 -0.000000 0.178199
vn -0.937308 -0.000000 0.348503
vn -0.983994 -0.000000 0.178199
vn -1.000000 0.000000 -0.000200
vn -0.983903 0.000000 -0.178701
vn -1.000000 0.000000 -0.000200
vn -0.983903 0.000000 -0.178701
vn -0.937120 0.000000 -0.349007
vn -0.863996 0.000000 -0.503498
vn -0.937120 0.000000 -0.349007
vn -0.863996 0.000000 -0.503498
vn -0.770381 0.000000 -0.637584
vn -0.770291 0.000000 -0.637693
vn -0.770291 0.000000 -0.637693
vn -0.637633 -0.000000 0.770340
vn -0.637633 -0.000000 0.770340
vn -0.637633 -0.000000 0.770340
vn -0.637633 -0.000000 0.770340
vn -0.637633 -0.000000 0.770340
vn -0.637633 -0.000000 0.770340
vn 0.770111 0.000000 -0.637909
vn 0.614730 0.000000 -0.788738
vn 0.770111 0.000000 -0.637909
vn 0.614730 0.000000 -0.788738
vn 0.425484 0.000000 -0.904966
vn 0.425484 0.000000 -0.904966
vn 0.215405 0.000000 -0.976525
vn -0.000100 0.000000 -1.000000
vn 0.215405 0.000000 -0.976525
vn -0.000100 0.000000 -1.000000
vn -0.215691 0.000000 -0.976462
vn -0.215691 0.000000 -0.976462
vn -0.425686 0.000000 -0.904871
vn -0.425686 0.000000 -0.904871
vn -0.614902 0.000000 -0.788603
vn -0.614902 0.000000 -0.788603
vn -0.770291 0.000000 -0.637693
vn -0.770291 0.000000 -0.637693
vn -0.770291 0.000000 -0.637693
vn 0.637584 -0.000000 0.770381
vn 0.637584 -0.000000 0.770381
vn 0.637584 -0.000000 0.770381
vn 0.637584 -0.000000 0.770381
vn 0.637584 -0.000000 0.770381
vn 0.770201 0.000000 -0.637801
vn 0.770111 0.000000 -0.637909
vn 0.867917 0.000000 -0.496710
vn 0.867695 0.000000 -0.497097
vn 0.940788 0.000000 -0.338996
vn 0.940788 0.000000 -0.338996
vn 0.985201 0.000000 -0.171400
vn 0.985289 0.000000 -0.170898
vn 1.000000 0.000000 0.000000
vn 1.000000 0.000000 0.000000
vn 1.000000 0.000000 0.000000
vn 0.770201 0.000000 -0.637801
vn -1.000000 0.000000 0.000000
vn -1.000000 0.000000 0.000000
vn -0.985306 0.000000 -0.170801
vn -0.985306 0.000000 -0.170801
vn -0.940820 0.000000 -0.338907
vn -0.940820 0.000000 -0.338907
vn -0.867985 0.000000 -0.496591
vn -0.867985 0.000000 -0.496591
vn -0.770381 0.000000 -0.637584
vn -0.770340 0.000000 -0.637633
vn -0.770340 0.000000 -0.637633
vn -1.000000 0.000000 0.000000
vn -0.637633 -0.000000 0.770340
vn -0.637633 -0.000000 0.770340
vn -0.637633 -0.000000 0.770340
vn -0.637633 -0.000000 0.770340
vn -0.637633 -0.000000 0.770340
vn -0.770291 0.000000 -0.637693
vn -0.770291 0.000000 -0.637693
vn -0.614792 0.000000 -0.788690
vn -0.614792 0.000000 -0.788690
vn -0.425604 0.000000 -0.904909
vn -0.215501 0.000000 -0.976504
vn -0.425604 0.000000 -0.904909
vn -0.215501 0.000000 -0.976504
vn 0.000100 0.000000 -1.000000
vn 0.000100 0.000000 -1.000000
vn 0.215596 0.000000 -0.976483
vn 0.215596 0.000000 -0.976483
vn 0.425807 0.000000 -0.904814
vn 0.425807 0.000000 -0.904814
vn 0.615013 0.000000 -0.788517
vn 0.770470 0.000000 -0.637476
vn 0.615013 0.000000 -0.788517
vn 0.770470 0.000000 -0.637476
vn 0.637633 -0.000000 0.770340
vn 0.637633 -0.000000 0.770340
vn 0.637633 -0.000000 0.770340
vn 0.637633 -0.000000 0.770340
vn 0.770609 0.000000 -0.637308
vn 0.770609 0.000000 -0.637308
vn 0.864178 0.000000 -0.503187
vn 0.937275 0.000000 -0.348591
vn 0.864178 0.000000 -0.503187
vn 0.937275 0.000000 -0.348591
vn 0.983994 0.000000 -0.178199
vn 1.000000 -0.000000 0.000200
vn 0.983994 0.000000 -0.178199
vn 1.000000 -0.000000 0.000200
vn 0.983903 -0.000000 0.178701
vn 0.937120 -0.000000 0.349007
vn 0.983903 -0.000000 0.178701
vn 0.937120 -0.000000 0.349007
vn 0.863996 -0.000000 0.503498
vn 0.863996 -0.000000 0.503498
vn 0.770381 -0.000000 0.637584
vn 0.770381 -0.000000 0.637584
vn 0.637584 0.000000 -0.770381
vn 0.637584 0.000000 -0.770381
vn 0.637584 0.000000 -0.770381
vn 0.637584 0.000000 -0.770381
vn 0.770291 -0.000000 0.637693
vn 0.770291 -0.000000 0.637693
vn 0.614792 -0.000000 0.788690
vn 0.425686 -0.000000 0.904871
vn 0.614792 -0.000000 0.788690
vn 0.425686 -0.000000 0.904871
vn 0.215691 -0.000000 0.976462
vn 0.000100 -0.000000 1.000000
vn 0.215691 -0.000000 0.976462
vn 0.000100 -0.000000 1.000000
vn -0.215405 -0.000000 0.976525
vn -0.215405 -0.000000 0.976525
vn -0.425484 -0.000000 0.904966
vn -0.614619 -0.000000 0.788824
vn -0.425484 -0.000000 0.904966
vn -0.614619 -0.000000 0.788824
vn -0.770111 -0.000000 0.637909
vn -0.770111 -0.000000 0.637909
vn -0.637584 0.000000 -0.770381
vn -0.637584 0.000000 -0.770381
vn -0.637584 0.000000 -0.770381
vn -0.637584 0.000000 -0.770381
vn -0.637584 0.000000 -0.770381
vn -0.770111 -0.000000 0.637909
vn -0.770111 -0.000000 0.637909
vn -0.867806 -0.000000 0.496903
vn -0.867806 -0.000000 0.496903
vn -0.940756 -0.000000 0.339084
vn -0.940756 -0.000000 0.339084
vn -0.985185 -0.000000 0.171497
vn -0.985185 -0.000000 0.171497
vn -1.000000 0.000000 0.000000
vn -1.000000 0.000000 0.000000
vn -1.000000 0.000000 0.000000
vn -0.770111 -0.000000 0.637909
vn -0.956389 0.000000 -0.292097
vn -0.956389 0.000000 -0.292097
vn -0.937385 0.000000 -0.348295
vn -0.915020 0.000000 -0.403409
vn -0.937385 0.000000 -0.348295
vn -0.956389 0.000000 -0.292097
vn -0.915020 0.000000 -0.403409
vn -0.888757 0.000000 -0.458378
vn -0.888757 0.000000 -0.458378
vn -0.859103 0.000000 -0.511802
vn -0.825986 0.000000 -0.563691
vn -0.859103 0.000000 -0.511802
vn -0.825986 0.000000 -0.563691
vn -0.789476 0.000000 -0.613781
vn -0.749782 0.000000 -0.661684
vn -0.789476 0.000000 -0.613781
vn -0.749782 0.000000 -0.661684
vn -0.707107 0.000000 -0.707107
vn -0.707107 0.000000 -0.707107
vn -0.661684 0.000000 -0.749782
vn -0.613781 0.000000 -0.789476
vn -0.661684 0.000000 -0.749782
vn -0.613781 0.000000 -0.789476
vn -0.563690 0.000000 -0.825986
vn -0.511802 0.000000 -0.859103
vn -0.563690 0.000000 -0.825986
vn -0.511802 0.000000 -0.859103
vn -0.458378 0.000000 -0.888757
vn -0.403409 0.000000 -0.915020
vn -0.458378 0.000000 -0.888757
vn -0.403409 0.000000 -0.915020
vn -0.348294 0.000000 -0.937385
vn -0.292005 0.000000 -0.956417
vn -0.348294 0.000000 -0.937385
vn -0.292005 0.000000 -0.956417
vn 0.929938 0.000000 -0.367715
vn 0.169602 0.000000 -0.985513
vn 0.929938 0.000100 -0.367715
vn 0.595012 -0.000300 -0.803717
vn 0.892983 0.000000 -0.450091
vn 1.000000 0.000200 0.000000
vn 0.903821 -0.000100 0.427910
vn 0.952260 -0.000500 0.305287
vn 0.803717 -0.000200 0.595012
vn 0.570203 -0.000100 0.821504
vn 0.292097 0.000100 0.956389
vn 0.903821 -0.000000 0.427910
vn 0.292097 -0.000000 0.956389
vn 0.903821 -0.000000 0.427910
vn 0.570135 0.000200 0.821551
vn 0.803717 0.000200 0.595012
vn 0.952251 -0.000100 0.305316
vn 1.000000 -0.000100 -0.000000
vn 0.892983 -0.000100 -0.450091
vn 0.929938 0.000000 -0.367715
vn 0.595012 0.000200 -0.803717
vn 0.169602 0.000100 -0.985513
vn 0.292097 -0.000000 0.956389
vn 0.403697 -0.000000 0.914893
vn 0.292097 -0.000000 0.956389
vn 0.403697 -0.000000 0.914893
vn 0.512111 -0.000000 0.858919
vn 0.613941 -0.000000 0.789352
vn 0.512111 -0.000000 0.858919
vn 0.613941 -0.000000 0.789352
vn 0.707107 -0.000000 0.707107
vn 0.789352 -0.000000 0.613941
vn 0.707107 -0.000000 0.707107
vn 0.789352 -0.000000 0.613941
vn 0.859147 -0.000000 0.511728
vn 0.914930 0.000500 0.403613
vn 0.859174 -0.000000 0.511684
vn 0.924579 0.000100 0.380991
vn 0.924543 -0.000000 0.381077
vn 0.941579 -0.000000 0.336793
vn 0.924579 0.000100 0.380991
vn 0.941611 -0.000200 0.336704
vn 0.914930 -0.000400 0.403613
vn 0.956389 -0.000100 0.292097
vn 0.956389 -0.000000 0.292097
vn 0.956417 -0.000000 0.292005
vn 0.941611 0.000100 0.336704
vn 0.956361 -0.000000 0.292188
vn 0.956361 -0.000000 0.292188
vn 0.781727 -0.000000 0.623621
vn 0.781727 -0.000000 0.623621
vn 0.469711 -0.000000 0.882820
vn 0.469711 -0.000000 0.882820
vn 0.080496 -0.000000 0.996755
vn 0.080496 -0.000000 0.996755
vn -0.292005 -0.000000 0.956417
vn -0.623621 -0.000000 0.781727
vn -0.292005 -0.000000 0.956417
vn -0.623621 -0.000000 0.781727
vn -0.882820 -0.000000 0.469711
vn -0.996755 -0.000000 0.080496
vn -0.882820 -0.000000 0.469711
vn -0.996755 -0.000000 0.080496
vn -0.956417 0.000000 -0.292005
vn -0.956417 0.000000 -0.292005
vn -0.956417 0.000000 -0.292005
vn 0.956361 -0.000000 0.292188
vn -0.292097 -0.000000 0.956389
vn -0.292097 -0.000000 0.956389
vn -0.348294 -0.000000 0.937385
vn -0.403409 -0.000000 0.915020
vn -0.348294 -0.000000 0.937385
vn -0.292097 -0.000000 0.956389
vn -0.403409 -0.000000 0.915020
vn -0.458378 -0.000000 0.888757
vn -0.458378 -0.000000 0.888757
vn -0.511802 -0.000000 0.859103
vn -0.511802 -0.000000 0.859103
vn -0.563690 -0.000000 0.825986
vn -0.563690 -0.000000 0.825986
vn -0.613781 -0.000000 0.789476
vn -0.613781 -0.000000 0.789476
vn -0.661684 -0.000000 0.749782
vn -0.707107 -0.000000 0.707107
vn -0.661684 -0.000000 0.749782
vn -0.707107 -0.000000 0.707107
vn -0.749782 -0.000000 0.661684
vn -0.789476 -0.000000 0.613781
vn -0.749782 -0.000000 0.661684
vn -0.789476 -0.000000 0.613781
vn -0.825986 -0.000000 0.563691
vn -0.825986 -0.000000 0.563691
vn -0.859103 -0.000000 0.511802
vn -0.859103 -0.000000 0.511802
vn -0.888757 -0.000000 0.458378
vn -0.888757 -0.000000 0.458378
vn -0.915020 -0.000000 0.403409
vn -0.937385 -0.000000 0.348295
vn -0.915020 -0.000000 0.403409
vn -0.937385 -0.000000 0.348295
vn -0.956417 -0.000100 0.292005
vn -0.985513 -0.000100 -0.169602
vn -0.956417 -0.000000 0.292005
vn -0.367715 0.000000 -0.929938
vn 0.427790 0.000000 -0.903878
vn -0.367715 0.000000 -0.929938
vn -0.367715 0.000000 -0.929938
vn -0.985513 0.000100 -0.169602
vn -0.803717 0.000100 -0.595012
vn -0.450091 -0.000200 -0.892983
vn 0.000000 0.000100 -1.000000
vn 0.427790 0.000100 -0.903878
vn 0.305106 0.000000 -0.952318
vn 0.595012 0.000700 -0.803716
vn 0.821504 -0.000300 -0.570203
vn 0.956389 0.000000 -0.292097
vn 0.956361 0.000100 -0.292188
vn 0.427910 -0.000100 -0.903821
vn 0.821504 0.000300 -0.570203
vn 0.595012 -0.000600 -0.803716
vn 0.305316 -0.000100 -0.952251
vn 0.000000 -0.000100 -1.000000
vn -0.450091 0.000200 -0.892983
vn -0.803669 -0.000100 -0.595077
vn 0.292097 0.000000 -0.956389
vn 0.336704 0.000000 -0.941611
vn 0.403613 -0.000300 -0.914930
vn 0.292097 0.000000 -0.956389
vn 0.292097 0.000000 -0.956389
vn 0.336495 0.000000 -0.941685
vn 0.336704 0.000000 -0.941611
vn 0.403613 0.000200 -0.914930
vn 0.381077 0.000000 -0.924543
vn 0.380991 0.000000 -0.924579
vn 0.511684 0.000000 -0.859174
vn 0.613608 0.000000 -0.789611
vn 0.511684 0.000000 -0.859174
vn 0.613608 0.000000 -0.789611
vn 0.381112 0.000000 -0.924529
vn 0.707107 0.000000 -0.707107
vn 0.789352 0.000000 -0.613941
vn 0.707107 0.000000 -0.707107
vn 0.789352 0.000000 -0.613941
vn 0.858919 0.000000 -0.512111
vn 0.914930 0.000000 -0.403613
vn 0.858919 0.000000 -0.512111
vn 0.914930 0.000000 -0.403613
vn 0.956389 0.000000 -0.292097
vn 0.956389 0.000000 -0.292097
vn 0.292216 0.000000 -0.956352
vn 0.623621 0.000000 -0.781727
vn 0.292097 0.000000 -0.956389
vn 0.623621 0.000000 -0.781727
vn 0.292216 0.000000 -0.956352
vn 0.882779 0.000000 -0.469789
vn 0.996755 0.000000 -0.080496
vn 0.882779 0.000000 -0.469789
vn 0.996755 0.000000 -0.080496
vn 0.956417 -0.000000 0.292005
vn 0.781727 -0.000000 0.623621
vn 0.956417 -0.000000 0.292005
vn 0.781727 -0.000000 0.623621
vn 0.469711 -0.000000 0.882820
vn 0.080496 -0.000000 0.996755
vn 0.469711 -0.000000 0.882820
vn 0.080496 -0.000000 0.996755
vn -0.292005 -0.000000 0.956417
vn -0.292005 -0.000000 0.956417
vn -0.292005 -0.000000 0.956417
vn -1.000000 0.000000 -0.000100
vn -1.000000 0.000000 0.000000
vn -0.893023 0.000100 -0.450012
vn -0.594900 -0.000100 -0.803800
vn -0.169699 0.000000 -0.985496
vn 0.292005 0.000000 -0.956417
vn -0.169602 0.000000 -0.985513
vn 0.292005 0.000000 -0.956417
vn -0.594900 0.000100 -0.803800
vn -0.893023 -0.000100 -0.450012
vn -1.000000 0.000000 -0.000100
vn 0.348294 0.000000 -0.937385
vn 0.403697 0.000000 -0.914893
vn 0.348294 0.000000 -0.937385
vn 0.403697 0.000000 -0.914893
vn 0.458378 0.000000 -0.888757
vn 0.458378 0.000000 -0.888757
vn 0.511802 0.000000 -0.859103
vn 0.511802 0.000000 -0.859103
vn 0.563690 0.000000 -0.825986
vn 0.613781 0.000000 -0.789476
vn 0.563690 0.000000 -0.825986
vn 0.613781 0.000000 -0.789476
vn 0.661684 0.000000 -0.749782
vn 0.707107 0.000000 -0.707107
vn 0.661684 0.000000 -0.749782
vn 0.707107 0.000000 -0.707107
vn 0.749782 0.000000 -0.661684
vn 0.749782 0.000000 -0.661684
vn 0.789476 0.000000 -0.613781
vn 0.789476 0.000000 -0.613781
vn 0.825986 0.000000 -0.563691
vn 0.825986 0.000000 -0.563691
vn 0.859103 0.000000 -0.511802
vn 0.859103 0.000000 -0.511802
vn 0.888757 0.000000 -0.458378
vn 0.915020 0.000000 -0.403409
vn 0.888757 0.000000 -0.458378
vn 0.915020 0.000000 -0.403409
vn 0.937385 0.000000 -0.348295
vn 0.956417 0.000000 -0.292005
vn 0.937385 0.000000 -0.348295
vn 0.956417 0.000000 -0.292005
vn 0.985513 -0.000000 0.169602
vn 0.985513 -0.000000 0.169602
vn 0.803717 -0.000000 0.595012
vn 0.803717 -0.000000 0.595012
vn 0.450011 -0.000000 0.893023
vn 0.450011 -0.000000 0.893023
vn 0.000000 -0.000000 1.000000
vn 0.000000 -0.000000 1.000000
vn -0.305316 -0.000000 0.952251
vn -0.594964 -0.000000 0.803752
vn -0.305316 -0.000000 0.952251
vn -0.594964 -0.000000 0.803752
vn -0.821551 -0.000000 0.570135
vn -0.956361 -0.000000 0.292188
vn -0.821551 -0.000000 0.570135
vn -0.956361 -0.000000 0.292188
vn -0.956389 -0.000000 0.292097
vn -0.956389 -0.000000 0.292097
vn -0.914893 -0.000000 0.403697
vn -0.859217 -0.000000 0.511610
vn -0.914893 -0.000000 0.403697
vn -0.859217 -0.000000 0.511610
vn -0.789390 -0.000000 0.613892
vn -0.707107 -0.000000 0.707107
vn -0.789390 -0.000000 0.613892
vn -0.707107 -0.000000 0.707107
vn -0.613941 -0.000000 0.789352
vn -0.511684 -0.000000 0.859174
vn -0.613941 -0.000000 0.789352
vn -0.511684 -0.000000 0.859174
vn -0.380991 0.000100 0.924579
vn -0.403613 0.000100 0.914930
vn -0.380991 -0.000000 0.924579
vn -0.336792 -0.000000 0.941579
vn -0.380991 -0.000000 0.924579
vn -0.403613 -0.000100 0.914930
vn -0.336704 -0.000000 0.941611
vn -0.292005 -0.000000 0.956417
vn -0.292005 -0.000000 0.956417
vn -0.292005 -0.000000 0.956417
vn -0.336704 0.000100 0.941611
vn -0.292188 -0.000000 0.956361
vn -0.292188 -0.000000 0.956361
vn -0.570135 -0.000000 0.821551
vn -0.803717 -0.000000 0.595012
vn -0.570135 -0.000000 0.821551
vn -0.292188 -0.000000 0.956361
vn -0.803717 -0.000000 0.595012
vn -0.952222 -0.000000 0.305407
vn -1.000000 -0.000000 0.000100
vn -0.952222 -0.000000 0.305407
vn -1.000000 -0.000000 0.000100
vn -1.000000 -0.000000 0.000100
vn -0.292097 0.000000 -0.956389
vn -0.403697 0.000000 -0.914893
vn -0.292097 0.000000 -0.956389
vn -0.403697 0.000000 -0.914893
vn -0.511684 0.000000 -0.859174
vn -0.613941 0.000000 -0.789352
vn -0.511684 0.000000 -0.859174
vn -0.613941 0.000000 -0.789352
vn -0.707107 0.000000 -0.707107
vn -0.707107 0.000000 -0.707107
vn -0.789390 0.000000 -0.613892
vn -0.859217 0.000000 -0.511610
vn -0.789390 0.000000 -0.613892
vn -0.859217 0.000000 -0.511610
vn -0.914893 0.000000 -0.403697
vn -0.956389 0.000000 -0.292097
vn -0.914893 0.000000 -0.403697
vn -0.956389 0.000000 -0.292097
vn -0.956361 0.000000 -0.292188
vn -0.821551 0.000000 -0.570135
vn -0.956361 0.000000 -0.292188
vn -0.821551 0.000000 -0.570135
vn -0.595012 0.000000 -0.803717
vn -0.305407 0.000000 -0.952222
vn -0.595012 0.000000 -0.803717
vn -0.305407 0.000000 -0.952222
vn 0.000000 0.000000 -1.000000
vn 0.450011 0.000000 -0.893023
vn 0.000000 0.000000 -1.000000
vn 0.450011 0.000000 -0.893023
vn 0.803717 0.000000 -0.595012
vn 0.985513 0.000000 -0.169602
vn 0.803717 0.000000 -0.595012
vn 0.985513 0.000000 -0.169602
vn 0.956417 -0.000000 0.292005
vn 0.937385 -0.000000 0.348295
vn 0.956417 -0.000000 0.292005
vn 0.937385 -0.000000 0.348295
vn 0.915020 -0.000000 0.403409
vn 0.888757 -0.000000 0.458378
vn 0.915020 -0.000000 0.403409
vn 0.888757 -0.000000 0.458378
vn 0.859103 -0.000000 0.511802
vn 0.825986 -0.000000 0.563691
vn 0.859103 -0.000000 0.511802
vn 0.825986 -0.000000 0.563691
vn 0.789476 -0.000000 0.613781
vn 0.749782 -0.000000 0.661684
vn 0.789476 -0.000000 0.613781
vn 0.749782 -0.000000 0.661684
vn 0.707107 -0.000000 0.707107
vn 0.661684 -0.000000 0.749782
vn 0.707107 -0.000000 0.707107
vn 0.661684 -0.000000 0.749782
vn 0.613781 -0.000000 0.789476
vn 0.563690 -0.000000 0.825986
vn 0.613781 -0.000000 0.789476
vn 0.563690 -0.000000 0.825986
vn 0.511802 -0.000000 0.859103
vn 0.458378 -0.000000 0.888757
vn 0.511802 -0.000000 0.859103
vn 0.458378 -0.000000 0.888757
vn 0.403697 -0.000000 0.914893
vn 0.348294 -0.000000 0.937385
vn 0.403697 -0.000000 0.914893
vn 0.348294 -0.000000 0.937385
vn 0.292005 -0.000000 0.956417
vn -0.169602 -0.000000 0.985513
vn 0.292005 -0.000000 0.956417
vn -0.169602 -0.000000 0.985513
vn -0.595012 -0.000000 0.803717
vn -0.893023 -0.000000 0.450012
vn -0.595012 -0.000000 0.803717
vn -0.893023 -0.000000 0.450012
vn -1.000000 0.000000 0.000000
vn -0.952222 0.000000 -0.305407
vn -1.000000 0.000000 0.000000
vn -0.952222 0.000000 -0.305407
vn -0.803717 0.000000 -0.595012
vn -0.570135 0.000000 -0.821551
vn -0.803717 0.000000 -0.595012
vn -0.570135 0.000000 -0.821551
vn -0.292188 0.000000 -0.956361
vn -0.292188 0.000000 -0.956361
vn -1.000000 0.000000 0.000000
vn -0.994184 0.000000 -0.107698
vn -0.994194 0.000000 -0.107599
vn -1.000000 0.000000 0.000000
vn -0.994194 0.000000 -0.107599
vn -0.975925 0.000000 -0.218106
vn -0.975946 0.000000 -0.218010
vn -0.901337 0.000000 -0.433118
vn -0.901434 0.000000 -0.432916
vn -0.777806 0.000000 -0.628505
vn -0.777806 0.000000 -0.628505
vn -0.611917 0.000000 -0.790922
vn -0.611917 0.000000 -0.790922
vn -0.415294 0.000000 -0.909687
vn -0.415294 0.000000 -0.909687
vn -0.205799 0.000000 -0.978594
vn -0.205895 0.000000 -0.978574
vn -0.101702 0.000000 -0.994815
vn 0.000000 0.000000 -1.000000
vn -0.101800 0.000000 -0.994805
vn -0.101702 0.000000 -0.994815
vn 0.000000 0.000000 -1.000000
vn -0.205895 0.000000 -0.978574
vn -0.975925 0.000000 -0.218106
vn 0.000000 0.000000 -1.000000
vn 0.000000 0.000000 -1.000000
vn 0.000000 0.000000 -1.000000
vn 0.000000 0.000000 -1.000000
vn -1.000000 0.000000 0.000000
vn -1.000000 0.000000 0.000000
vn -1.000000 0.000000 0.000000
vn -1.000000 0.000000 0.000000
vn -1.000000 -0.000000 0.000100
vn -1.000000 -0.000000 0.000100
vn -0.921456 -0.000000 0.388482
vn -0.921456 -0.000000 0.388482
vn -0.921456 -0.000100 0.388482
vn 0.000000 -0.000000 1.000000
vn 0.000000 -0.000000 1.000000
vn 0.000000 -0.000000 1.000000
vn 0.000000 -0.000000 1.000000
vn 0.000000 -0.000000 1.000000
vn -0.107698 -0.000000 0.994184
vn -0.107698 -0.000000 0.994184
vn 0.000000 -0.000000 1.000000
vn -0.107698 -0.000000 0.994184
vn -0.218106 -0.000000 0.975925
vn -0.218010 -0.000000 0.975946
vn -0.433199 -0.000000 0.901298
vn -0.432998 -0.000000 0.901395
vn -0.628505 -0.000000 0.777806
vn -0.628505 -0.000000 0.777806
vn -0.790922 -0.000000 0.611917
vn -0.790922 -0.000000 0.611917
vn -0.909687 -0.000000 0.415294
vn -0.909687 -0.000000 0.415294
vn -0.978574 -0.000000 0.205895
vn -0.978574 -0.000000 0.205895
vn -0.994825 -0.000000 0.101603
vn -0.994805 -0.000000 0.101801
vn -1.000000 0.000000 0.000000
vn -1.000000 0.000000 0.000000
vn -0.994825 -0.000000 0.101603
vn -0.978574 -0.000000 0.205895
vn -0.218106 -0.000000 0.975925
vn -1.000000 0.000000 0.000000
vn -1.000000 0.000000 0.000000
vn -1.000000 0.000000 0.000000
vn -1.000000 0.000000 0.000000
vn -1.000000 -0.000000 0.000100
vn -1.000000 -0.000000 0.000100
vn -0.974290 -0.000000 0.225298
vn -0.974290 -0.000000 0.225298
vn -0.974290 -0.000000 0.225298
vn 0.000000 -0.000000 1.000000
vn 0.000000 -0.000000 1.000000
vn 0.000000 -0.000000 1.000000
vn 0.000000 -0.000000 1.000000
vn 0.000100 -0.000000 1.000000
vn 0.000100 -0.000000 1.000000
vn 0.461715 -0.000000 0.887028
vn 0.461715 -0.000000 0.887028
vn 0.461715 -0.000000 0.887028
vn 1.000000 0.000000 0.000000
vn 1.000000 0.000000 0.000000
vn 1.000000 0.000000 0.000000
vn 1.000000 0.000000 0.000000
vn 1.000000 0.000000 0.000000
vn 0.994194 -0.000000 0.107599
vn 0.994194 -0.000000 0.107599
vn 1.000000 0.000000 0.000000
vn 0.994194 -0.000000 0.107599
vn 0.975925 -0.000000 0.218106
vn 0.975946 -0.000000 0.218010
vn 0.901337 -0.000000 0.433118
vn 0.901434 -0.000000 0.432916
vn 0.777806 -0.000000 0.628505
vn 0.777806 -0.000000 0.628505
vn 0.612028 -0.000000 0.790836
vn 0.612028 -0.000000 0.790836
vn 0.415294 -0.000000 0.909687
vn 0.415294 -0.000000 0.909687
vn 0.205895 -0.000000 0.978574
vn 0.205895 -0.000000 0.978574
vn 0.101603 -0.000000 0.994825
vn 0.000000 -0.000000 1.000000
vn 0.101603 -0.000000 0.994825
vn 0.101603 -0.000000 0.994825
vn 0.000000 -0.000000 1.000000
vn 0.205895 -0.000000 0.978574
vn 0.975925 -0.000000 0.218106
vn 0.000000 -0.000000 1.000000
vn 0.000000 -0.000000 1.000000
vn 0.000000 -0.000000 1.000000
vn 0.000000 -0.000000 1.000000
vn 0.000100 0.000100 1.000000
vn 0.000100 -0.000000 1.000000
vn 0.309590 -0.000000 0.950870
vn 0.309590 -0.000000 0.950870
vn 0.309590 -0.000100 0.950870
vn 1.000000 0.000000 0.000000
vn 1.000000 0.000000 0.000000
vn 1.000000 0.000000 0.000000
vn 1.000000 0.000000 0.000000
vn 1.000000 0.000000 -0.000100
vn 1.000000 0.000000 -0.000100
vn 0.963307 0.000000 -0.268402
vn 0.963307 0.000000 -0.268402
vn 0.855572 0.000000 -0.517683
vn 0.855572 0.000000 -0.517683
vn 0.855572 0.000000 -0.517683
vn -0.044700 0.000000 -0.999000
vn 0.012300 0.000000 -0.999924
vn 0.012300 0.000000 -0.999924
vn -0.044700 0.000000 -0.999000
vn 0.012300 0.000000 -0.999924
vn 0.012300 0.000000 -0.999924
vn -0.044700 0.000000 -0.999000
vn 0.012300 0.000000 -0.999924
vn 0.069499 0.000000 -0.997582
vn 0.069598 0.000000 -0.997575
vn 0.184796 0.000000 -0.982777
vn 0.184796 0.000000 -0.982777
vn 0.406194 0.000000 -0.913787
vn 0.406194 0.000000 -0.913787
vn 0.605187 0.000000 -0.796083
vn 0.605187 0.000000 -0.796083
vn 0.769433 0.000000 -0.638728
vn 0.769433 0.000000 -0.638728
vn 0.895723 0.000000 -0.444612
vn 0.895723 0.000000 -0.444612
vn 0.974104 0.000000 -0.226101
vn 0.974104 0.000000 -0.226101
vn 0.993561 0.000000 -0.113296
vn 0.993561 0.000000 -0.113296
vn 1.000000 0.000000 0.000000
vn 1.000000 0.000000 0.000000
vn 0.993561 0.000000 -0.113296
vn 0.974104 0.000000 -0.226101
vn 0.184796 0.000000 -0.982777
vn 0.069598 0.000000 -0.997575
vn 0.069499 0.000000 -0.997582
vn 0.069598 0.000000 -0.997575
vn 1.000000 0.000000 0.000000
vn 1.000000 0.000000 0.000000
vn 1.000000 0.000000 0.000000
vn 1.000000 0.000000 0.000000
vn 1.000000 0.000000 -0.000100
vn 1.000000 0.000000 -0.000100
vn 0.919955 0.000000 -0.392024
vn 0.919955 0.000000 -0.392024
vn 0.919955 0.000000 -0.392024
vn 0.000000 0.000000 -1.000000
vn 0.000000 0.000000 -1.000000
vn 0.000000 0.000000 -1.000000
vn 0.000000 0.000000 -1.000000
vn -1.000000 0.000000 0.000000
vn -1.000000 0.000000 0.000000
vn -1.000000 0.000000 0.000000
vn -1.000000 0.000000 0.000000
vn -0.950870 0.000000 -0.309590
vn -1.000000 0.000000 -0.000100
vn -0.950899 0.000000 -0.309500
vn -1.000000 0.000000 -0.000100
vn -0.950870 0.000000 -0.309590
vn 0.707107 0.000000 -0.707107
vn 0.707107 0.000000 -0.707107
vn 0.707107 0.000000 -0.707107
vn 0.707107 0.000000 -0.707107
vn 0.707107 0.000000 -0.707107
vn -0.707107 -0.000000 0.707107
vn -0.707107 -0.000000 0.707107
vn -0.707107 -0.000000 0.707107
vn -0.707107 -0.000000 0.707107
vn -0.707107 -0.000000 0.707107
vn -0.707107 0.000000 -0.707107
vn -0.707107 0.000000 -0.707107
vn -0.707107 0.000000 -0.707107
vn -0.707107 0.000000 -0.707107
vn -0.707107 0.000000 -0.707107
vn -0.707107 0.000000 -0.707107
vn -0.707107 0.000000 -0.707107
vn -0.707107 0.000000 -0.707107
vn -0.707107 0.000000 -0.707107
vn 0.388482 0.000000 -0.921456
vn 0.000100 0.000000 -1.000000
vn 0.388482 0.000000 -0.921456
vn 0.000100 0.000000 -1.000000
vn 0.388482 0.000100 -0.921456
vn 0.707107 0.000000 -0.707107
vn 0.707107 0.000000 -0.707107
vn 0.707107 0.000000 -0.707107
vn 0.707107 0.000000 -0.707107
vn 0.707107 0.000000 -0.707107
vn 0.707107 0.000000 -0.707107
vn 0.707107 0.000000 -0.707107
vn 0.707107 0.000000 -0.707107
vn 0.707107 0.000000 -0.707107
vn -0.707107 -0.000000 0.707107
vn -0.707107 -0.000000 0.707107
vn -0.707107 -0.000000 0.707107
vn -0.707107 -0.000000 0.707107
vn -0.707107 -0.000000 0.707107
vn -0.887050 0.000000 -0.461674
vn -1.000000 0.000000 -0.000100
vn -0.887050 0.000000 -0.461674
vn -0.887050 0.000000 -0.461674
vn -1.000000 0.000000 -0.000100
vn -0.707107 0.000000 -0.707107
vn -0.707107 0.000000 -0.707107
vn -0.707107 0.000000 -0.707107
vn -0.707107 0.000000 -0.707107
vn -0.391903 -0.000000 0.920007
vn -0.000100 -0.000000 1.000000
vn -0.392023 -0.000000 0.919955
vn -0.000100 -0.000000 1.000000
vn -0.391903 -0.000000 0.920007
vn -0.707107 0.000000 -0.707107
vn -0.707107 0.000000 -0.707107
vn -0.707107 0.000000 -0.707107
vn -0.707107 0.000000 -0.707107
vn -0.707107 0.000000 -0.707107
vn -0.707057 -0.000000 0.707157
vn -0.707057 -0.000000 0.707157
vn -0.707057 -0.000000 0.707157
vn -0.707057 -0.000000 0.707157
vn 0.246298 0.000000 -0.969194
vn 0.246298 0.000000 -0.969194
vn -0.044600 0.000000 -0.999005
vn -0.044600 0.000000 -0.999005
vn -0.044600 0.000000 -0.999005
vn 0.246298 0.000000 -0.969194
vn 0.707107 -0.000000 0.707107
vn 0.707107 -0.000000 0.707107
vn 0.707107 -0.000000 0.707107
vn 0.707107 -0.000000 0.707107
vn 0.707107 -0.000000 0.707107
vn -0.707107 0.000000 -0.707107
vn -0.707107 0.000000 -0.707107
vn -0.707107 0.000000 -0.707107
vn -0.707107 0.000000 -0.707107
vn -0.707107 0.000000 -0.707107
vn 0.707107 0.000000 -0.707107
vn 0.707107 0.000000 -0.707107
vn 0.707107 0.000000 -0.707107
vn 0.707107 0.000000 -0.707107
vn -0.707107 -0.000000 0.707107
vn -0.707107 -0.000000 0.707107
vn -0.707107 -0.000000 0.707107
vn -0.707107 -0.000000 0.707107
vn -0.707107 -0.000000 0.707107
vn 0.707107 0.000000 -0.707107
vn 0.707107 0.000000 -0.707107
vn 0.707107 0.000000 -0.707107
vn 0.707107 0.000000 -0.707107
vn 0.707107 0.000000 -0.707107
vn 0.885100 -0.000000 0.465400
vn 1.000000 -0.000000 0.000100
vn 0.885059 -0.000000 0.465479
vn 0.885100 -0.000000 0.465400
vn 1.000000 -0.000000 0.000100
vn 0.949451 -0.000000 0.313917
vn 1.000000 -0.000000 0.000100
vn 0.949451 -0.000000 0.313917
vn 1.000000 -0.000000 0.000100
vn 0.949451 -0.000000 0.313917
vn -0.707107 -0.000000 0.707107
vn -0.707107 -0.000000 0.707107
vn -0.707107 -0.000000 0.707107
vn -0.707107 -0.000000 0.707107
vn -0.707107 -0.000000 0.707107
vn 0.707107 0.000000 -0.707107
vn 0.707107 0.000000 -0.707107
vn 0.707107 0.000000 -0.707107
vn 0.707107 0.000000 -0.707107
vn 0.707107 0.000000 -0.707107
vn -0.707107 0.000000 -0.707107
vn -0.707107 0.000000 -0.707107
vn -0.707107 0.000000 -0.707107
vn -0.707107 0.000000 -0.707107
vn -0.707107 0.000000 -0.707107
vn 0.707107 -0.000000 0.707107
vn 0.707107 -0.000000 0.707107
vn 0.707107 -0.000000 0.707107
vn 0.707107 -0.000000 0.707107
vn 0.707107 -0.000000 0.707107
vn -0.533876 -0.000000 0.845563
vn -0.273796 -0.000000 0.961788
vn -0.533688 -0.000000 0.845681
vn -0.533876 -0.000000 0.845563
vn -0.273796 -0.000000 0.961788
vn -0.000100 -0.000000 1.000000
vn -0.000100 -0.000000 1.000000
vn -0.707107 -0.000000 0.707107
vn -0.707107 -0.000000 0.707107
vn -0.707107 -0.000000 0.707107
vn -0.707107 -0.000000 0.707107
vn 0.000000 -1.000000 -0.000000
vn 0.000000 -1.000000 -0.000000
vn 0.000000 -1.000000 -0.000000
vn 0.000000 -1.000000 -0.000000
vn 0.000000 -1.000000 -0.000000
vn 0.000000 -1.000000 -0.000000
vn 0.000000 -1.000000 -0.000000
vn 0.000000 -1.000000 -0.000000
vn 0.000000 -1.000000 -0.000000
vn 0.000000 -1.000000 -0.000000
vn 0.000000 -1.000000 -0.000000
vn 0.000000 -1.000000 -0.000000
vn 0.000000 -1.000000 -0.000000
vn 0.000000 -1.000000 -0.000000
vn 0.000000 -1.000000 -0.000000
vn 0.000000 -1.000000 -0.000000
vn 0.000000 -1.000000 -0.000000
vn 0.000000 -1.000000 -0.000000
vn 0.000000 -1.000000 -0.000000
vn 0.000000 -1.000000 -0.000000
vn 0.000000 -1.000000 -0.000000
vn 0.000000 -1.000000 -0.000000
vn 0.000000 -1.000000 -0.000000
vn 0.000000 -1.000000 -0.000000
vn 0.000000 -1.000000 -0.000000
vn 0.000000 -1.000000 -0.000000
vn 0.000000 -1.000000 -0.000000
vn 0.000000 -1.000000 -0.000000
vn 0.000000 -1.000000 -0.000000
vn 0.000000 -1.000000 -0.000000
vn 0.000000 -1.000000 -0.000000
vn 0.000000 -1.000000 -0.000000
vn 0.000000 -1.000000 -0.000000
vn 0.000000 -1.000000 -0.000000
vn 0.000000 -1.000000 -0.000000
vn 0.000000 -1.000000 -0.000000
vn 0.000000 -1.000000 -0.000000
vn 0.000000 -1.000000 -0.000000
vn 0.000000 -1.000000 -0.000000
vn 0.000000 -1.000000 -0.000000
vn 0.000000 -1.000000 -0.000000
vn 0.000000 -1.000000 -0.000000
vn 0.000000 -1.000000 -0.000000
vn 0.000000 -1.000000 -0.000000
vn 0.000000 -1.000000 -0.000000
vn 0.000000 -1.000000 -0.000000
vn 0.000000 -1.000000 -0.000000
vn 0.000000 -1.000000 -0.000000
vn 0.000000 -1.000000 -0.000000
vn 0.000000 -1.000000 -0.000000
vn 0.000000 -1.000000 -0.000000
vn 0.000000 -1.000000 -0.000000
vn 0.000000 -1.000000 -0.000000
vn 0.000000 -1.000000 -0.000000
vn 0.000000 -1.000000 -0.000000
vn 0.000000 -1.000000 -0.000000
vn 0.000000 -1.000000 -0.000000
vn 0.000000 -1.000000 -0.000000
vn 0.000000 -1.000000 -0.000000
vn 0.000000 -1.000000 -0.000000
vn 0.000000 -1.000000 -0.000000
vn 0.000000 -1.000000 -0.000000
vn 0.000000 -1.000000 -0.000000
vn 0.000000 -1.000000 -0.000000
vn 0.000000 -1.000000 -0.000000
vn 0.000000 -1.000000 -0.000000
vn 0.000000 -1.000000 -0.000000
vn 0.000000 -1.000000 -0.000000
vn 0.000000 -1.000000 -0.000000
vn 0.000000 -1.000000 -0.000000
vn 0.000000 -1.000000 -0.000000
vn 0.000000 -1.000000 -0.000000
vn 0.000000 -1.000000 -0.000000
vn 0.000000 -1.000000 -0.000000
vn 0.000000 -1.000000 -0.000000
vn 0.000000 -1.000000 -0.000000
vn 0.000000 -1.000000 -0.000000
vn 0.000000 -1.000000 -0.000000
vn 0.000000 -1.000000 -0.000000
vn 0.000000 -1.000000 -0.000000
vn 0.000000 -1.000000 -0.000000
vn 0.000000 -1.000000 -0.000000
vn 0.000000 -1.000000 -0.000000
vn 0.000000 -1.000000 -0.000000
vn 0.000000 -1.000000 -0.000000
vn 0.000000 -1.000000 -0.000000
vn 0.000000 -1.000000 -0.000000
vn 0.000000 -1.000000 -0.000000
vn 0.000000 -1.000000 -0.000000
vn 0.000000 -1.000000 -0.000000
vn 0.000000 -1.000000 -0.000000
vn 0.000000 -1.000000 -0.000000
vn 0.000000 -1.000000 -0.000000
vn 0.000000 -1.000000 -0.000000
vn 0.000000 -1.000000 -0.000000
vn 0.000000 -1.000000 -0.000000
vn 0.000000 -1.000000 -0.000000
vn 0.000000 -1.000000 -0.000000
vn 0.000000 -1.000000 -0.000000
vn 0.000000 -1.000000 -0.000000
vn 0.000000 -1.000000 -0.000000
vn 0.000000 -1.000000 -0.000000
vn 0.000000 -1.000000 -0.000000
vn 0.000000 -1.000000 -0.000000
vn 0.000000 -1.000000 -0.000000
vn 0.000000 -1.000000 -0.000000
vn 0.000000 -1.000000 -0.000000
vn 0.000000 -1.000000 -0.000000
vn 0.000000 -1.000000 -0.000000
vn 0.000000 -1.000000 -0.000000
vn 0.000000 -1.000000 -0.000000
vn 0.000000 -1.000000 -0.000000
vn 0.000000 -1.000000 -0.000000
vn 0.000000 -1.000000 -0.000000
vn 0.000000 -1.000000 -0.000000
vn 0.000000 -1.000000 -0.000000
vn 0.000000 -1.000000 -0.000000
vn 0.000000 -1.000000 -0.000000
vn 0.000000 -1.000000 -0.000000
vn 0.000000 -1.000000 -0.000000
vn 0.000000 -1.000000 -0.000000
vn 0.000000 -1.000000 -0.000000
vn 0.000000 -1.000000 -0.000000
vn 0.000000 -1.000000 -0.000000
vn 0.000000 -1.000000 -0.000000
vn 0.000000 -1.000000 -0.000000
vn 0.000000 -1.000000 -0.000000
vn 0.000000 -1.000000 -0.000000
vn 0.000000 -1.000000 -0.000000
vn 0.000000 -1.000000 -0.000000
vn 0.000000 -1.000000 -0.000000
vn 0.000000 -1.000000 -0.000000
vn 0.000000 -1.000000 -0.000000
vn 0.000000 -1.000000 -0.000000
vn 0.000000 -1.000000 -0.000000
vn 0.000000 -1.000000 -0.000000
vn 0.000000 -1.000000 -0.000000
vn 0.000000 -1.000000 -0.000000
vn 0.000000 -1.000000 -0.000000
vn 0.000000 -1.000000 -0.000000
vn 0.000000 -1.000000 -0.000000
vn 0.000000 -1.000000 -0.000000
vn 0.000000 -1.000000 -0.000000
vn 0.000000 -1.000000 -0.000000
vn 0.000000 -1.000000 -0.000000
vn 0.000000 -1.000000 -0.000000
vn 0.000000 -1.000000 -0.000000
vn 0.000000 -1.000000 -0.000000
vn 0.000000 -1.000000 -0.000000
vn 0.000000 -1.000000 -0.000000
vn 0.000000 -1.000000 -0.000000
vn 0.000000 -1.000000 -0.000000
vn 0.000000 -1.000000 -0.000000
vn 0.000000 -1.000000 -0.000000
vn 0.000000 -1.000000 -0.000000
vn 0.000000 -1.000000 -0.000000
vn 0.000000 -1.000000 -0.000000
vn 0.000000 -1.000000 -0.000000
vn 0.000000 -1.000000 -0.000000
vn 0.000000 -1.000000 -0.000000
vn 0.000000 -1.000000 -0.000000
vn 0.000000 -1.000000 -0.000000
vn 0.000000 -1.000000 -0.000000
vn 0.000000 -1.000000 -0.000000
vn 0.000000 -1.000000 -0.000000
vn 0.000000 -1.000000 -0.000000
vn 0.000000 -1.000000 -0.000000
vn 0.000000 -1.000000 -0.000000
vn 0.000000 -1.000000 -0.000000
vn 0.000000 -1.000000 -0.000000
vn 0.000000 -1.000000 -0.000000
vn 0.000000 -1.000000 -0.000000
vn 0.000000 -1.000000 -0.000000
vn 0.000000 -1.000000 -0.000000
vn 0.000000 -1.000000 -0.000000
vn 0.000000 -1.000000 -0.000000
vn 0.000000 -1.000000 -0.000000
vn 0.000000 -1.000000 -0.000000
vn 0.000000 -1.000000 -0.000000
vn 0.000000 -1.000000 -0.000000
vn 0.000000 -1.000000 -0.000000
vn 0.000000 -1.000000 -0.000000
vn 0.000000 -1.000000 -0.000000
vn 0.000000 -1.000000 -0.000000
vn 0.000000 -1.000000 -0.000000
vn 0.000000 -1.000000 -0.000000
vn 0.000000 -1.000000 -0.000000
vn 0.000000 -1.000000 -0.000000
vn 0.000000 -1.000000 -0.000000
vn 0.000000 -1.000000 -0.000000
vn 0.000000 -1.000000 -0.000000
vn 0.000000 -1.000000 -0.000000
vn 0.000000 -1.000000 -0.000000
vn 0.000000 -1.000000 -0.000000
vn 0.000000 -1.000000 -0.000000
vn 0.000000 -1.000000 -0.000000
vn 0.000000 -1.000000 -0.000000
vn 0.000000 -1.000000 -0.000000
vn 0.000000 -1.000000 -0.000000
vn 0.000000 -1.000000 -0.000000
vn 0.000000 -1.000000 -0.000000
vn 0.000000 -1.000000 -0.000000
vn 0.000000 -1.000000 -0.000000
vn 0.000000 -1.000000 -0.000000
vn 0.000000 -1.000000 -0.000000
vn 0.000000 -1.000000 -0.000000
vn 0.000000 -1.000000 -0.000000
vn 0.000000 -1.000000 -0.000000
vn 0.000000 -1.000000 -0.000000
vn 0.000000 -1.000000 -0.000000
vn 0.000000 -1.000000 -0.000000
vn 0.000000 -1.000000 -0.000000
vn 0.000000 -1.000000 -0.000000
vn 0.000000 -1.000000 -0.000000
vn 0.000000 -1.000000 -0.000000
vn 0.000000 -1.000000 -0.000000
vn 0.000000 -1.000000 -0.000000
vn 0.000000 -1.000000 -0.000000
vn 0.000000 -1.000000 -0.000000
vn 0.000000 -1.000000 -0.000000
vn 0.000000 -1.000000 -0.000000
vn 0.000000 -1.000000 -0.000000
vn 0.000000 -1.000000 -0.000000
vn 0.000000 -1.000000 -0.000000
vn 0.000000 -1.000000 -0.000000
vn 0.000000 -1.000000 -0.000000
vn 0.000000 -1.000000 -0.000000
vn 0.000000 -1.000000 -0.000000
vn 0.000000 -1.000000 -0.000000
vn 0.000000 -1.000000 -0.000000
vn 0.000000 -1.000000 -0.000000
vn 0.000000 -1.000000 -0.000000
vn 0.000000 -1.000000 -0.000000
vn 0.000000 -1.000000 -0.000000
vn 0.000000 -1.000000 -0.000000
vn 0.000000 -1.000000 -0.000000
vn 0.000000 -1.000000 -0.000000
vn 0.000000 -1.000000 -0.000000
vn 0.000000 -1.000000 -0.000000
vn 0.000000 -1.000000 -0.000000
vn 0.000000 -1.000000 -0.000000
vn 0.000000 -1.000000 -0.000000
vn 0.000000 -1.000000 -0.000000
vn 0.000000 -1.000000 -0.000000
vn 0.000000 -1.000000 -0.000000
vn 0.000000 -1.000000 -0.000000
vn 0.000000 -1.000000 -0.000000
vn 0.000000 -1.000000 -0.000000
vn 0.000000 -1.000000 -0.000000
vn 0.000000 -1.000000 -0.000000
vn 0.000000 -1.000000 -0.000000
vn 0.000000 -1.000000 -0.000000
vn 0.000000 -1.000000 -0.000000
vn 0.000000 -1.000000 -0.000000
vn 0.000000 -1.000000 -0.000000
vn 0.000000 -1.000000 -0.000000
vn 0.000000 -1.000000 -0.000000
vn 0.000000 -1.000000 -0.000000
vn 0.000000 -1.000000 -0.000000
vn 0.000000 -1.000000 -0.000000
vn 0.000000 -1.000000 -0.000000
vn 0.000000 -1.000000 -0.000000
vn 0.000000 -1.000000 -0.000000
vn 0.000000 -1.000000 -0.000000
vn 0.000000 -1.000000 -0.000000
vn 0.000000 -1.000000 -0.000000
vn 0.000000 -1.000000 -0.000000
vn 0.000000 -1.000000 -0.000000
vn 0.000000 -1.000000 -0.000000
vn 0.000000 -1.000000 -0.000000
vn 0.000000 -1.000000 -0.000000
vn 0.000000 -1.000000 -0.000000
vn 0.000000 -1.000000 -0.000000
vn 0.000000 -1.000000 -0.000000
vn 0.000000 -1.000000 -0.000000
vn 0.000000 -1.000000 -0.000000
vn 0.000000 -1.000000 -0.000000
vn 0.000000 -1.000000 -0.000000
vn 0.000000 -1.000000 -0.000000
vn 0.000000 -1.000000 -0.000000
vn 0.000000 -1.000000 -0.000000
vn 0.000000 -1.000000 -0.000000
vn 0.000000 -1.000000 -0.000000
vn 0.000000 -1.000000 -0.000000
vn 0.000000 -1.000000 -0.000000
vn 0.000000 -1.000000 -0.000000
vn 0.000000 -1.000000 -0.000000
vn 0.000000 -1.000000 -0.000000
vn 0.000000 -1.000000 -0.000000
vn 0.000000 -1.000000 -0.000000
vn 0.000000 -1.000000 -0.000000
vn 0.000000 -1.000000 -0.000000
vn 0.000000 -1.000000 -0.000000
vn 0.000000 -1.000000 -0.000000
vn 0.000000 -1.000000 -0.000000
vn 0.000000 -1.000000 -0.000000
vn 0.000000 -1.000000 -0.000000
vn 0.000000 -1.000000 -0.000000
vn 0.000000 -1.000000 -0.000000
vn 0.000000 -1.000000 -0.000000
vn 0.000000 -1.000000 -0.000000
vn 0.000000 -1.000000 -0.000000
vn 0.000000 -1.000000 -0.000000
vn 0.000000 -1.000000 -0.000000
vn 0.000000 -1.000000 -0.000000
vn 0.000000 -1.000000 -0.000000
vn 0.000000 -1.000000 -0.000000
vn 0.000000 -1.000000 -0.000000
vn 0.000000 -1.000000 -0.000000
f 1//1 3//3 2//2
f 3//3 4//4 2//2
f 3//3 5//5 4//4
f 3//3 7//7 5//5
f 6//6 7//7 3//3
f 6//6 8//8 7//7
f 8//8 10//10 9//9
f 8//8 11//11 10//10
f 11//11 8//8 6//6
f 13//13 12//12 11//11
f 14//14 11//11 12//12
f 13//13 11//11 16//16
f 6//6 15//15 11//11
f 11//11 15//15 16//16
f 13//13 16//16 17//17
f 6//6 18//18 15//15
f 18//18 19//19 15//15
f 12//12 20//20 14//14
f 13//13 21//21 12//12
f 13//13 22//22 21//21
f 23//23 26//26 22//22
f 23//23 22//22 24//24
f 25//25 21//21 22//22
f 22//22 26//26 25//25
f 26//26 27//27 25//25
f 28//28 27//27 26//26
f 28//28 26//26 29//29
f 29//29 30//30 28//28
f 30//30 29//29 31//31
f 32//32 31//31 29//29
f 31//31 32//32 33//33
f 33//33 35//35 34//34
f 34//34 31//31 33//33
f 36//36 35//35 33//33
f 36//36 37//37 35//35
f 36//36 40//40 37//37
f 38//38 39//39 36//36
f 40//40 36//36 39//39
f 39//39 41//41 40//40
f 42//42 43//43 40//40
f 40//40 43//43 37//37
f 43//43 42//42 44//44
f 42//42 45//45 44//44
f 45//45 47//47 46//46
f 42//42 47//47 45//45
f 49//49 47//47 48//48
f 50//50 48//48 47//47
f 47//47 49//49 46//46
f 50//50 47//47 51//51
f 47//47 52//52 51//51
f 53//53 50//50 51//51
f 54//54 50//50 53//53
f 53//53 55//55 54//54
f 55//55 56//56 54//54
f 56//56 55//55 57//57
f 58//58 59//59 56//56
f 60//60 58//58 56//56
f 54//54 56//56 62//62
f 56//56 59//59 61//61
f 62//62 56//56 61//61
f 54//54 62//62 63//63
f 62//62 64//64 63//63
f 62//62 65//65 64//64
f 66//66 65//65 62//62
f 67//67 66//66 69//69
f 67//67 68//68 66//66
f 66//66 68//68 70//70
f 71//71 66//66 70//70
f 72//72 66//66 71//71
f 72//72 65//65 66//66
f 71//71 73//73 72//72
f 74//74 73//73 75//75
f 75//75 73//73 71//71
f 75//75 76//76 74//74
f 77//77 76//76 75//75
f 78//78 80//80 77//77
f 81//81 78//78 77//77
f 76//76 77//77 79//79
f 80//80 79//79 77//77
f 81//81 82//82 84//84
f 83//83 78//78 81//81
f 83//83 81//81 84//84
f 85//85 84//84 86//86
f 87//87 86//86 84//84
f 82//82 87//87 84//84
f 88//88 83//83 84//84
f 48//48 88//88 84//84
f 89//89 88//88 48//48
f 90//90 89//89 48//48
f 48//48 50//50 90//90
f 87//87 82//82 91//91
f 93//93 91//91 92//92
f 82//82 92//92 91//91
f 92//92 94//94 93//93
f 95//95 94//94 96//96
f 94//94 92//92 96//96
f 97//97 98//98 96//96
f 98//98 99//99 96//96
f 95//95 96//96 99//99
f 100//100 98//98 97//97
f 102//102 100//100 97//97
f 101//101 100//100 102//102
f 103//103 102//102 105//105
f 102//102 106//106 104//104
f 104//104 105//105 102//102
f 106//106 102//102 97//97
f 107//107 101//101 102//102
f 111//111 108//108 107//107
f 108//108 101//101 107//107
f 109//109 110//110 107//107
f 110//110 112//112 107//107
f 112//112 111//111 107//107
f 112//112 113//113 115//115
f 112//112 110//110 113//113
f 114//114 112//112 115//115
f 116//116 114//114 115//115
f 117//117 114//114 116//116
f 116//116 118//118 117//117
f 117//117 119//119 121//121
f 120//120 119//119 117//117
f 117//117 85//85 114//114
f 122//122 117//117 121//121
f 122//122 85//85 117//117
f 124//124 120//120 123//123
f 25//25 123//123 120//120
f 124//124 119//119 120//120
f 27//27 123//123 25//25
f 85//85 125//125 114//114
f 126//126 125//125 85//85
f 86//86 126//126 85//85
f 113//113 110//110 127//127
f 109//109 128//128 110//110
f 110//110 128//128 129//129
f 110//110 129//129 130//130
f 129//129 131//131 130//130
f 130//130 131//131 132//132
f 130//130 132//132 5//5
f 132//132 133//133 5//5
f 133//133 134//134 4//4
f 5//5 133//133 4//4
f 136//136 135//135 134//134
f 4//4 134//134 135//135
f 136//136 137//137 135//135
f 138//138 137//137 139//139
f 138//138 140//140 137//137
f 140//140 135//135 137//137
f 141//141 138//138 139//139
f 138//138 141//141 142//142
f 143//143 142//142 141//141
f 143//143 144//144 142//142
f 144//144 143//143 145//145
f 145//145 146//146 144//144
f 147//147 146//146 145//145
f 148//148 146//146 147//147
f 148//148 150//150 146//146
f 149//149 150//150 148//148
f 150//150 149//149 152//152
f 150//150 103//103 151//151
f 151//151 153//153 150//150
f 103//103 150//150 152//152
f 150//150 153//153 154//154
f 151//151 155//155 153//153
f 157//157 156//156 155//155
f 157//157 155//155 151//151
f 160//160 157//157 158//158
f 159//159 157//157 160//160
f 156//156 157//157 159//159
f 160//160 164//164 161//161
f 159//159 160//160 162//162
f 158//158 163//163 160//160
f 160//160 163//163 164//164
f 164//164 165//165 161//161
f 161//161 165//165 166//166
f 166//166 165//165 167//167
f 167//167 168//168 166//166
f 169//169 168//168 167//167
f 168//168 169//169 170//170
f 168//168 170//170 171//171
f 173//173 171//171 172//172
f 171//171 173//173 168//168
f 174//174 106//106 173//173
f 172//172 174//174 173//173
f 174//174 104//104 106//106
f 166//166 175//175 161//161
f 175//175 176//176 161//161
f 176//176 175//175 177//177
f 177//177 175//175 178//178
f 178//178 179//179 177//177
f 178//178 180//180 179//179
f 181//181 180//180 178//178
f 182//182 180//180 181//181
f 181//181 183//183 182//182
f 183//183 181//181 184//184
f 70//70 184//184 181//181
f 70//70 68//68 184//184
f 185//185 161//161 176//176
f 186//186 185//185 187//187
f 186//186 161//161 185//185
f 186//186 187//187 188//188
f 188//188 189//189 186//186
f 190//190 189//189 193//193
f 186//186 189//189 190//190
f 189//189 191//191 192//192
f 192//192 193//193 189//189
f 194//194 190//190 193//193
f 195//195 192//192 191//191
f 195//195 191//191 196//196
f 195//195 196//196 197//197
f 198//198 196//196 69//69
f 196//196 191//191 69//69
f 200//200 196//196 198//198
f 199//199 196//196 201//201
f 196//196 200//200 201//201
f 199//199 201//201 202//202
f 202//202 203//203 199//199
f 205//205 204//204 203//203
f 204//204 199//199 203//203
f 206//206 204//204 205//205
f 207//207 206//206 205//205
f 206//206 207//207 208//208
f 208//208 207//207 209//209
f 208//208 209//209 210//210
f 208//208 210//210 211//211
f 210//210 213//213 211//211
f 212//212 213//213 210//210
f 213//213 214//214 215//215
f 213//213 216//216 214//214
f 213//213 217//217 216//216
f 217//217 213//213 212//212
f 218//218 214//214 216//216
f 218//218 216//216 219//219
f 219//219 220//220 60//60
f 219//219 60//60 218//218
f 220//220 58//58 60//60
f 218//218 221//221 214//214
f 222//222 214//214 221//221
f 222//222 221//221 223//223
f 224//224 226//226 223//223
f 223//223 225//225 224//224
f 222//222 223//223 226//226
f 226//226 227//227 222//222
f 226//226 231//231 227//227
f 226//226 228//228 230//230
f 228//228 226//226 229//229
f 230//230 231//231 226//226
f 231//231 230//230 232//232
f 230//230 41//41 39//39
f 230//230 228//228 41//41
f 228//228 229//229 233//233
f 234//234 235//235 227//227
f 235//235 222//222 227//227
f 214//214 236//236 215//215
f 204//204 206//206 237//237
f 238//238 237//237 206//206
f 237//237 238//238 239//239
f 204//204 237//237 240//240
f 237//237 241//241 240//240
f 241//241 237//237 242//242
f 242//242 243//243 241//241
f 243//243 242//242 244//244
f 244//244 242//242 245//245
f 246//246 243//243 244//244
f 247//247 243//243 246//246
f 246//246 248//248 247//247
f 243//243 247//247 249//249
f 249//249 247//247 250//250
f 251//251 250//250 254//254
f 251//251 252//252 250//250
f 252//252 253//253 250//250
f 250//250 253//253 255//255
f 250//250 255//255 249//249
f 256//256 253//253 252//252
f 257//257 253//253 256//256
f 257//257 258//258 253//253
f 190//190 258//258 260//260
f 259//259 258//258 257//257
f 260//260 258//258 259//259
f 261//261 190//190 260//260
f 190//190 261//261 262//262
f 262//262 186//186 190//190
f 256//256 252//252 263//263
f 252//252 264//264 263//263
f 263//263 264//264 265//265
f 264//264 266//266 265//265
f 264//264 267//267 266//266
f 267//267 268//268 266//266
f 266//266 268//268 269//269
f 268//268 270//270 269//269
f 270//270 268//268 272//272
f 271//271 270//270 272//272
f 273//273 271//271 272//272
f 272//272 274//274 273//273
f 275//275 274//274 272//272
f 276//276 274//274 275//275
f 274//274 277//277 273//273
f 274//274 278//278 277//277
f 274//274 279//279 278//278
f 279//279 280//280 278//278
f 280//280 279//279 282//282
f 281//281 282//282 279//279
f 283//283 280//280 282//282
f 284//284 283//283 285//285
f 284//284 280//280 283//283
f 280//280 284//284 286//286
f 286//286 284//284 287//287
f 142//142 287//287 288//288
f 287//287 289//289 288//288
f 287//287 142//142 144//144
f 144//144 290//290 287//287
f 287//287 290//290 286//286
f 286//286 292//292 280//280
f 291//291 292//292 286//286
f 278//278 280//280 293//293
f 293//293 294//294 278//278
f 273//273 295//295 296//296
f 273//273 296//296 271//271
f 296//296 295//295 297//297
f 297//297 295//295 298//298
f 299//299 298//298 159//159
f 298//298 295//295 159//159
f 159//159 162//162 299//299
f 249//249 300//300 243//243
f 300//300 249//249 301//301
f 241//241 243//243 302//302
f 302//302 303//303 241//241
f 69//69 191//191 304//304
f 69//69 304//304 305//305
f 305//305 67//67 69//69
f 159//159 306//306 156//156
f 103//103 307//307 151//151
f 308//308 307//307 103//103
f 103//103 105//105 308//308
f 309//309 39//39 38//38
f 310//310 312//312 313//313
f 310//310 313//313 311//311
f 311//311 313//313 314//314
f 311//311 314//314 316//316
f 316//316 314//314 315//315
f 316//316 315//315 317//317
f 317//317 315//315 320//320
f 317//317 320//320 318//318
f 318//318 320//320 321//321
f 318//318 321//321 319//319
f 324//324 319//319 321//321
f 324//324 321//321 322//322
f 324//324 322//322 323//323
f 324//324 323//323 325//325
f 325//325 323//323 328//328
f 325//325 328//328 326//326
f 326//326 328//328 329//329
f 326//326 329//329 327//327
f 327//327 329//329 330//330
f 327//327 330//330 332//332
f 332//332 330//330 331//331
f 332//332 331//331 333//333
f 333//333 331//331 336//336
f 333//333 336//336 334//334
f 334//334 336//336 337//337
f 334//334 337//337 335//335
f 335//335 337//337 338//338
f 335//335 338//338 340//340
f 340//340 338//338 339//339
f 340//340 339//339 341//341
f 342//342 341//341 339//339
f 342//342 339//339 343//343
f 346//346 344//344 342//342
f 346//346 342//342 343//343
f 344//344 346//346 347//347
f 344//344 347//347 345//345
f 345//345 347//347 348//348
f 345//345 348//348 350//350
f 350//350 348//348 349//349
f 350//350 349//349 351//351
f 351//351 349//349 354//354
f 351//351 354//354 352//352
f 352//352 354//354 355//355
f 352//352 355//355 353//353
f 353//353 355//355 356//356
f 353//353 356//356 357//357
f 357//357 356//356 358//358
f 357//357 358//358 359//359
f 359//359 358//358 360//360
f 359//359 360//360 362//362
f 362//362 360//360 361//361
f 362//362 361//361 363//363
f 363//363 361//361 366//366
f 363//363 366//366 364//364
f 364//364 366//366 367//367
f 364//364 367//367 365//365
f 369//369 365//365 367//367
f 369//369 367//367 368//368
f 369//369 368//368 370//370
f 369//369 370//370 371//371
f 371//371 370//370 372//372
f 371//371 372//372 373//373
f 373//373 372//372 374//374
f 373//373 374//374 375//375
f 376//376 378//378 379//379
f 376//376 379//379 377//377
f 377//377 379//379 380//380
f 377//377 380//380 381//381
f 381//381 380//380 382//382
f 381//381 382//382 383//383
f 383//383 382//382 384//384
f 383//383 384//384 385//385
f 385//385 384//384 386//386
f 385//385 386//386 387//387
f 387//387 386//386 388//388
f 387//387 388//388 390//390
f 390//390 388//388 389//389
f 390//390 389//389 391//391
f 391//391 389//389 394//394
f 391//391 394//394 392//392
f 392//392 394//394 395//395
f 392//392 395//395 393//393
f 393//393 395//395 396//396
f 393//393 396//396 397//397
f 397//397 396//396 398//398
f 397//397 398//398 399//399
f 399//399 398//398 400//400
f 399//399 400//400 401//401
f 401//401 400//400 402//402
f 401//401 402//402 403//403
f 403//403 402//402 404//404
f 403//403 404//404 406//406
f 406//406 404//404 405//405
f 406//406 405//405 407//407
f 407//407 405//405 409//409
f 407//407 409//409 408//408
f 412//412 410//410 408//408
f 412//412 408//408 409//409
f 410//410 412//412 413//413
f 410//410 413//413 411//411
f 411//411 413//413 414//414
f 411//411 414//414 415//415
f 415//415 414//414 416//416
f 415//415 416//416 417//417
f 417//417 416//416 418//418
f 417//417 418//418 419//419
f 419//419 418//418 420//420
f 419//419 420//420 421//421
f 421//421 420//420 422//422
f 421//421 422//422 423//423
f 423//423 422//422 424//424
f 423//423 424//424 425//425
f 425//425 424//424 426//426
f 425//425 426//426 428//428
f 428//428 426//426 427//427
f 428//428 427//427 429//429
f 429//429 427//427 432//432
f 429//429 432//432 430//430
f 430//430 432//432 433//433
f 430//430 433//433 431//431
f 431//431 433//433 434//434
f 431//431 434//434 435//435
f 435//435 434//434 436//436
f 435//435 436//436 437//437
f 437//437 436//436 438//438
f 437//437 438//438 439//439
f 439//439 438//438 440//440
f 439//439 440//440 441//441
f 443//443 442//442 444//444
f 443//443 444//444 445//445
f 443//443 445//445 446//446
f 443//443 446//446 448//448
f 448//448 446//446 447//447
f 448//448 447//447 449//449
f 449//449 447//447 452//452
f 449//449 452//452 450//450
f 450//450 452//452 453//453
f 450//450 453//453 451//451
f 451//451 453//453 454//454
f 451//451 454//454 456//456
f 456//456 454//454 455//455
f 456//456 455//455 457//457
f 457//457 455//455 460//460
f 457//457 460//460 458//458
f 458//458 460//460 461//461
f 458//458 461//461 459//459
f 459//459 461//461 462//462
f 459//459 462//462 464//464
f 464//464 462//462 463//463
f 464//464 463//463 465//465
f 465//465 463//463 468//468
f 465//465 468//468 466//466
f 466//466 468//468 469//469
f 466//466 469//469 467//467
f 467//467 469//469 470//470
f 467//467 470//470 472//472
f 472//472 470//470 471//471
f 472//472 471//471 473//473
f 474//474 473//473 471//471
f 474//474 471//471 475//475
f 478//478 476//476 474//474
f 478//478 474//474 475//475
f 476//476 478//478 479//479
f 476//476 479//479 477//477
f 477//477 479//479 480//480
f 477//477 480//480 482//482
f 482//482 480//480 481//481
f 482//482 481//481 483//483
f 483//483 481//481 486//486
f 483//483 486//486 484//484
f 484//484 486//486 487//487
f 484//484 487//487 485//485
f 485//485 487//487 488//488
f 485//485 488//488 489//489
f 489//489 488//488 490//490
f 489//489 490//490 491//491
f 491//491 490//490 492//492
f 491//491 492//492 493//493
f 493//493 492//492 494//494
f 493//493 494//494 495//495
f 495//495 494//494 496//496
f 495//495 496//496 497//497
f 497//497 496//496 498//498
f 497//497 498//498 500//500
f 500//500 498//498 499//499
f 500//500 499//499 501//501
f 501//501 499//499 503//503
f 501//501 503//503 502//502
f 502//502 503//503 506//506
f 502//502 506//506 504//504
f 504//504 506//506 507//507
f 504//504 507//507 505//505
f 508//508 510//510 511//511
f 508//508 511//511 509//509
f 509//509 511//511 512//512
f 509//509 512//512 513//513
f 516//516 513//513 512//512
f 516//516 512//512 514//514
f 516//516 514//514 515//515
f 516//516 515//515 517//517
f 517//517 515//515 519//519
f 517//517 519//519 518//518
f 518//518 519//519 522//522
f 518//518 522//522 520//520
f 520//520 522//522 523//523
f 520//520 523//523 521//521
f 521//521 523//523 524//524
f 521//521 524//524 525//525
f 527//527 525//525 524//524
f 527//527 524//524 526//526
f 527//527 526//526 528//528
f 527//527 528//528 529//529
f 529//529 528//528 530//530
f 529//529 530//530 532//532
f 532//532 530//530 531//531
f 532//532 531//531 533//533
f 533//533 531//531 535//535
f 533//533 535//535 534//534
f 534//534 535//535 538//538
f 534//534 538//538 536//536
f 536//536 538//538 539//539
f 536//536 539//539 537//537
f 540//540 541//541 537//537
f 540//540 537//537 539//539
f 541//541 540//540 542//542
f 541//541 542//542 543//543
f 543//543 542//542 544//544
f 543//543 544//544 545//545
f 545//545 544//544 546//546
f 545//545 546//546 548//548
f 548//548 546//546 547//547
f 548//548 547//547 549//549
f 549//549 547//547 551//551
f 549//549 551//551 550//550
f 550//550 551//551 554//554
f 550//550 554//554 552//552
f 552//552 554//554 555//555
f 552//552 555//555 553//553
f 553//553 555//555 556//556
f 553//553 556//556 557//557
f 557//557 556//556 558//558
f 557//557 558//558 559//559
f 559//559 558//558 560//560
f 559//559 560//560 561//561
f 561//561 560//560 562//562
f 561//561 562//562 563//563
f 563//563 562//562 564//564
f 563//563 564//564 566//566
f 566//566 564//564 565//565
f 566//566 565//565 567//567
f 567//567 565//565 570//570
f 567//567 570//570 568//568
f 568//568 570//570 571//571
f 568//568 571//571 569//569
f 572//572 573//573 569//569
f 572//572 569//569 571//571
f 575//575 574//574 576//576
f 575//575 576//576 577//577
f 577//577 576//576 578//578
f 577//577 578//578 579//579
f 579//579 578//578 580//580
f 579//579 580//580 582//582
f 582//582 580//580 581//581
f 582//582 581//581 583//583
f 583//583 581//581 585//585
f 583//583 585//585 584//584
f 584//584 585//585 588//588
f 584//584 588//588 586//586
f 586//586 588//588 589//589
f 586//586 589//589 587//587
f 591//591 587//587 589//589
f 591//591 589//589 590//590
f 591//591 590//590 592//592
f 591//591 592//592 593//593
f 593//593 592//592 594//594
f 593//593 594//594 595//595
f 595//595 594//594 596//596
f 595//595 596//596 598//598
f 599//599 598//598 596//596
f 599//599 596//596 597//597
f 600//600 599//599 597//597
f 600//600 597//597 601//601
f 600//600 601//601 604//604
f 600//600 604//604 602//602
f 602//602 604//604 605//605
f 602//602 605//605 603//603
f 603//603 605//605 606//606
f 603//603 606//606 607//607
f 608//608 610//610 607//607
f 608//608 607//607 606//606
f 610//610 608//608 609//609
f 610//610 609//609 611//611
f 611//611 609//609 614//614
f 611//611 614//614 612//612
f 612//612 614//614 615//615
f 612//612 615//615 613//613
f 613//613 615//615 616//616
f 613//613 616//616 617//617
f 617//617 616//616 618//618
f 617//617 618//618 619//619
f 622//622 619//619 618//618
f 622//622 618//618 620//620
f 623//623 622//622 620//620
f 623//623 620//620 621//621
f 623//623 621//621 626//626
f 623//623 626//626 624//624
f 624//624 626//626 627//627
f 624//624 627//627 625//625
f 625//625 627//627 628//628
f 625//625 628//628 629//629
f 632//632 629//629 628//628
f 632//632 628//628 630//630
f 633//633 632//632 630//630
f 633//633 630//630 631//631
f 633//633 631//631 635//635
f 633//633 635//635 634//634
f 634//634 635//635 638//638
f 634//634 638//638 636//636
f 637//637 636//636 638//638
f 637//637 638//638 639//639
f 641//641 642//642 640//640
f 642//642 641//641 643//643
f 642//642 643//643 645//645
f 642//642 645//645 644//644
f 647//647 646//646 644//644
f 647//647 644//644 645//645
f 647//647 648//648 646//646
f 648//648 649//649 646//646
f 648//648 647//647 650//650
f 651//651 643//643 641//641
f 653//653 652//652 654//654
f 655//655 656//656 654//654
f 653//653 654//654 656//656
f 658//658 657//657 659//659
f 658//658 659//659 661//661
f 661//661 659//659 660//660
f 661//661 660//660 662//662
f 662//662 660//660 664//664
f 662//662 664//664 663//663
f 666//666 665//665 663//663
f 666//666 663//663 664//664
f 665//665 666//666 669//669
f 665//665 669//669 667//667
f 667//667 669//669 670//670
f 667//667 670//670 668//668
f 668//668 670//670 671//671
f 668//668 671//671 673//673
f 672//672 674//674 673//673
f 672//672 673//673 671//671
f 676//676 678//678 677//677
f 676//676 677//677 675//675
f 682//682 680//680 679//679
f 682//682 679//679 681//681
f 685//685 682//682 681//681
f 685//685 681//681 683//683
f 685//685 683//683 684//684
f 685//685 684//684 686//686
f 688//688 687//687 686//686
f 688//688 686//686 684//684
f 690//690 689//689 687//687
f 690//690 687//687 688//688
f 689//689 690//690 692//692
f 689//689 692//692 691//691
f 691//691 692//692 695//695
f 691//691 695//695 693//693
f 694//694 693//693 695//695
f 694//694 695//695 696//696
f 698//698 700//700 699//699
f 698//698 699//699 697//697
f 701//701 703//703 704//704
f 701//701 704//704 702//702
f 702//702 704//704 705//705
f 702//702 705//705 707//707
f 707//707 705//705 706//706
f 707//707 706//706 708//708
f 708//708 706//706 711//711
f 708//708 711//711 709//709
f 712//712 710//710 709//709
f 712//712 709//709 711//711
f 715//715 710//710 712//712
f 715//715 712//712 713//713
f 715//715 713//713 714//714
f 715//715 714//714 716//716
f 716//716 714//714 717//717
f 717//717 718//718 716//716
f 717//717 714//714 719//719
f 721//721 723//723 722//722
f 721//721 722//722 720//720
f 725//725 724//724 723//723
f 725//725 723//723 721//721
f 727//727 728//728 726//726
f 728//728 727//727 729//729
f 732//732 730//730 728//728
f 732//732 728//728 729//729
f 733//733 731//731 730//730
f 733//733 730//730 732//732
f 734//734 733//733 735//735
f 733//733 734//734 731//731
f 734//734 736//736 731//731
f 737//737 729//729 727//727
f 739//739 740//740 738//738
f 742//742 740//740 739//739
f 744//744 741//741 740//740
f 744//744 740//740 742//742
f 739//739 743//743 742//742
f 741//741 744//744 745//745
f 741//741 745//745 747//747
f 746//746 748//748 745//745
f 747//747 745//745 748//748
f 748//748 749//749 747//747
f 751//751 753//753 752//752
f 751//751 752//752 750//750
f 755//755 754//754 753//753
f 755//755 753//753 751//751
f 757//757 759//759 758//758
f 757//757 758//758 756//756
f 761//761 760//760 759//759
f 761//761 759//759 757//757
f 764//764 762//762 760//760
f 764//764 760//760 761//761
f 765//765 763//763 762//762
f 765//765 762//762 764//764
f 766//766 768//768 763//763
f 766//766 763//763 765//765
f 767//767 769//769 768//768
f 767//767 768//768 766//766
f 771//771 770//770 769//769
f 771//771 769//769 767//767
f 771//771 773//773 770//770
f 770//770 773//773 772//772
f 773//773 771//771 774//774
f 776//776 778//778 777//777
f 776//776 777//777 775//775
f 779//779 781//781 782//782
f 779//779 782//782 780//780
f 780//780 782//782 783//783
f 780//780 783//783 785//785
f 785//785 783//783 784//784
f 785//785 784//784 786//786
f 789//789 787//787 786//786
f 789//789 786//786 784//784
f 787//787 789//789 790//790
f 787//787 790//790 788//788
f 788//788 790//790 791//791
f 788//788 791//791 793//793
f 793//793 791//791 792//792
f 793//793 792//792 794//794
f 794//794 792//792 795//795
f 795//795 796//796 794//794
f 797//797 795//795 792//792
f 799//799 798//798 800//800
f 799//799 800//800 801//801
f 802//802 801//801 800//800
f 804//804 803//803 805//805
f 804//804 805//805 807//807
f 807//807 805//805 806//806
f 807//807 806//806 808//808
f 808//808 806//806 811//811
f 808//808 811//811 809//809
f 812//812 810//810 809//809
f 812//812 809//809 811//811
f 813//813 814//814 810//810
f 813//813 810//810 812//812
f 814//814 813//813 815//815
f 814//814 815//815 817//817
f 817//817 815//815 816//816
f 817//817 816//816 818//818
f 820//820 819//819 818//818
f 820//820 818//818 816//816
f 822//822 824//824 823//823
f 822//822 823//823 821//821
f 825//825 827//827 828//828
f 825//825 828//828 826//826
f 829//829 831//831 826//826
f 829//829 826//826 828//828
f 831//831 829//829 830//830
f 831//831 830//830 832//832
f 834//834 833//833 832//832
f 832//832 830//830 834//834
f 835//835 834//834 830//830
f 837//837 839//839 838//838
f 837//837 838//838 836//836
f 842//842 840//840 839//839
f 842//842 839//839 837//837
f 843//843 841//841 840//840
f 843//843 840//840 842//842
f 843//843 845//845 841//841
f 845//845 843//843 844//844
f 846//846 841//841 845//845
f 848//848 850//850 849//849
f 848//848 849//849 847//847
f 851//851 853//853 854//854
f 851//851 854//854 852//852
f 852//852 854//854 855//855
f 852//852 855//855 857//857
f 857//857 855//855 856//856
f 857//857 856//856 858//858
f 861//861 859//859 858//858
f 861//861 858//858 856//856
f 862//862 860//860 859//859
f 862//862 859//859 861//861
f 860//860 862//862 863//863
f 860//860 863//863 864//864
f 864//864 863//863 865//865
f 864//864 865//865 867//867
f 867//867 865//865 866//866
f 867//867 866//866 868//868
f 869//869 871//871 872//872
f 869//869 872//872 870//870
f 870//870 872//872 873//873
f 870//870 873//873 875//875
f 875//875 873//873 874//874
f 875//875 874//874 876//876
f 879//879 877//877 876//876
f 879//879 876//876 874//874
f 877//877 879//879 880//880
f 877//877 880//880 878//878
f 878//878 880//880 881//881
f 878//878 881//881 883//883
f 883//883 881//881 882//882
f 883//883 882//882 884//884
f 884//884 882//882 885//885
f 885//885 886//886 884//884
f 887//887 885//885 882//882
f 888//888 890//890 891//891
f 888//888 891//891 889//889
f 889//889 891//891 892//892
f 889//889 892//892 893//893
f 895//895 897//897 896//896
f 895//895 896//896 894//894
f 899//899 898//898 897//897
f 899//899 897//897 895//895
f 902//902 900//900 898//898
f 902//902 898//898 899//899
f 903//903 901//901 900//900
f 903//903 900//900 902//902
f 904//904 905//905 901//901
f 904//904 901//901 903//903
f 906//906 907//907 905//905
f 906//906 905//905 904//904
f 908//908 909//909 907//907
f 908//908 907//907 906//906
f 908//908 910//910 909//909
f 910//910 908//908 911//911
f 909//909 910//910 912//912
f 914//914 916//916 915//915
f 914//914 915//915 913//913
f 914//914 917//917 916//916
f 919//919 920//920 918//918
f 920//920 919//919 921//921
f 923//923 922//922 920//920
f 923//923 920//920 921//921
f 925//925 924//924 922//922
f 925//925 922//922 923//923
f 925//925 927//927 924//924
f 927//927 926//926 924//924
f 927//927 925//925 928//928
f 929//929 921//921 919//919
f 931//931 932//932 930//930
f 932//932 931//931 933//933
f 935//935 934//934 932//932
f 935//935 932//932 933//933
f 937//937 936//936 934//934
f 937//937 934//934 935//935
f 937//937 938//938 936//936
f 938//938 939//939 936//936
f 938//938 937//937 940//940
f 941//941 933//933 931//931
f 943//943 942//942 944//944
f 943//943 944//944 945//945
f 946//946 945//945 944//944
f 948//948 947//947 949//949
f 948//948 949//949 950//950
f 950//950 949//949 951//951
f 950//950 951//951 953//953
f 953//953 951//951 952//952
f 953//953 952//952 954//954
f 956//956 955//955 954//954
f 956//956 954//954 952//952
f 958//958 957//957 955//955
f 958//958 955//955 956//956
f 957//957 958//958 960//960
f 957//957 960//960 959//959
f 959//959 960//960 963//963
f 959//959 963//963 961//961
f 961//961 963//963 964//964
f 961//961 964//964 962//962
f 965//965 967//967 968//968
f 965//965 968//968 966//966
f 970//970 969//969 971//971
f 970//970 971//971 973//973
f 973//973 971//971 972//972
f 973//973 972//972 974//974
f 974//974 972//972 977//977
f 974//974 977//977 975//975
f 975//975 977//977 978//978
f 975//975 978//978 976//976
f 979//979 981//981 976//976
f 979//979 976//976 978//978
f 981//981 979//979 980//980
f 981//981 980//980 982//982
f 982//982 980//980 984//984
f 982//982 984//984 983//983
f 983//983 984//984 986//986
f 983//983 986//986 985//985
f 987//987 989//989 990//990
f 987//987 990//990 988//988
f 992//992 991//991 993//993
f 992//992 993//993 995//995
f 995//995 993//993 994//994
f 995//995 994//994 996//996
f 996//996 994//994 999//999
f 996//996 999//999 997//997
f 1000//1000 998//998 997//997
f 1000//1000 997//997 999//999
f 998//998 1000//1000 1001//1001
f 998//998 1001//1001 1002//1002
f 1002//1002 1001//1001 1003//1003
f 1002//1002 1003//1003 1005//1005
f 1005//1005 1003//1003 1004//1004
f 1005//1005 1004//1004 1006//1006
f 1008//1008 1007//1007 1006//1006
f 1008//1008 1006//1006 1004//1004
f 1009//1009 1011//1011 1013//1013
f 1009//1009 1013//1013 1010//1010
f 1009//1009 1012//1012 1011//1011
f 1015//1015 1016//1016 1014//1014
f 1016//1016 1015//1015 1017//1017
f 1016//1016 1017//1017 1019//1019
f 1016//1016 1019//1019 1018//1018
f 1021//1021 1020//1020 1018//1018
f 1021//1021 1018//1018 1019//1019
f 1021//1021 1023//1023 1020//1020
f 1023//1023 1022//1022 1020//1020
f 1023//1023 1021//1021 1024//1024
f 1025//1025 1017//1017 1015//1015
f 1027//1027 1026//1026 1028//1028
f 1030//1030 1028//1028 1029//1029
f 1030//1030 1029//1029 1032//1032
f 1028//1028 1030//1030 1027//1027
f 1027//1027 1030//1030 1031//1031
f 1032//1032 1029//1029 1034//1034
f 1032//1032 1034//1034 1033//1033
f 1033//1033 1034//1034 1037//1037
f 1033//1033 1037//1037 1035//1035
f 1035//1035 1037//1037 1038//1038
f 1035//1035 1038//1038 1036//1036
f 1036//1036 1038//1038 1039//1039
f 1036//1036 1039//1039 1041//1041
f 1041//1041 1039//1039 1040//1040
f 1041//1041 1040//1040 1042//1042
f 1042//1042 1040//1040 1044//1044
f 1042//1042 1044//1044 1043//1043
f 1045//1045 1043//1043 1044//1044
f 1045//1045 1044//1044 1047//1047
f 1046//1046 1045//1045 1047//1047
f 1046//1046 1047//1047 1048//1048
f 1046//1046 1048//1048 1049//1049
f 1046//1046 1049//1049 1051//1051
f 1051//1051 1049//1049 1050//1050
f 1051//1051 1050//1050 1052//1052
f 1055//1055 1053//1053 1052//1052
f 1055//1055 1052//1052 1050//1050
f 1053//1053 1055//1055 1056//1056
f 1053//1053 1056//1056 1054//1054
f 1054//1054 1056//1056 1057//1057
f 1054//1054 1057//1057 1059//1059
f 1059//1059 1057//1057 1058//1058
f 1059//1059 1058//1058 1060//1060
f 1058//1058 1061//1061 1060//1060
f 1062//1062 1060//1060 1061//1061
f 1063//1063 1062//1062 1061//1061
f 1063//1063 1064//1064 1062//1062
f 1063//1063 1065//1065 1064//1064
f 1065//1065 1063//1063 1066//1066
f 1067//1067 1066//1066 1063//1063
f 1067//1067 1068//1068 1066//1066
f 1067//1067 1069//1069 1068//1068
f 1067//1067 1070//1070 1069//1069
f 1067//1067 1071//1071 1070//1070
f 1072//1072 1071//1071 1067//1067
f 1073//1073 1071//1071 1072//1072
f 1074//1074 1075//1075 1073//1073
f 1073//1073 1072//1072 1074//1074
f 1075//1075 1074//1074 1076//1076
f 1074//1074 1077//1077 1076//1076
f 1080//1080 1078//1078 1077//1077
f 1080//1080 1077//1077 1074//1074
f 1079//1079 1078//1078 1080//1080
f 1061//1061 1082//1082 1080//1080
f 1074//1074 1072//1072 1061//1061
f 1074//1074 1061//1061 1080//1080
f 1081//1081 1079//1079 1080//1080
f 1080//1080 1082//1082 1081//1081
f 1061//1061 1058//1058 1082//1082
f 1072//1072 1067//1067 1063//1063
f 1072//1072 1063//1063 1061//1061
f 1083//1083 1085//1085 1086//1086
f 1083//1083 1086//1086 1084//1084
f 1084//1084 1086//1086 1087//1087
f 1084//1084 1087//1087 1089//1089
f 1089//1089 1087//1087 1088//1088
f 1089//1089 1088//1088 1090//1090
f 1090//1090 1088//1088 1093//1093
f 1090//1090 1093//1093 1091//1091
f 1091//1091 1093//1093 1094//1094
f 1091//1091 1094//1094 1092//1092
f 1092//1092 1094//1094 1095//1095
f 1092//1092 1095//1095 1097//1097
f 1098//1098 1095//1095 1096//1096
f 1097//1097 1095//1095 1099//1099
f 1099//1099 1095//1095 1098//1098
f 1100//1100 1102//1102 1101//1101
f 1100//1100 1101//1101 1099//1099
f 1107//1107 1100//1100 1099//1099
f 1107//1107 1099//1099 1098//1098
f 1101//1101 1097//1097 1099//1099
f 1102//1102 1103//1103 1101//1101
f 1101//1101 1103//1103 1097//1097
f 1103//1103 1102//1102 1104//1104
f 1105//1105 1104//1104 1102//1102
f 1107//1107 1106//1106 1105//1105
f 1102//1102 1100//1100 1105//1105
f 1105//1105 1100//1100 1107//1107
f 1106//1106 1107//1107 1098//1098
f 1106//1106 1098//1098 1096//1096
f 1109//1109 1110//1110 1108//1108
f 1110//1110 1109//1109 1111//1111
f 1110//1110 1111//1111 1113//1113
f 1110//1110 1113//1113 1112//1112
f 1112//1112 1113//1113 1115//1115
f 1112//1112 1115//1115 1114//1114
f 1118//1118 1116//1116 1114//1114
f 1118//1118 1114//1114 1115//1115
f 1119//1119 1117//1117 1116//1116
f 1119//1119 1116//1116 1118//1118
f 1117//1117 1119//1119 1120//1120
f 1117//1117 1120//1120 1122//1122
f 1122//1122 1120//1120 1121//1121
f 1122//1122 1121//1121 1123//1123
f 1125//1125 1124//1124 1123//1123
f 1123//1123 1121//1121 1125//1125
f 1125//1125 1121//1121 1126//1126
f 1111//1111 1109//1109 1127//1127
f 1128//1128 1130//1130 1129//1129
f 1132//1132 1130//1130 1131//1131
f 1132//1132 1131//1131 1134//1134
f 1130//1130 1132//1132 1129//1129
f 1129//1129 1132//1132 1133//1133
f 1134//1134 1131//1131 1136//1136
f 1134//1134 1136//1136 1135//1135
f 1135//1135 1136//1136 1138//1138
f 1135//1135 1138//1138 1137//1137
f 1137//1137 1138//1138 1140//1140
f 1137//1137 1140//1140 1139//1139
f 1141//1141 1139//1139 1140//1140
f 1141//1141 1140//1140 1142//1142
f 1141//1141 1142//1142 1145//1145
f 1141//1141 1145//1145 1143//1143
f 1143//1143 1145//1145 1146//1146
f 1143//1143 1146//1146 1144//1144
f 1144//1144 1146//1146 1147//1147
f 1144//1144 1147//1147 1149//1149
f 1150//1150 1149//1149 1147//1147
f 1150//1150 1147//1147 1148//1148
f 1150//1150 1148//1148 1152//1152
f 1150//1150 1152//1152 1151//1151
f 1151//1151 1152//1152 1154//1154
f 1151//1151 1154//1154 1153//1153
f 1156//1156 1155//1155 1153//1153
f 1156//1156 1153//1153 1154//1154
f 1159//1159 1157//1157 1155//1155
f 1159//1159 1155//1155 1156//1156
f 1157//1157 1159//1159 1160//1160
f 1157//1157 1160//1160 1158//1158
f 1163//1163 1158//1158 1160//1160
f 1163//1163 1160//1160 1161//1161
f 1162//1162 1164//1164 1161//1161
f 1163//1163 1161//1161 1164//1164
f 1164//1164 1162//1162 1166//1166
f 1165//1165 1172//1172 1167//1167
f 1165//1165 1167//1167 1164//1164
f 1178//1178 1165//1165 1164//1164
f 1178//1178 1164//1164 1166//1166
f 1164//1164 1167//1167 1168//1168
f 1164//1164 1168//1168 1163//1163
f 1167//1167 1169//1169 1168//1168
f 1169//1169 1167//1167 1170//1170
f 1171//1171 1170//1170 1167//1167
f 1171//1171 1167//1167 1172//1172
f 1172//1172 1173//1173 1171//1171
f 1172//1172 1174//1174 1173//1173
f 1172//1172 1175//1175 1174//1174
f 1172//1172 1176//1176 1175//1175
f 1165//1165 1176//1176 1172//1172
f 1177//1177 1176//1176 1165//1165
f 1178//1178 1179//1179 1177//1177
f 1177//1177 1165//1165 1178//1178
f 1179//1179 1178//1178 1180//1180
f 1178//1178 1181//1181 1180//1180
f 1166//1166 1182//1182 1181//1181
f 1166//1166 1181//1181 1178//1178
f 1183//1183 1182//1182 1166//1166
f 1166//1166 1184//1184 1183//1183
f 1184//1184 1166//1166 1162//1162
f 1185//1185 1186//1186 1190//1190
f 1185//1185 1190//1190 1188//1188
f 1185//1185 1187//1187 1186//1186
f 1188//1188 1191//1191 1189//1189
f 1191//1191 1188//1188 1190//1190
f 1192//1192 1189//1189 1191//1191
f 1191//1191 1193//1193 1192//1192
f 1191//1191 1190//1190 1194//1194
f 1191//1191 1194//1194 1193//1193
f 1193//1193 1194//1194 1195//1195
f 1192//1192 1193//1193 1195//1195
f 1195//1195 1197//1197 1198//1198
f 1195//1195 1198//1198 1196//1196
f 1195//1195 1194//1194 1197//1197
f 1194//1194 1199//1199 1197//1197
f 1199//1199 1187//1187 1197//1197
f 1190//1190 1186//1186 1199//1199
f 1190//1190 1199//1199 1194//1194
f 1186//1186 1187//1187 1199//1199
f 1200//1200 1202//1202 1196//1196
f 1200//1200 1196//1196 1198//1198
f 1201//1201 1203//1203 1202//1202
f 1201//1201 1202//1202 1200//1200
f 1206//1206 1204//1204 1203//1203
f 1206//1206 1203//1203 1201//1201
f 1207//1207 1205//1205 1204//1204
f 1207//1207 1204//1204 1206//1206
f 1208//1208 1209//1209 1205//1205
f 1208//1208 1205//1205 1207//1207
f 1211//1211 1210//1210 1212//1212
f 1213//1213 1211//1211 1212//1212
f 1212//1212 1214//1214 1213//1213
f 1211//1211 1213//1213 1215//1215
f 1211//1211 1215//1215 1217//1217
f 1217//1217 1215//1215 1216//1216
f 1217//1217 1216//1216 1218//1218
f 1221//1221 1219//1219 1218//1218
f 1221//1221 1218//1218 1216//1216
f 1219//1219 1221//1221 1222//1222
f 1219//1219 1222//1222 1220//1220
f 1220//1220 1222//1222 1223//1223
f 1220//1220 1223//1223 1225//1225
f 1225//1225 1223//1223 1224//1224
f 1225//1225 1224//1224 1226//1226
f 1228//1228 1227//1227 1226//1226
f 1226//1226 1224//1224 1228//1228
f 1229//1229 1228//1228 1224//1224
f 1231//1231 1232//1232 1230//1230
f 1231//1231 1233//1233 1232//1232
f 1231//1231 1234//1234 1233//1233
f 1235//1235 1234//1234 1236//1236
f 1235//1235 1236//1236 1237//1237
f 1236//1236 1234//1234 1231//1231
f 1231//1231 1238//1238 1236//1236
f 1238//1238 1231//1231 1239//1239
f 1240//1240 1239//1239 1231//1231
f 1235//1235 1237//1237 1241//1241
f 1235//1235 1241//1241 1243//1243
f 1243//1243 1241//1241 1242//1242
f 1243//1243 1242//1242 1244//1244
f 1244//1244 1242//1242 1246//1246
f 1244//1244 1246//1246 1245//1245
f 1245//1245 1246//1246 1248//1248
f 1245//1245 1248//1248 1247//1247
f 1247//1247 1248//1248 1251//1251
f 1247//1247 1251//1251 1249//1249
f 1250//1250 1249//1249 1251//1251
f 1250//1250 1251//1251 1252//1252
f 1255//1255 1250//1250 1252//1252
f 1255//1255 1252//1252 1253//1253
f 1256//1256 1255//1255 1253//1253
f 1256//1256 1253//1253 1254//1254
f 1256//1256 1254//1254 1258//1258
f 1256//1256 1258//1258 1257//1257
f 1260//1260 1259//1259 1257//1257
f 1260//1260 1257//1257 1258//1258
f 1259//1259 1260//1260 1262//1262
f 1259//1259 1262//1262 1261//1261
f 1261//1261 1262//1262 1264//1264
f 1261//1261 1264//1264 1263//1263
f 1263//1263 1264//1264 1267//1267
f 1263//1263 1267//1267 1265//1265
f 1265//1265 1267//1267 1268//1268
f 1265//1265 1268//1268 1266//1266
f 1266//1266 1268//1268 1269//1269
f 1266//1266 1269//1269 1271//1271
f 1271//1271 1269//1269 1270//1270
f 1271//1271 1270//1270 1272//1272
f 1272//1272 1270//1270 1274//1274
f 1272//1272 1274//1274 1273//1273
f 1273//1273 1274//1274 1276//1276
f 1273//1273 1276//1276 1275//1275
f 1275//1275 1276//1276 1278//1278
f 1275//1275 1278//1278 1277//1277
f 1277//1277 1278//1278 1280//1280
f 1277//1277 1280//1280 1279//1279
f 1279//1279 1280//1280 1283//1283
f 1279//1279 1283//1283 1281//1281
f 1281//1281 1283//1283 1284//1284
f 1281//1281 1284//1284 1282//1282
f 1282//1282 1284//1284 1285//1285
f 1282//1282 1285//1285 1287//1287
f 1287//1287 1285//1285 1286//1286
f 1287//1287 1286//1286 1288//1288
f 1290//1290 1289//1289 1291//1291
f 1290//1290 1291//1291 1293//1293
f 1293//1293 1291//1291 1292//1292
f 1293//1293 1292//1292 1294//1294
f 1294//1294 1292//1292 1297//1297
f 1294//1294 1297//1297 1295//1295
f 1295//1295 1297//1297 1298//1298
f 1295//1295 1298//1298 1296//1296
f 1296//1296 1298//1298 1299//1299
f 1296//1296 1299//1299 1301//1301
f 1300//1300 1302//1302 1301//1301
f 1300//1300 1301//1301 1299//1299
f 1302//1302 1300//1300 1305//1305
f 1303//1303 1302//1302 1305//1305
f 1303//1303 1304//1304 1302//1302
f 1306//1306 1313//1313 1303//1303
f 1306//1306 1303//1303 1305//1305
f 1309//1309 1306//1306 1305//1305
f 1309//1309 1305//1305 1307//1307
f 1305//1305 1300//1300 1307//1307
f 1310//1310 1309//1309 1307//1307
f 1310//1310 1307//1307 1308//1308
f 1307//1307 1300//1300 1308//1308
f 1311//1311 1306//1306 1309//1309
f 1309//1309 1310//1310 1311//1311
f 1311//1311 1312//1312 1313//1313
f 1313//1313 1306//1306 1311//1311
f 1313//1313 1304//1304 1303//1303
f 1304//1304 1313//1313 1312//1312
f 1315//1315 1314//1314 1316//1316
f 1316//1316 1318//1318 1315//1315
f 1317//1317 1320//1320 1318//1318
f 1317//1317 1318//1318 1316//1316
f 1315//1315 1318//1318 1319//1319
f 1323//1323 1321//1321 1320//1320
f 1323//1323 1320//1320 1317//1317
f 1321//1321 1323//1323 1322//1322
f 1322//1322 1324//1324 1321//1321
f 1325//1325 1322//1322 1323//1323
f 1326//1326 1328//1328 1329//1329
f 1326//1326 1329//1329 1327//1327
f 1327//1327 1329//1329 1330//1330
f 1327//1327 1330//1330 1332//1332
f 1332//1332 1330//1330 1331//1331
f 1332//1332 1331//1331 1333//1333
f 1333//1333 1331//1331 1335//1335
f 1333//1333 1335//1335 1334//1334
f 1338//1338 1336//1336 1334//1334
f 1338//1338 1334//1334 1335//1335
f 1336//1336 1338//1338 1339//1339
f 1336//1336 1339//1339 1337//1337
f 1337//1337 1339//1339 1340//1340
f 1337//1337 1340//1340 1342//1342
f 1342//1342 1340//1340 1341//1341
f 1342//1342 1341//1341 1343//1343
f 1344//1344 1346//1346 1347//1347
f 1344//1344 1347//1347 1345//1345
f 1345//1345 1347//1347 1348//1348
f 1345//1345 1348//1348 1350//1350
f 1351//1351 1350//1350 1348//1348
f 1351//1351 1348//1348 1349//1349
f 1351//1351 1349//1349 1354//1354
f 1351//1351 1354//1354 1352//1352
f 1352//1352 1354//1354 1355//1355
f 1352//1352 1355//1355 1353//1353
f 1353//1353 1355//1355 1356//1356
f 1353//1353 1356//1356 1358//1358
f 1358//1358 1356//1356 1357//1357
f 1358//1358 1357//1357 1359//1359
f 1359//1359 1357//1357 1362//1362
f 1359//1359 1362//1362 1360//1360
f 1360//1360 1362//1362 1363//1363
f 1360//1360 1363//1363 1361//1361
f 1361//1361 1363//1363 1364//1364
f 1361//1361 1364//1364 1366//1366
f 1366//1366 1364//1364 1365//1365
f 1366//1366 1365//1365 1367//1367
f 1367//1367 1365//1365 1370//1370
f 1367//1367 1370//1370 1368//1368
f 1368//1368 1370//1370 1371//1371
f 1368//1368 1371//1371 1369//1369
f 1369//1369 1371//1371 1372//1372
f 1369//1369 1372//1372 1374//1374
f 1374//1374 1372//1372 1373//1373
f 1374//1374 1373//1373 1375//1375
f 1378//1378 1376//1376 1375//1375
f 1378//1378 1375//1375 1373//1373
f 1379//1379 1377//1377 1376//1376
f 1379//1379 1376//1376 1378//1378
f 1382//1382 1377//1377 1379//1379
f 1382//1382 1379//1379 1380//1380
f 1382//1382 1380//1380 1381//1381
f 1382//1382 1381//1381 1383//1383
f 1383//1383 1381//1381 1386//1386
f 1383//1383 1386//1386 1384//1384
f 1384//1384 1386//1386 1387//1387
f 1384//1384 1387//1387 1385//1385
f 1385//1385 1387//1387 1388//1388
f 1385//1385 1388//1388 1390//1390
f 1390//1390 1388//1388 1389//1389
f 1390//1390 1389//1389 1391//1391
f 1391//1391 1389//1389 1394//1394
f 1391//1391 1394//1394 1392//1392
f 1392//1392 1394//1394 1395//1395
f 1392//1392 1395//1395 1393//1393
f 1393//1393 1395//1395 1396//1396
f 1393//1393 1396//1396 1398//1398
f 1398//1398 1396//1396 1397//1397
f 1398//1398 1397//1397 1399//1399
f 1399//1399 1397//1397 1402//1402
f 1399//1399 1402//1402 1400//1400
f 1400//1400 1402//1402 1403//1403
f 1400//1400 1403//1403 1401//1401
f 1401//1401 1403//1403 1404//1404
f 1401//1401 1404//1404 1406//1406
f 1406//1406 1404//1404 1405//1405
f 1406//1406 1405//1405 1407//1407
f 1407//1407 1405//1405 1409//1409
f 1407//1407 1409//1409 1408//1408
f 1410//1410 1411//1411 1413//1413
f 1411//1411 1410//1410 1412//1412
f 1414//1414 1413//1413 1411//1411
f 1415//1415 1414//1414 1411//1411
f 1415//1415 1411//1411 1416//1416
f 1417//1417 1415//1415 1416//1416
f 1419//1419 1417//1417 1418//1418
f 1419//1419 1418//1418 1420//1420
f 1418//1418 1417//1417 1416//1416
f 1421//1421 1419//1419 1420//1420
f 1421//1421 1420//1420 1422//1422
f 1423//1423 1421//1421 1422//1422
f 1423//1423 1422//1422 1424//1424
f 1423//1423 1424//1424 1425//1425
f 1425//1425 1426//1426 1423//1423
f 1427//1427 1426//1426 1425//1425
f 1427//1427 1425//1425 1429//1429
f 1427//1427 1429//1429 1428//1428
f 1429//1429 1430//1430 1431//1431
f 1429//1429 1425//1425 1432//1432
f 1429//1429 1432//1432 1430//1430
f 1431//1431 1428//1428 1429//1429
f 1424//1424 1432//1432 1425//1425
f 1416//1416 1433//1433 1418//1418
f 1416//1416 1411//1411 1412//1412
f 1416//1416 1412//1412 1433//1433
f 1435//1435 1434//1434 1436//1436
f 1435//1435 1436//1436 1437//1437
f 1439//1439 1438//1438 1440//1440
f 1439//1439 1440//1440 1441//1441
f 1443//1443 1442//1442 1444//1444
f 1443//1443 1444//1444 1446//1446
f 1442//1442 1445//1445 1444//1444
f 1448//1448 1447//1447 1449//1449
f 1448//1448 1449//1449 1450//1450
f 1451//1451 1452//1452 1454//1454
f 1452//1452 1451//1451 1453//1453
f 1455//1455 1454//1454 1452//1452
f 1456//1456 1455//1455 1452//1452
f 1456//1456 1452//1452 1457//1457
f 1458//1458 1456//1456 1457//1457
f 1460//1460 1458//1458 1459//1459
f 1460//1460 1459//1459 1461//1461
f 1459//1459 1458//1458 1457//1457
f 1462//1462 1460//1460 1461//1461
f 1462//1462 1461//1461 1463//1463
f 1464//1464 1462//1462 1463//1463
f 1464//1464 1463//1463 1465//1465
f 1464//1464 1465//1465 1466//1466
f 1466//1466 1467//1467 1464//1464
f 1468//1468 1467//1467 1466//1466
f 1468//1468 1466//1466 1469//1469
f 1468//1468 1469//1469 1470//1470
f 1471//1471 1470//1470 1469//1469
f 1469//1469 1472//1472 1471//1471
f 1469//1469 1466//1466 1473//1473
f 1469//1469 1473//1473 1472//1472
f 1465//1465 1473//1473 1466//1466
f 1457//1457 1474//1474 1459//1459
f 1457//1457 1452//1452 1453//1453
f 1457//1457 1453//1453 1474//1474
f 1476//1476 1475//1475 1477//1477
f 1476//1476 1477//1477 1478//1478
f 1480//1480 1479//1479 1481//1481
f 1480//1480 1481//1481 1482//1482
f 1480//1480 1482//1482 1483//1483
f 1485//1485 1484//1484 1486//1486
f 1485//1485 1486//1486 1487//1487
f 1489//1489 1488//1488 1490//1490
f 1489//1489 1490//1490 1492//1492
f 1488//1488 1491//1491 1490//1490
f 1494//1494 1493//1493 1495//1495
f 1494//1494 1495//1495 1496//1496
f 1497//1497 1498//1498 1500//1500
f 1498//1498 1497//1497 1499//1499
f 1501//1501 1500//1500 1498//1498
f 1502//1502 1501//1501 1498//1498
f 1502//1502 1498//1498 1503//1503
f 1504//1504 1502//1502 1503//1503
f 1506//1506 1504//1504 1505//1505
f 1506//1506 1505//1505 1507//1507
f 1505//1505 1504//1504 1503//1503
f 1508//1508 1506//1506 1507//1507
f 1508//1508 1507//1507 1509//1509
f 1510//1510 1508//1508 1509//1509
f 1510//1510 1509//1509 1511//1511
f 1510//1510 1511//1511 1512//1512
f 1512//1512 1513//1513 1510//1510
f 1514//1514 1513//1513 1512//1512
f 1514//1514 1512//1512 1516//1516
f 1514//1514 1516//1516 1515//1515
f 1516//1516 1517//1517 1518//1518
f 1516//1516 1512//1512 1519//1519
f 1516//1516 1519//1519 1517//1517
f 1518//1518 1515//1515 1516//1516
f 1511//1511 1519//1519 1512//1512
f 1503//1503 1520//1520 1505//1505
f 1503//1503 1498//1498 1499//1499
f 1503//1503 1499//1499 1520//1520
f 1522//1522 1521//1521 1523//1523
f 1522//1522 1523//1523 1524//1524
f 1526//1526 1525//1525 1527//1527
f 1526//1526 1527//1527 1528//1528
f 1526//1526 1528//1528 1529//1529
f 1531//1531 1530//1530 1532//1532
f 1531//1531 1532//1532 1533//1533
f 1535//1535 1534//1534 1536//1536
f 1535//1535 1536//1536 1537//1537
f 1537//1537 1536//1536 1538//1538
f 1537//1537 1538//1538 1540//1540
f 1539//1539 1538//1538 1536//1536
f 1544//1544 1541//1541 1542//1542
f 1542//1542 1541//1541 1543//1543
f 1542//1542 1546//1546 1544//1544
f 1546//1546 1545//1545 1544//1544
f 1545//1545 1547//1547 1544//1544
f 1547//1547 1545//1545 1548//1548
f 1549//1549 1548//1548 1545//1545
f 1549//1549 1545//1545 1550//1550
f 1551//1551 1549//1549 1550//1550
f 1552//1552 1551//1551 1550//1550
f 1553//1553 1551//1551 1552//1552
f 1555//1555 1553//1553 1554//1554
f 1555//1555 1554//1554 1556//1556
f 1554//1554 1553//1553 1552//1552
f 1557//1557 1555//1555 1556//1556
f 1557//1557 1556//1556 1558//1558
f 1559//1559 1557//1557 1558//1558
f 1559//1559 1558//1558 1560//1560
f 1559//1559 1560//1560 1561//1561
f 1561//1561 1562//1562 1559//1559
f 1563//1563 1562//1562 1561//1561
f 1563//1563 1561//1561 1564//1564
f 1563//1563 1564//1564 1565//1565
f 1565//1565 1564//1564 1566//1566
f 1564//1564 1567//1567 1566//1566
f 1564//1564 1561//1561 1568//1568
f 1564//1564 1568//1568 1567//1567
f 1560//1560 1568//1568 1561//1561
f 1552//1552 1569//1569 1554//1554
f 1569//1569 1552//1552 1570//1570
f 1570//1570 1571//1571 1569//1569
f 1570//1570 1542//1542 1543//1543
f 1570//1570 1543//1543 1571//1571
f 1552//1552 1572//1572 1570//1570
f 1572//1572 1546//1546 1542//1542
f 1572//1572 1542//1542 1570//1570
f 1550//1550 1545//1545 1546//1546
f 1550//1550 1546//1546 1572//1572
f 1550//1550 1572//1572 1552//1552
f 1574//1574 1573//1573 1575//1575
f 1574//1574 1575//1575 1576//1576
f 1578//1578 1577//1577 1579//1579
f 1578//1578 1579//1579 1580//1580
f 1578//1578 1580//1580 1581//1581
f 1583//1583 1582//1582 1584//1584
f 1583//1583 1584//1584 1585//1585
f 1587//1587 1586//1586 1588//1588
f 1587//1587 1588//1588 1589//1589
f 1591//1591 1592//1592 1590//1590
f 1591//1591 1593//1593 1592//1592
f 1594//1594 1592//1592 1593//1593
f 1595//1595 1597//1597 1598//1598
f 1595//1595 1598//1598 1596//1596
f 1596//1596 1598//1598 1599//1599
f 1601//1601 1600//1600 1602//1602
f 1603//1603 1604//1604 1602//1602
f 1601//1601 1602//1602 1604//1604
f 1606//1606 1608//1608 1607//1607
f 1606//1606 1607//1607 1605//1605
f 1609//1609 1610//1610 1612//1612
f 1609//1609 1611//1611 1610//1610
f 1613//1613 1612//1612 1610//1610
f 1614//1614 1616//1616 1615//1615
f 1617//1617 1615//1615 1616//1616
f 1617//1617 1616//1616 1618//1618
f 1620//1620 1622//1622 1621//1621
f 1620//1620 1621//1621 1619//1619
f 1624//1624 1627//1627 1625//1625
f 1624//1624 1625//1625 1623//1623
f 1623//1623 1625//1625 1626//1626
f 1628//1628 1629//1629 1631//1631
f 1628//1628 1630//1630 1629//1629
f 1632//1632 1631//1631 1629//1629
f 1634//1634 1635//1635 1633//1633
f 1636//1636 1635//1635 1637//1637
f 1634//1634 1637//1637 1635//1635
f 1639//1639 1641//1641 1640//1640
f 1639//1639 1640//1640 1638//1638
f 1643//1643 1644//1644 1642//1642
f 1643//1643 1645//1645 1644//1644
f 1646//1646 1644//1644 1645//1645
f 1647//1647 1649//1649 1650//1650
f 1647//1647 1650//1650 1648//1648
f 1648//1648 1650//1650 1651//1651
f 1652//1652 1654//1654 1655//1655
f 1652//1652 1655//1655 1653//1653
f 1657//1657 1656//1656 1658//1658
f 1657//1657 1658//1658 1659//1659
f 1661//1661 1657//1657 1659//1659
f 1661//1661 1659//1659 1660//1660
f 1662//1662 1664//1664 1665//1665
f 1662//1662 1665//1665 1663//1663
f 1663//1663 1665//1665 1666//1666
f 1667//1667 1668//1668 1670//1670
f 1667//1667 1669//1669 1668//1668
f 1671//1671 1670//1670 1668//1668
f 1673//1673 1675//1675 1674//1674
f 1673//1673 1674//1674 1672//1672
f 1677//1677 1680//1680 1678//1678
f 1677//1677 1678//1678 1676//1676
f 1676//1676 1678//1678 1679//1679
f 1681//1681 1682//1682 1684//1684
f 1681//1681 1683//1683 1682//1682
f 1685//1685 1684//1684 1682//1682
f 1686//1686 1688//1688 1687//1687
f 1690//1690 1687//1687 1688//1688
f 1690//1690 1688//1688 1689//1689
f 1691//1691 1693//1693 1692//1692
f 1694//1694 1692//1692 1693//1693
f 1694//1694 1693//1693 1695//1695
f 1696//1696 1698//1698 1699//1699
f 1696//1696 1699//1699 1697//1697
f 1697//1697 1699//1699 1700//1700
f 1702//1702 1701//1701 1703//1703
f 1704//1704 1705//1705 1703//1703
f 1702//1702 1703//1703 1705//1705
f 1706//1706 1708//1708 1710//1710
f 1706//1706 1710//1710 1707//1707
f 1706//1706 1709//1709 1708//1708
f 1711//1711 1712//1712 1714//1714
f 1711//1711 1713//1713 1712//1712
f 1715//1715 1714//1714 1712//1712
f 1717//1717 1718//1718 1716//1716
f 1720//1720 1719//1719 1718//1718
f 1718//1718 1717//1717 1720//1720
f 1722//1722 1721//1721 1720//1720
f 1722//1722 1720//1720 1717//1717
f 1724//1724 1726//1726 1725//1725
f 1724//1724 1725//1725 1723//1723
f 1727//1727 1729//1729 1728//1728
f 1727//1727 1732//1732 1729//1729
f 1727//1727 1730//1730 1733//1733
f 1727//1727 1731//1731 1730//1730
f 1732//1732 1727//1727 1733//1733
f 1733//1733 1734//1734 1732//1732
f 1733//1733 1735//1735 1734//1734
f 1736//1736 1737//1737 1732//1732
f 1732//1732 1738//1738 1729//1729
f 1739//1739 1732//1732 1737//1737
f 1739//1739 1738//1738 1732//1732
f 1739//1739 1740//1740 1738//1738
f 1739//1739 1741//1741 1742//1742
f 1739//1739 1737//1737 1741//1741
f 1743//1743 1742//1742 1745//1745
f 1743//1743 1744//1744 1742//1742
f 1742//1742 1746//1746 1745//1745
f 1746//1746 1742//1742 1741//1741
f 1745//1745 1746//1746 1747//1747
f 1747//1747 1746//1746 1748//1748
f 1746//1746 1749//1749 1748//1748
f 1752//1752 1749//1749 1750//1750
f 1749//1749 1751//1751 1750//1750
f 1752//1752 1748//1748 1749//1749
f 1751//1751 1753//1753 1750//1750
f 1754//1754 1753//1753 1751//1751
f 1754//1754 1751//1751 1755//1755
f 1751//1751 1758//1758 1755//1755
f 1751//1751 1756//1756 1758//1758
f 1756//1756 1751//1751 1757//1757
f 1758//1758 1759//1759 1761//1761
f 1756//1756 1759//1759 1758//1758
f 1755//1755 1758//1758 1760//1760
f 1762//1762 1765//1765 1761//1761
f 1761//1761 1763//1763 1762//1762
f 1761//1761 1759//1759 1763//1763
f 1761//1761 1765//1765 1764//1764
f 1767//1767 1765//1765 1766//1766
f 1768//1768 1765//1765 1767//1767
f 1764//1764 1765//1765 1768//1768
f 1769//1769 1765//1765 1762//1762
f 1769//1769 1762//1762 1770//1770
f 1762//1762 1771//1771 1770//1770
f 1771//1771 1773//1773 1772//1772
f 1762//1762 1773//1773 1771//1771
f 1773//1773 1774//1774 1772//1772
f 1773//1773 1775//1775 1774//1774
f 1731//1731 1775//1775 1730//1730
f 1731//1731 1777//1777 1775//1775
f 1774//1774 1775//1775 1776//1776
f 1775//1775 1777//1777 1776//1776
f 1777//1777 1778//1778 1780//1780
f 1731//1731 1779//1779 1777//1777
f 1776//1776 1777//1777 1780//1780
f 1781//1781 1780//1780 1778//1778
f 1782//1782 1781//1781 1778//1778
f 1782//1782 1784//1784 1783//1783
f 1785//1785 1784//1784 1782//1782
f 1778//1778 1785//1785 1782//1782
f 1784//1784 1786//1786 1787//1787
f 1787//1787 1783//1783 1784//1784
f 1788//1788 1787//1787 1786//1786
f 1788//1788 1786//1786 1789//1789
f 1789//1789 1790//1790 1788//1788
f 1792//1792 1790//1790 1791//1791
f 1790//1790 1789//1789 1791//1791
f 1793//1793 1792//1792 1791//1791
f 1793//1793 1791//1791 1795//1795
f 1794//1794 1793//1793 1795//1795
f 1795//1795 1797//1797 1796//1796
f 1798//1798 1795//1795 1796//1796
f 1795//1795 1798//1798 1800//1800
f 1795//1795 1799//1799 1794//1794
f 1800//1800 1799//1799 1795//1795
f 1800//1800 1802//1802 1801//1801
f 1801//1801 1766//1766 1800//1800
f 1802//1802 1800//1800 1803//1803
f 1800//1800 1798//1798 1803//1803
f 1804//1804 1766//1766 1801//1801
f 1805//1805 1806//1806 1804//1804
f 1766//1766 1804//1804 1806//1806
f 1805//1805 1807//1807 1806//1806
f 1806//1806 1808//1808 1766//1766
f 1766//1766 1808//1808 1810//1810
f 1808//1808 1809//1809 1811//1811
f 1810//1810 1808//1808 1811//1811
f 1811//1811 1809//1809 1812//1812
f 1813//1813 1812//1812 1809//1809
f 1813//1813 1809//1809 1814//1814
f 1814//1814 1809//1809 1815//1815
f 1815//1815 1816//1816 1814//1814
f 1816//1816 1815//1815 1817//1817
f 1818//1818 1817//1817 1819//1819
f 1819//1819 1817//1817 1815//1815
f 1820//1820 1821//1821 1819//1819
f 1819//1819 1821//1821 1818//1818
f 1755//1755 1822//1822 1821//1821
f 1818//1818 1821//1821 1822//1822
f 1823//1823 1821//1821 1820//1820
f 1825//1825 1821//1821 1823//1823
f 1824//1824 1821//1821 1825//1825
f 1826//1826 1824//1824 1825//1825
f 1827//1827 1824//1824 1826//1826
f 1824//1824 1827//1827 1828//1828
f 1828//1828 1830//1830 1829//1829
f 1828//1828 1829//1829 1824//1824
f 1831//1831 1830//1830 1828//1828
f 1832//1832 1831//1831 1828//1828
f 1832//1832 1833//1833 1836//1836
f 1832//1832 1834//1834 1833//1833
f 1831//1831 1832//1832 1835//1835
f 1835//1835 1832//1832 1836//1836
f 1833//1833 1837//1837 1836//1836
f 1836//1836 1837//1837 1841//1841
f 1836//1836 1838//1838 1835//1835
f 1839//1839 1836//1836 1840//1840
f 1840//1840 1836//1836 1841//1841
f 1842//1842 1839//1839 1840//1840
f 1843//1843 1839//1839 1842//1842
f 1845//1845 1843//1843 1844//1844
f 1843//1843 1845//1845 1839//1839
f 1845//1845 1847//1847 1846//1846
f 1845//1845 1844//1844 1847//1847
f 1848//1848 1846//1846 1847//1847
f 1849//1849 1850//1850 1847//1847
f 1849//1849 1847//1847 1844//1844
f 1847//1847 1850//1850 1851//1851
f 1852//1852 1855//1855 1849//1849
f 1849//1849 1844//1844 1852//1852
f 1853//1853 1849//1849 1854//1854
f 1855//1855 1854//1854 1849//1849
f 1856//1856 1853//1853 1854//1854
f 1856//1856 1854//1854 1857//1857
f 1856//1856 1857//1857 1858//1858
f 1858//1858 1859//1859 1860//1860
f 1860//1860 1856//1856 1858//1858
f 1860//1860 1859//1859 1861//1861
f 1861//1861 1862//1862 1860//1860
f 1863//1863 1860//1860 1862//1862
f 1862//1862 1864//1864 1863//1863
f 1865//1865 1867//1867 1862//1862
f 1862//1862 1866//1866 1865//1865
f 1861//1861 1866//1866 1862//1862
f 1868//1868 1869//1869 1867//1867
f 1867//1867 1865//1865 1868//1868
f 1869//1869 1870//1870 1867//1867
f 1871//1871 1869//1869 1868//1868
f 1871//1871 1873//1873 1872//1872
f 1873//1873 1871//1871 1868//1868
f 1868//1868 1874//1874 1873//1873
f 1874//1874 1875//1875 1873//1873
f 1876//1876 1879//1879 1875//1875
f 1876//1876 1875//1875 1877//1877
f 1877//1877 1875//1875 1878//1878
f 1875//1875 1880//1880 1878//1878
f 1875//1875 1874//1874 1880//1880
f 1881//1881 1877//1877 1878//1878
f 1883//1883 1881//1881 1878//1878
f 1883//1883 1878//1878 1882//1882
f 1884//1884 1883//1883 1882//1882
f 1885//1885 1884//1884 1882//1882
f 1887//1887 1885//1885 1886//1886
f 1886//1886 1885//1885 1882//1882
f 1886//1886 1888//1888 1887//1887
f 1888//1888 1886//1886 1889//1889
f 1889//1889 1891//1891 1890//1890
f 1889//1889 1892//1892 1891//1891
f 1889//1889 1893//1893 1892//1892
f 1893//1893 1889//1889 1894//1894
f 1889//1889 1886//1886 1894//1894
f 1897//1897 1894//1894 1895//1895
f 1886//1886 1895//1895 1894//1894
f 1894//1894 1897//1897 1896//1896
f 1898//1898 1896//1896 1897//1897
f 1898//1898 1899//1899 1896//1896
f 1898//1898 1900//1900 1899//1899
f 1903//1903 1901//1901 1899//1899
f 1899//1899 1901//1901 1896//1896
f 1902//1902 1905//1905 1899//1899
f 1904//1904 1903//1903 1899//1899
f 1899//1899 1905//1905 1904//1904
f 1902//1902 1906//1906 1905//1905
f 1906//1906 1902//1902 1907//1907
f 1859//1859 1907//1907 1861//1861
f 1861//1861 1907//1907 1902//1902
f 1911//1911 1901//1901 1908//1908
f 1901//1901 1909//1909 1896//1896
f 1901//1901 1910//1910 1909//1909
f 1910//1910 1901//1901 1911//1911
f 1908//1908 1912//1912 1911//1911
f 1908//1908 1914//1914 1912//1912
f 1914//1914 1913//1913 1912//1912
f 1916//1916 1914//1914 1908//1908
f 1914//1914 1915//1915 1913//1913
f 1919//1919 1916//1916 1917//1917
f 1916//1916 1918//1918 1917//1917
f 1918//1918 1916//1916 1908//1908
f 1922//1922 1919//1919 1920//1920
f 1919//1919 1921//1921 1920//1920
f 1921//1921 1919//1919 1917//1917
f 1923//1923 1922//1922 1925//1925
f 1820//1820 1922//1922 1923//1923
f 1920//1920 1924//1924 1922//1922
f 1925//1925 1922//1922 1924//1924
f 1823//1823 1820//1820 1923//1923
f 1918//1918 1908//1908 1926//1926
f 1926//1926 1908//1908 1833//1833
f 1833//1833 1927//1927 1926//1926
f 1833//1833 1834//1834 1927//1927
f 1915//1915 1928//1928 1929//1929
f 1931//1931 1915//1915 1929//1929
f 1930//1930 1913//1913 1915//1915
f 1915//1915 1931//1931 1930//1930
f 1928//1928 1932//1932 1929//1929
f 1928//1928 1933//1933 1932//1932
f 1934//1934 1933//1933 1935//1935
f 1933//1933 1928//1928 1935//1935
f 1935//1935 1890//1890 1934//1934
f 1936//1936 1890//1890 1935//1935
f 1890//1890 1936//1936 1938//1938
f 1939//1939 1936//1936 1937//1937
f 1936//1936 1939//1939 1938//1938
f 1940//1940 1939//1939 1937//1937
f 1937//1937 1941//1941 1940//1940
f 1937//1937 1942//1942 1941//1941
f 1942//1942 1937//1937 1807//1807
f 1807//1807 1943//1943 1942//1942
f 1943//1943 1807//1807 1805//1805
f 1938//1938 1944//1944 1890//1890
f 1946//1946 1944//1944 1945//1945
f 1946//1946 1890//1890 1944//1944
f 1947//1947 1946//1946 1949//1949
f 1947//1947 1948//1948 1946//1946
f 1946//1946 1950//1950 1949//1949
f 1950//1950 1946//1946 1945//1945
f 1951//1951 1947//1947 1949//1949
f 1949//1949 1798//1798 1952//1952
f 1949//1949 1952//1952 1951//1951
f 1798//1798 1796//1796 1952//1952
f 1947//1947 1951//1951 1953//1953
f 1947//1947 1954//1954 1948//1948
f 1954//1954 1947//1947 1955//1955
f 1957//1957 1955//1955 1956//1956
f 1955//1955 1947//1947 1956//1956
f 1958//1958 1957//1957 1956//1956
f 1959//1959 1958//1958 1956//1956
f 1959//1959 1960//1960 1958//1958
f 1959//1959 1962//1962 1960//1960
f 1960//1960 1962//1962 1961//1961
f 1961//1961 1962//1962 1963//1963
f 1965//1965 1962//1962 1964//1964
f 1962//1962 1959//1959 1964//1964
f 1966//1966 1965//1965 1964//1964
f 1964//1964 1967//1967 1969//1969
f 1964//1964 1968//1968 1967//1967
f 1964//1964 1959//1959 1968//1968
f 1970//1970 1972//1972 1969//1969
f 1969//1969 1967//1967 1970//1970
f 1971//1971 1969//1969 1972//1972
f 1973//1973 1972//1972 1970//1970
f 1974//1974 1975//1975 1973//1973
f 1974//1974 1973//1973 1970//1970
f 1970//1970 1976//1976 1974//1974
f 1976//1976 1977//1977 1974//1974
f 1977//1977 1979//1979 1978//1978
f 1786//1786 1979//1979 1977//1977
f 1977//1977 1789//1789 1786//1786
f 1789//1789 1977//1977 1980//1980
f 1977//1977 1976//1976 1980//1980
f 1981//1981 1976//1976 1982//1982
f 1976//1976 1970//1970 1982//1982
f 1967//1967 1983//1983 1970//1970
f 1983//1983 1967//1967 1984//1984
f 1985//1985 1987//1987 1963//1963
f 1963//1963 1986//1986 1961//1961
f 1986//1986 1963//1963 1987//1987
f 1987//1987 1989//1989 1988//1988
f 1989//1989 1987//1987 1985//1985
f 1877//1877 1990//1990 1989//1989
f 1990//1990 1988//1988 1989//1989
f 1881//1881 1990//1990 1877//1877
f 1891//1891 1934//1934 1890//1890
f 1991//1991 1895//1895 1886//1886
f 1993//1993 1992//1992 1874//1874
f 1874//1874 1868//1868 1993//1993
f 1865//1865 1994//1994 1868//1868
f 1994//1994 1865//1865 1995//1995
f 1999//1999 1848//1848 1996//1996
f 1997//1997 1996//1996 1848//1848
f 1848//1848 1998//1998 1846//1846
f 1848//1848 1999//1999 1998//1998
f 1999//1999 2000//2000 2002//2002
f 2000//2000 1999//1999 2004//2004
f 2001//2001 1998//1998 1999//1999
f 2002//2002 2003//2003 1999//1999
f 1999//1999 1996//1996 2004//2004
f 2004//2004 2005//2005 2000//2000
f 2002//2002 2006//2006 2003//2003
f 2000//2000 2007//2007 2002//2002
f 2000//2000 2009//2009 2007//2007
f 2009//2009 2008//2008 2007//2007
f 2008//2008 2009//2009 2010//2010
f 2011//2011 2010//2010 2009//2009
f 2012//2012 2011//2011 2009//2009
f 2010//2010 2013//2013 2015//2015
f 2010//2010 2014//2014 2008//2008
f 2010//2010 2015//2015 2014//2014
f 2013//2013 2016//2016 2015//2015
f 2016//2016 2013//2013 2017//2017
f 2019//2019 2018//2018 2017//2017
f 2020//2020 2017//2017 2018//2018
f 2017//2017 2013//2013 2019//2019
f 2018//2018 2021//2021 2020//2020
f 2021//2021 2018//2018 1745//1745
f 2021//2021 1745//1745 1747//1747
f 2008//2008 2014//2014 2022//2022
f 2022//2022 2023//2023 2024//2024
f 2024//2024 2008//2008 2022//2022
f 2024//2024 2025//2025 1829//1829
f 2024//2024 2023//2023 2025//2025
f 2025//2025 2026//2026 1829//1829
f 1829//1829 2026//2026 2027//2027
f 2027//2027 1824//1824 1829//1829
f 1998//1998 2001//2001 2028//2028
f 2029//2029 1996//1996 1997//1997
f 1829//1829 1830//1830 2030//2030
f 1822//1822 1755//1755 2031//2031
f 2031//2031 1755//1755 1760//1760
f 1810//1810 1767//1767 1766//1766
f 2032//2032 1779//1779 1731//1731
f 1763//1763 2033//2033 1762//1762
f 1737//1737 1736//1736 2034//2034
f 1728//1728 1729//1729 2035//2035
