# core_hub_07 exported from /models/mainboards/core_hub_07.glb
# units: meters
v 0.088319 0.001000 0.020567
v 0.090965 0.001000 0.023214
v 0.079347 0.001000 0.024933
v 0.089821 0.001000 0.019065
v 0.100801 0.001000 0.003479
v 0.092467 0.001000 0.021712
v 0.110700 0.001000 0.003479
v 0.101854 0.001000 0.001929
v 0.102265 0.001000 -0.000057
v 0.111753 0.001000 0.001929
v 0.112165 0.001000 -0.000057
v 0.111753 0.001000 -0.002042
v 0.110700 0.001000 -0.003592
v 0.101854 0.001000 -0.002042
v 0.100801 0.001000 -0.003592
v 0.092467 0.001000 -0.021825
v 0.089821 0.001000 -0.019178
v 0.079347 0.001000 -0.025046
v 0.088319 0.001000 -0.020681
v 0.090965 0.001000 -0.023327
v 0.078197 0.001000 -0.025905
v 0.070812 0.001000 -0.043481
v 0.071654 0.001000 -0.024288
v 0.063310 0.001000 -0.018709
v 0.070812 0.001000 -0.060868
v 0.063310 0.001000 -0.053367
v 0.072665 0.001000 -0.025396
v 0.075289 0.001000 -0.026483
v 0.073898 0.001000 -0.026130
v 0.076787 0.001000 -0.026414
v 0.062608 0.001000 -0.057048
v 0.060381 0.001000 -0.060438
v 0.067883 0.001000 -0.067939
v 0.056991 0.001000 -0.062665
v 0.064493 0.001000 -0.070166
v 0.060812 0.001000 -0.070868
v 0.070109 0.001000 -0.064549
v 0.053310 0.001000 -0.063367
v 0.043424 0.001000 -0.070868
v 0.018653 0.001000 -0.063367
v 0.024232 0.001000 -0.071711
v 0.025340 0.001000 -0.072721
v 0.026073 0.001000 -0.073955
v 0.026427 0.001000 -0.075346
v 0.026358 0.001000 -0.076844
v 0.025848 0.001000 -0.078254
v 0.023271 0.001000 -0.091022
v 0.024990 0.001000 -0.079404
v 0.020624 0.001000 -0.088375
v 0.019122 0.001000 -0.089877
v 0.003535 0.001000 -0.100858
v 0.021768 0.001000 -0.092524
v 0.003535 0.001000 -0.110757
v 0.000000 0.001000 -0.102322
v 0.001986 0.001000 -0.111810
v 0.001986 0.001000 -0.101911
v 0.000000 0.001000 -0.112221
v -0.001986 0.001000 -0.111810
v -0.003535 0.001000 -0.110757
v -0.021768 0.001000 -0.092524
v -0.003535 0.001000 -0.100858
v -0.001986 0.001000 -0.101911
v -0.024989 0.001000 -0.079404
v -0.019122 0.001000 -0.089877
v -0.020624 0.001000 -0.088375
v -0.023270 0.001000 -0.091022
v -0.043424 0.001000 -0.070868
v -0.025848 0.001000 -0.078254
v -0.026358 0.001000 -0.076844
v -0.026426 0.001000 -0.075346
v -0.026073 0.001000 -0.073955
v -0.025340 0.001000 -0.072721
v -0.024232 0.001000 -0.071711
v -0.022874 0.001000 -0.071074
v -0.018652 0.001000 -0.063367
v -0.021454 0.001000 -0.070868
v -0.053310 0.001000 -0.063367
v -0.018652 0.001000 -0.058709
v -0.005695 0.001000 -0.063563
v -0.005417 0.001000 -0.058781
v -0.005092 0.001000 -0.060644
v -0.004154 0.001000 -0.062287
v -0.003109 0.001000 -0.065567
v 0.000084 0.001000 -0.066281
v 0.021454 0.001000 -0.070868
v 0.003277 0.001000 -0.065567
v 0.005862 0.001000 -0.063561
v 0.018653 0.001000 -0.058709
v 0.005238 0.001000 -0.060698
v 0.004321 0.001000 -0.062286
v 0.005583 0.001000 -0.058780
v 0.005861 0.001000 -0.053999
v 0.005237 0.001000 -0.056861
v 0.004320 0.001000 -0.055274
v 0.003276 0.001000 -0.051994
v 0.003824 0.001000 -0.040772
v 0.021461 0.001000 -0.043985
v 0.030368 0.001000 -0.030425
v 0.004639 0.001000 -0.039649
v 0.010922 0.001000 -0.028026
v 0.018202 0.001000 -0.018259
v 0.027970 0.001000 -0.010979
v 0.039592 0.001000 -0.004695
v 0.043928 0.001000 -0.021518
v 0.058652 0.001000 -0.018709
v 0.040715 0.001000 -0.003881
v 0.053940 0.001000 -0.005750
v 0.051937 0.001000 -0.003165
v 0.055216 0.001000 -0.004209
v 0.056859 0.001000 -0.005148
v 0.058724 0.001000 -0.005474
v 0.063506 0.001000 -0.005751
v 0.060588 0.001000 -0.005148
v 0.062231 0.001000 -0.004211
v 0.070812 0.001000 -0.021511
v 0.065511 0.001000 -0.003166
v 0.066224 0.001000 0.000027
v 0.065510 0.001000 0.003220
v 0.070812 0.001000 0.021397
v 0.071017 0.001000 0.022818
v 0.063310 0.001000 0.018596
v 0.063505 0.001000 0.005805
v 0.058652 0.001000 0.018596
v 0.060641 0.001000 0.005181
v 0.058723 0.001000 0.005526
v 0.062229 0.001000 0.004264
v 0.053942 0.001000 0.005804
v 0.056805 0.001000 0.005180
v 0.055217 0.001000 0.004263
v 0.040715 0.001000 0.003768
v 0.051938 0.001000 0.003219
v 0.043928 0.001000 0.021404
v 0.030368 0.001000 0.030311
v 0.027970 0.001000 0.010865
v 0.039592 0.001000 0.004582
v 0.018202 0.001000 0.018145
v 0.010922 0.001000 0.027913
v 0.004639 0.001000 0.039536
v 0.021461 0.001000 0.043872
v 0.018653 0.001000 0.058595
v 0.003824 0.001000 0.040659
v 0.005693 0.001000 0.053884
v 0.003108 0.001000 0.051880
v 0.004153 0.001000 0.055159
v 0.005091 0.001000 0.056803
v 0.005417 0.001000 0.058667
v 0.005695 0.001000 0.063449
v 0.005092 0.001000 0.060531
v 0.004154 0.001000 0.062174
v 0.021454 0.001000 0.070755
v 0.018653 0.001000 0.063253
v 0.003109 0.001000 0.065454
v -0.000084 0.001000 0.066167
v -0.021454 0.001000 0.070755
v -0.003277 0.001000 0.065453
v -0.005862 0.001000 0.063448
v -0.005583 0.001000 0.058666
v -0.005238 0.001000 0.060585
v -0.004321 0.001000 0.062173
v -0.018652 0.001000 0.058595
v -0.018652 0.001000 0.063253
v -0.043424 0.001000 0.070755
v -0.024232 0.001000 0.071598
v -0.053310 0.001000 0.063253
v -0.022874 0.001000 0.070961
v -0.056991 0.001000 0.062551
v -0.060812 0.001000 0.070755
v -0.064493 0.001000 0.070053
v -0.060381 0.001000 0.060325
v -0.067883 0.001000 0.067826
v -0.062608 0.001000 0.056934
v -0.070812 0.001000 0.060755
v -0.070109 0.001000 0.064436
v -0.070812 0.001000 0.043368
v -0.063310 0.001000 0.053254
v -0.063310 0.001000 0.018596
v -0.063506 0.001000 0.005638
v -0.058652 0.001000 0.018596
v -0.070812 0.001000 0.021397
v -0.071017 0.001000 0.022818
v -0.071654 0.001000 0.024175
v -0.072665 0.001000 0.025283
v -0.073898 0.001000 0.026017
v -0.075289 0.001000 0.026370
v -0.076787 0.001000 0.026301
v -0.078197 0.001000 0.025791
v -0.079347 0.001000 0.024933
v -0.090965 0.001000 0.023214
v -0.088319 0.001000 0.020567
v -0.089821 0.001000 0.019065
v -0.092467 0.001000 0.021712
v -0.100801 0.001000 0.003479
v -0.110700 0.001000 0.003479
v -0.101854 0.001000 0.001929
v -0.102265 0.001000 -0.000057
v -0.110700 0.001000 -0.003592
v -0.111753 0.001000 -0.002042
v -0.101854 0.001000 -0.002042
v -0.112165 0.001000 -0.000057
v -0.111753 0.001000 0.001929
v -0.100801 0.001000 -0.003592
v -0.079347 0.001000 -0.025046
v -0.089821 0.001000 -0.019178
v -0.092467 0.001000 -0.021825
v -0.088319 0.001000 -0.020681
v -0.090965 0.001000 -0.023327
v -0.078197 0.001000 -0.025905
v -0.070812 0.001000 -0.043481
v -0.070812 0.001000 -0.060868
v -0.071654 0.001000 -0.024288
v -0.063310 0.001000 -0.018709
v -0.075289 0.001000 -0.026483
v -0.076787 0.001000 -0.026414
v -0.072665 0.001000 -0.025396
v -0.073898 0.001000 -0.026130
v -0.063310 0.001000 -0.053367
v -0.062608 0.001000 -0.057048
v -0.060381 0.001000 -0.060438
v -0.060812 0.001000 -0.070868
v -0.064493 0.001000 -0.070166
v -0.067883 0.001000 -0.067939
v -0.070109 0.001000 -0.064549
v -0.056991 0.001000 -0.062665
v -0.071017 0.001000 -0.022931
v -0.070812 0.001000 -0.021511
v -0.058652 0.001000 -0.018709
v -0.063504 0.001000 -0.005918
v -0.065510 0.001000 -0.003333
v -0.062229 0.001000 -0.004378
v -0.060641 0.001000 -0.005294
v -0.058723 0.001000 -0.005639
v -0.053942 0.001000 -0.005917
v -0.056805 0.001000 -0.005294
v -0.055217 0.001000 -0.004376
v -0.040715 0.001000 -0.003881
v -0.043928 0.001000 -0.021518
v -0.051938 0.001000 -0.003332
v -0.042175 0.001000 -0.001432
v -0.051224 0.001000 -0.000141
v -0.041614 0.001000 -0.002757
v -0.042175 0.001000 0.001319
v -0.042358 0.001000 -0.000057
v -0.051937 0.001000 0.003051
v -0.053940 0.001000 0.005637
v -0.040715 0.001000 0.003768
v -0.041614 0.001000 0.002644
v -0.039592 0.001000 0.004582
v -0.043928 0.001000 0.021404
v -0.027970 0.001000 0.010865
v -0.030368 0.001000 0.030311
v -0.010922 0.001000 0.027913
v -0.021461 0.001000 0.043872
v -0.018202 0.001000 0.018145
v -0.004639 0.001000 0.039536
v -0.005860 0.001000 0.053885
v -0.003824 0.001000 0.040659
v -0.002700 0.001000 0.041557
v -0.003276 0.001000 0.051881
v -0.001375 0.001000 0.042118
v -0.000084 0.001000 0.051167
v 0.001375 0.001000 0.042118
v 0.000000 0.001000 0.042301
v 0.002700 0.001000 0.041557
v -0.004320 0.001000 0.055161
v -0.005237 0.001000 0.056748
v -0.058724 0.001000 0.005360
v -0.056859 0.001000 0.005035
v -0.055215 0.001000 0.004096
v -0.060588 0.001000 0.005035
v -0.062231 0.001000 0.004097
v -0.030368 0.001000 -0.030425
v -0.027970 0.001000 -0.010979
v -0.039592 0.001000 -0.004695
v -0.018202 0.001000 -0.018259
v -0.010922 0.001000 -0.028026
v -0.004639 0.001000 -0.039649
v -0.021461 0.001000 -0.043985
v -0.005693 0.001000 -0.053997
v -0.003824 0.001000 -0.040772
v -0.003108 0.001000 -0.051993
v -0.002700 0.001000 -0.041670
v -0.001375 0.001000 -0.042232
v 0.000084 0.001000 -0.051281
v 0.000000 0.001000 -0.042414
v 0.001375 0.001000 -0.042232
v 0.002700 0.001000 -0.041670
v -0.005091 0.001000 -0.056916
v -0.004153 0.001000 -0.055272
v -0.066224 0.001000 -0.000141
v -0.065511 0.001000 0.003053
v -0.025340 0.001000 0.072608
v -0.026073 0.001000 0.073841
v -0.026426 0.001000 0.075232
v -0.026358 0.001000 0.076730
v -0.025848 0.001000 0.078141
v -0.024989 0.001000 0.079290
v -0.023270 0.001000 0.090909
v -0.020624 0.001000 0.088262
v -0.019122 0.001000 0.089764
v -0.021768 0.001000 0.092411
v -0.003535 0.001000 0.100744
v -0.003535 0.001000 0.110644
v -0.001986 0.001000 0.101797
v 0.000000 0.001000 0.102209
v -0.001986 0.001000 0.111697
v 0.000000 0.001000 0.112108
v 0.001986 0.001000 0.101797
v 0.001986 0.001000 0.111697
v 0.003535 0.001000 0.110644
v 0.003535 0.001000 0.100744
v 0.021768 0.001000 0.092411
v 0.019122 0.001000 0.089764
v 0.024990 0.001000 0.079290
v 0.020624 0.001000 0.088262
v 0.023271 0.001000 0.090909
v 0.025848 0.001000 0.078141
v 0.043424 0.001000 0.070755
v 0.026358 0.001000 0.076730
v 0.026073 0.001000 0.073841
v 0.025340 0.001000 0.072608
v 0.024232 0.001000 0.071598
v 0.026427 0.001000 0.075232
v 0.053310 0.001000 0.063253
v 0.060812 0.001000 0.070755
v 0.060381 0.001000 0.060325
v 0.064493 0.001000 0.070053
v 0.056991 0.001000 0.062551
v 0.067883 0.001000 0.067826
v 0.070109 0.001000 0.064436
v 0.070812 0.001000 0.060755
v 0.063310 0.001000 0.053254
v 0.062608 0.001000 0.056934
v 0.070812 0.001000 0.043368
v 0.072665 0.001000 0.025283
v 0.073898 0.001000 0.026017
v 0.075289 0.001000 0.026370
v 0.076787 0.001000 0.026301
v 0.078197 0.001000 0.025791
v 0.071654 0.001000 0.024175
v 0.022874 0.001000 0.070961
v 0.051224 0.001000 0.000027
v 0.042175 0.001000 0.001319
v 0.041614 0.001000 0.002644
v 0.042358 0.001000 -0.000057
v 0.042175 0.001000 -0.001432
v 0.041614 0.001000 -0.002757
v 0.071017 0.001000 -0.022931
v 0.022874 0.001000 -0.071074
v 0.058724 -0.001000 -0.005474
v 0.058724 0.000000 -0.005474
v 0.059663 -0.001000 -0.005393
v 0.060588 -0.001000 -0.005148
v 0.059663 0.001000 -0.005393
v 0.058724 0.001000 -0.005474
v 0.060588 0.001000 -0.005148
v 0.061456 0.001000 -0.004747
v 0.062231 0.001000 -0.004211
v 0.061456 -0.001000 -0.004747
v 0.062231 -0.001000 -0.004211
v 0.062231 -0.001000 -0.004211
v 0.062231 0.001000 -0.004211
v 0.063506 -0.001000 -0.005751
v 0.063506 0.001000 -0.005751
v 0.063506 -0.001000 -0.005751
v 0.063506 0.001000 -0.005751
v 0.064639 -0.001000 -0.004585
v 0.065511 -0.001000 -0.003166
v 0.064639 0.001000 -0.004585
v 0.065511 0.001000 -0.003166
v 0.066048 0.001000 -0.001589
v 0.066048 -0.001000 -0.001589
v 0.066224 0.001000 0.000027
v 0.066224 -0.001000 0.000027
v 0.066047 0.001000 0.001643
v 0.065510 0.001000 0.003220
v 0.066047 -0.001000 0.001643
v 0.065510 -0.001000 0.003220
v 0.064637 -0.001000 0.004639
v 0.063505 -0.001000 0.005805
v 0.064637 0.001000 0.004639
v 0.063505 0.001000 0.005805
v 0.063505 0.001000 0.005805
v 0.063505 -0.001000 0.005805
v 0.062229 0.001000 0.004264
v 0.062229 -0.001000 0.004264
v 0.062229 -0.001000 0.004264
v 0.062229 0.001000 0.004264
v 0.061492 -0.001000 0.004779
v 0.061492 0.001000 0.004779
v 0.060641 -0.001000 0.005181
v 0.059705 -0.001000 0.005438
v 0.060641 0.001000 0.005181
v 0.059705 0.001000 0.005438
v 0.058723 0.001000 0.005526
v 0.058723 -0.001000 0.005526
v 0.057741 0.001000 0.005438
v 0.057741 -0.001000 0.005438
v 0.056805 0.001000 0.005180
v 0.056805 -0.001000 0.005180
v 0.055955 0.001000 0.004778
v 0.055217 0.001000 0.004263
v 0.055955 -0.001000 0.004778
v 0.055217 -0.001000 0.004263
v 0.055217 0.001000 0.004263
v 0.053942 -0.000000 0.005804
v 0.055217 -0.001000 0.004263
v 0.053942 0.001000 0.005804
v 0.053942 -0.001000 0.005804
v 0.053942 0.001000 0.005804
v 0.052810 0.001000 0.004638
v 0.053942 -0.000000 0.005804
v 0.053942 -0.001000 0.005804
v 0.052810 -0.001000 0.004638
v 0.051938 -0.001000 0.003219
v 0.051400 -0.001000 0.001643
v 0.051938 0.001000 0.003219
v 0.051400 0.001000 0.001643
v 0.051224 0.001000 0.000027
v 0.051400 0.001000 -0.001588
v 0.051224 -0.001000 0.000027
v 0.051400 -0.001000 -0.001588
v 0.051937 -0.001000 -0.003165
v 0.052808 -0.001000 -0.004584
v 0.051937 0.001000 -0.003165
v 0.052808 0.001000 -0.004584
v 0.053940 0.000000 -0.005750
v 0.053940 0.001000 -0.005750
v 0.053940 -0.001000 -0.005750
v 0.053940 0.001000 -0.005750
v 0.053940 0.000000 -0.005750
v 0.055216 0.001000 -0.004209
v 0.055216 0.000000 -0.004209
v 0.055216 -0.001000 -0.004209
v 0.053940 -0.001000 -0.005750
v 0.055216 0.001000 -0.004209
v 0.055216 0.000000 -0.004209
v 0.055991 0.001000 -0.004746
v 0.055991 -0.001000 -0.004746
v 0.056859 0.001000 -0.005148
v 0.057785 0.001000 -0.005393
v 0.056859 -0.001000 -0.005148
v 0.057785 -0.001000 -0.005393
v 0.058724 -0.001000 -0.005474
v 0.058724 0.000000 -0.005474
v 0.058724 0.001000 -0.005474
v 0.055216 -0.001000 -0.004209
v 0.005417 -0.001000 0.058667
v 0.005417 -0.000000 0.058667
v 0.005336 -0.001000 0.059606
v 0.005092 -0.001000 0.060531
v 0.005336 0.001000 0.059606
v 0.005417 0.001000 0.058667
v 0.005092 0.001000 0.060531
v 0.004691 0.001000 0.061399
v 0.004154 0.001000 0.062174
v 0.004691 -0.001000 0.061399
v 0.004154 -0.001000 0.062174
v 0.004154 0.001000 0.062174
v 0.004154 -0.001000 0.062174
v 0.005695 0.001000 0.063449
v 0.005695 -0.001000 0.063449
v 0.005695 0.001000 0.063449
v 0.004529 0.001000 0.064582
v 0.005695 -0.001000 0.063449
v 0.004529 -0.001000 0.064582
v 0.003109 -0.001000 0.065454
v 0.001532 -0.001000 0.065991
v 0.003109 0.001000 0.065454
v 0.001532 0.001000 0.065991
v -0.000084 0.001000 0.066167
v -0.001700 0.001000 0.065991
v -0.000084 -0.001000 0.066167
v -0.001700 -0.001000 0.065991
v -0.003277 -0.001000 0.065453
v -0.003277 0.001000 0.065453
v -0.004696 -0.001000 0.064581
v -0.005862 -0.001000 0.063448
v -0.004696 0.001000 0.064581
v -0.005862 0.001000 0.063448
v -0.005862 0.001000 0.063448
v -0.005862 -0.001000 0.063448
v -0.004321 0.001000 0.062173
v -0.004321 -0.000000 0.062173
v -0.004321 -0.001000 0.062173
v -0.004321 0.001000 0.062173
v -0.004836 0.001000 0.061435
v -0.004321 -0.000000 0.062173
v -0.004321 -0.001000 0.062173
v -0.004836 -0.001000 0.061435
v -0.005238 -0.001000 0.060585
v -0.005495 -0.001000 0.059649
v -0.005238 0.001000 0.060585
v -0.005495 0.001000 0.059649
v -0.005583 0.001000 0.058666
v -0.005494 0.001000 0.057684
v -0.005583 -0.001000 0.058666
v -0.005494 -0.001000 0.057684
v -0.005237 -0.001000 0.056748
v -0.004835 -0.001000 0.055898
v -0.005237 0.001000 0.056748
v -0.004835 0.001000 0.055898
v -0.004320 -0.000000 0.055161
v -0.004320 0.001000 0.055161
v -0.004320 -0.001000 0.055161
v -0.004320 -0.001000 0.055161
v -0.004320 -0.000000 0.055161
v -0.005860 -0.001000 0.053885
v -0.005860 0.001000 0.053885
v -0.004320 0.001000 0.055161
v -0.005860 -0.001000 0.053885
v -0.005860 0.001000 0.053885
v -0.004695 -0.001000 0.052753
v -0.003276 -0.001000 0.051881
v -0.004695 0.001000 0.052753
v -0.003276 0.001000 0.051881
v -0.001700 0.001000 0.051344
v -0.000084 0.001000 0.051167
v -0.001700 -0.001000 0.051344
v -0.000084 -0.001000 0.051167
v 0.001532 -0.001000 0.051343
v 0.001532 0.001000 0.051343
v 0.003108 -0.001000 0.051880
v 0.004527 -0.001000 0.052752
v 0.003108 0.001000 0.051880
v 0.004527 0.001000 0.052752
v 0.005693 0.001000 0.053884
v 0.005693 -0.001000 0.053884
v 0.005693 -0.001000 0.053884
v 0.005693 0.001000 0.053884
v 0.004153 -0.001000 0.055159
v 0.004153 -0.000000 0.055159
v 0.004153 0.001000 0.055159
v 0.004153 0.001000 0.055159
v 0.004153 -0.000000 0.055159
v 0.004690 0.001000 0.055934
v 0.004690 -0.001000 0.055934
v 0.005091 0.001000 0.056803
v 0.005091 -0.001000 0.056803
v 0.005336 0.001000 0.057728
v 0.005336 -0.001000 0.057728
v 0.005417 0.001000 0.058667
v 0.005417 -0.000000 0.058667
v 0.005417 -0.001000 0.058667
v 0.004153 -0.001000 0.055159
v -0.005417 0.001000 -0.058781
v -0.005417 0.000000 -0.058781
v -0.005336 0.001000 -0.059719
v -0.005336 -0.001000 -0.059719
v -0.005092 0.001000 -0.060644
v -0.005092 -0.001000 -0.060644
v -0.004690 0.001000 -0.061513
v -0.004154 0.001000 -0.062287
v -0.004690 -0.001000 -0.061513
v -0.004154 -0.001000 -0.062287
v -0.005417 -0.001000 -0.058781
v -0.004154 0.001000 -0.062287
v -0.004154 -0.001000 -0.062287
v -0.005695 0.001000 -0.063563
v -0.005695 -0.001000 -0.063563
v -0.005695 -0.001000 -0.063563
v -0.005695 0.001000 -0.063563
v -0.004528 -0.001000 -0.064695
v -0.003109 -0.001000 -0.065567
v -0.004528 0.001000 -0.064695
v -0.003109 0.001000 -0.065567
v -0.001532 0.001000 -0.066104
v 0.000084 0.001000 -0.066281
v -0.001532 -0.001000 -0.066104
v 0.000084 -0.001000 -0.066281
v 0.001700 -0.001000 -0.066104
v 0.003277 -0.001000 -0.065567
v 0.001700 0.001000 -0.066104
v 0.003277 0.001000 -0.065567
v 0.004696 0.001000 -0.064694
v 0.004696 -0.001000 -0.064694
v 0.005862 0.001000 -0.063561
v 0.005862 -0.001000 -0.063561
v 0.005862 0.001000 -0.063561
v 0.005862 -0.001000 -0.063561
v 0.004321 0.001000 -0.062286
v 0.004321 -0.001000 -0.062286
v 0.004321 0.001000 -0.062286
v 0.004836 0.001000 -0.061548
v 0.004321 -0.001000 -0.062286
v 0.004836 -0.001000 -0.061548
v 0.005238 -0.001000 -0.060698
v 0.005495 -0.001000 -0.059762
v 0.005238 0.001000 -0.060698
v 0.005495 0.001000 -0.059762
v 0.005583 0.001000 -0.058780
v 0.005494 0.001000 -0.057797
v 0.005583 -0.001000 -0.058780
v 0.005494 -0.001000 -0.057797
v 0.005237 -0.001000 -0.056861
v 0.004835 -0.001000 -0.056011
v 0.005237 0.001000 -0.056861
v 0.004835 0.001000 -0.056011
v 0.004320 0.000000 -0.055274
v 0.004320 0.001000 -0.055274
v 0.004320 -0.001000 -0.055274
v 0.004320 -0.001000 -0.055274
v 0.004320 0.000000 -0.055274
v 0.005861 -0.001000 -0.053999
v 0.005861 0.000000 -0.053999
v 0.005861 0.001000 -0.053999
v 0.004320 0.001000 -0.055274
v 0.005861 0.001000 -0.053999
v 0.005861 0.000000 -0.053999
v 0.004695 0.001000 -0.052866
v 0.004695 -0.001000 -0.052866
v 0.003276 0.001000 -0.051994
v 0.001700 0.001000 -0.051457
v 0.003276 -0.001000 -0.051994
v 0.001700 -0.001000 -0.051457
v 0.000084 -0.001000 -0.051281
v -0.001532 -0.001000 -0.051457
v 0.000084 0.001000 -0.051281
v -0.001532 0.001000 -0.051457
v -0.003108 0.001000 -0.051993
v -0.003108 -0.001000 -0.051993
v -0.004527 0.001000 -0.052865
v -0.004527 -0.001000 -0.052865
v -0.005693 0.000000 -0.053997
v -0.005693 0.001000 -0.053997
v -0.005693 -0.001000 -0.053997
v 0.005861 -0.001000 -0.053999
v -0.005693 -0.001000 -0.053997
v -0.005693 0.000000 -0.053997
v -0.004153 -0.001000 -0.055272
v -0.004153 0.000000 -0.055272
v -0.004153 0.001000 -0.055272
v -0.005693 0.001000 -0.053997
v -0.004153 0.001000 -0.055272
v -0.004153 0.000000 -0.055272
v -0.004690 0.001000 -0.056047
v -0.004690 -0.001000 -0.056047
v -0.005091 0.001000 -0.056916
v -0.005336 0.001000 -0.057841
v -0.005091 -0.001000 -0.056916
v -0.005336 -0.001000 -0.057841
v -0.005417 0.000000 -0.058781
v -0.005417 -0.001000 -0.058781
v -0.005417 0.001000 -0.058781
v -0.004153 -0.001000 -0.055272
v -0.058724 0.001000 0.005360
v -0.058724 -0.000000 0.005360
v -0.059663 0.001000 0.005280
v -0.059663 -0.001000 0.005280
v -0.060588 0.001000 0.005035
v -0.061456 0.001000 0.004634
v -0.060588 -0.001000 0.005035
v -0.061456 -0.001000 0.004634
v -0.062231 -0.001000 0.004097
v -0.062231 0.001000 0.004097
v -0.058724 -0.001000 0.005360
v -0.062231 0.001000 0.004097
v -0.062231 -0.001000 0.004097
v -0.063506 -0.000000 0.005638
v -0.063506 0.001000 0.005638
v -0.063506 -0.001000 0.005638
v -0.063506 0.001000 0.005638
v -0.064639 0.001000 0.004472
v -0.063506 -0.000000 0.005638
v -0.063506 -0.001000 0.005638
v -0.064639 -0.001000 0.004472
v -0.065511 -0.001000 0.003053
v -0.066048 -0.001000 0.001476
v -0.065511 0.001000 0.003053
v -0.066048 0.001000 0.001476
v -0.066224 0.001000 -0.000141
v -0.066047 0.001000 -0.001757
v -0.066224 -0.001000 -0.000141
v -0.066047 -0.001000 -0.001757
v -0.065510 -0.001000 -0.003333
v -0.064637 -0.001000 -0.004753
v -0.065510 0.001000 -0.003333
v -0.064637 0.001000 -0.004753
v -0.063504 0.000000 -0.005918
v -0.063504 0.001000 -0.005918
v -0.063504 -0.001000 -0.005918
v -0.063504 0.001000 -0.005918
v -0.063504 0.000000 -0.005918
v -0.062229 0.001000 -0.004378
v -0.062229 0.000000 -0.004378
v -0.062229 -0.001000 -0.004378
v -0.063504 -0.001000 -0.005918
v -0.062229 0.001000 -0.004378
v -0.061492 0.001000 -0.004892
v -0.062229 0.000000 -0.004378
v -0.062229 -0.001000 -0.004378
v -0.061492 -0.001000 -0.004892
v -0.060641 -0.001000 -0.005294
v -0.059705 -0.001000 -0.005551
v -0.060641 0.001000 -0.005294
v -0.059705 0.001000 -0.005551
v -0.058723 0.001000 -0.005639
v -0.057741 0.001000 -0.005551
v -0.058723 -0.001000 -0.005639
v -0.057741 -0.001000 -0.005551
v -0.056805 -0.001000 -0.005294
v -0.055954 -0.001000 -0.004891
v -0.056805 0.001000 -0.005294
v -0.055954 0.001000 -0.004891
v -0.055217 0.000000 -0.004376
v -0.055217 0.001000 -0.004376
v -0.055217 -0.001000 -0.004376
v -0.055217 0.001000 -0.004376
v -0.053942 0.001000 -0.005917
v -0.055217 0.000000 -0.004376
v -0.055217 -0.001000 -0.004376
v -0.053942 -0.001000 -0.005917
v -0.053942 -0.001000 -0.005917
v -0.053942 0.001000 -0.005917
v -0.052809 -0.001000 -0.004751
v -0.051938 -0.001000 -0.003332
v -0.052809 0.001000 -0.004751
v -0.051938 0.001000 -0.003332
v -0.051400 0.001000 -0.001756
v -0.051224 0.001000 -0.000141
v -0.051400 -0.001000 -0.001756
v -0.051224 -0.001000 -0.000141
v -0.051400 -0.001000 0.001475
v -0.051937 -0.001000 0.003051
v -0.051400 0.001000 0.001475
v -0.051937 0.001000 0.003051
v -0.052808 0.001000 0.004471
v -0.052808 -0.001000 0.004471
v -0.053940 0.001000 0.005637
v -0.053940 -0.001000 0.005637
v -0.053940 0.001000 0.005637
v -0.053940 -0.001000 0.005637
v -0.055215 0.001000 0.004096
v -0.055215 -0.001000 0.004096
v -0.055215 0.001000 0.004096
v -0.055990 0.001000 0.004633
v -0.055215 -0.001000 0.004096
v -0.055990 -0.001000 0.004633
v -0.056859 -0.001000 0.005035
v -0.057784 -0.001000 0.005280
v -0.056859 0.001000 0.005035
v -0.057784 0.001000 0.005280
v -0.058724 0.001000 0.005360
v -0.058724 -0.000000 0.005360
v -0.058724 -0.001000 0.005360
v -0.004639 0.001000 0.039536
v -0.004639 -0.001000 0.039536
v -0.010922 0.001000 0.027913
v -0.010922 -0.001000 0.027913
v -0.010922 -0.001000 0.027913
v -0.010922 0.001000 0.027913
v -0.014188 -0.001000 0.022791
v -0.016108 -0.001000 0.020398
v -0.014188 0.001000 0.022791
v -0.016108 0.001000 0.020398
v -0.018202 0.001000 0.018145
v -0.020455 0.001000 0.016051
v -0.018202 -0.001000 0.018145
v -0.020455 -0.001000 0.016051
v -0.022848 -0.001000 0.014132
v -0.027970 -0.001000 0.010865
v -0.022848 0.001000 0.014132
v -0.027970 0.001000 0.010865
v -0.027970 0.001000 0.010865
v -0.027970 -0.001000 0.010865
v -0.039592 0.001000 0.004582
v -0.039592 -0.001000 0.004582
v -0.039592 0.001000 0.004582
v -0.040715 0.001000 0.003768
v -0.039592 -0.001000 0.004582
v -0.040715 -0.001000 0.003768
v -0.041614 -0.001000 0.002644
v -0.042175 -0.001000 0.001319
v -0.041614 0.001000 0.002644
v -0.042175 0.001000 0.001319
v -0.042358 0.001000 -0.000057
v -0.042175 0.001000 -0.001432
v -0.042358 -0.001000 -0.000057
v -0.042175 -0.001000 -0.001432
v -0.041614 -0.001000 -0.002757
v -0.041614 0.001000 -0.002757
v -0.040715 -0.001000 -0.003881
v -0.039592 -0.001000 -0.004695
v -0.040715 0.001000 -0.003881
v -0.039592 0.000000 -0.004695
v -0.039592 0.001000 -0.004695
v -0.039592 0.001000 -0.004695
v -0.027970 0.001000 -0.010979
v -0.039592 0.000000 -0.004695
v -0.039592 -0.001000 -0.004695
v -0.027970 -0.001000 -0.010979
v -0.010922 0.001000 -0.028026
v -0.010922 -0.001000 -0.028026
v -0.014188 0.001000 -0.022904
v -0.016108 0.001000 -0.020511
v -0.014188 -0.001000 -0.022904
v -0.016108 -0.001000 -0.020511
v -0.018202 -0.001000 -0.018259
v -0.020455 -0.001000 -0.016165
v -0.018202 0.001000 -0.018259
v -0.020455 0.001000 -0.016165
v -0.022848 0.001000 -0.014245
v -0.022848 -0.001000 -0.014245
v -0.027970 0.001000 -0.010979
v -0.027970 -0.001000 -0.010979
v -0.010922 0.001000 -0.028026
v -0.010922 -0.001000 -0.028026
v -0.004639 0.001000 -0.039649
v -0.004639 -0.001000 -0.039649
v -0.004639 0.001000 -0.039649
v -0.003824 0.001000 -0.040772
v -0.004639 -0.001000 -0.039649
v -0.003824 -0.001000 -0.040772
v -0.002700 -0.001000 -0.041670
v -0.002700 0.001000 -0.041670
v -0.001375 -0.001000 -0.042232
v 0.000000 -0.001000 -0.042414
v -0.001375 0.001000 -0.042232
v 0.000000 0.001000 -0.042414
v 0.001375 0.001000 -0.042232
v 0.002700 0.001000 -0.041670
v 0.001375 -0.001000 -0.042232
v 0.002700 -0.001000 -0.041670
v 0.003824 -0.001000 -0.040772
v 0.004639 -0.001000 -0.039649
v 0.003824 0.001000 -0.040772
v 0.004639 0.001000 -0.039649
v 0.004639 0.001000 -0.039649
v 0.004639 -0.001000 -0.039649
v 0.010922 0.001000 -0.028026
v 0.010922 -0.001000 -0.028026
v 0.010922 0.001000 -0.028026
v 0.014188 0.001000 -0.022904
v 0.010922 -0.001000 -0.028026
v 0.014188 -0.001000 -0.022904
v 0.016108 -0.001000 -0.020511
v 0.018202 -0.001000 -0.018259
v 0.016108 0.001000 -0.020511
v 0.018202 0.001000 -0.018259
v 0.020455 0.001000 -0.016165
v 0.020455 -0.001000 -0.016165
v 0.022848 0.001000 -0.014245
v 0.027970 0.001000 -0.010979
v 0.022848 -0.001000 -0.014245
v 0.027970 -0.001000 -0.010979
v 0.027970 0.001000 -0.010979
v 0.027970 -0.001000 -0.010979
v 0.039592 0.000000 -0.004695
v 0.039592 0.001000 -0.004695
v 0.039592 -0.001000 -0.004695
v 0.039592 0.001000 -0.004695
v 0.039592 0.000000 -0.004695
v 0.040715 0.001000 -0.003881
v 0.040715 -0.001000 -0.003881
v 0.041614 0.001000 -0.002757
v 0.041614 -0.001000 -0.002757
v 0.042175 0.001000 -0.001432
v 0.042358 0.001000 -0.000057
v 0.042175 -0.001000 -0.001432
v 0.042358 -0.001000 -0.000057
v 0.042175 -0.001000 0.001319
v 0.042175 0.001000 0.001319
v 0.041614 -0.001000 0.002644
v 0.040715 -0.001000 0.003768
v 0.041614 0.001000 0.002644
v 0.040715 0.001000 0.003768
v 0.039592 0.001000 0.004582
v 0.039592 -0.001000 0.004582
v 0.039592 -0.001000 -0.004695
v 0.039592 0.001000 0.004582
v 0.039592 -0.001000 0.004582
v 0.027970 0.001000 0.010865
v 0.027970 -0.001000 0.010865
v 0.010922 0.001000 0.027913
v 0.010922 -0.001000 0.027913
v 0.014188 0.001000 0.022791
v 0.014188 -0.001000 0.022791
v 0.016108 0.001000 0.020398
v 0.018202 0.001000 0.018145
v 0.016108 -0.001000 0.020398
v 0.018202 -0.001000 0.018145
v 0.020455 -0.001000 0.016051
v 0.020455 0.001000 0.016051
v 0.022848 -0.001000 0.014132
v 0.027970 -0.001000 0.010865
v 0.022848 0.001000 0.014132
v 0.027970 0.001000 0.010865
v 0.010922 0.001000 0.027913
v 0.010922 -0.001000 0.027913
v 0.004639 -0.000000 0.039536
v 0.004639 0.001000 0.039536
v 0.004639 -0.001000 0.039536
v 0.004639 0.001000 0.039536
v 0.004639 -0.000000 0.039536
v 0.003824 0.001000 0.040659
v 0.003824 -0.001000 0.040659
v 0.002700 0.001000 0.041557
v 0.002700 -0.001000 0.041557
v 0.001375 0.001000 0.042118
v 0.000000 0.001000 0.042301
v 0.001375 -0.001000 0.042118
v 0.000000 -0.001000 0.042301
v -0.001375 -0.001000 0.042118
v -0.002700 -0.001000 0.041557
v -0.001375 0.001000 0.042118
v -0.002700 0.001000 0.041557
v -0.003824 0.001000 0.040659
v -0.003824 -0.001000 0.040659
v -0.004639 0.001000 0.039536
v -0.004639 -0.001000 0.039536
v 0.004639 -0.001000 0.039536
v 0.063310 0.001000 -0.053367
v 0.063310 -0.001000 -0.053367
v 0.063310 0.001000 -0.018709
v 0.063310 -0.001000 -0.018709
v 0.063310 0.001000 -0.018709
v 0.063310 -0.001000 -0.018709
v 0.058652 0.001000 -0.018709
v 0.058652 -0.001000 -0.018709
v 0.058652 0.001000 -0.018709
v 0.051374 0.001000 -0.019377
v 0.058652 -0.001000 -0.018709
v 0.051374 -0.001000 -0.019377
v 0.043928 -0.001000 -0.021518
v 0.043928 0.001000 -0.021518
v 0.040280 -0.001000 -0.023178
v 0.036764 -0.001000 -0.025229
v 0.040280 0.001000 -0.023178
v 0.036764 0.001000 -0.025229
v 0.033440 0.001000 -0.027655
v 0.033440 -0.001000 -0.027655
v 0.030368 0.001000 -0.030425
v 0.030368 -0.001000 -0.030425
v 0.027598 0.001000 -0.033497
v 0.025173 0.001000 -0.036821
v 0.027598 -0.001000 -0.033497
v 0.025173 -0.001000 -0.036821
v 0.023121 -0.001000 -0.040337
v 0.021461 -0.001000 -0.043985
v 0.023121 0.001000 -0.040337
v 0.021461 0.001000 -0.043985
v 0.019320 0.001000 -0.051430
v 0.018653 0.001000 -0.058709
v 0.019320 -0.001000 -0.051430
v 0.018653 -0.001000 -0.058709
v 0.018653 0.001000 -0.058709
v 0.018653 -0.001000 -0.058709
v 0.018653 0.001000 -0.063367
v 0.018653 -0.001000 -0.063367
v 0.018653 0.001000 -0.063367
v 0.018653 -0.001000 -0.063367
v 0.053310 0.001000 -0.063367
v 0.053310 -0.001000 -0.063367
v 0.053310 0.001000 -0.063367
v 0.055130 0.001000 -0.063200
v 0.053310 -0.001000 -0.063367
v 0.055130 -0.001000 -0.063200
v 0.056991 -0.001000 -0.062665
v 0.058782 -0.001000 -0.061737
v 0.056991 0.001000 -0.062665
v 0.058782 0.001000 -0.061737
v 0.060381 0.001000 -0.060438
v 0.061680 0.001000 -0.058839
v 0.060381 -0.001000 -0.060438
v 0.061680 -0.001000 -0.058839
v 0.062608 -0.001000 -0.057048
v 0.063143 -0.001000 -0.055186
v 0.062608 0.001000 -0.057048
v 0.063143 0.001000 -0.055186
v 0.063310 0.001000 -0.053367
v 0.063310 -0.001000 -0.053367
v 0.053310 0.001000 0.063253
v 0.053310 -0.001000 0.063253
v 0.018653 0.001000 0.063253
v 0.018653 -0.001000 0.063253
v 0.018653 0.001000 0.063253
v 0.018653 -0.001000 0.063253
v 0.018653 0.001000 0.058595
v 0.018653 -0.001000 0.058595
v 0.058652 0.001000 0.018596
v 0.051374 0.001000 0.019264
v 0.058652 -0.001000 0.018596
v 0.051374 -0.001000 0.019264
v 0.043928 -0.001000 0.021404
v 0.043928 0.001000 0.021404
v 0.040280 -0.001000 0.023064
v 0.036764 -0.001000 0.025116
v 0.040280 0.001000 0.023064
v 0.036764 0.001000 0.025116
v 0.033440 0.001000 0.027542
v 0.030368 0.001000 0.030311
v 0.033440 -0.001000 0.027542
v 0.030368 -0.001000 0.030311
v 0.027598 -0.001000 0.033384
v 0.025173 -0.001000 0.036707
v 0.027598 0.001000 0.033384
v 0.025173 0.001000 0.036707
v 0.023121 0.001000 0.040224
v 0.021461 0.001000 0.043872
v 0.023121 -0.001000 0.040224
v 0.021461 -0.001000 0.043872
v 0.019320 -0.001000 0.051317
v 0.018653 -0.001000 0.058595
v 0.019320 0.001000 0.051317
v 0.018653 0.001000 0.058595
v 0.058652 0.001000 0.018596
v 0.058652 -0.001000 0.018596
v 0.063310 0.001000 0.018596
v 0.063310 -0.001000 0.018596
v 0.063310 0.001000 0.018596
v 0.063310 -0.001000 0.018596
v 0.063310 0.001000 0.053254
v 0.063310 -0.001000 0.053254
v 0.063310 0.001000 0.053254
v 0.063143 0.001000 0.055073
v 0.063310 -0.001000 0.053254
v 0.063143 -0.001000 0.055073
v 0.062608 -0.001000 0.056934
v 0.061680 -0.001000 0.058726
v 0.062608 0.001000 0.056934
v 0.061680 0.001000 0.058726
v 0.060381 0.001000 0.060325
v 0.058782 0.001000 0.061623
v 0.060381 -0.001000 0.060325
v 0.058782 -0.001000 0.061623
v 0.056991 -0.001000 0.062551
v 0.055130 -0.001000 0.063086
v 0.056991 0.001000 0.062551
v 0.055130 0.001000 0.063086
v 0.053310 0.001000 0.063253
v 0.053310 -0.001000 0.063253
v -0.063310 0.001000 0.053254
v -0.063310 -0.001000 0.053254
v -0.063310 0.001000 0.018596
v -0.063310 -0.001000 0.018596
v -0.063310 0.001000 0.018596
v -0.063310 -0.001000 0.018596
v -0.058652 0.001000 0.018596
v -0.058652 -0.001000 0.018596
v -0.058652 -0.001000 0.018596
v -0.058652 0.001000 0.018596
v -0.051373 -0.001000 0.019264
v -0.043928 -0.001000 0.021404
v -0.051373 0.001000 0.019264
v -0.043928 0.001000 0.021404
v -0.040280 0.001000 0.023064
v -0.036764 0.001000 0.025116
v -0.040280 -0.001000 0.023064
v -0.036764 -0.001000 0.025116
v -0.033440 -0.001000 0.027542
v -0.030368 -0.001000 0.030311
v -0.033440 0.001000 0.027542
v -0.030368 0.001000 0.030311
v -0.027598 0.001000 0.033384
v -0.025173 0.001000 0.036707
v -0.027598 -0.001000 0.033384
v -0.025173 -0.001000 0.036707
v -0.023121 -0.001000 0.040224
v -0.021461 -0.001000 0.043872
v -0.023121 0.001000 0.040224
v -0.021461 0.001000 0.043872
v -0.019320 0.001000 0.051317
v -0.018652 0.001000 0.058595
v -0.019320 -0.001000 0.051317
v -0.018652 -0.001000 0.058595
v -0.018652 0.001000 0.058595
v -0.018652 -0.001000 0.058595
v -0.018652 0.001000 0.063253
v -0.018652 -0.001000 0.063253
v -0.053310 0.001000 0.063253
v -0.053310 -0.001000 0.063253
v -0.018652 0.001000 0.063253
v -0.018652 -0.001000 0.063253
v -0.053310 0.001000 0.063253
v -0.055130 0.001000 0.063086
v -0.053310 -0.001000 0.063253
v -0.055130 -0.001000 0.063086
v -0.056991 -0.001000 0.062551
v -0.058782 -0.001000 0.061623
v -0.056991 0.001000 0.062551
v -0.058782 0.001000 0.061623
v -0.060381 0.001000 0.060325
v -0.061680 0.001000 0.058726
v -0.060381 -0.001000 0.060325
v -0.061680 -0.001000 0.058726
v -0.062608 -0.001000 0.056934
v -0.063143 -0.001000 0.055073
v -0.062608 0.001000 0.056934
v -0.063143 0.001000 0.055073
v -0.063310 0.001000 0.053254
v -0.063310 -0.001000 0.053254
v -0.018652 0.001000 -0.063367
v -0.018652 -0.001000 -0.063367
v -0.053310 0.001000 -0.063367
v -0.053310 -0.001000 -0.063367
v -0.018652 0.001000 -0.063367
v -0.018652 -0.001000 -0.063367
v -0.018652 0.001000 -0.058709
v -0.018652 -0.001000 -0.058709
v -0.058652 0.001000 -0.018709
v -0.051373 0.001000 -0.019377
v -0.058652 -0.001000 -0.018709
v -0.051373 -0.001000 -0.019377
v -0.043928 -0.001000 -0.021518
v -0.043928 0.001000 -0.021518
v -0.040280 -0.001000 -0.023178
v -0.036764 -0.001000 -0.025229
v -0.040280 0.001000 -0.023178
v -0.036764 0.001000 -0.025229
v -0.033440 0.001000 -0.027655
v -0.030368 0.001000 -0.030425
v -0.033440 -0.001000 -0.027655
v -0.030368 -0.001000 -0.030425
v -0.027598 -0.001000 -0.033497
v -0.025173 -0.001000 -0.036821
v -0.027598 0.001000 -0.033497
v -0.025173 0.001000 -0.036821
v -0.023121 0.001000 -0.040337
v -0.021461 0.001000 -0.043985
v -0.023121 -0.001000 -0.040337
v -0.021461 -0.001000 -0.043985
v -0.019320 -0.001000 -0.051430
v -0.018652 -0.001000 -0.058709
v -0.019320 0.001000 -0.051430
v -0.018652 0.001000 -0.058709
v -0.058652 0.001000 -0.018709
v -0.058652 -0.001000 -0.018709
v -0.063310 0.001000 -0.018709
v -0.063310 -0.001000 -0.018709
v -0.063310 0.001000 -0.018709
v -0.063310 -0.001000 -0.018709
v -0.063310 0.001000 -0.053367
v -0.063310 -0.001000 -0.053367
v -0.063310 0.001000 -0.053367
v -0.063143 0.001000 -0.055186
v -0.063310 -0.001000 -0.053367
v -0.063143 -0.001000 -0.055186
v -0.062608 -0.001000 -0.057048
v -0.061680 -0.001000 -0.058839
v -0.062608 0.001000 -0.057048
v -0.061680 0.001000 -0.058839
v -0.060381 0.001000 -0.060438
v -0.058782 0.001000 -0.061737
v -0.060381 -0.001000 -0.060438
v -0.058782 -0.001000 -0.061737
v -0.056991 -0.001000 -0.062665
v -0.055130 -0.001000 -0.063200
v -0.056991 0.001000 -0.062665
v -0.055130 0.001000 -0.063200
v -0.053310 0.001000 -0.063367
v -0.053310 -0.001000 -0.063367
v 0.100801 -0.001000 0.003479
v 0.100801 0.001000 0.003479
v 0.079347 -0.001000 0.024933
v 0.079347 0.001000 0.024933
v 0.079347 -0.001000 0.024933
v 0.078174 -0.001000 0.025804
v 0.079347 0.001000 0.024933
v 0.078174 0.001000 0.025804
v 0.076766 0.001000 0.026305
v 0.076766 -0.001000 0.026305
v 0.075279 0.001000 0.026369
v 0.075279 -0.001000 0.026369
v 0.073898 0.001000 0.026017
v 0.073898 -0.001000 0.026017
v 0.072645 0.001000 0.025266
v 0.072645 -0.001000 0.025266
v 0.071642 0.001000 0.024158
v 0.071642 -0.001000 0.024158
v 0.071015 0.001000 0.022808
v 0.071015 -0.001000 0.022808
v 0.070812 0.001000 0.021397
v 0.070812 -0.001000 0.021397
v 0.070812 -0.001000 0.021397
v 0.070812 0.001000 0.021397
v 0.070812 -0.001000 -0.021511
v 0.070812 0.001000 -0.021511
v 0.070812 -0.001000 -0.021511
v 0.071025 -0.001000 -0.022956
v 0.070812 0.001000 -0.021511
v 0.071025 0.001000 -0.022956
v 0.071666 0.001000 -0.024306
v 0.071666 -0.001000 -0.024306
v 0.072673 0.001000 -0.025403
v 0.072673 -0.001000 -0.025403
v 0.073898 0.001000 -0.026130
v 0.073898 -0.001000 -0.026130
v 0.075315 0.001000 -0.026486
v 0.075315 -0.001000 -0.026486
v 0.076808 0.001000 -0.026410
v 0.076808 -0.001000 -0.026410
v 0.078206 0.001000 -0.025900
v 0.078206 -0.001000 -0.025900
v 0.079347 0.001000 -0.025046
v 0.079347 -0.001000 -0.025046
v 0.079347 -0.001000 -0.025046
v 0.079347 0.001000 -0.025046
v 0.100801 -0.001000 -0.003592
v 0.100801 0.001000 -0.003592
v 0.100801 -0.001000 -0.003592
v 0.101879 -0.001000 -0.001984
v 0.100801 0.001000 -0.003592
v 0.101879 0.001000 -0.001984
v 0.102265 0.001000 -0.000005
v 0.102265 -0.001000 -0.000005
v 0.101844 0.001000 0.001952
v 0.101844 -0.001000 0.001952
v 0.100801 0.001000 0.003479
v 0.100801 -0.001000 0.003479
v -0.003535 -0.001000 0.100744
v -0.003535 0.001000 0.100744
v -0.024989 -0.001000 0.079290
v -0.024989 0.001000 0.079290
v -0.024989 -0.001000 0.079290
v -0.025860 -0.001000 0.078118
v -0.024989 0.001000 0.079290
v -0.025860 0.001000 0.078118
v -0.026362 0.001000 0.076710
v -0.026362 -0.001000 0.076710
v -0.026425 0.001000 0.075222
v -0.026425 -0.001000 0.075222
v -0.026073 0.001000 0.073841
v -0.026073 -0.001000 0.073841
v -0.025323 0.001000 0.072588
v -0.025323 -0.001000 0.072588
v -0.024214 0.001000 0.071586
v -0.024214 -0.001000 0.071586
v -0.022864 0.001000 0.070958
v -0.022864 -0.001000 0.070958
v -0.021454 0.001000 0.070755
v -0.021454 -0.001000 0.070755
v -0.021454 -0.001000 0.070755
v -0.021454 0.001000 0.070755
v 0.021454 -0.001000 0.070755
v 0.021454 0.001000 0.070755
v 0.021454 -0.001000 0.070755
v 0.022899 -0.001000 0.070968
v 0.021454 0.001000 0.070755
v 0.022899 0.001000 0.070968
v 0.024249 0.001000 0.071609
v 0.024249 -0.001000 0.071609
v 0.025346 0.001000 0.072616
v 0.025346 -0.001000 0.072616
v 0.026073 0.001000 0.073841
v 0.026073 -0.001000 0.073841
v 0.026429 0.001000 0.075258
v 0.026429 -0.001000 0.075258
v 0.026354 0.001000 0.076751
v 0.026354 -0.001000 0.076751
v 0.025843 0.001000 0.078150
v 0.025843 -0.001000 0.078150
v 0.024990 0.001000 0.079290
v 0.024990 -0.001000 0.079290
v 0.024990 -0.001000 0.079290
v 0.024990 0.001000 0.079290
v 0.003535 -0.001000 0.100744
v 0.003535 0.001000 0.100744
v 0.003535 -0.001000 0.100744
v 0.001927 -0.001000 0.101822
v 0.003535 0.001000 0.100744
v 0.001927 0.001000 0.101822
v -0.000052 0.001000 0.102208
v -0.000052 -0.001000 0.102208
v -0.002009 0.001000 0.101788
v -0.002009 -0.001000 0.101788
v -0.003535 0.001000 0.100744
v -0.003535 -0.001000 0.100744
v -0.100801 -0.001000 -0.003592
v -0.100801 0.001000 -0.003592
v -0.079347 -0.001000 -0.025046
v -0.079347 0.001000 -0.025046
v -0.079347 -0.001000 -0.025046
v -0.078174 -0.001000 -0.025917
v -0.079347 0.001000 -0.025046
v -0.078174 0.001000 -0.025917
v -0.076766 0.001000 -0.026419
v -0.076766 -0.001000 -0.026419
v -0.075279 0.001000 -0.026482
v -0.075279 -0.001000 -0.026482
v -0.073898 0.001000 -0.026130
v -0.073898 -0.001000 -0.026130
v -0.072645 0.001000 -0.025380
v -0.072645 -0.001000 -0.025380
v -0.071642 0.001000 -0.024271
v -0.071642 -0.001000 -0.024271
v -0.071015 0.001000 -0.022921
v -0.071015 -0.001000 -0.022921
v -0.070812 0.001000 -0.021511
v -0.070812 -0.001000 -0.021511
v -0.070812 -0.001000 -0.021511
v -0.070812 0.001000 -0.021511
v -0.070812 -0.001000 0.021397
v -0.070812 0.001000 0.021397
v -0.070812 -0.001000 0.021397
v -0.071025 -0.001000 0.022842
v -0.070812 0.001000 0.021397
v -0.071025 0.001000 0.022842
v -0.071666 0.001000 0.024193
v -0.071666 -0.001000 0.024193
v -0.072673 0.001000 0.025289
v -0.072673 -0.001000 0.025289
v -0.073898 0.001000 0.026017
v -0.073898 -0.001000 0.026017
v -0.075315 0.001000 0.026373
v -0.075315 -0.001000 0.026373
v -0.076808 0.001000 0.026297
v -0.076808 -0.001000 0.026297
v -0.078206 0.001000 0.025786
v -0.078206 -0.001000 0.025786
v -0.079347 0.001000 0.024933
v -0.079347 -0.001000 0.024933
v -0.079347 -0.001000 0.024933
v -0.079347 0.001000 0.024933
v -0.100801 -0.001000 0.003479
v -0.100801 0.001000 0.003479
v -0.100801 -0.001000 0.003479
v -0.101879 -0.001000 0.001871
v -0.100801 0.001000 0.003479
v -0.101879 0.001000 0.001871
v -0.102265 0.001000 -0.000109
v -0.102265 -0.001000 -0.000109
v -0.101844 0.001000 -0.002065
v -0.101844 -0.001000 -0.002065
v -0.100801 0.001000 -0.003592
v -0.100801 -0.001000 -0.003592
v 0.021454 -0.001000 -0.070868
v 0.021454 0.001000 -0.070868
v -0.021454 -0.001000 -0.070868
v -0.021454 0.001000 -0.070868
v -0.021454 -0.001000 -0.070868
v -0.022899 -0.001000 -0.071082
v -0.021454 0.001000 -0.070868
v -0.022899 0.001000 -0.071082
v -0.024249 0.001000 -0.071723
v -0.024249 -0.001000 -0.071723
v -0.025346 0.001000 -0.072730
v -0.025346 -0.001000 -0.072730
v -0.026073 0.001000 -0.073955
v -0.026073 -0.001000 -0.073955
v -0.026429 0.001000 -0.075371
v -0.026429 -0.001000 -0.075371
v -0.026354 0.001000 -0.076864
v -0.026354 -0.001000 -0.076864
v -0.025843 0.001000 -0.078263
v -0.025843 -0.001000 -0.078263
v -0.024989 0.001000 -0.079404
v -0.024989 -0.001000 -0.079404
v -0.024989 -0.001000 -0.079404
v -0.024989 0.001000 -0.079404
v -0.003535 -0.001000 -0.100858
v -0.003535 0.001000 -0.100858
v -0.003535 -0.001000 -0.100858
v -0.001927 -0.001000 -0.101936
v -0.003535 0.001000 -0.100858
v -0.001927 0.001000 -0.101936
v 0.000052 0.001000 -0.102322
v 0.000052 -0.001000 -0.102322
v 0.002009 0.001000 -0.101901
v 0.002009 -0.001000 -0.101901
v 0.003535 0.001000 -0.100858
v 0.003535 -0.001000 -0.100858
v 0.003535 -0.001000 -0.100858
v 0.003535 0.001000 -0.100858
v 0.024990 -0.001000 -0.079404
v 0.024990 0.001000 -0.079404
v 0.024990 -0.001000 -0.079404
v 0.025860 -0.001000 -0.078231
v 0.024990 0.001000 -0.079404
v 0.025860 0.001000 -0.078231
v 0.026362 0.001000 -0.076823
v 0.026362 -0.001000 -0.076823
v 0.026426 0.001000 -0.075335
v 0.026426 -0.001000 -0.075335
v 0.026073 0.001000 -0.073955
v 0.026073 -0.001000 -0.073955
v 0.025323 0.001000 -0.072701
v 0.025323 -0.001000 -0.072701
v 0.024214 0.001000 -0.071699
v 0.024214 -0.001000 -0.071699
v 0.022864 0.001000 -0.071071
v 0.022864 -0.001000 -0.071071
v 0.021454 0.001000 -0.070868
v 0.021454 -0.001000 -0.070868
v -0.060812 -0.001000 -0.070868
v -0.064611 -0.001000 -0.070118
v -0.060812 0.001000 -0.070868
v -0.064611 0.001000 -0.070118
v -0.067956 0.001000 -0.067865
v -0.067956 -0.001000 -0.067865
v -0.070128 0.001000 -0.064503
v -0.070128 -0.001000 -0.064503
v -0.070812 0.001000 -0.060868
v -0.070812 -0.001000 -0.060868
v -0.070812 -0.001000 -0.060868
v -0.070812 0.001000 -0.060868
v -0.070812 -0.001000 -0.043481
v -0.070812 0.001000 -0.043481
v -0.092467 -0.001000 -0.021825
v -0.092467 0.001000 -0.021825
v -0.110700 -0.001000 -0.003592
v -0.110700 0.001000 -0.003592
v -0.110700 -0.001000 -0.003592
v -0.111778 -0.001000 -0.001984
v -0.110700 0.001000 -0.003592
v -0.111778 0.001000 -0.001984
v -0.112164 0.001000 -0.000005
v -0.112164 -0.001000 -0.000005
v -0.111743 0.001000 0.001952
v -0.111743 -0.001000 0.001952
v -0.110700 0.001000 0.003479
v -0.110700 -0.001000 0.003479
v -0.090965 -0.001000 0.023214
v -0.090965 0.001000 0.023214
v -0.070812 -0.001000 0.043368
v -0.070812 0.001000 0.043368
v -0.070812 -0.001000 0.043368
v -0.070812 0.001000 0.043368
v -0.070812 -0.001000 0.060755
v -0.070812 0.001000 0.060755
v -0.070812 -0.001000 0.060755
v -0.070062 -0.001000 0.064554
v -0.070812 0.001000 0.060755
v -0.070062 0.001000 0.064554
v -0.067809 0.001000 0.067899
v -0.067809 -0.001000 0.067899
v -0.064446 0.001000 0.070071
v -0.064446 -0.001000 0.070071
v -0.060812 0.001000 0.070755
v -0.060812 -0.001000 0.070755
v -0.060812 -0.001000 0.070755
v -0.060812 0.001000 0.070755
v -0.043424 -0.001000 0.070755
v -0.043424 0.001000 0.070755
v -0.021768 -0.001000 0.092411
v -0.021768 0.001000 0.092411
v -0.003535 -0.001000 0.110644
v -0.003535 0.001000 0.110644
v -0.003535 -0.001000 0.110644
v -0.001927 -0.001000 0.111722
v -0.003535 0.001000 0.110644
v -0.001927 0.001000 0.111722
v 0.000052 0.001000 0.112108
v 0.000052 -0.001000 0.112108
v 0.002009 0.001000 0.111687
v 0.002009 -0.001000 0.111687
v 0.003535 0.001000 0.110644
v 0.003535 -0.001000 0.110644
v 0.023271 -0.001000 0.090909
v 0.023271 0.001000 0.090909
v 0.043424 -0.001000 0.070755
v 0.043424 0.001000 0.070755
v 0.043424 -0.001000 0.070755
v 0.043424 0.001000 0.070755
v 0.060812 -0.001000 0.070755
v 0.060812 0.001000 0.070755
v 0.060812 -0.001000 0.070755
v 0.064611 -0.001000 0.070005
v 0.060812 0.001000 0.070755
v 0.064611 0.001000 0.070005
v 0.067956 0.001000 0.067752
v 0.067956 -0.001000 0.067752
v 0.070128 0.001000 0.064390
v 0.070128 -0.001000 0.064390
v 0.070812 0.001000 0.060755
v 0.070812 -0.001000 0.060755
v 0.070812 -0.001000 0.060755
v 0.070812 0.001000 0.060755
v 0.070812 -0.001000 0.043368
v 0.070812 0.001000 0.043368
v 0.092467 -0.001000 0.021712
v 0.092467 0.001000 0.021712
v 0.110700 -0.001000 0.003479
v 0.110700 0.001000 0.003479
v 0.110700 -0.001000 0.003479
v 0.111778 -0.001000 0.001871
v 0.110700 0.001000 0.003479
v 0.111778 0.001000 0.001871
v 0.112164 0.001000 -0.000109
v 0.112164 -0.001000 -0.000109
v 0.111743 0.001000 -0.002065
v 0.111743 -0.001000 -0.002065
v 0.110700 0.001000 -0.003592
v 0.110700 -0.001000 -0.003592
v 0.090965 -0.001000 -0.023327
v 0.090965 0.001000 -0.023327
v 0.070812 -0.001000 -0.043481
v 0.070812 0.001000 -0.043481
v 0.070812 -0.001000 -0.043481
v 0.070812 0.001000 -0.043481
v 0.070812 -0.001000 -0.060868
v 0.070812 0.001000 -0.060868
v 0.070812 -0.001000 -0.060868
v 0.070062 -0.001000 -0.064667
v 0.070812 0.001000 -0.060868
v 0.070062 0.001000 -0.064667
v 0.067809 0.001000 -0.068013
v 0.067809 -0.001000 -0.068013
v 0.064446 0.001000 -0.070184
v 0.064446 -0.001000 -0.070184
v 0.060812 0.001000 -0.070868
v 0.060812 -0.001000 -0.070868
v 0.060812 -0.001000 -0.070868
v 0.060812 0.001000 -0.070868
v 0.043424 -0.001000 -0.070868
v 0.043424 0.001000 -0.070868
v 0.021768 0.001000 -0.092524
v 0.003535 0.001000 -0.110757
v 0.021768 -0.001000 -0.092524
v 0.003535 -0.001000 -0.110757
v -0.023270 -0.001000 -0.091022
v -0.023270 0.001000 -0.091022
v -0.043424 -0.001000 -0.070868
v -0.043424 0.001000 -0.070868
v -0.043424 -0.001000 -0.070868
v -0.043424 0.001000 -0.070868
v -0.060812 -0.001000 -0.070868
v -0.060812 0.001000 -0.070868
v -0.021768 0.001000 -0.092524
v -0.019122 0.001000 -0.089877
v -0.021768 -0.001000 -0.092524
v -0.019122 -0.001000 -0.089877
v -0.023270 0.001000 -0.091022
v -0.023270 -0.001000 -0.091022
v -0.020624 0.001000 -0.088375
v -0.020624 -0.001000 -0.088375
v -0.003535 -0.001000 -0.110757
v -0.003535 0.001000 -0.110757
v -0.021768 -0.001000 -0.092524
v -0.021768 0.001000 -0.092524
v -0.020624 -0.001000 -0.088375
v -0.019122 -0.001000 -0.089877
v -0.020624 0.001000 -0.088375
v -0.019122 0.001000 -0.089877
v 0.019122 -0.001000 -0.089877
v 0.019122 0.001000 -0.089877
v 0.021768 -0.001000 -0.092524
v 0.021768 0.001000 -0.092524
v 0.023271 -0.001000 -0.091022
v 0.023271 0.001000 -0.091022
v 0.020624 -0.001000 -0.088375
v 0.020624 0.001000 -0.088375
v 0.043424 -0.001000 -0.070868
v 0.043424 0.001000 -0.070868
v 0.023271 -0.001000 -0.091022
v 0.023271 0.001000 -0.091022
v 0.020624 -0.001000 -0.088375
v 0.019122 -0.001000 -0.089877
v 0.020624 0.001000 -0.088375
v 0.019122 0.001000 -0.089877
v -0.092467 0.001000 0.021712
v -0.089821 0.001000 0.019065
v -0.092467 -0.001000 0.021712
v -0.089821 -0.001000 0.019065
v -0.088319 -0.001000 0.020567
v -0.088319 0.001000 0.020567
v -0.090965 -0.001000 0.023214
v -0.090965 0.001000 0.023214
v -0.110700 -0.001000 0.003479
v -0.110700 0.001000 0.003479
v -0.092467 -0.001000 0.021712
v -0.092467 0.001000 0.021712
v -0.088319 -0.001000 0.020567
v -0.089821 -0.001000 0.019065
v -0.088319 0.001000 0.020567
v -0.089821 0.001000 0.019065
v -0.089821 -0.001000 -0.019178
v -0.089821 0.001000 -0.019178
v -0.092467 -0.001000 -0.021825
v -0.092467 0.001000 -0.021825
v -0.090965 -0.001000 -0.023327
v -0.090965 0.001000 -0.023327
v -0.088319 -0.001000 -0.020681
v -0.088319 0.001000 -0.020681
v -0.070812 -0.001000 -0.043481
v -0.070812 0.001000 -0.043481
v -0.090965 -0.001000 -0.023327
v -0.090965 0.001000 -0.023327
v -0.088319 -0.001000 -0.020681
v -0.089821 -0.001000 -0.019178
v -0.088319 0.001000 -0.020681
v -0.089821 0.001000 -0.019178
v 0.021768 -0.001000 0.092411
v 0.021768 0.001000 0.092411
v 0.019122 -0.001000 0.089764
v 0.019122 0.001000 0.089764
v 0.020624 -0.001000 0.088262
v 0.020624 0.001000 0.088262
v 0.023271 -0.001000 0.090909
v 0.023271 0.001000 0.090909
v 0.003535 -0.001000 0.110644
v 0.003535 0.001000 0.110644
v 0.021768 -0.001000 0.092411
v 0.021768 0.001000 0.092411
v 0.020624 -0.001000 0.088262
v 0.019122 -0.001000 0.089764
v 0.020624 0.001000 0.088262
v 0.019122 0.001000 0.089764
v -0.021768 -0.001000 0.092411
v -0.021768 0.001000 0.092411
v -0.019122 -0.001000 0.089764
v -0.019122 0.001000 0.089764
v -0.020624 -0.001000 0.088262
v -0.023270 -0.001000 0.090909
v -0.020624 0.001000 0.088262
v -0.023270 0.001000 0.090909
v -0.043424 -0.001000 0.070755
v -0.043424 0.001000 0.070755
v -0.023270 -0.001000 0.090909
v -0.023270 0.001000 0.090909
v -0.020624 -0.001000 0.088262
v -0.019122 -0.001000 0.089764
v -0.020624 0.001000 0.088262
v -0.019122 0.001000 0.089764
v 0.089821 -0.001000 -0.019178
v 0.092467 -0.001000 -0.021825
v 0.089821 0.001000 -0.019178
v 0.092467 0.001000 -0.021825
v 0.090965 0.001000 -0.023327
v 0.090965 -0.001000 -0.023327
v 0.088319 0.001000 -0.020681
v 0.088319 -0.001000 -0.020681
v 0.110700 -0.001000 -0.003592
v 0.110700 0.001000 -0.003592
v 0.092467 -0.001000 -0.021825
v 0.092467 0.001000 -0.021825
v 0.088319 -0.001000 -0.020681
v 0.089821 -0.001000 -0.019178
v 0.088319 0.001000 -0.020681
v 0.089821 0.001000 -0.019178
v 0.089821 -0.001000 0.019065
v 0.089821 0.001000 0.019065
v 0.092467 -0.001000 0.021712
v 0.092467 0.001000 0.021712
v 0.088319 -0.001000 0.020567
v 0.090965 -0.001000 0.023214
v 0.088319 0.001000 0.020567
v 0.090965 0.001000 0.023214
v 0.070812 -0.001000 0.043368
v 0.070812 0.001000 0.043368
v 0.090965 -0.001000 0.023214
v 0.090965 0.001000 0.023214
v 0.088319 -0.001000 0.020567
v 0.089821 -0.001000 0.019065
v 0.088319 0.001000 0.020567
v 0.089821 0.001000 0.019065
v 0.089821 -0.001000 0.019065
v 0.079347 -0.001000 0.024933
v 0.100801 -0.001000 0.003479
v 0.088319 -0.001000 0.020567
v 0.092467 -0.001000 0.021712
v 0.110700 -0.001000 0.003479
v 0.102265 -0.001000 -0.000057
v 0.101854 -0.001000 0.001929
v 0.111753 -0.001000 0.001929
v 0.112165 -0.001000 -0.000057
v 0.111753 -0.001000 -0.002042
v 0.110700 -0.001000 -0.003592
v 0.101854 -0.001000 -0.002042
v 0.100801 -0.001000 -0.003592
v 0.092467 -0.001000 -0.021825
v 0.089821 -0.001000 -0.019178
v 0.079347 -0.001000 -0.025046
v 0.088319 -0.001000 -0.020681
v 0.090965 -0.001000 -0.023327
v 0.078197 -0.001000 -0.025905
v 0.070812 -0.001000 -0.043481
v 0.071654 -0.001000 -0.024288
v 0.063310 -0.001000 -0.018709
v 0.070812 -0.001000 -0.060868
v 0.063310 -0.001000 -0.053367
v 0.072665 -0.001000 -0.025396
v 0.073898 -0.001000 -0.026130
v 0.075289 -0.001000 -0.026483
v 0.076787 -0.001000 -0.026414
v 0.062608 -0.001000 -0.057048
v 0.060381 -0.001000 -0.060438
v 0.070109 -0.001000 -0.064549
v 0.067883 -0.001000 -0.067939
v 0.064493 -0.001000 -0.070166
v 0.060812 -0.001000 -0.070868
v 0.056991 -0.001000 -0.062665
v 0.053310 -0.001000 -0.063367
v 0.018653 -0.001000 -0.063367
v 0.043424 -0.001000 -0.070868
v 0.024232 -0.001000 -0.071711
v 0.025340 -0.001000 -0.072721
v 0.026073 -0.001000 -0.073955
v 0.026427 -0.001000 -0.075346
v 0.026358 -0.001000 -0.076844
v 0.023271 -0.001000 -0.091022
v 0.025848 -0.001000 -0.078254
v 0.024990 -0.001000 -0.079404
v 0.020624 -0.001000 -0.088375
v 0.019122 -0.001000 -0.089877
v 0.003535 -0.001000 -0.100858
v 0.021768 -0.001000 -0.092524
v 0.001986 -0.001000 -0.101911
v 0.003535 -0.001000 -0.110757
v 0.001986 -0.001000 -0.111810
v 0.000000 -0.001000 -0.102322
v -0.001986 -0.001000 -0.101911
v 0.000000 -0.001000 -0.112221
v -0.001986 -0.001000 -0.111810
v -0.003535 -0.001000 -0.110757
v -0.021768 -0.001000 -0.092524
v -0.003535 -0.001000 -0.100858
v -0.019122 -0.001000 -0.089877
v -0.024989 -0.001000 -0.079404
v -0.020624 -0.001000 -0.088375
v -0.023270 -0.001000 -0.091022
v -0.025848 -0.001000 -0.078254
v -0.043424 -0.001000 -0.070868
v -0.026358 -0.001000 -0.076844
v -0.026426 -0.001000 -0.075346
v -0.026073 -0.001000 -0.073955
v -0.025340 -0.001000 -0.072721
v -0.024232 -0.001000 -0.071711
v -0.018652 -0.001000 -0.063367
v -0.022874 -0.001000 -0.071074
v -0.021454 -0.001000 -0.070868
v 0.021454 -0.001000 -0.070868
v -0.005695 -0.001000 -0.063563
v -0.003109 -0.001000 -0.065567
v 0.000084 -0.001000 -0.066281
v 0.003277 -0.001000 -0.065567
v 0.005862 -0.001000 -0.063561
v 0.018653 -0.001000 -0.058709
v 0.004321 -0.001000 -0.062286
v 0.005238 -0.001000 -0.060698
v 0.005583 -0.001000 -0.058780
v 0.005861 -0.001000 -0.053999
v 0.005237 -0.001000 -0.056861
v 0.004320 -0.001000 -0.055274
v 0.021461 -0.001000 -0.043985
v 0.003276 -0.001000 -0.051994
v 0.003824 -0.001000 -0.040772
v 0.002700 -0.001000 -0.041670
v 0.004639 -0.001000 -0.039649
v 0.010922 -0.001000 -0.028026
v 0.030368 -0.001000 -0.030425
v 0.018202 -0.001000 -0.018259
v 0.027970 -0.001000 -0.010979
v 0.039592 -0.001000 -0.004695
v 0.043928 -0.001000 -0.021518
v 0.058652 -0.001000 -0.018709
v 0.040715 -0.001000 -0.003881
v 0.053940 -0.001000 -0.005750
v 0.051937 -0.001000 -0.003165
v 0.055216 -0.001000 -0.004209
v 0.056859 -0.001000 -0.005148
v 0.058724 -0.001000 -0.005474
v 0.063506 -0.001000 -0.005751
v 0.060588 -0.001000 -0.005148
v 0.062231 -0.001000 -0.004211
v 0.065511 -0.001000 -0.003166
v 0.070812 -0.001000 -0.021511
v 0.070812 -0.001000 0.021397
v 0.066224 -0.001000 0.000027
v 0.071017 -0.001000 -0.022931
v 0.065510 -0.001000 0.003220
v 0.063505 -0.001000 0.005805
v 0.062229 -0.001000 0.004264
v 0.060641 -0.001000 0.005181
v 0.058652 -0.001000 0.018596
v 0.058723 -0.001000 0.005526
v 0.063310 -0.001000 0.018596
v 0.071654 -0.001000 0.024175
v 0.070812 -0.001000 0.043368
v 0.071017 -0.001000 0.022818
v 0.063310 -0.001000 0.053254
v 0.062608 -0.001000 0.056934
v 0.070812 -0.001000 0.060755
v 0.070109 -0.001000 0.064436
v 0.060381 -0.001000 0.060325
v 0.056991 -0.001000 0.062551
v 0.060812 -0.001000 0.070755
v 0.064493 -0.001000 0.070053
v 0.067883 -0.001000 0.067826
v 0.043424 -0.001000 0.070755
v 0.053310 -0.001000 0.063253
v 0.018653 -0.001000 0.063253
v 0.005695 -0.001000 0.063449
v 0.018653 -0.001000 0.058595
v 0.021454 -0.001000 0.070755
v 0.022874 -0.001000 0.070961
v 0.024232 -0.001000 0.071598
v 0.025340 -0.001000 0.072608
v 0.026073 -0.001000 0.073841
v 0.026427 -0.001000 0.075232
v 0.026358 -0.001000 0.076730
v 0.025848 -0.001000 0.078141
v 0.023271 -0.001000 0.090909
v 0.024990 -0.001000 0.079290
v 0.019122 -0.001000 0.089764
v 0.020624 -0.001000 0.088262
v 0.003535 -0.001000 0.100744
v 0.021768 -0.001000 0.092411
v 0.001986 -0.001000 0.101797
v 0.003535 -0.001000 0.110644
v 0.001986 -0.001000 0.111697
v 0.000000 -0.001000 0.102209
v -0.001986 -0.001000 0.101797
v -0.003535 -0.001000 0.110644
v -0.001986 -0.001000 0.111697
v 0.000000 -0.001000 0.112108
v -0.021768 -0.001000 0.092411
v -0.003535 -0.001000 0.100744
v -0.019122 -0.001000 0.089764
v -0.024989 -0.001000 0.079290
v -0.020624 -0.001000 0.088262
v -0.025848 -0.001000 0.078141
v -0.023270 -0.001000 0.090909
v -0.043424 -0.001000 0.070755
v -0.060812 -0.001000 0.070755
v -0.053310 -0.001000 0.063253
v -0.018652 -0.001000 0.063253
v -0.026358 -0.001000 0.076730
v -0.025340 -0.001000 0.072608
v -0.024232 -0.001000 0.071598
v -0.026073 -0.001000 0.073841
v -0.026426 -0.001000 0.075232
v -0.022874 -0.001000 0.070961
v -0.021454 -0.001000 0.070755
v -0.000084 -0.001000 0.066167
v -0.003277 -0.001000 0.065453
v -0.005862 -0.001000 0.063448
v -0.004321 -0.001000 0.062173
v -0.018652 -0.001000 0.058595
v -0.005238 -0.001000 0.060585
v -0.005583 -0.001000 0.058666
v -0.005860 -0.001000 0.053885
v -0.005237 -0.001000 0.056748
v -0.004320 -0.001000 0.055161
v -0.021461 -0.001000 0.043872
v -0.003824 -0.001000 0.040659
v -0.003276 -0.001000 0.051881
v -0.001375 -0.001000 0.042118
v -0.002700 -0.001000 0.041557
v -0.000084 -0.001000 0.051167
v 0.001375 -0.001000 0.042118
v 0.003108 -0.001000 0.051880
v 0.000000 -0.001000 0.042301
v 0.005693 -0.001000 0.053884
v 0.003824 -0.001000 0.040659
v 0.002700 -0.001000 0.041557
v 0.021461 -0.001000 0.043872
v 0.004639 -0.001000 0.039536
v 0.010922 -0.001000 0.027913
v 0.018202 -0.001000 0.018145
v 0.030368 -0.001000 0.030311
v 0.027970 -0.001000 0.010865
v 0.043928 -0.001000 0.021404
v 0.039592 -0.001000 0.004582
v 0.040715 -0.001000 0.003768
v 0.053942 -0.001000 0.005804
v 0.056805 -0.001000 0.005180
v 0.055217 -0.001000 0.004263
v 0.051938 -0.001000 0.003219
v 0.051224 -0.001000 0.000027
v 0.042175 -0.001000 0.001319
v 0.041614 -0.001000 0.002644
v 0.042358 -0.001000 -0.000057
v 0.042175 -0.001000 -0.001432
v 0.041614 -0.001000 -0.002757
v 0.005091 -0.001000 0.056803
v 0.005417 -0.001000 0.058667
v 0.004153 -0.001000 0.055159
v 0.005092 -0.001000 0.060531
v 0.004154 -0.001000 0.062174
v -0.004639 -0.001000 0.039536
v -0.010922 -0.001000 0.027913
v -0.030368 -0.001000 0.030311
v -0.018202 -0.001000 0.018145
v -0.027970 -0.001000 0.010865
v -0.039592 -0.001000 0.004582
v -0.043928 -0.001000 0.021404
v -0.058652 -0.001000 0.018596
v -0.053940 -0.001000 0.005637
v -0.040715 -0.001000 0.003768
v -0.051937 -0.001000 0.003051
v -0.041614 -0.001000 0.002644
v -0.042175 -0.001000 0.001319
v -0.051224 -0.001000 -0.000141
v -0.042358 -0.001000 -0.000057
v -0.042175 -0.001000 -0.001432
v -0.051938 -0.001000 -0.003332
v -0.041614 -0.001000 -0.002757
v -0.040715 -0.001000 -0.003881
v -0.053942 -0.001000 -0.005917
v -0.039592 -0.001000 -0.004695
v -0.043928 -0.001000 -0.021518
v -0.030368 -0.001000 -0.030425
v -0.058652 -0.001000 -0.018709
v -0.027970 -0.001000 -0.010979
v -0.018202 -0.001000 -0.018259
v -0.010922 -0.001000 -0.028026
v -0.021461 -0.001000 -0.043985
v -0.004639 -0.001000 -0.039649
v -0.003824 -0.001000 -0.040772
v -0.005693 -0.001000 -0.053997
v -0.003108 -0.001000 -0.051993
v -0.002700 -0.001000 -0.041670
v -0.001375 -0.001000 -0.042232
v 0.000084 -0.001000 -0.051281
v 0.000000 -0.001000 -0.042414
v 0.001375 -0.001000 -0.042232
v -0.018652 -0.001000 -0.058709
v -0.005417 -0.001000 -0.058781
v -0.005091 -0.001000 -0.056916
v -0.004153 -0.001000 -0.055272
v -0.005092 -0.001000 -0.060644
v -0.004154 -0.001000 -0.062287
v -0.063310 -0.001000 -0.018709
v -0.063504 -0.001000 -0.005918
v -0.058723 -0.001000 -0.005639
v -0.060641 -0.001000 -0.005294
v -0.056805 -0.001000 -0.005294
v -0.055217 -0.001000 -0.004376
v -0.062229 -0.001000 -0.004378
v -0.065510 -0.001000 -0.003333
v -0.070812 -0.001000 -0.021511
v -0.071017 -0.001000 -0.022931
v -0.070812 -0.001000 0.021397
v -0.066224 -0.001000 -0.000141
v -0.065511 -0.001000 0.003053
v -0.063506 -0.001000 0.005638
v -0.063310 -0.001000 0.018596
v -0.058724 -0.001000 0.005360
v -0.060588 -0.001000 0.005035
v -0.062231 -0.001000 0.004097
v -0.056859 -0.001000 0.005035
v -0.055215 -0.001000 0.004096
v -0.071654 -0.001000 0.024175
v -0.070812 -0.001000 0.043368
v -0.063310 -0.001000 0.053254
v -0.071017 -0.001000 0.022818
v -0.070812 -0.001000 0.060755
v -0.062608 -0.001000 0.056934
v -0.060381 -0.001000 0.060325
v -0.070109 -0.001000 0.064436
v -0.067883 -0.001000 0.067826
v -0.064493 -0.001000 0.070053
v -0.056991 -0.001000 0.062551
v -0.078197 -0.001000 0.025791
v -0.076787 -0.001000 0.026301
v -0.073898 -0.001000 0.026017
v -0.075289 -0.001000 0.026370
v -0.072665 -0.001000 0.025283
v -0.090965 -0.001000 0.023214
v -0.088319 -0.001000 0.020567
v -0.079347 -0.001000 0.024933
v -0.089821 -0.001000 0.019065
v -0.100801 -0.001000 0.003479
v -0.110700 -0.001000 0.003479
v -0.092467 -0.001000 0.021712
v -0.101854 -0.001000 0.001929
v -0.102265 -0.001000 -0.000057
v -0.111753 -0.001000 -0.002042
v -0.112165 -0.001000 -0.000057
v -0.101854 -0.001000 -0.002042
v -0.111753 -0.001000 0.001929
v -0.110700 -0.001000 -0.003592
v -0.092467 -0.001000 -0.021825
v -0.100801 -0.001000 -0.003592
v -0.079347 -0.001000 -0.025046
v -0.089821 -0.001000 -0.019178
v -0.088319 -0.001000 -0.020681
v -0.090965 -0.001000 -0.023327
v -0.070812 -0.001000 -0.043481
v -0.078197 -0.001000 -0.025905
v -0.076787 -0.001000 -0.026414
v -0.075289 -0.001000 -0.026483
v -0.073898 -0.001000 -0.026130
v -0.072665 -0.001000 -0.025396
v -0.071654 -0.001000 -0.024288
v -0.070812 -0.001000 -0.060868
v -0.063310 -0.001000 -0.053367
v -0.062608 -0.001000 -0.057048
v -0.060381 -0.001000 -0.060438
v -0.070109 -0.001000 -0.064549
v -0.056991 -0.001000 -0.062665
v -0.060812 -0.001000 -0.070868
v -0.064493 -0.001000 -0.070166
v -0.067883 -0.001000 -0.067939
v -0.053310 -0.001000 -0.063367
v 0.003109 -0.001000 0.065454
v 0.072665 -0.001000 0.025283
v 0.073898 -0.001000 0.026017
v 0.075289 -0.001000 0.026370
v 0.076787 -0.001000 0.026301
v 0.078197 -0.001000 0.025791
v 0.090965 -0.001000 0.023214
v 0.022874 -0.001000 -0.071074
vn 0.000000 1.000000 0.000000
vn 0.000000 1.000000 0.000000
vn 0.000000 1.000000 0.000000
vn 0.000000 1.000000 0.000000
vn 0.000000 1.000000 0.000000
vn 0.000000 1.000000 0.000000
vn 0.000000 1.000000 0.000000
vn 0.000000 1.000000 0.000000
vn 0.000000 1.000000 0.000000
vn 0.000000 1.000000 0.000000
vn 0.000000 1.000000 0.000000
vn 0.000000 1.000000 0.000000
vn 0.000000 1.000000 0.000000
vn 0.000000 1.000000 0.000000
vn 0.000000 1.000000 0.000000
vn 0.000000 1.000000 0.000000
vn 0.000000 1.000000 0.000000
vn 0.000000 1.000000 0.000000
vn 0.000000 1.000000 0.000000
vn 0.000000 1.000000 0.000000
vn 0.000000 1.000000 0.000000
vn 0.000000 1.000000 0.000000
vn 0.000000 1.000000 0.000000
vn 0.000000 1.000000 0.000000
vn 0.000000 1.000000 0.000000
vn 0.000000 1.000000 0.000000
vn 0.000000 1.000000 0.000000
vn 0.000000 1.000000 0.000000
vn 0.000000 1.000000 0.000000
vn 0.000000 1.000000 0.000000
vn 0.000000 1.000000 0.000000
vn 0.000000 1.000000 0.000000
vn 0.000000 1.000000 0.000000
vn 0.000000 1.000000 0.000000
vn 0.000000 1.000000 0.000000
vn 0.000000 1.000000 0.000000
vn 0.000000 1.000000 0.000000
vn 0.000000 1.000000 0.000000
vn 0.000000 1.000000 0.000000
vn 0.000000 1.000000 0.000000
vn 0.000000 1.000000 0.000000
vn 0.000000 1.000000 0.000000
vn 0.000000 1.000000 0.000000
vn 0.000000 1.000000 0.000000
vn 0.000000 1.000000 0.000000
vn 0.000000 1.000000 0.000000
vn 0.000000 1.000000 0.000000
vn 0.000000 1.000000 0.000000
vn 0.000000 1.000000 0.000000
vn 0.000000 1.000000 0.000000
vn 0.000000 1.000000 0.000000
vn 0.000000 1.000000 0.000000
vn 0.000000 1.000000 0.000000
vn 0.000000 1.000000 0.000000
vn 0.000000 1.000000 0.000000
vn 0.000000 1.000000 0.000000
vn 0.000000 1.000000 0.000000
vn 0.000000 1.000000 0.000000
vn 0.000000 1.000000 0.000000
vn 0.000000 1.000000 0.000000
vn 0.000000 1.000000 0.000000
vn 0.000000 1.000000 0.000000
vn 0.000000 1.000000 0.000000
vn 0.000000 1.000000 0.000000
vn 0.000000 1.000000 0.000000
vn 0.000000 1.000000 0.000000
vn 0.000000 1.000000 0.000000
vn 0.000000 1.000000 0.000000
vn 0.000000 1.000000 0.000000
vn 0.000000 1.000000 0.000000
vn 0.000000 1.000000 0.000000
vn 0.000000 1.000000 0.000000
vn 0.000000 1.000000 0.000000
vn 0.000000 1.000000 0.000000
vn 0.000000 1.000000 0.000000
vn 0.000000 1.000000 0.000000
vn 0.000000 1.000000 0.000000
vn 0.000000 1.000000 0.000000
vn 0.000000 1.000000 0.000000
vn 0.000000 1.000000 0.000000
vn 0.000000 1.000000 0.000000
vn 0.000000 1.000000 0.000000
vn 0.000000 1.000000 0.000000
vn 0.000000 1.000000 0.000000
vn 0.000000 1.000000 0.000000
vn 0.000000 1.000000 0.000000
vn 0.000000 1.000000 0.000000
vn 0.000000 1.000000 0.000000
vn 0.000000 1.000000 0.000000
vn 0.000000 1.000000 0.000000
vn 0.000000 1.000000 0.000000
vn 0.000000 1.000000 0.000000
vn 0.000000 1.000000 0.000000
vn 0.000000 1.000000 0.000000
vn 0.000000 1.000000 0.000000
vn 0.000000 1.000000 0.000000
vn 0.000000 1.000000 0.000000
vn 0.000000 1.000000 0.000000
vn 0.000000 1.000000 0.000000
vn 0.000000 1.000000 0.000000
vn 0.000000 1.000000 0.000000
vn 0.000000 1.000000 0.000000
vn 0.000000 1.000000 0.000000
vn 0.000000 1.000000 0.000000
vn 0.000000 1.000000 0.000000
vn 0.000000 1.000000 0.000000
vn 0.000000 1.000000 0.000000
vn 0.000000 1.000000 0.000000
vn 0.000000 1.000000 0.000000
vn 0.000000 1.000000 0.000000
vn 0.000000 1.000000 0.000000
vn 0.000000 1.000000 0.000000
vn 0.000000 1.000000 0.000000
vn 0.000000 1.000000 0.000000
vn 0.000000 1.000000 0.000000
vn 0.000000 1.000000 0.000000
vn 0.000000 1.000000 0.000000
vn 0.000000 1.000000 0.000000
vn 0.000000 1.000000 0.000000
vn 0.000000 1.000000 0.000000
vn 0.000000 1.000000 0.000000
vn 0.000000 1.000000 0.000000
vn 0.000000 1.000000 0.000000
vn 0.000000 1.000000 0.000000
vn 0.000000 1.000000 0.000000
vn 0.000000 1.000000 0.000000
vn 0.000000 1.000000 0.000000
vn 0.000000 1.000000 0.000000
vn 0.000000 1.000000 0.000000
vn 0.000000 1.000000 0.000000
vn 0.000000 1.000000 0.000000
vn 0.000000 1.000000 0.000000
vn 0.000000 1.000000 0.000000
vn 0.000000 1.000000 0.000000
vn 0.000000 1.000000 0.000000
vn 0.000000 1.000000 0.000000
vn 0.000000 1.000000 0.000000
vn 0.000000 1.000000 0.000000
vn 0.000000 1.000000 0.000000
vn 0.000000 1.000000 0.000000
vn 0.000000 1.000000 0.000000
vn 0.000000 1.000000 0.000000
vn 0.000000 1.000000 0.000000
vn 0.000000 1.000000 0.000000
vn 0.000000 1.000000 0.000000
vn 0.000000 1.000000 0.000000
vn 0.000000 1.000000 0.000000
vn 0.000000 1.000000 0.000000
vn 0.000000 1.000000 0.000000
vn 0.000000 1.000000 0.000000
vn 0.000000 1.000000 0.000000
vn 0.000000 1.000000 0.000000
vn 0.000000 1.000000 0.000000
vn 0.000000 1.000000 0.000000
vn 0.000000 1.000000 0.000000
vn 0.000000 1.000000 0.000000
vn 0.000000 1.000000 0.000000
vn 0.000000 1.000000 0.000000
vn 0.000000 1.000000 0.000000
vn 0.000000 1.000000 0.000000
vn 0.000000 1.000000 0.000000
vn 0.000000 1.000000 0.000000
vn 0.000000 1.000000 0.000000
vn 0.000000 1.000000 0.000000
vn 0.000000 1.000000 0.000000
vn 0.000000 1.000000 0.000000
vn 0.000000 1.000000 0.000000
vn 0.000000 1.000000 0.000000
vn 0.000000 1.000000 0.000000
vn 0.000000 1.000000 0.000000
vn 0.000000 1.000000 0.000000
vn 0.000000 1.000000 0.000000
vn 0.000000 1.000000 0.000000
vn 0.000000 1.000000 0.000000
vn 0.000000 1.000000 0.000000
vn 0.000000 1.000000 0.000000
vn 0.000000 1.000000 0.000000
vn 0.000000 1.000000 0.000000
vn 0.000000 1.000000 0.000000
vn 0.000000 1.000000 0.000000
vn 0.000000 1.000000 0.000000
vn 0.000000 1.000000 0.000000
vn 0.000000 1.000000 0.000000
vn 0.000000 1.000000 0.000000
vn 0.000000 1.000000 0.000000
vn 0.000000 1.000000 0.000000
vn 0.000000 1.000000 0.000000
vn 0.000000 1.000000 0.000000
vn 0.000000 1.000000 0.000000
vn 0.000000 1.000000 0.000000
vn 0.000000 1.000000 0.000000
vn 0.000000 1.000000 0.000000
vn 0.000000 1.000000 0.000000
vn 0.000000 1.000000 0.000000
vn 0.000000 1.000000 0.000000
vn 0.000000 1.000000 0.000000
vn 0.000000 1.000000 0.000000
vn 0.000000 1.000000 0.000000
vn 0.000000 1.000000 0.000000
vn 0.000000 1.000000 0.000000
vn 0.000000 1.000000 0.000000
vn 0.000000 1.000000 0.000000
vn 0.000000 1.000000 0.000000
vn 0.000000 1.000000 0.000000
vn 0.000000 1.000000 0.000000
vn 0.000000 1.000000 0.000000
vn 0.000000 1.000000 0.000000
vn 0.000000 1.000000 0.000000
vn 0.000000 1.000000 0.000000
vn 0.000000 1.000000 0.000000
vn 0.000000 1.000000 0.000000
vn 0.000000 1.000000 0.000000
vn 0.000000 1.000000 0.000000
vn 0.000000 1.000000 0.000000
vn 0.000000 1.000000 0.000000
vn 0.000000 1.000000 0.000000
vn 0.000000 1.000000 0.000000
vn 0.000000 1.000000 0.000000
vn 0.000000 1.000000 0.000000
vn 0.000000 1.000000 0.000000
vn 0.000000 1.000000 0.000000
vn 0.000000 1.000000 0.000000
vn 0.000000 1.000000 0.000000
vn 0.000000 1.000000 0.000000
vn 0.000000 1.000000 0.000000
vn 0.000000 1.000000 0.000000
vn 0.000000 1.000000 0.000000
vn 0.000000 1.000000 0.000000
vn 0.000000 1.000000 0.000000
vn 0.000000 1.000000 0.000000
vn 0.000000 1.000000 0.000000
vn 0.000000 1.000000 0.000000
vn 0.000000 1.000000 0.000000
vn 0.000000 1.000000 0.000000
vn 0.000000 1.000000 0.000000
vn 0.000000 1.000000 0.000000
vn 0.000000 1.000000 0.000000
vn 0.000000 1.000000 0.000000
vn 0.000000 1.000000 0.000000
vn 0.000000 1.000000 0.000000
vn 0.000000 1.000000 0.000000
vn 0.000000 1.000000 0.000000
vn 0.000000 1.000000 0.000000
vn 0.000000 1.000000 0.000000
vn 0.000000 1.000000 0.000000
vn 0.000000 1.000000 0.000000
vn 0.000000 1.000000 0.000000
vn 0.000000 1.000000 0.000000
vn 0.000000 1.000000 0.000000
vn 0.000000 1.000000 0.000000
vn 0.000000 1.000000 0.000000
vn 0.000000 1.000000 0.000000
vn 0.000000 1.000000 0.000000
vn 0.000000 1.000000 0.000000
vn 0.000000 1.000000 0.000000
vn 0.000000 1.000000 0.000000
vn 0.000000 1.000000 0.000000
vn 0.000000 1.000000 0.000000
vn 0.000000 1.000000 0.000000
vn 0.000000 1.000000 0.000000
vn 0.000000 1.000000 0.000000
vn 0.000000 1.000000 0.000000
vn 0.000000 1.000000 0.000000
vn 0.000000 1.000000 0.000000
vn 0.000000 1.000000 0.000000
vn 0.000000 1.000000 0.000000
vn 0.000000 1.000000 0.000000
vn 0.000000 1.000000 0.000000
vn 0.000000 1.000000 0.000000
vn 0.000000 1.000000 0.000000
vn 0.000000 1.000000 0.000000
vn 0.000000 1.000000 0.000000
vn 0.000000 1.000000 0.000000
vn 0.000000 1.000000 0.000000
vn 0.000000 1.000000 0.000000
vn 0.000000 1.000000 0.000000
vn 0.000000 1.000000 0.000000
vn 0.000000 1.000000 0.000000
vn 0.000000 1.000000 0.000000
vn 0.000000 1.000000 0.000000
vn 0.000000 1.000000 0.000000
vn 0.000000 1.000000 0.000000
vn 0.000000 1.000000 0.000000
vn 0.000000 1.000000 0.000000
vn 0.000000 1.000000 0.000000
vn 0.000000 1.000000 0.000000
vn 0.000000 1.000000 0.000000
vn 0.000000 1.000000 0.000000
vn 0.000000 1.000000 0.000000
vn 0.000000 1.000000 0.000000
vn 0.000000 1.000000 0.000000
vn 0.000000 1.000000 0.000000
vn 0.000000 1.000000 0.000000
vn 0.000000 1.000000 0.000000
vn 0.000000 1.000000 0.000000
vn 0.000000 1.000000 0.000000
vn 0.000000 1.000000 0.000000
vn 0.000000 1.000000 0.000000
vn 0.000000 1.000000 0.000000
vn 0.000000 1.000000 0.000000
vn 0.000000 1.000000 0.000000
vn 0.000000 1.000000 0.000000
vn 0.000000 1.000000 0.000000
vn 0.000000 1.000000 0.000000
vn 0.000000 1.000000 0.000000
vn 0.000000 1.000000 0.000000
vn 0.000000 1.000000 0.000000
vn 0.000000 1.000000 0.000000
vn 0.000000 1.000000 0.000000
vn 0.000000 1.000000 0.000000
vn 0.000000 1.000000 0.000000
vn 0.000000 1.000000 0.000000
vn 0.000000 1.000000 0.000000
vn 0.000000 1.000000 0.000000
vn 0.000000 1.000000 0.000000
vn 0.000000 1.000000 0.000000
vn 0.000000 1.000000 0.000000
vn 0.000000 1.000000 0.000000
vn 0.000000 1.000000 0.000000
vn 0.000000 1.000000 0.000000
vn 0.000000 1.000000 0.000000
vn 0.000000 1.000000 0.000000
vn 0.000000 1.000000 0.000000
vn 0.000000 1.000000 0.000000
vn 0.000000 1.000000 0.000000
vn 0.000000 1.000000 0.000000
vn 0.000000 1.000000 0.000000
vn 0.000000 1.000000 0.000000
vn 0.000000 1.000000 0.000000
vn 0.000000 1.000000 0.000000
vn 0.000000 1.000000 0.000000
vn 0.000000 1.000000 0.000000
vn 0.000000 1.000000 0.000000
vn 0.000000 1.000000 0.000000
vn 0.000000 1.000000 0.000000
vn 0.000000 1.000000 0.000000
vn 0.000000 1.000000 0.000000
vn 0.000000 1.000000 0.000000
vn 0.000000 1.000000 0.000000
vn 0.000000 1.000000 0.000000
vn 0.000000 1.000000 0.000000
vn 0.000000 1.000000 0.000000
vn 0.000000 1.000000 0.000000
vn 0.000000 1.000000 0.000000
vn 0.000000 1.000000 0.000000
vn 0.000000 1.000000 0.000000
vn 0.000000 1.000000 0.000000
vn 0.000000 1.000000 0.000000
vn 0.000000 -0.000000 1.000000
vn 0.000000 -0.000000 1.000000
vn -0.171400 -0.000000 0.985201
vn -0.338819 -0.000000 0.940852
vn -0.171400 -0.000000 0.985201
vn 0.000000 -0.000000 1.000000
vn -0.338819 -0.000000 0.940852
vn -0.496591 -0.000000 0.867985
vn -0.637584 -0.000000 0.770381
vn -0.496591 -0.000000 0.867985
vn -0.637584 -0.000000 0.770381
vn 0.770340 -0.000000 0.637633
vn 0.770340 -0.000000 0.637633
vn 0.770340 -0.000000 0.637633
vn 0.770340 -0.000000 0.637633
vn -0.637693 -0.000000 0.770291
vn -0.637693 -0.000000 0.770291
vn -0.788603 -0.000000 0.614902
vn -0.904909 -0.000000 0.425604
vn -0.788603 -0.000000 0.614902
vn -0.904909 -0.000000 0.425604
vn -0.976504 -0.000000 0.215501
vn -0.976504 -0.000000 0.215501
vn -1.000000 0.000000 -0.000100
vn -1.000000 0.000000 -0.000100
vn -0.976483 0.000000 -0.215596
vn -0.904814 0.000000 -0.425807
vn -0.976483 0.000000 -0.215596
vn -0.904814 0.000000 -0.425807
vn -0.788603 0.000000 -0.614902
vn -0.637476 0.000000 -0.770471
vn -0.788603 0.000000 -0.614902
vn -0.637476 0.000000 -0.770471
vn 0.770381 0.000000 -0.637584
vn 0.770381 0.000000 -0.637584
vn 0.770381 0.000000 -0.637584
vn 0.770381 0.000000 -0.637584
vn -0.637308 0.000000 -0.770609
vn -0.637308 0.000000 -0.770609
vn -0.503187 0.000000 -0.864178
vn -0.503187 0.000000 -0.864178
vn -0.348711 0.000000 -0.937230
vn -0.178199 0.000000 -0.983994
vn -0.348711 0.000000 -0.937230
vn -0.178199 0.000000 -0.983994
vn 0.000200 0.000000 -1.000000
vn 0.000200 0.000000 -1.000000
vn 0.178701 0.000000 -0.983903
vn 0.178701 0.000000 -0.983903
vn 0.349007 0.000000 -0.937120
vn 0.349007 0.000000 -0.937120
vn 0.503498 0.000000 -0.863996
vn 0.637584 0.000000 -0.770381
vn 0.503498 0.000000 -0.863996
vn 0.637584 0.000000 -0.770381
vn -0.770381 0.000000 -0.637584
vn -0.770381 0.000000 -0.637584
vn -0.770381 0.000000 -0.637584
vn -0.770381 0.000000 -0.637584
vn -0.770381 0.000000 -0.637584
vn 0.637693 0.000000 -0.770291
vn 0.788689 0.000000 -0.614792
vn 0.637693 0.000000 -0.770291
vn 0.637693 0.000000 -0.770291
vn 0.788689 0.000000 -0.614792
vn 0.904871 0.000000 -0.425686
vn 0.976462 0.000000 -0.215692
vn 0.904871 0.000000 -0.425686
vn 0.976462 0.000000 -0.215692
vn 1.000000 0.000000 -0.000200
vn 0.976525 -0.000000 0.215405
vn 1.000000 0.000000 -0.000200
vn 0.976525 -0.000000 0.215405
vn 0.904966 -0.000000 0.425484
vn 0.788824 -0.000000 0.614619
vn 0.904966 -0.000000 0.425484
vn 0.788862 -0.000000 0.614570
vn 0.637909 -0.000000 0.770111
vn 0.637801 -0.000000 0.770201
vn 0.637801 -0.000000 0.770201
vn -0.770340 -0.000000 0.637633
vn -0.770340 -0.000000 0.637633
vn -0.770340 -0.000000 0.637633
vn -0.770340 -0.000000 0.637633
vn -0.770340 -0.000000 0.637633
vn -0.770340 -0.000000 0.637633
vn 0.637801 -0.000000 0.770201
vn 0.637909 -0.000000 0.770111
vn 0.496903 -0.000000 0.867806
vn 0.496903 -0.000000 0.867806
vn 0.339084 -0.000000 0.940756
vn 0.171497 -0.000000 0.985185
vn 0.339084 -0.000000 0.940756
vn 0.171497 -0.000000 0.985185
vn 0.000000 -0.000000 1.000000
vn 0.000000 -0.000000 1.000000
vn 0.000000 -0.000000 1.000000
vn 0.637801 -0.000000 0.770201
vn -1.000000 0.000000 0.000000
vn -1.000000 0.000000 0.000000
vn -0.985218 0.000000 -0.171303
vn -0.940820 0.000000 -0.338907
vn -0.985218 0.000000 -0.171303
vn -1.000000 0.000000 0.000000
vn -0.940820 0.000000 -0.338907
vn -0.867806 0.000000 -0.496903
vn -0.770381 0.000000 -0.637584
vn -0.867806 0.000000 -0.496903
vn -0.770381 0.000000 -0.637584
vn -0.637584 -0.000000 0.770381
vn -0.637584 -0.000000 0.770381
vn -0.637584 -0.000000 0.770381
vn -0.637584 -0.000000 0.770381
vn -0.770291 0.000000 -0.637693
vn -0.614792 0.000000 -0.788690
vn -0.770291 0.000000 -0.637693
vn -0.614792 0.000000 -0.788690
vn -0.425604 0.000000 -0.904909
vn -0.215501 0.000000 -0.976504
vn -0.425604 0.000000 -0.904909
vn -0.215501 0.000000 -0.976504
vn 0.000200 0.000000 -1.000000
vn 0.215691 0.000000 -0.976462
vn 0.000200 0.000000 -1.000000
vn 0.215691 0.000000 -0.976462
vn 0.425807 0.000000 -0.904814
vn 0.425807 0.000000 -0.904814
vn 0.615013 0.000000 -0.788517
vn 0.770470 0.000000 -0.637476
vn 0.615013 0.000000 -0.788517
vn 0.770470 0.000000 -0.637476
vn 0.637633 -0.000000 0.770340
vn 0.637633 -0.000000 0.770340
vn 0.637633 -0.000000 0.770340
vn 0.637633 -0.000000 0.770340
vn 0.637633 -0.000000 0.770340
vn 0.770609 0.000000 -0.637308
vn 0.864178 0.000000 -0.503187
vn 0.770609 0.000000 -0.637308
vn 0.770609 0.000000 -0.637308
vn 0.864178 0.000000 -0.503187
vn 0.937275 0.000000 -0.348591
vn 0.983994 0.000000 -0.178199
vn 0.937275 0.000000 -0.348591
vn 0.983994 0.000000 -0.178199
vn 1.000000 -0.000000 0.000200
vn 0.983903 -0.000000 0.178701
vn 1.000000 -0.000000 0.000200
vn 0.983903 -0.000000 0.178701
vn 0.937120 -0.000000 0.349007
vn 0.863996 -0.000000 0.503498
vn 0.937120 -0.000000 0.349007
vn 0.863996 -0.000000 0.503498
vn 0.770381 -0.000000 0.637584
vn 0.770291 -0.000000 0.637693
vn 0.770291 -0.000000 0.637693
vn 0.637633 0.000000 -0.770340
vn 0.637633 0.000000 -0.770340
vn 0.637633 0.000000 -0.770340
vn 0.637633 0.000000 -0.770340
vn 0.637633 0.000000 -0.770340
vn 0.770291 -0.000000 0.637693
vn 0.770291 -0.000000 0.637693
vn 0.614792 -0.000000 0.788690
vn 0.425686 -0.000000 0.904871
vn 0.614792 -0.000000 0.788690
vn 0.425686 -0.000000 0.904871
vn 0.215691 -0.000000 0.976462
vn 0.000100 -0.000000 1.000000
vn 0.215691 -0.000000 0.976462
vn 0.000100 -0.000000 1.000000
vn -0.215405 -0.000000 0.976525
vn -0.215405 -0.000000 0.976525
vn -0.425484 -0.000000 0.904966
vn -0.614619 -0.000000 0.788824
vn -0.425484 -0.000000 0.904966
vn -0.614619 -0.000000 0.788824
vn -0.770111 -0.000000 0.637909
vn -0.770111 -0.000000 0.637909
vn -0.637584 0.000000 -0.770381
vn -0.637584 0.000000 -0.770381
vn -0.637584 0.000000 -0.770381
vn -0.637584 0.000000 -0.770381
vn -0.637584 0.000000 -0.770381
vn -0.770201 -0.000000 0.637801
vn -0.770111 -0.000000 0.637909
vn -0.867917 -0.000000 0.496710
vn -0.867695 -0.000000 0.497097
vn -0.940788 -0.000000 0.338996
vn -0.940788 -0.000000 0.338996
vn -0.985289 -0.000000 0.170898
vn -0.985289 -0.000000 0.170898
vn -1.000000 0.000000 0.000000
vn -1.000000 0.000000 0.000000
vn -1.000000 0.000000 0.000000
vn -0.770201 -0.000000 0.637801
vn 1.000000 0.000000 0.000000
vn 1.000000 0.000000 0.000000
vn 0.985306 -0.000000 0.170801
vn 0.985306 -0.000000 0.170801
vn 0.940863 -0.000000 0.338787
vn 0.940863 -0.000000 0.338787
vn 0.867874 -0.000000 0.496785
vn 0.770381 -0.000000 0.637584
vn 0.867874 -0.000000 0.496785
vn 0.770381 -0.000000 0.637584
vn 1.000000 0.000000 0.000000
vn 0.637584 0.000000 -0.770381
vn 0.637584 0.000000 -0.770381
vn 0.637584 0.000000 -0.770381
vn 0.637584 0.000000 -0.770381
vn 0.770291 -0.000000 0.637693
vn 0.770291 -0.000000 0.637693
vn 0.614792 -0.000000 0.788690
vn 0.425604 -0.000000 0.904909
vn 0.614792 -0.000000 0.788690
vn 0.425604 -0.000000 0.904909
vn 0.215405 -0.000000 0.976525
vn -0.000100 -0.000000 1.000000
vn 0.215405 -0.000000 0.976525
vn -0.000100 -0.000000 1.000000
vn -0.215596 -0.000000 0.976483
vn -0.425807 -0.000000 0.904814
vn -0.215596 -0.000000 0.976483
vn -0.425807 -0.000000 0.904814
vn -0.615013 -0.000000 0.788517
vn -0.615013 -0.000000 0.788517
vn -0.770470 -0.000000 0.637476
vn -0.770470 -0.000000 0.637476
vn -0.637584 0.000000 -0.770381
vn -0.637584 0.000000 -0.770381
vn -0.637584 0.000000 -0.770381
vn -0.637584 0.000000 -0.770381
vn -0.770609 -0.000000 0.637308
vn -0.864178 -0.000000 0.503187
vn -0.770609 -0.000000 0.637308
vn -0.864178 -0.000000 0.503187
vn -0.937230 -0.000000 0.348711
vn -0.983994 -0.000000 0.178199
vn -0.937230 -0.000000 0.348711
vn -0.983994 -0.000000 0.178199
vn -1.000000 0.000000 -0.000200
vn -0.983886 0.000000 -0.178797
vn -1.000000 0.000000 -0.000200
vn -0.983886 0.000000 -0.178797
vn -0.937165 0.000000 -0.348887
vn -0.863996 0.000000 -0.503498
vn -0.937165 0.000000 -0.348887
vn -0.863996 0.000000 -0.503498
vn -0.770340 0.000000 -0.637633
vn -0.770381 0.000000 -0.637584
vn -0.770381 0.000000 -0.637584
vn -0.637584 -0.000000 0.770381
vn -0.637584 -0.000000 0.770381
vn -0.637584 -0.000000 0.770381
vn -0.637584 -0.000000 0.770381
vn -0.637584 -0.000000 0.770381
vn -0.637584 -0.000000 0.770381
vn -0.770340 0.000000 -0.637633
vn -0.770291 0.000000 -0.637693
vn -0.614730 0.000000 -0.788738
vn -0.614730 0.000000 -0.788738
vn -0.425686 0.000000 -0.904871
vn -0.215691 0.000000 -0.976462
vn -0.425686 0.000000 -0.904871
vn -0.215691 0.000000 -0.976462
vn -0.000200 0.000000 -1.000000
vn 0.215405 0.000000 -0.976525
vn -0.000200 0.000000 -1.000000
vn 0.215405 0.000000 -0.976525
vn 0.425484 0.000000 -0.904966
vn 0.425484 0.000000 -0.904966
vn 0.614619 0.000000 -0.788824
vn 0.614619 0.000000 -0.788824
vn 0.770111 0.000000 -0.637909
vn 0.770111 0.000000 -0.637909
vn 0.770111 0.000000 -0.637909
vn -0.770340 0.000000 -0.637633
vn 0.637633 -0.000000 0.770340
vn 0.637633 -0.000000 0.770340
vn 0.637633 -0.000000 0.770340
vn 0.637633 -0.000000 0.770340
vn 0.637633 -0.000000 0.770340
vn 0.637633 -0.000000 0.770340
vn 0.770111 0.000000 -0.637909
vn 0.770111 0.000000 -0.637909
vn 0.867806 0.000000 -0.496903
vn 0.867917 0.000000 -0.496710
vn 0.940788 0.000000 -0.338996
vn 0.985185 0.000000 -0.171497
vn 0.940788 0.000000 -0.338996
vn 0.985185 0.000000 -0.171497
vn 1.000000 0.000000 0.000000
vn 1.000000 0.000000 0.000000
vn 1.000000 0.000000 0.000000
vn 0.770111 0.000000 -0.637909
vn 0.000200 0.000000 -1.000000
vn 0.000000 0.000000 -1.000000
vn 0.171303 0.000000 -0.985218
vn 0.171303 0.000000 -0.985218
vn 0.338907 0.000000 -0.940820
vn 0.496903 0.000000 -0.867806
vn 0.338907 0.000000 -0.940820
vn 0.496903 0.000000 -0.867806
vn 0.637584 0.000000 -0.770381
vn 0.637584 0.000000 -0.770381
vn 0.000200 0.000000 -1.000000
vn -0.770381 0.000000 -0.637584
vn -0.770381 0.000000 -0.637584
vn -0.770381 0.000000 -0.637584
vn -0.770381 0.000000 -0.637584
vn -0.770381 0.000000 -0.637584
vn 0.637633 0.000000 -0.770340
vn 0.788689 0.000000 -0.614792
vn 0.637693 0.000000 -0.770291
vn 0.637633 0.000000 -0.770340
vn 0.788689 0.000000 -0.614792
vn 0.904909 0.000000 -0.425604
vn 0.976525 0.000000 -0.215405
vn 0.904909 0.000000 -0.425604
vn 0.976525 0.000000 -0.215405
vn 1.000000 -0.000000 0.000100
vn 0.976462 -0.000000 0.215692
vn 1.000000 -0.000000 0.000100
vn 0.976462 -0.000000 0.215692
vn 0.904814 -0.000000 0.425807
vn 0.788603 -0.000000 0.614902
vn 0.904814 -0.000000 0.425807
vn 0.788603 -0.000000 0.614902
vn 0.637476 -0.000000 0.770471
vn 0.637476 -0.000000 0.770471
vn 0.637476 -0.000000 0.770471
vn -0.770340 -0.000000 0.637633
vn -0.770340 -0.000000 0.637633
vn -0.770340 -0.000000 0.637633
vn -0.770340 -0.000000 0.637633
vn -0.770340 -0.000000 0.637633
vn -0.770340 -0.000000 0.637633
vn 0.637308 -0.000000 0.770609
vn 0.503187 -0.000000 0.864178
vn 0.637308 -0.000000 0.770609
vn 0.637308 -0.000000 0.770609
vn 0.503187 -0.000000 0.864178
vn 0.348591 -0.000000 0.937275
vn 0.178296 -0.000000 0.983977
vn 0.348591 -0.000000 0.937275
vn 0.178296 -0.000000 0.983977
vn -0.000200 -0.000000 1.000000
vn -0.178701 -0.000000 0.983903
vn -0.000200 -0.000000 1.000000
vn -0.178701 -0.000000 0.983903
vn -0.349007 -0.000000 0.937120
vn -0.503498 -0.000000 0.863996
vn -0.349007 -0.000000 0.937120
vn -0.503498 -0.000000 0.863996
vn -0.637584 -0.000000 0.770381
vn -0.637584 -0.000000 0.770381
vn -0.637584 -0.000000 0.770381
vn 0.770381 -0.000000 0.637584
vn 0.770381 -0.000000 0.637584
vn 0.770381 -0.000000 0.637584
vn 0.770381 -0.000000 0.637584
vn 0.770381 -0.000000 0.637584
vn -0.637693 -0.000000 0.770291
vn -0.637693 -0.000000 0.770291
vn -0.788603 -0.000000 0.614902
vn -0.904871 -0.000000 0.425686
vn -0.788603 -0.000000 0.614902
vn -0.904871 -0.000000 0.425686
vn -0.976462 -0.000000 0.215692
vn -1.000000 -0.000000 0.000100
vn -0.976462 -0.000000 0.215692
vn -1.000000 -0.000000 0.000100
vn -0.976525 0.000000 -0.215405
vn -0.904966 0.000000 -0.425484
vn -0.976525 0.000000 -0.215405
vn -0.904966 0.000000 -0.425484
vn -0.788824 0.000000 -0.614619
vn -0.788824 0.000000 -0.614619
vn -0.637909 0.000000 -0.770111
vn -0.637909 0.000000 -0.770111
vn 0.770381 0.000000 -0.637584
vn 0.770381 0.000000 -0.637584
vn 0.770381 0.000000 -0.637584
vn 0.770381 0.000000 -0.637584
vn -0.637909 0.000000 -0.770111
vn -0.496979 0.000000 -0.867763
vn -0.637909 0.000000 -0.770111
vn -0.496979 0.000000 -0.867763
vn -0.339084 0.000000 -0.940756
vn -0.170898 0.000000 -0.985289
vn -0.339084 0.000000 -0.940756
vn -0.170898 0.000000 -0.985289
vn 0.000000 0.000000 -1.000000
vn 0.000000 0.000000 -1.000000
vn 0.000000 0.000000 -1.000000
vn 0.879670 0.000000 -0.475584
vn 0.879670 0.000000 -0.475584
vn 0.879670 0.000000 -0.475584
vn 0.879670 0.000000 -0.475584
vn 0.879670 0.000000 -0.475584
vn 0.879670 0.000000 -0.475584
vn 0.802262 0.000000 -0.596972
vn 0.756731 0.000000 -0.653727
vn 0.802262 0.000000 -0.596972
vn 0.756731 0.000000 -0.653727
vn 0.707107 0.000000 -0.707107
vn 0.653727 0.000000 -0.756731
vn 0.707107 0.000000 -0.707107
vn 0.653727 0.000000 -0.756731
vn 0.596972 0.000000 -0.802262
vn 0.475584 0.000000 -0.879670
vn 0.596972 0.000000 -0.802262
vn 0.475584 0.000000 -0.879670
vn 0.475584 0.000000 -0.879670
vn 0.475584 0.000000 -0.879670
vn 0.475584 0.000000 -0.879670
vn 0.475584 0.000000 -0.879670
vn 0.475626 0.000000 -0.879648
vn 0.688518 0.000000 -0.725219
vn 0.475626 0.000000 -0.879648
vn 0.688518 0.000000 -0.725219
vn 0.858919 0.000000 -0.512111
vn 0.965393 0.000000 -0.260798
vn 0.858919 0.000000 -0.512111
vn 0.965393 0.000000 -0.260798
vn 1.000000 0.000000 0.000000
vn 0.965393 -0.000000 0.260798
vn 1.000000 0.000000 0.000000
vn 0.965393 -0.000000 0.260798
vn 0.858919 -0.000000 0.512111
vn 0.858919 -0.000000 0.512111
vn 0.688621 -0.000000 0.725122
vn 0.475703 -0.000000 0.879606
vn 0.688621 -0.000000 0.725122
vn 0.475626 -0.000000 0.879648
vn 0.475703 -0.000000 0.879606
vn 0.475584 -0.000000 0.879670
vn 0.475584 -0.000000 0.879670
vn 0.475584 -0.000000 0.879670
vn 0.475584 -0.000000 0.879670
vn 0.475584 -0.000000 0.879670
vn 0.879670 -0.000000 0.475584
vn 0.879670 -0.000000 0.475584
vn 0.802262 -0.000000 0.596972
vn 0.756731 -0.000000 0.653727
vn 0.802262 -0.000000 0.596972
vn 0.756731 -0.000000 0.653727
vn 0.707107 -0.000000 0.707107
vn 0.653727 -0.000000 0.756731
vn 0.707107 -0.000000 0.707107
vn 0.653727 -0.000000 0.756731
vn 0.596972 -0.000000 0.802262
vn 0.596972 -0.000000 0.802262
vn 0.475584 -0.000000 0.879670
vn 0.475584 -0.000000 0.879670
vn 0.879670 -0.000000 0.475584
vn 0.879670 -0.000000 0.475584
vn 0.879670 -0.000000 0.475584
vn 0.879670 -0.000000 0.475584
vn 0.879648 -0.000000 0.475626
vn 0.725219 -0.000000 0.688518
vn 0.879648 -0.000000 0.475626
vn 0.725219 -0.000000 0.688518
vn 0.512111 -0.000000 0.858919
vn 0.512111 -0.000000 0.858919
vn 0.260798 -0.000000 0.965393
vn 0.000000 -0.000000 1.000000
vn 0.260798 -0.000000 0.965393
vn 0.000000 -0.000000 1.000000
vn -0.260891 -0.000000 0.965368
vn -0.512111 -0.000000 0.858919
vn -0.260891 -0.000000 0.965368
vn -0.512111 -0.000000 0.858919
vn -0.725219 -0.000000 0.688518
vn -0.879648 -0.000000 0.475626
vn -0.725219 -0.000000 0.688518
vn -0.879648 -0.000000 0.475626
vn -0.879670 -0.000000 0.475584
vn -0.879670 -0.000000 0.475584
vn -0.879670 -0.000000 0.475584
vn -0.879670 -0.000000 0.475584
vn -0.879670 -0.000000 0.475584
vn -0.802227 -0.000000 0.597020
vn -0.879670 -0.000000 0.475584
vn -0.802227 -0.000000 0.597020
vn -0.756731 -0.000000 0.653727
vn -0.707107 -0.000000 0.707107
vn -0.756731 -0.000000 0.653727
vn -0.707107 -0.000000 0.707107
vn -0.653727 -0.000000 0.756731
vn -0.653727 -0.000000 0.756731
vn -0.597020 -0.000000 0.802227
vn -0.475584 -0.000000 0.879670
vn -0.597020 -0.000000 0.802227
vn -0.475584 -0.000000 0.879670
vn -0.475584 -0.000000 0.879670
vn -0.475584 -0.000000 0.879670
vn -0.475584 -0.000000 0.879670
vn -0.475584 -0.000000 0.879670
vn -0.475584 -0.000000 0.879670
vn -0.475703 -0.000000 0.879606
vn -0.475626 -0.000000 0.879648
vn -0.688571 -0.000000 0.725169
vn -0.688571 -0.000000 0.725169
vn -0.858919 -0.000000 0.512111
vn -0.858919 -0.000000 0.512111
vn -0.965393 -0.000000 0.260798
vn -1.000000 0.000000 0.000000
vn -0.965393 -0.000000 0.260798
vn -1.000000 0.000000 0.000000
vn -0.965393 0.000000 -0.260798
vn -0.965393 0.000000 -0.260798
vn -0.858919 0.000000 -0.512111
vn -0.688518 0.000000 -0.725219
vn -0.858919 0.000000 -0.512111
vn -0.688518 0.000000 -0.725219
vn -0.475626 0.000000 -0.879648
vn -0.475626 0.000000 -0.879648
vn -0.475703 -0.000000 0.879606
vn -0.475584 0.000000 -0.879670
vn -0.475584 0.000000 -0.879670
vn -0.475584 0.000000 -0.879670
vn -0.475584 0.000000 -0.879670
vn -0.879670 0.000000 -0.475584
vn -0.879670 0.000000 -0.475584
vn -0.802227 0.000000 -0.597020
vn -0.802227 0.000000 -0.597020
vn -0.756731 0.000000 -0.653727
vn -0.707107 0.000000 -0.707107
vn -0.756731 0.000000 -0.653727
vn -0.707107 0.000000 -0.707107
vn -0.653727 0.000000 -0.756731
vn -0.653727 0.000000 -0.756731
vn -0.597020 0.000000 -0.802227
vn -0.475584 0.000000 -0.879670
vn -0.597020 0.000000 -0.802227
vn -0.475584 0.000000 -0.879670
vn -0.879670 0.000000 -0.475584
vn -0.879670 0.000000 -0.475584
vn -0.879670 0.000000 -0.475584
vn -0.879670 0.000000 -0.475584
vn -0.879670 0.000000 -0.475584
vn -0.879648 0.000000 -0.475626
vn -0.879648 0.000000 -0.475626
vn -0.725169 0.000000 -0.688571
vn -0.725169 0.000000 -0.688571
vn -0.512111 0.000000 -0.858919
vn -0.512111 0.000000 -0.858919
vn -0.260798 0.000000 -0.965393
vn 0.000000 0.000000 -1.000000
vn -0.260798 0.000000 -0.965393
vn 0.000000 0.000000 -1.000000
vn 0.260798 0.000000 -0.965393
vn 0.512111 0.000000 -0.858919
vn 0.260798 0.000000 -0.965393
vn 0.512111 0.000000 -0.858919
vn 0.725219 0.000000 -0.688518
vn 0.725219 0.000000 -0.688518
vn 0.879648 0.000000 -0.475626
vn 0.879648 0.000000 -0.475626
vn -0.879648 0.000000 -0.475626
vn -1.000000 0.000000 0.000000
vn -1.000000 0.000000 0.000000
vn -1.000000 0.000000 0.000000
vn -1.000000 0.000000 0.000000
vn 0.000000 0.000000 -1.000000
vn 0.000000 0.000000 -1.000000
vn 0.000000 0.000000 -1.000000
vn 0.000000 0.000000 -1.000000
vn 0.000000 0.000000 -1.000000
vn 0.182000 0.000000 -0.983299
vn 0.000000 0.000000 -1.000000
vn 0.182000 0.000000 -0.983299
vn 0.368095 0.000000 -0.929788
vn 0.368095 0.000000 -0.929788
vn 0.459094 0.000000 -0.888388
vn 0.547433 0.000000 -0.836850
vn 0.459371 0.000000 -0.888244
vn 0.547433 0.000000 -0.836850
vn 0.630385 0.000000 -0.776282
vn 0.630385 0.000000 -0.776282
vn 0.707107 0.000000 -0.707107
vn 0.707107 0.000000 -0.707107
vn 0.776282 0.000000 -0.630386
vn 0.836880 0.000000 -0.547387
vn 0.776282 0.000000 -0.630386
vn 0.836880 0.000000 -0.547387
vn 0.888326 0.000000 -0.459213
vn 0.929788 0.000000 -0.368095
vn 0.888326 0.000000 -0.459213
vn 0.929788 0.000000 -0.368095
vn 0.983316 0.000000 -0.181903
vn 1.000000 0.000000 0.000000
vn 0.983316 0.000000 -0.181903
vn 1.000000 0.000000 0.000000
vn 1.000000 0.000000 0.000000
vn 1.000000 0.000000 0.000000
vn 1.000000 0.000000 0.000000
vn 1.000000 0.000000 0.000000
vn 0.000000 -0.000000 1.000000
vn 0.000000 -0.000000 1.000000
vn 0.000000 -0.000000 1.000000
vn 0.000000 -0.000000 1.000000
vn -0.000100 -0.000000 1.000000
vn -0.182000 -0.000000 0.983299
vn -0.000100 -0.000000 1.000000
vn -0.182000 -0.000000 0.983299
vn -0.368095 -0.000000 0.929788
vn -0.547201 -0.000000 0.837001
vn -0.368095 -0.000000 0.929788
vn -0.547201 -0.000000 0.837001
vn -0.707107 -0.000000 0.707107
vn -0.837001 -0.000000 0.547201
vn -0.707107 -0.000000 0.707107
vn -0.837001 -0.000000 0.547201
vn -0.929788 -0.000000 0.368095
vn -0.983299 -0.000000 0.182000
vn -0.929788 -0.000000 0.368095
vn -0.983299 -0.000000 0.182000
vn -1.000000 0.000000 0.000000
vn -1.000000 0.000000 0.000000
vn 0.000000 0.000000 -1.000000
vn 0.000000 0.000000 -1.000000
vn 0.000000 0.000000 -1.000000
vn 0.000000 0.000000 -1.000000
vn 1.000000 0.000000 0.000000
vn 1.000000 0.000000 0.000000
vn 1.000000 0.000000 0.000000
vn 1.000000 0.000000 0.000000
vn 0.000000 -0.000000 1.000000
vn 0.182000 -0.000000 0.983299
vn 0.000000 -0.000000 1.000000
vn 0.182000 -0.000000 0.983299
vn 0.368095 -0.000000 0.929788
vn 0.368095 -0.000000 0.929788
vn 0.459611 -0.000000 0.888121
vn 0.547433 -0.000000 0.836850
vn 0.459611 -0.000000 0.888121
vn 0.547433 -0.000000 0.836850
vn 0.630385 -0.000000 0.776282
vn 0.707107 -0.000000 0.707107
vn 0.630385 -0.000000 0.776282
vn 0.707107 -0.000000 0.707107
vn 0.776282 -0.000000 0.630386
vn 0.836850 -0.000000 0.547433
vn 0.776282 -0.000000 0.630386
vn 0.836850 -0.000000 0.547433
vn 0.888326 -0.000000 0.459213
vn 0.929788 -0.000000 0.368095
vn 0.888326 -0.000000 0.459213
vn 0.929788 -0.000000 0.368095
vn 0.983316 -0.000000 0.181903
vn 1.000000 0.000000 0.000000
vn 0.983316 -0.000000 0.181903
vn 1.000000 0.000000 0.000000
vn 0.000000 -0.000000 1.000000
vn 0.000000 -0.000000 1.000000
vn 0.000000 -0.000000 1.000000
vn 0.000000 -0.000000 1.000000
vn -1.000000 0.000000 0.000000
vn -1.000000 0.000000 0.000000
vn -1.000000 0.000000 0.000000
vn -1.000000 0.000000 0.000000
vn -1.000000 0.000000 0.000000
vn -0.983299 0.000000 -0.182000
vn -1.000000 0.000000 0.000000
vn -0.983299 0.000000 -0.182000
vn -0.929788 0.000000 -0.368095
vn -0.837001 0.000000 -0.547201
vn -0.929788 0.000000 -0.368095
vn -0.837001 0.000000 -0.547201
vn -0.707107 0.000000 -0.707107
vn -0.547201 0.000000 -0.837001
vn -0.707107 0.000000 -0.707107
vn -0.547201 0.000000 -0.837001
vn -0.368095 0.000000 -0.929788
vn -0.182000 0.000000 -0.983299
vn -0.368095 0.000000 -0.929788
vn -0.182000 0.000000 -0.983299
vn 0.000000 0.000000 -1.000000
vn 0.000000 0.000000 -1.000000
vn 1.000000 0.000000 0.000000
vn 1.000000 0.000000 0.000000
vn 1.000000 0.000000 0.000000
vn 1.000000 0.000000 0.000000
vn 0.000000 -0.000000 1.000000
vn 0.000000 -0.000000 1.000000
vn 0.000000 -0.000000 1.000000
vn 0.000000 -0.000000 1.000000
vn -0.000100 -0.000000 1.000000
vn -0.000100 -0.000000 1.000000
vn -0.182000 -0.000000 0.983299
vn -0.368095 -0.000000 0.929788
vn -0.182000 -0.000000 0.983299
vn -0.368095 -0.000000 0.929788
vn -0.459213 -0.000000 0.888326
vn -0.547387 -0.000000 0.836880
vn -0.459213 -0.000000 0.888326
vn -0.547387 -0.000000 0.836880
vn -0.630385 -0.000000 0.776282
vn -0.707107 -0.000000 0.707107
vn -0.630385 -0.000000 0.776282
vn -0.707107 -0.000000 0.707107
vn -0.776282 -0.000000 0.630386
vn -0.836850 -0.000000 0.547433
vn -0.776282 -0.000000 0.630386
vn -0.836850 -0.000000 0.547433
vn -0.888080 -0.000000 0.459690
vn -0.929788 -0.000000 0.368095
vn -0.888080 -0.000000 0.459690
vn -0.929788 -0.000000 0.368095
vn -0.983299 -0.000000 0.182000
vn -1.000000 0.000000 0.000000
vn -0.983299 -0.000000 0.182000
vn -1.000000 0.000000 0.000000
vn -1.000000 0.000000 0.000000
vn -1.000000 0.000000 0.000000
vn -1.000000 0.000000 0.000000
vn -1.000000 0.000000 0.000000
vn 0.000000 0.000000 -1.000000
vn 0.000000 0.000000 -1.000000
vn 0.000000 0.000000 -1.000000
vn 0.000000 0.000000 -1.000000
vn 0.000000 0.000000 -1.000000
vn 0.182000 0.000000 -0.983299
vn 0.000000 0.000000 -1.000000
vn 0.182000 0.000000 -0.983299
vn 0.368095 0.000000 -0.929788
vn 0.547201 0.000000 -0.837001
vn 0.368095 0.000000 -0.929788
vn 0.547201 0.000000 -0.837001
vn 0.707107 0.000000 -0.707107
vn 0.837001 0.000000 -0.547201
vn 0.707107 0.000000 -0.707107
vn 0.837001 0.000000 -0.547201
vn 0.929788 0.000000 -0.368095
vn 0.983299 0.000000 -0.182000
vn 0.929788 0.000000 -0.368095
vn 0.983299 0.000000 -0.182000
vn 1.000000 0.000000 -0.000100
vn 1.000000 0.000000 -0.000100
vn 0.000000 -0.000000 1.000000
vn 0.000000 -0.000000 1.000000
vn 0.000000 -0.000000 1.000000
vn 0.000000 -0.000000 1.000000
vn -1.000000 0.000000 0.000000
vn -1.000000 0.000000 0.000000
vn -1.000000 0.000000 0.000000
vn -1.000000 0.000000 0.000000
vn -0.000100 0.000000 -1.000000
vn -0.182000 0.000000 -0.983299
vn -0.000100 0.000000 -1.000000
vn -0.182000 0.000000 -0.983299
vn -0.368095 0.000000 -0.929788
vn -0.368095 0.000000 -0.929788
vn -0.459213 0.000000 -0.888326
vn -0.547387 0.000000 -0.836880
vn -0.459213 0.000000 -0.888326
vn -0.547387 0.000000 -0.836880
vn -0.630385 0.000000 -0.776282
vn -0.707107 0.000000 -0.707107
vn -0.630385 0.000000 -0.776282
vn -0.707107 0.000000 -0.707107
vn -0.776282 0.000000 -0.630386
vn -0.837123 0.000000 -0.547015
vn -0.776282 0.000000 -0.630386
vn -0.837123 0.000000 -0.547015
vn -0.888080 0.000000 -0.459690
vn -0.929788 0.000000 -0.368095
vn -0.888080 0.000000 -0.459690
vn -0.929788 0.000000 -0.368095
vn -0.983299 0.000000 -0.182000
vn -1.000000 0.000000 0.000000
vn -0.983299 0.000000 -0.182000
vn -1.000000 0.000000 0.000000
vn 0.000000 0.000000 -1.000000
vn 0.000000 0.000000 -1.000000
vn 0.000000 0.000000 -1.000000
vn 0.000000 0.000000 -1.000000
vn 1.000000 0.000000 0.000000
vn 1.000000 0.000000 0.000000
vn 1.000000 0.000000 0.000000
vn 1.000000 0.000000 0.000000
vn 1.000000 0.000000 0.000000
vn 0.983299 -0.000000 0.182000
vn 1.000000 0.000000 0.000000
vn 0.983299 -0.000000 0.182000
vn 0.929788 -0.000000 0.368095
vn 0.837001 -0.000000 0.547201
vn 0.929788 -0.000000 0.368095
vn 0.837001 -0.000000 0.547201
vn 0.707107 -0.000000 0.707107
vn 0.547201 -0.000000 0.837001
vn 0.707107 -0.000000 0.707107
vn 0.547201 -0.000000 0.837001
vn 0.368095 -0.000000 0.929788
vn 0.182000 -0.000000 0.983299
vn 0.368095 -0.000000 0.929788
vn 0.182000 -0.000000 0.983299
vn 0.000000 -0.000000 1.000000
vn 0.000000 -0.000000 1.000000
vn -0.707107 0.000000 -0.707107
vn -0.707107 0.000000 -0.707107
vn -0.707107 0.000000 -0.707107
vn -0.707107 0.000000 -0.707107
vn -0.707007 0.000000 -0.707207
vn -0.472513 0.000000 -0.881324
vn -0.707007 0.000000 -0.707207
vn -0.472513 0.000000 -0.881324
vn -0.190902 0.000000 -0.981609
vn -0.190902 0.000000 -0.981609
vn 0.106501 0.000000 -0.994313
vn 0.106501 0.000000 -0.994313
vn 0.382690 0.000000 -0.923877
vn 0.382690 0.000000 -0.923877
vn 0.633412 0.000000 -0.773815
vn 0.633412 0.000000 -0.773815
vn 0.833632 0.000000 -0.552321
vn 0.833632 0.000000 -0.552321
vn 0.959386 0.000000 -0.282096
vn 0.959386 0.000000 -0.282096
vn 1.000000 0.000000 -0.000100
vn 1.000000 0.000000 -0.000100
vn 1.000000 0.000000 0.000000
vn 1.000000 0.000000 0.000000
vn 1.000000 0.000000 0.000000
vn 1.000000 0.000000 0.000000
vn 1.000000 -0.000000 0.000100
vn 0.957299 -0.000000 0.289100
vn 1.000000 -0.000000 0.000100
vn 0.957299 -0.000000 0.289100
vn 0.829302 -0.000000 0.558801
vn 0.829302 -0.000000 0.558801
vn 0.627727 -0.000000 0.778434
vn 0.627727 -0.000000 0.778434
vn 0.382690 -0.000000 0.923877
vn 0.382690 -0.000000 0.923877
vn 0.099197 -0.000000 0.995068
vn 0.099197 -0.000000 0.995068
vn -0.199308 -0.000000 0.979937
vn -0.199308 -0.000000 0.979937
vn -0.478929 -0.000000 0.877854
vn -0.478929 -0.000000 0.877854
vn -0.707057 -0.000000 0.707157
vn -0.707057 -0.000000 0.707157
vn -0.707107 -0.000000 0.707107
vn -0.707107 -0.000000 0.707107
vn -0.707107 -0.000000 0.707107
vn -0.707107 -0.000000 0.707107
vn -0.707157 -0.000000 0.707057
vn -0.922707 -0.000000 0.385503
vn -0.707157 -0.000000 0.707057
vn -0.922707 -0.000000 0.385503
vn -0.999947 0.000000 -0.010300
vn -0.999947 0.000000 -0.010300
vn -0.915723 0.000000 -0.401810
vn -0.915723 0.000000 -0.401810
vn -0.707157 0.000000 -0.707057
vn -0.707157 0.000000 -0.707057
vn 0.707107 0.000000 -0.707107
vn 0.707107 0.000000 -0.707107
vn 0.707107 0.000000 -0.707107
vn 0.707107 0.000000 -0.707107
vn 0.707207 0.000000 -0.707007
vn 0.881324 0.000000 -0.472513
vn 0.707207 0.000000 -0.707007
vn 0.881324 0.000000 -0.472513
vn 0.981609 0.000000 -0.190902
vn 0.981609 0.000000 -0.190902
vn 0.994313 -0.000000 0.106501
vn 0.994313 -0.000000 0.106501
vn 0.923877 -0.000000 0.382690
vn 0.923877 -0.000000 0.382690
vn 0.773815 -0.000000 0.633412
vn 0.773815 -0.000000 0.633412
vn 0.552321 -0.000000 0.833632
vn 0.552321 -0.000000 0.833632
vn 0.282004 -0.000000 0.959413
vn 0.282004 -0.000000 0.959413
vn 0.000100 -0.000000 1.000000
vn 0.000100 -0.000000 1.000000
vn 0.000000 -0.000000 1.000000
vn 0.000000 -0.000000 1.000000
vn 0.000000 -0.000000 1.000000
vn 0.000000 -0.000000 1.000000
vn -0.000100 -0.000000 1.000000
vn -0.289008 -0.000000 0.957327
vn -0.000100 -0.000000 1.000000
vn -0.289008 -0.000000 0.957327
vn -0.558801 -0.000000 0.829302
vn -0.558801 -0.000000 0.829302
vn -0.778434 -0.000000 0.627727
vn -0.778434 -0.000000 0.627727
vn -0.923877 -0.000000 0.382690
vn -0.923877 -0.000000 0.382690
vn -0.995058 -0.000000 0.099296
vn -0.995058 -0.000000 0.099296
vn -0.980019 0.000000 -0.198904
vn -0.980019 0.000000 -0.198904
vn -0.877811 0.000000 -0.479006
vn -0.877811 0.000000 -0.479006
vn -0.707157 0.000000 -0.707057
vn -0.707157 0.000000 -0.707057
vn -0.707107 0.000000 -0.707107
vn -0.707107 0.000000 -0.707107
vn -0.707107 0.000000 -0.707107
vn -0.707107 0.000000 -0.707107
vn -0.707057 0.000000 -0.707157
vn -0.385418 0.000000 -0.922742
vn -0.707057 0.000000 -0.707157
vn -0.385418 0.000000 -0.922742
vn 0.010200 0.000000 -0.999948
vn 0.010200 0.000000 -0.999948
vn 0.401810 0.000000 -0.915723
vn 0.401810 0.000000 -0.915723
vn 0.707057 0.000000 -0.707157
vn 0.707057 0.000000 -0.707157
vn 0.707107 -0.000000 0.707107
vn 0.707107 -0.000000 0.707107
vn 0.707107 -0.000000 0.707107
vn 0.707107 -0.000000 0.707107
vn 0.707057 -0.000000 0.707157
vn 0.472513 -0.000000 0.881324
vn 0.707057 -0.000000 0.707157
vn 0.472513 -0.000000 0.881324
vn 0.190902 -0.000000 0.981609
vn 0.190902 -0.000000 0.981609
vn -0.106501 -0.000000 0.994313
vn -0.106501 -0.000000 0.994313
vn -0.382690 -0.000000 0.923877
vn -0.382690 -0.000000 0.923877
vn -0.633412 -0.000000 0.773815
vn -0.633412 -0.000000 0.773815
vn -0.833632 -0.000000 0.552321
vn -0.833632 -0.000000 0.552321
vn -0.959413 -0.000000 0.282004
vn -0.959413 -0.000000 0.282004
vn -1.000000 -0.000000 0.000100
vn -1.000000 -0.000000 0.000100
vn -1.000000 0.000000 0.000000
vn -1.000000 0.000000 0.000000
vn -1.000000 0.000000 0.000000
vn -1.000000 0.000000 0.000000
vn -1.000000 0.000000 -0.000100
vn -0.957327 0.000000 -0.289008
vn -1.000000 0.000000 -0.000100
vn -0.957327 0.000000 -0.289008
vn -0.829302 0.000000 -0.558801
vn -0.829302 0.000000 -0.558801
vn -0.627727 0.000000 -0.778434
vn -0.627727 0.000000 -0.778434
vn -0.382690 0.000000 -0.923877
vn -0.382690 0.000000 -0.923877
vn -0.099405 0.000000 -0.995047
vn -0.099405 0.000000 -0.995047
vn 0.198904 0.000000 -0.980019
vn 0.198904 0.000000 -0.980019
vn 0.479006 0.000000 -0.877812
vn 0.479006 0.000000 -0.877812
vn 0.707057 0.000000 -0.707157
vn 0.707057 0.000000 -0.707157
vn 0.707107 0.000000 -0.707107
vn 0.707107 0.000000 -0.707107
vn 0.707107 0.000000 -0.707107
vn 0.707107 0.000000 -0.707107
vn 0.707157 0.000000 -0.707057
vn 0.922742 0.000000 -0.385418
vn 0.707157 0.000000 -0.707057
vn 0.922742 0.000000 -0.385418
vn 0.999945 -0.000000 0.010500
vn 0.999945 -0.000000 0.010500
vn 0.915723 -0.000000 0.401810
vn 0.915723 -0.000000 0.401810
vn 0.707157 -0.000000 0.707057
vn 0.707157 -0.000000 0.707057
vn 0.000000 0.000000 -1.000000
vn 0.000000 0.000000 -1.000000
vn 0.000000 0.000000 -1.000000
vn 0.000000 0.000000 -1.000000
vn 0.000100 0.000000 -1.000000
vn 0.289100 0.000000 -0.957299
vn 0.000100 0.000000 -1.000000
vn 0.289100 0.000000 -0.957299
vn 0.558801 0.000000 -0.829302
vn 0.558801 0.000000 -0.829302
vn 0.778434 0.000000 -0.627727
vn 0.778434 0.000000 -0.627727
vn 0.923877 0.000000 -0.382690
vn 0.923877 0.000000 -0.382690
vn 0.995058 0.000000 -0.099296
vn 0.995058 0.000000 -0.099296
vn 0.979937 -0.000000 0.199308
vn 0.979937 -0.000000 0.199308
vn 0.877876 -0.000000 0.478887
vn 0.877876 -0.000000 0.478887
vn 0.707207 -0.000000 0.707007
vn 0.707207 -0.000000 0.707007
vn 0.707107 -0.000000 0.707107
vn 0.707107 -0.000000 0.707107
vn 0.707107 -0.000000 0.707107
vn 0.707107 -0.000000 0.707107
vn 0.707057 -0.000000 0.707157
vn 0.385418 -0.000000 0.922742
vn 0.707057 -0.000000 0.707157
vn 0.385418 -0.000000 0.922742
vn -0.010500 -0.000000 0.999945
vn -0.010500 -0.000000 0.999945
vn -0.401810 -0.000000 0.915723
vn -0.401810 -0.000000 0.915723
vn -0.707057 -0.000000 0.707157
vn -0.707057 -0.000000 0.707157
vn -0.707107 -0.000000 0.707107
vn -0.707107 -0.000000 0.707107
vn -0.707107 -0.000000 0.707107
vn -0.707107 -0.000000 0.707107
vn -0.707207 -0.000000 0.707007
vn -0.881324 -0.000000 0.472513
vn -0.707207 -0.000000 0.707007
vn -0.881324 -0.000000 0.472513
vn -0.981628 -0.000000 0.190805
vn -0.981628 -0.000000 0.190805
vn -0.994313 0.000000 -0.106501
vn -0.994313 0.000000 -0.106501
vn -0.923877 0.000000 -0.382690
vn -0.923877 0.000000 -0.382690
vn -0.773815 0.000000 -0.633412
vn -0.773815 0.000000 -0.633412
vn -0.552321 0.000000 -0.833632
vn -0.552321 0.000000 -0.833632
vn -0.282096 0.000000 -0.959386
vn -0.282096 0.000000 -0.959386
vn -0.000100 0.000000 -1.000000
vn -0.000100 0.000000 -1.000000
vn -0.000100 0.000000 -1.000000
vn -0.379910 0.000000 -0.925024
vn -0.000100 0.000000 -1.000000
vn -0.379910 0.000000 -0.925024
vn -0.714468 0.000000 -0.699668
vn -0.714468 0.000000 -0.699668
vn -0.931629 0.000000 -0.363411
vn -0.931629 0.000000 -0.363411
vn -1.000000 0.000000 -0.000100
vn -1.000000 0.000000 -0.000100
vn -1.000000 0.000000 0.000000
vn -1.000000 0.000000 0.000000
vn -1.000000 0.000000 0.000000
vn -1.000000 0.000000 0.000000
vn -0.707107 0.000000 -0.707107
vn -0.707107 0.000000 -0.707107
vn -0.707107 0.000000 -0.707107
vn -0.707107 0.000000 -0.707107
vn -0.707157 0.000000 -0.707057
vn -0.922707 0.000000 -0.385503
vn -0.707157 0.000000 -0.707057
vn -0.922707 0.000000 -0.385503
vn -0.999946 -0.000000 0.010400
vn -0.999946 -0.000000 0.010400
vn -0.915776 -0.000000 0.401690
vn -0.915776 -0.000000 0.401690
vn -0.707157 -0.000100 0.707057
vn -0.707157 -0.000000 0.707057
vn -0.707107 -0.000000 0.707107
vn -0.707107 -0.000000 0.707107
vn -0.707107 -0.000000 0.707107
vn -0.707107 -0.000000 0.707107
vn -1.000000 0.000000 0.000000
vn -1.000000 0.000000 0.000000
vn -1.000000 0.000000 0.000000
vn -1.000000 0.000000 0.000000
vn -1.000000 -0.000000 0.000100
vn -0.925024 -0.000000 0.379910
vn -1.000000 -0.000000 0.000100
vn -0.925024 -0.000000 0.379910
vn -0.699668 -0.000000 0.714468
vn -0.699668 -0.000000 0.714468
vn -0.363411 -0.000000 0.931629
vn -0.363411 -0.000000 0.931629
vn -0.000100 -0.000000 1.000000
vn -0.000100 -0.000000 1.000000
vn 0.000000 -0.000000 1.000000
vn 0.000000 -0.000000 1.000000
vn 0.000000 -0.000000 1.000000
vn 0.000000 -0.000000 1.000000
vn -0.707107 -0.000000 0.707107
vn -0.707107 -0.000000 0.707107
vn -0.707107 -0.000000 0.707107
vn -0.707107 -0.000000 0.707107
vn -0.707057 -0.000000 0.707157
vn -0.385503 -0.000000 0.922707
vn -0.707057 -0.000000 0.707157
vn -0.385503 -0.000000 0.922707
vn 0.010400 -0.000000 0.999946
vn 0.010400 -0.000000 0.999946
vn 0.401689 -0.000000 0.915776
vn 0.401689 -0.000000 0.915776
vn 0.707057 -0.000100 0.707157
vn 0.707057 -0.000000 0.707157
vn 0.707107 -0.000000 0.707107
vn 0.707107 -0.000000 0.707107
vn 0.707107 -0.000000 0.707107
vn 0.707107 -0.000000 0.707107
vn 0.000000 -0.000000 1.000000
vn 0.000000 -0.000000 1.000000
vn 0.000000 -0.000000 1.000000
vn 0.000000 -0.000000 1.000000
vn 0.000100 -0.000000 1.000000
vn 0.379910 -0.000000 0.925024
vn 0.000100 -0.000000 1.000000
vn 0.379910 -0.000000 0.925024
vn 0.714369 -0.000000 0.699769
vn 0.714369 -0.000000 0.699769
vn 0.931595 -0.000000 0.363498
vn 0.931595 -0.000000 0.363498
vn 1.000000 -0.000000 0.000100
vn 1.000000 -0.000000 0.000100
vn 1.000000 0.000000 0.000000
vn 1.000000 0.000000 0.000000
vn 1.000000 0.000000 0.000000
vn 1.000000 0.000000 0.000000
vn 0.707107 -0.000000 0.707107
vn 0.707107 -0.000000 0.707107
vn 0.707107 -0.000000 0.707107
vn 0.707107 -0.000000 0.707107
vn 0.707157 -0.000000 0.707057
vn 0.922707 -0.000000 0.385503
vn 0.707157 -0.000000 0.707057
vn 0.922707 -0.000000 0.385503
vn 0.999946 0.000000 -0.010400
vn 0.999946 0.000000 -0.010400
vn 0.915776 0.000000 -0.401690
vn 0.915776 0.000000 -0.401690
vn 0.707157 -0.000100 -0.707057
vn 0.707157 0.000000 -0.707057
vn 0.707107 0.000000 -0.707107
vn 0.707107 0.000000 -0.707107
vn 0.707107 0.000000 -0.707107
vn 0.707107 0.000000 -0.707107
vn 1.000000 0.000000 0.000000
vn 1.000000 0.000000 0.000000
vn 1.000000 0.000000 0.000000
vn 1.000000 0.000000 0.000000
vn 1.000000 0.000000 -0.000100
vn 0.925024 0.000000 -0.379910
vn 1.000000 0.000000 -0.000100
vn 0.925024 0.000000 -0.379910
vn 0.699668 0.000000 -0.714468
vn 0.699668 0.000000 -0.714468
vn 0.363411 0.000000 -0.931629
vn 0.363411 0.000000 -0.931629
vn 0.000100 0.000000 -1.000000
vn 0.000100 0.000000 -1.000000
vn 0.000000 0.000000 -1.000000
vn 0.000000 0.000000 -1.000000
vn 0.000000 0.000000 -1.000000
vn 0.000000 0.000000 -1.000000
vn 0.707107 0.000000 -0.707107
vn 0.707107 0.000000 -0.707107
vn 0.707107 0.000000 -0.707107
vn 0.707107 0.000000 -0.707107
vn -0.707107 0.000000 -0.707107
vn -0.707107 0.000000 -0.707107
vn -0.707107 0.000000 -0.707107
vn -0.707107 0.000000 -0.707107
vn 0.000000 0.000000 -1.000000
vn 0.000000 0.000000 -1.000000
vn 0.000000 0.000000 -1.000000
vn 0.000000 0.000000 -1.000000
vn -0.707107 -0.000000 0.707107
vn -0.707107 -0.000000 0.707107
vn -0.707107 -0.000000 0.707107
vn -0.707107 -0.000000 0.707107
vn 0.707107 0.000000 -0.707107
vn 0.707107 0.000000 -0.707107
vn 0.707107 0.000000 -0.707107
vn 0.707107 0.000000 -0.707107
vn -0.707107 0.000000 -0.707107
vn -0.707107 0.000000 -0.707107
vn -0.707107 0.000000 -0.707107
vn -0.707107 0.000000 -0.707107
vn -0.707107 0.000000 -0.707107
vn -0.707107 0.000000 -0.707107
vn -0.707107 0.000000 -0.707107
vn -0.707107 0.000000 -0.707107
vn 0.707107 -0.000000 0.707107
vn 0.707107 -0.000000 0.707107
vn 0.707107 -0.000000 0.707107
vn 0.707107 -0.000000 0.707107
vn -0.707107 0.000000 -0.707107
vn -0.707107 0.000000 -0.707107
vn -0.707107 0.000000 -0.707107
vn -0.707107 0.000000 -0.707107
vn 0.707107 0.000000 -0.707107
vn 0.707107 0.000000 -0.707107
vn 0.707107 0.000000 -0.707107
vn 0.707107 0.000000 -0.707107
vn 0.707107 0.000000 -0.707107
vn 0.707107 0.000000 -0.707107
vn 0.707107 0.000000 -0.707107
vn 0.707107 0.000000 -0.707107
vn 0.707107 -0.000000 0.707107
vn 0.707107 -0.000000 0.707107
vn 0.707107 -0.000000 0.707107
vn 0.707107 -0.000000 0.707107
vn -0.707107 0.000000 -0.707107
vn -0.707107 0.000000 -0.707107
vn -0.707107 0.000000 -0.707107
vn -0.707107 0.000000 -0.707107
vn -0.707107 -0.000000 0.707107
vn -0.707107 -0.000000 0.707107
vn -0.707107 -0.000000 0.707107
vn -0.707107 -0.000000 0.707107
vn -0.707107 -0.000000 0.707107
vn -0.707107 -0.000000 0.707107
vn -0.707107 -0.000000 0.707107
vn -0.707107 -0.000000 0.707107
vn 0.707107 0.000000 -0.707107
vn 0.707107 0.000000 -0.707107
vn 0.707107 0.000000 -0.707107
vn 0.707107 0.000000 -0.707107
vn -0.707107 -0.000000 0.707107
vn -0.707107 -0.000000 0.707107
vn -0.707107 -0.000000 0.707107
vn -0.707107 -0.000000 0.707107
vn -0.707107 0.000000 -0.707107
vn -0.707107 0.000000 -0.707107
vn -0.707107 0.000000 -0.707107
vn -0.707107 0.000000 -0.707107
vn -0.707107 0.000000 -0.707107
vn -0.707107 0.000000 -0.707107
vn -0.707107 0.000000 -0.707107
vn -0.707107 0.000000 -0.707107
vn 0.707107 0.000000 -0.707107
vn 0.707107 0.000000 -0.707107
vn 0.707107 0.000000 -0.707107
vn 0.707107 0.000000 -0.707107
vn -0.707107 -0.000000 0.707107
vn -0.707107 -0.000000 0.707107
vn -0.707107 -0.000000 0.707107
vn -0.707107 -0.000000 0.707107
vn 0.707107 -0.000000 0.707107
vn 0.707107 -0.000000 0.707107
vn 0.707107 -0.000000 0.707107
vn 0.707107 -0.000000 0.707107
vn 0.707107 -0.000000 0.707107
vn 0.707107 -0.000000 0.707107
vn 0.707107 -0.000000 0.707107
vn 0.707107 -0.000000 0.707107
vn -0.707107 0.000000 -0.707107
vn -0.707107 0.000000 -0.707107
vn -0.707107 0.000000 -0.707107
vn -0.707107 0.000000 -0.707107
vn 0.707107 -0.000000 0.707107
vn 0.707107 -0.000000 0.707107
vn 0.707107 -0.000000 0.707107
vn 0.707107 -0.000000 0.707107
vn -0.707107 -0.000000 0.707107
vn -0.707107 -0.000000 0.707107
vn -0.707107 -0.000000 0.707107
vn -0.707107 -0.000000 0.707107
vn -0.707107 -0.000000 0.707107
vn -0.707107 -0.000000 0.707107
vn -0.707107 -0.000000 0.707107
vn -0.707107 -0.000000 0.707107
vn -0.707107 0.000000 -0.707107
vn -0.707107 0.000000 -0.707107
vn -0.707107 0.000000 -0.707107
vn -0.707107 0.000000 -0.707107
vn 0.707107 -0.000000 0.707107
vn 0.707107 -0.000000 0.707107
vn 0.707107 -0.000000 0.707107
vn 0.707107 -0.000000 0.707107
vn 0.707107 0.000000 -0.707107
vn 0.707107 0.000000 -0.707107
vn 0.707107 0.000000 -0.707107
vn 0.707107 0.000000 -0.707107
vn 0.707107 0.000000 -0.707107
vn 0.707107 0.000000 -0.707107
vn 0.707107 0.000000 -0.707107
vn 0.707107 0.000000 -0.707107
vn -0.707107 -0.000000 0.707107
vn -0.707107 -0.000000 0.707107
vn -0.707107 -0.000000 0.707107
vn -0.707107 -0.000000 0.707107
vn 0.707107 0.000000 -0.707107
vn 0.707107 0.000000 -0.707107
vn 0.707107 0.000000 -0.707107
vn 0.707107 0.000000 -0.707107
vn 0.707107 -0.000000 0.707107
vn 0.707107 -0.000000 0.707107
vn 0.707107 -0.000000 0.707107
vn 0.707107 -0.000000 0.707107
vn 0.707107 -0.000000 0.707107
vn 0.707107 -0.000000 0.707107
vn 0.707107 -0.000000 0.707107
vn 0.707107 -0.000000 0.707107
vn 0.000000 -1.000000 -0.000000
vn 0.000000 -1.000000 -0.000000
vn 0.000000 -1.000000 -0.000000
vn 0.000000 -1.000000 -0.000000
vn 0.000000 -1.000000 -0.000000
vn 0.000000 -1.000000 -0.000000
vn 0.000000 -1.000000 -0.000000
vn 0.000000 -1.000000 -0.000000
vn 0.000000 -1.000000 -0.000000
vn 0.000000 -1.000000 -0.000000
vn 0.000000 -1.000000 -0.000000
vn 0.000000 -1.000000 -0.000000
vn 0.000000 -1.000000 -0.000000
vn 0.000000 -1.000000 -0.000000
vn 0.000000 -1.000000 -0.000000
vn 0.000000 -1.000000 -0.000000
vn 0.000000 -1.000000 -0.000000
vn 0.000000 -1.000000 -0.000000
vn 0.000000 -1.000000 -0.000000
vn 0.000000 -1.000000 -0.000000
vn 0.000000 -1.000000 -0.000000
vn 0.000000 -1.000000 -0.000000
vn 0.000000 -1.000000 -0.000000
vn 0.000000 -1.000000 -0.000000
vn 0.000000 -1.000000 -0.000000
vn 0.000000 -1.000000 -0.000000
vn 0.000000 -1.000000 -0.000000
vn 0.000000 -1.000000 -0.000000
vn 0.000000 -1.000000 -0.000000
vn 0.000000 -1.000000 -0.000000
vn 0.000000 -1.000000 -0.000000
vn 0.000000 -1.000000 -0.000000
vn 0.000000 -1.000000 -0.000000
vn 0.000000 -1.000000 -0.000000
vn 0.000000 -1.000000 -0.000000
vn 0.000000 -1.000000 -0.000000
vn 0.000000 -1.000000 -0.000000
vn 0.000000 -1.000000 -0.000000
vn 0.000000 -1.000000 -0.000000
vn 0.000000 -1.000000 -0.000000
vn 0.000000 -1.000000 -0.000000
vn 0.000000 -1.000000 -0.000000
vn 0.000000 -1.000000 -0.000000
vn 0.000000 -1.000000 -0.000000
vn 0.000000 -1.000000 -0.000000
vn 0.000000 -1.000000 -0.000000
vn 0.000000 -1.000000 -0.000000
vn 0.000000 -1.000000 -0.000000
vn 0.000000 -1.000000 -0.000000
vn 0.000000 -1.000000 -0.000000
vn 0.000000 -1.000000 -0.000000
vn 0.000000 -1.000000 -0.000000
vn 0.000000 -1.000000 -0.000000
vn 0.000000 -1.000000 -0.000000
vn 0.000000 -1.000000 -0.000000
vn 0.000000 -1.000000 -0.000000
vn 0.000000 -1.000000 -0.000000
vn 0.000000 -1.000000 -0.000000
vn 0.000000 -1.000000 -0.000000
vn 0.000000 -1.000000 -0.000000
vn 0.000000 -1.000000 -0.000000
vn 0.000000 -1.000000 -0.000000
vn 0.000000 -1.000000 -0.000000
vn 0.000000 -1.000000 -0.000000
vn 0.000000 -1.000000 -0.000000
vn 0.000000 -1.000000 -0.000000
vn 0.000000 -1.000000 -0.000000
vn 0.000000 -1.000000 -0.000000
vn 0.000000 -1.000000 -0.000000
vn 0.000000 -1.000000 -0.000000
vn 0.000000 -1.000000 -0.000000
vn 0.000000 -1.000000 -0.000000
vn 0.000000 -1.000000 -0.000000
vn 0.000000 -1.000000 -0.000000
vn 0.000000 -1.000000 -0.000000
vn 0.000000 -1.000000 -0.000000
vn 0.000000 -1.000000 -0.000000
vn 0.000000 -1.000000 -0.000000
vn 0.000000 -1.000000 -0.000000
vn 0.000000 -1.000000 -0.000000
vn 0.000000 -1.000000 -0.000000
vn 0.000000 -1.000000 -0.000000
vn 0.000000 -1.000000 -0.000000
vn 0.000000 -1.000000 -0.000000
vn 0.000000 -1.000000 -0.000000
vn 0.000000 -1.000000 -0.000000
vn 0.000000 -1.000000 -0.000000
vn 0.000000 -1.000000 -0.000000
vn 0.000000 -1.000000 -0.000000
vn 0.000000 -1.000000 -0.000000
vn 0.000000 -1.000000 -0.000000
vn 0.000000 -1.000000 -0.000000
vn 0.000000 -1.000000 -0.000000
vn 0.000000 -1.000000 -0.000000
vn 0.000000 -1.000000 -0.000000
vn 0.000000 -1.000000 -0.000000
vn 0.000000 -1.000000 -0.000000
vn 0.000000 -1.000000 -0.000000
vn 0.000000 -1.000000 -0.000000
vn 0.000000 -1.000000 -0.000000
vn 0.000000 -1.000000 -0.000000
vn 0.000000 -1.000000 -0.000000
vn 0.000000 -1.000000 -0.000000
vn 0.000000 -1.000000 -0.000000
vn 0.000000 -1.000000 -0.000000
vn 0.000000 -1.000000 -0.000000
vn 0.000000 -1.000000 -0.000000
vn 0.000000 -1.000000 -0.000000
vn 0.000000 -1.000000 -0.000000
vn 0.000000 -1.000000 -0.000000
vn 0.000000 -1.000000 -0.000000
vn 0.000000 -1.000000 -0.000000
vn 0.000000 -1.000000 -0.000000
vn 0.000000 -1.000000 -0.000000
vn 0.000000 -1.000000 -0.000000
vn 0.000000 -1.000000 -0.000000
vn 0.000000 -1.000000 -0.000000
vn 0.000000 -1.000000 -0.000000
vn 0.000000 -1.000000 -0.000000
vn 0.000000 -1.000000 -0.000000
vn 0.000000 -1.000000 -0.000000
vn 0.000000 -1.000000 -0.000000
vn 0.000000 -1.000000 -0.000000
vn 0.000000 -1.000000 -0.000000
vn 0.000000 -1.000000 -0.000000
vn 0.000000 -1.000000 -0.000000
vn 0.000000 -1.000000 -0.000000
vn 0.000000 -1.000000 -0.000000
vn 0.000000 -1.000000 -0.000000
vn 0.000000 -1.000000 -0.000000
vn 0.000000 -1.000000 -0.000000
vn 0.000000 -1.000000 -0.000000
vn 0.000000 -1.000000 -0.000000
vn 0.000000 -1.000000 -0.000000
vn 0.000000 -1.000000 -0.000000
vn 0.000000 -1.000000 -0.000000
vn 0.000000 -1.000000 -0.000000
vn 0.000000 -1.000000 -0.000000
vn 0.000000 -1.000000 -0.000000
vn 0.000000 -1.000000 -0.000000
vn 0.000000 -1.000000 -0.000000
vn 0.000000 -1.000000 -0.000000
vn 0.000000 -1.000000 -0.000000
vn 0.000000 -1.000000 -0.000000
vn 0.000000 -1.000000 -0.000000
vn 0.000000 -1.000000 -0.000000
vn 0.000000 -1.000000 -0.000000
vn 0.000000 -1.000000 -0.000000
vn 0.000000 -1.000000 -0.000000
vn 0.000000 -1.000000 -0.000000
vn 0.000000 -1.000000 -0.000000
vn 0.000000 -1.000000 -0.000000
vn 0.000000 -1.000000 -0.000000
vn 0.000000 -1.000000 -0.000000
vn 0.000000 -1.000000 -0.000000
vn 0.000000 -1.000000 -0.000000
vn 0.000000 -1.000000 -0.000000
vn 0.000000 -1.000000 -0.000000
vn 0.000000 -1.000000 -0.000000
vn 0.000000 -1.000000 -0.000000
vn 0.000000 -1.000000 -0.000000
vn 0.000000 -1.000000 -0.000000
vn 0.000000 -1.000000 -0.000000
vn 0.000000 -1.000000 -0.000000
vn 0.000000 -1.000000 -0.000000
vn 0.000000 -1.000000 -0.000000
vn 0.000000 -1.000000 -0.000000
vn 0.000000 -1.000000 -0.000000
vn 0.000000 -1.000000 -0.000000
vn 0.000000 -1.000000 -0.000000
vn 0.000000 -1.000000 -0.000000
vn 0.000000 -1.000000 -0.000000
vn 0.000000 -1.000000 -0.000000
vn 0.000000 -1.000000 -0.000000
vn 0.000000 -1.000000 -0.000000
vn 0.000000 -1.000000 -0.000000
vn 0.000000 -1.000000 -0.000000
vn 0.000000 -1.000000 -0.000000
vn 0.000000 -1.000000 -0.000000
vn 0.000000 -1.000000 -0.000000
vn 0.000000 -1.000000 -0.000000
vn 0.000000 -1.000000 -0.000000
vn 0.000000 -1.000000 -0.000000
vn 0.000000 -1.000000 -0.000000
vn 0.000000 -1.000000 -0.000000
vn 0.000000 -1.000000 -0.000000
vn 0.000000 -1.000000 -0.000000
vn 0.000000 -1.000000 -0.000000
vn 0.000000 -1.000000 -0.000000
vn 0.000000 -1.000000 -0.000000
vn 0.000000 -1.000000 -0.000000
vn 0.000000 -1.000000 -0.000000
vn 0.000000 -1.000000 -0.000000
vn 0.000000 -1.000000 -0.000000
vn 0.000000 -1.000000 -0.000000
vn 0.000000 -1.000000 -0.000000
vn 0.000000 -1.000000 -0.000000
vn 0.000000 -1.000000 -0.000000
vn 0.000000 -1.000000 -0.000000
vn 0.000000 -1.000000 -0.000000
vn 0.000000 -1.000000 -0.000000
vn 0.000000 -1.000000 -0.000000
vn 0.000000 -1.000000 -0.000000
vn 0.000000 -1.000000 -0.000000
vn 0.000000 -1.000000 -0.000000
vn 0.000000 -1.000000 -0.000000
vn 0.000000 -1.000000 -0.000000
vn 0.000000 -1.000000 -0.000000
vn 0.000000 -1.000000 -0.000000
vn 0.000000 -1.000000 -0.000000
vn 0.000000 -1.000000 -0.000000
vn 0.000000 -1.000000 -0.000000
vn 0.000000 -1.000000 -0.000000
vn 0.000000 -1.000000 -0.000000
vn 0.000000 -1.000000 -0.000000
vn 0.000000 -1.000000 -0.000000
vn 0.000000 -1.000000 -0.000000
vn 0.000000 -1.000000 -0.000000
vn 0.000000 -1.000000 -0.000000
vn 0.000000 -1.000000 -0.000000
vn 0.000000 -1.000000 -0.000000
vn 0.000000 -1.000000 -0.000000
vn 0.000000 -1.000000 -0.000000
vn 0.000000 -1.000000 -0.000000
vn 0.000000 -1.000000 -0.000000
vn 0.000000 -1.000000 -0.000000
vn 0.000000 -1.000000 -0.000000
vn 0.000000 -1.000000 -0.000000
vn 0.000000 -1.000000 -0.000000
vn 0.000000 -1.000000 -0.000000
vn 0.000000 -1.000000 -0.000000
vn 0.000000 -1.000000 -0.000000
vn 0.000000 -1.000000 -0.000000
vn 0.000000 -1.000000 -0.000000
vn 0.000000 -1.000000 -0.000000
vn 0.000000 -1.000000 -0.000000
vn 0.000000 -1.000000 -0.000000
vn 0.000000 -1.000000 -0.000000
vn 0.000000 -1.000000 -0.000000
vn 0.000000 -1.000000 -0.000000
vn 0.000000 -1.000000 -0.000000
vn 0.000000 -1.000000 -0.000000
vn 0.000000 -1.000000 -0.000000
vn 0.000000 -1.000000 -0.000000
vn 0.000000 -1.000000 -0.000000
vn 0.000000 -1.000000 -0.000000
vn 0.000000 -1.000000 -0.000000
vn 0.000000 -1.000000 -0.000000
vn 0.000000 -1.000000 -0.000000
vn 0.000000 -1.000000 -0.000000
vn 0.000000 -1.000000 -0.000000
vn 0.000000 -1.000000 -0.000000
vn 0.000000 -1.000000 -0.000000
vn 0.000000 -1.000000 -0.000000
vn 0.000000 -1.000000 -0.000000
vn 0.000000 -1.000000 -0.000000
vn 0.000000 -1.000000 -0.000000
vn 0.000000 -1.000000 -0.000000
vn 0.000000 -1.000000 -0.000000
vn 0.000000 -1.000000 -0.000000
vn 0.000000 -1.000000 -0.000000
vn 0.000000 -1.000000 -0.000000
vn 0.000000 -1.000000 -0.000000
vn 0.000000 -1.000000 -0.000000
vn 0.000000 -1.000000 -0.000000
vn 0.000000 -1.000000 -0.000000
vn 0.000000 -1.000000 -0.000000
vn 0.000000 -1.000000 -0.000000
vn 0.000000 -1.000000 -0.000000
vn 0.000000 -1.000000 -0.000000
vn 0.000000 -1.000000 -0.000000
vn 0.000000 -1.000000 -0.000000
vn 0.000000 -1.000000 -0.000000
vn 0.000000 -1.000000 -0.000000
vn 0.000000 -1.000000 -0.000000
vn 0.000000 -1.000000 -0.000000
vn 0.000000 -1.000000 -0.000000
vn 0.000000 -1.000000 -0.000000
vn 0.000000 -1.000000 -0.000000
vn 0.000000 -1.000000 -0.000000
vn 0.000000 -1.000000 -0.000000
vn 0.000000 -1.000000 -0.000000
vn 0.000000 -1.000000 -0.000000
vn 0.000000 -1.000000 -0.000000
vn 0.000000 -1.000000 -0.000000
vn 0.000000 -1.000000 -0.000000
vn 0.000000 -1.000000 -0.000000
vn 0.000000 -1.000000 -0.000000
vn 0.000000 -1.000000 -0.000000
vn 0.000000 -1.000000 -0.000000
vn 0.000000 -1.000000 -0.000000
vn 0.000000 -1.000000 -0.000000
vn 0.000000 -1.000000 -0.000000
vn 0.000000 -1.000000 -0.000000
vn 0.000000 -1.000000 -0.000000
vn 0.000000 -1.000000 -0.000000
vn 0.000000 -1.000000 -0.000000
vn 0.000000 -1.000000 -0.000000
vn 0.000000 -1.000000 -0.000000
vn 0.000000 -1.000000 -0.000000
vn 0.000000 -1.000000 -0.000000
vn 0.000000 -1.000000 -0.000000
vn 0.000000 -1.000000 -0.000000
vn 0.000000 -1.000000 -0.000000
vn 0.000000 -1.000000 -0.000000
vn 0.000000 -1.000000 -0.000000
vn 0.000000 -1.000000 -0.000000
vn 0.000000 -1.000000 -0.000000
vn 0.000000 -1.000000 -0.000000
vn 0.000000 -1.000000 -0.000000
vn 0.000000 -1.000000 -0.000000
vn 0.000000 -1.000000 -0.000000
vn 0.000000 -1.000000 -0.000000
vn 0.000000 -1.000000 -0.000000
vn 0.000000 -1.000000 -0.000000
vn 0.000000 -1.000000 -0.000000
vn 0.000000 -1.000000 -0.000000
vn 0.000000 -1.000000 -0.000000
vn 0.000000 -1.000000 -0.000000
vn 0.000000 -1.000000 -0.000000
vn 0.000000 -1.000000 -0.000000
vn 0.000000 -1.000000 -0.000000
vn 0.000000 -1.000000 -0.000000
vn 0.000000 -1.000000 -0.000000
vn 0.000000 -1.000000 -0.000000
vn 0.000000 -1.000000 -0.000000
vn 0.000000 -1.000000 -0.000000
vn 0.000000 -1.000000 -0.000000
vn 0.000000 -1.000000 -0.000000
vn 0.000000 -1.000000 -0.000000
vn 0.000000 -1.000000 -0.000000
vn 0.000000 -1.000000 -0.000000
vn 0.000000 -1.000000 -0.000000
vn 0.000000 -1.000000 -0.000000
vn 0.000000 -1.000000 -0.000000
vn 0.000000 -1.000000 -0.000000
vn 0.000000 -1.000000 -0.000000
vn 0.000000 -1.000000 -0.000000
vn 0.000000 -1.000000 -0.000000
vn 0.000000 -1.000000 -0.000000
vn 0.000000 -1.000000 -0.000000
vn 0.000000 -1.000000 -0.000000
vn 0.000000 -1.000000 -0.000000
vn 0.000000 -1.000000 -0.000000
vn 0.000000 -1.000000 -0.000000
vn 0.000000 -1.000000 -0.000000
vn 0.000000 -1.000000 -0.000000
vn 0.000000 -1.000000 -0.000000
f 2//2 1//1 3//3
f 4//4 3//3 1//1
f 3//3 4//4 5//5
f 5//5 4//4 6//6
f 6//6 7//7 5//5
f 5//5 7//7 8//8
f 7//7 9//9 8//8
f 7//7 10//10 9//9
f 10//10 11//11 9//9
f 12//12 9//9 11//11
f 9//9 12//12 13//13
f 13//13 14//14 9//9
f 14//14 13//13 15//15
f 15//15 13//13 16//16
f 15//15 16//16 17//17
f 17//17 18//18 15//15
f 18//18 17//17 19//19
f 18//18 19//19 20//20
f 21//21 18//18 20//20
f 21//21 20//20 22//22
f 23//23 27//27 22//22
f 23//23 22//22 24//24
f 26//26 24//24 22//22
f 25//25 26//26 22//22
f 29//29 22//22 27//27
f 22//22 28//28 30//30
f 22//22 29//29 28//28
f 30//30 21//21 22//22
f 31//31 26//26 25//25
f 32//32 31//31 25//25
f 33//33 32//32 37//37
f 35//35 32//32 33//33
f 36//36 34//34 32//32
f 32//32 35//35 36//36
f 25//25 37//37 32//32
f 36//36 38//38 34//34
f 36//36 39//39 38//38
f 39//39 40//40 38//38
f 40//40 39//39 41//41
f 42//42 41//41 39//39
f 42//42 39//39 43//43
f 39//39 44//44 43//43
f 44//44 39//39 45//45
f 45//45 39//39 46//46
f 39//39 47//47 46//46
f 46//46 47//47 48//48
f 47//47 49//49 48//48
f 49//49 50//50 48//48
f 50//50 51//51 48//48
f 51//51 50//50 52//52
f 51//51 52//52 53//53
f 56//56 53//53 54//54
f 53//53 55//55 54//54
f 56//56 51//51 53//53
f 57//57 54//54 55//55
f 58//58 54//54 57//57
f 58//58 59//59 54//54
f 60//60 61//61 59//59
f 62//62 59//59 61//61
f 59//59 62//62 54//54
f 64//64 63//63 61//61
f 61//61 60//60 64//64
f 64//64 65//65 63//63
f 66//66 63//63 65//65
f 67//67 68//68 66//66
f 68//68 63//63 66//66
f 69//69 68//68 67//67
f 67//67 70//70 69//69
f 70//70 67//67 71//71
f 72//72 71//71 67//67
f 67//67 73//73 72//72
f 75//75 73//73 67//67
f 73//73 75//75 74//74
f 77//77 75//75 67//67
f 75//75 76//76 74//74
f 75//75 79//79 76//76
f 78//78 79//79 75//75
f 81//81 79//79 80//80
f 79//79 78//78 80//80
f 82//82 79//79 81//81
f 76//76 79//79 83//83
f 76//76 83//83 84//84
f 85//85 84//84 86//86
f 76//76 84//84 85//85
f 86//86 87//87 85//85
f 87//87 40//40 85//85
f 88//88 40//40 87//87
f 91//91 88//88 87//87
f 87//87 89//89 91//91
f 89//89 87//87 90//90
f 93//93 92//92 91//91
f 92//92 88//88 91//91
f 92//92 93//93 94//94
f 96//96 92//92 95//95
f 97//97 92//92 96//96
f 92//92 97//97 88//88
f 100//100 98//98 97//97
f 100//100 97//97 99//99
f 99//99 97//97 96//96
f 98//98 100//100 101//101
f 102//102 98//98 101//101
f 103//103 104//104 102//102
f 102//102 104//104 98//98
f 105//105 104//104 107//107
f 107//107 104//104 106//106
f 106//106 104//104 103//103
f 107//107 106//106 108//108
f 111//111 105//105 107//107
f 109//109 110//110 107//107
f 110//110 111//111 107//107
f 105//105 111//111 112//112
f 112//112 111//111 113//113
f 112//112 113//113 114//114
f 24//24 112//112 115//115
f 116//116 115//115 112//112
f 24//24 105//105 112//112
f 116//116 117//117 115//115
f 119//119 115//115 117//117
f 118//118 119//119 117//117
f 120//120 119//119 121//121
f 119//119 122//122 121//121
f 118//118 122//122 119//119
f 123//123 121//121 122//122
f 123//123 122//122 125//125
f 122//122 126//126 124//124
f 124//124 125//125 122//122
f 127//127 123//123 125//125
f 128//128 127//127 125//125
f 127//127 128//128 129//129
f 130//130 132//132 127//127
f 130//130 127//127 131//131
f 123//123 127//127 132//132
f 133//133 132//132 134//134
f 132//132 135//135 134//134
f 132//132 130//130 135//135
f 136//136 133//133 134//134
f 136//136 137//137 133//133
f 137//137 139//139 133//133
f 137//137 138//138 139//139
f 142//142 140//140 139//139
f 138//138 141//141 139//139
f 142//142 139//139 141//141
f 141//141 143//143 142//142
f 144//144 145//145 142//142
f 142//142 145//145 146//146
f 140//140 142//142 146//146
f 147//147 140//140 146//146
f 146//146 148//148 147//147
f 149//149 147//147 148//148
f 152//152 150//150 147//147
f 150//150 151//151 147//147
f 140//140 147//147 151//151
f 150//150 152//152 153//153
f 154//154 150//150 153//153
f 154//154 153//153 155//155
f 154//154 155//155 156//156
f 154//154 156//156 161//161
f 157//157 156//156 158//158
f 156//156 157//157 160//160
f 158//158 156//156 159//159
f 160//160 161//161 156//156
f 161//161 165//165 154//154
f 162//162 163//163 161//161
f 161//161 164//164 162//162
f 161//161 163//163 165//165
f 167//167 164//164 166//166
f 162//162 164//164 167//167
f 167//167 169//169 168//168
f 167//167 166//166 169//169
f 169//169 170//170 168//168
f 170//170 169//169 173//173
f 171//171 172//172 169//169
f 172//172 173//173 169//169
f 172//172 175//175 174//174
f 175//175 172//172 171//171
f 175//175 176//176 174//174
f 178//178 177//177 176//176
f 176//176 177//177 179//179
f 180//180 176//176 179//179
f 180//180 181//181 176//176
f 176//176 181//181 174//174
f 182//182 174//174 181//181
f 174//174 182//182 183//183
f 174//174 183//183 184//184
f 184//184 185//185 174//174
f 186//186 174//174 185//185
f 186//186 187//187 188//188
f 188//188 174//174 186//186
f 187//187 189//189 188//188
f 187//187 190//190 189//189
f 192//192 191//191 190//190
f 190//190 187//187 192//192
f 192//192 193//193 191//191
f 193//193 192//192 194//194
f 194//194 195//195 193//193
f 195//195 200//200 193//193
f 197//197 195//195 196//196
f 198//198 196//196 195//195
f 195//195 197//197 199//199
f 199//199 200//200 195//195
f 198//198 201//201 196//196
f 201//201 202//202 203//203
f 203//203 204//204 201//201
f 201//201 204//204 196//196
f 203//203 202//202 205//205
f 202//202 206//206 205//205
f 207//207 206//206 202//202
f 206//206 207//207 208//208
f 216//216 209//209 208//208
f 210//210 208//208 214//214
f 210//210 211//211 208//208
f 208//208 211//211 216//216
f 212//212 215//215 208//208
f 208//208 213//213 212//212
f 208//208 207//207 213//213
f 208//208 215//215 214//214
f 217//217 209//209 216//216
f 209//209 217//217 218//218
f 223//223 219//219 218//218
f 218//218 219//219 220//220
f 221//221 218//218 220//220
f 218//218 221//221 222//222
f 222//222 209//209 218//218
f 77//77 219//219 223//223
f 67//67 219//219 77//77
f 210//210 224//224 211//211
f 224//224 225//225 211//211
f 225//225 227//227 211//211
f 226//226 211//211 227//227
f 225//225 228//228 227//227
f 227//227 231//231 226//226
f 229//229 230//230 227//227
f 230//230 231//231 227//227
f 226//226 231//231 232//232
f 231//231 233//233 232//232
f 232//232 233//233 234//234
f 235//235 236//236 232//232
f 237//237 235//235 232//232
f 232//232 236//236 226//226
f 240//240 235//235 237//237
f 238//238 240//240 237//237
f 238//238 237//237 239//239
f 239//239 241//241 242//242
f 241//241 239//239 243//243
f 238//238 239//239 242//242
f 245//245 243//243 244//244
f 245//245 246//246 243//243
f 241//241 243//243 246//246
f 245//245 248//248 247//247
f 244//244 248//248 245//245
f 244//244 178//178 248//248
f 248//248 249//249 247//247
f 249//249 248//248 250//250
f 253//253 250//250 251//251
f 251//251 250//250 252//252
f 253//253 249//249 250//250
f 251//251 252//252 254//254
f 254//254 252//252 256//256
f 160//160 255//255 252//252
f 255//255 256//256 252//252
f 257//257 256//256 258//258
f 256//256 255//255 258//258
f 260//260 259//259 258//258
f 257//257 258//258 259//259
f 143//143 261//261 260//260
f 261//261 262//262 260//260
f 262//262 259//259 260//260
f 143//143 263//263 261//261
f 263//263 143//143 141//141
f 157//157 265//265 255//255
f 157//157 255//255 160//160
f 264//264 255//255 265//265
f 267//267 266//266 244//244
f 266//266 178//178 244//244
f 244//244 268//268 267//267
f 266//266 177//177 178//178
f 269//269 177//177 266//266
f 269//269 270//270 177//177
f 236//236 272//272 271//271
f 235//235 273//273 236//236
f 273//273 272//272 236//236
f 274//274 271//271 272//272
f 274//274 275//275 271//271
f 275//275 277//277 271//271
f 275//275 276//276 277//277
f 278//278 78//78 277//277
f 278//278 277//277 279//279
f 277//277 276//276 279//279
f 278//278 279//279 280//280
f 280//280 279//279 281//281
f 280//280 281//281 282//282
f 282//282 284//284 283//283
f 283//283 280//280 282//282
f 285//285 283//283 284//284
f 285//285 95//95 283//283
f 286//286 95//95 285//285
f 96//96 95//95 286//286
f 287//287 80//80 278//278
f 80//80 78//78 278//278
f 278//278 288//288 287//287
f 225//225 289//289 228//228
f 179//179 290//290 289//289
f 179//179 289//289 225//225
f 177//177 290//290 179//179
f 162//162 291//291 163//163
f 292//292 291//291 162//162
f 162//162 293//293 292//292
f 294//294 293//293 162//162
f 295//295 294//294 162//162
f 295//295 297//297 296//296
f 295//295 162//162 297//297
f 297//297 298//298 296//296
f 296//296 298//298 299//299
f 296//296 299//299 301//301
f 300//300 301//301 299//299
f 301//301 300//300 302//302
f 303//303 301//301 302//302
f 304//304 303//303 302//302
f 302//302 305//305 304//304
f 306//306 304//304 305//305
f 308//308 304//304 306//306
f 309//309 307//307 304//304
f 308//308 309//309 304//304
f 307//307 309//309 310//310
f 309//309 311//311 310//310
f 311//311 312//312 310//310
f 314//314 313//313 312//312
f 313//313 310//310 312//312
f 314//314 315//315 313//313
f 315//315 316//316 313//313
f 317//317 316//316 315//315
f 316//316 317//317 318//318
f 317//317 322//322 318//318
f 319//319 322//322 317//317
f 319//319 317//317 320//320
f 317//317 321//321 320//320
f 321//321 317//317 151//151
f 323//323 151//151 317//317
f 324//324 323//323 317//317
f 327//327 323//323 324//324
f 325//325 327//327 324//324
f 325//325 324//324 326//326
f 328//328 325//325 326//326
f 325//325 328//328 329//329
f 329//329 330//330 325//325
f 333//333 331//331 330//330
f 331//331 332//332 330//330
f 325//325 330//330 332//332
f 331//331 333//333 121//121
f 333//333 334//334 339//339
f 334//334 333//333 335//335
f 336//336 335//335 333//333
f 333//333 337//337 336//336
f 333//333 338//338 337//337
f 338//338 333//333 2//2
f 333//333 339//339 121//121
f 120//120 121//121 339//339
f 338//338 2//2 3//3
f 151//151 340//340 321//321
f 151//151 150//150 340//340
f 130//130 131//131 343//343
f 342//342 131//131 341//341
f 342//342 343//343 131//131
f 344//344 342//342 341//341
f 341//341 345//345 344//344
f 346//346 345//345 108//108
f 108//108 345//345 341//341
f 106//106 346//346 108//108
f 24//24 115//115 347//347
f 23//23 24//24 347//347
f 40//40 348//348 85//85
f 41//41 348//348 40//40
f 349//349 351//351 350//350
f 353//353 351//351 352//352
f 353//353 352//352 355//355
f 353//353 350//350 351//351
f 350//350 353//353 354//354
f 355//355 352//352 358//358
f 355//355 358//358 356//356
f 356//356 358//358 359//359
f 356//356 359//359 357//357
f 360//360 362//362 363//363
f 360//360 363//363 361//361
f 365//365 364//364 366//366
f 365//365 366//366 368//368
f 368//368 366//366 367//367
f 368//368 367//367 369//369
f 369//369 367//367 371//371
f 369//369 371//371 370//370
f 373//373 372//372 370//370
f 373//373 370//370 371//371
f 376//376 374//374 372//372
f 376//376 372//372 373//373
f 374//374 376//376 377//377
f 374//374 377//377 375//375
f 375//375 377//377 378//378
f 375//375 378//378 380//380
f 380//380 378//378 379//379
f 380//380 379//379 381//381
f 383//383 385//385 384//384
f 383//383 384//384 382//382
f 387//387 386//386 388//388
f 387//387 388//388 389//389
f 389//389 388//388 390//390
f 389//389 390//390 392//392
f 392//392 390//390 391//391
f 392//392 391//391 393//393
f 395//395 394//394 393//393
f 395//395 393//393 391//391
f 397//397 396//396 394//394
f 397//397 394//394 395//395
f 398//398 396//396 397//397
f 398//398 397//397 399//399
f 398//398 399//399 402//402
f 398//398 402//402 400//400
f 400//400 402//402 403//403
f 400//400 403//403 401//401
f 404//404 405//405 407//407
f 405//405 404//404 406//406
f 406//406 408//408 405//405
f 410//410 409//409 411//411
f 411//411 412//412 413//413
f 413//413 410//410 411//411
f 410//410 413//413 414//414
f 410//410 414//414 416//416
f 416//416 414//414 415//415
f 416//416 415//415 417//417
f 420//420 418//418 417//417
f 420//420 417//417 415//415
f 418//418 420//420 421//421
f 418//418 421//421 419//419
f 419//419 421//421 422//422
f 419//419 422//422 424//424
f 424//424 422//422 423//423
f 424//424 423//423 425//425
f 425//425 423//423 426//426
f 426//426 427//427 425//425
f 428//428 426//426 423//423
f 430//430 432//432 431//431
f 430//430 431//431 429//429
f 434//434 433//433 432//432
f 434//434 432//432 430//430
f 436//436 437//437 435//435
f 437//437 436//436 438//438
f 438//438 441//441 439//439
f 438//438 439//439 437//437
f 442//442 440//440 439//439
f 442//442 439//439 441//441
f 444//444 442//442 443//443
f 442//442 444//444 440//440
f 444//444 445//445 440//440
f 446//446 438//438 436//436
f 447//447 449//449 448//448
f 451//451 449//449 450//450
f 451//451 450//450 453//453
f 451//451 448//448 449//449
f 448//448 451//451 452//452
f 453//453 450//450 456//456
f 453//453 456//456 454//454
f 454//454 456//456 457//457
f 454//454 457//457 455//455
f 459//459 461//461 460//460
f 459//459 460//460 458//458
f 462//462 464//464 465//465
f 462//462 465//465 463//463
f 463//463 465//465 466//466
f 463//463 466//466 468//468
f 468//468 466//466 467//467
f 468//468 467//467 469//469
f 472//472 470//470 469//469
f 472//472 469//469 467//467
f 470//470 472//472 473//473
f 470//470 473//473 471//471
f 471//471 473//473 474//474
f 471//471 474//474 475//475
f 475//475 474//474 476//476
f 475//475 476//476 478//478
f 477//477 479//479 478//478
f 477//477 478//478 476//476
f 481//481 483//483 482//482
f 481//481 482//482 480//480
f 481//481 484//484 483//483
f 486//486 485//485 487//487
f 487//487 488//488 489//489
f 489//489 486//486 487//487
f 486//486 489//489 490//490
f 486//486 490//490 492//492
f 492//492 490//490 491//491
f 492//492 491//491 493//493
f 496//496 494//494 493//493
f 496//496 493//493 491//491
f 494//494 496//496 497//497
f 494//494 497//497 495//495
f 495//495 497//497 498//498
f 495//495 498//498 500//500
f 500//500 498//498 499//499
f 500//500 499//499 501//501
f 501//501 499//499 502//502
f 502//502 503//503 501//501
f 504//504 502//502 499//499
f 505//505 507//507 506//506
f 508//508 506//506 507//507
f 508//508 509//509 506//506
f 511//511 510//510 512//512
f 511//511 512//512 514//514
f 514//514 512//512 513//513
f 514//514 513//513 515//515
f 515//515 513//513 518//518
f 515//515 518//518 516//516
f 519//519 517//517 516//516
f 519//519 516//516 518//518
f 520//520 521//521 517//517
f 520//520 517//517 519//519
f 521//521 520//520 522//522
f 521//521 522//522 524//524
f 524//524 522//522 523//523
f 524//524 523//523 525//525
f 527//527 526//526 525//525
f 527//527 525//525 523//523
f 528//528 530//530 531//531
f 528//528 531//531 529//529
f 529//529 531//531 532//532
f 534//534 535//535 533//533
f 538//538 537//537 535//535
f 538//538 535//535 536//536
f 536//536 535//535 534//534
f 537//537 538//538 540//540
f 537//537 540//540 539//539
f 539//539 540//540 542//542
f 542//542 541//541 539//539
f 543//543 542//542 540//540
f 534//534 544//544 536//536
f 546//546 547//547 545//545
f 547//547 548//548 550//550
f 547//547 550//550 549//549
f 547//547 546//546 548//548
f 549//549 550//550 553//553
f 549//549 553//553 551//551
f 551//551 553//553 554//554
f 551//551 554//554 552//552
f 555//555 548//548 546//546
f 557//557 559//559 558//558
f 557//557 558//558 556//556
f 561//561 560//560 562//562
f 561//561 562//562 564//564
f 564//564 562//562 563//563
f 564//564 563//563 565//565
f 565//565 563//563 568//568
f 565//565 568//568 566//566
f 569//569 567//567 566//566
f 569//569 566//566 568//568
f 567//567 569//569 570//570
f 567//567 570//570 572//572
f 572//572 570//570 571//571
f 572//572 571//571 573//573
f 573//573 571//571 575//575
f 573//573 575//575 574//574
f 577//577 576//576 574//574
f 577//577 574//574 575//575
f 579//579 581//581 580//580
f 579//579 580//580 578//578
f 583//583 582//582 584//584
f 583//583 584//584 585//585
f 583//583 585//585 586//586
f 583//583 586//586 588//588
f 588//588 586//586 587//587
f 588//588 587//587 589//589
f 592//592 590//590 589//589
f 592//592 589//589 587//587
f 593//593 591//591 590//590
f 593//593 590//590 592//592
f 591//591 593//593 594//594
f 591//591 594//594 596//596
f 596//596 594//594 595//595
f 596//596 595//595 597//597
f 597//597 595//595 598//598
f 598//598 599//599 597//597
f 598//598 595//595 600//600
f 601//601 603//603 604//604
f 601//601 604//604 602//602
f 602//602 604//604 605//605
f 602//602 605//605 606//606
f 608//608 609//609 607//607
f 609//609 608//608 610//610
f 609//609 610//610 613//613
f 609//609 613//613 611//611
f 611//611 613//613 614//614
f 611//611 614//614 612//612
f 612//612 614//614 615//615
f 612//612 615//615 617//617
f 616//616 618//618 617//617
f 616//616 617//617 615//615
f 618//618 616//616 620//620
f 618//618 620//620 619//619
f 619//619 620//620 622//622
f 619//619 622//622 621//621
f 621//621 622//622 623//623
f 623//623 624//624 621//621
f 623//623 622//622 625//625
f 610//610 608//608 626//626
f 627//627 629//629 630//630
f 627//627 630//630 628//628
f 628//628 630//630 631//631
f 628//628 631//631 632//632
f 634//634 635//635 633//633
f 635//635 634//634 636//636
f 635//635 636//636 639//639
f 635//635 639//639 637//637
f 640//640 638//638 637//637
f 640//640 637//637 639//639
f 641//641 640//640 642//642
f 640//640 641//641 638//638
f 641//641 643//643 638//638
f 644//644 636//636 634//634
f 646//646 647//647 645//645
f 647//647 648//648 651//651
f 647//647 651//651 649//649
f 647//647 646//646 648//648
f 649//649 651//651 652//652
f 649//649 652//652 650//650
f 650//650 652//652 653//653
f 650//650 653//653 654//654
f 655//655 648//648 646//646
f 657//657 660//660 658//658
f 657//657 658//658 656//656
f 656//656 658//658 659//659
f 662//662 661//661 663//663
f 663//663 664//664 665//665
f 665//665 662//662 663//663
f 662//662 665//665 666//666
f 662//662 666//666 668//668
f 668//668 666//666 667//667
f 668//668 667//667 669//669
f 672//672 670//670 669//669
f 672//672 669//669 667//667
f 670//670 672//672 673//673
f 670//670 673//673 671//671
f 671//671 673//673 674//674
f 671//671 674//674 676//676
f 676//676 674//674 675//675
f 676//676 675//675 677//677
f 677//677 675//675 678//678
f 678//678 679//679 677//677
f 680//680 678//678 675//675
f 682//682 684//684 683//683
f 682//682 683//683 681//681
f 686//686 685//685 684//684
f 686//686 684//684 682//682
f 688//688 687//687 689//689
f 689//689 690//690 691//691
f 691//691 688//688 689//689
f 688//688 691//691 692//692
f 688//688 692//692 694//694
f 694//694 692//692 693//693
f 694//694 693//693 695//695
f 698//698 696//696 695//695
f 698//698 695//695 693//693
f 696//696 698//698 699//699
f 696//696 699//699 697//697
f 697//697 699//699 700//700
f 697//697 700//700 702//702
f 702//702 700//700 701//701
f 702//702 701//701 703//703
f 703//703 701//701 704//704
f 704//704 705//705 703//703
f 706//706 704//704 701//701
f 708//708 707//707 709//709
f 710//710 711//711 709//709
f 708//708 709//709 711//711
f 713//713 712//712 714//714
f 713//713 714//714 716//716
f 716//716 714//714 715//715
f 716//716 715//715 717//717
f 717//717 715//715 720//720
f 717//717 720//720 718//718
f 721//721 719//719 718//718
f 721//721 718//718 720//720
f 722//722 724//724 719//719
f 722//722 719//719 721//721
f 724//724 722//722 723//723
f 724//724 723//723 725//725
f 725//725 723//723 727//727
f 725//725 727//727 726//726
f 726//726 727//727 729//729
f 726//726 729//729 728//728
f 731//731 733//733 732//732
f 731//731 732//732 730//730
f 734//734 736//736 737//737
f 734//734 737//737 735//735
f 738//738 740//740 735//735
f 738//738 735//735 737//737
f 739//739 741//741 740//740
f 739//739 740//740 738//738
f 739//739 743//743 741//741
f 743//743 742//742 741//741
f 743//743 739//739 744//744
f 746//746 748//748 747//747
f 746//746 747//747 745//745
f 750//750 749//749 751//751
f 750//750 751//751 753//753
f 753//753 751//751 752//752
f 753//753 752//752 754//754
f 757//757 755//755 754//754
f 757//757 754//754 752//752
f 758//758 756//756 755//755
f 758//758 755//755 757//757
f 756//756 758//758 759//759
f 756//756 759//759 761//761
f 761//761 759//759 760//760
f 761//761 760//760 762//762
f 764//764 766//766 765//765
f 764//764 765//765 763//763
f 767//767 769//769 770//770
f 767//767 770//770 768//768
f 768//768 770//770 771//771
f 768//768 771//771 773//773
f 774//774 773//773 771//771
f 774//774 771//771 772//772
f 775//775 774//774 772//772
f 775//775 772//772 777//777
f 778//778 776//776 775//775
f 778//778 775//775 777//777
f 776//776 778//778 779//779
f 776//776 779//779 780//780
f 780//780 779//779 781//781
f 780//780 781//781 783//783
f 784//784 781//781 782//782
f 783//783 781//781 784//784
f 784//784 785//785 783//783
f 787//787 786//786 788//788
f 789//789 790//790 788//788
f 787//787 788//788 790//790
f 792//792 791//791 793//793
f 792//792 793//793 795//795
f 794//794 796//796 795//795
f 794//794 795//795 793//793
f 799//799 797//797 796//796
f 799//799 796//796 794//794
f 797//797 799//799 800//800
f 797//797 800//800 798//798
f 801//801 802//802 798//798
f 801//801 798//798 800//800
f 803//803 804//804 802//802
f 803//803 802//802 801//801
f 806//806 808//808 807//807
f 806//806 807//807 805//805
f 810//810 809//809 811//811
f 810//810 811//811 812//812
f 810//810 812//812 813//813
f 810//810 813//813 814//814
f 814//814 813//813 815//815
f 814//814 815//815 817//817
f 818//818 817//817 815//815
f 818//818 815//815 816//816
f 819//819 818//818 816//816
f 819//819 816//816 821//821
f 819//819 821//821 822//822
f 819//819 822//822 820//820
f 820//820 822//822 823//823
f 820//820 823//823 825//825
f 825//825 823//823 824//824
f 825//825 824//824 826//826
f 828//828 830//830 829//829
f 828//828 829//829 827//827
f 831//831 833//833 834//834
f 831//831 834//834 832//832
f 832//832 834//834 835//835
f 832//832 835//835 837//837
f 836//836 838//838 837//837
f 836//836 837//837 835//835
f 840//840 839//839 838//838
f 840//840 838//838 836//836
f 839//839 840//840 843//843
f 839//839 843//843 841//841
f 842//842 841//841 843//843
f 842//842 843//843 844//844
f 846//846 849//849 847//847
f 846//846 847//847 845//845
f 845//845 847//847 848//848
f 851//851 852//852 850//850
f 852//852 851//851 853//853
f 852//852 853//853 855//855
f 852//852 855//855 854//854
f 854//854 855//855 858//858
f 854//854 858//858 856//856
f 859//859 857//857 856//856
f 859//859 856//856 858//858
f 857//857 859//859 860//860
f 857//857 860//860 861//861
f 861//861 860//860 862//862
f 861//861 862//862 864//864
f 864//864 862//862 863//863
f 864//864 863//863 865//865
f 866//866 865//865 863//863
f 866//866 863//863 867//867
f 853//853 851//851 868//868
f 870//870 872//872 871//871
f 870//870 871//871 869//869
f 874//874 873//873 875//875
f 874//874 875//875 876//876
f 877//877 879//879 876//876
f 877//877 876//876 875//875
f 878//878 880//880 879//879
f 878//878 879//879 877//877
f 880//880 878//878 882//882
f 880//880 882//882 881//881
f 882//882 885//885 883//883
f 882//882 883//883 881//881
f 885//885 886//886 884//884
f 885//885 884//884 883//883
f 888//888 891//891 889//889
f 888//888 889//889 887//887
f 887//887 889//889 890//890
f 893//893 894//894 892//892
f 894//894 893//893 895//895
f 894//894 895//895 897//897
f 894//894 897//897 896//896
f 896//896 897//897 900//900
f 896//896 900//900 898//898
f 901//901 899//899 898//898
f 901//901 898//898 900//900
f 899//899 901//901 902//902
f 899//899 902//902 904//904
f 904//904 902//902 903//903
f 904//904 903//903 905//905
f 905//905 903//903 907//907
f 905//905 907//907 906//906
f 906//906 907//907 909//909
f 906//906 909//909 908//908
f 895//895 893//893 910//910
f 912//912 914//914 913//913
f 912//912 913//913 911//911
f 916//916 918//918 917//917
f 916//916 917//917 915//915
f 919//919 921//921 922//922
f 919//919 922//922 920//920
f 920//920 922//922 923//923
f 920//920 923//923 924//924
f 924//924 923//923 925//925
f 924//924 925//925 927//927
f 927//927 925//925 926//926
f 927//927 926//926 928//928
f 929//929 928//928 926//926
f 929//929 926//926 930//930
f 932//932 931//931 929//929
f 932//932 929//929 930//930
f 935//935 933//933 931//931
f 935//935 931//931 932//932
f 933//933 935//935 936//936
f 933//933 936//936 934//934
f 934//934 936//936 937//937
f 934//934 937//937 939//939
f 939//939 937//937 938//938
f 939//939 938//938 940//940
f 940//940 938//938 943//943
f 940//940 943//943 941//941
f 941//941 943//943 944//944
f 941//941 944//944 942//942
f 946//946 948//948 947//947
f 946//946 947//947 945//945
f 950//950 952//952 951//951
f 950//950 951//951 949//949
f 953//953 955//955 956//956
f 953//953 956//956 954//954
f 954//954 956//956 957//957
f 954//954 957//957 959//959
f 959//959 957//957 958//958
f 959//959 958//958 960//960
f 963//963 961//961 960//960
f 963//963 960//960 958//958
f 964//964 962//962 961//961
f 964//964 961//961 963//963
f 962//962 964//964 965//965
f 962//962 965//965 967//967
f 967//967 965//965 966//966
f 967//967 966//966 968//968
f 968//968 966//966 970//970
f 968//968 970//970 969//969
f 972//972 974//974 973//973
f 972//972 973//973 971//971
f 976//976 978//978 977//977
f 976//976 977//977 975//975
f 980//980 982//982 981//981
f 980//980 981//981 979//979
f 984//984 983//983 982//982
f 984//984 982//982 980//980
f 987//987 985//985 983//983
f 987//987 983//983 984//984
f 988//988 986//986 985//985
f 988//988 985//985 987//987
f 989//989 991//991 986//986
f 989//989 986//986 988//988
f 989//989 990//990 992//992
f 989//989 992//992 991//991
f 995//995 993//993 992//992
f 995//995 992//992 990//990
f 996//996 994//994 993//993
f 996//996 993//993 995//995
f 997//997 999//999 994//994
f 997//997 994//994 996//996
f 998//998 1000//1000 999//999
f 998//998 999//999 997//997
f 1003//1003 1001//1001 1000//1000
f 1003//1003 1000//1000 998//998
f 1004//1004 1002//1002 1001//1001
f 1004//1004 1001//1001 1003//1003
f 1006//1006 1008//1008 1007//1007
f 1006//1006 1007//1007 1005//1005
f 1010//1010 1012//1012 1011//1011
f 1010//1010 1011//1011 1009//1009
f 1013//1013 1015//1015 1016//1016
f 1013//1013 1016//1016 1014//1014
f 1014//1014 1016//1016 1017//1017
f 1014//1014 1017//1017 1019//1019
f 1019//1019 1017//1017 1018//1018
f 1019//1019 1018//1018 1020//1020
f 1023//1023 1021//1021 1020//1020
f 1023//1023 1020//1020 1018//1018
f 1022//1022 1021//1021 1023//1023
f 1022//1022 1023//1023 1024//1024
f 1022//1022 1024//1024 1025//1025
f 1022//1022 1025//1025 1027//1027
f 1027//1027 1025//1025 1026//1026
f 1027//1027 1026//1026 1028//1028
f 1028//1028 1026//1026 1030//1030
f 1028//1028 1030//1030 1029//1029
f 1032//1032 1034//1034 1033//1033
f 1032//1032 1033//1033 1031//1031
f 1036//1036 1038//1038 1037//1037
f 1036//1036 1037//1037 1035//1035
f 1040//1040 1039//1039 1041//1041
f 1040//1040 1041//1041 1043//1043
f 1043//1043 1041//1041 1042//1042
f 1043//1043 1042//1042 1044//1044
f 1044//1044 1042//1042 1047//1047
f 1044//1044 1047//1047 1045//1045
f 1045//1045 1047//1047 1048//1048
f 1045//1045 1048//1048 1046//1046
f 1046//1046 1048//1048 1049//1049
f 1046//1046 1049//1049 1051//1051
f 1050//1050 1052//1052 1051//1051
f 1050//1050 1051//1051 1049//1049
f 1052//1052 1050//1050 1055//1055
f 1052//1052 1055//1055 1053//1053
f 1053//1053 1055//1055 1056//1056
f 1053//1053 1056//1056 1054//1054
f 1054//1054 1056//1056 1057//1057
f 1054//1054 1057//1057 1059//1059
f 1059//1059 1057//1057 1058//1058
f 1059//1059 1058//1058 1060//1060
f 1060//1060 1058//1058 1063//1063
f 1060//1060 1063//1063 1061//1061
f 1062//1062 1061//1061 1063//1063
f 1062//1062 1063//1063 1064//1064
f 1066//1066 1068//1068 1067//1067
f 1066//1066 1067//1067 1065//1065
f 1072//1072 1070//1070 1069//1069
f 1072//1072 1069//1069 1071//1071
f 1073//1073 1075//1075 1076//1076
f 1073//1073 1076//1076 1074//1074
f 1074//1074 1076//1076 1077//1077
f 1074//1074 1077//1077 1079//1079
f 1080//1080 1079//1079 1077//1077
f 1080//1080 1077//1077 1078//1078
f 1083//1083 1081//1081 1080//1080
f 1083//1083 1080//1080 1078//1078
f 1084//1084 1082//1082 1081//1081
f 1084//1084 1081//1081 1083//1083
f 1082//1082 1084//1084 1085//1085
f 1082//1082 1085//1085 1087//1087
f 1087//1087 1085//1085 1086//1086
f 1087//1087 1086//1086 1088//1088
f 1089//1089 1088//1088 1086//1086
f 1089//1089 1086//1086 1090//1090
f 1094//1094 1092//1092 1091//1091
f 1094//1094 1091//1091 1093//1093
f 1096//1096 1098//1098 1097//1097
f 1096//1096 1097//1097 1095//1095
f 1100//1100 1102//1102 1101//1101
f 1100//1100 1101//1101 1099//1099
f 1104//1104 1103//1103 1102//1102
f 1104//1104 1102//1102 1100//1100
f 1107//1107 1105//1105 1103//1103
f 1107//1107 1103//1103 1104//1104
f 1108//1108 1106//1106 1105//1105
f 1108//1108 1105//1105 1107//1107
f 1109//1109 1111//1111 1106//1106
f 1109//1109 1106//1106 1108//1108
f 1111//1111 1109//1109 1110//1110
f 1111//1111 1110//1110 1112//1112
f 1112//1112 1110//1110 1115//1115
f 1112//1112 1115//1115 1113//1113
f 1116//1116 1114//1114 1113//1113
f 1116//1116 1113//1113 1115//1115
f 1117//1117 1119//1119 1114//1114
f 1117//1117 1114//1114 1116//1116
f 1118//1118 1120//1120 1119//1119
f 1118//1118 1119//1119 1117//1117
f 1123//1123 1121//1121 1120//1120
f 1123//1123 1120//1120 1118//1118
f 1123//1123 1124//1124 1122//1122
f 1123//1123 1122//1122 1121//1121
f 1126//1126 1128//1128 1127//1127
f 1126//1126 1127//1127 1125//1125
f 1130//1130 1132//1132 1131//1131
f 1130//1130 1131//1131 1129//1129
f 1134//1134 1133//1133 1135//1135
f 1134//1134 1135//1135 1136//1136
f 1134//1134 1136//1136 1137//1137
f 1134//1134 1137//1137 1139//1139
f 1139//1139 1137//1137 1138//1138
f 1139//1139 1138//1138 1140//1140
f 1143//1143 1141//1141 1140//1140
f 1143//1143 1140//1140 1138//1138
f 1142//1142 1141//1141 1143//1143
f 1142//1142 1143//1143 1144//1144
f 1142//1142 1144//1144 1145//1145
f 1142//1142 1145//1145 1147//1147
f 1147//1147 1145//1145 1146//1146
f 1147//1147 1146//1146 1148//1148
f 1148//1148 1146//1146 1150//1150
f 1148//1148 1150//1150 1149//1149
f 1152//1152 1151//1151 1153//1153
f 1152//1152 1153//1153 1154//1154
f 1156//1156 1158//1158 1157//1157
f 1156//1156 1157//1157 1155//1155
f 1159//1159 1158//1158 1156//1156
f 1159//1159 1156//1156 1160//1160
f 1161//1161 1159//1159 1160//1160
f 1161//1161 1160//1160 1162//1162
f 1163//1163 1161//1161 1162//1162
f 1163//1163 1162//1162 1164//1164
f 1165//1165 1163//1163 1164//1164
f 1165//1165 1164//1164 1166//1166
f 1167//1167 1165//1165 1166//1166
f 1167//1167 1166//1166 1168//1168
f 1169//1169 1167//1167 1168//1168
f 1169//1169 1168//1168 1170//1170
f 1172//1172 1171//1171 1169//1169
f 1172//1172 1169//1169 1170//1170
f 1174//1174 1173//1173 1175//1175
f 1174//1174 1175//1175 1176//1176
f 1178//1178 1180//1180 1179//1179
f 1178//1178 1179//1179 1177//1177
f 1181//1181 1180//1180 1178//1178
f 1181//1181 1178//1178 1182//1182
f 1183//1183 1181//1181 1182//1182
f 1183//1183 1182//1182 1184//1184
f 1185//1185 1183//1183 1184//1184
f 1185//1185 1184//1184 1186//1186
f 1187//1187 1185//1185 1186//1186
f 1187//1187 1186//1186 1188//1188
f 1189//1189 1187//1187 1188//1188
f 1189//1189 1188//1188 1190//1190
f 1191//1191 1189//1189 1190//1190
f 1191//1191 1190//1190 1192//1192
f 1194//1194 1193//1193 1191//1191
f 1194//1194 1191//1191 1192//1192
f 1196//1196 1195//1195 1197//1197
f 1196//1196 1197//1197 1198//1198
f 1200//1200 1202//1202 1201//1201
f 1200//1200 1201//1201 1199//1199
f 1203//1203 1202//1202 1200//1200
f 1203//1203 1200//1200 1204//1204
f 1205//1205 1203//1203 1204//1204
f 1205//1205 1204//1204 1206//1206
f 1208//1208 1207//1207 1205//1205
f 1208//1208 1205//1205 1206//1206
f 1210//1210 1209//1209 1211//1211
f 1210//1210 1211//1211 1212//1212
f 1214//1214 1216//1216 1215//1215
f 1214//1214 1215//1215 1213//1213
f 1217//1217 1216//1216 1214//1214
f 1217//1217 1214//1214 1218//1218
f 1219//1219 1217//1217 1218//1218
f 1219//1219 1218//1218 1220//1220
f 1221//1221 1219//1219 1220//1220
f 1221//1221 1220//1220 1222//1222
f 1223//1223 1221//1221 1222//1222
f 1223//1223 1222//1222 1224//1224
f 1225//1225 1223//1223 1224//1224
f 1225//1225 1224//1224 1226//1226
f 1227//1227 1225//1225 1226//1226
f 1227//1227 1226//1226 1228//1228
f 1230//1230 1229//1229 1227//1227
f 1230//1230 1227//1227 1228//1228
f 1232//1232 1231//1231 1233//1233
f 1232//1232 1233//1233 1234//1234
f 1236//1236 1238//1238 1237//1237
f 1236//1236 1237//1237 1235//1235
f 1239//1239 1238//1238 1236//1236
f 1239//1239 1236//1236 1240//1240
f 1241//1241 1239//1239 1240//1240
f 1241//1241 1240//1240 1242//1242
f 1243//1243 1241//1241 1242//1242
f 1243//1243 1242//1242 1244//1244
f 1245//1245 1243//1243 1244//1244
f 1245//1245 1244//1244 1246//1246
f 1247//1247 1245//1245 1246//1246
f 1247//1247 1246//1246 1248//1248
f 1249//1249 1247//1247 1248//1248
f 1249//1249 1248//1248 1250//1250
f 1252//1252 1251//1251 1249//1249
f 1252//1252 1249//1249 1250//1250
f 1254//1254 1253//1253 1255//1255
f 1254//1254 1255//1255 1256//1256
f 1258//1258 1260//1260 1259//1259
f 1258//1258 1259//1259 1257//1257
f 1261//1261 1260//1260 1258//1258
f 1261//1261 1258//1258 1262//1262
f 1263//1263 1261//1261 1262//1262
f 1263//1263 1262//1262 1264//1264
f 1266//1266 1265//1265 1263//1263
f 1266//1266 1263//1263 1264//1264
f 1268//1268 1267//1267 1269//1269
f 1268//1268 1269//1269 1270//1270
f 1272//1272 1274//1274 1273//1273
f 1272//1272 1273//1273 1271//1271
f 1275//1275 1274//1274 1272//1272
f 1275//1275 1272//1272 1276//1276
f 1277//1277 1275//1275 1276//1276
f 1277//1277 1276//1276 1278//1278
f 1279//1279 1277//1277 1278//1278
f 1279//1279 1278//1278 1280//1280
f 1281//1281 1279//1279 1280//1280
f 1281//1281 1280//1280 1282//1282
f 1283//1283 1281//1281 1282//1282
f 1283//1283 1282//1282 1284//1284
f 1285//1285 1283//1283 1284//1284
f 1285//1285 1284//1284 1286//1286
f 1288//1288 1287//1287 1285//1285
f 1288//1288 1285//1285 1286//1286
f 1290//1290 1289//1289 1291//1291
f 1290//1290 1291//1291 1292//1292
f 1294//1294 1296//1296 1295//1295
f 1294//1294 1295//1295 1293//1293
f 1297//1297 1296//1296 1294//1294
f 1297//1297 1294//1294 1298//1298
f 1299//1299 1297//1297 1298//1298
f 1299//1299 1298//1298 1300//1300
f 1301//1301 1299//1299 1300//1300
f 1301//1301 1300//1300 1302//1302
f 1303//1303 1301//1301 1302//1302
f 1303//1303 1302//1302 1304//1304
f 1305//1305 1303//1303 1304//1304
f 1305//1305 1304//1304 1306//1306
f 1307//1307 1305//1305 1306//1306
f 1307//1307 1306//1306 1308//1308
f 1310//1310 1309//1309 1307//1307
f 1310//1310 1307//1307 1308//1308
f 1312//1312 1311//1311 1313//1313
f 1312//1312 1313//1313 1314//1314
f 1316//1316 1318//1318 1317//1317
f 1316//1316 1317//1317 1315//1315
f 1319//1319 1318//1318 1316//1316
f 1319//1319 1316//1316 1320//1320
f 1321//1321 1319//1319 1320//1320
f 1321//1321 1320//1320 1322//1322
f 1324//1324 1323//1323 1321//1321
f 1324//1324 1321//1321 1322//1322
f 1326//1326 1325//1325 1327//1327
f 1326//1326 1327//1327 1328//1328
f 1330//1330 1332//1332 1331//1331
f 1330//1330 1331//1331 1329//1329
f 1333//1333 1332//1332 1330//1330
f 1333//1333 1330//1330 1334//1334
f 1335//1335 1333//1333 1334//1334
f 1335//1335 1334//1334 1336//1336
f 1337//1337 1335//1335 1336//1336
f 1337//1337 1336//1336 1338//1338
f 1339//1339 1337//1337 1338//1338
f 1339//1339 1338//1338 1340//1340
f 1341//1341 1339//1339 1340//1340
f 1341//1341 1340//1340 1342//1342
f 1343//1343 1341//1341 1342//1342
f 1343//1343 1342//1342 1344//1344
f 1346//1346 1345//1345 1343//1343
f 1346//1346 1343//1343 1344//1344
f 1348//1348 1347//1347 1349//1349
f 1348//1348 1349//1349 1350//1350
f 1352//1352 1354//1354 1353//1353
f 1352//1352 1353//1353 1351//1351
f 1355//1355 1354//1354 1352//1352
f 1355//1355 1352//1352 1356//1356
f 1357//1357 1355//1355 1356//1356
f 1357//1357 1356//1356 1358//1358
f 1360//1360 1359//1359 1357//1357
f 1360//1360 1357//1357 1358//1358
f 1362//1362 1361//1361 1363//1363
f 1362//1362 1363//1363 1364//1364
f 1366//1366 1368//1368 1367//1367
f 1366//1366 1367//1367 1365//1365
f 1369//1369 1368//1368 1366//1366
f 1369//1369 1366//1366 1370//1370
f 1371//1371 1369//1369 1370//1370
f 1371//1371 1370//1370 1372//1372
f 1373//1373 1371//1371 1372//1372
f 1373//1373 1372//1372 1374//1374
f 1375//1375 1373//1373 1374//1374
f 1375//1375 1374//1374 1376//1376
f 1377//1377 1375//1375 1376//1376
f 1377//1377 1376//1376 1378//1378
f 1379//1379 1377//1377 1378//1378
f 1379//1379 1378//1378 1380//1380
f 1382//1382 1381//1381 1379//1379
f 1382//1382 1379//1379 1380//1380
f 1384//1384 1386//1386 1385//1385
f 1384//1384 1385//1385 1383//1383
f 1387//1387 1386//1386 1384//1384
f 1387//1387 1384//1384 1388//1388
f 1389//1389 1387//1387 1388//1388
f 1389//1389 1388//1388 1390//1390
f 1392//1392 1391//1391 1389//1389
f 1392//1392 1389//1389 1390//1390
f 1394//1394 1393//1393 1395//1395
f 1394//1394 1395//1395 1396//1396
f 1398//1398 1397//1397 1399//1399
f 1398//1398 1399//1399 1400//1400
f 1402//1402 1404//1404 1403//1403
f 1402//1402 1403//1403 1401//1401
f 1405//1405 1404//1404 1402//1402
f 1405//1405 1402//1402 1406//1406
f 1407//1407 1405//1405 1406//1406
f 1407//1407 1406//1406 1408//1408
f 1410//1410 1409//1409 1407//1407
f 1410//1410 1407//1407 1408//1408
f 1412//1412 1411//1411 1413//1413
f 1412//1412 1413//1413 1414//1414
f 1416//1416 1415//1415 1417//1417
f 1416//1416 1417//1417 1418//1418
f 1420//1420 1422//1422 1421//1421
f 1420//1420 1421//1421 1419//1419
f 1423//1423 1422//1422 1420//1420
f 1423//1423 1420//1420 1424//1424
f 1425//1425 1423//1423 1424//1424
f 1425//1425 1424//1424 1426//1426
f 1428//1428 1427//1427 1425//1425
f 1428//1428 1425//1425 1426//1426
f 1430//1430 1429//1429 1431//1431
f 1430//1430 1431//1431 1432//1432
f 1434//1434 1433//1433 1435//1435
f 1434//1434 1435//1435 1436//1436
f 1438//1438 1440//1440 1439//1439
f 1438//1438 1439//1439 1437//1437
f 1441//1441 1440//1440 1438//1438
f 1441//1441 1438//1438 1442//1442
f 1443//1443 1441//1441 1442//1442
f 1443//1443 1442//1442 1444//1444
f 1446//1446 1445//1445 1443//1443
f 1446//1446 1443//1443 1444//1444
f 1448//1448 1447//1447 1449//1449
f 1448//1448 1449//1449 1450//1450
f 1452//1452 1451//1451 1453//1453
f 1452//1452 1453//1453 1454//1454
f 1456//1456 1458//1458 1457//1457
f 1456//1456 1457//1457 1455//1455
f 1459//1459 1458//1458 1456//1456
f 1459//1459 1456//1456 1460//1460
f 1461//1461 1459//1459 1460//1460
f 1461//1461 1460//1460 1462//1462
f 1464//1464 1463//1463 1461//1461
f 1464//1464 1461//1461 1462//1462
f 1466//1466 1465//1465 1467//1467
f 1466//1466 1467//1467 1468//1468
f 1470//1470 1469//1469 1471//1471
f 1470//1470 1471//1471 1472//1472
f 1474//1474 1476//1476 1475//1475
f 1474//1474 1475//1475 1473//1473
f 1477//1477 1476//1476 1474//1474
f 1477//1477 1474//1474 1478//1478
f 1479//1479 1477//1477 1478//1478
f 1479//1479 1478//1478 1480//1480
f 1482//1482 1481//1481 1479//1479
f 1482//1482 1479//1479 1480//1480
f 1484//1484 1483//1483 1485//1485
f 1484//1484 1485//1485 1486//1486
f 1488//1488 1487//1487 1489//1489
f 1488//1488 1489//1489 1490//1490
f 1492//1492 1494//1494 1493//1493
f 1492//1492 1493//1493 1491//1491
f 1495//1495 1494//1494 1492//1492
f 1495//1495 1492//1492 1496//1496
f 1497//1497 1495//1495 1496//1496
f 1497//1497 1496//1496 1498//1498
f 1500//1500 1499//1499 1497//1497
f 1500//1500 1497//1497 1498//1498
f 1502//1502 1501//1501 1503//1503
f 1502//1502 1503//1503 1504//1504
f 1505//1505 1507//1507 1508//1508
f 1505//1505 1508//1508 1506//1506
f 1510//1510 1509//1509 1511//1511
f 1510//1510 1511//1511 1512//1512
f 1514//1514 1513//1513 1515//1515
f 1514//1514 1515//1515 1516//1516
f 1517//1517 1519//1519 1520//1520
f 1517//1517 1520//1520 1518//1518
f 1521//1521 1523//1523 1524//1524
f 1521//1521 1524//1524 1522//1522
f 1526//1526 1525//1525 1527//1527
f 1526//1526 1527//1527 1528//1528
f 1530//1530 1529//1529 1531//1531
f 1530//1530 1531//1531 1532//1532
f 1536//1536 1534//1534 1533//1533
f 1536//1536 1533//1533 1535//1535
f 1538//1538 1537//1537 1539//1539
f 1538//1538 1539//1539 1540//1540
f 1542//1542 1541//1541 1543//1543
f 1542//1542 1543//1543 1544//1544
f 1546//1546 1548//1548 1547//1547
f 1546//1546 1547//1547 1545//1545
f 1549//1549 1551//1551 1552//1552
f 1549//1549 1552//1552 1550//1550
f 1556//1556 1554//1554 1553//1553
f 1556//1556 1553//1553 1555//1555
f 1558//1558 1557//1557 1559//1559
f 1558//1558 1559//1559 1560//1560
f 1562//1562 1561//1561 1563//1563
f 1562//1562 1563//1563 1564//1564
f 1568//1568 1566//1566 1565//1565
f 1568//1568 1565//1565 1567//1567
f 1570//1570 1569//1569 1571//1571
f 1570//1570 1571//1571 1572//1572
f 1574//1574 1573//1573 1575//1575
f 1574//1574 1575//1575 1576//1576
f 1578//1578 1580//1580 1579//1579
f 1578//1578 1579//1579 1577//1577
f 1582//1582 1581//1581 1583//1583
f 1582//1582 1583//1583 1584//1584
f 1588//1588 1586//1586 1585//1585
f 1588//1588 1585//1585 1587//1587
f 1590//1590 1589//1589 1591//1591
f 1590//1590 1591//1591 1592//1592
f 1594//1594 1593//1593 1595//1595
f 1594//1594 1595//1595 1596//1596
f 1598//1598 1600//1600 1599//1599
f 1598//1598 1599//1599 1597//1597
f 1604//1604 1602//1602 1601//1601
f 1604//1604 1601//1601 1603//1603
f 1606//1606 1605//1605 1607//1607
f 1606//1606 1607//1607 1608//1608
f 1610//1610 1612//1612 1611//1611
f 1610//1610 1611//1611 1609//1609
f 1616//1616 1614//1614 1613//1613
f 1616//1616 1613//1613 1615//1615
f 1617//1617 1619//1619 1620//1620
f 1617//1617 1620//1620 1618//1618
f 1622//1622 1621//1621 1623//1623
f 1622//1622 1623//1623 1624//1624
f 1626//1626 1625//1625 1627//1627
f 1626//1626 1627//1627 1628//1628
f 1632//1632 1630//1630 1629//1629
f 1632//1632 1629//1629 1631//1631
f 1636//1636 1634//1634 1633//1633
f 1636//1636 1633//1633 1635//1635
f 1638//1638 1637//1637 1639//1639
f 1638//1638 1639//1639 1640//1640
f 1642//1642 1644//1644 1643//1643
f 1642//1642 1643//1643 1641//1641
f 1645//1645 1648//1648 1646//1646
f 1646//1646 1647//1647 1645//1645
f 1647//1647 1649//1649 1645//1645
f 1649//1649 1647//1647 1650//1650
f 1650//1650 1651//1651 1653//1653
f 1650//1650 1652//1652 1651//1651
f 1647//1647 1652//1652 1650//1650
f 1653//1653 1651//1651 1654//1654
f 1655//1655 1654//1654 1651//1651
f 1651//1651 1656//1656 1655//1655
f 1657//1657 1658//1658 1656//1656
f 1656//1656 1651//1651 1657//1657
f 1658//1658 1659//1659 1656//1656
f 1658//1658 1660//1660 1659//1659
f 1661//1661 1662//1662 1660//1660
f 1660//1660 1658//1658 1661//1661
f 1661//1661 1663//1663 1662//1662
f 1664//1664 1663//1663 1661//1661
f 1664//1664 1665//1665 1663//1663
f 1666//1666 1665//1665 1670//1670
f 1666//1666 1667//1667 1665//1665
f 1669//1669 1665//1665 1667//1667
f 1668//1668 1665//1665 1669//1669
f 1671//1671 1670//1670 1665//1665
f 1665//1665 1672//1672 1671//1671
f 1665//1665 1673//1673 1672//1672
f 1673//1673 1665//1665 1664//1664
f 1674//1674 1668//1668 1669//1669
f 1675//1675 1668//1668 1674//1674
f 1668//1668 1675//1675 1676//1676
f 1677//1677 1676//1676 1675//1675
f 1678//1678 1677//1677 1675//1675
f 1675//1675 1679//1679 1678//1678
f 1679//1679 1675//1675 1680//1680
f 1679//1679 1680//1680 1681//1681
f 1683//1683 1681//1681 1682//1682
f 1679//1679 1681//1681 1683//1683
f 1682//1682 1684//1684 1683//1683
f 1685//1685 1683//1683 1684//1684
f 1685//1685 1686//1686 1683//1683
f 1683//1683 1686//1686 1687//1687
f 1687//1687 1688//1688 1683//1683
f 1688//1688 1690//1690 1683//1683
f 1683//1683 1690//1690 1689//1689
f 1690//1690 1691//1691 1689//1689
f 1692//1692 1691//1691 1693//1693
f 1689//1689 1691//1691 1692//1692
f 1693//1693 1691//1691 1694//1694
f 1694//1694 1695//1695 1693//1693
f 1694//1694 1697//1697 1695//1695
f 1696//1696 1697//1697 1694//1694
f 1697//1697 1699//1699 1698//1698
f 1696//1696 1699//1699 1697//1697
f 1703//1703 1699//1699 1700//1700
f 1701//1701 1698//1698 1699//1699
f 1702//1702 1701//1701 1699//1699
f 1702//1702 1699//1699 1703//1703
f 1704//1704 1703//1703 1705//1705
f 1700//1700 1705//1705 1703//1703
f 1705//1705 1706//1706 1704//1704
f 1706//1706 1705//1705 1707//1707
f 1706//1706 1707//1707 1708//1708
f 1709//1709 1708//1708 1707//1707
f 1710//1710 1709//1709 1707//1707
f 1711//1711 1709//1709 1710//1710
f 1712//1712 1711//1711 1710//1710
f 1711//1711 1712//1712 1713//1713
f 1713//1713 1714//1714 1711//1711
f 1715//1715 1711//1711 1714//1714
f 1711//1711 1715//1715 1716//1716
f 1717//1717 1711//1711 1716//1716
f 1716//1716 1718//1718 1717//1717
f 1717//1717 1718//1718 1719//1719
f 1719//1719 1720//1720 1723//1723
f 1717//1717 1719//1719 1721//1721
f 1719//1719 1722//1722 1721//1721
f 1719//1719 1723//1723 1722//1722
f 1720//1720 1724//1724 1723//1723
f 1724//1724 1720//1720 1725//1725
f 1726//1726 1725//1725 1682//1682
f 1729//1729 1725//1725 1726//1726
f 1725//1725 1720//1720 1682//1682
f 1728//1728 1727//1727 1725//1725
f 1725//1725 1729//1729 1728//1728
f 1730//1730 1729//1729 1726//1726
f 1731//1731 1729//1729 1730//1730
f 1730//1730 1732//1732 1731//1731
f 1730//1730 1726//1726 1733//1733
f 1733//1733 1735//1735 1730//1730
f 1735//1735 1734//1734 1730//1730
f 1737//1737 1735//1735 1733//1733
f 1735//1735 1736//1736 1734//1734
f 1738//1738 1737//1737 1733//1733
f 1739//1739 1740//1740 1738//1738
f 1738//1738 1733//1733 1739//1739
f 1741//1741 1740//1740 1739//1739
f 1741//1741 1739//1739 1743//1743
f 1742//1742 1741//1741 1743//1743
f 1744//1744 1746//1746 1743//1743
f 1746//1746 1745//1745 1743//1743
f 1745//1745 1742//1742 1743//1743
f 1746//1746 1747//1747 1745//1745
f 1748//1748 1746//1746 1749//1749
f 1749//1749 1746//1746 1750//1750
f 1750//1750 1746//1746 1744//1744
f 1744//1744 1751//1751 1750//1750
f 1751//1751 1752//1752 1750//1750
f 1751//1751 1753//1753 1752//1752
f 1754//1754 1751//1751 1755//1755
f 1667//1667 1755//1755 1751//1751
f 1667//1667 1751//1751 1744//1744
f 1756//1756 1757//1757 1755//1755
f 1754//1754 1755//1755 1757//1757
f 1667//1667 1758//1758 1755//1755
f 1666//1666 1758//1758 1667//1667
f 1759//1759 1757//1757 1756//1756
f 1759//1759 1756//1756 1760//1760
f 1756//1756 1765//1765 1760//1760
f 1760//1760 1762//1762 1761//1761
f 1762//1762 1760//1760 1764//1764
f 1763//1763 1760//1760 1765//1765
f 1763//1763 1764//1764 1760//1760
f 1768//1768 1766//1766 1765//1765
f 1767//1767 1765//1765 1766//1766
f 1769//1769 1765//1765 1767//1767
f 1768//1768 1765//1765 1756//1756
f 1769//1769 1771//1771 1770//1770
f 1767//1767 1771//1771 1769//1769
f 1772//1772 1773//1773 1771//1771
f 1773//1773 1770//1770 1771//1771
f 1773//1773 1772//1772 1777//1777
f 1773//1773 1775//1775 1774//1774
f 1773//1773 1776//1776 1775//1775
f 1777//1777 1776//1776 1773//1773
f 1775//1775 1778//1778 1779//1779
f 1774//1774 1775//1775 1779//1779
f 1780//1780 1779//1779 1778//1778
f 1781//1781 1782//1782 1780//1780
f 1780//1780 1783//1783 1781//1781
f 1780//1780 1778//1778 1785//1785
f 1784//1784 1783//1783 1780//1780
f 1780//1780 1785//1785 1784//1784
f 1778//1778 1786//1786 1785//1785
f 1787//1787 1786//1786 1778//1778
f 1787//1787 1778//1778 1788//1788
f 1778//1778 1789//1789 1788//1788
f 1790//1790 1789//1789 1778//1778
f 1778//1778 1791//1791 1790//1790
f 1791//1791 1792//1792 1790//1790
f 1794//1794 1793//1793 1792//1792
f 1792//1792 1793//1793 1795//1795
f 1794//1794 1792//1792 1791//1791
f 1798//1798 1795//1795 1796//1796
f 1796//1796 1795//1795 1793//1793
f 1795//1795 1798//1798 1797//1797
f 1799//1799 1800//1800 1798//1798
f 1797//1797 1798//1798 1800//1800
f 1802//1802 1801//1801 1800//1800
f 1803//1803 1802//1802 1800//1800
f 1804//1804 1803//1803 1800//1800
f 1799//1799 1804//1804 1800//1800
f 1806//1806 1802//1802 1805//1805
f 1806//1806 1801//1801 1802//1802
f 1808//1808 1806//1806 1807//1807
f 1807//1807 1806//1806 1805//1805
f 1808//1808 1807//1807 1809//1809
f 1811//1811 1808//1808 1809//1809
f 1810//1810 1808//1808 1811//1811
f 1810//1810 1811//1811 1812//1812
f 1812//1812 1813//1813 1814//1814
f 1815//1815 1812//1812 1814//1814
f 1812//1812 1815//1815 1818//1818
f 1810//1810 1812//1812 1816//1816
f 1816//1816 1812//1812 1820//1820
f 1819//1819 1812//1812 1817//1817
f 1812//1812 1818//1818 1817//1817
f 1812//1812 1819//1819 1820//1820
f 1815//1815 1821//1821 1818//1818
f 1815//1815 1822//1822 1821//1821
f 1815//1815 1825//1825 1822//1822
f 1822//1822 1823//1823 1783//1783
f 1822//1822 1824//1824 1823//1823
f 1825//1825 1824//1824 1822//1822
f 1826//1826 1825//1825 1828//1828
f 1825//1825 1827//1827 1829//1829
f 1825//1825 1815//1815 1827//1827
f 1829//1829 1828//1828 1825//1825
f 1829//1829 1827//1827 1830//1830
f 1829//1829 1830//1830 1831//1831
f 1832//1832 1831//1831 1830//1830
f 1827//1827 1833//1833 1830//1830
f 1830//1830 1833//1833 1834//1834
f 1835//1835 1830//1830 1834//1834
f 1838//1838 1835//1835 1836//1836
f 1835//1835 1837//1837 1836//1836
f 1837//1837 1835//1835 1834//1834
f 1839//1839 1840//1840 1838//1838
f 1838//1838 1841//1841 1839//1839
f 1841//1841 1838//1838 1836//1836
f 1844//1844 1840//1840 1839//1839
f 1840//1840 1843//1843 1842//1842
f 1843//1843 1840//1840 1844//1844
f 1842//1842 1843//1843 1845//1845
f 1845//1845 1843//1843 1846//1846
f 1847//1847 1845//1845 1846//1846
f 1847//1847 1849//1849 1845//1845
f 1848//1848 1849//1849 1847//1847
f 1848//1848 1850//1850 1849//1849
f 1851//1851 1849//1849 1850//1850
f 1851//1851 1852//1852 1853//1853
f 1851//1851 1850//1850 1852//1852
f 1853//1853 1854//1854 1851//1851
f 1763//1763 1851//1851 1854//1854
f 1853//1853 1857//1857 1854//1854
f 1854//1854 1856//1856 1855//1855
f 1855//1855 1764//1764 1854//1854
f 1854//1854 1764//1764 1763//1763
f 1853//1853 1860//1860 1857//1857
f 1859//1859 1858//1858 1857//1857
f 1859//1859 1857//1857 1860//1860
f 1861//1861 1858//1858 1859//1859
f 1858//1858 1861//1861 1862//1862
f 1863//1863 1747//1747 1862//1862
f 1747//1747 1858//1858 1862//1862
f 1745//1745 1747//1747 1863//1863
f 1845//1845 1782//1782 1842//1842
f 1842//1842 1864//1864 1866//1866
f 1842//1842 1865//1865 1864//1864
f 1842//1842 1782//1782 1865//1865
f 1781//1781 1865//1865 1782//1782
f 1865//1865 1781//1781 1867//1867
f 1868//1868 1867//1867 1781//1781
f 1869//1869 1834//1834 1833//1833
f 1870//1870 1869//1869 1833//1833
f 1872//1872 1870//1870 1871//1871
f 1870//1870 1833//1833 1871//1871
f 1872//1872 1871//1871 1873//1873
f 1873//1873 1871//1871 1875//1875
f 1875//1875 1874//1874 1873//1873
f 1877//1877 1875//1875 1876//1876
f 1877//1877 1878//1878 1875//1875
f 1878//1878 1874//1874 1875//1875
f 1878//1878 1879//1879 1880//1880
f 1878//1878 1877//1877 1879//1879
f 1881//1881 1880//1880 1879//1879
f 1882//1882 1883//1883 1881//1881
f 1881//1881 1879//1879 1882//1882
f 1884//1884 1883//1883 1882//1882
f 1884//1884 1885//1885 1886//1886
f 1884//1884 1882//1882 1885//1885
f 1886//1886 1885//1885 1887//1887
f 1885//1885 1888//1888 1887//1887
f 1887//1887 1888//1888 1890//1890
f 1887//1887 1890//1890 1889//1889
f 1890//1890 1891//1891 1893//1893
f 1888//1888 1892//1892 1890//1890
f 1889//1889 1890//1890 1893//1893
f 1894//1894 1893//1893 1891//1891
f 1894//1894 1891//1891 1895//1895
f 1895//1895 1896//1896 1897//1897
f 1895//1895 1891//1891 1896//1896
f 1896//1896 1898//1898 1897//1897
f 1899//1899 1898//1898 1896//1896
f 1899//1899 1900//1900 1898//1898
f 1900//1900 1901//1901 1898//1898
f 1900//1900 1902//1902 1901//1901
f 1902//1902 1903//1903 1904//1904
f 1903//1903 1902//1902 1900//1900
f 1905//1905 1904//1904 1903//1903
f 1736//1736 1905//1905 1734//1734
f 1905//1905 1903//1903 1734//1734
f 1907//1907 1899//1899 1906//1906
f 1899//1899 1896//1896 1906//1906
f 1908//1908 1899//1899 1907//1907
f 1899//1899 1908//1908 1909//1909
f 1910//1910 1907//1907 1721//1721
f 1721//1721 1907//1907 1906//1906
f 1911//1911 1910//1910 1721//1721
f 1906//1906 1717//1717 1721//1721
f 1892//1892 1913//1913 1912//1912
f 1913//1913 1892//1892 1914//1914
f 1892//1892 1888//1888 1914//1914
f 1915//1915 1913//1913 1914//1914
f 1914//1914 1888//1888 1916//1916
f 1888//1888 1917//1917 1916//1916
f 1918//1918 1913//1913 1915//1915
f 1920//1920 1913//1913 1919//1919
f 1920//1920 1912//1912 1913//1913
f 1921//1921 1912//1912 1920//1920
f 1922//1922 1920//1920 1923//1923
f 1920//1920 1919//1919 1923//1923
f 1922//1922 1923//1923 1924//1924
f 1925//1925 1922//1922 1924//1924
f 1876//1876 1926//1926 1925//1925
f 1926//1926 1922//1922 1925//1925
f 1927//1927 1876//1876 1925//1925
f 1928//1928 1927//1927 1925//1925
f 1928//1928 1925//1925 1929//1929
f 1930//1930 1877//1877 1927//1927
f 1927//1927 1877//1877 1876//1876
f 1877//1877 1930//1930 1931//1931
f 1926//1926 1933//1933 1932//1932
f 1935//1935 1926//1926 1932//1932
f 1926//1926 1934//1934 1933//1933
f 1935//1935 1922//1922 1926//1926
f 1936//1936 1933//1933 1934//1934
f 1934//1934 1937//1937 1936//1936
f 1937//1937 1938//1938 1936//1936
f 1936//1936 1938//1938 1939//1939
f 1940//1940 1939//1939 1938//1938
f 1938//1938 1941//1941 1940//1940
f 1813//1813 1941//1941 1938//1938
f 1813//1813 1938//1938 1942//1942
f 1813//1813 1942//1942 1814//1814
f 1948//1948 1943//1943 1933//1933
f 1943//1943 1944//1944 1933//1933
f 1946//1946 1933//1933 1944//1944
f 1933//1933 1945//1945 1947//1947
f 1933//1933 1946//1946 1945//1945
f 1947//1947 1932//1932 1933//1933
f 1950//1950 1948//1948 1949//1949
f 1943//1943 1948//1948 1950//1950
f 1951//1951 1952//1952 1950//1950
f 1950//1950 1949//1949 1951//1951
f 1952//1952 1954//1954 1953//1953
f 1953//1953 1955//1955 1952//1952
f 1952//1952 1951//1951 1954//1954
f 1955//1955 1953//1953 1956//1956
f 1957//1957 1961//1961 1956//1956
f 1956//1956 1958//1958 1957//1957
f 1958//1958 1956//1956 1960//1960
f 1959//1959 1956//1956 1961//1961
f 1956//1956 1953//1953 1960//1960
f 1963//1963 1961//1961 1962//1962
f 1959//1959 1961//1961 1963//1963
f 1963//1963 1965//1965 1964//1964
f 1965//1965 1963//1963 1962//1962
f 1965//1965 1966//1966 1964//1964
f 1964//1964 1966//1966 1967//1967
f 1967//1967 1968//1968 1969//1969
f 1969//1969 1964//1964 1967//1967
f 1968//1968 1970//1970 1969//1969
f 1968//1968 1971//1971 1970//1970
f 1971//1971 1968//1968 1972//1972
f 1968//1968 1973//1973 1972//1972
f 1974//1974 1973//1973 1968//1968
f 1974//1974 1968//1968 1912//1912
f 1974//1974 1912//1912 1921//1921
f 1976//1976 1968//1968 1975//1975
f 1968//1968 1976//1976 1912//1912
f 1977//1977 1976//1976 1975//1975
f 1975//1975 1978//1978 1977//1977
f 1978//1978 1979//1979 1983//1983
f 1979//1979 1978//1978 1975//1975
f 1980//1980 1978//1978 1981//1981
f 1978//1978 1982//1982 1981//1981
f 1983//1983 1982//1982 1978//1978
f 1711//1711 1984//1984 1981//1981
f 1984//1984 1980//1980 1981//1981
f 1984//1984 1711//1711 1717//1717
f 1783//1783 1823//1823 1985//1985
f 1783//1783 1985//1985 1781//1781
f 1767//1767 1766//1766 1986//1986
f 1986//1986 1987//1987 1767//1767
f 1988//1988 1767//1767 1987//1987
f 1767//1767 1988//1988 1989//1989
f 1767//1767 1989//1989 1990//1990
f 1990//1990 1991//1991 1767//1767
f 1990//1990 1646//1646 1991//1991
f 1991//1991 1646//1646 1648//1648
f 1682//1682 1720//1720 1992//1992
f 1684//1684 1682//1682 1992//1992
