# core_hub_15 exported from /models/mainboards/core_hub_15.glb
# units: meters
v -0.032588 -0.001000 0.039994
v -0.032588 0.001000 0.039994
v -0.032588 0.001000 0.039994
v -0.032712 0.001000 0.041344
v -0.033109 0.001000 0.042725
v -0.033798 0.001000 0.044055
v -0.034762 0.001000 0.045241
v -0.035949 0.001000 0.046205
v -0.037278 0.001000 0.046894
v -0.038659 0.001000 0.047291
v -0.040010 0.001000 0.047415
v -0.041360 0.001000 0.047291
v -0.042741 0.001000 0.046894
v -0.044071 0.001000 0.046205
v -0.045257 0.001000 0.045241
v -0.046221 0.001000 0.044055
v -0.046910 0.001000 0.042725
v -0.047307 0.001000 0.041344
v -0.047431 0.001000 0.039994
v -0.047307 0.001000 0.038643
v -0.046910 0.001000 0.037262
v -0.046221 0.001000 0.035933
v -0.045257 0.001000 0.034746
v -0.044071 0.001000 0.033782
v -0.042741 0.001000 0.033093
v -0.041360 0.001000 0.032696
v -0.040010 0.001000 0.032572
v -0.038659 0.001000 0.032696
v -0.037278 0.001000 0.033093
v -0.035949 0.001000 0.033782
v -0.034762 0.001000 0.034746
v -0.033798 0.001000 0.035933
v -0.033109 0.001000 0.037262
v -0.032712 0.001000 0.038643
v -0.032588 -0.001000 0.039994
v -0.032712 -0.001000 0.038643
v -0.033109 -0.001000 0.037262
v -0.033798 -0.001000 0.035933
v -0.034762 -0.001000 0.034746
v -0.035949 -0.001000 0.033782
v -0.037278 -0.001000 0.033093
v -0.038659 -0.001000 0.032696
v -0.040010 -0.001000 0.032572
v -0.041360 -0.001000 0.032696
v -0.042741 -0.001000 0.033093
v -0.044071 -0.001000 0.033782
v -0.045257 -0.001000 0.034746
v -0.046221 -0.001000 0.035933
v -0.046910 -0.001000 0.037262
v -0.047307 -0.001000 0.038643
v -0.047431 -0.001000 0.039994
v -0.047307 -0.001000 0.041344
v -0.046910 -0.001000 0.042725
v -0.046221 -0.001000 0.044055
v -0.045257 -0.001000 0.045241
v -0.044071 -0.001000 0.046205
v -0.042741 -0.001000 0.046894
v -0.041360 -0.001000 0.047291
v -0.040010 -0.001000 0.047415
v -0.038659 -0.001000 0.047291
v -0.037278 -0.001000 0.046894
v -0.035949 -0.001000 0.046205
v -0.034762 -0.001000 0.045241
v -0.033798 -0.001000 0.044055
v -0.033109 -0.001000 0.042725
v -0.032712 -0.001000 0.041344
v 0.039989 -0.001000 0.032572
v 0.039989 0.001000 0.032572
v 0.039989 0.001000 0.032572
v 0.041340 0.001000 0.032696
v 0.042721 0.001000 0.033093
v 0.044051 0.001000 0.033782
v 0.045237 0.001000 0.034746
v 0.046201 0.001000 0.035933
v 0.046890 0.001000 0.037262
v 0.047287 0.001000 0.038643
v 0.047411 0.001000 0.039994
v 0.047287 0.001000 0.041344
v 0.046890 0.001000 0.042725
v 0.046201 0.001000 0.044055
v 0.045237 0.001000 0.045241
v 0.044051 0.001000 0.046205
v 0.042721 0.001000 0.046894
v 0.041340 0.001000 0.047291
v 0.039989 0.001000 0.047415
v 0.038639 0.001000 0.047291
v 0.037258 0.001000 0.046894
v 0.035928 0.001000 0.046205
v 0.034742 0.001000 0.045241
v 0.033778 0.001000 0.044055
v 0.033089 0.001000 0.042725
v 0.032692 0.001000 0.041344
v 0.032568 0.001000 0.039994
v 0.032692 0.001000 0.038643
v 0.033089 0.001000 0.037262
v 0.033778 0.001000 0.035933
v 0.034742 0.001000 0.034746
v 0.035928 0.001000 0.033782
v 0.037258 0.001000 0.033093
v 0.038639 0.001000 0.032696
v 0.039989 -0.001000 0.032572
v 0.038639 -0.001000 0.032696
v 0.037258 -0.001000 0.033093
v 0.035928 -0.001000 0.033782
v 0.034742 -0.001000 0.034746
v 0.033778 -0.001000 0.035933
v 0.033089 -0.001000 0.037262
v 0.032692 -0.001000 0.038643
v 0.032568 -0.001000 0.039994
v 0.032692 -0.001000 0.041344
v 0.033089 -0.001000 0.042725
v 0.033778 -0.001000 0.044055
v 0.034742 -0.001000 0.045241
v 0.035928 -0.001000 0.046205
v 0.037258 -0.001000 0.046894
v 0.038639 -0.001000 0.047291
v 0.039989 -0.001000 0.047415
v 0.041340 -0.001000 0.047291
v 0.042721 -0.001000 0.046894
v 0.044051 -0.001000 0.046205
v 0.045237 -0.001000 0.045241
v 0.046201 -0.001000 0.044055
v 0.046890 -0.001000 0.042725
v 0.047287 -0.001000 0.041344
v 0.047411 -0.001000 0.039994
v 0.047287 -0.001000 0.038643
v 0.046890 -0.001000 0.037262
v 0.046201 -0.001000 0.035933
v 0.045237 -0.001000 0.034746
v 0.044051 -0.001000 0.033782
v 0.042721 -0.001000 0.033093
v 0.041340 -0.001000 0.032696
v 0.032568 -0.001000 -0.040006
v 0.032568 0.001000 -0.040006
v 0.032568 0.001000 -0.040006
v 0.032692 0.001000 -0.041356
v 0.033089 0.001000 -0.042737
v 0.033778 0.001000 -0.044067
v 0.034742 0.001000 -0.045253
v 0.035928 0.001000 -0.046217
v 0.037258 0.001000 -0.046906
v 0.038639 0.001000 -0.047303
v 0.039989 0.001000 -0.047427
v 0.041340 0.001000 -0.047303
v 0.042721 0.001000 -0.046906
v 0.044051 0.001000 -0.046217
v 0.045237 0.001000 -0.045253
v 0.046201 0.001000 -0.044067
v 0.046890 0.001000 -0.042737
v 0.047287 0.001000 -0.041356
v 0.047411 0.001000 -0.040006
v 0.047287 0.001000 -0.038655
v 0.046890 0.001000 -0.037274
v 0.046201 0.001000 -0.035944
v 0.045237 0.001000 -0.034758
v 0.044051 0.001000 -0.033794
v 0.042721 0.001000 -0.033105
v 0.041340 0.001000 -0.032708
v 0.039989 0.001000 -0.032584
v 0.038639 0.001000 -0.032708
v 0.037258 0.001000 -0.033105
v 0.035928 0.001000 -0.033794
v 0.034742 0.001000 -0.034758
v 0.033778 0.001000 -0.035944
v 0.033089 0.001000 -0.037274
v 0.032692 0.001000 -0.038655
v 0.032568 -0.001000 -0.040006
v 0.032692 -0.001000 -0.038655
v 0.033089 -0.001000 -0.037274
v 0.033778 -0.001000 -0.035944
v 0.034742 -0.001000 -0.034758
v 0.035928 -0.001000 -0.033794
v 0.037258 -0.001000 -0.033105
v 0.038639 -0.001000 -0.032708
v 0.039989 -0.001000 -0.032584
v 0.041340 -0.001000 -0.032708
v 0.042721 -0.001000 -0.033105
v 0.044051 -0.001000 -0.033794
v 0.045237 -0.001000 -0.034758
v 0.046201 -0.001000 -0.035944
v 0.046890 -0.001000 -0.037274
v 0.047287 -0.001000 -0.038655
v 0.047411 -0.001000 -0.040006
v 0.047287 -0.001000 -0.041356
v 0.046890 -0.001000 -0.042737
v 0.046201 -0.001000 -0.044067
v 0.045237 -0.001000 -0.045253
v 0.044051 -0.001000 -0.046217
v 0.042721 -0.001000 -0.046906
v 0.041340 -0.001000 -0.047303
v 0.039989 -0.001000 -0.047427
v 0.038639 -0.001000 -0.047303
v 0.037258 -0.001000 -0.046906
v 0.035928 -0.001000 -0.046217
v 0.034742 -0.001000 -0.045253
v 0.033778 -0.001000 -0.044067
v 0.033089 -0.001000 -0.042737
v 0.032692 -0.001000 -0.041356
v -0.040010 -0.001000 -0.032584
v -0.040010 0.001000 -0.032584
v -0.040010 0.001000 -0.032584
v -0.041360 0.001000 -0.032708
v -0.042741 0.001000 -0.033105
v -0.044071 0.001000 -0.033794
v -0.045257 0.001000 -0.034758
v -0.046221 0.001000 -0.035944
v -0.046910 0.001000 -0.037274
v -0.047307 0.001000 -0.038655
v -0.047431 0.001000 -0.040006
v -0.047307 0.001000 -0.041356
v -0.046910 0.001000 -0.042737
v -0.046221 0.001000 -0.044067
v -0.045257 0.001000 -0.045253
v -0.044071 0.001000 -0.046217
v -0.042741 0.001000 -0.046906
v -0.041360 0.001000 -0.047303
v -0.040010 0.001000 -0.047427
v -0.038659 0.001000 -0.047303
v -0.037278 0.001000 -0.046906
v -0.035949 0.001000 -0.046217
v -0.034762 0.001000 -0.045253
v -0.033798 0.001000 -0.044067
v -0.033109 0.001000 -0.042737
v -0.032712 0.001000 -0.041356
v -0.032588 0.001000 -0.040006
v -0.032712 0.001000 -0.038655
v -0.033109 0.001000 -0.037274
v -0.033798 0.001000 -0.035944
v -0.034762 0.001000 -0.034758
v -0.035949 0.001000 -0.033794
v -0.037278 0.001000 -0.033105
v -0.038659 0.001000 -0.032708
v -0.040010 -0.001000 -0.032584
v -0.038659 -0.001000 -0.032708
v -0.037278 -0.001000 -0.033105
v -0.035949 -0.001000 -0.033794
v -0.034762 -0.001000 -0.034758
v -0.033798 -0.001000 -0.035944
v -0.033109 -0.001000 -0.037274
v -0.032712 -0.001000 -0.038655
v -0.032588 -0.001000 -0.040006
v -0.032712 -0.001000 -0.041356
v -0.033109 -0.001000 -0.042737
v -0.033798 -0.001000 -0.044067
v -0.034762 -0.001000 -0.045253
v -0.035949 -0.001000 -0.046217
v -0.037278 -0.001000 -0.046906
v -0.038659 -0.001000 -0.047303
v -0.040010 -0.001000 -0.047427
v -0.041360 -0.001000 -0.047303
v -0.042741 -0.001000 -0.046906
v -0.044071 -0.001000 -0.046217
v -0.045257 -0.001000 -0.045253
v -0.046221 -0.001000 -0.044067
v -0.046910 -0.001000 -0.042737
v -0.047307 -0.001000 -0.041356
v -0.047431 -0.001000 -0.040006
v -0.047307 -0.001000 -0.038655
v -0.046910 -0.001000 -0.037274
v -0.046221 -0.001000 -0.035944
v -0.045257 -0.001000 -0.034758
v -0.044071 -0.001000 -0.033794
v -0.042741 -0.001000 -0.033105
v -0.041360 -0.001000 -0.032708
v -0.020220 0.001000 0.013139
v -0.020220 -0.001000 0.013139
v -0.016445 0.001000 0.001753
v -0.016445 -0.001000 0.001753
v -0.016445 0.001000 0.001753
v -0.016445 -0.001000 0.001753
v -0.016445 -0.001000 -0.001765
v -0.016233 -0.001000 -0.000903
v -0.016161 -0.001000 -0.000006
v -0.016233 -0.001000 0.000891
v -0.016233 0.001000 0.000891
v -0.016161 0.001000 -0.000006
v -0.016233 0.001000 -0.000903
v -0.016445 0.001000 -0.001765
v -0.016445 0.000000 -0.001765
v -0.016445 0.001000 -0.001765
v -0.016445 -0.001000 -0.001765
v -0.020220 0.001000 -0.013151
v -0.020220 -0.001000 -0.013151
v -0.016445 0.000000 -0.001765
v -0.020220 0.001000 -0.013151
v -0.020220 -0.001000 -0.013151
v -0.018867 0.001000 -0.018863
v -0.013156 0.001000 -0.020216
v -0.013156 -0.001000 -0.020216
v -0.013878 -0.001000 -0.020403
v -0.014640 -0.001000 -0.020493
v -0.015423 -0.001000 -0.020477
v -0.016203 -0.001000 -0.020350
v -0.016958 -0.001000 -0.020113
v -0.017665 -0.001000 -0.019777
v -0.018306 -0.001000 -0.019354
v -0.018867 -0.001000 -0.018863
v -0.019358 -0.001000 -0.018301
v -0.019781 -0.001000 -0.017661
v -0.020117 -0.001000 -0.016954
v -0.020354 -0.001000 -0.016199
v -0.020481 -0.001000 -0.015419
v -0.020497 -0.001000 -0.014636
v -0.020407 -0.001000 -0.013874
v -0.020407 0.001000 -0.013874
v -0.020497 0.001000 -0.014636
v -0.020481 0.001000 -0.015419
v -0.020354 0.001000 -0.016199
v -0.020117 0.001000 -0.016954
v -0.019781 0.001000 -0.017661
v -0.019358 0.001000 -0.018301
v -0.018306 0.001000 -0.019354
v -0.017665 0.001000 -0.019777
v -0.016958 0.001000 -0.020113
v -0.016203 0.001000 -0.020350
v -0.015423 0.001000 -0.020477
v -0.014640 0.001000 -0.020493
v -0.013878 0.001000 -0.020403
v -0.013156 0.001000 -0.020216
v -0.013156 -0.001000 -0.020216
v -0.001769 0.001000 -0.016441
v -0.001769 -0.001000 -0.016441
v -0.001769 0.001000 -0.016441
v -0.001769 -0.001000 -0.016441
v 0.001749 -0.001000 -0.016441
v 0.000887 -0.001000 -0.016229
v -0.000010 -0.001000 -0.016157
v -0.000907 -0.001000 -0.016229
v -0.000907 0.001000 -0.016229
v -0.000010 0.001000 -0.016157
v 0.000887 0.001000 -0.016229
v 0.001749 0.001000 -0.016441
v 0.001749 0.000000 -0.016441
v 0.001749 0.001000 -0.016441
v 0.001749 -0.001000 -0.016441
v 0.013135 0.001000 -0.020216
v 0.001749 0.000000 -0.016441
v 0.013135 -0.001000 -0.020216
v 0.013135 0.001000 -0.020216
v 0.013135 -0.001000 -0.020216
v 0.018847 0.001000 -0.018863
v 0.018847 -0.001000 -0.018863
v 0.020200 0.001000 -0.013151
v 0.020200 -0.001000 -0.013151
v 0.020387 -0.001000 -0.013874
v 0.020477 -0.001000 -0.014636
v 0.020461 -0.001000 -0.015419
v 0.020333 -0.001000 -0.016199
v 0.020097 -0.001000 -0.016954
v 0.019761 -0.001000 -0.017661
v 0.019338 -0.001000 -0.018301
v 0.018285 -0.001000 -0.019354
v 0.017645 -0.001000 -0.019777
v 0.016938 -0.001000 -0.020113
v 0.016183 -0.001000 -0.020350
v 0.015403 -0.001000 -0.020477
v 0.014620 -0.001000 -0.020493
v 0.013857 -0.001000 -0.020403
v 0.013857 0.001000 -0.020403
v 0.014620 0.001000 -0.020493
v 0.015403 0.001000 -0.020477
v 0.016183 0.001000 -0.020350
v 0.016938 0.001000 -0.020113
v 0.017645 0.001000 -0.019777
v 0.018285 0.001000 -0.019354
v 0.019338 0.001000 -0.018301
v 0.019761 0.001000 -0.017661
v 0.020097 0.001000 -0.016954
v 0.020333 0.001000 -0.016199
v 0.020461 0.001000 -0.015419
v 0.020477 0.001000 -0.014636
v 0.020387 0.001000 -0.013874
v 0.020200 0.001000 -0.013151
v 0.020200 -0.001000 -0.013151
v 0.016425 0.001000 -0.001765
v 0.016425 -0.001000 -0.001765
v 0.016425 0.001000 -0.001765
v 0.016425 -0.001000 -0.001765
v 0.016425 0.001000 0.001753
v 0.016425 -0.001000 0.001753
v 0.016213 -0.001000 0.000891
v 0.016141 -0.001000 -0.000006
v 0.016213 -0.001000 -0.000903
v 0.016213 0.001000 -0.000903
v 0.016141 0.001000 -0.000006
v 0.016213 0.001000 0.000891
v 0.016425 0.001000 0.001753
v 0.016425 -0.001000 0.001753
v 0.020200 0.001000 0.013139
v 0.020200 -0.001000 0.013139
v 0.020200 0.001000 0.013139
v 0.020200 -0.001000 0.013139
v 0.018847 0.001000 0.018851
v 0.018847 -0.001000 0.018851
v 0.013135 0.001000 0.020204
v 0.013135 -0.001000 0.020204
v 0.013857 -0.001000 0.020391
v 0.014620 -0.001000 0.020481
v 0.015403 -0.001000 0.020465
v 0.016183 -0.001000 0.020338
v 0.016938 -0.001000 0.020101
v 0.017645 -0.001000 0.019765
v 0.018285 -0.001000 0.019342
v 0.019338 -0.001000 0.018289
v 0.019761 -0.001000 0.017649
v 0.020097 -0.001000 0.016942
v 0.020333 -0.001000 0.016187
v 0.020461 -0.001000 0.015407
v 0.020477 -0.001000 0.014624
v 0.020387 -0.001000 0.013862
v 0.020387 0.001000 0.013862
v 0.020477 0.001000 0.014624
v 0.020461 0.001000 0.015407
v 0.020333 0.001000 0.016187
v 0.020097 0.001000 0.016942
v 0.019761 0.001000 0.017649
v 0.019338 0.001000 0.018289
v 0.018285 0.001000 0.019342
v 0.017645 0.001000 0.019765
v 0.016938 0.001000 0.020101
v 0.016183 0.001000 0.020338
v 0.015403 0.001000 0.020465
v 0.014620 0.001000 0.020481
v 0.013857 0.001000 0.020391
v 0.013135 0.001000 0.020204
v 0.013135 -0.001000 0.020204
v 0.001749 0.001000 0.016429
v 0.001749 -0.001000 0.016429
v 0.001749 0.001000 0.016429
v 0.001749 -0.001000 0.016429
v -0.001769 0.001000 0.016429
v -0.001769 -0.001000 0.016429
v -0.000907 -0.001000 0.016217
v -0.000010 -0.001000 0.016145
v 0.000887 -0.001000 0.016217
v 0.000887 0.001000 0.016217
v -0.000010 0.001000 0.016145
v -0.000907 0.001000 0.016217
v -0.001769 0.001000 0.016429
v -0.001769 -0.001000 0.016429
v -0.013156 0.001000 0.020204
v -0.013156 -0.001000 0.020204
v -0.013156 0.001000 0.020204
v -0.013156 -0.001000 0.020204
v -0.018867 0.001000 0.018851
v -0.020220 0.001000 0.013139
v -0.020220 -0.001000 0.013139
v -0.020407 -0.001000 0.013862
v -0.020497 -0.001000 0.014624
v -0.020481 -0.001000 0.015407
v -0.020354 -0.001000 0.016187
v -0.020117 -0.001000 0.016942
v -0.019781 -0.001000 0.017649
v -0.019358 -0.001000 0.018289
v -0.018867 -0.001000 0.018851
v -0.018306 -0.001000 0.019342
v -0.017665 -0.001000 0.019765
v -0.016958 -0.001000 0.020101
v -0.016203 -0.001000 0.020338
v -0.015423 -0.001000 0.020465
v -0.014640 -0.001000 0.020481
v -0.013878 -0.001000 0.020391
v -0.013878 0.001000 0.020391
v -0.014640 0.001000 0.020481
v -0.015423 0.001000 0.020465
v -0.016203 0.001000 0.020338
v -0.016958 0.001000 0.020101
v -0.017665 0.001000 0.019765
v -0.018306 0.001000 0.019342
v -0.019358 0.001000 0.018289
v -0.019781 0.001000 0.017649
v -0.020117 0.001000 0.016942
v -0.020354 0.001000 0.016187
v -0.020481 0.001000 0.015407
v -0.020497 0.001000 0.014624
v -0.020407 0.001000 0.013862
v -0.039640 -0.001000 0.069322
v -0.040055 -0.001000 0.068670
v -0.039882 0.001000 0.067918
v -0.039882 -0.001000 0.067918
v -0.040044 -0.001000 0.068277
v -0.039913 -0.001000 0.069038
v -0.039640 0.000000 0.069322
v -0.039640 0.001000 0.069322
v -0.039913 0.001000 0.069038
v -0.040055 0.001000 0.068670
v -0.040044 0.001000 0.068277
v -0.039882 0.001000 0.067918
v -0.039882 -0.001000 0.067918
v -0.039299 0.001000 0.067105
v -0.039299 -0.001000 0.067105
v -0.039299 -0.001000 0.067105
v -0.037916 0.001000 0.066867
v -0.037916 -0.001000 0.066867
v -0.038255 -0.001000 0.066715
v -0.038657 -0.001000 0.066702
v -0.039031 -0.001000 0.066849
v -0.037916 0.000000 0.066867
v -0.039299 0.001000 0.067105
v -0.039031 0.001000 0.066849
v -0.038657 0.001000 0.066702
v -0.038255 0.001000 0.066715
v -0.037916 -0.001000 0.066867
v -0.028546 -0.001000 0.071880
v -0.021766 -0.001000 0.063527
v -0.024457 0.001000 0.035100
v -0.037916 0.000000 0.066867
v -0.024457 -0.001000 0.035100
v -0.024844 -0.001000 0.035036
v -0.025225 -0.001000 0.035125
v -0.025543 -0.001000 0.035354
v -0.025749 -0.001000 0.035688
v -0.026253 -0.001000 0.037072
v -0.026738 -0.001000 0.038463
v -0.027014 -0.001000 0.039289
v -0.027281 -0.001000 0.040118
v -0.027538 -0.001000 0.040951
v -0.027782 -0.001000 0.041787
v -0.028180 -0.001000 0.043276
v -0.028522 -0.001000 0.044779
v -0.028770 -0.001000 0.046139
v -0.028947 -0.001000 0.047509
v -0.029034 -0.001000 0.048782
v -0.029034 -0.001000 0.050058
v -0.028945 -0.001000 0.051271
v -0.028756 -0.001000 0.052471
v -0.028473 -0.001000 0.053603
v -0.028092 -0.001000 0.054707
v -0.027622 -0.001000 0.055776
v -0.027068 -0.001000 0.056805
v -0.026461 -0.001000 0.057758
v -0.025800 -0.001000 0.058674
v -0.025125 -0.001000 0.059532
v -0.024427 -0.001000 0.060371
v -0.023712 -0.001000 0.061206
v -0.022995 -0.001000 0.062039
v -0.022373 -0.001000 0.062776
v -0.021245 -0.001000 0.064220
v -0.020757 -0.001000 0.064937
v -0.020046 -0.001000 0.066236
v -0.019650 -0.001000 0.067442
v -0.019567 -0.001000 0.068610
v -0.019820 -0.001000 0.069857
v -0.020421 -0.001000 0.071004
v -0.021369 -0.001000 0.071900
v -0.022832 -0.001000 0.072503
v -0.023982 -0.001000 0.072655
v -0.025145 -0.001000 0.072627
v -0.026698 -0.001000 0.072391
v -0.027629 -0.001000 0.072161
v -0.029713 -0.001000 0.071455
v -0.030856 -0.001000 0.070972
v -0.031978 -0.001000 0.070440
v -0.033081 -0.001000 0.069867
v -0.034322 -0.001000 0.069170
v -0.035540 -0.001000 0.068434
v -0.036738 -0.001000 0.067665
v -0.037916 0.001000 0.066867
v -0.036738 0.001000 0.067665
v -0.035540 0.001000 0.068434
v -0.034322 0.001000 0.069170
v -0.033081 0.001000 0.069867
v -0.031978 0.001000 0.070440
v -0.030856 0.001000 0.070972
v -0.029713 0.001000 0.071455
v -0.028546 0.001000 0.071880
v -0.027629 0.001000 0.072161
v -0.026698 0.001000 0.072391
v -0.025145 0.001000 0.072627
v -0.023982 0.001000 0.072655
v -0.022832 0.001000 0.072503
v -0.021369 0.001000 0.071900
v -0.020421 0.001000 0.071004
v -0.019820 0.001000 0.069857
v -0.019567 0.001000 0.068610
v -0.019650 0.001000 0.067442
v -0.020046 0.001000 0.066236
v -0.020757 0.001000 0.064937
v -0.021245 0.001000 0.064220
v -0.021766 0.001000 0.063527
v -0.022373 0.001000 0.062776
v -0.022995 0.001000 0.062039
v -0.023712 0.001000 0.061206
v -0.024427 0.001000 0.060371
v -0.025125 0.001000 0.059532
v -0.025800 0.001000 0.058674
v -0.026461 0.001000 0.057758
v -0.027068 0.001000 0.056805
v -0.027622 0.001000 0.055776
v -0.028092 0.001000 0.054707
v -0.028473 0.001000 0.053603
v -0.028756 0.001000 0.052471
v -0.028945 0.001000 0.051271
v -0.029034 0.001000 0.050058
v -0.029034 0.001000 0.048782
v -0.028947 0.001000 0.047509
v -0.028770 0.001000 0.046139
v -0.028522 0.001000 0.044779
v -0.028180 0.001000 0.043276
v -0.027782 0.001000 0.041787
v -0.027538 0.001000 0.040951
v -0.027281 0.001000 0.040118
v -0.027014 0.001000 0.039289
v -0.026738 0.001000 0.038463
v -0.026253 0.001000 0.037072
v -0.025749 0.001000 0.035688
v -0.025543 0.001000 0.035354
v -0.025225 0.001000 0.035125
v -0.024844 0.001000 0.035036
v -0.024457 0.001000 0.035100
v -0.024457 -0.001000 0.035100
v -0.023522 -0.001000 0.035454
v -0.023522 0.001000 0.035454
v -0.023522 -0.001000 0.035454
v -0.022938 0.001000 0.036737
v -0.022938 -0.001000 0.036737
v -0.022876 -0.001000 0.036369
v -0.022966 -0.001000 0.035975
v -0.023204 -0.001000 0.035649
v -0.022938 0.000000 0.036737
v -0.023522 0.001000 0.035454
v -0.023204 0.001000 0.035649
v -0.022966 0.001000 0.035975
v -0.022876 0.001000 0.036369
v -0.022938 0.001000 0.036737
v -0.039640 0.001000 0.069322
v -0.039640 -0.001000 0.069322
v -0.039640 0.000000 0.069322
v -0.022938 -0.001000 0.036737
v -0.022938 0.000000 0.036737
v -0.036635 -0.001000 0.071285
v -0.033872 -0.001000 0.072845
v -0.031343 -0.001000 0.074031
v -0.029041 -0.001000 0.074873
v -0.026959 -0.001000 0.075399
v -0.025091 -0.001000 0.075640
v -0.021965 -0.001000 0.075380
v -0.019607 -0.001000 0.074329
v -0.017960 -0.001000 0.072720
v -0.016967 -0.001000 0.070788
v -0.016571 -0.001000 0.068768
v -0.016716 -0.001000 0.066819
v -0.017313 -0.001000 0.064997
v -0.018258 -0.001000 0.063275
v -0.019443 -0.001000 0.061628
v -0.020763 -0.001000 0.060033
v -0.022112 -0.001000 0.058463
v -0.023383 -0.001000 0.056893
v -0.024472 -0.001000 0.055300
v -0.025787 -0.001000 0.052006
v -0.026029 -0.001000 0.050156
v -0.025988 -0.001000 0.048099
v -0.025662 -0.001000 0.045782
v -0.025048 -0.001000 0.043152
v -0.024141 -0.001000 0.040155
v -0.024141 0.001000 0.040155
v -0.025048 0.001000 0.043152
v -0.025662 0.001000 0.045782
v -0.025988 0.001000 0.048099
v -0.026029 0.001000 0.050156
v -0.025787 0.001000 0.052006
v -0.024472 0.001000 0.055300
v -0.023383 0.001000 0.056893
v -0.022112 0.001000 0.058463
v -0.020763 0.001000 0.060033
v -0.019443 0.001000 0.061628
v -0.018258 0.001000 0.063275
v -0.017313 0.001000 0.064997
v -0.016716 0.001000 0.066819
v -0.016571 0.001000 0.068768
v -0.016967 0.001000 0.070788
v -0.017960 0.001000 0.072720
v -0.019607 0.001000 0.074329
v -0.021965 0.001000 0.075380
v -0.025091 0.001000 0.075640
v -0.026959 0.001000 0.075399
v -0.029041 0.001000 0.074873
v -0.031343 0.001000 0.074031
v -0.033872 0.001000 0.072845
v -0.036635 0.001000 0.071285
v -0.069338 0.001000 0.039624
v -0.069338 -0.001000 0.039624
v -0.036753 0.001000 0.022922
v -0.036753 -0.001000 0.022922
v -0.040171 -0.001000 0.024125
v -0.043168 -0.001000 0.025032
v -0.045799 -0.001000 0.025646
v -0.048115 -0.001000 0.025972
v -0.052022 -0.001000 0.025771
v -0.055316 -0.001000 0.024455
v -0.058479 -0.001000 0.022096
v -0.060049 -0.001000 0.020747
v -0.061644 -0.001000 0.019427
v -0.063291 -0.001000 0.018242
v -0.065013 -0.001000 0.017297
v -0.068784 -0.001000 0.016555
v -0.070804 -0.001000 0.016951
v -0.072736 -0.001000 0.017944
v -0.074345 -0.001000 0.019591
v -0.075396 -0.001000 0.021949
v -0.075656 -0.001000 0.025075
v -0.075415 -0.001000 0.026943
v -0.074889 -0.001000 0.029025
v -0.074047 -0.001000 0.031327
v -0.072861 -0.001000 0.033856
v -0.071301 -0.001000 0.036619
v -0.071301 0.001000 0.036619
v -0.072861 0.001000 0.033856
v -0.074047 0.001000 0.031327
v -0.074889 0.001000 0.029025
v -0.075415 0.001000 0.026943
v -0.075656 0.001000 0.025075
v -0.075396 0.001000 0.021949
v -0.074345 0.001000 0.019591
v -0.072736 0.001000 0.017944
v -0.070804 0.001000 0.016951
v -0.068784 0.001000 0.016555
v -0.065013 0.001000 0.017297
v -0.063291 0.001000 0.018242
v -0.061644 0.001000 0.019427
v -0.060049 0.001000 0.020747
v -0.058479 0.001000 0.022096
v -0.055316 0.001000 0.024455
v -0.052022 0.001000 0.025771
v -0.048115 0.001000 0.025972
v -0.045799 0.001000 0.025646
v -0.043168 0.001000 0.025032
v -0.040171 0.001000 0.024125
v -0.036753 0.000000 0.022922
v -0.069338 0.000000 0.039624
v -0.036753 -0.001000 0.022922
v -0.035470 0.001000 0.023506
v -0.035470 -0.001000 0.023506
v -0.036753 0.000000 0.022922
v -0.035665 -0.001000 0.023188
v -0.035991 -0.001000 0.022950
v -0.036385 -0.001000 0.022860
v -0.036753 0.001000 0.022922
v -0.036385 0.001000 0.022860
v -0.035991 0.001000 0.022950
v -0.035665 0.001000 0.023188
v -0.035470 0.001000 0.023506
v -0.035470 -0.001000 0.023506
v -0.035116 0.001000 0.024441
v -0.035116 -0.001000 0.024441
v -0.035116 0.001000 0.024441
v -0.035116 -0.001000 0.024441
v -0.066883 0.001000 0.037900
v -0.066883 -0.001000 0.037900
v -0.067682 -0.001000 0.036722
v -0.068451 -0.001000 0.035524
v -0.069186 -0.001000 0.034305
v -0.069883 -0.001000 0.033065
v -0.070456 -0.001000 0.031962
v -0.070988 -0.001000 0.030840
v -0.071471 -0.001000 0.029697
v -0.071896 -0.001000 0.028530
v -0.072177 -0.001000 0.027613
v -0.072408 -0.001000 0.026682
v -0.072550 -0.001000 0.025909
v -0.072643 -0.001000 0.025129
v -0.072671 -0.001000 0.023966
v -0.072519 -0.001000 0.022816
v -0.072282 -0.001000 0.022057
v -0.071916 -0.001000 0.021353
v -0.071020 -0.001000 0.020405
v -0.069874 -0.001000 0.019804
v -0.068626 -0.001000 0.019551
v -0.067458 -0.001000 0.019634
v -0.066252 -0.001000 0.020030
v -0.064953 -0.001000 0.020741
v -0.064236 -0.001000 0.021229
v -0.063543 -0.001000 0.021750
v -0.062793 -0.001000 0.022357
v -0.062055 -0.001000 0.022979
v -0.061222 -0.001000 0.023696
v -0.060387 -0.001000 0.024411
v -0.059548 -0.001000 0.025109
v -0.058690 -0.001000 0.025784
v -0.057774 -0.001000 0.026445
v -0.056821 -0.001000 0.027052
v -0.055792 -0.001000 0.027606
v -0.054723 -0.001000 0.028076
v -0.053619 -0.001000 0.028457
v -0.052487 -0.001000 0.028740
v -0.051287 -0.001000 0.028929
v -0.050074 -0.001000 0.029018
v -0.048798 -0.001000 0.029017
v -0.047525 -0.001000 0.028931
v -0.046155 -0.001000 0.028754
v -0.044795 -0.001000 0.028506
v -0.043292 -0.001000 0.028164
v -0.041803 -0.001000 0.027766
v -0.040967 -0.001000 0.027522
v -0.040134 -0.001000 0.027265
v -0.039305 -0.001000 0.026998
v -0.038479 -0.001000 0.026722
v -0.037088 -0.001000 0.026237
v -0.035704 -0.001000 0.025733
v -0.035370 -0.001000 0.025527
v -0.035141 -0.001000 0.025209
v -0.035052 -0.001000 0.024828
v -0.035052 0.001000 0.024828
v -0.035141 0.001000 0.025209
v -0.035370 0.001000 0.025527
v -0.035704 0.001000 0.025733
v -0.037088 0.001000 0.026237
v -0.038479 0.001000 0.026722
v -0.039305 0.001000 0.026998
v -0.040134 0.001000 0.027265
v -0.040967 0.001000 0.027522
v -0.041803 0.001000 0.027766
v -0.043292 0.001000 0.028164
v -0.044795 0.001000 0.028506
v -0.046155 0.001000 0.028754
v -0.047525 0.001000 0.028931
v -0.048798 0.001000 0.029017
v -0.050074 0.001000 0.029018
v -0.051287 0.001000 0.028929
v -0.052487 0.001000 0.028740
v -0.053619 0.001000 0.028457
v -0.054723 0.001000 0.028076
v -0.055792 0.001000 0.027606
v -0.056821 0.001000 0.027052
v -0.057774 0.001000 0.026445
v -0.058690 0.001000 0.025784
v -0.059548 0.001000 0.025109
v -0.060387 0.001000 0.024411
v -0.061222 0.001000 0.023696
v -0.062055 0.001000 0.022979
v -0.062793 0.001000 0.022357
v -0.063543 0.001000 0.021750
v -0.064236 0.001000 0.021229
v -0.064953 0.001000 0.020741
v -0.066252 0.001000 0.020030
v -0.067458 0.001000 0.019634
v -0.068626 0.001000 0.019551
v -0.069874 0.001000 0.019804
v -0.071020 0.001000 0.020405
v -0.071916 0.001000 0.021353
v -0.072282 0.001000 0.022057
v -0.072519 0.001000 0.022816
v -0.072671 0.001000 0.023966
v -0.072643 0.001000 0.025129
v -0.072550 0.001000 0.025909
v -0.072408 0.001000 0.026682
v -0.072177 0.001000 0.027613
v -0.071896 0.001000 0.028530
v -0.071471 0.001000 0.029697
v -0.070988 0.001000 0.030840
v -0.070456 0.001000 0.031962
v -0.069883 0.001000 0.033065
v -0.069186 0.001000 0.034305
v -0.068451 0.001000 0.035524
v -0.067682 0.001000 0.036722
v -0.066883 0.000000 0.037900
v -0.066883 -0.001000 0.037900
v -0.067121 0.001000 0.039283
v -0.067121 -0.001000 0.039283
v -0.066883 0.000000 0.037900
v -0.066865 -0.001000 0.039015
v -0.066718 -0.001000 0.038641
v -0.066731 -0.001000 0.038239
v -0.066883 0.001000 0.037900
v -0.066731 0.001000 0.038239
v -0.066718 0.001000 0.038641
v -0.066865 0.001000 0.039015
v -0.067121 -0.001000 0.039283
v -0.067934 0.001000 0.039866
v -0.067934 -0.001000 0.039866
v -0.067121 0.001000 0.039283
v -0.067934 -0.001000 0.039866
v -0.068687 -0.001000 0.040039
v -0.069338 0.001000 0.039624
v -0.069338 -0.001000 0.039624
v -0.069338 0.000000 0.039624
v -0.069054 -0.001000 0.039897
v -0.068293 -0.001000 0.040028
v -0.067934 0.001000 0.039866
v -0.068293 0.001000 0.040028
v -0.068687 0.001000 0.040039
v -0.069054 0.001000 0.039897
v -0.039640 -0.001000 -0.069334
v -0.022938 0.001000 -0.036749
v -0.022938 -0.001000 -0.036749
v -0.024141 -0.001000 -0.040167
v -0.025048 -0.001000 -0.043164
v -0.025662 -0.001000 -0.045794
v -0.025988 -0.001000 -0.048111
v -0.025787 -0.001000 -0.052018
v -0.024472 -0.001000 -0.055312
v -0.022112 -0.001000 -0.058475
v -0.020763 -0.001000 -0.060045
v -0.019443 -0.001000 -0.061640
v -0.018258 -0.001000 -0.063287
v -0.017313 -0.001000 -0.065009
v -0.016571 -0.001000 -0.068779
v -0.016967 -0.001000 -0.070800
v -0.017960 -0.001000 -0.072732
v -0.019607 -0.001000 -0.074341
v -0.021965 -0.001000 -0.075392
v -0.025091 -0.001000 -0.075651
v -0.026959 -0.001000 -0.075411
v -0.029041 -0.001000 -0.074884
v -0.031343 -0.001000 -0.074043
v -0.033872 -0.001000 -0.072857
v -0.036635 -0.001000 -0.071297
v -0.039640 0.001000 -0.069334
v -0.036635 0.001000 -0.071297
v -0.033872 0.001000 -0.072857
v -0.031343 0.001000 -0.074043
v -0.029041 0.001000 -0.074884
v -0.026959 0.001000 -0.075411
v -0.025091 0.001000 -0.075651
v -0.021965 0.001000 -0.075392
v -0.019607 0.001000 -0.074341
v -0.017960 0.001000 -0.072732
v -0.016967 0.001000 -0.070800
v -0.016571 0.001000 -0.068779
v -0.017313 0.001000 -0.065009
v -0.018258 0.001000 -0.063287
v -0.019443 0.001000 -0.061640
v -0.020763 0.001000 -0.060045
v -0.022112 0.001000 -0.058475
v -0.024472 0.001000 -0.055312
v -0.025787 0.001000 -0.052018
v -0.025988 0.001000 -0.048111
v -0.025662 0.001000 -0.045794
v -0.025048 0.001000 -0.043164
v -0.024141 0.001000 -0.040167
v -0.022938 0.000000 -0.036749
v -0.039640 0.000000 -0.069334
v -0.022938 -0.001000 -0.036749
v -0.023522 0.001000 -0.035466
v -0.023522 -0.001000 -0.035466
v -0.022938 0.000000 -0.036749
v -0.023204 -0.001000 -0.035661
v -0.022966 -0.001000 -0.035987
v -0.022876 -0.001000 -0.036381
v -0.022938 0.001000 -0.036749
v -0.022876 0.001000 -0.036381
v -0.022966 0.001000 -0.035987
v -0.023204 0.001000 -0.035661
v -0.023522 -0.001000 -0.035466
v -0.024457 0.001000 -0.035112
v -0.024457 -0.001000 -0.035112
v -0.023522 0.001000 -0.035466
v -0.024457 0.001000 -0.035112
v -0.024457 -0.001000 -0.035112
v -0.027068 0.001000 -0.056816
v -0.027068 -0.001000 -0.056816
v -0.021766 -0.001000 -0.063539
v -0.028546 -0.001000 -0.071892
v -0.037916 -0.001000 -0.066879
v -0.036738 -0.001000 -0.067677
v -0.035540 -0.001000 -0.068446
v -0.034322 -0.001000 -0.069182
v -0.033081 -0.001000 -0.069879
v -0.031978 -0.001000 -0.070452
v -0.030856 -0.001000 -0.070984
v -0.029713 -0.001000 -0.071467
v -0.027629 -0.001000 -0.072173
v -0.026698 -0.001000 -0.072403
v -0.025145 -0.001000 -0.072639
v -0.023982 -0.001000 -0.072667
v -0.022832 -0.001000 -0.072515
v -0.021369 -0.001000 -0.071912
v -0.020421 -0.001000 -0.071016
v -0.019820 -0.001000 -0.069869
v -0.019567 -0.001000 -0.068622
v -0.019650 -0.001000 -0.067454
v -0.020046 -0.001000 -0.066248
v -0.020757 -0.001000 -0.064949
v -0.021245 -0.001000 -0.064232
v -0.022373 -0.001000 -0.062788
v -0.022995 -0.001000 -0.062051
v -0.023712 -0.001000 -0.061218
v -0.024427 -0.001000 -0.060383
v -0.025125 -0.001000 -0.059544
v -0.025800 -0.001000 -0.058686
v -0.026461 -0.001000 -0.057770
v -0.027622 -0.001000 -0.055788
v -0.028092 -0.001000 -0.054719
v -0.028473 -0.001000 -0.053615
v -0.028756 -0.001000 -0.052483
v -0.028945 -0.001000 -0.051283
v -0.029034 -0.001000 -0.050070
v -0.029034 -0.001000 -0.048794
v -0.028947 -0.001000 -0.047520
v -0.028770 -0.001000 -0.046151
v -0.028522 -0.001000 -0.044791
v -0.028180 -0.001000 -0.043288
v -0.027782 -0.001000 -0.041799
v -0.027538 -0.001000 -0.040963
v -0.027281 -0.001000 -0.040130
v -0.027014 -0.001000 -0.039301
v -0.026738 -0.001000 -0.038475
v -0.026253 -0.001000 -0.037084
v -0.025749 -0.001000 -0.035700
v -0.025543 -0.001000 -0.035366
v -0.025225 -0.001000 -0.035137
v -0.024844 -0.001000 -0.035048
v -0.024844 0.001000 -0.035048
v -0.025225 0.001000 -0.035137
v -0.025543 0.001000 -0.035366
v -0.025749 0.001000 -0.035700
v -0.026253 0.001000 -0.037084
v -0.026738 0.001000 -0.038475
v -0.027014 0.001000 -0.039301
v -0.027281 0.001000 -0.040130
v -0.027538 0.001000 -0.040963
v -0.027782 0.001000 -0.041799
v -0.028180 0.001000 -0.043288
v -0.028522 0.001000 -0.044791
v -0.028770 0.001000 -0.046151
v -0.028947 0.001000 -0.047520
v -0.029034 0.001000 -0.048794
v -0.029034 0.001000 -0.050070
v -0.028945 0.001000 -0.051283
v -0.028756 0.001000 -0.052483
v -0.028473 0.001000 -0.053615
v -0.028092 0.001000 -0.054719
v -0.027622 0.001000 -0.055788
v -0.026461 0.001000 -0.057770
v -0.025800 0.001000 -0.058686
v -0.025125 0.001000 -0.059544
v -0.024427 0.001000 -0.060383
v -0.023712 0.001000 -0.061218
v -0.022995 0.001000 -0.062051
v -0.022373 0.001000 -0.062788
v -0.021766 0.001000 -0.063539
v -0.021245 0.001000 -0.064232
v -0.020757 0.001000 -0.064949
v -0.020046 0.001000 -0.066248
v -0.019650 0.001000 -0.067454
v -0.019567 0.001000 -0.068622
v -0.019820 0.001000 -0.069869
v -0.020421 0.001000 -0.071016
v -0.021369 0.001000 -0.071912
v -0.022832 0.001000 -0.072515
v -0.023982 0.001000 -0.072667
v -0.025145 0.001000 -0.072639
v -0.026698 0.001000 -0.072403
v -0.027629 0.001000 -0.072173
v -0.028546 0.001000 -0.071892
v -0.029713 0.001000 -0.071467
v -0.030856 0.001000 -0.070984
v -0.031978 0.001000 -0.070452
v -0.033081 0.001000 -0.069879
v -0.034322 0.001000 -0.069182
v -0.035540 0.001000 -0.068446
v -0.036738 0.001000 -0.067677
v -0.037916 0.001000 -0.066879
v -0.037916 0.000000 -0.066879
v -0.037916 -0.001000 -0.066879
v -0.039299 0.001000 -0.067117
v -0.039299 -0.001000 -0.067117
v -0.037916 0.000000 -0.066879
v -0.039031 -0.001000 -0.066861
v -0.038657 -0.001000 -0.066714
v -0.038255 -0.001000 -0.066727
v -0.037916 0.001000 -0.066879
v -0.038255 0.001000 -0.066727
v -0.038657 0.001000 -0.066714
v -0.039031 0.001000 -0.066861
v -0.039299 -0.001000 -0.067117
v -0.039882 0.001000 -0.067930
v -0.039882 -0.001000 -0.067930
v -0.039299 0.001000 -0.067117
v -0.039882 -0.001000 -0.067930
v -0.040055 -0.001000 -0.068682
v -0.039640 0.001000 -0.069334
v -0.039640 -0.001000 -0.069334
v -0.039640 0.000000 -0.069334
v -0.039913 -0.001000 -0.069050
v -0.040044 -0.001000 -0.068289
v -0.039882 0.001000 -0.067930
v -0.040044 0.001000 -0.068289
v -0.040055 0.001000 -0.068682
v -0.039913 0.001000 -0.069050
v -0.069338 -0.001000 -0.039636
v -0.067934 0.001000 -0.039878
v -0.067934 -0.001000 -0.039878
v -0.068293 -0.001000 -0.040040
v -0.068687 -0.001000 -0.040051
v -0.069054 -0.001000 -0.039909
v -0.069338 0.000000 -0.039636
v -0.069338 0.001000 -0.039636
v -0.069054 0.001000 -0.039909
v -0.068687 0.001000 -0.040051
v -0.068293 0.001000 -0.040040
v -0.067934 0.001000 -0.039878
v -0.067934 -0.001000 -0.039878
v -0.067121 0.001000 -0.039295
v -0.067121 -0.001000 -0.039295
v -0.067121 -0.001000 -0.039295
v -0.066883 0.001000 -0.037912
v -0.066883 -0.001000 -0.037912
v -0.066731 -0.001000 -0.038251
v -0.066718 -0.001000 -0.038653
v -0.066865 -0.001000 -0.039027
v -0.066883 0.000000 -0.037912
v -0.067121 0.001000 -0.039295
v -0.066865 0.001000 -0.039027
v -0.066718 0.001000 -0.038653
v -0.066731 0.001000 -0.038251
v -0.066883 -0.001000 -0.037912
v -0.071896 -0.001000 -0.028542
v -0.063543 -0.001000 -0.021762
v -0.056821 -0.001000 -0.027064
v -0.035116 0.001000 -0.024453
v -0.035116 -0.001000 -0.024453
v -0.066883 0.000000 -0.037912
v -0.035052 -0.001000 -0.024840
v -0.035141 -0.001000 -0.025221
v -0.035370 -0.001000 -0.025539
v -0.035704 -0.001000 -0.025745
v -0.037088 -0.001000 -0.026249
v -0.038479 -0.001000 -0.026734
v -0.039305 -0.001000 -0.027010
v -0.040134 -0.001000 -0.027277
v -0.040967 -0.001000 -0.027534
v -0.041803 -0.001000 -0.027778
v -0.043292 -0.001000 -0.028176
v -0.044795 -0.001000 -0.028518
v -0.046155 -0.001000 -0.028766
v -0.047525 -0.001000 -0.028943
v -0.048798 -0.001000 -0.029029
v -0.050074 -0.001000 -0.029030
v -0.051287 -0.001000 -0.028941
v -0.052487 -0.001000 -0.028752
v -0.053619 -0.001000 -0.028469
v -0.054723 -0.001000 -0.028088
v -0.055792 -0.001000 -0.027618
v -0.057774 -0.001000 -0.026457
v -0.058690 -0.001000 -0.025796
v -0.059548 -0.001000 -0.025121
v -0.060387 -0.001000 -0.024423
v -0.061222 -0.001000 -0.023708
v -0.062055 -0.001000 -0.022991
v -0.062793 -0.001000 -0.022369
v -0.064236 -0.001000 -0.021241
v -0.064953 -0.001000 -0.020753
v -0.066252 -0.001000 -0.020042
v -0.067458 -0.001000 -0.019646
v -0.068626 -0.001000 -0.019563
v -0.069874 -0.001000 -0.019816
v -0.071020 -0.001000 -0.020417
v -0.071916 -0.001000 -0.021365
v -0.072519 -0.001000 -0.022828
v -0.072671 -0.001000 -0.023978
v -0.072643 -0.001000 -0.025141
v -0.072408 -0.001000 -0.026694
v -0.072177 -0.001000 -0.027625
v -0.071471 -0.001000 -0.029709
v -0.070988 -0.001000 -0.030852
v -0.070456 -0.001000 -0.031974
v -0.069883 -0.001000 -0.033076
v -0.069186 -0.001000 -0.034317
v -0.068451 -0.001000 -0.035536
v -0.067682 -0.001000 -0.036734
v -0.066883 0.001000 -0.037912
v -0.067682 0.001000 -0.036734
v -0.068451 0.001000 -0.035536
v -0.069186 0.001000 -0.034317
v -0.069883 0.001000 -0.033076
v -0.070456 0.001000 -0.031974
v -0.070988 0.001000 -0.030852
v -0.071471 0.001000 -0.029709
v -0.071896 0.001000 -0.028542
v -0.072177 0.001000 -0.027625
v -0.072408 0.001000 -0.026694
v -0.072643 0.001000 -0.025141
v -0.072671 0.001000 -0.023978
v -0.072519 0.001000 -0.022828
v -0.071916 0.001000 -0.021365
v -0.071020 0.001000 -0.020417
v -0.069874 0.001000 -0.019816
v -0.068626 0.001000 -0.019563
v -0.067458 0.001000 -0.019646
v -0.066252 0.001000 -0.020042
v -0.064953 0.001000 -0.020753
v -0.064236 0.001000 -0.021241
v -0.063543 0.001000 -0.021762
v -0.062793 0.001000 -0.022369
v -0.062055 0.001000 -0.022991
v -0.061222 0.001000 -0.023708
v -0.060387 0.001000 -0.024423
v -0.059548 0.001000 -0.025121
v -0.058690 0.001000 -0.025796
v -0.057774 0.001000 -0.026457
v -0.056821 0.001000 -0.027064
v -0.055792 0.001000 -0.027618
v -0.054723 0.001000 -0.028088
v -0.053619 0.001000 -0.028469
v -0.052487 0.001000 -0.028752
v -0.051287 0.001000 -0.028941
v -0.050074 0.001000 -0.029030
v -0.048798 0.001000 -0.029029
v -0.047525 0.001000 -0.028943
v -0.046155 0.001000 -0.028766
v -0.044795 0.001000 -0.028518
v -0.043292 0.001000 -0.028176
v -0.041803 0.001000 -0.027778
v -0.040967 0.001000 -0.027534
v -0.040134 0.001000 -0.027277
v -0.039305 0.001000 -0.027010
v -0.038479 0.001000 -0.026734
v -0.037088 0.001000 -0.026249
v -0.035704 0.001000 -0.025745
v -0.035370 0.001000 -0.025539
v -0.035141 0.001000 -0.025221
v -0.035052 0.001000 -0.024840
v -0.035116 0.001000 -0.024453
v -0.035116 -0.001000 -0.024453
v -0.035470 0.001000 -0.023518
v -0.035470 -0.001000 -0.023518
v -0.035470 -0.001000 -0.023518
v -0.036753 0.001000 -0.022934
v -0.036753 -0.001000 -0.022934
v -0.036385 -0.001000 -0.022872
v -0.035991 -0.001000 -0.022962
v -0.035665 -0.001000 -0.023199
v -0.036753 0.000000 -0.022934
v -0.035470 0.001000 -0.023518
v -0.035665 0.001000 -0.023199
v -0.035991 0.001000 -0.022962
v -0.036385 0.001000 -0.022872
v -0.036753 0.001000 -0.022934
v -0.069338 0.001000 -0.039636
v -0.069338 -0.001000 -0.039636
v -0.069338 0.000000 -0.039636
v -0.036753 -0.001000 -0.022934
v -0.036753 0.000000 -0.022934
v -0.071301 -0.001000 -0.036631
v -0.072861 -0.001000 -0.033868
v -0.074047 -0.001000 -0.031339
v -0.074889 -0.001000 -0.029037
v -0.075415 -0.001000 -0.026955
v -0.075656 -0.001000 -0.025087
v -0.075396 -0.001000 -0.021961
v -0.074345 -0.001000 -0.019603
v -0.072736 -0.001000 -0.017956
v -0.070804 -0.001000 -0.016963
v -0.068784 -0.001000 -0.016567
v -0.066835 -0.001000 -0.016712
v -0.065013 -0.001000 -0.017309
v -0.063291 -0.001000 -0.018254
v -0.061644 -0.001000 -0.019439
v -0.060049 -0.001000 -0.020759
v -0.058479 -0.001000 -0.022108
v -0.056909 -0.001000 -0.023379
v -0.055316 -0.001000 -0.024467
v -0.052022 -0.001000 -0.025783
v -0.050172 -0.001000 -0.026025
v -0.048115 -0.001000 -0.025984
v -0.045799 -0.001000 -0.025658
v -0.043168 -0.001000 -0.025044
v -0.040171 -0.001000 -0.024137
v -0.040171 0.001000 -0.024137
v -0.043168 0.001000 -0.025044
v -0.045799 0.001000 -0.025658
v -0.048115 0.001000 -0.025984
v -0.050172 0.001000 -0.026025
v -0.052022 0.001000 -0.025783
v -0.055316 0.001000 -0.024467
v -0.056909 0.001000 -0.023379
v -0.058479 0.001000 -0.022108
v -0.060049 0.001000 -0.020759
v -0.061644 0.001000 -0.019439
v -0.063291 0.001000 -0.018254
v -0.065013 0.001000 -0.017309
v -0.066835 0.001000 -0.016712
v -0.068784 0.001000 -0.016567
v -0.070804 0.001000 -0.016963
v -0.072736 0.001000 -0.017956
v -0.074345 0.001000 -0.019603
v -0.075396 0.001000 -0.021961
v -0.075656 0.001000 -0.025087
v -0.075415 0.001000 -0.026955
v -0.074889 0.001000 -0.029037
v -0.074047 0.001000 -0.031339
v -0.072861 0.001000 -0.033868
v -0.071301 0.001000 -0.036631
v 0.039620 -0.001000 -0.069334
v 0.040034 -0.001000 -0.068682
v 0.039862 0.001000 -0.067930
v 0.039862 -0.001000 -0.067930
v 0.040024 -0.001000 -0.068289
v 0.039893 -0.001000 -0.069050
v 0.039620 0.000000 -0.069334
v 0.039620 0.001000 -0.069334
v 0.039893 0.001000 -0.069050
v 0.040034 0.001000 -0.068682
v 0.040024 0.001000 -0.068289
v 0.039862 0.001000 -0.067930
v 0.039862 -0.001000 -0.067930
v 0.039279 0.001000 -0.067117
v 0.039279 -0.001000 -0.067117
v 0.039279 -0.001000 -0.067117
v 0.037896 0.001000 -0.066879
v 0.037896 -0.001000 -0.066879
v 0.038235 -0.001000 -0.066727
v 0.038636 -0.001000 -0.066714
v 0.039010 -0.001000 -0.066861
v 0.037896 0.000000 -0.066879
v 0.039279 0.001000 -0.067117
v 0.039010 0.001000 -0.066861
v 0.038636 0.001000 -0.066714
v 0.038235 0.001000 -0.066727
v 0.037896 0.001000 -0.066879
v 0.028526 0.001000 -0.071892
v 0.021746 0.001000 -0.063539
v 0.027048 0.001000 -0.056816
v 0.027048 -0.001000 -0.056816
v 0.024437 0.001000 -0.035112
v 0.024437 -0.001000 -0.035112
v 0.037896 -0.001000 -0.066879
v 0.037896 0.000000 -0.066879
v 0.024823 -0.001000 -0.035048
v 0.025205 -0.001000 -0.035137
v 0.025523 -0.001000 -0.035366
v 0.025729 -0.001000 -0.035700
v 0.026233 -0.001000 -0.037084
v 0.026718 -0.001000 -0.038475
v 0.026994 -0.001000 -0.039301
v 0.027261 -0.001000 -0.040130
v 0.027518 -0.001000 -0.040963
v 0.027762 -0.001000 -0.041799
v 0.028160 -0.001000 -0.043288
v 0.028502 -0.001000 -0.044791
v 0.028750 -0.001000 -0.046151
v 0.028927 -0.001000 -0.047520
v 0.029013 -0.001000 -0.048794
v 0.029014 -0.001000 -0.050070
v 0.028925 -0.001000 -0.051283
v 0.028736 -0.001000 -0.052483
v 0.028452 -0.001000 -0.053615
v 0.028072 -0.001000 -0.054719
v 0.027602 -0.001000 -0.055788
v 0.026441 -0.001000 -0.057770
v 0.025780 -0.001000 -0.058686
v 0.025105 -0.001000 -0.059544
v 0.024407 -0.001000 -0.060383
v 0.023692 -0.001000 -0.061218
v 0.022975 -0.001000 -0.062051
v 0.022352 -0.001000 -0.062788
v 0.021746 -0.001000 -0.063539
v 0.021225 -0.001000 -0.064232
v 0.020737 -0.001000 -0.064949
v 0.020026 -0.001000 -0.066248
v 0.019630 -0.001000 -0.067454
v 0.019547 -0.001000 -0.068622
v 0.019799 -0.001000 -0.069869
v 0.020401 -0.001000 -0.071016
v 0.021349 -0.001000 -0.071912
v 0.022812 -0.001000 -0.072515
v 0.023962 -0.001000 -0.072667
v 0.025125 -0.001000 -0.072639
v 0.026678 -0.001000 -0.072403
v 0.027609 -0.001000 -0.072173
v 0.028526 -0.001000 -0.071892
v 0.029693 -0.001000 -0.071467
v 0.030836 -0.001000 -0.070984
v 0.031958 -0.001000 -0.070452
v 0.033060 -0.001000 -0.069879
v 0.034301 -0.001000 -0.069182
v 0.035520 -0.001000 -0.068446
v 0.036718 -0.001000 -0.067677
v 0.036718 0.001000 -0.067677
v 0.035520 0.001000 -0.068446
v 0.034301 0.001000 -0.069182
v 0.033060 0.001000 -0.069879
v 0.031958 0.001000 -0.070452
v 0.030836 0.001000 -0.070984
v 0.029693 0.001000 -0.071467
v 0.027609 0.001000 -0.072173
v 0.026678 0.001000 -0.072403
v 0.025125 0.001000 -0.072639
v 0.023962 0.001000 -0.072667
v 0.022812 0.001000 -0.072515
v 0.021349 0.001000 -0.071912
v 0.020401 0.001000 -0.071016
v 0.019799 0.001000 -0.069869
v 0.019547 0.001000 -0.068622
v 0.019630 0.001000 -0.067454
v 0.020026 0.001000 -0.066248
v 0.020737 0.001000 -0.064949
v 0.021225 0.001000 -0.064232
v 0.022352 0.001000 -0.062788
v 0.022975 0.001000 -0.062051
v 0.023692 0.001000 -0.061218
v 0.024407 0.001000 -0.060383
v 0.025105 0.001000 -0.059544
v 0.025780 0.001000 -0.058686
v 0.026441 0.001000 -0.057770
v 0.027602 0.001000 -0.055788
v 0.028072 0.001000 -0.054719
v 0.028452 0.001000 -0.053615
v 0.028736 0.001000 -0.052483
v 0.028925 0.001000 -0.051283
v 0.029014 0.001000 -0.050070
v 0.029013 0.001000 -0.048794
v 0.028927 0.001000 -0.047520
v 0.028750 0.001000 -0.046151
v 0.028502 0.001000 -0.044791
v 0.028160 0.001000 -0.043288
v 0.027762 0.001000 -0.041799
v 0.027518 0.001000 -0.040963
v 0.027261 0.001000 -0.040130
v 0.026994 0.001000 -0.039301
v 0.026718 0.001000 -0.038475
v 0.026233 0.001000 -0.037084
v 0.025729 0.001000 -0.035700
v 0.025523 0.001000 -0.035366
v 0.025205 0.001000 -0.035137
v 0.024823 0.001000 -0.035048
v 0.024437 0.001000 -0.035112
v 0.024437 -0.001000 -0.035112
v 0.023502 0.001000 -0.035466
v 0.023502 -0.001000 -0.035466
v 0.023502 0.001000 -0.035466
v 0.023502 -0.001000 -0.035466
v 0.022918 0.001000 -0.036749
v 0.022918 -0.001000 -0.036749
v 0.022856 -0.001000 -0.036381
v 0.022946 -0.001000 -0.035987
v 0.023183 -0.001000 -0.035661
v 0.023183 0.001000 -0.035661
v 0.022946 0.001000 -0.035987
v 0.022856 0.001000 -0.036381
v 0.022918 0.000000 -0.036749
v 0.039620 0.001000 -0.069334
v 0.039620 -0.001000 -0.069334
v 0.039620 0.000000 -0.069334
v 0.022918 -0.001000 -0.036749
v 0.022918 0.000000 -0.036749
v 0.036615 -0.001000 -0.071297
v 0.033852 -0.001000 -0.072857
v 0.031323 -0.001000 -0.074043
v 0.029021 -0.001000 -0.074884
v 0.026939 -0.001000 -0.075411
v 0.025071 -0.001000 -0.075651
v 0.021945 -0.001000 -0.075392
v 0.019587 -0.001000 -0.074341
v 0.017940 -0.001000 -0.072732
v 0.016947 -0.001000 -0.070800
v 0.016551 -0.001000 -0.068779
v 0.016696 -0.001000 -0.066831
v 0.017293 -0.001000 -0.065009
v 0.018238 -0.001000 -0.063287
v 0.019423 -0.001000 -0.061640
v 0.020743 -0.001000 -0.060045
v 0.022091 -0.001000 -0.058475
v 0.023363 -0.001000 -0.056905
v 0.024451 -0.001000 -0.055312
v 0.025767 -0.001000 -0.052018
v 0.026009 -0.001000 -0.050168
v 0.025968 -0.001000 -0.048111
v 0.025642 -0.001000 -0.045794
v 0.025027 -0.001000 -0.043164
v 0.024121 -0.001000 -0.040167
v 0.022918 0.001000 -0.036749
v 0.024121 0.001000 -0.040167
v 0.025027 0.001000 -0.043164
v 0.025642 0.001000 -0.045794
v 0.025968 0.001000 -0.048111
v 0.026009 0.001000 -0.050168
v 0.025767 0.001000 -0.052018
v 0.024451 0.001000 -0.055312
v 0.023363 0.001000 -0.056905
v 0.022091 0.001000 -0.058475
v 0.020743 0.001000 -0.060045
v 0.019423 0.001000 -0.061640
v 0.018238 0.001000 -0.063287
v 0.017293 0.001000 -0.065009
v 0.016696 0.001000 -0.066831
v 0.016551 0.001000 -0.068779
v 0.016947 0.001000 -0.070800
v 0.017940 0.001000 -0.072732
v 0.019587 0.001000 -0.074341
v 0.021945 0.001000 -0.075392
v 0.025071 0.001000 -0.075651
v 0.026939 0.001000 -0.075411
v 0.029021 0.001000 -0.074884
v 0.031323 0.001000 -0.074043
v 0.033852 0.001000 -0.072857
v 0.036615 0.001000 -0.071297
v 0.069318 0.001000 -0.039636
v 0.069318 -0.001000 -0.039636
v 0.036733 0.001000 -0.022934
v 0.036733 -0.001000 -0.022934
v 0.040151 -0.001000 -0.024137
v 0.043148 -0.001000 -0.025044
v 0.045778 -0.001000 -0.025658
v 0.048095 -0.001000 -0.025984
v 0.052002 -0.001000 -0.025783
v 0.055296 -0.001000 -0.024467
v 0.058458 -0.001000 -0.022108
v 0.060029 -0.001000 -0.020759
v 0.061624 -0.001000 -0.019439
v 0.063271 -0.001000 -0.018254
v 0.064993 -0.001000 -0.017309
v 0.068763 -0.001000 -0.016567
v 0.070784 -0.001000 -0.016963
v 0.072716 -0.001000 -0.017956
v 0.074325 -0.001000 -0.019603
v 0.075376 -0.001000 -0.021961
v 0.075635 -0.001000 -0.025087
v 0.075395 -0.001000 -0.026955
v 0.074868 -0.001000 -0.029037
v 0.074027 -0.001000 -0.031339
v 0.072841 -0.001000 -0.033868
v 0.071281 -0.001000 -0.036631
v 0.071281 0.001000 -0.036631
v 0.072841 0.001000 -0.033868
v 0.074027 0.001000 -0.031339
v 0.074868 0.001000 -0.029037
v 0.075395 0.001000 -0.026955
v 0.075635 0.001000 -0.025087
v 0.075376 0.001000 -0.021961
v 0.074325 0.001000 -0.019603
v 0.072716 0.001000 -0.017956
v 0.070784 0.001000 -0.016963
v 0.068763 0.001000 -0.016567
v 0.064993 0.001000 -0.017309
v 0.063271 0.001000 -0.018254
v 0.061624 0.001000 -0.019439
v 0.060029 0.001000 -0.020759
v 0.058458 0.001000 -0.022108
v 0.055296 0.001000 -0.024467
v 0.052002 0.001000 -0.025783
v 0.048095 0.001000 -0.025984
v 0.045778 0.001000 -0.025658
v 0.043148 0.001000 -0.025044
v 0.040151 0.001000 -0.024137
v 0.036733 0.000000 -0.022934
v 0.069318 0.000000 -0.039636
v 0.036733 0.001000 -0.022934
v 0.036733 -0.001000 -0.022934
v 0.035450 0.001000 -0.023518
v 0.035450 -0.001000 -0.023518
v 0.036733 0.000000 -0.022934
v 0.035645 -0.001000 -0.023199
v 0.035971 -0.001000 -0.022962
v 0.036365 -0.001000 -0.022872
v 0.036365 0.001000 -0.022872
v 0.035971 0.001000 -0.022962
v 0.035645 0.001000 -0.023199
v 0.035450 0.001000 -0.023518
v 0.035450 -0.001000 -0.023518
v 0.035096 0.001000 -0.024453
v 0.035096 -0.001000 -0.024453
v 0.035096 0.001000 -0.024453
v 0.035096 -0.001000 -0.024453
v 0.056800 0.001000 -0.027064
v 0.056800 -0.001000 -0.027064
v 0.063523 -0.001000 -0.021762
v 0.071875 -0.001000 -0.028542
v 0.066862 -0.001000 -0.037912
v 0.067661 -0.001000 -0.036734
v 0.068430 -0.001000 -0.035536
v 0.069165 -0.001000 -0.034317
v 0.069863 -0.001000 -0.033076
v 0.070436 -0.001000 -0.031974
v 0.070968 -0.001000 -0.030852
v 0.071451 -0.001000 -0.029709
v 0.072157 -0.001000 -0.027625
v 0.072387 -0.001000 -0.026694
v 0.072623 -0.001000 -0.025141
v 0.072651 -0.001000 -0.023978
v 0.072499 -0.001000 -0.022828
v 0.071896 -0.001000 -0.021365
v 0.070999 -0.001000 -0.020417
v 0.069853 -0.001000 -0.019816
v 0.068606 -0.001000 -0.019563
v 0.067438 -0.001000 -0.019646
v 0.066232 -0.001000 -0.020042
v 0.064933 -0.001000 -0.020753
v 0.064216 -0.001000 -0.021241
v 0.062772 -0.001000 -0.022369
v 0.062035 -0.001000 -0.022991
v 0.061202 -0.001000 -0.023708
v 0.060367 -0.001000 -0.024423
v 0.059528 -0.001000 -0.025121
v 0.058670 -0.001000 -0.025796
v 0.057753 -0.001000 -0.026457
v 0.055772 -0.001000 -0.027618
v 0.054703 -0.001000 -0.028088
v 0.053599 -0.001000 -0.028469
v 0.052467 -0.001000 -0.028752
v 0.051267 -0.001000 -0.028941
v 0.050054 -0.001000 -0.029030
v 0.048778 -0.001000 -0.029029
v 0.047504 -0.001000 -0.028943
v 0.046134 -0.001000 -0.028766
v 0.044775 -0.001000 -0.028518
v 0.043272 -0.001000 -0.028176
v 0.041783 -0.001000 -0.027778
v 0.040947 -0.001000 -0.027534
v 0.040114 -0.001000 -0.027277
v 0.039285 -0.001000 -0.027010
v 0.038459 -0.001000 -0.026734
v 0.037068 -0.001000 -0.026249
v 0.035683 -0.001000 -0.025745
v 0.035350 -0.001000 -0.025539
v 0.035121 -0.001000 -0.025221
v 0.035032 -0.001000 -0.024840
v 0.035032 0.001000 -0.024840
v 0.035121 0.001000 -0.025221
v 0.035350 0.001000 -0.025539
v 0.035683 0.001000 -0.025745
v 0.037068 0.001000 -0.026249
v 0.038459 0.001000 -0.026734
v 0.039285 0.001000 -0.027010
v 0.040114 0.001000 -0.027277
v 0.040947 0.001000 -0.027534
v 0.041783 0.001000 -0.027778
v 0.043272 0.001000 -0.028176
v 0.044775 0.001000 -0.028518
v 0.046134 0.001000 -0.028766
v 0.047504 0.001000 -0.028943
v 0.048778 0.001000 -0.029029
v 0.050054 0.001000 -0.029030
v 0.051267 0.001000 -0.028941
v 0.052467 0.001000 -0.028752
v 0.053599 0.001000 -0.028469
v 0.054703 0.001000 -0.028088
v 0.055772 0.001000 -0.027618
v 0.057753 0.001000 -0.026457
v 0.058670 0.001000 -0.025796
v 0.059528 0.001000 -0.025121
v 0.060367 0.001000 -0.024423
v 0.061202 0.001000 -0.023708
v 0.062035 0.001000 -0.022991
v 0.062772 0.001000 -0.022369
v 0.063523 0.001000 -0.021762
v 0.064216 0.001000 -0.021241
v 0.064933 0.001000 -0.020753
v 0.066232 0.001000 -0.020042
v 0.067438 0.001000 -0.019646
v 0.068606 0.001000 -0.019563
v 0.069853 0.001000 -0.019816
v 0.070999 0.001000 -0.020417
v 0.071896 0.001000 -0.021365
v 0.072499 0.001000 -0.022828
v 0.072651 0.001000 -0.023978
v 0.072623 0.001000 -0.025141
v 0.072387 0.001000 -0.026694
v 0.072157 0.001000 -0.027625
v 0.071875 0.001000 -0.028542
v 0.071451 0.001000 -0.029709
v 0.070968 0.001000 -0.030852
v 0.070436 0.001000 -0.031974
v 0.069863 0.001000 -0.033076
v 0.069165 0.001000 -0.034317
v 0.068430 0.001000 -0.035536
v 0.067661 0.001000 -0.036734
v 0.066862 0.001000 -0.037912
v 0.066862 0.000000 -0.037912
v 0.066862 -0.001000 -0.037912
v 0.067101 0.001000 -0.039295
v 0.067101 -0.001000 -0.039295
v 0.066862 0.000000 -0.037912
v 0.066845 -0.001000 -0.039027
v 0.066698 -0.001000 -0.038653
v 0.066711 -0.001000 -0.038251
v 0.066862 0.001000 -0.037912
v 0.066711 0.001000 -0.038251
v 0.066698 0.001000 -0.038653
v 0.066845 0.001000 -0.039027
v 0.067101 -0.001000 -0.039295
v 0.067914 0.001000 -0.039878
v 0.067914 -0.001000 -0.039878
v 0.067101 0.001000 -0.039295
v 0.067914 -0.001000 -0.039878
v 0.068666 -0.001000 -0.040051
v 0.069318 0.001000 -0.039636
v 0.069318 -0.001000 -0.039636
v 0.069318 0.000000 -0.039636
v 0.069034 -0.001000 -0.039909
v 0.068273 -0.001000 -0.040040
v 0.067914 0.001000 -0.039878
v 0.068273 0.001000 -0.040040
v 0.068666 0.001000 -0.040051
v 0.069034 0.001000 -0.039909
v 0.069318 -0.001000 0.039624
v 0.068666 -0.001000 0.040039
v 0.067914 0.001000 0.039866
v 0.067914 -0.001000 0.039866
v 0.068273 -0.001000 0.040028
v 0.069034 -0.001000 0.039897
v 0.069318 0.000000 0.039624
v 0.069318 0.001000 0.039624
v 0.069034 0.001000 0.039897
v 0.068666 0.001000 0.040039
v 0.068273 0.001000 0.040028
v 0.067914 -0.001000 0.039866
v 0.067101 0.001000 0.039283
v 0.067101 -0.001000 0.039283
v 0.067914 0.001000 0.039866
v 0.067101 0.001000 0.039283
v 0.067101 -0.001000 0.039283
v 0.066862 0.001000 0.037900
v 0.066862 -0.001000 0.037900
v 0.066711 -0.001000 0.038239
v 0.066698 -0.001000 0.038641
v 0.066845 -0.001000 0.039015
v 0.066862 0.000000 0.037900
v 0.066845 0.001000 0.039015
v 0.066698 0.001000 0.038641
v 0.066711 0.001000 0.038239
v 0.066862 -0.001000 0.037900
v 0.071875 -0.001000 0.028530
v 0.063523 -0.001000 0.021750
v 0.056800 -0.001000 0.027052
v 0.035096 0.001000 0.024441
v 0.035096 -0.001000 0.024441
v 0.066862 0.000000 0.037900
v 0.035032 -0.001000 0.024828
v 0.035121 -0.001000 0.025209
v 0.035350 -0.001000 0.025527
v 0.035683 -0.001000 0.025733
v 0.037068 -0.001000 0.026237
v 0.038459 -0.001000 0.026722
v 0.039285 -0.001000 0.026998
v 0.040114 -0.001000 0.027265
v 0.040947 -0.001000 0.027522
v 0.041783 -0.001000 0.027766
v 0.043272 -0.001000 0.028164
v 0.044775 -0.001000 0.028506
v 0.046134 -0.001000 0.028754
v 0.047504 -0.001000 0.028931
v 0.048778 -0.001000 0.029017
v 0.050054 -0.001000 0.029018
v 0.051267 -0.001000 0.028929
v 0.052467 -0.001000 0.028740
v 0.053599 -0.001000 0.028457
v 0.054703 -0.001000 0.028076
v 0.055772 -0.001000 0.027606
v 0.057753 -0.001000 0.026445
v 0.058670 -0.001000 0.025784
v 0.059528 -0.001000 0.025109
v 0.060367 -0.001000 0.024411
v 0.061202 -0.001000 0.023696
v 0.062035 -0.001000 0.022979
v 0.062772 -0.001000 0.022357
v 0.064216 -0.001000 0.021229
v 0.064933 -0.001000 0.020741
v 0.066232 -0.001000 0.020030
v 0.067438 -0.001000 0.019634
v 0.068606 -0.001000 0.019551
v 0.069853 -0.001000 0.019804
v 0.070999 -0.001000 0.020405
v 0.071896 -0.001000 0.021353
v 0.072499 -0.001000 0.022816
v 0.072651 -0.001000 0.023966
v 0.072623 -0.001000 0.025129
v 0.072387 -0.001000 0.026682
v 0.072157 -0.001000 0.027613
v 0.071451 -0.001000 0.029697
v 0.070968 -0.001000 0.030840
v 0.070436 -0.001000 0.031962
v 0.069863 -0.001000 0.033065
v 0.069165 -0.001000 0.034305
v 0.068430 -0.001000 0.035524
v 0.067661 -0.001000 0.036722
v 0.066862 0.001000 0.037900
v 0.067661 0.001000 0.036722
v 0.068430 0.001000 0.035524
v 0.069165 0.001000 0.034305
v 0.069863 0.001000 0.033065
v 0.070436 0.001000 0.031962
v 0.070968 0.001000 0.030840
v 0.071451 0.001000 0.029697
v 0.071875 0.001000 0.028530
v 0.072157 0.001000 0.027613
v 0.072387 0.001000 0.026682
v 0.072623 0.001000 0.025129
v 0.072651 0.001000 0.023966
v 0.072499 0.001000 0.022816
v 0.071896 0.001000 0.021353
v 0.070999 0.001000 0.020405
v 0.069853 0.001000 0.019804
v 0.068606 0.001000 0.019551
v 0.067438 0.001000 0.019634
v 0.066232 0.001000 0.020030
v 0.064933 0.001000 0.020741
v 0.064216 0.001000 0.021229
v 0.063523 0.001000 0.021750
v 0.062772 0.001000 0.022357
v 0.062035 0.001000 0.022979
v 0.061202 0.001000 0.023696
v 0.060367 0.001000 0.024411
v 0.059528 0.001000 0.025109
v 0.058670 0.001000 0.025784
v 0.057753 0.001000 0.026445
v 0.056800 0.001000 0.027052
v 0.055772 0.001000 0.027606
v 0.054703 0.001000 0.028076
v 0.053599 0.001000 0.028457
v 0.052467 0.001000 0.028740
v 0.051267 0.001000 0.028929
v 0.050054 0.001000 0.029018
v 0.048778 0.001000 0.029017
v 0.047504 0.001000 0.028931
v 0.046134 0.001000 0.028754
v 0.044775 0.001000 0.028506
v 0.043272 0.001000 0.028164
v 0.041783 0.001000 0.027766
v 0.040947 0.001000 0.027522
v 0.040114 0.001000 0.027265
v 0.039285 0.001000 0.026998
v 0.038459 0.001000 0.026722
v 0.037068 0.001000 0.026237
v 0.035683 0.001000 0.025733
v 0.035350 0.001000 0.025527
v 0.035121 0.001000 0.025209
v 0.035032 0.001000 0.024828
v 0.035096 0.001000 0.024441
v 0.035096 -0.001000 0.024441
v 0.035450 0.001000 0.023506
v 0.035450 -0.001000 0.023506
v 0.035450 -0.001000 0.023506
v 0.036733 0.001000 0.022922
v 0.036733 -0.001000 0.022922
v 0.036365 -0.001000 0.022860
v 0.035971 -0.001000 0.022950
v 0.035645 -0.001000 0.023188
v 0.036733 0.000000 0.022922
v 0.035450 0.001000 0.023506
v 0.035645 0.001000 0.023188
v 0.035971 0.001000 0.022950
v 0.036365 0.001000 0.022860
v 0.036733 0.001000 0.022922
v 0.069318 0.001000 0.039624
v 0.069318 -0.001000 0.039624
v 0.069318 0.000000 0.039624
v 0.036733 -0.001000 0.022922
v 0.036733 0.000000 0.022922
v 0.071281 -0.001000 0.036619
v 0.072841 -0.001000 0.033856
v 0.074027 -0.001000 0.031327
v 0.074868 -0.001000 0.029025
v 0.075395 -0.001000 0.026943
v 0.075635 -0.001000 0.025075
v 0.075376 -0.001000 0.021949
v 0.074325 -0.001000 0.019591
v 0.072716 -0.001000 0.017944
v 0.070784 -0.001000 0.016951
v 0.068763 -0.001000 0.016555
v 0.066815 -0.001000 0.016700
v 0.064993 -0.001000 0.017297
v 0.063271 -0.001000 0.018242
v 0.061624 -0.001000 0.019427
v 0.060029 -0.001000 0.020747
v 0.058458 -0.001000 0.022096
v 0.056889 -0.001000 0.023367
v 0.055296 -0.001000 0.024455
v 0.052002 -0.001000 0.025771
v 0.050152 -0.001000 0.026013
v 0.048095 -0.001000 0.025972
v 0.045778 -0.001000 0.025646
v 0.043148 -0.001000 0.025032
v 0.040151 -0.001000 0.024125
v 0.040151 0.001000 0.024125
v 0.043148 0.001000 0.025032
v 0.045778 0.001000 0.025646
v 0.048095 0.001000 0.025972
v 0.050152 0.001000 0.026013
v 0.052002 0.001000 0.025771
v 0.055296 0.001000 0.024455
v 0.056889 0.001000 0.023367
v 0.058458 0.001000 0.022096
v 0.060029 0.001000 0.020747
v 0.061624 0.001000 0.019427
v 0.063271 0.001000 0.018242
v 0.064993 0.001000 0.017297
v 0.066815 0.001000 0.016700
v 0.068763 0.001000 0.016555
v 0.070784 0.001000 0.016951
v 0.072716 0.001000 0.017944
v 0.074325 0.001000 0.019591
v 0.075376 0.001000 0.021949
v 0.075635 0.001000 0.025075
v 0.075395 0.001000 0.026943
v 0.074868 0.001000 0.029025
v 0.074027 0.001000 0.031327
v 0.072841 0.001000 0.033856
v 0.071281 0.001000 0.036619
v 0.039620 -0.001000 0.069322
v 0.022918 0.001000 0.036737
v 0.022918 -0.001000 0.036737
v 0.024121 -0.001000 0.040155
v 0.025027 -0.001000 0.043152
v 0.025642 -0.001000 0.045782
v 0.025968 -0.001000 0.048099
v 0.025767 -0.001000 0.052006
v 0.024451 -0.001000 0.055300
v 0.022091 -0.001000 0.058463
v 0.020743 -0.001000 0.060033
v 0.019423 -0.001000 0.061628
v 0.018238 -0.001000 0.063275
v 0.017293 -0.001000 0.064997
v 0.016551 -0.001000 0.068768
v 0.016947 -0.001000 0.070788
v 0.017940 -0.001000 0.072720
v 0.019587 -0.001000 0.074329
v 0.021945 -0.001000 0.075380
v 0.025071 -0.001000 0.075640
v 0.026939 -0.001000 0.075399
v 0.029021 -0.001000 0.074873
v 0.031323 -0.001000 0.074031
v 0.033852 -0.001000 0.072845
v 0.036615 -0.001000 0.071285
v 0.039620 0.001000 0.069322
v 0.036615 0.001000 0.071285
v 0.033852 0.001000 0.072845
v 0.031323 0.001000 0.074031
v 0.029021 0.001000 0.074873
v 0.026939 0.001000 0.075399
v 0.025071 0.001000 0.075640
v 0.021945 0.001000 0.075380
v 0.019587 0.001000 0.074329
v 0.017940 0.001000 0.072720
v 0.016947 0.001000 0.070788
v 0.016551 0.001000 0.068768
v 0.017293 0.001000 0.064997
v 0.018238 0.001000 0.063275
v 0.019423 0.001000 0.061628
v 0.020743 0.001000 0.060033
v 0.022091 0.001000 0.058463
v 0.024451 0.001000 0.055300
v 0.025767 0.001000 0.052006
v 0.025968 0.001000 0.048099
v 0.025642 0.001000 0.045782
v 0.025027 0.001000 0.043152
v 0.024121 0.001000 0.040155
v 0.022918 0.000000 0.036737
v 0.039620 0.000000 0.069322
v 0.022918 -0.001000 0.036737
v 0.023502 0.001000 0.035454
v 0.023502 -0.001000 0.035454
v 0.022918 0.000000 0.036737
v 0.023183 -0.001000 0.035649
v 0.022946 -0.001000 0.035975
v 0.022856 -0.001000 0.036369
v 0.022918 0.001000 0.036737
v 0.022856 0.001000 0.036369
v 0.022946 0.001000 0.035975
v 0.023183 0.001000 0.035649
v 0.023502 0.001000 0.035454
v 0.023502 -0.001000 0.035454
v 0.024437 0.001000 0.035100
v 0.024437 -0.001000 0.035100
v 0.024437 0.001000 0.035100
v 0.024437 -0.001000 0.035100
v 0.037896 -0.001000 0.066867
v 0.036718 -0.001000 0.067665
v 0.035520 -0.001000 0.068434
v 0.034301 -0.001000 0.069170
v 0.033060 -0.001000 0.069867
v 0.031958 -0.001000 0.070440
v 0.030836 -0.001000 0.070972
v 0.029693 -0.001000 0.071455
v 0.028526 -0.001000 0.071880
v 0.027609 -0.001000 0.072161
v 0.026678 -0.001000 0.072391
v 0.025905 -0.001000 0.072534
v 0.025125 -0.001000 0.072627
v 0.023962 -0.001000 0.072655
v 0.022812 -0.001000 0.072503
v 0.022052 -0.001000 0.072266
v 0.021349 -0.001000 0.071900
v 0.020401 -0.001000 0.071004
v 0.019799 -0.001000 0.069857
v 0.019547 -0.001000 0.068610
v 0.019630 -0.001000 0.067442
v 0.020026 -0.001000 0.066236
v 0.020737 -0.001000 0.064937
v 0.021225 -0.001000 0.064220
v 0.021746 -0.001000 0.063527
v 0.022352 -0.001000 0.062776
v 0.022975 -0.001000 0.062039
v 0.023692 -0.001000 0.061206
v 0.024407 -0.001000 0.060371
v 0.025105 -0.001000 0.059532
v 0.025780 -0.001000 0.058674
v 0.026441 -0.001000 0.057758
v 0.027048 -0.001000 0.056805
v 0.027602 -0.001000 0.055776
v 0.028072 -0.001000 0.054707
v 0.028452 -0.001000 0.053603
v 0.028736 -0.001000 0.052471
v 0.028925 -0.001000 0.051271
v 0.029014 -0.001000 0.050058
v 0.029013 -0.001000 0.048782
v 0.028927 -0.001000 0.047509
v 0.028750 -0.001000 0.046139
v 0.028502 -0.001000 0.044779
v 0.028160 -0.001000 0.043276
v 0.027762 -0.001000 0.041787
v 0.027518 -0.001000 0.040951
v 0.027261 -0.001000 0.040118
v 0.026994 -0.001000 0.039289
v 0.026718 -0.001000 0.038463
v 0.026233 -0.001000 0.037072
v 0.025729 -0.001000 0.035688
v 0.025523 -0.001000 0.035354
v 0.025205 -0.001000 0.035125
v 0.024823 -0.001000 0.035036
v 0.024823 0.001000 0.035036
v 0.025205 0.001000 0.035125
v 0.025523 0.001000 0.035354
v 0.025729 0.001000 0.035688
v 0.026233 0.001000 0.037072
v 0.026718 0.001000 0.038463
v 0.026994 0.001000 0.039289
v 0.027261 0.001000 0.040118
v 0.027518 0.001000 0.040951
v 0.027762 0.001000 0.041787
v 0.028160 0.001000 0.043276
v 0.028502 0.001000 0.044779
v 0.028750 0.001000 0.046139
v 0.028927 0.001000 0.047509
v 0.029013 0.001000 0.048782
v 0.029014 0.001000 0.050058
v 0.028925 0.001000 0.051271
v 0.028736 0.001000 0.052471
v 0.028452 0.001000 0.053603
v 0.028072 0.001000 0.054707
v 0.027602 0.001000 0.055776
v 0.027048 0.001000 0.056805
v 0.026441 0.001000 0.057758
v 0.025780 0.001000 0.058674
v 0.025105 0.001000 0.059532
v 0.024407 0.001000 0.060371
v 0.023692 0.001000 0.061206
v 0.022975 0.001000 0.062039
v 0.022352 0.001000 0.062776
v 0.021746 0.001000 0.063527
v 0.021225 0.001000 0.064220
v 0.020737 0.001000 0.064937
v 0.020026 0.001000 0.066236
v 0.019630 0.001000 0.067442
v 0.019547 0.001000 0.068610
v 0.019799 0.001000 0.069857
v 0.020401 0.001000 0.071004
v 0.021349 0.001000 0.071900
v 0.022052 0.001000 0.072266
v 0.022812 0.001000 0.072503
v 0.023962 0.001000 0.072655
v 0.025125 0.001000 0.072627
v 0.025905 0.001000 0.072534
v 0.026678 0.001000 0.072391
v 0.027609 0.001000 0.072161
v 0.028526 0.001000 0.071880
v 0.029693 0.001000 0.071455
v 0.030836 0.001000 0.070972
v 0.031958 0.001000 0.070440
v 0.033060 0.001000 0.069867
v 0.034301 0.001000 0.069170
v 0.035520 0.001000 0.068434
v 0.036718 0.001000 0.067665
v 0.037896 0.001000 0.066867
v 0.037896 0.000000 0.066867
v 0.037896 -0.001000 0.066867
v 0.039279 0.001000 0.067105
v 0.039279 -0.001000 0.067105
v 0.037896 0.000000 0.066867
v 0.039010 -0.001000 0.066849
v 0.038636 -0.001000 0.066702
v 0.038235 -0.001000 0.066715
v 0.037896 0.001000 0.066867
v 0.038235 0.001000 0.066715
v 0.038636 0.001000 0.066702
v 0.039010 0.001000 0.066849
v 0.039279 -0.001000 0.067105
v 0.039862 0.001000 0.067918
v 0.039862 -0.001000 0.067918
v 0.039279 0.001000 0.067105
v 0.039862 -0.001000 0.067918
v 0.040034 -0.001000 0.068670
v 0.039620 0.001000 0.069322
v 0.039620 -0.001000 0.069322
v 0.039620 0.000000 0.069322
v 0.039893 -0.001000 0.069038
v 0.040024 -0.001000 0.068277
v 0.039862 0.001000 0.067918
v 0.040024 0.001000 0.068277
v 0.040034 0.001000 0.068670
v 0.039893 0.001000 0.069038
v 0.000990 -0.001000 0.028109
v 0.009142 0.001000 0.038645
v -0.000010 0.001000 0.060772
v -0.000010 -0.001000 0.060772
v 0.000990 0.000000 0.028109
v 0.002259 -0.001000 0.060574
v 0.004482 -0.001000 0.059945
v 0.006615 -0.001000 0.058834
v 0.008613 -0.001000 0.057189
v 0.010408 -0.001000 0.055006
v 0.011854 -0.001000 0.052468
v 0.012780 -0.001000 0.049806
v 0.013017 -0.001000 0.047251
v 0.012481 -0.001000 0.044970
v 0.011429 -0.001000 0.042876
v 0.010202 -0.001000 0.040818
v 0.009142 -0.001000 0.038645
v 0.008489 -0.001000 0.036272
v 0.008076 -0.001000 0.033876
v 0.007636 -0.001000 0.031698
v 0.006899 -0.001000 0.029980
v 0.005838 -0.001000 0.028995
v 0.004435 -0.001000 0.028434
v 0.000990 0.001000 0.028109
v 0.004435 0.001000 0.028434
v 0.005838 0.001000 0.028995
v 0.006899 0.001000 0.029980
v 0.007636 0.001000 0.031698
v 0.008076 0.001000 0.033876
v 0.008489 0.001000 0.036272
v 0.010202 0.001000 0.040818
v 0.011429 0.001000 0.042876
v 0.012481 0.001000 0.044970
v 0.013017 0.001000 0.047251
v 0.012780 0.001000 0.049806
v 0.011854 0.001000 0.052468
v 0.010408 0.001000 0.055006
v 0.008613 0.001000 0.057189
v 0.006615 0.001000 0.058834
v 0.004482 0.001000 0.059945
v 0.002259 0.001000 0.060574
v -0.000010 -0.001000 0.060772
v -0.009162 -0.001000 0.038645
v -0.001010 0.001000 0.028109
v -0.001010 -0.001000 0.028109
v -0.004455 -0.001000 0.028434
v -0.005858 -0.001000 0.028995
v -0.006919 -0.001000 0.029980
v -0.007656 -0.001000 0.031698
v -0.008097 -0.001000 0.033876
v -0.008509 -0.001000 0.036272
v -0.010222 -0.001000 0.040818
v -0.011449 -0.001000 0.042876
v -0.012501 -0.001000 0.044970
v -0.013037 -0.001000 0.047251
v -0.012800 -0.001000 0.049806
v -0.011874 -0.001000 0.052468
v -0.010429 -0.001000 0.055006
v -0.008633 -0.001000 0.057189
v -0.006636 -0.001000 0.058834
v -0.004502 -0.001000 0.059945
v -0.002279 -0.001000 0.060574
v -0.000010 0.001000 0.060772
v -0.002279 0.001000 0.060574
v -0.004502 0.001000 0.059945
v -0.006636 0.001000 0.058834
v -0.008633 0.001000 0.057189
v -0.010429 0.001000 0.055006
v -0.011874 0.001000 0.052468
v -0.012800 0.001000 0.049806
v -0.013037 0.001000 0.047251
v -0.012501 0.001000 0.044970
v -0.011449 0.001000 0.042876
v -0.010222 0.001000 0.040818
v -0.009162 0.001000 0.038645
v -0.008509 0.001000 0.036272
v -0.008097 0.001000 0.033876
v -0.007656 0.001000 0.031698
v -0.006919 0.001000 0.029980
v -0.005858 0.001000 0.028995
v -0.004455 0.001000 0.028434
v -0.001010 0.000000 0.028109
v -0.001010 -0.001000 0.025525
v 0.000990 -0.001000 0.025525
v -0.001010 0.001000 0.025525
v 0.000990 0.001000 0.025525
v -0.001010 -0.001000 0.028109
v -0.001010 0.001000 0.028109
v -0.001010 0.000000 0.028109
v -0.001010 -0.001000 0.025525
v -0.001010 0.001000 0.025525
v -0.001010 0.001000 0.025598
v -0.001010 -0.001000 0.025598
v 0.000990 0.001000 0.028109
v 0.000990 0.000000 0.028109
v 0.000990 -0.001000 0.025525
v 0.000990 0.001000 0.025525
v 0.000990 0.001000 0.025598
v 0.000990 -0.001000 0.028109
v 0.000990 -0.001000 0.025598
v 0.028105 -0.001000 -0.001006
v 0.060768 0.001000 -0.000006
v 0.060768 -0.001000 -0.000006
v 0.028105 0.000000 -0.001006
v 0.060570 -0.001000 -0.002275
v 0.059941 -0.001000 -0.004498
v 0.058830 -0.001000 -0.006631
v 0.057185 -0.001000 -0.008629
v 0.055002 -0.001000 -0.010424
v 0.052464 -0.001000 -0.011870
v 0.049802 -0.001000 -0.012796
v 0.047247 -0.001000 -0.013033
v 0.044966 -0.001000 -0.012497
v 0.042872 -0.001000 -0.011445
v 0.040814 -0.001000 -0.010218
v 0.038641 -0.001000 -0.009158
v 0.036268 -0.001000 -0.008505
v 0.033871 -0.001000 -0.008092
v 0.031693 -0.001000 -0.007652
v 0.029976 -0.001000 -0.006915
v 0.028990 -0.001000 -0.005854
v 0.028430 -0.001000 -0.004451
v 0.028105 0.001000 -0.001006
v 0.028430 0.001000 -0.004451
v 0.028990 0.001000 -0.005854
v 0.029976 0.001000 -0.006915
v 0.031693 0.001000 -0.007652
v 0.033871 0.001000 -0.008092
v 0.036268 0.001000 -0.008505
v 0.038641 0.001000 -0.009158
v 0.040814 0.001000 -0.010218
v 0.042872 0.001000 -0.011445
v 0.044966 0.001000 -0.012497
v 0.047247 0.001000 -0.013033
v 0.049802 0.001000 -0.012796
v 0.052464 0.001000 -0.011870
v 0.055002 0.001000 -0.010424
v 0.057185 0.001000 -0.008629
v 0.058830 0.001000 -0.006631
v 0.059941 0.001000 -0.004498
v 0.060570 0.001000 -0.002275
v 0.025521 -0.001000 0.000994
v 0.025521 -0.001000 -0.001006
v 0.025521 0.001000 0.000994
v 0.025521 0.001000 -0.001006
v 0.028105 -0.001000 0.000994
v 0.025521 -0.001000 0.000994
v 0.028105 0.001000 0.000994
v 0.028105 0.000000 0.000994
v 0.025521 0.001000 0.000994
v 0.025594 0.001000 0.000994
v 0.025594 -0.001000 0.000994
v 0.028105 0.001000 -0.001006
v 0.028105 0.000000 -0.001006
v 0.025521 -0.001000 -0.001006
v 0.025521 0.001000 -0.001006
v 0.025594 0.001000 -0.001006
v 0.028105 -0.001000 -0.001006
v 0.025594 -0.001000 -0.001006
v 0.060768 0.001000 -0.000006
v 0.060768 -0.001000 -0.000006
v 0.028105 0.001000 0.000994
v 0.028105 -0.001000 0.000994
v 0.028105 0.000000 0.000994
v 0.028430 -0.001000 0.004439
v 0.028990 -0.001000 0.005842
v 0.029976 -0.001000 0.006903
v 0.031693 -0.001000 0.007640
v 0.033871 -0.001000 0.008080
v 0.036268 -0.001000 0.008493
v 0.038641 -0.001000 0.009146
v 0.040814 -0.001000 0.010206
v 0.042872 -0.001000 0.011433
v 0.044966 -0.001000 0.012485
v 0.047247 -0.001000 0.013021
v 0.049802 -0.001000 0.012784
v 0.052464 -0.001000 0.011858
v 0.055002 -0.001000 0.010412
v 0.057185 -0.001000 0.008617
v 0.058830 -0.001000 0.006619
v 0.059941 -0.001000 0.004486
v 0.060570 -0.001000 0.002263
v 0.060570 0.001000 0.002263
v 0.059941 0.001000 0.004486
v 0.058830 0.001000 0.006619
v 0.057185 0.001000 0.008617
v 0.055002 0.001000 0.010412
v 0.052464 0.001000 0.011858
v 0.049802 0.001000 0.012784
v 0.047247 0.001000 0.013021
v 0.044966 0.001000 0.012485
v 0.042872 0.001000 0.011433
v 0.040814 0.001000 0.010206
v 0.038641 0.001000 0.009146
v 0.036268 0.001000 0.008493
v 0.033871 0.001000 0.008080
v 0.031693 0.001000 0.007640
v 0.029976 0.001000 0.006903
v 0.028990 0.001000 0.005842
v 0.028430 0.001000 0.004439
v -0.001010 -0.001000 -0.028121
v -0.000010 0.001000 -0.060784
v -0.000010 -0.001000 -0.060784
v -0.001010 0.000000 -0.028121
v -0.002279 -0.001000 -0.060586
v -0.004502 -0.001000 -0.059957
v -0.006636 -0.001000 -0.058846
v -0.008633 -0.001000 -0.057201
v -0.010429 -0.001000 -0.055018
v -0.011874 -0.001000 -0.052480
v -0.012800 -0.001000 -0.049818
v -0.013037 -0.001000 -0.047263
v -0.012501 -0.001000 -0.044982
v -0.011449 -0.001000 -0.042888
v -0.010222 -0.001000 -0.040830
v -0.009162 -0.001000 -0.038657
v -0.008509 -0.001000 -0.036284
v -0.008097 -0.001000 -0.033887
v -0.007656 -0.001000 -0.031709
v -0.006919 -0.001000 -0.029992
v -0.005858 -0.001000 -0.029006
v -0.004455 -0.001000 -0.028446
v -0.001010 0.001000 -0.028121
v -0.004455 0.001000 -0.028446
v -0.005858 0.001000 -0.029006
v -0.006919 0.001000 -0.029992
v -0.007656 0.001000 -0.031709
v -0.008097 0.001000 -0.033887
v -0.008509 0.001000 -0.036284
v -0.009162 0.001000 -0.038657
v -0.010222 0.001000 -0.040830
v -0.011449 0.001000 -0.042888
v -0.012501 0.001000 -0.044982
v -0.013037 0.001000 -0.047263
v -0.012800 0.001000 -0.049818
v -0.011874 0.001000 -0.052480
v -0.010429 0.001000 -0.055018
v -0.008633 0.001000 -0.057201
v -0.006636 0.001000 -0.058846
v -0.004502 0.001000 -0.059957
v -0.002279 0.001000 -0.060586
v 0.000990 -0.001000 -0.025537
v -0.001010 -0.001000 -0.025537
v 0.000990 0.001000 -0.025537
v -0.001010 0.001000 -0.025537
v 0.000990 -0.001000 -0.028121
v 0.000990 -0.001000 -0.025537
v 0.000990 0.001000 -0.028121
v 0.000990 0.000000 -0.028121
v 0.000990 0.001000 -0.025537
v 0.000990 0.001000 -0.025610
v 0.000990 -0.001000 -0.025610
v -0.001010 0.001000 -0.028121
v -0.001010 0.000000 -0.028121
v -0.001010 -0.001000 -0.025537
v -0.001010 0.001000 -0.025537
v -0.001010 0.001000 -0.025610
v -0.001010 -0.001000 -0.028121
v -0.001010 -0.001000 -0.025610
v -0.000010 -0.001000 -0.060784
v 0.000990 0.001000 -0.028121
v 0.000990 -0.001000 -0.028121
v 0.000990 0.000000 -0.028121
v 0.004435 -0.001000 -0.028446
v 0.005838 -0.001000 -0.029006
v 0.006899 -0.001000 -0.029992
v 0.007636 -0.001000 -0.031709
v 0.008076 -0.001000 -0.033887
v 0.008489 -0.001000 -0.036284
v 0.009142 -0.001000 -0.038657
v 0.010202 -0.001000 -0.040830
v 0.011429 -0.001000 -0.042888
v 0.012481 -0.001000 -0.044982
v 0.013017 -0.001000 -0.047263
v 0.012780 -0.001000 -0.049818
v 0.011854 -0.001000 -0.052480
v 0.010408 -0.001000 -0.055018
v 0.008613 -0.001000 -0.057201
v 0.006615 -0.001000 -0.058846
v 0.004482 -0.001000 -0.059957
v 0.002259 -0.001000 -0.060586
v -0.000010 0.001000 -0.060784
v 0.002259 0.001000 -0.060586
v 0.004482 0.001000 -0.059957
v 0.006615 0.001000 -0.058846
v 0.008613 0.001000 -0.057201
v 0.010408 0.001000 -0.055018
v 0.011854 0.001000 -0.052480
v 0.012780 0.001000 -0.049818
v 0.013017 0.001000 -0.047263
v 0.012481 0.001000 -0.044982
v 0.011429 0.001000 -0.042888
v 0.010202 0.001000 -0.040830
v 0.009142 0.001000 -0.038657
v 0.008489 0.001000 -0.036284
v 0.008076 0.001000 -0.033887
v 0.007636 0.001000 -0.031709
v 0.006899 0.001000 -0.029992
v 0.005838 0.001000 -0.029006
v 0.004435 0.001000 -0.028446
v -0.028125 -0.001000 0.000994
v -0.060788 0.001000 -0.000006
v -0.060788 -0.001000 -0.000006
v -0.028125 0.000000 0.000994
v -0.060590 -0.001000 0.002263
v -0.059961 -0.001000 0.004486
v -0.058850 -0.001000 0.006619
v -0.057205 -0.001000 0.008617
v -0.055022 -0.001000 0.010412
v -0.052484 -0.001000 0.011858
v -0.049822 -0.001000 0.012784
v -0.047267 -0.001000 0.013021
v -0.044986 -0.001000 0.012485
v -0.042892 -0.001000 0.011433
v -0.040834 -0.001000 0.010206
v -0.038661 -0.001000 0.009146
v -0.036288 -0.001000 0.008493
v -0.033892 -0.001000 0.008080
v -0.031714 -0.001000 0.007640
v -0.029996 -0.001000 0.006903
v -0.029011 -0.001000 0.005842
v -0.028450 -0.001000 0.004439
v -0.028125 0.001000 0.000994
v -0.028450 0.001000 0.004439
v -0.029011 0.001000 0.005842
v -0.029996 0.001000 0.006903
v -0.031714 0.001000 0.007640
v -0.033892 0.001000 0.008080
v -0.036288 0.001000 0.008493
v -0.038661 0.001000 0.009146
v -0.040834 0.001000 0.010206
v -0.042892 0.001000 0.011433
v -0.044986 0.001000 0.012485
v -0.047267 0.001000 0.013021
v -0.049822 0.001000 0.012784
v -0.052484 0.001000 0.011858
v -0.055022 0.001000 0.010412
v -0.057205 0.001000 0.008617
v -0.058850 0.001000 0.006619
v -0.059961 0.001000 0.004486
v -0.060590 0.001000 0.002263
v -0.025541 -0.001000 -0.001006
v -0.025541 -0.001000 0.000994
v -0.025541 0.001000 -0.001006
v -0.025541 0.001000 0.000994
v -0.028125 -0.001000 -0.001006
v -0.025541 -0.001000 -0.001006
v -0.028125 0.001000 -0.001006
v -0.028125 0.000000 -0.001006
v -0.025541 0.001000 -0.001006
v -0.025614 0.001000 -0.001006
v -0.025614 -0.001000 -0.001006
v -0.028125 0.001000 0.000994
v -0.028125 0.000000 0.000994
v -0.025541 -0.001000 0.000994
v -0.025541 0.001000 0.000994
v -0.025614 0.001000 0.000994
v -0.028125 -0.001000 0.000994
v -0.025614 -0.001000 0.000994
v -0.060788 -0.001000 -0.000006
v -0.028125 0.001000 -0.001006
v -0.028125 -0.001000 -0.001006
v -0.028125 0.000000 -0.001006
v -0.028450 -0.001000 -0.004451
v -0.029011 -0.001000 -0.005854
v -0.029996 -0.001000 -0.006915
v -0.031714 -0.001000 -0.007652
v -0.033892 -0.001000 -0.008092
v -0.036288 -0.001000 -0.008505
v -0.038661 -0.001000 -0.009158
v -0.040834 -0.001000 -0.010218
v -0.042892 -0.001000 -0.011445
v -0.044986 -0.001000 -0.012497
v -0.047267 -0.001000 -0.013033
v -0.049822 -0.001000 -0.012796
v -0.052484 -0.001000 -0.011870
v -0.055022 -0.001000 -0.010424
v -0.057205 -0.001000 -0.008629
v -0.058850 -0.001000 -0.006631
v -0.059961 -0.001000 -0.004498
v -0.060590 -0.001000 -0.002275
v -0.060788 0.001000 -0.000006
v -0.060590 0.001000 -0.002275
v -0.059961 0.001000 -0.004498
v -0.058850 0.001000 -0.006631
v -0.057205 0.001000 -0.008629
v -0.055022 0.001000 -0.010424
v -0.052484 0.001000 -0.011870
v -0.049822 0.001000 -0.012796
v -0.047267 0.001000 -0.013033
v -0.044986 0.001000 -0.012497
v -0.042892 0.001000 -0.011445
v -0.040834 0.001000 -0.010218
v -0.038661 0.001000 -0.009158
v -0.036288 0.001000 -0.008505
v -0.033892 0.001000 -0.008092
v -0.031714 0.001000 -0.007652
v -0.029996 0.001000 -0.006915
v -0.029011 0.001000 -0.005854
v -0.028450 0.001000 -0.004451
v 0.058102 -0.001000 0.058106
v 0.058102 0.001000 0.058106
v 0.065751 0.001000 0.049993
v 0.065751 -0.001000 0.049993
v 0.028408 -0.001000 0.012190
v 0.028408 0.001000 0.012190
v 0.033178 -0.001000 0.011229
v 0.033178 0.001000 0.011229
v 0.037645 -0.001000 0.012849
v 0.037645 0.001000 0.012849
v 0.041377 -0.001000 0.015543
v 0.041377 0.001000 0.015543
v 0.045552 -0.001000 0.017412
v 0.045552 0.001000 0.017412
v 0.050329 -0.001000 0.017023
v 0.050329 0.001000 0.017023
v 0.054719 -0.001000 0.015033
v 0.054719 0.001000 0.015033
v 0.058586 -0.001000 0.012313
v 0.058586 0.001000 0.012313
v 0.061928 -0.001000 0.008856
v 0.061928 0.001000 0.008856
v 0.064218 -0.001000 0.004721
v 0.064218 0.001000 0.004721
v 0.065050 -0.001000 0.000106
v 0.065050 0.001000 0.000106
v 0.064295 -0.001000 -0.004536
v 0.064295 0.001000 -0.004536
v 0.062025 -0.001000 -0.008772
v 0.062025 0.001000 -0.008772
v 0.058647 -0.001000 -0.012296
v 0.058647 0.001000 -0.012296
v 0.054719 -0.001000 -0.014995
v 0.054719 0.001000 -0.014995
v 0.050426 -0.001000 -0.016731
v 0.050426 0.001000 -0.016731
v 0.045806 -0.001000 -0.016704
v 0.045806 0.001000 -0.016704
v 0.041595 -0.001000 -0.014635
v 0.041595 0.001000 -0.014635
v 0.037553 -0.001000 -0.011997
v 0.037553 0.001000 -0.011997
v 0.033008 -0.001000 -0.010884
v 0.033008 0.001000 -0.010884
v 0.028349 -0.001000 -0.012172
v 0.028349 0.001000 -0.012172
v 0.028349 -0.001000 -0.012172
v 0.028349 0.001000 -0.012172
v 0.034102 -0.001000 -0.017282
v 0.034102 0.001000 -0.017282
v 0.041281 -0.001000 -0.020416
v 0.041281 0.001000 -0.020416
v 0.048548 -0.001000 -0.021714
v 0.048548 0.001000 -0.021714
v 0.055636 -0.001000 -0.019559
v 0.055636 0.001000 -0.019559
v 0.061549 -0.001000 -0.014965
v 0.061549 0.001000 -0.014965
v 0.068651 -0.001000 -0.012666
v 0.068651 0.001000 -0.012666
v 0.075953 -0.001000 -0.014786
v 0.075953 0.001000 -0.014786
v 0.079709 -0.001000 -0.020834
v 0.079709 0.001000 -0.020834
v 0.078959 -0.001000 -0.028370
v 0.078959 0.001000 -0.028370
v 0.076218 -0.001000 -0.035474
v 0.076218 0.001000 -0.035474
v 0.072273 -0.001000 -0.041844
v 0.067474 -0.001000 -0.048005
v 0.067474 0.001000 -0.048005
v 0.072273 0.000291 -0.041844
v 0.012228 -0.001000 -0.028332
v 0.012228 0.001000 -0.028332
v 0.011221 -0.001000 -0.033146
v 0.011221 0.001000 -0.033146
v 0.012800 -0.001000 -0.037591
v 0.012800 0.001000 -0.037591
v 0.015493 -0.001000 -0.041324
v 0.015493 0.001000 -0.041324
v 0.017395 -0.001000 -0.045504
v 0.017395 0.001000 -0.045504
v 0.017041 -0.001000 -0.050274
v 0.017041 0.001000 -0.050274
v 0.015029 -0.001000 -0.054735
v 0.015029 0.001000 -0.054735
v 0.012340 -0.001000 -0.058565
v 0.012340 0.001000 -0.058565
v 0.008883 -0.001000 -0.061920
v 0.008883 0.001000 -0.061920
v 0.004747 -0.001000 -0.064223
v 0.004747 0.001000 -0.064223
v 0.000126 -0.001000 -0.065065
v 0.000126 0.001000 -0.065065
v -0.004524 -0.001000 -0.064316
v -0.004524 0.001000 -0.064316
v -0.008768 -0.001000 -0.062046
v -0.008768 0.001000 -0.062046
v -0.012299 -0.001000 -0.058664
v -0.012299 0.001000 -0.058664
v -0.015001 -0.001000 -0.054730
v -0.015001 0.001000 -0.054730
v -0.016738 -0.001000 -0.050429
v -0.016738 0.001000 -0.050429
v -0.016703 -0.001000 -0.045803
v -0.016703 0.001000 -0.045803
v -0.014622 -0.001000 -0.041585
v -0.014622 0.001000 -0.041585
v -0.011997 -0.001000 -0.037561
v -0.011997 0.001000 -0.037561
v -0.010890 -0.001000 -0.032982
v -0.010890 0.001000 -0.032982
v -0.012199 -0.001000 -0.028318
v -0.012199 0.001000 -0.028318
v -0.012199 -0.001000 -0.028318
v -0.012199 0.001000 -0.028318
v -0.017287 -0.001000 -0.034094
v -0.017287 0.001000 -0.034094
v -0.020423 -0.001000 -0.041284
v -0.020423 0.001000 -0.041284
v -0.021726 -0.001000 -0.048547
v -0.021726 0.001000 -0.048547
v -0.019577 -0.001000 -0.055638
v -0.019577 0.001000 -0.055638
v -0.014979 -0.001000 -0.061550
v -0.014979 0.001000 -0.061550
v -0.012670 -0.001000 -0.068652
v -0.012670 0.001000 -0.068652
v -0.014784 -0.001000 -0.075959
v -0.014784 0.001000 -0.075959
v -0.020829 -0.001000 -0.079724
v -0.020829 0.001000 -0.079724
v -0.028367 -0.001000 -0.078977
v -0.028367 0.001000 -0.078977
v -0.035474 -0.001000 -0.076236
v -0.035474 0.001000 -0.076236
v -0.041846 -0.001000 -0.072290
v -0.041846 0.001000 -0.072290
v -0.048010 -0.001000 -0.067490
v -0.048010 0.001000 -0.067490
v -0.028341 -0.001000 -0.012241
v -0.028341 0.001000 -0.012241
v -0.033153 -0.001000 -0.011238
v -0.033153 0.001000 -0.011238
v -0.037601 -0.001000 -0.012820
v -0.037601 0.001000 -0.012820
v -0.041335 -0.001000 -0.015514
v -0.041335 0.001000 -0.015514
v -0.045516 -0.001000 -0.017413
v -0.045516 0.001000 -0.017413
v -0.050288 -0.001000 -0.017054
v -0.050288 0.001000 -0.017054
v -0.054739 -0.001000 -0.015045
v -0.054739 0.001000 -0.015045
v -0.058576 -0.001000 -0.012349
v -0.058576 0.001000 -0.012349
v -0.061930 -0.001000 -0.008891
v -0.061930 0.001000 -0.008891
v -0.064231 -0.001000 -0.004753
v -0.064231 0.001000 -0.004753
v -0.065070 -0.001000 -0.000131
v -0.065070 0.001000 -0.000131
v -0.064317 -0.001000 0.004519
v -0.064317 0.001000 0.004519
v -0.062043 -0.001000 0.008762
v -0.062043 0.001000 0.008762
v -0.058658 -0.001000 0.012292
v -0.058658 0.001000 0.012292
v -0.054721 -0.001000 0.014993
v -0.054721 0.001000 0.014993
v -0.050419 -0.001000 0.016726
v -0.050419 0.001000 0.016726
v -0.045794 -0.001000 0.016683
v -0.045794 0.001000 0.016683
v -0.041575 -0.001000 0.014597
v -0.041575 0.001000 0.014597
v -0.037562 -0.001000 0.011979
v -0.037562 0.001000 0.011979
v -0.032970 -0.001000 0.010875
v -0.032970 0.001000 0.010875
v -0.028307 -0.001000 0.012190
v -0.028307 0.001000 0.012190
v -0.028307 -0.001000 0.012190
v -0.028307 0.001000 0.012190
v -0.034084 -0.001000 0.017278
v -0.034084 0.001000 0.017278
v -0.041276 -0.001000 0.020411
v -0.041276 0.001000 0.020411
v -0.048542 -0.001000 0.021711
v -0.048542 0.001000 0.021711
v -0.055636 -0.001000 0.019565
v -0.055636 0.001000 0.019565
v -0.061548 -0.001000 0.014967
v -0.061548 0.001000 0.014967
v -0.068650 -0.001000 0.012654
v -0.068650 0.001000 0.012654
v -0.075959 -0.001000 0.014765
v -0.075959 0.001000 0.014765
v -0.079728 -0.001000 0.020808
v -0.079728 0.001000 0.020808
v -0.078982 -0.001000 0.028348
v -0.078982 0.001000 0.028348
v -0.076241 -0.001000 0.035456
v -0.076241 0.001000 0.035456
v -0.072295 -0.001000 0.041829
v -0.067494 -0.001000 0.047993
v -0.067494 0.001000 0.047993
v -0.072295 0.000291 0.041829
v -0.012240 -0.001000 0.028338
v -0.012240 0.001000 0.028338
v -0.011242 -0.001000 0.033143
v -0.011242 0.001000 0.033143
v -0.012831 -0.001000 0.037596
v -0.012831 0.001000 0.037596
v -0.015525 -0.001000 0.041330
v -0.015525 0.001000 0.041330
v -0.017419 -0.001000 0.045510
v -0.017419 0.001000 0.045510
v -0.017054 -0.001000 0.050284
v -0.017054 0.001000 0.050284
v -0.015049 -0.001000 0.054723
v -0.015049 0.001000 0.054723
v -0.012347 -0.001000 0.058568
v -0.012347 0.001000 0.058568
v -0.008888 -0.001000 0.061920
v -0.008888 0.001000 0.061920
v -0.004749 -0.001000 0.064218
v -0.004749 0.001000 0.064218
v -0.000127 -0.001000 0.065054
v -0.000127 0.001000 0.065054
v 0.004523 -0.001000 0.064298
v 0.004523 0.001000 0.064298
v 0.008764 -0.001000 0.062023
v 0.008764 0.001000 0.062023
v 0.012293 -0.001000 0.058636
v 0.012293 0.001000 0.058636
v 0.014992 -0.001000 0.054699
v 0.014992 0.001000 0.054699
v 0.016723 -0.001000 0.050397
v 0.016723 0.001000 0.050397
v 0.016677 -0.001000 0.045773
v 0.016677 0.001000 0.045773
v 0.014590 -0.001000 0.041555
v 0.014590 0.001000 0.041555
v 0.011975 -0.001000 0.037545
v 0.011975 0.001000 0.037545
v 0.010871 -0.001000 0.032951
v 0.010871 0.001000 0.032951
v 0.012187 -0.001000 0.028288
v 0.012187 0.001000 0.028288
v 0.012187 -0.001000 0.028288
v 0.012187 0.001000 0.028288
v 0.017278 -0.001000 0.034063
v 0.017278 0.001000 0.034063
v 0.020412 -0.001000 0.041256
v 0.020412 0.001000 0.041256
v 0.021704 -0.001000 0.048521
v 0.021704 0.001000 0.048521
v 0.019531 -0.001000 0.055600
v 0.019531 0.001000 0.055600
v 0.014939 -0.001000 0.061523
v 0.014939 0.001000 0.061523
v 0.012648 -0.001000 0.068634
v 0.012648 0.001000 0.068634
v 0.014761 -0.001000 0.075943
v 0.014761 0.001000 0.075943
v 0.020804 -0.001000 0.079712
v 0.020804 0.001000 0.079712
v 0.028344 -0.001000 0.078966
v 0.028344 0.001000 0.078966
v 0.035451 -0.001000 0.076225
v 0.035451 0.001000 0.076225
v 0.041825 -0.001000 0.072279
v 0.047989 -0.001000 0.067478
v 0.047989 0.001000 0.067478
v 0.041825 0.000291 0.072279
v -0.050010 0.001000 -0.060491
v -0.050010 -0.001000 -0.065767
v -0.050010 -0.001000 -0.060491
v -0.050010 -0.001000 -0.060767
v -0.050010 0.001000 -0.065767
v -0.050010 0.001000 -0.060767
v -0.048010 -0.001000 -0.067490
v -0.048010 0.001000 -0.060491
v -0.048010 -0.001000 -0.060491
v -0.048010 -0.001000 -0.060767
v -0.048010 0.001000 -0.067490
v -0.048010 0.001000 -0.060767
v -0.050010 -0.001000 -0.065767
v -0.050010 0.001000 -0.065767
v -0.058122 -0.001000 -0.058118
v -0.065771 -0.001000 -0.050005
v -0.065771 0.001000 -0.050005
v -0.048010 -0.001000 -0.060491
v -0.050010 0.001000 -0.060491
v -0.048010 0.001000 -0.060491
v -0.050010 -0.001000 -0.060491
v -0.060495 0.001000 -0.050005
v -0.065771 -0.001000 -0.050005
v -0.065771 0.001000 -0.050005
v -0.060771 0.001000 -0.050005
v -0.060495 -0.001000 -0.050005
v -0.060771 -0.001000 -0.050005
v -0.060495 0.001000 -0.048005
v -0.067494 -0.001000 -0.048005
v -0.067494 0.001000 -0.048005
v -0.060771 0.001000 -0.048005
v -0.060495 -0.001000 -0.048005
v -0.060771 -0.001000 -0.048005
v -0.060495 -0.001000 -0.048005
v -0.060495 0.001000 -0.050005
v -0.060495 0.001000 -0.048005
v -0.060495 -0.001000 -0.050005
v -0.067494 -0.001000 -0.048005
v -0.072734 -0.001000 -0.041215
v -0.072734 0.001000 -0.041215
v -0.076857 -0.001000 -0.034231
v -0.076857 0.001000 -0.034231
v -0.079430 -0.001000 -0.026157
v -0.079430 0.001000 -0.026157
v -0.079002 -0.001000 -0.018060
v -0.079002 0.001000 -0.018060
v -0.072780 -0.001000 -0.013321
v -0.072780 0.001000 -0.013321
v -0.064621 -0.001000 -0.013384
v -0.064621 0.001000 -0.013384
v -0.057687 -0.001000 -0.017920
v -0.057687 0.001000 -0.017920
v -0.050688 -0.001000 -0.021635
v -0.050688 0.001000 -0.021635
v -0.042339 -0.001000 -0.020724
v -0.042339 0.001000 -0.020724
v -0.034802 -0.001000 -0.017713
v -0.034802 0.001000 -0.017713
v -0.028341 -0.001000 -0.012241
v -0.028341 0.001000 -0.012241
v -0.067494 0.001000 -0.048005
v 0.049989 0.001000 -0.060491
v 0.049989 -0.001000 -0.065767
v 0.049989 0.001000 -0.065767
v 0.049989 0.001000 -0.060767
v 0.049989 -0.001000 -0.060491
v 0.049989 -0.001000 -0.060767
v 0.047989 0.001000 -0.060491
v 0.047989 -0.001000 -0.067490
v 0.047989 0.001000 -0.067490
v 0.047989 0.001000 -0.060767
v 0.047989 -0.001000 -0.060491
v 0.047989 -0.001000 -0.060767
v 0.047989 -0.001000 -0.060491
v 0.049989 0.001000 -0.060491
v 0.047989 0.001000 -0.060491
v 0.049989 -0.001000 -0.060491
v 0.047989 -0.001000 -0.067490
v 0.041198 -0.001000 -0.072730
v 0.041198 0.001000 -0.072730
v 0.034214 -0.001000 -0.076854
v 0.034214 0.001000 -0.076854
v 0.026140 -0.001000 -0.079426
v 0.026140 0.001000 -0.079426
v 0.018042 -0.001000 -0.078997
v 0.018042 0.001000 -0.078997
v 0.013304 -0.001000 -0.072774
v 0.013304 0.001000 -0.072774
v 0.013369 -0.001000 -0.064614
v 0.013369 0.001000 -0.064614
v 0.017906 -0.001000 -0.057681
v 0.017906 0.001000 -0.057681
v 0.021619 -0.001000 -0.050680
v 0.021619 0.001000 -0.050680
v 0.020709 -0.001000 -0.042331
v 0.020709 0.001000 -0.042331
v 0.017700 -0.001000 -0.034791
v 0.017700 0.001000 -0.034791
v 0.012228 -0.001000 -0.028332
v 0.012228 0.001000 -0.028332
v 0.047989 0.001000 -0.067490
v 0.060475 0.001000 -0.050005
v 0.065751 -0.001000 -0.050005
v 0.065751 0.001000 -0.050005
v 0.060751 0.001000 -0.050005
v 0.060475 -0.001000 -0.050005
v 0.060751 -0.001000 -0.050005
v 0.067474 -0.001000 -0.048005
v 0.060475 0.001000 -0.048005
v 0.067474 0.001000 -0.048005
v 0.060751 0.001000 -0.048005
v 0.060475 -0.001000 -0.048005
v 0.060751 -0.001000 -0.048005
v 0.060475 -0.001000 -0.048005
v 0.060475 0.001000 -0.050005
v 0.060475 0.001000 -0.048005
v 0.060475 -0.001000 -0.050005
v 0.065751 -0.001000 -0.050005
v 0.058102 -0.001000 -0.058118
v 0.058102 0.001000 -0.058118
v 0.049989 -0.001000 -0.065767
v 0.049989 0.001000 -0.065767
v 0.065751 0.001000 -0.050005
v -0.050010 0.001000 0.060479
v -0.050010 -0.001000 0.065755
v -0.050010 0.001000 0.065755
v -0.050010 0.001000 0.060755
v -0.050010 -0.001000 0.060479
v -0.050010 -0.001000 0.060755
v -0.048010 0.001000 0.060479
v -0.048010 -0.001000 0.067478
v -0.048010 0.001000 0.067478
v -0.048010 0.001000 0.060755
v -0.048010 -0.001000 0.060479
v -0.048010 -0.001000 0.060755
v -0.048010 -0.001000 0.060479
v -0.050010 0.001000 0.060479
v -0.048010 0.001000 0.060479
v -0.050010 -0.001000 0.060479
v -0.048010 -0.001000 0.067478
v -0.041220 -0.001000 0.072717
v -0.041220 0.001000 0.072717
v -0.034238 -0.001000 0.076840
v -0.034238 0.001000 0.076840
v -0.026161 -0.001000 0.079414
v -0.026161 0.001000 0.079414
v -0.018068 -0.001000 0.078988
v -0.018068 0.001000 0.078988
v -0.013327 -0.001000 0.072770
v -0.013327 0.001000 0.072770
v -0.013385 -0.001000 0.064612
v -0.013385 0.001000 0.064612
v -0.017918 -0.001000 0.057678
v -0.017918 0.001000 0.057678
v -0.021635 -0.001000 0.050682
v -0.021635 0.001000 0.050682
v -0.020721 -0.001000 0.042334
v -0.020721 0.001000 0.042334
v -0.017709 -0.001000 0.034799
v -0.017709 0.001000 0.034799
v -0.012240 -0.001000 0.028338
v -0.012240 0.001000 0.028338
v -0.048010 0.001000 0.067478
v -0.060495 0.001000 0.049993
v -0.065771 -0.001000 0.049993
v -0.065771 0.001000 0.049993
v -0.060771 0.001000 0.049993
v -0.060495 -0.001000 0.049993
v -0.060771 -0.001000 0.049993
v -0.067494 -0.001000 0.047993
v -0.060495 0.001000 0.047993
v -0.067494 0.001000 0.047993
v -0.060771 0.001000 0.047993
v -0.060495 -0.001000 0.047993
v -0.060771 -0.001000 0.047993
v -0.060495 -0.001000 0.047993
v -0.060495 0.001000 0.049993
v -0.060495 0.001000 0.047993
v -0.060495 -0.001000 0.049993
v -0.065771 -0.001000 0.049993
v -0.058122 -0.001000 0.058106
v -0.058122 0.001000 0.058106
v -0.050010 -0.001000 0.065755
v -0.050010 0.001000 0.065755
v -0.065771 0.001000 0.049993
v 0.049989 0.001000 0.060479
v 0.049989 -0.001000 0.065755
v 0.049989 0.001000 0.065755
v 0.049989 0.001000 0.060755
v 0.049989 -0.001000 0.060479
v 0.049989 -0.001000 0.060755
v 0.047989 -0.001000 0.067478
v 0.047989 0.001000 0.060479
v 0.047989 0.001000 0.067478
v 0.047989 0.001000 0.060755
v 0.047989 -0.001000 0.060479
v 0.047989 -0.001000 0.060755
v 0.047989 -0.001000 0.060479
v 0.049989 0.001000 0.060479
v 0.047989 0.001000 0.060479
v 0.049989 -0.001000 0.060479
v 0.049989 -0.001000 0.065755
v 0.049989 0.001000 0.065755
v 0.054101 -0.001000 0.062000
v 0.054101 0.001000 0.062000
v 0.058102 -0.001000 0.058106
v 0.058102 0.001000 0.058106
v 0.060475 0.001000 0.049993
v 0.065751 -0.001000 0.049993
v 0.065751 0.001000 0.049993
v 0.060751 0.001000 0.049993
v 0.060475 -0.001000 0.049993
v 0.060751 -0.001000 0.049993
v 0.060475 0.001000 0.047993
v 0.067474 -0.001000 0.047993
v 0.067474 0.001000 0.047993
v 0.060751 0.001000 0.047993
v 0.060475 -0.001000 0.047993
v 0.060751 -0.001000 0.047993
v 0.060475 -0.001000 0.047993
v 0.060475 0.001000 0.049993
v 0.060475 0.001000 0.047993
v 0.060475 -0.001000 0.049993
v 0.067474 -0.001000 0.047993
v 0.072332 -0.001000 0.041749
v 0.072332 0.001000 0.041749
v 0.076200 -0.001000 0.035496
v 0.076200 0.001000 0.035496
v 0.078957 -0.001000 0.028368
v 0.078957 0.001000 0.028368
v 0.079749 -0.001000 0.021304
v 0.079749 0.001000 0.021304
v 0.075912 -0.001000 0.014748
v 0.075912 0.001000 0.014748
v 0.068666 -0.001000 0.012655
v 0.068666 0.001000 0.012655
v 0.061549 -0.001000 0.014953
v 0.061549 0.001000 0.014953
v 0.055553 -0.001000 0.019612
v 0.055553 0.001000 0.019612
v 0.048576 -0.001000 0.021730
v 0.048576 0.001000 0.021730
v 0.041033 -0.001000 0.020355
v 0.041033 0.001000 0.020355
v 0.034246 -0.001000 0.017355
v 0.034246 0.001000 0.017355
v 0.028408 -0.001000 0.012190
v 0.028408 0.001000 0.012190
v 0.067474 0.001000 0.047993
v -0.032588 -0.001000 0.039994
v -0.032712 -0.001000 0.041344
v -0.033109 -0.001000 0.042725
v -0.033798 -0.001000 0.044055
v -0.034762 -0.001000 0.045241
v -0.035949 -0.001000 0.046205
v -0.037278 -0.001000 0.046894
v -0.038659 -0.001000 0.047291
v -0.040010 -0.001000 0.047415
v -0.041360 -0.001000 0.047291
v -0.042741 -0.001000 0.046894
v -0.044071 -0.001000 0.046205
v -0.045257 -0.001000 0.045241
v -0.046221 -0.001000 0.044055
v -0.046910 -0.001000 0.042725
v -0.047307 -0.001000 0.041344
v -0.047431 -0.001000 0.039994
v -0.047307 -0.001000 0.038643
v -0.046910 -0.001000 0.037262
v -0.046221 -0.001000 0.035933
v -0.045257 -0.001000 0.034746
v -0.044071 -0.001000 0.033782
v -0.042741 -0.001000 0.033093
v -0.041360 -0.001000 0.032696
v -0.040010 -0.001000 0.032572
v -0.038659 -0.001000 0.032696
v -0.037278 -0.001000 0.033093
v -0.035949 -0.001000 0.033782
v -0.034762 -0.001000 0.034746
v -0.033798 -0.001000 0.035933
v -0.033109 -0.001000 0.037262
v -0.032712 -0.001000 0.038643
v 0.039989 -0.001000 0.032572
v 0.041340 -0.001000 0.032696
v 0.042721 -0.001000 0.033093
v 0.044051 -0.001000 0.033782
v 0.045237 -0.001000 0.034746
v 0.046201 -0.001000 0.035933
v 0.046890 -0.001000 0.037262
v 0.047287 -0.001000 0.038643
v 0.047411 -0.001000 0.039994
v 0.047287 -0.001000 0.041344
v 0.046890 -0.001000 0.042725
v 0.046201 -0.001000 0.044055
v 0.045237 -0.001000 0.045241
v 0.044051 -0.001000 0.046205
v 0.042721 -0.001000 0.046894
v 0.041340 -0.001000 0.047291
v 0.039989 -0.001000 0.047415
v 0.038639 -0.001000 0.047291
v 0.037258 -0.001000 0.046894
v 0.035928 -0.001000 0.046205
v 0.034742 -0.001000 0.045241
v 0.033778 -0.001000 0.044055
v 0.033089 -0.001000 0.042725
v 0.032692 -0.001000 0.041344
v 0.032568 -0.001000 0.039994
v 0.032692 -0.001000 0.038643
v 0.033089 -0.001000 0.037262
v 0.033778 -0.001000 0.035933
v 0.034742 -0.001000 0.034746
v 0.035928 -0.001000 0.033782
v 0.037258 -0.001000 0.033093
v 0.038639 -0.001000 0.032696
v 0.032568 -0.001000 -0.040006
v 0.032692 -0.001000 -0.041356
v 0.033089 -0.001000 -0.042737
v 0.033778 -0.001000 -0.044067
v 0.034742 -0.001000 -0.045253
v 0.035928 -0.001000 -0.046217
v 0.037258 -0.001000 -0.046906
v 0.038639 -0.001000 -0.047303
v 0.039989 -0.001000 -0.047427
v 0.041340 -0.001000 -0.047303
v 0.042721 -0.001000 -0.046906
v 0.044051 -0.001000 -0.046217
v 0.045237 -0.001000 -0.045253
v 0.046201 -0.001000 -0.044067
v 0.046890 -0.001000 -0.042737
v 0.047287 -0.001000 -0.041356
v 0.047411 -0.001000 -0.040006
v 0.047287 -0.001000 -0.038655
v 0.046890 -0.001000 -0.037274
v 0.046201 -0.001000 -0.035944
v 0.045237 -0.001000 -0.034758
v 0.044051 -0.001000 -0.033794
v 0.042721 -0.001000 -0.033105
v 0.041340 -0.001000 -0.032708
v 0.039989 -0.001000 -0.032584
v 0.038639 -0.001000 -0.032708
v 0.037258 -0.001000 -0.033105
v 0.035928 -0.001000 -0.033794
v 0.034742 -0.001000 -0.034758
v 0.033778 -0.001000 -0.035944
v 0.033089 -0.001000 -0.037274
v 0.032692 -0.001000 -0.038655
v -0.040010 -0.001000 -0.032584
v -0.041360 -0.001000 -0.032708
v -0.042741 -0.001000 -0.033105
v -0.044071 -0.001000 -0.033794
v -0.045257 -0.001000 -0.034758
v -0.046221 -0.001000 -0.035944
v -0.046910 -0.001000 -0.037274
v -0.047307 -0.001000 -0.038655
v -0.047431 -0.001000 -0.040006
v -0.047307 -0.001000 -0.041356
v -0.046910 -0.001000 -0.042737
v -0.046221 -0.001000 -0.044067
v -0.045257 -0.001000 -0.045253
v -0.044071 -0.001000 -0.046217
v -0.042741 -0.001000 -0.046906
v -0.041360 -0.001000 -0.047303
v -0.040010 -0.001000 -0.047427
v -0.038659 -0.001000 -0.047303
v -0.037278 -0.001000 -0.046906
v -0.035949 -0.001000 -0.046217
v -0.034762 -0.001000 -0.045253
v -0.033798 -0.001000 -0.044067
v -0.033109 -0.001000 -0.042737
v -0.032712 -0.001000 -0.041356
v -0.032588 -0.001000 -0.040006
v -0.032712 -0.001000 -0.038655
v -0.033109 -0.001000 -0.037274
v -0.033798 -0.001000 -0.035944
v -0.034762 -0.001000 -0.034758
v -0.035949 -0.001000 -0.033794
v -0.037278 -0.001000 -0.033105
v -0.038659 -0.001000 -0.032708
v -0.020220 -0.001000 0.013139
v -0.016445 -0.001000 0.001753
v -0.016233 -0.001000 0.000891
v -0.016161 -0.001000 -0.000006
v -0.016233 -0.001000 -0.000903
v -0.016445 -0.001000 -0.001765
v -0.020220 -0.001000 -0.013151
v -0.020407 -0.001000 -0.013874
v -0.020497 -0.001000 -0.014636
v -0.020481 -0.001000 -0.015419
v -0.020354 -0.001000 -0.016199
v -0.020117 -0.001000 -0.016954
v -0.019781 -0.001000 -0.017661
v -0.019358 -0.001000 -0.018301
v -0.018867 -0.001000 -0.018863
v -0.018306 -0.001000 -0.019354
v -0.017665 -0.001000 -0.019777
v -0.016958 -0.001000 -0.020113
v -0.016203 -0.001000 -0.020350
v -0.015423 -0.001000 -0.020477
v -0.014640 -0.001000 -0.020493
v -0.013878 -0.001000 -0.020403
v -0.013156 -0.001000 -0.020216
v -0.001769 -0.001000 -0.016441
v -0.000907 -0.001000 -0.016229
v -0.000010 -0.001000 -0.016157
v 0.000887 -0.001000 -0.016229
v 0.001749 -0.001000 -0.016441
v 0.013135 -0.001000 -0.020216
v 0.013857 -0.001000 -0.020403
v 0.014620 -0.001000 -0.020493
v 0.015403 -0.001000 -0.020477
v 0.016183 -0.001000 -0.020350
v 0.016938 -0.001000 -0.020113
v 0.017645 -0.001000 -0.019777
v 0.018285 -0.001000 -0.019354
v 0.018847 -0.001000 -0.018863
v 0.019338 -0.001000 -0.018301
v 0.019761 -0.001000 -0.017661
v 0.020097 -0.001000 -0.016954
v 0.020333 -0.001000 -0.016199
v 0.020461 -0.001000 -0.015419
v 0.020477 -0.001000 -0.014636
v 0.020387 -0.001000 -0.013874
v 0.020200 -0.001000 -0.013151
v 0.016425 -0.001000 -0.001765
v 0.016213 -0.001000 -0.000903
v 0.016141 -0.001000 -0.000006
v 0.016213 -0.001000 0.000891
v 0.016425 -0.001000 0.001753
v 0.020200 -0.001000 0.013139
v 0.020387 -0.001000 0.013862
v 0.020477 -0.001000 0.014624
v 0.020461 -0.001000 0.015407
v 0.020333 -0.001000 0.016187
v 0.020097 -0.001000 0.016942
v 0.019761 -0.001000 0.017649
v 0.019338 -0.001000 0.018289
v 0.018847 -0.001000 0.018851
v 0.018285 -0.001000 0.019342
v 0.017645 -0.001000 0.019765
v 0.016938 -0.001000 0.020101
v 0.016183 -0.001000 0.020338
v 0.015403 -0.001000 0.020465
v 0.014620 -0.001000 0.020481
v 0.013857 -0.001000 0.020391
v 0.013135 -0.001000 0.020204
v 0.001749 -0.001000 0.016429
v 0.000887 -0.001000 0.016217
v -0.000010 -0.001000 0.016145
v -0.000907 -0.001000 0.016217
v -0.001769 -0.001000 0.016429
v -0.013156 -0.001000 0.020204
v -0.013878 -0.001000 0.020391
v -0.014640 -0.001000 0.020481
v -0.015423 -0.001000 0.020465
v -0.016203 -0.001000 0.020338
v -0.016958 -0.001000 0.020101
v -0.017665 -0.001000 0.019765
v -0.018306 -0.001000 0.019342
v -0.018867 -0.001000 0.018851
v -0.019358 -0.001000 0.018289
v -0.019781 -0.001000 0.017649
v -0.020117 -0.001000 0.016942
v -0.020354 -0.001000 0.016187
v -0.020481 -0.001000 0.015407
v -0.020497 -0.001000 0.014624
v -0.020407 -0.001000 0.013862
v -0.039640 -0.001000 0.069322
v -0.039913 -0.001000 0.069038
v -0.040055 -0.001000 0.068670
v -0.040044 -0.001000 0.068277
v -0.039882 -0.001000 0.067918
v -0.039299 -0.001000 0.067105
v -0.039031 -0.001000 0.066849
v -0.038657 -0.001000 0.066702
v -0.038255 -0.001000 0.066715
v -0.037916 -0.001000 0.066867
v -0.036738 -0.001000 0.067665
v -0.035540 -0.001000 0.068434
v -0.034322 -0.001000 0.069170
v -0.033081 -0.001000 0.069867
v -0.031978 -0.001000 0.070440
v -0.030856 -0.001000 0.070972
v -0.029713 -0.001000 0.071455
v -0.028546 -0.001000 0.071880
v -0.027629 -0.001000 0.072161
v -0.026698 -0.001000 0.072391
v -0.025145 -0.001000 0.072627
v -0.023982 -0.001000 0.072655
v -0.022832 -0.001000 0.072503
v -0.021369 -0.001000 0.071900
v -0.020421 -0.001000 0.071004
v -0.019820 -0.001000 0.069857
v -0.019567 -0.001000 0.068610
v -0.019650 -0.001000 0.067442
v -0.020046 -0.001000 0.066236
v -0.020757 -0.001000 0.064937
v -0.021245 -0.001000 0.064220
v -0.021766 -0.001000 0.063527
v -0.022373 -0.001000 0.062776
v -0.022995 -0.001000 0.062039
v -0.023712 -0.001000 0.061206
v -0.024427 -0.001000 0.060371
v -0.025125 -0.001000 0.059532
v -0.025800 -0.001000 0.058674
v -0.026461 -0.001000 0.057758
v -0.027068 -0.001000 0.056805
v -0.027622 -0.001000 0.055776
v -0.028092 -0.001000 0.054707
v -0.028473 -0.001000 0.053603
v -0.028756 -0.001000 0.052471
v -0.028945 -0.001000 0.051271
v -0.029034 -0.001000 0.050058
v -0.029034 -0.001000 0.048782
v -0.028947 -0.001000 0.047509
v -0.028770 -0.001000 0.046139
v -0.028522 -0.001000 0.044779
v -0.028180 -0.001000 0.043276
v -0.027782 -0.001000 0.041787
v -0.027538 -0.001000 0.040951
v -0.027281 -0.001000 0.040118
v -0.027014 -0.001000 0.039289
v -0.026738 -0.001000 0.038463
v -0.026253 -0.001000 0.037072
v -0.025749 -0.001000 0.035688
v -0.025543 -0.001000 0.035354
v -0.025225 -0.001000 0.035125
v -0.024844 -0.001000 0.035036
v -0.024457 -0.001000 0.035100
v -0.023522 -0.001000 0.035454
v -0.023204 -0.001000 0.035649
v -0.022966 -0.001000 0.035975
v -0.022876 -0.001000 0.036369
v -0.022938 -0.001000 0.036737
v -0.024141 -0.001000 0.040155
v -0.025048 -0.001000 0.043152
v -0.025662 -0.001000 0.045782
v -0.025988 -0.001000 0.048099
v -0.026029 -0.001000 0.050156
v -0.025787 -0.001000 0.052006
v -0.024472 -0.001000 0.055300
v -0.023383 -0.001000 0.056893
v -0.022112 -0.001000 0.058463
v -0.020763 -0.001000 0.060033
v -0.019443 -0.001000 0.061628
v -0.018258 -0.001000 0.063275
v -0.017313 -0.001000 0.064997
v -0.016716 -0.001000 0.066819
v -0.016571 -0.001000 0.068768
v -0.016967 -0.001000 0.070788
v -0.017960 -0.001000 0.072720
v -0.019607 -0.001000 0.074329
v -0.021965 -0.001000 0.075380
v -0.025091 -0.001000 0.075640
v -0.026959 -0.001000 0.075399
v -0.029041 -0.001000 0.074873
v -0.031343 -0.001000 0.074031
v -0.033872 -0.001000 0.072845
v -0.036635 -0.001000 0.071285
v -0.069338 -0.001000 0.039624
v -0.071301 -0.001000 0.036619
v -0.072861 -0.001000 0.033856
v -0.074047 -0.001000 0.031327
v -0.074889 -0.001000 0.029025
v -0.075415 -0.001000 0.026943
v -0.075656 -0.001000 0.025075
v -0.075396 -0.001000 0.021949
v -0.074345 -0.001000 0.019591
v -0.072736 -0.001000 0.017944
v -0.070804 -0.001000 0.016951
v -0.068784 -0.001000 0.016555
v -0.065013 -0.001000 0.017297
v -0.063291 -0.001000 0.018242
v -0.061644 -0.001000 0.019427
v -0.060049 -0.001000 0.020747
v -0.058479 -0.001000 0.022096
v -0.055316 -0.001000 0.024455
v -0.052022 -0.001000 0.025771
v -0.048115 -0.001000 0.025972
v -0.045799 -0.001000 0.025646
v -0.043168 -0.001000 0.025032
v -0.040171 -0.001000 0.024125
v -0.036753 -0.001000 0.022922
v -0.036385 -0.001000 0.022860
v -0.035991 -0.001000 0.022950
v -0.035665 -0.001000 0.023188
v -0.035470 -0.001000 0.023506
v -0.035116 -0.001000 0.024441
v -0.035052 -0.001000 0.024828
v -0.035141 -0.001000 0.025209
v -0.035370 -0.001000 0.025527
v -0.035704 -0.001000 0.025733
v -0.037088 -0.001000 0.026237
v -0.038479 -0.001000 0.026722
v -0.039305 -0.001000 0.026998
v -0.040134 -0.001000 0.027265
v -0.040967 -0.001000 0.027522
v -0.041803 -0.001000 0.027766
v -0.043292 -0.001000 0.028164
v -0.044795 -0.001000 0.028506
v -0.046155 -0.001000 0.028754
v -0.047525 -0.001000 0.028931
v -0.048798 -0.001000 0.029017
v -0.050074 -0.001000 0.029018
v -0.051287 -0.001000 0.028929
v -0.052487 -0.001000 0.028740
v -0.053619 -0.001000 0.028457
v -0.054723 -0.001000 0.028076
v -0.055792 -0.001000 0.027606
v -0.056821 -0.001000 0.027052
v -0.057774 -0.001000 0.026445
v -0.058690 -0.001000 0.025784
v -0.059548 -0.001000 0.025109
v -0.060387 -0.001000 0.024411
v -0.061222 -0.001000 0.023696
v -0.062055 -0.001000 0.022979
v -0.062793 -0.001000 0.022357
v -0.063543 -0.001000 0.021750
v -0.064236 -0.001000 0.021229
v -0.064953 -0.001000 0.020741
v -0.066252 -0.001000 0.020030
v -0.067458 -0.001000 0.019634
v -0.068626 -0.001000 0.019551
v -0.069874 -0.001000 0.019804
v -0.071020 -0.001000 0.020405
v -0.071916 -0.001000 0.021353
v -0.072282 -0.001000 0.022057
v -0.072519 -0.001000 0.022816
v -0.072671 -0.001000 0.023966
v -0.072643 -0.001000 0.025129
v -0.072550 -0.001000 0.025909
v -0.072408 -0.001000 0.026682
v -0.072177 -0.001000 0.027613
v -0.071896 -0.001000 0.028530
v -0.071471 -0.001000 0.029697
v -0.070988 -0.001000 0.030840
v -0.070456 -0.001000 0.031962
v -0.069883 -0.001000 0.033065
v -0.069186 -0.001000 0.034305
v -0.068451 -0.001000 0.035524
v -0.067682 -0.001000 0.036722
v -0.066883 -0.001000 0.037900
v -0.066731 -0.001000 0.038239
v -0.066718 -0.001000 0.038641
v -0.066865 -0.001000 0.039015
v -0.067121 -0.001000 0.039283
v -0.067934 -0.001000 0.039866
v -0.068293 -0.001000 0.040028
v -0.068687 -0.001000 0.040039
v -0.069054 -0.001000 0.039897
v -0.039640 -0.001000 -0.069334
v -0.036635 -0.001000 -0.071297
v -0.033872 -0.001000 -0.072857
v -0.031343 -0.001000 -0.074043
v -0.029041 -0.001000 -0.074884
v -0.026959 -0.001000 -0.075411
v -0.025091 -0.001000 -0.075651
v -0.021965 -0.001000 -0.075392
v -0.019607 -0.001000 -0.074341
v -0.017960 -0.001000 -0.072732
v -0.016967 -0.001000 -0.070800
v -0.016571 -0.001000 -0.068779
v -0.017313 -0.001000 -0.065009
v -0.018258 -0.001000 -0.063287
v -0.019443 -0.001000 -0.061640
v -0.020763 -0.001000 -0.060045
v -0.022112 -0.001000 -0.058475
v -0.024472 -0.001000 -0.055312
v -0.025787 -0.001000 -0.052018
v -0.025988 -0.001000 -0.048111
v -0.025662 -0.001000 -0.045794
v -0.025048 -0.001000 -0.043164
v -0.024141 -0.001000 -0.040167
v -0.022938 -0.001000 -0.036749
v -0.022876 -0.001000 -0.036381
v -0.022966 -0.001000 -0.035987
v -0.023204 -0.001000 -0.035661
v -0.023522 -0.001000 -0.035466
v -0.024457 -0.001000 -0.035112
v -0.024844 -0.001000 -0.035048
v -0.025225 -0.001000 -0.035137
v -0.025543 -0.001000 -0.035366
v -0.025749 -0.001000 -0.035700
v -0.026253 -0.001000 -0.037084
v -0.026738 -0.001000 -0.038475
v -0.027014 -0.001000 -0.039301
v -0.027281 -0.001000 -0.040130
v -0.027538 -0.001000 -0.040963
v -0.027782 -0.001000 -0.041799
v -0.028180 -0.001000 -0.043288
v -0.028522 -0.001000 -0.044791
v -0.028770 -0.001000 -0.046151
v -0.028947 -0.001000 -0.047520
v -0.029034 -0.001000 -0.048794
v -0.029034 -0.001000 -0.050070
v -0.028945 -0.001000 -0.051283
v -0.028756 -0.001000 -0.052483
v -0.028473 -0.001000 -0.053615
v -0.028092 -0.001000 -0.054719
v -0.027622 -0.001000 -0.055788
v -0.027068 -0.001000 -0.056816
v -0.026461 -0.001000 -0.057770
v -0.025800 -0.001000 -0.058686
v -0.025125 -0.001000 -0.059544
v -0.024427 -0.001000 -0.060383
v -0.023712 -0.001000 -0.061218
v -0.022995 -0.001000 -0.062051
v -0.022373 -0.001000 -0.062788
v -0.021766 -0.001000 -0.063539
v -0.021245 -0.001000 -0.064232
v -0.020757 -0.001000 -0.064949
v -0.020046 -0.001000 -0.066248
v -0.019650 -0.001000 -0.067454
v -0.019567 -0.001000 -0.068622
v -0.019820 -0.001000 -0.069869
v -0.020421 -0.001000 -0.071016
v -0.021369 -0.001000 -0.071912
v -0.022832 -0.001000 -0.072515
v -0.023982 -0.001000 -0.072667
v -0.025145 -0.001000 -0.072639
v -0.026698 -0.001000 -0.072403
v -0.027629 -0.001000 -0.072173
v -0.028546 -0.001000 -0.071892
v -0.029713 -0.001000 -0.071467
v -0.030856 -0.001000 -0.070984
v -0.031978 -0.001000 -0.070452
v -0.033081 -0.001000 -0.069879
v -0.034322 -0.001000 -0.069182
v -0.035540 -0.001000 -0.068446
v -0.036738 -0.001000 -0.067677
v -0.037916 -0.001000 -0.066879
v -0.038255 -0.001000 -0.066727
v -0.038657 -0.001000 -0.066714
v -0.039031 -0.001000 -0.066861
v -0.039299 -0.001000 -0.067117
v -0.039882 -0.001000 -0.067930
v -0.040044 -0.001000 -0.068289
v -0.040055 -0.001000 -0.068682
v -0.039913 -0.001000 -0.069050
v -0.069338 -0.001000 -0.039636
v -0.069054 -0.001000 -0.039909
v -0.068687 -0.001000 -0.040051
v -0.068293 -0.001000 -0.040040
v -0.067934 -0.001000 -0.039878
v -0.067121 -0.001000 -0.039295
v -0.066865 -0.001000 -0.039027
v -0.066718 -0.001000 -0.038653
v -0.066731 -0.001000 -0.038251
v -0.066883 -0.001000 -0.037912
v -0.067682 -0.001000 -0.036734
v -0.068451 -0.001000 -0.035536
v -0.069186 -0.001000 -0.034317
v -0.069883 -0.001000 -0.033076
v -0.070456 -0.001000 -0.031974
v -0.070988 -0.001000 -0.030852
v -0.071471 -0.001000 -0.029709
v -0.071896 -0.001000 -0.028542
v -0.072177 -0.001000 -0.027625
v -0.072408 -0.001000 -0.026694
v -0.072643 -0.001000 -0.025141
v -0.072671 -0.001000 -0.023978
v -0.072519 -0.001000 -0.022828
v -0.071916 -0.001000 -0.021365
v -0.071020 -0.001000 -0.020417
v -0.069874 -0.001000 -0.019816
v -0.068626 -0.001000 -0.019563
v -0.067458 -0.001000 -0.019646
v -0.066252 -0.001000 -0.020042
v -0.064953 -0.001000 -0.020753
v -0.064236 -0.001000 -0.021241
v -0.063543 -0.001000 -0.021762
v -0.062793 -0.001000 -0.022369
v -0.062055 -0.001000 -0.022991
v -0.061222 -0.001000 -0.023708
v -0.060387 -0.001000 -0.024423
v -0.059548 -0.001000 -0.025121
v -0.058690 -0.001000 -0.025796
v -0.057774 -0.001000 -0.026457
v -0.056821 -0.001000 -0.027064
v -0.055792 -0.001000 -0.027618
v -0.054723 -0.001000 -0.028088
v -0.053619 -0.001000 -0.028469
v -0.052487 -0.001000 -0.028752
v -0.051287 -0.001000 -0.028941
v -0.050074 -0.001000 -0.029030
v -0.048798 -0.001000 -0.029029
v -0.047525 -0.001000 -0.028943
v -0.046155 -0.001000 -0.028766
v -0.044795 -0.001000 -0.028518
v -0.043292 -0.001000 -0.028176
v -0.041803 -0.001000 -0.027778
v -0.040967 -0.001000 -0.027534
v -0.040134 -0.001000 -0.027277
v -0.039305 -0.001000 -0.027010
v -0.038479 -0.001000 -0.026734
v -0.037088 -0.001000 -0.026249
v -0.035704 -0.001000 -0.025745
v -0.035370 -0.001000 -0.025539
v -0.035141 -0.001000 -0.025221
v -0.035052 -0.001000 -0.024840
v -0.035116 -0.001000 -0.024453
v -0.035470 -0.001000 -0.023518
v -0.035665 -0.001000 -0.023199
v -0.035991 -0.001000 -0.022962
v -0.036385 -0.001000 -0.022872
v -0.036753 -0.001000 -0.022934
v -0.040171 -0.001000 -0.024137
v -0.043168 -0.001000 -0.025044
v -0.045799 -0.001000 -0.025658
v -0.048115 -0.001000 -0.025984
v -0.050172 -0.001000 -0.026025
v -0.052022 -0.001000 -0.025783
v -0.055316 -0.001000 -0.024467
v -0.056909 -0.001000 -0.023379
v -0.058479 -0.001000 -0.022108
v -0.060049 -0.001000 -0.020759
v -0.061644 -0.001000 -0.019439
v -0.063291 -0.001000 -0.018254
v -0.065013 -0.001000 -0.017309
v -0.066835 -0.001000 -0.016712
v -0.068784 -0.001000 -0.016567
v -0.070804 -0.001000 -0.016963
v -0.072736 -0.001000 -0.017956
v -0.074345 -0.001000 -0.019603
v -0.075396 -0.001000 -0.021961
v -0.075656 -0.001000 -0.025087
v -0.075415 -0.001000 -0.026955
v -0.074889 -0.001000 -0.029037
v -0.074047 -0.001000 -0.031339
v -0.072861 -0.001000 -0.033868
v -0.071301 -0.001000 -0.036631
v 0.039620 -0.001000 -0.069334
v 0.039893 -0.001000 -0.069050
v 0.040034 -0.001000 -0.068682
v 0.040024 -0.001000 -0.068289
v 0.039862 -0.001000 -0.067930
v 0.039279 -0.001000 -0.067117
v 0.039010 -0.001000 -0.066861
v 0.038636 -0.001000 -0.066714
v 0.038235 -0.001000 -0.066727
v 0.037896 -0.001000 -0.066879
v 0.036718 -0.001000 -0.067677
v 0.035520 -0.001000 -0.068446
v 0.034301 -0.001000 -0.069182
v 0.033060 -0.001000 -0.069879
v 0.031958 -0.001000 -0.070452
v 0.030836 -0.001000 -0.070984
v 0.029693 -0.001000 -0.071467
v 0.028526 -0.001000 -0.071892
v 0.027609 -0.001000 -0.072173
v 0.026678 -0.001000 -0.072403
v 0.025125 -0.001000 -0.072639
v 0.023962 -0.001000 -0.072667
v 0.022812 -0.001000 -0.072515
v 0.021349 -0.001000 -0.071912
v 0.020401 -0.001000 -0.071016
v 0.019799 -0.001000 -0.069869
v 0.019547 -0.001000 -0.068622
v 0.019630 -0.001000 -0.067454
v 0.020026 -0.001000 -0.066248
v 0.020737 -0.001000 -0.064949
v 0.021225 -0.001000 -0.064232
v 0.021746 -0.001000 -0.063539
v 0.022352 -0.001000 -0.062788
v 0.022975 -0.001000 -0.062051
v 0.023692 -0.001000 -0.061218
v 0.024407 -0.001000 -0.060383
v 0.025105 -0.001000 -0.059544
v 0.025780 -0.001000 -0.058686
v 0.026441 -0.001000 -0.057770
v 0.027048 -0.001000 -0.056816
v 0.027602 -0.001000 -0.055788
v 0.028072 -0.001000 -0.054719
v 0.028452 -0.001000 -0.053615
v 0.028736 -0.001000 -0.052483
v 0.028925 -0.001000 -0.051283
v 0.029014 -0.001000 -0.050070
v 0.029013 -0.001000 -0.048794
v 0.028927 -0.001000 -0.047520
v 0.028750 -0.001000 -0.046151
v 0.028502 -0.001000 -0.044791
v 0.028160 -0.001000 -0.043288
v 0.027762 -0.001000 -0.041799
v 0.027518 -0.001000 -0.040963
v 0.027261 -0.001000 -0.040130
v 0.026994 -0.001000 -0.039301
v 0.026718 -0.001000 -0.038475
v 0.026233 -0.001000 -0.037084
v 0.025729 -0.001000 -0.035700
v 0.025523 -0.001000 -0.035366
v 0.025205 -0.001000 -0.035137
v 0.024823 -0.001000 -0.035048
v 0.024437 -0.001000 -0.035112
v 0.023502 -0.001000 -0.035466
v 0.023183 -0.001000 -0.035661
v 0.022946 -0.001000 -0.035987
v 0.022856 -0.001000 -0.036381
v 0.022918 -0.001000 -0.036749
v 0.024121 -0.001000 -0.040167
v 0.025027 -0.001000 -0.043164
v 0.025642 -0.001000 -0.045794
v 0.025968 -0.001000 -0.048111
v 0.026009 -0.001000 -0.050168
v 0.025767 -0.001000 -0.052018
v 0.024451 -0.001000 -0.055312
v 0.023363 -0.001000 -0.056905
v 0.022091 -0.001000 -0.058475
v 0.020743 -0.001000 -0.060045
v 0.019423 -0.001000 -0.061640
v 0.018238 -0.001000 -0.063287
v 0.017293 -0.001000 -0.065009
v 0.016696 -0.001000 -0.066831
v 0.016551 -0.001000 -0.068779
v 0.016947 -0.001000 -0.070800
v 0.017940 -0.001000 -0.072732
v 0.019587 -0.001000 -0.074341
v 0.021945 -0.001000 -0.075392
v 0.025071 -0.001000 -0.075651
v 0.026939 -0.001000 -0.075411
v 0.029021 -0.001000 -0.074884
v 0.031323 -0.001000 -0.074043
v 0.033852 -0.001000 -0.072857
v 0.036615 -0.001000 -0.071297
v 0.069318 -0.001000 -0.039636
v 0.071281 -0.001000 -0.036631
v 0.072841 -0.001000 -0.033868
v 0.074027 -0.001000 -0.031339
v 0.074868 -0.001000 -0.029037
v 0.075395 -0.001000 -0.026955
v 0.075635 -0.001000 -0.025087
v 0.075376 -0.001000 -0.021961
v 0.074325 -0.001000 -0.019603
v 0.072716 -0.001000 -0.017956
v 0.070784 -0.001000 -0.016963
v 0.068763 -0.001000 -0.016567
v 0.064993 -0.001000 -0.017309
v 0.063271 -0.001000 -0.018254
v 0.061624 -0.001000 -0.019439
v 0.060029 -0.001000 -0.020759
v 0.058458 -0.001000 -0.022108
v 0.055296 -0.001000 -0.024467
v 0.052002 -0.001000 -0.025783
v 0.048095 -0.001000 -0.025984
v 0.045778 -0.001000 -0.025658
v 0.043148 -0.001000 -0.025044
v 0.040151 -0.001000 -0.024137
v 0.036733 -0.001000 -0.022934
v 0.036365 -0.001000 -0.022872
v 0.035971 -0.001000 -0.022962
v 0.035645 -0.001000 -0.023199
v 0.035450 -0.001000 -0.023518
v 0.035096 -0.001000 -0.024453
v 0.035032 -0.001000 -0.024840
v 0.035121 -0.001000 -0.025221
v 0.035350 -0.001000 -0.025539
v 0.035683 -0.001000 -0.025745
v 0.037068 -0.001000 -0.026249
v 0.038459 -0.001000 -0.026734
v 0.039285 -0.001000 -0.027010
v 0.040114 -0.001000 -0.027277
v 0.040947 -0.001000 -0.027534
v 0.041783 -0.001000 -0.027778
v 0.043272 -0.001000 -0.028176
v 0.044775 -0.001000 -0.028518
v 0.046134 -0.001000 -0.028766
v 0.047504 -0.001000 -0.028943
v 0.048778 -0.001000 -0.029029
v 0.050054 -0.001000 -0.029030
v 0.051267 -0.001000 -0.028941
v 0.052467 -0.001000 -0.028752
v 0.053599 -0.001000 -0.028469
v 0.054703 -0.001000 -0.028088
v 0.055772 -0.001000 -0.027618
v 0.056800 -0.001000 -0.027064
v 0.057753 -0.001000 -0.026457
v 0.058670 -0.001000 -0.025796
v 0.059528 -0.001000 -0.025121
v 0.060367 -0.001000 -0.024423
v 0.061202 -0.001000 -0.023708
v 0.062035 -0.001000 -0.022991
v 0.062772 -0.001000 -0.022369
v 0.063523 -0.001000 -0.021762
v 0.064216 -0.001000 -0.021241
v 0.064933 -0.001000 -0.020753
v 0.066232 -0.001000 -0.020042
v 0.067438 -0.001000 -0.019646
v 0.068606 -0.001000 -0.019563
v 0.069853 -0.001000 -0.019816
v 0.070999 -0.001000 -0.020417
v 0.071896 -0.001000 -0.021365
v 0.072499 -0.001000 -0.022828
v 0.072651 -0.001000 -0.023978
v 0.072623 -0.001000 -0.025141
v 0.072387 -0.001000 -0.026694
v 0.072157 -0.001000 -0.027625
v 0.071875 -0.001000 -0.028542
v 0.071451 -0.001000 -0.029709
v 0.070968 -0.001000 -0.030852
v 0.070436 -0.001000 -0.031974
v 0.069863 -0.001000 -0.033076
v 0.069165 -0.001000 -0.034317
v 0.068430 -0.001000 -0.035536
v 0.067661 -0.001000 -0.036734
v 0.066862 -0.001000 -0.037912
v 0.066711 -0.001000 -0.038251
v 0.066698 -0.001000 -0.038653
v 0.066845 -0.001000 -0.039027
v 0.067101 -0.001000 -0.039295
v 0.067914 -0.001000 -0.039878
v 0.068273 -0.001000 -0.040040
v 0.068666 -0.001000 -0.040051
v 0.069034 -0.001000 -0.039909
v 0.069318 -0.001000 0.039624
v 0.069034 -0.001000 0.039897
v 0.068666 -0.001000 0.040039
v 0.068273 -0.001000 0.040028
v 0.067914 -0.001000 0.039866
v 0.067101 -0.001000 0.039283
v 0.066845 -0.001000 0.039015
v 0.066698 -0.001000 0.038641
v 0.066711 -0.001000 0.038239
v 0.066862 -0.001000 0.037900
v 0.067661 -0.001000 0.036722
v 0.068430 -0.001000 0.035524
v 0.069165 -0.001000 0.034305
v 0.069863 -0.001000 0.033065
v 0.070436 -0.001000 0.031962
v 0.070968 -0.001000 0.030840
v 0.071451 -0.001000 0.029697
v 0.071875 -0.001000 0.028530
v 0.072157 -0.001000 0.027613
v 0.072387 -0.001000 0.026682
v 0.072623 -0.001000 0.025129
v 0.072651 -0.001000 0.023966
v 0.072499 -0.001000 0.022816
v 0.071896 -0.001000 0.021353
v 0.070999 -0.001000 0.020405
v 0.069853 -0.001000 0.019804
v 0.068606 -0.001000 0.019551
v 0.067438 -0.001000 0.019634
v 0.066232 -0.001000 0.020030
v 0.064933 -0.001000 0.020741
v 0.064216 -0.001000 0.021229
v 0.063523 -0.001000 0.021750
v 0.062772 -0.001000 0.022357
v 0.062035 -0.001000 0.022979
v 0.061202 -0.001000 0.023696
v 0.060367 -0.001000 0.024411
v 0.059528 -0.001000 0.025109
v 0.058670 -0.001000 0.025784
v 0.057753 -0.001000 0.026445
v 0.056800 -0.001000 0.027052
v 0.055772 -0.001000 0.027606
v 0.054703 -0.001000 0.028076
v 0.053599 -0.001000 0.028457
v 0.052467 -0.001000 0.028740
v 0.051267 -0.001000 0.028929
v 0.050054 -0.001000 0.029018
v 0.048778 -0.001000 0.029017
v 0.047504 -0.001000 0.028931
v 0.046134 -0.001000 0.028754
v 0.044775 -0.001000 0.028506
v 0.043272 -0.001000 0.028164
v 0.041783 -0.001000 0.027766
v 0.040947 -0.001000 0.027522
v 0.040114 -0.001000 0.027265
v 0.039285 -0.001000 0.026998
v 0.038459 -0.001000 0.026722
v 0.037068 -0.001000 0.026237
v 0.035683 -0.001000 0.025733
v 0.035350 -0.001000 0.025527
v 0.035121 -0.001000 0.025209
v 0.035032 -0.001000 0.024828
v 0.035096 -0.001000 0.024441
v 0.035450 -0.001000 0.023506
v 0.035645 -0.001000 0.023188
v 0.035971 -0.001000 0.022950
v 0.036365 -0.001000 0.022860
v 0.036733 -0.001000 0.022922
v 0.040151 -0.001000 0.024125
v 0.043148 -0.001000 0.025032
v 0.045778 -0.001000 0.025646
v 0.048095 -0.001000 0.025972
v 0.050152 -0.001000 0.026013
v 0.052002 -0.001000 0.025771
v 0.055296 -0.001000 0.024455
v 0.056889 -0.001000 0.023367
v 0.058458 -0.001000 0.022096
v 0.060029 -0.001000 0.020747
v 0.061624 -0.001000 0.019427
v 0.063271 -0.001000 0.018242
v 0.064993 -0.001000 0.017297
v 0.066815 -0.001000 0.016700
v 0.068763 -0.001000 0.016555
v 0.070784 -0.001000 0.016951
v 0.072716 -0.001000 0.017944
v 0.074325 -0.001000 0.019591
v 0.075376 -0.001000 0.021949
v 0.075635 -0.001000 0.025075
v 0.075395 -0.001000 0.026943
v 0.074868 -0.001000 0.029025
v 0.074027 -0.001000 0.031327
v 0.072841 -0.001000 0.033856
v 0.071281 -0.001000 0.036619
v 0.039620 -0.001000 0.069322
v 0.036615 -0.001000 0.071285
v 0.033852 -0.001000 0.072845
v 0.031323 -0.001000 0.074031
v 0.029021 -0.001000 0.074873
v 0.026939 -0.001000 0.075399
v 0.025071 -0.001000 0.075640
v 0.021945 -0.001000 0.075380
v 0.019587 -0.001000 0.074329
v 0.017940 -0.001000 0.072720
v 0.016947 -0.001000 0.070788
v 0.016551 -0.001000 0.068768
v 0.017293 -0.001000 0.064997
v 0.018238 -0.001000 0.063275
v 0.019423 -0.001000 0.061628
v 0.020743 -0.001000 0.060033
v 0.022091 -0.001000 0.058463
v 0.024451 -0.001000 0.055300
v 0.025767 -0.001000 0.052006
v 0.025968 -0.001000 0.048099
v 0.025642 -0.001000 0.045782
v 0.025027 -0.001000 0.043152
v 0.024121 -0.001000 0.040155
v 0.022918 -0.001000 0.036737
v 0.022856 -0.001000 0.036369
v 0.022946 -0.001000 0.035975
v 0.023183 -0.001000 0.035649
v 0.023502 -0.001000 0.035454
v 0.024437 -0.001000 0.035100
v 0.024823 -0.001000 0.035036
v 0.025205 -0.001000 0.035125
v 0.025523 -0.001000 0.035354
v 0.025729 -0.001000 0.035688
v 0.026233 -0.001000 0.037072
v 0.026718 -0.001000 0.038463
v 0.026994 -0.001000 0.039289
v 0.027261 -0.001000 0.040118
v 0.027518 -0.001000 0.040951
v 0.027762 -0.001000 0.041787
v 0.028160 -0.001000 0.043276
v 0.028502 -0.001000 0.044779
v 0.028750 -0.001000 0.046139
v 0.028927 -0.001000 0.047509
v 0.029013 -0.001000 0.048782
v 0.029014 -0.001000 0.050058
v 0.028925 -0.001000 0.051271
v 0.028736 -0.001000 0.052471
v 0.028452 -0.001000 0.053603
v 0.028072 -0.001000 0.054707
v 0.027602 -0.001000 0.055776
v 0.027048 -0.001000 0.056805
v 0.026441 -0.001000 0.057758
v 0.025780 -0.001000 0.058674
v 0.025105 -0.001000 0.059532
v 0.024407 -0.001000 0.060371
v 0.023692 -0.001000 0.061206
v 0.022975 -0.001000 0.062039
v 0.022352 -0.001000 0.062776
v 0.021746 -0.001000 0.063527
v 0.021225 -0.001000 0.064220
v 0.020737 -0.001000 0.064937
v 0.020026 -0.001000 0.066236
v 0.019630 -0.001000 0.067442
v 0.019547 -0.001000 0.068610
v 0.019799 -0.001000 0.069857
v 0.020401 -0.001000 0.071004
v 0.021349 -0.001000 0.071900
v 0.022052 -0.001000 0.072266
v 0.022812 -0.001000 0.072503
v 0.023962 -0.001000 0.072655
v 0.025125 -0.001000 0.072627
v 0.025905 -0.001000 0.072534
v 0.026678 -0.001000 0.072391
v 0.027609 -0.001000 0.072161
v 0.028526 -0.001000 0.071880
v 0.029693 -0.001000 0.071455
v 0.030836 -0.001000 0.070972
v 0.031958 -0.001000 0.070440
v 0.033060 -0.001000 0.069867
v 0.034301 -0.001000 0.069170
v 0.035520 -0.001000 0.068434
v 0.036718 -0.001000 0.067665
v 0.037896 -0.001000 0.066867
v 0.038235 -0.001000 0.066715
v 0.038636 -0.001000 0.066702
v 0.039010 -0.001000 0.066849
v 0.039279 -0.001000 0.067105
v 0.039862 -0.001000 0.067918
v 0.040024 -0.001000 0.068277
v 0.040034 -0.001000 0.068670
v 0.039893 -0.001000 0.069038
v 0.000990 -0.001000 0.028109
v 0.004435 -0.001000 0.028434
v 0.005838 -0.001000 0.028995
v 0.006899 -0.001000 0.029980
v 0.007636 -0.001000 0.031698
v 0.008076 -0.001000 0.033876
v 0.008489 -0.001000 0.036272
v 0.009142 -0.001000 0.038645
v 0.010202 -0.001000 0.040818
v 0.011429 -0.001000 0.042876
v 0.012481 -0.001000 0.044970
v 0.013017 -0.001000 0.047251
v 0.012780 -0.001000 0.049806
v 0.011854 -0.001000 0.052468
v 0.010408 -0.001000 0.055006
v 0.008613 -0.001000 0.057189
v 0.006615 -0.001000 0.058834
v 0.004482 -0.001000 0.059945
v 0.002259 -0.001000 0.060574
v -0.000010 -0.001000 0.060772
v -0.002279 -0.001000 0.060574
v -0.004502 -0.001000 0.059945
v -0.006636 -0.001000 0.058834
v -0.008633 -0.001000 0.057189
v -0.010429 -0.001000 0.055006
v -0.011874 -0.001000 0.052468
v -0.012800 -0.001000 0.049806
v -0.013037 -0.001000 0.047251
v -0.012501 -0.001000 0.044970
v -0.011449 -0.001000 0.042876
v -0.010222 -0.001000 0.040818
v -0.009162 -0.001000 0.038645
v -0.008509 -0.001000 0.036272
v -0.008097 -0.001000 0.033876
v -0.007656 -0.001000 0.031698
v -0.006919 -0.001000 0.029980
v -0.005858 -0.001000 0.028995
v -0.004455 -0.001000 0.028434
v -0.001010 -0.001000 0.028109
v -0.001010 -0.001000 0.025525
v 0.000990 -0.001000 0.025525
v 0.028105 -0.001000 -0.001006
v 0.028430 -0.001000 -0.004451
v 0.028990 -0.001000 -0.005854
v 0.029976 -0.001000 -0.006915
v 0.031693 -0.001000 -0.007652
v 0.033871 -0.001000 -0.008092
v 0.036268 -0.001000 -0.008505
v 0.038641 -0.001000 -0.009158
v 0.040814 -0.001000 -0.010218
v 0.042872 -0.001000 -0.011445
v 0.044966 -0.001000 -0.012497
v 0.047247 -0.001000 -0.013033
v 0.049802 -0.001000 -0.012796
v 0.052464 -0.001000 -0.011870
v 0.055002 -0.001000 -0.010424
v 0.057185 -0.001000 -0.008629
v 0.058830 -0.001000 -0.006631
v 0.059941 -0.001000 -0.004498
v 0.060570 -0.001000 -0.002275
v 0.060768 -0.001000 -0.000006
v 0.025521 -0.001000 0.000994
v 0.025521 -0.001000 -0.001006
v 0.060570 -0.001000 0.002263
v 0.059941 -0.001000 0.004486
v 0.058830 -0.001000 0.006619
v 0.057185 -0.001000 0.008617
v 0.055002 -0.001000 0.010412
v 0.052464 -0.001000 0.011858
v 0.049802 -0.001000 0.012784
v 0.047247 -0.001000 0.013021
v 0.044966 -0.001000 0.012485
v 0.042872 -0.001000 0.011433
v 0.040814 -0.001000 0.010206
v 0.038641 -0.001000 0.009146
v 0.036268 -0.001000 0.008493
v 0.033871 -0.001000 0.008080
v 0.031693 -0.001000 0.007640
v 0.029976 -0.001000 0.006903
v 0.028990 -0.001000 0.005842
v 0.028430 -0.001000 0.004439
v 0.028105 -0.001000 0.000994
v -0.001010 -0.001000 -0.028121
v -0.004455 -0.001000 -0.028446
v -0.005858 -0.001000 -0.029006
v -0.006919 -0.001000 -0.029992
v -0.007656 -0.001000 -0.031709
v -0.008097 -0.001000 -0.033887
v -0.008509 -0.001000 -0.036284
v -0.009162 -0.001000 -0.038657
v -0.010222 -0.001000 -0.040830
v -0.011449 -0.001000 -0.042888
v -0.012501 -0.001000 -0.044982
v -0.013037 -0.001000 -0.047263
v -0.012800 -0.001000 -0.049818
v -0.011874 -0.001000 -0.052480
v -0.010429 -0.001000 -0.055018
v -0.008633 -0.001000 -0.057201
v -0.006636 -0.001000 -0.058846
v -0.004502 -0.001000 -0.059957
v -0.002279 -0.001000 -0.060586
v -0.000010 -0.001000 -0.060784
v 0.000990 -0.001000 -0.025537
v -0.001010 -0.001000 -0.025537
v 0.002259 -0.001000 -0.060586
v 0.004482 -0.001000 -0.059957
v 0.006615 -0.001000 -0.058846
v 0.008613 -0.001000 -0.057201
v 0.010408 -0.001000 -0.055018
v 0.011854 -0.001000 -0.052480
v 0.012780 -0.001000 -0.049818
v 0.013017 -0.001000 -0.047263
v 0.012481 -0.001000 -0.044982
v 0.011429 -0.001000 -0.042888
v 0.010202 -0.001000 -0.040830
v 0.009142 -0.001000 -0.038657
v 0.008489 -0.001000 -0.036284
v 0.008076 -0.001000 -0.033887
v 0.007636 -0.001000 -0.031709
v 0.006899 -0.001000 -0.029992
v 0.005838 -0.001000 -0.029006
v 0.004435 -0.001000 -0.028446
v 0.000990 -0.001000 -0.028121
v -0.028125 -0.001000 0.000994
v -0.028450 -0.001000 0.004439
v -0.029011 -0.001000 0.005842
v -0.029996 -0.001000 0.006903
v -0.031714 -0.001000 0.007640
v -0.033892 -0.001000 0.008080
v -0.036288 -0.001000 0.008493
v -0.038661 -0.001000 0.009146
v -0.040834 -0.001000 0.010206
v -0.042892 -0.001000 0.011433
v -0.044986 -0.001000 0.012485
v -0.047267 -0.001000 0.013021
v -0.049822 -0.001000 0.012784
v -0.052484 -0.001000 0.011858
v -0.055022 -0.001000 0.010412
v -0.057205 -0.001000 0.008617
v -0.058850 -0.001000 0.006619
v -0.059961 -0.001000 0.004486
v -0.060590 -0.001000 0.002263
v -0.060788 -0.001000 -0.000006
v -0.025541 -0.001000 -0.001006
v -0.025541 -0.001000 0.000994
v -0.060590 -0.001000 -0.002275
v -0.059961 -0.001000 -0.004498
v -0.058850 -0.001000 -0.006631
v -0.057205 -0.001000 -0.008629
v -0.055022 -0.001000 -0.010424
v -0.052484 -0.001000 -0.011870
v -0.049822 -0.001000 -0.012796
v -0.047267 -0.001000 -0.013033
v -0.044986 -0.001000 -0.012497
v -0.042892 -0.001000 -0.011445
v -0.040834 -0.001000 -0.010218
v -0.038661 -0.001000 -0.009158
v -0.036288 -0.001000 -0.008505
v -0.033892 -0.001000 -0.008092
v -0.031714 -0.001000 -0.007652
v -0.029996 -0.001000 -0.006915
v -0.029011 -0.001000 -0.005854
v -0.028450 -0.001000 -0.004451
v -0.028125 -0.001000 -0.001006
v 0.058102 -0.001000 0.058106
v 0.065751 -0.001000 0.049993
v 0.028408 -0.001000 0.012190
v 0.033178 -0.001000 0.011229
v 0.037645 -0.001000 0.012849
v 0.041377 -0.001000 0.015543
v 0.045552 -0.001000 0.017412
v 0.050329 -0.001000 0.017023
v 0.054719 -0.001000 0.015033
v 0.058586 -0.001000 0.012313
v 0.061928 -0.001000 0.008856
v 0.064218 -0.001000 0.004721
v 0.065050 -0.001000 0.000106
v 0.064295 -0.001000 -0.004536
v 0.062025 -0.001000 -0.008772
v 0.058647 -0.001000 -0.012296
v 0.054719 -0.001000 -0.014995
v 0.050426 -0.001000 -0.016731
v 0.045806 -0.001000 -0.016704
v 0.041595 -0.001000 -0.014635
v 0.037553 -0.001000 -0.011997
v 0.033008 -0.001000 -0.010884
v 0.028349 -0.001000 -0.012172
v 0.034102 -0.001000 -0.017282
v 0.041281 -0.001000 -0.020416
v 0.048548 -0.001000 -0.021714
v 0.055636 -0.001000 -0.019559
v 0.061549 -0.001000 -0.014965
v 0.068651 -0.001000 -0.012666
v 0.075953 -0.001000 -0.014786
v 0.079709 -0.001000 -0.020834
v 0.078959 -0.001000 -0.028370
v 0.076218 -0.001000 -0.035474
v 0.072273 -0.001000 -0.041844
v 0.067474 -0.001000 -0.048005
v 0.012228 -0.001000 -0.028332
v 0.011221 -0.001000 -0.033146
v 0.012800 -0.001000 -0.037591
v 0.015493 -0.001000 -0.041324
v 0.017395 -0.001000 -0.045504
v 0.017041 -0.001000 -0.050274
v 0.015029 -0.001000 -0.054735
v 0.012340 -0.001000 -0.058565
v 0.008883 -0.001000 -0.061920
v 0.004747 -0.001000 -0.064223
v 0.000126 -0.001000 -0.065065
v -0.004524 -0.001000 -0.064316
v -0.008768 -0.001000 -0.062046
v -0.012299 -0.001000 -0.058664
v -0.015001 -0.001000 -0.054730
v -0.016738 -0.001000 -0.050429
v -0.016703 -0.001000 -0.045803
v -0.014622 -0.001000 -0.041585
v -0.011997 -0.001000 -0.037561
v -0.010890 -0.001000 -0.032982
v -0.012199 -0.001000 -0.028318
v -0.017287 -0.001000 -0.034094
v -0.020423 -0.001000 -0.041284
v -0.021726 -0.001000 -0.048547
v -0.019577 -0.001000 -0.055638
v -0.014979 -0.001000 -0.061550
v -0.012670 -0.001000 -0.068652
v -0.014784 -0.001000 -0.075959
v -0.020829 -0.001000 -0.079724
v -0.028367 -0.001000 -0.078977
v -0.035474 -0.001000 -0.076236
v -0.041846 -0.001000 -0.072290
v -0.048010 -0.001000 -0.067490
v -0.028341 -0.001000 -0.012241
v -0.033153 -0.001000 -0.011238
v -0.037601 -0.001000 -0.012820
v -0.041335 -0.001000 -0.015514
v -0.045516 -0.001000 -0.017413
v -0.050288 -0.001000 -0.017054
v -0.054739 -0.001000 -0.015045
v -0.058576 -0.001000 -0.012349
v -0.061930 -0.001000 -0.008891
v -0.064231 -0.001000 -0.004753
v -0.065070 -0.001000 -0.000131
v -0.064317 -0.001000 0.004519
v -0.062043 -0.001000 0.008762
v -0.058658 -0.001000 0.012292
v -0.054721 -0.001000 0.014993
v -0.050419 -0.001000 0.016726
v -0.045794 -0.001000 0.016683
v -0.041575 -0.001000 0.014597
v -0.037562 -0.001000 0.011979
v -0.032970 -0.001000 0.010875
v -0.028307 -0.001000 0.012190
v -0.034084 -0.001000 0.017278
v -0.041276 -0.001000 0.020411
v -0.048542 -0.001000 0.021711
v -0.055636 -0.001000 0.019565
v -0.061548 -0.001000 0.014967
v -0.068650 -0.001000 0.012654
v -0.075959 -0.001000 0.014765
v -0.079728 -0.001000 0.020808
v -0.078982 -0.001000 0.028348
v -0.076241 -0.001000 0.035456
v -0.072295 -0.001000 0.041829
v -0.067494 -0.001000 0.047993
v -0.012240 -0.001000 0.028338
v -0.011242 -0.001000 0.033143
v -0.012831 -0.001000 0.037596
v -0.015525 -0.001000 0.041330
v -0.017419 -0.001000 0.045510
v -0.017054 -0.001000 0.050284
v -0.015049 -0.001000 0.054723
v -0.012347 -0.001000 0.058568
v -0.008888 -0.001000 0.061920
v -0.004749 -0.001000 0.064218
v -0.000127 -0.001000 0.065054
v 0.004523 -0.001000 0.064298
v 0.008764 -0.001000 0.062023
v 0.012293 -0.001000 0.058636
v 0.014992 -0.001000 0.054699
v 0.016723 -0.001000 0.050397
v 0.016677 -0.001000 0.045773
v 0.014590 -0.001000 0.041555
v 0.011975 -0.001000 0.037545
v 0.010871 -0.001000 0.032951
v 0.012187 -0.001000 0.028288
v 0.017278 -0.001000 0.034063
v 0.020412 -0.001000 0.041256
v 0.021704 -0.001000 0.048521
v 0.019531 -0.001000 0.055600
v 0.014939 -0.001000 0.061523
v 0.012648 -0.001000 0.068634
v 0.014761 -0.001000 0.075943
v 0.020804 -0.001000 0.079712
v 0.028344 -0.001000 0.078966
v 0.035451 -0.001000 0.076225
v 0.041825 -0.001000 0.072279
v 0.047989 -0.001000 0.067478
v -0.050010 -0.001000 -0.065767
v -0.058122 -0.001000 -0.058118
v -0.065771 -0.001000 -0.050005
v -0.048010 -0.001000 -0.060491
v -0.050010 -0.001000 -0.060491
v -0.060495 -0.001000 -0.050005
v -0.060495 -0.001000 -0.048005
v -0.067494 -0.001000 -0.048005
v -0.072734 -0.001000 -0.041215
v -0.076857 -0.001000 -0.034231
v -0.079430 -0.001000 -0.026157
v -0.079002 -0.001000 -0.018060
v -0.072780 -0.001000 -0.013321
v -0.064621 -0.001000 -0.013384
v -0.057687 -0.001000 -0.017920
v -0.050688 -0.001000 -0.021635
v -0.042339 -0.001000 -0.020724
v -0.034802 -0.001000 -0.017713
v 0.049989 -0.001000 -0.060491
v 0.047989 -0.001000 -0.060491
v 0.047989 -0.001000 -0.067490
v 0.041198 -0.001000 -0.072730
v 0.034214 -0.001000 -0.076854
v 0.026140 -0.001000 -0.079426
v 0.018042 -0.001000 -0.078997
v 0.013304 -0.001000 -0.072774
v 0.013369 -0.001000 -0.064614
v 0.017906 -0.001000 -0.057681
v 0.021619 -0.001000 -0.050680
v 0.020709 -0.001000 -0.042331
v 0.017700 -0.001000 -0.034791
v 0.060475 -0.001000 -0.048005
v 0.060475 -0.001000 -0.050005
v 0.065751 -0.001000 -0.050005
v 0.058102 -0.001000 -0.058118
v 0.049989 -0.001000 -0.065767
v -0.050010 -0.001000 0.060479
v -0.048010 -0.001000 0.060479
v -0.048010 -0.001000 0.067478
v -0.041220 -0.001000 0.072717
v -0.034238 -0.001000 0.076840
v -0.026161 -0.001000 0.079414
v -0.018068 -0.001000 0.078988
v -0.013327 -0.001000 0.072770
v -0.013385 -0.001000 0.064612
v -0.017918 -0.001000 0.057678
v -0.021635 -0.001000 0.050682
v -0.020721 -0.001000 0.042334
v -0.017709 -0.001000 0.034799
v -0.060495 -0.001000 0.047993
v -0.060495 -0.001000 0.049993
v -0.065771 -0.001000 0.049993
v -0.058122 -0.001000 0.058106
v -0.050010 -0.001000 0.065755
v 0.047989 -0.001000 0.060479
v 0.049989 -0.001000 0.060479
v 0.049989 -0.001000 0.065755
v 0.054101 -0.001000 0.062000
v 0.060475 -0.001000 0.049993
v 0.060475 -0.001000 0.047993
v 0.067474 -0.001000 0.047993
v 0.072332 -0.001000 0.041749
v 0.076200 -0.001000 0.035496
v 0.078957 -0.001000 0.028368
v 0.079749 -0.001000 0.021304
v 0.075912 -0.001000 0.014748
v 0.068666 -0.001000 0.012655
v 0.061549 -0.001000 0.014953
v 0.055553 -0.001000 0.019612
v 0.048576 -0.001000 0.021730
v 0.041033 -0.001000 0.020355
v 0.034246 -0.001000 0.017355
v -0.001010 -0.001000 0.025598
v 0.000990 -0.001000 0.025598
v 0.025594 -0.001000 0.000994
v 0.025594 -0.001000 -0.001006
v 0.000990 -0.001000 -0.025610
v -0.001010 -0.001000 -0.025610
v -0.025614 -0.001000 -0.001006
v -0.025614 -0.001000 0.000994
v -0.050010 -0.001000 -0.060767
v -0.048010 -0.001000 -0.060767
v -0.060771 -0.001000 -0.050005
v -0.060771 -0.001000 -0.048005
v 0.049989 -0.001000 -0.060767
v 0.047989 -0.001000 -0.060767
v 0.060751 -0.001000 -0.050005
v 0.060751 -0.001000 -0.048005
v -0.050010 -0.001000 0.060755
v -0.048010 -0.001000 0.060755
v -0.060771 -0.001000 0.049993
v -0.060771 -0.001000 0.047993
v 0.049989 -0.001000 0.060755
v 0.047989 -0.001000 0.060755
v 0.060751 -0.001000 0.049993
v 0.060751 -0.001000 0.047993
v -0.032588 0.001000 0.039994
v -0.032712 0.001000 0.041344
v -0.033109 0.001000 0.042725
v -0.033798 0.001000 0.044055
v -0.034762 0.001000 0.045241
v -0.035949 0.001000 0.046205
v -0.037278 0.001000 0.046894
v -0.038659 0.001000 0.047291
v -0.040010 0.001000 0.047415
v -0.041360 0.001000 0.047291
v -0.042741 0.001000 0.046894
v -0.044071 0.001000 0.046205
v -0.045257 0.001000 0.045241
v -0.046221 0.001000 0.044055
v -0.046910 0.001000 0.042725
v -0.047307 0.001000 0.041344
v -0.047431 0.001000 0.039994
v -0.047307 0.001000 0.038643
v -0.046910 0.001000 0.037262
v -0.046221 0.001000 0.035933
v -0.045257 0.001000 0.034746
v -0.044071 0.001000 0.033782
v -0.042741 0.001000 0.033093
v -0.041360 0.001000 0.032696
v -0.040010 0.001000 0.032572
v -0.038659 0.001000 0.032696
v -0.037278 0.001000 0.033093
v -0.035949 0.001000 0.033782
v -0.034762 0.001000 0.034746
v -0.033798 0.001000 0.035933
v -0.033109 0.001000 0.037262
v -0.032712 0.001000 0.038643
v 0.039989 0.001000 0.032572
v 0.041340 0.001000 0.032696
v 0.042721 0.001000 0.033093
v 0.044051 0.001000 0.033782
v 0.045237 0.001000 0.034746
v 0.046201 0.001000 0.035933
v 0.046890 0.001000 0.037262
v 0.047287 0.001000 0.038643
v 0.047411 0.001000 0.039994
v 0.047287 0.001000 0.041344
v 0.046890 0.001000 0.042725
v 0.046201 0.001000 0.044055
v 0.045237 0.001000 0.045241
v 0.044051 0.001000 0.046205
v 0.042721 0.001000 0.046894
v 0.041340 0.001000 0.047291
v 0.039989 0.001000 0.047415
v 0.038639 0.001000 0.047291
v 0.037258 0.001000 0.046894
v 0.035928 0.001000 0.046205
v 0.034742 0.001000 0.045241
v 0.033778 0.001000 0.044055
v 0.033089 0.001000 0.042725
v 0.032692 0.001000 0.041344
v 0.032568 0.001000 0.039994
v 0.032692 0.001000 0.038643
v 0.033089 0.001000 0.037262
v 0.033778 0.001000 0.035933
v 0.034742 0.001000 0.034746
v 0.035928 0.001000 0.033782
v 0.037258 0.001000 0.033093
v 0.038639 0.001000 0.032696
v 0.032568 0.001000 -0.040006
v 0.032692 0.001000 -0.041356
v 0.033089 0.001000 -0.042737
v 0.033778 0.001000 -0.044067
v 0.034742 0.001000 -0.045253
v 0.035928 0.001000 -0.046217
v 0.037258 0.001000 -0.046906
v 0.038639 0.001000 -0.047303
v 0.039989 0.001000 -0.047427
v 0.041340 0.001000 -0.047303
v 0.042721 0.001000 -0.046906
v 0.044051 0.001000 -0.046217
v 0.045237 0.001000 -0.045253
v 0.046201 0.001000 -0.044067
v 0.046890 0.001000 -0.042737
v 0.047287 0.001000 -0.041356
v 0.047411 0.001000 -0.040006
v 0.047287 0.001000 -0.038655
v 0.046890 0.001000 -0.037274
v 0.046201 0.001000 -0.035944
v 0.045237 0.001000 -0.034758
v 0.044051 0.001000 -0.033794
v 0.042721 0.001000 -0.033105
v 0.041340 0.001000 -0.032708
v 0.039989 0.001000 -0.032584
v 0.038639 0.001000 -0.032708
v 0.037258 0.001000 -0.033105
v 0.035928 0.001000 -0.033794
v 0.034742 0.001000 -0.034758
v 0.033778 0.001000 -0.035944
v 0.033089 0.001000 -0.037274
v 0.032692 0.001000 -0.038655
v -0.040010 0.001000 -0.032584
v -0.041360 0.001000 -0.032708
v -0.042741 0.001000 -0.033105
v -0.044071 0.001000 -0.033794
v -0.045257 0.001000 -0.034758
v -0.046221 0.001000 -0.035944
v -0.046910 0.001000 -0.037274
v -0.047307 0.001000 -0.038655
v -0.047431 0.001000 -0.040006
v -0.047307 0.001000 -0.041356
v -0.046910 0.001000 -0.042737
v -0.046221 0.001000 -0.044067
v -0.045257 0.001000 -0.045253
v -0.044071 0.001000 -0.046217
v -0.042741 0.001000 -0.046906
v -0.041360 0.001000 -0.047303
v -0.040010 0.001000 -0.047427
v -0.038659 0.001000 -0.047303
v -0.037278 0.001000 -0.046906
v -0.035949 0.001000 -0.046217
v -0.034762 0.001000 -0.045253
v -0.033798 0.001000 -0.044067
v -0.033109 0.001000 -0.042737
v -0.032712 0.001000 -0.041356
v -0.032588 0.001000 -0.040006
v -0.032712 0.001000 -0.038655
v -0.033109 0.001000 -0.037274
v -0.033798 0.001000 -0.035944
v -0.034762 0.001000 -0.034758
v -0.035949 0.001000 -0.033794
v -0.037278 0.001000 -0.033105
v -0.038659 0.001000 -0.032708
v -0.020220 0.001000 0.013139
v -0.016445 0.001000 0.001753
v -0.016233 0.001000 0.000891
v -0.016161 0.001000 -0.000006
v -0.016233 0.001000 -0.000903
v -0.016445 0.001000 -0.001765
v -0.020220 0.001000 -0.013151
v -0.020407 0.001000 -0.013874
v -0.020497 0.001000 -0.014636
v -0.020481 0.001000 -0.015419
v -0.020354 0.001000 -0.016199
v -0.020117 0.001000 -0.016954
v -0.019781 0.001000 -0.017661
v -0.019358 0.001000 -0.018301
v -0.018867 0.001000 -0.018863
v -0.018306 0.001000 -0.019354
v -0.017665 0.001000 -0.019777
v -0.016958 0.001000 -0.020113
v -0.016203 0.001000 -0.020350
v -0.015423 0.001000 -0.020477
v -0.014640 0.001000 -0.020493
v -0.013878 0.001000 -0.020403
v -0.013156 0.001000 -0.020216
v -0.001769 0.001000 -0.016441
v -0.000907 0.001000 -0.016229
v -0.000010 0.001000 -0.016157
v 0.000887 0.001000 -0.016229
v 0.001749 0.001000 -0.016441
v 0.013135 0.001000 -0.020216
v 0.013857 0.001000 -0.020403
v 0.014620 0.001000 -0.020493
v 0.015403 0.001000 -0.020477
v 0.016183 0.001000 -0.020350
v 0.016938 0.001000 -0.020113
v 0.017645 0.001000 -0.019777
v 0.018285 0.001000 -0.019354
v 0.018847 0.001000 -0.018863
v 0.019338 0.001000 -0.018301
v 0.019761 0.001000 -0.017661
v 0.020097 0.001000 -0.016954
v 0.020333 0.001000 -0.016199
v 0.020461 0.001000 -0.015419
v 0.020477 0.001000 -0.014636
v 0.020387 0.001000 -0.013874
v 0.020200 0.001000 -0.013151
v 0.016425 0.001000 -0.001765
v 0.016213 0.001000 -0.000903
v 0.016141 0.001000 -0.000006
v 0.016213 0.001000 0.000891
v 0.016425 0.001000 0.001753
v 0.020200 0.001000 0.013139
v 0.020387 0.001000 0.013862
v 0.020477 0.001000 0.014624
v 0.020461 0.001000 0.015407
v 0.020333 0.001000 0.016187
v 0.020097 0.001000 0.016942
v 0.019761 0.001000 0.017649
v 0.019338 0.001000 0.018289
v 0.018847 0.001000 0.018851
v 0.018285 0.001000 0.019342
v 0.017645 0.001000 0.019765
v 0.016938 0.001000 0.020101
v 0.016183 0.001000 0.020338
v 0.015403 0.001000 0.020465
v 0.014620 0.001000 0.020481
v 0.013857 0.001000 0.020391
v 0.013135 0.001000 0.020204
v 0.001749 0.001000 0.016429
v 0.000887 0.001000 0.016217
v -0.000010 0.001000 0.016145
v -0.000907 0.001000 0.016217
v -0.001769 0.001000 0.016429
v -0.013156 0.001000 0.020204
v -0.013878 0.001000 0.020391
v -0.014640 0.001000 0.020481
v -0.015423 0.001000 0.020465
v -0.016203 0.001000 0.020338
v -0.016958 0.001000 0.020101
v -0.017665 0.001000 0.019765
v -0.018306 0.001000 0.019342
v -0.018867 0.001000 0.018851
v -0.019358 0.001000 0.018289
v -0.019781 0.001000 0.017649
v -0.020117 0.001000 0.016942
v -0.020354 0.001000 0.016187
v -0.020481 0.001000 0.015407
v -0.020497 0.001000 0.014624
v -0.020407 0.001000 0.013862
v -0.039640 0.001000 0.069322
v -0.039913 0.001000 0.069038
v -0.040055 0.001000 0.068670
v -0.040044 0.001000 0.068277
v -0.039882 0.001000 0.067918
v -0.039299 0.001000 0.067105
v -0.039031 0.001000 0.066849
v -0.038657 0.001000 0.066702
v -0.038255 0.001000 0.066715
v -0.037916 0.001000 0.066867
v -0.036738 0.001000 0.067665
v -0.035540 0.001000 0.068434
v -0.034322 0.001000 0.069170
v -0.033081 0.001000 0.069867
v -0.031978 0.001000 0.070440
v -0.030856 0.001000 0.070972
v -0.029713 0.001000 0.071455
v -0.028546 0.001000 0.071880
v -0.027629 0.001000 0.072161
v -0.026698 0.001000 0.072391
v -0.025145 0.001000 0.072627
v -0.023982 0.001000 0.072655
v -0.022832 0.001000 0.072503
v -0.021369 0.001000 0.071900
v -0.020421 0.001000 0.071004
v -0.019820 0.001000 0.069857
v -0.019567 0.001000 0.068610
v -0.019650 0.001000 0.067442
v -0.020046 0.001000 0.066236
v -0.020757 0.001000 0.064937
v -0.021245 0.001000 0.064220
v -0.021766 0.001000 0.063527
v -0.022373 0.001000 0.062776
v -0.022995 0.001000 0.062039
v -0.023712 0.001000 0.061206
v -0.024427 0.001000 0.060371
v -0.025125 0.001000 0.059532
v -0.025800 0.001000 0.058674
v -0.026461 0.001000 0.057758
v -0.027068 0.001000 0.056805
v -0.027622 0.001000 0.055776
v -0.028092 0.001000 0.054707
v -0.028473 0.001000 0.053603
v -0.028756 0.001000 0.052471
v -0.028945 0.001000 0.051271
v -0.029034 0.001000 0.050058
v -0.029034 0.001000 0.048782
v -0.028947 0.001000 0.047509
v -0.028770 0.001000 0.046139
v -0.028522 0.001000 0.044779
v -0.028180 0.001000 0.043276
v -0.027782 0.001000 0.041787
v -0.027538 0.001000 0.040951
v -0.027281 0.001000 0.040118
v -0.027014 0.001000 0.039289
v -0.026738 0.001000 0.038463
v -0.026253 0.001000 0.037072
v -0.025749 0.001000 0.035688
v -0.025543 0.001000 0.035354
v -0.025225 0.001000 0.035125
v -0.024844 0.001000 0.035036
v -0.024457 0.001000 0.035100
v -0.023522 0.001000 0.035454
v -0.023204 0.001000 0.035649
v -0.022966 0.001000 0.035975
v -0.022876 0.001000 0.036369
v -0.022938 0.001000 0.036737
v -0.024141 0.001000 0.040155
v -0.025048 0.001000 0.043152
v -0.025662 0.001000 0.045782
v -0.025988 0.001000 0.048099
v -0.026029 0.001000 0.050156
v -0.025787 0.001000 0.052006
v -0.024472 0.001000 0.055300
v -0.023383 0.001000 0.056893
v -0.022112 0.001000 0.058463
v -0.020763 0.001000 0.060033
v -0.019443 0.001000 0.061628
v -0.018258 0.001000 0.063275
v -0.017313 0.001000 0.064997
v -0.016716 0.001000 0.066819
v -0.016571 0.001000 0.068768
v -0.016967 0.001000 0.070788
v -0.017960 0.001000 0.072720
v -0.019607 0.001000 0.074329
v -0.021965 0.001000 0.075380
v -0.025091 0.001000 0.075640
v -0.026959 0.001000 0.075399
v -0.029041 0.001000 0.074873
v -0.031343 0.001000 0.074031
v -0.033872 0.001000 0.072845
v -0.036635 0.001000 0.071285
v -0.069338 0.001000 0.039624
v -0.071301 0.001000 0.036619
v -0.072861 0.001000 0.033856
v -0.074047 0.001000 0.031327
v -0.074889 0.001000 0.029025
v -0.075415 0.001000 0.026943
v -0.075656 0.001000 0.025075
v -0.075396 0.001000 0.021949
v -0.074345 0.001000 0.019591
v -0.072736 0.001000 0.017944
v -0.070804 0.001000 0.016951
v -0.068784 0.001000 0.016555
v -0.065013 0.001000 0.017297
v -0.063291 0.001000 0.018242
v -0.061644 0.001000 0.019427
v -0.060049 0.001000 0.020747
v -0.058479 0.001000 0.022096
v -0.055316 0.001000 0.024455
v -0.052022 0.001000 0.025771
v -0.048115 0.001000 0.025972
v -0.045799 0.001000 0.025646
v -0.043168 0.001000 0.025032
v -0.040171 0.001000 0.024125
v -0.036753 0.001000 0.022922
v -0.036385 0.001000 0.022860
v -0.035991 0.001000 0.022950
v -0.035665 0.001000 0.023188
v -0.035470 0.001000 0.023506
v -0.035116 0.001000 0.024441
v -0.035052 0.001000 0.024828
v -0.035141 0.001000 0.025209
v -0.035370 0.001000 0.025527
v -0.035704 0.001000 0.025733
v -0.037088 0.001000 0.026237
v -0.038479 0.001000 0.026722
v -0.039305 0.001000 0.026998
v -0.040134 0.001000 0.027265
v -0.040967 0.001000 0.027522
v -0.041803 0.001000 0.027766
v -0.043292 0.001000 0.028164
v -0.044795 0.001000 0.028506
v -0.046155 0.001000 0.028754
v -0.047525 0.001000 0.028931
v -0.048798 0.001000 0.029017
v -0.050074 0.001000 0.029018
v -0.051287 0.001000 0.028929
v -0.052487 0.001000 0.028740
v -0.053619 0.001000 0.028457
v -0.054723 0.001000 0.028076
v -0.055792 0.001000 0.027606
v -0.056821 0.001000 0.027052
v -0.057774 0.001000 0.026445
v -0.058690 0.001000 0.025784
v -0.059548 0.001000 0.025109
v -0.060387 0.001000 0.024411
v -0.061222 0.001000 0.023696
v -0.062055 0.001000 0.022979
v -0.062793 0.001000 0.022357
v -0.063543 0.001000 0.021750
v -0.064236 0.001000 0.021229
v -0.064953 0.001000 0.020741
v -0.066252 0.001000 0.020030
v -0.067458 0.001000 0.019634
v -0.068626 0.001000 0.019551
v -0.069874 0.001000 0.019804
v -0.071020 0.001000 0.020405
v -0.071916 0.001000 0.021353
v -0.072282 0.001000 0.022057
v -0.072519 0.001000 0.022816
v -0.072671 0.001000 0.023966
v -0.072643 0.001000 0.025129
v -0.072550 0.001000 0.025909
v -0.072408 0.001000 0.026682
v -0.072177 0.001000 0.027613
v -0.071896 0.001000 0.028530
v -0.071471 0.001000 0.029697
v -0.070988 0.001000 0.030840
v -0.070456 0.001000 0.031962
v -0.069883 0.001000 0.033065
v -0.069186 0.001000 0.034305
v -0.068451 0.001000 0.035524
v -0.067682 0.001000 0.036722
v -0.066883 0.001000 0.037900
v -0.066731 0.001000 0.038239
v -0.066718 0.001000 0.038641
v -0.066865 0.001000 0.039015
v -0.067121 0.001000 0.039283
v -0.067934 0.001000 0.039866
v -0.068293 0.001000 0.040028
v -0.068687 0.001000 0.040039
v -0.069054 0.001000 0.039897
v -0.039640 0.001000 -0.069334
v -0.036635 0.001000 -0.071297
v -0.033872 0.001000 -0.072857
v -0.031343 0.001000 -0.074043
v -0.029041 0.001000 -0.074884
v -0.026959 0.001000 -0.075411
v -0.025091 0.001000 -0.075651
v -0.021965 0.001000 -0.075392
v -0.019607 0.001000 -0.074341
v -0.017960 0.001000 -0.072732
v -0.016967 0.001000 -0.070800
v -0.016571 0.001000 -0.068779
v -0.017313 0.001000 -0.065009
v -0.018258 0.001000 -0.063287
v -0.019443 0.001000 -0.061640
v -0.020763 0.001000 -0.060045
v -0.022112 0.001000 -0.058475
v -0.024472 0.001000 -0.055312
v -0.025787 0.001000 -0.052018
v -0.025988 0.001000 -0.048111
v -0.025662 0.001000 -0.045794
v -0.025048 0.001000 -0.043164
v -0.024141 0.001000 -0.040167
v -0.022938 0.001000 -0.036749
v -0.022876 0.001000 -0.036381
v -0.022966 0.001000 -0.035987
v -0.023204 0.001000 -0.035661
v -0.023522 0.001000 -0.035466
v -0.024457 0.001000 -0.035112
v -0.024844 0.001000 -0.035048
v -0.025225 0.001000 -0.035137
v -0.025543 0.001000 -0.035366
v -0.025749 0.001000 -0.035700
v -0.026253 0.001000 -0.037084
v -0.026738 0.001000 -0.038475
v -0.027014 0.001000 -0.039301
v -0.027281 0.001000 -0.040130
v -0.027538 0.001000 -0.040963
v -0.027782 0.001000 -0.041799
v -0.028180 0.001000 -0.043288
v -0.028522 0.001000 -0.044791
v -0.028770 0.001000 -0.046151
v -0.028947 0.001000 -0.047520
v -0.029034 0.001000 -0.048794
v -0.029034 0.001000 -0.050070
v -0.028945 0.001000 -0.051283
v -0.028756 0.001000 -0.052483
v -0.028473 0.001000 -0.053615
v -0.028092 0.001000 -0.054719
v -0.027622 0.001000 -0.055788
v -0.027068 0.001000 -0.056816
v -0.026461 0.001000 -0.057770
v -0.025800 0.001000 -0.058686
v -0.025125 0.001000 -0.059544
v -0.024427 0.001000 -0.060383
v -0.023712 0.001000 -0.061218
v -0.022995 0.001000 -0.062051
v -0.022373 0.001000 -0.062788
v -0.021766 0.001000 -0.063539
v -0.021245 0.001000 -0.064232
v -0.020757 0.001000 -0.064949
v -0.020046 0.001000 -0.066248
v -0.019650 0.001000 -0.067454
v -0.019567 0.001000 -0.068622
v -0.019820 0.001000 -0.069869
v -0.020421 0.001000 -0.071016
v -0.021369 0.001000 -0.071912
v -0.022832 0.001000 -0.072515
v -0.023982 0.001000 -0.072667
v -0.025145 0.001000 -0.072639
v -0.026698 0.001000 -0.072403
v -0.027629 0.001000 -0.072173
v -0.028546 0.001000 -0.071892
v -0.029713 0.001000 -0.071467
v -0.030856 0.001000 -0.070984
v -0.031978 0.001000 -0.070452
v -0.033081 0.001000 -0.069879
v -0.034322 0.001000 -0.069182
v -0.035540 0.001000 -0.068446
v -0.036738 0.001000 -0.067677
v -0.037916 0.001000 -0.066879
v -0.038255 0.001000 -0.066727
v -0.038657 0.001000 -0.066714
v -0.039031 0.001000 -0.066861
v -0.039299 0.001000 -0.067117
v -0.039882 0.001000 -0.067930
v -0.040044 0.001000 -0.068289
v -0.040055 0.001000 -0.068682
v -0.039913 0.001000 -0.069050
v -0.069338 0.001000 -0.039636
v -0.069054 0.001000 -0.039909
v -0.068687 0.001000 -0.040051
v -0.068293 0.001000 -0.040040
v -0.067934 0.001000 -0.039878
v -0.067121 0.001000 -0.039295
v -0.066865 0.001000 -0.039027
v -0.066718 0.001000 -0.038653
v -0.066731 0.001000 -0.038251
v -0.066883 0.001000 -0.037912
v -0.067682 0.001000 -0.036734
v -0.068451 0.001000 -0.035536
v -0.069186 0.001000 -0.034317
v -0.069883 0.001000 -0.033076
v -0.070456 0.001000 -0.031974
v -0.070988 0.001000 -0.030852
v -0.071471 0.001000 -0.029709
v -0.071896 0.001000 -0.028542
v -0.072177 0.001000 -0.027625
v -0.072408 0.001000 -0.026694
v -0.072643 0.001000 -0.025141
v -0.072671 0.001000 -0.023978
v -0.072519 0.001000 -0.022828
v -0.071916 0.001000 -0.021365
v -0.071020 0.001000 -0.020417
v -0.069874 0.001000 -0.019816
v -0.068626 0.001000 -0.019563
v -0.067458 0.001000 -0.019646
v -0.066252 0.001000 -0.020042
v -0.064953 0.001000 -0.020753
v -0.064236 0.001000 -0.021241
v -0.063543 0.001000 -0.021762
v -0.062793 0.001000 -0.022369
v -0.062055 0.001000 -0.022991
v -0.061222 0.001000 -0.023708
v -0.060387 0.001000 -0.024423
v -0.059548 0.001000 -0.025121
v -0.058690 0.001000 -0.025796
v -0.057774 0.001000 -0.026457
v -0.056821 0.001000 -0.027064
v -0.055792 0.001000 -0.027618
v -0.054723 0.001000 -0.028088
v -0.053619 0.001000 -0.028469
v -0.052487 0.001000 -0.028752
v -0.051287 0.001000 -0.028941
v -0.050074 0.001000 -0.029030
v -0.048798 0.001000 -0.029029
v -0.047525 0.001000 -0.028943
v -0.046155 0.001000 -0.028766
v -0.044795 0.001000 -0.028518
v -0.043292 0.001000 -0.028176
v -0.041803 0.001000 -0.027778
v -0.040967 0.001000 -0.027534
v -0.040134 0.001000 -0.027277
v -0.039305 0.001000 -0.027010
v -0.038479 0.001000 -0.026734
v -0.037088 0.001000 -0.026249
v -0.035704 0.001000 -0.025745
v -0.035370 0.001000 -0.025539
v -0.035141 0.001000 -0.025221
v -0.035052 0.001000 -0.024840
v -0.035116 0.001000 -0.024453
v -0.035470 0.001000 -0.023518
v -0.035665 0.001000 -0.023199
v -0.035991 0.001000 -0.022962
v -0.036385 0.001000 -0.022872
v -0.036753 0.001000 -0.022934
v -0.040171 0.001000 -0.024137
v -0.043168 0.001000 -0.025044
v -0.045799 0.001000 -0.025658
v -0.048115 0.001000 -0.025984
v -0.050172 0.001000 -0.026025
v -0.052022 0.001000 -0.025783
v -0.055316 0.001000 -0.024467
v -0.056909 0.001000 -0.023379
v -0.058479 0.001000 -0.022108
v -0.060049 0.001000 -0.020759
v -0.061644 0.001000 -0.019439
v -0.063291 0.001000 -0.018254
v -0.065013 0.001000 -0.017309
v -0.066835 0.001000 -0.016712
v -0.068784 0.001000 -0.016567
v -0.070804 0.001000 -0.016963
v -0.072736 0.001000 -0.017956
v -0.074345 0.001000 -0.019603
v -0.075396 0.001000 -0.021961
v -0.075656 0.001000 -0.025087
v -0.075415 0.001000 -0.026955
v -0.074889 0.001000 -0.029037
v -0.074047 0.001000 -0.031339
v -0.072861 0.001000 -0.033868
v -0.071301 0.001000 -0.036631
v 0.039620 0.001000 -0.069334
v 0.039893 0.001000 -0.069050
v 0.040034 0.001000 -0.068682
v 0.040024 0.001000 -0.068289
v 0.039862 0.001000 -0.067930
v 0.039279 0.001000 -0.067117
v 0.039010 0.001000 -0.066861
v 0.038636 0.001000 -0.066714
v 0.038235 0.001000 -0.066727
v 0.037896 0.001000 -0.066879
v 0.036718 0.001000 -0.067677
v 0.035520 0.001000 -0.068446
v 0.034301 0.001000 -0.069182
v 0.033060 0.001000 -0.069879
v 0.031958 0.001000 -0.070452
v 0.030836 0.001000 -0.070984
v 0.029693 0.001000 -0.071467
v 0.028526 0.001000 -0.071892
v 0.027609 0.001000 -0.072173
v 0.026678 0.001000 -0.072403
v 0.025125 0.001000 -0.072639
v 0.023962 0.001000 -0.072667
v 0.022812 0.001000 -0.072515
v 0.021349 0.001000 -0.071912
v 0.020401 0.001000 -0.071016
v 0.019799 0.001000 -0.069869
v 0.019547 0.001000 -0.068622
v 0.019630 0.001000 -0.067454
v 0.020026 0.001000 -0.066248
v 0.020737 0.001000 -0.064949
v 0.021225 0.001000 -0.064232
v 0.021746 0.001000 -0.063539
v 0.022352 0.001000 -0.062788
v 0.022975 0.001000 -0.062051
v 0.023692 0.001000 -0.061218
v 0.024407 0.001000 -0.060383
v 0.025105 0.001000 -0.059544
v 0.025780 0.001000 -0.058686
v 0.026441 0.001000 -0.057770
v 0.027048 0.001000 -0.056816
v 0.027602 0.001000 -0.055788
v 0.028072 0.001000 -0.054719
v 0.028452 0.001000 -0.053615
v 0.028736 0.001000 -0.052483
v 0.028925 0.001000 -0.051283
v 0.029014 0.001000 -0.050070
v 0.029013 0.001000 -0.048794
v 0.028927 0.001000 -0.047520
v 0.028750 0.001000 -0.046151
v 0.028502 0.001000 -0.044791
v 0.028160 0.001000 -0.043288
v 0.027762 0.001000 -0.041799
v 0.027518 0.001000 -0.040963
v 0.027261 0.001000 -0.040130
v 0.026994 0.001000 -0.039301
v 0.026718 0.001000 -0.038475
v 0.026233 0.001000 -0.037084
v 0.025729 0.001000 -0.035700
v 0.025523 0.001000 -0.035366
v 0.025205 0.001000 -0.035137
v 0.024823 0.001000 -0.035048
v 0.024437 0.001000 -0.035112
v 0.023502 0.001000 -0.035466
v 0.023183 0.001000 -0.035661
v 0.022946 0.001000 -0.035987
v 0.022856 0.001000 -0.036381
v 0.022918 0.001000 -0.036749
v 0.024121 0.001000 -0.040167
v 0.025027 0.001000 -0.043164
v 0.025642 0.001000 -0.045794
v 0.025968 0.001000 -0.048111
v 0.026009 0.001000 -0.050168
v 0.025767 0.001000 -0.052018
v 0.024451 0.001000 -0.055312
v 0.023363 0.001000 -0.056905
v 0.022091 0.001000 -0.058475
v 0.020743 0.001000 -0.060045
v 0.019423 0.001000 -0.061640
v 0.018238 0.001000 -0.063287
v 0.017293 0.001000 -0.065009
v 0.016696 0.001000 -0.066831
v 0.016551 0.001000 -0.068779
v 0.016947 0.001000 -0.070800
v 0.017940 0.001000 -0.072732
v 0.019587 0.001000 -0.074341
v 0.021945 0.001000 -0.075392
v 0.025071 0.001000 -0.075651
v 0.026939 0.001000 -0.075411
v 0.029021 0.001000 -0.074884
v 0.031323 0.001000 -0.074043
v 0.033852 0.001000 -0.072857
v 0.036615 0.001000 -0.071297
v 0.069318 0.001000 -0.039636
v 0.071281 0.001000 -0.036631
v 0.072841 0.001000 -0.033868
v 0.074027 0.001000 -0.031339
v 0.074868 0.001000 -0.029037
v 0.075395 0.001000 -0.026955
v 0.075635 0.001000 -0.025087
v 0.075376 0.001000 -0.021961
v 0.074325 0.001000 -0.019603
v 0.072716 0.001000 -0.017956
v 0.070784 0.001000 -0.016963
v 0.068763 0.001000 -0.016567
v 0.064993 0.001000 -0.017309
v 0.063271 0.001000 -0.018254
v 0.061624 0.001000 -0.019439
v 0.060029 0.001000 -0.020759
v 0.058458 0.001000 -0.022108
v 0.055296 0.001000 -0.024467
v 0.052002 0.001000 -0.025783
v 0.048095 0.001000 -0.025984
v 0.045778 0.001000 -0.025658
v 0.043148 0.001000 -0.025044
v 0.040151 0.001000 -0.024137
v 0.036733 0.001000 -0.022934
v 0.036365 0.001000 -0.022872
v 0.035971 0.001000 -0.022962
v 0.035645 0.001000 -0.023199
v 0.035450 0.001000 -0.023518
v 0.035096 0.001000 -0.024453
v 0.035032 0.001000 -0.024840
v 0.035121 0.001000 -0.025221
v 0.035350 0.001000 -0.025539
v 0.035683 0.001000 -0.025745
v 0.037068 0.001000 -0.026249
v 0.038459 0.001000 -0.026734
v 0.039285 0.001000 -0.027010
v 0.040114 0.001000 -0.027277
v 0.040947 0.001000 -0.027534
v 0.041783 0.001000 -0.027778
v 0.043272 0.001000 -0.028176
v 0.044775 0.001000 -0.028518
v 0.046134 0.001000 -0.028766
v 0.047504 0.001000 -0.028943
v 0.048778 0.001000 -0.029029
v 0.050054 0.001000 -0.029030
v 0.051267 0.001000 -0.028941
v 0.052467 0.001000 -0.028752
v 0.053599 0.001000 -0.028469
v 0.054703 0.001000 -0.028088
v 0.055772 0.001000 -0.027618
v 0.056800 0.001000 -0.027064
v 0.057753 0.001000 -0.026457
v 0.058670 0.001000 -0.025796
v 0.059528 0.001000 -0.025121
v 0.060367 0.001000 -0.024423
v 0.061202 0.001000 -0.023708
v 0.062035 0.001000 -0.022991
v 0.062772 0.001000 -0.022369
v 0.063523 0.001000 -0.021762
v 0.064216 0.001000 -0.021241
v 0.064933 0.001000 -0.020753
v 0.066232 0.001000 -0.020042
v 0.067438 0.001000 -0.019646
v 0.068606 0.001000 -0.019563
v 0.069853 0.001000 -0.019816
v 0.070999 0.001000 -0.020417
v 0.071896 0.001000 -0.021365
v 0.072499 0.001000 -0.022828
v 0.072651 0.001000 -0.023978
v 0.072623 0.001000 -0.025141
v 0.072387 0.001000 -0.026694
v 0.072157 0.001000 -0.027625
v 0.071875 0.001000 -0.028542
v 0.071451 0.001000 -0.029709
v 0.070968 0.001000 -0.030852
v 0.070436 0.001000 -0.031974
v 0.069863 0.001000 -0.033076
v 0.069165 0.001000 -0.034317
v 0.068430 0.001000 -0.035536
v 0.067661 0.001000 -0.036734
v 0.066862 0.001000 -0.037912
v 0.066711 0.001000 -0.038251
v 0.066698 0.001000 -0.038653
v 0.066845 0.001000 -0.039027
v 0.067101 0.001000 -0.039295
v 0.067914 0.001000 -0.039878
v 0.068273 0.001000 -0.040040
v 0.068666 0.001000 -0.040051
v 0.069034 0.001000 -0.039909
v 0.069318 0.001000 0.039624
v 0.069034 0.001000 0.039897
v 0.068666 0.001000 0.040039
v 0.068273 0.001000 0.040028
v 0.067914 0.001000 0.039866
v 0.067101 0.001000 0.039283
v 0.066845 0.001000 0.039015
v 0.066698 0.001000 0.038641
v 0.066711 0.001000 0.038239
v 0.066862 0.001000 0.037900
v 0.067661 0.001000 0.036722
v 0.068430 0.001000 0.035524
v 0.069165 0.001000 0.034305
v 0.069863 0.001000 0.033065
v 0.070436 0.001000 0.031962
v 0.070968 0.001000 0.030840
v 0.071451 0.001000 0.029697
v 0.071875 0.001000 0.028530
v 0.072157 0.001000 0.027613
v 0.072387 0.001000 0.026682
v 0.072623 0.001000 0.025129
v 0.072651 0.001000 0.023966
v 0.072499 0.001000 0.022816
v 0.071896 0.001000 0.021353
v 0.070999 0.001000 0.020405
v 0.069853 0.001000 0.019804
v 0.068606 0.001000 0.019551
v 0.067438 0.001000 0.019634
v 0.066232 0.001000 0.020030
v 0.064933 0.001000 0.020741
v 0.064216 0.001000 0.021229
v 0.063523 0.001000 0.021750
v 0.062772 0.001000 0.022357
v 0.062035 0.001000 0.022979
v 0.061202 0.001000 0.023696
v 0.060367 0.001000 0.024411
v 0.059528 0.001000 0.025109
v 0.058670 0.001000 0.025784
v 0.057753 0.001000 0.026445
v 0.056800 0.001000 0.027052
v 0.055772 0.001000 0.027606
v 0.054703 0.001000 0.028076
v 0.053599 0.001000 0.028457
v 0.052467 0.001000 0.028740
v 0.051267 0.001000 0.028929
v 0.050054 0.001000 0.029018
v 0.048778 0.001000 0.029017
v 0.047504 0.001000 0.028931
v 0.046134 0.001000 0.028754
v 0.044775 0.001000 0.028506
v 0.043272 0.001000 0.028164
v 0.041783 0.001000 0.027766
v 0.040947 0.001000 0.027522
v 0.040114 0.001000 0.027265
v 0.039285 0.001000 0.026998
v 0.038459 0.001000 0.026722
v 0.037068 0.001000 0.026237
v 0.035683 0.001000 0.025733
v 0.035350 0.001000 0.025527
v 0.035121 0.001000 0.025209
v 0.035032 0.001000 0.024828
v 0.035096 0.001000 0.024441
v 0.035450 0.001000 0.023506
v 0.035645 0.001000 0.023188
v 0.035971 0.001000 0.022950
v 0.036365 0.001000 0.022860
v 0.036733 0.001000 0.022922
v 0.040151 0.001000 0.024125
v 0.043148 0.001000 0.025032
v 0.045778 0.001000 0.025646
v 0.048095 0.001000 0.025972
v 0.050152 0.001000 0.026013
v 0.052002 0.001000 0.025771
v 0.055296 0.001000 0.024455
v 0.056889 0.001000 0.023367
v 0.058458 0.001000 0.022096
v 0.060029 0.001000 0.020747
v 0.061624 0.001000 0.019427
v 0.063271 0.001000 0.018242
v 0.064993 0.001000 0.017297
v 0.066815 0.001000 0.016700
v 0.068763 0.001000 0.016555
v 0.070784 0.001000 0.016951
v 0.072716 0.001000 0.017944
v 0.074325 0.001000 0.019591
v 0.075376 0.001000 0.021949
v 0.075635 0.001000 0.025075
v 0.075395 0.001000 0.026943
v 0.074868 0.001000 0.029025
v 0.074027 0.001000 0.031327
v 0.072841 0.001000 0.033856
v 0.071281 0.001000 0.036619
v 0.039620 0.001000 0.069322
v 0.036615 0.001000 0.071285
v 0.033852 0.001000 0.072845
v 0.031323 0.001000 0.074031
v 0.029021 0.001000 0.074873
v 0.026939 0.001000 0.075399
v 0.025071 0.001000 0.075640
v 0.021945 0.001000 0.075380
v 0.019587 0.001000 0.074329
v 0.017940 0.001000 0.072720
v 0.016947 0.001000 0.070788
v 0.016551 0.001000 0.068768
v 0.017293 0.001000 0.064997
v 0.018238 0.001000 0.063275
v 0.019423 0.001000 0.061628
v 0.020743 0.001000 0.060033
v 0.022091 0.001000 0.058463
v 0.024451 0.001000 0.055300
v 0.025767 0.001000 0.052006
v 0.025968 0.001000 0.048099
v 0.025642 0.001000 0.045782
v 0.025027 0.001000 0.043152
v 0.024121 0.001000 0.040155
v 0.022918 0.001000 0.036737
v 0.022856 0.001000 0.036369
v 0.022946 0.001000 0.035975
v 0.023183 0.001000 0.035649
v 0.023502 0.001000 0.035454
v 0.024437 0.001000 0.035100
v 0.024823 0.001000 0.035036
v 0.025205 0.001000 0.035125
v 0.025523 0.001000 0.035354
v 0.025729 0.001000 0.035688
v 0.026233 0.001000 0.037072
v 0.026718 0.001000 0.038463
v 0.026994 0.001000 0.039289
v 0.027261 0.001000 0.040118
v 0.027518 0.001000 0.040951
v 0.027762 0.001000 0.041787
v 0.028160 0.001000 0.043276
v 0.028502 0.001000 0.044779
v 0.028750 0.001000 0.046139
v 0.028927 0.001000 0.047509
v 0.029013 0.001000 0.048782
v 0.029014 0.001000 0.050058
v 0.028925 0.001000 0.051271
v 0.028736 0.001000 0.052471
v 0.028452 0.001000 0.053603
v 0.028072 0.001000 0.054707
v 0.027602 0.001000 0.055776
v 0.027048 0.001000 0.056805
v 0.026441 0.001000 0.057758
v 0.025780 0.001000 0.058674
v 0.025105 0.001000 0.059532
v 0.024407 0.001000 0.060371
v 0.023692 0.001000 0.061206
v 0.022975 0.001000 0.062039
v 0.022352 0.001000 0.062776
v 0.021746 0.001000 0.063527
v 0.021225 0.001000 0.064220
v 0.020737 0.001000 0.064937
v 0.020026 0.001000 0.066236
v 0.019630 0.001000 0.067442
v 0.019547 0.001000 0.068610
v 0.019799 0.001000 0.069857
v 0.020401 0.001000 0.071004
v 0.021349 0.001000 0.071900
v 0.022052 0.001000 0.072266
v 0.022812 0.001000 0.072503
v 0.023962 0.001000 0.072655
v 0.025125 0.001000 0.072627
v 0.025905 0.001000 0.072534
v 0.026678 0.001000 0.072391
v 0.027609 0.001000 0.072161
v 0.028526 0.001000 0.071880
v 0.029693 0.001000 0.071455
v 0.030836 0.001000 0.070972
v 0.031958 0.001000 0.070440
v 0.033060 0.001000 0.069867
v 0.034301 0.001000 0.069170
v 0.035520 0.001000 0.068434
v 0.036718 0.001000 0.067665
v 0.037896 0.001000 0.066867
v 0.038235 0.001000 0.066715
v 0.038636 0.001000 0.066702
v 0.039010 0.001000 0.066849
v 0.039279 0.001000 0.067105
v 0.039862 0.001000 0.067918
v 0.040024 0.001000 0.068277
v 0.040034 0.001000 0.068670
v 0.039893 0.001000 0.069038
v 0.000990 0.001000 0.028109
v 0.004435 0.001000 0.028434
v 0.005838 0.001000 0.028995
v 0.006899 0.001000 0.029980
v 0.007636 0.001000 0.031698
v 0.008076 0.001000 0.033876
v 0.008489 0.001000 0.036272
v 0.009142 0.001000 0.038645
v 0.010202 0.001000 0.040818
v 0.011429 0.001000 0.042876
v 0.012481 0.001000 0.044970
v 0.013017 0.001000 0.047251
v 0.012780 0.001000 0.049806
v 0.011854 0.001000 0.052468
v 0.010408 0.001000 0.055006
v 0.008613 0.001000 0.057189
v 0.006615 0.001000 0.058834
v 0.004482 0.001000 0.059945
v 0.002259 0.001000 0.060574
v -0.000010 0.001000 0.060772
v -0.002279 0.001000 0.060574
v -0.004502 0.001000 0.059945
v -0.006636 0.001000 0.058834
v -0.008633 0.001000 0.057189
v -0.010429 0.001000 0.055006
v -0.011874 0.001000 0.052468
v -0.012800 0.001000 0.049806
v -0.013037 0.001000 0.047251
v -0.012501 0.001000 0.044970
v -0.011449 0.001000 0.042876
v -0.010222 0.001000 0.040818
v -0.009162 0.001000 0.038645
v -0.008509 0.001000 0.036272
v -0.008097 0.001000 0.033876
v -0.007656 0.001000 0.031698
v -0.006919 0.001000 0.029980
v -0.005858 0.001000 0.028995
v -0.004455 0.001000 0.028434
v -0.001010 0.001000 0.028109
v -0.001010 0.001000 0.025525
v 0.000990 0.001000 0.025525
v 0.028105 0.001000 -0.001006
v 0.028430 0.001000 -0.004451
v 0.028990 0.001000 -0.005854
v 0.029976 0.001000 -0.006915
v 0.031693 0.001000 -0.007652
v 0.033871 0.001000 -0.008092
v 0.036268 0.001000 -0.008505
v 0.038641 0.001000 -0.009158
v 0.040814 0.001000 -0.010218
v 0.042872 0.001000 -0.011445
v 0.044966 0.001000 -0.012497
v 0.047247 0.001000 -0.013033
v 0.049802 0.001000 -0.012796
v 0.052464 0.001000 -0.011870
v 0.055002 0.001000 -0.010424
v 0.057185 0.001000 -0.008629
v 0.058830 0.001000 -0.006631
v 0.059941 0.001000 -0.004498
v 0.060570 0.001000 -0.002275
v 0.060768 0.001000 -0.000006
v 0.025521 0.001000 0.000994
v 0.025521 0.001000 -0.001006
v 0.060570 0.001000 0.002263
v 0.059941 0.001000 0.004486
v 0.058830 0.001000 0.006619
v 0.057185 0.001000 0.008617
v 0.055002 0.001000 0.010412
v 0.052464 0.001000 0.011858
v 0.049802 0.001000 0.012784
v 0.047247 0.001000 0.013021
v 0.044966 0.001000 0.012485
v 0.042872 0.001000 0.011433
v 0.040814 0.001000 0.010206
v 0.038641 0.001000 0.009146
v 0.036268 0.001000 0.008493
v 0.033871 0.001000 0.008080
v 0.031693 0.001000 0.007640
v 0.029976 0.001000 0.006903
v 0.028990 0.001000 0.005842
v 0.028430 0.001000 0.004439
v 0.028105 0.001000 0.000994
v -0.001010 0.001000 -0.028121
v -0.004455 0.001000 -0.028446
v -0.005858 0.001000 -0.029006
v -0.006919 0.001000 -0.029992
v -0.007656 0.001000 -0.031709
v -0.008097 0.001000 -0.033887
v -0.008509 0.001000 -0.036284
v -0.009162 0.001000 -0.038657
v -0.010222 0.001000 -0.040830
v -0.011449 0.001000 -0.042888
v -0.012501 0.001000 -0.044982
v -0.013037 0.001000 -0.047263
v -0.012800 0.001000 -0.049818
v -0.011874 0.001000 -0.052480
v -0.010429 0.001000 -0.055018
v -0.008633 0.001000 -0.057201
v -0.006636 0.001000 -0.058846
v -0.004502 0.001000 -0.059957
v -0.002279 0.001000 -0.060586
v -0.000010 0.001000 -0.060784
v 0.000990 0.001000 -0.025537
v -0.001010 0.001000 -0.025537
v 0.002259 0.001000 -0.060586
v 0.004482 0.001000 -0.059957
v 0.006615 0.001000 -0.058846
v 0.008613 0.001000 -0.057201
v 0.010408 0.001000 -0.055018
v 0.011854 0.001000 -0.052480
v 0.012780 0.001000 -0.049818
v 0.013017 0.001000 -0.047263
v 0.012481 0.001000 -0.044982
v 0.011429 0.001000 -0.042888
v 0.010202 0.001000 -0.040830
v 0.009142 0.001000 -0.038657
v 0.008489 0.001000 -0.036284
v 0.008076 0.001000 -0.033887
v 0.007636 0.001000 -0.031709
v 0.006899 0.001000 -0.029992
v 0.005838 0.001000 -0.029006
v 0.004435 0.001000 -0.028446
v 0.000990 0.001000 -0.028121
v -0.028125 0.001000 0.000994
v -0.028450 0.001000 0.004439
v -0.029011 0.001000 0.005842
v -0.029996 0.001000 0.006903
v -0.031714 0.001000 0.007640
v -0.033892 0.001000 0.008080
v -0.036288 0.001000 0.008493
v -0.038661 0.001000 0.009146
v -0.040834 0.001000 0.010206
v -0.042892 0.001000 0.011433
v -0.044986 0.001000 0.012485
v -0.047267 0.001000 0.013021
v -0.049822 0.001000 0.012784
v -0.052484 0.001000 0.011858
v -0.055022 0.001000 0.010412
v -0.057205 0.001000 0.008617
v -0.058850 0.001000 0.006619
v -0.059961 0.001000 0.004486
v -0.060590 0.001000 0.002263
v -0.060788 0.001000 -0.000006
v -0.025541 0.001000 -0.001006
v -0.025541 0.001000 0.000994
v -0.060590 0.001000 -0.002275
v -0.059961 0.001000 -0.004498
v -0.058850 0.001000 -0.006631
v -0.057205 0.001000 -0.008629
v -0.055022 0.001000 -0.010424
v -0.052484 0.001000 -0.011870
v -0.049822 0.001000 -0.012796
v -0.047267 0.001000 -0.013033
v -0.044986 0.001000 -0.012497
v -0.042892 0.001000 -0.011445
v -0.040834 0.001000 -0.010218
v -0.038661 0.001000 -0.009158
v -0.036288 0.001000 -0.008505
v -0.033892 0.001000 -0.008092
v -0.031714 0.001000 -0.007652
v -0.029996 0.001000 -0.006915
v -0.029011 0.001000 -0.005854
v -0.028450 0.001000 -0.004451
v -0.028125 0.001000 -0.001006
v 0.058102 0.001000 0.058106
v 0.065751 0.001000 0.049993
v 0.028408 0.001000 0.012190
v 0.033178 0.001000 0.011229
v 0.037645 0.001000 0.012849
v 0.041377 0.001000 0.015543
v 0.045552 0.001000 0.017412
v 0.050329 0.001000 0.017023
v 0.054719 0.001000 0.015033
v 0.058586 0.001000 0.012313
v 0.061928 0.001000 0.008856
v 0.064218 0.001000 0.004721
v 0.065050 0.001000 0.000106
v 0.064295 0.001000 -0.004536
v 0.062025 0.001000 -0.008772
v 0.058647 0.001000 -0.012296
v 0.054719 0.001000 -0.014995
v 0.050426 0.001000 -0.016731
v 0.045806 0.001000 -0.016704
v 0.041595 0.001000 -0.014635
v 0.037553 0.001000 -0.011997
v 0.033008 0.001000 -0.010884
v 0.028349 0.001000 -0.012172
v 0.034102 0.001000 -0.017282
v 0.041281 0.001000 -0.020416
v 0.048548 0.001000 -0.021714
v 0.055636 0.001000 -0.019559
v 0.061549 0.001000 -0.014965
v 0.068651 0.001000 -0.012666
v 0.075953 0.001000 -0.014786
v 0.079709 0.001000 -0.020834
v 0.078959 0.001000 -0.028370
v 0.076218 0.001000 -0.035474
v 0.067474 0.001000 -0.048005
v 0.012228 0.001000 -0.028332
v 0.011221 0.001000 -0.033146
v 0.012800 0.001000 -0.037591
v 0.015493 0.001000 -0.041324
v 0.017395 0.001000 -0.045504
v 0.017041 0.001000 -0.050274
v 0.015029 0.001000 -0.054735
v 0.012340 0.001000 -0.058565
v 0.008883 0.001000 -0.061920
v 0.004747 0.001000 -0.064223
v 0.000126 0.001000 -0.065065
v -0.004524 0.001000 -0.064316
v -0.008768 0.001000 -0.062046
v -0.012299 0.001000 -0.058664
v -0.015001 0.001000 -0.054730
v -0.016738 0.001000 -0.050429
v -0.016703 0.001000 -0.045803
v -0.014622 0.001000 -0.041585
v -0.011997 0.001000 -0.037561
v -0.010890 0.001000 -0.032982
v -0.012199 0.001000 -0.028318
v -0.017287 0.001000 -0.034094
v -0.020423 0.001000 -0.041284
v -0.021726 0.001000 -0.048547
v -0.019577 0.001000 -0.055638
v -0.014979 0.001000 -0.061550
v -0.012670 0.001000 -0.068652
v -0.014784 0.001000 -0.075959
v -0.020829 0.001000 -0.079724
v -0.028367 0.001000 -0.078977
v -0.035474 0.001000 -0.076236
v -0.041846 0.001000 -0.072290
v -0.048010 0.001000 -0.067490
v -0.028341 0.001000 -0.012241
v -0.033153 0.001000 -0.011238
v -0.037601 0.001000 -0.012820
v -0.041335 0.001000 -0.015514
v -0.045516 0.001000 -0.017413
v -0.050288 0.001000 -0.017054
v -0.054739 0.001000 -0.015045
v -0.058576 0.001000 -0.012349
v -0.061930 0.001000 -0.008891
v -0.064231 0.001000 -0.004753
v -0.065070 0.001000 -0.000131
v -0.064317 0.001000 0.004519
v -0.062043 0.001000 0.008762
v -0.058658 0.001000 0.012292
v -0.054721 0.001000 0.014993
v -0.050419 0.001000 0.016726
v -0.045794 0.001000 0.016683
v -0.041575 0.001000 0.014597
v -0.037562 0.001000 0.011979
v -0.032970 0.001000 0.010875
v -0.028307 0.001000 0.012190
v -0.034084 0.001000 0.017278
v -0.041276 0.001000 0.020411
v -0.048542 0.001000 0.021711
v -0.055636 0.001000 0.019565
v -0.061548 0.001000 0.014967
v -0.068650 0.001000 0.012654
v -0.075959 0.001000 0.014765
v -0.079728 0.001000 0.020808
v -0.078982 0.001000 0.028348
v -0.076241 0.001000 0.035456
v -0.067494 0.001000 0.047993
v -0.012240 0.001000 0.028338
v -0.011242 0.001000 0.033143
v -0.012831 0.001000 0.037596
v -0.015525 0.001000 0.041330
v -0.017419 0.001000 0.045510
v -0.017054 0.001000 0.050284
v -0.015049 0.001000 0.054723
v -0.012347 0.001000 0.058568
v -0.008888 0.001000 0.061920
v -0.004749 0.001000 0.064218
v -0.000127 0.001000 0.065054
v 0.004523 0.001000 0.064298
v 0.008764 0.001000 0.062023
v 0.012293 0.001000 0.058636
v 0.014992 0.001000 0.054699
v 0.016723 0.001000 0.050397
v 0.016677 0.001000 0.045773
v 0.014590 0.001000 0.041555
v 0.011975 0.001000 0.037545
v 0.010871 0.001000 0.032951
v 0.012187 0.001000 0.028288
v 0.017278 0.001000 0.034063
v 0.020412 0.001000 0.041256
v 0.021704 0.001000 0.048521
v 0.019531 0.001000 0.055600
v 0.014939 0.001000 0.061523
v 0.012648 0.001000 0.068634
v 0.014761 0.001000 0.075943
v 0.020804 0.001000 0.079712
v 0.028344 0.001000 0.078966
v 0.035451 0.001000 0.076225
v 0.047989 0.001000 0.067478
v -0.050010 0.001000 -0.065767
v -0.065771 0.001000 -0.050005
v -0.048010 0.001000 -0.060491
v -0.050010 0.001000 -0.060491
v -0.060495 0.001000 -0.050005
v -0.060495 0.001000 -0.048005
v -0.067494 0.001000 -0.048005
v -0.072734 0.001000 -0.041215
v -0.076857 0.001000 -0.034231
v -0.079430 0.001000 -0.026157
v -0.079002 0.001000 -0.018060
v -0.072780 0.001000 -0.013321
v -0.064621 0.001000 -0.013384
v -0.057687 0.001000 -0.017920
v -0.050688 0.001000 -0.021635
v -0.042339 0.001000 -0.020724
v -0.034802 0.001000 -0.017713
v 0.049989 0.001000 -0.060491
v 0.047989 0.001000 -0.060491
v 0.047989 0.001000 -0.067490
v 0.041198 0.001000 -0.072730
v 0.034214 0.001000 -0.076854
v 0.026140 0.001000 -0.079426
v 0.018042 0.001000 -0.078997
v 0.013304 0.001000 -0.072774
v 0.013369 0.001000 -0.064614
v 0.017906 0.001000 -0.057681
v 0.021619 0.001000 -0.050680
v 0.020709 0.001000 -0.042331
v 0.017700 0.001000 -0.034791
v 0.060475 0.001000 -0.048005
v 0.060475 0.001000 -0.050005
v 0.065751 0.001000 -0.050005
v 0.058102 0.001000 -0.058118
v 0.049989 0.001000 -0.065767
v -0.050010 0.001000 0.060479
v -0.048010 0.001000 0.060479
v -0.048010 0.001000 0.067478
v -0.041220 0.001000 0.072717
v -0.034238 0.001000 0.076840
v -0.026161 0.001000 0.079414
v -0.018068 0.001000 0.078988
v -0.013327 0.001000 0.072770
v -0.013385 0.001000 0.064612
v -0.017918 0.001000 0.057678
v -0.021635 0.001000 0.050682
v -0.020721 0.001000 0.042334
v -0.017709 0.001000 0.034799
v -0.060495 0.001000 0.047993
v -0.060495 0.001000 0.049993
v -0.065771 0.001000 0.049993
v -0.058122 0.001000 0.058106
v -0.050010 0.001000 0.065755
v 0.047989 0.001000 0.060479
v 0.049989 0.001000 0.060479
v 0.049989 0.001000 0.065755
v 0.054101 0.001000 0.062000
v 0.060475 0.001000 0.049993
v 0.060475 0.001000 0.047993
v 0.067474 0.001000 0.047993
v 0.072332 0.001000 0.041749
v 0.076200 0.001000 0.035496
v 0.078957 0.001000 0.028368
v 0.079749 0.001000 0.021304
v 0.075912 0.001000 0.014748
v 0.068666 0.001000 0.012655
v 0.061549 0.001000 0.014953
v 0.055553 0.001000 0.019612
v 0.048576 0.001000 0.021730
v 0.041033 0.001000 0.020355
v 0.034246 0.001000 0.017355
v -0.001010 0.001000 0.025598
v 0.000990 0.001000 0.025598
v 0.025594 0.001000 0.000994
v 0.025594 0.001000 -0.001006
v 0.000990 0.001000 -0.025610
v -0.001010 0.001000 -0.025610
v -0.025614 0.001000 -0.001006
v -0.025614 0.001000 0.000994
v -0.050010 0.001000 -0.060767
v -0.048010 0.001000 -0.060767
v -0.060771 0.001000 -0.050005
v -0.060771 0.001000 -0.048005
v 0.049989 0.001000 -0.060767
v 0.047989 0.001000 -0.060767
v 0.060751 0.001000 -0.050005
v 0.060751 0.001000 -0.048005
v -0.050010 0.001000 0.060755
v -0.048010 0.001000 0.060755
v -0.060771 0.001000 0.049993
v -0.060771 0.001000 0.047993
v 0.049989 0.001000 0.060755
v 0.047989 0.001000 0.060755
v 0.060751 0.001000 0.049993
v 0.060751 0.001000 0.047993
vn -1.000000 0.000000 0.000000
vn -1.000000 0.000000 0.000000
vn -1.000000 0.000000 0.000000
vn -0.983299 0.000000 -0.182000
vn -0.929788 0.000000 -0.368095
vn -0.837001 0.000000 -0.547201
vn -0.707107 0.000000 -0.707107
vn -0.547201 0.000000 -0.837001
vn -0.368095 0.000000 -0.929788
vn -0.182000 0.000000 -0.983299
vn 0.000000 0.000000 -1.000000
vn 0.182000 0.000000 -0.983299
vn 0.368095 0.000000 -0.929788
vn 0.547201 0.000000 -0.837001
vn 0.707107 0.000000 -0.707107
vn 0.837001 0.000000 -0.547201
vn 0.929788 0.000000 -0.368095
vn 0.983299 0.000000 -0.182000
vn 1.000000 0.000000 0.000000
vn 0.983299 -0.000000 0.182000
vn 0.929788 -0.000000 0.368095
vn 0.837001 -0.000000 0.547201
vn 0.707107 -0.000000 0.707107
vn 0.547201 -0.000000 0.837001
vn 0.368095 -0.000000 0.929788
vn 0.182000 -0.000000 0.983299
vn 0.000000 -0.000000 1.000000
vn -0.182000 -0.000000 0.983299
vn -0.368095 -0.000000 0.929788
vn -0.547201 -0.000000 0.837001
vn -0.707107 -0.000000 0.707107
vn -0.837001 -0.000000 0.547201
vn -0.929788 -0.000000 0.368095
vn -0.983299 -0.000000 0.182000
vn -1.000000 0.000000 0.000000
vn -0.983299 -0.000000 0.182000
vn -0.929788 -0.000000 0.368095
vn -0.837001 -0.000000 0.547201
vn -0.707107 -0.000000 0.707107
vn -0.547201 -0.000000 0.837001
vn -0.368095 -0.000000 0.929788
vn -0.182000 -0.000000 0.983299
vn 0.000000 -0.000000 1.000000
vn 0.182000 -0.000000 0.983299
vn 0.368095 -0.000000 0.929788
vn 0.547201 -0.000000 0.837001
vn 0.707107 -0.000000 0.707107
vn 0.837001 -0.000000 0.547201
vn 0.929788 -0.000000 0.368095
vn 0.983299 -0.000000 0.182000
vn 1.000000 0.000000 0.000000
vn 0.983299 0.000000 -0.182000
vn 0.929788 0.000000 -0.368095
vn 0.837001 0.000000 -0.547201
vn 0.707107 0.000000 -0.707107
vn 0.547201 0.000000 -0.837001
vn 0.368095 0.000000 -0.929788
vn 0.182000 0.000000 -0.983299
vn 0.000000 0.000000 -1.000000
vn -0.182000 0.000000 -0.983299
vn -0.368095 0.000000 -0.929788
vn -0.547201 0.000000 -0.837001
vn -0.707107 0.000000 -0.707107
vn -0.837001 0.000000 -0.547201
vn -0.929788 0.000000 -0.368095
vn -0.983299 0.000000 -0.182000
vn 0.000000 -0.000000 1.000000
vn 0.000000 -0.000000 1.000000
vn 0.000000 -0.000000 1.000000
vn -0.182000 -0.000000 0.983299
vn -0.368095 -0.000000 0.929788
vn -0.547201 -0.000000 0.837001
vn -0.707107 -0.000000 0.707107
vn -0.837001 -0.000000 0.547201
vn -0.929788 -0.000000 0.368095
vn -0.983299 -0.000000 0.182000
vn -1.000000 0.000000 0.000000
vn -0.983299 0.000000 -0.182000
vn -0.929788 0.000000 -0.368095
vn -0.837001 0.000000 -0.547201
vn -0.707107 0.000000 -0.707107
vn -0.547201 0.000000 -0.837001
vn -0.368095 0.000000 -0.929788
vn -0.182000 0.000000 -0.983299
vn 0.000000 0.000000 -1.000000
vn 0.182000 0.000000 -0.983299
vn 0.368095 0.000000 -0.929788
vn 0.547201 0.000000 -0.837001
vn 0.707107 0.000000 -0.707107
vn 0.837001 0.000000 -0.547201
vn 0.929788 0.000000 -0.368095
vn 0.983299 0.000000 -0.182000
vn 1.000000 0.000000 0.000000
vn 0.983299 -0.000000 0.182000
vn 0.929788 -0.000000 0.368095
vn 0.837001 -0.000000 0.547201
vn 0.707107 -0.000000 0.707107
vn 0.547201 -0.000000 0.837001
vn 0.368095 -0.000000 0.929788
vn 0.182000 -0.000000 0.983299
vn 0.000000 -0.000000 1.000000
vn 0.182000 -0.000000 0.983299
vn 0.368095 -0.000000 0.929788
vn 0.547201 -0.000000 0.837001
vn 0.707107 -0.000000 0.707107
vn 0.837001 -0.000000 0.547201
vn 0.929788 -0.000000 0.368095
vn 0.983299 -0.000000 0.182000
vn 1.000000 0.000000 0.000000
vn 0.983299 0.000000 -0.182000
vn 0.929788 0.000000 -0.368095
vn 0.837001 0.000000 -0.547201
vn 0.707107 0.000000 -0.707107
vn 0.547201 0.000000 -0.837001
vn 0.368095 0.000000 -0.929788
vn 0.182000 0.000000 -0.983299
vn 0.000000 0.000000 -1.000000
vn -0.182000 0.000000 -0.983299
vn -0.368095 0.000000 -0.929788
vn -0.547201 0.000000 -0.837001
vn -0.707107 0.000000 -0.707107
vn -0.837001 0.000000 -0.547201
vn -0.929788 0.000000 -0.368095
vn -0.983299 0.000000 -0.182000
vn -1.000000 0.000000 0.000000
vn -0.983299 -0.000000 0.182000
vn -0.929788 -0.000000 0.368095
vn -0.837001 -0.000000 0.547201
vn -0.707107 -0.000000 0.707107
vn -0.547201 -0.000000 0.837001
vn -0.368095 -0.000000 0.929788
vn -0.182000 -0.000000 0.983299
vn 1.000000 0.000000 0.000000
vn 1.000000 0.000000 0.000000
vn 1.000000 0.000000 0.000000
vn 0.983299 -0.000000 0.182000
vn 0.929788 -0.000000 0.368095
vn 0.837001 -0.000000 0.547201
vn 0.707107 -0.000000 0.707107
vn 0.547201 -0.000000 0.837001
vn 0.368095 -0.000000 0.929788
vn 0.182000 -0.000000 0.983299
vn 0.000000 -0.000000 1.000000
vn -0.182000 -0.000000 0.983299
vn -0.368095 -0.000000 0.929788
vn -0.547201 -0.000000 0.837001
vn -0.707107 -0.000000 0.707107
vn -0.837001 -0.000000 0.547201
vn -0.929788 -0.000000 0.368095
vn -0.983299 -0.000000 0.182000
vn -1.000000 0.000000 0.000000
vn -0.983299 0.000000 -0.182000
vn -0.929788 0.000000 -0.368095
vn -0.837001 0.000000 -0.547201
vn -0.707107 0.000000 -0.707107
vn -0.547201 0.000000 -0.837001
vn -0.368095 0.000000 -0.929788
vn -0.182000 0.000000 -0.983299
vn 0.000000 0.000000 -1.000000
vn 0.182000 0.000000 -0.983299
vn 0.368095 0.000000 -0.929788
vn 0.547201 0.000000 -0.837001
vn 0.707107 0.000000 -0.707107
vn 0.837001 0.000000 -0.547201
vn 0.929788 0.000000 -0.368095
vn 0.983299 0.000000 -0.182000
vn 1.000000 0.000000 0.000000
vn 0.983299 0.000000 -0.182000
vn 0.929788 0.000000 -0.368095
vn 0.837001 0.000000 -0.547201
vn 0.707107 0.000000 -0.707107
vn 0.547201 0.000000 -0.837001
vn 0.368095 0.000000 -0.929788
vn 0.182000 0.000000 -0.983299
vn 0.000000 0.000000 -1.000000
vn -0.182000 0.000000 -0.983299
vn -0.368095 0.000000 -0.929788
vn -0.547201 0.000000 -0.837001
vn -0.707107 0.000000 -0.707107
vn -0.837001 0.000000 -0.547201
vn -0.929788 0.000000 -0.368095
vn -0.983299 0.000000 -0.182000
vn -1.000000 0.000000 0.000000
vn -0.983299 -0.000000 0.182000
vn -0.929788 -0.000000 0.368095
vn -0.837001 -0.000000 0.547201
vn -0.707107 -0.000000 0.707107
vn -0.547201 -0.000000 0.837001
vn -0.368095 -0.000000 0.929788
vn -0.182000 -0.000000 0.983299
vn 0.000000 -0.000000 1.000000
vn 0.182000 -0.000000 0.983299
vn 0.368095 -0.000000 0.929788
vn 0.547201 -0.000000 0.837001
vn 0.707107 -0.000000 0.707107
vn 0.837001 -0.000000 0.547201
vn 0.929788 -0.000000 0.368095
vn 0.983299 -0.000000 0.182000
vn 0.000000 0.000000 -1.000000
vn 0.000000 0.000000 -1.000000
vn 0.000000 0.000000 -1.000000
vn 0.182000 0.000000 -0.983299
vn 0.368095 0.000000 -0.929788
vn 0.547201 0.000000 -0.837001
vn 0.707107 0.000000 -0.707107
vn 0.837001 0.000000 -0.547201
vn 0.929788 0.000000 -0.368095
vn 0.983299 0.000000 -0.182000
vn 1.000000 0.000000 0.000000
vn 0.983299 -0.000000 0.182000
vn 0.929788 -0.000000 0.368095
vn 0.837001 -0.000000 0.547201
vn 0.707107 -0.000000 0.707107
vn 0.547201 -0.000000 0.837001
vn 0.368095 -0.000000 0.929788
vn 0.182000 -0.000000 0.983299
vn 0.000000 -0.000000 1.000000
vn -0.182000 -0.000000 0.983299
vn -0.368095 -0.000000 0.929788
vn -0.547201 -0.000000 0.837001
vn -0.707107 -0.000000 0.707107
vn -0.837001 -0.000000 0.547201
vn -0.929788 -0.000000 0.368095
vn -0.983299 -0.000000 0.182000
vn -1.000000 0.000000 0.000000
vn -0.983299 0.000000 -0.182000
vn -0.929788 0.000000 -0.368095
vn -0.837001 0.000000 -0.547201
vn -0.707107 0.000000 -0.707107
vn -0.547201 0.000000 -0.837001
vn -0.368095 0.000000 -0.929788
vn -0.182000 0.000000 -0.983299
vn 0.000000 0.000000 -1.000000
vn -0.182000 0.000000 -0.983299
vn -0.368095 0.000000 -0.929788
vn -0.547201 0.000000 -0.837001
vn -0.707107 0.000000 -0.707107
vn -0.837001 0.000000 -0.547201
vn -0.929788 0.000000 -0.368095
vn -0.983299 0.000000 -0.182000
vn -1.000000 0.000000 0.000000
vn -0.983299 -0.000000 0.182000
vn -0.929788 -0.000000 0.368095
vn -0.837001 -0.000000 0.547201
vn -0.707107 -0.000000 0.707107
vn -0.547201 -0.000000 0.837001
vn -0.368095 -0.000000 0.929788
vn -0.182000 -0.000000 0.983299
vn 0.000000 -0.000000 1.000000
vn 0.182000 -0.000000 0.983299
vn 0.368095 -0.000000 0.929788
vn 0.547201 -0.000000 0.837001
vn 0.707107 -0.000000 0.707107
vn 0.837001 -0.000000 0.547201
vn 0.929788 -0.000000 0.368095
vn 0.983299 -0.000000 0.182000
vn 1.000000 0.000000 0.000000
vn 0.983299 0.000000 -0.182000
vn 0.929788 0.000000 -0.368095
vn 0.837001 0.000000 -0.547201
vn 0.707107 0.000000 -0.707107
vn 0.547201 0.000000 -0.837001
vn 0.368095 0.000000 -0.929788
vn 0.182000 0.000000 -0.983299
vn 0.949192 -0.000000 0.314697
vn 0.949192 -0.000000 0.314697
vn 0.949192 -0.000000 0.314697
vn 0.949192 -0.000000 0.314697
vn 0.949192 -0.000000 0.314697
vn 0.949192 -0.000000 0.314697
vn 0.949192 0.000000 -0.314697
vn 0.987069 0.000000 -0.160295
vn 1.000000 0.000000 0.000000
vn 0.987085 -0.000000 0.160198
vn 0.987085 -0.000000 0.160198
vn 1.000000 0.000000 0.000000
vn 0.987069 0.000000 -0.160295
vn 0.949192 0.000000 -0.314697
vn 0.949192 0.000000 -0.314697
vn 0.949192 0.000000 -0.314697
vn 0.949192 0.000000 -0.314697
vn 0.949192 0.000000 -0.314697
vn 0.949192 0.000000 -0.314697
vn 0.949192 0.000000 -0.314697
vn 0.949192 0.000000 -0.314697
vn 0.949192 0.000000 -0.314697
vn 0.707107 -0.000000 0.707107
vn -0.314697 -0.000000 0.949192
vn -0.314697 -0.000000 0.949192
vn -0.185508 -0.000000 0.982643
vn -0.049100 -0.000000 0.998794
vn 0.090896 -0.000000 0.995860
vn 0.230494 -0.000000 0.973074
vn 0.365590 -0.000000 0.930776
vn 0.491998 -0.000000 0.870596
vn 0.606540 -0.000000 0.795053
vn 0.707107 -0.000000 0.707107
vn 0.795053 -0.000000 0.606540
vn 0.870596 -0.000000 0.491998
vn 0.930776 -0.000000 0.365591
vn 0.973074 -0.000000 0.230494
vn 0.995860 -0.000000 0.090896
vn 0.998794 0.000000 -0.049100
vn 0.982643 0.000000 -0.185508
vn 0.982643 0.000000 -0.185508
vn 0.998794 0.000000 -0.049100
vn 0.995860 -0.000000 0.090896
vn 0.973074 -0.000000 0.230494
vn 0.930776 -0.000000 0.365591
vn 0.870596 -0.000000 0.491998
vn 0.795053 -0.000000 0.606540
vn 0.606540 -0.000000 0.795053
vn 0.491998 -0.000000 0.870596
vn 0.365590 -0.000000 0.930776
vn 0.230494 -0.000000 0.973074
vn 0.090896 -0.000000 0.995860
vn -0.049100 -0.000000 0.998794
vn -0.185508 -0.000000 0.982643
vn -0.314697 -0.000000 0.949192
vn -0.314697 -0.000000 0.949192
vn -0.314697 -0.000000 0.949192
vn -0.314697 -0.000000 0.949192
vn -0.314697 -0.000000 0.949192
vn -0.314697 -0.000000 0.949192
vn 0.314697 -0.000000 0.949192
vn 0.160295 -0.000000 0.987069
vn 0.000000 -0.000000 1.000000
vn -0.160198 -0.000000 0.987085
vn -0.160198 -0.000000 0.987085
vn 0.000000 -0.000000 1.000000
vn 0.160295 -0.000000 0.987069
vn 0.314697 -0.000000 0.949192
vn 0.314697 -0.000000 0.949192
vn 0.314697 -0.000000 0.949192
vn 0.314697 -0.000000 0.949192
vn 0.314697 -0.000000 0.949192
vn 0.314697 -0.000000 0.949192
vn 0.314697 -0.000000 0.949192
vn 0.314697 -0.000000 0.949192
vn 0.314697 -0.000000 0.949192
vn -0.707107 -0.000000 0.707107
vn -0.707107 -0.000000 0.707107
vn -0.949192 0.000000 -0.314697
vn -0.949192 0.000000 -0.314697
vn -0.982643 0.000000 -0.185508
vn -0.998794 0.000000 -0.049100
vn -0.995860 -0.000000 0.090896
vn -0.973074 -0.000000 0.230494
vn -0.930776 -0.000000 0.365591
vn -0.870596 -0.000000 0.491998
vn -0.795053 -0.000000 0.606540
vn -0.606540 -0.000000 0.795053
vn -0.491998 -0.000000 0.870596
vn -0.365590 -0.000000 0.930776
vn -0.230494 -0.000000 0.973074
vn -0.090896 -0.000000 0.995860
vn 0.049100 -0.000000 0.998794
vn 0.185508 -0.000000 0.982643
vn 0.185508 -0.000000 0.982643
vn 0.049100 -0.000000 0.998794
vn -0.090896 -0.000000 0.995860
vn -0.230494 -0.000000 0.973074
vn -0.365590 -0.000000 0.930776
vn -0.491998 -0.000000 0.870596
vn -0.606540 -0.000000 0.795053
vn -0.795053 -0.000000 0.606540
vn -0.870596 -0.000000 0.491998
vn -0.930776 -0.000000 0.365591
vn -0.973074 -0.000000 0.230494
vn -0.995860 -0.000000 0.090896
vn -0.998794 0.000000 -0.049100
vn -0.982643 0.000000 -0.185508
vn -0.949192 0.000000 -0.314697
vn -0.949192 0.000000 -0.314697
vn -0.949192 0.000000 -0.314697
vn -0.949192 0.000000 -0.314697
vn -0.949192 0.000000 -0.314697
vn -0.949192 0.000000 -0.314697
vn -0.949192 -0.000000 0.314697
vn -0.949192 -0.000000 0.314697
vn -0.987085 -0.000000 0.160198
vn -1.000000 0.000000 0.000000
vn -0.987085 0.000000 -0.160198
vn -0.987085 0.000000 -0.160198
vn -1.000000 0.000000 0.000000
vn -0.987085 -0.000000 0.160198
vn -0.949192 -0.000000 0.314697
vn -0.949192 -0.000000 0.314697
vn -0.949192 -0.000000 0.314697
vn -0.949192 -0.000000 0.314697
vn -0.949192 -0.000000 0.314697
vn -0.949192 -0.000000 0.314697
vn -0.707107 0.000000 -0.707107
vn -0.707107 0.000000 -0.707107
vn 0.314697 0.000000 -0.949192
vn 0.314697 0.000000 -0.949192
vn 0.185508 0.000000 -0.982643
vn 0.049100 0.000000 -0.998794
vn -0.090896 0.000000 -0.995860
vn -0.230494 0.000000 -0.973074
vn -0.365590 0.000000 -0.930776
vn -0.491998 0.000000 -0.870596
vn -0.606540 0.000000 -0.795053
vn -0.795053 0.000000 -0.606540
vn -0.870596 0.000000 -0.491998
vn -0.930776 0.000000 -0.365591
vn -0.973074 0.000000 -0.230494
vn -0.995860 0.000000 -0.090896
vn -0.998794 -0.000000 0.049100
vn -0.982643 -0.000000 0.185508
vn -0.982643 -0.000000 0.185508
vn -0.998794 -0.000000 0.049100
vn -0.995860 0.000000 -0.090896
vn -0.973074 0.000000 -0.230494
vn -0.930776 0.000000 -0.365591
vn -0.870596 0.000000 -0.491998
vn -0.795053 0.000000 -0.606540
vn -0.606540 0.000000 -0.795053
vn -0.491998 0.000000 -0.870596
vn -0.365590 0.000000 -0.930776
vn -0.230494 0.000000 -0.973074
vn -0.090896 0.000000 -0.995860
vn 0.049100 0.000000 -0.998794
vn 0.185508 0.000000 -0.982643
vn 0.314697 0.000000 -0.949192
vn 0.314697 0.000000 -0.949192
vn 0.314697 0.000000 -0.949192
vn 0.314697 0.000000 -0.949192
vn 0.314697 0.000000 -0.949192
vn 0.314697 0.000000 -0.949192
vn -0.314697 0.000000 -0.949192
vn -0.314697 0.000000 -0.949192
vn -0.160198 0.000000 -0.987085
vn 0.000000 0.000000 -1.000000
vn 0.160198 0.000000 -0.987085
vn 0.160198 0.000000 -0.987085
vn 0.000000 0.000000 -1.000000
vn -0.160198 0.000000 -0.987085
vn -0.314697 0.000000 -0.949192
vn -0.314697 0.000000 -0.949192
vn -0.314697 0.000000 -0.949192
vn -0.314697 0.000000 -0.949192
vn -0.314697 0.000000 -0.949192
vn -0.314697 0.000000 -0.949192
vn 0.707107 0.000000 -0.707107
vn 0.949192 -0.000000 0.314697
vn 0.949192 -0.000000 0.314697
vn 0.982643 -0.000000 0.185508
vn 0.998794 -0.000000 0.049100
vn 0.995860 0.000000 -0.090896
vn 0.973074 0.000000 -0.230494
vn 0.930776 0.000000 -0.365591
vn 0.870596 0.000000 -0.491998
vn 0.795053 0.000000 -0.606540
vn 0.707107 0.000000 -0.707107
vn 0.606540 0.000000 -0.795053
vn 0.491998 0.000000 -0.870596
vn 0.365590 0.000000 -0.930776
vn 0.230494 0.000000 -0.973074
vn 0.090896 0.000000 -0.995860
vn -0.049100 0.000000 -0.998794
vn -0.185508 0.000000 -0.982643
vn -0.185508 0.000000 -0.982643
vn -0.049100 0.000000 -0.998794
vn 0.090896 0.000000 -0.995860
vn 0.230494 0.000000 -0.973074
vn 0.365590 0.000000 -0.930776
vn 0.491998 0.000000 -0.870596
vn 0.606540 0.000000 -0.795053
vn 0.795053 0.000000 -0.606540
vn 0.870596 0.000000 -0.491998
vn 0.930776 0.000000 -0.365591
vn 0.973074 0.000000 -0.230494
vn 0.995860 0.000000 -0.090896
vn 0.998794 -0.000000 0.049100
vn 0.982643 -0.000000 0.185508
vn 0.570795 0.000000 -0.821093
vn 0.985462 0.000000 -0.169894
vn 0.812820 -0.000000 0.582515
vn 0.812820 -0.000000 0.582515
vn 0.974660 -0.000000 0.223691
vn 0.843513 0.000000 -0.537108
vn 0.570795 0.000000 -0.821093
vn 0.570795 0.000000 -0.821093
vn 0.843513 0.000000 -0.537108
vn 0.985462 0.000000 -0.169894
vn 0.974660 -0.000000 0.223691
vn 0.812773 -0.000000 0.582581
vn 0.812773 -0.000000 0.582581
vn 0.812773 -0.000000 0.582581
vn 0.812773 -0.000000 0.582581
vn 0.812773 -0.000000 0.582581
vn -0.570613 -0.000000 0.821219
vn -0.570613 -0.000000 0.821219
vn -0.231413 -0.000000 0.972856
vn 0.169991 -0.000000 0.985446
vn 0.543993 -0.000000 0.839090
vn -0.570613 -0.000000 0.821219
vn 0.812773 -0.000000 0.582581
vn 0.543993 -0.000000 0.839090
vn 0.169991 -0.000000 0.985446
vn -0.231413 -0.000000 0.972856
vn -0.570681 -0.000000 0.821172
vn -0.316288 -0.000000 0.948663
vn 0.787902 0.000000 -0.615801
vn -0.354102 -0.000000 0.935207
vn -0.570681 -0.000000 0.821172
vn -0.354102 -0.000000 0.935207
vn 0.032399 -0.000000 0.999475
vn 0.413991 -0.000000 0.910281
vn 0.732002 -0.000000 0.681302
vn 0.937605 -0.000000 0.347702
vn 0.941866 -0.000000 0.335988
vn 0.946736 -0.000000 0.322012
vn 0.950113 -0.000000 0.311904
vn 0.953783 -0.000000 0.300495
vn 0.957691 -0.000000 0.287797
vn 0.961987 -0.000000 0.273096
vn 0.970401 -0.000000 0.241500
vn 0.979528 -0.000000 0.201306
vn 0.987820 -0.000000 0.155603
vn 0.995157 -0.000000 0.098296
vn 0.999363 -0.000000 0.035699
vn 0.999359 0.000000 -0.035799
vn 0.993629 0.000000 -0.112703
vn 0.979816 0.000000 -0.199903
vn 0.958408 0.000000 -0.285402
vn 0.931040 0.000000 -0.364916
vn 0.898529 0.000000 -0.438914
vn 0.861481 0.000000 -0.507789
vn 0.825986 0.000000 -0.563691
vn 0.796857 0.000000 -0.604168
vn 0.776016 0.000000 -0.630713
vn 0.762908 0.000000 -0.646507
vn 0.757560 0.000000 -0.652766
vn 0.759828 0.000000 -0.650124
vn 0.769564 0.000000 -0.638570
vn 0.811735 0.000000 -0.584026
vn 0.842498 0.000000 -0.538699
vn 0.913787 0.000000 -0.406194
vn 0.980365 0.000000 -0.197193
vn 0.998240 -0.000000 0.059302
vn 0.943941 -0.000000 0.330114
vn 0.801282 -0.000000 0.598287
vn 0.549914 -0.000000 0.835221
vn 0.224304 -0.000000 0.974519
vn 0.044999 -0.000000 0.998987
vn -0.084701 -0.000000 0.996406
vn -0.209406 -0.000000 0.977829
vn -0.268706 -0.000000 0.963222
vn -0.366800 -0.000000 0.930300
vn -0.409911 -0.000000 0.912125
vn -0.446013 -0.000000 0.895026
vn -0.475310 -0.000000 0.879818
vn -0.503616 -0.000000 0.863928
vn -0.528893 -0.000000 0.848689
vn -0.551188 -0.000000 0.834381
vn -0.570681 -0.000000 0.821172
vn -0.551188 -0.000000 0.834381
vn -0.528893 -0.000000 0.848689
vn -0.503616 -0.000000 0.863928
vn -0.475310 -0.000000 0.879818
vn -0.446013 -0.000000 0.895026
vn -0.409911 -0.000000 0.912125
vn -0.366800 -0.000000 0.930300
vn -0.316288 -0.000000 0.948663
vn -0.268706 -0.000000 0.963222
vn -0.209406 -0.000000 0.977829
vn -0.084701 -0.000000 0.996406
vn 0.044999 -0.000000 0.998987
vn 0.224304 -0.000000 0.974519
vn 0.549914 -0.000000 0.835221
vn 0.801282 -0.000000 0.598287
vn 0.943941 -0.000000 0.330114
vn 0.998240 -0.000000 0.059302
vn 0.980365 0.000000 -0.197193
vn 0.913787 0.000000 -0.406194
vn 0.842498 0.000000 -0.538699
vn 0.811735 0.000000 -0.584026
vn 0.787902 0.000000 -0.615801
vn 0.769564 0.000000 -0.638570
vn 0.759828 0.000000 -0.650124
vn 0.757560 0.000000 -0.652766
vn 0.762908 0.000000 -0.646507
vn 0.776016 0.000000 -0.630713
vn 0.796857 0.000000 -0.604168
vn 0.825986 0.000000 -0.563691
vn 0.861481 0.000000 -0.507789
vn 0.898529 0.000000 -0.438914
vn 0.931040 0.000000 -0.364916
vn 0.958408 0.000000 -0.285402
vn 0.979816 0.000000 -0.199903
vn 0.993629 0.000000 -0.112703
vn 0.999359 0.000000 -0.035799
vn 0.999363 -0.000000 0.035699
vn 0.995157 -0.000000 0.098296
vn 0.987820 -0.000000 0.155603
vn 0.979528 -0.000000 0.201306
vn 0.970401 -0.000000 0.241500
vn 0.961987 -0.000000 0.273096
vn 0.957691 -0.000000 0.287797
vn 0.953783 -0.000000 0.300495
vn 0.950113 -0.000000 0.311904
vn 0.946736 -0.000000 0.322012
vn 0.941866 -0.000000 0.335988
vn 0.937605 -0.000000 0.347702
vn 0.732002 -0.000000 0.681302
vn 0.413991 -0.000000 0.910281
vn 0.032399 -0.000000 0.999475
vn -0.354190 -0.000000 0.935174
vn -0.354190 -0.000000 0.935174
vn -0.354190 -0.000000 0.935174
vn -0.354190 -0.000000 0.935174
vn -0.354190 -0.000000 0.935174
vn -0.937682 0.000000 -0.347494
vn -0.937682 0.000000 -0.347494
vn -0.999792 -0.000000 0.020400
vn -0.910243 -0.000000 0.414074
vn -0.672394 -0.000000 0.740193
vn -0.937682 0.000000 -0.347494
vn -0.354190 -0.000000 0.935174
vn -0.672394 -0.000000 0.740193
vn -0.910243 -0.000000 0.414074
vn -0.999792 -0.000000 0.020400
vn -0.937682 0.000000 -0.347494
vn 0.570795 0.000000 -0.821093
vn 0.570795 0.000000 -0.821093
vn 0.570795 0.000000 -0.821093
vn -0.937682 0.000000 -0.347494
vn -0.937682 0.000000 -0.347494
vn 0.520293 0.000000 -0.853988
vn 0.459412 0.000000 -0.888223
vn 0.385709 0.000000 -0.922621
vn 0.296116 0.000000 -0.955152
vn 0.188399 0.000000 -0.982093
vn 0.060697 0.000000 -0.998156
vn -0.246298 0.000000 -0.969194
vn -0.566185 0.000000 -0.824278
vn -0.809885 0.000000 -0.586589
vn -0.946837 0.000000 -0.321713
vn -0.998317 0.000000 -0.058001
vn -0.979323 -0.000000 0.202305
vn -0.913295 -0.000000 0.407298
vn -0.840626 -0.000000 0.541617
vn -0.786360 -0.000000 0.617769
vn -0.759504 -0.000000 0.650503
vn -0.762585 -0.000000 0.646888
vn -0.796470 -0.000000 0.604678
vn -0.859174 -0.000000 0.511684
vn -0.977420 -0.000000 0.211304
vn -0.998652 -0.000000 0.051898
vn -0.996508 0.000000 -0.083501
vn -0.982321 0.000000 -0.187204
vn -0.965178 0.000000 -0.261594
vn -0.949758 0.000000 -0.312986
vn -0.949758 0.000000 -0.312986
vn -0.965178 0.000000 -0.261594
vn -0.982321 0.000000 -0.187204
vn -0.996508 0.000000 -0.083501
vn -0.998652 -0.000000 0.051898
vn -0.977420 -0.000000 0.211304
vn -0.859174 -0.000000 0.511684
vn -0.796470 -0.000000 0.604678
vn -0.762585 -0.000000 0.646888
vn -0.759504 -0.000000 0.650503
vn -0.786360 -0.000000 0.617769
vn -0.840626 -0.000000 0.541617
vn -0.913295 -0.000000 0.407298
vn -0.979323 -0.000000 0.202305
vn -0.998317 0.000000 -0.058001
vn -0.946837 0.000000 -0.321713
vn -0.809885 0.000000 -0.586589
vn -0.566185 0.000000 -0.824278
vn -0.246298 0.000000 -0.969194
vn 0.060697 0.000000 -0.998156
vn 0.188399 0.000000 -0.982093
vn 0.296116 0.000000 -0.955152
vn 0.385709 0.000000 -0.922621
vn 0.459412 0.000000 -0.888223
vn 0.520293 0.000000 -0.853988
vn 0.821093 0.000000 -0.570795
vn 0.821093 0.000000 -0.570795
vn 0.347493 -0.000000 0.937682
vn 0.347493 -0.000000 0.937682
vn 0.312986 -0.000000 0.949758
vn 0.261594 -0.000000 0.965178
vn 0.187204 -0.000000 0.982321
vn 0.083600 -0.000000 0.996499
vn -0.211304 -0.000000 0.977420
vn -0.511684 -0.000000 0.859174
vn -0.646829 -0.000000 0.762635
vn -0.650503 -0.000000 0.759504
vn -0.617768 -0.000000 0.786360
vn -0.541616 -0.000000 0.840626
vn -0.407298 -0.000000 0.913295
vn 0.057901 -0.000000 0.998322
vn 0.321713 -0.000000 0.946837
vn 0.586589 -0.000000 0.809885
vn 0.824278 -0.000000 0.566185
vn 0.969194 -0.000000 0.246299
vn 0.998156 0.000000 -0.060697
vn 0.982093 0.000000 -0.188399
vn 0.955152 0.000000 -0.296116
vn 0.922621 0.000000 -0.385709
vn 0.888223 0.000000 -0.459412
vn 0.853988 0.000000 -0.520293
vn 0.853988 0.000000 -0.520293
vn 0.888223 0.000000 -0.459412
vn 0.922621 0.000000 -0.385709
vn 0.955152 0.000000 -0.296116
vn 0.982093 0.000000 -0.188399
vn 0.998156 0.000000 -0.060697
vn 0.969194 -0.000000 0.246299
vn 0.824278 -0.000000 0.566185
vn 0.586589 -0.000000 0.809885
vn 0.321713 -0.000000 0.946837
vn 0.057901 -0.000000 0.998322
vn -0.407298 -0.000000 0.913295
vn -0.541616 -0.000000 0.840626
vn -0.617768 -0.000000 0.786360
vn -0.650503 -0.000000 0.759504
vn -0.646829 -0.000000 0.762635
vn -0.511684 -0.000000 0.859174
vn -0.211304 -0.000000 0.977420
vn 0.083600 -0.000000 0.996499
vn 0.187204 -0.000000 0.982321
vn 0.261594 -0.000000 0.965178
vn 0.312986 -0.000000 0.949758
vn 0.347493 -0.000000 0.937682
vn 0.821093 0.000000 -0.570795
vn 0.347493 -0.000000 0.937682
vn -0.935173 -0.000000 0.354190
vn -0.935173 -0.000000 0.354190
vn 0.347493 -0.000000 0.937682
vn -0.740193 -0.000000 0.672394
vn -0.414074 -0.000000 0.910243
vn -0.020400 -0.000000 0.999792
vn 0.347493 -0.000000 0.937682
vn -0.020400 -0.000000 0.999792
vn -0.414074 -0.000000 0.910243
vn -0.740193 -0.000000 0.672394
vn -0.935173 -0.000000 0.354190
vn -0.935173 -0.000000 0.354190
vn -0.935173 -0.000000 0.354190
vn -0.935173 -0.000000 0.354190
vn -0.935207 -0.000000 0.354103
vn -0.935207 -0.000000 0.354103
vn -0.821172 -0.000000 0.570681
vn -0.821172 -0.000000 0.570681
vn -0.834381 -0.000000 0.551188
vn -0.848689 -0.000000 0.528893
vn -0.863928 -0.000000 0.503616
vn -0.879818 -0.000000 0.475310
vn -0.895026 -0.000000 0.446013
vn -0.912125 -0.000000 0.409911
vn -0.930300 -0.000000 0.366800
vn -0.948663 -0.000000 0.316288
vn -0.963222 -0.000000 0.268706
vn -0.977829 -0.000000 0.209406
vn -0.988458 -0.000000 0.151494
vn -0.996406 -0.000000 0.084701
vn -0.998987 0.000000 -0.044999
vn -0.974541 0.000000 -0.224209
vn -0.926952 0.000000 -0.375181
vn -0.835221 0.000000 -0.549914
vn -0.598287 0.000000 -0.801282
vn -0.330114 0.000000 -0.943941
vn -0.059302 0.000000 -0.998240
vn 0.197193 0.000000 -0.980365
vn 0.406194 0.000000 -0.913787
vn 0.538699 0.000000 -0.842498
vn 0.584025 0.000000 -0.811735
vn 0.615863 0.000000 -0.787853
vn 0.638570 0.000000 -0.769564
vn 0.650124 0.000000 -0.759828
vn 0.652708 0.000000 -0.757609
vn 0.646507 0.000000 -0.762908
vn 0.630713 0.000000 -0.776016
vn 0.604168 0.000000 -0.796857
vn 0.563690 0.000000 -0.825986
vn 0.507789 0.000000 -0.861481
vn 0.438914 0.000000 -0.898529
vn 0.364916 0.000000 -0.931041
vn 0.285402 0.000000 -0.958408
vn 0.199903 0.000000 -0.979816
vn 0.112703 0.000000 -0.993629
vn 0.035799 0.000000 -0.999359
vn -0.035699 0.000000 -0.999363
vn -0.098296 0.000000 -0.995157
vn -0.155603 0.000000 -0.987820
vn -0.201306 0.000000 -0.979528
vn -0.241500 0.000000 -0.970401
vn -0.273096 0.000000 -0.961987
vn -0.287797 0.000000 -0.957691
vn -0.300495 0.000000 -0.953783
vn -0.311904 0.000000 -0.950114
vn -0.322012 0.000000 -0.946736
vn -0.335988 0.000000 -0.941866
vn -0.347702 0.000000 -0.937605
vn -0.681302 0.000000 -0.732002
vn -0.910281 0.000000 -0.413991
vn -0.999475 0.000000 -0.032399
vn -0.999475 0.000000 -0.032399
vn -0.910281 0.000000 -0.413991
vn -0.681302 0.000000 -0.732002
vn -0.347702 0.000000 -0.937605
vn -0.335988 0.000000 -0.941866
vn -0.322012 0.000000 -0.946736
vn -0.311904 0.000000 -0.950114
vn -0.300495 0.000000 -0.953783
vn -0.287797 0.000000 -0.957691
vn -0.273096 0.000000 -0.961987
vn -0.241500 0.000000 -0.970401
vn -0.201306 0.000000 -0.979528
vn -0.155603 0.000000 -0.987820
vn -0.098296 0.000000 -0.995157
vn -0.035699 0.000000 -0.999363
vn 0.035799 0.000000 -0.999359
vn 0.112703 0.000000 -0.993629
vn 0.199903 0.000000 -0.979816
vn 0.285402 0.000000 -0.958408
vn 0.364916 0.000000 -0.931041
vn 0.438914 0.000000 -0.898529
vn 0.507789 0.000000 -0.861481
vn 0.563690 0.000000 -0.825986
vn 0.604168 0.000000 -0.796857
vn 0.630713 0.000000 -0.776016
vn 0.646507 0.000000 -0.762908
vn 0.652708 0.000000 -0.757609
vn 0.650124 0.000000 -0.759828
vn 0.638570 0.000000 -0.769564
vn 0.615863 0.000000 -0.787853
vn 0.584025 0.000000 -0.811735
vn 0.538699 0.000000 -0.842498
vn 0.406194 0.000000 -0.913787
vn 0.197193 0.000000 -0.980365
vn -0.059302 0.000000 -0.998240
vn -0.330114 0.000000 -0.943941
vn -0.598287 0.000000 -0.801282
vn -0.835221 0.000000 -0.549914
vn -0.926952 0.000000 -0.375181
vn -0.974541 0.000000 -0.224209
vn -0.998987 0.000000 -0.044999
vn -0.996406 -0.000000 0.084701
vn -0.988458 -0.000000 0.151494
vn -0.977829 -0.000000 0.209406
vn -0.963222 -0.000000 0.268706
vn -0.948663 -0.000000 0.316288
vn -0.930300 -0.000000 0.366800
vn -0.912125 -0.000000 0.409911
vn -0.895026 -0.000000 0.446013
vn -0.879818 -0.000000 0.475310
vn -0.863928 -0.000000 0.503616
vn -0.848689 -0.000000 0.528893
vn -0.834381 -0.000000 0.551188
vn -0.821172 -0.000000 0.570681
vn -0.821219 -0.000000 0.570613
vn -0.582581 0.000000 -0.812773
vn -0.582581 0.000000 -0.812773
vn -0.821172 -0.000000 0.570681
vn -0.839090 0.000000 -0.543993
vn -0.985446 0.000000 -0.169991
vn -0.972856 -0.000000 0.231413
vn -0.821219 -0.000000 0.570613
vn -0.972856 -0.000000 0.231413
vn -0.985446 0.000000 -0.169991
vn -0.839090 0.000000 -0.543993
vn -0.582581 0.000000 -0.812773
vn -0.582581 0.000000 -0.812773
vn -0.582581 0.000000 -0.812773
vn -0.582581 0.000000 -0.812773
vn -0.582514 0.000000 -0.812820
vn 0.169894 0.000000 -0.985462
vn 0.821093 0.000000 -0.570795
vn 0.821093 0.000000 -0.570795
vn 0.821093 0.000000 -0.570795
vn 0.537108 0.000000 -0.843513
vn -0.223691 0.000000 -0.974660
vn -0.582514 0.000000 -0.812820
vn -0.223691 0.000000 -0.974660
vn 0.169894 0.000000 -0.985462
vn 0.537108 0.000000 -0.843513
vn 0.570795 -0.000000 0.821093
vn -0.937682 -0.000000 0.347494
vn -0.937682 -0.000000 0.347494
vn -0.949758 -0.000000 0.312986
vn -0.965178 -0.000000 0.261594
vn -0.982321 -0.000000 0.187204
vn -0.996499 -0.000000 0.083600
vn -0.977420 0.000000 -0.211304
vn -0.859174 0.000000 -0.511684
vn -0.762635 0.000000 -0.646829
vn -0.759504 0.000000 -0.650503
vn -0.786360 0.000000 -0.617769
vn -0.840626 0.000000 -0.541617
vn -0.913295 0.000000 -0.407298
vn -0.998322 -0.000000 0.057901
vn -0.946837 -0.000000 0.321713
vn -0.809885 -0.000000 0.586589
vn -0.566185 -0.000000 0.824278
vn -0.246298 -0.000000 0.969194
vn 0.060697 -0.000000 0.998156
vn 0.188399 -0.000000 0.982093
vn 0.296116 -0.000000 0.955152
vn 0.385709 -0.000000 0.922621
vn 0.459412 -0.000000 0.888223
vn 0.520293 -0.000000 0.853988
vn 0.570795 -0.000000 0.821093
vn 0.520293 -0.000000 0.853988
vn 0.459412 -0.000000 0.888223
vn 0.385709 -0.000000 0.922621
vn 0.296116 -0.000000 0.955152
vn 0.188399 -0.000000 0.982093
vn 0.060697 -0.000000 0.998156
vn -0.246298 -0.000000 0.969194
vn -0.566185 -0.000000 0.824278
vn -0.809885 -0.000000 0.586589
vn -0.946837 -0.000000 0.321713
vn -0.998322 -0.000000 0.057901
vn -0.913295 0.000000 -0.407298
vn -0.840626 0.000000 -0.541617
vn -0.786360 0.000000 -0.617769
vn -0.759504 0.000000 -0.650503
vn -0.762635 0.000000 -0.646829
vn -0.859174 0.000000 -0.511684
vn -0.977420 0.000000 -0.211304
vn -0.996499 -0.000000 0.083600
vn -0.982321 -0.000000 0.187204
vn -0.965178 -0.000000 0.261594
vn -0.949758 -0.000000 0.312986
vn -0.937682 -0.000000 0.347494
vn 0.570795 -0.000000 0.821093
vn -0.937682 -0.000000 0.347494
vn -0.354190 0.000000 -0.935174
vn -0.354190 0.000000 -0.935174
vn -0.937682 -0.000000 0.347494
vn -0.672394 0.000000 -0.740193
vn -0.910243 0.000000 -0.414074
vn -0.999792 0.000000 -0.020400
vn -0.937682 -0.000000 0.347494
vn -0.999792 0.000000 -0.020400
vn -0.910243 0.000000 -0.414074
vn -0.672394 0.000000 -0.740193
vn -0.354190 0.000000 -0.935174
vn -0.354190 0.000000 -0.935174
vn -0.354190 0.000000 -0.935174
vn -0.354190 0.000000 -0.935174
vn -0.354102 0.000000 -0.935207
vn -0.354102 0.000000 -0.935207
vn 0.861481 -0.000000 0.507789
vn 0.861481 -0.000000 0.507789
vn 0.787902 -0.000000 0.615801
vn -0.316288 0.000000 -0.948663
vn -0.570681 0.000000 -0.821172
vn -0.551188 0.000000 -0.834381
vn -0.528893 0.000000 -0.848689
vn -0.503616 0.000000 -0.863928
vn -0.475310 0.000000 -0.879818
vn -0.446013 0.000000 -0.895026
vn -0.409911 0.000000 -0.912125
vn -0.366800 0.000000 -0.930300
vn -0.268706 0.000000 -0.963222
vn -0.209406 0.000000 -0.977829
vn -0.084701 0.000000 -0.996406
vn 0.044999 0.000000 -0.998987
vn 0.224304 0.000000 -0.974519
vn 0.549914 0.000000 -0.835221
vn 0.801282 0.000000 -0.598287
vn 0.943941 0.000000 -0.330114
vn 0.998240 0.000000 -0.059302
vn 0.980365 -0.000000 0.197193
vn 0.913787 -0.000000 0.406194
vn 0.842498 -0.000000 0.538699
vn 0.811735 -0.000000 0.584026
vn 0.769564 -0.000000 0.638570
vn 0.759828 -0.000000 0.650124
vn 0.757560 -0.000000 0.652766
vn 0.762908 -0.000000 0.646507
vn 0.776016 -0.000000 0.630713
vn 0.796857 -0.000000 0.604168
vn 0.825986 -0.000000 0.563691
vn 0.898529 -0.000000 0.438914
vn 0.931040 -0.000000 0.364916
vn 0.958408 -0.000000 0.285402
vn 0.979816 -0.000000 0.199903
vn 0.993629 -0.000000 0.112703
vn 0.999359 -0.000000 0.035799
vn 0.999363 0.000000 -0.035699
vn 0.995157 0.000000 -0.098296
vn 0.987820 0.000000 -0.155603
vn 0.979528 0.000000 -0.201306
vn 0.970401 0.000000 -0.241500
vn 0.961987 0.000000 -0.273096
vn 0.957691 0.000000 -0.287797
vn 0.953783 0.000000 -0.300495
vn 0.950113 0.000000 -0.311904
vn 0.946736 0.000000 -0.322012
vn 0.941866 0.000000 -0.335988
vn 0.937605 0.000000 -0.347702
vn 0.732002 0.000000 -0.681302
vn 0.413991 0.000000 -0.910281
vn 0.032399 0.000000 -0.999475
vn 0.032399 0.000000 -0.999475
vn 0.413991 0.000000 -0.910281
vn 0.732002 0.000000 -0.681302
vn 0.937605 0.000000 -0.347702
vn 0.941866 0.000000 -0.335988
vn 0.946736 0.000000 -0.322012
vn 0.950113 0.000000 -0.311904
vn 0.953783 0.000000 -0.300495
vn 0.957691 0.000000 -0.287797
vn 0.961987 0.000000 -0.273096
vn 0.970401 0.000000 -0.241500
vn 0.979528 0.000000 -0.201306
vn 0.987820 0.000000 -0.155603
vn 0.995157 0.000000 -0.098296
vn 0.999363 0.000000 -0.035699
vn 0.999359 -0.000000 0.035799
vn 0.993629 -0.000000 0.112703
vn 0.979816 -0.000000 0.199903
vn 0.958408 -0.000000 0.285402
vn 0.931040 -0.000000 0.364916
vn 0.898529 -0.000000 0.438914
vn 0.825986 -0.000000 0.563691
vn 0.796857 -0.000000 0.604168
vn 0.776016 -0.000000 0.630713
vn 0.762908 -0.000000 0.646507
vn 0.757560 -0.000000 0.652766
vn 0.759828 -0.000000 0.650124
vn 0.769564 -0.000000 0.638570
vn 0.787902 -0.000000 0.615801
vn 0.811735 -0.000000 0.584026
vn 0.842498 -0.000000 0.538699
vn 0.913787 -0.000000 0.406194
vn 0.980365 -0.000000 0.197193
vn 0.998240 0.000000 -0.059302
vn 0.943941 0.000000 -0.330114
vn 0.801282 0.000000 -0.598287
vn 0.549914 0.000000 -0.835221
vn 0.224304 0.000000 -0.974519
vn 0.044999 0.000000 -0.998987
vn -0.084701 0.000000 -0.996406
vn -0.209406 0.000000 -0.977829
vn -0.268706 0.000000 -0.963222
vn -0.316288 0.000000 -0.948663
vn -0.366800 0.000000 -0.930300
vn -0.409911 0.000000 -0.912125
vn -0.446013 0.000000 -0.895026
vn -0.475310 0.000000 -0.879818
vn -0.503616 0.000000 -0.863928
vn -0.528893 0.000000 -0.848689
vn -0.551188 0.000000 -0.834381
vn -0.570681 0.000000 -0.821172
vn -0.570681 0.000000 -0.821172
vn -0.570613 0.000000 -0.821219
vn 0.812773 0.000000 -0.582581
vn 0.812773 0.000000 -0.582581
vn -0.570613 0.000000 -0.821219
vn 0.543993 0.000000 -0.839090
vn 0.169991 0.000000 -0.985446
vn -0.231413 0.000000 -0.972856
vn -0.570613 0.000000 -0.821219
vn -0.231413 0.000000 -0.972856
vn 0.169991 0.000000 -0.985446
vn 0.543993 0.000000 -0.839090
vn 0.812773 0.000000 -0.582581
vn 0.812773 0.000000 -0.582581
vn 0.812773 0.000000 -0.582581
vn 0.812773 0.000000 -0.582581
vn 0.812820 0.000000 -0.582515
vn 0.985462 -0.000000 0.169894
vn 0.570795 -0.000000 0.821093
vn 0.570795 -0.000000 0.821093
vn 0.570795 -0.000000 0.821093
vn 0.843513 -0.000000 0.537108
vn 0.974660 0.000000 -0.223691
vn 0.812820 0.000000 -0.582515
vn 0.974660 0.000000 -0.223691
vn 0.985462 -0.000000 0.169894
vn 0.843513 -0.000000 0.537108
vn 0.821093 -0.000000 0.570795
vn -0.582514 -0.000000 0.812820
vn -0.582514 -0.000000 0.812820
vn -0.223691 -0.000000 0.974660
vn 0.169894 -0.000000 0.985462
vn 0.537108 -0.000000 0.843513
vn 0.821093 -0.000000 0.570795
vn 0.821093 -0.000000 0.570795
vn 0.537108 -0.000000 0.843513
vn 0.169894 -0.000000 0.985462
vn -0.223691 -0.000000 0.974660
vn -0.582581 -0.000000 0.812773
vn -0.582581 -0.000000 0.812773
vn -0.582581 -0.000000 0.812773
vn -0.582581 -0.000000 0.812773
vn -0.582581 -0.000000 0.812773
vn -0.821219 0.000000 -0.570613
vn -0.821219 0.000000 -0.570613
vn -0.972856 0.000000 -0.231413
vn -0.985446 -0.000000 0.169991
vn -0.839090 -0.000000 0.543993
vn -0.821172 0.000000 -0.570681
vn -0.582581 -0.000000 0.812773
vn -0.839090 -0.000000 0.543993
vn -0.985446 -0.000000 0.169991
vn -0.972856 0.000000 -0.231413
vn -0.821172 0.000000 -0.570681
vn -0.948663 0.000000 -0.316288
vn 0.615863 -0.000000 0.787853
vn 0.507789 -0.000000 0.861481
vn -0.935207 0.000000 -0.354103
vn -0.935207 0.000000 -0.354103
vn -0.821172 0.000000 -0.570681
vn -0.999475 -0.000000 0.032399
vn -0.910281 -0.000000 0.413991
vn -0.681302 -0.000000 0.732002
vn -0.347702 -0.000000 0.937605
vn -0.335988 -0.000000 0.941866
vn -0.322012 -0.000000 0.946736
vn -0.311904 -0.000000 0.950114
vn -0.300495 -0.000000 0.953783
vn -0.287797 -0.000000 0.957691
vn -0.273096 -0.000000 0.961987
vn -0.241500 -0.000000 0.970401
vn -0.201306 -0.000000 0.979528
vn -0.155603 -0.000000 0.987820
vn -0.098296 -0.000000 0.995157
vn -0.035699 -0.000000 0.999363
vn 0.035799 -0.000000 0.999359
vn 0.112703 -0.000000 0.993629
vn 0.199903 -0.000000 0.979816
vn 0.285402 -0.000000 0.958408
vn 0.364916 -0.000000 0.931041
vn 0.438914 -0.000000 0.898529
vn 0.563690 -0.000000 0.825986
vn 0.604168 -0.000000 0.796857
vn 0.630713 -0.000000 0.776016
vn 0.646507 -0.000000 0.762908
vn 0.652708 -0.000000 0.757609
vn 0.650124 -0.000000 0.759828
vn 0.638570 -0.000000 0.769564
vn 0.584025 -0.000000 0.811735
vn 0.538699 -0.000000 0.842498
vn 0.406194 -0.000000 0.913787
vn 0.197193 -0.000000 0.980365
vn -0.059302 -0.000000 0.998240
vn -0.330114 -0.000000 0.943941
vn -0.598287 -0.000000 0.801282
vn -0.835221 -0.000000 0.549914
vn -0.974519 -0.000000 0.224304
vn -0.998987 -0.000000 0.044999
vn -0.996406 0.000000 -0.084701
vn -0.977829 0.000000 -0.209406
vn -0.963222 0.000000 -0.268706
vn -0.930300 0.000000 -0.366800
vn -0.912125 0.000000 -0.409911
vn -0.895026 0.000000 -0.446013
vn -0.879818 0.000000 -0.475310
vn -0.863928 0.000000 -0.503616
vn -0.848689 0.000000 -0.528893
vn -0.834381 0.000000 -0.551188
vn -0.821172 0.000000 -0.570681
vn -0.834381 0.000000 -0.551188
vn -0.848689 0.000000 -0.528893
vn -0.863928 0.000000 -0.503616
vn -0.879818 0.000000 -0.475310
vn -0.895026 0.000000 -0.446013
vn -0.912125 0.000000 -0.409911
vn -0.930300 0.000000 -0.366800
vn -0.948663 0.000000 -0.316288
vn -0.963222 0.000000 -0.268706
vn -0.977829 0.000000 -0.209406
vn -0.996406 0.000000 -0.084701
vn -0.998987 -0.000000 0.044999
vn -0.974519 -0.000000 0.224304
vn -0.835221 -0.000000 0.549914
vn -0.598287 -0.000000 0.801282
vn -0.330114 -0.000000 0.943941
vn -0.059302 -0.000000 0.998240
vn 0.197193 -0.000000 0.980365
vn 0.406194 -0.000000 0.913787
vn 0.538699 -0.000000 0.842498
vn 0.584025 -0.000000 0.811735
vn 0.615863 -0.000000 0.787853
vn 0.638570 -0.000000 0.769564
vn 0.650124 -0.000000 0.759828
vn 0.652708 -0.000000 0.757609
vn 0.646507 -0.000000 0.762908
vn 0.630713 -0.000000 0.776016
vn 0.604168 -0.000000 0.796857
vn 0.563690 -0.000000 0.825986
vn 0.507789 -0.000000 0.861481
vn 0.438914 -0.000000 0.898529
vn 0.364916 -0.000000 0.931041
vn 0.285402 -0.000000 0.958408
vn 0.199903 -0.000000 0.979816
vn 0.112703 -0.000000 0.993629
vn 0.035799 -0.000000 0.999359
vn -0.035699 -0.000000 0.999363
vn -0.098296 -0.000000 0.995157
vn -0.155603 -0.000000 0.987820
vn -0.201306 -0.000000 0.979528
vn -0.241500 -0.000000 0.970401
vn -0.273096 -0.000000 0.961987
vn -0.287797 -0.000000 0.957691
vn -0.300495 -0.000000 0.953783
vn -0.311904 -0.000000 0.950114
vn -0.322012 -0.000000 0.946736
vn -0.335988 -0.000000 0.941866
vn -0.347702 -0.000000 0.937605
vn -0.681302 -0.000000 0.732002
vn -0.910281 -0.000000 0.413991
vn -0.999475 -0.000000 0.032399
vn -0.935173 0.000000 -0.354190
vn -0.935173 0.000000 -0.354190
vn -0.935173 0.000000 -0.354190
vn -0.935173 0.000000 -0.354190
vn -0.935173 0.000000 -0.354190
vn 0.347493 0.000000 -0.937682
vn 0.347493 0.000000 -0.937682
vn -0.020400 0.000000 -0.999792
vn -0.414074 0.000000 -0.910243
vn -0.740193 0.000000 -0.672394
vn 0.347493 0.000000 -0.937682
vn -0.935173 0.000000 -0.354190
vn -0.740193 0.000000 -0.672394
vn -0.414074 0.000000 -0.910243
vn -0.020400 0.000000 -0.999792
vn 0.347493 0.000000 -0.937682
vn 0.821093 -0.000000 0.570795
vn 0.821093 -0.000000 0.570795
vn 0.821093 -0.000000 0.570795
vn 0.347493 0.000000 -0.937682
vn 0.347493 0.000000 -0.937682
vn 0.853988 -0.000000 0.520293
vn 0.888223 -0.000000 0.459412
vn 0.922621 -0.000000 0.385709
vn 0.955152 -0.000000 0.296116
vn 0.982093 -0.000000 0.188399
vn 0.998156 -0.000000 0.060697
vn 0.969194 0.000000 -0.246299
vn 0.824278 0.000000 -0.566185
vn 0.586589 0.000000 -0.809885
vn 0.321713 0.000000 -0.946837
vn 0.058001 0.000000 -0.998317
vn -0.202305 0.000000 -0.979323
vn -0.407298 0.000000 -0.913295
vn -0.541616 0.000000 -0.840626
vn -0.617768 0.000000 -0.786360
vn -0.650503 0.000000 -0.759504
vn -0.646888 0.000000 -0.762585
vn -0.604677 0.000000 -0.796470
vn -0.511684 0.000000 -0.859174
vn -0.211304 0.000000 -0.977420
vn -0.051898 0.000000 -0.998652
vn 0.083501 0.000000 -0.996508
vn 0.187204 0.000000 -0.982321
vn 0.261594 0.000000 -0.965178
vn 0.312986 0.000000 -0.949758
vn 0.312986 0.000000 -0.949758
vn 0.261594 0.000000 -0.965178
vn 0.187204 0.000000 -0.982321
vn 0.083501 0.000000 -0.996508
vn -0.051898 0.000000 -0.998652
vn -0.211304 0.000000 -0.977420
vn -0.511684 0.000000 -0.859174
vn -0.604677 0.000000 -0.796470
vn -0.646888 0.000000 -0.762585
vn -0.650503 0.000000 -0.759504
vn -0.617768 0.000000 -0.786360
vn -0.541616 0.000000 -0.840626
vn -0.407298 0.000000 -0.913295
vn -0.202305 0.000000 -0.979323
vn 0.058001 0.000000 -0.998317
vn 0.321713 0.000000 -0.946837
vn 0.586589 0.000000 -0.809885
vn 0.824278 0.000000 -0.566185
vn 0.969194 0.000000 -0.246299
vn 0.998156 -0.000000 0.060697
vn 0.982093 -0.000000 0.188399
vn 0.955152 -0.000000 0.296116
vn 0.922621 -0.000000 0.385709
vn 0.888223 -0.000000 0.459412
vn 0.853988 -0.000000 0.520293
vn -0.570795 -0.000000 0.821093
vn -0.985462 -0.000000 0.169894
vn -0.812820 0.000000 -0.582515
vn -0.812820 0.000000 -0.582515
vn -0.974660 0.000000 -0.223691
vn -0.843513 -0.000000 0.537108
vn -0.570795 -0.000000 0.821093
vn -0.570795 -0.000000 0.821093
vn -0.843513 -0.000000 0.537108
vn -0.985462 -0.000000 0.169894
vn -0.974660 0.000000 -0.223691
vn -0.812773 0.000000 -0.582581
vn -0.812773 0.000000 -0.582581
vn -0.812773 0.000000 -0.582581
vn -0.812773 0.000000 -0.582581
vn -0.812773 0.000000 -0.582581
vn 0.570613 0.000000 -0.821219
vn 0.570613 0.000000 -0.821219
vn 0.231413 0.000000 -0.972856
vn -0.169991 0.000000 -0.985446
vn -0.543993 0.000000 -0.839090
vn 0.570613 0.000000 -0.821219
vn -0.812773 0.000000 -0.582581
vn -0.543993 0.000000 -0.839090
vn -0.169991 0.000000 -0.985446
vn 0.231413 0.000000 -0.972856
vn 0.570681 0.000000 -0.821172
vn 0.316288 0.000000 -0.948663
vn -0.787902 -0.000000 0.615801
vn -0.861481 -0.000000 0.507789
vn -0.861481 -0.000000 0.507789
vn 0.354102 0.000000 -0.935207
vn 0.354102 0.000000 -0.935207
vn 0.570681 0.000000 -0.821172
vn 0.570681 0.000000 -0.821172
vn -0.032399 0.000000 -0.999475
vn -0.413991 0.000000 -0.910281
vn -0.732002 0.000000 -0.681302
vn -0.937605 0.000000 -0.347702
vn -0.941866 0.000000 -0.335988
vn -0.946736 0.000000 -0.322012
vn -0.950113 0.000000 -0.311904
vn -0.953783 0.000000 -0.300495
vn -0.957691 0.000000 -0.287797
vn -0.961987 0.000000 -0.273096
vn -0.970401 0.000000 -0.241500
vn -0.979528 0.000000 -0.201306
vn -0.987820 0.000000 -0.155603
vn -0.995157 0.000000 -0.098296
vn -0.999363 0.000000 -0.035699
vn -0.999359 -0.000000 0.035799
vn -0.993629 -0.000000 0.112703
vn -0.979816 -0.000000 0.199903
vn -0.958408 -0.000000 0.285402
vn -0.931040 -0.000000 0.364916
vn -0.898529 -0.000000 0.438914
vn -0.825986 -0.000000 0.563691
vn -0.796857 -0.000000 0.604168
vn -0.776016 -0.000000 0.630713
vn -0.762908 -0.000000 0.646507
vn -0.757560 -0.000000 0.652766
vn -0.759828 -0.000000 0.650124
vn -0.769564 -0.000000 0.638570
vn -0.787902 -0.000000 0.615801
vn -0.811735 -0.000000 0.584026
vn -0.842498 -0.000000 0.538699
vn -0.913787 -0.000000 0.406194
vn -0.980365 -0.000000 0.197193
vn -0.998240 0.000000 -0.059302
vn -0.943941 0.000000 -0.330114
vn -0.801282 0.000000 -0.598287
vn -0.549914 0.000000 -0.835221
vn -0.224304 0.000000 -0.974519
vn -0.044999 0.000000 -0.998987
vn 0.084701 0.000000 -0.996406
vn 0.209406 0.000000 -0.977829
vn 0.268706 0.000000 -0.963222
vn 0.316288 0.000000 -0.948663
vn 0.366800 0.000000 -0.930300
vn 0.409911 0.000000 -0.912125
vn 0.446013 0.000000 -0.895026
vn 0.475310 0.000000 -0.879818
vn 0.503616 0.000000 -0.863928
vn 0.528893 0.000000 -0.848689
vn 0.551188 0.000000 -0.834381
vn 0.551188 0.000000 -0.834381
vn 0.528893 0.000000 -0.848689
vn 0.503616 0.000000 -0.863928
vn 0.475310 0.000000 -0.879818
vn 0.446013 0.000000 -0.895026
vn 0.409911 0.000000 -0.912125
vn 0.366800 0.000000 -0.930300
vn 0.268706 0.000000 -0.963222
vn 0.209406 0.000000 -0.977829
vn 0.084701 0.000000 -0.996406
vn -0.044999 0.000000 -0.998987
vn -0.224304 0.000000 -0.974519
vn -0.549914 0.000000 -0.835221
vn -0.801282 0.000000 -0.598287
vn -0.943941 0.000000 -0.330114
vn -0.998240 0.000000 -0.059302
vn -0.980365 -0.000000 0.197193
vn -0.913787 -0.000000 0.406194
vn -0.842498 -0.000000 0.538699
vn -0.811735 -0.000000 0.584026
vn -0.769564 -0.000000 0.638570
vn -0.759828 -0.000000 0.650124
vn -0.757560 -0.000000 0.652766
vn -0.762908 -0.000000 0.646507
vn -0.776016 -0.000000 0.630713
vn -0.796857 -0.000000 0.604168
vn -0.825986 -0.000000 0.563691
vn -0.898529 -0.000000 0.438914
vn -0.931040 -0.000000 0.364916
vn -0.958408 -0.000000 0.285402
vn -0.979816 -0.000000 0.199903
vn -0.993629 -0.000000 0.112703
vn -0.999359 -0.000000 0.035799
vn -0.999363 0.000000 -0.035699
vn -0.995157 0.000000 -0.098296
vn -0.987820 0.000000 -0.155603
vn -0.979528 0.000000 -0.201306
vn -0.970401 0.000000 -0.241500
vn -0.961987 0.000000 -0.273096
vn -0.957691 0.000000 -0.287797
vn -0.953783 0.000000 -0.300495
vn -0.950113 0.000000 -0.311904
vn -0.946736 0.000000 -0.322012
vn -0.941866 0.000000 -0.335988
vn -0.937605 0.000000 -0.347702
vn -0.732002 0.000000 -0.681302
vn -0.413991 0.000000 -0.910281
vn -0.032399 0.000000 -0.999475
vn 0.354190 0.000000 -0.935174
vn 0.354190 0.000000 -0.935174
vn 0.354190 0.000000 -0.935174
vn 0.354190 0.000000 -0.935174
vn 0.354190 0.000000 -0.935174
vn 0.354190 0.000000 -0.935174
vn 0.937682 -0.000000 0.347494
vn 0.937682 -0.000000 0.347494
vn 0.999790 0.000000 -0.020500
vn 0.910243 0.000000 -0.414074
vn 0.672394 0.000000 -0.740193
vn 0.672394 0.000000 -0.740193
vn 0.910243 0.000000 -0.414074
vn 0.999792 0.000000 -0.020400
vn 0.937682 -0.000000 0.347494
vn -0.570795 -0.000000 0.821093
vn -0.570795 -0.000000 0.821093
vn -0.570795 -0.000000 0.821093
vn 0.937682 -0.000000 0.347494
vn 0.937682 -0.000000 0.347494
vn -0.520293 -0.000000 0.853988
vn -0.459412 -0.000000 0.888223
vn -0.385709 -0.000000 0.922621
vn -0.296116 -0.000000 0.955152
vn -0.188399 -0.000000 0.982093
vn -0.060697 -0.000000 0.998156
vn 0.246298 -0.000000 0.969194
vn 0.566185 -0.000000 0.824278
vn 0.809885 -0.000000 0.586589
vn 0.946837 -0.000000 0.321713
vn 0.998317 -0.000000 0.058001
vn 0.979323 0.000000 -0.202305
vn 0.913295 0.000000 -0.407298
vn 0.840626 0.000000 -0.541617
vn 0.786360 0.000000 -0.617769
vn 0.759504 0.000000 -0.650503
vn 0.762585 0.000000 -0.646888
vn 0.796470 0.000000 -0.604678
vn 0.859174 0.000000 -0.511684
vn 0.977420 0.000000 -0.211304
vn 0.998652 0.000000 -0.051898
vn 0.996508 -0.000000 0.083501
vn 0.982321 -0.000000 0.187204
vn 0.965178 -0.000000 0.261594
vn 0.949758 -0.000000 0.312986
vn 0.937682 -0.000000 0.347494
vn 0.949758 -0.000000 0.312986
vn 0.965178 -0.000000 0.261594
vn 0.982321 -0.000000 0.187204
vn 0.996508 -0.000000 0.083501
vn 0.998652 0.000000 -0.051898
vn 0.977420 0.000000 -0.211304
vn 0.859174 0.000000 -0.511684
vn 0.796470 0.000000 -0.604678
vn 0.762585 0.000000 -0.646888
vn 0.759504 0.000000 -0.650503
vn 0.786360 0.000000 -0.617769
vn 0.840626 0.000000 -0.541617
vn 0.913295 0.000000 -0.407298
vn 0.979323 0.000000 -0.202305
vn 0.998317 -0.000000 0.058001
vn 0.946837 -0.000000 0.321713
vn 0.809885 -0.000000 0.586589
vn 0.566185 -0.000000 0.824278
vn 0.246298 -0.000000 0.969194
vn -0.060697 -0.000000 0.998156
vn -0.188399 -0.000000 0.982093
vn -0.296116 -0.000000 0.955152
vn -0.385709 -0.000000 0.922621
vn -0.459412 -0.000000 0.888223
vn -0.520293 -0.000000 0.853988
vn -0.821093 -0.000000 0.570795
vn -0.821093 -0.000000 0.570795
vn -0.347493 0.000000 -0.937682
vn -0.347493 0.000000 -0.937682
vn -0.312986 0.000000 -0.949758
vn -0.261594 0.000000 -0.965178
vn -0.187204 0.000000 -0.982321
vn -0.083600 0.000000 -0.996499
vn 0.211304 0.000000 -0.977420
vn 0.511684 0.000000 -0.859174
vn 0.646829 0.000000 -0.762635
vn 0.650503 0.000000 -0.759504
vn 0.617768 0.000000 -0.786360
vn 0.541616 0.000000 -0.840626
vn 0.407298 0.000000 -0.913295
vn -0.057901 0.000000 -0.998322
vn -0.321713 0.000000 -0.946837
vn -0.586589 0.000000 -0.809885
vn -0.824278 0.000000 -0.566185
vn -0.969194 0.000000 -0.246299
vn -0.998156 -0.000000 0.060697
vn -0.982093 -0.000000 0.188399
vn -0.955152 -0.000000 0.296116
vn -0.922621 -0.000000 0.385709
vn -0.888223 -0.000000 0.459412
vn -0.853988 -0.000000 0.520293
vn -0.853988 -0.000000 0.520293
vn -0.888223 -0.000000 0.459412
vn -0.922621 -0.000000 0.385709
vn -0.955152 -0.000000 0.296116
vn -0.982093 -0.000000 0.188399
vn -0.998156 -0.000000 0.060697
vn -0.969194 0.000000 -0.246299
vn -0.824278 0.000000 -0.566185
vn -0.586589 0.000000 -0.809885
vn -0.321713 0.000000 -0.946837
vn -0.057901 0.000000 -0.998322
vn 0.407298 0.000000 -0.913295
vn 0.541616 0.000000 -0.840626
vn 0.617768 0.000000 -0.786360
vn 0.650503 0.000000 -0.759504
vn 0.646829 0.000000 -0.762635
vn 0.511684 0.000000 -0.859174
vn 0.211304 0.000000 -0.977420
vn -0.083600 0.000000 -0.996499
vn -0.187204 0.000000 -0.982321
vn -0.261594 0.000000 -0.965178
vn -0.312986 0.000000 -0.949758
vn -0.347493 0.000000 -0.937682
vn -0.821093 -0.000000 0.570795
vn -0.347493 0.000000 -0.937682
vn -0.347493 0.000000 -0.937682
vn 0.935173 0.000000 -0.354190
vn 0.935173 0.000000 -0.354190
vn -0.347493 0.000000 -0.937682
vn 0.740193 0.000000 -0.672394
vn 0.414074 0.000000 -0.910243
vn 0.020400 0.000000 -0.999792
vn 0.020400 0.000000 -0.999792
vn 0.414074 0.000000 -0.910243
vn 0.740193 0.000000 -0.672394
vn 0.935173 0.000000 -0.354190
vn 0.935173 0.000000 -0.354190
vn 0.935173 0.000000 -0.354190
vn 0.935173 0.000000 -0.354190
vn 0.935207 0.000000 -0.354103
vn 0.935207 0.000000 -0.354103
vn -0.507789 -0.000000 0.861481
vn -0.507789 -0.000000 0.861481
vn -0.615863 -0.000000 0.787853
vn 0.948663 0.000000 -0.316288
vn 0.821172 0.000000 -0.570681
vn 0.834381 0.000000 -0.551188
vn 0.848689 0.000000 -0.528893
vn 0.863928 0.000000 -0.503616
vn 0.879818 0.000000 -0.475310
vn 0.895026 0.000000 -0.446013
vn 0.912125 0.000000 -0.409911
vn 0.930300 0.000000 -0.366800
vn 0.963222 0.000000 -0.268706
vn 0.977829 0.000000 -0.209406
vn 0.996406 0.000000 -0.084701
vn 0.998987 -0.000000 0.044999
vn 0.974519 -0.000000 0.224304
vn 0.835221 -0.000000 0.549914
vn 0.598287 -0.000000 0.801282
vn 0.330114 -0.000000 0.943941
vn 0.059302 -0.000000 0.998240
vn -0.197193 -0.000000 0.980365
vn -0.406194 -0.000000 0.913787
vn -0.538699 -0.000000 0.842498
vn -0.584025 -0.000000 0.811735
vn -0.638570 -0.000000 0.769564
vn -0.650124 -0.000000 0.759828
vn -0.652708 -0.000000 0.757609
vn -0.646507 -0.000000 0.762908
vn -0.630713 -0.000000 0.776016
vn -0.604168 -0.000000 0.796857
vn -0.563690 -0.000000 0.825986
vn -0.438914 -0.000000 0.898529
vn -0.364916 -0.000000 0.931041
vn -0.285402 -0.000000 0.958408
vn -0.199903 -0.000000 0.979816
vn -0.112703 -0.000000 0.993629
vn -0.035799 -0.000000 0.999359
vn 0.035699 -0.000000 0.999363
vn 0.098296 -0.000000 0.995157
vn 0.155603 -0.000000 0.987820
vn 0.201306 -0.000000 0.979528
vn 0.241500 -0.000000 0.970401
vn 0.273096 -0.000000 0.961987
vn 0.287797 -0.000000 0.957691
vn 0.300495 -0.000000 0.953783
vn 0.311904 -0.000000 0.950114
vn 0.322012 -0.000000 0.946736
vn 0.335988 -0.000000 0.941866
vn 0.347702 -0.000000 0.937605
vn 0.681302 -0.000000 0.732002
vn 0.910281 -0.000000 0.413991
vn 0.999475 -0.000000 0.032399
vn 0.999475 -0.000000 0.032399
vn 0.910281 -0.000000 0.413991
vn 0.681302 -0.000000 0.732002
vn 0.347702 -0.000000 0.937605
vn 0.335988 -0.000000 0.941866
vn 0.322012 -0.000000 0.946736
vn 0.311904 -0.000000 0.950114
vn 0.300495 -0.000000 0.953783
vn 0.287797 -0.000000 0.957691
vn 0.273096 -0.000000 0.961987
vn 0.241500 -0.000000 0.970401
vn 0.201306 -0.000000 0.979528
vn 0.155603 -0.000000 0.987820
vn 0.098296 -0.000000 0.995157
vn 0.035699 -0.000000 0.999363
vn -0.035799 -0.000000 0.999359
vn -0.112703 -0.000000 0.993629
vn -0.199903 -0.000000 0.979816
vn -0.285402 -0.000000 0.958408
vn -0.364916 -0.000000 0.931041
vn -0.438914 -0.000000 0.898529
vn -0.563690 -0.000000 0.825986
vn -0.604168 -0.000000 0.796857
vn -0.630713 -0.000000 0.776016
vn -0.646507 -0.000000 0.762908
vn -0.652708 -0.000000 0.757609
vn -0.650124 -0.000000 0.759828
vn -0.638570 -0.000000 0.769564
vn -0.615863 -0.000000 0.787853
vn -0.584025 -0.000000 0.811735
vn -0.538699 -0.000000 0.842498
vn -0.406194 -0.000000 0.913787
vn -0.197193 -0.000000 0.980365
vn 0.059302 -0.000000 0.998240
vn 0.330114 -0.000000 0.943941
vn 0.598287 -0.000000 0.801282
vn 0.835221 -0.000000 0.549914
vn 0.974519 -0.000000 0.224304
vn 0.998987 -0.000000 0.044999
vn 0.996406 0.000000 -0.084701
vn 0.977829 0.000000 -0.209406
vn 0.963222 0.000000 -0.268706
vn 0.948663 0.000000 -0.316288
vn 0.930300 0.000000 -0.366800
vn 0.912125 0.000000 -0.409911
vn 0.895026 0.000000 -0.446013
vn 0.879818 0.000000 -0.475310
vn 0.863928 0.000000 -0.503616
vn 0.848689 0.000000 -0.528893
vn 0.834381 0.000000 -0.551188
vn 0.821172 0.000000 -0.570681
vn 0.821172 0.000000 -0.570681
vn 0.821219 0.000000 -0.570613
vn 0.582581 -0.000000 0.812773
vn 0.582581 -0.000000 0.812773
vn 0.821172 0.000000 -0.570681
vn 0.839090 -0.000000 0.543993
vn 0.985446 -0.000000 0.169991
vn 0.972856 0.000000 -0.231413
vn 0.821219 0.000000 -0.570613
vn 0.972856 0.000000 -0.231413
vn 0.985446 -0.000000 0.169991
vn 0.839090 -0.000000 0.543993
vn 0.582581 -0.000000 0.812773
vn 0.582581 -0.000000 0.812773
vn 0.582581 -0.000000 0.812773
vn 0.582581 -0.000000 0.812773
vn 0.582514 -0.000000 0.812820
vn -0.169894 -0.000000 0.985462
vn -0.821093 -0.000000 0.570795
vn -0.821093 -0.000000 0.570795
vn -0.821093 -0.000000 0.570795
vn -0.537108 -0.000000 0.843513
vn 0.223691 -0.000000 0.974660
vn 0.582514 -0.000000 0.812820
vn 0.223691 -0.000000 0.974660
vn -0.169894 -0.000000 0.985462
vn -0.537108 -0.000000 0.843513
vn -0.821093 0.000000 -0.570795
vn -0.169894 0.000000 -0.985462
vn 0.582514 0.000000 -0.812820
vn 0.582514 0.000000 -0.812820
vn 0.223691 0.000000 -0.974660
vn -0.537108 0.000000 -0.843513
vn -0.821093 0.000000 -0.570795
vn -0.821093 0.000000 -0.570795
vn -0.537108 0.000000 -0.843513
vn -0.169894 0.000000 -0.985462
vn 0.223691 0.000000 -0.974660
vn 0.582581 0.000000 -0.812773
vn 0.582581 0.000000 -0.812773
vn 0.582581 0.000000 -0.812773
vn 0.582581 0.000000 -0.812773
vn 0.582581 0.000000 -0.812773
vn 0.582581 0.000000 -0.812773
vn 0.821219 -0.000000 0.570613
vn 0.821219 -0.000000 0.570613
vn 0.972856 -0.000000 0.231413
vn 0.985446 0.000000 -0.169991
vn 0.839090 0.000000 -0.543993
vn 0.821172 -0.000000 0.570681
vn 0.839090 0.000000 -0.543993
vn 0.985446 0.000000 -0.169991
vn 0.972856 -0.000000 0.231413
vn 0.821172 -0.000000 0.570681
vn 0.948663 -0.000000 0.316288
vn -0.615863 0.000000 -0.787853
vn -0.507789 0.000000 -0.861481
vn 0.935207 -0.000000 0.354103
vn 0.935207 -0.000000 0.354103
vn 0.821172 -0.000000 0.570681
vn 0.999475 0.000000 -0.032399
vn 0.910281 0.000000 -0.413991
vn 0.681302 0.000000 -0.732002
vn 0.347702 0.000000 -0.937605
vn 0.335988 0.000000 -0.941866
vn 0.322012 0.000000 -0.946736
vn 0.311904 0.000000 -0.950114
vn 0.300495 0.000000 -0.953783
vn 0.287797 0.000000 -0.957691
vn 0.273096 0.000000 -0.961987
vn 0.241500 0.000000 -0.970401
vn 0.201306 0.000000 -0.979528
vn 0.155603 0.000000 -0.987820
vn 0.098296 0.000000 -0.995157
vn 0.035699 0.000000 -0.999363
vn -0.035799 0.000000 -0.999359
vn -0.112703 0.000000 -0.993629
vn -0.199903 0.000000 -0.979816
vn -0.285402 0.000000 -0.958408
vn -0.364916 0.000000 -0.931041
vn -0.438914 0.000000 -0.898529
vn -0.563690 0.000000 -0.825986
vn -0.604168 0.000000 -0.796857
vn -0.630713 0.000000 -0.776016
vn -0.646507 0.000000 -0.762908
vn -0.652708 0.000000 -0.757609
vn -0.650124 0.000000 -0.759828
vn -0.638570 0.000000 -0.769564
vn -0.584025 0.000000 -0.811735
vn -0.538699 0.000000 -0.842498
vn -0.406194 0.000000 -0.913787
vn -0.197193 0.000000 -0.980365
vn 0.059302 0.000000 -0.998240
vn 0.330114 0.000000 -0.943941
vn 0.598287 0.000000 -0.801282
vn 0.835221 0.000000 -0.549914
vn 0.974519 0.000000 -0.224304
vn 0.998987 0.000000 -0.044999
vn 0.996406 -0.000000 0.084701
vn 0.977829 -0.000000 0.209406
vn 0.963222 -0.000000 0.268706
vn 0.930300 -0.000000 0.366800
vn 0.912125 -0.000000 0.409911
vn 0.895026 -0.000000 0.446013
vn 0.879818 -0.000000 0.475310
vn 0.863928 -0.000000 0.503616
vn 0.848689 -0.000000 0.528893
vn 0.834381 -0.000000 0.551188
vn 0.821172 -0.000000 0.570681
vn 0.834381 -0.000000 0.551188
vn 0.848689 -0.000000 0.528893
vn 0.863928 -0.000000 0.503616
vn 0.879818 -0.000000 0.475310
vn 0.895026 -0.000000 0.446013
vn 0.912125 -0.000000 0.409911
vn 0.930300 -0.000000 0.366800
vn 0.948663 -0.000000 0.316288
vn 0.963222 -0.000000 0.268706
vn 0.977829 -0.000000 0.209406
vn 0.996406 -0.000000 0.084701
vn 0.998987 0.000000 -0.044999
vn 0.974519 0.000000 -0.224304
vn 0.835221 0.000000 -0.549914
vn 0.598287 0.000000 -0.801282
vn 0.330114 0.000000 -0.943941
vn 0.059302 0.000000 -0.998240
vn -0.197193 0.000000 -0.980365
vn -0.406194 0.000000 -0.913787
vn -0.538699 0.000000 -0.842498
vn -0.584025 0.000000 -0.811735
vn -0.615863 0.000000 -0.787853
vn -0.638570 0.000000 -0.769564
vn -0.650124 0.000000 -0.759828
vn -0.652708 0.000000 -0.757609
vn -0.646507 0.000000 -0.762908
vn -0.630713 0.000000 -0.776016
vn -0.604168 0.000000 -0.796857
vn -0.563690 0.000000 -0.825986
vn -0.507789 0.000000 -0.861481
vn -0.438914 0.000000 -0.898529
vn -0.364916 0.000000 -0.931041
vn -0.285402 0.000000 -0.958408
vn -0.199903 0.000000 -0.979816
vn -0.112703 0.000000 -0.993629
vn -0.035799 0.000000 -0.999359
vn 0.035699 0.000000 -0.999363
vn 0.098296 0.000000 -0.995157
vn 0.155603 0.000000 -0.987820
vn 0.201306 0.000000 -0.979528
vn 0.241500 0.000000 -0.970401
vn 0.273096 0.000000 -0.961987
vn 0.287797 0.000000 -0.957691
vn 0.300495 0.000000 -0.953783
vn 0.311904 0.000000 -0.950114
vn 0.322012 0.000000 -0.946736
vn 0.335988 0.000000 -0.941866
vn 0.347702 0.000000 -0.937605
vn 0.681302 0.000000 -0.732002
vn 0.910281 0.000000 -0.413991
vn 0.999475 0.000000 -0.032399
vn 0.935173 -0.000000 0.354190
vn 0.935173 -0.000000 0.354190
vn 0.935173 -0.000000 0.354190
vn 0.935173 -0.000000 0.354190
vn 0.935173 -0.000000 0.354190
vn -0.347493 -0.000000 0.937682
vn -0.347493 -0.000000 0.937682
vn 0.020400 -0.000000 0.999792
vn 0.414074 -0.000000 0.910243
vn 0.740193 -0.000000 0.672394
vn -0.347493 -0.000000 0.937682
vn 0.935173 -0.000000 0.354190
vn 0.740193 -0.000000 0.672394
vn 0.414074 -0.000000 0.910243
vn 0.020400 -0.000000 0.999792
vn -0.347493 -0.000000 0.937682
vn -0.821093 0.000000 -0.570795
vn -0.821093 0.000000 -0.570795
vn -0.821093 0.000000 -0.570795
vn -0.347493 -0.000000 0.937682
vn -0.347493 -0.000000 0.937682
vn -0.853988 0.000000 -0.520293
vn -0.888223 0.000000 -0.459412
vn -0.922621 0.000000 -0.385709
vn -0.955152 0.000000 -0.296116
vn -0.982093 0.000000 -0.188399
vn -0.998156 0.000000 -0.060697
vn -0.969194 -0.000000 0.246299
vn -0.824278 -0.000000 0.566185
vn -0.586589 -0.000000 0.809885
vn -0.321713 -0.000000 0.946837
vn -0.058001 -0.000000 0.998317
vn 0.202305 -0.000000 0.979323
vn 0.407298 -0.000000 0.913295
vn 0.541616 -0.000000 0.840626
vn 0.617768 -0.000000 0.786360
vn 0.650503 -0.000000 0.759504
vn 0.646888 -0.000000 0.762585
vn 0.604677 -0.000000 0.796470
vn 0.511684 -0.000000 0.859174
vn 0.211304 -0.000000 0.977420
vn 0.051898 -0.000000 0.998652
vn -0.083501 -0.000000 0.996508
vn -0.187204 -0.000000 0.982321
vn -0.261594 -0.000000 0.965178
vn -0.312986 -0.000000 0.949758
vn -0.312986 -0.000000 0.949758
vn -0.261594 -0.000000 0.965178
vn -0.187204 -0.000000 0.982321
vn -0.083501 -0.000000 0.996508
vn 0.051898 -0.000000 0.998652
vn 0.211304 -0.000000 0.977420
vn 0.511684 -0.000000 0.859174
vn 0.604677 -0.000000 0.796470
vn 0.646888 -0.000000 0.762585
vn 0.650503 -0.000000 0.759504
vn 0.617768 -0.000000 0.786360
vn 0.541616 -0.000000 0.840626
vn 0.407298 -0.000000 0.913295
vn 0.202305 -0.000000 0.979323
vn -0.058001 -0.000000 0.998317
vn -0.321713 -0.000000 0.946837
vn -0.586589 -0.000000 0.809885
vn -0.824278 -0.000000 0.566185
vn -0.969194 -0.000000 0.246299
vn -0.998156 0.000000 -0.060697
vn -0.982093 0.000000 -0.188399
vn -0.955152 0.000000 -0.296116
vn -0.922621 0.000000 -0.385709
vn -0.888223 0.000000 -0.459412
vn -0.853988 0.000000 -0.520293
vn -0.570795 0.000000 -0.821093
vn 0.937682 0.000000 -0.347494
vn 0.937682 0.000000 -0.347494
vn 0.949758 0.000000 -0.312986
vn 0.965178 0.000000 -0.261594
vn 0.982321 0.000000 -0.187204
vn 0.996499 0.000000 -0.083600
vn 0.977420 -0.000000 0.211304
vn 0.859174 -0.000000 0.511684
vn 0.762635 -0.000000 0.646829
vn 0.759504 -0.000000 0.650503
vn 0.786360 -0.000000 0.617769
vn 0.840626 -0.000000 0.541617
vn 0.913295 -0.000000 0.407298
vn 0.998322 0.000000 -0.057901
vn 0.946837 0.000000 -0.321713
vn 0.809885 0.000000 -0.586589
vn 0.566185 0.000000 -0.824278
vn 0.246298 0.000000 -0.969194
vn -0.060697 0.000000 -0.998156
vn -0.188399 0.000000 -0.982093
vn -0.296116 0.000000 -0.955152
vn -0.385709 0.000000 -0.922621
vn -0.459412 0.000000 -0.888223
vn -0.520293 0.000000 -0.853988
vn -0.570795 0.000000 -0.821093
vn -0.520293 0.000000 -0.853988
vn -0.459412 0.000000 -0.888223
vn -0.385709 0.000000 -0.922621
vn -0.296116 0.000000 -0.955152
vn -0.188399 0.000000 -0.982093
vn -0.060697 0.000000 -0.998156
vn 0.246298 0.000000 -0.969194
vn 0.566185 0.000000 -0.824278
vn 0.809885 0.000000 -0.586589
vn 0.946837 0.000000 -0.321713
vn 0.998322 0.000000 -0.057901
vn 0.913295 -0.000000 0.407298
vn 0.840626 -0.000000 0.541617
vn 0.786360 -0.000000 0.617769
vn 0.759504 -0.000000 0.650503
vn 0.762635 -0.000000 0.646829
vn 0.859174 -0.000000 0.511684
vn 0.977420 -0.000000 0.211304
vn 0.996499 0.000000 -0.083600
vn 0.982321 0.000000 -0.187204
vn 0.965178 0.000000 -0.261594
vn 0.949758 0.000000 -0.312986
vn 0.937682 0.000000 -0.347494
vn -0.570795 0.000000 -0.821093
vn 0.937682 0.000000 -0.347494
vn 0.354190 -0.000000 0.935174
vn 0.354190 -0.000000 0.935174
vn 0.937682 0.000000 -0.347494
vn 0.672394 -0.000000 0.740193
vn 0.910243 -0.000000 0.414074
vn 0.999792 -0.000000 0.020400
vn 0.937682 0.000000 -0.347494
vn 0.999792 -0.000000 0.020400
vn 0.910243 -0.000000 0.414074
vn 0.672394 -0.000000 0.740193
vn 0.354190 -0.000000 0.935174
vn 0.354190 -0.000000 0.935174
vn 0.354190 -0.000000 0.935174
vn 0.354190 -0.000000 0.935174
vn 0.354102 -0.000000 0.935207
vn 0.354102 -0.000000 0.935207
vn 0.570681 -0.000000 0.821172
vn 0.551188 -0.000000 0.834381
vn 0.528893 -0.000000 0.848689
vn 0.503616 -0.000000 0.863928
vn 0.475310 -0.000000 0.879818
vn 0.446013 -0.000000 0.895026
vn 0.409911 -0.000000 0.912125
vn 0.366800 -0.000000 0.930300
vn 0.316288 -0.000000 0.948663
vn 0.268706 -0.000000 0.963222
vn 0.209406 -0.000000 0.977829
vn 0.151396 -0.000000 0.988473
vn 0.084701 -0.000000 0.996406
vn -0.044999 -0.000000 0.998987
vn -0.224209 -0.000000 0.974541
vn -0.375180 -0.000000 0.926952
vn -0.549914 -0.000000 0.835221
vn -0.801282 -0.000000 0.598287
vn -0.943941 -0.000000 0.330114
vn -0.998240 -0.000000 0.059302
vn -0.980365 0.000000 -0.197193
vn -0.913787 0.000000 -0.406194
vn -0.842498 0.000000 -0.538699
vn -0.811735 0.000000 -0.584026
vn -0.787902 0.000000 -0.615801
vn -0.769564 0.000000 -0.638570
vn -0.759828 0.000000 -0.650124
vn -0.757560 0.000000 -0.652766
vn -0.762908 0.000000 -0.646507
vn -0.776016 0.000000 -0.630713
vn -0.796857 0.000000 -0.604168
vn -0.825986 0.000000 -0.563691
vn -0.861481 0.000000 -0.507789
vn -0.898529 0.000000 -0.438914
vn -0.931040 0.000000 -0.364916
vn -0.958408 0.000000 -0.285402
vn -0.979816 0.000000 -0.199903
vn -0.993629 0.000000 -0.112703
vn -0.999359 0.000000 -0.035799
vn -0.999363 -0.000000 0.035699
vn -0.995157 -0.000000 0.098296
vn -0.987820 -0.000000 0.155603
vn -0.979528 -0.000000 0.201306
vn -0.970401 -0.000000 0.241500
vn -0.961987 -0.000000 0.273096
vn -0.957691 -0.000000 0.287797
vn -0.953783 -0.000000 0.300495
vn -0.950113 -0.000000 0.311904
vn -0.946736 -0.000000 0.322012
vn -0.941866 -0.000000 0.335988
vn -0.937605 -0.000000 0.347702
vn -0.732002 -0.000000 0.681302
vn -0.413991 -0.000000 0.910281
vn -0.032399 -0.000000 0.999475
vn -0.032399 -0.000000 0.999475
vn -0.413991 -0.000000 0.910281
vn -0.732002 -0.000000 0.681302
vn -0.937605 -0.000000 0.347702
vn -0.941866 -0.000000 0.335988
vn -0.946736 -0.000000 0.322012
vn -0.950113 -0.000000 0.311904
vn -0.953783 -0.000000 0.300495
vn -0.957691 -0.000000 0.287797
vn -0.961987 -0.000000 0.273096
vn -0.970401 -0.000000 0.241500
vn -0.979528 -0.000000 0.201306
vn -0.987820 -0.000000 0.155603
vn -0.995157 -0.000000 0.098296
vn -0.999363 -0.000000 0.035699
vn -0.999359 0.000000 -0.035799
vn -0.993629 0.000000 -0.112703
vn -0.979816 0.000000 -0.199903
vn -0.958408 0.000000 -0.285402
vn -0.931040 0.000000 -0.364916
vn -0.898529 0.000000 -0.438914
vn -0.861481 0.000000 -0.507789
vn -0.825986 0.000000 -0.563691
vn -0.796857 0.000000 -0.604168
vn -0.776016 0.000000 -0.630713
vn -0.762908 0.000000 -0.646507
vn -0.757560 0.000000 -0.652766
vn -0.759828 0.000000 -0.650124
vn -0.769564 0.000000 -0.638570
vn -0.787902 0.000000 -0.615801
vn -0.811735 0.000000 -0.584026
vn -0.842498 0.000000 -0.538699
vn -0.913787 0.000000 -0.406194
vn -0.980365 0.000000 -0.197193
vn -0.998240 -0.000000 0.059302
vn -0.943941 -0.000000 0.330114
vn -0.801282 -0.000000 0.598287
vn -0.549914 -0.000000 0.835221
vn -0.375180 -0.000000 0.926952
vn -0.224209 -0.000000 0.974541
vn -0.044999 -0.000000 0.998987
vn 0.084701 -0.000000 0.996406
vn 0.151396 -0.000000 0.988473
vn 0.209406 -0.000000 0.977829
vn 0.268706 -0.000000 0.963222
vn 0.316288 -0.000000 0.948663
vn 0.366800 -0.000000 0.930300
vn 0.409911 -0.000000 0.912125
vn 0.446013 -0.000000 0.895026
vn 0.475310 -0.000000 0.879818
vn 0.503616 -0.000000 0.863928
vn 0.528893 -0.000000 0.848689
vn 0.551188 -0.000000 0.834381
vn 0.570681 -0.000000 0.821172
vn 0.570681 -0.000000 0.821172
vn 0.570613 -0.000000 0.821219
vn -0.812773 -0.000000 0.582581
vn -0.812773 -0.000000 0.582581
vn 0.570613 -0.000000 0.821219
vn -0.543993 -0.000000 0.839090
vn -0.169991 -0.000000 0.985446
vn 0.231413 -0.000000 0.972856
vn 0.570613 -0.000000 0.821219
vn 0.231413 -0.000000 0.972856
vn -0.169991 -0.000000 0.985446
vn -0.543993 -0.000000 0.839090
vn -0.812773 -0.000000 0.582581
vn -0.812773 -0.000000 0.582581
vn -0.812773 -0.000000 0.582581
vn -0.812773 -0.000000 0.582581
vn -0.812820 -0.000000 0.582515
vn -0.985462 0.000000 -0.169894
vn -0.570795 0.000000 -0.821093
vn -0.570795 0.000000 -0.821093
vn -0.570795 0.000000 -0.821093
vn -0.843513 0.000000 -0.537108
vn -0.974660 -0.000000 0.223691
vn -0.812820 -0.000000 0.582515
vn -0.974660 -0.000000 0.223691
vn -0.985462 0.000000 -0.169894
vn -0.843513 0.000000 -0.537108
vn -0.009600 -0.000000 0.999954
vn -0.935364 -0.000000 0.353686
vn 0.000000 0.000000 -1.000000
vn 0.000000 0.000000 -1.000000
vn -0.009600 -0.000000 0.999954
vn -0.176808 0.000000 -0.984245
vn -0.366506 0.000000 -0.930416
vn -0.551188 0.000000 -0.834381
vn -0.709802 0.000000 -0.704402
vn -0.824121 0.000000 -0.566414
vn -0.908456 0.000000 -0.417980
vn -0.974475 0.000000 -0.224494
vn -0.997733 -0.000000 0.067302
vn -0.930531 -0.000000 0.366212
vn -0.863703 -0.000000 0.504002
vn -0.867183 -0.000000 0.497990
vn -0.935364 -0.000000 0.353686
vn -0.980365 -0.000000 0.197193
vn -0.986823 -0.000000 0.161804
vn -0.964554 -0.000000 0.263887
vn -0.821915 -0.000000 0.569610
vn -0.516612 -0.000000 0.856220
vn -0.243994 -0.000000 0.969777
vn -0.009600 -0.000000 0.999954
vn -0.243994 -0.000000 0.969777
vn -0.516612 -0.000000 0.856220
vn -0.821915 -0.000000 0.569610
vn -0.964554 -0.000000 0.263887
vn -0.986823 -0.000000 0.161804
vn -0.980365 -0.000000 0.197193
vn -0.867183 -0.000000 0.497990
vn -0.863703 -0.000000 0.504002
vn -0.930531 -0.000000 0.366212
vn -0.997733 -0.000000 0.067302
vn -0.974475 0.000000 -0.224494
vn -0.908456 0.000000 -0.417980
vn -0.824121 0.000000 -0.566414
vn -0.709802 0.000000 -0.704402
vn -0.551188 0.000000 -0.834381
vn -0.366506 0.000000 -0.930416
vn -0.176808 0.000000 -0.984245
vn 0.000000 0.000000 -1.000000
vn 0.935364 -0.000000 0.353686
vn 0.009600 -0.000000 0.999954
vn 0.009600 -0.000000 0.999954
vn 0.243994 -0.000000 0.969777
vn 0.516612 -0.000000 0.856220
vn 0.821915 -0.000000 0.569610
vn 0.964554 -0.000000 0.263887
vn 0.986823 -0.000000 0.161804
vn 0.980365 -0.000000 0.197193
vn 0.867183 -0.000000 0.497990
vn 0.863703 -0.000000 0.504002
vn 0.930531 -0.000000 0.366212
vn 0.997733 -0.000000 0.067302
vn 0.974475 0.000000 -0.224494
vn 0.908456 0.000000 -0.417980
vn 0.824121 0.000000 -0.566414
vn 0.709802 0.000000 -0.704402
vn 0.551188 0.000000 -0.834381
vn 0.366506 0.000000 -0.930416
vn 0.176808 0.000000 -0.984245
vn 0.000000 0.000000 -1.000000
vn 0.176808 0.000000 -0.984245
vn 0.366506 0.000000 -0.930416
vn 0.551188 0.000000 -0.834381
vn 0.709802 0.000000 -0.704402
vn 0.824121 0.000000 -0.566414
vn 0.908456 0.000000 -0.417980
vn 0.974475 0.000000 -0.224494
vn 0.997733 -0.000000 0.067302
vn 0.930531 -0.000000 0.366212
vn 0.863703 -0.000000 0.504002
vn 0.867183 -0.000000 0.497990
vn 0.935364 -0.000000 0.353686
vn 0.980365 -0.000000 0.197193
vn 0.986823 -0.000000 0.161804
vn 0.964554 -0.000000 0.263887
vn 0.821915 -0.000000 0.569610
vn 0.516612 -0.000000 0.856220
vn 0.243994 -0.000000 0.969777
vn 0.009600 -0.000000 0.999954
vn 0.000000 -0.000000 1.000000
vn 0.000000 -0.000000 1.000000
vn 0.000000 -0.000000 1.000000
vn 0.000000 -0.000000 1.000000
vn 1.000000 0.000000 0.000000
vn 1.000000 0.000000 0.000000
vn 1.000000 0.000000 0.000000
vn 1.000000 0.000000 0.000000
vn 1.000000 0.000000 0.000000
vn 1.000000 0.000000 0.000000
vn 1.000000 0.000000 0.000000
vn -1.000000 0.000000 0.000000
vn -1.000000 0.000000 0.000000
vn -1.000000 0.000000 0.000000
vn -1.000000 0.000000 0.000000
vn -1.000000 0.000000 0.000000
vn -1.000000 0.000000 0.000000
vn -1.000000 0.000000 0.000000
vn 0.999954 -0.000000 0.009600
vn -1.000000 0.000000 0.000000
vn -1.000000 0.000000 0.000000
vn 0.999954 -0.000000 0.009600
vn -0.984245 -0.000000 0.176808
vn -0.930416 -0.000000 0.366506
vn -0.834381 -0.000000 0.551188
vn -0.704402 -0.000000 0.709802
vn -0.566414 -0.000000 0.824121
vn -0.417980 -0.000000 0.908456
vn -0.224494 -0.000000 0.974475
vn 0.067302 -0.000000 0.997733
vn 0.366212 -0.000000 0.930531
vn 0.504002 -0.000000 0.863703
vn 0.497990 -0.000000 0.867183
vn 0.353686 -0.000000 0.935364
vn 0.197193 -0.000000 0.980365
vn 0.161804 -0.000000 0.986823
vn 0.263887 -0.000000 0.964554
vn 0.569610 -0.000000 0.821915
vn 0.856220 -0.000000 0.516612
vn 0.969777 -0.000000 0.243994
vn 0.999954 -0.000000 0.009600
vn 0.969777 -0.000000 0.243994
vn 0.856220 -0.000000 0.516612
vn 0.569610 -0.000000 0.821915
vn 0.263887 -0.000000 0.964554
vn 0.161804 -0.000000 0.986823
vn 0.197193 -0.000000 0.980365
vn 0.353686 -0.000000 0.935364
vn 0.497990 -0.000000 0.867183
vn 0.504002 -0.000000 0.863703
vn 0.366212 -0.000000 0.930531
vn 0.067302 -0.000000 0.997733
vn -0.224494 -0.000000 0.974475
vn -0.417980 -0.000000 0.908456
vn -0.566414 -0.000000 0.824121
vn -0.704402 -0.000000 0.709802
vn -0.834381 -0.000000 0.551188
vn -0.930416 -0.000000 0.366506
vn -0.984245 -0.000000 0.176808
vn 1.000000 0.000000 0.000000
vn 1.000000 0.000000 0.000000
vn 1.000000 0.000000 0.000000
vn 1.000000 0.000000 0.000000
vn 0.000000 0.000000 -1.000000
vn 0.000000 0.000000 -1.000000
vn 0.000000 0.000000 -1.000000
vn 0.000000 0.000000 -1.000000
vn 0.000000 0.000000 -1.000000
vn 0.000000 0.000000 -1.000000
vn 0.000000 0.000000 -1.000000
vn 0.000000 -0.000000 1.000000
vn 0.000000 -0.000000 1.000000
vn 0.000000 -0.000000 1.000000
vn 0.000000 -0.000000 1.000000
vn 0.000000 -0.000000 1.000000
vn 0.000000 -0.000000 1.000000
vn 0.000000 -0.000000 1.000000
vn -1.000000 0.000000 0.000000
vn -1.000000 0.000000 0.000000
vn 0.999954 0.000000 -0.009600
vn 0.999954 0.000000 -0.009600
vn 0.999954 0.000000 -0.009600
vn 0.969777 0.000000 -0.243994
vn 0.856220 0.000000 -0.516612
vn 0.569610 0.000000 -0.821915
vn 0.263887 0.000000 -0.964554
vn 0.161804 0.000000 -0.986823
vn 0.197193 0.000000 -0.980365
vn 0.353686 0.000000 -0.935364
vn 0.497990 0.000000 -0.867183
vn 0.504002 0.000000 -0.863703
vn 0.366212 0.000000 -0.930531
vn 0.067302 0.000000 -0.997733
vn -0.224494 0.000000 -0.974475
vn -0.417980 0.000000 -0.908456
vn -0.566414 0.000000 -0.824121
vn -0.704402 0.000000 -0.709802
vn -0.834381 0.000000 -0.551188
vn -0.930416 0.000000 -0.366506
vn -0.984245 0.000000 -0.176808
vn -0.984245 0.000000 -0.176808
vn -0.930416 0.000000 -0.366506
vn -0.834381 0.000000 -0.551188
vn -0.704402 0.000000 -0.709802
vn -0.566414 0.000000 -0.824121
vn -0.417980 0.000000 -0.908456
vn -0.224494 0.000000 -0.974475
vn 0.067302 0.000000 -0.997733
vn 0.366212 0.000000 -0.930531
vn 0.504002 0.000000 -0.863703
vn 0.497990 0.000000 -0.867183
vn 0.353686 0.000000 -0.935364
vn 0.197193 0.000000 -0.980365
vn 0.161804 0.000000 -0.986823
vn 0.263887 0.000000 -0.964554
vn 0.569610 0.000000 -0.821915
vn 0.856220 0.000000 -0.516612
vn 0.969777 0.000000 -0.243994
vn 0.009600 0.000000 -0.999954
vn 0.000000 -0.000000 1.000000
vn 0.000000 -0.000000 1.000000
vn 0.009600 0.000000 -0.999954
vn 0.176808 -0.000000 0.984245
vn 0.366506 -0.000000 0.930416
vn 0.551188 -0.000000 0.834381
vn 0.709802 -0.000000 0.704402
vn 0.824121 -0.000000 0.566414
vn 0.908456 -0.000000 0.417980
vn 0.974475 -0.000000 0.224494
vn 0.997733 0.000000 -0.067302
vn 0.930531 0.000000 -0.366212
vn 0.863703 0.000000 -0.504002
vn 0.867183 0.000000 -0.497990
vn 0.935364 0.000000 -0.353686
vn 0.980365 0.000000 -0.197193
vn 0.986823 0.000000 -0.161804
vn 0.964554 0.000000 -0.263887
vn 0.821915 0.000000 -0.569610
vn 0.516612 0.000000 -0.856220
vn 0.243994 0.000000 -0.969777
vn 0.009600 0.000000 -0.999954
vn 0.243994 0.000000 -0.969777
vn 0.516612 0.000000 -0.856220
vn 0.821915 0.000000 -0.569610
vn 0.964554 0.000000 -0.263887
vn 0.986823 0.000000 -0.161804
vn 0.980365 0.000000 -0.197193
vn 0.935364 0.000000 -0.353686
vn 0.867183 0.000000 -0.497990
vn 0.863703 0.000000 -0.504002
vn 0.930531 0.000000 -0.366212
vn 0.997733 0.000000 -0.067302
vn 0.974475 -0.000000 0.224494
vn 0.908456 -0.000000 0.417980
vn 0.824121 -0.000000 0.566414
vn 0.709802 -0.000000 0.704402
vn 0.551188 -0.000000 0.834381
vn 0.366506 -0.000000 0.930416
vn 0.176808 -0.000000 0.984245
vn 0.000000 0.000000 -1.000000
vn 0.000000 0.000000 -1.000000
vn 0.000000 0.000000 -1.000000
vn 0.000000 0.000000 -1.000000
vn -1.000000 0.000000 0.000000
vn -1.000000 0.000000 0.000000
vn -1.000000 0.000000 0.000000
vn -1.000000 0.000000 0.000000
vn -1.000000 0.000000 0.000000
vn -1.000000 0.000000 0.000000
vn -1.000000 0.000000 0.000000
vn 1.000000 0.000000 0.000000
vn 1.000000 0.000000 0.000000
vn 1.000000 0.000000 0.000000
vn 1.000000 0.000000 0.000000
vn 1.000000 0.000000 0.000000
vn 1.000000 0.000000 0.000000
vn 1.000000 0.000000 0.000000
vn 0.000000 -0.000000 1.000000
vn -0.009600 0.000000 -0.999954
vn -0.009600 0.000000 -0.999954
vn -0.009600 0.000000 -0.999954
vn -0.243994 0.000000 -0.969777
vn -0.516612 0.000000 -0.856220
vn -0.821915 0.000000 -0.569610
vn -0.964554 0.000000 -0.263887
vn -0.986823 0.000000 -0.161804
vn -0.980365 0.000000 -0.197193
vn -0.935364 0.000000 -0.353686
vn -0.867183 0.000000 -0.497990
vn -0.863703 0.000000 -0.504002
vn -0.930531 0.000000 -0.366212
vn -0.997733 0.000000 -0.067302
vn -0.974475 -0.000000 0.224494
vn -0.908456 -0.000000 0.417980
vn -0.824121 -0.000000 0.566414
vn -0.709802 -0.000000 0.704402
vn -0.551188 -0.000000 0.834381
vn -0.366506 -0.000000 0.930416
vn -0.176808 -0.000000 0.984245
vn 0.000000 -0.000000 1.000000
vn -0.176808 -0.000000 0.984245
vn -0.366506 -0.000000 0.930416
vn -0.551188 -0.000000 0.834381
vn -0.709802 -0.000000 0.704402
vn -0.824121 -0.000000 0.566414
vn -0.908456 -0.000000 0.417980
vn -0.974475 -0.000000 0.224494
vn -0.997733 0.000000 -0.067302
vn -0.930531 0.000000 -0.366212
vn -0.863703 0.000000 -0.504002
vn -0.867183 0.000000 -0.497990
vn -0.935364 0.000000 -0.353686
vn -0.980365 0.000000 -0.197193
vn -0.986823 0.000000 -0.161804
vn -0.964554 0.000000 -0.263887
vn -0.821915 0.000000 -0.569610
vn -0.516612 0.000000 -0.856220
vn -0.243994 0.000000 -0.969777
vn -0.999954 0.000000 -0.009600
vn 1.000000 0.000000 0.000000
vn 1.000000 0.000000 0.000000
vn -0.999954 0.000000 -0.009600
vn 0.984245 0.000000 -0.176808
vn 0.930416 0.000000 -0.366506
vn 0.834381 0.000000 -0.551188
vn 0.704402 0.000000 -0.709802
vn 0.566414 0.000000 -0.824121
vn 0.417980 0.000000 -0.908456
vn 0.224494 0.000000 -0.974475
vn -0.067302 0.000000 -0.997733
vn -0.366212 0.000000 -0.930531
vn -0.504002 0.000000 -0.863703
vn -0.497990 0.000000 -0.867183
vn -0.353686 0.000000 -0.935364
vn -0.197193 0.000000 -0.980365
vn -0.161804 0.000000 -0.986823
vn -0.263887 0.000000 -0.964554
vn -0.569610 0.000000 -0.821915
vn -0.856220 0.000000 -0.516612
vn -0.969777 0.000000 -0.243994
vn -0.999954 0.000000 -0.009600
vn -0.969777 0.000000 -0.243994
vn -0.856220 0.000000 -0.516612
vn -0.569610 0.000000 -0.821915
vn -0.263887 0.000000 -0.964554
vn -0.161804 0.000000 -0.986823
vn -0.197193 0.000000 -0.980365
vn -0.353686 0.000000 -0.935364
vn -0.497990 0.000000 -0.867183
vn -0.504002 0.000000 -0.863703
vn -0.366212 0.000000 -0.930531
vn -0.067302 0.000000 -0.997733
vn 0.224494 0.000000 -0.974475
vn 0.417980 0.000000 -0.908456
vn 0.566414 0.000000 -0.824121
vn 0.704402 0.000000 -0.709802
vn 0.834381 0.000000 -0.551188
vn 0.930416 0.000000 -0.366506
vn 0.984245 0.000000 -0.176808
vn -1.000000 0.000000 0.000000
vn -1.000000 0.000000 0.000000
vn -1.000000 0.000000 0.000000
vn -1.000000 0.000000 0.000000
vn 0.000000 -0.000000 1.000000
vn 0.000000 -0.000000 1.000000
vn 0.000000 -0.000000 1.000000
vn 0.000000 -0.000000 1.000000
vn 0.000000 -0.000000 1.000000
vn 0.000000 -0.000000 1.000000
vn 0.000000 -0.000000 1.000000
vn 0.000000 0.000000 -1.000000
vn 0.000000 0.000000 -1.000000
vn 0.000000 0.000000 -1.000000
vn 0.000000 0.000000 -1.000000
vn 0.000000 0.000000 -1.000000
vn 0.000000 0.000000 -1.000000
vn 0.000000 0.000000 -1.000000
vn 1.000000 0.000000 0.000000
vn -0.999954 -0.000000 0.009600
vn -0.999954 -0.000000 0.009600
vn -0.999954 -0.000000 0.009600
vn -0.969777 -0.000000 0.243994
vn -0.856220 -0.000000 0.516612
vn -0.569610 -0.000000 0.821915
vn -0.263887 -0.000000 0.964554
vn -0.161804 -0.000000 0.986823
vn -0.197193 -0.000000 0.980365
vn -0.353686 -0.000000 0.935364
vn -0.497990 -0.000000 0.867183
vn -0.504002 -0.000000 0.863703
vn -0.366212 -0.000000 0.930531
vn -0.067302 -0.000000 0.997733
vn 0.224494 -0.000000 0.974475
vn 0.417980 -0.000000 0.908456
vn 0.566414 -0.000000 0.824121
vn 0.704402 -0.000000 0.709802
vn 0.834381 -0.000000 0.551188
vn 0.930416 -0.000000 0.366506
vn 0.984245 -0.000000 0.176808
vn 1.000000 0.000000 0.000000
vn 0.984245 -0.000000 0.176808
vn 0.930416 -0.000000 0.366506
vn 0.834381 -0.000000 0.551188
vn 0.704402 -0.000000 0.709802
vn 0.566414 -0.000000 0.824121
vn 0.417980 -0.000000 0.908456
vn 0.224494 -0.000000 0.974475
vn -0.067302 -0.000000 0.997733
vn -0.366212 -0.000000 0.930531
vn -0.504002 -0.000000 0.863703
vn -0.497990 -0.000000 0.867183
vn -0.353686 -0.000000 0.935364
vn -0.197193 -0.000000 0.980365
vn -0.161804 -0.000000 0.986823
vn -0.263887 -0.000000 0.964554
vn -0.569610 -0.000000 0.821915
vn -0.856220 -0.000000 0.516612
vn -0.969777 -0.000000 0.243994
vn 0.707107 -0.000000 0.707107
vn 0.707107 -0.000000 0.707107
vn 0.750951 -0.000000 0.660357
vn 0.750951 -0.000000 0.660357
vn 0.406482 -0.000000 0.913659
vn 0.406482 -0.000000 0.913659
vn -0.070799 -0.000000 0.997491
vn -0.070799 -0.000000 0.997491
vn -0.540100 -0.000000 0.841601
vn -0.540100 -0.000000 0.841601
vn -0.555577 -0.000000 0.831465
vn -0.555577 -0.000000 0.831465
vn -0.189496 -0.000000 0.981881
vn -0.189496 -0.000000 0.981881
vn 0.297597 -0.000000 0.954691
vn 0.297597 -0.000000 0.954691
vn 0.503112 -0.000000 0.864221
vn 0.503112 -0.000000 0.864221
vn 0.644394 -0.000000 0.764693
vn 0.644394 -0.000000 0.764693
vn 0.793790 -0.000000 0.608192
vn 0.793790 -0.000000 0.608192
vn 0.940756 -0.000000 0.339084
vn 0.940756 -0.000000 0.339084
vn 0.999963 -0.000000 0.008600
vn 0.999963 -0.000000 0.008600
vn 0.946297 0.000000 -0.323299
vn 0.946297 0.000000 -0.323299
vn 0.799748 0.000000 -0.600336
vn 0.799748 0.000000 -0.600336
vn 0.642875 0.000000 -0.765971
vn 0.642875 0.000000 -0.765971
vn 0.482694 0.000000 -0.875789
vn 0.482694 0.000000 -0.875789
vn 0.232499 0.000000 -0.972597
vn 0.232499 0.000000 -0.972597
vn -0.264894 0.000000 -0.964278
vn -0.264894 0.000000 -0.964278
vn -0.547804 0.000000 -0.836607
vn -0.547804 0.000000 -0.836607
vn -0.465796 0.000000 -0.884892
vn -0.465796 0.000000 -0.884892
vn 0.035499 0.000000 -0.999370
vn 0.035499 0.000000 -0.999370
vn 0.439597 0.000000 -0.898195
vn 0.439597 0.000000 -0.898195
vn 0.796301 -0.000000 0.604901
vn 0.796301 -0.000000 0.604901
vn 0.523204 -0.000000 0.852207
vn 0.523204 -0.000000 0.852207
vn 0.284310 -0.000000 0.958733
vn 0.284310 -0.000000 0.958733
vn 0.029099 -0.000000 0.999577
vn 0.029099 -0.000000 0.999577
vn -0.597261 -0.000000 0.802047
vn -0.597261 -0.000000 0.802047
vn -0.544109 -0.000000 0.839014
vn -0.544109 -0.000000 0.839014
vn 0.005400 -0.000000 0.999985
vn 0.005400 -0.000000 0.999985
vn 0.537787 -0.000000 0.843080
vn 0.537787 -0.000000 0.843080
vn 0.994629 -0.000000 0.103503
vn 0.994629 -0.000000 0.103503
vn 0.971411 0.000000 -0.237403
vn 0.971411 0.000000 -0.237403
vn 0.887194 0.000000 -0.461397
vn 0.887153 0.000000 -0.461476
vn 0.815977 0.000000 -0.578084
vn 0.764602 0.000000 -0.644502
vn 0.764602 0.000000 -0.644502
vn 0.815977 0.000000 -0.578084
vn 0.910818 0.000000 -0.412808
vn 0.910818 0.000000 -0.412808
vn 0.997905 -0.000000 0.064700
vn 0.997905 -0.000000 0.064700
vn 0.844406 -0.000000 0.535704
vn 0.844406 -0.000000 0.535704
vn 0.829348 -0.000000 0.558732
vn 0.829348 -0.000000 0.558732
vn 0.980341 -0.000000 0.197308
vn 0.980341 -0.000000 0.197308
vn 0.956139 0.000000 -0.292912
vn 0.956139 0.000000 -0.292912
vn 0.864221 0.000000 -0.503112
vn 0.864221 0.000000 -0.503112
vn 0.765929 0.000000 -0.642925
vn 0.765929 0.000000 -0.642925
vn 0.609889 0.000000 -0.792486
vn 0.609889 0.000000 -0.792486
vn 0.341197 0.000000 -0.939992
vn 0.341197 0.000000 -0.939992
vn 0.010300 0.000000 -0.999947
vn 0.010300 0.000000 -0.999947
vn -0.322191 0.000000 -0.946675
vn -0.322191 0.000000 -0.946675
vn -0.599888 0.000000 -0.800084
vn -0.599888 0.000000 -0.800084
vn -0.765929 0.000000 -0.642925
vn -0.765929 0.000000 -0.642925
vn -0.875897 0.000000 -0.482498
vn -0.875897 0.000000 -0.482498
vn -0.972861 0.000000 -0.231391
vn -0.972861 0.000000 -0.231391
vn -0.963697 -0.000000 0.266999
vn -0.963697 -0.000000 0.266999
vn -0.836135 -0.000000 0.548523
vn -0.836135 -0.000000 0.548523
vn -0.885204 -0.000000 0.465202
vn -0.885204 -0.000000 0.465202
vn -0.999184 0.000000 -0.040399
vn -0.999184 0.000000 -0.040399
vn -0.896874 0.000000 -0.442287
vn -0.896874 0.000000 -0.442287
vn 0.610112 0.000000 -0.792315
vn 0.610112 0.000000 -0.792315
vn 0.853077 0.000000 -0.521786
vn 0.853077 0.000000 -0.521786
vn 0.958525 0.000000 -0.285008
vn 0.958525 0.000000 -0.285008
vn 0.999553 0.000000 -0.029899
vn 0.999553 0.000000 -0.029899
vn 0.802227 -0.000000 0.597020
vn 0.802227 -0.000000 0.597020
vn 0.838501 -0.000000 0.544900
vn 0.838501 -0.000000 0.544900
vn 0.999991 0.000000 -0.004200
vn 0.999991 0.000000 -0.004200
vn 0.843661 0.000000 -0.536876
vn 0.843661 0.000000 -0.536876
vn 0.104305 0.000000 -0.994545
vn 0.104305 0.000000 -0.994545
vn -0.237097 0.000000 -0.971486
vn -0.237097 0.000000 -0.971486
vn -0.461318 0.000000 -0.887235
vn -0.461318 0.000000 -0.887235
vn -0.578084 0.000000 -0.815977
vn -0.578084 0.000000 -0.815977
vn -0.644502 0.000000 -0.764603
vn -0.644502 0.000000 -0.764603
vn -0.412401 0.000000 -0.911002
vn -0.412401 0.000000 -0.911002
vn 0.064999 0.000000 -0.997885
vn 0.064999 0.000000 -0.997885
vn 0.536125 0.000000 -0.844139
vn 0.536125 0.000000 -0.844139
vn 0.558387 0.000000 -0.829581
vn 0.558387 0.000000 -0.829581
vn 0.196405 0.000000 -0.980523
vn 0.196405 0.000000 -0.980523
vn -0.293608 0.000000 -0.955926
vn -0.293608 0.000000 -0.955926
vn -0.503112 0.000000 -0.864221
vn -0.503112 0.000000 -0.864221
vn -0.643199 0.000000 -0.765699
vn -0.643199 0.000000 -0.765699
vn -0.792877 0.000000 -0.609382
vn -0.792877 0.000000 -0.609382
vn -0.940251 0.000000 -0.340482
vn -0.940251 0.000000 -0.340482
vn -0.999955 0.000000 -0.009500
vn -0.999955 0.000000 -0.009500
vn -0.946399 -0.000000 0.323000
vn -0.946399 -0.000000 0.323000
vn -0.799652 -0.000000 0.600464
vn -0.799652 -0.000000 0.600464
vn -0.642493 -0.000000 0.766292
vn -0.642493 -0.000000 0.766292
vn -0.481911 -0.000000 0.876220
vn -0.481911 -0.000000 0.876220
vn -0.230210 -0.000000 0.973141
vn -0.230210 -0.000000 0.973141
vn 0.268402 -0.000000 0.963307
vn 0.268402 -0.000000 0.963307
vn 0.548894 -0.000000 0.835892
vn 0.548894 -0.000000 0.835892
vn 0.465004 -0.000000 0.885308
vn 0.465004 -0.000000 0.885308
vn -0.042200 -0.000000 0.999109
vn -0.042200 -0.000000 0.999109
vn -0.443209 -0.000000 0.896418
vn -0.443209 -0.000000 0.896418
vn -0.792535 0.000000 -0.609827
vn -0.792535 0.000000 -0.609827
vn -0.521405 0.000000 -0.853309
vn -0.521405 0.000000 -0.853309
vn -0.284402 0.000000 -0.958705
vn -0.284402 0.000000 -0.958705
vn -0.029799 0.000000 -0.999556
vn -0.029799 0.000000 -0.999556
vn 0.596571 0.000100 -0.802561
vn 0.596571 0.000000 -0.802561
vn 0.545203 0.000000 -0.838304
vn 0.545203 0.000000 -0.838304
vn -0.003700 0.000000 -0.999993
vn -0.003700 0.000000 -0.999993
vn -0.536500 0.000000 -0.843900
vn -0.536500 0.000000 -0.843900
vn -0.994504 0.000000 -0.104700
vn -0.994504 0.000000 -0.104700
vn -0.971486 -0.000000 0.237097
vn -0.971486 -0.000000 0.237097
vn -0.887256 -0.000000 0.461277
vn -0.887235 -0.000000 0.461318
vn -0.815977 -0.000000 0.578084
vn -0.764553 -0.000000 0.644561
vn -0.764602 -0.000000 0.644502
vn -0.815977 0.000100 0.578084
vn -0.911408 -0.000000 0.411504
vn -0.911408 -0.000000 0.411504
vn -0.997826 0.000000 -0.065902
vn -0.997826 0.000000 -0.065902
vn -0.843707 0.000000 -0.536804
vn -0.843707 0.000000 -0.536804
vn -0.829906 0.000000 -0.557904
vn -0.829906 0.000000 -0.557904
vn -0.980784 0.000000 -0.195097
vn -0.980784 0.000000 -0.195097
vn -0.955684 -0.000000 0.294395
vn -0.955684 -0.000000 0.294395
vn -0.864221 -0.000000 0.503112
vn -0.864221 -0.000000 0.503112
vn -0.765427 -0.000000 0.643523
vn -0.765427 -0.000000 0.643523
vn -0.608986 -0.000000 0.793181
vn -0.608986 -0.000000 0.793181
vn -0.339888 -0.000000 0.940466
vn -0.339888 -0.000000 0.940466
vn -0.008900 -0.000000 0.999960
vn -0.008900 -0.000000 0.999960
vn 0.323509 -0.000000 0.946225
vn 0.323509 -0.000000 0.946225
vn 0.600800 -0.000000 0.799400
vn 0.600800 -0.000000 0.799400
vn 0.766522 -0.000000 0.642218
vn 0.766522 -0.000000 0.642218
vn 0.876393 -0.000000 0.481596
vn 0.876393 -0.000000 0.481596
vn 0.973236 -0.000000 0.229809
vn 0.973236 -0.000000 0.229809
vn 0.963196 0.000000 -0.268799
vn 0.963196 0.000000 -0.268799
vn 0.835816 0.000000 -0.549010
vn 0.835816 0.000000 -0.549010
vn 0.885350 0.000000 -0.464926
vn 0.885350 0.000000 -0.464926
vn 0.999092 -0.000000 0.042600
vn 0.999092 -0.000000 0.042600
vn 0.896379 -0.000000 0.443289
vn 0.896379 -0.000000 0.443289
vn -0.609271 -0.000000 0.792962
vn -0.609271 -0.000000 0.792962
vn -0.853193 -0.000000 0.521596
vn -0.853193 -0.000000 0.521596
vn -0.958822 -0.000000 0.284007
vn -0.958822 -0.000000 0.284007
vn -0.999613 -0.000000 0.027800
vn -0.999613 -0.000000 0.027800
vn -0.800648 0.000000 -0.599136
vn -0.800648 0.000000 -0.599136
vn -0.840580 0.000000 -0.541687
vn -0.840580 0.000000 -0.541687
vn -0.999988 -0.000000 0.004800
vn -0.999988 -0.000000 0.004800
vn -0.843855 -0.000000 0.536571
vn -0.843855 -0.000000 0.536571
vn -0.104700 -0.000000 0.994504
vn -0.104700 -0.000000 0.994504
vn 0.237097 -0.000000 0.971486
vn 0.237097 -0.000000 0.971486
vn 0.461277 -0.000000 0.887256
vn 0.461318 -0.000000 0.887235
vn 0.578084 -0.000000 0.815977
vn 0.644561 -0.000000 0.764553
vn 0.644502 -0.000000 0.764603
vn 0.578084 0.000100 0.815977
vn 1.000000 0.000000 0.000000
vn 1.000000 0.000000 0.000000
vn 1.000000 0.000000 0.000000
vn 1.000000 0.000000 0.000000
vn 1.000000 0.000000 0.000000
vn 1.000000 0.000000 0.000000
vn -1.000000 0.000000 0.000000
vn -1.000000 0.000000 0.000000
vn -1.000000 0.000000 0.000000
vn -1.000000 0.000000 0.000000
vn -1.000000 0.000000 0.000000
vn -1.000000 0.000000 0.000000
vn -0.660357 0.000000 -0.750952
vn -0.660301 0.000000 -0.751001
vn -0.707107 0.000000 -0.707107
vn -0.750951 0.000000 -0.660357
vn -0.751001 0.000000 -0.660301
vn 0.000000 0.000000 -1.000000
vn 0.000000 0.000000 -1.000000
vn 0.000000 0.000000 -1.000000
vn 0.000000 0.000000 -1.000000
vn 0.000000 -0.000000 1.000000
vn 0.000000 -0.000000 1.000000
vn 0.000000 -0.000000 1.000000
vn 0.000000 -0.000000 1.000000
vn 0.000000 -0.000000 1.000000
vn 0.000000 -0.000000 1.000000
vn 0.000000 0.000000 -1.000000
vn 0.000000 0.000000 -1.000000
vn 0.000000 0.000000 -1.000000
vn 0.000000 0.000000 -1.000000
vn 0.000000 0.000000 -1.000000
vn 0.000000 0.000000 -1.000000
vn -1.000000 0.000000 0.000000
vn -1.000000 0.000000 0.000000
vn -1.000000 0.000000 0.000000
vn -1.000000 0.000000 0.000000
vn -0.764602 0.000000 -0.644502
vn -0.822120 0.000000 -0.569314
vn -0.822120 0.000000 -0.569314
vn -0.902881 0.000000 -0.429891
vn -0.902881 0.000000 -0.429891
vn -0.986394 0.000000 -0.164399
vn -0.986394 0.000000 -0.164399
vn -0.905802 -0.000000 0.423701
vn -0.905802 -0.000000 0.423701
vn -0.298713 -0.000000 0.954343
vn -0.298713 -0.000000 0.954343
vn 0.352208 -0.000000 0.935922
vn 0.352208 -0.000000 0.935922
vn 0.638185 -0.000000 0.769883
vn 0.638185 -0.000000 0.769883
vn 0.124096 -0.000000 0.992270
vn 0.124096 -0.000000 0.992270
vn -0.255010 -0.000000 0.966938
vn -0.255010 -0.000000 0.966938
vn -0.493984 -0.000000 0.869471
vn -0.493984 -0.000000 0.869471
vn -0.791008 -0.000000 0.611806
vn -0.791008 -0.000000 0.611806
vn -0.764602 0.000000 -0.644502
vn -1.000000 0.000000 0.000000
vn -1.000000 0.000000 0.000000
vn -1.000000 0.000000 0.000000
vn -1.000000 0.000000 0.000000
vn -1.000000 0.000000 0.000000
vn -1.000000 0.000000 0.000000
vn 1.000000 0.000000 0.000000
vn 1.000000 0.000000 0.000000
vn 1.000000 0.000000 0.000000
vn 1.000000 0.000000 0.000000
vn 1.000000 0.000000 0.000000
vn 1.000000 0.000000 0.000000
vn 0.000000 0.000000 -1.000000
vn 0.000000 0.000000 -1.000000
vn 0.000000 0.000000 -1.000000
vn 0.000000 0.000000 -1.000000
vn 0.644502 0.000000 -0.764603
vn 0.569267 0.000000 -0.822153
vn 0.569267 0.000000 -0.822153
vn 0.429891 0.000000 -0.902881
vn 0.429891 0.000000 -0.902881
vn 0.164399 0.000000 -0.986394
vn 0.164399 0.000000 -0.986394
vn -0.423985 0.000000 -0.905669
vn -0.423985 0.000000 -0.905669
vn -0.954380 0.000000 -0.298594
vn -0.954380 0.000000 -0.298594
vn -0.935843 -0.000000 0.352416
vn -0.935843 -0.000000 0.352416
vn -0.769883 -0.000000 0.638186
vn -0.769883 -0.000000 0.638186
vn -0.992295 -0.000000 0.123899
vn -0.992295 -0.000000 0.123899
vn -0.967019 0.000000 -0.254705
vn -0.967019 0.000000 -0.254705
vn -0.869581 0.000000 -0.493790
vn -0.869581 0.000000 -0.493790
vn -0.611473 0.000000 -0.791265
vn -0.611473 0.000000 -0.791265
vn 0.644502 0.000000 -0.764603
vn 0.000000 -0.000000 1.000000
vn 0.000000 -0.000000 1.000000
vn 0.000000 -0.000000 1.000000
vn 0.000000 -0.000000 1.000000
vn 0.000000 -0.000000 1.000000
vn 0.000000 -0.000000 1.000000
vn 0.000000 0.000000 -1.000000
vn 0.000000 0.000000 -1.000000
vn 0.000000 0.000000 -1.000000
vn 0.000000 0.000000 -1.000000
vn 0.000000 0.000000 -1.000000
vn 0.000000 0.000000 -1.000000
vn 1.000000 0.000000 0.000000
vn 1.000000 0.000000 0.000000
vn 1.000000 0.000000 0.000000
vn 1.000000 0.000000 0.000000
vn 0.750951 0.000000 -0.660357
vn 0.707107 0.000000 -0.707107
vn 0.707107 0.000000 -0.707107
vn 0.660357 0.000000 -0.750952
vn 0.660357 0.000000 -0.750952
vn 0.750951 0.000000 -0.660357
vn 1.000000 0.000000 0.000000
vn 1.000000 0.000000 0.000000
vn 1.000000 0.000000 0.000000
vn 1.000000 0.000000 0.000000
vn 1.000000 0.000000 0.000000
vn 1.000000 0.000000 0.000000
vn -1.000000 0.000000 0.000000
vn -1.000000 0.000000 0.000000
vn -1.000000 0.000000 0.000000
vn -1.000000 0.000000 0.000000
vn -1.000000 0.000000 0.000000
vn -1.000000 0.000000 0.000000
vn 0.000000 -0.000000 1.000000
vn 0.000000 -0.000000 1.000000
vn 0.000000 -0.000000 1.000000
vn 0.000000 -0.000000 1.000000
vn -0.644502 -0.000000 0.764603
vn -0.569314 -0.000000 0.822120
vn -0.569314 -0.000000 0.822120
vn -0.429891 -0.000000 0.902881
vn -0.429891 -0.000000 0.902881
vn -0.164399 -0.000000 0.986394
vn -0.164399 -0.000000 0.986394
vn 0.423093 -0.000000 0.906086
vn 0.423093 -0.000000 0.906086
vn 0.954220 -0.000000 0.299106
vn 0.954220 -0.000000 0.299106
vn 0.936156 0.000000 -0.351584
vn 0.936156 0.000000 -0.351584
vn 0.769932 0.000000 -0.638126
vn 0.769932 0.000000 -0.638126
vn 0.992246 0.000000 -0.124293
vn 0.992246 0.000000 -0.124293
vn 0.966808 -0.000000 0.255502
vn 0.966808 -0.000000 0.255502
vn 0.869447 -0.000000 0.494027
vn 0.869447 -0.000000 0.494027
vn 0.612312 -0.000000 0.790616
vn 0.612312 -0.000000 0.790616
vn -0.644502 -0.000000 0.764603
vn 0.000000 0.000000 -1.000000
vn 0.000000 0.000000 -1.000000
vn 0.000000 0.000000 -1.000000
vn 0.000000 0.000000 -1.000000
vn 0.000000 0.000000 -1.000000
vn 0.000000 0.000000 -1.000000
vn 0.000000 -0.000000 1.000000
vn 0.000000 -0.000000 1.000000
vn 0.000000 -0.000000 1.000000
vn 0.000000 -0.000000 1.000000
vn 0.000000 -0.000000 1.000000
vn 0.000000 -0.000000 1.000000
vn -1.000000 0.000000 0.000000
vn -1.000000 0.000000 0.000000
vn -1.000000 0.000000 0.000000
vn -1.000000 0.000000 0.000000
vn -0.750951 -0.000000 0.660357
vn -0.707107 -0.000000 0.707107
vn -0.707107 -0.000000 0.707107
vn -0.660357 -0.000000 0.750952
vn -0.660357 -0.000000 0.750952
vn -0.750951 -0.000000 0.660357
vn -1.000000 0.000000 0.000000
vn -1.000000 0.000000 0.000000
vn -1.000000 0.000000 0.000000
vn -1.000000 0.000000 0.000000
vn -1.000000 0.000000 0.000000
vn -1.000000 0.000000 0.000000
vn 1.000000 0.000000 0.000000
vn 1.000000 0.000000 0.000000
vn 1.000000 0.000000 0.000000
vn 1.000000 0.000000 0.000000
vn 1.000000 0.000000 0.000000
vn 1.000000 0.000000 0.000000
vn 0.000000 -0.000000 1.000000
vn 0.000000 -0.000000 1.000000
vn 0.000000 -0.000000 1.000000
vn 0.000000 -0.000000 1.000000
vn 0.660301 -0.000000 0.751001
vn 0.660301 -0.000000 0.751001
vn 0.686823 -0.000000 0.726825
vn 0.686823 -0.000000 0.726825
vn 0.707107 -0.000000 0.707107
vn 0.707107 -0.000000 0.707107
vn 0.000000 0.000000 -1.000000
vn 0.000000 0.000000 -1.000000
vn 0.000000 0.000000 -1.000000
vn 0.000000 0.000000 -1.000000
vn 0.000000 0.000000 -1.000000
vn 0.000000 0.000000 -1.000000
vn 0.000000 -0.000000 1.000000
vn 0.000000 -0.000000 1.000000
vn 0.000000 -0.000000 1.000000
vn 0.000000 -0.000000 1.000000
vn 0.000000 -0.000000 1.000000
vn 0.000000 -0.000000 1.000000
vn 1.000000 0.000000 0.000000
vn 1.000000 0.000000 0.000000
vn 1.000000 0.000000 0.000000
vn 1.000000 0.000000 0.000000
vn 0.764553 -0.000000 0.644561
vn 0.816810 -0.000000 0.576907
vn 0.816810 -0.000000 0.576907
vn 0.886719 -0.000000 0.462310
vn 0.886719 -0.000000 0.462310
vn 0.971238 -0.000000 0.238109
vn 0.971238 -0.000000 0.238109
vn 0.997930 0.000000 -0.064302
vn 0.997930 0.000000 -0.064302
vn 0.534226 0.000000 -0.845342
vn 0.534226 0.000000 -0.845342
vn 0.006600 0.000000 -0.999978
vn 0.006600 0.000000 -0.999978
vn -0.544225 0.000000 -0.838939
vn -0.544225 0.000000 -0.838939
vn -0.593629 0.000000 -0.804739
vn -0.593629 -0.000100 -0.804739
vn 0.025599 0.000000 -0.999672
vn 0.025599 0.000000 -0.999672
vn 0.293488 0.000000 -0.955963
vn 0.293488 0.000000 -0.955963
vn 0.521098 0.000000 -0.853497
vn 0.521098 0.000000 -0.853497
vn 0.795393 0.000000 -0.606094
vn 0.795393 0.000000 -0.606094
vn 0.764553 -0.000000 0.644561
vn 0.000000 -1.000000 -0.000000
vn 0.000000 -1.000000 -0.000000
vn 0.000000 -1.000000 -0.000000
vn 0.000000 -1.000000 -0.000000
vn 0.000000 -1.000000 -0.000000
vn 0.000000 -1.000000 -0.000000
vn 0.000000 -1.000000 -0.000000
vn 0.000000 -1.000000 -0.000000
vn 0.000000 -1.000000 -0.000000
vn 0.000000 -1.000000 -0.000000
vn 0.000000 -1.000000 -0.000000
vn 0.000000 -1.000000 -0.000000
vn 0.000000 -1.000000 -0.000000
vn 0.000000 -1.000000 -0.000000
vn 0.000000 -1.000000 -0.000000
vn 0.000000 -1.000000 -0.000000
vn 0.000000 -1.000000 -0.000000
vn 0.000000 -1.000000 -0.000000
vn 0.000000 -1.000000 -0.000000
vn 0.000000 -1.000000 -0.000000
vn 0.000000 -1.000000 -0.000000
vn 0.000000 -1.000000 -0.000000
vn 0.000000 -1.000000 -0.000000
vn 0.000000 -1.000000 -0.000000
vn 0.000000 -1.000000 -0.000000
vn 0.000000 -1.000000 -0.000000
vn 0.000000 -1.000000 -0.000000
vn 0.000000 -1.000000 -0.000000
vn 0.000000 -1.000000 -0.000000
vn 0.000000 -1.000000 -0.000000
vn 0.000000 -1.000000 -0.000000
vn 0.000000 -1.000000 -0.000000
vn 0.000000 -1.000000 -0.000000
vn 0.000000 -1.000000 -0.000000
vn 0.000000 -1.000000 -0.000000
vn 0.000000 -1.000000 -0.000000
vn 0.000000 -1.000000 -0.000000
vn 0.000000 -1.000000 -0.000000
vn 0.000000 -1.000000 -0.000000
vn 0.000000 -1.000000 -0.000000
vn 0.000000 -1.000000 -0.000000
vn 0.000000 -1.000000 -0.000000
vn 0.000000 -1.000000 -0.000000
vn 0.000000 -1.000000 -0.000000
vn 0.000000 -1.000000 -0.000000
vn 0.000000 -1.000000 -0.000000
vn 0.000000 -1.000000 -0.000000
vn 0.000000 -1.000000 -0.000000
vn 0.000000 -1.000000 -0.000000
vn 0.000000 -1.000000 -0.000000
vn 0.000000 -1.000000 -0.000000
vn 0.000000 -1.000000 -0.000000
vn 0.000000 -1.000000 -0.000000
vn 0.000000 -1.000000 -0.000000
vn 0.000000 -1.000000 -0.000000
vn 0.000000 -1.000000 -0.000000
vn 0.000000 -1.000000 -0.000000
vn 0.000000 -1.000000 -0.000000
vn 0.000000 -1.000000 -0.000000
vn 0.000000 -1.000000 -0.000000
vn 0.000000 -1.000000 -0.000000
vn 0.000000 -1.000000 -0.000000
vn 0.000000 -1.000000 -0.000000
vn 0.000000 -1.000000 -0.000000
vn 0.000000 -1.000000 -0.000000
vn 0.000000 -1.000000 -0.000000
vn 0.000000 -1.000000 -0.000000
vn 0.000000 -1.000000 -0.000000
vn 0.000000 -1.000000 -0.000000
vn 0.000000 -1.000000 -0.000000
vn 0.000000 -1.000000 -0.000000
vn 0.000000 -1.000000 -0.000000
vn 0.000000 -1.000000 -0.000000
vn 0.000000 -1.000000 -0.000000
vn 0.000000 -1.000000 -0.000000
vn 0.000000 -1.000000 -0.000000
vn 0.000000 -1.000000 -0.000000
vn 0.000000 -1.000000 -0.000000
vn 0.000000 -1.000000 -0.000000
vn 0.000000 -1.000000 -0.000000
vn 0.000000 -1.000000 -0.000000
vn 0.000000 -1.000000 -0.000000
vn 0.000000 -1.000000 -0.000000
vn 0.000000 -1.000000 -0.000000
vn 0.000000 -1.000000 -0.000000
vn 0.000000 -1.000000 -0.000000
vn 0.000000 -1.000000 -0.000000
vn 0.000000 -1.000000 -0.000000
vn 0.000000 -1.000000 -0.000000
vn 0.000000 -1.000000 -0.000000
vn 0.000000 -1.000000 -0.000000
vn 0.000000 -1.000000 -0.000000
vn 0.000000 -1.000000 -0.000000
vn 0.000000 -1.000000 -0.000000
vn 0.000000 -1.000000 -0.000000
vn 0.000000 -1.000000 -0.000000
vn 0.000000 -1.000000 -0.000000
vn 0.000000 -1.000000 -0.000000
vn 0.000000 -1.000000 -0.000000
vn 0.000000 -1.000000 -0.000000
vn 0.000000 -1.000000 -0.000000
vn 0.000000 -1.000000 -0.000000
vn 0.000000 -1.000000 -0.000000
vn 0.000000 -1.000000 -0.000000
vn 0.000000 -1.000000 -0.000000
vn 0.000000 -1.000000 -0.000000
vn 0.000000 -1.000000 -0.000000
vn 0.000000 -1.000000 -0.000000
vn 0.000000 -1.000000 -0.000000
vn 0.000000 -1.000000 -0.000000
vn 0.000000 -1.000000 -0.000000
vn 0.000000 -1.000000 -0.000000
vn 0.000000 -1.000000 -0.000000
vn 0.000000 -1.000000 -0.000000
vn 0.000000 -1.000000 -0.000000
vn 0.000000 -1.000000 -0.000000
vn 0.000000 -1.000000 -0.000000
vn 0.000000 -1.000000 -0.000000
vn 0.000000 -1.000000 -0.000000
vn 0.000000 -1.000000 -0.000000
vn 0.000000 -1.000000 -0.000000
vn 0.000000 -1.000000 -0.000000
vn 0.000000 -1.000000 -0.000000
vn 0.000000 -1.000000 -0.000000
vn 0.000000 -1.000000 -0.000000
vn 0.000000 -1.000000 -0.000000
vn 0.000000 -1.000000 -0.000000
vn 0.000000 -1.000000 -0.000000
vn 0.000000 -1.000000 -0.000000
vn 0.000000 -1.000000 -0.000000
vn 0.000000 -1.000000 -0.000000
vn 0.000000 -1.000000 -0.000000
vn 0.000000 -1.000000 -0.000000
vn 0.000000 -1.000000 -0.000000
vn 0.000000 -1.000000 -0.000000
vn 0.000000 -1.000000 -0.000000
vn 0.000000 -1.000000 -0.000000
vn 0.000000 -1.000000 -0.000000
vn 0.000000 -1.000000 -0.000000
vn 0.000000 -1.000000 -0.000000
vn 0.000000 -1.000000 -0.000000
vn 0.000000 -1.000000 -0.000000
vn 0.000000 -1.000000 -0.000000
vn 0.000000 -1.000000 -0.000000
vn 0.000000 -1.000000 -0.000000
vn 0.000000 -1.000000 -0.000000
vn 0.000000 -1.000000 -0.000000
vn 0.000000 -1.000000 -0.000000
vn 0.000000 -1.000000 -0.000000
vn 0.000000 -1.000000 -0.000000
vn 0.000000 -1.000000 -0.000000
vn 0.000000 -1.000000 -0.000000
vn 0.000000 -1.000000 -0.000000
vn 0.000000 -1.000000 -0.000000
vn 0.000000 -1.000000 -0.000000
vn 0.000000 -1.000000 -0.000000
vn 0.000000 -1.000000 -0.000000
vn 0.000000 -1.000000 -0.000000
vn 0.000000 -1.000000 -0.000000
vn 0.000000 -1.000000 -0.000000
vn 0.000000 -1.000000 -0.000000
vn 0.000000 -1.000000 -0.000000
vn 0.000000 -1.000000 -0.000000
vn 0.000000 -1.000000 -0.000000
vn 0.000000 -1.000000 -0.000000
vn 0.000000 -1.000000 -0.000000
vn 0.000000 -1.000000 -0.000000
vn 0.000000 -1.000000 -0.000000
vn 0.000000 -1.000000 -0.000000
vn 0.000000 -1.000000 -0.000000
vn 0.000000 -1.000000 -0.000000
vn 0.000000 -1.000000 -0.000000
vn 0.000000 -1.000000 -0.000000
vn 0.000000 -1.000000 -0.000000
vn 0.000000 -1.000000 -0.000000
vn 0.000000 -1.000000 -0.000000
vn 0.000000 -1.000000 -0.000000
vn 0.000000 -1.000000 -0.000000
vn 0.000000 -1.000000 -0.000000
vn 0.000000 -1.000000 -0.000000
vn 0.000000 -1.000000 -0.000000
vn 0.000000 -1.000000 -0.000000
vn 0.000000 -1.000000 -0.000000
vn 0.000000 -1.000000 -0.000000
vn 0.000000 -1.000000 -0.000000
vn 0.000000 -1.000000 -0.000000
vn 0.000000 -1.000000 -0.000000
vn 0.000000 -1.000000 -0.000000
vn 0.000000 -1.000000 -0.000000
vn 0.000000 -1.000000 -0.000000
vn 0.000000 -1.000000 -0.000000
vn 0.000000 -1.000000 -0.000000
vn 0.000000 -1.000000 -0.000000
vn 0.000000 -1.000000 -0.000000
vn 0.000000 -1.000000 -0.000000
vn 0.000000 -1.000000 -0.000000
vn 0.000000 -1.000000 -0.000000
vn 0.000000 -1.000000 -0.000000
vn 0.000000 -1.000000 -0.000000
vn 0.000000 -1.000000 -0.000000
vn 0.000000 -1.000000 -0.000000
vn 0.000000 -1.000000 -0.000000
vn 0.000000 -1.000000 -0.000000
vn 0.000000 -1.000000 -0.000000
vn 0.000000 -1.000000 -0.000000
vn 0.000000 -1.000000 -0.000000
vn 0.000000 -1.000000 -0.000000
vn 0.000000 -1.000000 -0.000000
vn 0.000000 -1.000000 -0.000000
vn 0.000000 -1.000000 -0.000000
vn 0.000000 -1.000000 -0.000000
vn 0.000000 -1.000000 -0.000000
vn 0.000000 -1.000000 -0.000000
vn 0.000000 -1.000000 -0.000000
vn 0.000000 -1.000000 -0.000000
vn 0.000000 -1.000000 -0.000000
vn 0.000000 -1.000000 -0.000000
vn 0.000000 -1.000000 -0.000000
vn 0.000000 -1.000000 -0.000000
vn 0.000000 -1.000000 -0.000000
vn 0.000000 -1.000000 -0.000000
vn 0.000000 -1.000000 -0.000000
vn 0.000000 -1.000000 -0.000000
vn 0.000000 -1.000000 -0.000000
vn 0.000000 -1.000000 -0.000000
vn 0.000000 -1.000000 -0.000000
vn 0.000000 -1.000000 -0.000000
vn 0.000000 -1.000000 -0.000000
vn 0.000000 -1.000000 -0.000000
vn 0.000000 -1.000000 -0.000000
vn 0.000000 -1.000000 -0.000000
vn 0.000000 -1.000000 -0.000000
vn 0.000000 -1.000000 -0.000000
vn 0.000000 -1.000000 -0.000000
vn 0.000000 -1.000000 -0.000000
vn 0.000000 -1.000000 -0.000000
vn 0.000000 -1.000000 -0.000000
vn 0.000000 -1.000000 -0.000000
vn 0.000000 -1.000000 -0.000000
vn 0.000000 -1.000000 -0.000000
vn 0.000000 -1.000000 -0.000000
vn 0.000000 -1.000000 -0.000000
vn 0.000000 -1.000000 -0.000000
vn 0.000000 -1.000000 -0.000000
vn 0.000000 -1.000000 -0.000000
vn 0.000000 -1.000000 -0.000000
vn 0.000000 -1.000000 -0.000000
vn 0.000000 -1.000000 -0.000000
vn 0.000000 -1.000000 -0.000000
vn 0.000000 -1.000000 -0.000000
vn 0.000000 -1.000000 -0.000000
vn 0.000000 -1.000000 -0.000000
vn 0.000000 -1.000000 -0.000000
vn 0.000000 -1.000000 -0.000000
vn 0.000000 -1.000000 -0.000000
vn 0.000000 -1.000000 -0.000000
vn 0.000000 -1.000000 -0.000000
vn 0.000000 -1.000000 -0.000000
vn 0.000000 -1.000000 -0.000000
vn 0.000000 -1.000000 -0.000000
vn 0.000000 -1.000000 -0.000000
vn 0.000000 -1.000000 -0.000000
vn 0.000000 -1.000000 -0.000000
vn 0.000000 -1.000000 -0.000000
vn 0.000000 -1.000000 -0.000000
vn 0.000000 -1.000000 -0.000000
vn 0.000000 -1.000000 -0.000000
vn 0.000000 -1.000000 -0.000000
vn 0.000000 -1.000000 -0.000000
vn 0.000000 -1.000000 -0.000000
vn 0.000000 -1.000000 -0.000000
vn 0.000000 -1.000000 -0.000000
vn 0.000000 -1.000000 -0.000000
vn 0.000000 -1.000000 -0.000000
vn 0.000000 -1.000000 -0.000000
vn 0.000000 -1.000000 -0.000000
vn 0.000000 -1.000000 -0.000000
vn 0.000000 -1.000000 -0.000000
vn 0.000000 -1.000000 -0.000000
vn 0.000000 -1.000000 -0.000000
vn 0.000000 -1.000000 -0.000000
vn 0.000000 -1.000000 -0.000000
vn 0.000000 -1.000000 -0.000000
vn 0.000000 -1.000000 -0.000000
vn 0.000000 -1.000000 -0.000000
vn 0.000000 -1.000000 -0.000000
vn 0.000000 -1.000000 -0.000000
vn 0.000000 -1.000000 -0.000000
vn 0.000000 -1.000000 -0.000000
vn 0.000000 -1.000000 -0.000000
vn 0.000000 -1.000000 -0.000000
vn 0.000000 -1.000000 -0.000000
vn 0.000000 -1.000000 -0.000000
vn 0.000000 -1.000000 -0.000000
vn 0.000000 -1.000000 -0.000000
vn 0.000000 -1.000000 -0.000000
vn 0.000000 -1.000000 -0.000000
vn 0.000000 -1.000000 -0.000000
vn 0.000000 -1.000000 -0.000000
vn 0.000000 -1.000000 -0.000000
vn 0.000000 -1.000000 -0.000000
vn 0.000000 -1.000000 -0.000000
vn 0.000000 -1.000000 -0.000000
vn 0.000000 -1.000000 -0.000000
vn 0.000000 -1.000000 -0.000000
vn 0.000000 -1.000000 -0.000000
vn 0.000000 -1.000000 -0.000000
vn 0.000000 -1.000000 -0.000000
vn 0.000000 -1.000000 -0.000000
vn 0.000000 -1.000000 -0.000000
vn 0.000000 -1.000000 -0.000000
vn 0.000000 -1.000000 -0.000000
vn 0.000000 -1.000000 -0.000000
vn 0.000000 -1.000000 -0.000000
vn 0.000000 -1.000000 -0.000000
vn 0.000000 -1.000000 -0.000000
vn 0.000000 -1.000000 -0.000000
vn 0.000000 -1.000000 -0.000000
vn 0.000000 -1.000000 -0.000000
vn 0.000000 -1.000000 -0.000000
vn 0.000000 -1.000000 -0.000000
vn 0.000000 -1.000000 -0.000000
vn 0.000000 -1.000000 -0.000000
vn 0.000000 -1.000000 -0.000000
vn 0.000000 -1.000000 -0.000000
vn 0.000000 -1.000000 -0.000000
vn 0.000000 -1.000000 -0.000000
vn 0.000000 -1.000000 -0.000000
vn 0.000000 -1.000000 -0.000000
vn 0.000000 -1.000000 -0.000000
vn 0.000000 -1.000000 -0.000000
vn 0.000000 -1.000000 -0.000000
vn 0.000000 -1.000000 -0.000000
vn 0.000000 -1.000000 -0.000000
vn 0.000000 -1.000000 -0.000000
vn 0.000000 -1.000000 -0.000000
vn 0.000000 -1.000000 -0.000000
vn 0.000000 -1.000000 -0.000000
vn 0.000000 -1.000000 -0.000000
vn 0.000000 -1.000000 -0.000000
vn 0.000000 -1.000000 -0.000000
vn 0.000000 -1.000000 -0.000000
vn 0.000000 -1.000000 -0.000000
vn 0.000000 -1.000000 -0.000000
vn 0.000000 -1.000000 -0.000000
vn 0.000000 -1.000000 -0.000000
vn 0.000000 -1.000000 -0.000000
vn 0.000000 -1.000000 -0.000000
vn 0.000000 -1.000000 -0.000000
vn 0.000000 -1.000000 -0.000000
vn 0.000000 -1.000000 -0.000000
vn 0.000000 -1.000000 -0.000000
vn 0.000000 -1.000000 -0.000000
vn 0.000000 -1.000000 -0.000000
vn 0.000000 -1.000000 -0.000000
vn 0.000000 -1.000000 -0.000000
vn 0.000000 -1.000000 -0.000000
vn 0.000000 -1.000000 -0.000000
vn 0.000000 -1.000000 -0.000000
vn 0.000000 -1.000000 -0.000000
vn 0.000000 -1.000000 -0.000000
vn 0.000000 -1.000000 -0.000000
vn 0.000000 -1.000000 -0.000000
vn 0.000000 -1.000000 -0.000000
vn 0.000000 -1.000000 -0.000000
vn 0.000000 -1.000000 -0.000000
vn 0.000000 -1.000000 -0.000000
vn 0.000000 -1.000000 -0.000000
vn 0.000000 -1.000000 -0.000000
vn 0.000000 -1.000000 -0.000000
vn 0.000000 -1.000000 -0.000000
vn 0.000000 -1.000000 -0.000000
vn 0.000000 -1.000000 -0.000000
vn 0.000000 -1.000000 -0.000000
vn 0.000000 -1.000000 -0.000000
vn 0.000000 -1.000000 -0.000000
vn 0.000000 -1.000000 -0.000000
vn 0.000000 -1.000000 -0.000000
vn 0.000000 -1.000000 -0.000000
vn 0.000000 -1.000000 -0.000000
vn 0.000000 -1.000000 -0.000000
vn 0.000000 -1.000000 -0.000000
vn 0.000000 -1.000000 -0.000000
vn 0.000000 -1.000000 -0.000000
vn 0.000000 -1.000000 -0.000000
vn 0.000000 -1.000000 -0.000000
vn 0.000000 -1.000000 -0.000000
vn 0.000000 -1.000000 -0.000000
vn 0.000000 -1.000000 -0.000000
vn 0.000000 -1.000000 -0.000000
vn 0.000000 -1.000000 -0.000000
vn 0.000000 -1.000000 -0.000000
vn 0.000000 -1.000000 -0.000000
vn 0.000000 -1.000000 -0.000000
vn 0.000000 -1.000000 -0.000000
vn 0.000000 -1.000000 -0.000000
vn 0.000000 -1.000000 -0.000000
vn 0.000000 -1.000000 -0.000000
vn 0.000000 -1.000000 -0.000000
vn 0.000000 -1.000000 -0.000000
vn 0.000000 -1.000000 -0.000000
vn 0.000000 -1.000000 -0.000000
vn 0.000000 -1.000000 -0.000000
vn 0.000000 -1.000000 -0.000000
vn 0.000000 -1.000000 -0.000000
vn 0.000000 -1.000000 -0.000000
vn 0.000000 -1.000000 -0.000000
vn 0.000000 -1.000000 -0.000000
vn 0.000000 -1.000000 -0.000000
vn 0.000000 -1.000000 -0.000000
vn 0.000000 -1.000000 -0.000000
vn 0.000000 -1.000000 -0.000000
vn 0.000000 -1.000000 -0.000000
vn 0.000000 -1.000000 -0.000000
vn 0.000000 -1.000000 -0.000000
vn 0.000000 -1.000000 -0.000000
vn 0.000000 -1.000000 -0.000000
vn 0.000000 -1.000000 -0.000000
vn 0.000000 -1.000000 -0.000000
vn 0.000000 -1.000000 -0.000000
vn 0.000000 -1.000000 -0.000000
vn 0.000000 -1.000000 -0.000000
vn 0.000000 -1.000000 -0.000000
vn 0.000000 -1.000000 -0.000000
vn 0.000000 -1.000000 -0.000000
vn 0.000000 -1.000000 -0.000000
vn 0.000000 -1.000000 -0.000000
vn 0.000000 -1.000000 -0.000000
vn 0.000000 -1.000000 -0.000000
vn 0.000000 -1.000000 -0.000000
vn 0.000000 -1.000000 -0.000000
vn 0.000000 -1.000000 -0.000000
vn 0.000000 -1.000000 -0.000000
vn 0.000000 -1.000000 -0.000000
vn 0.000000 -1.000000 -0.000000
vn 0.000000 -1.000000 -0.000000
vn 0.000000 -1.000000 -0.000000
vn 0.000000 -1.000000 -0.000000
vn 0.000000 -1.000000 -0.000000
vn 0.000000 -1.000000 -0.000000
vn 0.000000 -1.000000 -0.000000
vn 0.000000 -1.000000 -0.000000
vn 0.000000 -1.000000 -0.000000
vn 0.000000 -1.000000 -0.000000
vn 0.000000 -1.000000 -0.000000
vn 0.000000 -1.000000 -0.000000
vn 0.000000 -1.000000 -0.000000
vn 0.000000 -1.000000 -0.000000
vn 0.000000 -1.000000 -0.000000
vn 0.000000 -1.000000 -0.000000
vn 0.000000 -1.000000 -0.000000
vn 0.000000 -1.000000 -0.000000
vn 0.000000 -1.000000 -0.000000
vn 0.000000 -1.000000 -0.000000
vn 0.000000 -1.000000 -0.000000
vn 0.000000 -1.000000 -0.000000
vn 0.000000 -1.000000 -0.000000
vn 0.000000 -1.000000 -0.000000
vn 0.000000 -1.000000 -0.000000
vn 0.000000 -1.000000 -0.000000
vn 0.000000 -1.000000 -0.000000
vn 0.000000 -1.000000 -0.000000
vn 0.000000 -1.000000 -0.000000
vn 0.000000 -1.000000 -0.000000
vn 0.000000 -1.000000 -0.000000
vn 0.000000 -1.000000 -0.000000
vn 0.000000 -1.000000 -0.000000
vn 0.000000 -1.000000 -0.000000
vn 0.000000 -1.000000 -0.000000
vn 0.000000 -1.000000 -0.000000
vn 0.000000 -1.000000 -0.000000
vn 0.000000 -1.000000 -0.000000
vn 0.000000 -1.000000 -0.000000
vn 0.000000 -1.000000 -0.000000
vn 0.000000 -1.000000 -0.000000
vn 0.000000 -1.000000 -0.000000
vn 0.000000 -1.000000 -0.000000
vn 0.000000 -1.000000 -0.000000
vn 0.000000 -1.000000 -0.000000
vn 0.000000 -1.000000 -0.000000
vn 0.000000 -1.000000 -0.000000
vn 0.000000 -1.000000 -0.000000
vn 0.000000 -1.000000 -0.000000
vn 0.000000 -1.000000 -0.000000
vn 0.000000 -1.000000 -0.000000
vn 0.000000 -1.000000 -0.000000
vn 0.000000 -1.000000 -0.000000
vn 0.000000 -1.000000 -0.000000
vn 0.000000 -1.000000 -0.000000
vn 0.000000 -1.000000 -0.000000
vn 0.000000 -1.000000 -0.000000
vn 0.000000 -1.000000 -0.000000
vn 0.000000 -1.000000 -0.000000
vn 0.000000 -1.000000 -0.000000
vn 0.000000 -1.000000 -0.000000
vn 0.000000 -1.000000 -0.000000
vn 0.000000 -1.000000 -0.000000
vn 0.000000 -1.000000 -0.000000
vn 0.000000 -1.000000 -0.000000
vn 0.000000 -1.000000 -0.000000
vn 0.000000 -1.000000 -0.000000
vn 0.000000 -1.000000 -0.000000
vn 0.000000 -1.000000 -0.000000
vn 0.000000 -1.000000 -0.000000
vn 0.000000 -1.000000 -0.000000
vn 0.000000 -1.000000 -0.000000
vn 0.000000 -1.000000 -0.000000
vn 0.000000 -1.000000 -0.000000
vn 0.000000 -1.000000 -0.000000
vn 0.000000 -1.000000 -0.000000
vn 0.000000 -1.000000 -0.000000
vn 0.000000 -1.000000 -0.000000
vn 0.000000 -1.000000 -0.000000
vn 0.000000 -1.000000 -0.000000
vn 0.000000 -1.000000 -0.000000
vn 0.000000 -1.000000 -0.000000
vn 0.000000 -1.000000 -0.000000
vn 0.000000 -1.000000 -0.000000
vn 0.000000 -1.000000 -0.000000
vn 0.000000 -1.000000 -0.000000
vn 0.000000 -1.000000 -0.000000
vn 0.000000 -1.000000 -0.000000
vn 0.000000 -1.000000 -0.000000
vn 0.000000 -1.000000 -0.000000
vn 0.000000 -1.000000 -0.000000
vn 0.000000 -1.000000 -0.000000
vn 0.000000 -1.000000 -0.000000
vn 0.000000 -1.000000 -0.000000
vn 0.000000 -1.000000 -0.000000
vn 0.000000 -1.000000 -0.000000
vn 0.000000 -1.000000 -0.000000
vn 0.000000 -1.000000 -0.000000
vn 0.000000 -1.000000 -0.000000
vn 0.000000 -1.000000 -0.000000
vn 0.000000 -1.000000 -0.000000
vn 0.000000 -1.000000 -0.000000
vn 0.000000 -1.000000 -0.000000
vn 0.000000 -1.000000 -0.000000
vn 0.000000 -1.000000 -0.000000
vn 0.000000 -1.000000 -0.000000
vn 0.000000 -1.000000 -0.000000
vn 0.000000 -1.000000 -0.000000
vn 0.000000 -1.000000 -0.000000
vn 0.000000 -1.000000 -0.000000
vn 0.000000 -1.000000 -0.000000
vn 0.000000 -1.000000 -0.000000
vn 0.000000 -1.000000 -0.000000
vn 0.000000 -1.000000 -0.000000
vn 0.000000 -1.000000 -0.000000
vn 0.000000 -1.000000 -0.000000
vn 0.000000 -1.000000 -0.000000
vn 0.000000 -1.000000 -0.000000
vn 0.000000 -1.000000 -0.000000
vn 0.000000 -1.000000 -0.000000
vn 0.000000 -1.000000 -0.000000
vn 0.000000 -1.000000 -0.000000
vn 0.000000 -1.000000 -0.000000
vn 0.000000 -1.000000 -0.000000
vn 0.000000 -1.000000 -0.000000
vn 0.000000 -1.000000 -0.000000
vn 0.000000 -1.000000 -0.000000
vn 0.000000 -1.000000 -0.000000
vn 0.000000 -1.000000 -0.000000
vn 0.000000 -1.000000 -0.000000
vn 0.000000 -1.000000 -0.000000
vn 0.000000 -1.000000 -0.000000
vn 0.000000 -1.000000 -0.000000
vn 0.000000 -1.000000 -0.000000
vn 0.000000 -1.000000 -0.000000
vn 0.000000 -1.000000 -0.000000
vn 0.000000 -1.000000 -0.000000
vn 0.000000 -1.000000 -0.000000
vn 0.000000 -1.000000 -0.000000
vn 0.000000 -1.000000 -0.000000
vn 0.000000 -1.000000 -0.000000
vn 0.000000 -1.000000 -0.000000
vn 0.000000 -1.000000 -0.000000
vn 0.000000 -1.000000 -0.000000
vn 0.000000 -1.000000 -0.000000
vn 0.000000 -1.000000 -0.000000
vn 0.000000 -1.000000 -0.000000
vn 0.000000 -1.000000 -0.000000
vn 0.000000 -1.000000 -0.000000
vn 0.000000 -1.000000 -0.000000
vn 0.000000 -1.000000 -0.000000
vn 0.000000 -1.000000 -0.000000
vn 0.000000 -1.000000 -0.000000
vn 0.000000 -1.000000 -0.000000
vn 0.000000 -1.000000 -0.000000
vn 0.000000 -1.000000 -0.000000
vn 0.000000 -1.000000 -0.000000
vn 0.000000 -1.000000 -0.000000
vn 0.000000 -1.000000 -0.000000
vn 0.000000 -1.000000 -0.000000
vn 0.000000 -1.000000 -0.000000
vn 0.000000 -1.000000 -0.000000
vn 0.000000 -1.000000 -0.000000
vn 0.000000 -1.000000 -0.000000
vn 0.000000 -1.000000 -0.000000
vn 0.000000 -1.000000 -0.000000
vn 0.000000 -1.000000 -0.000000
vn 0.000000 -1.000000 -0.000000
vn 0.000000 -1.000000 -0.000000
vn 0.000000 -1.000000 -0.000000
vn 0.000000 -1.000000 -0.000000
vn 0.000000 -1.000000 -0.000000
vn 0.000000 -1.000000 -0.000000
vn 0.000000 -1.000000 -0.000000
vn 0.000000 -1.000000 -0.000000
vn 0.000000 -1.000000 -0.000000
vn 0.000000 -1.000000 -0.000000
vn 0.000000 -1.000000 -0.000000
vn 0.000000 -1.000000 -0.000000
vn 0.000000 -1.000000 -0.000000
vn 0.000000 -1.000000 -0.000000
vn 0.000000 -1.000000 -0.000000
vn 0.000000 -1.000000 -0.000000
vn 0.000000 -1.000000 -0.000000
vn 0.000000 -1.000000 -0.000000
vn 0.000000 -1.000000 -0.000000
vn 0.000000 -1.000000 -0.000000
vn 0.000000 -1.000000 -0.000000
vn 0.000000 -1.000000 -0.000000
vn 0.000000 -1.000000 -0.000000
vn 0.000000 -1.000000 -0.000000
vn 0.000000 -1.000000 -0.000000
vn 0.000000 -1.000000 -0.000000
vn 0.000000 -1.000000 -0.000000
vn 0.000000 -1.000000 -0.000000
vn 0.000000 -1.000000 -0.000000
vn 0.000000 -1.000000 -0.000000
vn 0.000000 -1.000000 -0.000000
vn 0.000000 -1.000000 -0.000000
vn 0.000000 -1.000000 -0.000000
vn 0.000000 -1.000000 -0.000000
vn 0.000000 -1.000000 -0.000000
vn 0.000000 -1.000000 -0.000000
vn 0.000000 -1.000000 -0.000000
vn 0.000000 -1.000000 -0.000000
vn 0.000000 -1.000000 -0.000000
vn 0.000000 -1.000000 -0.000000
vn 0.000000 -1.000000 -0.000000
vn 0.000000 -1.000000 -0.000000
vn 0.000000 -1.000000 -0.000000
vn 0.000000 -1.000000 -0.000000
vn 0.000000 -1.000000 -0.000000
vn 0.000000 -1.000000 -0.000000
vn 0.000000 -1.000000 -0.000000
vn 0.000000 -1.000000 -0.000000
vn 0.000000 -1.000000 -0.000000
vn 0.000000 -1.000000 -0.000000
vn 0.000000 -1.000000 -0.000000
vn 0.000000 -1.000000 -0.000000
vn 0.000000 -1.000000 -0.000000
vn 0.000000 -1.000000 -0.000000
vn 0.000000 -1.000000 -0.000000
vn 0.000000 -1.000000 -0.000000
vn 0.000000 -1.000000 -0.000000
vn 0.000000 -1.000000 -0.000000
vn 0.000000 -1.000000 -0.000000
vn 0.000000 -1.000000 -0.000000
vn 0.000000 -1.000000 -0.000000
vn 0.000000 -1.000000 -0.000000
vn 0.000000 -1.000000 -0.000000
vn 0.000000 -1.000000 -0.000000
vn 0.000000 -1.000000 -0.000000
vn 0.000000 -1.000000 -0.000000
vn 0.000000 -1.000000 -0.000000
vn 0.000000 -1.000000 -0.000000
vn 0.000000 -1.000000 -0.000000
vn 0.000000 -1.000000 -0.000000
vn 0.000000 -1.000000 -0.000000
vn 0.000000 -1.000000 -0.000000
vn 0.000000 -1.000000 -0.000000
vn 0.000000 -1.000000 -0.000000
vn 0.000000 -1.000000 -0.000000
vn 0.000000 -1.000000 -0.000000
vn 0.000000 -1.000000 -0.000000
vn 0.000000 -1.000000 -0.000000
vn 0.000000 -1.000000 -0.000000
vn 0.000000 -1.000000 -0.000000
vn 0.000000 -1.000000 -0.000000
vn 0.000000 -1.000000 -0.000000
vn 0.000000 -1.000000 -0.000000
vn 0.000000 -1.000000 -0.000000
vn 0.000000 -1.000000 -0.000000
vn 0.000000 -1.000000 -0.000000
vn 0.000000 -1.000000 -0.000000
vn 0.000000 -1.000000 -0.000000
vn 0.000000 -1.000000 -0.000000
vn 0.000000 -1.000000 -0.000000
vn 0.000000 -1.000000 -0.000000
vn 0.000000 -1.000000 -0.000000
vn 0.000000 -1.000000 -0.000000
vn 0.000000 -1.000000 -0.000000
vn 0.000000 -1.000000 -0.000000
vn 0.000000 -1.000000 -0.000000
vn 0.000000 -1.000000 -0.000000
vn 0.000000 -1.000000 -0.000000
vn 0.000000 -1.000000 -0.000000
vn 0.000000 -1.000000 -0.000000
vn 0.000000 -1.000000 -0.000000
vn 0.000000 -1.000000 -0.000000
vn 0.000000 -1.000000 -0.000000
vn 0.000000 -1.000000 -0.000000
vn 0.000000 -1.000000 -0.000000
vn 0.000000 -1.000000 -0.000000
vn 0.000000 -1.000000 -0.000000
vn 0.000000 -1.000000 -0.000000
vn 0.000000 -1.000000 -0.000000
vn 0.000000 -1.000000 -0.000000
vn 0.000000 -1.000000 -0.000000
vn 0.000000 -1.000000 -0.000000
vn 0.000000 -1.000000 -0.000000
vn 0.000000 -1.000000 -0.000000
vn 0.000000 -1.000000 -0.000000
vn 0.000000 -1.000000 -0.000000
vn 0.000000 -1.000000 -0.000000
vn 0.000000 -1.000000 -0.000000
vn 0.000000 -1.000000 -0.000000
vn 0.000000 -1.000000 -0.000000
vn 0.000000 -1.000000 -0.000000
vn 0.000000 -1.000000 -0.000000
vn 0.000000 -1.000000 -0.000000
vn 0.000000 -1.000000 -0.000000
vn 0.000000 -1.000000 -0.000000
vn 0.000000 -1.000000 -0.000000
vn 0.000000 -1.000000 -0.000000
vn 0.000000 -1.000000 -0.000000
vn 0.000000 -1.000000 -0.000000
vn 0.000000 -1.000000 -0.000000
vn 0.000000 -1.000000 -0.000000
vn 0.000000 -1.000000 -0.000000
vn 0.000000 -1.000000 -0.000000
vn 0.000000 -1.000000 -0.000000
vn 0.000000 -1.000000 -0.000000
vn 0.000000 -1.000000 -0.000000
vn 0.000000 -1.000000 -0.000000
vn 0.000000 -1.000000 -0.000000
vn 0.000000 -1.000000 -0.000000
vn 0.000000 -1.000000 -0.000000
vn 0.000000 -1.000000 -0.000000
vn 0.000000 -1.000000 -0.000000
vn 0.000000 -1.000000 -0.000000
vn 0.000000 -1.000000 -0.000000
vn 0.000000 -1.000000 -0.000000
vn 0.000000 -1.000000 -0.000000
vn 0.000000 -1.000000 -0.000000
vn 0.000000 -1.000000 -0.000000
vn 0.000000 -1.000000 -0.000000
vn 0.000000 -1.000000 -0.000000
vn 0.000000 -1.000000 -0.000000
vn 0.000000 -1.000000 -0.000000
vn 0.000000 -1.000000 -0.000000
vn 0.000000 -1.000000 -0.000000
vn 0.000000 -1.000000 -0.000000
vn 0.000000 -1.000000 -0.000000
vn 0.000000 -1.000000 -0.000000
vn 0.000000 -1.000000 -0.000000
vn 0.000000 -1.000000 -0.000000
vn 0.000000 -1.000000 -0.000000
vn 0.000000 -1.000000 -0.000000
vn 0.000000 -1.000000 -0.000000
vn 0.000000 -1.000000 -0.000000
vn 0.000000 -1.000000 -0.000000
vn 0.000000 -1.000000 -0.000000
vn 0.000000 -1.000000 -0.000000
vn 0.000000 -1.000000 -0.000000
vn 0.000000 -1.000000 -0.000000
vn 0.000000 -1.000000 -0.000000
vn 0.000000 -1.000000 -0.000000
vn 0.000000 -1.000000 -0.000000
vn 0.000000 -1.000000 -0.000000
vn 0.000000 -1.000000 -0.000000
vn 0.000000 -1.000000 -0.000000
vn 0.000000 -1.000000 -0.000000
vn 0.000000 -1.000000 -0.000000
vn 0.000000 -1.000000 -0.000000
vn 0.000000 -1.000000 -0.000000
vn 0.000000 -1.000000 -0.000000
vn 0.000000 -1.000000 -0.000000
vn 0.000000 -1.000000 -0.000000
vn 0.000000 -1.000000 -0.000000
vn 0.000000 -1.000000 -0.000000
vn 0.000000 -1.000000 -0.000000
vn 0.000000 -1.000000 -0.000000
vn 0.000000 -1.000000 -0.000000
vn 0.000000 -1.000000 -0.000000
vn 0.000000 -1.000000 -0.000000
vn 0.000000 -1.000000 -0.000000
vn 0.000000 -1.000000 -0.000000
vn 0.000000 -1.000000 -0.000000
vn 0.000000 -1.000000 -0.000000
vn 0.000000 -1.000000 -0.000000
vn 0.000000 -1.000000 -0.000000
vn 0.000000 -1.000000 -0.000000
vn 0.000000 -1.000000 -0.000000
vn 0.000000 -1.000000 -0.000000
vn 0.000000 -1.000000 -0.000000
vn 0.000000 -1.000000 -0.000000
vn 0.000000 -1.000000 -0.000000
vn 0.000000 -1.000000 -0.000000
vn 0.000000 -1.000000 -0.000000
vn 0.000000 -1.000000 -0.000000
vn 0.000000 -1.000000 -0.000000
vn 0.000000 -1.000000 -0.000000
vn 0.000000 -1.000000 -0.000000
vn 0.000000 -1.000000 -0.000000
vn 0.000000 -1.000000 -0.000000
vn 0.000000 -1.000000 -0.000000
vn 0.000000 -1.000000 -0.000000
vn 0.000000 -1.000000 -0.000000
vn 0.000000 -1.000000 -0.000000
vn 0.000000 -1.000000 -0.000000
vn 0.000000 -1.000000 -0.000000
vn 0.000000 -1.000000 -0.000000
vn 0.000000 -1.000000 -0.000000
vn 0.000000 -1.000000 -0.000000
vn 0.000000 -1.000000 -0.000000
vn 0.000000 -1.000000 -0.000000
vn 0.000000 -1.000000 -0.000000
vn 0.000000 -1.000000 -0.000000
vn 0.000000 -1.000000 -0.000000
vn 0.000000 -1.000000 -0.000000
vn 0.000000 -1.000000 -0.000000
vn 0.000000 -1.000000 -0.000000
vn 0.000000 -1.000000 -0.000000
vn 0.000000 -1.000000 -0.000000
vn 0.000000 -1.000000 -0.000000
vn 0.000000 -1.000000 -0.000000
vn 0.000000 -1.000000 -0.000000
vn 0.000000 -1.000000 -0.000000
vn 0.000000 -1.000000 -0.000000
vn 0.000000 -1.000000 -0.000000
vn 0.000000 -1.000000 -0.000000
vn 0.000000 -1.000000 -0.000000
vn 0.000000 -1.000000 -0.000000
vn 0.000000 -1.000000 -0.000000
vn 0.000000 -1.000000 -0.000000
vn 0.000000 -1.000000 -0.000000
vn 0.000000 -1.000000 -0.000000
vn 0.000000 -1.000000 -0.000000
vn 0.000000 -1.000000 -0.000000
vn 0.000000 -1.000000 -0.000000
vn 0.000000 -1.000000 -0.000000
vn 0.000000 -1.000000 -0.000000
vn 0.000000 -1.000000 -0.000000
vn 0.000000 -1.000000 -0.000000
vn 0.000000 -1.000000 -0.000000
vn 0.000000 -1.000000 -0.000000
vn 0.000000 -1.000000 -0.000000
vn 0.000000 -1.000000 -0.000000
vn 0.000000 -1.000000 -0.000000
vn 0.000000 -1.000000 -0.000000
vn 0.000000 -1.000000 -0.000000
vn 0.000000 -1.000000 -0.000000
vn 0.000000 -1.000000 -0.000000
vn 0.000000 -1.000000 -0.000000
vn 0.000000 -1.000000 -0.000000
vn 0.000000 -1.000000 -0.000000
vn 0.000000 -1.000000 -0.000000
vn 0.000000 -1.000000 -0.000000
vn 0.000000 -1.000000 -0.000000
vn 0.000000 -1.000000 -0.000000
vn 0.000000 -1.000000 -0.000000
vn 0.000000 -1.000000 -0.000000
vn 0.000000 -1.000000 -0.000000
vn 0.000000 -1.000000 -0.000000
vn 0.000000 -1.000000 -0.000000
vn 0.000000 -1.000000 -0.000000
vn 0.000000 -1.000000 -0.000000
vn 0.000000 -1.000000 -0.000000
vn 0.000000 -1.000000 -0.000000
vn 0.000000 -1.000000 -0.000000
vn 0.000000 -1.000000 -0.000000
vn 0.000000 -1.000000 -0.000000
vn 0.000000 -1.000000 -0.000000
vn 0.000000 -1.000000 -0.000000
vn 0.000000 -1.000000 -0.000000
vn 0.000000 -1.000000 -0.000000
vn 0.000000 -1.000000 -0.000000
vn 0.000000 -1.000000 -0.000000
vn 0.000000 -1.000000 -0.000000
vn 0.000000 -1.000000 -0.000000
vn 0.000000 -1.000000 -0.000000
vn 0.000000 -1.000000 -0.000000
vn 0.000000 -1.000000 -0.000000
vn 0.000000 -1.000000 -0.000000
vn 0.000000 -1.000000 -0.000000
vn 0.000000 -1.000000 -0.000000
vn 0.000000 -1.000000 -0.000000
vn 0.000000 -1.000000 -0.000000
vn 0.000000 -1.000000 -0.000000
vn 0.000000 -1.000000 -0.000000
vn 0.000000 -1.000000 -0.000000
vn 0.000000 -1.000000 -0.000000
vn 0.000000 -1.000000 -0.000000
vn 0.000000 -1.000000 -0.000000
vn 0.000000 -1.000000 -0.000000
vn 0.000000 -1.000000 -0.000000
vn 0.000000 -1.000000 -0.000000
vn 0.000000 -1.000000 -0.000000
vn 0.000000 -1.000000 -0.000000
vn 0.000000 -1.000000 -0.000000
vn 0.000000 -1.000000 -0.000000
vn 0.000000 -1.000000 -0.000000
vn 0.000000 -1.000000 -0.000000
vn 0.000000 -1.000000 -0.000000
vn 0.000000 -1.000000 -0.000000
vn 0.000000 -1.000000 -0.000000
vn 0.000000 -1.000000 -0.000000
vn 0.000000 -1.000000 -0.000000
vn 0.000000 -1.000000 -0.000000
vn 0.000000 -1.000000 -0.000000
vn 0.000000 -1.000000 -0.000000
vn 0.000000 -1.000000 -0.000000
vn 0.000000 -1.000000 -0.000000
vn 0.000000 -1.000000 -0.000000
vn 0.000000 -1.000000 -0.000000
vn 0.000000 -1.000000 -0.000000
vn 0.000000 -1.000000 -0.000000
vn 0.000000 -1.000000 -0.000000
vn 0.000000 -1.000000 -0.000000
vn 0.000000 -1.000000 -0.000000
vn 0.000000 -1.000000 -0.000000
vn 0.000000 -1.000000 -0.000000
vn 0.000000 -1.000000 -0.000000
vn 0.000000 -1.000000 -0.000000
vn 0.000000 -1.000000 -0.000000
vn 0.000000 -1.000000 -0.000000
vn 0.000000 -1.000000 -0.000000
vn 0.000000 -1.000000 -0.000000
vn 0.000000 -1.000000 -0.000000
vn 0.000000 -1.000000 -0.000000
vn 0.000000 -1.000000 -0.000000
vn 0.000000 -1.000000 -0.000000
vn 0.000000 -1.000000 -0.000000
vn 0.000000 -1.000000 -0.000000
vn 0.000000 -1.000000 -0.000000
vn 0.000000 -1.000000 -0.000000
vn 0.000000 -1.000000 -0.000000
vn 0.000000 -1.000000 -0.000000
vn 0.000000 -1.000000 -0.000000
vn 0.000000 -1.000000 -0.000000
vn 0.000000 -1.000000 -0.000000
vn 0.000000 -1.000000 -0.000000
vn 0.000000 -1.000000 -0.000000
vn 0.000000 -1.000000 -0.000000
vn 0.000000 -1.000000 -0.000000
vn 0.000000 -1.000000 -0.000000
vn 0.000000 -1.000000 -0.000000
vn 0.000000 -1.000000 -0.000000
vn 0.000000 -1.000000 -0.000000
vn 0.000000 -1.000000 -0.000000
vn 0.000000 -1.000000 -0.000000
vn 0.000000 -1.000000 -0.000000
vn 0.000000 -1.000000 -0.000000
vn 0.000000 -1.000000 -0.000000
vn 0.000000 -1.000000 -0.000000
vn 0.000000 -1.000000 -0.000000
vn 0.000000 -1.000000 -0.000000
vn 0.000000 -1.000000 -0.000000
vn 0.000000 -1.000000 -0.000000
vn 0.000000 -1.000000 -0.000000
vn 0.000000 -1.000000 -0.000000
vn 0.000000 -1.000000 -0.000000
vn 0.000000 -1.000000 -0.000000
vn 0.000000 -1.000000 -0.000000
vn 0.000000 -1.000000 -0.000000
vn 0.000000 -1.000000 -0.000000
vn 0.000000 -1.000000 -0.000000
vn 0.000000 -1.000000 -0.000000
vn 0.000000 -1.000000 -0.000000
vn 0.000000 -1.000000 -0.000000
vn 0.000000 -1.000000 -0.000000
vn 0.000000 -1.000000 -0.000000
vn 0.000000 -1.000000 -0.000000
vn 0.000000 -1.000000 -0.000000
vn 0.000000 -1.000000 -0.000000
vn 0.000000 -1.000000 -0.000000
vn 0.000000 -1.000000 -0.000000
vn 0.000000 -1.000000 -0.000000
vn 0.000000 -1.000000 -0.000000
vn 0.000000 -1.000000 -0.000000
vn 0.000000 -1.000000 -0.000000
vn 0.000000 -1.000000 -0.000000
vn 0.000000 -1.000000 -0.000000
vn 0.000000 -1.000000 -0.000000
vn 0.000000 -1.000000 -0.000000
vn 0.000000 -1.000000 -0.000000
vn 0.000000 -1.000000 -0.000000
vn 0.000000 -1.000000 -0.000000
vn 0.000000 -1.000000 -0.000000
vn 0.000000 -1.000000 -0.000000
vn 0.000000 -1.000000 -0.000000
vn 0.000000 -1.000000 -0.000000
vn 0.000000 -1.000000 -0.000000
vn 0.000000 -1.000000 -0.000000
vn 0.000000 -1.000000 -0.000000
vn 0.000000 -1.000000 -0.000000
vn 0.000000 -1.000000 -0.000000
vn 0.000000 -1.000000 -0.000000
vn 0.000000 -1.000000 -0.000000
vn 0.000000 -1.000000 -0.000000
vn 0.000000 -1.000000 -0.000000
vn 0.000000 -1.000000 -0.000000
vn 0.000000 -1.000000 -0.000000
vn 0.000000 -1.000000 -0.000000
vn 0.000000 -1.000000 -0.000000
vn 0.000000 -1.000000 -0.000000
vn 0.000000 -1.000000 -0.000000
vn 0.000000 -1.000000 -0.000000
vn 0.000000 -1.000000 -0.000000
vn 0.000000 -1.000000 -0.000000
vn 0.000000 -1.000000 -0.000000
vn 0.000000 -1.000000 -0.000000
vn 0.000000 -1.000000 -0.000000
vn 0.000000 -1.000000 -0.000000
vn 0.000000 -1.000000 -0.000000
vn 0.000000 -1.000000 -0.000000
vn 0.000000 -1.000000 -0.000000
vn 0.000000 -1.000000 -0.000000
vn 0.000000 -1.000000 -0.000000
vn 0.000000 -1.000000 -0.000000
vn 0.000000 -1.000000 -0.000000
vn 0.000000 -1.000000 -0.000000
vn 0.000000 -1.000000 -0.000000
vn 0.000000 -1.000000 -0.000000
vn 0.000000 -1.000000 -0.000000
vn 0.000000 -1.000000 -0.000000
vn 0.000000 -1.000000 -0.000000
vn 0.000000 -1.000000 -0.000000
vn 0.000000 -1.000000 -0.000000
vn 0.000000 -1.000000 -0.000000
vn 0.000000 -1.000000 -0.000000
vn 0.000000 -1.000000 -0.000000
vn 0.000000 -1.000000 -0.000000
vn 0.000000 -1.000000 -0.000000
vn 0.000000 -1.000000 -0.000000
vn 0.000000 -1.000000 -0.000000
vn 0.000000 -1.000000 -0.000000
vn 0.000000 -1.000000 -0.000000
vn 0.000000 -1.000000 -0.000000
vn 0.000000 -1.000000 -0.000000
vn 0.000000 -1.000000 -0.000000
vn 0.000000 -1.000000 -0.000000
vn 0.000000 -1.000000 -0.000000
vn 0.000000 -1.000000 -0.000000
vn 0.000000 -1.000000 -0.000000
vn 0.000000 -1.000000 -0.000000
vn 0.000000 -1.000000 -0.000000
vn 0.000000 -1.000000 -0.000000
vn 0.000000 -1.000000 -0.000000
vn 0.000000 -1.000000 -0.000000
vn 0.000000 -1.000000 -0.000000
vn 0.000000 -1.000000 -0.000000
vn 0.000000 -1.000000 -0.000000
vn 0.000000 -1.000000 -0.000000
vn 0.000000 -1.000000 -0.000000
vn 0.000000 -1.000000 -0.000000
vn 0.000000 -1.000000 -0.000000
vn 0.000000 -1.000000 -0.000000
vn 0.000000 -1.000000 -0.000000
vn 0.000000 -1.000000 -0.000000
vn 0.000000 -1.000000 -0.000000
vn 0.000000 -1.000000 -0.000000
vn 0.000000 -1.000000 -0.000000
vn 0.000000 -1.000000 -0.000000
vn 0.000000 -1.000000 -0.000000
vn 0.000000 -1.000000 -0.000000
vn 0.000000 -1.000000 -0.000000
vn 0.000000 -1.000000 -0.000000
vn 0.000000 -1.000000 -0.000000
vn 0.000000 -1.000000 -0.000000
vn 0.000000 -1.000000 -0.000000
vn 0.000000 -1.000000 -0.000000
vn 0.000000 -1.000000 -0.000000
vn 0.000000 -1.000000 -0.000000
vn 0.000000 -1.000000 -0.000000
vn 0.000000 -1.000000 -0.000000
vn 0.000000 -1.000000 -0.000000
vn 0.000000 -1.000000 -0.000000
vn 0.000000 -1.000000 -0.000000
vn 0.000000 -1.000000 -0.000000
vn 0.000000 -1.000000 -0.000000
vn 0.000000 -1.000000 -0.000000
vn 0.000000 -1.000000 -0.000000
vn 0.000000 -1.000000 -0.000000
vn 0.000000 -1.000000 -0.000000
vn 0.000000 -1.000000 -0.000000
vn 0.000000 -1.000000 -0.000000
vn 0.000000 -1.000000 -0.000000
vn 0.000000 -1.000000 -0.000000
vn 0.000000 -1.000000 -0.000000
vn 0.000000 -1.000000 -0.000000
vn 0.000000 -1.000000 -0.000000
vn 0.000000 -1.000000 -0.000000
vn 0.000000 -1.000000 -0.000000
vn 0.000000 -1.000000 -0.000000
vn 0.000000 -1.000000 -0.000000
vn 0.000000 -1.000000 -0.000000
vn 0.000000 -1.000000 -0.000000
vn 0.000000 -1.000000 -0.000000
vn 0.000000 -1.000000 -0.000000
vn 0.000000 -1.000000 -0.000000
vn 0.000000 -1.000000 -0.000000
vn 0.000000 -1.000000 -0.000000
vn 0.000000 -1.000000 -0.000000
vn 0.000000 -1.000000 -0.000000
vn 0.000000 -1.000000 -0.000000
vn 0.000000 -1.000000 -0.000000
vn 0.000000 -1.000000 -0.000000
vn 0.000000 -1.000000 -0.000000
vn 0.000000 -1.000000 -0.000000
vn 0.000000 -1.000000 -0.000000
vn 0.000000 -1.000000 -0.000000
vn 0.000000 -1.000000 -0.000000
vn 0.000000 -1.000000 -0.000000
vn 0.000000 -1.000000 -0.000000
vn 0.000000 -1.000000 -0.000000
vn 0.000000 -1.000000 -0.000000
vn 0.000000 -1.000000 -0.000000
vn 0.000000 -1.000000 -0.000000
vn 0.000000 -1.000000 -0.000000
vn 0.000000 -1.000000 -0.000000
vn 0.000000 -1.000000 -0.000000
vn 0.000000 -1.000000 -0.000000
vn 0.000000 -1.000000 -0.000000
vn 0.000000 -1.000000 -0.000000
vn 0.000000 -1.000000 -0.000000
vn 0.000000 -1.000000 -0.000000
vn 0.000000 -1.000000 -0.000000
vn 0.000000 -1.000000 -0.000000
vn 0.000000 -1.000000 -0.000000
vn 0.000000 -1.000000 -0.000000
vn 0.000000 -1.000000 -0.000000
vn 0.000000 -1.000000 -0.000000
vn 0.000000 -1.000000 -0.000000
vn 0.000000 -1.000000 -0.000000
vn 0.000000 -1.000000 -0.000000
vn 0.000000 -1.000000 -0.000000
vn 0.000000 -1.000000 -0.000000
vn 0.000000 -1.000000 -0.000000
vn 0.000000 -1.000000 -0.000000
vn 0.000000 -1.000000 -0.000000
vn 0.000000 -1.000000 -0.000000
vn 0.000000 -1.000000 -0.000000
vn 0.000000 -1.000000 -0.000000
vn 0.000000 -1.000000 -0.000000
vn 0.000000 -1.000000 -0.000000
vn 0.000000 -1.000000 -0.000000
vn 0.000000 -1.000000 -0.000000
vn 0.000000 -1.000000 -0.000000
vn 0.000000 -1.000000 -0.000000
vn 0.000000 -1.000000 -0.000000
vn 0.000000 -1.000000 -0.000000
vn 0.000000 -1.000000 -0.000000
vn 0.000000 -1.000000 -0.000000
vn 0.000000 -1.000000 -0.000000
vn 0.000000 -1.000000 -0.000000
vn 0.000000 -1.000000 -0.000000
vn 0.000000 -1.000000 -0.000000
vn 0.000000 -1.000000 -0.000000
vn 0.000000 -1.000000 -0.000000
vn 0.000000 -1.000000 -0.000000
vn 0.000000 -1.000000 -0.000000
vn 0.000000 -1.000000 -0.000000
vn 0.000000 -1.000000 -0.000000
vn 0.000000 -1.000000 -0.000000
vn 0.000000 -1.000000 -0.000000
vn 0.000000 -1.000000 -0.000000
vn 0.000000 -1.000000 -0.000000
vn 0.000000 -1.000000 -0.000000
vn 0.000000 -1.000000 -0.000000
vn 0.000000 -1.000000 -0.000000
vn 0.000000 -1.000000 -0.000000
vn 0.000000 -1.000000 -0.000000
vn 0.000000 -1.000000 -0.000000
vn 0.000000 -1.000000 -0.000000
vn 0.000000 -1.000000 -0.000000
vn 0.000000 -1.000000 -0.000000
vn 0.000000 -1.000000 -0.000000
vn 0.000000 -1.000000 -0.000000
vn 0.000000 -1.000000 -0.000000
vn 0.000000 -1.000000 -0.000000
vn 0.000000 -1.000000 -0.000000
vn 0.000000 -1.000000 -0.000000
vn 0.000000 -1.000000 -0.000000
vn 0.000000 -1.000000 -0.000000
vn 0.000000 -1.000000 -0.000000
vn 0.000000 -1.000000 -0.000000
vn 0.000000 -1.000000 -0.000000
vn 0.000000 -1.000000 -0.000000
vn 0.000000 -1.000000 -0.000000
vn 0.000000 -1.000000 -0.000000
vn 0.000000 -1.000000 -0.000000
vn 0.000000 -1.000000 -0.000000
vn 0.000000 -1.000000 -0.000000
vn 0.000000 -1.000000 -0.000000
vn 0.000000 -1.000000 -0.000000
vn 0.000000 -1.000000 -0.000000
vn 0.000000 -1.000000 -0.000000
vn 0.000000 -1.000000 -0.000000
vn 0.000000 -1.000000 -0.000000
vn 0.000000 -1.000000 -0.000000
vn 0.000000 -1.000000 -0.000000
vn 0.000000 -1.000000 -0.000000
vn 0.000000 -1.000000 -0.000000
vn 0.000000 -1.000000 -0.000000
vn 0.000000 -1.000000 -0.000000
vn 0.000000 -1.000000 -0.000000
vn 0.000000 -1.000000 -0.000000
vn 0.000000 -1.000000 -0.000000
vn 0.000000 -1.000000 -0.000000
vn 0.000000 -1.000000 -0.000000
vn 0.000000 -1.000000 -0.000000
vn 0.000000 -1.000000 -0.000000
vn 0.000000 -1.000000 -0.000000
vn 0.000000 -1.000000 -0.000000
vn 0.000000 -1.000000 -0.000000
vn 0.000000 -1.000000 -0.000000
vn 0.000000 -1.000000 -0.000000
vn 0.000000 -1.000000 -0.000000
vn 0.000000 -1.000000 -0.000000
vn 0.000000 -1.000000 -0.000000
vn 0.000000 -1.000000 -0.000000
vn 0.000000 -1.000000 -0.000000
vn 0.000000 -1.000000 -0.000000
vn 0.000000 -1.000000 -0.000000
vn 0.000000 -1.000000 -0.000000
vn 0.000000 -1.000000 -0.000000
vn 0.000000 -1.000000 -0.000000
vn 0.000000 -1.000000 -0.000000
vn 0.000000 -1.000000 -0.000000
vn 0.000000 -1.000000 -0.000000
vn 0.000000 -1.000000 -0.000000
vn 0.000000 -1.000000 -0.000000
vn 0.000000 -1.000000 -0.000000
vn 0.000000 -1.000000 -0.000000
vn 0.000000 -1.000000 -0.000000
vn 0.000000 -1.000000 -0.000000
vn 0.000000 -1.000000 -0.000000
vn 0.000000 -1.000000 -0.000000
vn 0.000000 -1.000000 -0.000000
vn 0.000000 -1.000000 -0.000000
vn 0.000000 -1.000000 -0.000000
vn 0.000000 -1.000000 -0.000000
vn 0.000000 -1.000000 -0.000000
vn 0.000000 -1.000000 -0.000000
vn 0.000000 -1.000000 -0.000000
vn 0.000000 -1.000000 -0.000000
vn 0.000000 -1.000000 -0.000000
vn 0.000000 -1.000000 -0.000000
vn 0.000000 -1.000000 -0.000000
vn 0.000000 -1.000000 -0.000000
vn 0.000000 -1.000000 -0.000000
vn 0.000000 -1.000000 -0.000000
vn 0.000000 -1.000000 -0.000000
vn 0.000000 -1.000000 -0.000000
vn 0.000000 -1.000000 -0.000000
vn 0.000000 -1.000000 -0.000000
vn 0.000000 -1.000000 -0.000000
vn 0.000000 -1.000000 -0.000000
vn 0.000000 -1.000000 -0.000000
vn 0.000000 -1.000000 -0.000000
vn 0.000000 -1.000000 -0.000000
vn 0.000000 -1.000000 -0.000000
vn 0.000000 -1.000000 -0.000000
vn 0.000000 -1.000000 -0.000000
vn 0.000000 -1.000000 -0.000000
vn 0.000000 -1.000000 -0.000000
vn 0.000000 -1.000000 -0.000000
vn 0.000000 -1.000000 -0.000000
vn 0.000000 -1.000000 -0.000000
vn 0.000000 -1.000000 -0.000000
vn 0.000000 -1.000000 -0.000000
vn 0.000000 -1.000000 -0.000000
vn 0.000000 -1.000000 -0.000000
vn 0.000000 -1.000000 -0.000000
vn 0.000000 -1.000000 -0.000000
vn 0.000000 -1.000000 -0.000000
vn 0.000000 -1.000000 -0.000000
vn 0.000000 -1.000000 -0.000000
vn 0.000000 -1.000000 -0.000000
vn 0.000000 -1.000000 -0.000000
vn 0.000000 -1.000000 -0.000000
vn 0.000000 -1.000000 -0.000000
vn 0.000000 -1.000000 -0.000000
vn 0.000000 -1.000000 -0.000000
vn 0.000000 -1.000000 -0.000000
vn 0.000000 -1.000000 -0.000000
vn 0.000000 -1.000000 -0.000000
vn 0.000000 -1.000000 -0.000000
vn 0.000000 -1.000000 -0.000000
vn 0.000000 -1.000000 -0.000000
vn 0.000000 -1.000000 -0.000000
vn 0.000000 -1.000000 -0.000000
vn 0.000000 -1.000000 -0.000000
vn 0.000000 -1.000000 -0.000000
vn 0.000000 -1.000000 -0.000000
vn 0.000000 -1.000000 -0.000000
vn 0.000000 -1.000000 -0.000000
vn 0.000000 -1.000000 -0.000000
vn 0.000000 -1.000000 -0.000000
vn 0.000000 -1.000000 -0.000000
vn 0.000000 -1.000000 -0.000000
vn 0.000000 -1.000000 -0.000000
vn 0.000000 -1.000000 -0.000000
vn 0.000000 -1.000000 -0.000000
vn 0.000000 -1.000000 -0.000000
vn 0.000000 -1.000000 -0.000000
vn 0.000000 -1.000000 -0.000000
vn 0.000000 -1.000000 -0.000000
vn 0.000000 -1.000000 -0.000000
vn 0.000000 -1.000000 -0.000000
vn 0.000000 -1.000000 -0.000000
vn 0.000000 -1.000000 -0.000000
vn 0.000000 -1.000000 -0.000000
vn 0.000000 -1.000000 -0.000000
vn 0.000000 -1.000000 -0.000000
vn 0.000000 -1.000000 -0.000000
vn 0.000000 -1.000000 -0.000000
vn 0.000000 -1.000000 -0.000000
vn 0.000000 -1.000000 -0.000000
vn 0.000000 -1.000000 -0.000000
vn 0.000000 -1.000000 -0.000000
vn 0.000000 -1.000000 -0.000000
vn 0.000000 -1.000000 -0.000000
vn 0.000000 -1.000000 -0.000000
vn 0.000000 -1.000000 -0.000000
vn 0.000000 -1.000000 -0.000000
vn 0.000000 -1.000000 -0.000000
vn 0.000000 -1.000000 -0.000000
vn 0.000000 -1.000000 -0.000000
vn 0.000000 -1.000000 -0.000000
vn 0.000000 -1.000000 -0.000000
vn 0.000000 -1.000000 -0.000000
vn 0.000000 -1.000000 -0.000000
vn 0.000000 1.000000 0.000000
vn 0.000000 1.000000 0.000000
vn 0.000000 1.000000 0.000000
vn 0.000000 1.000000 0.000000
vn 0.000000 1.000000 0.000000
vn 0.000000 1.000000 0.000000
vn 0.000000 1.000000 0.000000
vn 0.000000 1.000000 0.000000
vn 0.000000 1.000000 0.000000
vn 0.000000 1.000000 0.000000
vn 0.000000 1.000000 0.000000
vn 0.000000 1.000000 0.000000
vn 0.000000 1.000000 0.000000
vn 0.000000 1.000000 0.000000
vn 0.000000 1.000000 0.000000
vn 0.000000 1.000000 0.000000
vn 0.000000 1.000000 0.000000
vn 0.000000 1.000000 0.000000
vn 0.000000 1.000000 0.000000
vn 0.000000 1.000000 0.000000
vn 0.000000 1.000000 0.000000
vn 0.000000 1.000000 0.000000
vn 0.000000 1.000000 0.000000
vn 0.000000 1.000000 0.000000
vn 0.000000 1.000000 0.000000
vn 0.000000 1.000000 0.000000
vn 0.000000 1.000000 0.000000
vn 0.000000 1.000000 0.000000
vn 0.000000 1.000000 0.000000
vn 0.000000 1.000000 0.000000
vn 0.000000 1.000000 0.000000
vn 0.000000 1.000000 0.000000
vn 0.000000 1.000000 0.000000
vn 0.000000 1.000000 0.000000
vn 0.000000 1.000000 0.000000
vn 0.000000 1.000000 0.000000
vn 0.000000 1.000000 0.000000
vn 0.000000 1.000000 0.000000
vn 0.000000 1.000000 0.000000
vn 0.000000 1.000000 0.000000
vn 0.000000 1.000000 0.000000
vn 0.000000 1.000000 0.000000
vn 0.000000 1.000000 0.000000
vn 0.000000 1.000000 0.000000
vn 0.000000 1.000000 0.000000
vn 0.000000 1.000000 0.000000
vn 0.000000 1.000000 0.000000
vn 0.000000 1.000000 0.000000
vn 0.000000 1.000000 0.000000
vn 0.000000 1.000000 0.000000
vn 0.000000 1.000000 0.000000
vn 0.000000 1.000000 0.000000
vn 0.000000 1.000000 0.000000
vn 0.000000 1.000000 0.000000
vn 0.000000 1.000000 0.000000
vn 0.000000 1.000000 0.000000
vn 0.000000 1.000000 0.000000
vn 0.000000 1.000000 0.000000
vn 0.000000 1.000000 0.000000
vn 0.000000 1.000000 0.000000
vn 0.000000 1.000000 0.000000
vn 0.000000 1.000000 0.000000
vn 0.000000 1.000000 0.000000
vn 0.000000 1.000000 0.000000
vn 0.000000 1.000000 0.000000
vn 0.000000 1.000000 0.000000
vn 0.000000 1.000000 0.000000
vn 0.000000 1.000000 0.000000
vn 0.000000 1.000000 0.000000
vn 0.000000 1.000000 0.000000
vn 0.000000 1.000000 0.000000
vn 0.000000 1.000000 0.000000
vn 0.000000 1.000000 0.000000
vn 0.000000 1.000000 0.000000
vn 0.000000 1.000000 0.000000
vn 0.000000 1.000000 0.000000
vn 0.000000 1.000000 0.000000
vn 0.000000 1.000000 0.000000
vn 0.000000 1.000000 0.000000
vn 0.000000 1.000000 0.000000
vn 0.000000 1.000000 0.000000
vn 0.000000 1.000000 0.000000
vn 0.000000 1.000000 0.000000
vn 0.000000 1.000000 0.000000
vn 0.000000 1.000000 0.000000
vn 0.000000 1.000000 0.000000
vn 0.000000 1.000000 0.000000
vn 0.000000 1.000000 0.000000
vn 0.000000 1.000000 0.000000
vn 0.000000 1.000000 0.000000
vn 0.000000 1.000000 0.000000
vn 0.000000 1.000000 0.000000
vn 0.000000 1.000000 0.000000
vn 0.000000 1.000000 0.000000
vn 0.000000 1.000000 0.000000
vn 0.000000 1.000000 0.000000
vn 0.000000 1.000000 0.000000
vn 0.000000 1.000000 0.000000
vn 0.000000 1.000000 0.000000
vn 0.000000 1.000000 0.000000
vn 0.000000 1.000000 0.000000
vn 0.000000 1.000000 0.000000
vn 0.000000 1.000000 0.000000
vn 0.000000 1.000000 0.000000
vn 0.000000 1.000000 0.000000
vn 0.000000 1.000000 0.000000
vn 0.000000 1.000000 0.000000
vn 0.000000 1.000000 0.000000
vn 0.000000 1.000000 0.000000
vn 0.000000 1.000000 0.000000
vn 0.000000 1.000000 0.000000
vn 0.000000 1.000000 0.000000
vn 0.000000 1.000000 0.000000
vn 0.000000 1.000000 0.000000
vn 0.000000 1.000000 0.000000
vn 0.000000 1.000000 0.000000
vn 0.000000 1.000000 0.000000
vn 0.000000 1.000000 0.000000
vn 0.000000 1.000000 0.000000
vn 0.000000 1.000000 0.000000
vn 0.000000 1.000000 0.000000
vn 0.000000 1.000000 0.000000
vn 0.000000 1.000000 0.000000
vn 0.000000 1.000000 0.000000
vn 0.000000 1.000000 0.000000
vn 0.000000 1.000000 0.000000
vn 0.000000 1.000000 0.000000
vn 0.000000 1.000000 0.000000
vn 0.000000 1.000000 0.000000
vn 0.000000 1.000000 0.000000
vn 0.000000 1.000000 0.000000
vn 0.000000 1.000000 0.000000
vn 0.000000 1.000000 0.000000
vn 0.000000 1.000000 0.000000
vn 0.000000 1.000000 0.000000
vn 0.000000 1.000000 0.000000
vn 0.000000 1.000000 0.000000
vn 0.000000 1.000000 0.000000
vn 0.000000 1.000000 0.000000
vn 0.000000 1.000000 0.000000
vn 0.000000 1.000000 0.000000
vn 0.000000 1.000000 0.000000
vn 0.000000 1.000000 0.000000
vn 0.000000 1.000000 0.000000
vn 0.000000 1.000000 0.000000
vn 0.000000 1.000000 0.000000
vn 0.000000 1.000000 0.000000
vn 0.000000 1.000000 0.000000
vn 0.000000 1.000000 0.000000
vn 0.000000 1.000000 0.000000
vn 0.000000 1.000000 0.000000
vn 0.000000 1.000000 0.000000
vn 0.000000 1.000000 0.000000
vn 0.000000 1.000000 0.000000
vn 0.000000 1.000000 0.000000
vn 0.000000 1.000000 0.000000
vn 0.000000 1.000000 0.000000
vn 0.000000 1.000000 0.000000
vn 0.000000 1.000000 0.000000
vn 0.000000 1.000000 0.000000
vn 0.000000 1.000000 0.000000
vn 0.000000 1.000000 0.000000
vn 0.000000 1.000000 0.000000
vn 0.000000 1.000000 0.000000
vn 0.000000 1.000000 0.000000
vn 0.000000 1.000000 0.000000
vn 0.000000 1.000000 0.000000
vn 0.000000 1.000000 0.000000
vn 0.000000 1.000000 0.000000
vn 0.000000 1.000000 0.000000
vn 0.000000 1.000000 0.000000
vn 0.000000 1.000000 0.000000
vn 0.000000 1.000000 0.000000
vn 0.000000 1.000000 0.000000
vn 0.000000 1.000000 0.000000
vn 0.000000 1.000000 0.000000
vn 0.000000 1.000000 0.000000
vn 0.000000 1.000000 0.000000
vn 0.000000 1.000000 0.000000
vn 0.000000 1.000000 0.000000
vn 0.000000 1.000000 0.000000
vn 0.000000 1.000000 0.000000
vn 0.000000 1.000000 0.000000
vn 0.000000 1.000000 0.000000
vn 0.000000 1.000000 0.000000
vn 0.000000 1.000000 0.000000
vn 0.000000 1.000000 0.000000
vn 0.000000 1.000000 0.000000
vn 0.000000 1.000000 0.000000
vn 0.000000 1.000000 0.000000
vn 0.000000 1.000000 0.000000
vn 0.000000 1.000000 0.000000
vn 0.000000 1.000000 0.000000
vn 0.000000 1.000000 0.000000
vn 0.000000 1.000000 0.000000
vn 0.000000 1.000000 0.000000
vn 0.000000 1.000000 0.000000
vn 0.000000 1.000000 0.000000
vn 0.000000 1.000000 0.000000
vn 0.000000 1.000000 0.000000
vn 0.000000 1.000000 0.000000
vn 0.000000 1.000000 0.000000
vn 0.000000 1.000000 0.000000
vn 0.000000 1.000000 0.000000
vn 0.000000 1.000000 0.000000
vn 0.000000 1.000000 0.000000
vn 0.000000 1.000000 0.000000
vn 0.000000 1.000000 0.000000
vn 0.000000 1.000000 0.000000
vn 0.000000 1.000000 0.000000
vn 0.000000 1.000000 0.000000
vn 0.000000 1.000000 0.000000
vn 0.000000 1.000000 0.000000
vn 0.000000 1.000000 0.000000
vn 0.000000 1.000000 0.000000
vn 0.000000 1.000000 0.000000
vn 0.000000 1.000000 0.000000
vn 0.000000 1.000000 0.000000
vn 0.000000 1.000000 0.000000
vn 0.000000 1.000000 0.000000
vn 0.000000 1.000000 0.000000
vn 0.000000 1.000000 0.000000
vn 0.000000 1.000000 0.000000
vn 0.000000 1.000000 0.000000
vn 0.000000 1.000000 0.000000
vn 0.000000 1.000000 0.000000
vn 0.000000 1.000000 0.000000
vn 0.000000 1.000000 0.000000
vn 0.000000 1.000000 0.000000
vn 0.000000 1.000000 0.000000
vn 0.000000 1.000000 0.000000
vn 0.000000 1.000000 0.000000
vn 0.000000 1.000000 0.000000
vn 0.000000 1.000000 0.000000
vn 0.000000 1.000000 0.000000
vn 0.000000 1.000000 0.000000
vn 0.000000 1.000000 0.000000
vn 0.000000 1.000000 0.000000
vn 0.000000 1.000000 0.000000
vn 0.000000 1.000000 0.000000
vn 0.000000 1.000000 0.000000
vn 0.000000 1.000000 0.000000
vn 0.000000 1.000000 0.000000
vn 0.000000 1.000000 0.000000
vn 0.000000 1.000000 0.000000
vn 0.000000 1.000000 0.000000
vn 0.000000 1.000000 0.000000
vn 0.000000 1.000000 0.000000
vn 0.000000 1.000000 0.000000
vn 0.000000 1.000000 0.000000
vn 0.000000 1.000000 0.000000
vn 0.000000 1.000000 0.000000
vn 0.000000 1.000000 0.000000
vn 0.000000 1.000000 0.000000
vn 0.000000 1.000000 0.000000
vn 0.000000 1.000000 0.000000
vn 0.000000 1.000000 0.000000
vn 0.000000 1.000000 0.000000
vn 0.000000 1.000000 0.000000
vn 0.000000 1.000000 0.000000
vn 0.000000 1.000000 0.000000
vn 0.000000 1.000000 0.000000
vn 0.000000 1.000000 0.000000
vn 0.000000 1.000000 0.000000
vn 0.000000 1.000000 0.000000
vn 0.000000 1.000000 0.000000
vn 0.000000 1.000000 0.000000
vn 0.000000 1.000000 0.000000
vn 0.000000 1.000000 0.000000
vn 0.000000 1.000000 0.000000
vn 0.000000 1.000000 0.000000
vn 0.000000 1.000000 0.000000
vn 0.000000 1.000000 0.000000
vn 0.000000 1.000000 0.000000
vn 0.000000 1.000000 0.000000
vn 0.000000 1.000000 0.000000
vn 0.000000 1.000000 0.000000
vn 0.000000 1.000000 0.000000
vn 0.000000 1.000000 0.000000
vn 0.000000 1.000000 0.000000
vn 0.000000 1.000000 0.000000
vn 0.000000 1.000000 0.000000
vn 0.000000 1.000000 0.000000
vn 0.000000 1.000000 0.000000
vn 0.000000 1.000000 0.000000
vn 0.000000 1.000000 0.000000
vn 0.000000 1.000000 0.000000
vn 0.000000 1.000000 0.000000
vn 0.000000 1.000000 0.000000
vn 0.000000 1.000000 0.000000
vn 0.000000 1.000000 0.000000
vn 0.000000 1.000000 0.000000
vn 0.000000 1.000000 0.000000
vn 0.000000 1.000000 0.000000
vn 0.000000 1.000000 0.000000
vn 0.000000 1.000000 0.000000
vn 0.000000 1.000000 0.000000
vn 0.000000 1.000000 0.000000
vn 0.000000 1.000000 0.000000
vn 0.000000 1.000000 0.000000
vn 0.000000 1.000000 0.000000
vn 0.000000 1.000000 0.000000
vn 0.000000 1.000000 0.000000
vn 0.000000 1.000000 0.000000
vn 0.000000 1.000000 0.000000
vn 0.000000 1.000000 0.000000
vn 0.000000 1.000000 0.000000
vn 0.000000 1.000000 0.000000
vn 0.000000 1.000000 0.000000
vn 0.000000 1.000000 0.000000
vn 0.000000 1.000000 0.000000
vn 0.000000 1.000000 0.000000
vn 0.000000 1.000000 0.000000
vn 0.000000 1.000000 0.000000
vn 0.000000 1.000000 0.000000
vn 0.000000 1.000000 0.000000
vn 0.000000 1.000000 0.000000
vn 0.000000 1.000000 0.000000
vn 0.000000 1.000000 0.000000
vn 0.000000 1.000000 0.000000
vn 0.000000 1.000000 0.000000
vn 0.000000 1.000000 0.000000
vn 0.000000 1.000000 0.000000
vn 0.000000 1.000000 0.000000
vn 0.000000 1.000000 0.000000
vn 0.000000 1.000000 0.000000
vn 0.000000 1.000000 0.000000
vn 0.000000 1.000000 0.000000
vn 0.000000 1.000000 0.000000
vn 0.000000 1.000000 0.000000
vn 0.000000 1.000000 0.000000
vn 0.000000 1.000000 0.000000
vn 0.000000 1.000000 0.000000
vn 0.000000 1.000000 0.000000
vn 0.000000 1.000000 0.000000
vn 0.000000 1.000000 0.000000
vn 0.000000 1.000000 0.000000
vn 0.000000 1.000000 0.000000
vn 0.000000 1.000000 0.000000
vn 0.000000 1.000000 0.000000
vn 0.000000 1.000000 0.000000
vn 0.000000 1.000000 0.000000
vn 0.000000 1.000000 0.000000
vn 0.000000 1.000000 0.000000
vn 0.000000 1.000000 0.000000
vn 0.000000 1.000000 0.000000
vn 0.000000 1.000000 0.000000
vn 0.000000 1.000000 0.000000
vn 0.000000 1.000000 0.000000
vn 0.000000 1.000000 0.000000
vn 0.000000 1.000000 0.000000
vn 0.000000 1.000000 0.000000
vn 0.000000 1.000000 0.000000
vn 0.000000 1.000000 0.000000
vn 0.000000 1.000000 0.000000
vn 0.000000 1.000000 0.000000
vn 0.000000 1.000000 0.000000
vn 0.000000 1.000000 0.000000
vn 0.000000 1.000000 0.000000
vn 0.000000 1.000000 0.000000
vn 0.000000 1.000000 0.000000
vn 0.000000 1.000000 0.000000
vn 0.000000 1.000000 0.000000
vn 0.000000 1.000000 0.000000
vn 0.000000 1.000000 0.000000
vn 0.000000 1.000000 0.000000
vn 0.000000 1.000000 0.000000
vn 0.000000 1.000000 0.000000
vn 0.000000 1.000000 0.000000
vn 0.000000 1.000000 0.000000
vn 0.000000 1.000000 0.000000
vn 0.000000 1.000000 0.000000
vn 0.000000 1.000000 0.000000
vn 0.000000 1.000000 0.000000
vn 0.000000 1.000000 0.000000
vn 0.000000 1.000000 0.000000
vn 0.000000 1.000000 0.000000
vn 0.000000 1.000000 0.000000
vn 0.000000 1.000000 0.000000
vn 0.000000 1.000000 0.000000
vn 0.000000 1.000000 0.000000
vn 0.000000 1.000000 0.000000
vn 0.000000 1.000000 0.000000
vn 0.000000 1.000000 0.000000
vn 0.000000 1.000000 0.000000
vn 0.000000 1.000000 0.000000
vn 0.000000 1.000000 0.000000
vn 0.000000 1.000000 0.000000
vn 0.000000 1.000000 0.000000
vn 0.000000 1.000000 0.000000
vn 0.000000 1.000000 0.000000
vn 0.000000 1.000000 0.000000
vn 0.000000 1.000000 0.000000
vn 0.000000 1.000000 0.000000
vn 0.000000 1.000000 0.000000
vn 0.000000 1.000000 0.000000
vn 0.000000 1.000000 0.000000
vn 0.000000 1.000000 0.000000
vn 0.000000 1.000000 0.000000
vn 0.000000 1.000000 0.000000
vn 0.000000 1.000000 0.000000
vn 0.000000 1.000000 0.000000
vn 0.000000 1.000000 0.000000
vn 0.000000 1.000000 0.000000
vn 0.000000 1.000000 0.000000
vn 0.000000 1.000000 0.000000
vn 0.000000 1.000000 0.000000
vn 0.000000 1.000000 0.000000
vn 0.000000 1.000000 0.000000
vn 0.000000 1.000000 0.000000
vn 0.000000 1.000000 0.000000
vn 0.000000 1.000000 0.000000
vn 0.000000 1.000000 0.000000
vn 0.000000 1.000000 0.000000
vn 0.000000 1.000000 0.000000
vn 0.000000 1.000000 0.000000
vn 0.000000 1.000000 0.000000
vn 0.000000 1.000000 0.000000
vn 0.000000 1.000000 0.000000
vn 0.000000 1.000000 0.000000
vn 0.000000 1.000000 0.000000
vn 0.000000 1.000000 0.000000
vn 0.000000 1.000000 0.000000
vn 0.000000 1.000000 0.000000
vn 0.000000 1.000000 0.000000
vn 0.000000 1.000000 0.000000
vn 0.000000 1.000000 0.000000
vn 0.000000 1.000000 0.000000
vn 0.000000 1.000000 0.000000
vn 0.000000 1.000000 0.000000
vn 0.000000 1.000000 0.000000
vn 0.000000 1.000000 0.000000
vn 0.000000 1.000000 0.000000
vn 0.000000 1.000000 0.000000
vn 0.000000 1.000000 0.000000
vn 0.000000 1.000000 0.000000
vn 0.000000 1.000000 0.000000
vn 0.000000 1.000000 0.000000
vn 0.000000 1.000000 0.000000
vn 0.000000 1.000000 0.000000
vn 0.000000 1.000000 0.000000
vn 0.000000 1.000000 0.000000
vn 0.000000 1.000000 0.000000
vn 0.000000 1.000000 0.000000
vn 0.000000 1.000000 0.000000
vn 0.000000 1.000000 0.000000
vn 0.000000 1.000000 0.000000
vn 0.000000 1.000000 0.000000
vn 0.000000 1.000000 0.000000
vn 0.000000 1.000000 0.000000
vn 0.000000 1.000000 0.000000
vn 0.000000 1.000000 0.000000
vn 0.000000 1.000000 0.000000
vn 0.000000 1.000000 0.000000
vn 0.000000 1.000000 0.000000
vn 0.000000 1.000000 0.000000
vn 0.000000 1.000000 0.000000
vn 0.000000 1.000000 0.000000
vn 0.000000 1.000000 0.000000
vn 0.000000 1.000000 0.000000
vn 0.000000 1.000000 0.000000
vn 0.000000 1.000000 0.000000
vn 0.000000 1.000000 0.000000
vn 0.000000 1.000000 0.000000
vn 0.000000 1.000000 0.000000
vn 0.000000 1.000000 0.000000
vn 0.000000 1.000000 0.000000
vn 0.000000 1.000000 0.000000
vn 0.000000 1.000000 0.000000
vn 0.000000 1.000000 0.000000
vn 0.000000 1.000000 0.000000
vn 0.000000 1.000000 0.000000
vn 0.000000 1.000000 0.000000
vn 0.000000 1.000000 0.000000
vn 0.000000 1.000000 0.000000
vn 0.000000 1.000000 0.000000
vn 0.000000 1.000000 0.000000
vn 0.000000 1.000000 0.000000
vn 0.000000 1.000000 0.000000
vn 0.000000 1.000000 0.000000
vn 0.000000 1.000000 0.000000
vn 0.000000 1.000000 0.000000
vn 0.000000 1.000000 0.000000
vn 0.000000 1.000000 0.000000
vn 0.000000 1.000000 0.000000
vn 0.000000 1.000000 0.000000
vn 0.000000 1.000000 0.000000
vn 0.000000 1.000000 0.000000
vn 0.000000 1.000000 0.000000
vn 0.000000 1.000000 0.000000
vn 0.000000 1.000000 0.000000
vn 0.000000 1.000000 0.000000
vn 0.000000 1.000000 0.000000
vn 0.000000 1.000000 0.000000
vn 0.000000 1.000000 0.000000
vn 0.000000 1.000000 0.000000
vn 0.000000 1.000000 0.000000
vn 0.000000 1.000000 0.000000
vn 0.000000 1.000000 0.000000
vn 0.000000 1.000000 0.000000
vn 0.000000 1.000000 0.000000
vn 0.000000 1.000000 0.000000
vn 0.000000 1.000000 0.000000
vn 0.000000 1.000000 0.000000
vn 0.000000 1.000000 0.000000
vn 0.000000 1.000000 0.000000
vn 0.000000 1.000000 0.000000
vn 0.000000 1.000000 0.000000
vn 0.000000 1.000000 0.000000
vn 0.000000 1.000000 0.000000
vn 0.000000 1.000000 0.000000
vn 0.000000 1.000000 0.000000
vn 0.000000 1.000000 0.000000
vn 0.000000 1.000000 0.000000
vn 0.000000 1.000000 0.000000
vn 0.000000 1.000000 0.000000
vn 0.000000 1.000000 0.000000
vn 0.000000 1.000000 0.000000
vn 0.000000 1.000000 0.000000
vn 0.000000 1.000000 0.000000
vn 0.000000 1.000000 0.000000
vn 0.000000 1.000000 0.000000
vn 0.000000 1.000000 0.000000
vn 0.000000 1.000000 0.000000
vn 0.000000 1.000000 0.000000
vn 0.000000 1.000000 0.000000
vn 0.000000 1.000000 0.000000
vn 0.000000 1.000000 0.000000
vn 0.000000 1.000000 0.000000
vn 0.000000 1.000000 0.000000
vn 0.000000 1.000000 0.000000
vn 0.000000 1.000000 0.000000
vn 0.000000 1.000000 0.000000
vn 0.000000 1.000000 0.000000
vn 0.000000 1.000000 0.000000
vn 0.000000 1.000000 0.000000
vn 0.000000 1.000000 0.000000
vn 0.000000 1.000000 0.000000
vn 0.000000 1.000000 0.000000
vn 0.000000 1.000000 0.000000
vn 0.000000 1.000000 0.000000
vn 0.000000 1.000000 0.000000
vn 0.000000 1.000000 0.000000
vn 0.000000 1.000000 0.000000
vn 0.000000 1.000000 0.000000
vn 0.000000 1.000000 0.000000
vn 0.000000 1.000000 0.000000
vn 0.000000 1.000000 0.000000
vn 0.000000 1.000000 0.000000
vn 0.000000 1.000000 0.000000
vn 0.000000 1.000000 0.000000
vn 0.000000 1.000000 0.000000
vn 0.000000 1.000000 0.000000
vn 0.000000 1.000000 0.000000
vn 0.000000 1.000000 0.000000
vn 0.000000 1.000000 0.000000
vn 0.000000 1.000000 0.000000
vn 0.000000 1.000000 0.000000
vn 0.000000 1.000000 0.000000
vn 0.000000 1.000000 0.000000
vn 0.000000 1.000000 0.000000
vn 0.000000 1.000000 0.000000
vn 0.000000 1.000000 0.000000
vn 0.000000 1.000000 0.000000
vn 0.000000 1.000000 0.000000
vn 0.000000 1.000000 0.000000
vn 0.000000 1.000000 0.000000
vn 0.000000 1.000000 0.000000
vn 0.000000 1.000000 0.000000
vn 0.000000 1.000000 0.000000
vn 0.000000 1.000000 0.000000
vn 0.000000 1.000000 0.000000
vn 0.000000 1.000000 0.000000
vn 0.000000 1.000000 0.000000
vn 0.000000 1.000000 0.000000
vn 0.000000 1.000000 0.000000
vn 0.000000 1.000000 0.000000
vn 0.000000 1.000000 0.000000
vn 0.000000 1.000000 0.000000
vn 0.000000 1.000000 0.000000
vn 0.000000 1.000000 0.000000
vn 0.000000 1.000000 0.000000
vn 0.000000 1.000000 0.000000
vn 0.000000 1.000000 0.000000
vn 0.000000 1.000000 0.000000
vn 0.000000 1.000000 0.000000
vn 0.000000 1.000000 0.000000
vn 0.000000 1.000000 0.000000
vn 0.000000 1.000000 0.000000
vn 0.000000 1.000000 0.000000
vn 0.000000 1.000000 0.000000
vn 0.000000 1.000000 0.000000
vn 0.000000 1.000000 0.000000
vn 0.000000 1.000000 0.000000
vn 0.000000 1.000000 0.000000
vn 0.000000 1.000000 0.000000
vn 0.000000 1.000000 0.000000
vn 0.000000 1.000000 0.000000
vn 0.000000 1.000000 0.000000
vn 0.000000 1.000000 0.000000
vn 0.000000 1.000000 0.000000
vn 0.000000 1.000000 0.000000
vn 0.000000 1.000000 0.000000
vn 0.000000 1.000000 0.000000
vn 0.000000 1.000000 0.000000
vn 0.000000 1.000000 0.000000
vn 0.000000 1.000000 0.000000
vn 0.000000 1.000000 0.000000
vn 0.000000 1.000000 0.000000
vn 0.000000 1.000000 0.000000
vn 0.000000 1.000000 0.000000
vn 0.000000 1.000000 0.000000
vn 0.000000 1.000000 0.000000
vn 0.000000 1.000000 0.000000
vn 0.000000 1.000000 0.000000
vn 0.000000 1.000000 0.000000
vn 0.000000 1.000000 0.000000
vn 0.000000 1.000000 0.000000
vn 0.000000 1.000000 0.000000
vn 0.000000 1.000000 0.000000
vn 0.000000 1.000000 0.000000
vn 0.000000 1.000000 0.000000
vn 0.000000 1.000000 0.000000
vn 0.000000 1.000000 0.000000
vn 0.000000 1.000000 0.000000
vn 0.000000 1.000000 0.000000
vn 0.000000 1.000000 0.000000
vn 0.000000 1.000000 0.000000
vn 0.000000 1.000000 0.000000
vn 0.000000 1.000000 0.000000
vn 0.000000 1.000000 0.000000
vn 0.000000 1.000000 0.000000
vn 0.000000 1.000000 0.000000
vn 0.000000 1.000000 0.000000
vn 0.000000 1.000000 0.000000
vn 0.000000 1.000000 0.000000
vn 0.000000 1.000000 0.000000
vn 0.000000 1.000000 0.000000
vn 0.000000 1.000000 0.000000
vn 0.000000 1.000000 0.000000
vn 0.000000 1.000000 0.000000
vn 0.000000 1.000000 0.000000
vn 0.000000 1.000000 0.000000
vn 0.000000 1.000000 0.000000
vn 0.000000 1.000000 0.000000
vn 0.000000 1.000000 0.000000
vn 0.000000 1.000000 0.000000
vn 0.000000 1.000000 0.000000
vn 0.000000 1.000000 0.000000
vn 0.000000 1.000000 0.000000
vn 0.000000 1.000000 0.000000
vn 0.000000 1.000000 0.000000
vn 0.000000 1.000000 0.000000
vn 0.000000 1.000000 0.000000
vn 0.000000 1.000000 0.000000
vn 0.000000 1.000000 0.000000
vn 0.000000 1.000000 0.000000
vn 0.000000 1.000000 0.000000
vn 0.000000 1.000000 0.000000
vn 0.000000 1.000000 0.000000
vn 0.000000 1.000000 0.000000
vn 0.000000 1.000000 0.000000
vn 0.000000 1.000000 0.000000
vn 0.000000 1.000000 0.000000
vn 0.000000 1.000000 0.000000
vn 0.000000 1.000000 0.000000
vn 0.000000 1.000000 0.000000
vn 0.000000 1.000000 0.000000
vn 0.000000 1.000000 0.000000
vn 0.000000 1.000000 0.000000
vn 0.000000 1.000000 0.000000
vn 0.000000 1.000000 0.000000
vn 0.000000 1.000000 0.000000
vn 0.000000 1.000000 0.000000
vn 0.000000 1.000000 0.000000
vn 0.000000 1.000000 0.000000
vn 0.000000 1.000000 0.000000
vn 0.000000 1.000000 0.000000
vn 0.000000 1.000000 0.000000
vn 0.000000 1.000000 0.000000
vn 0.000000 1.000000 0.000000
vn 0.000000 1.000000 0.000000
vn 0.000000 1.000000 0.000000
vn 0.000000 1.000000 0.000000
vn 0.000000 1.000000 0.000000
vn 0.000000 1.000000 0.000000
vn 0.000000 1.000000 0.000000
vn 0.000000 1.000000 0.000000
vn 0.000000 1.000000 0.000000
vn 0.000000 1.000000 0.000000
vn 0.000000 1.000000 0.000000
vn 0.000000 1.000000 0.000000
vn 0.000000 1.000000 0.000000
vn 0.000000 1.000000 0.000000
vn 0.000000 1.000000 0.000000
vn 0.000000 1.000000 0.000000
vn 0.000000 1.000000 0.000000
vn 0.000000 1.000000 0.000000
vn 0.000000 1.000000 0.000000
vn 0.000000 1.000000 0.000000
vn 0.000000 1.000000 0.000000
vn 0.000000 1.000000 0.000000
vn 0.000000 1.000000 0.000000
vn 0.000000 1.000000 0.000000
vn 0.000000 1.000000 0.000000
vn 0.000000 1.000000 0.000000
vn 0.000000 1.000000 0.000000
vn 0.000000 1.000000 0.000000
vn 0.000000 1.000000 0.000000
vn 0.000000 1.000000 0.000000
vn 0.000000 1.000000 0.000000
vn 0.000000 1.000000 0.000000
vn 0.000000 1.000000 0.000000
vn 0.000000 1.000000 0.000000
vn 0.000000 1.000000 0.000000
vn 0.000000 1.000000 0.000000
vn 0.000000 1.000000 0.000000
vn 0.000000 1.000000 0.000000
vn 0.000000 1.000000 0.000000
vn 0.000000 1.000000 0.000000
vn 0.000000 1.000000 0.000000
vn 0.000000 1.000000 0.000000
vn 0.000000 1.000000 0.000000
vn 0.000000 1.000000 0.000000
vn 0.000000 1.000000 0.000000
vn 0.000000 1.000000 0.000000
vn 0.000000 1.000000 0.000000
vn 0.000000 1.000000 0.000000
vn 0.000000 1.000000 0.000000
vn 0.000000 1.000000 0.000000
vn 0.000000 1.000000 0.000000
vn 0.000000 1.000000 0.000000
vn 0.000000 1.000000 0.000000
vn 0.000000 1.000000 0.000000
vn 0.000000 1.000000 0.000000
vn 0.000000 1.000000 0.000000
vn 0.000000 1.000000 0.000000
vn 0.000000 1.000000 0.000000
vn 0.000000 1.000000 0.000000
vn 0.000000 1.000000 0.000000
vn 0.000000 1.000000 0.000000
vn 0.000000 1.000000 0.000000
vn 0.000000 1.000000 0.000000
vn 0.000000 1.000000 0.000000
vn 0.000000 1.000000 0.000000
vn 0.000000 1.000000 0.000000
vn 0.000000 1.000000 0.000000
vn 0.000000 1.000000 0.000000
vn 0.000000 1.000000 0.000000
vn 0.000000 1.000000 0.000000
vn 0.000000 1.000000 0.000000
vn 0.000000 1.000000 0.000000
vn 0.000000 1.000000 0.000000
vn 0.000000 1.000000 0.000000
vn 0.000000 1.000000 0.000000
vn 0.000000 1.000000 0.000000
vn 0.000000 1.000000 0.000000
vn 0.000000 1.000000 0.000000
vn 0.000000 1.000000 0.000000
vn 0.000000 1.000000 0.000000
vn 0.000000 1.000000 0.000000
vn 0.000000 1.000000 0.000000
vn 0.000000 1.000000 0.000000
vn 0.000000 1.000000 0.000000
vn 0.000000 1.000000 0.000000
vn 0.000000 1.000000 0.000000
vn 0.000000 1.000000 0.000000
vn 0.000000 1.000000 0.000000
vn 0.000000 1.000000 0.000000
vn 0.000000 1.000000 0.000000
vn 0.000000 1.000000 0.000000
vn 0.000000 1.000000 0.000000
vn 0.000000 1.000000 0.000000
vn 0.000000 1.000000 0.000000
vn 0.000000 1.000000 0.000000
vn 0.000000 1.000000 0.000000
vn 0.000000 1.000000 0.000000
vn 0.000000 1.000000 0.000000
vn 0.000000 1.000000 0.000000
vn 0.000000 1.000000 0.000000
vn 0.000000 1.000000 0.000000
vn 0.000000 1.000000 0.000000
vn 0.000000 1.000000 0.000000
vn 0.000000 1.000000 0.000000
vn 0.000000 1.000000 0.000000
vn 0.000000 1.000000 0.000000
vn 0.000000 1.000000 0.000000
vn 0.000000 1.000000 0.000000
vn 0.000000 1.000000 0.000000
vn 0.000000 1.000000 0.000000
vn 0.000000 1.000000 0.000000
vn 0.000000 1.000000 0.000000
vn 0.000000 1.000000 0.000000
vn 0.000000 1.000000 0.000000
vn 0.000000 1.000000 0.000000
vn 0.000000 1.000000 0.000000
vn 0.000000 1.000000 0.000000
vn 0.000000 1.000000 0.000000
vn 0.000000 1.000000 0.000000
vn 0.000000 1.000000 0.000000
vn 0.000000 1.000000 0.000000
vn 0.000000 1.000000 0.000000
vn 0.000000 1.000000 0.000000
vn 0.000000 1.000000 0.000000
vn 0.000000 1.000000 0.000000
vn 0.000000 1.000000 0.000000
vn 0.000000 1.000000 0.000000
vn 0.000000 1.000000 0.000000
vn 0.000000 1.000000 0.000000
vn 0.000000 1.000000 0.000000
vn 0.000000 1.000000 0.000000
vn 0.000000 1.000000 0.000000
vn 0.000000 1.000000 0.000000
vn 0.000000 1.000000 0.000000
vn 0.000000 1.000000 0.000000
vn 0.000000 1.000000 0.000000
vn 0.000000 1.000000 0.000000
vn 0.000000 1.000000 0.000000
vn 0.000000 1.000000 0.000000
vn 0.000000 1.000000 0.000000
vn 0.000000 1.000000 0.000000
vn 0.000000 1.000000 0.000000
vn 0.000000 1.000000 0.000000
vn 0.000000 1.000000 0.000000
vn 0.000000 1.000000 0.000000
vn 0.000000 1.000000 0.000000
vn 0.000000 1.000000 0.000000
vn 0.000000 1.000000 0.000000
vn 0.000000 1.000000 0.000000
vn 0.000000 1.000000 0.000000
vn 0.000000 1.000000 0.000000
vn 0.000000 1.000000 0.000000
vn 0.000000 1.000000 0.000000
vn 0.000000 1.000000 0.000000
vn 0.000000 1.000000 0.000000
vn 0.000000 1.000000 0.000000
vn 0.000000 1.000000 0.000000
vn 0.000000 1.000000 0.000000
vn 0.000000 1.000000 0.000000
vn 0.000000 1.000000 0.000000
vn 0.000000 1.000000 0.000000
vn 0.000000 1.000000 0.000000
vn 0.000000 1.000000 0.000000
vn 0.000000 1.000000 0.000000
vn 0.000000 1.000000 0.000000
vn 0.000000 1.000000 0.000000
vn 0.000000 1.000000 0.000000
vn 0.000000 1.000000 0.000000
vn 0.000000 1.000000 0.000000
vn 0.000000 1.000000 0.000000
vn 0.000000 1.000000 0.000000
vn 0.000000 1.000000 0.000000
vn 0.000000 1.000000 0.000000
vn 0.000000 1.000000 0.000000
vn 0.000000 1.000000 0.000000
vn 0.000000 1.000000 0.000000
vn 0.000000 1.000000 0.000000
vn 0.000000 1.000000 0.000000
vn 0.000000 1.000000 0.000000
vn 0.000000 1.000000 0.000000
vn 0.000000 1.000000 0.000000
vn 0.000000 1.000000 0.000000
vn 0.000000 1.000000 0.000000
vn 0.000000 1.000000 0.000000
vn 0.000000 1.000000 0.000000
vn 0.000000 1.000000 0.000000
vn 0.000000 1.000000 0.000000
vn 0.000000 1.000000 0.000000
vn 0.000000 1.000000 0.000000
vn 0.000000 1.000000 0.000000
vn 0.000000 1.000000 0.000000
vn 0.000000 1.000000 0.000000
vn 0.000000 1.000000 0.000000
vn 0.000000 1.000000 0.000000
vn 0.000000 1.000000 0.000000
vn 0.000000 1.000000 0.000000
vn 0.000000 1.000000 0.000000
vn 0.000000 1.000000 0.000000
vn 0.000000 1.000000 0.000000
vn 0.000000 1.000000 0.000000
vn 0.000000 1.000000 0.000000
vn 0.000000 1.000000 0.000000
vn 0.000000 1.000000 0.000000
vn 0.000000 1.000000 0.000000
vn 0.000000 1.000000 0.000000
vn 0.000000 1.000000 0.000000
vn 0.000000 1.000000 0.000000
vn 0.000000 1.000000 0.000000
vn 0.000000 1.000000 0.000000
vn 0.000000 1.000000 0.000000
vn 0.000000 1.000000 0.000000
vn 0.000000 1.000000 0.000000
vn 0.000000 1.000000 0.000000
vn 0.000000 1.000000 0.000000
vn 0.000000 1.000000 0.000000
vn 0.000000 1.000000 0.000000
vn 0.000000 1.000000 0.000000
vn 0.000000 1.000000 0.000000
vn 0.000000 1.000000 0.000000
vn 0.000000 1.000000 0.000000
vn 0.000000 1.000000 0.000000
vn 0.000000 1.000000 0.000000
vn 0.000000 1.000000 0.000000
vn 0.000000 1.000000 0.000000
vn 0.000000 1.000000 0.000000
vn 0.000000 1.000000 0.000000
vn 0.000000 1.000000 0.000000
vn 0.000000 1.000000 0.000000
vn 0.000000 1.000000 0.000000
vn 0.000000 1.000000 0.000000
vn 0.000000 1.000000 0.000000
vn 0.000000 1.000000 0.000000
vn 0.000000 1.000000 0.000000
vn 0.000000 1.000000 0.000000
vn 0.000000 1.000000 0.000000
vn 0.000000 1.000000 0.000000
vn 0.000000 1.000000 0.000000
vn 0.000000 1.000000 0.000000
vn 0.000000 1.000000 0.000000
vn 0.000000 1.000000 0.000000
vn 0.000000 1.000000 0.000000
vn 0.000000 1.000000 0.000000
vn 0.000000 1.000000 0.000000
vn 0.000000 1.000000 0.000000
vn 0.000000 1.000000 0.000000
vn 0.000000 1.000000 0.000000
vn 0.000000 1.000000 0.000000
vn 0.000000 1.000000 0.000000
vn 0.000000 1.000000 0.000000
vn 0.000000 1.000000 0.000000
vn 0.000000 1.000000 0.000000
vn 0.000000 1.000000 0.000000
vn 0.000000 1.000000 0.000000
vn 0.000000 1.000000 0.000000
vn 0.000000 1.000000 0.000000
vn 0.000000 1.000000 0.000000
vn 0.000000 1.000000 0.000000
vn 0.000000 1.000000 0.000000
vn 0.000000 1.000000 0.000000
vn 0.000000 1.000000 0.000000
vn 0.000000 1.000000 0.000000
vn 0.000000 1.000000 0.000000
vn 0.000000 1.000000 0.000000
vn 0.000000 1.000000 0.000000
vn 0.000000 1.000000 0.000000
vn 0.000000 1.000000 0.000000
vn 0.000000 1.000000 0.000000
vn 0.000000 1.000000 0.000000
vn 0.000000 1.000000 0.000000
vn 0.000000 1.000000 0.000000
vn 0.000000 1.000000 0.000000
vn 0.000000 1.000000 0.000000
vn 0.000000 1.000000 0.000000
vn 0.000000 1.000000 0.000000
vn 0.000000 1.000000 0.000000
vn 0.000000 1.000000 0.000000
vn 0.000000 1.000000 0.000000
vn 0.000000 1.000000 0.000000
vn 0.000000 1.000000 0.000000
vn 0.000000 1.000000 0.000000
vn 0.000000 1.000000 0.000000
vn 0.000000 1.000000 0.000000
vn 0.000000 1.000000 0.000000
vn 0.000000 1.000000 0.000000
vn 0.000000 1.000000 0.000000
vn 0.000000 1.000000 0.000000
vn 0.000000 1.000000 0.000000
vn 0.000000 1.000000 0.000000
vn 0.000000 1.000000 0.000000
vn 0.000000 1.000000 0.000000
vn 0.000000 1.000000 0.000000
vn 0.000000 1.000000 0.000000
vn 0.000000 1.000000 0.000000
vn 0.000000 1.000000 0.000000
vn 0.000000 1.000000 0.000000
vn 0.000000 1.000000 0.000000
vn 0.000000 1.000000 0.000000
vn 0.000000 1.000000 0.000000
vn 0.000000 1.000000 0.000000
vn 0.000000 1.000000 0.000000
vn 0.000000 1.000000 0.000000
vn 0.000000 1.000000 0.000000
vn 0.000000 1.000000 0.000000
vn 0.000000 1.000000 0.000000
vn 0.000000 1.000000 0.000000
vn 0.000000 1.000000 0.000000
vn 0.000000 1.000000 0.000000
vn 0.000000 1.000000 0.000000
vn 0.000000 1.000000 0.000000
vn 0.000000 1.000000 0.000000
vn 0.000000 1.000000 0.000000
vn 0.000000 1.000000 0.000000
vn 0.000000 1.000000 0.000000
vn 0.000000 1.000000 0.000000
vn 0.000000 1.000000 0.000000
vn 0.000000 1.000000 0.000000
vn 0.000000 1.000000 0.000000
vn 0.000000 1.000000 0.000000
vn 0.000000 1.000000 0.000000
vn 0.000000 1.000000 0.000000
vn 0.000000 1.000000 0.000000
vn 0.000000 1.000000 0.000000
vn 0.000000 1.000000 0.000000
vn 0.000000 1.000000 0.000000
vn 0.000000 1.000000 0.000000
vn 0.000000 1.000000 0.000000
vn 0.000000 1.000000 0.000000
vn 0.000000 1.000000 0.000000
vn 0.000000 1.000000 0.000000
vn 0.000000 1.000000 0.000000
vn 0.000000 1.000000 0.000000
vn 0.000000 1.000000 0.000000
vn 0.000000 1.000000 0.000000
vn 0.000000 1.000000 0.000000
vn 0.000000 1.000000 0.000000
vn 0.000000 1.000000 0.000000
vn 0.000000 1.000000 0.000000
vn 0.000000 1.000000 0.000000
vn 0.000000 1.000000 0.000000
vn 0.000000 1.000000 0.000000
vn 0.000000 1.000000 0.000000
vn 0.000000 1.000000 0.000000
vn 0.000000 1.000000 0.000000
vn 0.000000 1.000000 0.000000
vn 0.000000 1.000000 0.000000
vn 0.000000 1.000000 0.000000
vn 0.000000 1.000000 0.000000
vn 0.000000 1.000000 0.000000
vn 0.000000 1.000000 0.000000
vn 0.000000 1.000000 0.000000
vn 0.000000 1.000000 0.000000
vn 0.000000 1.000000 0.000000
vn 0.000000 1.000000 0.000000
vn 0.000000 1.000000 0.000000
vn 0.000000 1.000000 0.000000
vn 0.000000 1.000000 0.000000
vn 0.000000 1.000000 0.000000
vn 0.000000 1.000000 0.000000
vn 0.000000 1.000000 0.000000
vn 0.000000 1.000000 0.000000
vn 0.000000 1.000000 0.000000
vn 0.000000 1.000000 0.000000
vn 0.000000 1.000000 0.000000
vn 0.000000 1.000000 0.000000
vn 0.000000 1.000000 0.000000
vn 0.000000 1.000000 0.000000
vn 0.000000 1.000000 0.000000
vn 0.000000 1.000000 0.000000
vn 0.000000 1.000000 0.000000
vn 0.000000 1.000000 0.000000
vn 0.000000 1.000000 0.000000
vn 0.000000 1.000000 0.000000
vn 0.000000 1.000000 0.000000
vn 0.000000 1.000000 0.000000
vn 0.000000 1.000000 0.000000
vn 0.000000 1.000000 0.000000
vn 0.000000 1.000000 0.000000
vn 0.000000 1.000000 0.000000
vn 0.000000 1.000000 0.000000
vn 0.000000 1.000000 0.000000
vn 0.000000 1.000000 0.000000
vn 0.000000 1.000000 0.000000
vn 0.000000 1.000000 0.000000
vn 0.000000 1.000000 0.000000
vn 0.000000 1.000000 0.000000
vn 0.000000 1.000000 0.000000
vn 0.000000 1.000000 0.000000
vn 0.000000 1.000000 0.000000
vn 0.000000 1.000000 0.000000
vn 0.000000 1.000000 0.000000
vn 0.000000 1.000000 0.000000
vn 0.000000 1.000000 0.000000
vn 0.000000 1.000000 0.000000
vn 0.000000 1.000000 0.000000
vn 0.000000 1.000000 0.000000
vn 0.000000 1.000000 0.000000
vn 0.000000 1.000000 0.000000
vn 0.000000 1.000000 0.000000
vn 0.000000 1.000000 0.000000
vn 0.000000 1.000000 0.000000
vn 0.000000 1.000000 0.000000
vn 0.000000 1.000000 0.000000
vn 0.000000 1.000000 0.000000
vn 0.000000 1.000000 0.000000
vn 0.000000 1.000000 0.000000
vn 0.000000 1.000000 0.000000
vn 0.000000 1.000000 0.000000
vn 0.000000 1.000000 0.000000
vn 0.000000 1.000000 0.000000
vn 0.000000 1.000000 0.000000
vn 0.000000 1.000000 0.000000
vn 0.000000 1.000000 0.000000
vn 0.000000 1.000000 0.000000
vn 0.000000 1.000000 0.000000
vn 0.000000 1.000000 0.000000
vn 0.000000 1.000000 0.000000
vn 0.000000 1.000000 0.000000
vn 0.000000 1.000000 0.000000
vn 0.000000 1.000000 0.000000
vn 0.000000 1.000000 0.000000
vn 0.000000 1.000000 0.000000
vn 0.000000 1.000000 0.000000
vn 0.000000 1.000000 0.000000
vn 0.000000 1.000000 0.000000
vn 0.000000 1.000000 0.000000
vn 0.000000 1.000000 0.000000
vn 0.000000 1.000000 0.000000
vn 0.000000 1.000000 0.000000
vn 0.000000 1.000000 0.000000
vn 0.000000 1.000000 0.000000
vn 0.000000 1.000000 0.000000
vn 0.000000 1.000000 0.000000
vn 0.000000 1.000000 0.000000
vn 0.000000 1.000000 0.000000
vn 0.000000 1.000000 0.000000
vn 0.000000 1.000000 0.000000
vn 0.000000 1.000000 0.000000
vn 0.000000 1.000000 0.000000
vn 0.000000 1.000000 0.000000
vn 0.000000 1.000000 0.000000
vn 0.000000 1.000000 0.000000
vn 0.000000 1.000000 0.000000
vn 0.000000 1.000000 0.000000
vn 0.000000 1.000000 0.000000
vn 0.000000 1.000000 0.000000
vn 0.000000 1.000000 0.000000
vn 0.000000 1.000000 0.000000
vn 0.000000 1.000000 0.000000
vn 0.000000 1.000000 0.000000
vn 0.000000 1.000000 0.000000
vn 0.000000 1.000000 0.000000
vn 0.000000 1.000000 0.000000
vn 0.000000 1.000000 0.000000
vn 0.000000 1.000000 0.000000
vn 0.000000 1.000000 0.000000
vn 0.000000 1.000000 0.000000
vn 0.000000 1.000000 0.000000
vn 0.000000 1.000000 0.000000
vn 0.000000 1.000000 0.000000
vn 0.000000 1.000000 0.000000
vn 0.000000 1.000000 0.000000
vn 0.000000 1.000000 0.000000
vn 0.000000 1.000000 0.000000
vn 0.000000 1.000000 0.000000
vn 0.000000 1.000000 0.000000
vn 0.000000 1.000000 0.000000
vn 0.000000 1.000000 0.000000
vn 0.000000 1.000000 0.000000
vn 0.000000 1.000000 0.000000
vn 0.000000 1.000000 0.000000
vn 0.000000 1.000000 0.000000
vn 0.000000 1.000000 0.000000
vn 0.000000 1.000000 0.000000
vn 0.000000 1.000000 0.000000
vn 0.000000 1.000000 0.000000
vn 0.000000 1.000000 0.000000
vn 0.000000 1.000000 0.000000
vn 0.000000 1.000000 0.000000
vn 0.000000 1.000000 0.000000
vn 0.000000 1.000000 0.000000
vn 0.000000 1.000000 0.000000
vn 0.000000 1.000000 0.000000
vn 0.000000 1.000000 0.000000
vn 0.000000 1.000000 0.000000
vn 0.000000 1.000000 0.000000
vn 0.000000 1.000000 0.000000
vn 0.000000 1.000000 0.000000
vn 0.000000 1.000000 0.000000
vn 0.000000 1.000000 0.000000
vn 0.000000 1.000000 0.000000
vn 0.000000 1.000000 0.000000
vn 0.000000 1.000000 0.000000
vn 0.000000 1.000000 0.000000
vn 0.000000 1.000000 0.000000
vn 0.000000 1.000000 0.000000
vn 0.000000 1.000000 0.000000
vn 0.000000 1.000000 0.000000
vn 0.000000 1.000000 0.000000
vn 0.000000 1.000000 0.000000
vn 0.000000 1.000000 0.000000
vn 0.000000 1.000000 0.000000
vn 0.000000 1.000000 0.000000
vn 0.000000 1.000000 0.000000
vn 0.000000 1.000000 0.000000
vn 0.000000 1.000000 0.000000
vn 0.000000 1.000000 0.000000
vn 0.000000 1.000000 0.000000
vn 0.000000 1.000000 0.000000
vn 0.000000 1.000000 0.000000
vn 0.000000 1.000000 0.000000
vn 0.000000 1.000000 0.000000
vn 0.000000 1.000000 0.000000
vn 0.000000 1.000000 0.000000
vn 0.000000 1.000000 0.000000
vn 0.000000 1.000000 0.000000
vn 0.000000 1.000000 0.000000
vn 0.000000 1.000000 0.000000
vn 0.000000 1.000000 0.000000
vn 0.000000 1.000000 0.000000
vn 0.000000 1.000000 0.000000
vn 0.000000 1.000000 0.000000
vn 0.000000 1.000000 0.000000
vn 0.000000 1.000000 0.000000
vn 0.000000 1.000000 0.000000
vn 0.000000 1.000000 0.000000
vn 0.000000 1.000000 0.000000
vn 0.000000 1.000000 0.000000
vn 0.000000 1.000000 0.000000
vn 0.000000 1.000000 0.000000
vn 0.000000 1.000000 0.000000
vn 0.000000 1.000000 0.000000
vn 0.000000 1.000000 0.000000
vn 0.000000 1.000000 0.000000
vn 0.000000 1.000000 0.000000
vn 0.000000 1.000000 0.000000
vn 0.000000 1.000000 0.000000
vn 0.000000 1.000000 0.000000
vn 0.000000 1.000000 0.000000
vn 0.000000 1.000000 0.000000
vn 0.000000 1.000000 0.000000
vn 0.000000 1.000000 0.000000
vn 0.000000 1.000000 0.000000
vn 0.000000 1.000000 0.000000
vn 0.000000 1.000000 0.000000
vn 0.000000 1.000000 0.000000
vn 0.000000 1.000000 0.000000
vn 0.000000 1.000000 0.000000
vn 0.000000 1.000000 0.000000
vn 0.000000 1.000000 0.000000
vn 0.000000 1.000000 0.000000
vn 0.000000 1.000000 0.000000
vn 0.000000 1.000000 0.000000
vn 0.000000 1.000000 0.000000
vn 0.000000 1.000000 0.000000
vn 0.000000 1.000000 0.000000
vn 0.000000 1.000000 0.000000
vn 0.000000 1.000000 0.000000
vn 0.000000 1.000000 0.000000
vn 0.000000 1.000000 0.000000
vn 0.000000 1.000000 0.000000
vn 0.000000 1.000000 0.000000
vn 0.000000 1.000000 0.000000
vn 0.000000 1.000000 0.000000
vn 0.000000 1.000000 0.000000
vn 0.000000 1.000000 0.000000
vn 0.000000 1.000000 0.000000
vn 0.000000 1.000000 0.000000
vn 0.000000 1.000000 0.000000
vn 0.000000 1.000000 0.000000
vn 0.000000 1.000000 0.000000
vn 0.000000 1.000000 0.000000
vn 0.000000 1.000000 0.000000
vn 0.000000 1.000000 0.000000
vn 0.000000 1.000000 0.000000
vn 0.000000 1.000000 0.000000
vn 0.000000 1.000000 0.000000
vn 0.000000 1.000000 0.000000
vn 0.000000 1.000000 0.000000
vn 0.000000 1.000000 0.000000
vn 0.000000 1.000000 0.000000
vn 0.000000 1.000000 0.000000
vn 0.000000 1.000000 0.000000
vn 0.000000 1.000000 0.000000
vn 0.000000 1.000000 0.000000
vn 0.000000 1.000000 0.000000
vn 0.000000 1.000000 0.000000
vn 0.000000 1.000000 0.000000
vn 0.000000 1.000000 0.000000
vn 0.000000 1.000000 0.000000
vn 0.000000 1.000000 0.000000
vn 0.000000 1.000000 0.000000
vn 0.000000 1.000000 0.000000
vn 0.000000 1.000000 0.000000
vn 0.000000 1.000000 0.000000
vn 0.000000 1.000000 0.000000
vn 0.000000 1.000000 0.000000
vn 0.000000 1.000000 0.000000
vn 0.000000 1.000000 0.000000
vn 0.000000 1.000000 0.000000
vn 0.000000 1.000000 0.000000
vn 0.000000 1.000000 0.000000
vn 0.000000 1.000000 0.000000
vn 0.000000 1.000000 0.000000
vn 0.000000 1.000000 0.000000
vn 0.000000 1.000000 0.000000
vn 0.000000 1.000000 0.000000
vn 0.000000 1.000000 0.000000
vn 0.000000 1.000000 0.000000
vn 0.000000 1.000000 0.000000
vn 0.000000 1.000000 0.000000
vn 0.000000 1.000000 0.000000
vn 0.000000 1.000000 0.000000
vn 0.000000 1.000000 0.000000
vn 0.000000 1.000000 0.000000
vn 0.000000 1.000000 0.000000
vn 0.000000 1.000000 0.000000
vn 0.000000 1.000000 0.000000
vn 0.000000 1.000000 0.000000
vn 0.000000 1.000000 0.000000
vn 0.000000 1.000000 0.000000
vn 0.000000 1.000000 0.000000
vn 0.000000 1.000000 0.000000
vn 0.000000 1.000000 0.000000
vn 0.000000 1.000000 0.000000
vn 0.000000 1.000000 0.000000
vn 0.000000 1.000000 0.000000
vn 0.000000 1.000000 0.000000
vn 0.000000 1.000000 0.000000
vn 0.000000 1.000000 0.000000
vn 0.000000 1.000000 0.000000
vn 0.000000 1.000000 0.000000
vn 0.000000 1.000000 0.000000
vn 0.000000 1.000000 0.000000
vn 0.000000 1.000000 0.000000
vn 0.000000 1.000000 0.000000
vn 0.000000 1.000000 0.000000
vn 0.000000 1.000000 0.000000
vn 0.000000 1.000000 0.000000
vn 0.000000 1.000000 0.000000
vn 0.000000 1.000000 0.000000
vn 0.000000 1.000000 0.000000
vn 0.000000 1.000000 0.000000
vn 0.000000 1.000000 0.000000
vn 0.000000 1.000000 0.000000
vn 0.000000 1.000000 0.000000
vn 0.000000 1.000000 0.000000
vn 0.000000 1.000000 0.000000
vn 0.000000 1.000000 0.000000
vn 0.000000 1.000000 0.000000
vn 0.000000 1.000000 0.000000
vn 0.000000 1.000000 0.000000
vn 0.000000 1.000000 0.000000
vn 0.000000 1.000000 0.000000
vn 0.000000 1.000000 0.000000
f 4//4 3//3 1//1
f 4//4 1//1 66//66
f 5//5 65//65 64//64
f 5//5 64//64 6//6
f 4//4 66//66 65//65
f 4//4 65//65 5//5
f 8//8 7//7 63//63
f 8//8 63//63 62//62
f 9//9 61//61 60//60
f 9//9 60//60 10//10
f 9//9 8//8 62//62
f 9//9 62//62 61//61
f 7//7 6//6 64//64
f 7//7 64//64 63//63
f 12//12 11//11 59//59
f 12//12 59//59 58//58
f 13//13 57//57 56//56
f 13//13 56//56 14//14
f 13//13 12//12 58//58
f 13//13 58//58 57//57
f 15//15 55//55 54//54
f 15//15 54//54 16//16
f 18//18 17//17 53//53
f 18//18 53//53 52//52
f 16//16 54//54 53//53
f 16//16 53//53 17//17
f 14//14 56//56 55//55
f 14//14 55//55 15//15
f 10//10 60//60 59//59
f 10//10 59//59 11//11
f 19//19 18//18 52//52
f 19//19 52//52 51//51
f 20//20 50//50 49//49
f 20//20 49//49 21//21
f 22//22 48//48 47//47
f 22//22 47//47 23//23
f 21//21 49//49 48//48
f 21//21 48//48 22//22
f 25//25 24//24 46//46
f 25//25 46//46 45//45
f 27//27 26//26 44//44
f 27//27 44//44 43//43
f 26//26 25//25 45//45
f 26//26 45//45 44//44
f 24//24 23//23 47//47
f 24//24 47//47 46//46
f 28//28 42//42 41//41
f 28//28 41//41 29//29
f 30//30 40//40 39//39
f 30//30 39//39 31//31
f 29//29 41//41 40//40
f 29//29 40//40 30//30
f 32//32 38//38 37//37
f 32//32 37//37 33//33
f 34//34 36//36 35//35
f 34//34 35//35 2//2
f 33//33 37//37 36//36
f 33//33 36//36 34//34
f 31//31 39//39 38//38
f 31//31 38//38 32//32
f 28//28 27//27 43//43
f 28//28 43//43 42//42
f 50//50 20//20 19//19
f 50//50 19//19 51//51
f 70//70 69//69 67//67
f 70//70 67//67 132//132
f 71//71 131//131 130//130
f 71//71 130//130 72//72
f 70//70 132//132 131//131
f 70//70 131//131 71//71
f 74//74 73//73 129//129
f 74//74 129//129 128//128
f 75//75 127//127 126//126
f 75//75 126//126 76//76
f 75//75 74//74 128//128
f 75//75 128//128 127//127
f 73//73 72//72 130//130
f 73//73 130//130 129//129
f 78//78 77//77 125//125
f 78//78 125//125 124//124
f 79//79 123//123 122//122
f 79//79 122//122 80//80
f 79//79 78//78 124//124
f 79//79 124//124 123//123
f 81//81 121//121 120//120
f 81//81 120//120 82//82
f 84//84 83//83 119//119
f 84//84 119//119 118//118
f 82//82 120//120 119//119
f 82//82 119//119 83//83
f 80//80 122//122 121//121
f 80//80 121//121 81//81
f 76//76 126//126 125//125
f 76//76 125//125 77//77
f 85//85 84//84 118//118
f 85//85 118//118 117//117
f 86//86 116//116 115//115
f 86//86 115//115 87//87
f 88//88 114//114 113//113
f 88//88 113//113 89//89
f 87//87 115//115 114//114
f 87//87 114//114 88//88
f 91//91 90//90 112//112
f 91//91 112//112 111//111
f 93//93 92//92 110//110
f 93//93 110//110 109//109
f 92//92 91//91 111//111
f 92//92 111//111 110//110
f 90//90 89//89 113//113
f 90//90 113//113 112//112
f 94//94 108//108 107//107
f 94//94 107//107 95//95
f 96//96 106//106 105//105
f 96//96 105//105 97//97
f 95//95 107//107 106//106
f 95//95 106//106 96//96
f 98//98 104//104 103//103
f 98//98 103//103 99//99
f 100//100 102//102 101//101
f 100//100 101//101 68//68
f 99//99 103//103 102//102
f 99//99 102//102 100//100
f 97//97 105//105 104//104
f 97//97 104//104 98//98
f 94//94 93//93 109//109
f 94//94 109//109 108//108
f 116//116 86//86 85//85
f 116//116 85//85 117//117
f 136//136 135//135 133//133
f 136//136 133//133 198//198
f 137//137 197//197 196//196
f 137//137 196//196 138//138
f 136//136 198//198 197//197
f 136//136 197//197 137//137
f 140//140 139//139 195//195
f 140//140 195//195 194//194
f 141//141 193//193 192//192
f 141//141 192//192 142//142
f 141//141 140//140 194//194
f 141//141 194//194 193//193
f 139//139 138//138 196//196
f 139//139 196//196 195//195
f 144//144 143//143 191//191
f 144//144 191//191 190//190
f 145//145 189//189 188//188
f 145//145 188//188 146//146
f 145//145 144//144 190//190
f 145//145 190//190 189//189
f 147//147 187//187 186//186
f 147//147 186//186 148//148
f 150//150 149//149 185//185
f 150//150 185//185 184//184
f 148//148 186//186 185//185
f 148//148 185//185 149//149
f 146//146 188//188 187//187
f 146//146 187//187 147//147
f 142//142 192//192 191//191
f 142//142 191//191 143//143
f 151//151 150//150 184//184
f 151//151 184//184 183//183
f 152//152 182//182 181//181
f 152//152 181//181 153//153
f 154//154 180//180 179//179
f 154//154 179//179 155//155
f 153//153 181//181 180//180
f 153//153 180//180 154//154
f 157//157 156//156 178//178
f 157//157 178//178 177//177
f 159//159 158//158 176//176
f 159//159 176//176 175//175
f 158//158 157//157 177//177
f 158//158 177//177 176//176
f 156//156 155//155 179//179
f 156//156 179//179 178//178
f 160//160 174//174 173//173
f 160//160 173//173 161//161
f 162//162 172//172 171//171
f 162//162 171//171 163//163
f 161//161 173//173 172//172
f 161//161 172//172 162//162
f 164//164 170//170 169//169
f 164//164 169//169 165//165
f 166//166 168//168 167//167
f 166//166 167//167 134//134
f 165//165 169//169 168//168
f 165//165 168//168 166//166
f 163//163 171//171 170//170
f 163//163 170//170 164//164
f 160//160 159//159 175//175
f 160//160 175//175 174//174
f 182//182 152//152 151//151
f 182//182 151//151 183//183
f 202//202 201//201 199//199
f 202//202 199//199 264//264
f 203//203 263//263 262//262
f 203//203 262//262 204//204
f 202//202 264//264 263//263
f 202//202 263//263 203//203
f 206//206 205//205 261//261
f 206//206 261//261 260//260
f 207//207 259//259 258//258
f 207//207 258//258 208//208
f 207//207 206//206 260//260
f 207//207 260//260 259//259
f 205//205 204//204 262//262
f 205//205 262//262 261//261
f 210//210 209//209 257//257
f 210//210 257//257 256//256
f 211//211 255//255 254//254
f 211//211 254//254 212//212
f 211//211 210//210 256//256
f 211//211 256//256 255//255
f 213//213 253//253 252//252
f 213//213 252//252 214//214
f 216//216 215//215 251//251
f 216//216 251//251 250//250
f 214//214 252//252 251//251
f 214//214 251//251 215//215
f 212//212 254//254 253//253
f 212//212 253//253 213//213
f 208//208 258//258 257//257
f 208//208 257//257 209//209
f 217//217 216//216 250//250
f 217//217 250//250 249//249
f 218//218 248//248 247//247
f 218//218 247//247 219//219
f 220//220 246//246 245//245
f 220//220 245//245 221//221
f 219//219 247//247 246//246
f 219//219 246//246 220//220
f 223//223 222//222 244//244
f 223//223 244//244 243//243
f 225//225 224//224 242//242
f 225//225 242//242 241//241
f 224//224 223//223 243//243
f 224//224 243//243 242//242
f 222//222 221//221 245//245
f 222//222 245//245 244//244
f 226//226 240//240 239//239
f 226//226 239//239 227//227
f 228//228 238//238 237//237
f 228//228 237//237 229//229
f 227//227 239//239 238//238
f 227//227 238//238 228//228
f 230//230 236//236 235//235
f 230//230 235//235 231//231
f 232//232 234//234 233//233
f 232//232 233//233 200//200
f 231//231 235//235 234//234
f 231//231 234//234 232//232
f 229//229 237//237 236//236
f 229//229 236//236 230//230
f 226//226 225//225 241//241
f 226//226 241//241 240//240
f 248//248 218//218 217//217
f 248//248 217//217 249//249
f 266//266 268//268 267//267
f 266//266 267//267 265//265
f 275//275 269//269 270//270
f 275//275 270//270 274//274
f 274//274 273//273 276//276
f 274//274 276//276 275//275
f 279//279 278//278 277//277
f 272//272 279//279 277//277
f 277//277 276//276 273//273
f 277//277 273//273 272//272
f 279//279 272//272 271//271
f 282//282 280//280 284//284
f 281//281 283//283 284//284
f 282//282 284//284 283//283
f 305//305 285//285 286//286
f 305//305 286//286 304//304
f 307//307 306//306 303//303
f 307//307 303//303 302//302
f 306//306 305//305 304//304
f 306//306 304//304 303//303
f 309//309 308//308 301//301
f 309//309 301//301 300//300
f 311//311 310//310 299//299
f 311//311 299//299 298//298
f 310//310 309//309 300//300
f 310//310 300//300 299//299
f 308//308 307//307 302//302
f 308//308 302//302 301//301
f 287//287 311//311 298//298
f 287//287 298//298 297//297
f 312//312 296//296 295//295
f 312//312 295//295 313//313
f 315//315 314//314 294//294
f 315//315 294//294 293//293
f 314//314 313//313 295//295
f 314//314 295//295 294//294
f 316//316 292//292 291//291
f 316//316 291//291 317//317
f 288//288 318//318 290//290
f 288//288 290//290 289//289
f 317//317 291//291 290//290
f 317//317 290//290 318//318
f 315//315 293//293 292//292
f 315//315 292//292 316//316
f 296//296 312//312 287//287
f 296//296 287//287 297//297
f 320//320 322//322 321//321
f 320//320 321//321 319//319
f 329//329 323//323 324//324
f 329//329 324//324 328//328
f 328//328 327//327 330//330
f 328//328 330//330 329//329
f 333//333 332//332 331//331
f 326//326 333//333 331//331
f 331//331 330//330 327//327
f 331//331 327//327 326//326
f 333//333 326//326 325//325
f 336//336 334//334 337//337
f 335//335 338//338 337//337
f 336//336 337//337 338//338
f 359//359 339//339 340//340
f 359//359 340//340 358//358
f 361//361 360//360 357//357
f 361//361 357//357 356//356
f 360//360 359//359 358//358
f 360//360 358//358 357//357
f 363//363 362//362 355//355
f 363//363 355//355 354//354
f 365//365 364//364 353//353
f 365//365 353//353 352//352
f 364//364 363//363 354//354
f 364//364 354//354 353//353
f 362//362 361//361 356//356
f 362//362 356//356 355//355
f 341//341 365//365 352//352
f 341//341 352//352 342//342
f 367//367 366//366 351//351
f 367//367 351//351 350//350
f 369//369 368//368 349//349
f 369//369 349//349 348//348
f 368//368 367//367 350//350
f 368//368 350//350 349//349
f 371//371 370//370 347//347
f 371//371 347//347 346//346
f 343//343 372//372 345//345
f 343//343 345//345 344//344
f 372//372 371//371 346//346
f 372//372 346//346 345//345
f 370//370 369//369 348//348
f 370//370 348//348 347//347
f 366//366 341//341 342//342
f 366//366 342//342 351//351
f 374//374 376//376 375//375
f 374//374 375//375 373//373
f 384//384 377//377 378//378
f 384//384 378//378 383//383
f 383//383 382//382 385//385
f 383//383 385//385 384//384
f 379//379 386//386 381//381
f 379//379 381//381 380//380
f 386//386 385//385 382//382
f 386//386 382//382 381//381
f 388//388 390//390 389//389
f 388//388 389//389 387//387
f 411//411 391//391 392//392
f 411//411 392//392 410//410
f 413//413 412//412 409//409
f 413//413 409//409 408//408
f 412//412 411//411 410//410
f 412//412 410//410 409//409
f 414//414 407//407 406//406
f 414//414 406//406 415//415
f 417//417 416//416 405//405
f 417//417 405//405 404//404
f 415//415 406//406 405//405
f 415//415 405//405 416//416
f 414//414 413//413 408//408
f 414//414 408//408 407//407
f 393//393 417//417 404//404
f 393//393 404//404 394//394
f 418//418 403//403 402//402
f 418//418 402//402 419//419
f 420//420 401//401 400//400
f 420//420 400//400 421//421
f 419//419 402//402 401//401
f 419//419 401//401 420//420
f 423//423 422//422 399//399
f 423//423 399//399 398//398
f 395//395 424//424 397//397
f 395//395 397//397 396//396
f 424//424 423//423 398//398
f 424//424 398//398 397//397
f 421//421 400//400 399//399
f 421//421 399//399 422//422
f 403//403 418//418 393//393
f 403//403 393//393 394//394
f 426//426 428//428 427//427
f 426//426 427//427 425//425
f 436//436 429//429 430//430
f 436//436 430//430 435//435
f 435//435 434//434 437//437
f 435//435 437//437 436//436
f 431//431 438//438 433//433
f 431//431 433//433 432//432
f 438//438 437//437 434//434
f 438//438 434//434 433//433
f 440//440 442//442 441//441
f 440//440 441//441 439//439
f 463//463 443//443 444//444
f 463//463 444//444 462//462
f 465//465 464//464 461//461
f 465//465 461//461 460//460
f 464//464 463//463 462//462
f 464//464 462//462 461//461
f 467//467 466//466 459//459
f 467//467 459//459 458//458
f 469//469 468//468 457//457
f 469//469 457//457 456//456
f 468//468 467//467 458//458
f 468//468 458//458 457//457
f 466//466 465//465 460//460
f 466//466 460//460 459//459
f 445//445 469//469 456//456
f 445//445 456//456 455//455
f 471//471 470//470 454//454
f 471//471 454//454 453//453
f 473//473 472//472 452//452
f 473//473 452//452 451//451
f 472//472 471//471 453//453
f 472//472 453//453 452//452
f 475//475 474//474 450//450
f 475//475 450//450 449//449
f 446//446 476//476 448//448
f 446//446 448//448 447//447
f 476//476 475//475 449//449
f 476//476 449//449 448//448
f 474//474 473//473 451//451
f 474//474 451//451 450//450
f 470//470 445//445 455//455
f 470//470 455//455 454//454
f 483//483 485//485 484//484
f 477//477 482//482 483//483
f 485//485 483//483 482//482
f 482//482 478//478 486//486
f 482//482 486//486 485//485
f 487//487 486//486 478//478
f 487//487 478//478 481//481
f 479//479 487//487 481//481
f 479//479 481//481 480//480
f 489//489 491//491 490//490
f 489//489 490//490 488//488
f 500//500 499//499 492//492
f 500//500 492//492 497//497
f 497//497 496//496 501//501
f 497//497 501//501 500//500
f 498//498 493//493 502//502
f 495//495 498//498 502//502
f 502//502 501//501 496//496
f 502//502 496//496 495//495
f 498//498 495//495 494//494
f 507//507 559//559 558//558
f 560//560 559//559 557//557
f 560//560 557//557 556//556
f 562//562 561//561 555//555
f 562//562 555//555 554//554
f 563//563 562//562 554//554
f 563//563 554//554 553//553
f 561//561 560//560 556//556
f 561//561 556//556 555//555
f 565//565 564//564 552//552
f 565//565 552//552 551//551
f 566//566 565//565 551//551
f 566//566 551//551 504//504
f 568//568 567//567 550//550
f 568//568 550//550 549//549
f 570//570 569//569 548//548
f 570//570 548//548 547//547
f 569//569 568//568 549//549
f 569//569 549//549 548//548
f 567//567 566//566 504//504
f 567//567 504//504 550//550
f 564//564 563//563 553//553
f 564//564 553//553 552//552
f 572//572 571//571 546//546
f 572//572 546//546 545//545
f 573//573 572//572 545//545
f 573//573 545//545 544//544
f 575//575 574//574 543//543
f 575//575 543//543 542//542
f 576//576 575//575 542//542
f 576//576 542//542 541//541
f 574//574 573//573 544//544
f 574//574 544//544 543//543
f 578//578 577//577 540//540
f 578//578 540//540 539//539
f 579//579 578//578 539//539
f 579//579 539//539 538//538
f 581//581 580//580 505//505
f 581//581 505//505 537//537
f 583//583 582//582 536//536
f 583//583 536//536 535//535
f 582//582 581//581 537//537
f 582//582 537//537 536//536
f 580//580 579//579 538//538
f 580//580 538//538 505//505
f 577//577 576//576 541//541
f 577//577 541//541 540//540
f 571//571 570//570 547//547
f 571//571 547//547 546//546
f 503//503 557//557 507//507
f 557//557 559//559 507//507
f 535//535 534//534 584//584
f 535//535 584//584 583//583
f 585//585 584//584 534//534
f 585//585 534//534 533//533
f 586//586 585//585 533//533
f 586//586 533//533 532//532
f 588//588 587//587 531//531
f 588//588 531//531 530//530
f 589//589 588//588 530//530
f 589//589 530//530 529//529
f 587//587 586//586 532//532
f 587//587 532//532 531//531
f 591//591 590//590 528//528
f 591//591 528//528 527//527
f 592//592 591//591 527//527
f 592//592 527//527 526//526
f 593//593 525//525 524//524
f 593//593 524//524 594//594
f 596//596 595//595 523//523
f 596//596 523//523 522//522
f 594//594 524//524 523//523
f 594//594 523//523 595//595
f 593//593 592//592 526//526
f 593//593 526//526 525//525
f 590//590 589//589 529//529
f 590//590 529//529 528//528
f 598//598 597//597 521//521
f 598//598 521//521 520//520
f 599//599 598//598 520//520
f 599//599 520//520 519//519
f 601//601 600//600 518//518
f 601//601 518//518 517//517
f 603//603 602//602 516//516
f 603//603 516//516 515//515
f 602//602 601//601 517//517
f 602//602 517//517 516//516
f 600//600 599//599 519//519
f 600//600 519//519 518//518
f 605//605 604//604 514//514
f 605//605 514//514 513//513
f 606//606 605//605 513//513
f 606//606 513//513 512//512
f 608//608 607//607 511//511
f 608//608 511//511 510//510
f 506//506 609//609 509//509
f 506//506 509//509 508//508
f 609//609 608//608 510//510
f 609//609 510//510 509//509
f 607//607 606//606 512//512
f 607//607 512//512 511//511
f 604//604 603//603 515//515
f 604//604 515//515 514//514
f 597//597 596//596 522//522
f 597//597 522//522 521//521
f 611//611 612//612 613//613
f 611//611 613//613 610//610
f 622//622 621//621 614//614
f 622//622 614//614 619//619
f 619//619 618//618 623//623
f 619//619 623//623 622//622
f 620//620 615//615 624//624
f 617//617 620//620 624//624
f 624//624 623//623 618//618
f 624//624 618//618 617//617
f 620//620 617//617 616//616
f 630//630 656//656 625//625
f 657//657 656//656 655//655
f 657//657 655//655 654//654
f 659//659 658//658 653//653
f 659//659 653//653 652//652
f 661//661 660//660 651//651
f 661//661 651//651 650//650
f 660//660 659//659 652//652
f 660//660 652//652 651//651
f 658//658 657//657 654//654
f 658//658 654//654 653//653
f 663//663 662//662 649//649
f 663//663 649//649 648//648
f 664//664 663//663 648//648
f 664//664 648//648 647//647
f 666//666 665//665 646//646
f 666//666 646//646 645//645
f 644//644 643//643 668//668
f 644//644 668//668 667//667
f 667//667 666//666 645//645
f 667//667 645//645 644//644
f 665//665 664//664 647//647
f 665//665 647//647 646//646
f 662//662 661//661 650//650
f 662//662 650//650 649//649
f 629//629 655//655 630//630
f 655//655 656//656 630//630
f 670//670 669//669 642//642
f 670//670 642//642 641//641
f 671//671 670//670 641//641
f 671//671 641//641 640//640
f 672//672 639//639 638//638
f 672//672 638//638 673//673
f 675//675 674//674 637//637
f 675//675 637//637 636//636
f 673//673 638//638 637//637
f 673//673 637//637 674//674
f 672//672 671//671 640//640
f 672//672 640//640 639//639
f 677//677 676//676 635//635
f 677//677 635//635 634//634
f 678//678 677//677 634//634
f 678//678 634//634 633//633
f 628//628 680//680 679//679
f 680//680 628//628 626//626
f 679//679 678//678 633//633
f 679//679 633//633 632//632
f 676//676 675//675 636//636
f 676//676 636//636 635//635
f 628//628 679//679 632//632
f 669//669 668//668 643//643
f 669//669 643//643 642//642
f 628//628 631//631 627//627
f 631//631 628//628 632//632
f 730//730 707//707 681//681
f 730//730 708//708 707//707
f 710//710 709//709 704//704
f 710//710 704//704 703//703
f 711//711 710//710 703//703
f 711//711 703//703 702//702
f 709//709 708//708 705//705
f 709//709 705//705 704//704
f 713//713 712//712 701//701
f 713//713 701//701 700//700
f 713//713 700//700 699//699
f 713//713 699//699 714//714
f 716//716 715//715 698//698
f 716//716 698//698 697//697
f 717//717 716//716 697//697
f 717//717 697//697 696//696
f 714//714 699//699 698//698
f 714//714 698//698 715//715
f 712//712 711//711 702//702
f 712//712 702//702 701//701
f 682//682 706//706 730//730
f 705//705 730//730 706//706
f 708//708 730//730 705//705
f 696//696 695//695 718//718
f 696//696 718//718 717//717
f 718//718 695//695 694//694
f 718//718 694//694 719//719
f 719//719 694//694 693//693
f 719//719 693//693 720//720
f 722//722 721//721 692//692
f 722//722 692//692 691//691
f 723//723 722//722 691//691
f 723//723 691//691 690//690
f 721//721 720//720 693//693
f 721//721 693//693 692//692
f 725//725 724//724 689//689
f 725//725 689//689 688//688
f 726//726 725//725 688//688
f 726//726 688//688 687//687
f 728//728 727//727 686//686
f 728//728 686//686 685//685
f 729//729 683//683 728//728
f 727//727 726//726 687//687
f 727//727 687//687 686//686
f 724//724 723//723 690//690
f 724//724 690//690 689//689
f 729//729 685//685 684//684
f 685//685 729//729 728//728
f 734//734 739//739 738//738
f 731//731 737//737 734//734
f 739//739 734//734 737//737
f 737//737 736//736 740//740
f 737//737 740//740 739//739
f 741//741 740//740 736//736
f 741//741 736//736 735//735
f 732//732 741//741 735//735
f 732//732 735//735 733//733
f 743//743 745//745 744//744
f 743//743 744//744 742//742
f 803//803 746//746 747//747
f 803//803 747//747 802//802
f 804//804 803//803 802//802
f 804//804 802//802 801//801
f 805//805 800//800 799//799
f 805//805 799//799 806//806
f 807//807 806//806 799//799
f 807//807 799//799 798//798
f 804//804 801//801 800//800
f 804//804 800//800 805//805
f 809//809 808//808 797//797
f 809//809 797//797 796//796
f 810//810 809//809 796//796
f 810//810 796//796 795//795
f 812//812 811//811 794//794
f 812//812 794//794 793//793
f 814//814 813//813 792//792
f 814//814 792//792 791//791
f 813//813 812//812 793//793
f 813//813 793//793 792//792
f 811//811 810//810 795//795
f 811//811 795//795 794//794
f 808//808 807//807 798//798
f 808//808 798//798 797//797
f 816//816 815//815 790//790
f 816//816 790//790 789//789
f 817//817 816//816 789//789
f 817//817 789//789 788//788
f 818//818 787//787 786//786
f 818//818 786//786 819//819
f 821//821 820//820 785//785
f 821//821 785//785 784//784
f 819//819 786//786 785//785
f 819//819 785//785 820//820
f 818//818 817//817 788//788
f 818//818 788//788 787//787
f 823//823 822//822 783//783
f 823//823 783//783 782//782
f 824//824 823//823 782//782
f 824//824 782//782 781//781
f 826//826 825//825 780//780
f 826//826 780//780 779//779
f 828//828 827//827 778//778
f 828//828 778//778 777//777
f 827//827 826//826 779//779
f 827//827 779//779 778//778
f 825//825 824//824 781//781
f 825//825 781//781 780//780
f 822//822 821//821 784//784
f 822//822 784//784 783//783
f 815//815 814//814 791//791
f 815//815 791//791 790//790
f 829//829 828//828 777//777
f 829//829 777//777 776//776
f 831//831 830//830 775//775
f 831//831 775//775 774//774
f 832//832 831//831 774//774
f 832//832 774//774 773//773
f 834//834 833//833 772//772
f 834//834 772//772 771//771
f 836//836 835//835 770//770
f 836//836 770//770 769//769
f 835//835 834//834 771//771
f 835//835 771//771 770//770
f 833//833 832//832 773//773
f 833//833 773//773 772//772
f 838//838 837//837 768//768
f 838//838 768//768 767//767
f 839//839 838//838 767//767
f 839//839 767//767 766//766
f 841//841 840//840 765//765
f 841//841 765//765 764//764
f 843//843 842//842 763//763
f 843//843 763//763 762//762
f 842//842 841//841 764//764
f 842//842 764//764 763//763
f 840//840 839//839 766//766
f 840//840 766//766 765//765
f 837//837 836//836 769//769
f 837//837 769//769 768//768
f 845//845 844//844 761//761
f 845//845 761//761 760//760
f 846//846 845//845 760//760
f 846//846 760//760 759//759
f 848//848 847//847 758//758
f 848//848 758//758 757//757
f 850//850 849//849 756//756
f 850//850 756//756 755//755
f 849//849 848//848 757//757
f 849//849 757//757 756//756
f 847//847 846//846 759//759
f 847//847 759//759 758//758
f 852//852 851//851 754//754
f 852//852 754//754 753//753
f 853//853 852//852 753//753
f 853//853 753//753 752//752
f 855//855 854//854 751//751
f 855//855 751//751 750//750
f 855//855 856//856 748//748
f 854//854 853//853 752//752
f 854//854 752//752 751//751
f 851//851 850//850 755//755
f 851//851 755//755 754//754
f 844//844 843//843 762//762
f 844//844 762//762 761//761
f 750//750 749//749 856//856
f 750//750 856//856 855//855
f 830//830 829//829 776//776
f 830//830 776//776 775//775
f 860//860 865//865 864//864
f 857//857 863//863 860//860
f 865//865 860//860 863//863
f 863//863 862//862 866//866
f 863//863 866//866 865//865
f 867//867 866//866 862//862
f 867//867 862//862 861//861
f 858//858 867//867 861//861
f 858//858 861//861 859//859
f 868//868 870//870 869//869
f 868//868 869//869 871//871
f 880//880 879//879 872//872
f 880//880 872//872 878//878
f 878//878 873//873 881//881
f 878//878 881//881 880//880
f 876//876 874//874 882//882
f 877//877 876//876 882//882
f 882//882 881//881 873//873
f 882//882 873//873 877//877
f 876//876 877//877 875//875
f 932//932 909//909 908//908
f 932//932 910//910 909//909
f 912//912 911//911 905//905
f 912//912 905//905 904//904
f 913//913 912//912 904//904
f 913//913 904//904 903//903
f 911//911 910//910 906//906
f 911//911 906//906 905//905
f 915//915 914//914 902//902
f 915//915 902//902 901//901
f 915//915 901//901 900//900
f 915//915 900//900 916//916
f 918//918 917//917 899//899
f 918//918 899//899 898//898
f 919//919 918//918 898//898
f 919//919 898//898 897//897
f 916//916 900//900 899//899
f 916//916 899//899 917//917
f 914//914 913//913 903//903
f 914//914 903//903 902//902
f 883//883 907//907 932//932
f 906//906 932//932 907//907
f 910//910 932//932 906//906
f 897//897 896//896 920//920
f 897//897 920//920 919//919
f 920//920 896//896 895//895
f 920//920 895//895 921//921
f 921//921 895//895 894//894
f 921//921 894//894 922//922
f 924//924 923//923 893//893
f 924//924 893//893 892//892
f 925//925 924//924 892//892
f 925//925 892//892 891//891
f 923//923 922//922 894//894
f 923//923 894//894 893//893
f 927//927 926//926 890//890
f 927//927 890//890 889//889
f 928//928 927//927 889//889
f 928//928 889//889 888//888
f 930//930 929//929 887//887
f 930//930 887//887 886//886
f 931//931 884//884 930//930
f 929//929 928//928 888//888
f 929//929 888//888 887//887
f 926//926 925//925 891//891
f 926//926 891//891 890//890
f 931//931 886//886 885//885
f 886//886 931//931 930//930
f 936//936 941//941 940//940
f 933//933 939//939 936//936
f 941//941 936//936 939//939
f 939//939 938//938 942//942
f 939//939 942//942 941//941
f 943//943 942//942 938//938
f 943//943 938//938 937//937
f 934//934 943//943 937//937
f 934//934 937//937 935//935
f 944//944 946//946 945//945
f 944//944 945//945 947//947
f 1003//1003 948//948 949//949
f 1003//1003 949//949 1002//1002
f 1003//1003 1002//1002 1001//1001
f 1003//1003 1001//1001 1004//1004
f 1006//1006 1005//1005 1000//1000
f 1006//1006 1000//1000 999//999
f 1007//1007 1006//1006 999//999
f 1007//1007 999//999 998//998
f 1004//1004 1001//1001 1000//1000
f 1004//1004 1000//1000 1005//1005
f 1009//1009 1008//1008 997//997
f 1009//1009 997//997 996//996
f 1010//1010 1009//1009 996//996
f 1010//1010 996//996 995//995
f 1012//1012 1011//1011 994//994
f 1012//1012 994//994 993//993
f 1014//1014 1013//1013 992//992
f 1014//1014 992//992 991//991
f 1013//1013 1012//1012 993//993
f 1013//1013 993//993 992//992
f 1011//1011 1010//1010 995//995
f 1011//1011 995//995 994//994
f 1008//1008 1007//1007 998//998
f 1008//1008 998//998 997//997
f 1016//1016 1015//1015 990//990
f 1016//1016 990//990 989//989
f 1017//1017 1016//1016 989//989
f 1017//1017 989//989 988//988
f 1019//1019 1018//1018 987//987
f 1019//1019 987//987 986//986
f 1020//1020 1019//1019 986//986
f 1020//1020 986//986 985//985
f 1018//1018 1017//1017 988//988
f 1018//1018 988//988 987//987
f 1022//1022 1021//1021 984//984
f 1022//1022 984//984 983//983
f 1023//1023 1022//1022 983//983
f 1023//1023 983//983 982//982
f 1024//1024 950//950 951//951
f 1024//1024 951//951 981//981
f 1026//1026 1025//1025 980//980
f 1026//1026 980//980 979//979
f 1025//1025 1024//1024 981//981
f 1025//1025 981//981 980//980
f 950//950 1023//1023 982//982
f 950//950 982//982 951//951
f 1021//1021 1020//1020 985//985
f 1021//1021 985//985 984//984
f 1015//1015 1014//1014 991//991
f 1015//1015 991//991 990//990
f 1027//1027 1026//1026 979//979
f 1027//1027 979//979 978//978
f 1029//1029 1028//1028 977//977
f 1029//1029 977//977 976//976
f 1030//1030 1029//1029 976//976
f 1030//1030 976//976 975//975
f 1032//1032 1031//1031 952//952
f 1032//1032 952//952 974//974
f 1032//1032 974//974 973//973
f 1032//1032 973//973 1033//1033
f 1031//1031 1030//1030 975//975
f 1031//1031 975//975 952//952
f 1035//1035 1034//1034 972//972
f 1035//1035 972//972 971//971
f 1036//1036 1035//1035 971//971
f 1036//1036 971//971 970//970
f 1038//1038 1037//1037 969//969
f 1038//1038 969//969 968//968
f 1040//1040 1039//1039 967//967
f 1040//1040 967//967 966//966
f 1039//1039 1038//1038 968//968
f 1039//1039 968//968 967//967
f 1037//1037 1036//1036 970//970
f 1037//1037 970//970 969//969
f 1033//1033 973//973 972//972
f 1033//1033 972//972 1034//1034
f 1042//1042 1041//1041 965//965
f 1042//1042 965//965 964//964
f 1043//1043 1042//1042 964//964
f 1043//1043 964//964 963//963
f 1045//1045 1044//1044 962//962
f 1045//1045 962//962 953//953
f 1047//1047 1046//1046 961//961
f 1047//1047 961//961 960//960
f 1046//1046 1045//1045 953//953
f 1046//1046 953//953 961//961
f 1044//1044 1043//1043 963//963
f 1044//1044 963//963 962//962
f 1049//1049 1048//1048 959//959
f 1049//1049 959//959 958//958
f 1050//1050 1049//1049 958//958
f 1050//1050 958//958 957//957
f 1051//1051 956//956 955//955
f 1051//1051 955//955 1052//1052
f 1052//1052 1054//1054 1053//1053
f 1050//1050 957//957 956//956
f 1050//1050 956//956 1051//1051
f 1048//1048 1047//1047 960//960
f 1048//1048 960//960 959//959
f 1041//1041 1040//1040 966//966
f 1041//1041 966//966 965//965
f 955//955 1054//1054 1052//1052
f 1028//1028 1027//1027 978//978
f 1028//1028 978//978 977//977
f 1054//1054 955//955 954//954
f 1058//1058 1063//1063 1062//1062
f 1055//1055 1061//1061 1058//1058
f 1063//1063 1058//1058 1061//1061
f 1061//1061 1060//1060 1064//1064
f 1061//1061 1064//1064 1063//1063
f 1065//1065 1064//1064 1060//1060
f 1065//1065 1060//1060 1059//1059
f 1056//1056 1065//1065 1059//1059
f 1056//1056 1059//1059 1057//1057
f 1066//1066 1068//1068 1067//1067
f 1066//1066 1067//1067 1069//1069
f 1078//1078 1077//1077 1070//1070
f 1078//1078 1070//1070 1076//1076
f 1076//1076 1071//1071 1079//1079
f 1076//1076 1079//1079 1078//1078
f 1074//1074 1072//1072 1080//1080
f 1075//1075 1074//1074 1080//1080
f 1080//1080 1079//1079 1071//1071
f 1080//1080 1071//1071 1075//1075
f 1074//1074 1075//1075 1073//1073
f 1087//1087 1089//1089 1088//1088
f 1081//1081 1086//1086 1087//1087
f 1089//1089 1087//1087 1086//1086
f 1085//1085 1090//1090 1089//1089
f 1085//1085 1089//1089 1086//1086
f 1090//1090 1085//1085 1084//1084
f 1090//1090 1084//1084 1091//1091
f 1082//1082 1091//1091 1084//1084
f 1082//1082 1084//1084 1083//1083
f 1093//1093 1095//1095 1094//1094
f 1093//1093 1094//1094 1092//1092
f 1104//1104 1103//1103 1096//1096
f 1104//1104 1096//1096 1101//1101
f 1101//1101 1100//1100 1105//1105
f 1101//1101 1105//1105 1104//1104
f 1102//1102 1097//1097 1106//1106
f 1099//1099 1102//1102 1106//1106
f 1106//1106 1105//1105 1100//1100
f 1106//1106 1100//1100 1099//1099
f 1102//1102 1099//1099 1098//1098
f 1113//1113 1163//1163 1162//1162
f 1164//1164 1163//1163 1161//1161
f 1164//1164 1161//1161 1160//1160
f 1166//1166 1165//1165 1159//1159
f 1166//1166 1159//1159 1158//1158
f 1167//1167 1166//1166 1158//1158
f 1167//1167 1158//1158 1157//1157
f 1165//1165 1164//1164 1160//1160
f 1165//1165 1160//1160 1159//1159
f 1169//1169 1168//1168 1156//1156
f 1169//1169 1156//1156 1155//1155
f 1170//1170 1169//1169 1155//1155
f 1170//1170 1155//1155 1108//1108
f 1172//1172 1171//1171 1154//1154
f 1172//1172 1154//1154 1153//1153
f 1174//1174 1173//1173 1152//1152
f 1174//1174 1152//1152 1151//1151
f 1173//1173 1172//1172 1153//1153
f 1173//1173 1153//1153 1152//1152
f 1171//1171 1170//1170 1108//1108
f 1171//1171 1108//1108 1154//1154
f 1168//1168 1167//1167 1157//1157
f 1168//1168 1157//1157 1156//1156
f 1176//1176 1175//1175 1150//1150
f 1176//1176 1150//1150 1149//1149
f 1177//1177 1176//1176 1149//1149
f 1177//1177 1149//1149 1148//1148
f 1179//1179 1178//1178 1147//1147
f 1179//1179 1147//1147 1146//1146
f 1180//1180 1179//1179 1146//1146
f 1180//1180 1146//1146 1145//1145
f 1178//1178 1177//1177 1148//1148
f 1178//1178 1148//1148 1147//1147
f 1182//1182 1181//1181 1144//1144
f 1182//1182 1144//1144 1143//1143
f 1183//1183 1182//1182 1143//1143
f 1183//1183 1143//1143 1142//1142
f 1185//1185 1184//1184 1109//1109
f 1185//1185 1109//1109 1141//1141
f 1187//1187 1186//1186 1140//1140
f 1187//1187 1140//1140 1139//1139
f 1186//1186 1185//1185 1141//1141
f 1186//1186 1141//1141 1140//1140
f 1184//1184 1183//1183 1142//1142
f 1184//1184 1142//1142 1109//1109
f 1181//1181 1180//1180 1145//1145
f 1181//1181 1145//1145 1144//1144
f 1175//1175 1174//1174 1151//1151
f 1175//1175 1151//1151 1150//1150
f 1107//1107 1161//1161 1113//1113
f 1161//1161 1163//1163 1113//1113
f 1139//1139 1138//1138 1188//1188
f 1139//1139 1188//1188 1187//1187
f 1189//1189 1188//1188 1138//1138
f 1189//1189 1138//1138 1137//1137
f 1190//1190 1189//1189 1137//1137
f 1190//1190 1137//1137 1136//1136
f 1192//1192 1191//1191 1135//1135
f 1192//1192 1135//1135 1110//1110
f 1193//1193 1192//1192 1110//1110
f 1193//1193 1110//1110 1134//1134
f 1191//1191 1190//1190 1136//1136
f 1191//1191 1136//1136 1135//1135
f 1195//1195 1194//1194 1133//1133
f 1195//1195 1133//1133 1132//1132
f 1196//1196 1195//1195 1132//1132
f 1196//1196 1132//1132 1131//1131
f 1197//1197 1130//1130 1129//1129
f 1197//1197 1129//1129 1198//1198
f 1200//1200 1199//1199 1128//1128
f 1200//1200 1128//1128 1127//1127
f 1198//1198 1129//1129 1128//1128
f 1198//1198 1128//1128 1199//1199
f 1197//1197 1196//1196 1131//1131
f 1197//1197 1131//1131 1130//1130
f 1194//1194 1193//1193 1134//1134
f 1194//1194 1134//1134 1133//1133
f 1202//1202 1201//1201 1126//1126
f 1202//1202 1126//1126 1125//1125
f 1203//1203 1202//1202 1125//1125
f 1203//1203 1125//1125 1124//1124
f 1205//1205 1204//1204 1123//1123
f 1205//1205 1123//1123 1122//1122
f 1207//1207 1206//1206 1121//1121
f 1207//1207 1121//1121 1120//1120
f 1206//1206 1205//1205 1122//1122
f 1206//1206 1122//1122 1121//1121
f 1204//1204 1203//1203 1124//1124
f 1204//1204 1124//1124 1123//1123
f 1209//1209 1208//1208 1119//1119
f 1209//1209 1119//1119 1118//1118
f 1210//1210 1209//1209 1118//1118
f 1210//1210 1118//1118 1117//1117
f 1212//1212 1211//1211 1116//1116
f 1212//1212 1116//1116 1115//1115
f 1111//1111 1213//1213 1114//1114
f 1111//1111 1114//1114 1112//1112
f 1213//1213 1212//1212 1115//1115
f 1213//1213 1115//1115 1114//1114
f 1211//1211 1210//1210 1117//1117
f 1211//1211 1117//1117 1116//1116
f 1208//1208 1207//1207 1120//1120
f 1208//1208 1120//1120 1119//1119
f 1201//1201 1200//1200 1127//1127
f 1201//1201 1127//1127 1126//1126
f 1215//1215 1217//1217 1216//1216
f 1215//1215 1216//1216 1214//1214
f 1226//1226 1225//1225 1218//1218
f 1226//1226 1218//1218 1223//1223
f 1223//1223 1222//1222 1227//1227
f 1223//1223 1227//1227 1226//1226
f 1224//1224 1219//1219 1228//1228
f 1221//1221 1224//1224 1228//1228
f 1228//1228 1227//1227 1222//1222
f 1228//1228 1222//1222 1221//1221
f 1224//1224 1221//1221 1220//1220
f 1234//1234 1260//1260 1229//1229
f 1261//1261 1260//1260 1259//1259
f 1261//1261 1259//1259 1258//1258
f 1263//1263 1262//1262 1257//1257
f 1263//1263 1257//1257 1256//1256
f 1265//1265 1264//1264 1255//1255
f 1265//1265 1255//1255 1254//1254
f 1264//1264 1263//1263 1256//1256
f 1264//1264 1256//1256 1255//1255
f 1262//1262 1261//1261 1258//1258
f 1262//1262 1258//1258 1257//1257
f 1267//1267 1266//1266 1253//1253
f 1267//1267 1253//1253 1252//1252
f 1268//1268 1267//1267 1252//1252
f 1268//1268 1252//1252 1251//1251
f 1270//1270 1269//1269 1250//1250
f 1270//1270 1250//1250 1249//1249
f 1247//1247 1272//1272 1271//1271
f 1247//1247 1271//1271 1248//1248
f 1270//1270 1249//1249 1248//1248
f 1270//1270 1248//1248 1271//1271
f 1269//1269 1268//1268 1251//1251
f 1269//1269 1251//1251 1250//1250
f 1266//1266 1265//1265 1254//1254
f 1266//1266 1254//1254 1253//1253
f 1233//1233 1259//1259 1234//1234
f 1259//1259 1260//1260 1234//1234
f 1274//1274 1273//1273 1246//1246
f 1274//1274 1246//1246 1245//1245
f 1274//1274 1245//1245 1244//1244
f 1274//1274 1244//1244 1275//1275
f 1276//1276 1243//1243 1242//1242
f 1276//1276 1242//1242 1277//1277
f 1279//1279 1278//1278 1241//1241
f 1279//1279 1241//1241 1240//1240
f 1277//1277 1242//1242 1241//1241
f 1277//1277 1241//1241 1278//1278
f 1275//1275 1244//1244 1243//1243
f 1275//1275 1243//1243 1276//1276
f 1281//1281 1280//1280 1239//1239
f 1281//1281 1239//1239 1238//1238
f 1282//1282 1281//1281 1238//1238
f 1282//1282 1238//1238 1237//1237
f 1232//1232 1284//1284 1283//1283
f 1284//1284 1232//1232 1230//1230
f 1283//1283 1282//1282 1237//1237
f 1283//1283 1237//1237 1236//1236
f 1280//1280 1279//1279 1240//1240
f 1280//1280 1240//1240 1239//1239
f 1232//1232 1283//1283 1236//1236
f 1273//1273 1272//1272 1247//1247
f 1273//1273 1247//1247 1246//1246
f 1232//1232 1235//1235 1231//1231
f 1235//1235 1232//1232 1236//1236
f 1291//1291 1293//1293 1292//1292
f 1285//1285 1290//1290 1291//1291
f 1293//1293 1291//1291 1290//1290
f 1286//1286 1294//1294 1293//1293
f 1286//1286 1293//1293 1290//1290
f 1294//1294 1286//1286 1289//1289
f 1294//1294 1289//1289 1295//1295
f 1287//1287 1295//1295 1289//1289
f 1287//1287 1289//1289 1288//1288
f 1297//1297 1299//1299 1298//1298
f 1297//1297 1298//1298 1296//1296
f 1308//1308 1307//1307 1300//1300
f 1308//1308 1300//1300 1305//1305
f 1305//1305 1304//1304 1309//1309
f 1305//1305 1309//1309 1308//1308
f 1306//1306 1301//1301 1310//1310
f 1303//1303 1306//1306 1310//1310
f 1310//1310 1309//1309 1304//1304
f 1310//1310 1304//1304 1303//1303
f 1306//1306 1303//1303 1302//1302
f 1319//1319 1370//1370 1311//1311
f 1371//1371 1370//1370 1369//1369
f 1371//1371 1369//1369 1368//1368
f 1373//1373 1372//1372 1367//1367
f 1373//1373 1367//1367 1366//1366
f 1374//1374 1373//1373 1366//1366
f 1374//1374 1366//1366 1365//1365
f 1372//1372 1371//1371 1368//1368
f 1372//1372 1368//1368 1367//1367
f 1376//1376 1375//1375 1364//1364
f 1376//1376 1364//1364 1363//1363
f 1312//1312 1376//1376 1363//1363
f 1312//1312 1363//1363 1362//1362
f 1378//1378 1377//1377 1361//1361
f 1378//1378 1361//1361 1360//1360
f 1380//1380 1379//1379 1359//1359
f 1380//1380 1359//1359 1358//1358
f 1379//1379 1378//1378 1360//1360
f 1379//1379 1360//1360 1359//1359
f 1377//1377 1312//1312 1362//1362
f 1377//1377 1362//1362 1361//1361
f 1375//1375 1374//1374 1365//1365
f 1375//1375 1365//1365 1364//1364
f 1382//1382 1381//1381 1357//1357
f 1382//1382 1357//1357 1356//1356
f 1383//1383 1382//1382 1356//1356
f 1383//1383 1356//1356 1355//1355
f 1385//1385 1384//1384 1354//1354
f 1385//1385 1354//1354 1353//1353
f 1386//1386 1385//1385 1353//1353
f 1386//1386 1353//1353 1352//1352
f 1384//1384 1383//1383 1355//1355
f 1384//1384 1355//1355 1354//1354
f 1388//1388 1387//1387 1351//1351
f 1388//1388 1351//1351 1350//1350
f 1389//1389 1388//1388 1350//1350
f 1389//1389 1350//1350 1349//1349
f 1390//1390 1313//1313 1348//1348
f 1390//1390 1348//1348 1347//1347
f 1392//1392 1391//1391 1346//1346
f 1392//1392 1346//1346 1345//1345
f 1391//1391 1390//1390 1347//1347
f 1391//1391 1347//1347 1346//1346
f 1313//1313 1389//1389 1349//1349
f 1313//1313 1349//1349 1348//1348
f 1387//1387 1386//1386 1352//1352
f 1387//1387 1352//1352 1351//1351
f 1381//1381 1380//1380 1358//1358
f 1381//1381 1358//1358 1357//1357
f 1318//1318 1369//1369 1319//1319
f 1369//1369 1370//1370 1319//1319
f 1345//1345 1344//1344 1393//1393
f 1345//1345 1393//1393 1392//1392
f 1394//1394 1393//1393 1344//1344
f 1394//1394 1344//1344 1343//1343
f 1395//1395 1394//1394 1343//1343
f 1395//1395 1343//1343 1342//1342
f 1314//1314 1396//1396 1341//1341
f 1314//1314 1341//1341 1315//1315
f 1397//1397 1314//1314 1315//1315
f 1397//1397 1315//1315 1340//1340
f 1396//1396 1395//1395 1342//1342
f 1396//1396 1342//1342 1341//1341
f 1399//1399 1398//1398 1339//1339
f 1399//1399 1339//1339 1338//1338
f 1400//1400 1399//1399 1338//1338
f 1400//1400 1338//1338 1337//1337
f 1401//1401 1336//1336 1335//1335
f 1401//1401 1335//1335 1402//1402
f 1404//1404 1403//1403 1334//1334
f 1404//1404 1334//1334 1333//1333
f 1402//1402 1335//1335 1334//1334
f 1402//1402 1334//1334 1403//1403
f 1400//1400 1337//1337 1336//1336
f 1400//1400 1336//1336 1401//1401
f 1398//1398 1397//1397 1340//1340
f 1398//1398 1340//1340 1339//1339
f 1406//1406 1405//1405 1332//1332
f 1406//1406 1332//1332 1331//1331
f 1407//1407 1406//1406 1331//1331
f 1407//1407 1331//1331 1330//1330
f 1409//1409 1408//1408 1329//1329
f 1409//1409 1329//1329 1328//1328
f 1411//1411 1410//1410 1327//1327
f 1411//1411 1327//1327 1326//1326
f 1410//1410 1409//1409 1328//1328
f 1410//1410 1328//1328 1327//1327
f 1408//1408 1407//1407 1330//1330
f 1408//1408 1330//1330 1329//1329
f 1413//1413 1412//1412 1325//1325
f 1413//1413 1325//1325 1324//1324
f 1414//1414 1413//1413 1324//1324
f 1414//1414 1324//1324 1323//1323
f 1416//1416 1415//1415 1322//1322
f 1416//1416 1322//1322 1321//1321
f 1316//1316 1417//1417 1320//1320
f 1316//1316 1320//1320 1317//1317
f 1417//1417 1416//1416 1321//1321
f 1417//1417 1321//1321 1320//1320
f 1415//1415 1414//1414 1323//1323
f 1415//1415 1323//1323 1322//1322
f 1412//1412 1411//1411 1326//1326
f 1412//1412 1326//1326 1325//1325
f 1405//1405 1404//1404 1333//1333
f 1405//1405 1333//1333 1332//1332
f 1419//1419 1421//1421 1420//1420
f 1419//1419 1420//1420 1418//1418
f 1429//1429 1422//1422 1423//1423
f 1429//1429 1423//1423 1428//1428
f 1428//1428 1427//1427 1430//1430
f 1428//1428 1430//1430 1429//1429
f 1432//1432 1424//1424 1431//1431
f 1426//1426 1425//1425 1432//1432
f 1426//1426 1432//1432 1431//1431
f 1431//1431 1430//1430 1427//1427
f 1431//1431 1427//1427 1426//1426
f 1437//1437 1464//1464 1463//1463
f 1465//1465 1464//1464 1462//1462
f 1465//1465 1462//1462 1461//1461
f 1466//1466 1460//1460 1459//1459
f 1466//1466 1459//1459 1467//1467
f 1469//1469 1468//1468 1458//1458
f 1469//1469 1458//1458 1457//1457
f 1468//1468 1467//1467 1459//1459
f 1468//1468 1459//1459 1458//1458
f 1465//1465 1461//1461 1460//1460
f 1465//1465 1460//1460 1466//1466
f 1471//1471 1470//1470 1456//1456
f 1471//1471 1456//1456 1455//1455
f 1472//1472 1471//1471 1455//1455
f 1472//1472 1455//1455 1454//1454
f 1474//1474 1473//1473 1453//1453
f 1474//1474 1453//1453 1452//1452
f 1450//1450 1476//1476 1475//1475
f 1450//1450 1475//1475 1451//1451
f 1474//1474 1452//1452 1451//1451
f 1474//1474 1451//1451 1475//1475
f 1473//1473 1472//1472 1454//1454
f 1473//1473 1454//1454 1453//1453
f 1470//1470 1469//1469 1457//1457
f 1470//1470 1457//1457 1456//1456
f 1436//1436 1462//1462 1437//1437
f 1462//1462 1464//1464 1437//1437
f 1478//1478 1477//1477 1449//1449
f 1478//1478 1449//1449 1448//1448
f 1479//1479 1478//1478 1448//1448
f 1479//1479 1448//1448 1447//1447
f 1480//1480 1446//1446 1445//1445
f 1480//1480 1445//1445 1481//1481
f 1483//1483 1482//1482 1444//1444
f 1483//1483 1444//1444 1443//1443
f 1481//1481 1445//1445 1444//1444
f 1481//1481 1444//1444 1482//1482
f 1480//1480 1479//1479 1447//1447
f 1480//1480 1447//1447 1446//1446
f 1485//1485 1484//1484 1442//1442
f 1485//1485 1442//1442 1441//1441
f 1486//1486 1485//1485 1441//1441
f 1486//1486 1441//1441 1440//1440
f 1435//1435 1488//1488 1487//1487
f 1488//1488 1435//1435 1433//1433
f 1487//1487 1486//1486 1440//1440
f 1487//1487 1440//1440 1439//1439
f 1484//1484 1483//1483 1443//1443
f 1484//1484 1443//1443 1442//1442
f 1435//1435 1487//1487 1439//1439
f 1477//1477 1476//1476 1450//1450
f 1477//1477 1450//1450 1449//1449
f 1435//1435 1438//1438 1434//1434
f 1438//1438 1435//1435 1439//1439
f 1538//1538 1515//1515 1489//1489
f 1538//1538 1516//1516 1515//1515
f 1518//1518 1517//1517 1512//1512
f 1518//1518 1512//1512 1511//1511
f 1519//1519 1518//1518 1511//1511
f 1519//1519 1511//1511 1510//1510
f 1517//1517 1516//1516 1513//1513
f 1517//1517 1513//1513 1512//1512
f 1521//1521 1520//1520 1509//1509
f 1521//1521 1509//1509 1508//1508
f 1521//1521 1508//1508 1507//1507
f 1521//1521 1507//1507 1522//1522
f 1524//1524 1523//1523 1506//1506
f 1524//1524 1506//1506 1505//1505
f 1525//1525 1524//1524 1505//1505
f 1525//1525 1505//1505 1504//1504
f 1522//1522 1507//1507 1506//1506
f 1522//1522 1506//1506 1523//1523
f 1520//1520 1519//1519 1510//1510
f 1520//1520 1510//1510 1509//1509
f 1490//1490 1514//1514 1538//1538
f 1513//1513 1538//1538 1514//1514
f 1516//1516 1538//1538 1513//1513
f 1504//1504 1503//1503 1526//1526
f 1504//1504 1526//1526 1525//1525
f 1526//1526 1503//1503 1502//1502
f 1526//1526 1502//1502 1527//1527
f 1527//1527 1502//1502 1501//1501
f 1527//1527 1501//1501 1528//1528
f 1530//1530 1529//1529 1500//1500
f 1530//1530 1500//1500 1499//1499
f 1531//1531 1530//1530 1499//1499
f 1531//1531 1499//1499 1498//1498
f 1529//1529 1528//1528 1501//1501
f 1529//1529 1501//1501 1500//1500
f 1533//1533 1532//1532 1497//1497
f 1533//1533 1497//1497 1496//1496
f 1534//1534 1533//1533 1496//1496
f 1534//1534 1496//1496 1495//1495
f 1536//1536 1535//1535 1494//1494
f 1536//1536 1494//1494 1493//1493
f 1537//1537 1491//1491 1536//1536
f 1535//1535 1534//1534 1495//1495
f 1535//1535 1495//1495 1494//1494
f 1532//1532 1531//1531 1498//1498
f 1532//1532 1498//1498 1497//1497
f 1537//1537 1493//1493 1492//1492
f 1493//1493 1537//1537 1536//1536
f 1543//1543 1547//1547 1539//1539
f 1540//1540 1546//1546 1543//1543
f 1547//1547 1543//1543 1546//1546
f 1546//1546 1545//1545 1548//1548
f 1546//1546 1548//1548 1547//1547
f 1549//1549 1548//1548 1545//1545
f 1549//1549 1545//1545 1544//1544
f 1541//1541 1549//1549 1544//1544
f 1541//1541 1544//1544 1542//1542
f 1551//1551 1553//1553 1552//1552
f 1551//1551 1552//1552 1550//1550
f 1609//1609 1554//1554 1555//1555
f 1609//1609 1555//1555 1608//1608
f 1610//1610 1609//1609 1608//1608
f 1610//1610 1608//1608 1607//1607
f 1612//1612 1611//1611 1606//1606
f 1612//1612 1606//1606 1605//1605
f 1613//1613 1612//1612 1605//1605
f 1613//1613 1605//1605 1604//1604
f 1611//1611 1610//1610 1607//1607
f 1611//1611 1607//1607 1606//1606
f 1615//1615 1614//1614 1603//1603
f 1615//1615 1603//1603 1602//1602
f 1616//1616 1615//1615 1602//1602
f 1616//1616 1602//1602 1601//1601
f 1618//1618 1617//1617 1600//1600
f 1618//1618 1600//1600 1599//1599
f 1620//1620 1619//1619 1598//1598
f 1620//1620 1598//1598 1597//1597
f 1619//1619 1618//1618 1599//1599
f 1619//1619 1599//1599 1598//1598
f 1617//1617 1616//1616 1601//1601
f 1617//1617 1601//1601 1600//1600
f 1614//1614 1613//1613 1604//1604
f 1614//1614 1604//1604 1603//1603
f 1622//1622 1621//1621 1596//1596
f 1622//1622 1596//1596 1595//1595
f 1623//1623 1622//1622 1595//1595
f 1623//1623 1595//1595 1594//1594
f 1625//1625 1624//1624 1593//1593
f 1625//1625 1593//1593 1592//1592
f 1626//1626 1625//1625 1592//1592
f 1626//1626 1592//1592 1591//1591
f 1624//1624 1623//1623 1594//1594
f 1624//1624 1594//1594 1593//1593
f 1628//1628 1627//1627 1590//1590
f 1628//1628 1590//1590 1589//1589
f 1629//1629 1628//1628 1589//1589
f 1629//1629 1589//1589 1588//1588
f 1630//1630 1556//1556 1557//1557
f 1630//1630 1557//1557 1587//1587
f 1632//1632 1631//1631 1586//1586
f 1632//1632 1586//1586 1585//1585
f 1631//1631 1630//1630 1587//1587
f 1631//1631 1587//1587 1586//1586
f 1556//1556 1629//1629 1588//1588
f 1556//1556 1588//1588 1557//1557
f 1627//1627 1626//1626 1591//1591
f 1627//1627 1591//1591 1590//1590
f 1621//1621 1620//1620 1597//1597
f 1621//1621 1597//1597 1596//1596
f 1633//1633 1632//1632 1585//1585
f 1633//1633 1585//1585 1584//1584
f 1635//1635 1634//1634 1583//1583
f 1635//1635 1583//1583 1582//1582
f 1636//1636 1635//1635 1582//1582
f 1636//1636 1582//1582 1581//1581
f 1638//1638 1637//1637 1558//1558
f 1638//1638 1558//1558 1580//1580
f 1638//1638 1580//1580 1579//1579
f 1638//1638 1579//1579 1639//1639
f 1637//1637 1636//1636 1581//1581
f 1637//1637 1581//1581 1558//1558
f 1641//1641 1640//1640 1578//1578
f 1641//1641 1578//1578 1577//1577
f 1642//1642 1641//1641 1577//1577
f 1642//1642 1577//1577 1576//1576
f 1643//1643 1575//1575 1574//1574
f 1643//1643 1574//1574 1644//1644
f 1646//1646 1645//1645 1573//1573
f 1646//1646 1573//1573 1572//1572
f 1644//1644 1574//1574 1573//1573
f 1644//1644 1573//1573 1645//1645
f 1643//1643 1642//1642 1576//1576
f 1643//1643 1576//1576 1575//1575
f 1639//1639 1579//1579 1578//1578
f 1639//1639 1578//1578 1640//1640
f 1648//1648 1647//1647 1571//1571
f 1648//1648 1571//1571 1570//1570
f 1649//1649 1648//1648 1570//1570
f 1649//1649 1570//1570 1569//1569
f 1651//1651 1650//1650 1568//1568
f 1651//1651 1568//1568 1559//1559
f 1653//1653 1652//1652 1567//1567
f 1653//1653 1567//1567 1566//1566
f 1652//1652 1651//1651 1559//1559
f 1652//1652 1559//1559 1567//1567
f 1650//1650 1649//1649 1569//1569
f 1650//1650 1569//1569 1568//1568
f 1655//1655 1654//1654 1565//1565
f 1655//1655 1565//1565 1564//1564
f 1656//1656 1655//1655 1564//1564
f 1656//1656 1564//1564 1563//1563
f 1658//1658 1657//1657 1562//1562
f 1658//1658 1562//1562 1561//1561
f 1658//1658 1660//1660 1659//1659
f 1657//1657 1656//1656 1563//1563
f 1657//1657 1563//1563 1562//1562
f 1654//1654 1653//1653 1566//1566
f 1654//1654 1566//1566 1565//1565
f 1647//1647 1646//1646 1572//1572
f 1647//1647 1572//1572 1571//1571
f 1561//1561 1660//1660 1658//1658
f 1634//1634 1633//1633 1584//1584
f 1634//1634 1584//1584 1583//1583
f 1660//1660 1561//1561 1560//1560
f 1664//1664 1669//1669 1668//1668
f 1661//1661 1667//1667 1664//1664
f 1669//1669 1664//1664 1667//1667
f 1667//1667 1666//1666 1670//1670
f 1667//1667 1670//1670 1669//1669
f 1671//1671 1670//1670 1666//1666
f 1671//1671 1666//1666 1665//1665
f 1662//1662 1671//1671 1665//1665
f 1662//1662 1665//1665 1663//1663
f 1672//1672 1674//1674 1673//1673
f 1672//1672 1673//1673 1675//1675
f 1684//1684 1683//1683 1676//1676
f 1684//1684 1676//1676 1682//1682
f 1682//1682 1677//1677 1685//1685
f 1682//1682 1685//1685 1684//1684
f 1680//1680 1678//1678 1686//1686
f 1681//1681 1680//1680 1686//1686
f 1686//1686 1685//1685 1677//1677
f 1686//1686 1677//1677 1681//1681
f 1680//1680 1681//1681 1679//1679
f 1693//1693 1695//1695 1694//1694
f 1687//1687 1692//1692 1693//1693
f 1695//1695 1693//1693 1692//1692
f 1692//1692 1688//1688 1696//1696
f 1692//1692 1696//1696 1695//1695
f 1697//1697 1696//1696 1688//1688
f 1697//1697 1688//1688 1691//1691
f 1689//1689 1697//1697 1691//1691
f 1689//1689 1691//1691 1690//1690
f 1698//1698 1700//1700 1699//1699
f 1698//1698 1699//1699 1701//1701
f 1702//1702 1703//1703 1708//1708
f 1702//1702 1708//1708 1710//1710
f 1707//1707 1711//1711 1710//1710
f 1707//1707 1710//1710 1708//1708
f 1709//1709 1704//1704 1712//1712
f 1706//1706 1709//1709 1712//1712
f 1712//1712 1711//1711 1707//1707
f 1712//1712 1707//1707 1706//1706
f 1709//1709 1706//1706 1705//1705
f 1719//1719 1769//1769 1768//1768
f 1770//1770 1769//1769 1767//1767
f 1770//1770 1767//1767 1766//1766
f 1772//1772 1771//1771 1765//1765
f 1772//1772 1765//1765 1764//1764
f 1773//1773 1772//1772 1764//1764
f 1773//1773 1764//1764 1763//1763
f 1771//1771 1770//1770 1766//1766
f 1771//1771 1766//1766 1765//1765
f 1775//1775 1774//1774 1762//1762
f 1775//1775 1762//1762 1761//1761
f 1776//1776 1775//1775 1761//1761
f 1776//1776 1761//1761 1714//1714
f 1778//1778 1777//1777 1760//1760
f 1778//1778 1760//1760 1759//1759
f 1780//1780 1779//1779 1758//1758
f 1780//1780 1758//1758 1757//1757
f 1779//1779 1778//1778 1759//1759
f 1779//1779 1759//1759 1758//1758
f 1777//1777 1776//1776 1714//1714
f 1777//1777 1714//1714 1760//1760
f 1774//1774 1773//1773 1763//1763
f 1774//1774 1763//1763 1762//1762
f 1782//1782 1781//1781 1756//1756
f 1782//1782 1756//1756 1755//1755
f 1783//1783 1782//1782 1755//1755
f 1783//1783 1755//1755 1754//1754
f 1785//1785 1784//1784 1753//1753
f 1785//1785 1753//1753 1752//1752
f 1786//1786 1785//1785 1752//1752
f 1786//1786 1752//1752 1751//1751
f 1784//1784 1783//1783 1754//1754
f 1784//1784 1754//1754 1753//1753
f 1788//1788 1787//1787 1750//1750
f 1788//1788 1750//1750 1749//1749
f 1789//1789 1788//1788 1749//1749
f 1789//1789 1749//1749 1748//1748
f 1791//1791 1790//1790 1715//1715
f 1791//1791 1715//1715 1747//1747
f 1793//1793 1792//1792 1746//1746
f 1793//1793 1746//1746 1745//1745
f 1792//1792 1791//1791 1747//1747
f 1792//1792 1747//1747 1746//1746
f 1790//1790 1789//1789 1748//1748
f 1790//1790 1748//1748 1715//1715
f 1787//1787 1786//1786 1751//1751
f 1787//1787 1751//1751 1750//1750
f 1781//1781 1780//1780 1757//1757
f 1781//1781 1757//1757 1756//1756
f 1713//1713 1767//1767 1719//1719
f 1767//1767 1769//1769 1719//1719
f 1745//1745 1744//1744 1794//1794
f 1745//1745 1794//1794 1793//1793
f 1795//1795 1794//1794 1744//1744
f 1795//1795 1744//1744 1743//1743
f 1796//1796 1795//1795 1743//1743
f 1796//1796 1743//1743 1742//1742
f 1798//1798 1797//1797 1741//1741
f 1798//1798 1741//1741 1716//1716
f 1799//1799 1798//1798 1716//1716
f 1799//1799 1716//1716 1740//1740
f 1797//1797 1796//1796 1742//1742
f 1797//1797 1742//1742 1741//1741
f 1801//1801 1800//1800 1739//1739
f 1801//1801 1739//1739 1738//1738
f 1802//1802 1801//1801 1738//1738
f 1802//1802 1738//1738 1737//1737
f 1803//1803 1736//1736 1735//1735
f 1803//1803 1735//1735 1804//1804
f 1806//1806 1805//1805 1734//1734
f 1806//1806 1734//1734 1733//1733
f 1804//1804 1735//1735 1734//1734
f 1804//1804 1734//1734 1805//1805
f 1803//1803 1802//1802 1737//1737
f 1803//1803 1737//1737 1736//1736
f 1800//1800 1799//1799 1740//1740
f 1800//1800 1740//1740 1739//1739
f 1808//1808 1807//1807 1732//1732
f 1808//1808 1732//1732 1731//1731
f 1809//1809 1808//1808 1731//1731
f 1809//1809 1731//1731 1730//1730
f 1811//1811 1810//1810 1729//1729
f 1811//1811 1729//1729 1728//1728
f 1812//1812 1727//1727 1726//1726
f 1812//1812 1726//1726 1813//1813
f 1812//1812 1811//1811 1728//1728
f 1812//1812 1728//1728 1727//1727
f 1810//1810 1809//1809 1730//1730
f 1810//1810 1730//1730 1729//1729
f 1815//1815 1814//1814 1725//1725
f 1815//1815 1725//1725 1724//1724
f 1816//1816 1815//1815 1724//1724
f 1816//1816 1724//1724 1723//1723
f 1818//1818 1817//1817 1722//1722
f 1818//1818 1722//1722 1721//1721
f 1717//1717 1819//1819 1720//1720
f 1717//1717 1720//1720 1718//1718
f 1819//1819 1818//1818 1721//1721
f 1819//1819 1721//1721 1720//1720
f 1817//1817 1816//1816 1723//1723
f 1817//1817 1723//1723 1722//1722
f 1813//1813 1726//1726 1725//1725
f 1813//1813 1725//1725 1814//1814
f 1807//1807 1806//1806 1733//1733
f 1807//1807 1733//1733 1732//1732
f 1821//1821 1823//1823 1822//1822
f 1821//1821 1822//1822 1820//1820
f 1832//1832 1831//1831 1824//1824
f 1832//1832 1824//1824 1829//1829
f 1829//1829 1828//1828 1833//1833
f 1829//1829 1833//1833 1832//1832
f 1830//1830 1825//1825 1834//1834
f 1827//1827 1830//1830 1834//1834
f 1834//1834 1833//1833 1828//1828
f 1834//1834 1828//1828 1827//1827
f 1830//1830 1827//1827 1826//1826
f 1840//1840 1866//1866 1835//1835
f 1866//1866 1865//1865 1864//1864
f 1866//1866 1864//1864 1867//1867
f 1869//1869 1868//1868 1863//1863
f 1869//1869 1863//1863 1862//1862
f 1871//1871 1870//1870 1861//1861
f 1871//1871 1861//1861 1860//1860
f 1870//1870 1869//1869 1862//1862
f 1870//1870 1862//1862 1861//1861
f 1868//1868 1867//1867 1864//1864
f 1868//1868 1864//1864 1863//1863
f 1873//1873 1872//1872 1859//1859
f 1873//1873 1859//1859 1858//1858
f 1874//1874 1873//1873 1858//1858
f 1874//1874 1858//1858 1857//1857
f 1876//1876 1875//1875 1856//1856
f 1876//1876 1856//1856 1855//1855
f 1853//1853 1878//1878 1877//1877
f 1853//1853 1877//1877 1854//1854
f 1876//1876 1855//1855 1854//1854
f 1876//1876 1854//1854 1877//1877
f 1875//1875 1874//1874 1857//1857
f 1875//1875 1857//1857 1856//1856
f 1872//1872 1871//1871 1860//1860
f 1872//1872 1860//1860 1859//1859
f 1839//1839 1865//1865 1840//1840
f 1865//1865 1866//1866 1840//1840
f 1880//1880 1879//1879 1852//1852
f 1880//1880 1852//1852 1851//1851
f 1880//1880 1851//1851 1850//1850
f 1880//1880 1850//1850 1881//1881
f 1882//1882 1849//1849 1848//1848
f 1882//1882 1848//1848 1883//1883
f 1885//1885 1884//1884 1847//1847
f 1885//1885 1847//1847 1846//1846
f 1883//1883 1848//1848 1847//1847
f 1883//1883 1847//1847 1884//1884
f 1881//1881 1850//1850 1849//1849
f 1881//1881 1849//1849 1882//1882
f 1887//1887 1886//1886 1845//1845
f 1887//1887 1845//1845 1844//1844
f 1888//1888 1887//1887 1844//1844
f 1888//1888 1844//1844 1843//1843
f 1838//1838 1890//1890 1889//1889
f 1890//1890 1838//1838 1836//1836
f 1889//1889 1888//1888 1843//1843
f 1889//1889 1843//1843 1842//1842
f 1886//1886 1885//1885 1846//1846
f 1886//1886 1846//1846 1845//1845
f 1838//1838 1889//1889 1842//1842
f 1852//1852 1879//1879 1878//1878
f 1852//1852 1878//1878 1853//1853
f 1838//1838 1841//1841 1837//1837
f 1841//1841 1838//1838 1842//1842
f 1940//1940 1917//1917 1916//1916
f 1940//1940 1918//1918 1917//1917
f 1920//1920 1919//1919 1913//1913
f 1920//1920 1913//1913 1912//1912
f 1921//1921 1920//1920 1912//1912
f 1921//1921 1912//1912 1911//1911
f 1919//1919 1918//1918 1914//1914
f 1919//1919 1914//1914 1913//1913
f 1923//1923 1922//1922 1910//1910
f 1923//1923 1910//1910 1909//1909
f 1923//1923 1909//1909 1908//1908
f 1923//1923 1908//1908 1924//1924
f 1926//1926 1925//1925 1907//1907
f 1926//1926 1907//1907 1906//1906
f 1927//1927 1926//1926 1906//1906
f 1927//1927 1906//1906 1905//1905
f 1924//1924 1908//1908 1907//1907
f 1924//1924 1907//1907 1925//1925
f 1922//1922 1921//1921 1911//1911
f 1922//1922 1911//1911 1910//1910
f 1891//1891 1915//1915 1940//1940
f 1914//1914 1940//1940 1915//1915
f 1918//1918 1940//1940 1914//1914
f 1905//1905 1904//1904 1928//1928
f 1905//1905 1928//1928 1927//1927
f 1929//1929 1928//1928 1904//1904
f 1929//1929 1904//1904 1903//1903
f 1930//1930 1929//1929 1903//1903
f 1930//1930 1903//1903 1902//1902
f 1932//1932 1931//1931 1901//1901
f 1932//1932 1901//1901 1900//1900
f 1933//1933 1932//1932 1900//1900
f 1933//1933 1900//1900 1899//1899
f 1931//1931 1930//1930 1902//1902
f 1931//1931 1902//1902 1901//1901
f 1935//1935 1934//1934 1898//1898
f 1935//1935 1898//1898 1897//1897
f 1936//1936 1935//1935 1897//1897
f 1936//1936 1897//1897 1896//1896
f 1938//1938 1937//1937 1895//1895
f 1938//1938 1895//1895 1894//1894
f 1939//1939 1892//1892 1938//1938
f 1937//1937 1936//1936 1896//1896
f 1937//1937 1896//1896 1895//1895
f 1934//1934 1933//1933 1899//1899
f 1934//1934 1899//1899 1898//1898
f 1939//1939 1894//1894 1893//1893
f 1894//1894 1939//1939 1938//1938
f 1944//1944 1949//1949 1948//1948
f 1941//1941 1947//1947 1944//1944
f 1949//1949 1944//1944 1947//1947
f 1947//1947 1946//1946 1950//1950
f 1947//1947 1950//1950 1949//1949
f 1951//1951 1950//1950 1946//1946
f 1951//1951 1946//1946 1945//1945
f 1942//1942 1951//1951 1945//1945
f 1942//1942 1945//1945 1943//1943
f 1953//1953 1955//1955 1954//1954
f 1953//1953 1954//1954 1952//1952
f 2012//2012 1956//1956 1957//1957
f 2012//2012 1957//1957 2011//2011
f 2012//2012 2011//2011 2010//2010
f 2012//2012 2010//2010 2013//2013
f 2014//2014 2009//2009 2008//2008
f 2014//2014 2008//2008 2015//2015
f 2016//2016 2015//2015 2008//2008
f 2016//2016 2008//2008 2007//2007
f 2013//2013 2010//2010 2009//2009
f 2013//2013 2009//2009 2014//2014
f 2018//2018 2017//2017 2006//2006
f 2018//2018 2006//2006 2005//2005
f 2019//2019 2018//2018 2005//2005
f 2019//2019 2005//2005 2004//2004
f 2021//2021 2020//2020 2003//2003
f 2021//2021 2003//2003 2002//2002
f 2023//2023 2022//2022 2001//2001
f 2023//2023 2001//2001 2000//2000
f 2022//2022 2021//2021 2002//2002
f 2022//2022 2002//2002 2001//2001
f 2020//2020 2019//2019 2004//2004
f 2020//2020 2004//2004 2003//2003
f 2017//2017 2016//2016 2007//2007
f 2017//2017 2007//2007 2006//2006
f 2025//2025 2024//2024 1999//1999
f 2025//2025 1999//1999 1998//1998
f 2026//2026 2025//2025 1998//1998
f 2026//2026 1998//1998 1997//1997
f 2028//2028 2027//2027 1996//1996
f 2028//2028 1996//1996 1995//1995
f 2030//2030 2029//2029 1994//1994
f 2030//2030 1994//1994 1993//1993
f 2029//2029 2028//2028 1995//1995
f 2029//2029 1995//1995 1994//1994
f 2027//2027 2026//2026 1997//1997
f 2027//2027 1997//1997 1996//1996
f 2032//2032 2031//2031 1992//1992
f 2032//2032 1992//1992 1991//1991
f 2033//2033 2032//2032 1991//1991
f 2033//2033 1991//1991 1990//1990
f 2035//2035 2034//2034 1989//1989
f 2035//2035 1989//1989 1988//1988
f 2037//2037 2036//2036 1987//1987
f 2037//2037 1987//1987 1986//1986
f 2036//2036 2035//2035 1988//1988
f 2036//2036 1988//1988 1987//1987
f 2034//2034 2033//2033 1990//1990
f 2034//2034 1990//1990 1989//1989
f 2031//2031 2030//2030 1993//1993
f 2031//2031 1993//1993 1992//1992
f 2024//2024 2023//2023 2000//2000
f 2024//2024 2000//2000 1999//1999
f 2038//2038 2037//2037 1986//1986
f 2038//2038 1986//1986 1985//1985
f 2040//2040 2039//2039 1984//1984
f 2040//2040 1984//1984 1983//1983
f 2041//2041 2040//2040 1983//1983
f 2041//2041 1983//1983 1982//1982
f 2042//2042 1981//1981 1980//1980
f 2042//2042 1980//1980 2043//2043
f 2045//2045 2044//2044 1979//1979
f 2045//2045 1979//1979 1978//1978
f 2043//2043 1980//1980 1979//1979
f 2043//2043 1979//1979 2044//2044
f 2042//2042 2041//2041 1982//1982
f 2042//2042 1982//1982 1981//1981
f 2047//2047 2046//2046 1977//1977
f 2047//2047 1977//1977 1976//1976
f 2047//2047 1976//1976 1975//1975
f 2047//2047 1975//1975 2048//2048
f 2050//2050 2049//2049 1974//1974
f 2050//2050 1974//1974 1973//1973
f 2052//2052 2051//2051 1972//1972
f 2052//2052 1972//1972 1971//1971
f 2051//2051 2050//2050 1973//1973
f 2051//2051 1973//1973 1972//1972
f 2048//2048 1975//1975 1974//1974
f 2048//2048 1974//1974 2049//2049
f 2046//2046 2045//2045 1978//1978
f 2046//2046 1978//1978 1977//1977
f 2054//2054 2053//2053 1970//1970
f 2054//2054 1970//1970 1969//1969
f 2055//2055 2054//2054 1969//1969
f 2055//2055 1969//1969 1968//1968
f 2057//2057 2056//2056 1967//1967
f 2057//2057 1967//1967 1966//1966
f 2059//2059 2058//2058 1965//1965
f 2059//2059 1965//1965 1964//1964
f 2058//2058 2057//2057 1966//1966
f 2058//2058 1966//1966 1965//1965
f 2056//2056 2055//2055 1968//1968
f 2056//2056 1968//1968 1967//1967
f 2061//2061 2060//2060 1963//1963
f 2061//2061 1963//1963 1962//1962
f 2062//2062 2061//2061 1962//1962
f 2062//2062 1962//1962 1961//1961
f 2064//2064 2063//2063 1960//1960
f 2064//2064 1960//1960 1959//1959
f 2064//2064 2066//2066 2065//2065
f 2063//2063 2062//2062 1961//1961
f 2063//2063 1961//1961 1960//1960
f 2060//2060 2059//2059 1964//1964
f 2060//2060 1964//1964 1963//1963
f 2053//2053 2052//2052 1971//1971
f 2053//2053 1971//1971 1970//1970
f 2066//2066 2064//2064 1959//1959
f 2039//2039 2038//2038 1985//1985
f 2039//2039 1985//1985 1984//1984
f 2066//2066 1959//1959 1958//1958
f 2070//2070 2075//2075 2074//2074
f 2067//2067 2073//2073 2070//2070
f 2075//2075 2070//2070 2073//2073
f 2073//2073 2072//2072 2076//2076
f 2073//2073 2076//2076 2075//2075
f 2077//2077 2076//2076 2072//2072
f 2077//2077 2072//2072 2071//2071
f 2068//2068 2077//2077 2071//2071
f 2068//2068 2071//2071 2069//2069
f 2078//2078 2080//2080 2079//2079
f 2078//2078 2079//2079 2081//2081
f 2090//2090 2089//2089 2082//2082
f 2090//2090 2082//2082 2088//2088
f 2088//2088 2083//2083 2091//2091
f 2088//2088 2091//2091 2090//2090
f 2086//2086 2084//2084 2092//2092
f 2087//2087 2086//2086 2092//2092
f 2092//2092 2091//2091 2083//2083
f 2092//2092 2083//2083 2087//2087
f 2086//2086 2087//2087 2085//2085
f 2097//2097 2117//2117 2116//2116
f 2118//2118 2114//2114 2113//2113
f 2118//2118 2113//2113 2119//2119
f 2119//2119 2113//2113 2112//2112
f 2119//2119 2112//2112 2120//2120
f 2117//2117 2115//2115 2114//2114
f 2117//2117 2114//2114 2118//2118
f 2122//2122 2121//2121 2111//2111
f 2122//2122 2111//2111 2110//2110
f 2094//2094 2109//2109 2108//2108
f 2094//2094 2108//2108 2123//2123
f 2123//2123 2108//2108 2107//2107
f 2123//2123 2107//2107 2124//2124
f 2122//2122 2110//2110 2109//2109
f 2122//2122 2109//2109 2094//2094
f 2121//2121 2120//2120 2112//2112
f 2121//2121 2112//2112 2111//2111
f 2115//2115 2097//2097 2093//2093
f 2117//2117 2097//2097 2115//2115
f 2125//2125 2106//2106 2105//2105
f 2125//2125 2105//2105 2126//2126
f 2127//2127 2104//2104 2103//2103
f 2127//2127 2103//2103 2128//2128
f 2128//2128 2103//2103 2102//2102
f 2128//2128 2102//2102 2129//2129
f 2126//2126 2105//2105 2104//2104
f 2126//2126 2104//2104 2127//2127
f 2131//2131 2130//2130 2101//2101
f 2131//2131 2101//2101 2100//2100
f 2133//2133 2132//2132 2099//2099
f 2133//2133 2099//2099 2098//2098
f 2095//2095 2133//2133 2098//2098
f 2095//2095 2098//2098 2096//2096
f 2132//2132 2131//2131 2100//2100
f 2132//2132 2100//2100 2099//2099
f 2129//2129 2102//2102 2101//2101
f 2129//2129 2101//2101 2130//2130
f 2106//2106 2125//2125 2124//2124
f 2106//2106 2124//2124 2107//2107
f 2156//2156 2155//2155 2134//2134
f 2156//2156 2134//2134 2154//2154
f 2157//2157 2153//2153 2152//2152
f 2157//2157 2152//2152 2158//2158
f 2159//2159 2158//2158 2152//2152
f 2159//2159 2152//2152 2151//2151
f 2156//2156 2154//2154 2153//2153
f 2156//2156 2153//2153 2157//2157
f 2160//2160 2150//2150 2149//2149
f 2160//2160 2149//2149 2161//2161
f 2162//2162 2148//2148 2147//2147
f 2162//2162 2147//2147 2163//2163
f 2163//2163 2147//2147 2146//2146
f 2163//2163 2146//2146 2164//2164
f 2162//2162 2161//2161 2149//2149
f 2162//2162 2149//2149 2148//2148
f 2159//2159 2151//2151 2150//2150
f 2159//2159 2150//2150 2160//2160
f 2146//2146 2145//2145 2165//2165
f 2146//2146 2165//2165 2164//2164
f 2166//2166 2165//2165 2145//2145
f 2166//2166 2145//2145 2144//2144
f 2168//2168 2167//2167 2135//2135
f 2168//2168 2135//2135 2143//2143
f 2168//2168 2143//2143 2142//2142
f 2168//2168 2142//2142 2169//2169
f 2167//2167 2166//2166 2144//2144
f 2167//2167 2144//2144 2135//2135
f 2170//2170 2141//2141 2140//2140
f 2170//2170 2140//2140 2171//2171
f 2173//2173 2172//2172 2139//2139
f 2173//2173 2139//2139 2138//2138
f 2174//2174 2136//2136 2173//2173
f 2172//2172 2171//2171 2140//2140
f 2172//2172 2140//2140 2139//2139
f 2169//2169 2142//2142 2141//2141
f 2169//2169 2141//2141 2170//2170
f 2174//2174 2138//2138 2137//2137
f 2173//2173 2138//2138 2174//2174
f 2176//2176 2178//2178 2177//2177
f 2176//2176 2177//2177 2175//2175
f 2185//2185 2182//2182 2183//2183
f 2185//2185 2183//2183 2184//2184
f 2181//2181 2184//2184 2180//2180
f 2181//2181 2179//2179 2185//2185
f 2184//2184 2181//2181 2185//2185
f 2192//2192 2190//2190 2189//2189
f 2192//2192 2189//2189 2188//2188
f 2187//2187 2186//2186 2190//2190
f 2187//2187 2192//2192 2191//2191
f 2190//2190 2192//2192 2187//2187
f 2196//2196 2216//2216 2215//2215
f 2218//2218 2217//2217 2213//2213
f 2218//2218 2213//2213 2212//2212
f 2218//2218 2212//2212 2211//2211
f 2218//2218 2211//2211 2219//2219
f 2217//2217 2216//2216 2214//2214
f 2217//2217 2214//2214 2213//2213
f 2221//2221 2220//2220 2210//2210
f 2221//2221 2210//2210 2209//2209
f 2223//2223 2222//2222 2208//2208
f 2223//2223 2208//2208 2207//2207
f 2207//2207 2206//2206 2224//2224
f 2207//2207 2224//2224 2223//2223
f 2222//2222 2221//2221 2209//2209
f 2222//2222 2209//2209 2208//2208
f 2219//2219 2211//2211 2210//2210
f 2219//2219 2210//2210 2220//2220
f 2214//2214 2196//2196 2193//2193
f 2216//2216 2196//2196 2214//2214
f 2226//2226 2225//2225 2205//2205
f 2226//2226 2205//2205 2204//2204
f 2227//2227 2203//2203 2202//2202
f 2227//2227 2202//2202 2228//2228
f 2228//2228 2202//2202 2201//2201
f 2228//2228 2201//2201 2229//2229
f 2226//2226 2204//2204 2203//2203
f 2226//2226 2203//2203 2227//2227
f 2231//2231 2230//2230 2200//2200
f 2231//2231 2200//2200 2199//2199
f 2233//2233 2232//2232 2198//2198
f 2233//2233 2198//2198 2197//2197
f 2194//2194 2233//2233 2197//2197
f 2194//2194 2197//2197 2195//2195
f 2232//2232 2231//2231 2199//2199
f 2232//2232 2199//2199 2198//2198
f 2229//2229 2201//2201 2200//2200
f 2229//2229 2200//2200 2230//2230
f 2225//2225 2224//2224 2206//2206
f 2225//2225 2206//2206 2205//2205
f 2235//2235 2237//2237 2236//2236
f 2235//2235 2236//2236 2234//2234
f 2244//2244 2239//2239 2242//2242
f 2244//2244 2242//2242 2243//2243
f 2241//2241 2243//2243 2240//2240
f 2241//2241 2238//2238 2244//2244
f 2243//2243 2241//2241 2244//2244
f 2251//2251 2249//2249 2248//2248
f 2251//2251 2248//2248 2247//2247
f 2246//2246 2245//2245 2249//2249
f 2246//2246 2251//2251 2250//2250
f 2249//2249 2251//2251 2246//2246
f 2275//2275 2252//2252 2253//2253
f 2275//2275 2253//2253 2274//2274
f 2276//2276 2273//2273 2272//2272
f 2276//2276 2272//2272 2277//2277
f 2277//2277 2272//2272 2271//2271
f 2277//2277 2271//2271 2278//2278
f 2275//2275 2274//2274 2273//2273
f 2275//2275 2273//2273 2276//2276
f 2279//2279 2270//2270 2269//2269
f 2279//2279 2269//2269 2280//2280
f 2281//2281 2268//2268 2267//2267
f 2281//2281 2267//2267 2282//2282
f 2282//2282 2267//2267 2266//2266
f 2282//2282 2266//2266 2283//2283
f 2280//2280 2269//2269 2268//2268
f 2280//2280 2268//2268 2281//2281
f 2278//2278 2271//2271 2270//2270
f 2278//2278 2270//2270 2279//2279
f 2265//2265 2284//2284 2283//2283
f 2265//2265 2283//2283 2266//2266
f 2284//2284 2265//2265 2264//2264
f 2284//2284 2264//2264 2285//2285
f 2286//2286 2263//2263 2262//2262
f 2286//2286 2262//2262 2287//2287
f 2288//2288 2287//2287 2262//2262
f 2288//2288 2262//2262 2261//2261
f 2285//2285 2264//2264 2263//2263
f 2285//2285 2263//2263 2286//2286
f 2289//2289 2260//2260 2259//2259
f 2289//2289 2259//2259 2290//2290
f 2292//2292 2291//2291 2258//2258
f 2292//2292 2258//2258 2257//2257
f 2256//2256 2254//2254 2292//2292
f 2290//2290 2259//2259 2258//2258
f 2290//2290 2258//2258 2291//2291
f 2288//2288 2261//2261 2260//2260
f 2288//2288 2260//2260 2289//2289
f 2256//2256 2257//2257 2255//2255
f 2292//2292 2257//2257 2256//2256
f 2296//2296 2316//2316 2315//2315
f 2317//2317 2313//2313 2312//2312
f 2317//2317 2312//2312 2318//2318
f 2318//2318 2312//2312 2311//2311
f 2318//2318 2311//2311 2319//2319
f 2316//2316 2314//2314 2313//2313
f 2316//2316 2313//2313 2317//2317
f 2321//2321 2320//2320 2310//2310
f 2321//2321 2310//2310 2309//2309
f 2323//2323 2322//2322 2308//2308
f 2323//2323 2308//2308 2307//2307
f 2307//2307 2306//2306 2324//2324
f 2307//2307 2324//2324 2323//2323
f 2322//2322 2321//2321 2309//2309
f 2322//2322 2309//2309 2308//2308
f 2320//2320 2319//2319 2311//2311
f 2320//2320 2311//2311 2310//2310
f 2314//2314 2296//2296 2293//2293
f 2316//2316 2296//2296 2314//2314
f 2325//2325 2305//2305 2304//2304
f 2325//2325 2304//2304 2326//2326
f 2327//2327 2303//2303 2302//2302
f 2327//2327 2302//2302 2328//2328
f 2328//2328 2302//2302 2301//2301
f 2328//2328 2301//2301 2329//2329
f 2326//2326 2304//2304 2303//2303
f 2326//2326 2303//2303 2327//2327
f 2331//2331 2330//2330 2300//2300
f 2331//2331 2300//2300 2299//2299
f 2332//2332 2298//2298 2297//2297
f 2332//2332 2297//2297 2333//2333
f 2333//2333 2297//2297 2295//2295
f 2333//2333 2295//2295 2294//2294
f 2332//2332 2331//2331 2299//2299
f 2332//2332 2299//2299 2298//2298
f 2329//2329 2301//2301 2300//2300
f 2329//2329 2300//2300 2330//2330
f 2305//2305 2325//2325 2324//2324
f 2305//2305 2324//2324 2306//2306
f 2335//2335 2337//2337 2336//2336
f 2335//2335 2336//2336 2334//2334
f 2344//2344 2339//2339 2342//2342
f 2344//2344 2342//2342 2343//2343
f 2341//2341 2343//2343 2340//2340
f 2341//2341 2338//2338 2344//2344
f 2343//2343 2341//2341 2344//2344
f 2351//2351 2349//2349 2348//2348
f 2351//2351 2348//2348 2347//2347
f 2346//2346 2345//2345 2349//2349
f 2346//2346 2351//2351 2350//2350
f 2349//2349 2351//2351 2346//2346
f 2374//2374 2352//2352 2373//2373
f 2374//2374 2373//2373 2375//2375
f 2376//2376 2372//2372 2371//2371
f 2376//2376 2371//2371 2377//2377
f 2377//2377 2371//2371 2370//2370
f 2377//2377 2370//2370 2378//2378
f 2375//2375 2373//2373 2372//2372
f 2375//2375 2372//2372 2376//2376
f 2379//2379 2369//2369 2368//2368
f 2379//2379 2368//2368 2380//2380
f 2382//2382 2381//2381 2367//2367
f 2382//2382 2367//2367 2366//2366
f 2382//2382 2366//2366 2365//2365
f 2382//2382 2365//2365 2383//2383
f 2381//2381 2380//2380 2368//2368
f 2381//2381 2368//2368 2367//2367
f 2378//2378 2370//2370 2369//2369
f 2378//2378 2369//2369 2379//2379
f 2383//2383 2365//2365 2364//2364
f 2383//2383 2364//2364 2384//2384
f 2384//2384 2364//2364 2363//2363
f 2384//2384 2363//2363 2385//2385
f 2387//2387 2386//2386 2362//2362
f 2387//2387 2362//2362 2361//2361
f 2388//2388 2387//2387 2361//2361
f 2388//2388 2361//2361 2360//2360
f 2385//2385 2363//2363 2362//2362
f 2385//2385 2362//2362 2386//2386
f 2389//2389 2359//2359 2358//2358
f 2389//2389 2358//2358 2390//2390
f 2391//2391 2357//2357 2356//2356
f 2391//2391 2356//2356 2392//2392
f 2355//2355 2353//2353 2392//2392
f 2390//2390 2358//2358 2357//2357
f 2390//2390 2357//2357 2391//2391
f 2388//2388 2360//2360 2359//2359
f 2388//2388 2359//2359 2389//2389
f 2355//2355 2356//2356 2354//2354
f 2392//2392 2356//2356 2355//2355
f 2396//2396 2416//2416 2415//2415
f 2417//2417 2413//2413 2412//2412
f 2417//2417 2412//2412 2418//2418
f 2418//2418 2412//2412 2411//2411
f 2418//2418 2411//2411 2419//2419
f 2417//2417 2416//2416 2414//2414
f 2417//2417 2414//2414 2413//2413
f 2421//2421 2420//2420 2410//2410
f 2421//2421 2410//2410 2409//2409
f 2423//2423 2422//2422 2408//2408
f 2423//2423 2408//2408 2407//2407
f 2407//2407 2406//2406 2424//2424
f 2407//2407 2424//2424 2423//2423
f 2422//2422 2421//2421 2409//2409
f 2422//2422 2409//2409 2408//2408
f 2420//2420 2419//2419 2411//2411
f 2420//2420 2411//2411 2410//2410
f 2414//2414 2396//2396 2393//2393
f 2416//2416 2396//2396 2414//2414
f 2425//2425 2405//2405 2404//2404
f 2425//2425 2404//2404 2426//2426
f 2427//2427 2403//2403 2402//2402
f 2427//2427 2402//2402 2428//2428
f 2428//2428 2402//2402 2401//2401
f 2428//2428 2401//2401 2429//2429
f 2426//2426 2404//2404 2403//2403
f 2426//2426 2403//2403 2427//2427
f 2431//2431 2430//2430 2400//2400
f 2431//2431 2400//2400 2399//2399
f 2433//2433 2432//2432 2398//2398
f 2433//2433 2398//2398 2397//2397
f 2394//2394 2433//2433 2397//2397
f 2394//2394 2397//2397 2395//2395
f 2432//2432 2431//2431 2399//2399
f 2432//2432 2399//2399 2398//2398
f 2429//2429 2401//2401 2400//2400
f 2429//2429 2400//2400 2430//2430
f 2405//2405 2425//2425 2424//2424
f 2405//2405 2424//2424 2406//2406
f 2435//2435 2437//2437 2436//2436
f 2435//2435 2436//2436 2434//2434
f 2444//2444 2439//2439 2442//2442
f 2444//2444 2442//2442 2443//2443
f 2441//2441 2443//2443 2440//2440
f 2441//2441 2438//2438 2444//2444
f 2443//2443 2441//2441 2444//2444
f 2451//2451 2449//2449 2448//2448
f 2451//2451 2448//2448 2447//2447
f 2446//2446 2445//2445 2449//2449
f 2446//2446 2451//2451 2450//2450
f 2449//2449 2451//2451 2446//2446
f 2474//2474 2452//2452 2473//2473
f 2474//2474 2473//2473 2475//2475
f 2476//2476 2472//2472 2471//2471
f 2476//2476 2471//2471 2477//2477
f 2477//2477 2471//2471 2470//2470
f 2477//2477 2470//2470 2478//2478
f 2475//2475 2473//2473 2472//2472
f 2475//2475 2472//2472 2476//2476
f 2479//2479 2469//2469 2468//2468
f 2479//2479 2468//2468 2480//2480
f 2481//2481 2467//2467 2466//2466
f 2481//2481 2466//2466 2482//2482
f 2482//2482 2466//2466 2465//2465
f 2482//2482 2465//2465 2483//2483
f 2480//2480 2468//2468 2467//2467
f 2480//2480 2467//2467 2481//2481
f 2478//2478 2470//2470 2469//2469
f 2478//2478 2469//2469 2479//2479
f 2483//2483 2465//2465 2464//2464
f 2483//2483 2464//2464 2484//2484
f 2484//2484 2464//2464 2463//2463
f 2484//2484 2463//2463 2485//2485
f 2486//2486 2462//2462 2461//2461
f 2486//2486 2461//2461 2487//2487
f 2487//2487 2461//2461 2460//2460
f 2487//2487 2460//2460 2488//2488
f 2485//2485 2463//2463 2462//2462
f 2485//2485 2462//2462 2486//2486
f 2489//2489 2459//2459 2458//2458
f 2489//2489 2458//2458 2490//2490
f 2491//2491 2457//2457 2456//2456
f 2491//2491 2456//2456 2492//2492
f 2455//2455 2453//2453 2492//2492
f 2490//2490 2458//2458 2457//2457
f 2490//2490 2457//2457 2491//2491
f 2488//2488 2460//2460 2459//2459
f 2488//2488 2459//2459 2489//2489
f 2455//2455 2456//2456 2454//2454
f 2492//2492 2456//2456 2455//2455
f 2494//2494 2493//2493 2496//2496
f 2494//2494 2496//2496 2495//2495
f 2499//2499 2500//2500 2498//2498
f 2499//2499 2498//2498 2497//2497
f 2503//2503 2504//2504 2502//2502
f 2503//2503 2502//2502 2501//2501
f 2505//2505 2506//2506 2504//2504
f 2505//2505 2504//2504 2503//2503
f 2501//2501 2502//2502 2500//2500
f 2501//2501 2500//2500 2499//2499
f 2509//2509 2510//2510 2508//2508
f 2509//2509 2508//2508 2507//2507
f 2513//2513 2514//2514 2512//2512
f 2513//2513 2512//2512 2511//2511
f 2515//2515 2516//2516 2514//2514
f 2515//2515 2514//2514 2513//2513
f 2511//2511 2512//2512 2510//2510
f 2511//2511 2510//2510 2509//2509
f 2507//2507 2508//2508 2506//2506
f 2507//2507 2506//2506 2505//2505
f 2517//2517 2518//2518 2516//2516
f 2517//2517 2516//2516 2515//2515
f 2521//2521 2522//2522 2520//2520
f 2521//2521 2520//2520 2519//2519
f 2525//2525 2526//2526 2524//2524
f 2525//2525 2524//2524 2523//2523
f 2527//2527 2528//2528 2526//2526
f 2527//2527 2526//2526 2525//2525
f 2523//2523 2524//2524 2522//2522
f 2523//2523 2522//2522 2521//2521
f 2531//2531 2532//2532 2530//2530
f 2531//2531 2530//2530 2529//2529
f 2535//2535 2536//2536 2534//2534
f 2535//2535 2534//2534 2533//2533
f 2537//2537 2538//2538 2536//2536
f 2537//2537 2536//2536 2535//2535
f 2533//2533 2534//2534 2532//2532
f 2533//2533 2532//2532 2531//2531
f 2529//2529 2530//2530 2528//2528
f 2529//2529 2528//2528 2527//2527
f 2519//2519 2520//2520 2518//2518
f 2519//2519 2518//2518 2517//2517
f 2541//2541 2542//2542 2540//2540
f 2541//2541 2540//2540 2539//2539
f 2543//2543 2544//2544 2542//2542
f 2543//2543 2542//2542 2541//2541
f 2547//2547 2548//2548 2546//2546
f 2547//2547 2546//2546 2545//2545
f 2549//2549 2550//2550 2548//2548
f 2549//2549 2548//2548 2547//2547
f 2545//2545 2546//2546 2544//2544
f 2545//2545 2544//2544 2543//2543
f 2551//2551 2552//2552 2550//2550
f 2551//2551 2550//2550 2549//2549
f 2555//2555 2556//2556 2554//2554
f 2555//2555 2554//2554 2553//2553
f 2557//2557 2558//2558 2556//2556
f 2557//2557 2556//2556 2555//2555
f 2564//2564 2559//2559 2561//2561
f 2564//2564 2561//2561 2562//2562
f 2559//2559 2560//2560 2558//2558
f 2559//2559 2558//2558 2557//2557
f 2553//2553 2554//2554 2552//2552
f 2553//2553 2552//2552 2551//2551
f 2564//2564 2563//2563 2560//2560
f 2563//2563 2564//2564 2562//2562
f 2560//2560 2559//2559 2564//2564
f 2567//2567 2568//2568 2566//2566
f 2567//2567 2566//2566 2565//2565
f 2571//2571 2572//2572 2570//2570
f 2571//2571 2570//2570 2569//2569
f 2573//2573 2574//2574 2572//2572
f 2573//2573 2572//2572 2571//2571
f 2569//2569 2570//2570 2568//2568
f 2569//2569 2568//2568 2567//2567
f 2577//2577 2578//2578 2576//2576
f 2577//2577 2576//2576 2575//2575
f 2581//2581 2582//2582 2580//2580
f 2581//2581 2580//2580 2579//2579
f 2583//2583 2584//2584 2582//2582
f 2583//2583 2582//2582 2581//2581
f 2579//2579 2580//2580 2578//2578
f 2579//2579 2578//2578 2577//2577
f 2575//2575 2576//2576 2574//2574
f 2575//2575 2574//2574 2573//2573
f 2585//2585 2586//2586 2584//2584
f 2585//2585 2584//2584 2583//2583
f 2589//2589 2590//2590 2588//2588
f 2589//2589 2588//2588 2587//2587
f 2593//2593 2594//2594 2592//2592
f 2593//2593 2592//2592 2591//2591
f 2595//2595 2596//2596 2594//2594
f 2595//2595 2594//2594 2593//2593
f 2591//2591 2592//2592 2590//2590
f 2591//2591 2590//2590 2589//2589
f 2599//2599 2600//2600 2598//2598
f 2599//2599 2598//2598 2597//2597
f 2603//2603 2604//2604 2602//2602
f 2603//2603 2602//2602 2601//2601
f 2605//2605 2606//2606 2604//2604
f 2605//2605 2604//2604 2603//2603
f 2601//2601 2602//2602 2600//2600
f 2601//2601 2600//2600 2599//2599
f 2597//2597 2598//2598 2596//2596
f 2597//2597 2596//2596 2595//2595
f 2587//2587 2588//2588 2586//2586
f 2587//2587 2586//2586 2585//2585
f 2609//2609 2610//2610 2608//2608
f 2609//2609 2608//2608 2607//2607
f 2611//2611 2612//2612 2610//2610
f 2611//2611 2610//2610 2609//2609
f 2615//2615 2616//2616 2614//2614
f 2615//2615 2614//2614 2613//2613
f 2617//2617 2618//2618 2616//2616
f 2617//2617 2616//2616 2615//2615
f 2613//2613 2614//2614 2612//2612
f 2613//2613 2612//2612 2611//2611
f 2619//2619 2620//2620 2618//2618
f 2619//2619 2618//2618 2617//2617
f 2623//2623 2624//2624 2622//2622
f 2623//2623 2622//2622 2621//2621
f 2625//2625 2626//2626 2624//2624
f 2625//2625 2624//2624 2623//2623
f 2629//2629 2630//2630 2628//2628
f 2629//2629 2628//2628 2627//2627
f 2631//2631 2632//2632 2630//2630
f 2631//2631 2630//2630 2629//2629
f 2627//2627 2628//2628 2626//2626
f 2627//2627 2626//2626 2625//2625
f 2621//2621 2622//2622 2620//2620
f 2621//2621 2620//2620 2619//2619
f 2635//2635 2636//2636 2634//2634
f 2635//2635 2634//2634 2633//2633
f 2639//2639 2640//2640 2638//2638
f 2639//2639 2638//2638 2637//2637
f 2641//2641 2642//2642 2640//2640
f 2641//2641 2640//2640 2639//2639
f 2637//2637 2638//2638 2636//2636
f 2637//2637 2636//2636 2635//2635
f 2645//2645 2646//2646 2644//2644
f 2645//2645 2644//2644 2643//2643
f 2649//2649 2650//2650 2648//2648
f 2649//2649 2648//2648 2647//2647
f 2651//2651 2652//2652 2650//2650
f 2651//2651 2650//2650 2649//2649
f 2647//2647 2648//2648 2646//2646
f 2647//2647 2646//2646 2645//2645
f 2643//2643 2644//2644 2642//2642
f 2643//2643 2642//2642 2641//2641
f 2653//2653 2654//2654 2652//2652
f 2653//2653 2652//2652 2651//2651
f 2657//2657 2658//2658 2656//2656
f 2657//2657 2656//2656 2655//2655
f 2661//2661 2662//2662 2660//2660
f 2661//2661 2660//2660 2659//2659
f 2663//2663 2664//2664 2662//2662
f 2663//2663 2662//2662 2661//2661
f 2659//2659 2660//2660 2658//2658
f 2659//2659 2658//2658 2657//2657
f 2667//2667 2668//2668 2666//2666
f 2667//2667 2666//2666 2665//2665
f 2671//2671 2672//2672 2670//2670
f 2671//2671 2670//2670 2669//2669
f 2673//2673 2674//2674 2672//2672
f 2673//2673 2672//2672 2671//2671
f 2669//2669 2670//2670 2668//2668
f 2669//2669 2668//2668 2667//2667
f 2665//2665 2666//2666 2664//2664
f 2665//2665 2664//2664 2663//2663
f 2655//2655 2656//2656 2654//2654
f 2655//2655 2654//2654 2653//2653
f 2677//2677 2678//2678 2676//2676
f 2677//2677 2676//2676 2675//2675
f 2679//2679 2680//2680 2678//2678
f 2679//2679 2678//2678 2677//2677
f 2683//2683 2684//2684 2682//2682
f 2683//2683 2682//2682 2681//2681
f 2685//2685 2686//2686 2684//2684
f 2685//2685 2684//2684 2683//2683
f 2681//2681 2682//2682 2680//2680
f 2681//2681 2680//2680 2679//2679
f 2687//2687 2688//2688 2686//2686
f 2687//2687 2686//2686 2685//2685
f 2691//2691 2692//2692 2690//2690
f 2691//2691 2690//2690 2689//2689
f 2693//2693 2694//2694 2692//2692
f 2693//2693 2692//2692 2691//2691
f 2700//2700 2695//2695 2697//2697
f 2700//2700 2697//2697 2698//2698
f 2695//2695 2696//2696 2694//2694
f 2695//2695 2694//2694 2693//2693
f 2689//2689 2690//2690 2688//2688
f 2689//2689 2688//2688 2687//2687
f 2700//2700 2699//2699 2696//2696
f 2699//2699 2700//2700 2698//2698
f 2696//2696 2695//2695 2700//2700
f 2703//2703 2704//2704 2702//2702
f 2703//2703 2702//2702 2701//2701
f 2707//2707 2708//2708 2706//2706
f 2707//2707 2706//2706 2705//2705
f 2709//2709 2710//2710 2708//2708
f 2709//2709 2708//2708 2707//2707
f 2705//2705 2706//2706 2704//2704
f 2705//2705 2704//2704 2703//2703
f 2713//2713 2714//2714 2712//2712
f 2713//2713 2712//2712 2711//2711
f 2717//2717 2718//2718 2716//2716
f 2717//2717 2716//2716 2715//2715
f 2719//2719 2720//2720 2718//2718
f 2719//2719 2718//2718 2717//2717
f 2715//2715 2716//2716 2714//2714
f 2715//2715 2714//2714 2713//2713
f 2711//2711 2712//2712 2710//2710
f 2711//2711 2710//2710 2709//2709
f 2721//2721 2722//2722 2720//2720
f 2721//2721 2720//2720 2719//2719
f 2725//2725 2726//2726 2724//2724
f 2725//2725 2724//2724 2723//2723
f 2729//2729 2730//2730 2728//2728
f 2729//2729 2728//2728 2727//2727
f 2731//2731 2732//2732 2730//2730
f 2731//2731 2730//2730 2729//2729
f 2727//2727 2728//2728 2726//2726
f 2727//2727 2726//2726 2725//2725
f 2735//2735 2736//2736 2734//2734
f 2735//2735 2734//2734 2733//2733
f 2739//2739 2740//2740 2738//2738
f 2739//2739 2738//2738 2737//2737
f 2741//2741 2742//2742 2740//2740
f 2741//2741 2740//2740 2739//2739
f 2737//2737 2738//2738 2736//2736
f 2737//2737 2736//2736 2735//2735
f 2733//2733 2734//2734 2732//2732
f 2733//2733 2732//2732 2731//2731
f 2723//2723 2724//2724 2722//2722
f 2723//2723 2722//2722 2721//2721
f 2745//2745 2746//2746 2744//2744
f 2745//2745 2744//2744 2743//2743
f 2747//2747 2748//2748 2746//2746
f 2747//2747 2746//2746 2745//2745
f 2751//2751 2752//2752 2750//2750
f 2751//2751 2750//2750 2749//2749
f 2753//2753 2754//2754 2752//2752
f 2753//2753 2752//2752 2751//2751
f 2749//2749 2750//2750 2748//2748
f 2749//2749 2748//2748 2747//2747
f 2755//2755 2756//2756 2754//2754
f 2755//2755 2754//2754 2753//2753
f 2759//2759 2760//2760 2758//2758
f 2759//2759 2758//2758 2757//2757
f 2761//2761 2762//2762 2760//2760
f 2761//2761 2760//2760 2759//2759
f 2768//2768 2763//2763 2765//2765
f 2768//2768 2765//2765 2766//2766
f 2763//2763 2764//2764 2762//2762
f 2763//2763 2762//2762 2761//2761
f 2757//2757 2758//2758 2756//2756
f 2757//2757 2756//2756 2755//2755
f 2768//2768 2767//2767 2764//2764
f 2767//2767 2768//2768 2766//2766
f 2764//2764 2763//2763 2768//2768
f 2772//2772 2770//2770 2773//2773
f 2772//2772 2773//2773 2774//2774
f 2774//2774 2769//2769 2771//2771
f 2774//2774 2771//2771 2772//2772
f 2778//2778 2780//2780 2779//2779
f 2778//2778 2779//2779 2775//2775
f 2780//2780 2778//2778 2777//2777
f 2780//2780 2777//2777 2776//2776
f 2783//2783 2782//2782 2781//2781
f 2785//2785 2783//2783 2784//2784
f 2782//2782 2783//2783 2785//2785
f 2787//2787 2788//2788 2786//2786
f 2787//2787 2786//2786 2789//2789
f 2795//2795 2793//2793 2792//2792
f 2795//2795 2792//2792 2791//2791
f 2793//2793 2795//2795 2794//2794
f 2793//2793 2794//2794 2790//2790
f 2801//2801 2797//2797 2798//2798
f 2801//2801 2798//2798 2799//2799
f 2799//2799 2796//2796 2800//2800
f 2799//2799 2800//2800 2801//2801
f 2803//2803 2805//2805 2802//2802
f 2803//2803 2802//2802 2804//2804
f 2807//2807 2808//2808 2829//2829
f 2807//2807 2829//2829 2806//2806
f 2809//2809 2810//2810 2808//2808
f 2809//2809 2808//2808 2807//2807
f 2813//2813 2814//2814 2812//2812
f 2813//2813 2812//2812 2811//2811
f 2815//2815 2816//2816 2814//2814
f 2815//2815 2814//2814 2813//2813
f 2811//2811 2812//2812 2810//2810
f 2811//2811 2810//2810 2809//2809
f 2816//2816 2815//2815 2817//2817
f 2816//2816 2817//2817 2818//2818
f 2819//2819 2820//2820 2818//2818
f 2819//2819 2818//2818 2817//2817
f 2821//2821 2822//2822 2820//2820
f 2821//2821 2820//2820 2819//2819
f 2825//2825 2826//2826 2824//2824
f 2825//2825 2824//2824 2823//2823
f 2827//2827 2828//2828 2826//2826
f 2827//2827 2826//2826 2825//2825
f 2823//2823 2824//2824 2822//2822
f 2823//2823 2822//2822 2821//2821
f 2835//2835 2833//2833 2832//2832
f 2835//2835 2832//2832 2831//2831
f 2833//2833 2835//2835 2834//2834
f 2833//2833 2834//2834 2830//2830
f 2841//2841 2837//2837 2838//2838
f 2841//2841 2838//2838 2839//2839
f 2839//2839 2836//2836 2840//2840
f 2839//2839 2840//2840 2841//2841
f 2843//2843 2845//2845 2842//2842
f 2843//2843 2842//2842 2844//2844
f 2847//2847 2848//2848 2869//2869
f 2847//2847 2869//2869 2846//2846
f 2849//2849 2850//2850 2848//2848
f 2849//2849 2848//2848 2847//2847
f 2853//2853 2854//2854 2852//2852
f 2853//2853 2852//2852 2851//2851
f 2855//2855 2856//2856 2854//2854
f 2855//2855 2854//2854 2853//2853
f 2851//2851 2852//2852 2850//2850
f 2851//2851 2850//2850 2849//2849
f 2856//2856 2855//2855 2857//2857
f 2856//2856 2857//2857 2858//2858
f 2859//2859 2860//2860 2858//2858
f 2859//2859 2858//2858 2857//2857
f 2861//2861 2862//2862 2860//2860
f 2861//2861 2860//2860 2859//2859
f 2865//2865 2866//2866 2864//2864
f 2865//2865 2864//2864 2863//2863
f 2867//2867 2868//2868 2866//2866
f 2867//2867 2866//2866 2865//2865
f 2863//2863 2864//2864 2862//2862
f 2863//2863 2862//2862 2861//2861
f 2875//2875 2871//2871 2872//2872
f 2875//2875 2872//2872 2873//2873
f 2873//2873 2870//2870 2874//2874
f 2873//2873 2874//2874 2875//2875
f 2881//2881 2879//2879 2878//2878
f 2881//2881 2878//2878 2876//2876
f 2879//2879 2881//2881 2880//2880
f 2879//2879 2880//2880 2877//2877
f 2883//2883 2884//2884 2882//2882
f 2883//2883 2882//2882 2885//2885
f 2891//2891 2886//2886 2887//2887
f 2891//2891 2887//2887 2888//2888
f 2889//2889 2890//2890 2888//2888
f 2889//2889 2888//2888 2887//2887
f 2897//2897 2895//2895 2894//2894
f 2897//2897 2894//2894 2893//2893
f 2895//2895 2897//2897 2896//2896
f 2895//2895 2896//2896 2892//2892
f 2903//2903 2899//2899 2900//2900
f 2903//2903 2900//2900 2901//2901
f 2901//2901 2898//2898 2902//2902
f 2901//2901 2902//2902 2903//2903
f 2905//2905 2907//2907 2904//2904
f 2905//2905 2904//2904 2906//2906
f 2909//2909 2910//2910 2931//2931
f 2909//2909 2931//2931 2908//2908
f 2911//2911 2912//2912 2910//2910
f 2911//2911 2910//2910 2909//2909
f 2915//2915 2916//2916 2914//2914
f 2915//2915 2914//2914 2913//2913
f 2917//2917 2918//2918 2916//2916
f 2917//2917 2916//2916 2915//2915
f 2913//2913 2914//2914 2912//2912
f 2913//2913 2912//2912 2911//2911
f 2918//2918 2917//2917 2919//2919
f 2918//2918 2919//2919 2920//2920
f 2921//2921 2922//2922 2920//2920
f 2921//2921 2920//2920 2919//2919
f 2923//2923 2924//2924 2922//2922
f 2923//2923 2922//2922 2921//2921
f 2927//2927 2928//2928 2926//2926
f 2927//2927 2926//2926 2925//2925
f 2929//2929 2930//2930 2928//2928
f 2929//2929 2928//2928 2927//2927
f 2925//2925 2926//2926 2924//2924
f 2925//2925 2924//2924 2923//2923
f 2937//2937 2933//2933 2934//2934
f 2937//2937 2934//2934 2935//2935
f 2935//2935 2932//2932 2936//2936
f 2935//2935 2936//2936 2937//2937
f 2943//2943 2941//2941 2940//2940
f 2943//2943 2940//2940 2938//2938
f 2941//2941 2943//2943 2942//2942
f 2941//2941 2942//2942 2939//2939
f 2945//2945 2946//2946 2944//2944
f 2945//2945 2944//2944 2947//2947
f 2953//2953 2948//2948 2949//2949
f 2953//2953 2949//2949 2950//2950
f 2951//2951 2952//2952 2950//2950
f 2951//2951 2950//2950 2949//2949
f 2959//2959 2955//2955 2956//2956
f 2959//2959 2956//2956 2957//2957
f 2957//2957 2954//2954 2958//2958
f 2957//2957 2958//2958 2959//2959
f 2965//2965 2963//2963 2962//2962
f 2965//2965 2962//2962 2960//2960
f 2963//2963 2965//2965 2964//2964
f 2963//2963 2964//2964 2961//2961
f 2967//2967 2968//2968 2966//2966
f 2967//2967 2966//2966 2969//2969
f 2971//2971 2970//2970 2972//2972
f 2971//2971 2972//2972 2973//2973
f 2974//2974 2975//2975 2973//2973
f 2974//2974 2973//2973 2972//2972
f 2981//2981 2979//2979 2978//2978
f 2981//2981 2978//2978 2977//2977
f 2979//2979 2981//2981 2980//2980
f 2979//2979 2980//2980 2976//2976
f 2987//2987 2983//2983 2984//2984
f 2987//2987 2984//2984 2985//2985
f 2985//2985 2982//2982 2986//2986
f 2985//2985 2986//2986 2987//2987
f 2989//2989 2991//2991 2988//2988
f 2989//2989 2988//2988 2990//2990
f 2993//2993 2994//2994 3017//3017
f 2993//2993 3017//3017 2992//2992
f 2995//2995 2996//2996 2994//2994
f 2995//2995 2994//2994 2993//2993
f 2999//2999 3000//3000 2998//2998
f 2999//2999 2998//2998 2997//2997
f 3001//3001 3002//3002 3000//3000
f 3001//3001 3000//3000 2999//2999
f 2997//2997 2998//2998 2996//2996
f 2997//2997 2996//2996 2995//2995
f 3003//3003 3004//3004 3002//3002
f 3003//3003 3002//3002 3001//3001
f 3007//3007 3008//3008 3006//3006
f 3007//3007 3006//3006 3005//3005
f 3009//3009 3010//3010 3008//3008
f 3009//3009 3008//3008 3007//3007
f 3013//3013 3014//3014 3012//3012
f 3013//3013 3012//3012 3011//3011
f 3015//3015 3016//3016 3014//3014
f 3015//3015 3014//3014 3013//3013
f 3011//3011 3012//3012 3010//3010
f 3011//3011 3010//3010 3009//3009
f 3005//3005 3006//3006 3004//3004
f 3005//3005 3004//3004 3003//3003
f 3417//3417 3505//3505 4192//4192
f 3504//3504 4192//4192 3505//3505
f 3503//3503 4193//4193 3504//3504
f 4192//4192 3504//3504 4193//4193
f 3502//3502 4193//4193 3503//3503
f 3501//3501 3500//3500 4341//4341
f 3500//3500 3499//3499 4263//4263
f 3501//3501 4193//4193 3502//3502
f 4193//4193 3501//3501 4341//4341
f 3418//3418 3417//3417 4192//4192
f 4342//4342 4262//4262 4261//4261
f 4264//4264 4265//4265 4261//4261
f 4261//4261 4265//4265 4342//4342
f 4264//4264 3126//3126 4265//4265
f 4261//4261 4260//4260 4340//4340
f 4264//4264 4263//4263 3127//3127
f 3500//3500 4263//4263 4341//4341
f 4264//4264 4261//4261 4340//4340
f 3131//3131 3499//3499 3498//3498
f 3130//3130 4263//4263 3499//3499
f 4190//4190 3420//3420 4191//4191
f 3419//3419 4191//4191 3420//3420
f 4191//4191 3419//3419 3418//3418
f 4191//4191 3418//3418 4192//4192
f 3421//3421 4190//4190 3422//3422
f 3421//3421 3420//3420 4190//4190
f 3489//3489 3474//3474 3490//3490
f 3473//3473 3491//3491 3490//3490
f 3492//3492 3491//3491 3472//3472
f 3494//3494 3469//3469 3495//3495
f 3498//3498 3497//3497 3466//3466
f 3495//3495 3468//3468 3496//3496
f 3496//3496 3467//3467 3497//3497
f 3470//3470 3494//3494 3493//3493
f 3464//3464 3131//3131 3498//3498
f 3471//3471 3493//3493 3492//3492
f 3463//3463 3131//3131 3464//3464
f 3462//3462 3132//3132 3463//3463
f 3462//3462 3461//3461 3133//3133
f 3460//3460 3133//3133 3461//3461
f 3464//3464 3498//3498 3465//3465
f 4266//4266 4265//4265 3125//3125
f 3508//3508 4268//4268 4267//4267
f 3507//3507 4268//4268 3508//3508
f 4267//4267 3510//3510 3509//3509
f 3507//3507 3506//3506 4268//4268
f 3509//3509 3508//3508 4267//4267
f 3511//3511 4267//4267 4343//4343
f 3123//3123 4266//4266 3124//3124
f 3122//3122 4266//4266 3123//3123
f 4266//4266 3122//3122 3513//3513
f 4266//4266 3125//3125 3124//3124
f 3510//3510 4267//4267 3511//3511
f 3511//3511 4343//4343 3512//3512
f 3546//3546 3515//3515 3514//3514
f 3597//3597 4268//4268 3506//3506
f 3122//3122 3121//3121 3513//3513
f 3514//3514 3513//3513 3121//3121
f 4266//4266 3513//3513 3512//3512
f 3514//3514 3121//3121 3548//3548
f 3120//3120 3119//3119 3550//3550
f 3120//3120 3549//3549 3121//3121
f 3516//3516 3515//3515 3545//3545
f 3597//3597 4269//4269 4268//4268
f 3129//3129 4263//4263 3130//3130
f 3127//3127 4263//4263 3128//3128
f 3126//3126 4264//4264 3127//3127
f 3129//3129 3128//3128 4263//4263
f 3462//3462 3133//3133 3132//3132
f 3132//3132 3131//3131 3463//3463
f 3458//3458 3135//3135 3459//3459
f 3460//3460 3459//3459 3134//3134
f 3134//3134 3133//3133 3460//3460
f 3131//3131 3130//3130 3499//3499
f 3141//3141 3448//3448 3142//3142
f 3458//3458 3457//3457 3135//3135
f 3136//3136 3457//3457 3456//3456
f 3135//3135 3457//3457 3136//3136
f 3136//3136 3456//3456 3137//3137
f 3139//3139 3138//3138 3453//3453
f 3138//3138 3137//3137 3455//3455
f 3139//3139 3451//3451 3140//3140
f 3449//3449 3141//3141 3140//3140
f 3134//3134 3459//3459 3135//3135
f 3126//3126 3125//3125 4265//4265
f 3512//3512 4343//4343 4266//4266
f 4190//4190 4189//4189 3423//3423
f 3478//3478 3486//3486 3485//3485
f 3486//3486 3477//3477 3487//3487
f 3424//3424 4189//4189 3425//3425
f 3424//3424 3423//3423 4189//4189
f 3481//3481 3484//3484 3483//3483
f 3479//3479 3485//3485 3484//3484
f 3475//3475 3488//3488 3487//3487
f 3422//3422 4190//4190 3423//3423
f 3474//3474 3489//3489 3488//3488
f 3473//3473 3472//3472 3491//3491
f 3470//3470 3493//3493 3471//3471
f 3490//3490 3474//3474 3473//3473
f 3477//3477 3476//3476 3487//3487
f 3476//3476 3475//3475 3487//3487
f 3431//3431 4185//4185 3432//3432
f 3488//3488 3475//3475 3474//3474
f 3472//3472 3471//3471 3492//3492
f 3494//3494 3470//3470 3469//3469
f 3477//3477 3486//3486 3478//3478
f 3481//3481 3480//3480 3484//3484
f 3483//3483 3482//3482 3481//3481
f 3479//3479 3484//3484 3480//3480
f 3427//3427 3426//3426 4188//4188
f 3425//3425 4188//4188 3426//3426
f 4187//4187 3428//3428 3427//3427
f 3428//3428 4187//4187 3429//3429
f 4188//4188 4187//4187 3427//3427
f 4189//4189 4188//4188 3425//3425
f 4186//4186 3429//3429 4187//4187
f 4186//4186 3431//3431 3430//3430
f 4185//4185 3431//3431 4186//4186
f 3429//3429 4186//4186 3430//3430
f 4061//4061 4172//4172 4062//4062
f 4173//4173 4172//4172 4061//4061
f 4171//4171 4062//4062 4172//4172
f 4061//4061 4060//4060 4173//4173
f 4173//4173 4060//4060 4059//4059
f 4174//4174 4173//4173 4059//4059
f 3479//3479 3478//3478 3485//3485
f 4185//4185 3433//3433 3432//3432
f 3468//3468 3495//3495 3469//3469
f 3466//3466 3497//3497 3467//3467
f 3468//3468 3467//3467 3496//3496
f 3435//3435 3434//3434 4184//4184
f 3437//3437 3436//3436 4184//4184
f 4184//4184 3436//3436 3435//3435
f 3437//3437 4184//4184 3438//3438
f 3433//3433 4185//4185 3434//3434
f 3138//3138 3455//3455 3454//3454
f 3139//3139 3453//3453 3452//3452
f 3139//3139 3452//3452 3451//3451
f 3453//3453 3138//3138 3454//3454
f 3140//3140 3450//3450 3449//3449
f 3442//3442 4182//4182 3443//3443
f 3448//3448 3141//3141 3449//3449
f 3439//3439 3438//3438 4183//4183
f 3450//3450 3140//3140 3451//3451
f 3455//3455 3137//3137 3456//3456
f 4175//4175 4174//4174 4058//4058
f 4057//4057 4176//4176 4175//4175
f 4184//4184 3434//3434 4185//4185
f 4177//4177 4176//4176 4055//4055
f 4058//4058 4174//4174 4059//4059
f 4176//4176 4057//4057 4056//4056
f 4176//4176 4056//4056 4055//4055
f 4057//4057 4175//4175 4058//4058
f 4055//4055 4054//4054 4177//4177
f 4177//4177 4054//4054 4178//4178
f 4182//4182 3440//3440 4183//4183
f 4183//4183 3438//3438 4184//4184
f 4182//4182 3441//3441 3440//3440
f 4053//4053 4178//4178 4054//4054
f 4052//4052 4178//4178 4053//4053
f 4050//4050 4179//4179 4051//4051
f 4052//4052 4051//4051 4179//4179
f 3441//3441 4182//4182 3442//3442
f 4178//4178 4052//4052 4179//4179
f 4050//4050 4180//4180 4179//4179
f 4183//4183 3440//3440 3439//3439
f 4182//4182 3444//3444 3443//3443
f 3466//3466 3465//3465 3498//3498
f 3517//3517 3516//3516 3544//3544
f 3595//3595 4269//4269 3596//3596
f 4269//4269 3595//3595 3594//3594
f 3594//3594 4270//4270 4269//4269
f 3520//3520 3519//3519 3541//3541
f 3522//3522 3521//3521 3539//3539
f 3520//3520 3540//3540 3521//3521
f 3519//3519 3518//3518 3542//3542
f 3538//3538 3522//3522 3539//3539
f 3517//3517 3543//3543 3518//3518
f 3592//3592 4270//4270 3593//3593
f 3526//3526 3525//3525 3535//3535
f 3524//3524 3523//3523 3538//3538
f 3521//3521 3540//3540 3539//3539
f 3525//3525 3524//3524 3537//3537
f 3528//3528 3527//3527 3533//3533
f 3527//3527 3526//3526 3534//3534
f 3522//3522 3538//3538 3523//3523
f 3591//3591 4270//4270 3592//3592
f 4270//4270 3594//3594 3593//3593
f 3520//3520 3541//3541 3540//3540
f 3550//3550 3119//3119 3551//3551
f 3549//3549 3548//3548 3121//3121
f 3548//3548 3547//3547 3514//3514
f 3550//3550 3549//3549 3120//3120
f 3118//3118 3552//3552 3119//3119
f 3552//3552 3551//3551 3119//3119
f 3117//3117 3553//3553 3118//3118
f 3118//3118 3553//3553 3552//3552
f 3553//3553 3117//3117 3554//3554
f 3514//3514 3547//3547 3546//3546
f 3543//3543 3517//3517 3544//3544
f 3519//3519 3542//3542 3541//3541
f 3542//3542 3518//3518 3543//3543
f 3577//3577 3576//3576 4275//4275
f 3579//3579 3578//3578 4275//4275
f 4275//4275 3576//3576 3575//3575
f 3577//3577 4275//4275 3578//3578
f 3580//3580 3579//3579 4275//4275
f 3546//3546 3545//3545 3515//3515
f 3516//3516 3545//3545 3544//3544
f 3528//3528 3531//3531 3529//3529
f 3532//3532 3531//3531 3528//3528
f 3529//3529 3531//3531 3530//3530
f 3590//3590 4271//4271 3591//3591
f 3533//3533 3532//3532 3528//3528
f 3537//3537 3536//3536 3525//3525
f 3526//3526 3535//3535 3534//3534
f 3535//3535 3525//3525 3536//3536
f 3534//3534 3533//3533 3527//3527
f 3538//3538 3537//3537 3524//3524
f 4272//4272 4271//4271 3589//3589
f 3587//3587 4272//4272 3588//3588
f 3589//3589 3588//3588 4272//4272
f 4273//4273 4272//4272 3587//3587
f 4273//4273 3586//3586 3585//3585
f 3586//3586 4273//4273 3587//3587
f 4107//4107 4204//4204 4203//4203
f 4273//4273 3585//3585 3584//3584
f 4271//4271 3590//3590 3589//3589
f 4271//4271 4270//4270 3591//3591
f 4274//4274 3584//3584 3583//3583
f 4274//4274 3583//3583 3582//3582
f 4274//4274 3582//3582 3581//3581
f 4274//4274 3580//3580 4275//4275
f 4199//4199 4198//4198 4114//4114
f 4200//4200 4199//4199 4113//4113
f 4274//4274 4273//4273 3584//3584
f 3581//3581 3580//3580 4274//4274
f 4110//4110 4109//4109 4202//4202
f 4108//4108 4202//4202 4109//4109
f 4203//4203 4202//4202 4108//4108
f 4107//4107 4203//4203 4108//4108
f 4114//4114 4113//4113 4199//4199
f 4200//4200 4111//4111 4201//4201
f 4113//4113 4112//4112 4200//4200
f 4111//4111 4200//4200 4112//4112
f 4201//4201 4111//4111 4110//4110
f 4110//4110 4202//4202 4201//4201
f 4204//4204 4107//4107 4104//4104
f 4115//4115 4114//4114 4198//4198
f 4104//4104 4103//4103 4204//4204
f 4276//4276 4275//4275 3575//3575
f 3555//3555 3117//3117 3116//3116
f 3115//3115 3556//3556 3116//3116
f 3116//3116 3556//3556 3555//3555
f 3555//3555 3554//3554 3117//3117
f 3557//3557 3556//3556 3115//3115
f 3144//3144 3143//3143 3563//3563
f 3557//3557 3115//3115 3114//3114
f 3114//3114 3145//3145 3559//3559
f 3145//3145 3144//3144 3561//3561
f 3114//3114 3558//3558 3557//3557
f 3114//3114 3559//3559 3558//3558
f 4276//4276 3573//3573 3572//3572
f 3145//3145 3560//3560 3559//3559
f 3144//3144 3563//3563 3562//3562
f 3144//3144 3562//3562 3561//3561
f 4277//4277 3572//3572 3571//3571
f 3569//3569 4277//4277 3570//3570
f 4276//4276 3574//3574 3573//3573
f 3145//3145 3561//3561 3560//3560
f 3564//3564 3563//3563 3143//3143
f 3446//3446 3566//3566 3447//3447
f 3445//3445 4182//4182 3162//3162
f 4181//4181 3163//3163 4182//4182
f 3448//3448 3564//3564 3142//3142
f 4048//4048 4180//4180 4049//4049
f 4180//4180 4050//4050 4049//4049
f 4048//4048 4047//4047 4181//4181
f 4048//4048 4181//4181 4180//4180
f 4046//4046 4181//4181 4047//4047
f 3564//3564 3448//3448 3447//3447
f 3445//3445 3444//3444 4182//4182
f 3565//3565 3447//3447 3566//3566
f 3568//3568 3567//3567 4277//4277
f 3567//3567 3566//3566 3159//3159
f 3564//3564 3143//3143 3142//3142
f 4337//4337 4045//4045 4044//4044
f 4045//4045 3168//3168 4046//4046
f 4045//4045 4065//4065 3168//3168
f 4337//4337 4065//4065 4045//4045
f 3446//3446 3160//3160 3566//3566
f 3569//3569 3568//3568 4277//4277
f 3446//3446 3445//3445 3161//3161
f 4181//4181 4046//4046 3168//3168
f 3564//3564 3447//3447 3565//3565
f 4277//4277 3571//3571 3570//3570
f 4117//4117 4197//4197 4196//4196
f 4115//4115 4197//4197 4116//4116
f 4119//4119 4196//4196 4195//4195
f 4276//4276 3575//3575 3574//3574
f 4277//4277 3567//3567 3158//3158
f 4277//4277 3157//3157 4194//4194
f 3154//3154 4194//4194 3155//3155
f 4121//4121 4195//4195 4194//4194
f 4194//4194 3154//3154 3153//3153
f 4116//4116 4197//4197 4117//4117
f 4194//4194 3156//3156 3155//3155
f 4196//4196 4119//4119 4118//4118
f 4120//4120 4195//4195 4121//4121
f 4119//4119 4195//4195 4120//4120
f 4196//4196 4118//4118 4117//4117
f 4124//4124 4123//4123 3152//3152
f 4194//4194 4123//4123 4122//4122
f 4105//4105 3149//3149 4106//4106
f 4124//4124 4105//4105 4338//4338
f 4124//4124 4338//4338 4125//4125
f 3152//3152 4123//4123 4194//4194
f 4194//4194 4122//4122 4121//4121
f 4105//4105 4124//4124 3152//3152
f 3162//3162 4182//4182 3163//3163
f 3160//3160 3446//3446 3161//3161
f 3159//3159 3566//3566 3160//3160
f 3162//3162 3161//3161 3445//3445
f 3165//3165 4181//4181 3166//3166
f 4181//4181 3168//3168 3167//3167
f 3165//3165 3164//3164 4181//4181
f 4181//4181 3167//3167 3166//3166
f 3163//3163 4181//4181 3164//3164
f 4277//4277 3158//3158 3157//3157
f 4194//4194 3153//3153 3152//3152
f 3156//3156 4194//4194 3157//3157
f 4065//4065 3171//3171 3170//3170
f 3170//3170 3169//3169 4065//4065
f 3151//3151 3150//3150 4105//4105
f 4105//4105 3152//3152 3151//3151
f 4105//4105 3150//3150 3149//3149
f 3159//3159 3158//3158 3567//3567
f 3168//3168 4065//4065 3169//3169
f 4277//4277 4276//4276 3572//3572
f 4115//4115 4198//4198 4197//4197
f 3597//3597 3596//3596 4269//4269
f 4064//4064 3171//3171 4065//4065
f 4284//4284 3681//3681 4285//4285
f 3680//3680 4285//4285 3681//3681
f 4285//4285 3680//3680 3679//3679
f 3679//3679 3678//3678 4286//4286
f 4286//4286 4285//4285 3679//3679
f 3683//3683 3682//3682 4284//4284
f 3682//3682 3681//3681 4284//4284
f 3624//3624 3623//3623 3620//3620
f 3624//3624 3620//3620 3625//3625
f 4066//4066 4171//4171 4170//4170
f 4170//4170 4067//4067 4066//4066
f 4171//4171 4066//4066 4063//4063
f 4063//4063 4062//4062 4171//4171
f 4169//4169 4067//4067 4170//4170
f 3676//3676 4286//4286 3677//3677
f 4286//4286 3678//3678 3677//3677
f 3675//3675 4287//4287 3676//3676
f 3675//3675 3674//3674 4287//4287
f 4283//4283 3684//3684 3683//3683
f 3625//3625 3620//3620 3619//3619
f 3626//3626 3619//3619 3618//3618
f 3685//3685 4283//4283 3686//3686
f 3685//3685 3684//3684 4283//4283
f 3617//3617 3627//3627 3618//3618
f 3629//3629 3617//3617 3616//3616
f 3623//3623 3622//3622 3621//3621
f 4284//4284 4283//4283 3683//3683
f 3618//3618 3627//3627 3626//3626
f 3619//3619 3626//3626 3625//3625
f 3627//3627 3617//3617 3628//3628
f 3617//3617 3629//3629 3628//3628
f 3616//3616 3615//3615 3630//3630
f 3614//3614 3631//3631 3630//3630
f 3612//3612 3633//3633 3632//3632
f 3631//3631 3613//3613 3632//3632
f 3629//3629 3616//3616 3630//3630
f 3621//3621 3620//3620 3623//3623
f 3633//3633 3611//3611 3634//3634
f 4067//4067 4169//4169 4068//4068
f 4287//4287 4286//4286 3676//3676
f 4168//4168 4069//4069 4169//4169
f 4167//4167 4070//4070 4168//4168
f 4168//4168 4070//4070 4069//4069
f 4071//4071 4070//4070 4167//4167
f 4287//4287 3673//3673 3672//3672
f 4287//4287 3674//3674 3673//3673
f 4167//4167 4166//4166 4072//4072
f 4288//4288 4287//4287 3672//3672
f 4072//4072 4071//4071 4167//4167
f 4075//4075 4074//4074 4164//4164
f 4077//4077 4076//4076 4163//4163
f 4164//4164 4076//4076 4075//4075
f 4163//4163 4078//4078 4077//4077
f 4166//4166 4165//4165 4073//4073
f 4165//4165 4074//4074 4073//4073
f 4072//4072 4166//4166 4073//4073
f 4289//4289 3664//3664 4290//4290
f 4164//4164 4074//4074 4165//4165
f 4076//4076 4164//4164 4163//4163
f 3667//3667 4289//4289 4288//4288
f 3670//3670 4288//4288 3671//3671
f 3672//3672 3671//3671 4288//4288
f 3669//3669 3668//3668 4288//4288
f 4288//4288 3668//3668 3667//3667
f 3636//3636 3635//3635 3609//3609
f 3669//3669 4288//4288 3670//3670
f 3637//3637 3636//3636 3608//3608
f 3635//3635 3634//3634 3610//3610
f 3667//3667 3666//3666 4289//4289
f 3664//3664 4289//4289 3665//3665
f 3663//3663 3662//3662 4290//4290
f 4289//4289 3666//3666 3665//3665
f 3113//3113 3652//3652 3651//3651
f 3082//3082 3651//3651 3650//3650
f 3112//3112 3655//3655 3654//3654
f 3112//3112 3654//3654 3653//3653
f 3113//3113 3653//3653 3652//3652
f 3663//3663 4290//4290 3664//3664
f 4078//4078 4163//4163 4162//4162
f 4069//4069 4068//4068 4169//4169
f 3638//3638 3637//3637 3607//3607
f 4282//4282 3687//3687 3686//3686
f 3614//3614 3613//3613 3631//3631
f 3612//3612 3632//3632 3613//3613
f 3689//3689 3688//3688 4282//4282
f 3688//3688 3687//3687 4282//4282
f 3633//3633 3612//3612 3611//3611
f 4281//4281 3689//3689 4282//4282
f 3615//3615 3614//3614 3630//3630
f 4283//4283 4282//4282 3686//3686
f 3606//3606 3640//3640 3639//3639
f 3089//3089 3640//3640 3606//3606
f 3089//3089 3606//3606 3605//3605
f 3636//3636 3609//3609 3608//3608
f 3609//3609 3635//3635 3610//3610
f 3638//3638 3607//3607 3606//3606
f 3607//3607 3637//3637 3608//3608
f 3088//3088 3642//3642 3641//3641
f 3640//3640 3089//3089 3641//3641
f 3643//3643 3642//3642 3087//3087
f 3634//3634 3611//3611 3610//3610
f 3639//3639 3638//3638 3606//3606
f 3604//3604 3603//3603 4345//4345
f 4345//4345 3603//3603 4280//4280
f 4280//4280 3603//3603 3602//3602
f 3600//3600 3599//3599 4281//4281
f 3598//3598 4281//4281 3599//3599
f 4280//4280 3601//3601 3600//3600
f 3602//3602 3601//3601 4280//4280
f 4281//4281 4280//4280 3600//3600
f 4279//4279 3605//3605 3604//3604
f 3689//3689 4281//4281 3598//3598
f 4278//4278 4292//4292 3094//3094
f 4294//4294 4344//4344 4295//4295
f 4279//4279 3604//3604 4345//4345
f 4278//4278 4344//4344 4294//4294
f 4293//4293 4346//4346 4294//4294
f 4292//4292 4294//4294 4346//4346
f 4278//4278 4294//4294 4292//4292
f 3773//3773 4291//4291 4347//4347
f 4291//4291 3095//3095 4292//4292
f 3090//3090 3605//3605 4279//4279
f 3093//3093 4279//4279 4278//4278
f 3644//3644 3643//3643 3087//3087
f 3641//3641 3089//3089 3088//3088
f 3088//3088 3087//3087 3642//3642
f 3644//3644 3087//3087 3086//3086
f 3645//3645 3086//3086 3085//3085
f 3646//3646 3645//3645 3085//3085
f 3089//3089 3605//3605 3090//3090
f 3093//3093 4278//4278 3094//3094
f 3092//3092 4279//4279 3093//3093
f 3091//3091 4279//4279 3092//3092
f 3090//3090 4279//4279 3091//3091
f 3648//3648 3647//3647 3084//3084
f 3083//3083 3082//3082 3649//3649
f 3082//3082 3650//3650 3649//3649
f 3648//3648 3083//3083 3649//3649
f 3083//3083 3648//3648 3084//3084
f 3647//3647 3085//3085 3084//3084
f 3113//3113 3651//3651 3082//3082
f 3112//3112 3653//3653 3113//3113
f 3112//3112 3111//3111 3655//3655
f 3647//3647 3646//3646 3085//3085
f 3094//3094 4292//4292 3095//3095
f 4291//4291 3097//3097 3096//3096
f 3096//3096 3095//3095 4291//4291
f 3774//3774 4160//4160 3775//3775
f 4291//4291 3098//3098 3097//3097
f 3773//3773 4347//4347 3774//3774
f 3778//3778 3777//3777 4159//4159
f 3777//3777 4160//4160 4159//4159
f 3776//3776 4160//4160 3777//3777
f 3776//3776 3775//3775 4160//4160
f 3690//3690 3778//3778 4159//4159
f 4291//4291 3772//3772 3098//3098
f 3772//3772 4291//4291 3773//3773
f 3771//3771 3099//3099 3772//3772
f 3771//3771 3770//3770 3739//3739
f 3771//3771 3737//3737 3099//3099
f 3736//3736 3100//3100 3099//3099
f 3774//3774 4347//4347 4160//4160
f 3770//3770 3769//3769 3740//3740
f 4159//4159 3691//3691 3690//3690
f 3100//3100 3735//3735 3101//3101
f 3098//3098 3772//3772 3099//3099
f 4158//4158 3691//3691 4159//4159
f 3086//3086 3645//3645 3644//3644
f 3656//3656 3655//3655 3111//3111
f 4290//4290 3661//3661 3660//3660
f 3662//3662 3661//3661 4290//4290
f 4080//4080 4079//4079 4162//4162
f 3659//3659 4290//4290 3660//3660
f 4078//4078 4162//4162 4079//4079
f 3180//3180 4290//4290 3659//3659
f 3656//3656 3110//3110 3721//3721
f 3657//3657 3656//3656 3721//3721
f 3658//3658 3181//3181 3659//3659
f 3657//3657 3720//3720 3658//3658
f 3656//3656 3111//3111 3110//3110
f 4082//4082 4161//4161 3174//3174
f 4083//4083 4064//4064 4336//4336
f 4084//4084 4083//4083 4336//4336
f 4082//4082 3174//3174 4083//4083
f 4161//4161 4081//4081 4080//4080
f 4082//4082 4081//4081 4161//4161
f 3658//3658 3719//3719 3182//3182
f 3719//3719 3658//3658 3720//3720
f 3719//3719 3718//3718 3183//3183
f 4149//4149 3718//3718 3717//3717
f 4080//4080 4162//4162 4161//4161
f 4161//4161 4290//4290 3179//3179
f 3657//3657 3721//3721 3720//3720
f 3108//3108 3107//3107 3724//3724
f 3727//3727 3726//3726 3106//3106
f 3106//3106 3726//3726 3107//3107
f 3728//3728 3727//3727 3106//3106
f 3722//3722 3109//3109 3108//3108
f 3104//3104 3103//3103 3730//3730
f 3729//3729 3728//3728 3105//3105
f 3106//3106 3105//3105 3728//3728
f 3104//3104 3729//3729 3105//3105
f 3104//3104 3730//3730 3729//3729
f 3109//3109 3722//3722 3721//3721
f 3717//3717 3716//3716 4149//4149
f 3716//3716 3715//3715 4149//4149
f 3107//3107 3726//3726 3725//3725
f 3107//3107 3725//3725 3724//3724
f 4150//4150 3712//3712 3711//3711
f 3723//3723 3108//3108 3724//3724
f 3108//3108 3723//3723 3722//3722
f 3721//3721 3110//3110 3109//3109
f 4064//4064 4083//4083 3174//3174
f 3177//3177 4161//4161 3178//3178
f 4161//4161 3175//3175 3174//3174
f 3175//3175 4161//4161 3176//3176
f 3178//3178 4161//4161 3179//3179
f 3180//3180 3659//3659 3181//3181
f 3184//3184 3183//3183 3718//3718
f 3182//3182 3719//3719 3183//3183
f 3181//3181 3658//3658 3182//3182
f 3179//3179 4290//4290 3180//3180
f 4064//4064 3174//3174 3173//3173
f 3192//3192 3191//3191 4024//4024
f 4024//4024 3191//3191 3190//3190
f 4148//4148 3186//3186 3185//3185
f 4149//4149 3185//3185 3184//3184
f 4148//4148 3190//3190 3189//3189
f 4148//4148 3187//3187 3186//3186
f 3193//3193 3192//3192 4024//4024
f 3173//3173 3172//3172 4064//4064
f 3718//3718 4149//4149 3184//3184
f 4149//4149 3714//3714 3713//3713
f 3714//3714 4149//4149 3715//3715
f 4148//4148 3189//3189 3188//3188
f 4007//4007 4148//4148 4147//4147
f 4148//4148 3185//3185 4149//4149
f 3187//3187 4148//4148 3188//3188
f 3712//3712 4150//4150 3713//3713
f 4150//4150 4149//4149 3713//3713
f 4011//4011 4145//4145 4012//4012
f 4145//4145 4011//4011 4146//4146
f 3711//3711 4151//4151 4150//4150
f 4009//4009 4147//4147 4146//4146
f 4148//4148 4005//4005 3190//3190
f 4004//4004 4003//4003 4335//4335
f 4004//4004 4335//4335 4024//4024
f 3190//3190 4005//4005 4004//4004
f 4011//4011 4010//4010 4146//4146
f 4010//4010 4009//4009 4146//4146
f 4008//4008 4147//4147 4009//4009
f 4148//4148 4007//4007 4006//4006
f 4008//4008 4007//4007 4147//4147
f 4148//4148 4006//4006 4005//4005
f 4004//4004 4024//4024 3190//3190
f 3177//3177 3176//3176 4161//4161
f 4145//4145 4013//4013 4012//4012
f 3101//3101 3734//3734 3733//3733
f 3732//3732 3102//3102 3733//3733
f 3103//3103 3102//3102 3732//3732
f 3731//3731 3103//3103 3732//3732
f 3731//3731 3730//3730 3103//3103
f 3734//3734 3101//3101 3735//3735
f 3737//3737 3771//3771 3738//3738
f 3736//3736 3099//3099 3737//3737
f 3735//3735 3100//3100 3736//3736
f 3739//3739 3738//3738 3771//3771
f 3707//3707 4151//4151 3708//3708
f 3708//3708 4151//4151 3709//3709
f 3768//3768 3742//3742 3741//3741
f 3769//3769 3741//3741 3740//3740
f 3765//3765 3745//3745 3744//3744
f 3766//3766 3744//3744 3743//3743
f 3767//3767 3743//3743 3742//3742
f 3770//3770 3740//3740 3739//3739
f 3768//3768 3741//3741 3769//3769
f 3766//3766 3765//3765 3744//3744
f 3763//3763 3746//3746 3764//3764
f 3764//3764 3745//3745 3765//3765
f 3743//3743 3767//3767 3766//3766
f 3693//3693 3692//3692 4158//4158
f 3692//3692 3691//3691 4158//4158
f 4157//4157 3693//3693 4158//4158
f 3694//3694 3693//3693 4157//4157
f 3767//3767 3742//3742 3768//3768
f 3747//3747 3762//3762 3761//3761
f 3748//3748 3761//3761 3760//3760
f 3747//3747 3763//3763 3762//3762
f 3750//3750 3760//3760 3759//3759
f 3747//3747 3746//3746 3763//3763
f 3695//3695 4157//4157 3696//3696
f 3695//3695 3694//3694 4157//4157
f 3759//3759 3758//3758 3751//3751
f 3757//3757 3752//3752 3758//3758
f 4156//4156 3696//3696 4157//4157
f 3748//3748 3747//3747 3761//3761
f 3764//3764 3746//3746 3745//3745
f 3710//3710 3709//3709 4151//4151
f 3101//3101 3733//3733 3102//3102
f 4142//4142 4016//4016 4143//4143
f 4013//4013 4144//4144 4014//4014
f 4144//4144 4143//4143 4014//4014
f 4151//4151 3711//3711 3710//3710
f 4152//4152 3706//3706 3705//3705
f 3704//3704 4153//4153 4152//4152
f 4153//4153 3704//3704 3703//3703
f 3705//3705 3704//3704 4152//4152
f 3706//3706 4152//4152 3707//3707
f 4014//4014 4143//4143 4015//4015
f 4151//4151 3707//3707 4152//4152
f 4141//4141 4018//4018 4017//4017
f 4142//4142 4141//4141 4017//4017
f 4016//4016 4142//4142 4017//4017
f 4141//4141 4140//4140 4018//4018
f 4019//4019 4018//4018 4140//4140
f 4020//4020 4019//4019 4140//4140
f 4021//4021 4020//4020 4139//4139
f 4139//4139 4020//4020 4140//4140
f 4022//4022 4021//4021 4138//4138
f 4015//4015 4143//4143 4016//4016
f 3760//3760 3750//3750 3749//3749
f 3758//3758 3752//3752 3751//3751
f 3750//3750 3759//3759 3751//3751
f 3752//3752 3757//3757 3753//3753
f 4156//4156 3698//3698 3697//3697
f 3756//3756 3755//3755 3754//3754
f 3754//3754 3757//3757 3756//3756
f 3696//3696 4156//4156 3697//3697
f 3757//3757 3754//3754 3753//3753
f 3760//3760 3749//3749 3748//3748
f 4154//4154 4153//4153 3702//3702
f 4153//4153 3703//3703 3702//3702
f 4021//4021 4139//4139 4138//4138
f 4155//4155 3700//3700 3699//3699
f 4155//4155 3699//3699 3698//3698
f 3700//3700 4155//4155 4154//4154
f 3702//3702 3701//3701 4154//4154
f 3701//3701 3700//3700 4154//4154
f 4156//4156 4155//4155 3698//3698
f 4025//4025 4022//4022 4138//4138
f 4144//4144 4013//4013 4145//4145
f 3193//3193 4024//4024 4023//4023
f 3172//3172 3171//3171 4064//4064
f 3337//3337 3336//3336 4220//4220
f 4221//4221 4220//4220 3336//3336
f 4221//4221 3336//3336 3335//3335
f 4221//4221 3335//3335 3334//3334
f 3334//3334 4222//4222 4221//4221
f 3337//3337 4220//4220 3338//3338
f 3388//3388 3394//3394 3389//3389
f 4220//4220 4219//4219 3338//3338
f 3391//3391 3393//3393 3392//3392
f 3333//3333 3332//3332 4222//4222
f 3390//3390 3393//3393 3391//3391
f 3389//3389 3394//3394 3390//3390
f 3387//3387 3395//3395 3388//3388
f 3387//3387 3386//3386 3396//3396
f 3385//3385 3397//3397 3386//3386
f 3384//3384 3398//3398 3385//3385
f 3333//3333 4222//4222 3334//3334
f 4102//4102 4205//4205 4103//4103
f 4206//4206 4101//4101 4100//4100
f 4102//4102 4101//4101 4206//4206
f 4207//4207 4206//4206 4100//4100
f 4102//4102 4206//4206 4205//4205
f 4207//4207 4100//4100 4099//4099
f 4098//4098 4097//4097 4209//4209
f 4208//4208 4099//4099 4098//4098
f 4207//4207 4099//4099 4208//4208
f 3340//3340 3339//3339 4219//4219
f 3341//3341 3340//3340 4218//4218
f 4218//4218 3340//3340 4219//4219
f 3342//3342 3341//3341 4218//4218
f 4209//4209 4096//4096 4210//4210
f 4209//4209 4208//4208 4098//4098
f 4209//4209 4097//4097 4096//4096
f 4095//4095 4210//4210 4096//4096
f 4218//4218 4217//4217 3343//3343
f 3343//3343 3342//3342 4218//4218
f 4219//4219 3339//3339 3338//3338
f 4210//4210 4095//4095 4211//4211
f 3394//3394 3393//3393 3390//3390
f 4204//4204 4103//4103 4205//4205
f 4223//4223 3332//3332 3331//3331
f 4223//4223 4222//4222 3332//3332
f 3396//3396 3386//3386 3397//3397
f 3395//3395 3387//3387 3396//3396
f 3394//3394 3388//3388 3395//3395
f 3384//3384 3383//3383 3399//3399
f 3399//3399 3398//3398 3384//3384
f 3397//3397 3385//3385 3398//3398
f 3400//3400 3399//3399 3383//3383
f 3330//3330 4223//4223 3331//3331
f 3328//3328 4224//4224 3329//3329
f 4223//4223 3330//3330 3329//3329
f 3329//3329 4224//4224 4223//4223
f 3382//3382 3402//3402 3401//3401
f 3381//3381 3403//3403 3402//3402
f 3404//3404 3379//3379 3405//3405
f 3404//3404 3403//3403 3380//3380
f 3401//3401 3383//3383 3382//3382
f 3327//3327 4224//4224 3328//3328
f 3401//3401 3400//3400 3383//3383
f 3406//3406 3405//3405 3378//3378
f 3402//3402 3382//3382 3381//3381
f 3404//3404 3380//3380 3379//3379
f 3405//3405 3379//3379 3378//3378
f 3380//3380 3403//3403 3381//3381
f 3343//3343 4217//4217 3344//3344
f 3346//3346 3345//3345 4217//4217
f 3344//3344 4217//4217 3345//3345
f 3377//3377 3406//3406 3378//3378
f 3408//3408 3376//3376 3375//3375
f 3409//3409 3374//3374 3373//3373
f 3372//3372 3371//3371 3036//3036
f 3374//3374 3409//3409 3375//3375
f 3368//3368 3367//3367 3039//3039
f 3037//3037 3369//3369 3038//3038
f 3369//3369 3037//3037 3370//3370
f 3368//3368 3038//3038 3369//3369
f 3371//3371 3370//3370 3037//3037
f 3407//3407 3377//3377 3376//3376
f 3035//3035 3373//3373 3372//3372
f 4217//4217 3347//3347 3346//3346
f 3039//3039 3038//3038 3368//3368
f 4214//4214 4089//4089 4088//4088
f 4091//4091 4090//4090 4213//4213
f 4213//4213 4090//4090 4089//4089
f 4091//4091 4212//4212 4092//4092
f 4086//4086 4085//4085 4339//4339
f 4106//4106 3146//3146 4086//4086
f 4339//4339 4106//4106 4086//4086
f 4086//4086 3146//3146 4087//4087
f 3149//3149 3148//3148 4106//4106
f 4087//4087 4214//4214 4088//4088
f 4211//4211 4094//4094 4093//4093
f 4093//4093 4212//4212 4211//4211
f 4211//4211 4095//4095 4094//4094
f 4091//4091 4213//4213 4212//4212
f 3231//3231 4214//4214 3232//3232
f 3146//3146 4214//4214 4087//4087
f 4089//4089 4214//4214 4213//4213
f 3350//3350 3349//3349 4215//4215
f 4215//4215 3351//3351 3350//3350
f 4215//4215 4214//4214 3229//3229
f 4215//4215 3349//3349 4216//4216
f 3228//3228 3354//3354 4215//4215
f 3349//3349 3348//3348 4216//4216
f 4093//4093 4092//4092 4212//4212
f 3233//3233 3232//3232 4214//4214
f 4214//4214 3146//3146 3233//3233
f 4214//4214 3231//3231 3230//3230
f 4214//4214 3230//3230 3229//3229
f 3147//3147 4106//4106 3148//3148
f 3216//3216 3215//3215 4001//4001
f 3216//3216 4001//4001 3217//3217
f 3146//3146 4106//4106 3147//3147
f 3228//3228 3227//3227 3354//3354
f 3226//3226 3225//3225 3294//3294
f 3225//3225 3224//3224 3295//3295
f 3355//3355 3227//3227 3226//3226
f 3223//3223 3222//3222 4227//4227
f 3221//3221 3220//3220 4227//4227
f 4227//4227 3220//3220 3219//3219
f 4227//4227 3222//3222 3221//3221
f 4227//4227 3219//3219 3218//3218
f 4308//4308 3224//3224 3223//3223
f 3228//3228 4215//4215 3229//3229
f 3218//3218 3217//3217 4001//4001
f 4216//4216 3348//3348 3347//3347
f 3043//3043 3362//3362 3361//3361
f 3043//3043 3361//3361 3360//3360
f 3352//3352 4215//4215 3353//3353
f 3044//3044 3359//3359 3358//3358
f 3353//3353 4215//4215 3354//3354
f 3359//3359 3044//3044 3360//3360
f 3365//3365 3364//3364 3041//3041
f 3040//3040 3039//3039 3366//3366
f 3367//3367 3366//3366 3039//3039
f 3365//3365 3040//3040 3366//3366
f 3040//3040 3365//3365 3041//3041
f 3363//3363 3042//3042 3364//3364
f 3041//3041 3364//3364 3042//3042
f 3362//3362 3043//3043 3042//3042
f 3044//3044 3358//3358 3045//3045
f 3043//3043 3360//3360 3044//3044
f 3362//3362 3042//3042 3363//3363
f 4217//4217 4216//4216 3347//3347
f 3045//3045 3358//3358 3357//3357
f 3355//3355 3226//3226 3294//3294
f 3356//3356 3355//3355 3294//3294
f 3357//3357 3356//3356 3292//3292
f 3294//3294 3225//3225 3295//3295
f 3218//3218 3998//3998 4227//4227
f 3999//3999 4001//4001 4332//4332
f 4332//4332 4000//4000 3999//3999
f 3999//3999 3218//3218 4001//4001
f 3218//3218 3999//3999 3998//3998
f 3215//3215 4002//4002 4001//4001
f 3998//3998 3997//3997 4227//4227
f 3227//3227 3355//3355 3354//3354
f 3224//3224 4308//4308 3295//3295
f 3294//3294 3293//3293 3356//3356
f 3292//3292 3356//3356 3293//3293
f 3047//3047 3046//3046 3292//3292
f 3223//3223 4227//4227 4308//4308
f 3997//3997 3996//3996 4227//4227
f 3996//3996 4228//4228 4227//4227
f 3995//3995 4228//4228 3996//3996
f 3995//3995 3994//3994 4228//4228
f 3296//3296 4308//4308 3297//3297
f 4308//4308 3296//3296 3295//3295
f 3357//3357 3292//3292 3046//3046
f 3046//3046 3045//3045 3357//3357
f 3352//3352 3351//3351 4215//4215
f 3407//3407 3406//3406 3377//3377
f 3407//3407 3376//3376 3408//3408
f 3034//3034 4309//4309 3410//3410
f 3409//3409 3408//3408 3375//3375
f 3037//3037 3036//3036 3371//3371
f 3035//3035 3410//3410 3409//3409
f 3410//3410 3035//3035 3034//3034
f 3372//3372 3036//3036 3035//3035
f 3409//3409 3373//3373 3035//3035
f 3412//3412 3411//3411 4351//4351
f 4225//4225 3326//3326 3416//3416
f 3415//3415 3414//3414 4226//4226
f 3416//3416 3415//3415 4225//4225
f 4225//4225 3415//3415 4226//4226
f 4225//4225 3327//3327 3326//3326
f 3412//3412 4226//4226 3413//3413
f 3033//3033 4309//4309 3034//3034
f 4309//4309 3033//3033 3032//3032
f 3410//3410 4309//4309 3411//3411
f 4309//4309 3032//3032 3031//3031
f 4226//4226 3414//3414 3413//3413
f 4225//4225 4224//4224 3327//3327
f 3048//3048 3047//3047 3291//3291
f 3282//3282 3021//3021 3283//3283
f 3283//3283 3021//3021 3020//3020
f 3018//3018 3049//3049 3287//3287
f 3019//3019 3284//3284 3020//3020
f 3283//3283 3020//3020 3284//3284
f 3285//3285 3019//3019 3018//3018
f 3289//3289 3049//3049 3048//3048
f 3284//3284 3019//3019 3285//3285
f 3030//3030 3029//3029 4296//4296
f 3028//3028 3027//3027 4297//4297
f 3027//3027 3026//3026 4297//4297
f 4297//4297 3029//3029 3028//3028
f 3282//3282 3281//3281 3021//3021
f 3022//3022 3281//3281 3280//3280
f 3022//3022 3021//3021 3281//3281
f 3024//3024 3023//3023 3278//3278
f 3024//3024 3277//3277 3025//3025
f 3280//3280 3023//3023 3022//3022
f 3026//3026 3025//3025 3241//3241
f 4310//4310 3031//3031 3030//3030
f 4351//4351 4226//4226 3412//3412
f 3292//3292 3291//3291 3047//3047
f 3411//3411 4309//4309 4351//4351
f 4312//4312 4311//4311 4350//4350
f 4312//4312 4350//4350 4310//4310
f 3030//3030 4296//4296 4310//4310
f 4296//4296 3029//3029 4297//4297
f 4348//4348 4312//4312 4296//4296
f 3240//3240 4349//4349 4297//4297
f 4348//4348 4313//4313 4312//4312
f 4312//4312 4310//4310 4296//4296
f 4297//4297 3026//3026 3241//3241
f 4349//4349 3239//3239 4298//4298
f 3237//3237 3236//3236 4298//4298
f 4299//4299 4298//4298 3236//3236
f 3235//3235 4299//4299 3236//3236
f 3237//3237 4298//4298 3238//3238
f 3240//3240 4297//4297 3241//3241
f 3239//3239 4349//4349 3240//3240
f 4299//4299 3235//3235 3234//3234
f 3238//3238 4298//4298 3239//3239
f 3234//3234 3325//3325 4299//4299
f 3025//3025 3242//3242 3241//3241
f 3279//3279 3278//3278 3023//3023
f 3279//3279 3023//3023 3280//3280
f 3242//3242 3274//3274 3243//3243
f 3274//3274 3242//3242 3275//3275
f 3243//3243 3273//3273 3244//3244
f 3277//3277 3276//3276 3025//3025
f 3242//3242 3276//3276 3275//3275
f 3024//3024 3278//3278 3277//3277
f 3245//3245 3244//3244 3272//3272
f 3276//3276 3242//3242 3025//3025
f 3270//3270 3247//3247 3246//3246
f 3324//3324 4300//4300 3325//3325
f 4299//4299 3325//3325 4300//4300
f 4300//4300 3324//3324 3323//3323
f 3249//3249 3248//3248 3268//3268
f 3249//3249 3267//3267 3250//3250
f 4300//4300 3323//3323 3322//3322
f 3247//3247 3269//3269 3248//3248
f 3322//3322 4301//4301 4300//4300
f 3271//3271 3246//3246 3245//3245
f 3251//3251 3250//3250 3266//3266
f 3031//3031 4310//4310 4309//4309
f 3048//3048 3290//3290 3289//3289
f 3049//3049 3288//3288 3287//3287
f 3018//3018 3287//3287 3286//3286
f 3288//3288 3049//3049 3289//3289
f 3301//3301 3300//3300 4307//4307
f 3298//3298 4308//4308 3299//3299
f 3048//3048 3291//3291 3290//3290
f 3273//3273 3243//3243 3274//3274
f 3272//3272 3244//3244 3273//3273
f 3302//3302 4307//4307 3303//3303
f 3303//3303 4306//4306 3304//3304
f 3306//3306 4306//4306 3307//3307
f 3305//3305 3304//3304 4306//4306
f 3306//3306 3305//3305 4306//4306
f 4307//4307 3302//3302 3301//3301
f 3285//3285 3018//3018 3286//3286
f 3307//3307 4306//4306 3308//3308
f 4229//4229 4228//4228 3994//3994
f 4308//4308 4307//4307 3300//3300
f 4307//4307 4306//4306 3303//3303
f 3992//3992 4230//4230 4229//4229
f 4231//4231 4230//4230 3990//3990
f 3993//3993 4229//4229 3994//3994
f 3992//3992 4229//4229 3993//3993
f 3991//3991 4230//4230 3992//3992
f 3991//3991 3990//3990 4230//4230
f 3990//3990 3989//3989 4231//4231
f 3299//3299 4308//4308 3300//3300
f 4231//4231 3989//3989 4232//4232
f 4305//4305 3308//3308 4306//4306
f 4304//4304 3312//3312 4305//4305
f 3988//3988 4233//4233 4232//4232
f 3988//3988 4232//4232 3989//3989
f 3987//3987 4233//4233 3988//3988
f 3985//3985 4234//4234 3986//3986
f 4233//4233 3987//3987 3986//3986
f 4235//4235 4234//4234 3985//3985
f 4234//4234 4233//4233 3986//3986
f 3310//3310 3309//3309 4305//4305
f 3308//3308 4305//4305 3309//3309
f 3298//3298 3297//3297 4308//4308
f 3270//3270 3246//3246 3271//3271
f 3249//3249 3268//3268 3267//3267
f 3250//3250 3267//3267 3266//3266
f 3268//3268 3248//3248 3269//3269
f 3263//3263 3253//3253 3264//3264
f 3264//3264 3253//3253 3265//3265
f 3266//3266 3265//3265 3252//3252
f 3269//3269 3247//3247 3270//3270
f 3310//3310 4305//4305 3311//3311
f 3263//3263 3254//3254 3253//3253
f 4301//4301 3321//3321 3320//3320
f 3321//3321 4301//4301 3322//3322
f 3262//3262 3254//3254 3263//3263
f 3256//3256 3259//3259 3257//3257
f 3261//3261 3256//3256 3255//3255
f 4301//4301 3320//3320 3319//3319
f 3255//3255 3254//3254 3262//3262
f 3319//3319 4302//4302 4301//4301
f 3252//3252 3265//3265 3253//3253
f 3271//3271 3245//3245 3272//3272
f 3259//3259 3258//3258 3257//3257
f 3985//3985 3984//3984 4235//4235
f 4304//4304 3313//3313 3312//3312
f 3983//3983 4235//4235 3984//3984
f 4237//4237 4236//4236 3982//3982
f 3983//3983 3982//3982 4236//4236
f 3983//3983 4236//4236 4235//4235
f 3314//3314 3313//3313 4304//4304
f 3311//3311 4305//4305 3312//3312
f 3261//3261 3255//3255 3262//3262
f 3256//3256 3261//3261 3260//3260
f 3260//3260 3259//3259 3256//3256
f 4303//4303 3316//3316 3315//3315
f 4304//4304 4303//4303 3315//3315
f 4303//4303 4302//4302 3317//3317
f 3318//3318 3317//3317 4302//4302
f 3316//3316 4303//4303 3317//3317
f 3314//3314 4304//4304 3315//3315
f 4302//4302 3319//3319 3318//3318
f 3252//3252 3251//3251 3266//3266
f 3982//3982 3981//3981 4237//4237
f 3195//3195 3194//3194 4023//4023
f 4002//4002 3213//3213 3212//3212
f 4128//4128 3197//3197 3196//3196
f 4128//4128 3201//3201 3200//3200
f 4128//4128 3200//3200 3199//3199
f 3201//3201 4331//4331 3202//3202
f 3196//3196 3195//3195 4023//4023
f 4247//4247 3211//3211 3210//3210
f 3209//3209 3208//3208 4247//4247
f 3211//3211 4247//4247 3212//3212
f 3208//3208 3207//3207 4247//4247
f 3202//3202 3840//3840 3203//3203
f 3206//3206 3205//3205 3899//3899
f 3205//3205 3204//3204 3900//3900
f 3204//3204 3203//3203 3839//3839
f 4248//4248 3207//3207 3206//3206
f 4002//4002 3214//3214 3213//3213
f 3840//3840 3202//3202 4331//4331
f 4042//4042 4334//4334 4043//4043
f 4042//4042 4041//4041 3196//3196
f 3196//3196 4023//4023 4042//4042
f 4334//4334 4042//4042 4023//4023
f 4128//4128 4040//4040 4039//4039
f 4036//4036 4130//4130 4037//4037
f 4037//4037 4129//4129 4038//4038
f 4129//4129 4039//4039 4038//4038
f 4040//4040 4128//4128 4041//4041
f 4039//4039 4129//4129 4128//4128
f 3201//3201 4128//4128 4331//4331
f 3843//3843 4331//4331 3844//3844
f 3198//3198 4128//4128 3199//3199
f 4128//4128 3196//3196 4041//4041
f 3844//3844 4331//4331 3845//3845
f 4131//4131 4035//4035 4034//4034
f 4130//4130 4036//4036 4035//4035
f 4130//4130 4035//4035 4131//4131
f 3846//3846 3845//3845 4330//4330
f 4131//4131 4034//4034 4033//4033
f 4330//4330 3845//3845 4331//4331
f 4129//4129 4037//4037 4130//4130
f 3198//3198 3197//3197 4128//4128
f 3210//3210 3209//3209 4247//4247
f 4023//4023 3194//3194 3193//3193
f 3963//3963 4333//4333 4002//4002
f 3215//3215 3214//3214 4002//4002
f 3963//3963 3212//3212 3964//3964
f 4333//4333 3963//3963 3962//3962
f 4247//4247 3964//3964 3212//3212
f 3839//3839 3203//3203 3840//3840
f 3901//3901 3838//3838 3837//3837
f 3838//3838 3901//3901 3839//3839
f 3204//3204 3839//3839 3900//3900
f 4248//4248 4247//4247 3207//3207
f 4247//4247 3965//3965 3964//3964
f 3841//3841 3840//3840 4331//4331
f 4247//4247 4246//4246 3966//3966
f 3966//3966 4246//4246 3967//3967
f 3897//3897 4248//4248 3898//3898
f 3899//3899 4248//4248 3206//3206
f 3902//3902 3901//3901 3837//3837
f 3901//3901 3900//3900 3839//3839
f 3900//3900 3899//3899 3205//3205
f 3078//3078 3077//3077 3902//3902
f 3837//3837 3078//3078 3902//3902
f 3898//3898 4248//4248 3899//3899
f 3967//3967 4246//4246 3968//3968
f 3965//3965 4247//4247 3966//3966
f 3079//3079 3078//3078 3837//3837
f 3842//3842 4331//4331 3843//3843
f 3080//3080 3836//3836 3835//3835
f 3842//3842 3841//3841 4331//4331
f 4330//4330 3847//3847 3846//3846
f 3081//3081 3834//3834 3833//3833
f 3081//3081 3833//3833 3832//3832
f 3834//3834 3080//3080 3835//3835
f 3830//3830 3050//3050 3831//3831
f 3050//3050 3832//3832 3831//3831
f 3081//3081 3832//3832 3050//3050
f 3080//3080 3834//3834 3081//3081
f 3080//3080 3079//3079 3836//3836
f 3051//3051 3830//3830 3829//3829
f 3052//3052 3829//3829 3828//3828
f 3828//3828 3053//3053 3052//3052
f 3829//3829 3052//3052 3051//3051
f 3051//3051 3050//3050 3830//3830
f 3827//3827 3053//3053 3828//3828
f 3836//3836 3079//3079 3837//3837
f 4330//4330 4329//4329 3847//3847
f 3963//3963 4002//4002 3212//3212
f 4135//4135 4029//4029 4028//4028
f 4030//4030 4029//4029 4134//4134
f 4134//4134 4029//4029 4135//4135
f 4026//4026 4025//4025 4137//4137
f 4027//4027 4136//4136 4028//4028
f 4135//4135 4028//4028 4136//4136
f 4026//4026 4136//4136 4027//4027
f 4136//4136 4026//4026 4137//4137
f 4134//4134 4031//4031 4030//4030
f 4134//4134 4133//4133 4031//4031
f 4032//4032 4133//4133 4132//4132
f 4132//4132 4033//4033 4032//4032
f 3856//3856 4328//4328 4327//4327
f 3855//3855 4328//4328 3856//3856
f 3856//3856 4327//4327 3857//3857
f 4328//4328 3855//3855 3854//3854
f 3853//3853 4328//4328 3854//3854
f 4329//4329 4328//4328 3852//3852
f 4133//4133 4032//4032 4031//4031
f 4033//4033 4132//4132 4131//4131
f 3859//3859 4327//4327 4326//4326
f 3859//3859 3858//3858 4327//4327
f 3858//3858 3857//3857 4327//4327
f 3861//3861 4326//4326 4325//4325
f 4325//4325 3862//3862 3861//3861
f 4326//4326 3861//3861 3860//3860
f 3860//3860 3859//3859 4326//4326
f 3863//3863 3862//3862 4325//4325
f 3805//3805 3801//3801 3806//3806
f 3807//3807 3799//3799 3808//3808
f 3807//3807 3806//3806 3800//3800
f 3808//3808 3798//3798 3809//3809
f 3802//3802 3804//3804 3803//3803
f 4324//4324 3864//3864 3863//3863
f 3809//3809 3798//3798 3810//3810
f 3865//3865 3864//3864 4324//4324
f 3802//3802 3801//3801 3804//3804
f 4325//4325 4324//4324 3863//3863
f 3805//3805 3804//3804 3801//3801
f 3811//3811 3810//3810 3797//3797
f 4138//4138 4137//4137 4025//4025
f 4329//4329 3850//3850 3849//3849
f 3853//3853 3852//3852 4328//4328
f 3852//3852 3851//3851 4329//4329
f 3851//3851 3850//3850 4329//4329
f 3790//3790 3817//3817 3816//3816
f 3791//3791 3816//3816 3815//3815
f 3792//3792 3815//3815 3814//3814
f 3848//3848 4329//4329 3849//3849
f 3826//3826 3053//3053 3827//3827
f 3055//3055 3825//3825 3824//3824
f 3826//3826 3825//3825 3054//3054
f 3055//3055 3824//3824 3823//3823
f 3818//3818 3788//3788 3819//3819
f 3817//3817 3789//3789 3818//3818
f 3823//3823 3822//3822 3056//3056
f 3822//3822 3821//3821 3057//3057
f 3819//3819 3787//3787 3820//3820
f 3790//3790 3789//3789 3817//3817
f 3847//3847 4329//4329 3848//3848
f 3820//3820 3787//3787 3821//3821
f 3800//3800 3806//3806 3801//3801
f 3811//3811 3795//3795 3812//3812
f 3797//3797 3810//3810 3798//3798
f 3813//3813 3812//3812 3794//3794
f 3796//3796 3811//3811 3797//3797
f 3799//3799 3798//3798 3808//3808
f 3865//3865 4323//4323 3866//3866
f 3866//3866 4323//4323 3867//3867
f 3800//3800 3799//3799 3807//3807
f 4324//4324 4323//4323 3865//3865
f 3793//3793 3813//3813 3794//3794
f 3813//3813 3793//3793 3814//3814
f 3793//3793 3792//3792 3814//3814
f 3795//3795 3794//3794 3812//3812
f 3796//3796 3795//3795 3811//3811
f 4322//4322 3869//3869 3868//3868
f 3869//3869 4322//4322 3870//3870
f 3868//3868 4323//4323 4322//4322
f 3867//3867 4323//4323 3868//3868
f 3792//3792 3791//3791 3815//3815
f 3791//3791 3790//3790 3816//3816
f 3825//3825 3055//3055 3054//3054
f 3054//3054 3053//3053 3826//3826
f 3969//3969 3968//3968 4245//4245
f 4244//4244 3970//3970 4245//4245
f 3969//3969 4245//4245 3970//3970
f 3971//3971 3970//3970 4244//4244
f 3894//3894 4248//4248 3895//3895
f 4248//4248 3894//3894 4249//4249
f 4243//4243 3972//3972 4244//4244
f 3971//3971 4244//4244 3972//3972
f 3973//3973 3972//3972 4243//4243
f 3896//3896 3895//3895 4248//4248
f 3975//3975 3974//3974 4242//4242
f 4240//4240 3977//3977 3976//3976
f 4239//4239 3977//3977 4240//4240
f 4241//4241 3976//3976 3975//3975
f 3976//3976 4241//4241 4240//4240
f 4242//4242 3974//3974 3973//3973
f 3973//3973 4243//4243 4242//4242
f 3886//3886 4251//4251 3887//3887
f 3888//3888 4251//4251 4250//4250
f 4242//4242 4241//4241 3975//3975
f 4250//4250 4249//4249 3892//3892
f 4251//4251 3888//3888 3887//3887
f 3903//3903 3902//3902 3077//3077
f 3893//3893 4249//4249 3894//3894
f 3897//3897 3896//3896 4248//4248
f 3076//3076 3905//3905 3904//3904
f 3074//3074 3908//3908 3907//3907
f 3075//3075 3907//3907 3906//3906
f 3075//3075 3906//3906 3905//3905
f 3076//3076 3904//3904 3903//3903
f 3891//3891 4250//4250 3892//3892
f 3891//3891 3890//3890 4250//4250
f 3892//3892 4249//4249 3893//3893
f 3890//3890 3889//3889 4250//4250
f 3922//3922 3921//3921 3952//3952
f 3921//3921 3920//3920 3953//3953
f 3920//3920 3919//3919 3954//3954
f 3951//3951 3923//3923 3922//3922
f 4250//4250 3889//3889 3888//3888
f 3074//3074 3909//3909 3908//3908
f 3968//3968 4246//4246 4245//4245
f 3979//3979 3978//3978 4239//4239
f 3980//3980 4237//4237 3981//3981
f 3980//3980 4238//4238 4237//4237
f 3979//3979 4238//4238 3980//3980
f 4238//4238 3979//3979 4239//4239
f 4252//4252 4251//4251 3885//3885
f 3884//3884 4252//4252 3885//3885
f 4252//4252 3884//3884 3883//3883
f 4252//4252 3883//3883 4253//4253
f 3886//3886 3885//3885 4251//4251
f 3881//3881 4253//4253 3882//3882
f 3880//3880 4254//4254 3881//3881
f 4253//4253 3881//3881 4254//4254
f 3879//3879 4254//4254 3880//3880
f 3932//3932 3940//3940 3933//3933
f 3933//3933 3939//3939 3934//3934
f 3935//3935 3934//3934 3939//3939
f 3935//3935 3938//3938 3936//3936
f 3879//3879 4255//4255 4254//4254
f 4253//4253 3883//3883 3882//3882
f 3931//3931 3930//3930 3942//3942
f 3938//3938 3937//3937 3936//3936
f 3943//3943 3930//3930 3929//3929
f 3944//3944 3929//3929 3928//3928
f 3924//3924 3949//3949 3925//3925
f 3927//3927 3946//3946 3928//3928
f 3947//3947 3927//3927 3926//3926
f 3926//3926 3925//3925 3948//3948
f 3935//3935 3939//3939 3938//3938
f 3940//3940 3932//3932 3941//3941
f 4255//4255 3878//3878 3877//3877
f 3932//3932 3931//3931 3941//3941
f 3930//3930 3943//3943 3942//3942
f 3943//3943 3929//3929 3944//3944
f 3877//3877 3876//3876 4256//4256
f 3941//3941 3931//3931 3942//3942
f 4256//4256 4255//4255 3877//3877
f 3933//3933 3940//3940 3939//3939
f 3879//3879 3878//3878 4255//4255
f 3950//3950 3924//3924 3923//3923
f 3977//3977 4239//4239 3978//3978
f 3945//3945 3944//3944 3928//3928
f 3074//3074 3907//3907 3075//3075
f 3910//3910 3073//3073 3072//3072
f 3909//3909 3074//3074 3073//3073
f 3911//3911 3910//3910 3072//3072
f 3075//3075 3905//3905 3076//3076
f 3911//3911 3072//3072 3071//3071
f 3077//3077 3076//3076 3903//3903
f 3071//3071 3912//3912 3911//3911
f 3910//3910 3909//3909 3073//3073
f 3070//3070 3913//3913 3071//3071
f 3912//3912 3071//3071 3913//3913
f 3916//3916 3069//3069 3068//3068
f 3069//3069 3914//3914 3070//3070
f 3917//3917 3068//3068 3067//3067
f 3063//3063 3062//3062 4315//4315
f 3062//3062 3061//3061 4318//4318
f 3067//3067 3066//3066 3955//3955
f 3065//3065 3064//3064 4314//4314
f 3064//3064 3063//3063 4314//4314
f 4314//4314 3066//3066 3065//3065
f 3819//3819 3788//3788 3787//3787
f 3787//3787 3057//3057 3821//3821
f 4319//4319 3785//3785 4355//4355
f 3787//3787 3786//3786 3057//3057
f 4355//4355 3785//3785 3784//3784
f 3818//3818 3789//3789 3788//3788
f 4321//4321 3779//3779 3870//3870
f 3786//3786 3058//3058 3057//3057
f 3057//3057 3056//3056 3822//3822
f 3058//3058 3786//3786 4319//4319
f 3060//3060 3059//3059 4319//4319
f 3060//3060 4319//4319 3061//3061
f 4319//4319 3059//3059 3058//3058
f 4355//4355 3784//3784 4320//4320
f 4320//4320 3783//3783 3782//3782
f 4321//4321 4320//4320 3781//3781
f 3782//3782 3781//3781 4320//4320
f 3780//3780 4321//4321 3781//3781
f 3783//3783 4320//4320 3784//3784
f 3779//3779 4321//4321 3780//3780
f 3785//3785 4319//4319 3786//3786
f 4322//4322 4321//4321 3870//3870
f 3913//3913 3070//3070 3914//3914
f 3823//3823 3056//3056 3055//3055
f 3069//3069 3916//3916 3915//3915
f 3918//3918 3067//3067 3954//3954
f 3067//3067 3918//3918 3917//3917
f 3068//3068 3917//3917 3916//3916
f 3919//3919 3918//3918 3954//3954
f 3921//3921 3953//3953 3952//3952
f 3953//3953 3920//3920 3954//3954
f 3951//3951 3922//3922 3952//3952
f 3923//3923 3951//3951 3950//3950
f 3955//3955 3954//3954 3067//3067
f 3948//3948 3947//3947 3926//3926
f 3945//3945 3928//3928 3946//3946
f 3949//3949 3948//3948 3925//3925
f 4256//4256 3875//3875 3874//3874
f 3950//3950 3949//3949 3924//3924
f 4257//4257 3874//3874 3873//3873
f 4256//4256 3874//3874 4257//4257
f 3872//3872 4257//4257 3873//3873
f 3946//3946 3927//3927 3947//3947
f 4257//4257 3872//3872 4258//4258
f 3062//3062 4318//4318 4315//4315
f 4317//4317 4316//4316 4352//4352
f 4315//4315 4317//4317 4352//4352
f 4353//4353 3956//3956 4314//4314
f 4126//4126 4317//4317 4315//4315
f 4319//4319 4318//4318 3061//3061
f 4127//4127 4126//4126 4354//4354
f 4318//4318 4354//4354 4126//4126
f 4318//4318 4126//4126 4315//4315
f 4314//4314 3063//3063 4315//4315
f 3957//3957 3956//3956 4353//4353
f 4259//4259 3958//3958 3957//3957
f 4353//4353 4259//4259 3957//3957
f 3959//3959 3958//3958 4259//4259
f 3960//3960 3959//3959 4259//4259
f 4258//4258 3961//3961 3960//3960
f 3871//3871 3961//3961 4258//4258
f 4259//4259 4258//4258 3960//3960
f 4258//4258 3872//3872 3871//3871
f 3955//3955 4314//4314 3956//3956
f 3066//3066 4314//4314 3955//3955
f 3915//3915 3914//3914 3069//3069
f 4256//4256 3876//3876 3875//3875
f 4755//4755 5529//5529 4843//4843
f 4842//4842 4843//4843 5529//5529
f 4841//4841 4842//4842 5530//5530
f 5529//5529 5530//5530 4842//4842
f 4840//4840 4841//4841 5530//5530
f 4839//4839 5675//5675 4838//4838
f 4838//4838 5597//5597 4837//4837
f 4839//4839 4840//4840 5530//5530
f 5530//5530 5675//5675 4839//4839
f 4756//4756 5529//5529 4755//4755
f 5676//5676 5674//5674 5596//5596
f 4850//4850 5600//5600 5677//5677
f 5599//5599 4464//4464 5598//5598
f 5599//5599 5598//5598 5676//5676
f 5596//5596 5674//5674 5595//5595
f 5598//5598 4465//4465 5597//5597
f 5674//5674 5676//5676 5598//5598
f 4838//4838 5675//5675 5597//5597
f 4469//4469 4836//4836 4837//4837
f 4468//4468 4837//4837 5597//5597
f 5527//5527 5528//5528 4758//4758
f 4757//4757 4758//4758 5528//5528
f 5528//5528 4756//4756 4757//4757
f 5528//5528 5529//5529 4756//4756
f 4759//4759 4760//4760 5527//5527
f 4759//4759 5527//5527 4758//4758
f 4827//4827 4828//4828 4812//4812
f 4811//4811 4828//4828 4829//4829
f 4830//4830 4810//4810 4829//4829
f 4832//4832 4833//4833 4807//4807
f 4836//4836 4804//4804 4835//4835
f 4833//4833 4834//4834 4806//4806
f 4834//4834 4835//4835 4805//4805
f 4808//4808 4831//4831 4832//4832
f 4802//4802 4836//4836 4469//4469
f 4809//4809 4830//4830 4831//4831
f 4801//4801 4802//4802 4469//4469
f 4800//4800 4801//4801 4470//4470
f 4800//4800 4471//4471 4799//4799
f 4798//4798 4799//4799 4471//4471
f 4836//4836 4802//4802 4803//4803
f 5600//5600 4463//4463 5599//5599
f 4846//4846 5601//5601 5602//5602
f 4845//4845 4846//4846 5602//5602
f 5601//5601 4847//4847 4848//4848
f 4845//4845 5602//5602 4844//4844
f 4847//4847 5601//5601 4846//4846
f 5599//5599 4463//4463 4464//4464
f 4463//4463 5600//5600 4462//4462
f 4461//4461 4462//4462 5600//5600
f 4851//4851 5600//5600 4850//4850
f 4461//4461 5600//5600 4460//4460
f 4848//4848 4849//4849 5601//5601
f 4850//4850 5677//5677 4849//4849
f 4884//4884 4852//4852 4853//4853
f 4935//4935 4844//4844 5602//5602
f 4460//4460 4851//4851 4459//4459
f 4852//4852 4459//4459 4851//4851
f 5600//5600 4851//4851 4460//4460
f 4852//4852 4886//4886 4459//4459
f 4458//4458 4888//4888 4457//4457
f 4458//4458 4459//4459 4887//4887
f 4854//4854 4883//4883 4853//4853
f 4935//4935 5602//5602 5603//5603
f 4467//4467 4468//4468 5597//5597
f 4465//4465 4466//4466 5597//5597
f 4464//4464 4465//4465 5598//5598
f 4467//4467 5597//5597 4466//4466
f 4800//4800 4470//4470 4471//4471
f 4470//4470 4801//4801 4469//4469
f 4796//4796 4797//4797 4473//4473
f 4798//4798 4472//4472 4797//4797
f 4472//4472 4798//4798 4471//4471
f 4469//4469 4837//4837 4468//4468
f 4796//4796 4473//4473 4795//4795
f 4479//4479 4480//4480 4786//4786
f 4795//4795 4473//4473 4474//4474
f 4795//4795 4474//4474 4794//4794
f 4475//4475 4794//4794 4474//4474
f 4475//4475 4793//4793 4794//4794
f 4477//4477 4791//4791 4476//4476
f 4476//4476 4793//4793 4475//4475
f 4477//4477 4478//4478 4789//4789
f 4787//4787 4478//4478 4479//4479
f 4472//4472 4473//4473 4797//4797
f 5601//5601 4849//4849 5677//5677
f 5527//5527 4761//4761 5526//5526
f 4816//4816 4823//4823 4824//4824
f 4824//4824 4825//4825 4815//4815
f 4762//4762 4763//4763 5526//5526
f 4762//4762 5526//5526 4761//4761
f 4819//4819 4821//4821 4822//4822
f 4817//4817 4822//4822 4823//4823
f 4813//4813 4825//4825 4826//4826
f 4760//4760 4761//4761 5527//5527
f 4812//4812 4826//4826 4827//4827
f 4811//4811 4829//4829 4810//4810
f 4808//4808 4809//4809 4831//4831
f 4828//4828 4811//4811 4812//4812
f 4814//4814 4815//4815 4825//4825
f 4813//4813 4814//4814 4825//4825
f 4826//4826 4812//4812 4813//4813
f 4770//4770 5522//5522 4769//4769
f 4810//4810 4830//4830 4809//4809
f 4832//4832 4807//4807 4808//4808
f 4815//4815 4816//4816 4824//4824
f 4819//4819 4822//4822 4818//4818
f 4821//4821 4819//4819 4820//4820
f 4817//4817 4818//4818 4822//4822
f 4765//4765 5525//5525 4764//4764
f 4763//4763 4764//4764 5525//5525
f 5524//5524 4765//4765 4766//4766
f 4766//4766 4767//4767 5524//5524
f 5525//5525 4765//4765 5524//5524
f 5526//5526 4763//4763 5525//5525
f 5523//5523 5524//5524 4767//4767
f 5523//5523 4768//4768 4769//4769
f 5522//5522 5523//5523 4769//4769
f 4767//4767 4768//4768 5523//5523
f 5399//5399 5400//5400 5509//5509
f 5510//5510 5399//5399 5509//5509
f 5508//5508 5509//5509 5400//5400
f 5399//5399 5510//5510 5398//5398
f 5510//5510 5397//5397 5398//5398
f 5511//5511 5397//5397 5510//5510
f 4817//4817 4823//4823 4816//4816
f 4806//4806 4807//4807 4833//4833
f 4804//4804 4805//4805 4835//4835
f 4806//4806 4834//4834 4805//4805
f 4773//4773 5521//5521 4772//4772
f 4775//4775 5521//5521 4774//4774
f 5521//5521 4773//4773 4774//4774
f 4775//4775 4776//4776 5521//5521
f 4476//4476 4791//4791 4792//4792
f 4477//4477 4789//4789 4790//4790
f 4478//4478 4788//4788 4789//4789
f 4790//4790 4791//4791 4477//4477
f 4777//4777 5520//5520 4776//4776
f 4780//4780 4781//4781 5519//5519
f 4786//4786 4787//4787 4479//4479
f 4780//4780 5519//5519 4779//4779
f 4787//4787 4788//4788 4478//4478
f 4792//4792 4793//4793 4476//4476
f 5522//5522 4771//4771 4772//4772
f 5514//5514 5393//5393 5513//5513
f 5395//5395 5512//5512 5513//5513
f 4772//4772 5521//5521 5522//5522
f 5512//5512 5396//5396 5511//5511
f 5396//5396 5397//5397 5511//5511
f 5513//5513 5394//5394 5395//5395
f 5513//5513 5393//5393 5394//5394
f 5395//5395 5396//5396 5512//5512
f 5522//5522 4770//4770 4771//4771
f 5392//5392 5514//5514 5515//5515
f 4778//4778 5519//5519 5520//5520
f 4776//4776 5520//5520 5521//5521
f 5391//5391 5392//5392 5515//5515
f 5390//5390 5391//5391 5515//5515
f 5388//5388 5389//5389 5516//5516
f 5390//5390 5516//5516 5389//5389
f 5519//5519 4778//4778 4779//4779
f 5515//5515 5516//5516 5390//5390
f 5388//5388 5516//5516 5517//5517
f 5393//5393 5514//5514 5392//5392
f 4777//4777 4778//4778 5520//5520
f 5519//5519 4781//4781 4782//4782
f 4804//4804 4836//4836 4803//4803
f 4855//4855 4882//4882 4854//4854
f 4933//4933 4934//4934 5603//5603
f 5603//5603 4932//4932 4933//4933
f 4932//4932 5603//5603 5604//5604
f 4858//4858 4879//4879 4857//4857
f 4860//4860 4877//4877 4859//4859
f 4858//4858 4859//4859 4878//4878
f 4857//4857 4880//4880 4856//4856
f 4876//4876 4877//4877 4860//4860
f 4855//4855 4856//4856 4881//4881
f 4930//4930 4931//4931 5604//5604
f 4864//4864 4873//4873 4863//4863
f 4862//4862 4876//4876 4861//4861
f 4859//4859 4877//4877 4878//4878
f 4863//4863 4875//4875 4862//4862
f 4866//4866 4871//4871 4865//4865
f 4865//4865 4872//4872 4864//4864
f 4860//4860 4861//4861 4876//4876
f 4929//4929 4930//4930 5604//5604
f 5604//5604 4931//4931 4932//4932
f 4858//4858 4878//4878 4879//4879
f 4888//4888 4889//4889 4457//4457
f 4887//4887 4459//4459 4886//4886
f 4886//4886 4852//4852 4885//4885
f 4888//4888 4458//4458 4887//4887
f 4456//4456 4457//4457 4890//4890
f 4890//4890 4457//4457 4889//4889
f 4455//4455 4456//4456 4891//4891
f 4456//4456 4890//4890 4891//4891
f 4891//4891 4892//4892 4455//4455
f 4852//4852 4884//4884 4885//4885
f 4881//4881 4882//4882 4855//4855
f 4857//4857 4879//4879 4880//4880
f 4880//4880 4881//4881 4856//4856
f 4915//4915 5609//5609 4914//4914
f 4917//4917 5609//5609 4916//4916
f 5609//5609 4913//4913 4914//4914
f 4915//4915 4916//4916 5609//5609
f 4918//4918 5609//5609 4917//4917
f 4884//4884 4853//4853 4883//4883
f 4854//4854 4882//4882 4883//4883
f 4866//4866 4867//4867 4869//4869
f 4870//4870 4866//4866 4869//4869
f 4867//4867 4868//4868 4869//4869
f 4928//4928 4929//4929 5605//5605
f 4871//4871 4866//4866 4870//4870
f 4875//4875 4863//4863 4874//4874
f 4864//4864 4872//4872 4873//4873
f 4873//4873 4874//4874 4863//4863
f 4872//4872 4865//4865 4871//4871
f 4876//4876 4862//4862 4875//4875
f 5606//5606 4927//4927 5605//5605
f 4925//4925 4926//4926 5606//5606
f 4927//4927 5606//5606 4926//4926
f 5607//5607 4925//4925 5606//5606
f 5607//5607 4923//4923 4924//4924
f 4924//4924 4925//4925 5607//5607
f 5445//5445 5540//5540 5541//5541
f 5607//5607 4922//4922 4923//4923
f 5605//5605 4927//4927 4928//4928
f 5605//5605 4929//4929 5604//5604
f 5608//5608 4921//4921 4922//4922
f 5608//5608 4920//4920 4921//4921
f 5608//5608 4919//4919 4920//4920
f 5608//5608 5609//5609 4918//4918
f 5536//5536 5452//5452 5535//5535
f 5537//5537 5451//5451 5536//5536
f 5608//5608 4922//4922 5607//5607
f 4919//4919 5608//5608 4918//4918
f 5448//5448 5539//5539 5447//5447
f 5446//5446 5447//5447 5539//5539
f 5540//5540 5446//5446 5539//5539
f 5445//5445 5446//5446 5540//5540
f 5452//5452 5536//5536 5451//5451
f 5537//5537 5538//5538 5449//5449
f 5451//5451 5537//5537 5450//5450
f 5449//5449 5450//5450 5537//5537
f 5538//5538 5448//5448 5449//5449
f 5448//5448 5538//5538 5539//5539
f 5541//5541 5442//5442 5445//5445
f 5453//5453 5535//5535 5452//5452
f 5442//5442 5541//5541 5441//5441
f 5610//5610 4913//4913 5609//5609
f 4893//4893 4454//4454 4455//4455
f 4453//4453 4454//4454 4894//4894
f 4454//4454 4893//4893 4894//4894
f 4893//4893 4455//4455 4892//4892
f 4895//4895 4453//4453 4894//4894
f 4482//4482 4901//4901 4481//4481
f 4895//4895 4452//4452 4453//4453
f 4452//4452 4897//4897 4483//4483
f 4483//4483 4899//4899 4482//4482
f 4452//4452 4895//4895 4896//4896
f 4452//4452 4896//4896 4897//4897
f 5610//5610 4910//4910 4911//4911
f 4483//4483 4897//4897 4898//4898
f 4482//4482 4900//4900 4901//4901
f 4482//4482 4899//4899 4900//4900
f 5611//5611 4909//4909 4910//4910
f 4907//4907 4908//4908 5611//5611
f 5610//5610 4911//4911 4912//4912
f 4483//4483 4898//4898 4899//4899
f 4902//4902 4481//4481 4901//4901
f 4784//4784 4785//4785 4904//4904
f 4783//4783 4500//4500 5519//5519
f 5518//5518 5519//5519 4501//4501
f 4786//4786 4480//4480 4902//4902
f 5386//5386 5387//5387 5517//5517
f 5517//5517 5387//5387 5388//5388
f 5386//5386 5518//5518 5385//5385
f 5386//5386 5517//5517 5518//5518
f 5384//5384 5385//5385 5518//5518
f 4902//4902 4785//4785 4786//4786
f 4783//4783 5519//5519 4782//4782
f 4903//4903 4904//4904 4785//4785
f 4906//4906 5611//5611 4905//4905
f 4905//4905 4497//4497 4904//4904
f 4902//4902 4480//4480 4481//4481
f 5671//5671 5382//5382 5383//5383
f 5383//5383 5384//5384 4506//4506
f 5383//5383 4506//4506 5403//5403
f 5671//5671 5383//5383 5403//5403
f 4784//4784 4904//4904 4498//4498
f 4907//4907 5611//5611 4906//4906
f 4784//4784 4499//4499 4783//4783
f 5518//5518 4506//4506 5384//5384
f 4902//4902 4903//4903 4785//4785
f 5611//5611 4908//4908 4909//4909
f 5455//5455 5533//5533 5534//5534
f 5453//5453 5454//5454 5534//5534
f 5457//5457 5532//5532 5533//5533
f 5610//5610 4912//4912 4913//4913
f 5611//5611 4496//4496 4905//4905
f 5611//5611 5531//5531 4495//4495
f 4492//4492 4493//4493 5531//5531
f 5459//5459 5531//5531 5532//5532
f 5531//5531 4491//4491 4492//4492
f 5454//5454 5455//5455 5534//5534
f 5531//5531 4493//4493 4494//4494
f 5533//5533 5456//5456 5457//5457
f 5458//5458 5459//5459 5532//5532
f 5457//5457 5458//5458 5532//5532
f 5533//5533 5455//5455 5456//5456
f 5462//5462 4490//4490 5461//5461
f 5531//5531 5460//5460 5461//5461
f 5443//5443 5462//5462 5672//5672
f 5463//5463 5672//5672 5462//5462
f 5444//5444 4487//4487 5443//5443
f 4490//4490 5531//5531 5461//5461
f 5531//5531 5459//5459 5460//5460
f 5443//5443 4490//4490 5462//5462
f 4500//4500 4501//4501 5519//5519
f 4498//4498 4499//4499 4784//4784
f 4497//4497 4498//4498 4904//4904
f 4500//4500 4783//4783 4499//4499
f 4503//4503 4504//4504 5518//5518
f 5518//5518 4505//4505 4506//4506
f 4503//4503 5518//5518 4502//4502
f 5518//5518 4504//4504 4505//4505
f 4501//4501 4502//4502 5518//5518
f 5611//5611 4495//4495 4496//4496
f 5531//5531 4490//4490 4491//4491
f 4494//4494 4495//4495 5531//5531
f 5403//5403 4508//4508 4509//4509
f 4508//4508 5403//5403 4507//4507
f 4489//4489 5443//5443 4488//4488
f 5443//5443 4489//4489 4490//4490
f 5443//5443 4487//4487 4488//4488
f 4497//4497 4905//4905 4496//4496
f 4506//4506 4507//4507 5403//5403
f 5611//5611 4910//4910 5610//5610
f 5453//5453 5534//5534 5535//5535
f 4935//4935 5603//5603 4934//4934
f 5402//5402 5403//5403 4509//4509
f 5019//5019 5619//5619 5018//5018
f 5017//5017 5018//5018 5619//5619
f 5016//5016 5017//5017 5620//5620
f 5017//5017 5619//5619 5620//5620
f 5021//5021 5618//5618 5020//5020
f 5019//5019 5020//5020 5618//5618
f 5019//5019 5618//5618 5619//5619
f 4963//4963 4958//4958 4962//4962
f 5507//5507 5508//5508 5404//5404
f 5401//5401 5404//5404 5508//5508
f 5506//5506 5507//5507 5405//5405
f 5507//5507 5404//5404 5405//5405
f 5406//5406 5506//5506 5405//5405
f 5014//5014 5015//5015 5620//5620
f 5620//5620 5015//5015 5016//5016
f 5013//5013 5014//5014 5621//5621
f 5013//5013 5621//5621 5012//5012
f 5401//5401 5508//5508 5400//5400
f 4959//4959 4961//4961 4958//4958
f 4957//4957 4958//4958 4963//4963
f 4964//4964 4956//4956 4957//4957
f 5023//5023 5617//5617 5022//5022
f 5021//5021 5022//5022 5617//5617
f 4956//4956 4965//4965 4955//4955
f 5024//5024 5617//5617 5023//5023
f 4961//4961 4959//4959 4960//4960
f 5618//5618 5021//5021 5617//5617
f 4956//4956 4964//4964 4965//4965
f 4957//4957 4963//4963 4964//4964
f 4965//4965 4966//4966 4955//4955
f 4955//4955 4966//4966 4967//4967
f 4954//4954 4967//4967 4968//4968
f 4952//4952 4968//4968 4969//4969
f 4950//4950 4970//4970 4971//4971
f 4969//4969 4970//4970 4951//4951
f 4955//4955 4967//4967 4954//4954
f 4958//4958 4961//4961 4962//4962
f 4971//4971 4972//4972 4949//4949
f 5406//5406 5407//5407 5506//5506
f 5408//5408 5505//5505 5407//5407
f 5506//5506 5407//5407 5505//5505
f 5409//5409 5504//5504 5408//5408
f 5504//5504 5505//5505 5408//5408
f 5410//5410 5504//5504 5409//5409
f 5621//5621 5010//5010 5011//5011
f 5621//5621 5011//5011 5012//5012
f 5410//5410 5503//5503 5504//5504
f 5621//5621 5622//5622 5010//5010
f 5411//5411 5503//5503 5410//5410
f 5413//5413 5501//5501 5412//5412
f 5415//5415 5500//5500 5414//5414
f 5501//5501 5413//5413 5414//5414
f 5500//5500 5415//5415 5416//5416
f 5412//5412 5502//5502 5411//5411
f 5503//5503 5411//5411 5502//5502
f 5501//5501 5502//5502 5412//5412
f 5001//5001 5624//5624 5000//5000
f 5624//5624 5002//5002 5623//5623
f 5501//5501 5414//5414 5500//5500
f 5005//5005 5622//5622 5623//5623
f 5001//5001 5002//5002 5624//5624
f 5008//5008 5009//5009 5622//5622
f 5010//5010 5622//5622 5009//5009
f 5007//5007 5622//5622 5006//5006
f 5622//5622 5005//5005 5006//5006
f 4974//4974 4947//4947 4973//4973
f 5007//5007 5008//5008 5622//5622
f 4975//4975 4946//4946 4974//4974
f 4973//4973 4948//4948 4972//4972
f 5005//5005 5623//5623 5004//5004
f 5000//5000 5624//5624 4999//4999
f 5623//5623 5003//5003 5004//5004
f 4451//4451 4989//4989 4990//4990
f 4420//4420 4988//4988 4989//4989
f 4450//4450 4992//4992 4993//4993
f 4450//4450 4991//4991 4992//4992
f 4451//4451 4990//4990 4991//4991
f 4994//4994 4449//4449 4993//4993
f 5003//5003 5623//5623 5002//5002
f 5499//5499 5500//5500 5416//5416
f 5014//5014 5620//5620 5621//5621
f 4975//4975 4976//4976 4945//4945
f 4953//4953 4968//4968 4952//4952
f 4951//4951 4952//4952 4969//4969
f 4951//4951 4970//4970 4950//4950
f 5026//5026 5616//5616 5025//5025
f 5024//5024 5025//5025 5616//5616
f 5616//5616 5026//5026 5027//5027
f 5615//5615 5616//5616 5027//5027
f 4954//4954 4968//4968 4953//4953
f 5617//5617 5024//5024 5616//5616
f 4945//4945 4976//4976 4944//4944
f 4427//4427 4944//4944 4978//4978
f 4978//4978 4944//4944 4977//4977
f 4973//4973 4947//4947 4948//4948
f 4948//4948 4949//4949 4972//4972
f 4975//4975 4945//4945 4946//4946
f 4946//4946 4947//4947 4974//4974
f 4426//4426 4979//4979 4980//4980
f 4978//4978 4979//4979 4427//4427
f 4981//4981 4425//4425 4980//4980
f 4971//4971 4949//4949 4950//4950
f 4976//4976 4977//4977 4944//4944
f 4942//4942 5679//5679 4941//4941
f 5679//5679 5614//5614 4941//4941
f 4936//4936 5615//5615 5027//5027
f 5614//5614 4940//4940 4941//4941
f 4938//4938 5615//5615 4937//4937
f 4936//4936 4937//4937 5615//5615
f 5614//5614 4938//4938 4939//4939
f 4940//4940 5614//5614 4939//4939
f 5615//5615 4938//4938 5614//5614
f 5679//5679 4942//4942 5613//5613
f 5612//5612 4432//4432 5626//5626
f 5628//5628 5678//5678 5612//5612
f 4943//4943 4944//4944 4427//4427
f 5627//5627 5628//5628 5680//5680
f 5678//5678 5628//5628 5629//5629
f 5628//5628 5626//5626 5680//5680
f 5612//5612 5626//5626 5628//5628
f 5626//5626 4433//4433 5625//5625
f 4943//4943 4428//4428 5613//5613
f 5613//5613 4942//4942 4943//4943
f 4431//4431 5612//5612 5613//5613
f 4982//4982 4425//4425 4981//4981
f 4979//4979 4426//4426 4427//4427
f 4426//4426 4980//4980 4425//4425
f 4982//4982 4424//4424 4425//4425
f 4983//4983 4423//4423 4424//4424
f 4984//4984 4423//4423 4983//4983
f 4427//4427 4428//4428 4943//4943
f 4431//4431 4432//4432 5612//5612
f 4430//4430 4431//4431 5613//5613
f 4429//4429 4430//4430 5613//5613
f 4428//4428 4429//4429 5613//5613
f 4986//4986 4422//4422 4985//4985
f 4421//4421 4987//4987 4420//4420
f 4420//4420 4987//4987 4988//4988
f 4986//4986 4987//4987 4421//4421
f 4421//4421 4422//4422 4986//4986
f 4985//4985 4422//4422 4423//4423
f 4451//4451 4420//4420 4989//4989
f 4450//4450 4451//4451 4991//4991
f 4450//4450 4993//4993 4449//4449
f 4985//4985 4423//4423 4984//4984
f 4432//4432 4433//4433 5626//5626
f 5625//5625 4434//4434 4435//4435
f 4434//4434 5625//5625 4433//4433
f 4436//4436 5110//5110 5625//5625
f 4435//4435 4436//4436 5625//5625
f 5681//5681 5112//5112 5497//5497
f 5116//5116 5497//5497 5115//5115
f 5114//5114 5115//5115 5497//5497
f 5497//5497 5113//5113 5114//5114
f 5112//5112 5113//5113 5497//5497
f 5028//5028 5497//5497 5116//5116
f 5625//5625 5110//5110 5111//5111
f 5625//5625 5111//5111 5681//5681
f 5109//5109 5110//5110 4437//4437
f 5109//5109 5077//5077 5108//5108
f 5109//5109 4437//4437 5075//5075
f 5074//5074 4437//4437 4438//4438
f 5111//5111 5112//5112 5681//5681
f 5108//5108 5078//5078 5107//5107
f 5496//5496 5497//5497 5028//5028
f 4438//4438 4439//4439 5073//5073
f 4436//4436 4437//4437 5110//5110
f 5029//5029 5496//5496 5028//5028
f 4424//4424 4982//4982 4983//4983
f 5624//5624 4997//4997 4998//4998
f 5624//5624 4998//4998 4999//4999
f 5499//5499 5417//5417 5418//5418
f 4997//4997 5624//5624 4518//4518
f 5416//5416 5417//5417 5499//5499
f 4994//4994 5059//5059 4448//4448
f 4995//4995 5059//5059 4994//4994
f 4996//4996 4997//4997 4519//4519
f 4995//4995 4996//4996 5058//5058
f 5418//5418 5498//5498 5499//5499
f 4448//4448 4449//4449 4994//4994
f 5420//5420 4512//4512 5498//5498
f 5421//5421 5670//5670 5402//5402
f 5422//5422 5670//5670 5421//5421
f 5420//5420 5421//5421 4512//4512
f 4996//4996 4520//4520 5057//5057
f 5420//5420 5498//5498 5419//5419
f 5057//5057 5058//5058 4996//4996
f 5057//5057 4521//4521 5056//5056
f 5487//5487 5055//5055 5056//5056
f 5419//5419 5498//5498 5418//5418
f 5498//5498 4517//4517 5624//5624
f 4995//4995 5058//5058 5059//5059
f 4446//4446 5062//5062 4445//4445
f 5065//5065 4444//4444 5064//5064
f 4444//4444 4445//4445 5064//5064
f 5066//5066 4444//4444 5065//5065
f 5060//5060 4446//4446 4447//4447
f 4442//4442 5068//5068 4441//4441
f 5067//5067 4443//4443 5066//5066
f 4444//4444 5066//5066 4443//4443
f 4442//4442 4443//4443 5067//5067
f 4442//4442 5067//5067 5068//5068
f 4447//4447 5059//5059 5060//5060
f 5055//5055 5487//5487 5054//5054
f 5054//5054 5487//5487 5053//5053
f 4445//4445 5063//5063 5064//5064
f 4445//4445 5062//5062 5063//5063
f 5488//5488 5049//5049 5050//5050
f 5061//5061 5062//5062 4446//4446
f 4446//4446 5060//5060 5061//5061
f 5059//5059 4447//4447 4448//4448
f 5402//5402 4512//4512 5421//5421
f 4515//4515 4516//4516 5498//5498
f 5498//5498 4512//4512 4513//4513
f 4513//4513 4514//4514 5498//5498
f 4516//4516 4517//4517 5498//5498
f 4518//4518 4519//4519 4997//4997
f 4522//4522 5056//5056 4521//4521
f 4520//4520 4521//4521 5057//5057
f 4519//4519 4520//4520 4996//4996
f 4517//4517 4518//4518 5624//5624
f 5402//5402 4511//4511 4512//4512
f 4530//4530 5362//5362 4529//4529
f 5362//5362 4528//4528 4529//4529
f 5486//5486 4523//4523 4524//4524
f 5487//5487 4522//4522 4523//4523
f 5486//5486 4527//4527 4528//4528
f 5486//5486 4524//4524 4525//4525
f 4531//4531 5362//5362 4530//4530
f 4511//4511 5402//5402 4510//4510
f 5056//5056 4522//4522 5487//5487
f 5487//5487 5051//5051 5052//5052
f 5052//5052 5053//5053 5487//5487
f 5486//5486 4526//4526 4527//4527
f 5345//5345 5485//5485 5486//5486
f 5486//5486 5487//5487 4523//4523
f 4525//4525 4526//4526 5486//5486
f 5050//5050 5051//5051 5488//5488
f 5488//5488 5051//5051 5487//5487
f 5349//5349 5350//5350 5483//5483
f 5483//5483 5484//5484 5349//5349
f 5049//5049 5488//5488 5489//5489
f 5347//5347 5484//5484 5485//5485
f 5486//5486 4528//4528 5343//5343
f 5342//5342 5669//5669 5341//5341
f 5362//5362 5669//5669 5342//5342
f 4528//4528 5342//5342 5343//5343
f 5349//5349 5484//5484 5348//5348
f 5348//5348 5484//5484 5347//5347
f 5346//5346 5347//5347 5485//5485
f 5486//5486 5344//5344 5345//5345
f 5346//5346 5485//5485 5345//5345
f 5486//5486 5343//5343 5344//5344
f 5342//5342 4528//4528 5362//5362
f 4515//4515 5498//5498 4514//4514
f 5483//5483 5350//5350 5351//5351
f 4439//4439 5071//5071 5072//5072
f 5070//5070 5071//5071 4440//4440
f 4441//4441 5070//5070 4440//4440
f 5069//5069 5070//5070 4441//4441
f 5069//5069 4441//4441 5068//5068
f 5072//5072 5073//5073 4439//4439
f 5075//5075 5076//5076 5109//5109
f 5074//5074 5075//5075 4437//4437
f 5073//5073 5074//5074 4438//4438
f 5077//5077 5109//5109 5076//5076
f 5045//5045 5046//5046 5489//5489
f 5046//5046 5047//5047 5489//5489
f 5106//5106 5079//5079 5080//5080
f 5107//5107 5078//5078 5079//5079
f 5103//5103 5082//5082 5083//5083
f 5104//5104 5081//5081 5082//5082
f 5105//5105 5080//5080 5081//5081
f 5108//5108 5077//5077 5078//5078
f 5106//5106 5107//5107 5079//5079
f 5104//5104 5082//5082 5103//5103
f 5101//5101 5102//5102 5084//5084
f 5102//5102 5103//5103 5083//5083
f 5081//5081 5104//5104 5105//5105
f 5031//5031 5496//5496 5030//5030
f 5030//5030 5496//5496 5029//5029
f 5495//5495 5496//5496 5031//5031
f 5032//5032 5495//5495 5031//5031
f 5105//5105 5106//5106 5080//5080
f 5085//5085 5099//5099 5100//5100
f 5086//5086 5098//5098 5099//5099
f 5085//5085 5100//5100 5101//5101
f 5088//5088 5097//5097 5098//5098
f 5085//5085 5101//5101 5084//5084
f 5033//5033 5034//5034 5495//5495
f 5033//5033 5495//5495 5032//5032
f 5097//5097 5089//5089 5096//5096
f 5095//5095 5096//5096 5090//5090
f 5494//5494 5495//5495 5034//5034
f 5086//5086 5099//5099 5085//5085
f 5102//5102 5083//5083 5084//5084
f 5048//5048 5489//5489 5047//5047
f 4439//4439 4440//4440 5071//5071
f 5480//5480 5481//5481 5354//5354
f 5351//5351 5352//5352 5482//5482
f 5482//5482 5352//5352 5481//5481
f 5489//5489 5048//5048 5049//5049
f 5490//5490 5043//5043 5044//5044
f 5042//5042 5490//5490 5491//5491
f 5491//5491 5041//5041 5042//5042
f 5043//5043 5490//5490 5042//5042
f 5044//5044 5045//5045 5490//5490
f 5352//5352 5353//5353 5481//5481
f 5489//5489 5490//5490 5045//5045
f 5479//5479 5355//5355 5356//5356
f 5480//5480 5355//5355 5479//5479
f 5354//5354 5355//5355 5480//5480
f 5479//5479 5356//5356 5478//5478
f 5357//5357 5478//5478 5356//5356
f 5358//5358 5478//5478 5357//5357
f 5359//5359 5477//5477 5358//5358
f 5477//5477 5478//5478 5358//5358
f 5360//5360 5476//5476 5359//5359
f 5353//5353 5354//5354 5481//5481
f 5098//5098 5087//5087 5088//5088
f 5096//5096 5089//5089 5090//5090
f 5088//5088 5089//5089 5097//5097
f 5090//5090 5091//5091 5095//5095
f 5494//5494 5035//5035 5036//5036
f 5094//5094 5092//5092 5093//5093
f 5092//5092 5094//5094 5095//5095
f 5034//5034 5035//5035 5494//5494
f 5095//5095 5091//5091 5092//5092
f 5098//5098 5086//5086 5087//5087
f 5492//5492 5040//5040 5491//5491
f 5491//5491 5040//5040 5041//5041
f 5359//5359 5476//5476 5477//5477
f 5493//5493 5037//5037 5038//5038
f 5493//5493 5036//5036 5037//5037
f 5038//5038 5492//5492 5493//5493
f 5040//5040 5492//5492 5039//5039
f 5039//5039 5492//5492 5038//5038
f 5494//5494 5036//5036 5493//5493
f 5363//5363 5476//5476 5360//5360
f 5482//5482 5483//5483 5351//5351
f 4531//4531 5361//5361 5362//5362
f 4510//4510 5402//5402 4509//4509
f 4675//4675 5557//5557 4674//4674
f 5558//5558 4674//4674 5557//5557
f 5558//5558 4673//4673 4674//4674
f 5558//5558 4672//4672 4673//4673
f 4672//4672 5558//5558 5559//5559
f 4675//4675 4676//4676 5557//5557
f 4726//4726 4727//4727 4732//4732
f 5557//5557 4676//4676 5556//5556
f 4729//4729 4730//4730 4731//4731
f 4671//4671 5559//5559 4670//4670
f 4728//4728 4729//4729 4731//4731
f 4727//4727 4728//4728 4732//4732
f 4725//4725 4726//4726 4733//4733
f 4725//4725 4734//4734 4724//4724
f 4723//4723 4724//4724 4735//4735
f 4722//4722 4723//4723 4736//4736
f 4671//4671 4672//4672 5559//5559
f 5440//5440 5441//5441 5542//5542
f 5543//5543 5438//5438 5439//5439
f 5440//5440 5543//5543 5439//5439
f 5544//5544 5438//5438 5543//5543
f 5440//5440 5542//5542 5543//5543
f 5544//5544 5437//5437 5438//5438
f 5436//5436 5546//5546 5435//5435
f 5545//5545 5436//5436 5437//5437
f 5544//5544 5545//5545 5437//5437
f 4678//4678 5556//5556 4677//4677
f 4679//4679 5555//5555 4678//4678
f 5555//5555 5556//5556 4678//4678
f 4680//4680 5555//5555 4679//4679
f 5546//5546 5547//5547 5434//5434
f 5546//5546 5436//5436 5545//5545
f 5546//5546 5434//5434 5435//5435
f 5433//5433 5434//5434 5547//5547
f 5555//5555 4681//4681 5554//5554
f 4681//4681 5555//5555 4680//4680
f 5556//5556 4676//4676 4677//4677
f 5547//5547 5548//5548 5433//5433
f 4732//4732 4728//4728 4731//4731
f 5541//5541 5542//5542 5441//5441
f 4734//4734 4735//4735 4724//4724
f 4669//4669 4670//4670 5560//5560
f 4723//4723 4735//4735 4736//4736
f 4733//4733 4734//4734 4725//4725
f 4732//4732 4733//4733 4726//4726
f 4739//4739 4720//4720 4721//4721
f 4737//4737 4721//4721 4722//4722
f 4737//4737 4738//4738 4721//4721
f 4736//4736 4737//4737 4722//4722
f 4667//4667 4668//4668 5560//5560
f 4666//4666 4667//4667 5561//5561
f 5560//5560 5561//5561 4667//4667
f 4720//4720 4739//4739 4740//4740
f 4719//4719 4720//4720 4740//4740
f 4718//4718 4741//4741 4742//4742
f 4740//4740 4741//4741 4719//4719
f 4738//4738 4739//4739 4721//4721
f 4716//4716 4743//4743 4744//4744
f 5560//5560 4668//4668 4669//4669
f 5560//5560 4670//4670 5559//5559
f 4743//4743 4717//4717 4742//4742
f 4741//4741 4718//4718 4719//4719
f 4743//4743 4716//4716 4717//4717
f 4716//4716 4744//4744 4715//4715
f 4717//4717 4718//4718 4742//4742
f 4681//4681 4682//4682 5554//5554
f 4684//4684 5554//5554 4683//4683
f 4682//4682 4683//4683 5554//5554
f 4714//4714 4715//4715 4745//4745
f 4747//4747 4712//4712 4713//4713
f 4710//4710 4374//4374 4709//4709
f 4709//4709 4375//4375 4708//4708
f 4711//4711 4712//4712 4747//4747
f 4706//4706 4377//4377 4705//4705
f 4705//4705 4377//4377 4704//4704
f 4375//4375 4376//4376 4707//4707
f 4707//4707 4708//4708 4375//4375
f 4706//4706 4707//4707 4376//4376
f 4706//4706 4376//4376 4377//4377
f 4746//4746 4713//4713 4714//4714
f 4373//4373 4710//4710 4711//4711
f 4684//4684 4685//4685 5554//5554
f 5551//5551 5426//5426 5427//5427
f 5429//5429 5550//5550 5428//5428
f 5550//5550 5427//5427 5428//5428
f 5429//5429 5430//5430 5549//5549
f 5424//5424 5673//5673 5423//5423
f 5444//5444 5424//5424 4484//4484
f 5673//5673 5424//5424 5444//5444
f 5424//5424 5425//5425 4484//4484
f 4487//4487 5444//5444 4486//4486
f 5425//5425 5426//5426 5551//5551
f 5548//5548 5431//5431 5432//5432
f 5431//5431 5548//5548 5549//5549
f 5548//5548 5432//5432 5433//5433
f 5429//5429 5549//5549 5550//5550
f 5427//5427 5550//5550 5551//5551
f 5551//5551 5552//5552 4567//4567
f 4570//4570 5551//5551 4569//4569
f 4566//4566 5552//5552 4692//4692
f 4688//4688 5552//5552 4687//4687
f 4484//4484 5425//5425 5551//5551
f 4687//4687 5552//5552 5553//5553
f 5431//5431 5549//5549 5430//5430
f 4571//4571 5551//5551 4570//4570
f 5551//5551 4571//4571 4484//4484
f 5551//5551 4568//4568 4569//4569
f 5551//5551 4567//4567 4568//4568
f 4485//4485 4486//4486 5444//5444
f 4554//4554 5339//5339 4553//4553
f 4554//4554 4555//4555 5339//5339
f 4484//4484 4485//4485 5444//5444
f 4566//4566 4692//4692 4565//4565
f 4564//4564 4632//4632 4563//4563
f 4563//4563 4633//4633 4562//4562
f 4693//4693 4564//4564 4565//4565
f 4561//4561 5563//5563 4560//4560
f 4559//4559 5563//5563 4558//4558
f 5563//5563 4557//4557 4558//4558
f 5563//5563 4559//4559 4560//4560
f 5563//5563 4556//4556 4557//4557
f 5642//5642 4561//4561 4562//4562
f 4566//4566 4567//4567 5552//5552
f 4556//4556 5339//5339 4555//4555
f 4688//4688 4689//4689 5552//5552
f 5553//5553 4686//4686 4687//4687
f 4381//4381 4698//4698 4699//4699
f 4382//4382 4697//4697 4698//4698
f 4691//4691 4692//4692 5552//5552
f 4690//4690 4691//4691 5552//5552
f 4696//4696 4697//4697 4382//4382
f 4685//4685 4686//4686 5553//5553
f 4379//4379 4702//4702 4703//4703
f 4703//4703 4378//4378 4379//4379
f 4704//4704 4378//4378 4703//4703
f 4380//4380 4702//4702 4379//4379
f 4380//4380 4700//4700 4701//4701
f 4702//4702 4380//4380 4701//4701
f 4381//4381 4700//4700 4380//4380
f 4382//4382 4383//4383 4696//4696
f 4381//4381 4382//4382 4698//4698
f 4381//4381 4699//4699 4700//4700
f 5554//5554 4685//4685 5553//5553
f 4383//4383 4695//4695 4696//4696
f 4693//4693 4632//4632 4564//4564
f 4694//4694 4632//4632 4693//4693
f 4695//4695 4630//4630 4694//4694
f 4632//4632 4633//4633 4563//4563
f 4556//4556 5563//5563 5336//5336
f 5337//5337 5666//5666 5339//5339
f 5666//5666 5337//5337 5338//5338
f 5337//5337 5339//5339 4556//4556
f 4556//4556 5336//5336 5337//5337
f 4553//4553 5339//5339 5340//5340
f 5336//5336 5563//5563 5335//5335
f 4565//4565 4692//4692 4693//4693
f 4562//4562 4633//4633 5642//5642
f 4632//4632 4694//4694 4631//4631
f 4630//4630 4631//4631 4694//4694
f 4385//4385 4630//4630 4384//4384
f 4561//4561 5642//5642 5563//5563
f 5335//5335 5563//5563 5334//5334
f 5334//5334 5563//5563 5564//5564
f 5333//5333 5334//5334 5564//5564
f 5333//5333 5564//5564 5332//5332
f 4634//4634 4635//4635 5642//5642
f 5642//5642 4633//4633 4634//4634
f 4695//4695 4384//4384 4630//4630
f 4384//4384 4695//4695 4383//4383
f 4690//4690 5552//5552 4689//4689
f 4377//4377 4378//4378 4704//4704
f 4665//4665 4666//4666 5561//5561
f 4745//4745 4746//4746 4714//4714
f 4746//4746 4747//4747 4713//4713
f 4375//4375 4709//4709 4374//4374
f 4373//4373 4747//4747 4748//4748
f 4748//4748 4372//4372 4373//4373
f 4710//4710 4373//4373 4374//4374
f 4747//4747 4373//4373 4711//4711
f 5643//5643 4748//4748 4749//4749
f 4753//4753 5562//5562 4752//4752
f 4752//4752 5562//5562 4751//4751
f 4754//4754 4664//4664 5562//5562
f 4751//4751 5562//5562 4750//4750
f 4749//4749 5685//5685 5643//5643
f 4372//4372 4748//4748 5643//5643
f 4370//4370 4371//4371 5643//5643
f 4372//4372 5643//5643 4371//4371
f 4369//4369 4370//4370 5643//5643
f 4750//4750 5685//5685 4749//4749
f 5562//5562 4753//4753 4754//4754
f 4665//4665 5561//5561 4664//4664
f 4386//4386 4629//4629 4385//4385
f 4620//4620 4621//4621 4359//4359
f 4621//4621 4358//4358 4359//4359
f 4356//4356 4625//4625 4387//4387
f 4357//4357 4358//4358 4622//4622
f 4621//4621 4622//4622 4358//4358
f 4623//4623 4356//4356 4357//4357
f 4627//4627 4386//4386 4387//4387
f 4622//4622 4623//4623 4357//4357
f 4368//4368 5630//5630 4367//4367
f 4366//4366 5631//5631 4365//4365
f 4365//4365 5631//5631 4364//4364
f 5631//5631 4366//4366 4367//4367
f 4620//4620 4359//4359 4619//4619
f 4360//4360 4618//4618 4619//4619
f 4360//4360 4619//4619 4359//4359
f 4362//4362 4616//4616 4361//4361
f 4362//4362 4363//4363 4615//4615
f 4618//4618 4360//4360 4361//4361
f 4364//4364 4579//4579 4363//4363
f 5644//5644 4368//4368 4369//4369
f 4369//4369 5643//5643 5644//5644
f 4629//4629 4630//4630 4385//4385
f 4750//4750 5562//5562 5685//5685
f 5646//5646 5684//5684 5645//5645
f 5646//5646 5644//5644 5684//5684
f 5644//5644 5630//5630 4368//4368
f 5630//5630 5631//5631 4367//4367
f 5682//5682 5630//5630 5646//5646
f 4578//4578 5631//5631 5683//5683
f 5682//5682 5646//5646 5647//5647
f 5646//5646 5630//5630 5644//5644
f 5631//5631 4579//4579 4364//4364
f 5683//5683 5632//5632 4577//4577
f 4575//4575 5632//5632 4574//4574
f 5633//5633 4574//4574 5632//5632
f 4573//4573 4574//4574 5633//5633
f 4575//4575 4576//4576 5632//5632
f 4578//4578 4579//4579 5631//5631
f 4577//4577 4578//4578 5683//5683
f 5633//5633 4572//4572 4573//4573
f 4576//4576 4577//4577 5632//5632
f 4572//4572 5633//5633 4663//4663
f 4363//4363 4579//4579 4580//4580
f 4617//4617 4361//4361 4616//4616
f 4617//4617 4618//4618 4361//4361
f 4580//4580 4581//4581 4612//4612
f 4612//4612 4613//4613 4580//4580
f 4581//4581 4582//4582 4611//4611
f 4615//4615 4363//4363 4614//4614
f 4580//4580 4613//4613 4614//4614
f 4362//4362 4615//4615 4616//4616
f 4583//4583 4610//4610 4582//4582
f 4614//4614 4363//4363 4580//4580
f 4608//4608 4584//4584 4585//4585
f 4662//4662 4663//4663 5634//5634
f 5633//5633 5634//5634 4663//4663
f 5634//5634 4661//4661 4662//4662
f 4587//4587 4606//4606 4586//4586
f 4587//4587 4588//4588 4605//4605
f 5634//5634 4660//4660 4661//4661
f 4585//4585 4586//4586 4607//4607
f 4660//4660 5634//5634 5635//5635
f 4609//4609 4583//4583 4584//4584
f 4589//4589 4604//4604 4588//4588
f 4664//4664 5561//5561 5562//5562
f 4386//4386 4627//4627 4628//4628
f 4387//4387 4625//4625 4626//4626
f 4356//4356 4624//4624 4625//4625
f 4626//4626 4627//4627 4387//4387
f 4639//4639 5641//5641 4638//4638
f 4636//4636 4637//4637 5642//5642
f 4386//4386 4628//4628 4629//4629
f 4611//4611 4612//4612 4581//4581
f 4610//4610 4611//4611 4582//4582
f 4640//4640 4641//4641 5641//5641
f 4641//4641 4642//4642 5640//5640
f 4644//4644 4645//4645 5640//5640
f 4643//4643 5640//5640 4642//4642
f 4644//4644 5640//5640 4643//4643
f 5641//5641 4639//4639 4640//4640
f 4623//4623 4624//4624 4356//4356
f 4645//4645 4646//4646 5640//5640
f 5565//5565 5332//5332 5564//5564
f 5642//5642 4638//4638 5641//5641
f 5641//5641 4641//4641 5640//5640
f 5330//5330 5565//5565 5566//5566
f 5567//5567 5328//5328 5566//5566
f 5331//5331 5332//5332 5565//5565
f 5330//5330 5331//5331 5565//5565
f 5329//5329 5330//5330 5566//5566
f 5329//5329 5566//5566 5328//5328
f 5328//5328 5567//5567 5327//5327
f 4637//4637 4638//4638 5642//5642
f 5567//5567 5568//5568 5327//5327
f 5639//5639 5640//5640 4646//4646
f 5638//5638 5639//5639 4650//4650
f 5326//5326 5568//5568 5569//5569
f 5326//5326 5327//5327 5568//5568
f 5325//5325 5326//5326 5569//5569
f 5323//5323 5324//5324 5570//5570
f 5569//5569 5324//5324 5325//5325
f 5571//5571 5323//5323 5570//5570
f 5570//5570 5324//5324 5569//5569
f 4648//4648 5639//5639 4647//4647
f 4646//4646 4647//4647 5639//5639
f 4636//4636 5642//5642 4635//4635
f 4608//4608 4609//4609 4584//4584
f 4587//4587 4605//4605 4606//4606
f 4588//4588 4604//4604 4605//4605
f 4606//4606 4607//4607 4586//4586
f 4601//4601 4602//4602 4591//4591
f 4602//4602 4603//4603 4591//4591
f 4604//4604 4590//4590 4603//4603
f 4607//4607 4608//4608 4585//4585
f 4648//4648 4649//4649 5639//5639
f 4601//4601 4591//4591 4592//4592
f 5635//5635 4658//4658 4659//4659
f 4659//4659 4660//4660 5635//5635
f 4600//4600 4601//4601 4592//4592
f 4594//4594 4595//4595 4597//4597
f 4599//4599 4593//4593 4594//4594
f 5635//5635 4657//4657 4658//4658
f 4593//4593 4600//4600 4592//4592
f 4657//4657 5635//5635 5636//5636
f 4590//4590 4591//4591 4603//4603
f 4609//4609 4610//4610 4583//4583
f 4597//4597 4595//4595 4596//4596
f 5323//5323 5571//5571 5322//5322
f 5638//5638 4650//4650 4651//4651
f 5321//5321 5322//5322 5571//5571
f 5573//5573 5320//5320 5572//5572
f 5321//5321 5572//5572 5320//5320
f 5321//5321 5571//5571 5572//5572
f 4652//4652 5638//5638 4651//4651
f 4649//4649 4650//4650 5639//5639
f 4599//4599 4600//4600 4593//4593
f 4594//4594 4598//4598 4599//4599
f 4598//4598 4594//4594 4597//4597
f 5637//5637 4653//4653 4654//4654
f 5638//5638 4653//4653 5637//5637
f 5637//5637 4655//4655 5636//5636
f 4656//4656 5636//5636 4655//4655
f 4654//4654 4655//4655 5637//5637
f 4652//4652 4653//4653 5638//5638
f 5636//5636 4656//4656 4657//4657
f 4590//4590 4604//4604 4589//4589
f 4715//4715 4744//4744 4745//4745
f 5320//5320 5573//5573 5319//5319
f 4533//4533 5361//5361 4532//4532
f 5340//5340 4550//4550 4551//4551
f 5466//5466 4534//4534 4535//4535
f 5466//5466 4538//4538 4539//4539
f 5466//5466 4537//4537 4538//4538
f 4539//4539 4540//4540 5665//5665
f 4534//4534 5361//5361 4533//4533
f 5583//5583 4548//4548 4549//4549
f 4547//4547 5583//5583 4546//4546
f 4549//4549 4550//4550 5583//5583
f 4546//4546 5583//5583 4545//4545
f 4540//4540 4541//4541 5178//5178
f 4544//4544 5237//5237 4543//4543
f 4543//4543 5238//5238 4542//4542
f 4542//4542 5177//5177 4541//4541
f 5584//5584 4544//4544 4545//4545
f 5340//5340 4551//4551 4552//4552
f 5178//5178 5665//5665 4540//4540
f 5380//5380 5381//5381 5668//5668
f 5380//5380 4534//4534 5379//5379
f 4534//4534 5380//5380 5361//5361
f 5668//5668 5361//5361 5380//5380
f 5466//5466 5377//5377 5378//5378
f 5374//5374 5375//5375 5468//5468
f 5375//5375 5376//5376 5467//5467
f 5467//5467 5376//5376 5377//5377
f 5378//5378 5379//5379 5466//5466
f 5377//5377 5466//5466 5467//5467
f 4539//4539 5665//5665 5466//5466
f 5181//5181 5182//5182 5665//5665
f 4536//4536 4537//4537 5466//5466
f 5466//5466 5379//5379 4534//4534
f 5182//5182 5183//5183 5665//5665
f 5469//5469 5372//5372 5373//5373
f 5468//5468 5373//5373 5374//5374
f 5468//5468 5469//5469 5373//5373
f 5184//5184 5664//5664 5183//5183
f 5469//5469 5371//5371 5372//5372
f 5664//5664 5665//5665 5183//5183
f 5467//5467 5468//5468 5375//5375
f 4536//4536 5466//5466 4535//4535
f 4548//4548 5583//5583 4547//4547
f 5361//5361 4531//4531 4532//4532
f 5301//5301 5340//5340 5667//5667
f 4553//4553 5340//5340 4552//4552
f 5301//5301 5302//5302 4550//4550
f 5667//5667 5300//5300 5301//5301
f 5583//5583 4550//4550 5302//5302
f 5177//5177 5178//5178 4541//4541
f 5239//5239 5175//5175 5176//5176
f 5176//5176 5177//5177 5239//5239
f 4542//4542 5238//5238 5177//5177
f 5584//5584 4545//4545 5583//5583
f 5583//5583 5302//5302 5303//5303
f 5179//5179 5665//5665 5178//5178
f 5583//5583 5304//5304 5582//5582
f 5304//5304 5305//5305 5582//5582
f 5235//5235 5236//5236 5584//5584
f 5237//5237 4544//4544 5584//5584
f 5240//5240 5175//5175 5239//5239
f 5239//5239 5177//5177 5238//5238
f 5238//5238 4543//4543 5237//5237
f 4416//4416 5240//5240 4415//4415
f 5175//5175 5240//5240 4416//4416
f 5236//5236 5237//5237 5584//5584
f 5305//5305 5306//5306 5582//5582
f 5303//5303 5304//5304 5583//5583
f 4417//4417 5175//5175 4416//4416
f 5180//5180 5181//5181 5665//5665
f 4418//4418 5173//5173 5174//5174
f 5180//5180 5665//5665 5179//5179
f 5664//5664 5184//5184 5185//5185
f 4419//4419 5171//5171 5172//5172
f 4419//4419 5170//5170 5171//5171
f 5172//5172 5173//5173 4418//4418
f 5168//5168 5169//5169 4388//4388
f 4388//4388 5169//5169 5170//5170
f 4419//4419 4388//4388 5170//5170
f 4418//4418 4419//4419 5172//5172
f 4418//4418 5174//5174 4417//4417
f 4389//4389 5167//5167 5168//5168
f 4390//4390 5166//5166 5167//5167
f 5166//5166 4390//4390 4391//4391
f 5167//5167 4389//4389 4390//4390
f 4389//4389 5168//5168 4388//4388
f 5165//5165 5166//5166 4391//4391
f 5174//5174 5175//5175 4417//4417
f 5664//5664 5185//5185 5663//5663
f 5301//5301 4550//4550 5340//5340
f 5473//5473 5366//5366 5367//5367
f 5368//5368 5472//5472 5367//5367
f 5472//5472 5473//5473 5367//5367
f 5364//5364 5475//5475 5363//5363
f 5365//5365 5366//5366 5474//5474
f 5473//5473 5474//5474 5366//5366
f 5364//5364 5365//5365 5474//5474
f 5474//5474 5475//5475 5364//5364
f 5472//5472 5368//5368 5369//5369
f 5472//5472 5369//5369 5471//5471
f 5370//5370 5470//5470 5471//5471
f 5470//5470 5370//5370 5371//5371
f 5194//5194 5661//5661 5662//5662
f 5193//5193 5194//5194 5662//5662
f 5194//5194 5195//5195 5661//5661
f 5662//5662 5192//5192 5193//5193
f 5191//5191 5192//5192 5662//5662
f 5663//5663 5190//5190 5662//5662
f 5471//5471 5369//5369 5370//5370
f 5371//5371 5469//5469 5470//5470
f 5197//5197 5660//5660 5661//5661
f 5197//5197 5661//5661 5196//5196
f 5196//5196 5661//5661 5195//5195
f 5199//5199 5659//5659 5660//5660
f 5659//5659 5199//5199 5200//5200
f 5660//5660 5198//5198 5199//5199
f 5198//5198 5660//5660 5197//5197
f 5201//5201 5659//5659 5200//5200
f 5143//5143 5144//5144 5139//5139
f 5145//5145 5146//5146 5137//5137
f 5145//5145 5138//5138 5144//5144
f 5146//5146 5147//5147 5136//5136
f 5140//5140 5141//5141 5142//5142
f 5658//5658 5201//5201 5202//5202
f 5147//5147 5148//5148 5136//5136
f 5203//5203 5658//5658 5202//5202
f 5140//5140 5142//5142 5139//5139
f 5659//5659 5201//5201 5658//5658
f 5143//5143 5139//5139 5142//5142
f 5149//5149 5135//5135 5148//5148
f 5476//5476 5363//5363 5475//5475
f 5663//5663 5187//5187 5188//5188
f 5191//5191 5662//5662 5190//5190
f 5190//5190 5663//5663 5189//5189
f 5189//5189 5663//5663 5188//5188
f 5128//5128 5154//5154 5155//5155
f 5129//5129 5153//5153 5154//5154
f 5130//5130 5152//5152 5153//5153
f 5186//5186 5187//5187 5663//5663
f 5164//5164 5165//5165 4391//4391
f 4393//4393 5162//5162 5163//5163
f 5164//5164 4392//4392 5163//5163
f 4393//4393 5161//5161 5162//5162
f 5156//5156 5157//5157 5126//5126
f 5155//5155 5156//5156 5127//5127
f 5161//5161 4394//4394 5160//5160
f 5160//5160 4395//4395 5159//5159
f 5157//5157 5158//5158 5125//5125
f 5128//5128 5155//5155 5127//5127
f 5185//5185 5186//5186 5663//5663
f 5158//5158 5159//5159 5125//5125
f 5138//5138 5139//5139 5144//5144
f 5149//5149 5150//5150 5133//5133
f 5135//5135 5136//5136 5148//5148
f 5151//5151 5132//5132 5150//5150
f 5134//5134 5135//5135 5149//5149
f 5137//5137 5146//5146 5136//5136
f 5203//5203 5204//5204 5657//5657
f 5204//5204 5205//5205 5657//5657
f 5138//5138 5145//5145 5137//5137
f 5658//5658 5203//5203 5657//5657
f 5131//5131 5132//5132 5151//5151
f 5151//5151 5152//5152 5131//5131
f 5131//5131 5152//5152 5130//5130
f 5133//5133 5150//5150 5132//5132
f 5134//5134 5149//5149 5133//5133
f 5656//5656 5206//5206 5207//5207
f 5207//5207 5208//5208 5656//5656
f 5206//5206 5656//5656 5657//5657
f 5205//5205 5206//5206 5657//5657
f 5130//5130 5153//5153 5129//5129
f 5129//5129 5154//5154 5128//5128
f 5163//5163 4392//4392 4393//4393
f 4392//4392 5164//5164 4391//4391
f 5307//5307 5581//5581 5306//5306
f 5580//5580 5581//5581 5308//5308
f 5307//5307 5308//5308 5581//5581
f 5309//5309 5580//5580 5308//5308
f 5579//5579 5310//5310 5311//5311
f 5578//5578 5579//5579 5311//5311
f 5580//5580 5310//5310 5579//5579
f 5310//5310 5580//5580 5309//5309
f 5585//5585 5232//5232 5584//5584
f 5313//5313 5578//5578 5312//5312
f 5576//5576 5314//5314 5315//5315
f 5575//5575 5576//5576 5315//5315
f 5577//5577 5313//5313 5314//5314
f 5314//5314 5576//5576 5577//5577
f 5224//5224 5225//5225 5587//5587
f 5226//5226 5586//5586 5587//5587
f 5577//5577 5578//5578 5313//5313
f 5225//5225 5226//5226 5587//5587
f 5312//5312 5578//5578 5311//5311
f 5230//5230 5585//5585 5586//5586
f 5234//5234 5235//5235 5584//5584
f 5233//5233 5584//5584 5232//5232
f 5231//5231 5232//5232 5585//5585
f 5234//5234 5584//5584 5233//5233
f 4414//4414 5241//5241 5242//5242
f 4413//4413 5244//5244 5245//5245
f 4413//4413 5243//5243 5244//5244
f 4414//4414 5242//5242 5243//5243
f 5241//5241 4415//4415 5240//5240
f 5229//5229 5230//5230 5586//5586
f 5229//5229 5586//5586 5228//5228
f 5230//5230 5231//5231 5585//5585
f 5228//5228 5586//5586 5227//5227
f 4412//4412 5246//5246 5247//5247
f 5260//5260 5290//5290 5259//5259
f 5259//5259 5291//5291 5258//5258
f 5289//5289 5260//5260 5261//5261
f 5226//5226 5227//5227 5586//5586
f 4412//4412 5245//5245 5246//5246
f 5306//5306 5581//5581 5582//5582
f 5317//5317 5575//5575 5316//5316
f 5318//5318 5319//5319 5573//5573
f 5318//5318 5573//5573 5574//5574
f 5317//5317 5318//5318 5574//5574
f 5574//5574 5575//5575 5317//5317
f 5588//5588 5223//5223 5587//5587
f 5222//5222 5223//5223 5588//5588
f 5588//5588 5221//5221 5222//5222
f 5588//5588 5589//5589 5221//5221
f 5224//5224 5587//5587 5223//5223
f 5219//5219 5220//5220 5589//5589
f 5218//5218 5219//5219 5590//5590
f 5589//5589 5590//5590 5219//5219
f 5217//5217 5218//5218 5590//5590
f 5270//5270 5271//5271 5278//5278
f 5271//5271 5272//5272 5277//5277
f 5273//5273 5277//5277 5272//5272
f 5273//5273 5274//5274 5276//5276
f 5217//5217 5590//5590 5591//5591
f 5589//5589 5220//5220 5221//5221
f 5269//5269 5280//5280 5268//5268
f 5276//5276 5274//5274 5275//5275
f 5281//5281 5267//5267 5268//5268
f 5282//5282 5266//5266 5267//5267
f 5262//5262 5263//5263 5287//5287
f 5265//5265 5266//5266 5284//5284
f 5285//5285 5264//5264 5265//5265
f 5264//5264 5286//5286 5263//5263
f 5273//5273 5276//5276 5277//5277
f 5278//5278 5279//5279 5270//5270
f 5591//5591 5215//5215 5216//5216
f 5270//5270 5279//5279 5269//5269
f 5268//5268 5280//5280 5281//5281
f 5281//5281 5282//5282 5267//5267
f 5215//5215 5592//5592 5214//5214
f 5279//5279 5280//5280 5269//5269
f 5592//5592 5215//5215 5591//5591
f 5271//5271 5277//5277 5278//5278
f 5217//5217 5591//5591 5216//5216
f 5288//5288 5261//5261 5262//5262
f 5315//5315 5316//5316 5575//5575
f 5283//5283 5266//5266 5282//5282
f 4412//4412 4413//4413 5245//5245
f 5248//5248 4410//4410 4411//4411
f 5247//5247 4411//4411 4412//4412
f 5249//5249 4410//4410 5248//5248
f 4413//4413 4414//4414 5243//5243
f 5249//5249 4409//4409 4410//4410
f 4415//4415 5241//5241 4414//4414
f 4409//4409 5249//5249 5250//5250
f 5248//5248 4411//4411 5247//5247
f 4408//4408 4409//4409 5251//5251
f 5250//5250 5251//5251 4409//4409
f 5254//5254 4406//4406 4407//4407
f 4407//4407 4408//4408 5252//5252
f 5255//5255 4405//4405 4406//4406
f 4401//4401 5649//5649 4400//4400
f 4400//4400 5652//5652 4399//4399
f 4405//4405 5293//5293 4404//4404
f 4403//4403 5648//5648 4402//4402
f 4402//4402 5648//5648 4401//4401
f 5648//5648 4403//4403 4404//4404
f 5157//5157 5125//5125 5126//5126
f 5125//5125 5159//5159 4395//4395
f 5653//5653 5689//5689 5123//5123
f 5125//5125 4395//4395 5124//5124
f 5689//5689 5122//5122 5123//5123
f 5156//5156 5126//5126 5127//5127
f 5655//5655 5208//5208 5117//5117
f 5124//5124 4395//4395 4396//4396
f 4395//4395 5160//5160 4394//4394
f 4396//4396 5653//5653 5124//5124
f 4398//4398 5653//5653 4397//4397
f 4398//4398 4399//4399 5653//5653
f 5653//5653 4396//4396 4397//4397
f 5689//5689 5654//5654 5122//5122
f 5654//5654 5120//5120 5121//5121
f 5655//5655 5119//5119 5654//5654
f 5120//5120 5654//5654 5119//5119
f 5118//5118 5119//5119 5655//5655
f 5121//5121 5122//5122 5654//5654
f 5117//5117 5118//5118 5655//5655
f 5123//5123 5124//5124 5653//5653
f 5656//5656 5208//5208 5655//5655
f 5251//5251 5252//5252 4408//4408
f 5161//5161 4393//4393 4394//4394
f 5257//5257 5292//5292 5256//5256
f 5256//5256 5292//5292 4405//4405
f 4405//4405 5255//5255 5256//5256
f 5253//5253 5254//5254 4407//4407
f 4406//4406 5254//5254 5255//5255
f 5291//5291 5292//5292 5258//5258
f 5259//5259 5290//5290 5291//5291
f 5260//5260 5289//5289 5290//5290
f 5261//5261 5288//5288 5289//5289
f 5258//5258 5292//5292 5257//5257
f 5286//5286 5264//5264 5285//5285
f 5283//5283 5284//5284 5266//5266
f 5287//5287 5263//5263 5286//5286
f 5592//5592 5212//5212 5213//5213
f 5288//5288 5262//5262 5287//5287
f 5593//5593 5211//5211 5212//5212
f 5592//5592 5593//5593 5212//5212
f 5210//5210 5211//5211 5593//5593
f 5284//5284 5285//5285 5265//5265
f 5214//5214 5592//5592 5213//5213
f 5593//5593 5209//5209 5210//5210
f 4400//4400 5649//5649 5652//5652
f 5650//5650 5651//5651 5686//5686
f 5649//5649 5686//5686 5651//5651
f 5687//5687 5648//5648 5294//5294
f 5464//5464 5649//5649 5651//5651
f 5653//5653 4399//4399 5652//5652
f 5465//5465 5688//5688 5464//5464
f 5652//5652 5464//5464 5688//5688
f 5652//5652 5649//5649 5464//5464
f 5648//5648 5649//5649 4401//4401
f 5293//5293 5294//5294 5648//5648
f 5687//5687 5295//5295 5594//5594
f 5295//5295 5687//5687 5294//5294
f 5296//5296 5594//5594 5295//5295
f 5297//5297 5594//5594 5296//5296
f 5594//5594 5298//5298 5299//5299
f 5594//5594 5297//5297 5298//5298
f 5209//5209 5594//5594 5299//5299
f 5594//5594 5209//5209 5593//5593
f 5648//5648 4404//4404 5293//5293
f 5292//5292 5293//5293 4405//4405
f 5253//5253 4407//4407 5252//5252
