# core_hub_02 exported from /models/mainboards/core_hub_02.glb
# units: meters
v -0.048353 0.001000 -0.011399
v -0.047292 0.001000 -0.012460
v -0.044516 0.001000 -0.010580
v -0.056151 0.001000 -0.011892
v -0.050830 0.001000 -0.009906
v -0.054247 0.001000 -0.017293
v -0.045509 0.001000 -0.007919
v -0.046502 0.001000 -0.005259
v -0.040188 0.001000 -0.005933
v -0.039691 0.001000 -0.007263
v -0.039195 0.001000 -0.008593
v -0.037031 0.001000 -0.006270
v -0.036442 0.001000 -0.006529
v -0.036461 0.001000 -0.007407
v -0.032886 0.001000 -0.017415
v -0.037208 0.001000 -0.013915
v -0.038202 0.001000 -0.011254
v -0.043523 0.001000 -0.013240
v -0.048844 0.001000 -0.015227
v -0.042530 0.001000 -0.015901
v -0.047851 0.001000 -0.017887
v -0.052702 0.001000 -0.017870
v -0.035546 0.001000 -0.024274
v -0.034332 0.001000 -0.024931
v -0.033344 0.001000 -0.025895
v -0.026295 0.001000 -0.026345
v -0.025845 0.001000 -0.033394
v -0.017365 0.001000 -0.032936
v -0.010320 0.001000 -0.037222
v -0.022949 0.001000 -0.035874
v -0.007357 0.001000 -0.036511
v -0.017628 0.001000 -0.033887
v -0.024881 0.001000 -0.034382
v -0.024224 0.001000 -0.035596
v -0.017820 0.001000 -0.052752
v -0.020962 0.001000 -0.041195
v -0.021956 0.001000 -0.038534
v -0.019969 0.001000 -0.043855
v -0.012410 0.001000 -0.047342
v -0.014648 0.001000 -0.041869
v -0.009824 0.001000 -0.038552
v -0.015641 0.001000 -0.039208
v -0.008334 0.001000 -0.042543
v -0.009327 0.001000 -0.039883
v -0.006666 0.001000 -0.038889
v -0.003013 0.001000 -0.040557
v -0.007163 0.001000 -0.037559
v -0.004006 0.001000 -0.037896
v 0.001812 0.001000 -0.037240
v 0.001315 0.001000 -0.035910
v -0.004502 0.001000 -0.036566
v -0.002338 0.001000 -0.034243
v -0.006479 0.001000 -0.036492
v -0.005694 0.001000 -0.036099
v -0.005153 0.001000 -0.035408
v -0.004960 0.001000 -0.034551
v -0.002835 0.001000 -0.032912
v -0.003331 0.001000 -0.031582
v -0.004960 0.001000 -0.007010
v -0.003295 0.001000 -0.007318
v -0.001309 0.001000 -0.012639
v -0.002302 0.001000 -0.009978
v -0.001752 0.001000 -0.004537
v -0.005101 0.001000 -0.006274
v -0.005546 0.001000 -0.005596
v -0.003403 0.001000 -0.003453
v -0.006224 0.001000 -0.005151
v -0.006960 0.001000 -0.005010
v -0.004487 0.001000 -0.001802
v -0.011596 0.001000 -0.001322
v -0.028552 0.001000 -0.004621
v -0.034501 0.001000 -0.005010
v -0.023231 0.001000 -0.002634
v -0.024224 0.001000 0.000026
v -0.012589 0.001000 0.001338
v -0.007268 0.001000 0.003325
v -0.006960 0.001000 0.004990
v -0.025218 0.001000 0.002687
v -0.030539 0.001000 0.000700
v -0.032029 0.001000 0.004691
v -0.031532 0.001000 0.003361
v -0.034192 0.001000 0.002368
v -0.035860 0.001000 -0.001286
v -0.034689 0.001000 0.003698
v -0.036853 0.001000 0.001375
v -0.037350 0.001000 0.002705
v -0.042174 0.001000 -0.000612
v -0.047495 0.001000 -0.002598
v -0.041181 0.001000 -0.003272
v -0.043167 0.001000 0.002049
v -0.048489 0.001000 0.000063
v -0.038343 0.001000 0.005366
v -0.037846 0.001000 0.004035
v -0.044161 0.001000 0.004709
v -0.038839 0.001000 0.006696
v -0.049482 0.001000 0.002723
v -0.045154 0.001000 0.007370
v -0.039833 0.001000 0.009356
v -0.046147 0.001000 0.010031
v -0.050475 0.001000 0.005384
v -0.056789 0.001000 0.006058
v -0.051468 0.001000 0.008044
v -0.056668 0.001000 0.003098
v -0.055956 0.001000 -0.000094
v -0.058672 0.001000 0.005683
v -0.061591 0.001000 0.005081
v -0.059947 0.001000 0.004142
v -0.057783 0.001000 0.008719
v -0.063456 0.001000 0.005407
v -0.054247 0.001000 0.017273
v -0.064097 0.001000 0.009393
v -0.052461 0.001000 0.010705
v -0.048353 0.001000 0.011379
v -0.047292 0.001000 0.012439
v -0.042812 0.001000 0.017338
v -0.041819 0.001000 0.014678
v -0.040826 0.001000 0.012017
v -0.052702 0.001000 0.017850
v -0.043805 0.001000 0.019999
v -0.035546 0.001000 0.024254
v -0.033163 0.001000 0.023971
v -0.034332 0.001000 0.024910
v -0.038484 0.001000 0.021985
v -0.035824 0.001000 0.022978
v -0.032170 0.001000 0.021311
v -0.037491 0.001000 0.019325
v -0.036498 0.001000 0.016664
v -0.032886 0.001000 0.017394
v -0.026295 0.001000 0.026324
v -0.036461 0.001000 0.007387
v -0.036442 0.001000 0.006509
v -0.036049 0.001000 0.005724
v -0.035358 0.001000 0.005182
v -0.034501 0.001000 0.004990
v -0.017365 0.001000 0.032916
v -0.028338 0.001000 0.027288
v -0.027842 0.001000 0.025958
v -0.030502 0.001000 0.024965
v -0.030999 0.001000 0.026295
v -0.033344 0.001000 0.025874
v -0.033660 0.001000 0.025302
v -0.025845 0.001000 0.033373
v -0.021846 0.001000 0.034258
v -0.024881 0.001000 0.034361
v -0.022343 0.001000 0.035589
v -0.024224 0.001000 0.035576
v -0.021172 0.001000 0.040573
v -0.017820 0.001000 0.052732
v -0.022839 0.001000 0.036919
v -0.020179 0.001000 0.037912
v -0.014858 0.001000 0.039899
v -0.019682 0.001000 0.036582
v -0.013865 0.001000 0.037238
v -0.019186 0.001000 0.035252
v -0.008543 0.001000 0.039224
v -0.007357 0.001000 0.036491
v -0.004890 0.001000 0.037557
v -0.006479 0.001000 0.036472
v -0.005694 0.001000 0.036079
v -0.005153 0.001000 0.035387
v -0.004393 0.001000 0.036227
v -0.001732 0.001000 0.037220
v -0.003896 0.001000 0.034896
v -0.000243 0.001000 0.033229
v -0.001236 0.001000 0.035889
v -0.004960 0.001000 0.034530
v 0.000750 0.001000 0.030568
v -0.003933 0.001000 0.010632
v -0.004960 0.001000 0.006990
v 0.000254 0.001000 0.031899
v 0.002914 0.001000 0.032892
v 0.003411 0.001000 0.031561
v 0.005040 0.001000 0.034530
v 0.002418 0.001000 0.034222
v 0.004582 0.001000 0.036545
v 0.005233 0.001000 0.035387
v 0.005774 0.001000 0.036079
v 0.006559 0.001000 0.036472
v 0.007437 0.001000 0.036491
v 0.007242 0.001000 0.037539
v 0.006746 0.001000 0.038869
v 0.009903 0.001000 0.038532
v 0.010400 0.001000 0.037202
v 0.009406 0.001000 0.039862
v 0.014728 0.001000 0.041848
v 0.015721 0.001000 0.039188
v 0.016714 0.001000 0.036527
v 0.021042 0.001000 0.041174
v 0.020049 0.001000 0.043835
v 0.024304 0.001000 0.035576
v 0.022035 0.001000 0.038514
v 0.023028 0.001000 0.035853
v 0.017707 0.001000 0.033867
v 0.017444 0.001000 0.032916
v 0.024960 0.001000 0.034361
v 0.025924 0.001000 0.033373
v 0.026374 0.001000 0.026324
v 0.033423 0.001000 0.025874
v 0.034411 0.001000 0.024910
v 0.032966 0.001000 0.017394
v 0.035626 0.001000 0.024254
v 0.047930 0.001000 0.017867
v 0.052782 0.001000 0.017850
v 0.047372 0.001000 0.012439
v 0.048923 0.001000 0.015206
v 0.043602 0.001000 0.013220
v 0.042609 0.001000 0.015880
v 0.044595 0.001000 0.010559
v 0.038281 0.001000 0.011234
v 0.036541 0.001000 0.007387
v 0.039274 0.001000 0.008573
v 0.037288 0.001000 0.013894
v 0.039771 0.001000 0.007243
v 0.040267 0.001000 0.005912
v 0.045589 0.001000 0.007899
v 0.037110 0.001000 0.006250
v 0.036522 0.001000 0.006509
v 0.036129 0.001000 0.005724
v 0.035437 0.001000 0.005182
v 0.037607 0.001000 0.004919
v 0.034946 0.001000 0.003926
v 0.041261 0.001000 0.003252
v 0.035939 0.001000 0.001265
v 0.030618 0.001000 -0.000721
v 0.034272 0.001000 -0.002388
v 0.036933 0.001000 -0.001395
v 0.037429 0.001000 -0.002725
v 0.042254 0.001000 0.000591
v 0.047575 0.001000 0.002578
v 0.043247 0.001000 -0.002069
v 0.048568 0.001000 -0.000083
v 0.038422 0.001000 -0.005386
v 0.037926 0.001000 -0.004056
v 0.044240 0.001000 -0.004730
v 0.049561 0.001000 -0.002744
v 0.038919 0.001000 -0.006716
v 0.045233 0.001000 -0.007391
v 0.046226 0.001000 -0.010051
v 0.039912 0.001000 -0.009377
v 0.050554 0.001000 -0.005404
v 0.056869 0.001000 -0.006078
v 0.051548 0.001000 -0.008065
v 0.056748 0.001000 -0.003118
v 0.056035 0.001000 0.000074
v 0.058751 0.001000 -0.005704
v 0.060027 0.001000 -0.004163
v 0.061670 0.001000 -0.005102
v 0.057862 0.001000 -0.008739
v 0.064176 0.001000 -0.009413
v 0.063535 0.001000 -0.005427
v 0.054326 0.001000 -0.017293
v 0.052541 0.001000 -0.010725
v 0.048432 0.001000 -0.011399
v 0.047372 0.001000 -0.012460
v 0.041898 0.001000 -0.014698
v 0.040905 0.001000 -0.012037
v 0.042892 0.001000 -0.017359
v 0.052782 0.001000 -0.017870
v 0.043885 0.001000 -0.020019
v 0.035626 0.001000 -0.024274
v 0.034411 0.001000 -0.024931
v 0.038564 0.001000 -0.022006
v 0.035903 0.001000 -0.022999
v 0.033242 0.001000 -0.023992
v 0.032249 0.001000 -0.021331
v 0.030582 0.001000 -0.024985
v 0.033739 0.001000 -0.025322
v 0.031079 0.001000 -0.026315
v 0.033423 0.001000 -0.025895
v 0.031575 0.001000 -0.027646
v 0.025924 0.001000 -0.033394
v 0.028914 0.001000 -0.028639
v 0.024960 0.001000 -0.034382
v 0.021926 0.001000 -0.034279
v 0.019265 0.001000 -0.035272
v 0.022422 0.001000 -0.035609
v 0.017444 0.001000 -0.032936
v 0.028418 0.001000 -0.027309
v 0.026374 0.001000 -0.026345
v 0.013944 0.001000 -0.037258
v 0.007437 0.001000 -0.036511
v 0.006559 0.001000 -0.036492
v 0.008623 0.001000 -0.039245
v 0.004969 0.001000 -0.037577
v 0.002309 0.001000 -0.038571
v 0.004473 0.001000 -0.036247
v 0.005774 0.001000 -0.036099
v 0.003302 0.001000 -0.041231
v 0.005288 0.001000 -0.046552
v -0.002019 0.001000 -0.043217
v -0.007341 0.001000 -0.045204
v -0.006347 0.001000 -0.047864
v -0.011349 0.001000 -0.048403
v -0.005354 0.001000 -0.050525
v -0.011669 0.001000 -0.049851
v -0.010675 0.001000 -0.052511
v -0.017243 0.001000 -0.054297
v -0.001834 0.001000 -0.095577
v -0.014010 0.001000 -0.059819
v -0.013017 0.001000 -0.062479
v -0.012024 0.001000 -0.065140
v -0.006703 0.001000 -0.063154
v -0.005655 0.001000 -0.068287
v -0.005052 0.001000 -0.065369
v -0.005377 0.001000 -0.063506
v -0.004114 0.001000 -0.067012
v -0.005052 0.001000 -0.061641
v -0.007696 0.001000 -0.060493
v -0.004113 0.001000 -0.059997
v -0.005654 0.001000 -0.058722
v -0.003068 0.001000 -0.056718
v -0.008689 0.001000 -0.057832
v 0.000124 0.001000 -0.056006
v 0.003316 0.001000 -0.056719
v 0.006281 0.001000 -0.049213
v 0.012490 0.001000 -0.047342
v 0.011429 0.001000 -0.048403
v 0.010609 0.001000 -0.044566
v 0.015931 0.001000 -0.042580
v 0.014937 0.001000 -0.039919
v 0.016924 0.001000 -0.045240
v 0.021252 0.001000 -0.040593
v 0.017900 0.001000 -0.052752
v 0.024304 0.001000 -0.035596
v 0.022919 0.001000 -0.036940
v 0.020258 0.001000 -0.037933
v 0.019762 0.001000 -0.036602
v 0.017323 0.001000 -0.054297
v 0.005900 0.001000 -0.058723
v 0.005277 0.001000 -0.061586
v 0.005278 0.001000 -0.065423
v 0.005623 0.001000 -0.063504
v 0.005902 0.001000 -0.068286
v 0.001562 0.001000 -0.093413
v 0.002058 0.001000 -0.094744
v 0.001913 0.001000 -0.095577
v 0.000728 0.001000 -0.095240
v 0.000976 0.001000 -0.095905
v 0.001628 0.001000 -0.096094
v 0.001180 0.001000 -0.096521
v 0.000624 0.001000 -0.096791
v 0.000040 0.001000 -0.096878
v -0.000354 0.001000 -0.096402
v -0.000544 0.001000 -0.096791
v -0.001101 0.001000 -0.096521
v -0.000602 0.001000 -0.095737
v -0.001548 0.001000 -0.096094
v -0.000851 0.001000 -0.095072
v -0.001099 0.001000 -0.094406
v 0.000124 0.001000 -0.071005
v -0.003069 0.001000 -0.070292
v 0.003316 0.001000 -0.070291
v 0.004361 0.001000 -0.067011
v 0.004359 0.001000 -0.059999
v 0.005233 0.001000 -0.035408
v 0.005040 0.001000 -0.034551
v 0.003976 0.001000 -0.034917
v 0.000322 0.001000 -0.033249
v -0.000174 0.001000 -0.031919
v -0.000671 0.001000 -0.030589
v 0.004012 0.001000 -0.010653
v 0.003019 0.001000 -0.007992
v 0.005040 0.001000 -0.007010
v 0.005180 0.001000 -0.006274
v 0.002523 0.001000 -0.006662
v 0.005625 0.001000 -0.005596
v 0.002026 0.001000 -0.005331
v 0.004687 0.001000 -0.004338
v 0.006303 0.001000 -0.005151
v 0.007347 0.001000 -0.003345
v 0.003482 0.001000 -0.003453
v 0.001832 0.001000 -0.004537
v 0.000040 0.001000 -0.004879
v 0.004566 0.001000 -0.001802
v 0.004908 0.001000 -0.000010
v 0.006354 0.001000 -0.000684
v 0.011675 0.001000 0.001302
v 0.023311 0.001000 0.002614
v 0.012668 0.001000 -0.001359
v 0.004566 0.001000 0.001782
v 0.007040 0.001000 0.004990
v 0.028632 0.001000 0.004600
v 0.034580 0.001000 0.004990
v 0.006303 0.001000 0.005130
v 0.003482 0.001000 0.003432
v 0.001832 0.001000 0.004516
v 0.005625 0.001000 0.005575
v 0.005180 0.001000 0.006253
v 0.005040 0.001000 0.006990
v 0.001388 0.001000 0.012618
v 0.002381 0.001000 0.009958
v 0.003375 0.001000 0.007297
v -0.002443 0.001000 0.006641
v 0.000040 0.001000 0.004858
v -0.001947 0.001000 0.005311
v -0.004607 0.001000 0.004318
v -0.001752 0.001000 0.004516
v -0.003403 0.001000 0.003432
v -0.004487 0.001000 0.001782
v -0.006275 0.001000 0.000664
v -0.004828 0.001000 -0.000010
v -0.006224 0.001000 0.005130
v -0.005546 0.001000 0.005575
v -0.005101 0.001000 0.006253
v -0.002940 0.001000 0.007972
v 0.029625 0.001000 0.001940
v 0.024304 0.001000 -0.000047
v 0.025297 0.001000 -0.002707
v 0.031611 0.001000 -0.003381
v 0.032108 0.001000 -0.004712
v 0.007040 0.001000 -0.005010
v 0.034580 0.001000 -0.005010
v 0.035437 0.001000 -0.005203
v 0.034769 0.001000 -0.003719
v 0.036129 0.001000 -0.005744
v 0.036522 0.001000 -0.006529
v 0.036541 0.001000 -0.007407
v 0.032966 0.001000 -0.017415
v 0.036577 0.001000 -0.016684
v 0.037570 0.001000 -0.019345
v 0.027921 0.001000 -0.025978
v 0.070491 0.001000 -0.010088
v 0.065169 0.001000 -0.012074
v 0.075812 0.001000 -0.008101
v 0.095607 0.001000 -0.001884
v 0.096123 0.001000 -0.001598
v 0.096015 0.001000 -0.001318
v 0.091775 0.001000 -0.002142
v 0.094684 0.001000 -0.001814
v 0.086454 0.001000 -0.004129
v 0.091279 0.001000 -0.000812
v 0.085461 0.001000 -0.001468
v 0.090286 0.001000 0.001849
v 0.090782 0.001000 0.000518
v 0.074819 0.001000 -0.005441
v 0.084468 0.001000 0.001193
v 0.073825 0.001000 -0.002780
v 0.089789 0.001000 0.003179
v 0.071035 0.001000 0.000074
v 0.070321 0.001000 0.003266
v 0.069853 0.001000 0.007862
v 0.068315 0.001000 0.005852
v 0.065452 0.001000 0.005228
v 0.067040 0.001000 0.004311
v 0.063534 0.001000 0.005573
v 0.063539 0.001000 0.008537
v 0.061616 0.001000 0.005227
v 0.060028 0.001000 0.004310
v 0.058753 0.001000 0.005850
v 0.058217 0.001000 0.006550
v 0.056749 0.001000 0.003266
v 0.057224 0.001000 0.009211
v 0.051903 0.001000 0.007224
v 0.046582 0.001000 0.005238
v 0.050910 0.001000 0.009885
v 0.048432 0.001000 0.011379
v 0.056231 0.001000 0.011871
v 0.062545 0.001000 0.011197
v 0.054326 0.001000 0.017273
v 0.068860 0.001000 0.010523
v 0.095607 0.001000 0.001863
v 0.094773 0.001000 0.002008
v 0.095021 0.001000 0.001343
v 0.096123 0.001000 0.001578
v 0.096550 0.001000 0.001130
v 0.095270 0.001000 0.000678
v 0.095518 0.001000 0.000013
v 0.093939 0.001000 0.000181
v 0.096820 0.001000 0.000574
v 0.096907 0.001000 -0.000010
v 0.095766 0.001000 -0.000652
v 0.096820 0.001000 -0.000594
v 0.096550 0.001000 -0.001151
v 0.094436 0.001000 -0.001149
v 0.094188 0.001000 -0.000484
v 0.093691 0.001000 0.000846
v 0.093443 0.001000 0.001512
v 0.070322 0.001000 -0.003119
v 0.068317 0.001000 -0.005705
v 0.065399 0.001000 -0.005102
v 0.067042 0.001000 -0.004164
v 0.069497 0.001000 -0.007427
v 0.017900 0.001000 0.052732
v 0.012490 0.001000 0.047322
v 0.018062 0.001000 0.049156
v 0.012741 0.001000 0.047170
v 0.007420 0.001000 0.045183
v 0.008413 0.001000 0.042523
v 0.003092 0.001000 0.040536
v 0.002099 0.001000 0.043197
v 0.004085 0.001000 0.037876
v -0.002229 0.001000 0.038550
v -0.003222 0.001000 0.041211
v -0.005209 0.001000 0.046532
v 0.005434 0.001000 0.050504
v -0.006202 0.001000 0.049192
v -0.010530 0.001000 0.044545
v 0.006427 0.001000 0.047844
v 0.011429 0.001000 0.048382
v 0.011748 0.001000 0.049830
v 0.010755 0.001000 0.052491
v 0.017323 0.001000 0.054277
v 0.008131 0.001000 0.075762
v 0.014090 0.001000 0.059798
v 0.013097 0.001000 0.062459
v 0.012103 0.001000 0.065119
v 0.001913 0.001000 0.095557
v 0.001628 0.001000 0.096073
v 0.006144 0.001000 0.081083
v -0.000648 0.001000 0.095220
v -0.004498 0.001000 0.077110
v 0.000682 0.001000 0.095716
v 0.000434 0.001000 0.096381
v 0.001180 0.001000 0.096500
v 0.000624 0.001000 0.096770
v 0.000040 0.001000 0.096857
v -0.000544 0.001000 0.096770
v -0.000897 0.001000 0.095885
v -0.001548 0.001000 0.096073
v -0.001101 0.001000 0.096500
v -0.001834 0.001000 0.095557
v -0.017243 0.001000 0.054277
v -0.011349 0.001000 0.048382
v -0.003236 0.001000 0.056699
v -0.005198 0.001000 0.065402
v -0.005822 0.001000 0.068266
v -0.005543 0.001000 0.063484
v -0.005197 0.001000 0.061566
v -0.005821 0.001000 0.058703
v -0.004280 0.001000 0.059978
v -0.002512 0.001000 0.071789
v -0.003237 0.001000 0.070271
v -0.004281 0.001000 0.066990
v -0.000044 0.001000 0.070985
v 0.003149 0.001000 0.070272
v 0.005734 0.001000 0.068267
v 0.005131 0.001000 0.065349
v 0.004194 0.001000 0.066992
v 0.006782 0.001000 0.063133
v 0.005457 0.001000 0.063485
v 0.005131 0.001000 0.061620
v 0.004192 0.001000 0.059977
v 0.007775 0.001000 0.060473
v 0.005733 0.001000 0.058701
v 0.008769 0.001000 0.057812
v 0.003447 0.001000 0.055826
v 0.003148 0.001000 0.056698
v -0.000044 0.001000 0.055985
v -0.012410 0.001000 0.047322
v -0.016844 0.001000 0.045220
v -0.015851 0.001000 0.042559
v -0.068237 0.001000 0.005685
v -0.069418 0.001000 0.007406
v -0.065090 0.001000 0.012053
v -0.065319 0.001000 0.005081
v -0.066962 0.001000 0.004144
v -0.070411 0.001000 0.010067
v -0.075732 0.001000 0.008081
v -0.095527 0.001000 0.001863
v -0.074739 0.001000 0.005420
v -0.086375 0.001000 0.004108
v -0.091199 0.001000 0.000791
v -0.091696 0.001000 0.002122
v -0.085382 0.001000 0.001447
v -0.090703 0.001000 -0.000539
v -0.090206 0.001000 -0.001869
v -0.084388 0.001000 -0.001213
v -0.073746 0.001000 0.002760
v -0.089709 0.001000 -0.003199
v -0.070241 0.001000 -0.003287
v -0.070955 0.001000 -0.000094
v -0.070242 0.001000 0.003099
v -0.069773 0.001000 -0.007883
v -0.068236 0.001000 -0.005872
v -0.065373 0.001000 -0.005248
v -0.066961 0.001000 -0.004331
v -0.063454 0.001000 -0.005593
v -0.061536 0.001000 -0.005247
v -0.063459 0.001000 -0.008557
v -0.062466 0.001000 -0.011218
v -0.058673 0.001000 -0.005871
v -0.068780 0.001000 -0.010543
v -0.058138 0.001000 -0.006571
v -0.051823 0.001000 -0.007245
v -0.057145 0.001000 -0.009231
v -0.056669 0.001000 -0.003286
v -0.095527 0.001000 -0.001884
v -0.094942 0.001000 -0.001363
v -0.094694 0.001000 -0.002029
v -0.096044 0.001000 -0.001598
v -0.095190 0.001000 -0.000698
v -0.096471 0.001000 -0.001151
v -0.096741 0.001000 -0.000594
v -0.095438 0.001000 -0.000033
v -0.096828 0.001000 -0.000010
v -0.095687 0.001000 0.000632
v -0.096741 0.001000 0.000574
v -0.095935 0.001000 0.001297
v -0.096471 0.001000 0.001130
v -0.096044 0.001000 0.001578
v -0.094605 0.001000 0.001794
v -0.094356 0.001000 0.001129
v -0.094108 0.001000 0.000463
v -0.093860 0.001000 -0.000202
v -0.093612 0.001000 -0.000867
v -0.093363 0.001000 -0.001532
v -0.059949 0.001000 -0.004330
v -0.037527 0.001000 -0.004940
v -0.034867 0.001000 -0.003947
v -0.035358 0.001000 -0.005203
v -0.036049 0.001000 -0.005744
v -0.029546 0.001000 -0.001960
v -0.016634 0.001000 -0.036548
v 0.004908 0.001000 -0.000010
v 0.004827 0.001000 0.000876
v 0.004908 -0.001000 -0.000010
v 0.004827 -0.001000 0.000876
v 0.004566 -0.001000 0.001782
v 0.004115 -0.001000 0.002654
v 0.004566 0.001000 0.001782
v 0.004115 0.001000 0.002654
v 0.003482 0.001000 0.003432
v 0.002704 0.001000 0.004064
v 0.003482 -0.001000 0.003432
v 0.002704 -0.001000 0.004064
v 0.001832 -0.001000 0.004516
v 0.000926 -0.001000 0.004777
v 0.001832 0.001000 0.004516
v 0.000926 0.001000 0.004777
v 0.000040 0.001000 0.004858
v -0.000846 0.001000 0.004777
v 0.000040 -0.001000 0.004858
v -0.000846 -0.001000 0.004777
v -0.001752 -0.001000 0.004516
v -0.002624 -0.001000 0.004064
v -0.001752 0.001000 0.004516
v -0.002624 0.001000 0.004064
v -0.003403 0.001000 0.003432
v -0.004035 0.001000 0.002654
v -0.003403 -0.001000 0.003432
v -0.004035 -0.001000 0.002654
v -0.004487 -0.001000 0.001782
v -0.004747 -0.001000 0.000876
v -0.004487 0.001000 0.001782
v -0.004747 0.001000 0.000876
v -0.004828 0.001000 -0.000010
v -0.004828 -0.001000 -0.000010
v -0.004747 0.001000 -0.000896
v -0.004487 0.001000 -0.001802
v -0.004747 -0.001000 -0.000896
v -0.004487 -0.001000 -0.001802
v -0.004035 -0.001000 -0.002674
v -0.003403 -0.001000 -0.003453
v -0.004035 0.001000 -0.002674
v -0.003403 0.001000 -0.003453
v -0.002624 0.001000 -0.004085
v -0.001752 0.001000 -0.004537
v -0.002624 -0.001000 -0.004085
v -0.001752 -0.001000 -0.004537
v -0.000846 -0.001000 -0.004797
v -0.000846 0.001000 -0.004797
v 0.000040 -0.001000 -0.004879
v 0.000040 0.001000 -0.004879
v 0.000926 -0.001000 -0.004797
v 0.000926 0.001000 -0.004797
v 0.001832 -0.001000 -0.004537
v 0.001832 0.001000 -0.004537
v 0.002704 -0.001000 -0.004085
v 0.002704 0.001000 -0.004085
v 0.003482 -0.001000 -0.003453
v 0.004115 -0.001000 -0.002674
v 0.003482 0.001000 -0.003453
v 0.004115 0.001000 -0.002674
v 0.004566 0.001000 -0.001802
v 0.004566 -0.001000 -0.001802
v 0.004827 0.001000 -0.000896
v 0.004827 -0.001000 -0.000896
v 0.004908 0.001000 -0.000010
v 0.004908 -0.001000 -0.000010
v 0.063535 0.001000 -0.005427
v 0.063535 0.000000 -0.005427
v 0.064474 0.001000 -0.005347
v 0.064474 -0.001000 -0.005347
v 0.065399 0.001000 -0.005102
v 0.066267 0.001000 -0.004701
v 0.065399 -0.001000 -0.005102
v 0.066267 -0.001000 -0.004701
v 0.067042 -0.001000 -0.004164
v 0.067042 0.000000 -0.004164
v 0.067042 0.001000 -0.004164
v 0.063535 -0.001000 -0.005427
v 0.067042 0.001000 -0.004164
v 0.068317 0.001000 -0.005705
v 0.067042 0.000000 -0.004164
v 0.067042 -0.001000 -0.004164
v 0.068317 -0.001000 -0.005705
v 0.068317 -0.001000 -0.005705
v 0.068317 0.001000 -0.005705
v 0.069450 -0.001000 -0.004539
v 0.070322 -0.001000 -0.003119
v 0.069450 0.001000 -0.004539
v 0.070322 0.001000 -0.003119
v 0.070859 0.001000 -0.001543
v 0.070859 -0.001000 -0.001543
v 0.071035 0.001000 0.000074
v 0.071035 -0.001000 0.000074
v 0.070858 0.001000 0.001690
v 0.070321 0.001000 0.003266
v 0.070858 -0.001000 0.001690
v 0.070321 -0.001000 0.003266
v 0.069448 -0.001000 0.004686
v 0.068315 -0.001000 0.005852
v 0.069448 0.001000 0.004686
v 0.068315 0.001000 0.005852
v 0.068315 0.001000 0.005852
v 0.068315 -0.001000 0.005852
v 0.067040 0.001000 0.004311
v 0.067040 -0.001000 0.004311
v 0.067040 -0.001000 0.004311
v 0.067040 0.001000 0.004311
v 0.066303 -0.001000 0.004826
v 0.065452 -0.001000 0.005228
v 0.066303 0.001000 0.004826
v 0.065452 0.001000 0.005228
v 0.064516 0.001000 0.005484
v 0.063534 0.001000 0.005573
v 0.064516 -0.001000 0.005484
v 0.063534 -0.001000 0.005573
v 0.062552 -0.001000 0.005484
v 0.061616 -0.001000 0.005227
v 0.062552 0.001000 0.005484
v 0.061616 0.001000 0.005227
v 0.060765 0.001000 0.004824
v 0.060028 0.001000 0.004310
v 0.060765 -0.001000 0.004824
v 0.060028 -0.001000 0.004310
v 0.060028 0.001000 0.004310
v 0.060028 -0.001000 0.004310
v 0.058753 0.001000 0.005850
v 0.058753 -0.001000 0.005850
v 0.058753 0.001000 0.005850
v 0.057621 0.001000 0.004684
v 0.058753 -0.001000 0.005850
v 0.057621 -0.001000 0.004684
v 0.056749 -0.001000 0.003266
v 0.056211 -0.001000 0.001689
v 0.056749 0.001000 0.003266
v 0.056211 0.001000 0.001689
v 0.056035 0.001000 0.000074
v 0.056211 0.001000 -0.001542
v 0.056035 -0.001000 0.000074
v 0.056211 -0.001000 -0.001542
v 0.056748 -0.001000 -0.003118
v 0.057619 -0.001000 -0.004537
v 0.056748 0.001000 -0.003118
v 0.057619 0.001000 -0.004537
v 0.058751 0.000000 -0.005704
v 0.058751 0.001000 -0.005704
v 0.058751 -0.001000 -0.005704
v 0.060027 0.001000 -0.004163
v 0.060027 0.000000 -0.004163
v 0.058751 0.001000 -0.005704
v 0.058751 0.000000 -0.005704
v 0.058751 -0.001000 -0.005704
v 0.060027 -0.001000 -0.004163
v 0.060027 0.001000 -0.004163
v 0.060027 0.000000 -0.004163
v 0.060802 0.001000 -0.004700
v 0.061670 0.001000 -0.005102
v 0.060802 -0.001000 -0.004700
v 0.060027 -0.001000 -0.004163
v 0.061670 -0.001000 -0.005102
v 0.062596 -0.001000 -0.005346
v 0.063535 -0.001000 -0.005427
v 0.063535 0.000000 -0.005427
v 0.062596 0.001000 -0.005346
v 0.063535 0.001000 -0.005427
v -0.005377 0.001000 -0.063506
v -0.005377 0.000000 -0.063506
v -0.005297 0.001000 -0.064444
v -0.005297 -0.001000 -0.064444
v -0.005052 0.001000 -0.065369
v -0.005052 -0.001000 -0.065369
v -0.004651 0.001000 -0.066237
v -0.004114 0.001000 -0.067012
v -0.004651 -0.001000 -0.066237
v -0.004114 -0.001000 -0.067012
v -0.005377 -0.001000 -0.063506
v -0.004114 0.001000 -0.067012
v -0.004114 -0.001000 -0.067012
v -0.005655 0.001000 -0.068287
v -0.005655 -0.001000 -0.068287
v -0.005655 -0.001000 -0.068287
v -0.005655 0.001000 -0.068287
v -0.004489 -0.001000 -0.069420
v -0.003069 -0.001000 -0.070292
v -0.004489 0.001000 -0.069420
v -0.003069 0.001000 -0.070292
v -0.001493 0.001000 -0.070829
v -0.001493 -0.001000 -0.070829
v 0.000124 0.001000 -0.071005
v 0.000124 -0.001000 -0.071005
v 0.001740 0.001000 -0.070829
v 0.003316 0.001000 -0.070291
v 0.001740 -0.001000 -0.070829
v 0.003316 -0.001000 -0.070291
v 0.004736 -0.001000 -0.069419
v 0.005902 -0.001000 -0.068286
v 0.004736 0.001000 -0.069419
v 0.005902 0.001000 -0.068286
v 0.005902 0.001000 -0.068286
v 0.005902 -0.001000 -0.068286
v 0.004361 0.001000 -0.067011
v 0.004361 -0.001000 -0.067011
v 0.004361 0.001000 -0.067011
v 0.004875 0.001000 -0.066273
v 0.004361 -0.001000 -0.067011
v 0.004875 -0.001000 -0.066273
v 0.005278 -0.001000 -0.065423
v 0.005278 0.001000 -0.065423
v 0.005534 -0.001000 -0.064487
v 0.005623 -0.001000 -0.063504
v 0.005534 0.001000 -0.064487
v 0.005623 0.001000 -0.063504
v 0.005534 0.001000 -0.062522
v 0.005534 -0.001000 -0.062522
v 0.005277 0.001000 -0.061586
v 0.005277 -0.001000 -0.061586
v 0.004874 0.001000 -0.060736
v 0.004359 0.000000 -0.059999
v 0.004359 0.001000 -0.059999
v 0.004874 -0.001000 -0.060736
v 0.004359 -0.001000 -0.059999
v 0.004359 0.001000 -0.059999
v 0.004359 0.000000 -0.059999
v 0.005900 0.001000 -0.058723
v 0.005900 0.000000 -0.058723
v 0.005900 -0.001000 -0.058723
v 0.004359 -0.001000 -0.059999
v 0.005900 0.001000 -0.058723
v 0.004734 0.001000 -0.057591
v 0.005900 0.000000 -0.058723
v 0.005900 -0.001000 -0.058723
v 0.004734 -0.001000 -0.057591
v 0.003316 -0.001000 -0.056719
v 0.001739 -0.001000 -0.056182
v 0.003316 0.001000 -0.056719
v 0.001739 0.001000 -0.056182
v 0.000124 0.001000 -0.056006
v 0.000124 -0.001000 -0.056006
v -0.001492 0.001000 -0.056181
v -0.003068 0.001000 -0.056718
v -0.001492 -0.001000 -0.056181
v -0.003068 -0.001000 -0.056718
v -0.004487 -0.001000 -0.057590
v -0.005654 -0.001000 -0.058722
v -0.004487 0.001000 -0.057590
v -0.005654 0.000000 -0.058722
v -0.005654 0.001000 -0.058722
v -0.004113 0.001000 -0.059997
v -0.004113 0.000000 -0.059997
v -0.005654 0.001000 -0.058722
v -0.005654 0.000000 -0.058722
v -0.005654 -0.001000 -0.058722
v -0.004113 -0.001000 -0.059997
v -0.004113 0.001000 -0.059997
v -0.004113 0.000000 -0.059997
v -0.004650 0.001000 -0.060772
v -0.004650 -0.001000 -0.060772
v -0.005052 0.001000 -0.061641
v -0.005052 -0.001000 -0.061641
v -0.005297 0.001000 -0.062566
v -0.005297 -0.001000 -0.062566
v -0.005377 0.001000 -0.063506
v -0.005377 0.000000 -0.063506
v -0.005377 -0.001000 -0.063506
v -0.004113 -0.001000 -0.059997
v -0.063456 0.001000 0.005407
v -0.063456 -0.000000 0.005407
v -0.064394 0.001000 0.005326
v -0.064394 -0.001000 0.005326
v -0.065319 0.001000 0.005081
v -0.065319 -0.001000 0.005081
v -0.066187 0.001000 0.004680
v -0.066962 0.001000 0.004144
v -0.066187 -0.001000 0.004680
v -0.066962 -0.001000 0.004144
v -0.063456 -0.001000 0.005407
v -0.066962 0.001000 0.004144
v -0.066962 -0.001000 0.004144
v -0.068237 0.001000 0.005685
v -0.068237 -0.000000 0.005685
v -0.068237 -0.001000 0.005685
v -0.068237 0.001000 0.005685
v -0.068237 -0.000000 0.005685
v -0.069370 0.001000 0.004518
v -0.069370 -0.001000 0.004518
v -0.070242 0.001000 0.003099
v -0.070242 -0.001000 0.003099
v -0.070779 0.001000 0.001522
v -0.070955 0.001000 -0.000094
v -0.070779 -0.001000 0.001522
v -0.070955 -0.001000 -0.000094
v -0.070779 -0.001000 -0.001710
v -0.070241 -0.001000 -0.003287
v -0.070779 0.001000 -0.001710
v -0.070241 0.001000 -0.003287
v -0.069369 0.001000 -0.004706
v -0.068236 0.000000 -0.005872
v -0.068236 0.001000 -0.005872
v -0.069369 -0.001000 -0.004706
v -0.068236 -0.001000 -0.005872
v -0.068237 -0.001000 0.005685
v -0.068236 0.001000 -0.005872
v -0.068236 0.000000 -0.005872
v -0.066961 0.001000 -0.004331
v -0.066961 0.000000 -0.004331
v -0.066961 -0.001000 -0.004331
v -0.068236 -0.001000 -0.005872
v -0.066961 0.001000 -0.004331
v -0.066961 0.000000 -0.004331
v -0.066223 0.001000 -0.004846
v -0.066223 -0.001000 -0.004846
v -0.065373 0.001000 -0.005248
v -0.065373 -0.001000 -0.005248
v -0.064437 0.001000 -0.005505
v -0.064437 -0.001000 -0.005505
v -0.063454 0.001000 -0.005593
v -0.063454 -0.001000 -0.005593
v -0.062472 0.001000 -0.005504
v -0.061536 0.001000 -0.005247
v -0.062472 -0.001000 -0.005504
v -0.061536 -0.001000 -0.005247
v -0.060686 -0.001000 -0.004845
v -0.059949 -0.001000 -0.004330
v -0.060686 0.001000 -0.004845
v -0.059949 0.000000 -0.004330
v -0.059949 0.001000 -0.004330
v -0.066961 -0.001000 -0.004331
v -0.059949 0.001000 -0.004330
v -0.058673 0.001000 -0.005871
v -0.059949 0.000000 -0.004330
v -0.059949 -0.001000 -0.004330
v -0.058673 -0.001000 -0.005871
v -0.058673 -0.001000 -0.005871
v -0.058673 0.001000 -0.005871
v -0.057541 -0.001000 -0.004705
v -0.056669 -0.001000 -0.003286
v -0.057541 0.001000 -0.004705
v -0.056669 0.001000 -0.003286
v -0.056132 0.001000 -0.001710
v -0.056132 -0.001000 -0.001710
v -0.055956 0.001000 -0.000094
v -0.055956 -0.001000 -0.000094
v -0.056131 0.001000 0.001522
v -0.056668 0.001000 0.003098
v -0.056131 -0.001000 0.001522
v -0.056668 -0.001000 0.003098
v -0.057540 -0.001000 0.004517
v -0.058672 -0.001000 0.005683
v -0.057540 0.001000 0.004517
v -0.058672 0.001000 0.005683
v -0.058672 0.001000 0.005683
v -0.058672 -0.001000 0.005683
v -0.059947 0.001000 0.004142
v -0.059947 -0.001000 0.004142
v -0.059947 -0.001000 0.004142
v -0.059947 0.001000 0.004142
v -0.060722 -0.001000 0.004679
v -0.061591 -0.001000 0.005081
v -0.060722 0.001000 0.004679
v -0.061591 0.001000 0.005081
v -0.062516 0.001000 0.005326
v -0.063456 0.001000 0.005407
v -0.063456 -0.000000 0.005407
v -0.062516 -0.001000 0.005326
v -0.063456 -0.001000 0.005407
v 0.005457 0.001000 0.063485
v 0.005457 -0.000000 0.063485
v 0.005376 0.001000 0.064424
v 0.005376 -0.001000 0.064424
v 0.005131 0.001000 0.065349
v 0.004730 0.001000 0.066217
v 0.005131 -0.001000 0.065349
v 0.004730 -0.001000 0.066217
v 0.004194 -0.001000 0.066992
v 0.004194 -0.000000 0.066992
v 0.004194 0.001000 0.066992
v 0.005457 -0.001000 0.063485
v 0.004194 0.001000 0.066992
v 0.005734 0.001000 0.068267
v 0.004194 -0.000000 0.066992
v 0.004194 -0.001000 0.066992
v 0.005734 -0.001000 0.068267
v 0.005734 -0.001000 0.068267
v 0.005734 0.001000 0.068267
v 0.004568 -0.001000 0.069400
v 0.003149 -0.001000 0.070272
v 0.004568 0.001000 0.069400
v 0.003149 0.001000 0.070272
v 0.001572 0.001000 0.070809
v -0.000044 0.001000 0.070985
v 0.001572 -0.001000 0.070809
v -0.000044 -0.001000 0.070985
v -0.001660 -0.001000 0.070808
v -0.003237 -0.001000 0.070271
v -0.001660 0.001000 0.070808
v -0.003237 0.001000 0.070271
v -0.004656 0.001000 0.069398
v -0.005822 0.001000 0.068266
v -0.004656 -0.001000 0.069398
v -0.005822 -0.001000 0.068266
v -0.005822 0.001000 0.068266
v -0.005822 -0.001000 0.068266
v -0.004281 0.001000 0.066990
v -0.004281 -0.001000 0.066990
v -0.004281 -0.001000 0.066990
v -0.004281 0.001000 0.066990
v -0.004796 -0.001000 0.066253
v -0.005198 -0.001000 0.065402
v -0.004796 0.001000 0.066253
v -0.005198 0.001000 0.065402
v -0.005455 0.001000 0.064466
v -0.005455 -0.001000 0.064466
v -0.005543 0.001000 0.063484
v -0.005543 -0.001000 0.063484
v -0.005454 0.001000 0.062502
v -0.005197 0.001000 0.061566
v -0.005454 -0.001000 0.062502
v -0.005197 -0.001000 0.061566
v -0.004795 -0.001000 0.060716
v -0.004280 -0.001000 0.059978
v -0.004795 0.001000 0.060716
v -0.004280 0.001000 0.059978
v -0.004280 0.001000 0.059978
v -0.004280 -0.001000 0.059978
v -0.005821 0.001000 0.058703
v -0.005821 -0.001000 0.058703
v -0.005821 0.001000 0.058703
v -0.004655 0.001000 0.057571
v -0.005821 -0.001000 0.058703
v -0.004655 -0.001000 0.057571
v -0.003236 -0.001000 0.056699
v -0.003236 0.001000 0.056699
v -0.001660 -0.001000 0.056161
v -0.000044 -0.001000 0.055985
v -0.001660 0.001000 0.056161
v -0.000044 0.001000 0.055985
v 0.001572 0.001000 0.056161
v 0.001572 -0.001000 0.056161
v 0.003148 0.001000 0.056698
v 0.003148 -0.001000 0.056698
v 0.004567 0.001000 0.057569
v 0.005733 -0.000000 0.058701
v 0.005733 0.001000 0.058701
v 0.004567 -0.001000 0.057569
v 0.005733 -0.001000 0.058701
v 0.005733 0.001000 0.058701
v 0.004192 0.001000 0.059977
v 0.005733 -0.000000 0.058701
v 0.005733 -0.001000 0.058701
v 0.004192 -0.001000 0.059977
v 0.004192 0.001000 0.059977
v 0.004729 0.001000 0.060752
v 0.004192 -0.001000 0.059977
v 0.004729 -0.001000 0.060752
v 0.005131 -0.001000 0.061620
v 0.005376 -0.001000 0.062546
v 0.005131 0.001000 0.061620
v 0.005376 0.001000 0.062546
v 0.005457 0.001000 0.063485
v 0.005457 -0.000000 0.063485
v 0.005457 -0.001000 0.063485
v -0.007357 -0.001000 -0.036511
v -0.007357 0.000000 -0.036511
v -0.006476 -0.001000 -0.036491
v -0.006476 0.001000 -0.036491
v -0.005694 -0.001000 -0.036099
v -0.005694 0.001000 -0.036099
v -0.005151 -0.001000 -0.035405
v -0.005151 0.001000 -0.035405
v -0.004960 -0.001000 -0.034551
v -0.004960 0.001000 -0.034551
v -0.007357 0.001000 -0.036511
v -0.004960 -0.001000 -0.034551
v -0.004960 0.001000 -0.034551
v -0.004960 -0.001000 -0.007010
v -0.004960 0.001000 -0.007010
v -0.004960 -0.001000 -0.007010
v -0.005110 -0.001000 -0.006250
v -0.004960 0.001000 -0.007010
v -0.005110 0.001000 -0.006250
v -0.005561 0.001000 -0.005581
v -0.005561 -0.001000 -0.005581
v -0.006233 0.001000 -0.005147
v -0.006233 -0.001000 -0.005147
v -0.006960 0.001000 -0.005010
v -0.006960 -0.001000 -0.005010
v -0.006960 -0.001000 -0.005010
v -0.006960 0.001000 -0.005010
v -0.034501 -0.001000 -0.005010
v -0.034501 0.001000 -0.005010
v -0.034501 -0.001000 -0.005010
v -0.035884 -0.001000 -0.009833
v -0.034501 0.001000 -0.005010
v -0.035884 0.001000 -0.009833
v -0.033976 0.001000 -0.015175
v -0.033976 -0.001000 -0.015175
v -0.031116 0.001000 -0.020415
v -0.031116 -0.001000 -0.020415
v -0.027440 0.001000 -0.025148
v -0.027440 -0.001000 -0.025148
v -0.023035 0.001000 -0.029244
v -0.023035 -0.001000 -0.029244
v -0.018078 0.001000 -0.032549
v -0.018078 -0.001000 -0.032549
v -0.012779 0.000000 -0.034977
v -0.012779 0.001000 -0.034977
v -0.010071 0.001000 -0.035854
v -0.007357 0.001000 -0.036511
v -0.010071 0.000000 -0.035854
v -0.007357 0.000000 -0.036511
v -0.010071 -0.001000 -0.035854
v -0.007357 -0.001000 -0.036511
v -0.012779 -0.001000 -0.034977
v -0.007357 -0.001000 0.036491
v -0.010159 -0.001000 0.035809
v -0.007357 -0.000000 0.036491
v -0.007357 0.001000 0.036491
v -0.010159 -0.000000 0.035809
v -0.012954 -0.000000 0.034892
v -0.010159 0.001000 0.035809
v -0.012954 0.001000 0.034892
v -0.018322 0.001000 0.032392
v -0.018322 -0.001000 0.032392
v -0.023275 0.001000 0.029032
v -0.023275 -0.001000 0.029032
v -0.027647 0.001000 0.024899
v -0.031282 0.001000 0.020139
v -0.027647 -0.001000 0.024899
v -0.031282 -0.001000 0.020139
v -0.034066 -0.001000 0.014950
v -0.034066 0.001000 0.014950
v -0.035955 -0.001000 0.009552
v -0.035955 0.001000 0.009552
v -0.034501 -0.001000 0.004990
v -0.034501 0.001000 0.004990
v -0.012954 -0.001000 0.034892
v -0.034501 -0.001000 0.004990
v -0.034501 0.001000 0.004990
v -0.006960 -0.001000 0.004990
v -0.006960 0.001000 0.004990
v -0.006960 -0.001000 0.004990
v -0.006200 -0.001000 0.005140
v -0.006960 0.001000 0.004990
v -0.006200 0.001000 0.005140
v -0.005531 0.001000 0.005590
v -0.005531 -0.001000 0.005590
v -0.005097 0.001000 0.006263
v -0.005097 -0.001000 0.006263
v -0.004960 0.001000 0.006990
v -0.004960 -0.001000 0.006990
v -0.004960 -0.001000 0.006990
v -0.004960 0.001000 0.006990
v -0.004960 -0.001000 0.034530
v -0.004960 0.001000 0.034530
v -0.004960 -0.001000 0.034530
v -0.005154 -0.001000 0.035390
v -0.004960 0.001000 0.034530
v -0.005154 0.001000 0.035390
v -0.005694 0.001000 0.036079
v -0.005694 -0.001000 0.036079
v -0.006483 0.001000 0.036473
v -0.006483 -0.001000 0.036473
v -0.007357 0.001000 0.036491
v -0.007357 -0.000000 0.036491
v -0.007357 -0.001000 0.036491
v 0.007040 -0.001000 -0.005010
v 0.006280 -0.001000 -0.005160
v 0.007040 0.001000 -0.005010
v 0.006280 0.001000 -0.005160
v 0.005611 0.001000 -0.005611
v 0.005177 0.001000 -0.006283
v 0.005611 -0.001000 -0.005611
v 0.005177 -0.001000 -0.006283
v 0.005040 -0.001000 -0.007010
v 0.005040 0.001000 -0.007010
v 0.005040 -0.001000 -0.007010
v 0.005040 0.001000 -0.007010
v 0.005040 -0.001000 -0.034551
v 0.005040 0.001000 -0.034551
v 0.005040 -0.001000 -0.034551
v 0.008100 -0.001000 -0.036370
v 0.005040 0.001000 -0.034551
v 0.008100 0.001000 -0.036370
v 0.012116 0.001000 -0.035241
v 0.012116 -0.001000 -0.035241
v 0.016014 0.001000 -0.033653
v 0.019739 0.001000 -0.031617
v 0.016014 -0.001000 -0.033653
v 0.019739 -0.001000 -0.031617
v 0.023274 -0.001000 -0.029117
v 0.023274 0.001000 -0.029117
v 0.026483 -0.001000 -0.026236
v 0.026483 0.001000 -0.026236
v 0.029337 -0.001000 -0.023004
v 0.029337 0.001000 -0.023004
v 0.031782 -0.001000 -0.019489
v 0.031782 0.001000 -0.019489
v 0.033784 -0.001000 -0.015769
v 0.033784 0.001000 -0.015769
v 0.035325 -0.001000 -0.011924
v 0.035325 0.001000 -0.011924
v 0.036408 -0.001000 -0.008035
v 0.036408 0.001000 -0.008035
v 0.034580 -0.001000 -0.005010
v 0.034580 0.001000 -0.005010
v 0.034580 -0.001000 -0.005010
v 0.034580 0.001000 -0.005010
v 0.007040 -0.001000 -0.005010
v 0.007040 0.001000 -0.005010
v 0.034580 -0.001000 0.004990
v 0.036400 -0.001000 0.008050
v 0.034580 0.001000 0.004990
v 0.036400 0.001000 0.008050
v 0.035270 0.001000 0.012066
v 0.035270 -0.001000 0.012066
v 0.033683 0.001000 0.015964
v 0.033683 -0.001000 0.015964
v 0.031646 0.001000 0.019689
v 0.029146 0.001000 0.023224
v 0.031646 -0.001000 0.019689
v 0.029146 -0.001000 0.023224
v 0.026265 -0.001000 0.026433
v 0.026265 0.001000 0.026433
v 0.023033 -0.001000 0.029287
v 0.023033 0.001000 0.029287
v 0.019519 -0.001000 0.031733
v 0.019519 0.001000 0.031733
v 0.015798 -0.001000 0.033734
v 0.015798 0.001000 0.033734
v 0.011954 -0.001000 0.035275
v 0.011954 0.001000 0.035275
v 0.008065 -0.001000 0.036358
v 0.008065 0.001000 0.036358
v 0.005040 -0.001000 0.034530
v 0.005040 0.001000 0.034530
v 0.005040 -0.001000 0.034530
v 0.005040 0.001000 0.034530
v 0.005040 -0.001000 0.006990
v 0.005040 0.001000 0.006990
v 0.005040 -0.001000 0.006990
v 0.005190 -0.001000 0.006230
v 0.005040 0.001000 0.006990
v 0.005190 0.001000 0.006230
v 0.005640 0.001000 0.005561
v 0.005640 -0.001000 0.005561
v 0.006313 0.001000 0.005126
v 0.006313 -0.001000 0.005126
v 0.007040 0.001000 0.004990
v 0.007040 -0.001000 0.004990
v 0.007040 -0.001000 0.004990
v 0.007040 0.001000 0.004990
v 0.034580 -0.001000 0.004990
v 0.034580 0.001000 0.004990
v 0.017323 -0.001000 -0.054297
v 0.017323 0.001000 -0.054297
v 0.001913 -0.001000 -0.095577
v 0.001913 0.001000 -0.095577
v 0.001913 -0.001000 -0.095577
v 0.001621 -0.001000 -0.096103
v 0.001913 0.001000 -0.095577
v 0.001621 0.001000 -0.096103
v 0.001173 0.001000 -0.096526
v 0.001173 -0.001000 -0.096526
v 0.000619 0.001000 -0.096792
v 0.000619 -0.001000 -0.096792
v 0.000040 0.001000 -0.096878
v -0.000555 0.001000 -0.096787
v 0.000040 -0.001000 -0.096878
v -0.000555 -0.001000 -0.096787
v -0.001108 -0.001000 -0.096516
v -0.001108 0.001000 -0.096516
v -0.001551 -0.001000 -0.096090
v -0.001551 0.001000 -0.096090
v -0.001834 -0.001000 -0.095577
v -0.001834 0.001000 -0.095577
v -0.017820 -0.001000 -0.052752
v -0.017820 0.001000 -0.052752
v -0.024224 -0.001000 -0.035596
v -0.024224 0.001000 -0.035596
v -0.024224 -0.001000 -0.035596
v -0.024224 0.001000 -0.035596
v -0.024882 -0.001000 -0.034380
v -0.024882 0.001000 -0.034380
v -0.025845 -0.001000 -0.033394
v -0.025845 0.000000 -0.033394
v -0.025845 0.001000 -0.033394
v -0.025845 -0.001000 -0.033394
v -0.025845 0.000000 -0.033394
v -0.027891 -0.001000 -0.031701
v -0.027891 0.000000 -0.031701
v -0.029832 -0.001000 -0.029879
v -0.029832 0.000000 -0.029879
v -0.031652 -0.001000 -0.027940
v -0.033344 -0.001000 -0.025895
v -0.031652 0.000000 -0.027940
v -0.031652 0.001000 -0.027940
v -0.033344 0.000000 -0.025895
v -0.033344 0.001000 -0.025895
v -0.029832 0.001000 -0.029879
v -0.027891 0.001000 -0.031701
v -0.025845 0.001000 -0.033394
v -0.033344 -0.001000 -0.025895
v -0.034334 -0.001000 -0.024930
v -0.033344 0.000000 -0.025895
v -0.033344 0.001000 -0.025895
v -0.034334 0.001000 -0.024930
v -0.035546 0.001000 -0.024274
v -0.035546 -0.001000 -0.024274
v -0.054247 -0.001000 -0.017293
v -0.059407 -0.000500 -0.015367
v -0.059407 -0.001000 -0.015367
v -0.059407 0.000000 -0.015367
v -0.054247 0.001000 -0.017293
v -0.059407 0.000500 -0.015367
v -0.059407 0.001000 -0.015367
v -0.064567 0.001000 -0.013441
v -0.064567 0.000500 -0.013441
v -0.074887 0.001000 -0.009589
v -0.074887 0.000000 -0.009589
v -0.085207 0.000500 -0.005736
v -0.085207 0.001000 -0.005736
v -0.090367 0.001000 -0.003810
v -0.095527 0.001000 -0.001884
v -0.090367 0.000500 -0.003810
v -0.090367 0.000000 -0.003810
v -0.085207 0.000000 -0.005736
v -0.090367 -0.000500 -0.003810
v -0.095527 -0.001000 -0.001884
v -0.090367 -0.001000 -0.003810
v -0.085207 -0.001000 -0.005736
v -0.085207 -0.000500 -0.005736
v -0.074887 -0.001000 -0.009589
v -0.064567 -0.000500 -0.013441
v -0.064567 -0.001000 -0.013441
v -0.064567 0.000000 -0.013441
v -0.095527 -0.001000 -0.001884
v -0.096053 -0.001000 -0.001591
v -0.095527 0.001000 -0.001884
v -0.096053 0.001000 -0.001591
v -0.096476 0.001000 -0.001143
v -0.096476 -0.001000 -0.001143
v -0.096742 0.001000 -0.000590
v -0.096742 -0.001000 -0.000590
v -0.096828 0.001000 -0.000010
v -0.096828 -0.001000 -0.000010
v -0.096737 0.001000 0.000585
v -0.096466 0.001000 0.001138
v -0.096737 -0.001000 0.000585
v -0.096466 -0.001000 0.001138
v -0.096040 -0.001000 0.001580
v -0.096040 0.001000 0.001580
v -0.095527 -0.001000 0.001863
v -0.095527 0.001000 0.001863
v -0.052702 -0.001000 0.017850
v -0.048413 -0.000000 0.019451
v -0.048413 -0.001000 0.019451
v -0.052702 0.001000 0.017850
v -0.048413 0.001000 0.019451
v -0.044124 0.001000 0.021052
v -0.044124 -0.000000 0.021052
v -0.039835 0.001000 0.022653
v -0.035546 0.001000 0.024254
v -0.039835 -0.000000 0.022653
v -0.035546 -0.001000 0.024254
v -0.039835 -0.001000 0.022653
v -0.044124 -0.001000 0.021052
v -0.035546 -0.001000 0.024254
v -0.035546 0.001000 0.024254
v -0.034330 -0.001000 0.024912
v -0.034330 0.001000 0.024912
v -0.033344 -0.000000 0.025874
v -0.033344 -0.001000 0.025874
v -0.033344 0.001000 0.025874
v -0.033344 -0.001000 0.025874
v -0.031651 -0.000500 0.027920
v -0.031651 -0.001000 0.027920
v -0.033344 -0.000000 0.025874
v -0.033344 0.001000 0.025874
v -0.031651 -0.000000 0.027920
v -0.031651 0.000500 0.027920
v -0.029830 0.000500 0.029860
v -0.031651 0.001000 0.027920
v -0.029830 0.001000 0.029860
v -0.027891 0.001000 0.031681
v -0.027891 0.000500 0.031681
v -0.025845 0.001000 0.033373
v -0.025845 -0.000000 0.033373
v -0.027891 -0.000500 0.031681
v -0.027891 -0.000000 0.031681
v -0.025845 -0.001000 0.033373
v -0.027891 -0.001000 0.031681
v -0.029830 -0.001000 0.029860
v -0.029830 -0.000500 0.029860
v -0.029830 -0.000000 0.029860
v -0.025845 -0.001000 0.033373
v -0.024880 -0.001000 0.034363
v -0.025845 -0.000000 0.033373
v -0.025845 0.001000 0.033373
v -0.024880 0.001000 0.034363
v -0.024224 0.001000 0.035576
v -0.024224 -0.001000 0.035576
v -0.017243 -0.001000 0.054277
v -0.017243 0.001000 0.054277
v -0.001834 -0.001000 0.095557
v -0.001834 0.001000 0.095557
v -0.001834 -0.001000 0.095557
v -0.001541 -0.001000 0.096082
v -0.001834 0.001000 0.095557
v -0.001541 0.001000 0.096082
v -0.001093 0.001000 0.096506
v -0.000540 0.001000 0.096772
v -0.001093 -0.001000 0.096506
v -0.000540 -0.001000 0.096772
v 0.000040 -0.001000 0.096857
v 0.000040 0.001000 0.096857
v 0.000635 -0.001000 0.096767
v 0.000635 0.001000 0.096767
v 0.001188 -0.001000 0.096495
v 0.001188 0.001000 0.096495
v 0.001630 -0.001000 0.096070
v 0.001630 0.001000 0.096070
v 0.001913 -0.001000 0.095557
v 0.001913 0.001000 0.095557
v 0.017900 -0.001000 0.052732
v 0.017900 0.001000 0.052732
v 0.024304 -0.001000 0.035576
v 0.024304 0.001000 0.035576
v 0.024304 -0.001000 0.035576
v 0.024304 0.001000 0.035576
v 0.024962 -0.001000 0.034360
v 0.024962 0.001000 0.034360
v 0.025924 -0.001000 0.033373
v 0.025924 -0.000000 0.033373
v 0.025924 0.001000 0.033373
v 0.025924 -0.001000 0.033373
v 0.027970 -0.000500 0.031681
v 0.025924 -0.000000 0.033373
v 0.027970 -0.001000 0.031681
v 0.029910 -0.001000 0.029860
v 0.029910 -0.000500 0.029860
v 0.031731 -0.001000 0.027920
v 0.031731 -0.000500 0.027920
v 0.033423 -0.001000 0.025874
v 0.033423 -0.000000 0.025874
v 0.033423 0.001000 0.025874
v 0.031731 -0.000000 0.027920
v 0.031731 0.000500 0.027920
v 0.029910 0.000500 0.029860
v 0.031731 0.001000 0.027920
v 0.029910 0.001000 0.029860
v 0.027970 0.001000 0.031681
v 0.025924 0.001000 0.033373
v 0.027970 0.000500 0.031681
v 0.027970 -0.000000 0.031681
v 0.029910 -0.000000 0.029860
v 0.033423 -0.001000 0.025874
v 0.034413 -0.001000 0.024909
v 0.033423 -0.000000 0.025874
v 0.034413 0.001000 0.024909
v 0.033423 0.001000 0.025874
v 0.035626 0.001000 0.024254
v 0.035626 -0.001000 0.024254
v 0.054326 -0.001000 0.017273
v 0.059487 -0.000500 0.015347
v 0.059487 -0.001000 0.015347
v 0.059487 -0.000000 0.015347
v 0.054326 0.001000 0.017273
v 0.059487 0.000500 0.015347
v 0.059487 0.001000 0.015347
v 0.064647 0.001000 0.013421
v 0.064647 0.000500 0.013421
v 0.074967 0.001000 0.009568
v 0.074967 -0.000000 0.009568
v 0.085287 0.000500 0.005716
v 0.085287 0.001000 0.005716
v 0.090447 0.001000 0.003790
v 0.095607 0.001000 0.001863
v 0.090447 0.000500 0.003790
v 0.090447 -0.000000 0.003790
v 0.095607 -0.001000 0.001863
v 0.085287 -0.000000 0.005716
v 0.090447 -0.000500 0.003790
v 0.090447 -0.001000 0.003790
v 0.085287 -0.000500 0.005716
v 0.085287 -0.001000 0.005716
v 0.074967 -0.001000 0.009568
v 0.064647 -0.000500 0.013421
v 0.064647 -0.001000 0.013421
v 0.064647 -0.000000 0.013421
v 0.052782 -0.001000 -0.017870
v 0.052782 0.001000 -0.017870
v 0.035626 -0.001000 -0.024274
v 0.035626 0.001000 -0.024274
v 0.035626 -0.001000 -0.024274
v 0.035626 0.001000 -0.024274
v 0.034410 -0.001000 -0.024932
v 0.034410 0.001000 -0.024932
v 0.033423 0.000000 -0.025895
v 0.033423 -0.001000 -0.025895
v 0.033423 0.001000 -0.025895
v 0.033423 -0.001000 -0.025895
v 0.031731 -0.000500 -0.027941
v 0.031731 -0.001000 -0.027941
v 0.033423 0.000000 -0.025895
v 0.031731 0.000000 -0.027941
v 0.031731 0.000500 -0.027941
v 0.033423 0.001000 -0.025895
v 0.031731 0.001000 -0.027941
v 0.029910 0.001000 -0.029880
v 0.027970 0.001000 -0.031701
v 0.029910 0.000500 -0.029880
v 0.029910 0.000000 -0.029880
v 0.027970 0.000500 -0.031701
v 0.025924 0.000000 -0.033394
v 0.027970 0.000000 -0.031701
v 0.025924 0.001000 -0.033394
v 0.027970 -0.000500 -0.031701
v 0.029910 -0.000500 -0.029880
v 0.027970 -0.001000 -0.031701
v 0.025924 -0.001000 -0.033394
v 0.029910 -0.001000 -0.029880
v 0.025924 -0.001000 -0.033394
v 0.024959 -0.001000 -0.034384
v 0.025924 0.000000 -0.033394
v 0.025924 0.001000 -0.033394
v 0.024959 0.001000 -0.034384
v 0.024304 0.001000 -0.035596
v 0.024304 -0.001000 -0.035596
v -0.047292 0.001000 0.012439
v -0.047292 -0.001000 0.012439
v -0.052702 0.001000 0.017850
v -0.052702 -0.001000 0.017850
v -0.095527 -0.001000 0.001863
v -0.090367 -0.000500 0.003790
v -0.090367 -0.001000 0.003790
v -0.090367 -0.000000 0.003790
v -0.095527 0.001000 0.001863
v -0.090367 0.000500 0.003790
v -0.090367 0.001000 0.003790
v -0.085207 0.001000 0.005716
v -0.085207 0.000500 0.005716
v -0.074887 0.001000 0.009568
v -0.074887 -0.000000 0.009568
v -0.064567 0.000500 0.013421
v -0.064567 0.001000 0.013421
v -0.059407 0.001000 0.015347
v -0.054247 0.001000 0.017273
v -0.059407 0.000500 0.015347
v -0.059407 -0.000000 0.015347
v -0.059407 -0.000500 0.015347
v -0.054247 -0.001000 0.017273
v -0.064567 -0.000000 0.013421
v -0.064567 -0.000500 0.013421
v -0.074887 -0.001000 0.009568
v -0.064567 -0.001000 0.013421
v -0.059407 -0.001000 0.015347
v -0.085207 -0.000500 0.005716
v -0.085207 -0.001000 0.005716
v -0.085207 -0.000000 0.005716
v -0.054247 0.001000 0.017273
v -0.054247 -0.001000 0.017273
v -0.048353 0.001000 0.011379
v -0.048353 -0.001000 0.011379
v -0.048353 -0.001000 0.011379
v -0.048353 0.001000 0.011379
v -0.047292 -0.001000 0.012439
v -0.047292 0.001000 0.012439
v -0.017243 -0.001000 0.054277
v -0.011349 -0.001000 0.048382
v -0.017243 0.001000 0.054277
v -0.011349 0.001000 0.048382
v -0.024224 -0.001000 0.035576
v -0.024224 0.001000 0.035576
v -0.017820 -0.001000 0.052732
v -0.017820 0.001000 0.052732
v -0.017820 -0.001000 0.052732
v -0.017820 0.001000 0.052732
v -0.012410 -0.001000 0.047322
v -0.012410 0.001000 0.047322
v -0.011349 0.001000 0.048382
v -0.011349 -0.001000 0.048382
v -0.012410 0.001000 0.047322
v -0.012410 -0.001000 0.047322
v 0.012490 0.001000 0.047322
v 0.012490 -0.001000 0.047322
v 0.017900 0.001000 0.052732
v 0.017900 -0.001000 0.052732
v 0.001913 -0.001000 0.095557
v 0.001913 0.001000 0.095557
v 0.017323 -0.001000 0.054277
v 0.017323 0.001000 0.054277
v 0.011429 0.001000 0.048382
v 0.011429 -0.001000 0.048382
v 0.017323 0.001000 0.054277
v 0.017323 -0.001000 0.054277
v 0.011429 0.001000 0.048382
v 0.011429 -0.001000 0.048382
v 0.012490 0.001000 0.047322
v 0.012490 -0.001000 0.047322
v 0.054326 0.001000 0.017273
v 0.054326 -0.001000 0.017273
v 0.048432 0.001000 0.011379
v 0.048432 -0.001000 0.011379
v 0.035626 -0.001000 0.024254
v 0.039915 -0.000000 0.022653
v 0.039915 -0.001000 0.022653
v 0.035626 0.001000 0.024254
v 0.039915 0.001000 0.022653
v 0.044204 0.001000 0.021052
v 0.044204 -0.000000 0.021052
v 0.048493 0.001000 0.019451
v 0.052782 0.001000 0.017850
v 0.048493 -0.000000 0.019451
v 0.048493 -0.001000 0.019451
v 0.052782 -0.001000 0.017850
v 0.044204 -0.001000 0.021052
v 0.047372 -0.001000 0.012439
v 0.052782 -0.001000 0.017850
v 0.047372 0.001000 0.012439
v 0.052782 0.001000 0.017850
v 0.047372 -0.001000 0.012439
v 0.047372 0.001000 0.012439
v 0.048432 -0.001000 0.011379
v 0.048432 0.001000 0.011379
v 0.047372 0.001000 -0.012460
v 0.047372 -0.001000 -0.012460
v 0.052782 0.001000 -0.017870
v 0.052782 -0.001000 -0.017870
v 0.095607 -0.001000 -0.001884
v 0.095607 0.001000 -0.001884
v 0.054326 -0.001000 -0.017293
v 0.054326 0.001000 -0.017293
v 0.054326 -0.001000 -0.017293
v 0.054326 0.001000 -0.017293
v 0.048432 -0.001000 -0.011399
v 0.048432 0.001000 -0.011399
v 0.047372 0.001000 -0.012460
v 0.047372 -0.001000 -0.012460
v 0.048432 0.001000 -0.011399
v 0.048432 -0.001000 -0.011399
v 0.011429 -0.001000 -0.048403
v 0.011429 0.001000 -0.048403
v 0.017323 -0.001000 -0.054297
v 0.017323 0.001000 -0.054297
v 0.024304 -0.001000 -0.035596
v 0.024304 0.001000 -0.035596
v 0.017900 -0.001000 -0.052752
v 0.017900 0.001000 -0.052752
v 0.017900 -0.001000 -0.052752
v 0.017900 0.001000 -0.052752
v 0.012490 -0.001000 -0.047342
v 0.012490 0.001000 -0.047342
v 0.011429 0.001000 -0.048403
v 0.011429 -0.001000 -0.048403
v 0.012490 0.001000 -0.047342
v 0.012490 -0.001000 -0.047342
v -0.012410 0.001000 -0.047342
v -0.012410 -0.001000 -0.047342
v -0.017820 0.001000 -0.052752
v -0.017820 -0.001000 -0.052752
v -0.001834 -0.001000 -0.095577
v -0.001834 0.001000 -0.095577
v -0.017243 -0.001000 -0.054297
v -0.017243 0.001000 -0.054297
v -0.011349 0.001000 -0.048403
v -0.011349 -0.001000 -0.048403
v -0.017243 0.001000 -0.054297
v -0.017243 -0.001000 -0.054297
v -0.048353 0.001000 -0.011399
v -0.048353 -0.001000 -0.011399
v -0.054247 0.001000 -0.017293
v -0.054247 -0.001000 -0.017293
v -0.035546 -0.001000 -0.024274
v -0.039835 0.000000 -0.022673
v -0.039835 -0.001000 -0.022673
v -0.035546 0.001000 -0.024274
v -0.039835 0.001000 -0.022673
v -0.044124 0.001000 -0.021072
v -0.044124 0.000000 -0.021072
v -0.048413 0.001000 -0.019471
v -0.052702 0.001000 -0.017870
v -0.048413 0.000000 -0.019471
v -0.052702 -0.001000 -0.017870
v -0.048413 -0.001000 -0.019471
v -0.044124 -0.001000 -0.021072
v -0.052702 0.001000 -0.017870
v -0.052702 -0.001000 -0.017870
v -0.047292 0.001000 -0.012460
v -0.047292 -0.001000 -0.012460
v -0.047292 -0.001000 -0.012460
v -0.044516 -0.001000 -0.010580
v -0.043523 -0.001000 -0.013240
v -0.052702 -0.001000 -0.017870
v -0.048844 -0.001000 -0.015227
v -0.048353 -0.001000 -0.011399
v -0.056151 -0.001000 -0.011892
v -0.050830 -0.001000 -0.009906
v -0.054247 -0.001000 -0.017293
v -0.045509 -0.001000 -0.007919
v -0.040188 -0.001000 -0.005933
v -0.039691 -0.001000 -0.007263
v -0.046502 -0.001000 -0.005259
v -0.047495 -0.001000 -0.002598
v -0.041181 -0.001000 -0.003272
v -0.051823 -0.001000 -0.007245
v -0.058138 -0.001000 -0.006571
v -0.057145 -0.001000 -0.009231
v -0.062466 -0.001000 -0.011218
v -0.063459 -0.001000 -0.008557
v -0.068780 -0.001000 -0.010543
v -0.089709 -0.001000 -0.003199
v -0.095527 -0.001000 -0.001884
v -0.069773 -0.001000 -0.007883
v -0.063454 -0.001000 -0.005593
v -0.070241 -0.001000 -0.003287
v -0.068236 -0.001000 -0.005872
v -0.065373 -0.001000 -0.005248
v -0.066961 -0.001000 -0.004331
v -0.070955 -0.001000 -0.000094
v -0.084388 -0.001000 -0.001213
v -0.073746 -0.001000 0.002760
v -0.090206 -0.001000 -0.001869
v -0.085382 -0.001000 0.001447
v -0.090703 -0.001000 -0.000539
v -0.091199 -0.001000 0.000791
v -0.074739 -0.001000 0.005420
v -0.086375 -0.001000 0.004108
v -0.075732 -0.001000 0.008081
v -0.095527 -0.001000 0.001863
v -0.091696 -0.001000 0.002122
v -0.094108 -0.001000 0.000463
v -0.094356 -0.001000 0.001129
v -0.094605 -0.001000 0.001794
v -0.095935 -0.001000 0.001297
v -0.096741 -0.001000 0.000574
v -0.096471 -0.001000 0.001130
v -0.096044 -0.001000 0.001578
v -0.095687 -0.001000 0.000632
v -0.095438 -0.001000 -0.000033
v -0.096828 -0.001000 -0.000010
v -0.096741 -0.001000 -0.000594
v -0.096471 -0.001000 -0.001151
v -0.095190 -0.001000 -0.000698
v -0.096044 -0.001000 -0.001598
v -0.093860 -0.001000 -0.000202
v -0.094942 -0.001000 -0.001363
v -0.093612 -0.001000 -0.000867
v -0.094694 -0.001000 -0.002029
v -0.093363 -0.001000 -0.001532
v -0.054247 -0.001000 0.017273
v -0.052461 -0.001000 0.010705
v -0.048353 -0.001000 0.011379
v -0.057783 -0.001000 0.008719
v -0.064097 -0.001000 0.009393
v -0.065090 -0.001000 0.012053
v -0.070411 -0.001000 0.010067
v -0.069418 -0.001000 0.007406
v -0.068237 -0.001000 0.005685
v -0.065319 -0.001000 0.005081
v -0.066962 -0.001000 0.004144
v -0.070242 -0.001000 0.003099
v -0.063456 -0.001000 0.005407
v -0.061591 -0.001000 0.005081
v -0.058672 -0.001000 0.005683
v -0.059947 -0.001000 0.004142
v -0.056668 -0.001000 0.003098
v -0.056789 -0.001000 0.006058
v -0.051468 -0.001000 0.008044
v -0.050475 -0.001000 0.005384
v -0.045154 -0.001000 0.007370
v -0.049482 -0.001000 0.002723
v -0.048489 -0.001000 0.000063
v -0.044161 -0.001000 0.004709
v -0.055956 -0.001000 -0.000094
v -0.056669 -0.001000 -0.003286
v -0.058673 -0.001000 -0.005871
v -0.061536 -0.001000 -0.005247
v -0.059949 -0.001000 -0.004330
v -0.043167 -0.001000 0.002049
v -0.038839 -0.001000 0.006696
v -0.038343 -0.001000 0.005366
v -0.036442 -0.001000 0.006509
v -0.036049 -0.001000 0.005724
v -0.037846 -0.001000 0.004035
v -0.037350 -0.001000 0.002705
v -0.035358 -0.001000 0.005182
v -0.034501 -0.001000 0.004990
v -0.034689 -0.001000 0.003698
v -0.034192 -0.001000 0.002368
v -0.032029 -0.001000 0.004691
v -0.031532 -0.001000 0.003361
v -0.025218 -0.001000 0.002687
v -0.006960 -0.001000 0.004990
v -0.007268 -0.001000 0.003325
v -0.006224 -0.001000 0.005130
v -0.012589 -0.001000 0.001338
v -0.023231 -0.001000 -0.002634
v -0.011596 -0.001000 -0.001322
v -0.024224 -0.001000 0.000026
v -0.029546 -0.001000 -0.001960
v -0.030539 -0.001000 0.000700
v -0.028552 -0.001000 -0.004621
v -0.034867 -0.001000 -0.003947
v -0.034501 -0.001000 -0.005010
v -0.006960 -0.001000 -0.005010
v -0.035358 -0.001000 -0.005203
v -0.037527 -0.001000 -0.004940
v -0.036049 -0.001000 -0.005744
v -0.037031 -0.001000 -0.006270
v -0.036442 -0.001000 -0.006529
v -0.036461 -0.001000 -0.007407
v -0.032886 -0.001000 -0.017415
v -0.037208 -0.001000 -0.013915
v -0.038202 -0.001000 -0.011254
v -0.039195 -0.001000 -0.008593
v -0.042530 -0.001000 -0.015901
v -0.047851 -0.001000 -0.017887
v -0.035546 -0.001000 -0.024274
v -0.034332 -0.001000 -0.024931
v -0.033344 -0.001000 -0.025895
v -0.026295 -0.001000 -0.026345
v -0.017365 -0.001000 -0.032936
v -0.025845 -0.001000 -0.033394
v -0.024881 -0.001000 -0.034382
v -0.024224 -0.001000 -0.035596
v -0.022949 -0.001000 -0.035874
v -0.021956 -0.001000 -0.038534
v -0.017628 -0.001000 -0.033887
v -0.016634 -0.001000 -0.036548
v -0.010320 -0.001000 -0.037222
v -0.007357 -0.001000 -0.036511
v -0.015641 -0.001000 -0.039208
v -0.009824 -0.001000 -0.038552
v -0.014648 -0.001000 -0.041869
v -0.007163 -0.001000 -0.037559
v -0.009327 -0.001000 -0.039883
v -0.006666 -0.001000 -0.038889
v -0.008334 -0.001000 -0.042543
v -0.003013 -0.001000 -0.040557
v -0.007341 -0.001000 -0.045204
v -0.012410 -0.001000 -0.047342
v -0.011349 -0.001000 -0.048403
v -0.017820 -0.001000 -0.052752
v -0.019969 -0.001000 -0.043855
v -0.020962 -0.001000 -0.041195
v -0.017243 -0.001000 -0.054297
v -0.006347 -0.001000 -0.047864
v -0.011669 -0.001000 -0.049851
v -0.010675 -0.001000 -0.052511
v -0.008689 -0.001000 -0.057832
v -0.014010 -0.001000 -0.059819
v -0.005354 -0.001000 -0.050525
v 0.005288 -0.001000 -0.046552
v 0.006281 -0.001000 -0.049213
v 0.000124 -0.001000 -0.056006
v -0.003068 -0.001000 -0.056718
v -0.005654 -0.001000 -0.058722
v -0.007696 -0.001000 -0.060493
v -0.004113 -0.001000 -0.059997
v -0.005052 -0.001000 -0.061641
v -0.006703 -0.001000 -0.063154
v -0.005377 -0.001000 -0.063506
v -0.005052 -0.001000 -0.065369
v -0.004114 -0.001000 -0.067012
v -0.005655 -0.001000 -0.068287
v -0.012024 -0.001000 -0.065140
v -0.013017 -0.001000 -0.062479
v -0.001834 -0.001000 -0.095577
v -0.001548 -0.001000 -0.096094
v -0.003069 -0.001000 -0.070292
v -0.001099 -0.001000 -0.094406
v -0.000851 -0.001000 -0.095072
v -0.000602 -0.001000 -0.095737
v -0.001101 -0.001000 -0.096521
v 0.000728 -0.001000 -0.095240
v -0.000354 -0.001000 -0.096402
v 0.000040 -0.001000 -0.096878
v 0.000976 -0.001000 -0.095905
v -0.000544 -0.001000 -0.096791
v 0.001913 -0.001000 -0.095577
v 0.001628 -0.001000 -0.096094
v 0.001180 -0.001000 -0.096521
v 0.000624 -0.001000 -0.096791
v 0.017323 -0.001000 -0.054297
v 0.002058 -0.001000 -0.094744
v 0.001562 -0.001000 -0.093413
v 0.003316 -0.001000 -0.070291
v 0.005902 -0.001000 -0.068286
v 0.000124 -0.001000 -0.071005
v 0.005278 -0.001000 -0.065423
v 0.004361 -0.001000 -0.067011
v 0.005623 -0.001000 -0.063504
v 0.005277 -0.001000 -0.061586
v 0.005900 -0.001000 -0.058723
v 0.004359 -0.001000 -0.059999
v 0.003316 -0.001000 -0.056719
v 0.011429 -0.001000 -0.048403
v 0.012490 -0.001000 -0.047342
v 0.017900 -0.001000 -0.052752
v 0.016924 -0.001000 -0.045240
v 0.010609 -0.001000 -0.044566
v 0.015931 -0.001000 -0.042580
v 0.008623 -0.001000 -0.039245
v 0.014937 -0.001000 -0.039919
v 0.013944 -0.001000 -0.037258
v 0.019762 -0.001000 -0.036602
v 0.020258 -0.001000 -0.037933
v 0.021252 -0.001000 -0.040593
v 0.022919 -0.001000 -0.036940
v 0.022422 -0.001000 -0.035609
v 0.024304 -0.001000 -0.035596
v 0.024960 -0.001000 -0.034382
v 0.025924 -0.001000 -0.033394
v 0.021926 -0.001000 -0.034279
v 0.019265 -0.001000 -0.035272
v 0.017444 -0.001000 -0.032936
v 0.028914 -0.001000 -0.028639
v 0.028418 -0.001000 -0.027309
v 0.031575 -0.001000 -0.027646
v 0.031079 -0.001000 -0.026315
v 0.033423 -0.001000 -0.025895
v 0.034411 -0.001000 -0.024931
v 0.033739 -0.001000 -0.025322
v 0.033242 -0.001000 -0.023992
v 0.035903 -0.001000 -0.022999
v 0.032249 -0.001000 -0.021331
v 0.030582 -0.001000 -0.024985
v 0.035626 -0.001000 -0.024274
v 0.043885 -0.001000 -0.020019
v 0.052782 -0.001000 -0.017870
v 0.038564 -0.001000 -0.022006
v 0.037570 -0.001000 -0.019345
v 0.036577 -0.001000 -0.016684
v 0.042892 -0.001000 -0.017359
v 0.041898 -0.001000 -0.014698
v 0.047372 -0.001000 -0.012460
v 0.048432 -0.001000 -0.011399
v 0.040905 -0.001000 -0.012037
v 0.046226 -0.001000 -0.010051
v 0.045233 -0.001000 -0.007391
v 0.051548 -0.001000 -0.008065
v 0.050554 -0.001000 -0.005404
v 0.056869 -0.001000 -0.006078
v 0.052541 -0.001000 -0.010725
v 0.054326 -0.001000 -0.017293
v 0.057862 -0.001000 -0.008739
v 0.058751 -0.001000 -0.005704
v 0.064176 -0.001000 -0.009413
v 0.063535 -0.001000 -0.005427
v 0.061670 -0.001000 -0.005102
v 0.060027 -0.001000 -0.004163
v 0.065399 -0.001000 -0.005102
v 0.068317 -0.001000 -0.005705
v 0.067042 -0.001000 -0.004164
v 0.069497 -0.001000 -0.007427
v 0.070322 -0.001000 -0.003119
v 0.074819 -0.001000 -0.005441
v 0.073825 -0.001000 -0.002780
v 0.084468 -0.001000 0.001193
v 0.071035 -0.001000 0.000074
v 0.070321 -0.001000 0.003266
v 0.089789 -0.001000 0.003179
v 0.069853 -0.001000 0.007862
v 0.068315 -0.001000 0.005852
v 0.065452 -0.001000 0.005228
v 0.067040 -0.001000 0.004311
v 0.063534 -0.001000 0.005573
v 0.063539 -0.001000 0.008537
v 0.061616 -0.001000 0.005227
v 0.060028 -0.001000 0.004310
v 0.058753 -0.001000 0.005850
v 0.056749 -0.001000 0.003266
v 0.058217 -0.001000 0.006550
v 0.047575 -0.001000 0.002578
v 0.057224 -0.001000 0.009211
v 0.051903 -0.001000 0.007224
v 0.046582 -0.001000 0.005238
v 0.050910 -0.001000 0.009885
v 0.045589 -0.001000 0.007899
v 0.048432 -0.001000 0.011379
v 0.056231 -0.001000 0.011871
v 0.062545 -0.001000 0.011197
v 0.054326 -0.001000 0.017273
v 0.068860 -0.001000 0.010523
v 0.095607 -0.001000 0.001863
v 0.094773 -0.001000 0.002008
v 0.095021 -0.001000 0.001343
v 0.096123 -0.001000 0.001578
v 0.096550 -0.001000 0.001130
v 0.095270 -0.001000 0.000678
v 0.095518 -0.001000 0.000013
v 0.093939 -0.001000 0.000181
v 0.096820 -0.001000 0.000574
v 0.096907 -0.001000 -0.000010
v 0.096820 -0.001000 -0.000594
v 0.095766 -0.001000 -0.000652
v 0.094436 -0.001000 -0.001149
v 0.096015 -0.001000 -0.001318
v 0.094684 -0.001000 -0.001814
v 0.096550 -0.001000 -0.001151
v 0.096123 -0.001000 -0.001598
v 0.095607 -0.001000 -0.001884
v 0.075812 -0.001000 -0.008101
v 0.091775 -0.001000 -0.002142
v 0.086454 -0.001000 -0.004129
v 0.091279 -0.001000 -0.000812
v 0.085461 -0.001000 -0.001468
v 0.090286 -0.001000 0.001849
v 0.090782 -0.001000 0.000518
v 0.093443 -0.001000 0.001512
v 0.093691 -0.001000 0.000846
v 0.094188 -0.001000 -0.000484
v 0.070491 -0.001000 -0.010088
v 0.065169 -0.001000 -0.012074
v 0.047372 -0.001000 0.012439
v 0.044595 -0.001000 0.010559
v 0.039274 -0.001000 0.008573
v 0.043602 -0.001000 0.013220
v 0.039771 -0.001000 0.007243
v 0.040267 -0.001000 0.005912
v 0.037110 -0.001000 0.006250
v 0.036522 -0.001000 0.006509
v 0.036541 -0.001000 0.007387
v 0.038281 -0.001000 0.011234
v 0.037288 -0.001000 0.013894
v 0.032966 -0.001000 0.017394
v 0.047930 -0.001000 0.017867
v 0.042609 -0.001000 0.015880
v 0.034411 -0.001000 0.024910
v 0.026374 -0.001000 0.026324
v 0.035626 -0.001000 0.024254
v 0.052782 -0.001000 0.017850
v 0.048923 -0.001000 0.015206
v 0.033423 -0.001000 0.025874
v 0.025924 -0.001000 0.033373
v 0.017444 -0.001000 0.032916
v 0.010400 -0.001000 0.037202
v 0.007437 -0.001000 0.036491
v 0.023028 -0.001000 0.035853
v 0.017707 -0.001000 0.033867
v 0.024960 -0.001000 0.034361
v 0.024304 -0.001000 0.035576
v 0.020049 -0.001000 0.043835
v 0.017900 -0.001000 0.052732
v 0.022035 -0.001000 0.038514
v 0.021042 -0.001000 0.041174
v 0.015721 -0.001000 0.039188
v 0.014728 -0.001000 0.041848
v 0.009903 -0.001000 0.038532
v 0.016714 -0.001000 0.036527
v 0.007242 -0.001000 0.037539
v 0.009406 -0.001000 0.039862
v 0.008413 -0.001000 0.042523
v 0.006746 -0.001000 0.038869
v 0.003092 -0.001000 0.040536
v 0.004085 -0.001000 0.037876
v -0.001236 -0.001000 0.035889
v -0.001732 -0.001000 0.037220
v 0.004582 -0.001000 0.036545
v 0.002418 -0.001000 0.034222
v 0.006559 -0.001000 0.036472
v 0.005774 -0.001000 0.036079
v 0.005233 -0.001000 0.035387
v 0.005040 -0.001000 0.034530
v 0.003411 -0.001000 0.031561
v 0.002914 -0.001000 0.032892
v 0.005040 -0.001000 0.006990
v 0.001388 -0.001000 0.012618
v 0.002381 -0.001000 0.009958
v 0.001832 -0.001000 0.004516
v 0.005180 -0.001000 0.006253
v 0.003375 -0.001000 0.007297
v -0.001947 -0.001000 0.005311
v -0.002443 -0.001000 0.006641
v 0.000040 -0.001000 0.004858
v -0.001752 -0.001000 0.004516
v -0.003403 -0.001000 0.003432
v -0.004607 -0.001000 0.004318
v -0.005546 -0.001000 0.005575
v -0.005101 -0.001000 0.006253
v -0.004960 -0.001000 0.006990
v -0.003933 -0.001000 0.010632
v -0.004960 -0.001000 0.034530
v -0.002940 -0.001000 0.007972
v 0.000254 -0.001000 0.031899
v 0.000750 -0.001000 0.030568
v -0.000243 -0.001000 0.033229
v -0.003896 -0.001000 0.034896
v -0.005153 -0.001000 0.035387
v -0.004393 -0.001000 0.036227
v -0.005694 -0.001000 0.036079
v -0.004890 -0.001000 0.037557
v -0.006479 -0.001000 0.036472
v -0.007357 -0.001000 0.036491
v -0.013865 -0.001000 0.037238
v -0.008543 -0.001000 0.039224
v -0.017365 -0.001000 0.032916
v -0.028338 -0.001000 0.027288
v -0.026295 -0.001000 0.026324
v -0.019186 -0.001000 0.035252
v -0.021846 -0.001000 0.034258
v -0.025845 -0.001000 0.033373
v -0.024881 -0.001000 0.034361
v -0.022343 -0.001000 0.035589
v -0.024224 -0.001000 0.035576
v -0.022839 -0.001000 0.036919
v -0.019682 -0.001000 0.036582
v -0.020179 -0.001000 0.037912
v -0.014858 -0.001000 0.039899
v -0.015851 -0.001000 0.042559
v -0.010530 -0.001000 0.044545
v -0.005209 -0.001000 0.046532
v -0.012410 -0.001000 0.047322
v -0.016844 -0.001000 0.045220
v -0.006202 -0.001000 0.049192
v -0.011349 -0.001000 0.048382
v 0.003447 -0.001000 0.055826
v -0.000044 -0.001000 0.055985
v -0.003236 -0.001000 0.056699
v -0.017243 -0.001000 0.054277
v -0.005821 -0.001000 0.058703
v -0.005197 -0.001000 0.061566
v -0.004280 -0.001000 0.059978
v -0.005543 -0.001000 0.063484
v -0.005198 -0.001000 0.065402
v -0.004281 -0.001000 0.066990
v -0.005822 -0.001000 0.068266
v -0.002512 -0.001000 0.071789
v -0.004498 -0.001000 0.077110
v -0.003237 -0.001000 0.070271
v -0.000044 -0.001000 0.070985
v 0.003149 -0.001000 0.070272
v 0.008131 -0.001000 0.075762
v 0.001913 -0.001000 0.095557
v 0.006144 -0.001000 0.081083
v 0.012103 -0.001000 0.065119
v 0.017323 -0.001000 0.054277
v 0.005734 -0.001000 0.068267
v 0.005131 -0.001000 0.065349
v 0.004194 -0.001000 0.066992
v 0.005457 -0.001000 0.063485
v 0.006782 -0.001000 0.063133
v 0.007775 -0.001000 0.060473
v 0.005131 -0.001000 0.061620
v 0.004192 -0.001000 0.059977
v 0.005733 -0.001000 0.058701
v 0.003148 -0.001000 0.056698
v 0.008769 -0.001000 0.057812
v 0.014090 -0.001000 0.059798
v 0.005434 -0.001000 0.050504
v 0.006427 -0.001000 0.047844
v 0.010755 -0.001000 0.052491
v 0.011748 -0.001000 0.049830
v 0.011429 -0.001000 0.048382
v 0.012490 -0.001000 0.047322
v 0.007420 -0.001000 0.045183
v 0.002099 -0.001000 0.043197
v 0.012741 -0.001000 0.047170
v 0.018062 -0.001000 0.049156
v -0.003222 -0.001000 0.041211
v -0.002229 -0.001000 0.038550
v 0.013097 -0.001000 0.062459
v 0.001628 -0.001000 0.096073
v -0.000648 -0.001000 0.095220
v 0.000682 -0.001000 0.095716
v 0.000434 -0.001000 0.096381
v 0.001180 -0.001000 0.096500
v 0.000624 -0.001000 0.096770
v 0.000040 -0.001000 0.096857
v -0.000544 -0.001000 0.096770
v -0.000897 -0.001000 0.095885
v -0.001834 -0.001000 0.095557
v -0.001548 -0.001000 0.096073
v -0.001101 -0.001000 0.096500
v -0.017820 -0.001000 0.052732
v -0.021172 -0.001000 0.040573
v -0.030999 -0.001000 0.026295
v -0.033344 -0.001000 0.025874
v -0.034332 -0.001000 0.024910
v -0.033660 -0.001000 0.025302
v -0.033163 -0.001000 0.023971
v -0.030502 -0.001000 0.024965
v -0.035824 -0.001000 0.022978
v -0.032170 -0.001000 0.021311
v -0.035546 -0.001000 0.024254
v -0.038484 -0.001000 0.021985
v -0.043805 -0.001000 0.019999
v -0.052702 -0.001000 0.017850
v -0.047292 -0.001000 0.012439
v -0.042812 -0.001000 0.017338
v -0.041819 -0.001000 0.014678
v -0.037491 -0.001000 0.019325
v -0.036498 -0.001000 0.016664
v -0.040826 -0.001000 0.012017
v -0.032886 -0.001000 0.017394
v -0.036461 -0.001000 0.007387
v -0.039833 -0.001000 0.009356
v -0.046147 -0.001000 0.010031
v -0.027842 -0.001000 0.025958
v -0.004487 -0.001000 0.001782
v -0.004828 -0.001000 -0.000010
v -0.006275 -0.001000 0.000664
v -0.004487 -0.001000 -0.001802
v -0.003403 -0.001000 -0.003453
v -0.005546 -0.001000 -0.005596
v -0.006224 -0.001000 -0.005151
v -0.001752 -0.001000 -0.004537
v 0.000040 -0.001000 -0.004879
v -0.004960 -0.001000 -0.007010
v -0.005101 -0.001000 -0.006274
v -0.003295 -0.001000 -0.007318
v 0.002026 -0.001000 -0.005331
v 0.002523 -0.001000 -0.006662
v -0.002302 -0.001000 -0.009978
v 0.003019 -0.001000 -0.007992
v -0.001309 -0.001000 -0.012639
v 0.004012 -0.001000 -0.010653
v -0.000671 -0.001000 -0.030589
v -0.003331 -0.001000 -0.031582
v -0.004960 -0.001000 -0.034551
v -0.002835 -0.001000 -0.032912
v -0.000174 -0.001000 -0.031919
v -0.002338 -0.001000 -0.034243
v -0.005153 -0.001000 -0.035408
v 0.001315 -0.001000 -0.035910
v 0.000322 -0.001000 -0.033249
v -0.004502 -0.001000 -0.036566
v -0.006479 -0.001000 -0.036492
v -0.005694 -0.001000 -0.036099
v -0.004006 -0.001000 -0.037896
v 0.001812 -0.001000 -0.037240
v 0.002309 -0.001000 -0.038571
v 0.004473 -0.001000 -0.036247
v 0.003976 -0.001000 -0.034917
v 0.004969 -0.001000 -0.037577
v 0.005233 -0.001000 -0.035408
v 0.005774 -0.001000 -0.036099
v 0.006559 -0.001000 -0.036492
v 0.007437 -0.001000 -0.036511
v 0.005040 -0.001000 -0.034551
v 0.005040 -0.001000 -0.007010
v 0.005180 -0.001000 -0.006274
v 0.005625 -0.001000 -0.005596
v 0.006303 -0.001000 -0.005151
v 0.004687 -0.001000 -0.004338
v 0.007347 -0.001000 -0.003345
v 0.003482 -0.001000 -0.003453
v 0.001832 -0.001000 -0.004537
v 0.004566 -0.001000 -0.001802
v 0.006354 -0.001000 -0.000684
v 0.004908 -0.001000 -0.000010
v 0.011675 -0.001000 0.001302
v 0.004566 -0.001000 0.001782
v 0.007040 -0.001000 0.004990
v 0.003482 -0.001000 0.003432
v 0.005625 -0.001000 0.005575
v 0.006303 -0.001000 0.005130
v 0.034580 -0.001000 0.004990
v 0.023311 -0.001000 0.002614
v 0.028632 -0.001000 0.004600
v 0.029625 -0.001000 0.001940
v 0.024304 -0.001000 -0.000047
v 0.034946 -0.001000 0.003926
v 0.030618 -0.001000 -0.000721
v 0.025297 -0.001000 -0.002707
v 0.035939 -0.001000 0.001265
v 0.034272 -0.001000 -0.002388
v 0.031611 -0.001000 -0.003381
v 0.032108 -0.001000 -0.004712
v 0.034580 -0.001000 -0.005010
v 0.007040 -0.001000 -0.005010
v 0.034769 -0.001000 -0.003719
v 0.037429 -0.001000 -0.002725
v 0.037926 -0.001000 -0.004056
v 0.043247 -0.001000 -0.002069
v 0.038422 -0.001000 -0.005386
v 0.036129 -0.001000 -0.005744
v 0.035437 -0.001000 -0.005203
v 0.036522 -0.001000 -0.006529
v 0.036541 -0.001000 -0.007407
v 0.038919 -0.001000 -0.006716
v 0.044240 -0.001000 -0.004730
v 0.039912 -0.001000 -0.009377
v 0.032966 -0.001000 -0.017415
v 0.026374 -0.001000 -0.026345
v 0.027921 -0.001000 -0.025978
v 0.049561 -0.001000 -0.002744
v 0.048568 -0.001000 -0.000083
v 0.056748 -0.001000 -0.003118
v 0.056035 -0.001000 0.000074
v 0.042254 -0.001000 0.000591
v 0.041261 -0.001000 0.003252
v 0.036933 -0.001000 -0.001395
v 0.037607 -0.001000 0.004919
v 0.035437 -0.001000 0.005182
v 0.036129 -0.001000 0.005724
v 0.012668 -0.001000 -0.001359
v 0.003302 -0.001000 -0.041231
v -0.002019 -0.001000 -0.043217
v -0.035860 -0.001000 -0.001286
v -0.036853 -0.001000 0.001375
v -0.042174 -0.001000 -0.000612
vn 0.000000 1.000000 0.000000
vn 0.000000 1.000000 0.000000
vn 0.000000 1.000000 0.000000
vn 0.000000 1.000000 0.000000
vn 0.000000 1.000000 0.000000
vn 0.000000 1.000000 0.000000
vn 0.000000 1.000000 0.000000
vn 0.000000 1.000000 0.000000
vn 0.000000 1.000000 0.000000
vn 0.000000 1.000000 0.000000
vn 0.000000 1.000000 0.000000
vn 0.000000 1.000000 0.000000
vn 0.000000 1.000000 0.000000
vn 0.000000 1.000000 0.000000
vn 0.000000 1.000000 0.000000
vn 0.000000 1.000000 0.000000
vn 0.000000 1.000000 0.000000
vn 0.000000 1.000000 0.000000
vn 0.000000 1.000000 0.000000
vn 0.000000 1.000000 0.000000
vn 0.000000 1.000000 0.000000
vn 0.000000 1.000000 0.000000
vn 0.000000 1.000000 0.000000
vn 0.000000 1.000000 0.000000
vn 0.000000 1.000000 0.000000
vn 0.000000 1.000000 0.000000
vn 0.000000 1.000000 0.000000
vn 0.000000 1.000000 0.000000
vn 0.000000 1.000000 0.000000
vn 0.000000 1.000000 0.000000
vn 0.000000 1.000000 0.000000
vn 0.000000 1.000000 0.000000
vn 0.000000 1.000000 0.000000
vn 0.000000 1.000000 0.000000
vn 0.000000 1.000000 0.000000
vn 0.000000 1.000000 0.000000
vn 0.000000 1.000000 0.000000
vn 0.000000 1.000000 0.000000
vn 0.000000 1.000000 0.000000
vn 0.000000 1.000000 0.000000
vn 0.000000 1.000000 0.000000
vn 0.000000 1.000000 0.000000
vn 0.000000 1.000000 0.000000
vn 0.000000 1.000000 0.000000
vn 0.000000 1.000000 0.000000
vn 0.000000 1.000000 0.000000
vn 0.000000 1.000000 0.000000
vn 0.000000 1.000000 0.000000
vn 0.000000 1.000000 0.000000
vn 0.000000 1.000000 0.000000
vn 0.000000 1.000000 0.000000
vn 0.000000 1.000000 0.000000
vn 0.000000 1.000000 0.000000
vn 0.000000 1.000000 0.000000
vn 0.000000 1.000000 0.000000
vn 0.000000 1.000000 0.000000
vn 0.000000 1.000000 0.000000
vn 0.000000 1.000000 0.000000
vn 0.000000 1.000000 0.000000
vn 0.000000 1.000000 0.000000
vn 0.000000 1.000000 0.000000
vn 0.000000 1.000000 0.000000
vn 0.000000 1.000000 0.000000
vn 0.000000 1.000000 0.000000
vn 0.000000 1.000000 0.000000
vn 0.000000 1.000000 0.000000
vn 0.000000 1.000000 0.000000
vn 0.000000 1.000000 0.000000
vn 0.000000 1.000000 0.000000
vn 0.000000 1.000000 0.000000
vn 0.000000 1.000000 0.000000
vn 0.000000 1.000000 0.000000
vn 0.000000 1.000000 0.000000
vn 0.000000 1.000000 0.000000
vn 0.000000 1.000000 0.000000
vn 0.000000 1.000000 0.000000
vn 0.000000 1.000000 0.000000
vn 0.000000 1.000000 0.000000
vn 0.000000 1.000000 0.000000
vn 0.000000 1.000000 0.000000
vn 0.000000 1.000000 0.000000
vn 0.000000 1.000000 0.000000
vn 0.000000 1.000000 0.000000
vn 0.000000 1.000000 0.000000
vn 0.000000 1.000000 0.000000
vn 0.000000 1.000000 0.000000
vn 0.000000 1.000000 0.000000
vn 0.000000 1.000000 0.000000
vn 0.000000 1.000000 0.000000
vn 0.000000 1.000000 0.000000
vn 0.000000 1.000000 0.000000
vn 0.000000 1.000000 0.000000
vn 0.000000 1.000000 0.000000
vn 0.000000 1.000000 0.000000
vn 0.000000 1.000000 0.000000
vn 0.000000 1.000000 0.000000
vn 0.000000 1.000000 0.000000
vn 0.000000 1.000000 0.000000
vn 0.000000 1.000000 0.000000
vn 0.000000 1.000000 0.000000
vn 0.000000 1.000000 0.000000
vn 0.000000 1.000000 0.000000
vn 0.000000 1.000000 0.000000
vn 0.000000 1.000000 0.000000
vn 0.000000 1.000000 0.000000
vn 0.000000 1.000000 0.000000
vn 0.000000 1.000000 0.000000
vn 0.000000 1.000000 0.000000
vn 0.000000 1.000000 0.000000
vn 0.000000 1.000000 0.000000
vn 0.000000 1.000000 0.000000
vn 0.000000 1.000000 0.000000
vn 0.000000 1.000000 0.000000
vn 0.000000 1.000000 0.000000
vn 0.000000 1.000000 0.000000
vn 0.000000 1.000000 0.000000
vn 0.000000 1.000000 0.000000
vn 0.000000 1.000000 0.000000
vn 0.000000 1.000000 0.000000
vn 0.000000 1.000000 0.000000
vn 0.000000 1.000000 0.000000
vn 0.000000 1.000000 0.000000
vn 0.000000 1.000000 0.000000
vn 0.000000 1.000000 0.000000
vn 0.000000 1.000000 0.000000
vn 0.000000 1.000000 0.000000
vn 0.000000 1.000000 0.000000
vn 0.000000 1.000000 0.000000
vn 0.000000 1.000000 0.000000
vn 0.000000 1.000000 0.000000
vn 0.000000 1.000000 0.000000
vn 0.000000 1.000000 0.000000
vn 0.000000 1.000000 0.000000
vn 0.000000 1.000000 0.000000
vn 0.000000 1.000000 0.000000
vn 0.000000 1.000000 0.000000
vn 0.000000 1.000000 0.000000
vn 0.000000 1.000000 0.000000
vn 0.000000 1.000000 0.000000
vn 0.000000 1.000000 0.000000
vn 0.000000 1.000000 0.000000
vn 0.000000 1.000000 0.000000
vn 0.000000 1.000000 0.000000
vn 0.000000 1.000000 0.000000
vn 0.000000 1.000000 0.000000
vn 0.000000 1.000000 0.000000
vn 0.000000 1.000000 0.000000
vn 0.000000 1.000000 0.000000
vn 0.000000 1.000000 0.000000
vn 0.000000 1.000000 0.000000
vn 0.000000 1.000000 0.000000
vn 0.000000 1.000000 0.000000
vn 0.000000 1.000000 0.000000
vn 0.000000 1.000000 0.000000
vn 0.000000 1.000000 0.000000
vn 0.000000 1.000000 0.000000
vn 0.000000 1.000000 0.000000
vn 0.000000 1.000000 0.000000
vn 0.000000 1.000000 0.000000
vn 0.000000 1.000000 0.000000
vn 0.000000 1.000000 0.000000
vn 0.000000 1.000000 0.000000
vn 0.000000 1.000000 0.000000
vn 0.000000 1.000000 0.000000
vn 0.000000 1.000000 0.000000
vn 0.000000 1.000000 0.000000
vn 0.000000 1.000000 0.000000
vn 0.000000 1.000000 0.000000
vn 0.000000 1.000000 0.000000
vn 0.000000 1.000000 0.000000
vn 0.000000 1.000000 0.000000
vn 0.000000 1.000000 0.000000
vn 0.000000 1.000000 0.000000
vn 0.000000 1.000000 0.000000
vn 0.000000 1.000000 0.000000
vn 0.000000 1.000000 0.000000
vn 0.000000 1.000000 0.000000
vn 0.000000 1.000000 0.000000
vn 0.000000 1.000000 0.000000
vn 0.000000 1.000000 0.000000
vn 0.000000 1.000000 0.000000
vn 0.000000 1.000000 0.000000
vn 0.000000 1.000000 0.000000
vn 0.000000 1.000000 0.000000
vn 0.000000 1.000000 0.000000
vn 0.000000 1.000000 0.000000
vn 0.000000 1.000000 0.000000
vn 0.000000 1.000000 0.000000
vn 0.000000 1.000000 0.000000
vn 0.000000 1.000000 0.000000
vn 0.000000 1.000000 0.000000
vn 0.000000 1.000000 0.000000
vn 0.000000 1.000000 0.000000
vn 0.000000 1.000000 0.000000
vn 0.000000 1.000000 0.000000
vn 0.000000 1.000000 0.000000
vn 0.000000 1.000000 0.000000
vn 0.000000 1.000000 0.000000
vn 0.000000 1.000000 0.000000
vn 0.000000 1.000000 0.000000
vn 0.000000 1.000000 0.000000
vn 0.000000 1.000000 0.000000
vn 0.000000 1.000000 0.000000
vn 0.000000 1.000000 0.000000
vn 0.000000 1.000000 0.000000
vn 0.000000 1.000000 0.000000
vn 0.000000 1.000000 0.000000
vn 0.000000 1.000000 0.000000
vn 0.000000 1.000000 0.000000
vn 0.000000 1.000000 0.000000
vn 0.000000 1.000000 0.000000
vn 0.000000 1.000000 0.000000
vn 0.000000 1.000000 0.000000
vn 0.000000 1.000000 0.000000
vn 0.000000 1.000000 0.000000
vn 0.000000 1.000000 0.000000
vn 0.000000 1.000000 0.000000
vn 0.000000 1.000000 0.000000
vn 0.000000 1.000000 0.000000
vn 0.000000 1.000000 0.000000
vn 0.000000 1.000000 0.000000
vn 0.000000 1.000000 0.000000
vn 0.000000 1.000000 0.000000
vn 0.000000 1.000000 0.000000
vn 0.000000 1.000000 0.000000
vn 0.000000 1.000000 0.000000
vn 0.000000 1.000000 0.000000
vn 0.000000 1.000000 0.000000
vn 0.000000 1.000000 0.000000
vn 0.000000 1.000000 0.000000
vn 0.000000 1.000000 0.000000
vn 0.000000 1.000000 0.000000
vn 0.000000 1.000000 0.000000
vn 0.000000 1.000000 0.000000
vn 0.000000 1.000000 0.000000
vn 0.000000 1.000000 0.000000
vn 0.000000 1.000000 0.000000
vn 0.000000 1.000000 0.000000
vn 0.000000 1.000000 0.000000
vn 0.000000 1.000000 0.000000
vn 0.000000 1.000000 0.000000
vn 0.000000 1.000000 0.000000
vn 0.000000 1.000000 0.000000
vn 0.000000 1.000000 0.000000
vn 0.000000 1.000000 0.000000
vn 0.000000 1.000000 0.000000
vn 0.000000 1.000000 0.000000
vn 0.000000 1.000000 0.000000
vn 0.000000 1.000000 0.000000
vn 0.000000 1.000000 0.000000
vn 0.000000 1.000000 0.000000
vn 0.000000 1.000000 0.000000
vn 0.000000 1.000000 0.000000
vn 0.000000 1.000000 0.000000
vn 0.000000 1.000000 0.000000
vn 0.000000 1.000000 0.000000
vn 0.000000 1.000000 0.000000
vn 0.000000 1.000000 0.000000
vn 0.000000 1.000000 0.000000
vn 0.000000 1.000000 0.000000
vn 0.000000 1.000000 0.000000
vn 0.000000 1.000000 0.000000
vn 0.000000 1.000000 0.000000
vn 0.000000 1.000000 0.000000
vn 0.000000 1.000000 0.000000
vn 0.000000 1.000000 0.000000
vn 0.000000 1.000000 0.000000
vn 0.000000 1.000000 0.000000
vn 0.000000 1.000000 0.000000
vn 0.000000 1.000000 0.000000
vn 0.000000 1.000000 0.000000
vn 0.000000 1.000000 0.000000
vn 0.000000 1.000000 0.000000
vn 0.000000 1.000000 0.000000
vn 0.000000 1.000000 0.000000
vn 0.000000 1.000000 0.000000
vn 0.000000 1.000000 0.000000
vn 0.000000 1.000000 0.000000
vn 0.000000 1.000000 0.000000
vn 0.000000 1.000000 0.000000
vn 0.000000 1.000000 0.000000
vn 0.000000 1.000000 0.000000
vn 0.000000 1.000000 0.000000
vn 0.000000 1.000000 0.000000
vn 0.000000 1.000000 0.000000
vn 0.000000 1.000000 0.000000
vn 0.000000 1.000000 0.000000
vn 0.000000 1.000000 0.000000
vn 0.000000 1.000000 0.000000
vn 0.000000 1.000000 0.000000
vn 0.000000 1.000000 0.000000
vn 0.000000 1.000000 0.000000
vn 0.000000 1.000000 0.000000
vn 0.000000 1.000000 0.000000
vn 0.000000 1.000000 0.000000
vn 0.000000 1.000000 0.000000
vn 0.000000 1.000000 0.000000
vn 0.000000 1.000000 0.000000
vn 0.000000 1.000000 0.000000
vn 0.000000 1.000000 0.000000
vn 0.000000 1.000000 0.000000
vn 0.000000 1.000000 0.000000
vn 0.000000 1.000000 0.000000
vn 0.000000 1.000000 0.000000
vn 0.000000 1.000000 0.000000
vn 0.000000 1.000000 0.000000
vn 0.000000 1.000000 0.000000
vn 0.000000 1.000000 0.000000
vn 0.000000 1.000000 0.000000
vn 0.000000 1.000000 0.000000
vn 0.000000 1.000000 0.000000
vn 0.000000 1.000000 0.000000
vn 0.000000 1.000000 0.000000
vn 0.000000 1.000000 0.000000
vn 0.000000 1.000000 0.000000
vn 0.000000 1.000000 0.000000
vn 0.000000 1.000000 0.000000
vn 0.000000 1.000000 0.000000
vn 0.000000 1.000000 0.000000
vn 0.000000 1.000000 0.000000
vn 0.000000 1.000000 0.000000
vn 0.000000 1.000000 0.000000
vn 0.000000 1.000000 0.000000
vn 0.000000 1.000000 0.000000
vn 0.000000 1.000000 0.000000
vn 0.000000 1.000000 0.000000
vn 0.000000 1.000000 0.000000
vn 0.000000 1.000000 0.000000
vn 0.000000 1.000000 0.000000
vn 0.000000 1.000000 0.000000
vn 0.000000 1.000000 0.000000
vn 0.000000 1.000000 0.000000
vn 0.000000 1.000000 0.000000
vn 0.000000 1.000000 0.000000
vn 0.000000 1.000000 0.000000
vn 0.000000 1.000000 0.000000
vn 0.000000 1.000000 0.000000
vn 0.000000 1.000000 0.000000
vn 0.000000 1.000000 0.000000
vn 0.000000 1.000000 0.000000
vn 0.000000 1.000000 0.000000
vn 0.000000 1.000000 0.000000
vn 0.000000 1.000000 0.000000
vn 0.000000 1.000000 0.000000
vn 0.000000 1.000000 0.000000
vn 0.000000 1.000000 0.000000
vn 0.000000 1.000000 0.000000
vn 0.000000 1.000000 0.000000
vn 0.000000 1.000000 0.000000
vn 0.000000 1.000000 0.000000
vn 0.000000 1.000000 0.000000
vn 0.000000 1.000000 0.000000
vn 0.000000 1.000000 0.000000
vn 0.000000 1.000000 0.000000
vn 0.000000 1.000000 0.000000
vn 0.000000 1.000000 0.000000
vn 0.000000 1.000000 0.000000
vn 0.000000 1.000000 0.000000
vn 0.000000 1.000000 0.000000
vn 0.000000 1.000000 0.000000
vn 0.000000 1.000000 0.000000
vn 0.000000 1.000000 0.000000
vn 0.000000 1.000000 0.000000
vn 0.000000 1.000000 0.000000
vn 0.000000 1.000000 0.000000
vn 0.000000 1.000000 0.000000
vn 0.000000 1.000000 0.000000
vn 0.000000 1.000000 0.000000
vn 0.000000 1.000000 0.000000
vn 0.000000 1.000000 0.000000
vn 0.000000 1.000000 0.000000
vn 0.000000 1.000000 0.000000
vn 0.000000 1.000000 0.000000
vn 0.000000 1.000000 0.000000
vn 0.000000 1.000000 0.000000
vn 0.000000 1.000000 0.000000
vn 0.000000 1.000000 0.000000
vn 0.000000 1.000000 0.000000
vn 0.000000 1.000000 0.000000
vn 0.000000 1.000000 0.000000
vn 0.000000 1.000000 0.000000
vn 0.000000 1.000000 0.000000
vn 0.000000 1.000000 0.000000
vn 0.000000 1.000000 0.000000
vn 0.000000 1.000000 0.000000
vn 0.000000 1.000000 0.000000
vn 0.000000 1.000000 0.000000
vn 0.000000 1.000000 0.000000
vn 0.000000 1.000000 0.000000
vn 0.000000 1.000000 0.000000
vn 0.000000 1.000000 0.000000
vn 0.000000 1.000000 0.000000
vn 0.000000 1.000000 0.000000
vn 0.000000 1.000000 0.000000
vn 0.000000 1.000000 0.000000
vn 0.000000 1.000000 0.000000
vn 0.000000 1.000000 0.000000
vn 0.000000 1.000000 0.000000
vn 0.000000 1.000000 0.000000
vn 0.000000 1.000000 0.000000
vn 0.000000 1.000000 0.000000
vn 0.000000 1.000000 0.000000
vn 0.000000 1.000000 0.000000
vn 0.000000 1.000000 0.000000
vn 0.000000 1.000000 0.000000
vn 0.000000 1.000000 0.000000
vn 0.000000 1.000000 0.000000
vn 0.000000 1.000000 0.000000
vn 0.000000 1.000000 0.000000
vn 0.000000 1.000000 0.000000
vn 0.000000 1.000000 0.000000
vn 0.000000 1.000000 0.000000
vn 0.000000 1.000000 0.000000
vn 0.000000 1.000000 0.000000
vn 0.000000 1.000000 0.000000
vn 0.000000 1.000000 0.000000
vn 0.000000 1.000000 0.000000
vn 0.000000 1.000000 0.000000
vn 0.000000 1.000000 0.000000
vn 0.000000 1.000000 0.000000
vn 0.000000 1.000000 0.000000
vn 0.000000 1.000000 0.000000
vn 0.000000 1.000000 0.000000
vn 0.000000 1.000000 0.000000
vn 0.000000 1.000000 0.000000
vn 0.000000 1.000000 0.000000
vn 0.000000 1.000000 0.000000
vn 0.000000 1.000000 0.000000
vn 0.000000 1.000000 0.000000
vn 0.000000 1.000000 0.000000
vn 0.000000 1.000000 0.000000
vn 0.000000 1.000000 0.000000
vn 0.000000 1.000000 0.000000
vn 0.000000 1.000000 0.000000
vn 0.000000 1.000000 0.000000
vn 0.000000 1.000000 0.000000
vn 0.000000 1.000000 0.000000
vn 0.000000 1.000000 0.000000
vn 0.000000 1.000000 0.000000
vn 0.000000 1.000000 0.000000
vn 0.000000 1.000000 0.000000
vn 0.000000 1.000000 0.000000
vn 0.000000 1.000000 0.000000
vn 0.000000 1.000000 0.000000
vn 0.000000 1.000000 0.000000
vn 0.000000 1.000000 0.000000
vn 0.000000 1.000000 0.000000
vn 0.000000 1.000000 0.000000
vn 0.000000 1.000000 0.000000
vn 0.000000 1.000000 0.000000
vn 0.000000 1.000000 0.000000
vn 0.000000 1.000000 0.000000
vn 0.000000 1.000000 0.000000
vn 0.000000 1.000000 0.000000
vn 0.000000 1.000000 0.000000
vn 0.000000 1.000000 0.000000
vn 0.000000 1.000000 0.000000
vn 0.000000 1.000000 0.000000
vn 0.000000 1.000000 0.000000
vn 0.000000 1.000000 0.000000
vn 0.000000 1.000000 0.000000
vn 0.000000 1.000000 0.000000
vn 0.000000 1.000000 0.000000
vn 0.000000 1.000000 0.000000
vn 0.000000 1.000000 0.000000
vn 0.000000 1.000000 0.000000
vn 0.000000 1.000000 0.000000
vn 0.000000 1.000000 0.000000
vn 0.000000 1.000000 0.000000
vn 0.000000 1.000000 0.000000
vn 0.000000 1.000000 0.000000
vn 0.000000 1.000000 0.000000
vn 0.000000 1.000000 0.000000
vn 0.000000 1.000000 0.000000
vn 0.000000 1.000000 0.000000
vn 0.000000 1.000000 0.000000
vn 0.000000 1.000000 0.000000
vn 0.000000 1.000000 0.000000
vn 0.000000 1.000000 0.000000
vn 0.000000 1.000000 0.000000
vn 0.000000 1.000000 0.000000
vn 0.000000 1.000000 0.000000
vn 0.000000 1.000000 0.000000
vn 0.000000 1.000000 0.000000
vn 0.000000 1.000000 0.000000
vn 0.000000 1.000000 0.000000
vn 0.000000 1.000000 0.000000
vn 0.000000 1.000000 0.000000
vn 0.000000 1.000000 0.000000
vn 0.000000 1.000000 0.000000
vn 0.000000 1.000000 0.000000
vn 0.000000 1.000000 0.000000
vn 0.000000 1.000000 0.000000
vn 0.000000 1.000000 0.000000
vn 0.000000 1.000000 0.000000
vn 0.000000 1.000000 0.000000
vn 0.000000 1.000000 0.000000
vn 0.000000 1.000000 0.000000
vn 0.000000 1.000000 0.000000
vn 0.000000 1.000000 0.000000
vn 0.000000 1.000000 0.000000
vn 0.000000 1.000000 0.000000
vn 0.000000 1.000000 0.000000
vn 0.000000 1.000000 0.000000
vn 0.000000 1.000000 0.000000
vn 0.000000 1.000000 0.000000
vn 0.000000 1.000000 0.000000
vn 0.000000 1.000000 0.000000
vn 0.000000 1.000000 0.000000
vn 0.000000 1.000000 0.000000
vn 0.000000 1.000000 0.000000
vn 0.000000 1.000000 0.000000
vn 0.000000 1.000000 0.000000
vn 0.000000 1.000000 0.000000
vn 0.000000 1.000000 0.000000
vn 0.000000 1.000000 0.000000
vn 0.000000 1.000000 0.000000
vn 0.000000 1.000000 0.000000
vn 0.000000 1.000000 0.000000
vn 0.000000 1.000000 0.000000
vn 0.000000 1.000000 0.000000
vn 0.000000 1.000000 0.000000
vn 0.000000 1.000000 0.000000
vn 0.000000 1.000000 0.000000
vn 0.000000 1.000000 0.000000
vn 0.000000 1.000000 0.000000
vn 0.000000 1.000000 0.000000
vn 0.000000 1.000000 0.000000
vn 0.000000 1.000000 0.000000
vn 0.000000 1.000000 0.000000
vn 0.000000 1.000000 0.000000
vn 0.000000 1.000000 0.000000
vn 0.000000 1.000000 0.000000
vn 0.000000 1.000000 0.000000
vn 0.000000 1.000000 0.000000
vn 0.000000 1.000000 0.000000
vn 0.000000 1.000000 0.000000
vn 0.000000 1.000000 0.000000
vn 0.000000 1.000000 0.000000
vn 0.000000 1.000000 0.000000
vn 0.000000 1.000000 0.000000
vn 0.000000 1.000000 0.000000
vn 0.000000 1.000000 0.000000
vn 0.000000 1.000000 0.000000
vn 0.000000 1.000000 0.000000
vn 0.000000 1.000000 0.000000
vn 0.000000 1.000000 0.000000
vn 0.000000 1.000000 0.000000
vn 0.000000 1.000000 0.000000
vn 0.000000 1.000000 0.000000
vn 0.000000 1.000000 0.000000
vn 0.000000 1.000000 0.000000
vn 0.000000 1.000000 0.000000
vn 0.000000 1.000000 0.000000
vn 0.000000 1.000000 0.000000
vn 0.000000 1.000000 0.000000
vn 0.000000 1.000000 0.000000
vn 0.000000 1.000000 0.000000
vn 0.000000 1.000000 0.000000
vn 0.000000 1.000000 0.000000
vn 0.000000 1.000000 0.000000
vn 0.000000 1.000000 0.000000
vn 0.000000 1.000000 0.000000
vn 0.000000 1.000000 0.000000
vn 0.000000 1.000000 0.000000
vn 0.000000 1.000000 0.000000
vn 0.000000 1.000000 0.000000
vn 0.000000 1.000000 0.000000
vn 0.000000 1.000000 0.000000
vn 0.000000 1.000000 0.000000
vn 0.000000 1.000000 0.000000
vn 0.000000 1.000000 0.000000
vn 0.000000 1.000000 0.000000
vn 0.000000 1.000000 0.000000
vn 0.000000 1.000000 0.000000
vn 0.000000 1.000000 0.000000
vn 0.000000 1.000000 0.000000
vn 0.000000 1.000000 0.000000
vn 0.000000 1.000000 0.000000
vn 0.000000 1.000000 0.000000
vn 0.000000 1.000000 0.000000
vn 0.000000 1.000000 0.000000
vn 0.000000 1.000000 0.000000
vn 0.000000 1.000000 0.000000
vn 0.000000 1.000000 0.000000
vn 0.000000 1.000000 0.000000
vn 0.000000 1.000000 0.000000
vn 0.000000 1.000000 0.000000
vn 0.000000 1.000000 0.000000
vn 0.000000 1.000000 0.000000
vn 0.000000 1.000000 0.000000
vn 0.000000 1.000000 0.000000
vn 0.000000 1.000000 0.000000
vn 0.000000 1.000000 0.000000
vn 0.000000 1.000000 0.000000
vn 0.000000 1.000000 0.000000
vn 0.000000 1.000000 0.000000
vn 0.000000 1.000000 0.000000
vn 0.000000 1.000000 0.000000
vn 0.000000 1.000000 0.000000
vn 0.000000 1.000000 0.000000
vn 0.000000 1.000000 0.000000
vn 0.000000 1.000000 0.000000
vn 0.000000 1.000000 0.000000
vn 0.000000 1.000000 0.000000
vn 0.000000 1.000000 0.000000
vn 0.000000 1.000000 0.000000
vn 0.000000 1.000000 0.000000
vn 0.000000 1.000000 0.000000
vn 0.000000 1.000000 0.000000
vn 0.000000 1.000000 0.000000
vn 0.000000 1.000000 0.000000
vn 0.000000 1.000000 0.000000
vn -1.000000 0.000000 0.000000
vn -0.983316 0.000000 -0.181903
vn -1.000000 0.000000 0.000000
vn -0.983316 0.000000 -0.181903
vn -0.929788 0.000000 -0.368095
vn -0.837001 0.000000 -0.547201
vn -0.929788 0.000000 -0.368095
vn -0.837001 0.000000 -0.547201
vn -0.707107 0.000000 -0.707107
vn -0.547131 0.000000 -0.837047
vn -0.707107 0.000000 -0.707107
vn -0.547131 0.000000 -0.837047
vn -0.368095 0.000000 -0.929788
vn -0.181903 0.000000 -0.983316
vn -0.368095 0.000000 -0.929788
vn -0.181903 0.000000 -0.983316
vn 0.000000 0.000000 -1.000000
vn 0.181903 0.000000 -0.983316
vn 0.000000 0.000000 -1.000000
vn 0.181903 0.000000 -0.983316
vn 0.368095 0.000000 -0.929788
vn 0.547201 0.000000 -0.837001
vn 0.368095 0.000000 -0.929788
vn 0.547201 0.000000 -0.837001
vn 0.707107 0.000000 -0.707107
vn 0.837001 0.000000 -0.547201
vn 0.707107 0.000000 -0.707107
vn 0.837001 0.000000 -0.547201
vn 0.929788 0.000000 -0.368095
vn 0.983316 0.000000 -0.181903
vn 0.929788 0.000000 -0.368095
vn 0.983316 0.000000 -0.181903
vn 1.000000 0.000000 0.000000
vn 1.000000 0.000000 0.000000
vn 0.983316 -0.000000 0.181903
vn 0.929788 -0.000000 0.368095
vn 0.983316 -0.000000 0.181903
vn 0.929788 -0.000000 0.368095
vn 0.837001 -0.000000 0.547201
vn 0.707107 -0.000000 0.707107
vn 0.837001 -0.000000 0.547201
vn 0.707107 -0.000000 0.707107
vn 0.547201 -0.000000 0.837001
vn 0.368095 -0.000000 0.929788
vn 0.547201 -0.000000 0.837001
vn 0.368095 -0.000000 0.929788
vn 0.181903 -0.000000 0.983316
vn 0.181903 -0.000000 0.983316
vn 0.000000 -0.000000 1.000000
vn 0.000000 -0.000000 1.000000
vn -0.181903 -0.000000 0.983316
vn -0.181903 -0.000000 0.983316
vn -0.368095 -0.000000 0.929788
vn -0.368095 -0.000000 0.929788
vn -0.547131 -0.000000 0.837047
vn -0.547131 -0.000000 0.837047
vn -0.707107 -0.000000 0.707107
vn -0.837001 -0.000000 0.547201
vn -0.707107 -0.000000 0.707107
vn -0.837001 -0.000000 0.547201
vn -0.929788 -0.000000 0.368095
vn -0.929788 -0.000000 0.368095
vn -0.983316 -0.000000 0.181903
vn -0.983316 -0.000000 0.181903
vn -1.000000 0.000000 0.000000
vn -1.000000 0.000000 0.000000
vn -0.000100 -0.000000 1.000000
vn 0.000000 -0.000000 1.000000
vn -0.171303 -0.000000 0.985218
vn -0.171303 -0.000000 0.985218
vn -0.338819 -0.000000 0.940852
vn -0.496473 -0.000000 0.868052
vn -0.338819 -0.000000 0.940852
vn -0.496203 -0.000000 0.868206
vn -0.637584 -0.000000 0.770381
vn -0.637584 -0.000000 0.770381
vn -0.637584 -0.000000 0.770381
vn -0.000100 -0.000000 1.000000
vn 0.770381 -0.000000 0.637584
vn 0.770381 -0.000000 0.637584
vn 0.770381 -0.000000 0.637584
vn 0.770381 -0.000000 0.637584
vn 0.770381 -0.000000 0.637584
vn -0.637633 -0.000000 0.770340
vn -0.637633 -0.000000 0.770340
vn -0.788603 -0.000000 0.614902
vn -0.904909 -0.000000 0.425604
vn -0.788603 -0.000000 0.614902
vn -0.904909 -0.000000 0.425604
vn -0.976525 -0.000000 0.215405
vn -0.976525 -0.000000 0.215405
vn -1.000000 0.000000 -0.000100
vn -1.000000 0.000000 -0.000100
vn -0.976462 0.000000 -0.215692
vn -0.904814 0.000000 -0.425807
vn -0.976462 0.000000 -0.215692
vn -0.904814 0.000000 -0.425807
vn -0.788517 0.000000 -0.615013
vn -0.637476 0.000000 -0.770471
vn -0.788517 0.000000 -0.615013
vn -0.637476 0.000000 -0.770471
vn 0.770381 0.000000 -0.637584
vn 0.770381 0.000000 -0.637584
vn 0.770381 0.000000 -0.637584
vn 0.770381 0.000000 -0.637584
vn -0.637308 0.000000 -0.770609
vn -0.637308 0.000000 -0.770609
vn -0.503305 0.000000 -0.864109
vn -0.348591 0.000000 -0.937275
vn -0.503305 0.000000 -0.864109
vn -0.348591 0.000000 -0.937275
vn -0.178507 0.000000 -0.983939
vn 0.000200 0.000000 -1.000000
vn -0.178507 0.000000 -0.983939
vn 0.000200 0.000000 -1.000000
vn 0.178797 0.000000 -0.983886
vn 0.348920 0.000000 -0.937153
vn 0.178797 0.000000 -0.983886
vn 0.348920 0.000000 -0.937153
vn 0.503498 0.000000 -0.863996
vn 0.637584 0.000000 -0.770381
vn 0.503498 0.000000 -0.863996
vn 0.637584 0.000000 -0.770381
vn -0.770381 0.000000 -0.637584
vn -0.770381 0.000000 -0.637584
vn -0.770381 0.000000 -0.637584
vn -0.770381 0.000000 -0.637584
vn 0.637693 0.000000 -0.770291
vn 0.788603 0.000000 -0.614902
vn 0.637693 0.000000 -0.770291
vn 0.788603 0.000000 -0.614902
vn 0.904871 0.000000 -0.425686
vn 0.976462 0.000000 -0.215692
vn 0.904871 0.000000 -0.425686
vn 0.976462 0.000000 -0.215692
vn 1.000000 0.000000 -0.000100
vn 0.976525 -0.000000 0.215405
vn 1.000000 0.000000 -0.000100
vn 0.976525 -0.000000 0.215405
vn 0.904966 -0.000000 0.425484
vn 0.788824 -0.000000 0.614619
vn 0.904966 -0.000000 0.425484
vn 0.788824 -0.000000 0.614619
vn 0.637909 -0.000000 0.770111
vn 0.637909 -0.000000 0.770111
vn 0.637909 -0.000000 0.770111
vn -0.770340 -0.000000 0.637633
vn -0.770340 -0.000000 0.637633
vn -0.770340 -0.000000 0.637633
vn -0.770340 -0.000000 0.637633
vn -0.770340 -0.000000 0.637633
vn -0.770340 -0.000000 0.637633
vn 0.637909 -0.000000 0.770111
vn 0.637909 -0.000000 0.770111
vn 0.496903 -0.000000 0.867806
vn 0.338996 -0.000000 0.940788
vn 0.496710 -0.000000 0.867917
vn 0.637909 -0.000000 0.770111
vn 0.338996 -0.000000 0.940788
vn 0.170801 -0.000000 0.985306
vn 0.000000 -0.000000 1.000000
vn 0.000000 -0.000000 1.000000
vn 0.170801 -0.000000 0.985306
vn 0.000000 -0.000000 1.000000
vn 1.000000 0.000000 0.000000
vn 1.000000 0.000000 0.000000
vn 0.985289 -0.000000 0.170898
vn 0.985289 -0.000000 0.170898
vn 0.940863 -0.000000 0.338787
vn 0.940863 -0.000000 0.338787
vn 0.867874 -0.000000 0.496785
vn 0.770381 -0.000000 0.637584
vn 0.867874 -0.000000 0.496785
vn 0.770381 -0.000000 0.637584
vn 1.000000 0.000000 0.000000
vn 0.637584 0.000000 -0.770381
vn 0.637584 0.000000 -0.770381
vn 0.637584 0.000000 -0.770381
vn 0.637584 0.000000 -0.770381
vn 0.770291 -0.000000 0.637693
vn 0.770291 -0.000000 0.637693
vn 0.614902 -0.000000 0.788603
vn 0.425604 -0.000000 0.904909
vn 0.614902 -0.000000 0.788603
vn 0.425604 -0.000000 0.904909
vn 0.215405 -0.000000 0.976525
vn 0.215405 -0.000000 0.976525
vn -0.000100 -0.000000 1.000000
vn -0.000100 -0.000000 1.000000
vn -0.215596 -0.000000 0.976483
vn -0.425807 -0.000000 0.904814
vn -0.215596 -0.000000 0.976483
vn -0.425807 -0.000000 0.904814
vn -0.614902 -0.000000 0.788603
vn -0.770520 -0.000000 0.637416
vn -0.614902 -0.000000 0.788603
vn -0.770520 -0.000000 0.637416
vn -0.637584 0.000000 -0.770381
vn -0.637584 0.000000 -0.770381
vn -0.637584 0.000000 -0.770381
vn -0.637584 0.000000 -0.770381
vn -0.770609 -0.000000 0.637308
vn -0.864178 -0.000000 0.503187
vn -0.770609 -0.000000 0.637308
vn -0.864178 -0.000000 0.503187
vn -0.937230 -0.000000 0.348711
vn -0.937230 -0.000000 0.348711
vn -0.983977 -0.000000 0.178296
vn -1.000000 0.000000 -0.000200
vn -0.983977 -0.000000 0.178296
vn -1.000000 0.000000 -0.000200
vn -0.983903 0.000000 -0.178701
vn -0.983903 0.000000 -0.178701
vn -0.937165 0.000000 -0.348887
vn -0.937165 0.000000 -0.348887
vn -0.863996 0.000000 -0.503498
vn -0.770381 0.000000 -0.637584
vn -0.770381 0.000000 -0.637584
vn -0.863996 0.000000 -0.503498
vn -0.770381 0.000000 -0.637584
vn -0.637584 -0.000000 0.770381
vn -0.637584 -0.000000 0.770381
vn -0.637584 -0.000000 0.770381
vn -0.637584 -0.000000 0.770381
vn -0.637584 -0.000000 0.770381
vn -0.637584 -0.000000 0.770381
vn -0.770291 0.000000 -0.637693
vn -0.614902 0.000000 -0.788603
vn -0.770291 0.000000 -0.637693
vn -0.770291 0.000000 -0.637693
vn -0.614902 0.000000 -0.788603
vn -0.425686 0.000000 -0.904871
vn -0.215501 0.000000 -0.976504
vn -0.425686 0.000000 -0.904871
vn -0.215501 0.000000 -0.976504
vn -0.000100 0.000000 -1.000000
vn -0.000100 0.000000 -1.000000
vn 0.215405 0.000000 -0.976525
vn 0.425484 0.000000 -0.904966
vn 0.215405 0.000000 -0.976525
vn 0.425484 0.000000 -0.904966
vn 0.614619 0.000000 -0.788824
vn 0.770111 0.000000 -0.637909
vn 0.614570 0.000000 -0.788862
vn 0.770111 0.000000 -0.637909
vn 0.770111 0.000000 -0.637909
vn 0.637633 -0.000000 0.770340
vn 0.637633 -0.000000 0.770340
vn 0.637633 -0.000000 0.770340
vn 0.637633 -0.000000 0.770340
vn 0.637633 -0.000000 0.770340
vn 0.637633 -0.000000 0.770340
vn 0.770152 0.000000 -0.637860
vn 0.770111 0.000000 -0.637909
vn 0.867806 0.000000 -0.496903
vn 0.867738 0.000000 -0.497022
vn 0.940756 0.000000 -0.339084
vn 0.940756 0.000000 -0.339084
vn 0.985306 0.000000 -0.170801
vn 0.985306 0.000000 -0.170801
vn 1.000000 0.000000 0.000000
vn 1.000000 0.000000 0.000000
vn 1.000000 0.000000 0.000000
vn 0.770152 0.000000 -0.637860
vn 0.000100 0.000000 -1.000000
vn 0.000000 0.000000 -1.000000
vn 0.171303 0.000000 -0.985218
vn 0.171303 0.000000 -0.985218
vn 0.338907 0.000000 -0.940820
vn 0.338907 0.000000 -0.940820
vn 0.496203 0.000000 -0.868206
vn 0.637584 0.000000 -0.770381
vn 0.496203 0.000000 -0.868206
vn 0.637584 0.000000 -0.770381
vn 0.000100 0.000000 -1.000000
vn -0.770381 0.000000 -0.637584
vn -0.770381 0.000000 -0.637584
vn -0.770381 0.000000 -0.637584
vn -0.770381 0.000000 -0.637584
vn -0.770381 0.000000 -0.637584
vn 0.637693 0.000000 -0.770291
vn 0.637693 0.000000 -0.770291
vn 0.788689 0.000000 -0.614792
vn 0.788603 0.000000 -0.614902
vn 0.904909 0.000000 -0.425604
vn 0.904909 0.000000 -0.425604
vn 0.976525 0.000000 -0.215405
vn 1.000000 -0.000000 0.000200
vn 0.976525 0.000000 -0.215405
vn 1.000000 -0.000000 0.000200
vn 0.976462 -0.000000 0.215692
vn 0.904814 -0.000000 0.425807
vn 0.976462 -0.000000 0.215692
vn 0.904814 -0.000000 0.425807
vn 0.788468 -0.000000 0.615075
vn 0.637416 -0.000000 0.770520
vn 0.637416 -0.000000 0.770520
vn 0.788468 -0.000000 0.615075
vn 0.637416 -0.000000 0.770520
vn 0.637693 0.000000 -0.770291
vn -0.770340 -0.000000 0.637633
vn -0.770340 -0.000000 0.637633
vn -0.770340 -0.000000 0.637633
vn -0.770340 -0.000000 0.637633
vn -0.770340 -0.000000 0.637633
vn -0.770340 -0.000000 0.637633
vn 0.637367 -0.000000 0.770560
vn 0.637308 -0.000000 0.770609
vn 0.503187 -0.000000 0.864178
vn 0.503187 -0.000000 0.864178
vn 0.348503 -0.000000 0.937308
vn 0.348503 -0.000000 0.937308
vn 0.178393 -0.000000 0.983959
vn 0.178393 -0.000000 0.983959
vn -0.000200 -0.000000 1.000000
vn -0.000200 -0.000000 1.000000
vn -0.178604 -0.000000 0.983921
vn -0.348799 -0.000000 0.937198
vn -0.178604 -0.000000 0.983921
vn -0.348799 -0.000000 0.937198
vn -0.503498 -0.000000 0.863996
vn -0.637584 -0.000000 0.770381
vn -0.503498 -0.000000 0.863996
vn -0.637584 -0.000000 0.770381
vn -0.637584 -0.000000 0.770381
vn 0.637367 -0.000000 0.770560
vn 0.770340 -0.000000 0.637633
vn 0.770340 -0.000000 0.637633
vn 0.770340 -0.000000 0.637633
vn 0.770340 -0.000000 0.637633
vn 0.770340 -0.000000 0.637633
vn -0.637693 -0.000000 0.770291
vn -0.637693 -0.000000 0.770291
vn -0.788689 -0.000000 0.614792
vn -0.904871 -0.000000 0.425686
vn -0.788689 -0.000000 0.614792
vn -0.904871 -0.000000 0.425686
vn -0.976504 -0.000000 0.215501
vn -0.976504 -0.000000 0.215501
vn -1.000000 -0.000000 0.000200
vn -1.000000 -0.000000 0.000200
vn -0.976525 0.000000 -0.215405
vn -0.904966 0.000000 -0.425484
vn -0.976525 0.000000 -0.215405
vn -0.904966 0.000000 -0.425484
vn -0.788738 0.000000 -0.614730
vn -0.637909 0.000000 -0.770111
vn -0.788738 0.000000 -0.614730
vn -0.637909 0.000000 -0.770111
vn 0.770340 0.000000 -0.637633
vn 0.770340 0.000000 -0.637633
vn 0.770340 0.000000 -0.637633
vn 0.770340 0.000000 -0.637633
vn -0.637909 0.000000 -0.770111
vn -0.637909 0.000000 -0.770111
vn -0.497172 0.000000 -0.867652
vn -0.338996 0.000000 -0.940788
vn -0.497172 0.000000 -0.867652
vn -0.338996 0.000000 -0.940788
vn -0.170801 0.000000 -0.985306
vn 0.000000 0.000000 -1.000000
vn 0.000000 0.000000 -1.000000
vn -0.170801 0.000000 -0.985306
vn 0.000000 0.000000 -1.000000
vn -1.000000 0.000000 0.000000
vn -1.000000 0.000000 0.000000
vn -0.985306 0.000000 -0.170801
vn -0.985306 0.000000 -0.170801
vn -0.940820 0.000000 -0.338907
vn -0.868206 0.000000 -0.496204
vn -0.940820 0.000000 -0.338907
vn -0.867874 0.000000 -0.496785
vn -0.770340 0.000000 -0.637633
vn -0.770381 0.000000 -0.637584
vn -0.770340 0.000000 -0.637633
vn -1.000000 0.000000 0.000000
vn -0.637633 -0.000000 0.770340
vn -0.637633 -0.000000 0.770340
vn -0.637633 -0.000000 0.770340
vn -0.637633 -0.000000 0.770340
vn -0.637633 -0.000000 0.770340
vn -0.770291 0.000000 -0.637693
vn -0.770291 0.000000 -0.637693
vn -0.614792 0.000000 -0.788690
vn -0.425604 0.000000 -0.904909
vn -0.614792 0.000000 -0.788690
vn -0.425604 0.000000 -0.904909
vn -0.215501 0.000000 -0.976504
vn 0.000200 0.000000 -1.000000
vn -0.215501 0.000000 -0.976504
vn 0.000200 0.000000 -1.000000
vn 0.215691 0.000000 -0.976462
vn 0.425807 0.000000 -0.904814
vn 0.215691 0.000000 -0.976462
vn 0.425807 0.000000 -0.904814
vn 0.615013 0.000000 -0.788517
vn 0.770470 0.000000 -0.637476
vn 0.615013 0.000000 -0.788517
vn 0.770470 0.000000 -0.637476
vn 0.637633 -0.000000 0.770340
vn 0.637633 -0.000000 0.770340
vn 0.637633 -0.000000 0.770340
vn 0.637633 -0.000000 0.770340
vn 0.770609 0.000000 -0.637308
vn 0.770609 0.000000 -0.637308
vn 0.864178 0.000000 -0.503187
vn 0.937275 0.000000 -0.348591
vn 0.864178 0.000000 -0.503187
vn 0.937275 0.000000 -0.348591
vn 0.983994 0.000000 -0.178199
vn 0.983994 0.000000 -0.178199
vn 1.000000 -0.000000 0.000200
vn 1.000000 -0.000000 0.000200
vn 0.983903 -0.000000 0.178701
vn 0.937120 -0.000000 0.349007
vn 0.983903 -0.000000 0.178701
vn 0.937120 -0.000000 0.349007
vn 0.863996 -0.000000 0.503498
vn 0.770381 -0.000000 0.637584
vn 0.863996 -0.000000 0.503498
vn 0.770381 -0.000000 0.637584
vn 0.637633 0.000000 -0.770340
vn 0.637633 0.000000 -0.770340
vn 0.637633 0.000000 -0.770340
vn 0.637633 0.000000 -0.770340
vn 0.770291 -0.000000 0.637693
vn 0.614902 -0.000000 0.788603
vn 0.770291 -0.000000 0.637693
vn 0.614902 -0.000000 0.788603
vn 0.425686 -0.000000 0.904871
vn 0.425686 -0.000000 0.904871
vn 0.215596 -0.000000 0.976483
vn 0.000100 -0.000000 1.000000
vn 0.215596 -0.000000 0.976483
vn 0.000100 -0.000000 1.000000
vn -0.215405 -0.000000 0.976525
vn -0.215405 -0.000000 0.976525
vn -0.425484 -0.000000 0.904966
vn -0.425484 -0.000000 0.904966
vn -0.614570 -0.000000 0.788862
vn -0.770111 -0.000000 0.637909
vn -0.770111 -0.000000 0.637909
vn -0.614619 -0.000000 0.788824
vn -0.770111 -0.000000 0.637909
vn -0.637584 0.000000 -0.770381
vn -0.637584 0.000000 -0.770381
vn -0.637584 0.000000 -0.770381
vn -0.637584 0.000000 -0.770381
vn -0.637584 0.000000 -0.770381
vn -0.770111 -0.000000 0.637909
vn -0.867917 -0.000000 0.496710
vn -0.770111 -0.000000 0.637909
vn -0.867917 -0.000000 0.496710
vn -0.940788 -0.000000 0.338996
vn -0.985289 -0.000000 0.170898
vn -0.940788 -0.000000 0.338996
vn -0.985289 -0.000000 0.170898
vn -1.000000 0.000000 0.000000
vn -1.000000 0.000000 0.000000
vn -1.000000 0.000000 0.000000
vn 0.198500 -0.000000 0.980101
vn 0.198500 -0.000000 0.980101
vn -0.241806 -0.000000 0.970325
vn -0.241806 -0.000000 0.970325
vn -0.633134 -0.000000 0.774042
vn -0.633134 -0.000000 0.774042
vn -0.904299 -0.000000 0.426900
vn -0.904299 -0.000000 0.426900
vn -1.000000 -0.000000 0.000100
vn -1.000000 -0.000000 0.000100
vn 0.198500 -0.000000 0.980101
vn -1.000000 0.000000 0.000000
vn -1.000000 0.000000 0.000000
vn -1.000000 0.000000 0.000000
vn -1.000000 0.000000 0.000000
vn -1.000000 0.000000 -0.000100
vn -0.924988 0.000000 -0.379995
vn -1.000000 0.000000 -0.000100
vn -0.924988 0.000000 -0.379995
vn -0.699617 0.000000 -0.714518
vn -0.699617 0.000000 -0.714518
vn -0.363498 0.000000 -0.931595
vn -0.363498 0.000000 -0.931595
vn -0.000100 0.000000 -1.000000
vn -0.000100 0.000000 -1.000000
vn 0.000000 0.000000 -1.000000
vn 0.000000 0.000000 -1.000000
vn 0.000000 0.000000 -1.000000
vn 0.000000 0.000000 -1.000000
vn 0.000100 0.000000 -1.000000
vn 0.964630 -0.000000 0.263608
vn 0.000100 0.000000 -1.000000
vn 0.964630 -0.000000 0.263608
vn 0.913333 -0.000000 0.407215
vn 0.913333 -0.000000 0.407215
vn 0.836485 -0.000000 0.547990
vn 0.836485 -0.000000 0.547990
vn 0.737714 -0.000000 0.675113
vn 0.737714 -0.000000 0.675113
vn 0.619498 -0.000000 0.784998
vn 0.619498 -0.000000 0.784998
vn 0.486611 -0.000000 0.873619
vn 0.486611 -0.000000 0.873619
vn 0.344199 -0.000000 0.938897
vn 0.344199 -0.000000 0.938897
vn 0.271391 -0.000000 0.962469
vn 0.198596 -0.000000 0.980081
vn 0.271814 -0.000000 0.962350
vn 0.198596 -0.000000 0.980081
vn 0.271391 -0.000000 0.962469
vn 0.198596 -0.000000 0.980081
vn 0.344199 -0.000000 0.938897
vn 0.198596 0.000000 -0.980081
vn 0.274193 0.000000 -0.961675
vn 0.198596 0.000000 -0.980081
vn 0.198596 0.000000 -0.980081
vn 0.274193 0.000000 -0.961675
vn 0.348920 0.000000 -0.937153
vn 0.274193 0.000000 -0.961675
vn 0.348887 0.000000 -0.937165
vn 0.493088 0.000000 -0.869979
vn 0.493401 0.000000 -0.869802
vn 0.626182 0.000000 -0.779677
vn 0.626182 0.000000 -0.779677
vn 0.743279 0.000000 -0.668981
vn 0.840896 0.000000 -0.541197
vn 0.743279 0.000000 -0.668981
vn 0.840896 0.000000 -0.541197
vn 0.915813 0.000000 -0.401606
vn 0.915813 0.000000 -0.401606
vn 0.966492 0.000000 -0.256698
vn 0.966492 0.000000 -0.256698
vn 0.000100 -0.000000 1.000000
vn 0.000100 -0.000000 1.000000
vn 0.348887 0.000000 -0.937165
vn 0.000000 -0.000000 1.000000
vn 0.000000 -0.000000 1.000000
vn 0.000000 -0.000000 1.000000
vn 0.000000 -0.000000 1.000000
vn -0.000100 -0.000000 1.000000
vn -0.379910 -0.000000 0.925024
vn -0.000100 -0.000000 1.000000
vn -0.379910 -0.000000 0.925024
vn -0.714468 -0.000000 0.699668
vn -0.714468 -0.000000 0.699668
vn -0.931629 -0.000000 0.363411
vn -0.931629 -0.000000 0.363411
vn -1.000000 -0.000000 0.000100
vn -1.000000 -0.000000 0.000100
vn -1.000000 0.000000 0.000000
vn -1.000000 0.000000 0.000000
vn -1.000000 0.000000 0.000000
vn -1.000000 0.000000 0.000000
vn -1.000000 0.000000 -0.000100
vn -0.902881 0.000000 -0.429891
vn -1.000000 0.000000 -0.000100
vn -0.902881 0.000000 -0.429891
vn -0.633025 0.000000 -0.774131
vn -0.633025 0.000000 -0.774131
vn -0.238910 0.000000 -0.971042
vn -0.238698 0.000000 -0.971094
vn 0.198500 0.000000 -0.980101
vn 0.198500 0.000000 -0.980101
vn 0.198500 0.000000 -0.980101
vn 0.000100 0.000000 -1.000000
vn 0.379995 0.000000 -0.924988
vn 0.000100 0.000000 -1.000000
vn 0.379995 0.000000 -0.924988
vn 0.714468 0.000000 -0.699668
vn 0.931595 0.000000 -0.363498
vn 0.714468 0.000000 -0.699668
vn 0.931595 0.000000 -0.363498
vn 1.000000 0.000000 -0.000100
vn 1.000000 0.000000 -0.000100
vn 1.000000 0.000000 0.000000
vn 1.000000 0.000000 0.000000
vn 1.000000 0.000000 0.000000
vn 1.000000 0.000000 0.000000
vn 1.000000 0.000000 0.000000
vn -0.216401 -0.000000 0.976305
vn 1.000000 0.000000 0.000000
vn -0.216401 -0.000000 0.976305
vn -0.324496 -0.000000 0.945887
vn -0.324496 -0.000000 0.945887
vn -0.429122 -0.000000 0.903247
vn -0.529127 -0.000000 0.848543
vn -0.429122 -0.000000 0.903247
vn -0.529127 -0.000000 0.848543
vn -0.623792 -0.000000 0.781590
vn -0.623792 -0.000000 0.781590
vn -0.710001 -0.000000 0.704201
vn -0.710001 -0.000000 0.704201
vn -0.786544 -0.000000 0.617535
vn -0.786544 -0.000000 0.617535
vn -0.852279 -0.000000 0.523087
vn -0.852279 -0.000000 0.523087
vn -0.905840 -0.000000 0.423619
vn -0.905840 -0.000000 0.423619
vn -0.947385 -0.000000 0.320095
vn -0.947385 -0.000000 0.320095
vn -0.976525 -0.000000 0.215405
vn -0.976525 -0.000000 0.215405
vn 0.000000 0.000000 -1.000000
vn 0.000000 0.000000 -1.000000
vn 0.000000 0.000000 -1.000000
vn 0.000000 0.000000 -1.000000
vn 0.000000 0.000000 -1.000000
vn 0.000000 0.000000 -1.000000
vn 0.000000 -0.000000 1.000000
vn -0.976305 0.000200 -0.216401
vn 0.000000 -0.000000 1.000000
vn -0.976305 0.000000 -0.216401
vn -0.945887 0.000000 -0.324496
vn -0.945887 0.000000 -0.324496
vn -0.903438 0.000000 -0.428718
vn -0.903438 0.000000 -0.428718
vn -0.848733 0.000000 -0.528821
vn -0.781590 0.000000 -0.623792
vn -0.848733 0.000000 -0.528821
vn -0.781590 0.000000 -0.623792
vn -0.704201 0.000000 -0.710001
vn -0.704201 0.000000 -0.710001
vn -0.617596 0.000000 -0.786495
vn -0.617596 0.000000 -0.786495
vn -0.522970 0.000000 -0.852351
vn -0.522970 0.000000 -0.852351
vn -0.423093 0.000000 -0.906086
vn -0.423093 0.000000 -0.906086
vn -0.320604 0.000000 -0.947213
vn -0.320604 0.000000 -0.947213
vn -0.215405 0.000000 -0.976525
vn -0.215405 0.000000 -0.976525
vn 1.000000 0.000000 0.000000
vn 1.000000 0.000000 0.000000
vn 1.000000 0.000000 0.000000
vn 1.000000 0.000000 0.000000
vn 1.000000 0.000000 0.000000
vn 1.000000 0.000000 0.000000
vn 1.000000 -0.000000 0.000100
vn 0.925024 -0.000000 0.379910
vn 1.000000 -0.000000 0.000100
vn 0.925024 -0.000000 0.379910
vn 0.699718 -0.000000 0.714419
vn 0.699718 -0.000000 0.714419
vn 0.363411 -0.000000 0.931629
vn 0.363411 -0.000000 0.931629
vn 0.000100 -0.000000 1.000000
vn 0.000100 -0.000000 1.000000
vn 0.000000 -0.000000 1.000000
vn 0.000000 -0.000000 1.000000
vn 0.000000 -0.000000 1.000000
vn 0.000000 -0.000000 1.000000
vn 0.936866 0.000000 -0.349688
vn 0.936866 0.000000 -0.349688
vn 0.936866 0.000000 -0.349688
vn 0.936866 0.000000 -0.349688
vn 0.936821 0.000000 -0.349808
vn 0.790482 0.000000 -0.612486
vn 0.936821 0.000000 -0.349808
vn 0.790482 0.000000 -0.612486
vn 0.566711 0.000000 -0.823916
vn 0.566711 0.000000 -0.823916
vn 0.289796 0.000000 -0.957088
vn 0.289796 0.000000 -0.957088
vn 0.000000 0.000000 -1.000000
vn -0.297506 0.000000 -0.954720
vn 0.000000 0.000000 -1.000000
vn -0.297506 0.000000 -0.954720
vn -0.573798 0.000000 -0.818997
vn -0.573798 0.000000 -0.818997
vn -0.795308 0.000000 -0.606206
vn -0.795308 0.000000 -0.606206
vn -0.936821 0.000000 -0.349808
vn -0.936821 0.000000 -0.349808
vn -0.936866 0.000000 -0.349688
vn -0.936866 0.000000 -0.349688
vn -0.936866 0.000000 -0.349688
vn -0.936866 0.000000 -0.349688
vn -0.936821 0.000000 -0.349808
vn -0.936821 0.000000 -0.349808
vn -0.805367 0.000000 -0.592776
vn -0.805367 0.000000 -0.592776
vn -0.612818 0.000000 -0.790224
vn -0.612818 0.000000 -0.790224
vn -0.612770 0.000000 -0.790261
vn -0.612770 0.000000 -0.790261
vn -0.612770 0.000000 -0.790261
vn -0.661205 0.000000 -0.750205
vn -0.661205 0.000000 -0.750205
vn -0.707107 0.000000 -0.707107
vn -0.707107 0.000000 -0.707107
vn -0.750205 0.000000 -0.661205
vn -0.790261 0.000000 -0.612770
vn -0.750205 0.000000 -0.661205
vn -0.750205 0.000000 -0.661205
vn -0.790261 0.000000 -0.612770
vn -0.790261 0.000000 -0.612770
vn -0.707107 0.000000 -0.707107
vn -0.661205 0.000000 -0.750205
vn -0.612770 0.000000 -0.790261
vn -0.790224 0.000000 -0.612818
vn -0.592373 0.000000 -0.805664
vn -0.790224 0.000000 -0.612818
vn -0.790224 0.000000 -0.612818
vn -0.592373 0.000000 -0.805664
vn -0.349808 0.000000 -0.936821
vn -0.349808 0.000000 -0.936821
vn -0.349687 0.000000 -0.936866
vn -0.349687 0.000000 -0.936866
vn -0.349687 0.000000 -0.936866
vn -0.349687 0.000000 -0.936866
vn -0.349687 0.000000 -0.936866
vn -0.349687 0.000000 -0.936866
vn -0.349687 0.000000 -0.936866
vn -0.349687 0.000000 -0.936866
vn -0.349687 0.000000 -0.936866
vn -0.349687 0.000000 -0.936866
vn -0.349687 0.000000 -0.936866
vn -0.349687 0.000000 -0.936866
vn -0.349687 0.000000 -0.936866
vn -0.349687 0.000000 -0.936866
vn -0.349687 0.000000 -0.936866
vn -0.349687 0.000000 -0.936866
vn -0.349687 0.000000 -0.936866
vn -0.349687 0.000000 -0.936866
vn -0.349687 0.000000 -0.936866
vn -0.349687 0.000000 -0.936866
vn -0.349687 0.000000 -0.936866
vn -0.349687 0.000000 -0.936866
vn -0.349687 0.000000 -0.936866
vn -0.349687 0.000000 -0.936866
vn -0.349687 0.000000 -0.936866
vn -0.349687 0.000000 -0.936866
vn -0.349687 0.000000 -0.936866
vn -0.349808 0.000000 -0.936821
vn -0.612534 0.000000 -0.790444
vn -0.349808 0.000000 -0.936821
vn -0.612534 0.000000 -0.790444
vn -0.823916 0.000000 -0.566711
vn -0.823916 0.000000 -0.566711
vn -0.957088 0.000000 -0.289796
vn -0.957088 0.000000 -0.289796
vn -1.000000 0.000000 0.000000
vn -1.000000 0.000000 0.000000
vn -0.954720 -0.000000 0.297506
vn -0.819044 -0.000000 0.573731
vn -0.954720 -0.000000 0.297506
vn -0.819044 -0.000000 0.573731
vn -0.606206 -0.000000 0.795308
vn -0.606206 -0.000000 0.795308
vn -0.349808 -0.000000 0.936821
vn -0.349808 -0.000000 0.936821
vn -0.349687 -0.000000 0.936866
vn -0.349687 -0.000000 0.936866
vn -0.349687 -0.000000 0.936866
vn -0.349687 -0.000000 0.936866
vn -0.349687 -0.000000 0.936866
vn -0.349687 -0.000000 0.936866
vn -0.349687 -0.000000 0.936866
vn -0.349687 -0.000000 0.936866
vn -0.349687 -0.000000 0.936866
vn -0.349687 -0.000000 0.936866
vn -0.349687 -0.000000 0.936866
vn -0.349687 -0.000000 0.936866
vn -0.349687 -0.000000 0.936866
vn -0.349808 -0.000000 0.936821
vn -0.349808 -0.000000 0.936821
vn -0.592711 -0.000000 0.805415
vn -0.592711 -0.000000 0.805415
vn -0.790224 -0.000000 0.612818
vn -0.790224 -0.000000 0.612818
vn -0.790224 -0.000000 0.612818
vn -0.790261 -0.000000 0.612770
vn -0.750205 -0.000000 0.661205
vn -0.750205 -0.000000 0.661205
vn -0.790261 -0.000000 0.612770
vn -0.790261 -0.000000 0.612770
vn -0.750205 -0.000000 0.661205
vn -0.750205 -0.000000 0.661205
vn -0.707107 -0.000000 0.707107
vn -0.750205 -0.000000 0.661205
vn -0.707107 -0.000000 0.707107
vn -0.661205 -0.000000 0.750205
vn -0.661205 -0.000000 0.750205
vn -0.612707 -0.000000 0.790310
vn -0.612707 -0.000000 0.790310
vn -0.661205 -0.000000 0.750205
vn -0.661205 -0.000000 0.750205
vn -0.612770 -0.000000 0.790261
vn -0.661205 -0.000000 0.750205
vn -0.707107 -0.000000 0.707107
vn -0.707107 -0.000000 0.707107
vn -0.707107 -0.000000 0.707107
vn -0.612818 -0.000000 0.790224
vn -0.805629 -0.000000 0.592421
vn -0.612818 -0.000000 0.790224
vn -0.612818 -0.000000 0.790224
vn -0.805629 -0.000000 0.592421
vn -0.936821 -0.000000 0.349808
vn -0.936821 -0.000000 0.349808
vn -0.936866 -0.000000 0.349688
vn -0.936866 -0.000000 0.349688
vn -0.936866 -0.000000 0.349688
vn -0.936866 -0.000000 0.349688
vn -0.936821 -0.000000 0.349808
vn -0.790482 -0.000000 0.612486
vn -0.936821 -0.000000 0.349808
vn -0.790482 -0.000000 0.612486
vn -0.566665 -0.000000 0.823949
vn -0.289796 -0.000000 0.957088
vn -0.566665 -0.000000 0.823949
vn -0.289796 -0.000000 0.957088
vn 0.000000 -0.000000 1.000000
vn 0.000000 -0.000000 1.000000
vn 0.297295 -0.000000 0.954786
vn 0.297295 -0.000000 0.954786
vn 0.573798 -0.000000 0.818997
vn 0.573798 -0.000000 0.818997
vn 0.795308 -0.000000 0.606206
vn 0.795308 -0.000000 0.606206
vn 0.936821 -0.000000 0.349808
vn 0.936821 -0.000000 0.349808
vn 0.936866 -0.000000 0.349688
vn 0.936866 -0.000000 0.349688
vn 0.936866 -0.000000 0.349688
vn 0.936866 -0.000000 0.349688
vn 0.936821 -0.000000 0.349808
vn 0.936821 -0.000000 0.349808
vn 0.805415 -0.000000 0.592711
vn 0.805415 -0.000000 0.592711
vn 0.612818 -0.000000 0.790224
vn 0.612818 -0.000000 0.790224
vn 0.612770 -0.000000 0.790261
vn 0.612770 -0.000000 0.790261
vn 0.661205 -0.000000 0.750205
vn 0.612770 -0.000000 0.790261
vn 0.661205 -0.000000 0.750205
vn 0.707107 -0.000000 0.707107
vn 0.707107 -0.000000 0.707107
vn 0.750205 -0.000000 0.661205
vn 0.750205 -0.000000 0.661205
vn 0.790261 -0.000000 0.612770
vn 0.790261 -0.000000 0.612770
vn 0.790261 -0.000000 0.612770
vn 0.750205 -0.000000 0.661205
vn 0.750205 -0.000000 0.661205
vn 0.707107 -0.000000 0.707107
vn 0.750205 -0.000000 0.661205
vn 0.707107 -0.000000 0.707107
vn 0.661205 -0.000000 0.750205
vn 0.612770 -0.000000 0.790261
vn 0.661205 -0.000000 0.750205
vn 0.661205 -0.000000 0.750205
vn 0.707107 -0.000000 0.707107
vn 0.790224 -0.000000 0.612818
vn 0.592421 -0.000000 0.805629
vn 0.790224 -0.000000 0.612818
vn 0.592421 -0.000000 0.805629
vn 0.790224 -0.000000 0.612818
vn 0.349808 -0.000000 0.936821
vn 0.349808 -0.000000 0.936821
vn 0.349687 -0.000000 0.936866
vn 0.349687 -0.000000 0.936866
vn 0.349687 -0.000000 0.936866
vn 0.349687 -0.000000 0.936866
vn 0.349687 -0.000000 0.936866
vn 0.349687 -0.000000 0.936866
vn 0.349687 -0.000000 0.936866
vn 0.349687 -0.000000 0.936866
vn 0.349687 -0.000000 0.936866
vn 0.349687 -0.000000 0.936866
vn 0.349687 -0.000000 0.936866
vn 0.349687 -0.000000 0.936866
vn 0.349687 -0.000000 0.936866
vn 0.349687 -0.000000 0.936866
vn 0.349687 -0.000000 0.936866
vn 0.349687 -0.000000 0.936866
vn 0.349687 -0.000000 0.936866
vn 0.349687 -0.000000 0.936866
vn 0.349687 -0.000000 0.936866
vn 0.349687 -0.000000 0.936866
vn 0.349687 -0.000000 0.936866
vn 0.349687 -0.000000 0.936866
vn 0.349687 -0.000000 0.936866
vn 0.349687 -0.000000 0.936866
vn 0.349687 -0.000000 0.936866
vn 0.349687 -0.000000 0.936866
vn 0.349687 -0.000000 0.936866
vn 0.349687 0.000000 -0.936866
vn 0.349687 0.000000 -0.936866
vn 0.349687 0.000000 -0.936866
vn 0.349687 0.000000 -0.936866
vn 0.349808 0.000000 -0.936821
vn 0.349808 0.000000 -0.936821
vn 0.592776 0.000000 -0.805367
vn 0.592776 0.000000 -0.805367
vn 0.790224 0.000000 -0.612818
vn 0.790224 0.000000 -0.612818
vn 0.790224 0.000000 -0.612818
vn 0.790261 0.000000 -0.612770
vn 0.750205 0.000000 -0.661205
vn 0.750205 0.000000 -0.661205
vn 0.790261 0.000000 -0.612770
vn 0.750205 0.000000 -0.661205
vn 0.750205 0.000000 -0.661205
vn 0.790261 0.000000 -0.612770
vn 0.750205 0.000000 -0.661205
vn 0.707107 0.000000 -0.707107
vn 0.661205 0.000000 -0.750205
vn 0.707107 0.000000 -0.707107
vn 0.707107 0.000000 -0.707107
vn 0.661205 0.000000 -0.750205
vn 0.612770 0.000000 -0.790261
vn 0.661205 0.000000 -0.750205
vn 0.612770 0.000000 -0.790261
vn 0.661205 0.000000 -0.750205
vn 0.707107 0.000000 -0.707107
vn 0.661205 0.000000 -0.750205
vn 0.612770 0.000000 -0.790261
vn 0.707107 0.000000 -0.707107
vn 0.612818 0.000000 -0.790224
vn 0.805629 0.000000 -0.592421
vn 0.612818 0.000000 -0.790224
vn 0.612818 0.000000 -0.790224
vn 0.805629 0.000000 -0.592421
vn 0.936821 0.000000 -0.349808
vn 0.936821 0.000000 -0.349808
vn -0.707107 0.000000 -0.707107
vn -0.707107 0.000000 -0.707107
vn -0.707107 0.000000 -0.707107
vn -0.707107 0.000000 -0.707107
vn -0.349687 -0.000000 0.936866
vn -0.349687 -0.000000 0.936866
vn -0.349687 -0.000000 0.936866
vn -0.349687 -0.000000 0.936866
vn -0.349687 -0.000000 0.936866
vn -0.349687 -0.000000 0.936866
vn -0.349687 -0.000000 0.936866
vn -0.349687 -0.000000 0.936866
vn -0.349687 -0.000000 0.936866
vn -0.349687 -0.000000 0.936866
vn -0.349687 -0.000000 0.936866
vn -0.349687 -0.000000 0.936866
vn -0.349687 -0.000000 0.936866
vn -0.349687 -0.000000 0.936866
vn -0.349687 -0.000000 0.936866
vn -0.349687 -0.000000 0.936866
vn -0.349687 -0.000000 0.936866
vn -0.349687 -0.000000 0.936866
vn -0.349687 -0.000000 0.936866
vn -0.349687 -0.000000 0.936866
vn -0.349687 -0.000000 0.936866
vn -0.349687 -0.000000 0.936866
vn -0.349687 -0.000000 0.936866
vn -0.349687 -0.000000 0.936866
vn -0.349687 -0.000000 0.936866
vn -0.349687 -0.000000 0.936866
vn -0.349687 -0.000000 0.936866
vn 0.707107 -0.000000 0.707107
vn 0.707107 -0.000000 0.707107
vn 0.707107 -0.000000 0.707107
vn 0.707107 -0.000000 0.707107
vn -0.707107 -0.000000 0.707107
vn -0.707107 -0.000000 0.707107
vn -0.707107 -0.000000 0.707107
vn -0.707107 -0.000000 0.707107
vn -0.707107 0.000000 -0.707107
vn -0.707107 0.000000 -0.707107
vn -0.707107 0.000000 -0.707107
vn -0.707107 0.000000 -0.707107
vn -0.936866 -0.000000 0.349688
vn -0.936866 -0.000000 0.349688
vn -0.936866 -0.000000 0.349688
vn -0.936866 -0.000000 0.349688
vn 0.707107 -0.000000 0.707107
vn 0.707107 -0.000000 0.707107
vn 0.707107 -0.000000 0.707107
vn 0.707107 -0.000000 0.707107
vn -0.707107 -0.000000 0.707107
vn -0.707107 -0.000000 0.707107
vn -0.707107 -0.000000 0.707107
vn -0.707107 -0.000000 0.707107
vn -0.707107 -0.000000 0.707107
vn -0.707107 -0.000000 0.707107
vn -0.707107 -0.000000 0.707107
vn -0.707107 -0.000000 0.707107
vn 0.936866 -0.000000 0.349688
vn 0.936866 -0.000000 0.349688
vn 0.936866 -0.000000 0.349688
vn 0.936866 -0.000000 0.349688
vn 0.707107 0.000000 -0.707107
vn 0.707107 0.000000 -0.707107
vn 0.707107 0.000000 -0.707107
vn 0.707107 0.000000 -0.707107
vn 0.707107 -0.000000 0.707107
vn 0.707107 -0.000000 0.707107
vn 0.707107 -0.000000 0.707107
vn 0.707107 -0.000000 0.707107
vn -0.707107 -0.000000 0.707107
vn -0.707107 -0.000000 0.707107
vn -0.707107 -0.000000 0.707107
vn -0.707107 -0.000000 0.707107
vn 0.349687 -0.000000 0.936866
vn 0.349687 -0.000000 0.936866
vn 0.349687 -0.000000 0.936866
vn 0.349687 -0.000000 0.936866
vn 0.349687 -0.000000 0.936866
vn 0.349687 -0.000000 0.936866
vn 0.349687 -0.000000 0.936866
vn 0.349687 -0.000000 0.936866
vn 0.349687 -0.000000 0.936866
vn 0.349687 -0.000000 0.936866
vn 0.349687 -0.000000 0.936866
vn 0.349687 -0.000000 0.936866
vn 0.349687 -0.000000 0.936866
vn 0.707107 0.000000 -0.707107
vn 0.707107 0.000000 -0.707107
vn 0.707107 0.000000 -0.707107
vn 0.707107 0.000000 -0.707107
vn 0.707107 -0.000000 0.707107
vn 0.707107 -0.000000 0.707107
vn 0.707107 -0.000000 0.707107
vn 0.707107 -0.000000 0.707107
vn 0.707107 -0.000000 0.707107
vn 0.707107 -0.000000 0.707107
vn 0.707107 -0.000000 0.707107
vn 0.707107 -0.000000 0.707107
vn 0.349687 0.000000 -0.936866
vn 0.349687 0.000000 -0.936866
vn 0.349687 0.000000 -0.936866
vn 0.349687 0.000000 -0.936866
vn -0.707107 0.000000 -0.707107
vn -0.707107 0.000000 -0.707107
vn -0.707107 0.000000 -0.707107
vn -0.707107 0.000000 -0.707107
vn 0.707107 0.000000 -0.707107
vn 0.707107 0.000000 -0.707107
vn 0.707107 0.000000 -0.707107
vn 0.707107 0.000000 -0.707107
vn 0.707107 -0.000000 0.707107
vn 0.707107 -0.000000 0.707107
vn 0.707107 -0.000000 0.707107
vn 0.707107 -0.000000 0.707107
vn 0.936866 0.000000 -0.349688
vn 0.936866 0.000000 -0.349688
vn 0.936866 0.000000 -0.349688
vn 0.936866 0.000000 -0.349688
vn -0.707107 0.000000 -0.707107
vn -0.707107 0.000000 -0.707107
vn -0.707107 0.000000 -0.707107
vn -0.707107 0.000000 -0.707107
vn 0.707107 0.000000 -0.707107
vn 0.707107 0.000000 -0.707107
vn 0.707107 0.000000 -0.707107
vn 0.707107 0.000000 -0.707107
vn 0.707107 0.000000 -0.707107
vn 0.707107 0.000000 -0.707107
vn 0.707107 0.000000 -0.707107
vn 0.707107 0.000000 -0.707107
vn -0.936866 0.000000 -0.349688
vn -0.936866 0.000000 -0.349688
vn -0.936866 0.000000 -0.349688
vn -0.936866 0.000000 -0.349688
vn -0.707107 -0.000000 0.707107
vn -0.707107 -0.000000 0.707107
vn -0.707107 -0.000000 0.707107
vn -0.707107 -0.000000 0.707107
vn 0.707107 0.000000 -0.707107
vn 0.707107 0.000000 -0.707107
vn 0.707107 0.000000 -0.707107
vn 0.707107 0.000000 -0.707107
vn -0.349687 0.000000 -0.936866
vn -0.349687 0.000000 -0.936866
vn -0.349687 0.000000 -0.936866
vn -0.349687 0.000000 -0.936866
vn -0.349687 0.000000 -0.936866
vn -0.349687 0.000000 -0.936866
vn -0.349687 0.000000 -0.936866
vn -0.349687 0.000000 -0.936866
vn -0.349687 0.000000 -0.936866
vn -0.349687 0.000000 -0.936866
vn -0.349687 0.000000 -0.936866
vn -0.349687 0.000000 -0.936866
vn -0.349687 0.000000 -0.936866
vn -0.707107 -0.000000 0.707107
vn -0.707107 -0.000000 0.707107
vn -0.707107 -0.000000 0.707107
vn -0.707107 -0.000000 0.707107
vn 0.000000 -1.000000 -0.000000
vn 0.000000 -1.000000 -0.000000
vn 0.000000 -1.000000 -0.000000
vn 0.000000 -1.000000 -0.000000
vn 0.000000 -1.000000 -0.000000
vn 0.000000 -1.000000 -0.000000
vn 0.000000 -1.000000 -0.000000
vn 0.000000 -1.000000 -0.000000
vn 0.000000 -1.000000 -0.000000
vn 0.000000 -1.000000 -0.000000
vn 0.000000 -1.000000 -0.000000
vn 0.000000 -1.000000 -0.000000
vn 0.000000 -1.000000 -0.000000
vn 0.000000 -1.000000 -0.000000
vn 0.000000 -1.000000 -0.000000
vn 0.000000 -1.000000 -0.000000
vn 0.000000 -1.000000 -0.000000
vn 0.000000 -1.000000 -0.000000
vn 0.000000 -1.000000 -0.000000
vn 0.000000 -1.000000 -0.000000
vn 0.000000 -1.000000 -0.000000
vn 0.000000 -1.000000 -0.000000
vn 0.000000 -1.000000 -0.000000
vn 0.000000 -1.000000 -0.000000
vn 0.000000 -1.000000 -0.000000
vn 0.000000 -1.000000 -0.000000
vn 0.000000 -1.000000 -0.000000
vn 0.000000 -1.000000 -0.000000
vn 0.000000 -1.000000 -0.000000
vn 0.000000 -1.000000 -0.000000
vn 0.000000 -1.000000 -0.000000
vn 0.000000 -1.000000 -0.000000
vn 0.000000 -1.000000 -0.000000
vn 0.000000 -1.000000 -0.000000
vn 0.000000 -1.000000 -0.000000
vn 0.000000 -1.000000 -0.000000
vn 0.000000 -1.000000 -0.000000
vn 0.000000 -1.000000 -0.000000
vn 0.000000 -1.000000 -0.000000
vn 0.000000 -1.000000 -0.000000
vn 0.000000 -1.000000 -0.000000
vn 0.000000 -1.000000 -0.000000
vn 0.000000 -1.000000 -0.000000
vn 0.000000 -1.000000 -0.000000
vn 0.000000 -1.000000 -0.000000
vn 0.000000 -1.000000 -0.000000
vn 0.000000 -1.000000 -0.000000
vn 0.000000 -1.000000 -0.000000
vn 0.000000 -1.000000 -0.000000
vn 0.000000 -1.000000 -0.000000
vn 0.000000 -1.000000 -0.000000
vn 0.000000 -1.000000 -0.000000
vn 0.000000 -1.000000 -0.000000
vn 0.000000 -1.000000 -0.000000
vn 0.000000 -1.000000 -0.000000
vn 0.000000 -1.000000 -0.000000
vn 0.000000 -1.000000 -0.000000
vn 0.000000 -1.000000 -0.000000
vn 0.000000 -1.000000 -0.000300
vn 0.000000 -1.000000 -0.000000
vn 0.000000 -1.000000 -0.000000
vn 0.000000 -1.000000 -0.000000
vn 0.000000 -1.000000 -0.000000
vn 0.000000 -1.000000 -0.000000
vn 0.000000 -1.000000 -0.000000
vn 0.000000 -1.000000 -0.000000
vn 0.000000 -1.000000 -0.000000
vn 0.000000 -1.000000 -0.000000
vn 0.000000 -1.000000 -0.000000
vn 0.000000 -1.000000 -0.000000
vn 0.000000 -1.000000 -0.000000
vn 0.000000 -1.000000 -0.000000
vn 0.000000 -1.000000 -0.000000
vn 0.000000 -1.000000 -0.000000
vn 0.000000 -1.000000 -0.000000
vn 0.000000 -1.000000 -0.000000
vn 0.000000 -1.000000 -0.000000
vn 0.000000 -1.000000 -0.000000
vn 0.000000 -1.000000 -0.000000
vn 0.000000 -1.000000 -0.000000
vn 0.000000 -1.000000 -0.000000
vn 0.000000 -1.000000 -0.000000
vn 0.000000 -1.000000 -0.000000
vn 0.000000 -1.000000 -0.000000
vn 0.000000 -1.000000 -0.000000
vn 0.000000 -1.000000 -0.000000
vn 0.000000 -1.000000 -0.000000
vn 0.000000 -1.000000 -0.000000
vn 0.000000 -1.000000 -0.000000
vn 0.000000 -1.000000 -0.000000
vn 0.000000 -1.000000 -0.000000
vn 0.000000 -1.000000 -0.000000
vn 0.000000 -1.000000 -0.000000
vn 0.000000 -1.000000 -0.000000
vn 0.000000 -1.000000 -0.000000
vn 0.000000 -1.000000 -0.000000
vn 0.000000 -1.000000 -0.000000
vn 0.000000 -1.000000 -0.000000
vn 0.000000 -1.000000 -0.000000
vn 0.000000 -1.000000 -0.000000
vn 0.000000 -1.000000 -0.000000
vn 0.000000 -1.000000 -0.000000
vn 0.000000 -1.000000 -0.000000
vn 0.000000 -1.000000 -0.000000
vn 0.000000 -1.000000 -0.000000
vn 0.000000 -1.000000 -0.000000
vn 0.000000 -1.000000 -0.000000
vn 0.000000 -1.000000 -0.000000
vn 0.000000 -1.000000 -0.000000
vn 0.000000 -1.000000 -0.000000
vn 0.000000 -1.000000 -0.000000
vn 0.000000 -1.000000 -0.000000
vn 0.000000 -1.000000 -0.000000
vn 0.000000 -1.000000 -0.000000
vn 0.000000 -1.000000 -0.000000
vn 0.000000 -1.000000 -0.000000
vn 0.000000 -1.000000 -0.000000
vn 0.000000 -1.000000 -0.000000
vn 0.000000 -1.000000 -0.000000
vn 0.000000 -1.000000 -0.000000
vn 0.000000 -1.000000 -0.000000
vn 0.000000 -1.000000 -0.000000
vn 0.000000 -1.000000 -0.000000
vn 0.000000 -1.000000 -0.000000
vn 0.000000 -1.000000 -0.000000
vn 0.000000 -1.000000 -0.000000
vn 0.000000 -1.000000 -0.000000
vn 0.000000 -1.000000 -0.000000
vn 0.000000 -1.000000 -0.000000
vn 0.000000 -1.000000 -0.000000
vn 0.000000 -1.000000 -0.000000
vn 0.000000 -1.000000 -0.000000
vn 0.000000 -1.000000 -0.000000
vn 0.000000 -1.000000 -0.000000
vn 0.000000 -1.000000 -0.000000
vn 0.000000 -1.000000 -0.000000
vn 0.000000 -1.000000 -0.000000
vn 0.000000 -1.000000 -0.000000
vn 0.000000 -1.000000 -0.000000
vn 0.000000 -1.000000 -0.000000
vn 0.000000 -1.000000 -0.000000
vn 0.000000 -1.000000 -0.000000
vn 0.000000 -1.000000 -0.000000
vn 0.000000 -1.000000 -0.000000
vn 0.000000 -1.000000 -0.000000
vn 0.000000 -1.000000 -0.000000
vn 0.000000 -1.000000 -0.000000
vn 0.000000 -1.000000 -0.000000
vn 0.000000 -1.000000 -0.000000
vn 0.000000 -1.000000 -0.000000
vn 0.000000 -1.000000 -0.000000
vn 0.000000 -1.000000 -0.000000
vn 0.000000 -1.000000 -0.000000
vn 0.000000 -1.000000 -0.000000
vn 0.000000 -1.000000 -0.000000
vn 0.000000 -1.000000 -0.000000
vn 0.000000 -1.000000 -0.000000
vn 0.000000 -1.000000 -0.000000
vn 0.000000 -1.000000 -0.000000
vn 0.000000 -1.000000 -0.000000
vn 0.000000 -1.000000 -0.000000
vn 0.000000 -1.000000 -0.000000
vn 0.000000 -1.000000 -0.000000
vn 0.000000 -1.000000 -0.000000
vn 0.000000 -1.000000 -0.000000
vn 0.000000 -1.000000 -0.000000
vn 0.000000 -1.000000 -0.000000
vn 0.000000 -1.000000 -0.000000
vn 0.000000 -1.000000 -0.000000
vn 0.000000 -1.000000 -0.000000
vn 0.000000 -1.000000 -0.000000
vn 0.000000 -1.000000 -0.000000
vn 0.000000 -1.000000 -0.000000
vn 0.000000 -1.000000 -0.000000
vn 0.000000 -1.000000 -0.000000
vn 0.000000 -1.000000 -0.000000
vn 0.000000 -1.000000 -0.000000
vn 0.000000 -1.000000 -0.000000
vn 0.000000 -1.000000 -0.000000
vn 0.000000 -1.000000 -0.000000
vn 0.000000 -1.000000 -0.000000
vn 0.000000 -1.000000 -0.000000
vn 0.000000 -1.000000 -0.000000
vn 0.000000 -1.000000 -0.000000
vn 0.000000 -1.000000 -0.000000
vn 0.000000 -1.000000 -0.000000
vn 0.000000 -1.000000 -0.000000
vn 0.000000 -1.000000 -0.000000
vn 0.000000 -1.000000 -0.000000
vn 0.000000 -1.000000 -0.000000
vn 0.000000 -1.000000 -0.000000
vn 0.000000 -1.000000 -0.000000
vn 0.000000 -1.000000 -0.000000
vn 0.000000 -1.000000 -0.000000
vn 0.000000 -1.000000 -0.000000
vn 0.000000 -1.000000 -0.000000
vn 0.000000 -1.000000 -0.000000
vn 0.000000 -1.000000 -0.000000
vn 0.000000 -1.000000 -0.000000
vn 0.000000 -1.000000 -0.000000
vn 0.000000 -1.000000 -0.000000
vn 0.000000 -1.000000 -0.000000
vn 0.000000 -1.000000 -0.000000
vn 0.000000 -1.000000 -0.000000
vn 0.000000 -1.000000 -0.000000
vn 0.000000 -1.000000 -0.000000
vn 0.000000 -1.000000 -0.000000
vn 0.000000 -1.000000 -0.000000
vn 0.000000 -1.000000 -0.000000
vn 0.000000 -1.000000 -0.000000
vn 0.000000 -1.000000 -0.000000
vn 0.000000 -1.000000 -0.000000
vn 0.000000 -1.000000 -0.000000
vn 0.000000 -1.000000 -0.000000
vn 0.000000 -1.000000 -0.000000
vn 0.000000 -1.000000 -0.000000
vn 0.000000 -1.000000 -0.000000
vn 0.000000 -1.000000 -0.000000
vn 0.000000 -1.000000 -0.000000
vn 0.000000 -1.000000 -0.000000
vn 0.000000 -1.000000 -0.000000
vn 0.000000 -1.000000 -0.000000
vn 0.000000 -1.000000 -0.000000
vn 0.000000 -1.000000 -0.000000
vn 0.000000 -1.000000 -0.000000
vn 0.000000 -1.000000 -0.000000
vn 0.000000 -1.000000 -0.000000
vn 0.000000 -1.000000 -0.000000
vn 0.000000 -1.000000 -0.000000
vn 0.000000 -1.000000 -0.000000
vn 0.000000 -1.000000 -0.000000
vn 0.000000 -1.000000 -0.000000
vn 0.000000 -1.000000 -0.000000
vn 0.000000 -1.000000 -0.000000
vn 0.000000 -1.000000 -0.000000
vn 0.000000 -1.000000 -0.000000
vn 0.000000 -1.000000 -0.000000
vn 0.000000 -1.000000 -0.000000
vn 0.000000 -1.000000 -0.000000
vn 0.000000 -1.000000 -0.000000
vn 0.000000 -1.000000 -0.000000
vn 0.000000 -1.000000 -0.000000
vn 0.000000 -1.000000 -0.000000
vn 0.000000 -1.000000 -0.000000
vn 0.000000 -1.000000 -0.000000
vn 0.000000 -1.000000 -0.000000
vn 0.000000 -1.000000 -0.000000
vn 0.000000 -1.000000 -0.000000
vn 0.000000 -1.000000 -0.000000
vn 0.000000 -1.000000 -0.000000
vn 0.000000 -1.000000 -0.000000
vn 0.000000 -1.000000 -0.000000
vn 0.000000 -1.000000 -0.000000
vn 0.000000 -1.000000 -0.000000
vn 0.000000 -1.000000 -0.000000
vn 0.000000 -1.000000 -0.000000
vn 0.000000 -1.000000 -0.000000
vn 0.000000 -1.000000 -0.000000
vn 0.000000 -1.000000 -0.000000
vn 0.000000 -1.000000 -0.000000
vn 0.000000 -1.000000 -0.000000
vn 0.000000 -1.000000 -0.000000
vn 0.000000 -1.000000 -0.000000
vn 0.000000 -1.000000 -0.000000
vn 0.000000 -1.000000 -0.000000
vn 0.000000 -1.000000 -0.000000
vn 0.000000 -1.000000 -0.000000
vn 0.000000 -1.000000 -0.000000
vn 0.000000 -1.000000 -0.000000
vn 0.000000 -1.000000 -0.000000
vn 0.000000 -1.000000 -0.000000
vn 0.000000 -1.000000 -0.000000
vn 0.000000 -1.000000 -0.000000
vn 0.000000 -1.000000 -0.000000
vn 0.000000 -1.000000 -0.000000
vn 0.000000 -1.000000 -0.000000
vn 0.000000 -1.000000 -0.000000
vn 0.000000 -1.000000 -0.000000
vn 0.000000 -1.000000 -0.000000
vn 0.000000 -1.000000 -0.000000
vn 0.000000 -1.000000 -0.000000
vn 0.000000 -1.000000 -0.000000
vn 0.000000 -1.000000 -0.000000
vn 0.000000 -1.000000 -0.000000
vn 0.000000 -1.000000 -0.000000
vn 0.000000 -1.000000 -0.000000
vn 0.000000 -1.000000 -0.000000
vn 0.000000 -1.000000 -0.000000
vn 0.000000 -1.000000 -0.000000
vn 0.000000 -1.000000 -0.000000
vn 0.000000 -1.000000 -0.000000
vn 0.000000 -1.000000 -0.000000
vn 0.000000 -1.000000 -0.000000
vn 0.000000 -1.000000 -0.000000
vn 0.000000 -1.000000 -0.000000
vn 0.000000 -1.000000 -0.000000
vn 0.000000 -1.000000 -0.000000
vn 0.000000 -1.000000 -0.000000
vn 0.000000 -1.000000 -0.000000
vn 0.000000 -1.000000 -0.000000
vn 0.000000 -1.000000 -0.000000
vn 0.000000 -1.000000 -0.000000
vn 0.000000 -1.000000 -0.000000
vn 0.000000 -1.000000 -0.000000
vn 0.000000 -1.000000 -0.000000
vn 0.000000 -1.000000 -0.000000
vn 0.000000 -1.000000 -0.000000
vn 0.000000 -1.000000 -0.000000
vn 0.000000 -1.000000 -0.000000
vn 0.000000 -1.000000 -0.000000
vn 0.000000 -1.000000 -0.000000
vn 0.000000 -1.000000 -0.000000
vn 0.000000 -1.000000 -0.000000
vn 0.000000 -1.000000 -0.000000
vn 0.000000 -1.000000 -0.000000
vn 0.000000 -1.000000 -0.000000
vn 0.000000 -1.000000 -0.000000
vn 0.000000 -1.000000 -0.000000
vn 0.000000 -1.000000 -0.000000
vn 0.000000 -1.000000 -0.000000
vn 0.000000 -1.000000 -0.000000
vn 0.000000 -1.000000 -0.000000
vn 0.000000 -1.000000 -0.000000
vn 0.000000 -1.000000 -0.000000
vn 0.000000 -1.000000 -0.000000
vn 0.000000 -1.000000 -0.000000
vn 0.000000 -1.000000 -0.000000
vn 0.000000 -1.000000 -0.000000
vn 0.000000 -1.000000 -0.000000
vn 0.000000 -1.000000 -0.000000
vn 0.000000 -1.000000 -0.000000
vn 0.000000 -1.000000 -0.000000
vn 0.000000 -1.000000 -0.000000
vn 0.000000 -1.000000 -0.000000
vn 0.000000 -1.000000 -0.000000
vn 0.000000 -1.000000 -0.000000
vn 0.000000 -1.000000 -0.000000
vn 0.000000 -1.000000 -0.000000
vn 0.000000 -1.000000 -0.000000
vn 0.000000 -1.000000 -0.000000
vn 0.000000 -1.000000 -0.000000
vn 0.000000 -1.000000 -0.000000
vn 0.000000 -1.000000 -0.000000
vn 0.000000 -1.000000 -0.000000
vn 0.000000 -1.000000 -0.000000
vn 0.000000 -1.000000 -0.000000
vn 0.000000 -1.000000 -0.000000
vn 0.000000 -1.000000 -0.000000
vn 0.000000 -1.000000 -0.000000
vn 0.000000 -1.000000 -0.000000
vn 0.000000 -1.000000 -0.000000
vn 0.000000 -1.000000 -0.000000
vn 0.000000 -1.000000 -0.000000
vn 0.000000 -1.000000 -0.000000
vn 0.000000 -1.000000 -0.000000
vn 0.000000 -1.000000 -0.000000
vn 0.000000 -1.000000 -0.000000
vn 0.000000 -1.000000 -0.000000
vn 0.000000 -1.000000 -0.000000
vn 0.000000 -1.000000 -0.000000
vn 0.000000 -1.000000 -0.000000
vn 0.000000 -1.000000 -0.000000
vn 0.000000 -1.000000 -0.000000
vn 0.000000 -1.000000 -0.000000
vn 0.000000 -1.000000 -0.000000
vn 0.000000 -1.000000 -0.000000
vn 0.000000 -1.000000 -0.000000
vn 0.000000 -1.000000 -0.000000
vn 0.000000 -1.000000 -0.000000
vn 0.000000 -1.000000 -0.000000
vn 0.000000 -1.000000 -0.000000
vn 0.000000 -1.000000 -0.000000
vn 0.000000 -1.000000 -0.000000
vn 0.000000 -1.000000 -0.000000
vn 0.000000 -1.000000 -0.000000
vn 0.000000 -1.000000 -0.000000
vn 0.000000 -1.000000 -0.000000
vn 0.000000 -1.000000 -0.000000
vn 0.000000 -1.000000 -0.000000
vn 0.000000 -1.000000 -0.000000
vn 0.000000 -1.000000 -0.000000
vn 0.000000 -1.000000 -0.000000
vn 0.000000 -1.000000 -0.000000
vn 0.000000 -1.000000 -0.000000
vn 0.000000 -1.000000 -0.000000
vn 0.000000 -1.000000 -0.000000
vn 0.000000 -1.000000 -0.000000
vn 0.000000 -1.000000 -0.000000
vn 0.000000 -1.000000 -0.000000
vn 0.000000 -1.000000 -0.000000
vn 0.000000 -1.000000 -0.000000
vn 0.000000 -1.000000 -0.000000
vn 0.000000 -1.000000 -0.000000
vn 0.000000 -1.000000 -0.000000
vn 0.000000 -1.000000 -0.000000
vn 0.000000 -1.000000 -0.000000
vn 0.000000 -1.000000 -0.000000
vn 0.000000 -1.000000 -0.000000
vn 0.000000 -1.000000 -0.000000
vn 0.000000 -1.000000 -0.000000
vn 0.000000 -1.000000 -0.000000
vn 0.000000 -1.000000 -0.000000
vn 0.000000 -1.000000 -0.000000
vn 0.000000 -1.000000 -0.000000
vn 0.000000 -1.000000 -0.000000
vn 0.000000 -1.000000 -0.000000
vn 0.000000 -1.000000 -0.000000
vn 0.000000 -1.000000 -0.000000
vn 0.000000 -1.000000 -0.000000
vn 0.000000 -1.000000 -0.000000
vn 0.000000 -1.000000 -0.000000
vn 0.000000 -1.000000 -0.000000
vn 0.000000 -1.000000 -0.000000
vn 0.000000 -1.000000 -0.000000
vn 0.000000 -1.000000 -0.000000
vn 0.000000 -1.000000 -0.000000
vn 0.000000 -1.000000 -0.000000
vn 0.000000 -1.000000 -0.000000
vn 0.000000 -1.000000 -0.000000
vn 0.000000 -1.000000 -0.000000
vn 0.000000 -1.000000 -0.000000
vn 0.000000 -1.000000 -0.000000
vn 0.000000 -1.000000 -0.000000
vn 0.000000 -1.000000 -0.000000
vn 0.000000 -1.000000 -0.000000
vn 0.000000 -1.000000 -0.000000
vn 0.000000 -1.000000 -0.000000
vn 0.000000 -1.000000 -0.000000
vn 0.000000 -1.000000 -0.000000
vn 0.000000 -1.000000 -0.000000
vn 0.000000 -1.000000 -0.000000
vn 0.000000 -1.000000 -0.000000
vn 0.000000 -1.000000 -0.000000
vn 0.000000 -1.000000 -0.000000
vn 0.000000 -1.000000 -0.000000
vn 0.000000 -1.000000 -0.000000
vn 0.000000 -1.000000 -0.000000
vn 0.000000 -1.000000 -0.000000
vn 0.000000 -1.000000 -0.000000
vn 0.000000 -1.000000 -0.000000
vn 0.000000 -1.000000 -0.000000
vn 0.000000 -1.000000 -0.000000
vn 0.000000 -1.000000 -0.000000
vn 0.000000 -1.000000 -0.000000
vn 0.000000 -1.000000 -0.000000
vn 0.000000 -1.000000 -0.000000
vn 0.000000 -1.000000 -0.000000
vn 0.000000 -1.000000 -0.000000
vn 0.000000 -1.000000 -0.000000
vn 0.000000 -1.000000 -0.000000
vn 0.000000 -1.000000 -0.000000
vn 0.000000 -1.000000 -0.000000
vn 0.000000 -1.000000 -0.000000
vn 0.000000 -1.000000 -0.000000
vn 0.000000 -1.000000 -0.000000
vn 0.000000 -1.000000 -0.000000
vn 0.000000 -1.000000 -0.000000
vn 0.000000 -1.000000 -0.000000
vn 0.000000 -1.000000 -0.000000
vn 0.000000 -1.000000 -0.000000
vn 0.000000 -1.000000 -0.000000
vn 0.000000 -1.000000 -0.000000
vn 0.000000 -1.000000 -0.000000
vn 0.000000 -1.000000 -0.000000
vn 0.000000 -1.000000 -0.000000
vn 0.000000 -1.000000 -0.000000
vn 0.000000 -1.000000 -0.000000
vn 0.000000 -1.000000 -0.000000
vn 0.000000 -1.000000 -0.000000
vn 0.000000 -1.000000 -0.000000
vn 0.000000 -1.000000 -0.000000
vn 0.000000 -1.000000 -0.000000
vn 0.000000 -1.000000 -0.000000
vn 0.000000 -1.000000 -0.000000
vn 0.000000 -1.000000 -0.000000
vn 0.000000 -1.000000 -0.000000
vn 0.000000 -1.000000 -0.000000
vn 0.000000 -1.000000 -0.000000
vn 0.000000 -1.000000 -0.000000
vn 0.000000 -1.000000 -0.000000
vn 0.000000 -1.000000 -0.000000
vn 0.000000 -1.000000 -0.000000
vn 0.000000 -1.000000 -0.000000
vn 0.000000 -1.000000 -0.000000
vn 0.000000 -1.000000 -0.000000
vn 0.000000 -1.000000 -0.000000
vn 0.000000 -1.000000 -0.000000
vn 0.000000 -1.000000 -0.000000
vn 0.000000 -1.000000 -0.000000
vn 0.000000 -1.000000 -0.000000
vn 0.000000 -1.000000 -0.000000
vn 0.000000 -1.000000 -0.000000
vn 0.000000 -1.000000 -0.000000
vn 0.000000 -1.000000 -0.000000
vn 0.000000 -1.000000 -0.000000
vn 0.000000 -1.000000 -0.000000
vn 0.000000 -1.000000 -0.000000
vn 0.000000 -1.000000 -0.000000
vn 0.000000 -1.000000 -0.000000
vn 0.000000 -1.000000 -0.000000
vn 0.000000 -1.000000 -0.000000
vn 0.000000 -1.000000 -0.000000
vn 0.000000 -1.000000 -0.000000
vn 0.000000 -1.000000 -0.000000
vn 0.000000 -1.000000 -0.000000
vn 0.000000 -1.000000 -0.000000
vn 0.000000 -1.000000 -0.000000
vn 0.000000 -1.000000 -0.000000
vn 0.000000 -1.000000 -0.000000
vn 0.000000 -1.000000 -0.000000
vn 0.000000 -1.000000 -0.000000
vn 0.000000 -1.000000 -0.000000
vn 0.000000 -1.000000 -0.000000
vn 0.000000 -1.000000 -0.000000
vn 0.000000 -1.000000 -0.000000
vn 0.000000 -1.000000 -0.000000
vn 0.000000 -1.000000 -0.000000
vn 0.000000 -1.000000 -0.000000
vn 0.000000 -1.000000 -0.000000
vn 0.000000 -1.000000 -0.000000
vn 0.000000 -1.000000 -0.000000
vn 0.000000 -1.000000 -0.000000
vn 0.000000 -1.000000 -0.000000
vn 0.000000 -1.000000 -0.000000
vn 0.000000 -1.000000 -0.000000
vn 0.000000 -1.000000 -0.000000
vn 0.000000 -1.000000 -0.000000
vn 0.000000 -1.000000 -0.000000
vn 0.000000 -1.000000 -0.000000
vn 0.000000 -1.000000 -0.000000
vn 0.000000 -1.000000 -0.000000
vn 0.000000 -1.000000 -0.000000
vn 0.000000 -1.000000 -0.000000
vn 0.000000 -1.000000 -0.000000
vn 0.000000 -1.000000 -0.000000
vn 0.000000 -1.000000 -0.000000
vn 0.000000 -1.000000 -0.000000
vn 0.000000 -1.000000 -0.000000
vn 0.000000 -1.000000 -0.000000
vn 0.000000 -1.000000 -0.000000
vn 0.000000 -1.000000 -0.000000
vn 0.000000 -1.000000 -0.000000
vn 0.000000 -1.000000 -0.000000
vn 0.000000 -1.000000 -0.000000
vn 0.000000 -1.000000 -0.000000
vn 0.000000 -1.000000 -0.000000
vn 0.000000 -1.000000 -0.000000
vn 0.000000 -1.000000 -0.000000
vn 0.000000 -1.000000 -0.000000
vn 0.000000 -1.000000 -0.000000
vn 0.000000 -1.000000 -0.000000
vn 0.000000 -1.000000 -0.000000
vn 0.000000 -1.000000 -0.000000
vn 0.000000 -1.000000 -0.000000
vn 0.000000 -1.000000 -0.000000
vn 0.000000 -1.000000 -0.000000
vn 0.000000 -1.000000 -0.000000
vn 0.000000 -1.000000 -0.000000
vn 0.000000 -1.000000 -0.000000
vn 0.000000 -1.000000 -0.000000
vn 0.000000 -1.000000 -0.000000
vn 0.000000 -1.000000 -0.000000
vn 0.000000 -1.000000 -0.000000
vn 0.000000 -1.000000 -0.000000
vn 0.000000 -1.000000 -0.000000
vn 0.000000 -1.000000 -0.000000
vn 0.000000 -1.000000 -0.000000
vn 0.000000 -1.000000 -0.000000
vn 0.000000 -1.000000 -0.000000
vn 0.000000 -1.000000 -0.000000
vn 0.000000 -1.000000 -0.000000
vn 0.000000 -1.000000 -0.000000
vn 0.000000 -1.000000 -0.000000
vn 0.000000 -1.000000 -0.000000
vn 0.000000 -1.000000 -0.000000
vn 0.000000 -1.000000 -0.000000
vn 0.000000 -1.000000 -0.000000
vn 0.000000 -1.000000 -0.000000
vn 0.000000 -1.000000 -0.000000
vn 0.000000 -1.000000 -0.000000
vn 0.000000 -1.000000 -0.000000
vn 0.000000 -1.000000 -0.000000
vn 0.000000 -1.000000 -0.000000
vn 0.000000 -1.000000 -0.000000
vn 0.000000 -1.000000 -0.000000
vn 0.000000 -1.000000 -0.000000
vn 0.000000 -1.000000 -0.000000
vn 0.000000 -1.000000 -0.000000
vn 0.000000 -1.000000 -0.000000
vn 0.000000 -1.000000 -0.000000
vn 0.000000 -1.000000 -0.000000
vn 0.000000 -1.000000 -0.000000
vn 0.000000 -1.000000 -0.000000
vn 0.000000 -1.000000 -0.000000
vn 0.000000 -1.000000 -0.000000
vn 0.000000 -1.000000 -0.000000
vn 0.000000 -1.000000 -0.000000
vn 0.000000 -1.000000 -0.000000
vn 0.000000 -1.000000 -0.000000
vn 0.000000 -1.000000 -0.000000
vn 0.000000 -1.000000 -0.000000
vn 0.000000 -1.000000 -0.000000
vn 0.000000 -1.000000 -0.000000
vn 0.000000 -1.000000 -0.000000
vn 0.000000 -1.000000 -0.000000
vn 0.000000 -1.000000 -0.000000
vn 0.000000 -1.000000 -0.000000
vn 0.000000 -1.000000 -0.000000
vn 0.000000 -1.000000 -0.000000
vn 0.000000 -1.000000 -0.000000
vn 0.000000 -1.000000 -0.000000
vn 0.000000 -1.000000 -0.000000
vn 0.000000 -1.000000 -0.000000
f 1//1 3//3 2//2
f 3//3 1//1 7//7
f 4//4 1//1 6//6
f 4//4 5//5 1//1
f 1//1 5//5 7//7
f 584//584 8//8 7//7
f 584//584 7//7 5//5
f 8//8 89//89 9//9
f 8//8 9//9 7//7
f 7//7 9//9 10//10
f 3//3 7//7 10//10
f 14//14 11//11 10//10
f 10//10 11//11 3//3
f 9//9 608//608 12//12
f 9//9 12//12 10//10
f 13//13 10//10 12//12
f 10//10 13//13 14//14
f 15//15 16//16 14//14
f 16//16 17//17 14//14
f 11//11 14//14 17//17
f 3//3 11//11 17//17
f 3//3 17//17 18//18
f 18//18 17//17 16//16
f 18//18 16//16 20//20
f 19//19 2//2 18//18
f 3//3 18//18 2//2
f 19//19 18//18 20//20
f 19//19 20//20 21//21
f 16//16 15//15 20//20
f 21//21 20//20 15//15
f 23//23 22//22 21//21
f 19//19 21//21 22//22
f 15//15 23//23 21//21
f 24//24 23//23 15//15
f 24//24 26//26 25//25
f 24//24 15//15 26//26
f 25//25 26//26 27//27
f 27//27 26//26 28//28
f 28//28 29//29 32//32
f 31//31 29//29 28//28
f 30//30 33//33 28//28
f 30//30 28//28 32//32
f 33//33 27//27 28//28
f 30//30 34//34 33//33
f 38//38 35//35 34//34
f 34//34 37//37 36//36
f 34//34 36//36 38//38
f 34//34 30//30 37//37
f 40//40 39//39 38//38
f 39//39 35//35 38//38
f 36//36 42//42 40//40
f 36//36 40//40 38//38
f 40//40 42//42 41//41
f 41//41 44//44 40//40
f 39//39 40//40 43//43
f 40//40 44//44 43//43
f 41//41 47//47 45//45
f 41//41 45//45 44//44
f 43//43 44//44 45//45
f 46//46 43//43 45//45
f 45//45 48//48 46//46
f 47//47 51//51 48//48
f 47//47 48//48 45//45
f 46//46 48//48 49//49
f 48//48 50//50 49//49
f 51//51 50//50 48//48
f 47//47 53//53 51//51
f 55//55 52//52 51//51
f 51//51 52//52 50//50
f 51//51 53//53 54//54
f 51//51 54//54 55//55
f 52//52 55//55 56//56
f 56//56 57//57 52//52
f 58//58 57//57 56//56
f 58//58 56//56 59//59
f 60//60 59//59 63//63
f 62//62 59//59 60//60
f 61//61 58//58 59//59
f 62//62 61//61 59//59
f 63//63 59//59 64//64
f 64//64 65//65 63//63
f 63//63 65//65 66//66
f 65//65 67//67 66//66
f 68//68 66//66 67//67
f 68//68 69//69 66//66
f 69//69 68//68 70//70
f 70//70 68//68 73//73
f 68//68 72//72 71//71
f 73//73 68//68 71//71
f 74//74 75//75 73//73
f 612//612 74//74 73//73
f 612//612 73//73 71//71
f 75//75 70//70 73//73
f 75//75 76//76 400//400
f 75//75 400//400 70//70
f 77//77 76//76 75//75
f 75//75 78//78 77//77
f 78//78 75//75 74//74
f 81//81 78//78 79//79
f 79//79 78//78 74//74
f 79//79 74//74 612//612
f 78//78 80//80 77//77
f 78//78 81//81 80//80
f 82//82 81//81 79//79
f 84//84 80//80 81//81
f 84//84 81//81 82//82
f 79//79 83//83 82//82
f 83//83 85//85 82//82
f 86//86 84//84 82//82
f 86//86 82//82 85//85
f 87//87 85//85 83//83
f 87//87 83//83 89//89
f 86//86 85//85 87//87
f 87//87 90//90 86//86
f 88//88 87//87 89//89
f 88//88 89//89 8//8
f 91//91 90//90 87//87
f 91//91 87//87 88//88
f 96//96 94//94 90//90
f 96//96 90//90 91//91
f 90//90 94//94 92//92
f 92//92 93//93 90//90
f 90//90 93//93 86//86
f 94//94 95//95 92//92
f 97//97 98//98 95//95
f 97//97 95//95 94//94
f 100//100 97//97 94//94
f 100//100 94//94 96//96
f 99//99 117//117 98//98
f 99//99 98//98 97//97
f 102//102 99//99 97//97
f 102//102 97//97 100//100
f 103//103 101//101 100//100
f 101//101 102//102 100//100
f 103//103 100//100 96//96
f 96//96 104//104 103//103
f 105//105 101//101 103//103
f 105//105 106//106 108//108
f 106//106 105//105 107//107
f 101//101 105//105 108//108
f 108//108 112//112 102//102
f 108//108 102//102 101//101
f 106//106 109//109 108//108
f 111//111 108//108 109//109
f 111//111 110//110 108//108
f 110//110 112//112 108//108
f 112//112 110//110 113//113
f 102//102 112//112 113//113
f 114//114 99//99 113//113
f 99//99 102//102 113//113
f 99//99 114//114 117//117
f 114//114 118//118 115//115
f 115//115 116//116 114//114
f 114//114 116//116 117//117
f 115//115 118//118 119//119
f 118//118 120//120 119//119
f 123//123 119//119 120//120
f 121//121 124//124 120//120
f 120//120 122//122 121//121
f 120//120 124//124 123//123
f 126//126 123//123 124//124
f 124//124 121//121 125//125
f 125//125 126//126 124//124
f 115//115 126//126 127//127
f 115//115 127//127 116//116
f 119//119 123//123 126//126
f 119//119 126//126 115//115
f 127//127 126//126 125//125
f 125//125 128//128 127//127
f 117//117 116//116 127//127
f 127//127 128//128 117//117
f 98//98 117//117 128//128
f 128//128 130//130 98//98
f 129//129 128//128 125//125
f 130//130 95//95 98//98
f 131//131 95//95 130//130
f 131//131 92//92 95//95
f 92//92 131//131 132//132
f 132//132 93//93 92//92
f 93//93 132//132 133//133
f 93//93 133//133 134//134
f 77//77 80//80 134//134
f 80//80 84//84 134//134
f 84//84 93//93 134//134
f 125//125 137//137 129//129
f 135//135 129//129 136//136
f 136//136 129//129 137//137
f 139//139 136//136 137//137
f 139//139 137//137 138//138
f 125//125 138//138 137//137
f 125//125 121//121 138//138
f 141//141 139//139 138//138
f 141//141 138//138 121//121
f 141//141 140//140 139//139
f 140//140 142//142 139//139
f 139//139 142//142 136//136
f 142//142 143//143 136//136
f 142//142 144//144 143//143
f 143//143 144//144 145//145
f 144//144 146//146 145//145
f 147//147 149//149 146//146
f 146//146 148//148 147//147
f 149//149 145//145 146//146
f 149//149 150//150 152//152
f 149//149 152//152 145//145
f 147//147 150//150 149//149
f 147//147 551//551 151//151
f 147//147 151//151 150//150
f 152//152 150//150 151//151
f 151//151 153//153 152//152
f 153//153 154//154 152//152
f 145//145 152//152 154//154
f 145//145 154//154 143//143
f 154//154 153//153 135//135
f 135//135 143//143 154//154
f 156//156 153//153 155//155
f 155//155 153//153 151//151
f 135//135 153//153 156//156
f 155//155 157//157 156//156
f 157//157 158//158 156//156
f 157//157 159//159 158//158
f 161//161 160//160 159//159
f 157//157 161//161 159//159
f 161//161 162//162 165//165
f 161//161 165//165 163//163
f 157//157 492//492 162//162
f 157//157 162//162 161//161
f 160//160 161//161 163//163
f 163//163 165//165 164//164
f 166//166 163//163 164//164
f 163//163 166//166 160//160
f 170//170 166//166 164//164
f 166//166 167//167 168//168
f 167//167 166//166 170//170
f 169//169 166//166 168//168
f 164//164 174//174 171//171
f 164//164 171//171 170//170
f 170//170 171//171 172//172
f 170//170 172//172 167//167
f 173//173 172//172 171//171
f 174//174 173//173 171//171
f 165//165 174//174 164//164
f 173//173 174//174 176//176
f 165//165 175//175 174//174
f 174//174 175//175 176//176
f 175//175 177//177 176//176
f 178//178 177//177 175//175
f 180//180 179//179 178//178
f 180//180 178//178 175//175
f 491//491 181//181 180//180
f 491//491 180//180 175//175
f 181//181 184//184 182//182
f 181//181 182//182 180//180
f 179//179 180//180 182//182
f 183//183 179//179 182//182
f 186//186 183//183 182//182
f 182//182 184//184 185//185
f 185//185 186//186 182//182
f 187//187 183//183 186//186
f 186//186 188//188 191//191
f 186//186 191//191 187//187
f 185//185 189//189 188//188
f 185//185 188//188 186//186
f 190//190 188//188 189//189
f 190//190 191//191 188//188
f 191//191 190//190 192//192
f 187//187 191//191 192//192
f 187//187 192//192 193//193
f 193//193 192//192 194//194
f 192//192 195//195 194//194
f 195//195 192//192 190//190
f 194//194 195//195 196//196
f 197//197 194//194 196//196
f 197//197 196//196 198//198
f 199//199 197//197 198//198
f 197//197 199//199 200//200
f 200//200 199//199 201//201
f 202//202 200//200 201//201
f 201//201 203//203 202//202
f 204//204 205//205 203//203
f 205//205 202//202 203//203
f 207//207 202//202 205//205
f 207//207 205//205 206//206
f 204//204 206//206 205//205
f 206//206 204//204 208//208
f 212//212 207//207 206//206
f 212//212 206//206 209//209
f 209//209 206//206 208//208
f 209//209 208//208 211//211
f 209//209 210//210 212//212
f 209//209 211//211 210//210
f 210//210 200//200 212//212
f 212//212 200//200 207//207
f 213//213 210//210 211//211
f 213//213 211//211 208//208
f 217//217 210//210 213//213
f 215//215 214//214 213//213
f 216//216 213//213 214//214
f 216//216 214//214 220//220
f 208//208 215//215 213//213
f 216//216 217//217 213//213
f 217//217 216//216 218//218
f 219//219 218//218 220//220
f 216//216 220//220 218//218
f 221//221 219//219 220//220
f 223//223 221//221 220//220
f 222//222 223//223 220//220
f 220//220 214//214 222//222
f 406//406 221//221 223//223
f 406//406 223//223 224//224
f 223//223 222//222 228//228
f 223//223 228//228 226//226
f 224//224 223//223 225//225
f 223//223 226//226 225//225
f 225//225 226//226 227//227
f 225//225 227//227 414//414
f 227//227 226//226 228//228
f 222//222 454//454 229//229
f 222//222 229//229 228//228
f 228//228 230//230 227//227
f 228//228 229//229 231//231
f 228//228 231//231 230//230
f 230//230 231//231 235//235
f 230//230 235//235 234//234
f 230//230 234//234 232//232
f 232//232 233//233 230//230
f 230//230 233//233 227//227
f 234//234 235//235 240//240
f 234//234 240//240 237//237
f 236//236 234//234 237//237
f 236//236 237//237 239//239
f 234//234 236//236 232//232
f 237//237 240//240 242//242
f 237//237 242//242 238//238
f 239//239 237//237 238//238
f 239//239 238//238 256//256
f 235//235 243//243 240//240
f 241//241 240//240 243//243
f 241//241 242//242 240//240
f 244//244 243//243 235//235
f 243//243 245//245 241//241
f 246//246 247//247 245//245
f 248//248 245//245 247//247
f 248//248 241//241 245//245
f 242//242 241//241 248//248
f 242//242 248//248 252//252
f 249//249 248//248 250//250
f 248//248 249//249 251//251
f 247//247 250//250 248//248
f 248//248 251//251 252//252
f 251//251 253//253 252//252
f 242//242 252//252 253//253
f 238//238 242//242 253//253
f 238//238 253//253 254//254
f 257//257 255//255 254//254
f 255//255 256//256 254//254
f 254//254 256//256 238//238
f 258//258 257//257 254//254
f 257//257 258//258 259//259
f 260//260 259//259 258//258
f 262//262 259//259 260//260
f 261//261 264//264 260//260
f 263//263 262//262 260//260
f 260//260 264//264 263//263
f 263//263 264//264 265//265
f 266//266 265//265 264//264
f 266//266 264//264 267//267
f 266//266 267//267 268//268
f 264//264 261//261 267//267
f 269//269 268//268 267//267
f 261//261 269//269 267//267
f 268//268 269//269 270//270
f 269//269 271//271 270//270
f 270//270 271//271 272//272
f 274//274 272//272 271//271
f 273//273 274//274 271//271
f 277//277 274//274 275//275
f 275//275 274//274 276//276
f 275//275 276//276 327//327
f 276//276 274//274 273//273
f 274//274 277//277 272//272
f 278//278 277//277 279//279
f 277//277 278//278 272//272
f 280//280 277//277 275//275
f 281//281 277//277 280//280
f 280//280 283//283 281//281
f 284//284 282//282 281//281
f 283//283 284//284 281//281
f 288//288 285//285 284//284
f 49//49 286//286 284//284
f 49//49 284//284 285//285
f 284//284 283//283 288//288
f 284//284 286//286 287//287
f 287//287 282//282 284//284
f 290//290 288//288 289//289
f 318//318 289//289 288//288
f 318//318 288//288 283//283
f 46//46 285//285 288//288
f 46//46 288//288 290//290
f 43//43 46//46 290//290
f 43//43 290//290 291//291
f 292//292 291//291 290//290
f 292//292 290//290 289//289
f 291//291 292//292 293//293
f 293//293 292//292 295//295
f 289//289 294//294 292//292
f 295//295 292//292 294//294
f 295//295 294//294 296//296
f 295//295 296//296 297//297
f 297//297 293//293 295//295
f 298//298 297//297 301//301
f 296//296 299//299 297//297
f 299//299 300//300 297//297
f 301//301 297//297 300//300
f 300//300 308//308 302//302
f 300//300 302//302 301//301
f 301//301 302//302 304//304
f 298//298 301//301 303//303
f 301//301 304//304 303//303
f 304//304 302//302 305//305
f 306//306 303//303 304//304
f 307//307 305//305 302//302
f 307//307 302//302 308//308
f 308//308 309//309 307//307
f 308//308 310//310 309//309
f 312//312 311//311 310//310
f 308//308 312//312 310//310
f 296//296 294//294 312//312
f 312//312 299//299 296//296
f 299//299 312//312 308//308
f 299//299 308//308 300//300
f 294//294 311//311 312//312
f 311//311 294//294 313//313
f 314//314 313//313 315//315
f 294//294 315//315 313//313
f 315//315 316//316 317//317
f 315//315 318//318 316//316
f 289//289 315//315 294//294
f 315//315 289//289 318//318
f 317//317 314//314 315//315
f 318//318 319//319 321//321
f 320//320 319//319 318//318
f 316//316 318//318 321//321
f 318//318 283//283 320//320
f 319//319 322//322 321//321
f 321//321 322//322 323//323
f 321//321 323//323 316//316
f 323//323 322//322 324//324
f 276//276 273//273 324//324
f 276//276 324//324 325//325
f 322//322 325//325 324//324
f 327//327 276//276 325//325
f 327//327 325//325 326//326
f 322//322 326//326 325//325
f 320//320 326//326 322//322
f 320//320 322//322 319//319
f 327//327 326//326 320//320
f 280//280 275//275 327//327
f 320//320 280//280 327//327
f 283//283 280//280 320//320
f 317//317 328//328 314//314
f 314//314 328//328 329//329
f 330//330 329//329 328//328
f 332//332 330//330 328//328
f 328//328 333//333 331//331
f 331//331 332//332 328//328
f 333//333 328//328 334//334
f 334//334 328//328 335//335
f 328//328 336//336 335//335
f 335//335 336//336 337//337
f 336//336 338//338 337//337
f 339//339 338//338 336//336
f 340//340 338//338 339//339
f 338//338 340//340 341//341
f 338//338 341//341 342//342
f 338//338 342//342 343//343
f 343//343 342//342 344//344
f 344//344 345//345 343//343
f 345//345 346//346 343//343
f 345//345 347//347 346//346
f 298//298 346//346 347//347
f 348//348 346//346 298//298
f 346//346 337//337 338//338
f 346//346 338//338 343//343
f 337//337 346//346 348//348
f 337//337 348//348 334//334
f 298//298 349//349 348//348
f 348//348 349//349 334//334
f 349//349 298//298 351//351
f 349//349 350//350 334//334
f 350//350 349//349 351//351
f 351//351 298//298 303//303
f 334//334 350//350 352//352
f 334//334 352//352 333//333
f 334//334 335//335 337//337
f 333//333 353//353 331//331
f 329//329 330//330 354//354
f 39//39 291//291 293//293
f 39//39 43//43 291//291
f 286//286 355//355 287//287
f 356//356 355//355 357//357
f 357//357 355//355 286//286
f 50//50 357//357 286//286
f 50//50 286//286 49//49
f 358//358 356//356 357//357
f 358//358 357//357 50//50
f 359//359 356//356 358//358
f 57//57 359//359 358//358
f 57//57 358//358 52//52
f 358//358 50//50 52//52
f 58//58 360//360 359//359
f 58//58 359//359 57//57
f 360//360 356//356 359//359
f 61//61 360//360 58//58
f 356//356 360//360 361//361
f 360//360 61//61 361//361
f 363//363 361//361 362//362
f 62//62 362//362 361//361
f 62//62 361//361 61//61
f 363//363 356//356 361//361
f 363//363 365//365 364//364
f 365//365 363//363 362//362
f 365//365 368//368 366//366
f 365//365 366//366 364//364
f 365//365 367//367 368//368
f 60//60 367//367 365//365
f 365//365 362//362 62//62
f 62//62 60//60 365//365
f 370//370 369//369 368//368
f 368//368 369//369 366//366
f 368//368 367//367 372//372
f 368//368 371//371 370//370
f 371//371 368//368 372//372
f 373//373 372//372 367//367
f 60//60 373//373 367//367
f 60//60 63//63 373//373
f 371//371 374//374 370//370
f 374//374 375//375 376//376
f 374//374 376//376 370//370
f 375//375 377//377 376//376
f 376//376 377//377 379//379
f 376//376 379//379 370//370
f 377//377 378//378 379//379
f 377//377 381//381 378//378
f 375//375 380//380 377//377
f 380//380 381//381 377//377
f 381//381 382//382 378//378
f 381//381 383//383 382//382
f 384//384 381//381 385//385
f 381//381 380//380 385//385
f 387//387 385//385 386//386
f 387//387 384//384 385//385
f 388//388 387//387 386//386
f 386//386 389//389 388//388
f 173//173 389//389 172//172
f 389//389 390//390 172//172
f 390//390 389//389 391//391
f 389//389 392//392 391//391
f 389//389 386//386 392//392
f 391//391 392//392 393//393
f 392//392 395//395 393//393
f 395//395 392//392 394//394
f 392//392 386//386 394//394
f 393//393 395//395 396//396
f 397//397 396//396 395//395
f 397//397 395//395 394//394
f 396//396 397//397 398//398
f 398//398 399//399 76//76
f 396//396 398//398 76//76
f 401//401 400//400 399//399
f 76//76 399//399 400//400
f 69//69 70//70 401//401
f 70//70 400//400 401//401
f 396//396 402//402 403//403
f 402//402 396//396 76//76
f 396//396 403//403 393//393
f 403//403 404//404 393//393
f 169//169 393//393 404//404
f 76//76 77//77 402//402
f 393//393 169//169 405//405
f 393//393 405//405 391//391
f 168//168 390//390 391//391
f 168//168 391//391 405//405
f 169//169 168//168 405//405
f 172//172 390//390 167//167
f 168//168 167//167 390//390
f 221//221 406//406 383//383
f 383//383 219//219 221//221
f 383//383 406//406 382//382
f 407//407 406//406 224//224
f 407//407 224//224 408//408
f 378//378 382//382 406//406
f 378//378 406//406 407//407
f 378//378 407//407 379//379
f 379//379 407//407 408//408
f 409//409 408//408 224//224
f 410//410 408//408 409//409
f 410//410 411//411 408//408
f 411//411 379//379 408//408
f 411//411 410//410 412//412
f 370//370 411//411 369//369
f 379//379 411//411 370//370
f 413//413 412//412 233//233
f 233//233 412//412 414//414
f 412//412 410//410 414//414
f 409//409 225//225 414//414
f 409//409 414//414 410//410
f 233//233 414//414 227//227
f 233//233 415//415 413//413
f 415//415 232//232 416//416
f 233//233 232//232 415//415
f 416//416 236//236 417//417
f 236//236 416//416 232//232
f 418//418 417//417 239//239
f 239//239 417//417 236//236
f 279//279 418//418 265//265
f 256//256 419//419 418//418
f 418//418 239//239 256//256
f 265//265 418//418 419//419
f 419//419 256//256 255//255
f 419//419 255//255 257//257
f 419//419 257//257 420//420
f 419//419 420//420 265//265
f 265//265 420//420 263//263
f 420//420 262//262 263//263
f 420//420 257//257 259//259
f 420//420 259//259 262//262
f 225//225 409//409 224//224
f 49//49 285//285 46//46
f 421//421 278//278 279//279
f 265//265 421//421 279//279
f 421//421 266//266 268//268
f 421//421 268//268 278//278
f 266//266 421//421 265//265
f 278//278 268//268 270//270
f 278//278 270//270 272//272
f 251//251 422//422 424//424
f 251//251 423//423 422//422
f 249//249 423//423 251//251
f 251//251 424//424 425//425
f 425//425 424//424 430//430
f 427//427 426//426 425//425
f 425//425 429//429 427//427
f 430//430 428//428 425//425
f 428//428 429//429 425//425
f 432//432 430//430 424//424
f 432//432 424//424 435//435
f 430//430 432//432 431//431
f 431//431 428//428 430//430
f 432//432 436//436 433//433
f 433//433 434//434 432//432
f 432//432 434//434 431//431
f 435//435 437//437 436//436
f 435//435 436//436 432//432
f 439//439 436//436 437//437
f 436//436 438//438 433//433
f 440//440 438//438 436//436
f 439//439 440//440 436//436
f 438//438 440//440 441//441
f 441//441 440//440 442//442
f 441//441 442//442 443//443
f 442//442 444//444 443//443
f 445//445 441//441 443//443
f 447//447 446//446 445//445
f 446//446 441//441 445//445
f 448//448 449//449 447//447
f 449//449 446//446 447//447
f 449//449 450//450 446//446
f 449//449 451//451 450//450
f 231//231 451//451 244//244
f 231//231 229//229 451//451
f 450//450 451//451 229//229
f 452//452 458//458 446//446
f 452//452 446//446 450//450
f 452//452 450//450 453//453
f 450//450 229//229 453//453
f 229//229 454//454 453//453
f 215//215 455//455 453//453
f 215//215 453//453 454//454
f 455//455 457//457 452//452
f 455//455 452//452 453//453
f 215//215 456//456 455//455
f 455//455 456//456 457//457
f 457//457 456//456 459//459
f 459//459 458//458 457//457
f 458//458 452//452 457//457
f 459//459 460//460 458//458
f 461//461 460//460 459//459
f 438//438 461//461 462//462
f 462//462 461//461 463//463
f 463//463 461//461 464//464
f 460//460 461//461 438//438
f 465//465 466//466 464//464
f 466//466 463//463 464//464
f 476//476 463//463 466//466
f 476//476 466//466 468//468
f 467//467 466//466 469//469
f 468//468 466//466 467//467
f 468//468 467//467 475//475
f 469//469 466//466 465//465
f 467//467 469//469 470//470
f 467//467 470//470 471//471
f 470//470 472//472 471//471
f 471//471 472//472 427//427
f 473//473 427//427 472//472
f 427//427 473//473 426//426
f 475//475 467//467 471//471
f 475//475 471//471 474//474
f 474//474 471//471 427//427
f 474//474 427//427 429//429
f 474//474 429//429 428//428
f 475//475 474//474 428//428
f 428//428 431//431 475//475
f 431//431 468//468 475//475
f 476//476 468//468 431//431
f 477//477 462//462 463//463
f 477//477 463//463 476//476
f 431//431 434//434 476//476
f 434//434 477//477 476//476
f 433//433 477//477 434//434
f 477//477 433//433 462//462
f 433//433 438//438 462//462
f 438//438 441//441 460//460
f 446//446 460//460 441//441
f 460//460 446//446 458//458
f 204//204 456//456 208//208
f 215//215 208//208 456//456
f 214//214 215//215 454//454
f 214//214 454//454 222//222
f 437//437 478//478 439//439
f 478//478 437//437 479//479
f 481//481 479//479 480//480
f 480//480 479//479 249//249
f 435//435 479//479 437//437
f 479//479 482//482 249//249
f 482//482 479//479 435//435
f 482//482 435//435 424//424
f 482//482 424//424 422//422
f 249//249 482//482 422//422
f 249//249 422//422 423//423
f 480//480 249//249 250//250
f 231//231 244//244 235//235
f 200//200 202//202 207//207
f 193//193 194//194 183//183
f 183//183 194//194 179//179
f 183//183 187//187 193//193
f 190//190 189//189 483//483
f 485//485 484//484 483//483
f 189//189 485//485 483//483
f 485//485 486//486 484//484
f 486//486 485//485 189//189
f 486//486 189//189 185//185
f 484//484 486//486 487//487
f 488//488 487//487 486//486
f 486//486 185//185 488//488
f 490//490 487//487 488//488
f 490//490 488//488 489//489
f 489//489 488//488 181//181
f 185//185 184//184 488//488
f 488//488 184//184 181//181
f 493//493 490//490 489//489
f 493//493 489//489 492//492
f 489//489 491//491 162//162
f 181//181 491//491 489//489
f 162//162 492//492 489//489
f 493//493 492//492 157//157
f 155//155 493//493 157//157
f 497//497 494//494 493//493
f 497//497 493//493 155//155
f 490//490 493//493 494//494
f 546//546 495//495 494//494
f 546//546 494//494 496//496
f 494//494 495//495 498//498
f 496//496 494//494 497//497
f 498//498 490//490 494//494
f 499//499 487//487 498//498
f 498//498 487//487 490//490
f 498//498 500//500 499//499
f 495//495 501//501 500//500
f 495//495 500//500 498//498
f 502//502 499//499 500//500
f 501//501 502//502 500//500
f 502//502 503//503 507//507
f 506//506 503//503 502//502
f 501//501 504//504 502//502
f 504//504 505//505 502//502
f 502//502 505//505 506//506
f 508//508 507//507 512//512
f 509//509 511//511 507//507
f 507//507 503//503 509//509
f 512//512 507//507 510//510
f 507//507 511//511 510//510
f 512//512 513//513 514//514
f 518//518 513//513 512//512
f 518//518 512//512 510//510
f 514//514 508//508 512//512
f 514//514 513//513 515//515
f 516//516 515//515 513//513
f 516//516 518//518 517//517
f 513//513 518//518 516//516
f 518//518 521//521 519//519
f 520//520 518//518 519//519
f 520//520 517//517 518//518
f 521//521 518//518 510//510
f 521//521 511//511 522//522
f 511//511 521//521 510//510
f 522//522 524//524 523//523
f 529//529 524//524 522//522
f 525//525 527//527 522//522
f 525//525 522//522 526//526
f 522//522 511//511 526//526
f 522//522 527//527 528//528
f 529//529 522//522 528//528
f 529//529 528//528 530//530
f 531//531 526//526 511//511
f 532//532 526//526 531//531
f 533//533 525//525 526//526
f 532//532 531//531 534//534
f 503//503 534//534 531//531
f 503//503 535//535 534//534
f 535//535 503//503 536//536
f 536//536 506//506 537//537
f 506//506 536//536 503//503
f 537//537 538//538 536//536
f 537//537 506//506 539//539
f 539//539 540//540 537//537
f 540//540 539//539 541//541
f 541//541 543//543 542//542
f 539//539 543//543 541//541
f 542//542 543//543 544//544
f 544//544 543//543 545//545
f 539//539 506//506 505//505
f 539//539 505//505 543//543
f 543//543 505//505 504//504
f 543//543 504//504 545//545
f 546//546 544//544 545//545
f 545//545 504//504 495//495
f 495//495 546//546 545//545
f 544//544 546//546 547//547
f 546//546 548//548 547//547
f 496//496 548//548 546//546
f 496//496 524//524 548//548
f 511//511 509//509 503//503
f 511//511 503//503 531//531
f 496//496 523//523 524//524
f 496//496 549//549 523//523
f 496//496 497//497 549//549
f 549//549 550//550 148//148
f 550//550 549//549 497//497
f 497//497 551//551 550//550
f 148//148 550//550 147//147
f 551//551 147//147 550//550
f 151//151 551//551 497//497
f 495//495 504//504 501//501
f 484//484 487//487 499//499
f 497//497 155//155 151//151
f 491//491 165//165 162//162
f 175//175 165//165 491//491
f 143//143 135//135 136//136
f 122//122 140//140 141//141
f 141//141 121//121 122//122
f 111//111 552//552 553//553
f 111//111 555//555 552//552
f 111//111 554//554 110//110
f 557//557 554//554 111//111
f 557//557 111//111 553//553
f 111//111 109//109 555//555
f 556//556 552//552 555//555
f 554//554 557//557 110//110
f 558//558 557//557 553//553
f 558//558 553//553 560//560
f 557//557 558//558 110//110
f 561//561 559//559 558//558
f 559//559 110//110 558//558
f 564//564 561//561 558//558
f 564//564 558//558 560//560
f 563//563 559//559 561//561
f 561//561 564//564 562//562
f 562//562 563//563 561//561
f 564//564 565//565 562//562
f 566//566 565//565 564//564
f 564//564 567//567 566//566
f 560//560 568//568 567//567
f 560//560 567//567 564//564
f 568//568 571//571 567//567
f 567//567 569//569 566//566
f 567//567 570//570 569//569
f 570//570 567//567 571//571
f 568//568 572//572 571//571
f 568//568 552//552 572//572
f 569//569 570//570 573//573
f 570//570 574//574 573//573
f 575//575 573//573 574//574
f 574//574 576//576 575//575
f 573//573 575//575 577//577
f 578//578 579//579 577//577
f 579//579 573//573 577//577
f 582//582 579//579 580//580
f 579//579 583//583 585//585
f 579//579 585//585 580//580
f 579//579 582//582 573//573
f 581//581 579//579 578//578
f 579//579 581//581 583//583
f 584//584 585//585 583//583
f 584//584 583//583 88//88
f 583//583 581//581 586//586
f 586//586 88//88 583//583
f 104//104 91//91 586//586
f 586//586 91//91 88//88
f 580//580 585//585 4//4
f 585//585 584//584 5//5
f 585//585 5//5 4//4
f 88//88 8//8 584//584
f 587//587 569//569 582//582
f 573//573 582//582 569//569
f 582//582 6//6 587//587
f 580//580 6//6 582//582
f 587//587 590//590 588//588
f 588//588 589//589 587//587
f 587//587 589//589 569//569
f 590//590 591//591 588//588
f 590//590 592//592 591//591
f 593//593 591//591 592//592
f 595//595 594//594 593//593
f 594//594 591//591 593//593
f 596//596 594//594 595//595
f 595//595 597//597 596//596
f 596//596 597//597 598//598
f 597//597 599//599 598//598
f 600//600 598//598 599//599
f 559//559 598//598 600//600
f 601//601 598//598 559//559
f 598//598 601//601 602//602
f 598//598 602//602 596//596
f 563//563 601//601 559//559
f 563//563 602//602 601//601
f 596//596 602//602 603//603
f 596//596 603//603 594//594
f 603//603 602//602 563//563
f 563//563 562//562 603//603
f 562//562 604//604 603//603
f 594//594 603//603 604//604
f 594//594 604//604 591//591
f 605//605 604//604 562//562
f 591//591 604//604 605//605
f 591//591 605//605 588//588
f 588//588 605//605 606//606
f 588//588 606//606 589//589
f 562//562 565//565 605//605
f 565//565 606//606 605//605
f 565//565 566//566 606//606
f 566//566 589//589 606//606
f 589//589 566//566 569//569
f 581//581 578//578 607//607
f 580//580 4//4 6//6
f 560//560 552//552 568//568
f 560//560 553//553 552//552
f 104//104 96//96 91//91
f 93//93 84//84 86//86
f 89//89 83//83 608//608
f 608//608 9//9 89//89
f 610//610 608//608 609//609
f 83//83 609//609 608//608
f 608//608 610//610 611//611
f 12//12 608//608 611//611
f 13//13 12//12 611//611
f 72//72 610//610 609//609
f 72//72 609//609 612//612
f 83//83 79//79 612//612
f 83//83 612//612 609//609
f 72//72 612//612 71//71
f 31//31 53//53 47//47
f 41//41 31//31 47//47
f 613//613 29//29 42//42
f 42//42 29//29 41//41
f 37//37 613//613 42//42
f 37//37 42//42 36//36
f 30//30 32//32 613//613
f 30//30 613//613 37//37
f 29//29 613//613 32//32
f 31//31 41//41 29//29
f 22//22 2//2 19//19
f 614//614 616//616 617//617
f 614//614 617//617 615//615
f 615//615 617//617 618//618
f 615//615 618//618 620//620
f 620//620 618//618 619//619
f 620//620 619//619 621//621
f 622//622 621//621 619//619
f 622//622 619//619 624//624
f 622//622 624//624 625//625
f 622//622 625//625 623//623
f 623//623 625//625 626//626
f 623//623 626//626 628//628
f 629//629 628//628 626//626
f 629//629 626//626 627//627
f 630//630 629//629 627//627
f 630//630 627//627 632//632
f 631//631 630//630 632//632
f 631//631 632//632 633//633
f 631//631 633//633 634//634
f 631//631 634//634 636//636
f 636//636 634//634 635//635
f 636//636 635//635 637//637
f 637//637 635//635 640//640
f 637//637 640//640 638//638
f 638//638 640//640 641//641
f 638//638 641//641 639//639
f 639//639 641//641 642//642
f 639//639 642//642 644//644
f 644//644 642//642 643//643
f 644//644 643//643 645//645
f 646//646 645//645 643//643
f 646//646 643//643 647//647
f 650//650 648//648 646//646
f 650//650 646//646 647//647
f 648//648 650//650 651//651
f 648//648 651//651 649//649
f 649//649 651//651 652//652
f 649//649 652//652 654//654
f 654//654 652//652 653//653
f 654//654 653//653 655//655
f 655//655 653//653 658//658
f 655//655 658//658 656//656
f 656//656 658//658 659//659
f 656//656 659//659 657//657
f 657//657 659//659 660//660
f 657//657 660//660 661//661
f 661//661 660//660 662//662
f 661//661 662//662 663//663
f 663//663 662//662 664//664
f 663//663 664//664 665//665
f 665//665 664//664 666//666
f 665//665 666//666 667//667
f 667//667 666//666 668//668
f 667//667 668//668 669//669
f 669//669 668//668 670//670
f 669//669 670//670 672//672
f 672//672 670//670 671//671
f 672//672 671//671 673//673
f 673//673 671//671 675//675
f 673//673 675//675 674//674
f 674//674 675//675 677//677
f 674//674 677//677 676//676
f 676//676 677//677 679//679
f 676//676 679//679 678//678
f 681//681 682//682 680//680
f 682//682 681//681 683//683
f 682//682 683//683 686//686
f 682//682 686//686 684//684
f 685//685 684//684 686//686
f 685//685 686//686 687//687
f 689//689 687//687 688//688
f 687//687 689//689 685//685
f 689//689 690//690 685//685
f 691//691 683//683 681//681
f 693//693 692//692 694//694
f 695//695 696//696 694//694
f 693//693 694//694 696//696
f 698//698 697//697 699//699
f 698//698 699//699 701//701
f 701//701 699//699 700//700
f 701//701 700//700 702//702
f 702//702 700//700 704//704
f 702//702 704//704 703//703
f 703//703 704//704 706//706
f 703//703 706//706 705//705
f 709//709 707//707 705//705
f 709//709 705//705 706//706
f 707//707 709//709 710//710
f 707//707 710//710 708//708
f 708//708 710//710 711//711
f 708//708 711//711 713//713
f 713//713 711//711 712//712
f 713//713 712//712 714//714
f 716//716 718//718 717//717
f 716//716 717//717 715//715
f 720//720 719//719 721//721
f 720//720 721//721 723//723
f 723//723 721//721 722//722
f 723//723 722//722 724//724
f 724//724 722//722 727//727
f 724//724 727//727 725//725
f 725//725 727//727 728//728
f 725//725 728//728 726//726
f 729//729 731//731 726//726
f 729//729 726//726 728//728
f 731//731 729//729 730//730
f 731//731 730//730 732//732
f 732//732 730//730 735//735
f 732//732 735//735 733//733
f 733//733 735//735 736//736
f 733//733 736//736 734//734
f 738//738 740//740 739//739
f 738//738 739//739 737//737
f 741//741 743//743 744//744
f 741//741 744//744 742//742
f 742//742 744//744 745//745
f 742//742 745//745 747//747
f 747//747 745//745 746//746
f 747//747 746//746 748//748
f 751//751 749//749 748//748
f 751//751 748//748 746//746
f 752//752 750//750 749//749
f 752//752 749//749 751//751
f 750//750 752//752 753//753
f 750//750 753//753 755//755
f 755//755 753//753 754//754
f 755//755 754//754 756//756
f 756//756 754//754 757//757
f 757//757 758//758 756//756
f 757//757 754//754 759//759
f 763//763 761//761 760//760
f 763//763 760//760 762//762
f 764//764 765//765 761//761
f 764//764 761//761 763//763
f 767//767 768//768 766//766
f 772//772 769//769 768//768
f 772//772 768//768 770//770
f 770//770 768//768 767//767
f 767//767 771//771 770//770
f 773//773 776//776 769//769
f 773//773 769//769 772//772
f 774//774 775//775 773//773
f 776//776 773//773 775//775
f 775//775 777//777 776//776
f 779//779 780//780 778//778
f 783//783 782//782 780//780
f 783//783 780//780 781//781
f 780//780 779//779 781//781
f 782//782 783//783 786//786
f 782//782 786//786 784//784
f 784//784 786//786 787//787
f 784//784 787//787 785//785
f 788//788 781//781 779//779
f 790//790 792//792 791//791
f 790//790 791//791 789//789
f 794//794 793//793 795//795
f 794//794 795//795 797//797
f 797//797 795//795 796//796
f 797//797 796//796 798//798
f 798//798 796//796 800//800
f 798//798 800//800 799//799
f 802//802 801//801 799//799
f 802//802 799//799 800//800
f 801//801 802//802 805//805
f 801//801 805//805 803//803
f 803//803 805//805 806//806
f 803//803 806//806 804//804
f 804//804 806//806 807//807
f 804//804 807//807 809//809
f 808//808 810//810 809//809
f 808//808 809//809 807//807
f 812//812 814//814 813//813
f 812//812 813//813 811//811
f 815//815 817//817 818//818
f 815//815 818//818 816//816
f 816//816 818//818 819//819
f 816//816 819//819 820//820
f 823//823 820//820 819//819
f 823//823 819//819 821//821
f 824//824 823//823 821//821
f 824//824 821//821 822//822
f 826//826 825//825 824//824
f 826//826 824//824 822//822
f 825//825 826//826 828//828
f 825//825 828//828 827//827
f 827//827 828//828 832//832
f 827//827 832//832 829//829
f 829//829 832//832 830//830
f 830//830 831//831 829//829
f 830//830 832//832 833//833
f 835//835 837//837 836//836
f 835//835 836//836 834//834
f 839//839 838//838 837//837
f 839//839 837//837 835//835
f 841//841 840//840 842//842
f 842//842 843//843 844//844
f 844//844 841//841 842//842
f 841//841 844//844 845//845
f 841//841 845//845 847//847
f 847//847 845//845 846//846
f 847//847 846//846 848//848
f 850//850 849//849 848//848
f 850//850 848//848 846//846
f 849//849 850//850 853//853
f 849//849 853//853 851//851
f 851//851 853//853 854//854
f 851//851 854//854 852//852
f 852//852 854//854 855//855
f 852//852 855//855 857//857
f 856//856 858//858 855//855
f 857//857 855//855 858//858
f 858//858 859//859 857//857
f 863//863 861//861 860//860
f 863//863 860//860 862//862
f 864//864 865//865 861//861
f 864//864 861//861 863//863
f 867//867 868//868 866//866
f 869//869 868//868 867//867
f 871//871 870//870 868//868
f 871//871 868//868 869//869
f 870//870 871//871 873//873
f 870//870 873//873 872//872
f 872//872 873//873 875//875
f 875//875 874//874 872//872
f 876//876 875//875 873//873
f 867//867 877//877 869//869
f 879//879 880//880 878//878
f 880//880 881//881 883//883
f 880//880 883//883 882//882
f 880//880 879//879 881//881
f 882//882 883//883 886//886
f 882//882 886//886 884//884
f 885//885 884//884 886//886
f 885//885 886//886 887//887
f 888//888 881//881 879//879
f 890//890 892//892 891//891
f 890//890 891//891 889//889
f 890//890 893//893 892//892
f 895//895 896//896 894//894
f 896//896 895//895 897//897
f 896//896 897//897 899//899
f 896//896 899//899 898//898
f 898//898 899//899 902//902
f 898//898 902//902 900//900
f 900//900 902//902 903//903
f 900//900 903//903 901//901
f 904//904 906//906 901//901
f 904//904 901//901 903//903
f 906//906 904//904 905//905
f 906//906 905//905 907//907
f 907//907 905//905 911//911
f 907//907 911//911 908//908
f 908//908 911//911 909//909
f 909//909 910//910 908//908
f 909//909 911//911 912//912
f 897//897 895//895 913//913
f 915//915 917//917 916//916
f 915//915 916//916 914//914
f 919//919 918//918 917//917
f 919//919 917//917 915//915
f 921//921 922//922 920//920
f 922//922 921//921 923//923
f 922//922 923//923 925//925
f 922//922 925//925 924//924
f 924//924 925//925 927//927
f 924//924 927//927 926//926
f 926//926 927//927 929//929
f 926//926 929//929 928//928
f 932//932 930//930 928//928
f 932//932 928//928 929//929
f 930//930 932//932 933//933
f 930//930 933//933 931//931
f 931//931 933//933 934//934
f 931//931 934//934 936//936
f 937//937 934//934 935//935
f 936//936 934//934 937//937
f 937//937 938//938 936//936
f 923//923 921//921 939//939
f 941//941 940//940 942//942
f 943//943 944//944 942//942
f 941//941 942//942 944//944
f 946//946 945//945 947//947
f 946//946 947//947 949//949
f 949//949 947//947 948//948
f 949//949 948//948 950//950
f 950//950 948//948 952//952
f 950//950 952//952 951//951
f 954//954 953//953 951//951
f 954//954 951//951 952//952
f 953//953 954//954 957//957
f 953//953 957//957 955//955
f 955//955 957//957 958//958
f 955//955 958//958 956//956
f 956//956 958//958 959//959
f 956//956 959//959 961//961
f 960//960 962//962 961//961
f 960//960 961//961 959//959
f 964//964 966//966 965//965
f 964//964 965//965 963//963
f 968//968 967//967 969//969
f 968//968 969//969 971//971
f 970//970 972//972 971//971
f 970//970 971//971 969//969
f 976//976 973//973 972//972
f 976//976 972//972 970//970
f 975//975 974//974 973//973
f 973//973 976//976 975//975
f 977//977 975//975 976//976
f 979//979 980//980 978//978
f 980//980 979//979 981//981
f 980//980 981//981 984//984
f 980//980 984//984 982//982
f 985//985 983//983 982//982
f 985//985 982//982 984//984
f 987//987 985//985 986//986
f 985//985 987//987 983//983
f 987//987 988//988 983//983
f 989//989 981//981 979//979
f 991//991 990//990 992//992
f 993//993 994//994 992//992
f 991//991 992//992 994//994
f 996//996 995//995 997//997
f 996//996 997//997 999//999
f 999//999 997//997 998//998
f 999//999 998//998 1000//1000
f 1000//1000 998//998 1003//1003
f 1000//1000 1003//1003 1001//1001
f 1004//1004 1002//1002 1001//1001
f 1004//1004 1001//1001 1003//1003
f 1005//1005 1007//1007 1002//1002
f 1005//1005 1002//1002 1004//1004
f 1007//1007 1005//1005 1006//1006
f 1007//1007 1006//1006 1008//1008
f 1008//1008 1006//1006 1011//1011
f 1008//1008 1011//1011 1009//1009
f 1009//1009 1011//1011 1012//1012
f 1009//1009 1012//1012 1010//1010
f 1014//1014 1016//1016 1015//1015
f 1014//1014 1015//1015 1013//1013
f 1018//1018 1017//1017 1019//1019
f 1018//1018 1019//1019 1021//1021
f 1021//1021 1019//1019 1020//1020
f 1021//1021 1020//1020 1022//1022
f 1022//1022 1020//1020 1024//1024
f 1022//1022 1024//1024 1023//1023
f 1026//1026 1025//1025 1023//1023
f 1026//1026 1023//1023 1024//1024
f 1029//1029 1027//1027 1025//1025
f 1029//1029 1025//1025 1026//1026
f 1027//1027 1029//1029 1030//1030
f 1027//1027 1030//1030 1028//1028
f 1028//1028 1030//1030 1031//1031
f 1028//1028 1031//1031 1033//1033
f 1033//1033 1031//1031 1032//1032
f 1033//1033 1032//1032 1034//1034
f 1036//1036 1038//1038 1037//1037
f 1036//1036 1037//1037 1035//1035
f 1039//1039 1041//1041 1042//1042
f 1039//1039 1042//1042 1040//1040
f 1040//1040 1042//1042 1043//1043
f 1040//1040 1043//1043 1044//1044
f 1044//1044 1043//1043 1045//1045
f 1044//1044 1045//1045 1047//1047
f 1046//1046 1048//1048 1047//1047
f 1046//1046 1047//1047 1045//1045
f 1048//1048 1046//1046 1050//1050
f 1048//1048 1050//1050 1049//1049
f 1049//1049 1050//1050 1052//1052
f 1049//1049 1052//1052 1051//1051
f 1051//1051 1052//1052 1056//1056
f 1051//1051 1056//1056 1053//1053
f 1053//1053 1056//1056 1054//1054
f 1054//1054 1055//1055 1053//1053
f 1057//1057 1054//1054 1056//1056
f 1059//1059 1058//1058 1060//1060
f 1061//1061 1062//1062 1060//1060
f 1059//1059 1060//1060 1062//1062
f 1063//1063 1065//1065 1066//1066
f 1063//1063 1066//1066 1064//1064
f 1064//1064 1066//1066 1067//1067
f 1064//1064 1067//1067 1069//1069
f 1068//1068 1070//1070 1069//1069
f 1068//1068 1069//1069 1067//1067
f 1072//1072 1071//1071 1070//1070
f 1068//1068 1072//1072 1070//1070
f 1072//1072 1068//1068 1073//1073
f 1075//1075 1074//1074 1076//1076
f 1077//1077 1075//1075 1076//1076
f 1079//1079 1077//1077 1076//1076
f 1079//1079 1076//1076 1078//1078
f 1081//1081 1079//1079 1078//1078
f 1081//1081 1078//1078 1080//1080
f 1082//1082 1083//1083 1081//1081
f 1082//1082 1081//1081 1080//1080
f 1075//1075 1077//1077 1084//1084
f 1086//1086 1085//1085 1087//1087
f 1086//1086 1087//1087 1088//1088
f 1090//1090 1092//1092 1091//1091
f 1090//1090 1091//1091 1089//1089
f 1093//1093 1092//1092 1090//1090
f 1093//1093 1090//1090 1094//1094
f 1095//1095 1093//1093 1094//1094
f 1095//1095 1094//1094 1096//1096
f 1098//1098 1097//1097 1095//1095
f 1098//1098 1095//1095 1096//1096
f 1100//1100 1099//1099 1101//1101
f 1100//1100 1101//1101 1102//1102
f 1104//1104 1106//1106 1105//1105
f 1104//1104 1105//1105 1103//1103
f 1107//1107 1106//1106 1104//1104
f 1107//1107 1104//1104 1108//1108
f 1109//1109 1107//1107 1108//1108
f 1109//1109 1108//1108 1110//1110
f 1111//1111 1109//1109 1110//1110
f 1111//1111 1110//1110 1112//1112
f 1113//1113 1111//1111 1112//1112
f 1113//1113 1112//1112 1114//1114
f 1115//1115 1113//1113 1114//1114
f 1115//1115 1114//1114 1116//1116
f 1115//1115 1116//1116 1117//1117
f 1117//1117 1118//1118 1115//1115
f 1119//1119 1118//1118 1117//1117
f 1119//1119 1117//1117 1121//1121
f 1122//1122 1120//1120 1119//1119
f 1122//1122 1119//1119 1121//1121
f 1124//1124 1122//1122 1121//1121
f 1124//1124 1121//1121 1123//1123
f 1121//1121 1117//1117 1125//1125
f 1121//1121 1125//1125 1123//1123
f 1116//1116 1125//1125 1117//1117
f 1127//1127 1130//1130 1128//1128
f 1127//1127 1128//1128 1126//1126
f 1129//1129 1128//1128 1130//1130
f 1129//1129 1130//1130 1132//1132
f 1131//1131 1130//1130 1127//1127
f 1131//1131 1127//1127 1148//1148
f 1133//1133 1132//1132 1130//1130
f 1133//1133 1130//1130 1131//1131
f 1134//1134 1133//1133 1131//1131
f 1136//1136 1134//1134 1135//1135
f 1136//1136 1135//1135 1137//1137
f 1135//1135 1134//1134 1131//1131
f 1138//1138 1136//1136 1137//1137
f 1138//1138 1137//1137 1140//1140
f 1139//1139 1138//1138 1140//1140
f 1139//1139 1140//1140 1141//1141
f 1143//1143 1139//1139 1141//1141
f 1143//1143 1141//1141 1142//1142
f 1145//1145 1143//1143 1142//1142
f 1145//1145 1142//1142 1144//1144
f 1146//1146 1147//1147 1145//1145
f 1146//1146 1145//1145 1144//1144
f 1131//1131 1148//1148 1135//1135
f 1150//1150 1149//1149 1151//1151
f 1150//1150 1151//1151 1152//1152
f 1154//1154 1156//1156 1155//1155
f 1154//1154 1155//1155 1153//1153
f 1157//1157 1156//1156 1154//1154
f 1157//1157 1154//1154 1158//1158
f 1159//1159 1157//1157 1158//1158
f 1159//1159 1158//1158 1160//1160
f 1162//1162 1161//1161 1159//1159
f 1162//1162 1159//1159 1160//1160
f 1164//1164 1163//1163 1165//1165
f 1164//1164 1165//1165 1166//1166
f 1168//1168 1170//1170 1169//1169
f 1168//1168 1169//1169 1167//1167
f 1171//1171 1170//1170 1168//1168
f 1171//1171 1168//1168 1172//1172
f 1173//1173 1171//1171 1172//1172
f 1173//1173 1172//1172 1174//1174
f 1174//1174 1176//1176 1173//1173
f 1175//1175 1173//1173 1176//1176
f 1176//1176 1174//1174 1177//1177
f 1179//1179 1181//1181 1180//1180
f 1179//1179 1180//1180 1178//1178
f 1182//1182 1181//1181 1179//1179
f 1182//1182 1179//1179 1184//1184
f 1183//1183 1182//1182 1184//1184
f 1183//1183 1184//1184 1185//1185
f 1186//1186 1187//1187 1183//1183
f 1186//1186 1183//1183 1185//1185
f 1189//1189 1188//1188 1190//1190
f 1189//1189 1190//1190 1191//1191
f 1193//1193 1195//1195 1194//1194
f 1193//1193 1194//1194 1192//1192
f 1196//1196 1195//1195 1193//1193
f 1196//1196 1193//1193 1197//1197
f 1198//1198 1196//1196 1197//1197
f 1198//1198 1197//1197 1200//1200
f 1199//1199 1198//1198 1200//1200
f 1199//1199 1200//1200 1201//1201
f 1203//1203 1199//1199 1201//1201
f 1203//1203 1201//1201 1202//1202
f 1205//1205 1203//1203 1202//1202
f 1205//1205 1202//1202 1204//1204
f 1207//1207 1205//1205 1204//1204
f 1207//1207 1204//1204 1206//1206
f 1209//1209 1207//1207 1206//1206
f 1209//1209 1206//1206 1208//1208
f 1211//1211 1209//1209 1208//1208
f 1211//1211 1208//1208 1210//1210
f 1213//1213 1211//1211 1210//1210
f 1213//1213 1210//1210 1212//1212
f 1215//1215 1213//1213 1212//1212
f 1215//1215 1212//1212 1214//1214
f 1216//1216 1217//1217 1215//1215
f 1216//1216 1215//1215 1214//1214
f 1219//1219 1218//1218 1220//1220
f 1219//1219 1220//1220 1221//1221
f 1223//1223 1225//1225 1224//1224
f 1223//1223 1224//1224 1222//1222
f 1226//1226 1225//1225 1223//1223
f 1226//1226 1223//1223 1227//1227
f 1228//1228 1226//1226 1227//1227
f 1228//1228 1227//1227 1229//1229
f 1230//1230 1228//1228 1229//1229
f 1230//1230 1229//1229 1232//1232
f 1231//1231 1230//1230 1232//1232
f 1231//1231 1232//1232 1233//1233
f 1235//1235 1231//1231 1233//1233
f 1235//1235 1233//1233 1234//1234
f 1237//1237 1235//1235 1234//1234
f 1237//1237 1234//1234 1236//1236
f 1239//1239 1237//1237 1236//1236
f 1239//1239 1236//1236 1238//1238
f 1241//1241 1239//1239 1238//1238
f 1241//1241 1238//1238 1240//1240
f 1243//1243 1241//1241 1240//1240
f 1243//1243 1240//1240 1242//1242
f 1245//1245 1243//1243 1242//1242
f 1245//1245 1242//1242 1244//1244
f 1246//1246 1247//1247 1245//1245
f 1246//1246 1245//1245 1244//1244
f 1249//1249 1248//1248 1250//1250
f 1249//1249 1250//1250 1251//1251
f 1253//1253 1255//1255 1254//1254
f 1253//1253 1254//1254 1252//1252
f 1256//1256 1255//1255 1253//1253
f 1256//1256 1253//1253 1257//1257
f 1258//1258 1256//1256 1257//1257
f 1258//1258 1257//1257 1259//1259
f 1261//1261 1260//1260 1258//1258
f 1261//1261 1258//1258 1259//1259
f 1263//1263 1262//1262 1264//1264
f 1263//1263 1264//1264 1265//1265
f 1267//1267 1266//1266 1268//1268
f 1267//1267 1268//1268 1269//1269
f 1271//1271 1273//1273 1272//1272
f 1271//1271 1272//1272 1270//1270
f 1274//1274 1273//1273 1271//1271
f 1274//1274 1271//1271 1275//1275
f 1276//1276 1274//1274 1275//1275
f 1276//1276 1275//1275 1277//1277
f 1278//1278 1276//1276 1277//1277
f 1278//1278 1277//1277 1280//1280
f 1279//1279 1278//1278 1280//1280
f 1279//1279 1280//1280 1281//1281
f 1283//1283 1279//1279 1281//1281
f 1283//1283 1281//1281 1282//1282
f 1285//1285 1283//1283 1282//1282
f 1285//1285 1282//1282 1284//1284
f 1286//1286 1287//1287 1285//1285
f 1286//1286 1285//1285 1284//1284
f 1289//1289 1288//1288 1290//1290
f 1289//1289 1290//1290 1291//1291
f 1293//1293 1292//1292 1294//1294
f 1293//1293 1294//1294 1295//1295
f 1295//1295 1294//1294 1296//1296
f 1295//1295 1296//1296 1297//1297
f 1297//1297 1298//1298 1295//1295
f 1300//1300 1299//1299 1301//1301
f 1300//1300 1301//1301 1302//1302
f 1304//1304 1302//1302 1301//1301
f 1304//1304 1301//1301 1303//1303
f 1307//1307 1304//1304 1303//1303
f 1307//1307 1303//1303 1305//1305
f 1307//1307 1305//1305 1306//1306
f 1307//1307 1306//1306 1309//1309
f 1309//1309 1310//1310 1308//1308
f 1309//1309 1308//1308 1307//1307
f 1308//1308 1311//1311 1304//1304
f 1308//1308 1304//1304 1307//1307
f 1311//1311 1312//1312 1302//1302
f 1311//1311 1302//1302 1304//1304
f 1302//1302 1312//1312 1313//1313
f 1302//1302 1313//1313 1300//1300
f 1315//1315 1316//1316 1314//1314
f 1318//1318 1317//1317 1316//1316
f 1316//1316 1315//1315 1318//1318
f 1320//1320 1319//1319 1318//1318
f 1320//1320 1318//1318 1315//1315
f 1324//1324 1321//1321 1322//1322
f 1322//1322 1321//1321 1323//1323
f 1321//1321 1324//1324 1325//1325
f 1325//1325 1326//1326 1327//1327
f 1326//1326 1325//1325 1324//1324
f 1328//1328 1327//1327 1326//1326
f 1328//1328 1326//1326 1329//1329
f 1330//1330 1328//1328 1329//1329
f 1331//1331 1330//1330 1329//1329
f 1330//1330 1331//1331 1332//1332
f 1332//1332 1333//1333 1330//1330
f 1334//1334 1333//1333 1332//1332
f 1334//1334 1332//1332 1336//1336
f 1336//1336 1335//1335 1334//1334
f 1336//1336 1332//1332 1338//1338
f 1336//1336 1338//1338 1337//1337
f 1335//1335 1336//1336 1337//1337
f 1337//1337 1338//1338 1343//1343
f 1337//1337 1343//1343 1339//1339
f 1337//1337 1339//1339 1340//1340
f 1335//1335 1337//1337 1340//1340
f 1339//1339 1341//1341 1340//1340
f 1339//1339 1343//1343 1342//1342
f 1339//1339 1342//1342 1341//1341
f 1344//1344 1342//1342 1343//1343
f 1344//1344 1331//1331 1345//1345
f 1345//1345 1346//1346 1344//1344
f 1331//1331 1344//1344 1343//1343
f 1345//1345 1322//1322 1323//1323
f 1345//1345 1323//1323 1346//1346
f 1331//1331 1347//1347 1345//1345
f 1347//1347 1324//1324 1322//1322
f 1347//1347 1322//1322 1345//1345
f 1329//1329 1347//1347 1331//1331
f 1329//1329 1326//1326 1324//1324
f 1329//1329 1324//1324 1347//1347
f 1343//1343 1338//1338 1331//1331
f 1331//1331 1338//1338 1332//1332
f 1349//1349 1351//1351 1350//1350
f 1349//1349 1350//1350 1348//1348
f 1352//1352 1351//1351 1349//1349
f 1352//1352 1349//1349 1353//1353
f 1354//1354 1352//1352 1353//1353
f 1354//1354 1353//1353 1355//1355
f 1356//1356 1354//1354 1355//1355
f 1356//1356 1355//1355 1357//1357
f 1358//1358 1356//1356 1357//1357
f 1358//1358 1357//1357 1360//1360
f 1359//1359 1358//1358 1360//1360
f 1359//1359 1360//1360 1361//1361
f 1363//1363 1359//1359 1361//1361
f 1363//1363 1361//1361 1362//1362
f 1364//1364 1365//1365 1363//1363
f 1364//1364 1363//1363 1362//1362
f 1366//1366 1367//1367 1369//1369
f 1367//1367 1366//1366 1368//1368
f 1370//1370 1369//1369 1367//1367
f 1371//1371 1370//1370 1367//1367
f 1371//1371 1367//1367 1372//1372
f 1373//1373 1371//1371 1372//1372
f 1373//1373 1372//1372 1375//1375
f 1373//1373 1375//1375 1374//1374
f 1376//1376 1374//1374 1375//1375
f 1375//1375 1377//1377 1376//1376
f 1375//1375 1372//1372 1378//1378
f 1375//1375 1378//1378 1377//1377
f 1372//1372 1367//1367 1368//1368
f 1372//1372 1368//1368 1378//1378
f 1380//1380 1379//1379 1381//1381
f 1380//1380 1381//1381 1382//1382
f 1382//1382 1381//1381 1383//1383
f 1382//1382 1383//1383 1385//1385
f 1384//1384 1383//1383 1381//1381
f 1389//1389 1386//1386 1387//1387
f 1389//1389 1387//1387 1391//1391
f 1387//1387 1386//1386 1388//1388
f 1392//1392 1390//1390 1389//1389
f 1392//1392 1389//1389 1391//1391
f 1393//1393 1392//1392 1391//1391
f 1393//1393 1391//1391 1406//1406
f 1395//1395 1394//1394 1392//1392
f 1395//1395 1392//1392 1393//1393
f 1390//1390 1392//1392 1394//1394
f 1396//1396 1395//1395 1393//1393
f 1396//1396 1393//1393 1397//1397
f 1398//1398 1396//1396 1397//1397
f 1397//1397 1399//1399 1398//1398
f 1401//1401 1400//1400 1399//1399
f 1402//1402 1399//1399 1400//1400
f 1399//1399 1397//1397 1401//1401
f 1402//1402 1400//1400 1403//1403
f 1400//1400 1405//1405 1404//1404
f 1400//1400 1404//1404 1403//1403
f 1405//1405 1387//1387 1388//1388
f 1405//1405 1388//1388 1404//1404
f 1406//1406 1391//1391 1387//1387
f 1406//1406 1387//1387 1405//1405
f 1401//1401 1406//1406 1405//1405
f 1401//1401 1405//1405 1400//1400
f 1397//1397 1393//1393 1406//1406
f 1397//1397 1406//1406 1401//1401
f 1408//1408 1409//1409 1407//1407
f 1411//1411 1410//1410 1409//1409
f 1409//1409 1408//1408 1411//1411
f 1413//1413 1412//1412 1411//1411
f 1413//1413 1411//1411 1408//1408
f 1415//1415 1414//1414 1416//1416
f 1415//1415 1416//1416 1417//1417
f 1419//1419 1421//1421 1420//1420
f 1419//1419 1420//1420 1418//1418
f 1422//1422 1421//1421 1419//1419
f 1422//1422 1419//1419 1424//1424
f 1423//1423 1422//1422 1424//1424
f 1423//1423 1424//1424 1425//1425
f 1427//1427 1423//1423 1425//1425
f 1427//1427 1425//1425 1426//1426
f 1429//1429 1427//1427 1426//1426
f 1429//1429 1426//1426 1428//1428
f 1431//1431 1429//1429 1428//1428
f 1431//1431 1428//1428 1430//1430
f 1433//1433 1431//1431 1430//1430
f 1433//1433 1430//1430 1432//1432
f 1434//1434 1435//1435 1433//1433
f 1434//1434 1433//1433 1432//1432
f 1437//1437 1436//1436 1438//1438
f 1437//1437 1438//1438 1439//1439
f 1441//1441 1440//1440 1442//1442
f 1441//1441 1442//1442 1443//1443
f 1443//1443 1442//1442 1444//1444
f 1443//1443 1444//1444 1445//1445
f 1445//1445 1446//1446 1443//1443
f 1447//1447 1450//1450 1448//1448
f 1448//1448 1449//1449 1447//1447
f 1452//1452 1448//1448 1450//1450
f 1452//1452 1450//1450 1451//1451
f 1454//1454 1452//1452 1451//1451
f 1454//1454 1451//1451 1453//1453
f 1455//1455 1454//1454 1453//1453
f 1455//1455 1456//1456 1454//1454
f 1459//1459 1456//1456 1457//1457
f 1458//1458 1454//1454 1456//1456
f 1456//1456 1459//1459 1458//1458
f 1459//1459 1460//1460 1467//1467
f 1459//1459 1467//1467 1458//1458
f 1461//1461 1462//1462 1460//1460
f 1461//1461 1460//1460 1459//1459
f 1457//1457 1461//1461 1459//1459
f 1462//1462 1463//1463 1465//1465
f 1462//1462 1465//1465 1460//1460
f 1464//1464 1465//1465 1463//1463
f 1460//1460 1465//1465 1466//1466
f 1460//1460 1466//1466 1467//1467
f 1464//1464 1449//1449 1465//1465
f 1466//1466 1465//1465 1449//1449
f 1467//1467 1466//1466 1448//1448
f 1467//1467 1448//1448 1452//1452
f 1466//1466 1449//1449 1448//1448
f 1458//1458 1467//1467 1452//1452
f 1458//1458 1452//1452 1454//1454
f 1469//1469 1470//1470 1468//1468
f 1470//1470 1469//1469 1471//1471
f 1471//1471 1472//1472 1470//1470
f 1474//1474 1473//1473 1471//1471
f 1474//1474 1471//1471 1469//1469
f 1478//1478 1475//1475 1476//1476
f 1476//1476 1475//1475 1477//1477
f 1475//1475 1478//1478 1479//1479
f 1479//1479 1480//1480 1481//1481
f 1480//1480 1479//1479 1478//1478
f 1482//1482 1481//1481 1480//1480
f 1482//1482 1480//1480 1483//1483
f 1484//1484 1482//1482 1483//1483
f 1485//1485 1484//1484 1483//1483
f 1484//1484 1485//1485 1486//1486
f 1486//1486 1487//1487 1484//1484
f 1488//1488 1487//1487 1486//1486
f 1488//1488 1486//1486 1490//1490
f 1490//1490 1489//1489 1488//1488
f 1489//1489 1490//1490 1491//1491
f 1490//1490 1486//1486 1493//1493
f 1490//1490 1493//1493 1491//1491
f 1489//1489 1491//1491 1492//1492
f 1491//1491 1494//1494 1492//1492
f 1491//1491 1493//1493 1496//1496
f 1491//1491 1496//1496 1494//1494
f 1494//1494 1495//1495 1492//1492
f 1494//1494 1496//1496 1497//1497
f 1494//1494 1497//1497 1495//1495
f 1485//1485 1498//1498 1496//1496
f 1496//1496 1493//1493 1485//1485
f 1498//1498 1497//1497 1496//1496
f 1498//1498 1485//1485 1499//1499
f 1499//1499 1500//1500 1498//1498
f 1499//1499 1476//1476 1477//1477
f 1499//1499 1477//1477 1500//1500
f 1485//1485 1501//1501 1499//1499
f 1501//1501 1478//1478 1476//1476
f 1501//1501 1476//1476 1499//1499
f 1483//1483 1501//1501 1485//1485
f 1483//1483 1480//1480 1478//1478
f 1483//1483 1478//1478 1501//1501
f 1485//1485 1493//1493 1486//1486
f 1503//1503 1502//1502 1504//1504
f 1503//1503 1504//1504 1505//1505
f 1507//1507 1506//1506 1508//1508
f 1507//1507 1508//1508 1509//1509
f 1509//1509 1508//1508 1510//1510
f 1509//1509 1510//1510 1512//1512
f 1511//1511 1510//1510 1508//1508
f 1516//1516 1513//1513 1514//1514
f 1516//1516 1514//1514 1517//1517
f 1514//1514 1513//1513 1515//1515
f 1518//1518 1516//1516 1517//1517
f 1518//1518 1519//1519 1516//1516
f 1519//1519 1518//1518 1520//1520
f 1521//1521 1520//1520 1518//1518
f 1521//1521 1518//1518 1523//1523
f 1522//1522 1521//1521 1523//1523
f 1522//1522 1523//1523 1525//1525
f 1523//1523 1518//1518 1517//1517
f 1523//1523 1517//1517 1524//1524
f 1525//1525 1523//1523 1524//1524
f 1525//1525 1524//1524 1527//1527
f 1525//1525 1526//1526 1528//1528
f 1525//1525 1527//1527 1526//1526
f 1525//1525 1528//1528 1522//1522
f 1527//1527 1524//1524 1530//1530
f 1527//1527 1530//1530 1529//1529
f 1527//1527 1529//1529 1526//1526
f 1529//1529 1530//1530 1533//1533
f 1529//1529 1533//1533 1531//1531
f 1529//1529 1532//1532 1526//1526
f 1532//1532 1529//1529 1531//1531
f 1530//1530 1514//1514 1515//1515
f 1530//1530 1515//1515 1533//1533
f 1524//1524 1517//1517 1514//1514
f 1524//1524 1514//1514 1530//1530
f 1535//1535 1536//1536 1534//1534
f 1538//1538 1537//1537 1536//1536
f 1536//1536 1535//1535 1538//1538
f 1540//1540 1539//1539 1538//1538
f 1540//1540 1538//1538 1535//1535
f 1542//1542 1544//1544 1543//1543
f 1542//1542 1543//1543 1541//1541
f 1548//1548 1545//1545 1546//1546
f 1546//1546 1545//1545 1547//1547
f 1545//1545 1548//1548 1549//1549
f 1549//1549 1550//1550 1551//1551
f 1550//1550 1549//1549 1548//1548
f 1552//1552 1551//1551 1550//1550
f 1552//1552 1550//1550 1553//1553
f 1554//1554 1552//1552 1553//1553
f 1555//1555 1554//1554 1553//1553
f 1554//1554 1555//1555 1556//1556
f 1556//1556 1557//1557 1554//1554
f 1558//1558 1557//1557 1556//1556
f 1558//1558 1556//1556 1560//1560
f 1560//1560 1559//1559 1558//1558
f 1559//1559 1560//1560 1561//1561
f 1560//1560 1556//1556 1564//1564
f 1560//1560 1564//1564 1561//1561
f 1561//1561 1562//1562 1563//1563
f 1561//1561 1564//1564 1565//1565
f 1561//1561 1565//1565 1562//1562
f 1559//1559 1561//1561 1563//1563
f 1565//1565 1564//1564 1555//1555
f 1555//1555 1564//1564 1556//1556
f 1562//1562 1565//1565 1567//1567
f 1562//1562 1567//1567 1568//1568
f 1555//1555 1566//1566 1565//1565
f 1566//1566 1567//1567 1565//1565
f 1562//1562 1568//1568 1563//1563
f 1566//1566 1555//1555 1569//1569
f 1569//1569 1570//1570 1566//1566
f 1569//1569 1546//1546 1547//1547
f 1569//1569 1547//1547 1570//1570
f 1571//1571 1548//1548 1546//1546
f 1571//1571 1546//1546 1569//1569
f 1555//1555 1571//1571 1569//1569
f 1553//1553 1571//1571 1555//1555
f 1553//1553 1550//1550 1548//1548
f 1553//1553 1548//1548 1571//1571
f 1573//1573 1575//1575 1574//1574
f 1573//1573 1574//1574 1572//1572
f 1576//1576 1578//1578 1579//1579
f 1576//1576 1579//1579 1577//1577
f 1581//1581 1580//1580 1582//1582
f 1581//1581 1582//1582 1583//1583
f 1585//1585 1584//1584 1586//1586
f 1585//1585 1586//1586 1587//1587
f 1588//1588 1590//1590 1591//1591
f 1588//1588 1591//1591 1589//1589
f 1595//1595 1593//1593 1592//1592
f 1595//1595 1592//1592 1594//1594
f 1597//1597 1599//1599 1598//1598
f 1597//1597 1598//1598 1596//1596
f 1601//1601 1600//1600 1602//1602
f 1601//1601 1602//1602 1603//1603
f 1607//1607 1605//1605 1604//1604
f 1607//1607 1604//1604 1606//1606
f 1609//1609 1611//1611 1610//1610
f 1609//1609 1610//1610 1608//1608
f 1615//1615 1613//1613 1612//1612
f 1615//1615 1612//1612 1614//1614
f 1616//1616 1617//1617 1619//1619
f 1617//1617 1616//1616 1618//1618
f 1620//1620 1619//1619 1617//1617
f 1621//1621 1620//1620 1617//1617
f 1621//1621 1617//1617 1622//1622
f 1623//1623 1621//1621 1622//1622
f 1623//1623 1622//1622 1625//1625
f 1623//1623 1625//1625 1624//1624
f 1627//1627 1624//1624 1625//1625
f 1625//1625 1622//1622 1628//1628
f 1625//1625 1628//1628 1626//1626
f 1625//1625 1626//1626 1627//1627
f 1622//1622 1617//1617 1618//1618
f 1622//1622 1618//1618 1628//1628
f 1630//1630 1629//1629 1631//1631
f 1630//1630 1631//1631 1632//1632
f 1633//1633 1635//1635 1636//1636
f 1633//1633 1636//1636 1634//1634
f 1638//1638 1640//1640 1639//1639
f 1638//1638 1639//1639 1637//1637
f 1642//1642 1641//1641 1643//1643
f 1642//1642 1643//1643 1644//1644
f 1645//1645 1647//1647 1648//1648
f 1645//1645 1648//1648 1646//1646
f 1652//1652 1650//1650 1649//1649
f 1652//1652 1649//1649 1651//1651
f 1653//1653 1655//1655 1656//1656
f 1653//1653 1656//1656 1654//1654
f 1658//1658 1657//1657 1659//1659
f 1658//1658 1659//1659 1660//1660
f 1661//1661 1663//1663 1664//1664
f 1661//1661 1664//1664 1662//1662
f 1668//1668 1666//1666 1665//1665
f 1668//1668 1665//1665 1667//1667
f 1670//1670 1672//1672 1671//1671
f 1670//1670 1671//1671 1669//1669
f 1674//1674 1673//1673 1675//1675
f 1674//1674 1675//1675 1676//1676
f 1680//1680 1678//1678 1677//1677
f 1680//1680 1677//1677 1679//1679
f 1682//1682 1684//1684 1683//1683
f 1682//1682 1683//1683 1681//1681
f 1685//1685 1686//1686 1688//1688
f 1686//1686 1685//1685 1687//1687
f 1689//1689 1688//1688 1686//1686
f 1690//1690 1689//1689 1686//1686
f 1690//1690 1686//1686 1691//1691
f 1692//1692 1690//1690 1691//1691
f 1692//1692 1691//1691 1694//1694
f 1692//1692 1694//1694 1693//1693
f 1695//1695 1693//1693 1694//1694
f 1694//1694 1696//1696 1695//1695
f 1694//1694 1691//1691 1697//1697
f 1694//1694 1697//1697 1696//1696
f 1691//1691 1686//1686 1687//1687
f 1691//1691 1687//1687 1697//1697
f 1699//1699 1701//1701 1700//1700
f 1699//1699 1700//1700 1698//1698
f 1707//1707 1702//1702 1703//1703
f 1703//1703 1702//1702 1704//1704
f 1706//1706 1704//1704 1702//1702
f 1705//1705 1706//1706 1702//1702
f 1703//1703 1711//1711 1707//1707
f 1708//1708 1710//1710 1707//1707
f 1708//1708 1707//1707 1709//1709
f 1707//1707 1711//1711 1709//1709
f 1703//1703 1713//1713 1711//1711
f 1711//1711 1713//1713 1712//1712
f 1714//1714 1711//1711 1712//1712
f 1714//1714 1712//1712 1716//1716
f 1717//1717 1709//1709 1711//1711
f 1717//1717 1711//1711 1714//1714
f 1715//1715 1717//1717 1714//1714
f 1715//1715 1714//1714 1716//1716
f 1715//1715 1716//1716 2314//2314
f 1719//1719 1708//1708 1709//1709
f 1719//1719 1709//1709 1717//1717
f 1717//1717 1715//1715 1718//1718
f 1717//1717 1718//1718 1719//1719
f 1720//1720 1708//1708 1719//1719
f 1721//1721 1720//1720 1719//1719
f 1721//1721 1719//1719 1718//1718
f 1722//1722 1720//1720 1721//1721
f 1720//1720 1722//1722 1710//1710
f 1720//1720 1710//1710 1708//1708
f 1724//1724 1722//1722 1723//1723
f 1725//1725 1723//1723 1722//1722
f 1722//1722 1724//1724 1710//1710
f 1721//1721 1725//1725 1722//1722
f 1721//1721 1726//1726 1725//1725
f 1725//1725 1726//1726 1729//1729
f 1723//1723 1725//1725 1727//1727
f 1727//1727 1725//1725 1728//1728
f 1729//1729 1728//1728 1725//1725
f 1728//1728 1729//1729 1730//1730
f 1732//1732 1723//1723 1727//1727
f 1727//1727 1731//1731 1732//1732
f 1733//1733 1732//1732 1731//1731
f 1738//1738 1735//1735 1732//1732
f 1738//1738 1732//1732 1733//1733
f 1732//1732 1734//1734 1723//1723
f 1735//1735 1734//1734 1732//1732
f 1734//1734 1735//1735 1736//1736
f 1735//1735 1737//1737 1736//1736
f 1739//1739 1737//1737 1735//1735
f 1735//1735 1738//1738 1740//1740
f 1735//1735 1740//1740 1739//1739
f 1739//1739 1740//1740 1741//1741
f 1742//1742 1739//1739 1741//1741
f 1737//1737 1739//1739 1742//1742
f 1742//1742 1741//1741 1745//1745
f 1742//1742 1743//1743 1737//1737
f 1743//1743 1742//1742 1744//1744
f 1742//1742 1745//1745 1744//1744
f 1746//1746 1750//1750 1744//1744
f 1746//1746 1744//1744 1745//1745
f 1745//1745 1741//1741 1746//1746
f 1747//1747 1746//1746 1748//1748
f 1750//1750 1746//1746 1747//1747
f 1749//1749 1748//1748 1746//1746
f 1741//1741 1749//1749 1746//1746
f 1752//1752 1750//1750 1747//1747
f 1750//1750 1751//1751 1743//1743
f 1750//1750 1743//1743 1744//1744
f 1750//1750 1752//1752 1751//1751
f 1752//1752 1753//1753 1751//1751
f 1753//1753 1754//1754 1755//1755
f 1751//1751 1753//1753 1755//1755
f 1756//1756 1755//1755 1754//1754
f 1756//1756 1758//1758 1755//1755
f 1755//1755 1758//1758 1759//1759
f 1755//1755 1759//1759 1757//1757
f 1751//1751 1755//1755 1757//1757
f 1751//1751 1757//1757 1743//1743
f 1758//1758 1760//1760 1761//1761
f 1758//1758 1761//1761 1759//1759
f 1758//1758 1724//1724 1760//1760
f 1724//1724 1758//1758 1756//1756
f 1734//1734 1761//1761 1760//1760
f 1760//1760 1723//1723 1734//1734
f 1724//1724 1723//1723 1760//1760
f 1736//1736 1761//1761 1734//1734
f 1736//1736 1759//1759 1761//1761
f 1737//1737 1759//1759 1736//1736
f 1759//1759 1737//1737 1757//1757
f 1737//1737 1743//1743 1757//1757
f 1741//1741 1740//1740 1762//1762
f 1762//1762 1765//1765 1763//1763
f 1763//1763 1764//1764 1762//1762
f 1766//1766 1765//1765 1762//1762
f 1766//1766 1762//1762 1767//1767
f 1767//1767 1762//1762 1768//1768
f 1768//1768 1762//1762 1740//1740
f 1768//1768 1769//1769 1766//1766
f 1768//1768 1766//1766 1767//1767
f 1740//1740 1738//1738 1769//1769
f 1740//1740 1769//1769 1768//1768
f 1766//1766 1769//1769 1770//1770
f 1738//1738 1770//1770 1769//1769
f 1772//1772 1771//1771 1770//1770
f 1766//1766 1770//1770 1771//1771
f 1738//1738 1733//1733 1770//1770
f 1733//1733 1773//1773 1770//1770
f 1733//1733 1731//1731 1773//1773
f 1766//1766 1771//1771 1774//1774
f 1766//1766 1774//1774 1765//1765
f 1775//1775 1765//1765 1774//1774
f 1776//1776 1765//1765 1775//1775
f 1775//1775 1777//1777 1776//1776
f 1776//1776 1778//1778 1779//1779
f 1779//1779 1765//1765 1776//1776
f 1765//1765 1779//1779 1780//1780
f 1765//1765 1780//1780 1763//1763
f 1779//1779 1781//1781 1780//1780
f 1778//1778 1781//1781 1779//1779
f 1780//1780 1781//1781 1782//1782
f 1780//1780 1782//1782 2210//2210
f 1781//1781 1783//1783 1785//1785
f 1781//1781 1785//1785 1782//1782
f 1778//1778 1783//1783 1781//1781
f 1786//1786 1784//1784 1783//1783
f 1783//1783 1784//1784 1791//1791
f 1783//1783 1791//1791 1785//1785
f 1783//1783 1778//1778 1786//1786
f 1786//1786 1787//1787 1784//1784
f 1787//1787 1715//1715 1784//1784
f 1787//1787 1718//1718 1715//1715
f 1718//1718 1787//1787 1788//1788
f 1788//1788 1789//1789 1721//1721
f 1721//1721 1718//1718 1788//1788
f 1788//1788 1790//1790 1789//1789
f 1789//1789 1726//1726 1721//1721
f 1782//1782 1785//1785 1792//1792
f 1782//1782 1792//1792 2209//2209
f 1791//1791 1793//1793 1785//1785
f 1785//1785 1793//1793 1792//1792
f 1794//1794 1792//1792 1793//1793
f 1793//1793 1795//1795 1794//1794
f 1795//1795 1793//1793 1796//1796
f 1793//1793 1791//1791 1796//1796
f 1791//1791 1797//1797 1796//1796
f 1796//1796 1797//1797 1800//1800
f 1796//1796 1798//1798 1795//1795
f 1796//1796 1799//1799 1798//1798
f 1800//1800 1799//1799 1796//1796
f 1797//1797 2313//2313 1801//1801
f 1797//1797 1801//1801 1800//1800
f 1800//1800 1801//1801 1803//1803
f 1800//1800 1803//1803 1802//1802
f 1802//1802 1799//1799 1800//1800
f 1804//1804 1802//1802 1803//1803
f 1804//1804 1805//1805 1802//1802
f 1805//1805 1799//1799 1802//1802
f 1808//1808 1805//1805 1804//1804
f 1806//1806 1807//1807 1805//1805
f 1805//1805 1808//1808 1806//1806
f 1811//1811 1809//1809 1808//1808
f 1808//1808 1809//1809 1810//1810
f 1804//1804 1811//1811 1808//1808
f 1808//1808 1810//1810 2214//2214
f 1808//1808 2214//2214 1806//1806
f 1812//1812 1814//1814 1809//1809
f 1812//1812 1809//1809 1811//1811
f 1813//1813 1812//1812 1811//1811
f 1813//1813 1811//1811 1804//1804
f 2312//2312 1815//1815 1812//1812
f 2312//2312 1812//1812 1813//1813
f 1816//1816 1814//1814 1812//1812
f 1816//1816 1812//1812 1815//1815
f 1817//1817 1814//1814 1816//1816
f 1816//1816 1815//1815 1818//1818
f 1819//1819 1820//1820 1818//1818
f 1818//1818 1815//1815 1819//1819
f 1821//1821 1820//1820 1819//1819
f 1822//1822 1820//1820 1821//1821
f 1822//1822 1821//1821 1713//1713
f 1713//1713 1823//1823 1822//1822
f 1824//1824 1823//1823 1825//1825
f 1825//1825 1823//1823 1826//1826
f 1827//1827 1826//1826 1823//1823
f 1823//1823 1713//1713 1827//1827
f 1703//1703 1704//1704 1826//1826
f 1703//1703 1826//1826 1827//1827
f 1713//1713 1703//1703 1827//1827
f 1704//1704 1828//1828 1825//1825
f 1704//1704 1825//1825 1826//1826
f 1825//1825 1828//1828 1824//1824
f 1706//1706 1829//1829 1828//1828
f 1706//1706 1828//1828 1704//1704
f 1829//1829 1824//1824 1828//1828
f 1706//1706 1705//1705 1829//1829
f 1824//1824 1829//1829 1830//1830
f 1830//1830 1829//1829 1705//1705
f 1831//1831 1824//1824 1830//1830
f 1831//1831 1832//1832 1833//1833
f 1831//1831 1833//1833 1824//1824
f 1835//1835 1834//1834 1833//1833
f 1832//1832 1835//1835 1833//1833
f 1836//1836 1834//1834 1835//1835
f 1838//1838 1836//1836 1837//1837
f 1838//1838 1834//1834 1836//1836
f 1837//1837 1839//1839 1838//1838
f 1838//1838 1839//1839 1841//1841
f 1838//1838 1841//1841 1840//1840
f 1838//1838 1840//1840 1834//1834
f 1842//1842 1840//1840 1841//1841
f 1834//1834 1840//1840 1842//1842
f 1843//1843 1842//1842 1845//1845
f 1843//1843 1834//1834 1842//1842
f 1841//1841 1844//1844 1842//1842
f 1844//1844 1845//1845 1842//1842
f 1845//1845 1847//1847 1843//1843
f 1846//1846 1845//1845 1844//1844
f 1845//1845 1846//1846 1848//1848
f 1845//1845 1848//1848 1849//1849
f 1845//1845 1849//1849 1847//1847
f 1846//1846 1850//1850 1848//1848
f 1850//1850 1849//1849 1848//1848
f 1851//1851 1849//1849 1850//1850
f 1850//1850 1852//1852 2311//2311
f 1850//1850 2311//2311 1851//1851
f 1853//1853 1852//1852 1850//1850
f 1853//1853 1850//1850 1846//1846
f 1853//1853 1854//1854 1852//1852
f 1846//1846 1856//1856 1853//1853
f 1853//1853 1856//1856 1855//1855
f 1837//1837 1856//1856 1857//1857
f 1857//1857 1856//1856 1846//1846
f 1857//1857 1846//1846 1844//1844
f 1856//1856 1837//1837 1855//1855
f 1837//1837 1857//1857 1839//1839
f 1839//1839 1857//1857 1844//1844
f 1839//1839 1844//1844 1841//1841
f 1852//1852 1854//1854 1859//1859
f 1858//1858 1860//1860 1854//1854
f 1854//1854 1860//1860 1859//1859
f 1860//1860 1858//1858 1861//1861
f 1860//1860 1861//1861 1864//1864
f 1860//1860 1864//1864 1859//1859
f 1861//1861 1862//1862 1864//1864
f 1862//1862 1861//1861 1863//1863
f 1861//1861 1858//1858 1863//1863
f 1865//1865 1864//1864 1866//1866
f 1865//1865 1859//1859 1864//1864
f 1864//1864 1867//1867 1866//1866
f 1868//1868 1867//1867 1864//1864
f 1864//1864 1862//1862 1868//1868
f 1862//1862 1869//1869 1868//1868
f 1870//1870 1869//1869 1862//1862
f 1870//1870 1871//1871 1869//1869
f 1870//1870 1872//1872 1871//1871
f 1872//1872 1873//1873 1874//1874
f 1872//1872 1870//1870 1873//1873
f 1875//1875 1874//1874 1873//1873
f 1876//1876 1875//1875 1877//1877
f 1878//1878 1877//1877 1875//1875
f 1878//1878 1875//1875 1873//1873
f 1878//1878 1879//1879 1858//1858
f 1879//1879 1878//1878 1873//1873
f 1879//1879 1873//1873 1870//1870
f 1880//1880 1877//1877 1878//1878
f 1880//1880 1878//1878 1858//1858
f 1880//1880 1881//1881 1885//1885
f 1883//1883 1882//1882 1880//1880
f 1882//1882 1877//1877 1880//1880
f 1880//1880 1884//1884 1883//1883
f 1884//1884 1880//1880 1885//1885
f 1886//1886 1885//1885 1881//1881
f 1886//1886 1888//1888 1885//1885
f 1885//1885 1888//1888 1890//1890
f 1885//1885 1890//1890 1887//1887
f 1887//1887 1884//1884 1885//1885
f 1891//1891 1888//1888 1886//1886
f 1890//1890 1888//1888 1889//1889
f 1888//1888 1891//1891 1889//1889
f 1892//1892 1887//1887 1890//1890
f 1893//1893 1892//1892 1890//1890
f 1894//1894 1893//1893 1890//1890
f 1890//1890 1895//1895 1894//1894
f 1890//1890 1889//1889 1895//1895
f 1896//1896 1897//1897 1892//1892
f 1897//1897 1887//1887 1892//1892
f 1898//1898 1897//1897 1896//1896
f 1898//1898 1887//1887 1897//1897
f 1900//1900 1898//1898 1896//1896
f 1883//1883 1898//1898 1901//1901
f 1884//1884 1898//1898 1883//1883
f 1887//1887 1898//1898 1884//1884
f 1898//1898 1899//1899 1901//1901
f 1898//1898 1900//1900 1899//1899
f 1901//1901 1882//1882 1883//1883
f 1896//1896 1902//1902 1900//1900
f 1900//1900 1902//1902 1903//1903
f 1902//1902 1896//1896 1904//1904
f 1904//1904 1896//1896 1905//1905
f 1905//1905 1896//1896 1906//1906
f 1906//1906 1907//1907 1905//1905
f 1908//1908 1906//1906 1896//1896
f 1909//1909 1908//1908 1896//1896
f 1909//1909 1866//1866 1908//1908
f 1908//1908 1866//1866 1867//1867
f 1866//1866 1909//1909 1910//1910
f 1912//1912 1910//1910 1911//1911
f 1910//1910 1912//1912 1913//1913
f 1866//1866 1910//1910 1913//1913
f 1913//1913 1912//1912 1914//1914
f 1916//1916 1913//1913 1914//1914
f 1866//1866 1913//1913 1865//1865
f 1913//1913 1915//1915 2310//2310
f 1913//1913 2310//2310 1865//1865
f 1913//1913 1916//1916 1915//1915
f 1916//1916 1918//1918 1917//1917
f 1915//1915 1916//1916 1917//1917
f 1916//1916 1914//1914 1920//1920
f 1916//1916 1920//1920 1919//1919
f 1918//1918 1916//1916 1919//1919
f 1920//1920 1921//1921 1919//1919
f 1918//1918 1919//1919 1921//1921
f 1918//1918 1921//1921 1922//1922
f 1922//1922 1921//1921 1923//1923
f 1920//1920 1923//1923 1921//1921
f 1922//1922 1923//1923 1924//1924
f 1911//1911 1923//1923 1920//1920
f 1924//1924 1925//1925 1926//1926
f 1922//1922 1924//1924 1926//1926
f 1928//1928 1927//1927 1926//1926
f 1927//1927 1918//1918 1922//1922
f 1927//1927 1922//1922 1926//1926
f 1926//1926 1929//1929 1928//1928
f 1926//1926 1925//1925 1929//1929
f 1928//1928 1929//1929 1930//1930
f 1930//1930 1929//1929 1931//1931
f 1930//1930 1931//1931 1932//1932
f 1931//1931 1929//1929 1925//1925
f 1932//1932 1931//1931 1933//1933
f 1933//1933 1931//1931 1925//1925
f 1934//1934 1935//1935 1933//1933
f 1933//1933 1935//1935 1932//1932
f 1939//1939 1932//1932 1935//1935
f 1939//1939 1935//1935 1936//1936
f 1936//1936 1935//1935 1934//1934
f 1940//1940 1937//1937 1936//1936
f 1937//1937 1938//1938 1936//1936
f 1939//1939 1936//1936 1938//1938
f 1934//1934 1940//1940 1936//1936
f 1943//1943 1940//1940 1941//1941
f 1940//1940 1942//1942 1941//1941
f 1937//1937 1940//1940 1943//1943
f 1944//1944 1943//1943 1941//1941
f 1944//1944 1941//1941 1946//1946
f 1944//1944 1937//1937 1943//1943
f 1938//1938 1937//1937 1944//1944
f 1945//1945 1938//1938 1944//1944
f 1945//1945 1944//1944 1946//1946
f 1945//1945 1946//1946 1947//1947
f 1946//1946 1941//1941 1942//1942
f 1942//1942 1948//1948 1946//1946
f 1946//1946 1948//1948 1947//1947
f 1951//1951 1948//1948 1949//1949
f 1947//1947 1948//1948 1950//1950
f 1948//1948 1951//1951 1950//1950
f 2295//2295 1950//1950 1951//1951
f 2295//2295 1951//1951 1952//1952
f 1952//1952 1951//1951 1953//1953
f 1952//1952 1953//1953 1954//1954
f 1951//1951 1949//1949 1953//1953
f 1955//1955 1954//1954 1953//1953
f 1953//1953 1949//1949 1956//1956
f 1953//1953 1956//1956 1958//1958
f 1953//1953 1958//1958 1955//1955
f 1957//1957 1956//1956 1949//1949
f 1958//1958 1956//1956 1957//1957
f 1958//1958 1957//1957 1960//1960
f 1958//1958 1962//1962 1959//1959
f 1958//1958 1959//1959 1955//1955
f 1960//1960 1961//1961 1958//1958
f 1962//1962 1958//1958 1961//1961
f 1963//1963 1959//1959 1962//1962
f 1964//1964 1961//1961 1960//1960
f 1966//1966 1964//1964 1965//1965
f 1964//1964 1960//1960 1965//1965
f 1967//1967 1969//1969 1965//1965
f 1965//1965 1960//1960 1967//1967
f 1968//1968 1965//1965 1970//1970
f 1969//1969 1970//1970 1965//1965
f 1969//1969 2019//2019 1971//1971
f 1969//1969 1971//1971 1970//1970
f 1972//1972 1970//1970 1971//1971
f 1970//1970 1972//1972 1968//1968
f 1972//1972 1971//1971 1973//1973
f 1974//1974 1975//1975 1973//1973
f 1973//1973 1971//1971 1974//1974
f 1975//1975 1976//1976 1973//1973
f 1975//1975 1977//1977 1976//1976
f 1976//1976 1977//1977 1978//1978
f 1979//1979 1977//1977 1975//1975
f 1981//1981 1979//1979 1980//1980
f 1980//1980 1979//1979 1975//1975
f 1982//1982 1981//1981 1983//1983
f 1983//1983 1981//1981 1980//1980
f 1983//1983 1985//1985 1984//1984
f 1983//1983 1980//1980 1985//1985
f 1985//1985 1988//1988 1986//1986
f 1985//1985 1986//1986 1984//1984
f 1987//1987 1985//1985 1980//1980
f 1987//1987 1980//1980 1994//1994
f 1987//1987 1988//1988 1985//1985
f 1986//1986 1988//1988 1989//1989
f 1991//1991 1989//1989 1988//1988
f 1991//1991 1988//1988 1990//1990
f 1990//1990 1988//1988 1987//1987
f 1990//1990 1987//1987 1993//1993
f 1991//1991 1990//1990 1992//1992
f 1990//1990 1993//1993 1992//1992
f 1993//1993 1995//1995 1992//1992
f 1995//1995 1993//1993 1994//1994
f 1994//1994 1993//1993 1987//1987
f 1997//1997 1995//1995 1996//1996
f 1995//1995 1994//1994 1996//1996
f 1974//1974 1998//1998 1997//1997
f 1998//1998 1999//1999 1997//1997
f 1999//1999 2000//2000 1997//1997
f 1996//1996 1974//1974 1997//1997
f 2001//2001 2000//2000 2002//2002
f 2002//2002 2000//2000 1999//1999
f 2023//2023 2004//2004 2002//2002
f 2023//2023 2002//2002 1999//1999
f 2003//2003 2005//2005 2002//2002
f 2004//2004 2024//2024 2003//2003
f 2004//2004 2003//2003 2002//2002
f 2005//2005 2001//2001 2002//2002
f 2003//2003 2006//2006 2005//2005
f 2006//2006 2008//2008 2007//2007
f 2003//2003 2008//2008 2006//2006
f 2008//2008 2010//2010 2007//2007
f 2009//2009 2011//2011 2010//2010
f 2009//2009 2010//2010 2008//2008
f 2024//2024 2009//2009 2008//2008
f 2024//2024 2008//2008 2003//2003
f 2014//2014 2010//2010 2011//2011
f 2012//2012 2007//2007 2010//2010
f 2010//2010 2013//2013 2012//2012
f 2010//2010 2014//2014 2013//2013
f 1957//1957 2014//2014 2015//2015
f 2014//2014 2017//2017 2015//2015
f 2017//2017 2014//2014 2016//2016
f 2016//2016 2014//2014 2011//2011
f 2019//2019 1969//1969 2015//2015
f 2019//2019 2015//2015 2017//2017
f 2017//2017 2018//2018 2019//2019
f 2018//2018 2017//2017 2016//2016
f 2019//2019 2020//2020 1971//1971
f 2020//2020 2019//2019 2021//2021
f 2019//2019 2018//2018 2021//2021
f 2020//2020 2021//2021 2022//2022
f 2021//2021 2023//2023 2022//2022
f 2018//2018 2023//2023 2021//2021
f 2022//2022 2023//2023 1999//1999
f 2022//2022 1999//1999 1998//1998
f 2023//2023 2018//2018 2004//2004
f 2022//2022 1998//1998 2020//2020
f 2020//2020 1998//1998 1974//1974
f 1971//1971 2020//2020 1974//1974
f 2016//2016 2024//2024 2018//2018
f 2018//2018 2024//2024 2004//2004
f 2024//2024 2016//2016 2009//2009
f 2009//2009 2016//2016 2011//2011
f 1957//1957 2015//2015 2025//2025
f 1967//1967 2025//2025 2015//2015
f 1967//1967 2015//2015 1969//1969
f 1957//1957 2025//2025 2026//2026
f 1960//1960 2026//2026 2025//2025
f 1960//1960 2025//2025 1967//1967
f 1960//1960 1957//1957 2026//2026
f 1974//1974 1996//1996 1975//1975
f 1980//1980 1975//1975 1996//1996
f 1996//1996 1994//1994 1980//1980
f 2027//2027 2028//2028 1992//1992
f 1991//1991 1992//1992 2028//2028
f 2030//2030 2028//2028 2027//2027
f 2031//2031 2028//2028 2029//2029
f 2036//2036 2029//2029 2028//2028
f 2036//2036 2028//2028 2030//2030
f 2028//2028 2031//2031 1991//1991
f 1991//1991 2031//2031 2032//2032
f 2033//2033 2306//2306 2032//2032
f 2033//2033 2032//2032 2031//2031
f 2033//2033 2031//2031 2034//2034
f 2034//2034 2031//2031 2035//2035
f 2031//2031 2029//2029 2035//2035
f 2036//2036 2037//2037 2035//2035
f 2036//2036 2035//2035 2029//2029
f 2035//2035 2037//2037 2038//2038
f 2039//2039 2043//2043 2038//2038
f 2038//2038 2040//2040 2039//2039
f 2037//2037 2040//2040 2038//2038
f 2042//2042 2038//2038 2041//2041
f 2038//2038 2043//2043 2041//2041
f 2043//2043 2039//2039 2044//2044
f 2027//2027 2044//2044 2045//2045
f 2045//2045 2044//2044 2039//2039
f 2040//2040 2030//2030 2045//2045
f 2040//2040 2045//2045 2039//2039
f 2027//2027 2045//2045 2030//2030
f 2042//2042 2046//2046 2047//2047
f 2041//2041 2046//2046 2042//2042
f 2042//2042 2047//2047 2048//2048
f 2049//2049 2050//2050 2048//2048
f 2052//2052 2049//2049 2048//2048
f 2052//2052 2048//2048 2051//2051
f 2051//2051 2048//2048 2053//2053
f 2048//2048 2047//2047 2053//2053
f 2053//2053 2054//2054 2051//2051
f 2054//2054 2055//2055 2058//2058
f 2054//2054 2056//2056 2055//2055
f 2057//2057 2051//2051 2054//2054
f 2054//2054 2058//2058 2057//2057
f 2059//2059 2062//2062 2057//2057
f 2059//2059 2057//2057 2058//2058
f 2060//2060 2059//2059 2058//2058
f 2060//2060 2058//2058 2055//2055
f 2060//2060 2061//2061 2059//2059
f 2059//2059 2061//2061 2049//2049
f 2062//2062 2059//2059 2049//2049
f 2062//2062 2052//2052 2051//2051
f 2062//2062 2051//2051 2057//2057
f 2049//2049 2052//2052 2062//2062
f 2049//2049 2061//2061 2050//2050
f 2050//2050 2061//2061 2063//2063
f 2061//2061 2060//2060 2064//2064
f 2066//2066 2063//2063 2061//2061
f 2066//2066 2061//2061 2064//2064
f 2060//2060 2065//2065 2064//2064
f 2065//2065 2066//2066 2064//2064
f 2067//2067 2066//2066 2065//2065
f 2066//2066 2067//2067 2068//2068
f 2068//2068 2071//2071 2063//2063
f 2068//2068 2063//2063 2066//2066
f 2071//2071 2068//2068 2069//2069
f 2068//2068 2070//2070 2069//2069
f 2067//2067 2070//2070 2068//2068
f 2063//2063 2071//2071 2073//2073
f 2072//2072 2075//2075 2071//2071
f 2069//2069 2072//2072 2071//2071
f 2073//2073 2071//2071 2074//2074
f 2071//2071 2075//2075 2074//2074
f 2076//2076 2075//2075 2072//2072
f 2076//2076 2077//2077 2079//2079
f 2076//2076 2078//2078 2077//2077
f 2072//2072 2078//2078 2076//2076
f 2079//2079 2077//2077 2080//2080
f 2080//2080 2081//2081 2079//2079
f 2079//2079 2081//2081 2084//2084
f 2079//2079 2084//2084 2082//2082
f 2082//2082 2083//2083 2079//2079
f 2085//2085 2087//2087 2084//2084
f 2084//2084 2086//2086 2085//2085
f 2081//2081 2086//2086 2084//2084
f 2084//2084 2087//2087 2082//2082
f 2088//2088 2087//2087 2085//2085
f 2090//2090 2089//2089 2088//2088
f 2088//2088 2085//2085 2090//2090
f 1807//1807 1806//1806 2090//2090
f 2090//2090 1806//1806 2089//2089
f 2090//2090 2086//2086 2091//2091
f 2086//2086 2090//2090 2085//2085
f 2090//2090 2091//2091 1807//1807
f 2091//2091 2086//2086 2092//2092
f 2093//2093 2092//2092 2086//2086
f 2086//2086 2096//2096 2093//2093
f 2093//2093 2094//2094 2095//2095
f 2093//2093 2096//2096 2094//2094
f 2094//2094 2096//2096 2081//2081
f 2094//2094 2081//2081 2080//2080
f 2086//2086 2081//2081 2096//2096
f 2095//2095 2094//2094 2098//2098
f 2097//2097 2099//2099 2095//2095
f 2098//2098 2097//2097 2095//2095
f 2095//2095 2099//2099 2100//2100
f 2100//2100 2101//2101 2095//2095
f 2102//2102 2103//2103 2101//2101
f 2101//2101 2100//2100 2102//2102
f 2104//2104 2105//2105 2103//2103
f 2104//2104 2103//2103 2102//2102
f 2104//2104 2106//2106 2105//2105
f 2109//2109 2106//2106 2107//2107
f 2106//2106 2108//2108 2107//2107
f 2108//2108 2106//2106 2104//2104
f 2112//2112 2109//2109 2107//2107
f 2109//2109 2110//2110 2111//2111
f 2113//2113 2110//2110 2109//2109
f 2109//2109 2112//2112 2113//2113
f 2114//2114 2113//2113 2115//2115
f 2114//2114 2110//2110 2113//2113
f 2113//2113 2116//2116 2115//2115
f 2116//2116 2113//2113 2112//2112
f 2116//2116 2112//2112 2119//2119
f 2115//2115 2116//2116 2117//2117
f 2118//2118 2117//2117 2116//2116
f 2118//2118 2116//2116 2119//2119
f 2118//2118 2119//2119 2120//2120
f 2119//2119 2121//2121 2120//2120
f 2121//2121 2119//2119 2107//2107
f 2107//2107 2119//2119 2112//2112
f 2188//2188 2120//2120 2121//2121
f 2188//2188 2121//2121 2122//2122
f 2121//2121 2123//2123 2122//2122
f 2108//2108 2121//2121 2107//2107
f 2123//2123 2121//2121 2108//2108
f 2123//2123 2108//2108 2172//2172
f 2123//2123 2172//2172 2124//2124
f 2127//2127 2123//2123 2124//2124
f 2123//2123 2126//2126 2122//2122
f 2127//2127 2125//2125 2123//2123
f 2126//2126 2123//2123 2125//2125
f 2129//2129 2127//2127 2124//2124
f 2129//2129 2124//2124 2162//2162
f 2127//2127 2128//2128 2125//2125
f 2127//2127 2131//2131 2128//2128
f 2127//2127 2129//2129 2130//2130
f 2127//2127 2130//2130 2131//2131
f 2133//2133 2132//2132 2131//2131
f 2132//2132 2128//2128 2131//2131
f 2133//2133 2134//2134 2132//2132
f 2133//2133 2135//2135 2134//2134
f 2132//2132 2134//2134 2136//2136
f 2137//2137 2132//2132 2136//2136
f 2137//2137 2139//2139 2132//2132
f 2138//2138 2139//2139 2137//2137
f 2132//2132 2139//2139 2141//2141
f 2140//2140 2141//2141 2139//2139
f 2142//2142 2140//2140 2139//2139
f 2142//2142 2143//2143 2140//2140
f 2145//2145 2140//2140 2143//2143
f 2145//2145 2143//2143 2144//2144
f 2149//2149 2146//2146 2145//2145
f 2146//2146 2147//2147 2145//2145
f 2141//2141 2140//2140 2145//2145
f 2141//2141 2145//2145 2147//2147
f 2148//2148 2145//2145 2150//2150
f 2148//2148 2149//2149 2145//2145
f 2144//2144 2150//2150 2145//2145
f 2150//2150 2151//2151 2148//2148
f 2151//2151 2150//2150 2152//2152
f 2154//2154 2151//2151 2153//2153
f 2151//2151 2154//2154 2148//2148
f 2154//2154 2155//2155 2174//2174
f 2154//2154 2174//2174 2148//2148
f 2154//2154 2156//2156 2155//2155
f 2153//2153 2156//2156 2154//2154
f 2156//2156 2157//2157 2155//2155
f 2157//2157 2158//2158 2155//2155
f 2158//2158 2159//2159 2129//2129
f 2158//2158 2160//2160 2155//2155
f 2129//2129 2160//2160 2158//2158
f 2160//2160 2162//2162 2161//2161
f 2155//2155 2160//2160 2161//2161
f 2155//2155 2161//2161 2174//2174
f 2162//2162 2160//2160 2129//2129
f 2162//2162 2164//2164 2161//2161
f 2124//2124 2163//2163 2162//2162
f 2162//2162 2163//2163 2165//2165
f 2162//2162 2165//2165 2164//2164
f 2164//2164 2165//2165 2149//2149
f 2164//2164 2149//2149 2161//2161
f 2149//2149 2165//2165 2166//2166
f 2163//2163 2166//2166 2165//2165
f 2167//2167 2166//2166 2168//2168
f 2166//2166 2163//2163 2168//2168
f 2163//2163 2169//2169 2168//2168
f 2169//2169 2067//2067 2065//2065
f 2169//2169 2065//2065 2168//2168
f 2065//2065 2170//2170 2168//2168
f 2167//2167 2168//2168 2170//2170
f 2170//2170 2060//2060 2055//2055
f 2170//2170 2055//2055 2171//2171
f 2170//2170 2065//2065 2060//2060
f 2171//2171 2167//2167 2170//2170
f 2171//2171 2056//2056 2167//2167
f 2055//2055 2056//2056 2171//2171
f 2163//2163 2124//2124 2169//2169
f 2169//2169 2124//2124 2172//2172
f 2172//2172 2173//2173 2067//2067
f 2172//2172 2067//2067 2169//2169
f 2108//2108 2104//2104 2172//2172
f 2172//2172 2104//2104 2173//2173
f 2070//2070 2067//2067 2173//2173
f 2104//2104 2102//2102 2070//2070
f 2104//2104 2070//2070 2173//2173
f 2161//2161 2149//2149 2174//2174
f 2149//2149 2148//2148 2174//2174
f 2129//2129 2159//2159 2130//2130
f 2147//2147 2146//2146 2141//2141
f 2175//2175 2177//2177 2146//2146
f 2146//2146 2176//2176 2141//2141
f 2177//2177 2176//2176 2146//2146
f 2179//2179 2177//2177 2175//2175
f 2183//2183 2176//2176 2177//2177
f 2183//2183 2177//2177 2178//2178
f 2177//2177 2179//2179 2178//2178
f 2179//2179 2180//2180 2178//2178
f 2181//2181 2178//2178 2180//2180
f 2181//2181 2182//2182 2183//2183
f 2178//2178 2181//2181 2183//2183
f 2183//2183 2185//2185 2184//2184
f 2184//2184 2176//2176 2183//2183
f 2186//2186 2185//2185 2183//2183
f 2186//2186 2183//2183 2182//2182
f 2184//2184 2132//2132 2141//2141
f 2141//2141 2176//2176 2184//2184
f 2187//2187 2188//2188 2126//2126
f 2125//2125 2187//2187 2126//2126
f 2122//2122 2126//2126 2188//2188
f 2188//2188 2117//2117 2118//2118
f 2117//2117 2188//2188 2187//2187
f 2188//2188 2118//2118 2120//2120
f 2190//2190 2189//2189 2114//2114
f 2189//2189 2110//2110 2114//2114
f 2191//2191 2192//2192 2190//2190
f 2192//2192 2189//2189 2190//2190
f 2192//2192 2191//2191 2193//2193
f 2192//2192 2193//2193 2194//2194
f 2192//2192 2194//2194 2189//2189
f 2196//2196 2194//2194 2193//2193
f 2193//2193 2197//2197 2195//2195
f 2195//2195 2196//2196 2193//2193
f 2197//2197 2193//2193 2191//2191
f 2197//2197 2198//2198 2195//2195
f 2198//2198 2197//2197 2199//2199
f 2200//2200 2199//2199 2197//2197
f 2201//2201 2202//2202 2200//2200
f 2202//2202 2199//2199 2200//2200
f 2202//2202 2201//2201 2203//2203
f 2202//2202 2203//2203 2205//2205
f 2202//2202 2205//2205 2204//2204
f 2199//2199 2202//2202 2204//2204
f 2199//2199 2204//2204 2198//2198
f 2196//2196 2195//2195 2204//2204
f 2204//2204 2195//2195 2198//2198
f 2205//2205 2196//2196 2204//2204
f 2206//2206 2205//2205 2203//2203
f 2205//2205 2206//2206 2207//2207
f 2196//2196 2205//2205 2207//2207
f 2207//2207 2209//2209 2208//2208
f 2209//2209 2207//2207 2206//2206
f 2111//2111 2196//2196 2207//2207
f 2210//2210 1782//1782 2209//2209
f 2210//2210 2209//2209 2206//2206
f 2208//2208 2209//2209 1792//1792
f 1794//1794 2208//2208 1792//1792
f 2201//2201 2206//2206 2203//2203
f 2210//2210 2206//2206 2201//2201
f 2210//2210 1764//1764 1780//1780
f 2201//2201 1764//1764 2210//2210
f 2196//2196 2111//2111 2211//2211
f 2196//2196 2211//2211 2194//2194
f 2189//2189 2194//2194 2211//2211
f 2189//2189 2211//2211 2110//2110
f 2110//2110 2211//2211 2111//2111
f 2102//2102 2100//2100 2069//2069
f 2102//2102 2069//2069 2070//2070
f 2100//2100 2099//2099 2069//2069
f 2069//2069 2099//2099 2072//2072
f 2099//2099 2097//2097 2078//2078
f 2099//2099 2078//2078 2072//2072
f 2094//2094 2080//2080 2098//2098
f 2097//2097 2098//2098 2077//2077
f 2097//2097 2077//2077 2078//2078
f 2077//2077 2098//2098 2080//2080
f 2089//2089 1806//1806 2212//2212
f 1806//1806 2214//2214 2212//2212
f 2213//2213 2212//2212 2214//2214
f 1810//1810 2213//2213 2214//2214
f 2215//2215 2213//2213 1810//1810
f 2215//2215 1810//1810 1817//1817
f 1817//1817 2216//2216 2215//2215
f 2217//2217 2216//2216 2218//2218
f 2219//2219 2216//2216 2217//2217
f 1817//1817 2218//2218 2216//2216
f 2223//2223 2220//2220 2219//2219
f 2223//2223 2219//2219 2221//2221
f 2219//2219 2222//2222 2221//2221
f 2222//2222 2219//2219 2217//2217
f 2223//2223 2224//2224 2220//2220
f 2223//2223 2225//2225 2224//2224
f 2226//2226 2225//2225 2223//2223
f 2226//2226 2223//2223 2221//2221
f 2226//2226 2228//2228 2229//2229
f 2226//2226 2229//2229 2227//2227
f 2225//2225 2226//2226 2227//2227
f 2226//2226 2221//2221 2228//2228
f 2230//2230 2229//2229 2228//2228
f 2228//2228 2231//2231 2230//2230
f 2228//2228 2221//2221 2231//2231
f 2231//2231 2233//2233 2234//2234
f 2231//2231 2234//2234 2230//2230
f 2231//2231 2221//2221 2232//2232
f 2231//2231 2232//2232 2233//2233
f 2232//2232 2235//2235 2233//2233
f 2233//2233 2235//2235 2238//2238
f 2233//2233 2238//2238 2234//2234
f 2236//2236 2239//2239 2235//2235
f 2235//2235 2232//2232 2236//2236
f 2239//2239 2237//2237 2235//2235
f 2238//2238 2235//2235 2237//2237
f 1847//1847 2239//2239 2240//2240
f 2239//2239 2241//2241 2240//2240
f 2239//2239 2236//2236 2241//2241
f 2239//2239 2242//2242 2237//2237
f 1847//1847 1849//1849 2242//2242
f 1847//1847 2242//2242 2239//2239
f 1849//1849 1851//1851 2242//2242
f 1851//1851 2243//2243 2242//2242
f 2242//2242 2243//2243 2237//2237
f 2237//2237 2243//2243 2245//2245
f 2237//2237 2245//2245 2246//2246
f 2243//2243 2244//2244 2247//2247
f 2243//2243 2247//2247 2245//2245
f 2243//2243 1851//1851 2244//2244
f 2246//2246 2245//2245 2248//2248
f 2247//2247 2249//2249 2245//2245
f 2245//2245 2249//2249 2248//2248
f 2249//2249 2247//2247 2250//2250
f 2247//2247 2251//2251 2250//2250
f 2251//2251 1917//1917 1928//1928
f 1915//1915 2251//2251 2247//2247
f 1917//1917 2251//2251 1915//1915
f 2252//2252 2246//2246 2248//2248
f 2238//2238 2246//2246 2252//2252
f 2234//2234 2238//2238 2252//2252
f 2230//2230 2234//2234 2252//2252
f 2253//2253 2229//2229 2252//2252
f 2252//2252 2229//2229 2230//2230
f 2253//2253 2254//2254 2225//2225
f 2253//2253 2227//2227 2229//2229
f 2225//2225 2227//2227 2253//2253
f 2225//2225 2254//2254 2255//2255
f 2257//2257 2255//2255 2256//2256
f 2225//2225 2255//2255 2257//2257
f 2257//2257 2260//2260 2224//2224
f 2225//2225 2257//2257 2224//2224
f 2258//2258 2257//2257 2256//2256
f 2257//2257 2258//2258 2259//2259
f 2259//2259 2260//2260 2257//2257
f 2220//2220 2224//2224 2260//2260
f 2259//2259 2258//2258 2261//2261
f 2261//2261 2258//2258 2262//2262
f 2261//2261 2262//2262 2263//2263
f 2263//2263 2264//2264 2265//2265
f 2263//2263 2262//2262 2264//2264
f 2265//2265 2264//2264 2266//2266
f 2266//2266 2267//2267 2265//2265
f 2268//2268 2082//2082 2267//2267
f 2268//2268 2267//2267 2269//2269
f 2269//2269 2267//2267 2266//2266
f 2083//2083 2082//2082 2268//2268
f 2266//2266 2272//2272 2270//2270
f 2264//2264 2271//2271 2266//2266
f 2266//2266 2271//2271 2272//2272
f 2270//2270 2272//2272 2273//2273
f 2271//2271 2274//2274 2273//2273
f 2271//2271 2273//2273 2272//2272
f 2275//2275 2270//2270 2273//2273
f 2274//2274 2277//2277 2276//2276
f 2274//2274 2276//2276 2273//2273
f 2273//2273 2276//2276 2278//2278
f 2273//2273 2278//2278 2275//2275
f 2280//2280 2276//2276 2277//2277
f 2276//2276 2279//2279 2278//2278
f 2279//2279 2276//2276 2280//2280
f 2281//2281 2280//2280 2277//2277
f 2280//2280 2281//2281 2284//2284
f 2280//2280 2284//2284 2279//2279
f 2281//2281 2277//2277 2283//2283
f 2283//2283 2282//2282 2281//2281
f 2282//2282 2284//2284 2281//2281
f 2279//2279 2284//2284 2285//2285
f 2279//2279 2285//2285 2305//2305
f 2286//2286 2285//2285 2284//2284
f 2286//2286 2284//2284 2282//2282
f 2288//2288 2287//2287 2286//2286
f 2287//2287 2285//2285 2286//2286
f 2286//2286 2289//2289 2288//2288
f 2286//2286 2290//2290 2289//2289
f 2290//2290 2286//2286 2282//2282
f 2289//2289 2291//2291 2288//2288
f 2291//2291 2292//2292 2293//2293
f 2293//2293 2288//2288 2291//2291
f 2293//2293 2295//2295 1952//1952
f 2293//2293 1952//1952 2294//2294
f 2294//2294 2288//2288 2293//2293
f 2295//2295 2293//2293 2292//2292
f 2296//2296 1950//1950 2295//2295
f 2296//2296 2295//2295 2292//2292
f 1950//1950 2296//2296 1945//1945
f 2297//2297 1938//1938 2296//2296
f 1938//1938 1945//1945 2296//2296
f 1930//1930 2297//2297 1928//1928
f 2298//2298 2297//2297 1930//1930
f 1938//1938 2297//2297 2298//2298
f 1939//1939 1938//1938 2298//2298
f 2298//2298 1930//1930 1932//1932
f 2298//2298 1932//1932 1939//1939
f 2287//2287 2288//2288 2294//2294
f 2294//2294 1952//1952 1954//1954
f 2294//2294 1954//1954 2299//2299
f 2287//2287 2294//2294 2299//2299
f 2287//2287 2299//2299 2300//2300
f 2300//2300 2299//2299 2302//2302
f 2299//2299 1954//1954 2301//2301
f 2302//2302 2299//2299 2301//2301
f 2300//2300 2302//2302 1984//1984
f 1955//1955 2301//2301 1954//1954
f 2301//2301 1955//1955 1959//1959
f 2303//2303 2287//2287 2300//2300
f 2303//2303 2300//2300 1986//1986
f 2300//2300 1984//1984 1986//1986
f 2303//2303 2285//2285 2287//2287
f 2304//2304 2303//2303 1986//1986
f 2304//2304 1986//1986 1989//1989
f 2278//2278 2305//2305 2303//2303
f 2278//2278 2303//2303 2304//2304
f 2285//2285 2303//2303 2305//2305
f 2278//2278 2279//2279 2305//2305
f 2306//2306 2304//2304 2032//2032
f 2032//2032 2304//2304 1989//1989
f 2032//2032 1989//1989 1991//1991
f 2304//2304 2306//2306 2278//2278
f 2275//2275 2306//2306 2307//2307
f 2307//2307 2306//2306 2308//2308
f 2033//2033 2308//2308 2306//2306
f 2278//2278 2306//2306 2275//2275
f 2034//2034 2308//2308 2033//2033
f 2270//2270 2275//2275 2307//2307
f 2283//2283 2277//2277 2309//2309
f 2309//2309 2258//2258 2283//2283
f 2258//2258 2256//2256 2283//2283
f 2309//2309 2277//2277 2274//2274
f 2262//2262 2258//2258 2309//2309
f 2262//2262 2309//2309 2264//2264
f 2264//2264 2309//2309 2271//2271
f 2271//2271 2309//2309 2274//2274
f 2310//2310 2247//2247 2244//2244
f 2247//2247 2310//2310 1915//1915
f 2311//2311 1865//1865 2310//2310
f 1851//1851 2311//2311 2310//2310
f 1851//1851 2310//2310 2244//2244
f 1859//1859 2311//2311 1852//1852
f 1859//1859 1865//1865 2311//2311
f 2238//2238 2237//2237 2246//2246
f 1843//1843 1847//1847 2240//2240
f 2063//2063 2073//2073 2050//2050
f 2037//2037 2036//2036 2030//2030
f 2037//2037 2030//2030 2040//2040
f 1945//1945 1947//1947 1950//1950
f 1917//1917 1927//1927 1928//1928
f 1917//1917 1918//1918 1927//1927
f 1912//1912 1911//1911 1920//1920
f 1914//1914 1912//1912 1920//1920
f 1863//1863 1879//1879 1870//1870
f 1863//1863 1870//1870 1862//1862
f 1863//1863 1858//1858 1879//1879
f 1712//1712 1713//1713 1821//1821
f 1712//1712 1821//1821 1819//1819
f 1819//1819 1716//1716 1712//1712
f 1716//1716 1819//1819 2312//2312
f 2312//2312 1819//1819 1815//1815
f 2314//2314 1716//1716 2312//2312
f 2314//2314 2312//2312 2313//2313
f 2312//2312 1801//1801 2313//2313
f 1813//1813 1801//1801 2312//2312
f 1797//1797 2314//2314 2313//2313
f 1784//1784 1715//1715 2314//2314
f 1784//1784 2314//2314 1791//1791
f 2314//2314 1797//1797 1791//1791
f 1809//1809 1814//1814 1817//1817
f 1810//1810 1809//1809 1817//1817
f 1801//1801 1813//1813 1803//1803
f 1803//1803 1813//1813 1804//1804
f 1780//1780 1764//1764 1763//1763
