# joint_28 exported from /models/guards/joint_28.glb
# units: meters
v -0.111555 0.001000 0.002836
v -0.116136 0.001000 0.002904
v -0.111184 0.001000 0.011053
v -0.109712 0.001000 0.011031
v -0.110450 0.001000 0.010901
v -0.109028 0.001000 0.011466
v -0.108572 0.001000 0.012137
v -0.111588 0.001000 0.000611
v -0.116171 0.001000 0.000679
v -0.111466 0.001000 -0.007743
v -0.110728 0.001000 -0.007613
v -0.109994 0.001000 -0.007765
v -0.109322 0.001000 -0.008220
v -0.108887 0.001000 -0.008905
v -0.103740 0.001000 0.022589
v -0.104183 0.001000 -0.020473
v -0.108758 0.001000 -0.009643
v -0.108909 0.001000 -0.010377
v -0.109365 0.001000 -0.011048
v -0.108084 0.001000 -0.017720
v -0.107649 0.001000 -0.018405
v -0.108756 0.001000 -0.017265
v -0.110049 0.001000 -0.011483
v -0.109490 0.001000 -0.017114
v -0.110787 0.001000 -0.011613
v -0.110228 0.001000 -0.017243
v -0.110912 0.001000 -0.017678
v -0.111521 0.001000 -0.011461
v -0.112193 0.001000 -0.011006
v -0.111332 0.001000 -0.018296
v -0.112628 0.001000 -0.010321
v -0.112757 0.001000 -0.009583
v -0.112606 0.001000 -0.008849
v -0.112150 0.001000 -0.008178
v -0.107520 0.001000 -0.019143
v -0.107671 0.001000 -0.019877
v -0.108127 0.001000 -0.020549
v -0.108811 0.001000 -0.020984
v -0.107207 0.001000 -0.027332
v -0.106473 0.001000 -0.027483
v -0.107945 0.001000 -0.027461
v -0.108630 0.001000 -0.027896
v -0.109550 0.001000 -0.021113
v -0.110284 0.001000 -0.020962
v -0.108814 0.001000 -0.028168
v -0.110729 0.001000 -0.020659
v -0.105802 0.001000 -0.027939
v -0.105367 0.001000 -0.028623
v -0.105237 0.001000 -0.029361
v -0.105389 0.001000 -0.030095
v -0.101013 0.001000 -0.041802
v -0.100597 0.001000 -0.042425
v -0.101686 0.001000 -0.041350
v -0.105844 0.001000 -0.030767
v -0.102484 0.001000 -0.041203
v -0.106529 0.001000 -0.031202
v -0.103217 0.001000 -0.041360
v -0.107267 0.001000 -0.031331
v -0.103841 0.001000 -0.041775
v -0.108001 0.001000 -0.031180
v -0.104292 0.001000 -0.042449
v -0.108056 0.001000 -0.031142
v -0.104439 0.001000 -0.043247
v -0.104283 0.001000 -0.043979
v -0.101653 0.001000 -0.056249
v -0.088128 0.001000 -0.070993
v -0.084964 0.001000 -0.068567
v -0.087487 0.001000 -0.060168
v -0.059201 0.001000 -0.088146
v -0.062717 0.001000 -0.089371
v -0.061896 0.001000 -0.090663
v -0.062195 0.001000 -0.089909
v -0.061921 0.001000 -0.091474
v -0.022603 0.001000 -0.103749
v -0.041424 0.001000 -0.101058
v -0.052430 0.001000 -0.096963
v -0.051678 0.001000 -0.096660
v -0.050929 0.001000 -0.096667
v -0.050234 0.001000 -0.096950
v -0.049657 0.001000 -0.097520
v -0.049354 0.001000 -0.098272
v -0.042173 0.001000 -0.101051
v -0.042925 0.001000 -0.101354
v -0.049361 0.001000 -0.099021
v -0.043496 0.001000 -0.101931
v -0.049643 0.001000 -0.099716
v -0.043778 0.001000 -0.102625
v -0.050214 0.001000 -0.100293
v -0.043785 0.001000 -0.103375
v -0.050966 0.001000 -0.100596
v -0.043482 0.001000 -0.104127
v -0.051715 0.001000 -0.100589
v -0.042905 0.001000 -0.104697
v -0.036401 0.001000 -0.110333
v -0.042210 0.001000 -0.104980
v -0.041461 0.001000 -0.104987
v -0.040709 0.001000 -0.104683
v -0.040139 0.001000 -0.104106
v -0.034761 0.001000 -0.106592
v -0.034754 0.001000 -0.105843
v -0.034458 0.001000 -0.107345
v -0.033880 0.001000 -0.107915
v -0.033186 0.001000 -0.108197
v -0.032437 0.001000 -0.108204
v -0.031684 0.001000 -0.107901
v -0.031114 0.001000 -0.107324
v -0.002913 0.001000 -0.116146
v -0.002850 0.001000 -0.111929
v -0.000625 0.001000 -0.111963
v -0.000688 0.001000 -0.116180
v 0.020458 0.001000 -0.104192
v 0.028399 0.001000 -0.108762
v 0.038375 0.001000 -0.102252
v 0.060153 0.001000 -0.087496
v 0.037673 0.001000 -0.102514
v 0.027637 0.001000 -0.106756
v 0.027963 0.001000 -0.106013
v 0.028556 0.001000 -0.105460
v 0.027622 0.001000 -0.107505
v 0.027883 0.001000 -0.108207
v 0.029259 0.001000 -0.105199
v 0.030008 0.001000 -0.105214
v 0.030751 0.001000 -0.105540
v 0.037079 0.001000 -0.103066
v 0.036753 0.001000 -0.103809
v 0.031304 0.001000 -0.106134
v 0.036738 0.001000 -0.104559
v 0.031565 0.001000 -0.106836
v 0.037000 0.001000 -0.105261
v 0.037552 0.001000 -0.105855
v 0.031550 0.001000 -0.107585
v 0.031366 0.001000 -0.108005
v 0.038501 0.001000 -0.106185
v 0.038295 0.001000 -0.106181
v 0.048007 0.001000 -0.098148
v 0.048757 0.001000 -0.098164
v 0.047305 0.001000 -0.098410
v 0.082869 0.001000 -0.071079
v 0.088132 0.001000 -0.059210
v 0.060009 0.001000 -0.091208
v 0.059471 0.001000 -0.091730
v 0.059149 0.001000 -0.092475
v 0.049500 0.001000 -0.098489
v 0.059150 0.001000 -0.093286
v 0.050052 0.001000 -0.099083
v 0.059438 0.001000 -0.093979
v 0.056237 0.001000 -0.101661
v 0.059960 0.001000 -0.094516
v 0.060704 0.001000 -0.094838
v 0.061516 0.001000 -0.094837
v 0.062208 0.001000 -0.094550
v 0.085905 0.001000 -0.073683
v 0.096433 0.001000 -0.064786
v 0.102915 0.001000 -0.047082
v 0.103093 0.001000 -0.046354
v 0.110337 0.001000 -0.036355
v 0.116135 0.001000 -0.002799
v 0.110742 0.001000 -0.023147
v 0.110287 0.001000 -0.023819
v 0.110894 0.001000 -0.022413
v 0.102539 0.001000 -0.044865
v 0.102970 0.001000 -0.045552
v 0.107014 0.001000 -0.034399
v 0.106276 0.001000 -0.034528
v 0.107699 0.001000 -0.033964
v 0.108177 0.001000 -0.031820
v 0.108306 0.001000 -0.032559
v 0.108155 0.001000 -0.033292
v 0.107741 0.001000 -0.031136
v 0.109602 0.001000 -0.024254
v 0.108864 0.001000 -0.024383
v 0.108130 0.001000 -0.024232
v 0.107070 0.001000 -0.030680
v 0.106336 0.001000 -0.030529
v 0.107459 0.001000 -0.023776
v 0.105598 0.001000 -0.030658
v 0.103735 0.001000 -0.022612
v 0.104913 0.001000 -0.031093
v 0.104458 0.001000 -0.031765
v 0.104306 0.001000 -0.032499
v 0.104436 0.001000 -0.033237
v 0.099711 0.001000 -0.044807
v 0.099277 0.001000 -0.045418
v 0.100398 0.001000 -0.044375
v 0.101200 0.001000 -0.044252
v 0.104871 0.001000 -0.033921
v 0.105542 0.001000 -0.034377
v 0.101928 0.001000 -0.044431
v 0.108882 0.001000 0.008881
v 0.104178 0.001000 0.020449
v 0.108416 0.001000 -0.012894
v 0.108567 0.001000 -0.012160
v 0.108545 0.001000 -0.013633
v 0.106894 0.001000 -0.022353
v 0.107046 0.001000 -0.021619
v 0.107023 0.001000 -0.023092
v 0.107501 0.001000 -0.020948
v 0.108980 0.001000 -0.014317
v 0.108186 0.001000 -0.020513
v 0.109652 0.001000 -0.014773
v 0.108924 0.001000 -0.020384
v 0.109658 0.001000 -0.020535
v 0.110386 0.001000 -0.014924
v 0.111124 0.001000 -0.014795
v 0.110329 0.001000 -0.020991
v 0.111808 0.001000 -0.014360
v 0.110764 0.001000 -0.021675
v 0.112264 0.001000 -0.013688
v 0.112415 0.001000 -0.012954
v 0.112286 0.001000 -0.012216
v 0.111851 0.001000 -0.011532
v 0.111179 0.001000 -0.011076
v 0.110446 0.001000 -0.010925
v 0.111552 0.001000 -0.002730
v 0.111585 0.001000 -0.000505
v 0.109023 0.001000 -0.011489
v 0.109707 0.001000 -0.011054
v 0.116167 0.001000 -0.000574
v 0.109318 0.001000 0.008197
v 0.109989 0.001000 0.007741
v 0.111461 0.001000 0.007719
v 0.110723 0.001000 0.007590
v 0.112146 0.001000 0.008154
v 0.112601 0.001000 0.008826
v 0.112752 0.001000 0.009560
v 0.112623 0.001000 0.010298
v 0.111339 0.001000 0.018291
v 0.112188 0.001000 0.010983
v 0.110908 0.001000 0.017655
v 0.111517 0.001000 0.011438
v 0.110223 0.001000 0.017220
v 0.110783 0.001000 0.011589
v 0.109485 0.001000 0.017090
v 0.110044 0.001000 0.011460
v 0.108751 0.001000 0.017242
v 0.109360 0.001000 0.011025
v 0.108080 0.001000 0.017697
v 0.108904 0.001000 0.010354
v 0.108753 0.001000 0.009620
v 0.107644 0.001000 0.018382
v 0.107515 0.001000 0.019120
v 0.107666 0.001000 0.019854
v 0.108122 0.001000 0.020525
v 0.108806 0.001000 0.020960
v 0.107202 0.001000 0.027308
v 0.107940 0.001000 0.027438
v 0.106468 0.001000 0.027460
v 0.105797 0.001000 0.027915
v 0.105362 0.001000 0.028600
v 0.105232 0.001000 0.029338
v 0.105384 0.001000 0.030072
v 0.101008 0.001000 0.041778
v 0.100592 0.001000 0.042402
v 0.101681 0.001000 0.041327
v 0.105839 0.001000 0.030743
v 0.102479 0.001000 0.041180
v 0.106524 0.001000 0.031178
v 0.103212 0.001000 0.041336
v 0.107262 0.001000 0.031308
v 0.103836 0.001000 0.041752
v 0.104288 0.001000 0.042425
v 0.107996 0.001000 0.031156
v 0.108058 0.001000 0.031114
v 0.104278 0.001000 0.043956
v 0.101618 0.001000 0.056281
v 0.104435 0.001000 0.043223
v 0.088099 0.001000 0.071010
v 0.084959 0.001000 0.068543
v 0.087482 0.001000 0.060144
v 0.059196 0.001000 0.088123
v 0.041419 0.001000 0.101034
v 0.022598 0.001000 0.103726
v 0.051673 0.001000 0.096637
v 0.050924 0.001000 0.096644
v 0.050230 0.001000 0.096926
v 0.061891 0.001000 0.090640
v 0.061916 0.001000 0.091450
v 0.062712 0.001000 0.089348
v 0.062190 0.001000 0.089885
v 0.052425 0.001000 0.096940
v 0.052996 0.001000 0.097517
v 0.062224 0.001000 0.092134
v 0.053278 0.001000 0.098211
v 0.064772 0.001000 0.096424
v 0.062762 0.001000 0.092656
v 0.053285 0.001000 0.098961
v 0.052982 0.001000 0.099713
v 0.052405 0.001000 0.100283
v 0.036343 0.001000 0.110327
v 0.051710 0.001000 0.100566
v 0.043477 0.001000 0.104104
v 0.042900 0.001000 0.104674
v 0.050961 0.001000 0.100573
v 0.043780 0.001000 0.103351
v 0.050209 0.001000 0.100269
v 0.049639 0.001000 0.099692
v 0.043773 0.001000 0.102602
v 0.043491 0.001000 0.101908
v 0.042921 0.001000 0.101331
v 0.049356 0.001000 0.098998
v 0.049349 0.001000 0.098249
v 0.049652 0.001000 0.097496
v 0.042168 0.001000 0.101027
v 0.042206 0.001000 0.104956
v 0.041456 0.001000 0.104963
v 0.040704 0.001000 0.104660
v 0.034756 0.001000 0.106569
v 0.040134 0.001000 0.104083
v 0.039851 0.001000 0.103389
v 0.034749 0.001000 0.105820
v 0.034466 0.001000 0.105125
v 0.033897 0.001000 0.104548
v 0.039844 0.001000 0.102639
v 0.040148 0.001000 0.101887
v 0.040725 0.001000 0.101317
v 0.033144 0.001000 0.104245
v 0.032395 0.001000 0.104252
v 0.031700 0.001000 0.104534
v 0.031123 0.001000 0.105104
v 0.030820 0.001000 0.105857
v 0.030827 0.001000 0.106606
v 0.031110 0.001000 0.107300
v 0.031680 0.001000 0.107878
v 0.032432 0.001000 0.108181
v 0.002790 0.001000 0.116125
v 0.002727 0.001000 0.111908
v 0.000502 0.001000 0.111941
v 0.000565 0.001000 0.116157
v -0.020463 0.001000 0.104169
v -0.028409 0.001000 0.108744
v -0.027888 0.001000 0.108184
v -0.029264 0.001000 0.105175
v -0.028561 0.001000 0.105437
v -0.027626 0.001000 0.107481
v -0.027642 0.001000 0.106732
v -0.027967 0.001000 0.105989
v -0.037678 0.001000 0.102491
v -0.038380 0.001000 0.102229
v -0.060158 0.001000 0.087472
v -0.059476 0.001000 0.091707
v -0.060014 0.001000 0.091185
v -0.082874 0.001000 0.071056
v -0.048762 0.001000 0.098140
v -0.048012 0.001000 0.098125
v -0.047310 0.001000 0.098387
v -0.088137 0.001000 0.059187
v -0.099282 0.001000 0.045395
v -0.099716 0.001000 0.044783
v -0.104311 0.001000 0.032475
v -0.104463 0.001000 0.031741
v -0.104441 0.001000 0.033213
v -0.100403 0.001000 0.044352
v -0.104876 0.001000 0.033898
v -0.101205 0.001000 0.044229
v -0.105547 0.001000 0.034354
v -0.101933 0.001000 0.044408
v -0.106281 0.001000 0.034505
v -0.110323 0.001000 0.036389
v -0.102544 0.001000 0.044841
v -0.107019 0.001000 0.034376
v -0.107704 0.001000 0.033940
v -0.108159 0.001000 0.033269
v -0.108311 0.001000 0.032535
v -0.108182 0.001000 0.031797
v -0.109607 0.001000 0.024230
v -0.110292 0.001000 0.023795
v -0.107746 0.001000 0.031112
v -0.107075 0.001000 0.030657
v -0.108869 0.001000 0.024360
v -0.108135 0.001000 0.024208
v -0.107463 0.001000 0.023753
v -0.106341 0.001000 0.030505
v -0.105603 0.001000 0.030635
v -0.104918 0.001000 0.031070
v -0.107028 0.001000 0.023068
v -0.106899 0.001000 0.022330
v -0.107050 0.001000 0.021596
v -0.107506 0.001000 0.020925
v -0.108190 0.001000 0.020490
v -0.108550 0.001000 0.013609
v -0.108985 0.001000 0.014294
v -0.109657 0.001000 0.014749
v -0.108929 0.001000 0.020360
v -0.110391 0.001000 0.014901
v -0.111129 0.001000 0.014771
v -0.109663 0.001000 0.020512
v -0.110334 0.001000 0.020967
v -0.111813 0.001000 0.014336
v -0.110769 0.001000 0.021652
v -0.112269 0.001000 0.013665
v -0.110898 0.001000 0.022390
v -0.110747 0.001000 0.023124
v -0.112420 0.001000 0.012931
v -0.112291 0.001000 0.012193
v -0.111856 0.001000 0.011508
v -0.108421 0.001000 0.012871
v -0.102975 0.001000 0.045529
v -0.103098 0.001000 0.046330
v -0.102920 0.001000 0.047058
v -0.096438 0.001000 0.064763
v -0.085910 0.001000 0.073660
v -0.062213 0.001000 0.094526
v -0.056293 0.001000 0.101610
v -0.039854 0.001000 0.105816
v -0.048681 0.001000 0.102069
v -0.061520 0.001000 0.094814
v -0.060709 0.001000 0.094815
v -0.059964 0.001000 0.094493
v -0.050318 0.001000 0.099762
v -0.050303 0.001000 0.100512
v -0.049978 0.001000 0.101255
v -0.050057 0.001000 0.099060
v -0.059442 0.001000 0.093955
v -0.049383 0.001000 0.101807
v -0.059155 0.001000 0.093263
v -0.059154 0.001000 0.092452
v -0.049504 0.001000 0.098466
v -0.047932 0.001000 0.102053
v -0.040345 0.001000 0.105359
v -0.040671 0.001000 0.104616
v -0.047189 0.001000 0.101728
v -0.040686 0.001000 0.103866
v -0.046636 0.001000 0.101134
v -0.040425 0.001000 0.103164
v -0.046375 0.001000 0.100431
v -0.039872 0.001000 0.102570
v -0.046390 0.001000 0.099682
v -0.039129 0.001000 0.102244
v -0.046716 0.001000 0.098939
v -0.037084 0.001000 0.103043
v -0.030013 0.001000 0.105190
v -0.030756 0.001000 0.105516
v -0.031308 0.001000 0.106110
v -0.036758 0.001000 0.103786
v -0.036743 0.001000 0.104535
v -0.031570 0.001000 0.106813
v -0.037004 0.001000 0.105238
v -0.037557 0.001000 0.105832
v -0.031555 0.001000 0.107562
v -0.031368 0.001000 0.107987
v -0.038300 0.001000 0.106157
v -0.038503 0.001000 0.106161
v 0.033181 0.001000 0.108174
v 0.033876 0.001000 0.107891
v 0.034453 0.001000 0.107321
v 0.063516 0.001000 0.092955
v 0.064327 0.001000 0.092930
v 0.065010 0.001000 0.092622
v 0.087970 0.001000 0.071150
v 0.108625 0.001000 0.027873
v 0.109545 0.001000 0.021090
v 0.110279 0.001000 0.020938
v 0.110742 0.001000 0.020624
v 0.108815 0.001000 0.028154
v 0.048676 0.001000 -0.102092
v 0.049379 0.001000 -0.101830
v 0.050314 0.001000 -0.099786
v 0.050298 0.001000 -0.100535
v 0.049973 0.001000 -0.101278
v 0.039846 0.001000 -0.105842
v 0.040340 0.001000 -0.105382
v 0.047927 0.001000 -0.102077
v 0.040666 0.001000 -0.104639
v 0.047184 0.001000 -0.101751
v 0.040682 0.001000 -0.103890
v 0.046632 0.001000 -0.101157
v 0.040420 0.001000 -0.103187
v 0.046370 0.001000 -0.100455
v 0.039868 0.001000 -0.102593
v 0.046385 0.001000 -0.099705
v 0.039125 0.001000 -0.102268
v 0.046711 0.001000 -0.098962
v -0.030832 0.001000 -0.106630
v -0.030825 0.001000 -0.105880
v -0.031128 0.001000 -0.105128
v -0.031705 0.001000 -0.104558
v -0.032400 0.001000 -0.104275
v -0.040730 0.001000 -0.101340
v -0.033149 0.001000 -0.104268
v -0.040152 0.001000 -0.101910
v -0.033901 0.001000 -0.104572
v -0.039849 0.001000 -0.102663
v -0.034471 0.001000 -0.105149
v -0.039856 0.001000 -0.103412
v -0.052409 0.001000 -0.100307
v -0.064777 0.001000 -0.096447
v -0.065015 0.001000 -0.092645
v -0.087886 0.001000 -0.071257
v -0.062767 0.001000 -0.092679
v -0.063521 0.001000 -0.092978
v -0.064332 0.001000 -0.092953
v -0.053283 0.001000 -0.098235
v -0.052987 0.001000 -0.099737
v -0.053290 0.001000 -0.098984
v -0.062229 0.001000 -0.092157
v -0.053000 0.001000 -0.097541
v 0.109232 0.001000 0.029278
v 0.109102 0.001000 0.030016
v 0.109232 -0.001000 0.029278
v 0.109102 -0.001000 0.030016
v 0.108667 -0.001000 0.030701
v 0.108667 0.001000 0.030701
v 0.107996 -0.001000 0.031156
v 0.107996 0.001000 0.031156
v 0.107262 -0.001000 0.031308
v 0.106524 -0.001000 0.031178
v 0.107262 0.001000 0.031308
v 0.106524 0.001000 0.031178
v 0.105839 0.001000 0.030743
v 0.105839 -0.001000 0.030743
v 0.105384 0.001000 0.030072
v 0.105232 0.001000 0.029338
v 0.105384 -0.001000 0.030072
v 0.105232 -0.001000 0.029338
v 0.105362 -0.001000 0.028600
v 0.105797 -0.001000 0.027915
v 0.105362 0.001000 0.028600
v 0.105797 0.001000 0.027915
v 0.106468 0.001000 0.027460
v 0.107202 0.001000 0.027308
v 0.106468 -0.001000 0.027460
v 0.107202 -0.001000 0.027308
v 0.107940 -0.001000 0.027438
v 0.108625 -0.001000 0.027873
v 0.107940 0.001000 0.027438
v 0.108625 0.001000 0.027873
v 0.109080 0.001000 0.028544
v 0.109232 0.001000 0.029278
v 0.109080 -0.001000 0.028544
v 0.109232 -0.001000 0.029278
v 0.109545 0.001000 0.021090
v 0.110279 0.001000 0.020938
v 0.109545 -0.001000 0.021090
v 0.108806 0.001000 0.020960
v 0.108122 0.001000 0.020525
v 0.108806 -0.001000 0.020960
v 0.108122 -0.001000 0.020525
v 0.107666 -0.001000 0.019854
v 0.107666 0.001000 0.019854
v 0.107515 -0.001000 0.019120
v 0.107515 0.001000 0.019120
v 0.107644 -0.001000 0.018382
v 0.107644 0.001000 0.018382
v 0.108080 -0.001000 0.017697
v 0.108080 0.001000 0.017697
v 0.108751 -0.001000 0.017242
v 0.109485 -0.001000 0.017090
v 0.108751 0.001000 0.017242
v 0.109485 0.001000 0.017090
v 0.110223 0.001000 0.017220
v 0.110908 0.001000 0.017655
v 0.110223 -0.001000 0.017220
v 0.110908 -0.001000 0.017655
v 0.111363 -0.001000 0.018326
v 0.111514 -0.001000 0.019060
v 0.111363 0.001000 0.018326
v 0.111514 0.001000 0.019060
v 0.110279 -0.001000 0.020938
v 0.110950 -0.001000 0.020483
v 0.110950 0.001000 0.020483
v 0.111385 -0.001000 0.019798
v 0.111385 0.001000 0.019798
v 0.111514 -0.001000 0.019060
v 0.111514 0.001000 0.019060
v 0.108753 0.001000 0.009620
v 0.108904 0.001000 0.010354
v 0.108753 -0.001000 0.009620
v 0.108882 0.001000 0.008881
v 0.109318 0.001000 0.008197
v 0.108882 -0.001000 0.008881
v 0.109318 -0.001000 0.008197
v 0.109989 -0.001000 0.007741
v 0.110723 -0.001000 0.007590
v 0.109989 0.001000 0.007741
v 0.110723 0.001000 0.007590
v 0.111461 0.001000 0.007719
v 0.112146 0.001000 0.008154
v 0.111461 -0.001000 0.007719
v 0.112146 -0.001000 0.008154
v 0.112601 -0.001000 0.008826
v 0.112601 0.001000 0.008826
v 0.112752 -0.001000 0.009560
v 0.112752 0.001000 0.009560
v 0.108904 -0.001000 0.010354
v 0.109360 -0.001000 0.011025
v 0.109360 0.001000 0.011025
v 0.110044 -0.001000 0.011460
v 0.110044 0.001000 0.011460
v 0.110783 -0.001000 0.011589
v 0.111517 -0.001000 0.011438
v 0.110783 0.001000 0.011589
v 0.111517 0.001000 0.011438
v 0.112188 0.001000 0.010983
v 0.112623 0.001000 0.010298
v 0.112188 -0.001000 0.010983
v 0.112623 -0.001000 0.010298
v 0.112752 -0.001000 0.009560
v 0.112752 0.001000 0.009560
v 0.051710 0.001000 0.100566
v 0.051710 -0.001000 0.100566
v 0.052405 0.001000 0.100283
v 0.052405 -0.001000 0.100283
v 0.052982 0.001000 0.099713
v 0.052982 -0.001000 0.099713
v 0.053285 0.001000 0.098961
v 0.053285 -0.001000 0.098961
v 0.053278 0.001000 0.098211
v 0.053278 -0.001000 0.098211
v 0.052996 0.001000 0.097517
v 0.052996 -0.001000 0.097517
v 0.052425 0.001000 0.096940
v 0.052425 -0.001000 0.096940
v 0.051673 0.001000 0.096637
v 0.051673 -0.001000 0.096637
v 0.050924 0.001000 0.096644
v 0.050924 -0.001000 0.096644
v 0.050230 0.001000 0.096926
v 0.050230 -0.001000 0.096926
v 0.049652 0.001000 0.097496
v 0.049652 -0.001000 0.097496
v 0.049349 0.001000 0.098249
v 0.049349 -0.001000 0.098249
v 0.049356 0.001000 0.098998
v 0.049639 0.001000 0.099692
v 0.049356 -0.001000 0.098998
v 0.049639 -0.001000 0.099692
v 0.050209 -0.001000 0.100269
v 0.050209 0.001000 0.100269
v 0.050961 -0.001000 0.100573
v 0.050961 0.001000 0.100573
v 0.051710 -0.001000 0.100566
v 0.051710 0.001000 0.100566
v 0.042206 0.001000 0.104956
v 0.041456 0.001000 0.104963
v 0.042206 -0.001000 0.104956
v 0.041456 -0.001000 0.104963
v 0.040704 -0.001000 0.104660
v 0.040134 -0.001000 0.104083
v 0.040704 0.001000 0.104660
v 0.040134 0.001000 0.104083
v 0.039851 0.001000 0.103389
v 0.039844 0.001000 0.102639
v 0.039851 -0.001000 0.103389
v 0.039844 -0.001000 0.102639
v 0.040148 -0.001000 0.101887
v 0.040148 0.001000 0.101887
v 0.040725 -0.001000 0.101317
v 0.040725 0.001000 0.101317
v 0.041419 -0.001000 0.101034
v 0.041419 0.001000 0.101034
v 0.042168 -0.001000 0.101027
v 0.042921 -0.001000 0.101331
v 0.042168 0.001000 0.101027
v 0.042921 0.001000 0.101331
v 0.043491 0.001000 0.101908
v 0.043773 0.001000 0.102602
v 0.043491 -0.001000 0.101908
v 0.043773 -0.001000 0.102602
v 0.043780 -0.001000 0.103351
v 0.043780 0.001000 0.103351
v 0.043477 -0.001000 0.104104
v 0.043477 0.001000 0.104104
v 0.042900 -0.001000 0.104674
v 0.042900 0.001000 0.104674
v 0.042206 -0.001000 0.104956
v 0.042206 0.001000 0.104956
v 0.033181 0.001000 0.108174
v 0.033181 -0.001000 0.108174
v 0.033876 0.001000 0.107891
v 0.033876 -0.001000 0.107891
v 0.034453 0.001000 0.107321
v 0.034453 -0.001000 0.107321
v 0.034756 0.001000 0.106569
v 0.034756 -0.001000 0.106569
v 0.034749 0.001000 0.105820
v 0.034749 -0.001000 0.105820
v 0.034466 0.001000 0.105125
v 0.034466 -0.001000 0.105125
v 0.033897 0.001000 0.104548
v 0.033897 -0.001000 0.104548
v 0.033144 0.001000 0.104245
v 0.033144 -0.001000 0.104245
v 0.032395 0.001000 0.104252
v 0.032395 -0.001000 0.104252
v 0.031700 0.001000 0.104534
v 0.031700 -0.001000 0.104534
v 0.031123 0.001000 0.105104
v 0.031123 -0.001000 0.105104
v 0.030820 0.001000 0.105857
v 0.030820 -0.001000 0.105857
v 0.030827 0.001000 0.106606
v 0.030827 -0.001000 0.106606
v 0.031110 0.001000 0.107300
v 0.031110 -0.001000 0.107300
v 0.031680 0.001000 0.107878
v 0.031680 -0.001000 0.107878
v 0.032432 0.001000 0.108181
v 0.032432 -0.001000 0.108181
v 0.033181 0.001000 0.108174
v 0.033181 -0.001000 0.108174
v 0.065010 0.001000 0.092622
v 0.071275 0.001000 0.087892
v 0.067139 0.000500 0.091090
v 0.065010 0.000000 0.092622
v 0.067139 0.000000 0.091090
v 0.067139 -0.000500 0.091090
v 0.065010 -0.001000 0.092622
v 0.071275 -0.001000 0.087892
v 0.069238 -0.000500 0.089505
v 0.069238 0.000000 0.089505
v 0.077240 -0.001000 0.082700
v 0.080094 -0.001000 0.079939
v 0.077240 0.001000 0.082700
v 0.080094 0.001000 0.079939
v 0.082854 0.001000 0.077075
v 0.085515 0.001000 0.074112
v 0.082854 -0.001000 0.077075
v 0.085515 -0.001000 0.074112
v 0.088072 -0.001000 0.071055
v 0.088072 0.001000 0.071055
v 0.090519 -0.001000 0.067910
v 0.090519 0.001000 0.067910
v 0.092853 -0.001000 0.064683
v 0.095070 -0.001000 0.061379
v 0.092853 0.001000 0.064683
v 0.095070 0.001000 0.061379
v 0.097165 0.001000 0.058007
v 0.100979 0.001000 0.051079
v 0.097165 -0.001000 0.058007
v 0.100979 -0.001000 0.051079
v 0.102140 -0.000500 0.048717
v 0.102140 0.000000 0.048717
v 0.104278 -0.001000 0.043956
v 0.103238 -0.000500 0.046345
v 0.104278 0.000000 0.043956
v 0.104278 0.001000 0.043956
v 0.103238 0.000500 0.046345
v 0.103238 0.000000 0.046345
v 0.102140 0.000500 0.048717
v 0.069238 0.000500 0.089505
v 0.103212 0.001000 0.041336
v 0.103836 0.001000 0.041752
v 0.103212 -0.001000 0.041336
v 0.102479 0.001000 0.041180
v 0.101681 0.001000 0.041327
v 0.102479 -0.001000 0.041180
v 0.101681 -0.001000 0.041327
v 0.101008 -0.001000 0.041778
v 0.100592 0.000000 0.042402
v 0.100592 -0.001000 0.042402
v 0.101008 0.001000 0.041778
v 0.100592 0.001000 0.042402
v 0.103836 -0.001000 0.041752
v 0.104288 -0.001000 0.042425
v 0.104288 0.001000 0.042425
v 0.104435 -0.001000 0.043223
v 0.104435 0.001000 0.043223
v 0.104278 -0.001000 0.043956
v 0.104278 0.000000 0.043956
v 0.104278 0.001000 0.043956
v 0.062712 0.001000 0.089348
v 0.068756 0.001000 0.084785
v 0.064753 0.000500 0.087880
v 0.062712 0.000000 0.089348
v 0.064753 0.000000 0.087880
v 0.062712 -0.001000 0.089348
v 0.066765 -0.000500 0.086362
v 0.064753 -0.000500 0.087880
v 0.068756 -0.001000 0.084785
v 0.074510 -0.001000 0.079776
v 0.066765 0.000000 0.086362
v 0.066765 0.000500 0.086362
v 0.077263 -0.001000 0.077114
v 0.074510 0.001000 0.079776
v 0.077263 0.001000 0.077114
v 0.079925 0.001000 0.074350
v 0.082493 0.001000 0.071492
v 0.079925 -0.001000 0.074350
v 0.082493 -0.001000 0.071492
v 0.084959 -0.001000 0.068543
v 0.084959 0.001000 0.068543
v 0.087320 -0.001000 0.065509
v 0.087320 0.001000 0.065509
v 0.089572 -0.001000 0.062396
v 0.091709 -0.001000 0.059209
v 0.089572 0.001000 0.062396
v 0.091709 0.001000 0.059209
v 0.093730 0.001000 0.055956
v 0.098516 0.000000 0.047024
v 0.093730 -0.001000 0.055956
v 0.097410 0.001000 0.049274
v 0.098516 0.000500 0.047024
v 0.100592 0.001000 0.042402
v 0.099582 0.000500 0.044722
v 0.100592 0.000000 0.042402
v 0.099582 0.000000 0.044722
v 0.099582 -0.000500 0.044722
v 0.100592 -0.001000 0.042402
v 0.097410 -0.001000 0.049274
v 0.098516 -0.000500 0.047024
v 0.062224 0.001000 0.092134
v 0.061916 0.001000 0.091450
v 0.062224 -0.001000 0.092134
v 0.062762 0.001000 0.092656
v 0.063516 0.001000 0.092955
v 0.062762 -0.001000 0.092656
v 0.063516 -0.001000 0.092955
v 0.064327 -0.001000 0.092930
v 0.065010 0.000000 0.092622
v 0.064327 0.001000 0.092930
v 0.065010 -0.001000 0.092622
v 0.065010 0.001000 0.092622
v 0.061916 -0.001000 0.091450
v 0.061891 -0.001000 0.090640
v 0.062190 -0.001000 0.089885
v 0.061891 0.001000 0.090640
v 0.062190 0.001000 0.089885
v 0.062712 0.001000 0.089348
v 0.062712 0.000000 0.089348
v 0.062712 -0.001000 0.089348
v 0.108306 0.001000 -0.032559
v 0.108306 -0.001000 -0.032559
v 0.108155 0.001000 -0.033292
v 0.108155 -0.001000 -0.033292
v 0.107699 0.001000 -0.033964
v 0.107699 -0.001000 -0.033964
v 0.107014 0.001000 -0.034399
v 0.107014 -0.001000 -0.034399
v 0.106276 0.001000 -0.034528
v 0.106276 -0.001000 -0.034528
v 0.105542 0.001000 -0.034377
v 0.105542 -0.001000 -0.034377
v 0.104871 0.001000 -0.033921
v 0.104871 -0.001000 -0.033921
v 0.104436 0.001000 -0.033237
v 0.104436 -0.001000 -0.033237
v 0.104306 0.001000 -0.032499
v 0.104306 -0.001000 -0.032499
v 0.104458 0.001000 -0.031765
v 0.104458 -0.001000 -0.031765
v 0.104913 0.001000 -0.031093
v 0.104913 -0.001000 -0.031093
v 0.105598 0.001000 -0.030658
v 0.105598 -0.001000 -0.030658
v 0.106336 0.001000 -0.030529
v 0.106336 -0.001000 -0.030529
v 0.107070 0.001000 -0.030680
v 0.107070 -0.001000 -0.030680
v 0.107741 0.001000 -0.031136
v 0.107741 -0.001000 -0.031136
v 0.108177 0.001000 -0.031820
v 0.108177 -0.001000 -0.031820
v 0.108306 0.001000 -0.032559
v 0.108306 -0.001000 -0.032559
v 0.110894 0.001000 -0.022413
v 0.110764 0.001000 -0.021675
v 0.110894 -0.001000 -0.022413
v 0.110764 -0.001000 -0.021675
v 0.110329 -0.001000 -0.020991
v 0.110329 0.001000 -0.020991
v 0.109658 -0.001000 -0.020535
v 0.109658 0.001000 -0.020535
v 0.108924 -0.001000 -0.020384
v 0.108924 0.001000 -0.020384
v 0.108186 -0.001000 -0.020513
v 0.107501 -0.001000 -0.020948
v 0.108186 0.001000 -0.020513
v 0.107501 0.001000 -0.020948
v 0.107046 0.001000 -0.021619
v 0.106894 0.001000 -0.022353
v 0.107046 -0.001000 -0.021619
v 0.106894 -0.001000 -0.022353
v 0.107023 -0.001000 -0.023092
v 0.107023 0.001000 -0.023092
v 0.107459 -0.001000 -0.023776
v 0.107459 0.001000 -0.023776
v 0.108130 -0.001000 -0.024232
v 0.108130 0.001000 -0.024232
v 0.108864 -0.001000 -0.024383
v 0.108864 0.001000 -0.024383
v 0.109602 -0.001000 -0.024254
v 0.109602 0.001000 -0.024254
v 0.110287 -0.001000 -0.023819
v 0.110742 -0.001000 -0.023147
v 0.110287 0.001000 -0.023819
v 0.110742 0.001000 -0.023147
v 0.110894 0.001000 -0.022413
v 0.110894 -0.001000 -0.022413
v 0.108416 0.001000 -0.012894
v 0.108545 0.001000 -0.013633
v 0.108416 -0.001000 -0.012894
v 0.108567 0.001000 -0.012160
v 0.108567 -0.001000 -0.012160
v 0.109023 0.001000 -0.011489
v 0.109023 -0.001000 -0.011489
v 0.109707 0.001000 -0.011054
v 0.109707 -0.001000 -0.011054
v 0.110446 0.001000 -0.010925
v 0.111179 0.001000 -0.011076
v 0.110446 -0.001000 -0.010925
v 0.111179 -0.001000 -0.011076
v 0.111851 -0.001000 -0.011532
v 0.111851 0.001000 -0.011532
v 0.112286 -0.001000 -0.012216
v 0.112286 0.001000 -0.012216
v 0.112415 -0.001000 -0.012954
v 0.112415 0.001000 -0.012954
v 0.108545 -0.001000 -0.013633
v 0.108980 -0.001000 -0.014317
v 0.108980 0.001000 -0.014317
v 0.109652 -0.001000 -0.014773
v 0.110386 -0.001000 -0.014924
v 0.109652 0.001000 -0.014773
v 0.110386 0.001000 -0.014924
v 0.111124 0.001000 -0.014795
v 0.111808 0.001000 -0.014360
v 0.111124 -0.001000 -0.014795
v 0.111808 -0.001000 -0.014360
v 0.112264 -0.001000 -0.013688
v 0.112264 0.001000 -0.013688
v 0.112415 -0.001000 -0.012954
v 0.112415 0.001000 -0.012954
v 0.048007 0.001000 -0.098148
v 0.048757 0.001000 -0.098164
v 0.048007 -0.001000 -0.098148
v 0.047305 0.001000 -0.098410
v 0.046711 0.001000 -0.098962
v 0.047305 -0.001000 -0.098410
v 0.046711 -0.001000 -0.098962
v 0.046385 -0.001000 -0.099705
v 0.046370 -0.001000 -0.100455
v 0.046385 0.001000 -0.099705
v 0.046370 0.001000 -0.100455
v 0.046632 0.001000 -0.101157
v 0.047184 0.001000 -0.101751
v 0.046632 -0.001000 -0.101157
v 0.047184 -0.001000 -0.101751
v 0.047927 -0.001000 -0.102077
v 0.048676 -0.001000 -0.102092
v 0.047927 0.001000 -0.102077
v 0.048676 0.001000 -0.102092
v 0.048757 -0.001000 -0.098164
v 0.049500 -0.001000 -0.098489
v 0.050052 -0.001000 -0.099083
v 0.049500 0.001000 -0.098489
v 0.050052 0.001000 -0.099083
v 0.050314 0.001000 -0.099786
v 0.050298 0.001000 -0.100535
v 0.050314 -0.001000 -0.099786
v 0.050298 -0.001000 -0.100535
v 0.049973 -0.001000 -0.101278
v 0.049973 0.001000 -0.101278
v 0.049379 -0.001000 -0.101830
v 0.049379 0.001000 -0.101830
v 0.048676 -0.001000 -0.102092
v 0.048676 0.001000 -0.102092
v 0.040682 0.001000 -0.103890
v 0.040666 0.001000 -0.104639
v 0.040682 -0.001000 -0.103890
v 0.040420 0.001000 -0.103187
v 0.039868 0.001000 -0.102593
v 0.040420 -0.001000 -0.103187
v 0.039868 -0.001000 -0.102593
v 0.039125 -0.001000 -0.102268
v 0.039125 0.001000 -0.102268
v 0.038375 -0.001000 -0.102252
v 0.037673 -0.001000 -0.102514
v 0.038375 0.001000 -0.102252
v 0.037673 0.001000 -0.102514
v 0.037079 0.001000 -0.103066
v 0.037079 -0.001000 -0.103066
v 0.036753 0.001000 -0.103809
v 0.036738 0.001000 -0.104559
v 0.036753 -0.001000 -0.103809
v 0.036738 -0.001000 -0.104559
v 0.037000 -0.001000 -0.105261
v 0.037552 -0.001000 -0.105855
v 0.037000 0.001000 -0.105261
v 0.037552 0.001000 -0.105855
v 0.038295 0.001000 -0.106181
v 0.039044 0.001000 -0.106196
v 0.038295 -0.001000 -0.106181
v 0.039044 -0.001000 -0.106196
v 0.040666 -0.001000 -0.104639
v 0.040340 -0.001000 -0.105382
v 0.040340 0.001000 -0.105382
v 0.039747 -0.001000 -0.105934
v 0.039044 -0.001000 -0.106196
v 0.039747 0.001000 -0.105934
v 0.039044 0.001000 -0.106196
v 0.029928 0.001000 -0.109142
v 0.030630 0.001000 -0.108881
v 0.029928 -0.001000 -0.109142
v 0.030630 -0.001000 -0.108881
v 0.031224 -0.001000 -0.108328
v 0.031550 -0.001000 -0.107585
v 0.031224 0.001000 -0.108328
v 0.031550 0.001000 -0.107585
v 0.031565 0.001000 -0.106836
v 0.031565 -0.001000 -0.106836
v 0.031304 0.001000 -0.106134
v 0.030751 0.001000 -0.105540
v 0.031304 -0.001000 -0.106134
v 0.030751 -0.001000 -0.105540
v 0.030008 -0.001000 -0.105214
v 0.030008 0.001000 -0.105214
v 0.029259 -0.001000 -0.105199
v 0.028556 -0.001000 -0.105460
v 0.029259 0.001000 -0.105199
v 0.028556 0.001000 -0.105460
v 0.027963 0.001000 -0.106013
v 0.027963 -0.001000 -0.106013
v 0.027637 0.001000 -0.106756
v 0.027622 0.001000 -0.107505
v 0.027637 -0.001000 -0.106756
v 0.027622 -0.001000 -0.107505
v 0.027883 -0.001000 -0.108207
v 0.027883 0.001000 -0.108207
v 0.028436 -0.001000 -0.108801
v 0.028436 0.001000 -0.108801
v 0.029179 -0.001000 -0.109127
v 0.029179 0.001000 -0.109127
v 0.029928 -0.001000 -0.109142
v 0.029928 0.001000 -0.109142
v 0.102915 0.001000 -0.047082
v 0.101804 0.000500 -0.049438
v 0.099404 0.001000 -0.054103
v 0.102915 -0.000000 -0.047082
v 0.101804 -0.000500 -0.049438
v 0.101804 -0.000000 -0.049438
v 0.102915 -0.001000 -0.047082
v 0.100636 -0.000500 -0.051776
v 0.099404 -0.001000 -0.054103
v 0.095384 -0.001000 -0.060913
v 0.100636 -0.000000 -0.051776
v 0.100636 0.000500 -0.051776
v 0.095384 0.001000 -0.060913
v 0.093189 -0.001000 -0.064221
v 0.093189 0.001000 -0.064221
v 0.090875 -0.001000 -0.067457
v 0.088446 -0.001000 -0.070613
v 0.090875 0.001000 -0.067457
v 0.088446 0.001000 -0.070613
v 0.085905 0.001000 -0.073683
v 0.085905 -0.001000 -0.073683
v 0.083258 0.001000 -0.076662
v 0.083258 -0.001000 -0.076662
v 0.080509 0.001000 -0.079544
v 0.080509 -0.001000 -0.079544
v 0.077664 0.001000 -0.082325
v 0.077664 -0.001000 -0.082325
v 0.074729 0.001000 -0.084999
v 0.074729 -0.001000 -0.084999
v 0.066527 -0.000000 -0.091561
v 0.068612 0.001000 -0.090010
v 0.066527 0.000500 -0.091561
v 0.062208 0.001000 -0.094550
v 0.064382 0.000500 -0.093083
v 0.062208 -0.000000 -0.094550
v 0.064382 -0.000000 -0.093083
v 0.064382 -0.000500 -0.093083
v 0.062208 -0.001000 -0.094550
v 0.068612 -0.001000 -0.090010
v 0.066527 -0.000500 -0.091561
v 0.099277 0.001000 -0.045418
v 0.099711 0.001000 -0.044807
v 0.099277 -0.000000 -0.045418
v 0.099711 -0.001000 -0.044807
v 0.099277 -0.001000 -0.045418
v 0.100398 -0.001000 -0.044375
v 0.100398 0.001000 -0.044375
v 0.101200 -0.001000 -0.044252
v 0.101200 0.001000 -0.044252
v 0.101928 -0.001000 -0.044431
v 0.102539 -0.001000 -0.044865
v 0.101928 0.001000 -0.044431
v 0.102539 0.001000 -0.044865
v 0.102970 0.001000 -0.045552
v 0.102970 -0.001000 -0.045552
v 0.103093 0.001000 -0.046354
v 0.102915 -0.000000 -0.047082
v 0.102915 0.001000 -0.047082
v 0.103093 -0.001000 -0.046354
v 0.102915 -0.001000 -0.047082
v 0.060009 0.001000 -0.091208
v 0.062092 0.000500 -0.089803
v 0.066187 0.001000 -0.086829
v 0.060009 -0.000000 -0.091208
v 0.062092 -0.000000 -0.089803
v 0.060009 -0.001000 -0.091208
v 0.064149 -0.000500 -0.088345
v 0.062092 -0.000500 -0.089803
v 0.066187 -0.001000 -0.086829
v 0.064149 -0.000000 -0.088345
v 0.072088 -0.001000 -0.081995
v 0.072088 0.001000 -0.081995
v 0.074919 -0.001000 -0.079415
v 0.074919 0.001000 -0.079415
v 0.077664 -0.001000 -0.076733
v 0.080315 -0.001000 -0.073953
v 0.077664 0.001000 -0.076733
v 0.080315 0.001000 -0.073953
v 0.082869 0.001000 -0.071079
v 0.082869 -0.001000 -0.071079
v 0.085319 0.001000 -0.068117
v 0.085319 -0.001000 -0.068117
v 0.087663 0.001000 -0.065073
v 0.087663 -0.001000 -0.065073
v 0.089895 0.001000 -0.061952
v 0.089895 -0.001000 -0.061952
v 0.092013 0.001000 -0.058760
v 0.092013 -0.001000 -0.058760
v 0.095891 0.001000 -0.052191
v 0.097064 -0.000000 -0.049976
v 0.098199 -0.000000 -0.047706
v 0.097064 0.000500 -0.049976
v 0.097064 -0.000500 -0.049976
v 0.095891 -0.001000 -0.052191
v 0.098199 -0.000500 -0.047706
v 0.099277 -0.001000 -0.045418
v 0.099277 -0.000000 -0.045418
v 0.099277 0.001000 -0.045418
v 0.098199 0.000500 -0.047706
v 0.064149 0.000500 -0.088345
v 0.059438 0.001000 -0.093979
v 0.059438 -0.001000 -0.093979
v 0.059150 0.001000 -0.093286
v 0.059960 0.001000 -0.094516
v 0.059960 -0.001000 -0.094516
v 0.060704 0.001000 -0.094838
v 0.061516 0.001000 -0.094837
v 0.060704 -0.001000 -0.094838
v 0.061516 -0.001000 -0.094837
v 0.062208 -0.001000 -0.094550
v 0.062208 -0.000000 -0.094550
v 0.062208 0.001000 -0.094550
v 0.059150 -0.001000 -0.093286
v 0.059149 0.001000 -0.092475
v 0.059149 -0.001000 -0.092475
v 0.059471 0.001000 -0.091730
v 0.059471 -0.001000 -0.091730
v 0.060009 0.001000 -0.091208
v 0.060009 -0.000000 -0.091208
v 0.060009 -0.001000 -0.091208
v -0.108311 0.001000 0.032535
v -0.108311 -0.001000 0.032535
v -0.108159 0.001000 0.033269
v -0.108159 -0.001000 0.033269
v -0.107704 0.001000 0.033940
v -0.107704 -0.001000 0.033940
v -0.107019 0.001000 0.034376
v -0.107019 -0.001000 0.034376
v -0.106281 0.001000 0.034505
v -0.106281 -0.001000 0.034505
v -0.105547 0.001000 0.034354
v -0.105547 -0.001000 0.034354
v -0.104876 0.001000 0.033898
v -0.104876 -0.001000 0.033898
v -0.104441 0.001000 0.033213
v -0.104441 -0.001000 0.033213
v -0.104311 0.001000 0.032475
v -0.104311 -0.001000 0.032475
v -0.104463 0.001000 0.031741
v -0.104463 -0.001000 0.031741
v -0.104918 0.001000 0.031070
v -0.104918 -0.001000 0.031070
v -0.105603 0.001000 0.030635
v -0.105603 -0.001000 0.030635
v -0.106341 0.001000 0.030505
v -0.107075 0.001000 0.030657
v -0.106341 -0.001000 0.030505
v -0.107075 -0.001000 0.030657
v -0.107746 -0.001000 0.031112
v -0.107746 0.001000 0.031112
v -0.108182 -0.001000 0.031797
v -0.108182 0.001000 0.031797
v -0.108311 -0.001000 0.032535
v -0.108311 0.001000 0.032535
v -0.110898 0.001000 0.022390
v -0.110769 0.001000 0.021652
v -0.110898 -0.001000 0.022390
v -0.110769 -0.001000 0.021652
v -0.110334 -0.001000 0.020967
v -0.109663 -0.001000 0.020512
v -0.110334 0.001000 0.020967
v -0.109663 0.001000 0.020512
v -0.108929 0.001000 0.020360
v -0.108190 0.001000 0.020490
v -0.108929 -0.001000 0.020360
v -0.108190 -0.001000 0.020490
v -0.107506 -0.001000 0.020925
v -0.107506 0.001000 0.020925
v -0.107050 -0.001000 0.021596
v -0.106899 -0.001000 0.022330
v -0.107050 0.001000 0.021596
v -0.106899 0.001000 0.022330
v -0.107028 0.001000 0.023068
v -0.107028 -0.001000 0.023068
v -0.107463 0.001000 0.023753
v -0.108135 0.001000 0.024208
v -0.107463 -0.001000 0.023753
v -0.108135 -0.001000 0.024208
v -0.108869 -0.001000 0.024360
v -0.108869 0.001000 0.024360
v -0.109607 -0.001000 0.024230
v -0.109607 0.001000 0.024230
v -0.110292 -0.001000 0.023795
v -0.110292 0.001000 0.023795
v -0.110747 -0.001000 0.023124
v -0.110898 -0.001000 0.022390
v -0.110747 0.001000 0.023124
v -0.110898 0.001000 0.022390
v -0.112420 0.001000 0.012931
v -0.112420 -0.001000 0.012931
v -0.112269 0.001000 0.013665
v -0.112269 -0.001000 0.013665
v -0.111813 0.001000 0.014336
v -0.111813 -0.001000 0.014336
v -0.111129 0.001000 0.014771
v -0.111129 -0.001000 0.014771
v -0.110391 0.001000 0.014901
v -0.110391 -0.001000 0.014901
v -0.109657 0.001000 0.014749
v -0.109657 -0.001000 0.014749
v -0.108985 0.001000 0.014294
v -0.108985 -0.001000 0.014294
v -0.108550 0.001000 0.013609
v -0.108550 -0.001000 0.013609
v -0.108421 0.001000 0.012871
v -0.108421 -0.001000 0.012871
v -0.108572 0.001000 0.012137
v -0.108572 -0.001000 0.012137
v -0.109028 0.001000 0.011466
v -0.109028 -0.001000 0.011466
v -0.109712 0.001000 0.011031
v -0.109712 -0.001000 0.011031
v -0.110450 0.001000 0.010901
v -0.110450 -0.001000 0.010901
v -0.111184 0.001000 0.011053
v -0.111184 -0.001000 0.011053
v -0.111856 0.001000 0.011508
v -0.111856 -0.001000 0.011508
v -0.112291 0.001000 0.012193
v -0.112291 -0.001000 0.012193
v -0.112420 0.001000 0.012931
v -0.112420 -0.001000 0.012931
v -0.048681 0.001000 0.102069
v -0.049383 0.001000 0.101807
v -0.048681 -0.001000 0.102069
v -0.049383 -0.001000 0.101807
v -0.049978 -0.001000 0.101255
v -0.050303 -0.001000 0.100512
v -0.049978 0.001000 0.101255
v -0.050303 0.001000 0.100512
v -0.050318 0.001000 0.099762
v -0.050318 -0.001000 0.099762
v -0.050057 0.001000 0.099060
v -0.049504 0.001000 0.098466
v -0.050057 -0.001000 0.099060
v -0.049504 -0.001000 0.098466
v -0.048762 -0.001000 0.098140
v -0.048762 0.001000 0.098140
v -0.048012 -0.001000 0.098125
v -0.047310 -0.001000 0.098387
v -0.048012 0.001000 0.098125
v -0.047310 0.001000 0.098387
v -0.046716 0.001000 0.098939
v -0.046716 -0.001000 0.098939
v -0.046390 0.001000 0.099682
v -0.046375 0.001000 0.100431
v -0.046390 -0.001000 0.099682
v -0.046375 -0.001000 0.100431
v -0.046636 -0.001000 0.101134
v -0.046636 0.001000 0.101134
v -0.047189 -0.001000 0.101728
v -0.047189 0.001000 0.101728
v -0.047932 -0.001000 0.102053
v -0.047932 0.001000 0.102053
v -0.048681 -0.001000 0.102069
v -0.048681 0.001000 0.102069
v -0.039049 0.001000 0.106173
v -0.038300 0.001000 0.106157
v -0.039049 -0.001000 0.106173
v -0.038300 -0.001000 0.106157
v -0.037557 -0.001000 0.105832
v -0.037004 -0.001000 0.105238
v -0.037557 0.001000 0.105832
v -0.037004 0.001000 0.105238
v -0.036743 0.001000 0.104535
v -0.036758 0.001000 0.103786
v -0.036743 -0.001000 0.104535
v -0.036758 -0.001000 0.103786
v -0.037084 -0.001000 0.103043
v -0.037084 0.001000 0.103043
v -0.037678 -0.001000 0.102491
v -0.037678 0.001000 0.102491
v -0.038380 -0.001000 0.102229
v -0.039129 -0.001000 0.102244
v -0.038380 0.001000 0.102229
v -0.039129 0.001000 0.102244
v -0.039872 0.001000 0.102570
v -0.040425 0.001000 0.103164
v -0.039872 -0.001000 0.102570
v -0.040425 -0.001000 0.103164
v -0.040686 -0.001000 0.103866
v -0.040671 -0.001000 0.104616
v -0.040686 0.001000 0.103866
v -0.040671 0.001000 0.104616
v -0.040345 0.001000 0.105359
v -0.039751 0.001000 0.105911
v -0.040345 -0.001000 0.105359
v -0.039751 -0.001000 0.105911
v -0.039049 -0.001000 0.106173
v -0.039049 0.001000 0.106173
v -0.029264 0.001000 0.105175
v -0.030013 0.001000 0.105190
v -0.029264 -0.001000 0.105175
v -0.028561 0.001000 0.105437
v -0.027967 0.001000 0.105989
v -0.028561 -0.001000 0.105437
v -0.027967 -0.001000 0.105989
v -0.027642 -0.001000 0.106732
v -0.027626 -0.001000 0.107481
v -0.027642 0.001000 0.106732
v -0.027626 0.001000 0.107481
v -0.027888 0.001000 0.108184
v -0.028440 0.001000 0.108778
v -0.027888 -0.001000 0.108184
v -0.028440 -0.001000 0.108778
v -0.029183 -0.001000 0.109103
v -0.029933 -0.001000 0.109119
v -0.029183 0.001000 0.109103
v -0.029933 0.001000 0.109119
v -0.030013 -0.001000 0.105190
v -0.030756 -0.001000 0.105516
v -0.031308 -0.001000 0.106110
v -0.030756 0.001000 0.105516
v -0.031308 0.001000 0.106110
v -0.031570 0.001000 0.106813
v -0.031555 0.001000 0.107562
v -0.031570 -0.001000 0.106813
v -0.031555 -0.001000 0.107562
v -0.031229 -0.001000 0.108305
v -0.031229 0.001000 0.108305
v -0.030635 -0.001000 0.108857
v -0.030635 0.001000 0.108857
v -0.029933 -0.001000 0.109119
v -0.029933 0.001000 0.109119
v -0.102920 0.001000 0.047058
v -0.101809 0.000500 0.049415
v -0.099409 0.001000 0.054080
v -0.102920 0.000000 0.047058
v -0.101809 0.000000 0.049415
v -0.101809 -0.000500 0.049415
v -0.102920 -0.001000 0.047058
v -0.100640 -0.000500 0.051753
v -0.099409 -0.001000 0.054080
v -0.100640 0.000000 0.051753
v -0.095389 -0.001000 0.060889
v -0.095389 0.001000 0.060889
v -0.093194 -0.001000 0.064198
v -0.093194 0.001000 0.064198
v -0.090880 -0.001000 0.067433
v -0.088450 -0.001000 0.070589
v -0.090880 0.001000 0.067433
v -0.088450 0.001000 0.070589
v -0.085910 0.001000 0.073660
v -0.085910 -0.001000 0.073660
v -0.083263 0.001000 0.076639
v -0.083263 -0.001000 0.076639
v -0.080514 0.001000 0.079521
v -0.080514 -0.001000 0.079521
v -0.077669 0.001000 0.082301
v -0.077669 -0.001000 0.082301
v -0.074734 0.001000 0.084975
v -0.074734 -0.001000 0.084975
v -0.066532 0.000000 0.091538
v -0.068617 0.001000 0.089986
v -0.066532 0.000500 0.091538
v -0.062213 0.001000 0.094526
v -0.064386 0.000500 0.093060
v -0.062213 0.000000 0.094526
v -0.064386 0.000000 0.093060
v -0.064386 -0.000500 0.093060
v -0.062213 -0.001000 0.094526
v -0.068617 -0.001000 0.089986
v -0.066532 -0.000500 0.091538
v -0.100640 0.000500 0.051753
v -0.101933 0.001000 0.044408
v -0.101933 -0.001000 0.044408
v -0.102544 0.001000 0.044841
v -0.101205 0.001000 0.044229
v -0.100403 0.001000 0.044352
v -0.101205 -0.001000 0.044229
v -0.100403 -0.001000 0.044352
v -0.099716 -0.001000 0.044783
v -0.099282 0.000000 0.045395
v -0.099282 -0.001000 0.045395
v -0.099716 0.001000 0.044783
v -0.099282 0.001000 0.045395
v -0.102544 -0.001000 0.044841
v -0.102975 0.001000 0.045529
v -0.102975 -0.001000 0.045529
v -0.103098 0.001000 0.046330
v -0.103098 -0.001000 0.046330
v -0.102920 0.001000 0.047058
v -0.102920 0.000000 0.047058
v -0.102920 -0.001000 0.047058
v -0.060014 0.001000 0.091185
v -0.062097 0.000500 0.089779
v -0.066191 0.001000 0.086806
v -0.060014 0.000000 0.091185
v -0.062097 0.000000 0.089779
v -0.060014 -0.001000 0.091185
v -0.062097 -0.000500 0.089779
v -0.064154 -0.000500 0.088322
v -0.066191 -0.001000 0.086806
v -0.064154 0.000000 0.088322
v -0.064154 0.000500 0.088322
v -0.072093 -0.001000 0.081971
v -0.074924 -0.001000 0.079392
v -0.072093 0.001000 0.081971
v -0.074924 0.001000 0.079392
v -0.077668 0.001000 0.076710
v -0.077668 -0.001000 0.076710
v -0.080320 0.001000 0.073930
v -0.080320 -0.001000 0.073930
v -0.082874 0.001000 0.071056
v -0.082874 -0.001000 0.071056
v -0.085324 0.001000 0.068094
v -0.085324 -0.001000 0.068094
v -0.087668 0.001000 0.065050
v -0.087668 -0.001000 0.065050
v -0.089900 0.001000 0.061929
v -0.089900 -0.001000 0.061929
v -0.092018 0.001000 0.058737
v -0.097068 0.000000 0.049952
v -0.092018 -0.001000 0.058737
v -0.095896 0.001000 0.052168
v -0.097068 0.000500 0.049952
v -0.099282 0.001000 0.045395
v -0.098203 0.000500 0.047683
v -0.099282 0.000000 0.045395
v -0.098203 0.000000 0.047683
v -0.098203 -0.000500 0.047683
v -0.099282 -0.001000 0.045395
v -0.095896 -0.001000 0.052168
v -0.097068 -0.000500 0.049952
v -0.059442 0.001000 0.093955
v -0.059442 -0.001000 0.093955
v -0.059155 0.001000 0.093263
v -0.059964 0.001000 0.094493
v -0.060709 0.001000 0.094815
v -0.059964 -0.001000 0.094493
v -0.060709 -0.001000 0.094815
v -0.061520 -0.001000 0.094814
v -0.061520 0.001000 0.094814
v -0.062213 -0.001000 0.094526
v -0.062213 0.000000 0.094526
v -0.062213 0.001000 0.094526
v -0.059155 -0.001000 0.093263
v -0.059154 0.001000 0.092452
v -0.059154 -0.001000 0.092452
v -0.059476 0.001000 0.091707
v -0.060014 0.001000 0.091185
v -0.060014 0.000000 0.091185
v -0.059476 -0.001000 0.091707
v -0.060014 -0.001000 0.091185
v -0.109237 0.001000 -0.029302
v -0.109085 0.001000 -0.028568
v -0.109237 -0.001000 -0.029302
v -0.109085 -0.001000 -0.028568
v -0.108630 -0.001000 -0.027896
v -0.108630 0.001000 -0.027896
v -0.107945 -0.001000 -0.027461
v -0.107945 0.001000 -0.027461
v -0.107207 -0.001000 -0.027332
v -0.106473 -0.001000 -0.027483
v -0.107207 0.001000 -0.027332
v -0.106473 0.001000 -0.027483
v -0.105802 0.001000 -0.027939
v -0.105367 0.001000 -0.028623
v -0.105802 -0.001000 -0.027939
v -0.105367 -0.001000 -0.028623
v -0.105237 -0.001000 -0.029361
v -0.105389 -0.001000 -0.030095
v -0.105237 0.001000 -0.029361
v -0.105389 0.001000 -0.030095
v -0.105844 0.001000 -0.030767
v -0.106529 0.001000 -0.031202
v -0.105844 -0.001000 -0.030767
v -0.106529 -0.001000 -0.031202
v -0.107267 -0.001000 -0.031331
v -0.108001 -0.001000 -0.031180
v -0.107267 0.001000 -0.031331
v -0.108001 0.001000 -0.031180
v -0.108672 0.001000 -0.030724
v -0.109107 0.001000 -0.030040
v -0.108672 -0.001000 -0.030724
v -0.109107 -0.001000 -0.030040
v -0.109237 -0.001000 -0.029302
v -0.109237 0.001000 -0.029302
v -0.109550 0.001000 -0.021113
v -0.110284 0.001000 -0.020962
v -0.109550 -0.001000 -0.021113
v -0.108811 0.001000 -0.020984
v -0.108127 0.001000 -0.020549
v -0.108811 -0.001000 -0.020984
v -0.108127 -0.001000 -0.020549
v -0.107671 -0.001000 -0.019877
v -0.107671 0.001000 -0.019877
v -0.107520 -0.001000 -0.019143
v -0.107649 -0.001000 -0.018405
v -0.107520 0.001000 -0.019143
v -0.107649 0.001000 -0.018405
v -0.108084 0.001000 -0.017720
v -0.108084 -0.001000 -0.017720
v -0.108756 0.001000 -0.017265
v -0.109490 0.001000 -0.017114
v -0.108756 -0.001000 -0.017265
v -0.109490 -0.001000 -0.017114
v -0.110228 -0.001000 -0.017243
v -0.110228 0.001000 -0.017243
v -0.110912 -0.001000 -0.017678
v -0.110912 0.001000 -0.017678
v -0.111368 -0.001000 -0.018349
v -0.111368 0.001000 -0.018349
v -0.111519 -0.001000 -0.019083
v -0.111519 0.001000 -0.019083
v -0.110284 -0.001000 -0.020962
v -0.110955 -0.001000 -0.020506
v -0.111390 -0.001000 -0.019822
v -0.110955 0.001000 -0.020506
v -0.111390 0.001000 -0.019822
v -0.111519 0.001000 -0.019083
v -0.111519 -0.001000 -0.019083
v -0.112757 0.001000 -0.009583
v -0.112628 0.001000 -0.010321
v -0.112757 -0.001000 -0.009583
v -0.112628 -0.001000 -0.010321
v -0.112193 -0.001000 -0.011006
v -0.112193 0.001000 -0.011006
v -0.111521 -0.001000 -0.011461
v -0.111521 0.001000 -0.011461
v -0.110787 -0.001000 -0.011613
v -0.110049 -0.001000 -0.011483
v -0.110787 0.001000 -0.011613
v -0.110049 0.001000 -0.011483
v -0.109365 0.001000 -0.011048
v -0.109365 -0.001000 -0.011048
v -0.108909 0.001000 -0.010377
v -0.108758 0.001000 -0.009643
v -0.108909 -0.001000 -0.010377
v -0.108758 -0.001000 -0.009643
v -0.108887 -0.001000 -0.008905
v -0.109322 -0.001000 -0.008220
v -0.108887 0.001000 -0.008905
v -0.109322 0.001000 -0.008220
v -0.109994 0.001000 -0.007765
v -0.110728 0.001000 -0.007613
v -0.109994 -0.001000 -0.007765
v -0.110728 -0.001000 -0.007613
v -0.111466 -0.001000 -0.007743
v -0.112150 -0.001000 -0.008178
v -0.111466 0.001000 -0.007743
v -0.112150 0.001000 -0.008178
v -0.112606 0.001000 -0.008849
v -0.112757 0.001000 -0.009583
v -0.112606 -0.001000 -0.008849
v -0.112757 -0.001000 -0.009583
v -0.051715 0.001000 -0.100589
v -0.051715 -0.001000 -0.100589
v -0.052409 0.001000 -0.100307
v -0.052409 -0.001000 -0.100307
v -0.052987 0.001000 -0.099737
v -0.052987 -0.001000 -0.099737
v -0.053290 0.001000 -0.098984
v -0.053290 -0.001000 -0.098984
v -0.053283 0.001000 -0.098235
v -0.053283 -0.001000 -0.098235
v -0.053000 0.001000 -0.097541
v -0.053000 -0.001000 -0.097541
v -0.052430 0.001000 -0.096963
v -0.052430 -0.001000 -0.096963
v -0.051678 0.001000 -0.096660
v -0.051678 -0.001000 -0.096660
v -0.050929 0.001000 -0.096667
v -0.050929 -0.001000 -0.096667
v -0.050234 0.001000 -0.096950
v -0.050234 -0.001000 -0.096950
v -0.049657 0.001000 -0.097520
v -0.049657 -0.001000 -0.097520
v -0.049354 0.001000 -0.098272
v -0.049354 -0.001000 -0.098272
v -0.049361 0.001000 -0.099021
v -0.049361 -0.001000 -0.099021
v -0.049643 0.001000 -0.099716
v -0.049643 -0.001000 -0.099716
v -0.050214 0.001000 -0.100293
v -0.050214 -0.001000 -0.100293
v -0.050966 0.001000 -0.100596
v -0.050966 -0.001000 -0.100596
v -0.051715 0.001000 -0.100589
v -0.051715 -0.001000 -0.100589
v -0.043778 0.001000 -0.102625
v -0.043785 0.001000 -0.103375
v -0.043778 -0.001000 -0.102625
v -0.043496 0.001000 -0.101931
v -0.043496 -0.001000 -0.101931
v -0.042925 0.001000 -0.101354
v -0.042925 -0.001000 -0.101354
v -0.042173 0.001000 -0.101051
v -0.042173 -0.001000 -0.101051
v -0.041424 0.001000 -0.101058
v -0.041424 -0.001000 -0.101058
v -0.040730 0.001000 -0.101340
v -0.040730 -0.001000 -0.101340
v -0.040152 0.001000 -0.101910
v -0.040152 -0.001000 -0.101910
v -0.039849 0.001000 -0.102663
v -0.039849 -0.001000 -0.102663
v -0.039856 0.001000 -0.103412
v -0.039856 -0.001000 -0.103412
v -0.040139 0.001000 -0.104106
v -0.040139 -0.001000 -0.104106
v -0.040709 0.001000 -0.104683
v -0.040709 -0.001000 -0.104683
v -0.041461 0.001000 -0.104987
v -0.041461 -0.001000 -0.104987
v -0.042210 0.001000 -0.104980
v -0.042210 -0.001000 -0.104980
v -0.043785 -0.001000 -0.103375
v -0.043482 -0.001000 -0.104127
v -0.043482 0.001000 -0.104127
v -0.042905 -0.001000 -0.104697
v -0.042210 -0.001000 -0.104980
v -0.042905 0.001000 -0.104697
v -0.042210 0.001000 -0.104980
v -0.033186 0.001000 -0.108197
v -0.032437 0.001000 -0.108204
v -0.033186 -0.001000 -0.108197
v -0.032437 -0.001000 -0.108204
v -0.031684 -0.001000 -0.107901
v -0.031684 0.001000 -0.107901
v -0.031114 -0.001000 -0.107324
v -0.031114 0.001000 -0.107324
v -0.030832 -0.001000 -0.106630
v -0.030832 0.001000 -0.106630
v -0.030825 -0.001000 -0.105880
v -0.031128 -0.001000 -0.105128
v -0.030825 0.001000 -0.105880
v -0.031128 0.001000 -0.105128
v -0.031705 0.001000 -0.104558
v -0.032400 0.001000 -0.104275
v -0.031705 -0.001000 -0.104558
v -0.032400 -0.001000 -0.104275
v -0.033149 -0.001000 -0.104268
v -0.033901 -0.001000 -0.104572
v -0.033149 0.001000 -0.104268
v -0.033901 0.001000 -0.104572
v -0.034471 0.001000 -0.105149
v -0.034754 0.001000 -0.105843
v -0.034471 -0.001000 -0.105149
v -0.034754 -0.001000 -0.105843
v -0.034761 -0.001000 -0.106592
v -0.034458 -0.001000 -0.107345
v -0.034761 0.001000 -0.106592
v -0.034458 0.001000 -0.107345
v -0.033880 0.001000 -0.107915
v -0.033880 -0.001000 -0.107915
v -0.033186 0.001000 -0.108197
v -0.033186 -0.001000 -0.108197
v -0.065015 0.001000 -0.092645
v -0.071280 0.001000 -0.087915
v -0.067144 0.000500 -0.091114
v -0.065015 -0.000000 -0.092645
v -0.067144 -0.000000 -0.091114
v -0.067144 -0.000500 -0.091114
v -0.065015 -0.001000 -0.092645
v -0.071280 -0.001000 -0.087915
v -0.069243 -0.000500 -0.089529
v -0.069243 -0.000000 -0.089529
v -0.077245 -0.001000 -0.082723
v -0.077245 0.001000 -0.082723
v -0.080099 -0.001000 -0.079963
v -0.080099 0.001000 -0.079963
v -0.082859 -0.001000 -0.077098
v -0.085520 -0.001000 -0.074135
v -0.082859 0.001000 -0.077098
v -0.085520 0.001000 -0.074135
v -0.088077 0.001000 -0.071078
v -0.090524 0.001000 -0.067933
v -0.088077 -0.001000 -0.071078
v -0.090524 -0.001000 -0.067933
v -0.092858 -0.001000 -0.064706
v -0.095075 -0.001000 -0.061403
v -0.092858 0.001000 -0.064706
v -0.095075 0.001000 -0.061403
v -0.097170 0.001000 -0.058030
v -0.100984 0.001000 -0.051103
v -0.097170 -0.001000 -0.058030
v -0.100984 -0.001000 -0.051103
v -0.102145 -0.000500 -0.048740
v -0.102145 -0.000000 -0.048740
v -0.104283 -0.001000 -0.043979
v -0.104283 -0.000000 -0.043979
v -0.103243 -0.000500 -0.046368
v -0.103243 -0.000000 -0.046368
v -0.103243 0.000500 -0.046368
v -0.102145 0.000500 -0.048740
v -0.104283 0.001000 -0.043979
v -0.069243 0.000500 -0.089529
v -0.100597 0.001000 -0.042425
v -0.101013 0.001000 -0.041802
v -0.100597 -0.000000 -0.042425
v -0.101013 -0.001000 -0.041802
v -0.100597 -0.001000 -0.042425
v -0.101686 -0.001000 -0.041350
v -0.101686 0.001000 -0.041350
v -0.102484 -0.001000 -0.041203
v -0.102484 0.001000 -0.041203
v -0.103217 -0.001000 -0.041360
v -0.103841 -0.001000 -0.041775
v -0.103217 0.001000 -0.041360
v -0.103841 0.001000 -0.041775
v -0.104292 0.001000 -0.042449
v -0.104292 -0.001000 -0.042449
v -0.104439 0.001000 -0.043247
v -0.104283 -0.000000 -0.043979
v -0.104283 0.001000 -0.043979
v -0.104439 -0.001000 -0.043247
v -0.104283 -0.001000 -0.043979
v -0.062717 0.001000 -0.089371
v -0.068761 0.001000 -0.084808
v -0.064758 0.000500 -0.087904
v -0.062717 -0.000000 -0.089371
v -0.064758 -0.000000 -0.087904
v -0.062717 -0.001000 -0.089371
v -0.066770 -0.000500 -0.086385
v -0.064758 -0.000500 -0.087904
v -0.068761 -0.001000 -0.084808
v -0.066770 -0.000000 -0.086385
v -0.074515 -0.001000 -0.079800
v -0.074515 0.001000 -0.079800
v -0.077268 -0.001000 -0.077137
v -0.077268 0.001000 -0.077137
v -0.079930 -0.001000 -0.074374
v -0.082497 -0.001000 -0.071515
v -0.079930 0.001000 -0.074374
v -0.082497 0.001000 -0.071515
v -0.084964 0.001000 -0.068567
v -0.087325 0.001000 -0.065533
v -0.084964 -0.001000 -0.068567
v -0.087325 -0.001000 -0.065533
v -0.089576 -0.001000 -0.062419
v -0.091714 -0.001000 -0.059233
v -0.089576 0.001000 -0.062419
v -0.091714 0.001000 -0.059233
v -0.093735 0.001000 -0.055979
v -0.093735 -0.001000 -0.055979
v -0.097415 0.001000 -0.049297
v -0.098521 -0.000000 -0.047047
v -0.098521 0.000500 -0.047047
v -0.099587 -0.000000 -0.044745
v -0.098521 -0.000500 -0.047047
v -0.097415 -0.001000 -0.049297
v -0.100597 -0.001000 -0.042425
v -0.099587 -0.000500 -0.044745
v -0.100597 -0.000000 -0.042425
v -0.100597 0.001000 -0.042425
v -0.099587 0.000500 -0.044745
v -0.066770 0.000500 -0.086385
v -0.062229 0.001000 -0.092157
v -0.061921 0.001000 -0.091474
v -0.062229 -0.001000 -0.092157
v -0.062767 0.001000 -0.092679
v -0.062767 -0.001000 -0.092679
v -0.063521 0.001000 -0.092978
v -0.064332 0.001000 -0.092953
v -0.063521 -0.001000 -0.092978
v -0.064332 -0.001000 -0.092953
v -0.065015 -0.001000 -0.092645
v -0.065015 -0.000000 -0.092645
v -0.065015 0.001000 -0.092645
v -0.061921 -0.001000 -0.091474
v -0.061896 -0.001000 -0.090663
v -0.061896 0.001000 -0.090663
v -0.062195 -0.001000 -0.089909
v -0.062195 0.001000 -0.089909
v -0.062717 -0.001000 -0.089371
v -0.062717 -0.000000 -0.089371
v -0.062717 0.001000 -0.089371
v -0.088137 0.001000 0.059187
v -0.085410 0.001000 0.063057
v -0.088137 -0.001000 0.059187
v -0.085410 -0.001000 0.063057
v -0.082461 -0.001000 0.066867
v -0.079289 -0.001000 0.070599
v -0.082461 0.001000 0.066867
v -0.079289 0.001000 0.070599
v -0.075894 0.001000 0.074236
v -0.072278 0.001000 0.077760
v -0.075894 -0.001000 0.074236
v -0.072278 -0.001000 0.077760
v -0.068446 -0.001000 0.081153
v -0.068446 0.001000 0.081153
v -0.064403 -0.001000 0.084396
v -0.064403 0.001000 0.084396
v -0.060158 -0.001000 0.087472
v -0.055720 -0.001000 0.090364
v -0.060158 0.001000 0.087472
v -0.055720 0.001000 0.090364
v -0.051101 0.001000 0.093053
v -0.046315 0.001000 0.095525
v -0.051101 -0.001000 0.093053
v -0.046315 -0.001000 0.095525
v -0.041377 -0.001000 0.097765
v -0.036303 -0.001000 0.099760
v -0.041377 0.001000 0.097765
v -0.036303 0.001000 0.099760
v -0.031113 0.001000 0.101498
v -0.025826 0.001000 0.102970
v -0.031113 -0.001000 0.101498
v -0.025826 -0.001000 0.102970
v -0.020463 -0.001000 0.104169
v -0.015045 -0.001000 0.105088
v -0.020463 0.001000 0.104169
v -0.015045 0.001000 0.105088
v -0.009595 0.001000 0.105725
v -0.004133 0.001000 0.106079
v -0.009595 -0.001000 0.105725
v -0.004133 -0.001000 0.106079
v 0.001318 -0.001000 0.106151
v 0.006737 -0.001000 0.105945
v 0.001318 0.001000 0.106151
v 0.006737 0.001000 0.105945
v 0.012103 0.001000 0.105467
v 0.017396 0.001000 0.104724
v 0.012103 -0.001000 0.105467
v 0.017396 -0.001000 0.104724
v 0.022598 -0.001000 0.103726
v 0.027691 -0.001000 0.102483
v 0.022598 0.001000 0.103726
v 0.027691 0.001000 0.102483
v 0.032660 0.001000 0.101010
v 0.037491 0.001000 0.099318
v 0.032660 -0.001000 0.101010
v 0.037491 -0.001000 0.099318
v 0.042171 -0.001000 0.097424
v 0.046689 -0.001000 0.095341
v 0.042171 0.001000 0.097424
v 0.046689 0.001000 0.095341
v 0.051037 0.001000 0.093086
v 0.055208 0.001000 0.090674
v 0.051037 -0.001000 0.093086
v 0.055208 -0.001000 0.090674
v 0.059196 -0.001000 0.088123
v 0.063066 -0.001000 0.085396
v 0.059196 0.001000 0.088123
v 0.063066 0.001000 0.085396
v 0.066876 0.001000 0.082447
v 0.070608 0.001000 0.079275
v 0.066876 -0.001000 0.082447
v 0.070608 -0.001000 0.079275
v 0.074245 -0.001000 0.075880
v 0.077769 -0.001000 0.072264
v 0.074245 0.001000 0.075880
v 0.077769 0.001000 0.072264
v 0.081162 0.001000 0.068432
v 0.084406 0.001000 0.064389
v 0.081162 -0.001000 0.068432
v 0.084406 -0.001000 0.064389
v 0.087482 -0.001000 0.060144
v 0.090373 -0.001000 0.055706
v 0.087482 0.001000 0.060144
v 0.090373 0.001000 0.055706
v 0.093063 0.001000 0.051087
v 0.095535 0.001000 0.046301
v 0.093063 -0.001000 0.051087
v 0.095535 -0.001000 0.046301
v 0.097775 -0.001000 0.041363
v 0.099770 -0.001000 0.036289
v 0.097775 0.001000 0.041363
v 0.099770 0.001000 0.036289
v 0.101508 0.001000 0.031099
v 0.102980 0.001000 0.025812
v 0.101508 -0.001000 0.031099
v 0.102980 -0.001000 0.025812
v 0.104178 -0.001000 0.020449
v 0.105097 -0.001000 0.015031
v 0.104178 0.001000 0.020449
v 0.105097 0.001000 0.015031
v 0.105734 0.001000 0.009580
v 0.106088 0.001000 0.004119
v 0.105734 -0.001000 0.009580
v 0.106088 -0.001000 0.004119
v 0.106160 -0.001000 -0.001333
v 0.105954 -0.001000 -0.006751
v 0.106160 0.001000 -0.001333
v 0.105954 0.001000 -0.006751
v 0.105476 0.001000 -0.012117
v 0.104733 0.001000 -0.017410
v 0.105476 -0.001000 -0.012117
v 0.104733 -0.001000 -0.017410
v 0.103735 -0.001000 -0.022612
v 0.102493 -0.001000 -0.027705
v 0.103735 0.001000 -0.022612
v 0.102493 0.001000 -0.027705
v 0.101019 0.001000 -0.032674
v 0.099328 0.001000 -0.037505
v 0.101019 -0.001000 -0.032674
v 0.099328 -0.001000 -0.037505
v 0.097433 -0.001000 -0.042185
v 0.095350 -0.001000 -0.046703
v 0.097433 0.001000 -0.042185
v 0.095350 0.001000 -0.046703
v 0.093095 0.001000 -0.051052
v 0.090684 0.001000 -0.055222
v 0.093095 -0.001000 -0.051052
v 0.090684 -0.001000 -0.055222
v 0.088132 -0.001000 -0.059210
v 0.085405 -0.001000 -0.063081
v 0.088132 0.001000 -0.059210
v 0.085405 0.001000 -0.063081
v 0.082456 0.001000 -0.066890
v 0.079284 0.001000 -0.070622
v 0.082456 -0.001000 -0.066890
v 0.079284 -0.001000 -0.070622
v 0.075889 -0.001000 -0.074259
v 0.072273 -0.001000 -0.077783
v 0.075889 0.001000 -0.074259
v 0.072273 0.001000 -0.077783
v 0.068441 0.001000 -0.081176
v 0.064399 0.001000 -0.084420
v 0.068441 -0.001000 -0.081176
v 0.064399 -0.001000 -0.084420
v 0.060153 -0.001000 -0.087496
v 0.060153 0.001000 -0.087496
v 0.055715 -0.001000 -0.090387
v 0.051097 -0.001000 -0.093077
v 0.055715 0.001000 -0.090387
v 0.051097 0.001000 -0.093077
v 0.046310 0.001000 -0.095549
v 0.041372 0.001000 -0.097789
v 0.046310 -0.001000 -0.095549
v 0.041372 -0.001000 -0.097789
v 0.036298 -0.001000 -0.099784
v 0.036298 0.001000 -0.099784
v 0.031108 -0.001000 -0.101522
v 0.031108 0.001000 -0.101522
v 0.025821 -0.001000 -0.102994
v 0.025821 0.001000 -0.102994
v 0.020458 -0.001000 -0.104192
v 0.020458 0.001000 -0.104192
v 0.015041 -0.001000 -0.105111
v 0.009590 -0.001000 -0.105748
v 0.015041 0.001000 -0.105111
v 0.009590 0.001000 -0.105748
v 0.004128 0.001000 -0.106102
v -0.001323 0.001000 -0.106174
v 0.004128 -0.001000 -0.106102
v -0.001323 -0.001000 -0.106174
v -0.006742 -0.001000 -0.105968
v -0.006742 0.001000 -0.105968
v -0.012108 -0.001000 -0.105490
v -0.012108 0.001000 -0.105490
v -0.017401 -0.001000 -0.104747
v -0.017401 0.001000 -0.104747
v -0.022603 -0.001000 -0.103749
v -0.022603 0.001000 -0.103749
v -0.027696 -0.001000 -0.102507
v -0.032665 -0.001000 -0.101033
v -0.027696 0.001000 -0.102507
v -0.032665 0.001000 -0.101033
v -0.037496 0.001000 -0.099342
v -0.042176 0.001000 -0.097447
v -0.037496 -0.001000 -0.099342
v -0.042176 -0.001000 -0.097447
v -0.046694 -0.001000 -0.095364
v -0.046694 0.001000 -0.095364
v -0.051042 -0.001000 -0.093109
v -0.051042 0.001000 -0.093109
v -0.055213 -0.001000 -0.090698
v -0.055213 0.001000 -0.090698
v -0.059201 -0.001000 -0.088146
v -0.063071 -0.001000 -0.085420
v -0.059201 0.001000 -0.088146
v -0.063071 0.001000 -0.085420
v -0.066881 0.001000 -0.082471
v -0.070613 0.001000 -0.079298
v -0.066881 -0.001000 -0.082471
v -0.070613 -0.001000 -0.079298
v -0.074250 -0.001000 -0.075903
v -0.077774 -0.001000 -0.072287
v -0.074250 0.001000 -0.075903
v -0.077774 0.001000 -0.072287
v -0.081167 0.001000 -0.068455
v -0.084410 0.001000 -0.064413
v -0.081167 -0.001000 -0.068455
v -0.084410 -0.001000 -0.064413
v -0.087487 -0.001000 -0.060168
v -0.087487 0.001000 -0.060168
v -0.090378 -0.001000 -0.055730
v -0.090378 0.001000 -0.055730
v -0.093067 -0.001000 -0.051111
v -0.095540 -0.001000 -0.046324
v -0.093067 0.001000 -0.051111
v -0.095540 0.001000 -0.046324
v -0.097780 0.001000 -0.041386
v -0.099774 0.001000 -0.036313
v -0.097780 -0.001000 -0.041386
v -0.099774 -0.001000 -0.036313
v -0.101513 -0.001000 -0.031123
v -0.101513 0.001000 -0.031123
v -0.102985 -0.001000 -0.025836
v -0.102985 0.001000 -0.025836
v -0.104183 -0.001000 -0.020473
v -0.104183 0.001000 -0.020473
v -0.105102 -0.001000 -0.015055
v -0.105102 0.001000 -0.015055
v -0.105739 -0.001000 -0.009604
v -0.106093 -0.001000 -0.004142
v -0.105739 0.001000 -0.009604
v -0.106093 0.001000 -0.004142
v -0.106165 0.001000 0.001309
v -0.105959 0.001000 0.006728
v -0.106165 -0.001000 0.001309
v -0.105959 -0.001000 0.006728
v -0.105481 -0.001000 0.012094
v -0.105481 0.001000 0.012094
v -0.104738 -0.001000 0.017387
v -0.104738 0.001000 0.017387
v -0.103740 -0.001000 0.022589
v -0.103740 0.001000 0.022589
v -0.102498 -0.001000 0.027682
v -0.102498 0.001000 0.027682
v -0.101024 -0.001000 0.032651
v -0.099332 -0.001000 0.037481
v -0.101024 0.001000 0.032651
v -0.099332 0.001000 0.037481
v -0.097438 0.001000 0.042161
v -0.095355 0.001000 0.046680
v -0.097438 -0.001000 0.042161
v -0.095355 -0.001000 0.046680
v -0.093100 -0.001000 0.051028
v -0.093100 0.001000 0.051028
v -0.090689 -0.001000 0.055199
v -0.090689 0.001000 0.055199
v -0.088137 -0.001000 0.059187
v -0.088137 0.001000 0.059187
v 0.002790 -0.001000 0.116125
v 0.008837 0.000000 0.115822
v 0.008837 -0.001000 0.115822
v 0.002790 0.001000 0.116125
v 0.008837 0.001000 0.115822
v 0.014818 0.001000 0.115210
v 0.014818 0.000000 0.115210
v 0.026717 0.001000 0.113044
v 0.026717 -0.001000 0.113044
v 0.038652 0.001000 0.109539
v 0.038652 -0.001000 0.109539
v 0.049826 0.001000 0.104930
v 0.060117 0.001000 0.099393
v 0.049826 -0.001000 0.104930
v 0.060117 -0.001000 0.099393
v 0.069809 -0.001000 0.092843
v 0.069809 0.001000 0.092843
v 0.078841 -0.001000 0.085307
v 0.078841 0.001000 0.085307
v 0.087330 -0.001000 0.076596
v 0.087330 0.001000 0.076596
v 0.094635 -0.001000 0.067362
v 0.094635 0.001000 0.067362
v 0.100973 -0.001000 0.057431
v 0.100973 0.001000 0.057431
v 0.106351 -0.001000 0.046727
v 0.106351 0.001000 0.046727
v 0.110641 -0.001000 0.035395
v 0.110641 0.001000 0.035395
v 0.113742 -0.001000 0.023606
v 0.113742 0.001000 0.023606
v 0.115591 0.000000 0.011550
v 0.115591 -0.001000 0.011550
v 0.116038 -0.001000 0.005484
v 0.116167 -0.001000 -0.000574
v 0.116038 0.000000 0.005484
v 0.116038 0.001000 0.005484
v 0.116167 0.001000 -0.000574
v 0.115591 0.001000 0.011550
v 0.014818 -0.001000 0.115210
v 0.000565 -0.001000 0.116157
v 0.000502 -0.001000 0.111941
v 0.000565 0.001000 0.116157
v 0.000502 0.001000 0.111941
v 0.000502 -0.001000 0.111941
v 0.002727 -0.001000 0.111908
v 0.000502 0.001000 0.111941
v 0.002727 0.001000 0.111908
v -0.096438 -0.001000 0.064763
v -0.093215 0.000000 0.069321
v -0.093215 -0.001000 0.069321
v -0.096438 0.001000 0.064763
v -0.093215 0.001000 0.069321
v -0.089709 0.001000 0.073801
v -0.089709 0.000000 0.073801
v -0.082075 0.001000 0.082206
v -0.082075 -0.001000 0.082206
v -0.073453 0.001000 0.089992
v -0.073453 -0.001000 0.089992
v -0.064568 0.001000 0.096564
v -0.064568 -0.001000 0.096564
v -0.054910 0.001000 0.102364
v -0.054910 -0.001000 0.102364
v -0.044582 0.001000 0.107265
v -0.044582 -0.001000 0.107265
v -0.033713 0.001000 0.111160
v -0.022454 0.001000 0.113969
v -0.033713 -0.001000 0.111160
v -0.022454 -0.001000 0.113969
v -0.010970 0.000000 0.115640
v -0.010970 -0.001000 0.115640
v -0.005198 -0.001000 0.116043
v 0.000565 -0.001000 0.116157
v -0.005198 0.000000 0.116043
v 0.000565 0.001000 0.116157
v -0.005198 0.001000 0.116043
v -0.010970 0.001000 0.115640
v -0.089709 -0.001000 0.073801
v 0.002727 -0.001000 0.111908
v 0.002790 -0.001000 0.116125
v 0.002727 0.001000 0.111908
v 0.002790 0.001000 0.116125
v 0.111552 -0.001000 -0.002730
v 0.111585 -0.001000 -0.000505
v 0.111552 0.001000 -0.002730
v 0.111585 0.001000 -0.000505
v 0.111552 -0.001000 -0.002730
v 0.116135 -0.001000 -0.002799
v 0.111552 0.001000 -0.002730
v 0.116135 0.001000 -0.002799
v 0.111585 -0.001000 -0.000505
v 0.116167 -0.001000 -0.000574
v 0.111585 0.001000 -0.000505
v 0.116167 0.001000 -0.000574
v -0.002850 -0.001000 -0.111929
v -0.002850 0.001000 -0.111929
v -0.002913 -0.001000 -0.116146
v -0.002913 0.001000 -0.116146
v -0.002850 -0.001000 -0.111929
v -0.000625 -0.001000 -0.111963
v -0.002850 0.001000 -0.111929
v -0.000625 0.001000 -0.111963
v 0.116135 -0.001000 -0.002799
v 0.115831 0.000000 -0.008850
v 0.115831 -0.001000 -0.008850
v 0.116135 0.001000 -0.002799
v 0.115831 0.001000 -0.008850
v 0.115218 0.001000 -0.014836
v 0.115218 0.000000 -0.014836
v 0.113051 0.001000 -0.026743
v 0.109541 0.001000 -0.038687
v 0.113051 -0.001000 -0.026743
v 0.115218 -0.001000 -0.014836
v 0.109541 -0.001000 -0.038687
v 0.104927 -0.001000 -0.049866
v 0.104927 0.001000 -0.049866
v 0.099383 -0.001000 -0.060162
v 0.099383 0.001000 -0.060162
v 0.092848 -0.001000 -0.069828
v 0.092848 0.001000 -0.069828
v 0.085280 -0.001000 -0.078895
v 0.085280 0.001000 -0.078895
v 0.076557 -0.001000 -0.087386
v 0.076557 0.001000 -0.087386
v 0.067313 -0.001000 -0.094691
v 0.067313 0.001000 -0.094691
v 0.057370 -0.001000 -0.101027
v 0.057370 0.001000 -0.101027
v 0.046654 -0.001000 -0.106401
v 0.046654 0.001000 -0.106401
v 0.035310 -0.001000 -0.110685
v 0.035310 0.001000 -0.110685
v 0.023509 -0.001000 -0.113778
v 0.023509 0.001000 -0.113778
v 0.011443 -0.000000 -0.115617
v 0.011443 -0.001000 -0.115617
v 0.005373 -0.001000 -0.116058
v 0.005373 -0.000000 -0.116058
v -0.000688 -0.001000 -0.116180
v -0.000688 0.001000 -0.116180
v 0.005373 0.001000 -0.116058
v 0.011443 0.001000 -0.115617
v -0.000625 -0.001000 -0.111963
v -0.000688 -0.001000 -0.116180
v -0.000625 0.001000 -0.111963
v -0.000688 0.001000 -0.116180
v -0.111588 -0.001000 0.000611
v -0.111588 0.001000 0.000611
v -0.111555 -0.001000 0.002836
v -0.111555 0.001000 0.002836
v -0.111588 -0.001000 0.000611
v -0.116171 -0.001000 0.000679
v -0.111588 0.001000 0.000611
v -0.116171 0.001000 0.000679
v -0.014941 -0.001000 -0.115218
v -0.014941 -0.000000 -0.115218
v -0.008961 -0.001000 -0.115836
v -0.026840 -0.001000 -0.113040
v -0.026840 0.001000 -0.113040
v -0.038771 -0.001000 -0.109522
v -0.038771 0.001000 -0.109522
v -0.049938 -0.001000 -0.104902
v -0.049938 0.001000 -0.104902
v -0.060221 -0.001000 -0.099356
v -0.060221 0.001000 -0.099356
v -0.069819 -0.001000 -0.092862
v -0.069819 0.001000 -0.092862
v -0.078935 -0.001000 -0.085248
v -0.078935 0.001000 -0.085248
v -0.087418 -0.001000 -0.076524
v -0.087418 0.001000 -0.076524
v -0.094711 -0.001000 -0.067286
v -0.094711 0.001000 -0.067286
v -0.101039 -0.001000 -0.057345
v -0.101039 0.001000 -0.057345
v -0.106407 -0.001000 -0.046634
v -0.106407 0.001000 -0.046634
v -0.110685 -0.001000 -0.035296
v -0.110685 0.001000 -0.035296
v -0.113773 -0.001000 -0.023503
v -0.113773 0.001000 -0.023503
v -0.115609 0.000000 -0.011444
v -0.115609 -0.001000 -0.011444
v -0.116049 -0.001000 -0.005378
v -0.116171 -0.001000 0.000679
v -0.116049 0.000000 -0.005378
v -0.116049 0.001000 -0.005378
v -0.116171 0.001000 0.000679
v -0.115609 0.001000 -0.011444
v -0.014941 0.001000 -0.115218
v -0.008961 0.001000 -0.115836
v -0.002913 0.001000 -0.116146
v -0.008961 -0.000000 -0.115836
v -0.002913 -0.001000 -0.116146
v -0.115339 -0.001000 0.013887
v -0.115339 0.000000 0.013887
v -0.115866 -0.001000 0.008422
v -0.113519 -0.001000 0.024676
v -0.113519 0.001000 0.024676
v -0.110548 -0.001000 0.035698
v -0.110548 0.001000 0.035698
v -0.106623 -0.001000 0.046115
v -0.106623 0.001000 0.046115
v -0.101873 0.000000 0.055827
v -0.101873 -0.001000 0.055827
v -0.099232 -0.001000 0.060395
v -0.096438 -0.001000 0.064763
v -0.099232 0.000000 0.060395
v -0.096438 0.001000 0.064763
v -0.099232 0.001000 0.060395
v -0.101873 0.001000 0.055827
v -0.115339 0.001000 0.013887
v -0.115866 0.001000 0.008422
v -0.115866 0.000000 0.008422
v -0.116136 0.001000 0.002904
v -0.116136 -0.001000 0.002904
v -0.111555 -0.001000 0.002836
v -0.111555 0.001000 0.002836
v -0.116136 -0.001000 0.002904
v -0.116136 0.001000 0.002904
v -0.111588 -0.001000 0.000611
v -0.116171 -0.001000 0.000679
v -0.111466 -0.001000 -0.007743
v -0.109994 -0.001000 -0.007765
v -0.110728 -0.001000 -0.007613
v -0.109322 -0.001000 -0.008220
v -0.108887 -0.001000 -0.008905
v -0.108572 -0.001000 0.012137
v -0.111555 -0.001000 0.002836
v -0.116136 -0.001000 0.002904
v -0.111184 -0.001000 0.011053
v -0.110450 -0.001000 0.010901
v -0.109712 -0.001000 0.011031
v -0.109028 -0.001000 0.011466
v -0.111856 -0.001000 0.011508
v -0.112291 -0.001000 0.012193
v -0.112420 -0.001000 0.012931
v -0.112269 -0.001000 0.013665
v -0.110769 -0.001000 0.021652
v -0.110898 -0.001000 0.022390
v -0.111813 -0.001000 0.014336
v -0.111129 -0.001000 0.014771
v -0.110334 -0.001000 0.020967
v -0.109663 -0.001000 0.020512
v -0.110391 -0.001000 0.014901
v -0.108929 -0.001000 0.020360
v -0.109657 -0.001000 0.014749
v -0.108190 -0.001000 0.020490
v -0.108985 -0.001000 0.014294
v -0.107506 -0.001000 0.020925
v -0.108550 -0.001000 0.013609
v -0.103740 -0.001000 0.022589
v -0.107050 -0.001000 0.021596
v -0.106899 -0.001000 0.022330
v -0.107028 -0.001000 0.023068
v -0.107463 -0.001000 0.023753
v -0.108135 -0.001000 0.024208
v -0.105603 -0.001000 0.030635
v -0.106341 -0.001000 0.030505
v -0.107075 -0.001000 0.030657
v -0.107746 -0.001000 0.031112
v -0.108869 -0.001000 0.024360
v -0.109607 -0.001000 0.024230
v -0.110292 -0.001000 0.023795
v -0.108182 -0.001000 0.031797
v -0.110323 -0.001000 0.036389
v -0.108311 -0.001000 0.032535
v -0.108159 -0.001000 0.033269
v -0.107704 -0.001000 0.033940
v -0.107019 -0.001000 0.034376
v -0.106281 -0.001000 0.034505
v -0.101933 -0.001000 0.044408
v -0.102544 -0.001000 0.044841
v -0.105547 -0.001000 0.034354
v -0.104876 -0.001000 0.033898
v -0.101205 -0.001000 0.044229
v -0.100403 -0.001000 0.044352
v -0.099716 -0.001000 0.044783
v -0.104441 -0.001000 0.033213
v -0.104311 -0.001000 0.032475
v -0.099282 -0.001000 0.045395
v -0.104463 -0.001000 0.031741
v -0.104918 -0.001000 0.031070
v -0.088137 -0.001000 0.059187
v -0.082874 -0.001000 0.071056
v -0.060158 -0.001000 0.087472
v -0.060014 -0.001000 0.091185
v -0.059476 -0.001000 0.091707
v -0.059154 -0.001000 0.092452
v -0.048762 -0.001000 0.098140
v -0.048012 -0.001000 0.098125
v -0.049504 -0.001000 0.098466
v -0.050057 -0.001000 0.099060
v -0.059155 -0.001000 0.093263
v -0.059442 -0.001000 0.093955
v -0.059964 -0.001000 0.094493
v -0.056293 -0.001000 0.101610
v -0.060709 -0.001000 0.094815
v -0.061520 -0.001000 0.094814
v -0.062213 -0.001000 0.094526
v -0.050318 -0.001000 0.099762
v -0.049978 -0.001000 0.101255
v -0.050303 -0.001000 0.100512
v -0.085910 -0.001000 0.073660
v -0.096438 -0.001000 0.064763
v -0.049383 -0.001000 0.101807
v -0.048681 -0.001000 0.102069
v -0.039854 -0.001000 0.105816
v -0.040345 -0.001000 0.105359
v -0.040671 -0.001000 0.104616
v -0.047932 -0.001000 0.102053
v -0.047189 -0.001000 0.101728
v -0.040686 -0.001000 0.103866
v -0.046636 -0.001000 0.101134
v -0.046375 -0.001000 0.100431
v -0.040425 -0.001000 0.103164
v -0.039872 -0.001000 0.102570
v -0.039129 -0.001000 0.102244
v -0.046390 -0.001000 0.099682
v -0.046716 -0.001000 0.098939
v -0.047310 -0.001000 0.098387
v -0.038380 -0.001000 0.102229
v -0.037678 -0.001000 0.102491
v -0.020463 -0.001000 0.104169
v 0.000502 -0.001000 0.111941
v -0.028561 -0.001000 0.105437
v -0.029264 -0.001000 0.105175
v -0.027642 -0.001000 0.106732
v -0.027967 -0.001000 0.105989
v -0.027626 -0.001000 0.107481
v -0.027888 -0.001000 0.108184
v -0.028409 -0.001000 0.108744
v 0.000565 -0.001000 0.116157
v 0.022598 -0.001000 0.103726
v 0.002790 -0.001000 0.116125
v 0.002727 -0.001000 0.111908
v 0.041419 -0.001000 0.101034
v 0.059196 -0.001000 0.088123
v 0.040725 -0.001000 0.101317
v 0.030820 -0.001000 0.105857
v 0.031123 -0.001000 0.105104
v 0.031700 -0.001000 0.104534
v 0.030827 -0.001000 0.106606
v 0.031110 -0.001000 0.107300
v 0.032395 -0.001000 0.104252
v 0.031680 -0.001000 0.107878
v 0.036343 -0.001000 0.110327
v 0.032432 -0.001000 0.108181
v 0.033181 -0.001000 0.108174
v 0.033876 -0.001000 0.107891
v 0.034453 -0.001000 0.107321
v 0.034756 -0.001000 0.106569
v 0.040704 -0.001000 0.104660
v 0.040134 -0.001000 0.104083
v 0.034749 -0.001000 0.105820
v 0.039851 -0.001000 0.103389
v 0.034466 -0.001000 0.105125
v 0.033897 -0.001000 0.104548
v 0.039844 -0.001000 0.102639
v 0.040148 -0.001000 0.101887
v 0.033144 -0.001000 0.104245
v 0.041456 -0.001000 0.104963
v 0.042206 -0.001000 0.104956
v 0.042900 -0.001000 0.104674
v 0.051710 -0.001000 0.100566
v 0.043477 -0.001000 0.104104
v 0.050961 -0.001000 0.100573
v 0.043780 -0.001000 0.103351
v 0.050209 -0.001000 0.100269
v 0.043773 -0.001000 0.102602
v 0.049639 -0.001000 0.099692
v 0.043491 -0.001000 0.101908
v 0.049356 -0.001000 0.098998
v 0.042921 -0.001000 0.101331
v 0.049349 -0.001000 0.098249
v 0.042168 -0.001000 0.101027
v 0.049652 -0.001000 0.097496
v 0.050230 -0.001000 0.096926
v 0.050924 -0.001000 0.096644
v 0.051673 -0.001000 0.096637
v 0.052425 -0.001000 0.096940
v 0.052996 -0.001000 0.097517
v 0.061916 -0.001000 0.091450
v 0.061891 -0.001000 0.090640
v 0.062224 -0.001000 0.092134
v 0.053278 -0.001000 0.098211
v 0.062762 -0.001000 0.092656
v 0.064772 -0.001000 0.096424
v 0.063516 -0.001000 0.092955
v 0.064327 -0.001000 0.092930
v 0.065010 -0.001000 0.092622
v 0.087970 -0.001000 0.071150
v 0.053285 -0.001000 0.098961
v 0.052982 -0.001000 0.099713
v 0.052405 -0.001000 0.100283
v 0.062190 -0.001000 0.089885
v 0.062712 -0.001000 0.089348
v 0.084959 -0.001000 0.068543
v 0.087482 -0.001000 0.060144
v 0.100592 -0.001000 0.042402
v 0.101008 -0.001000 0.041778
v 0.104178 -0.001000 0.020449
v 0.108904 -0.001000 0.010354
v 0.108753 -0.001000 0.009620
v 0.108882 -0.001000 0.008881
v 0.107515 -0.001000 0.019120
v 0.107644 -0.001000 0.018382
v 0.108122 -0.001000 0.020525
v 0.107666 -0.001000 0.019854
v 0.108080 -0.001000 0.017697
v 0.107202 -0.001000 0.027308
v 0.103735 -0.001000 -0.022612
v 0.105232 -0.001000 0.029338
v 0.105362 -0.001000 0.028600
v 0.106468 -0.001000 0.027460
v 0.105797 -0.001000 0.027915
v 0.105384 -0.001000 0.030072
v 0.105839 -0.001000 0.030743
v 0.101681 -0.001000 0.041327
v 0.102479 -0.001000 0.041180
v 0.103212 -0.001000 0.041336
v 0.106524 -0.001000 0.031178
v 0.107262 -0.001000 0.031308
v 0.107996 -0.001000 0.031156
v 0.103836 -0.001000 0.041752
v 0.104288 -0.001000 0.042425
v 0.104435 -0.001000 0.043223
v 0.108058 -0.001000 0.031114
v 0.104278 -0.001000 0.043956
v 0.101618 -0.001000 0.056281
v 0.088099 -0.001000 0.071010
v 0.099277 -0.001000 -0.045418
v 0.088132 -0.001000 -0.059210
v 0.104306 -0.001000 -0.032499
v 0.104458 -0.001000 -0.031765
v 0.105598 -0.001000 -0.030658
v 0.104913 -0.001000 -0.031093
v 0.106894 -0.001000 -0.022353
v 0.107023 -0.001000 -0.023092
v 0.107459 -0.001000 -0.023776
v 0.107046 -0.001000 -0.021619
v 0.107501 -0.001000 -0.020948
v 0.108545 -0.001000 -0.013633
v 0.108567 -0.001000 -0.012160
v 0.108416 -0.001000 -0.012894
v 0.109023 -0.001000 -0.011489
v 0.111552 -0.001000 -0.002730
v 0.116135 -0.001000 -0.002799
v 0.109707 -0.001000 -0.011054
v 0.111179 -0.001000 -0.011076
v 0.110446 -0.001000 -0.010925
v 0.111585 -0.001000 -0.000505
v 0.109318 -0.001000 0.008197
v 0.109989 -0.001000 0.007741
v 0.111461 -0.001000 0.007719
v 0.110723 -0.001000 0.007590
v 0.116167 -0.001000 -0.000574
v 0.112146 -0.001000 0.008154
v 0.112752 -0.001000 0.009560
v 0.112601 -0.001000 0.008826
v 0.112623 -0.001000 0.010298
v 0.111339 -0.001000 0.018291
v 0.112188 -0.001000 0.010983
v 0.110908 -0.001000 0.017655
v 0.111517 -0.001000 0.011438
v 0.110223 -0.001000 0.017220
v 0.109485 -0.001000 0.017090
v 0.110783 -0.001000 0.011589
v 0.110044 -0.001000 0.011460
v 0.109360 -0.001000 0.011025
v 0.108751 -0.001000 0.017242
v 0.111851 -0.001000 -0.011532
v 0.112286 -0.001000 -0.012216
v 0.112415 -0.001000 -0.012954
v 0.112264 -0.001000 -0.013688
v 0.110764 -0.001000 -0.021675
v 0.111808 -0.001000 -0.014360
v 0.110894 -0.001000 -0.022413
v 0.110742 -0.001000 -0.023147
v 0.110337 -0.001000 -0.036355
v 0.096433 -0.001000 -0.064786
v 0.102915 -0.001000 -0.047082
v 0.103093 -0.001000 -0.046354
v 0.102970 -0.001000 -0.045552
v 0.102539 -0.001000 -0.044865
v 0.106276 -0.001000 -0.034528
v 0.107014 -0.001000 -0.034399
v 0.107699 -0.001000 -0.033964
v 0.108306 -0.001000 -0.032559
v 0.108155 -0.001000 -0.033292
v 0.108177 -0.001000 -0.031820
v 0.110287 -0.001000 -0.023819
v 0.109602 -0.001000 -0.024254
v 0.107741 -0.001000 -0.031136
v 0.108864 -0.001000 -0.024383
v 0.107070 -0.001000 -0.030680
v 0.108130 -0.001000 -0.024232
v 0.106336 -0.001000 -0.030529
v 0.101928 -0.001000 -0.044431
v 0.105542 -0.001000 -0.034377
v 0.101200 -0.001000 -0.044252
v 0.104871 -0.001000 -0.033921
v 0.104436 -0.001000 -0.033237
v 0.100398 -0.001000 -0.044375
v 0.099711 -0.001000 -0.044807
v 0.085905 -0.001000 -0.073683
v 0.056237 -0.001000 -0.101661
v 0.062208 -0.001000 -0.094550
v 0.061516 -0.001000 -0.094837
v 0.060704 -0.001000 -0.094838
v 0.059960 -0.001000 -0.094516
v 0.059438 -0.001000 -0.093979
v 0.050052 -0.001000 -0.099083
v 0.059150 -0.001000 -0.093286
v 0.049500 -0.001000 -0.098489
v 0.059149 -0.001000 -0.092475
v 0.048757 -0.001000 -0.098164
v 0.059471 -0.001000 -0.091730
v 0.060009 -0.001000 -0.091208
v 0.060153 -0.001000 -0.087496
v 0.038375 -0.001000 -0.102252
v 0.020458 -0.001000 -0.104192
v 0.048007 -0.001000 -0.098148
v 0.047305 -0.001000 -0.098410
v 0.082869 -0.001000 -0.071079
v 0.046711 -0.001000 -0.098962
v 0.039125 -0.001000 -0.102268
v 0.046385 -0.001000 -0.099705
v 0.039868 -0.001000 -0.102593
v 0.046370 -0.001000 -0.100455
v 0.046632 -0.001000 -0.101157
v 0.040420 -0.001000 -0.103187
v 0.040682 -0.001000 -0.103890
v 0.047184 -0.001000 -0.101751
v 0.040666 -0.001000 -0.104639
v 0.047927 -0.001000 -0.102077
v 0.040340 -0.001000 -0.105382
v 0.048676 -0.001000 -0.102092
v 0.039846 -0.001000 -0.105842
v 0.049379 -0.001000 -0.101830
v 0.049973 -0.001000 -0.101278
v 0.050298 -0.001000 -0.100535
v 0.050314 -0.001000 -0.099786
v 0.028399 -0.001000 -0.108762
v -0.022603 -0.001000 -0.103749
v 0.027883 -0.001000 -0.108207
v 0.027637 -0.001000 -0.106756
v 0.027622 -0.001000 -0.107505
v 0.028556 -0.001000 -0.105460
v 0.027963 -0.001000 -0.106013
v 0.029259 -0.001000 -0.105199
v 0.037673 -0.001000 -0.102514
v -0.000625 -0.001000 -0.111963
v -0.000688 -0.001000 -0.116180
v -0.002850 -0.001000 -0.111929
v -0.002913 -0.001000 -0.116146
v -0.036401 -0.001000 -0.110333
v -0.031684 -0.001000 -0.107901
v -0.031114 -0.001000 -0.107324
v -0.032437 -0.001000 -0.108204
v -0.033186 -0.001000 -0.108197
v -0.033880 -0.001000 -0.107915
v -0.034458 -0.001000 -0.107345
v -0.034761 -0.001000 -0.106592
v -0.040139 -0.001000 -0.104106
v -0.040709 -0.001000 -0.104683
v -0.034754 -0.001000 -0.105843
v -0.034471 -0.001000 -0.105149
v -0.039856 -0.001000 -0.103412
v -0.039849 -0.001000 -0.102663
v -0.040152 -0.001000 -0.101910
v -0.033901 -0.001000 -0.104572
v -0.033149 -0.001000 -0.104268
v -0.032400 -0.001000 -0.104275
v -0.040730 -0.001000 -0.101340
v -0.041424 -0.001000 -0.101058
v -0.042173 -0.001000 -0.101051
v -0.049657 -0.001000 -0.097520
v -0.050234 -0.001000 -0.096950
v -0.059201 -0.001000 -0.088146
v -0.062717 -0.001000 -0.089371
v -0.084964 -0.001000 -0.068567
v -0.061921 -0.001000 -0.091474
v -0.061896 -0.001000 -0.090663
v -0.062195 -0.001000 -0.089909
v -0.052430 -0.001000 -0.096963
v -0.050929 -0.001000 -0.096667
v -0.051678 -0.001000 -0.096660
v -0.087487 -0.001000 -0.060168
v -0.100597 -0.001000 -0.042425
v -0.104183 -0.001000 -0.020473
v -0.106473 -0.001000 -0.027483
v -0.107207 -0.001000 -0.027332
v -0.105802 -0.001000 -0.027939
v -0.101013 -0.001000 -0.041802
v -0.105237 -0.001000 -0.029361
v -0.105367 -0.001000 -0.028623
v -0.107520 -0.001000 -0.019143
v -0.107671 -0.001000 -0.019877
v -0.108127 -0.001000 -0.020549
v -0.107649 -0.001000 -0.018405
v -0.108084 -0.001000 -0.017720
v -0.108909 -0.001000 -0.010377
v -0.108758 -0.001000 -0.009643
v -0.109365 -0.001000 -0.011048
v -0.108756 -0.001000 -0.017265
v -0.110049 -0.001000 -0.011483
v -0.109490 -0.001000 -0.017114
v -0.110787 -0.001000 -0.011613
v -0.111521 -0.001000 -0.011461
v -0.110228 -0.001000 -0.017243
v -0.110912 -0.001000 -0.017678
v -0.112193 -0.001000 -0.011006
v -0.111332 -0.001000 -0.018296
v -0.112628 -0.001000 -0.010321
v -0.112757 -0.001000 -0.009583
v -0.112606 -0.001000 -0.008849
v -0.112150 -0.001000 -0.008178
v -0.108811 -0.001000 -0.020984
v -0.107945 -0.001000 -0.027461
v -0.109550 -0.001000 -0.021113
v -0.110284 -0.001000 -0.020962
v -0.108630 -0.001000 -0.027896
v -0.108814 -0.001000 -0.028168
v -0.110729 -0.001000 -0.020659
v -0.105389 -0.001000 -0.030095
v -0.105844 -0.001000 -0.030767
v -0.101686 -0.001000 -0.041350
v -0.102484 -0.001000 -0.041203
v -0.103217 -0.001000 -0.041360
v -0.106529 -0.001000 -0.031202
v -0.107267 -0.001000 -0.031331
v -0.108001 -0.001000 -0.031180
v -0.103841 -0.001000 -0.041775
v -0.104292 -0.001000 -0.042449
v -0.104439 -0.001000 -0.043247
v -0.108056 -0.001000 -0.031142
v -0.101653 -0.001000 -0.056249
v -0.104283 -0.001000 -0.043979
v -0.088128 -0.001000 -0.070993
v -0.053000 -0.001000 -0.097541
v -0.053283 -0.001000 -0.098235
v -0.062229 -0.001000 -0.092157
v -0.062767 -0.001000 -0.092679
v -0.063521 -0.001000 -0.092978
v -0.064777 -0.001000 -0.096447
v -0.064332 -0.001000 -0.092953
v -0.065015 -0.001000 -0.092645
v -0.053290 -0.001000 -0.098984
v -0.052987 -0.001000 -0.099737
v -0.052409 -0.001000 -0.100307
v -0.087886 -0.001000 -0.071257
v -0.051715 -0.001000 -0.100589
v -0.043482 -0.001000 -0.104127
v -0.050966 -0.001000 -0.100596
v -0.042905 -0.001000 -0.104697
v -0.042210 -0.001000 -0.104980
v -0.041461 -0.001000 -0.104987
v -0.043785 -0.001000 -0.103375
v -0.050214 -0.001000 -0.100293
v -0.043778 -0.001000 -0.102625
v -0.049643 -0.001000 -0.099716
v -0.049361 -0.001000 -0.099021
v -0.043496 -0.001000 -0.101931
v -0.042925 -0.001000 -0.101354
v -0.049354 -0.001000 -0.098272
v -0.031705 -0.001000 -0.104558
v -0.031128 -0.001000 -0.105128
v -0.030825 -0.001000 -0.105880
v -0.030832 -0.001000 -0.106630
v 0.030008 -0.001000 -0.105214
v 0.037079 -0.001000 -0.103066
v 0.030751 -0.001000 -0.105540
v 0.036753 -0.001000 -0.103809
v 0.036738 -0.001000 -0.104559
v 0.031304 -0.001000 -0.106134
v 0.031565 -0.001000 -0.106836
v 0.037000 -0.001000 -0.105261
v 0.031550 -0.001000 -0.107585
v 0.037552 -0.001000 -0.105855
v 0.031366 -0.001000 -0.108005
v 0.038501 -0.001000 -0.106185
v 0.038295 -0.001000 -0.106181
v 0.110329 -0.001000 -0.020991
v 0.111124 -0.001000 -0.014795
v 0.109658 -0.001000 -0.020535
v 0.110386 -0.001000 -0.014924
v 0.108924 -0.001000 -0.020384
v 0.109652 -0.001000 -0.014773
v 0.108186 -0.001000 -0.020513
v 0.108980 -0.001000 -0.014317
v 0.107940 -0.001000 0.027438
v 0.108806 -0.001000 0.020960
v 0.109545 -0.001000 0.021090
v 0.110279 -0.001000 0.020938
v 0.108625 -0.001000 0.027873
v 0.108815 -0.001000 0.028154
v 0.110742 -0.001000 0.020624
v -0.030013 -0.001000 0.105190
v -0.037084 -0.001000 0.103043
v -0.030756 -0.001000 0.105516
v -0.036758 -0.001000 0.103786
v -0.031308 -0.001000 0.106110
v -0.036743 -0.001000 0.104535
v -0.031570 -0.001000 0.106813
v -0.037004 -0.001000 0.105238
v -0.031555 -0.001000 0.107562
v -0.037557 -0.001000 0.105832
v -0.031368 -0.001000 0.107987
v -0.038503 -0.001000 0.106161
v -0.038300 -0.001000 0.106157
v -0.102920 -0.001000 0.047058
v -0.103098 -0.001000 0.046330
v -0.102975 -0.001000 0.045529
v -0.110747 -0.001000 0.023124
v -0.108421 -0.001000 0.012871
vn 0.000000 1.000000 0.000000
vn 0.000000 1.000000 0.000000
vn 0.000000 1.000000 0.000000
vn 0.000000 1.000000 0.000000
vn 0.000000 1.000000 0.000000
vn 0.000000 1.000000 0.000000
vn 0.000000 1.000000 0.000000
vn 0.000000 1.000000 0.000000
vn 0.000000 1.000000 0.000000
vn 0.000000 1.000000 0.000000
vn 0.000000 1.000000 0.000000
vn 0.000000 1.000000 0.000000
vn 0.000000 1.000000 0.000000
vn 0.000000 1.000000 0.000000
vn 0.000000 1.000000 0.000000
vn 0.000000 1.000000 0.000000
vn 0.000000 1.000000 0.000000
vn 0.000000 1.000000 0.000000
vn 0.000000 1.000000 0.000000
vn 0.000000 1.000000 0.000000
vn 0.000000 1.000000 0.000000
vn 0.000000 1.000000 0.000000
vn 0.000000 1.000000 0.000000
vn 0.000000 1.000000 0.000000
vn 0.000000 1.000000 0.000000
vn 0.000000 1.000000 0.000000
vn 0.000000 1.000000 0.000000
vn 0.000000 1.000000 0.000000
vn 0.000000 1.000000 0.000000
vn 0.000000 1.000000 0.000000
vn 0.000000 1.000000 0.000000
vn 0.000000 1.000000 0.000000
vn 0.000000 1.000000 0.000000
vn 0.000000 1.000000 0.000000
vn 0.000000 1.000000 0.000000
vn 0.000000 1.000000 0.000000
vn 0.000000 1.000000 0.000000
vn 0.000000 1.000000 0.000000
vn 0.000000 1.000000 0.000000
vn 0.000000 1.000000 0.000000
vn 0.000000 1.000000 0.000000
vn 0.000000 1.000000 0.000000
vn 0.000000 1.000000 0.000000
vn 0.000000 1.000000 0.000000
vn 0.000000 1.000000 0.000000
vn 0.000000 1.000000 0.000000
vn 0.000000 1.000000 0.000000
vn 0.000000 1.000000 0.000000
vn 0.000000 1.000000 0.000000
vn 0.000000 1.000000 0.000000
vn 0.000000 1.000000 0.000000
vn 0.000000 1.000000 0.000000
vn 0.000000 1.000000 0.000000
vn 0.000000 1.000000 0.000000
vn 0.000000 1.000000 0.000000
vn 0.000000 1.000000 0.000000
vn 0.000000 1.000000 0.000000
vn 0.000000 1.000000 0.000000
vn 0.000000 1.000000 0.000000
vn 0.000000 1.000000 0.000000
vn 0.000000 1.000000 0.000000
vn 0.000000 1.000000 0.000000
vn 0.000000 1.000000 0.000000
vn 0.000000 1.000000 0.000000
vn 0.000000 1.000000 0.000000
vn 0.000000 1.000000 0.000000
vn 0.000000 1.000000 0.000000
vn 0.000000 1.000000 0.000000
vn 0.000000 1.000000 0.000000
vn 0.000000 1.000000 0.000000
vn 0.000000 1.000000 0.000000
vn 0.000000 1.000000 0.000000
vn 0.000000 1.000000 0.000000
vn 0.000000 1.000000 0.000000
vn 0.000000 1.000000 0.000000
vn 0.000000 1.000000 0.000000
vn 0.000000 1.000000 0.000000
vn 0.000000 1.000000 0.000000
vn 0.000000 1.000000 0.000000
vn 0.000000 1.000000 0.000000
vn 0.000000 1.000000 0.000000
vn 0.000000 1.000000 0.000000
vn 0.000000 1.000000 0.000000
vn 0.000000 1.000000 0.000000
vn 0.000000 1.000000 0.000000
vn 0.000000 1.000000 0.000000
vn 0.000000 1.000000 0.000000
vn 0.000000 1.000000 0.000000
vn 0.000000 1.000000 0.000000
vn 0.000000 1.000000 0.000000
vn 0.000000 1.000000 0.000000
vn 0.000000 1.000000 0.000000
vn 0.000000 1.000000 0.000000
vn 0.000000 1.000000 0.000000
vn 0.000000 1.000000 0.000000
vn 0.000000 1.000000 0.000000
vn 0.000000 1.000000 0.000000
vn 0.000000 1.000000 0.000000
vn 0.000000 1.000000 0.000000
vn 0.000000 1.000000 0.000000
vn 0.000000 1.000000 0.000000
vn 0.000000 1.000000 0.000000
vn 0.000000 1.000000 0.000000
vn 0.000000 1.000000 0.000000
vn 0.000000 1.000000 0.000000
vn 0.000000 1.000000 0.000000
vn 0.000000 1.000000 0.000000
vn 0.000000 1.000000 0.000000
vn 0.000000 1.000000 0.000000
vn 0.000000 1.000000 0.000000
vn 0.000000 1.000000 0.000000
vn 0.000000 1.000000 0.000000
vn 0.000000 1.000000 0.000000
vn 0.000000 1.000000 0.000000
vn 0.000000 1.000000 0.000000
vn 0.000000 1.000000 0.000000
vn 0.000000 1.000000 0.000000
vn 0.000000 1.000000 0.000000
vn 0.000000 1.000000 0.000000
vn 0.000000 1.000000 0.000000
vn 0.000000 1.000000 0.000000
vn 0.000000 1.000000 0.000000
vn 0.000000 1.000000 0.000000
vn 0.000000 1.000000 0.000000
vn 0.000000 1.000000 0.000000
vn 0.000000 1.000000 0.000000
vn 0.000000 1.000000 0.000000
vn 0.000000 1.000000 0.000000
vn 0.000000 1.000000 0.000000
vn 0.000000 1.000000 0.000000
vn 0.000000 1.000000 0.000000
vn 0.000000 1.000000 0.000000
vn 0.000000 1.000000 0.000300
vn 0.000000 1.000000 0.000300
vn 0.000000 1.000000 0.000000
vn 0.000000 1.000000 0.000000
vn 0.000000 1.000000 0.000000
vn 0.000000 1.000000 0.000000
vn 0.000000 1.000000 0.000000
vn 0.000000 1.000000 0.000000
vn 0.000000 1.000000 0.000000
vn 0.000000 1.000000 0.000000
vn 0.000000 1.000000 0.000000
vn 0.000000 1.000000 0.000000
vn 0.000000 1.000000 0.000000
vn 0.000000 1.000000 0.000000
vn 0.000000 1.000000 0.000000
vn 0.000000 1.000000 0.000000
vn 0.000000 1.000000 0.000000
vn 0.000000 1.000000 0.000000
vn 0.000000 1.000000 0.000000
vn 0.000000 1.000000 0.000000
vn 0.000000 1.000000 0.000000
vn 0.000000 1.000000 0.000000
vn 0.000000 1.000000 0.000000
vn 0.000000 1.000000 0.000000
vn 0.000000 1.000000 0.000000
vn 0.000000 1.000000 0.000000
vn 0.000000 1.000000 0.000000
vn 0.000000 1.000000 0.000000
vn 0.000000 1.000000 0.000000
vn 0.000000 1.000000 0.000000
vn 0.000000 1.000000 0.000000
vn 0.000000 1.000000 0.000000
vn 0.000000 1.000000 0.000000
vn 0.000000 1.000000 0.000000
vn 0.000000 1.000000 0.000000
vn 0.000000 1.000000 0.000000
vn 0.000000 1.000000 0.000000
vn 0.000000 1.000000 0.000000
vn 0.000000 1.000000 0.000000
vn 0.000000 1.000000 0.000000
vn 0.000000 1.000000 0.000000
vn 0.000000 1.000000 0.000000
vn 0.000000 1.000000 0.000000
vn 0.000000 1.000000 0.000000
vn 0.000000 1.000000 0.000000
vn 0.000000 1.000000 0.000000
vn 0.000000 1.000000 0.000000
vn 0.000000 1.000000 0.000000
vn 0.000000 1.000000 0.000000
vn 0.000000 1.000000 0.000000
vn 0.000000 1.000000 0.000000
vn 0.000000 1.000000 0.000000
vn 0.000000 1.000000 0.000000
vn 0.000000 1.000000 0.000000
vn 0.000000 1.000000 0.000000
vn 0.000000 1.000000 0.000000
vn 0.000000 1.000000 0.000000
vn 0.000000 1.000000 0.000000
vn 0.000000 1.000000 0.000000
vn 0.000000 1.000000 0.000000
vn 0.000000 1.000000 0.000000
vn 0.000000 1.000000 0.000000
vn 0.000000 1.000000 0.000000
vn 0.000000 1.000000 0.000000
vn 0.000000 1.000000 0.000000
vn 0.000000 1.000000 0.000000
vn 0.000000 1.000000 0.000000
vn 0.000000 1.000000 0.000000
vn 0.000000 1.000000 0.000000
vn 0.000000 1.000000 0.000000
vn 0.000000 1.000000 0.000000
vn 0.000000 1.000000 0.000000
vn 0.000000 1.000000 0.000000
vn 0.000000 1.000000 0.000000
vn 0.000000 1.000000 0.000000
vn 0.000000 1.000000 0.000000
vn 0.000000 1.000000 0.000000
vn 0.000000 1.000000 0.000000
vn 0.000000 1.000000 0.000000
vn 0.000000 1.000000 0.000000
vn 0.000000 1.000000 0.000000
vn 0.000000 1.000000 0.000000
vn 0.000000 1.000000 0.000000
vn 0.000000 1.000000 0.000000
vn 0.000000 1.000000 0.000000
vn 0.000000 1.000000 0.000000
vn 0.000000 1.000000 0.000000
vn 0.000000 1.000000 0.000000
vn 0.000000 1.000000 0.000000
vn 0.000000 1.000000 0.000000
vn 0.000000 1.000000 0.000000
vn 0.000000 1.000000 0.000000
vn 0.000000 1.000000 0.000000
vn 0.000000 1.000000 0.000000
vn 0.000000 1.000000 0.000000
vn 0.000000 1.000000 0.000000
vn 0.000000 1.000000 0.000000
vn 0.000000 1.000000 0.000000
vn 0.000000 1.000000 0.000000
vn 0.000000 1.000000 0.000000
vn 0.000000 1.000000 0.000000
vn 0.000000 1.000000 0.000000
vn 0.000000 1.000000 0.000000
vn 0.000000 1.000000 0.000000
vn 0.000000 1.000000 0.000000
vn 0.000000 1.000000 0.000000
vn 0.000000 1.000000 0.000000
vn 0.000000 1.000000 0.000000
vn 0.000000 1.000000 0.000000
vn 0.000000 1.000000 0.000000
vn 0.000000 1.000000 0.000000
vn 0.000000 1.000000 0.000000
vn 0.000000 1.000000 0.000000
vn 0.000000 1.000000 0.000000
vn 0.000000 1.000000 0.000000
vn 0.000000 1.000000 0.000000
vn 0.000000 1.000000 0.000000
vn 0.000000 1.000000 0.000000
vn 0.000000 1.000000 0.000000
vn 0.000000 1.000000 0.000000
vn 0.000000 1.000000 0.000000
vn 0.000000 1.000000 0.000000
vn 0.000000 1.000000 0.000000
vn 0.000000 1.000000 0.000000
vn 0.000000 1.000000 0.000000
vn 0.000000 1.000000 0.000000
vn 0.000000 1.000000 0.000000
vn 0.000000 1.000000 0.000000
vn 0.000000 1.000000 0.000000
vn 0.000000 1.000000 0.000000
vn 0.000000 1.000000 0.000000
vn 0.000000 1.000000 0.000000
vn 0.000000 1.000000 0.000000
vn 0.000000 1.000000 0.000000
vn 0.000000 1.000000 0.000000
vn 0.000000 1.000000 0.000000
vn 0.000000 1.000000 0.000000
vn 0.000000 1.000000 0.000000
vn 0.000000 1.000000 0.000000
vn 0.000000 1.000000 0.000000
vn 0.000000 1.000000 0.000000
vn 0.000000 1.000000 0.000000
vn 0.000000 1.000000 0.000000
vn 0.000000 1.000000 0.000000
vn 0.000000 1.000000 0.000000
vn 0.000000 1.000000 0.000000
vn 0.000000 1.000000 0.000000
vn 0.000000 1.000000 0.000000
vn 0.000000 1.000000 0.000000
vn 0.000000 1.000000 0.000000
vn 0.000000 1.000000 0.000000
vn 0.000000 1.000000 0.000000
vn 0.000000 1.000000 0.000000
vn 0.000000 1.000000 0.000000
vn 0.000000 1.000000 0.000000
vn 0.000000 1.000000 0.000000
vn 0.000000 1.000000 0.000000
vn 0.000000 1.000000 0.000000
vn 0.000000 1.000000 0.000000
vn 0.000000 1.000000 0.000000
vn 0.000000 1.000000 0.000000
vn 0.000000 1.000000 0.000000
vn 0.000000 1.000000 0.000000
vn 0.000000 1.000000 0.000000
vn 0.000000 1.000000 0.000000
vn 0.000000 1.000000 0.000000
vn 0.000000 1.000000 0.000000
vn 0.000000 1.000000 0.000000
vn 0.000000 1.000000 0.000000
vn 0.000000 1.000000 0.000000
vn 0.000000 1.000000 0.000000
vn 0.000000 1.000000 0.000000
vn 0.000000 1.000000 0.000000
vn 0.000000 1.000000 0.000000
vn 0.000000 1.000000 0.000000
vn 0.000000 1.000000 0.000000
vn 0.000000 1.000000 0.000000
vn 0.000000 1.000000 0.000000
vn 0.000000 1.000000 0.000000
vn 0.000000 1.000000 0.000000
vn 0.000000 1.000000 0.000000
vn 0.000000 1.000000 0.000000
vn 0.000000 1.000000 0.000000
vn 0.000000 1.000000 0.000000
vn 0.000000 1.000000 0.000000
vn 0.000000 1.000000 0.000000
vn 0.000000 1.000000 0.000000
vn 0.000000 1.000000 0.000000
vn 0.000000 1.000000 0.000000
vn 0.000000 1.000000 0.000000
vn 0.000000 1.000000 0.000000
vn 0.000000 1.000000 0.000000
vn 0.000000 1.000000 0.000000
vn 0.000000 1.000000 0.000000
vn 0.000000 1.000000 0.000000
vn 0.000000 1.000000 0.000000
vn 0.000000 1.000000 0.000000
vn 0.000000 1.000000 0.000000
vn 0.000000 1.000000 0.000000
vn 0.000000 1.000000 0.000000
vn 0.000000 1.000000 0.000000
vn 0.000000 1.000000 0.000000
vn 0.000000 1.000000 0.000000
vn 0.000000 1.000000 0.000000
vn 0.000000 1.000000 0.000000
vn 0.000000 1.000000 0.000000
vn 0.000000 1.000000 0.000000
vn 0.000000 1.000000 0.000000
vn 0.000000 1.000000 0.000000
vn 0.000000 1.000000 0.000000
vn 0.000000 1.000000 0.000000
vn 0.000000 1.000000 0.000000
vn 0.000000 1.000000 0.000000
vn 0.000000 1.000000 0.000000
vn 0.000000 1.000000 0.000000
vn 0.000000 1.000000 0.000000
vn 0.000000 1.000000 0.000000
vn 0.000000 1.000000 0.000000
vn 0.000000 1.000000 0.000000
vn 0.000000 1.000000 0.000000
vn 0.000000 1.000000 0.000000
vn 0.000000 1.000000 0.000000
vn 0.000000 1.000000 0.000000
vn 0.000000 1.000000 0.000000
vn 0.000000 1.000000 0.000000
vn 0.000000 1.000000 0.000000
vn 0.000000 1.000000 0.000000
vn 0.000000 1.000000 0.000000
vn 0.000000 1.000000 0.000000
vn 0.000000 1.000000 0.000000
vn 0.000000 1.000000 0.000000
vn 0.000000 1.000000 0.000000
vn 0.000000 1.000000 0.000000
vn 0.000000 1.000000 0.000000
vn 0.000000 1.000000 0.000000
vn 0.000000 1.000000 0.000000
vn 0.000000 1.000000 0.000000
vn 0.000000 1.000000 0.000000
vn 0.000000 1.000000 0.000000
vn 0.000000 1.000000 0.000000
vn 0.000000 1.000000 0.000000
vn 0.000000 1.000000 0.000000
vn 0.000000 1.000000 0.000000
vn 0.000000 1.000000 0.000000
vn 0.000000 1.000000 0.000000
vn 0.000000 1.000000 0.000000
vn 0.000000 1.000000 0.000000
vn 0.000000 1.000000 0.000000
vn 0.000000 1.000000 0.000000
vn 0.000000 1.000000 0.000000
vn 0.000000 1.000000 0.000000
vn 0.000000 1.000000 0.000000
vn 0.000000 1.000000 0.000000
vn 0.000000 1.000000 0.000000
vn 0.000000 1.000000 0.000000
vn 0.000000 1.000000 0.000000
vn 0.000000 1.000000 0.000000
vn 0.000000 1.000000 0.000000
vn 0.000000 1.000000 0.000000
vn 0.000000 1.000000 0.000000
vn 0.000000 1.000000 0.000000
vn 0.000000 1.000000 0.000000
vn 0.000000 1.000000 0.000000
vn 0.000000 1.000000 0.000000
vn 0.000000 1.000000 0.000000
vn 0.000000 1.000000 0.000000
vn 0.000000 1.000000 0.000000
vn 0.000000 1.000000 0.000000
vn 0.000000 1.000000 0.000000
vn 0.000000 1.000000 0.000000
vn 0.000000 1.000000 0.000000
vn 0.000000 1.000000 0.000000
vn 0.000000 1.000000 0.000000
vn 0.000000 1.000000 0.000000
vn 0.000000 1.000000 0.000000
vn 0.000000 1.000000 0.000000
vn 0.000000 1.000000 0.000000
vn 0.000000 1.000000 0.000000
vn 0.000000 1.000000 0.000000
vn 0.000000 1.000000 0.000000
vn 0.000000 1.000000 0.000000
vn 0.000000 1.000000 0.000000
vn 0.000000 1.000000 0.000000
vn 0.000000 1.000000 0.000000
vn 0.000000 1.000000 0.000000
vn 0.000000 1.000000 0.000000
vn 0.000000 1.000000 0.000000
vn 0.000000 1.000000 0.000000
vn 0.000000 1.000000 0.000000
vn 0.000000 1.000000 0.000000
vn 0.000000 1.000000 0.000000
vn 0.000000 1.000000 0.000000
vn 0.000000 1.000000 0.000000
vn 0.000000 1.000000 0.000000
vn 0.000000 1.000000 0.000000
vn 0.000000 1.000000 0.000000
vn 0.000000 1.000000 0.000000
vn 0.000000 1.000000 0.000000
vn 0.000000 1.000000 0.000000
vn 0.000000 1.000000 0.000000
vn 0.000000 1.000000 0.000000
vn 0.000000 1.000000 0.000000
vn 0.000000 1.000000 0.000000
vn 0.000000 1.000000 0.000000
vn 0.000000 1.000000 0.000000
vn 0.000000 1.000000 0.000000
vn 0.000000 1.000000 0.000000
vn 0.000000 1.000000 0.000000
vn 0.000000 1.000000 0.000000
vn 0.000000 1.000000 0.000000
vn 0.000000 1.000000 0.000000
vn 0.000000 1.000000 0.000000
vn 0.000000 1.000000 0.000000
vn 0.000000 1.000000 0.000000
vn 0.000000 1.000000 0.000000
vn 0.000000 1.000000 0.000000
vn 0.000000 1.000000 0.000000
vn 0.000000 1.000000 0.000000
vn 0.000000 1.000000 0.000000
vn 0.000000 1.000000 0.000000
vn 0.000000 1.000000 0.000000
vn 0.000000 1.000000 0.000000
vn 0.000000 1.000000 0.000000
vn 0.000000 1.000000 0.000000
vn 0.000000 1.000000 0.000000
vn 0.000000 1.000000 0.000000
vn 0.000000 1.000000 0.000000
vn 0.000000 1.000000 0.000000
vn 0.000000 1.000000 0.000000
vn 0.000000 1.000000 0.000000
vn 0.000000 1.000000 0.000000
vn 0.000000 1.000000 0.000000
vn 0.000000 1.000000 0.000000
vn 0.000000 1.000000 0.000000
vn 0.000000 1.000000 0.000000
vn 0.000000 1.000000 0.000000
vn 0.000000 1.000000 0.000000
vn 0.000000 1.000000 0.000000
vn 0.000000 1.000000 0.000000
vn 0.000000 1.000000 0.000000
vn 0.000000 1.000000 0.000000
vn 0.000000 1.000000 0.000000
vn 0.000000 1.000000 0.000000
vn 0.000000 1.000000 0.000000
vn 0.000000 1.000000 0.000000
vn 0.000000 1.000000 0.000000
vn 0.000000 1.000000 0.000000
vn 0.000000 1.000000 0.000000
vn 0.000000 1.000000 0.000000
vn 0.000000 1.000000 0.000000
vn 0.000000 1.000000 0.000000
vn 0.000000 1.000000 0.000000
vn 0.000000 1.000000 0.000000
vn 0.000000 1.000000 0.000000
vn 0.000000 1.000000 0.000000
vn 0.000000 1.000000 0.000000
vn 0.000000 1.000000 0.000000
vn 0.000000 1.000000 0.000000
vn 0.000000 1.000000 0.000000
vn 0.000000 1.000000 0.000000
vn 0.000000 1.000000 0.000000
vn 0.000000 1.000000 0.000000
vn 0.000000 1.000000 0.000000
vn 0.000000 1.000000 0.000000
vn -0.999889 0.000000 0.014900
vn -0.935207 0.000000 -0.354103
vn -0.999889 0.000000 0.014900
vn -0.935207 0.000000 -0.354103
vn -0.717628 0.000000 -0.696427
vn -0.717628 0.000000 -0.696427
vn -0.381987 0.000000 -0.924168
vn -0.381987 0.000000 -0.924168
vn -0.014900 0.000000 -0.999889
vn 0.354103 0.000000 -0.935207
vn -0.014900 0.000000 -0.999889
vn 0.354103 0.000000 -0.935207
vn 0.696427 0.000000 -0.717628
vn 0.696427 0.000000 -0.717628
vn 0.924168 0.000000 -0.381987
vn 0.999887 0.000000 -0.015000
vn 0.924168 0.000000 -0.381987
vn 0.999887 0.000000 -0.015000
vn 0.935207 0.000000 0.354103
vn 0.717628 0.000000 0.696427
vn 0.935207 0.000000 0.354103
vn 0.717628 0.000000 0.696427
vn 0.381987 0.000000 0.924168
vn 0.015000 0.000000 0.999887
vn 0.381987 0.000000 0.924168
vn 0.015000 0.000000 0.999887
vn -0.354103 0.000000 0.935207
vn -0.696478 0.000000 0.717578
vn -0.354103 0.000000 0.935207
vn -0.696478 0.000000 0.717578
vn -0.924203 0.000000 0.381901
vn -0.999887 0.000000 0.015000
vn -0.924203 0.000000 0.381901
vn -0.999887 0.000000 0.015000
vn -0.015000 0.000000 -0.999887
vn -0.381987 0.000000 -0.924168
vn -0.015000 0.000000 -0.999887
vn 0.354190 0.000000 -0.935173
vn 0.696478 0.000000 -0.717578
vn 0.354190 0.000000 -0.935173
vn 0.696478 0.000000 -0.717578
vn 0.924168 0.000000 -0.381987
vn 0.924168 0.000000 -0.381987
vn 0.999887 0.000000 -0.015000
vn 0.999887 0.000000 -0.015000
vn 0.935173 0.000000 0.354190
vn 0.935173 0.000000 0.354190
vn 0.717578 0.000000 0.696478
vn 0.717578 0.000000 0.696478
vn 0.381987 0.000000 0.924168
vn 0.014900 0.000000 0.999889
vn 0.381987 0.000000 0.924168
vn 0.014900 0.000000 0.999889
vn -0.354103 0.000000 0.935207
vn -0.696478 0.000000 0.717578
vn -0.354103 0.000000 0.935207
vn -0.696478 0.000000 0.717578
vn -0.924168 0.000000 0.381987
vn -0.999886 0.000000 0.015100
vn -0.924168 0.000000 0.381987
vn -0.999886 0.000000 0.015100
vn -0.381987 0.000000 -0.924168
vn -0.717578 0.000000 -0.696478
vn -0.717578 0.000000 -0.696478
vn -0.935173 0.000000 -0.354190
vn -0.935173 0.000000 -0.354190
vn -0.999889 0.000000 0.014900
vn -0.999889 0.000000 0.014900
vn 0.999887 0.000000 -0.015000
vn 0.924203 0.000000 -0.381901
vn 0.999887 0.000000 -0.015000
vn 0.935207 0.000000 0.354103
vn 0.717628 0.000000 0.696427
vn 0.935207 0.000000 0.354103
vn 0.717628 0.000000 0.696427
vn 0.381987 0.000000 0.924168
vn 0.015000 0.000000 0.999887
vn 0.381987 0.000000 0.924168
vn 0.015000 0.000000 0.999887
vn -0.354103 0.000000 0.935207
vn -0.696478 0.000000 0.717578
vn -0.354103 0.000000 0.935207
vn -0.696478 0.000000 0.717578
vn -0.924168 0.000000 0.381987
vn -0.924168 0.000000 0.381987
vn -0.999887 0.000000 0.015000
vn -0.999887 0.000000 0.015000
vn 0.924203 0.000000 -0.381901
vn 0.696478 0.000000 -0.717578
vn 0.696478 0.000000 -0.717578
vn 0.354190 0.000000 -0.935173
vn 0.354190 0.000000 -0.935173
vn -0.015000 0.000000 -0.999887
vn -0.381987 0.000000 -0.924168
vn -0.015000 0.000000 -0.999887
vn -0.381987 0.000000 -0.924168
vn -0.717578 0.000000 -0.696478
vn -0.935173 0.000000 -0.354190
vn -0.717578 0.000000 -0.696478
vn -0.935173 0.000000 -0.354190
vn -0.999889 0.000000 0.014900
vn -0.999889 0.000000 0.014900
vn -0.196808 0.000000 -0.980442
vn -0.196808 0.000000 -0.980442
vn -0.543807 0.000000 -0.839210
vn -0.543807 0.000000 -0.839210
vn -0.832389 0.000000 -0.554192
vn -0.832389 0.000000 -0.554192
vn -0.984030 0.000000 -0.178005
vn -0.984030 0.000000 -0.178005
vn -0.980484 0.000000 0.196597
vn -0.980484 0.000000 0.196597
vn -0.839210 0.000000 0.543807
vn -0.839210 0.000000 0.543807
vn -0.554192 0.000000 0.832389
vn -0.554192 0.000000 0.832389
vn -0.178102 0.000000 0.984012
vn -0.178102 0.000000 0.984012
vn 0.196693 0.000000 0.980465
vn 0.196693 0.000000 0.980465
vn 0.543807 0.000000 0.839210
vn 0.543807 0.000000 0.839210
vn 0.832389 0.000000 0.554192
vn 0.832389 0.000000 0.554192
vn 0.984012 0.000000 0.178102
vn 0.984012 0.000000 0.178102
vn 0.980465 0.000000 -0.196693
vn 0.839210 0.000000 -0.543807
vn 0.980465 0.000000 -0.196693
vn 0.839210 0.000000 -0.543807
vn 0.554192 0.000000 -0.832389
vn 0.554192 0.000000 -0.832389
vn 0.178102 0.000000 -0.984012
vn 0.178102 0.000000 -0.984012
vn -0.196597 0.000000 -0.980484
vn -0.196597 0.000000 -0.980484
vn -0.196597 0.000000 -0.980484
vn 0.178005 0.000000 -0.984030
vn -0.196597 0.000000 -0.980484
vn 0.178005 0.000000 -0.984030
vn 0.554192 0.000000 -0.832389
vn 0.839210 0.000000 -0.543807
vn 0.554192 0.000000 -0.832389
vn 0.839210 0.000000 -0.543807
vn 0.980484 0.000000 -0.196597
vn 0.984030 0.000000 0.178005
vn 0.980484 0.000000 -0.196597
vn 0.984030 0.000000 0.178005
vn 0.832389 0.000000 0.554192
vn 0.832389 0.000000 0.554192
vn 0.543807 0.000000 0.839210
vn 0.543807 0.000000 0.839210
vn 0.196693 0.000000 0.980465
vn 0.196693 0.000000 0.980465
vn -0.178005 0.000000 0.984030
vn -0.554192 0.000000 0.832389
vn -0.178005 0.000000 0.984030
vn -0.554192 0.000000 0.832389
vn -0.839210 0.000000 0.543807
vn -0.980465 0.000000 0.196693
vn -0.839210 0.000000 0.543807
vn -0.980465 0.000000 0.196693
vn -0.984012 0.000000 -0.178102
vn -0.984012 0.000000 -0.178102
vn -0.832389 0.000000 -0.554192
vn -0.832389 0.000000 -0.554192
vn -0.543807 0.000000 -0.839210
vn -0.543807 0.000000 -0.839210
vn -0.196693 0.000000 -0.980465
vn -0.196693 0.000000 -0.980465
vn -0.196693 0.000000 -0.980465
vn -0.196693 0.000000 -0.980465
vn -0.543807 0.000000 -0.839210
vn -0.543807 0.000000 -0.839210
vn -0.832389 0.000000 -0.554192
vn -0.832389 0.000000 -0.554192
vn -0.984012 0.000000 -0.178102
vn -0.984012 0.000000 -0.178102
vn -0.980465 0.000000 0.196693
vn -0.980465 0.000000 0.196693
vn -0.839210 0.000000 0.543807
vn -0.839210 0.000000 0.543807
vn -0.554192 0.000000 0.832389
vn -0.554192 0.000000 0.832389
vn -0.178102 0.000000 0.984012
vn -0.178102 0.000000 0.984012
vn 0.196693 0.000000 0.980465
vn 0.196693 0.000000 0.980465
vn 0.543807 0.000000 0.839210
vn 0.543807 0.000000 0.839210
vn 0.832389 0.000000 0.554192
vn 0.832389 0.000000 0.554192
vn 0.984030 0.000000 0.178005
vn 0.984030 0.000000 0.178005
vn 0.980484 0.000000 -0.196597
vn 0.980484 0.000000 -0.196597
vn 0.839210 0.000000 -0.543807
vn 0.839210 0.000000 -0.543807
vn 0.554192 0.000000 -0.832389
vn 0.554192 0.000000 -0.832389
vn 0.178005 0.000000 -0.984030
vn 0.178005 0.000000 -0.984030
vn -0.196597 0.000000 -0.980484
vn -0.196597 0.000000 -0.980484
vn -0.574502 0.000000 -0.818503
vn -0.629828 0.000200 -0.776735
vn -0.593291 -0.000100 -0.804988
vn -0.574502 0.000000 -0.818503
vn -0.593291 0.000000 -0.804988
vn -0.593291 0.000000 -0.804988
vn -0.574502 0.000000 -0.818503
vn -0.629828 -0.000200 -0.776735
vn -0.611806 0.000000 -0.791008
vn -0.611869 0.000000 -0.790959
vn -0.682493 0.000000 -0.730892
vn -0.707756 0.000000 -0.706457
vn -0.682493 0.000000 -0.730892
vn -0.707756 0.000000 -0.706457
vn -0.732099 0.000000 -0.681199
vn -0.755659 0.000000 -0.654965
vn -0.732099 0.000000 -0.681199
vn -0.755659 0.000000 -0.654965
vn -0.778208 0.000000 -0.628007
vn -0.778208 0.000000 -0.628007
vn -0.799868 0.000000 -0.600176
vn -0.799868 0.000000 -0.600176
vn -0.820475 0.000000 -0.571682
vn -0.840069 0.000000 -0.542480
vn -0.820475 0.000000 -0.571682
vn -0.840069 0.000000 -0.542480
vn -0.858576 0.000000 -0.512686
vn -0.892277 0.000000 -0.451488
vn -0.858576 0.000000 -0.512686
vn -0.892277 0.000000 -0.451488
vn -0.902553 0.000000 -0.430578
vn -0.902535 0.000000 -0.430617
vn -0.921441 0.000100 -0.388517
vn -0.912271 0.000500 -0.409587
vn -0.921456 0.000000 -0.388482
vn -0.921441 0.000000 -0.388517
vn -0.912271 -0.000100 -0.409587
vn -0.912254 0.000000 -0.409624
vn -0.902553 -0.000100 -0.430578
vn -0.611806 0.000000 -0.791008
vn -0.388602 0.000000 0.921406
vn -0.700425 0.000000 0.713726
vn -0.388602 0.000000 0.921406
vn -0.022099 0.000000 0.999756
vn 0.376798 0.000000 0.926295
vn -0.022099 0.000000 0.999756
vn 0.376798 0.000000 0.926295
vn 0.713726 0.000000 0.700425
vn 0.921406 0.000000 0.388602
vn 0.921406 0.000000 0.388602
vn 0.713726 0.000000 0.700425
vn 0.921406 0.000000 0.388602
vn -0.700425 0.000000 0.713726
vn -0.926261 0.000000 0.376884
vn -0.926261 0.000000 0.376884
vn -0.999756 0.000000 -0.022099
vn -0.999756 0.000000 -0.022099
vn -0.921492 0.000000 -0.388397
vn -0.921492 0.000000 -0.388397
vn -0.921492 0.000000 -0.388397
vn 0.574502 0.000000 0.818503
vn 0.629828 0.000000 0.776735
vn 0.593179 0.000100 0.805071
vn 0.574502 0.000000 0.818503
vn 0.593179 0.000000 0.805071
vn 0.574502 0.000000 0.818503
vn 0.611584 0.000000 0.791179
vn 0.593179 -0.000100 0.805071
vn 0.629828 0.000000 0.776735
vn 0.682493 0.000000 0.730892
vn 0.611632 0.000000 0.791142
vn 0.611584 0.000100 0.791179
vn 0.707806 0.000000 0.706406
vn 0.682493 0.000000 0.730892
vn 0.707806 0.000000 0.706406
vn 0.732148 0.000000 0.681145
vn 0.755659 0.000000 0.654965
vn 0.732148 0.000000 0.681145
vn 0.755659 0.000000 0.654965
vn 0.778208 0.000000 0.628007
vn 0.778208 0.000000 0.628007
vn 0.799868 0.000000 0.600176
vn 0.799868 0.000000 0.600176
vn 0.820475 0.000000 0.571682
vn 0.840069 0.000000 0.542480
vn 0.820475 0.000000 0.571682
vn 0.840069 0.000000 0.542480
vn 0.858620 0.000000 0.512612
vn 0.902400 0.000000 0.430900
vn 0.858620 0.000000 0.512612
vn 0.892277 0.000000 0.451488
vn 0.902400 0.000000 0.430900
vn 0.921441 0.000000 0.388517
vn 0.912180 0.000000 0.409791
vn 0.921441 0.000000 0.388517
vn 0.912180 0.000000 0.409791
vn 0.912180 0.000000 0.409791
vn 0.921441 0.000000 0.388517
vn 0.892277 0.000000 0.451488
vn 0.902439 0.000000 0.430818
vn 0.818503 0.000000 -0.574502
vn 0.972523 0.000000 -0.232806
vn 0.818503 0.000000 -0.574502
vn 0.549613 0.000000 -0.835419
vn 0.172599 0.000000 -0.984992
vn 0.549613 0.000000 -0.835419
vn 0.172599 0.000000 -0.984992
vn -0.232806 0.000000 -0.972523
vn -0.574388 0.000000 -0.818583
vn -0.232806 0.000000 -0.972523
vn -0.574388 0.000000 -0.818583
vn -0.574388 0.000000 -0.818583
vn 0.972523 0.000000 -0.232806
vn 0.984992 0.000000 0.172599
vn 0.835419 0.000000 0.549613
vn 0.984992 0.000000 0.172599
vn 0.835419 0.000000 0.549613
vn 0.574569 0.000000 0.818456
vn 0.574569 0.000000 0.818456
vn 0.574569 0.000000 0.818456
vn -0.999886 0.000000 0.015100
vn -0.999886 0.000000 0.015100
vn -0.924168 0.000000 0.381987
vn -0.924168 0.000000 0.381987
vn -0.696427 0.000000 0.717628
vn -0.696427 0.000000 0.717628
vn -0.354103 0.000000 0.935207
vn -0.354103 0.000000 0.935207
vn 0.015000 0.000000 0.999887
vn 0.015000 0.000000 0.999887
vn 0.381987 0.000000 0.924168
vn 0.381987 0.000000 0.924168
vn 0.717578 0.000000 0.696478
vn 0.717578 0.000000 0.696478
vn 0.935207 0.000000 0.354103
vn 0.935207 0.000000 0.354103
vn 0.999887 0.000000 -0.015000
vn 0.999887 0.000000 -0.015000
vn 0.924168 0.000000 -0.381987
vn 0.924168 0.000000 -0.381987
vn 0.696478 0.000000 -0.717578
vn 0.696478 0.000000 -0.717578
vn 0.354103 0.000000 -0.935207
vn 0.354103 0.000000 -0.935207
vn -0.015000 0.000000 -0.999887
vn -0.015000 0.000000 -0.999887
vn -0.381987 0.000000 -0.924168
vn -0.381987 0.000000 -0.924168
vn -0.717628 0.000000 -0.696427
vn -0.717628 0.000000 -0.696427
vn -0.935173 0.000000 -0.354190
vn -0.935173 0.000000 -0.354190
vn -0.999889 0.000000 0.014900
vn -0.999889 0.000000 0.014900
vn -0.999889 0.000000 0.014900
vn -0.935207 0.000000 -0.354103
vn -0.999889 0.000000 0.014900
vn -0.935207 0.000000 -0.354103
vn -0.717578 0.000000 -0.696478
vn -0.717578 0.000000 -0.696478
vn -0.381987 0.000000 -0.924168
vn -0.381987 0.000000 -0.924168
vn -0.014900 0.000000 -0.999889
vn -0.014900 0.000000 -0.999889
vn 0.354190 0.000000 -0.935173
vn 0.696478 0.000000 -0.717578
vn 0.354190 0.000000 -0.935173
vn 0.696478 0.000000 -0.717578
vn 0.924168 0.000000 -0.381987
vn 0.999887 0.000000 -0.015000
vn 0.924168 0.000000 -0.381987
vn 0.999887 0.000000 -0.015000
vn 0.935207 0.000000 0.354103
vn 0.935207 0.000000 0.354103
vn 0.717578 0.000000 0.696478
vn 0.717578 0.000000 0.696478
vn 0.381987 0.000000 0.924168
vn 0.381987 0.000000 0.924168
vn 0.015000 0.000000 0.999887
vn 0.015000 0.000000 0.999887
vn -0.354190 0.000000 0.935173
vn -0.354190 0.000000 0.935173
vn -0.696478 0.000000 0.717578
vn -0.924168 0.000000 0.381987
vn -0.696478 0.000000 0.717578
vn -0.924168 0.000000 0.381987
vn -0.999887 0.000000 0.015000
vn -0.999887 0.000000 0.015000
vn 0.999889 0.000000 -0.014900
vn 0.935207 0.000000 0.354103
vn 0.999889 0.000000 -0.014900
vn 0.924168 0.000000 -0.381987
vn 0.924168 0.000000 -0.381987
vn 0.696427 0.000000 -0.717628
vn 0.696427 0.000000 -0.717628
vn 0.354190 0.000000 -0.935173
vn 0.354190 0.000000 -0.935173
vn -0.015000 0.000000 -0.999887
vn -0.381987 0.000000 -0.924168
vn -0.015000 0.000000 -0.999887
vn -0.381987 0.000000 -0.924168
vn -0.717628 0.000000 -0.696427
vn -0.717628 0.000000 -0.696427
vn -0.935173 0.000000 -0.354190
vn -0.935173 0.000000 -0.354190
vn -0.999889 0.000000 0.014900
vn -0.999889 0.000000 0.014900
vn 0.935207 0.000000 0.354103
vn 0.717628 0.000000 0.696427
vn 0.717628 0.000000 0.696427
vn 0.381987 0.000000 0.924168
vn 0.014900 0.000000 0.999889
vn 0.381987 0.000000 0.924168
vn 0.014900 0.000000 0.999889
vn -0.354103 0.000000 0.935207
vn -0.696427 0.000000 0.717628
vn -0.354103 0.000000 0.935207
vn -0.696427 0.000000 0.717628
vn -0.924168 0.000000 0.381987
vn -0.924168 0.000000 0.381987
vn -0.999886 0.000000 0.015100
vn -0.999886 0.000000 0.015100
vn 0.167204 0.000000 -0.985922
vn -0.207391 0.000000 -0.978258
vn 0.167204 0.000000 -0.985922
vn 0.518417 0.000000 -0.855128
vn 0.815399 0.000000 -0.578899
vn 0.518417 0.000000 -0.855128
vn 0.815399 0.000000 -0.578899
vn 0.978258 0.000000 -0.207391
vn 0.985922 0.000000 0.167204
vn 0.978258 0.000000 -0.207391
vn 0.985922 0.000000 0.167204
vn 0.855128 0.000000 0.518417
vn 0.578899 0.000000 0.815399
vn 0.855128 0.000000 0.518417
vn 0.578899 0.000000 0.815399
vn 0.207391 0.000000 0.978258
vn -0.167107 0.000000 0.985939
vn 0.207391 0.000000 0.978258
vn -0.167107 0.000000 0.985939
vn -0.207391 0.000000 -0.978258
vn -0.578899 0.000000 -0.815399
vn -0.855128 0.000000 -0.518417
vn -0.578899 0.000000 -0.815399
vn -0.855128 0.000000 -0.518417
vn -0.985922 0.000000 -0.167204
vn -0.978258 0.000000 0.207391
vn -0.985922 0.000000 -0.167204
vn -0.978258 0.000000 0.207391
vn -0.815399 0.000000 0.578899
vn -0.815399 0.000000 0.578899
vn -0.518417 0.000000 0.855128
vn -0.518417 0.000000 0.855128
vn -0.167301 0.000000 0.985906
vn -0.167301 0.000000 0.985906
vn -0.985922 0.000000 -0.167204
vn -0.978258 0.000000 0.207391
vn -0.985922 0.000000 -0.167204
vn -0.855128 0.000000 -0.518417
vn -0.578899 0.000000 -0.815399
vn -0.855128 0.000000 -0.518417
vn -0.578899 0.000000 -0.815399
vn -0.207391 0.000000 -0.978258
vn -0.207391 0.000000 -0.978258
vn 0.167204 0.000000 -0.985922
vn 0.518417 0.000000 -0.855128
vn 0.167204 0.000000 -0.985922
vn 0.518417 0.000000 -0.855128
vn 0.815399 0.000000 -0.578899
vn 0.815399 0.000000 -0.578899
vn 0.978258 0.000000 -0.207391
vn 0.985906 0.000000 0.167301
vn 0.978258 0.000000 -0.207391
vn 0.985906 0.000000 0.167301
vn 0.855128 0.000000 0.518417
vn 0.578899 0.000000 0.815399
vn 0.855128 0.000000 0.518417
vn 0.578899 0.000000 0.815399
vn 0.207411 0.000000 0.978254
vn -0.167107 0.000000 0.985939
vn 0.207411 0.000000 0.978254
vn -0.167107 0.000000 0.985939
vn -0.978258 0.000000 0.207391
vn -0.815399 0.000000 0.578899
vn -0.815399 0.000000 0.578899
vn -0.518417 0.000000 0.855128
vn -0.167301 0.000000 0.985906
vn -0.518417 0.000000 0.855128
vn -0.167301 0.000000 0.985906
vn -0.167301 0.000000 0.985906
vn -0.518417 0.000000 0.855128
vn -0.167301 0.000000 0.985906
vn -0.518417 0.000000 0.855128
vn -0.815399 0.000000 0.578899
vn -0.978258 0.000000 0.207391
vn -0.815399 0.000000 0.578899
vn -0.978258 0.000000 0.207391
vn -0.985922 0.000000 -0.167204
vn -0.985922 0.000000 -0.167204
vn -0.855128 0.000000 -0.518417
vn -0.578899 0.000000 -0.815399
vn -0.855128 0.000000 -0.518417
vn -0.578899 0.000000 -0.815399
vn -0.207391 0.000000 -0.978258
vn -0.207391 0.000000 -0.978258
vn 0.167204 0.000000 -0.985922
vn 0.518417 0.000000 -0.855128
vn 0.167204 0.000000 -0.985922
vn 0.518417 0.000000 -0.855128
vn 0.815399 0.000000 -0.578899
vn 0.815399 0.000000 -0.578899
vn 0.978254 0.000000 -0.207411
vn 0.985922 0.000000 0.167204
vn 0.978254 0.000000 -0.207411
vn 0.985922 0.000000 0.167204
vn 0.855128 0.000000 0.518417
vn 0.855128 0.000000 0.518417
vn 0.578899 0.000000 0.815399
vn 0.578899 0.000000 0.815399
vn 0.207391 0.000000 0.978258
vn 0.207391 0.000000 0.978258
vn -0.167107 0.000000 0.985939
vn -0.167107 0.000000 0.985939
vn -0.909409 0.000000 0.415904
vn -0.899606 0.000000 0.436703
vn -0.878369 0.000000 0.477983
vn -0.909409 0.000000 0.415904
vn -0.899567 -0.000300 0.436784
vn -0.899567 0.000000 0.436784
vn -0.909409 0.000000 0.415904
vn -0.889269 0.000100 0.457384
vn -0.878411 0.000000 0.477906
vn -0.842812 0.000000 0.538208
vn -0.889248 0.000000 0.457425
vn -0.889269 0.000000 0.457384
vn -0.842812 0.000000 0.538208
vn -0.823461 0.000000 0.567373
vn -0.823461 0.000000 0.567373
vn -0.802990 0.000000 0.595993
vn -0.781503 0.000000 0.623902
vn -0.802990 0.000000 0.595993
vn -0.781503 0.000000 0.623902
vn -0.759087 0.000000 0.650989
vn -0.759087 0.000000 0.650989
vn -0.735704 0.000000 0.677303
vn -0.735704 0.000000 0.677303
vn -0.711394 0.000000 0.702794
vn -0.711394 0.000000 0.702794
vn -0.686309 0.000000 0.727310
vn -0.686309 0.000000 0.727310
vn -0.660407 0.000000 0.750908
vn -0.660301 0.000000 0.751001
vn -0.587868 0.000000 0.808957
vn -0.606317 0.000200 0.795223
vn -0.587868 0.000000 0.808957
vn -0.549683 0.000000 0.835374
vn -0.568903 0.000000 0.822405
vn -0.549729 0.000000 0.835343
vn -0.568903 0.000000 0.822405
vn -0.568903 0.000000 0.822405
vn -0.549729 0.000000 0.835343
vn -0.606317 -0.000100 0.795223
vn -0.587916 0.000200 0.808922
vn 0.909371 0.000000 -0.415987
vn 0.692459 0.000000 -0.721457
vn 0.909371 0.000000 -0.415987
vn 0.692459 0.000000 -0.721457
vn 0.909371 0.000000 -0.415987
vn 0.349007 0.000000 -0.937120
vn 0.349007 0.000000 -0.937120
vn -0.052002 0.000000 -0.998647
vn -0.052002 0.000000 -0.998647
vn -0.415904 0.000000 -0.909409
vn -0.721457 0.000000 -0.692459
vn -0.415904 0.000000 -0.909409
vn -0.721457 0.000000 -0.692459
vn -0.937120 0.000000 -0.349007
vn -0.937120 0.000000 -0.349007
vn -0.998647 0.000000 0.052002
vn -0.909409 0.000000 0.415904
vn -0.909409 0.000000 0.415904
vn -0.998647 0.000000 0.052002
vn -0.909409 0.000000 0.415904
vn 0.549683 0.000000 -0.835374
vn 0.568789 0.000100 -0.822484
vn 0.606317 0.000000 -0.795223
vn 0.549683 0.000000 -0.835374
vn 0.568789 0.000000 -0.822484
vn 0.549683 0.000000 -0.835374
vn 0.587625 -0.000100 -0.809134
vn 0.568789 -0.000100 -0.822484
vn 0.606269 0.000000 -0.795260
vn 0.587690 0.000000 -0.809086
vn 0.660301 0.000000 -0.751001
vn 0.660301 0.000000 -0.751001
vn 0.686309 0.000000 -0.727310
vn 0.686309 0.000000 -0.727310
vn 0.711394 0.000000 -0.702794
vn 0.735704 0.000000 -0.677303
vn 0.711394 0.000000 -0.702794
vn 0.735704 0.000000 -0.677303
vn 0.759087 0.000000 -0.650989
vn 0.759087 0.000000 -0.650989
vn 0.781503 0.000000 -0.623902
vn 0.781503 0.000000 -0.623902
vn 0.802990 0.000000 -0.595993
vn 0.802990 0.000000 -0.595993
vn 0.823461 0.000000 -0.567373
vn 0.823461 0.000000 -0.567373
vn 0.842886 0.000000 -0.538091
vn 0.842886 0.000000 -0.538091
vn 0.878369 0.000000 -0.477983
vn 0.889105 0.000000 -0.457703
vn 0.899508 0.000000 -0.436904
vn 0.889105 0.000000 -0.457703
vn 0.889105 -0.000200 -0.457703
vn 0.878369 0.000000 -0.477983
vn 0.899508 0.000100 -0.436904
vn 0.909409 0.000000 -0.415904
vn 0.909409 0.000000 -0.415904
vn 0.909371 0.000000 -0.415987
vn 0.899508 0.000000 -0.436904
vn 0.587625 0.000100 -0.809134
vn 0.835343 0.000000 0.549729
vn 0.835343 0.000000 0.549729
vn 0.979056 0.000000 0.203591
vn 0.574388 0.000000 0.818583
vn 0.574388 0.000000 0.818583
vn 0.201997 0.000000 0.979386
vn -0.203611 0.000000 0.979052
vn 0.201997 0.000000 0.979386
vn -0.203611 0.000000 0.979052
vn -0.549683 0.000000 0.835374
vn -0.549613 0.000000 0.835419
vn -0.549683 0.000000 0.835374
vn 0.979056 0.000000 0.203591
vn 0.979386 0.000000 -0.201997
vn 0.979386 0.000000 -0.201997
vn 0.818583 0.000000 -0.574388
vn 0.818583 0.000000 -0.574388
vn 0.549798 0.000000 -0.835297
vn 0.549798 0.000000 -0.835297
vn 0.549798 0.000000 -0.835297
vn 0.999886 0.000000 -0.015100
vn 0.999886 0.000000 -0.015100
vn 0.924168 0.000000 -0.381987
vn 0.924168 0.000000 -0.381987
vn 0.696427 0.000000 -0.717628
vn 0.696427 0.000000 -0.717628
vn 0.354190 0.000000 -0.935173
vn 0.354190 0.000000 -0.935173
vn -0.015000 0.000000 -0.999887
vn -0.015000 0.000000 -0.999887
vn -0.381987 0.000000 -0.924168
vn -0.381987 0.000000 -0.924168
vn -0.717578 0.000000 -0.696478
vn -0.717578 0.000000 -0.696478
vn -0.935173 0.000000 -0.354190
vn -0.935173 0.000000 -0.354190
vn -0.999887 0.000000 0.015000
vn -0.999887 0.000000 0.015000
vn -0.924168 0.000000 0.381987
vn -0.924168 0.000000 0.381987
vn -0.696478 0.000000 0.717578
vn -0.696478 0.000000 0.717578
vn -0.354103 0.000000 0.935207
vn -0.354103 0.000000 0.935207
vn 0.015000 0.000000 0.999887
vn 0.381987 0.000000 0.924168
vn 0.015000 0.000000 0.999887
vn 0.381987 0.000000 0.924168
vn 0.717628 0.000000 0.696427
vn 0.717628 0.000000 0.696427
vn 0.935207 0.000000 0.354103
vn 0.935207 0.000000 0.354103
vn 0.999889 0.000000 -0.014900
vn 0.999889 0.000000 -0.014900
vn 0.999889 0.000000 -0.014900
vn 0.935207 0.000000 0.354103
vn 0.999889 0.000000 -0.014900
vn 0.935207 0.000000 0.354103
vn 0.717628 0.000000 0.696427
vn 0.381987 0.000000 0.924168
vn 0.717628 0.000000 0.696427
vn 0.381987 0.000000 0.924168
vn 0.015000 0.000000 0.999887
vn -0.354103 0.000000 0.935207
vn 0.015000 0.000000 0.999887
vn -0.354103 0.000000 0.935207
vn -0.696427 0.000000 0.717628
vn -0.696427 0.000000 0.717628
vn -0.924168 0.000000 0.381987
vn -0.999887 0.000000 0.015000
vn -0.924168 0.000000 0.381987
vn -0.999887 0.000000 0.015000
vn -0.935207 0.000000 -0.354103
vn -0.935207 0.000000 -0.354103
vn -0.717628 0.000000 -0.696427
vn -0.381987 0.000000 -0.924168
vn -0.717628 0.000000 -0.696427
vn -0.381987 0.000000 -0.924168
vn -0.015000 0.000000 -0.999887
vn -0.015000 0.000000 -0.999887
vn 0.354103 0.000000 -0.935207
vn 0.354103 0.000000 -0.935207
vn 0.696427 0.000000 -0.717628
vn 0.696427 0.000000 -0.717628
vn 0.924168 0.000000 -0.381987
vn 0.999886 0.000000 -0.015100
vn 0.924168 0.000000 -0.381987
vn 0.999886 0.000000 -0.015100
vn 0.999886 0.000000 -0.015100
vn 0.999886 0.000000 -0.015100
vn 0.924168 0.000000 -0.381987
vn 0.924168 0.000000 -0.381987
vn 0.696427 0.000000 -0.717628
vn 0.696427 0.000000 -0.717628
vn 0.354103 0.000000 -0.935207
vn 0.354103 0.000000 -0.935207
vn -0.015000 0.000000 -0.999887
vn -0.015000 0.000000 -0.999887
vn -0.381987 0.000000 -0.924168
vn -0.381987 0.000000 -0.924168
vn -0.717628 0.000000 -0.696427
vn -0.717628 0.000000 -0.696427
vn -0.935173 0.000000 -0.354190
vn -0.935173 0.000000 -0.354190
vn -0.999887 0.000000 0.015000
vn -0.999887 0.000000 0.015000
vn -0.924168 0.000000 0.381987
vn -0.924168 0.000000 0.381987
vn -0.696427 0.000000 0.717628
vn -0.696427 0.000000 0.717628
vn -0.354190 0.000000 0.935173
vn -0.354190 0.000000 0.935173
vn 0.015000 0.000000 0.999887
vn 0.015000 0.000000 0.999887
vn 0.381987 0.000000 0.924168
vn 0.381987 0.000000 0.924168
vn 0.717628 0.000000 0.696427
vn 0.717628 0.000000 0.696427
vn 0.935173 0.000000 0.354190
vn 0.935173 0.000000 0.354190
vn 0.999889 0.000000 -0.014900
vn 0.999889 0.000000 -0.014900
vn 0.167301 0.000000 -0.985906
vn 0.518417 0.000000 -0.855128
vn 0.167301 0.000000 -0.985906
vn 0.518417 0.000000 -0.855128
vn 0.815399 0.000000 -0.578899
vn 0.978258 0.000000 -0.207391
vn 0.815399 0.000000 -0.578899
vn 0.978258 0.000000 -0.207391
vn 0.985922 0.000000 0.167204
vn 0.985922 0.000000 0.167204
vn 0.855128 0.000000 0.518417
vn 0.578899 0.000000 0.815399
vn 0.855128 0.000000 0.518417
vn 0.578899 0.000000 0.815399
vn 0.207411 0.000000 0.978254
vn 0.207411 0.000000 0.978254
vn -0.167204 0.000000 0.985922
vn -0.518417 0.000000 0.855128
vn -0.167204 0.000000 0.985922
vn -0.518417 0.000000 0.855128
vn -0.815399 0.000000 0.578899
vn -0.815399 0.000000 0.578899
vn -0.978254 0.000000 0.207411
vn -0.985922 0.000000 -0.167204
vn -0.978254 0.000000 0.207411
vn -0.985922 0.000000 -0.167204
vn -0.855128 0.000000 -0.518417
vn -0.855128 0.000000 -0.518417
vn -0.578899 0.000000 -0.815399
vn -0.578899 0.000000 -0.815399
vn -0.207391 0.000000 -0.978258
vn -0.207391 0.000000 -0.978258
vn 0.167204 0.000000 -0.985922
vn 0.167204 0.000000 -0.985922
vn 0.167204 0.000000 -0.985922
vn -0.207391 0.000000 -0.978258
vn 0.167204 0.000000 -0.985922
vn -0.207391 0.000000 -0.978258
vn -0.578899 0.000000 -0.815399
vn -0.855128 0.000000 -0.518417
vn -0.578899 0.000000 -0.815399
vn -0.855128 0.000000 -0.518417
vn -0.985922 0.000000 -0.167204
vn -0.978258 0.000000 0.207391
vn -0.985922 0.000000 -0.167204
vn -0.978258 0.000000 0.207391
vn -0.815399 0.000000 0.578899
vn -0.815399 0.000000 0.578899
vn -0.518417 0.000000 0.855128
vn -0.518417 0.000000 0.855128
vn -0.167301 0.000000 0.985906
vn 0.207411 0.000000 0.978254
vn -0.167301 0.000000 0.985906
vn 0.207411 0.000000 0.978254
vn 0.578899 0.000000 0.815399
vn 0.855128 0.000000 0.518417
vn 0.578899 0.000000 0.815399
vn 0.855128 0.000000 0.518417
vn 0.985922 0.000000 0.167204
vn 0.978254 0.000000 -0.207411
vn 0.985922 0.000000 0.167204
vn 0.978254 0.000000 -0.207411
vn 0.815399 0.000000 -0.578899
vn 0.518417 0.000000 -0.855128
vn 0.815399 0.000000 -0.578899
vn 0.518417 0.000000 -0.855128
vn 0.167301 0.000000 -0.985906
vn 0.167301 0.000000 -0.985906
vn -0.167204 0.000000 0.985922
vn 0.207391 0.000000 0.978258
vn -0.167204 0.000000 0.985922
vn -0.518417 0.000000 0.855128
vn -0.815399 0.000000 0.578899
vn -0.518417 0.000000 0.855128
vn -0.815399 0.000000 0.578899
vn -0.978258 0.000000 0.207391
vn -0.985922 0.000000 -0.167204
vn -0.978258 0.000000 0.207391
vn -0.985922 0.000000 -0.167204
vn -0.855128 0.000000 -0.518417
vn -0.578899 0.000000 -0.815399
vn -0.855128 0.000000 -0.518417
vn -0.578899 0.000000 -0.815399
vn -0.207411 0.000000 -0.978254
vn 0.167107 0.000000 -0.985939
vn -0.207411 0.000000 -0.978254
vn 0.167107 0.000000 -0.985939
vn 0.207391 0.000000 0.978258
vn 0.578899 0.000000 0.815399
vn 0.855128 0.000000 0.518417
vn 0.578899 0.000000 0.815399
vn 0.855128 0.000000 0.518417
vn 0.985922 0.000000 0.167204
vn 0.978254 0.000000 -0.207411
vn 0.985922 0.000000 0.167204
vn 0.978254 0.000000 -0.207411
vn 0.815399 0.000000 -0.578899
vn 0.815399 0.000000 -0.578899
vn 0.518417 0.000000 -0.855128
vn 0.518417 0.000000 -0.855128
vn 0.167301 0.000000 -0.985906
vn 0.167301 0.000000 -0.985906
vn 0.909409 0.000000 -0.415904
vn 0.899567 -0.000100 -0.436784
vn 0.878369 0.000000 -0.477983
vn 0.909409 0.000000 -0.415904
vn 0.899567 0.000000 -0.436784
vn 0.899606 0.000000 -0.436703
vn 0.909409 0.000000 -0.415904
vn 0.889269 0.000100 -0.457384
vn 0.878369 0.000000 -0.477983
vn 0.889248 0.000000 -0.457425
vn 0.842886 0.000000 -0.538091
vn 0.842886 0.000000 -0.538091
vn 0.823461 0.000000 -0.567373
vn 0.823461 0.000000 -0.567373
vn 0.802990 0.000000 -0.595993
vn 0.781551 0.000000 -0.623841
vn 0.802990 0.000000 -0.595993
vn 0.781551 0.000000 -0.623841
vn 0.759087 0.000000 -0.650989
vn 0.759087 0.000000 -0.650989
vn 0.735704 0.000000 -0.677303
vn 0.735704 0.000000 -0.677303
vn 0.711394 0.000000 -0.702794
vn 0.711394 0.000000 -0.702794
vn 0.686309 0.000000 -0.727310
vn 0.686309 0.000000 -0.727310
vn 0.660357 0.000000 -0.750952
vn 0.660357 0.000000 -0.750952
vn 0.587916 0.000000 -0.808922
vn 0.606317 0.000100 -0.795223
vn 0.587868 0.000000 -0.808957
vn 0.549683 0.000000 -0.835374
vn 0.568903 0.000000 -0.822405
vn 0.549683 0.000000 -0.835374
vn 0.568903 0.000000 -0.822405
vn 0.568903 0.000000 -0.822405
vn 0.549683 0.000000 -0.835374
vn 0.606317 -0.000100 -0.795223
vn 0.587868 -0.000100 -0.808957
vn 0.889269 0.000000 -0.457384
vn 0.415904 0.000000 0.909409
vn 0.415904 0.000000 0.909409
vn 0.721507 0.000000 0.692407
vn 0.052002 0.000000 0.998647
vn -0.349007 0.000000 0.937120
vn 0.052002 0.000000 0.998647
vn -0.349007 0.000000 0.937120
vn -0.692509 0.000000 0.721409
vn -0.909371 0.000000 0.415987
vn -0.909371 0.000000 0.415987
vn -0.692509 0.000000 0.721409
vn -0.909371 0.000000 0.415987
vn 0.721507 0.000000 0.692407
vn 0.937153 0.000000 0.348920
vn 0.937153 0.000000 0.348920
vn 0.998647 0.000000 -0.052002
vn 0.998647 0.000000 -0.052002
vn 0.909446 0.000000 -0.415821
vn 0.909409 0.000000 -0.415904
vn 0.909409 0.000000 -0.415904
vn -0.549683 0.000000 0.835374
vn -0.568789 0.000000 0.822484
vn -0.606317 0.000000 0.795223
vn -0.549683 0.000000 0.835374
vn -0.568789 0.000000 0.822484
vn -0.549683 0.000000 0.835374
vn -0.568789 0.000200 0.822484
vn -0.587625 -0.000100 0.809134
vn -0.606317 0.000000 0.795223
vn -0.587690 0.000000 0.809086
vn -0.587625 0.000000 0.809134
vn -0.660301 0.000000 0.751001
vn -0.686309 0.000000 0.727310
vn -0.660301 0.000000 0.751001
vn -0.686309 0.000000 0.727310
vn -0.711394 0.000000 0.702794
vn -0.711394 0.000000 0.702794
vn -0.735704 0.000000 0.677303
vn -0.735704 0.000000 0.677303
vn -0.759087 0.000000 0.650989
vn -0.759087 0.000000 0.650989
vn -0.781551 0.000000 0.623841
vn -0.781551 0.000000 0.623841
vn -0.802990 0.000000 0.595993
vn -0.802990 0.000000 0.595993
vn -0.823461 0.000000 0.567373
vn -0.823461 0.000000 0.567373
vn -0.842886 0.000000 0.538091
vn -0.889105 0.000000 0.457703
vn -0.842886 0.000000 0.538091
vn -0.878369 -0.000200 0.477983
vn -0.889105 0.000100 0.457703
vn -0.909409 0.000000 0.415904
vn -0.899508 0.000100 0.436904
vn -0.909371 0.000000 0.415987
vn -0.899508 0.000000 0.436904
vn -0.899508 -0.000100 0.436904
vn -0.909409 0.000000 0.415904
vn -0.878369 0.000200 0.477983
vn -0.889105 -0.000100 0.457703
vn -0.835374 0.000000 -0.549683
vn -0.835374 0.000000 -0.549683
vn -0.979056 0.000000 -0.203591
vn -0.574321 0.000000 -0.818630
vn -0.201997 0.000000 -0.979386
vn -0.574321 0.000000 -0.818630
vn -0.201997 0.000000 -0.979386
vn 0.203611 0.000000 -0.979052
vn 0.203611 0.000000 -0.979052
vn 0.549613 0.000000 -0.835419
vn 0.549613 0.000000 -0.835419
vn 0.549613 0.000000 -0.835419
vn -0.979056 0.000000 -0.203591
vn -0.979386 0.000000 0.201997
vn -0.979386 0.000000 0.201997
vn -0.818630 0.000000 0.574321
vn -0.549798 0.000000 0.835297
vn -0.549798 0.000000 0.835297
vn -0.818583 0.000000 0.574388
vn -0.549798 0.000000 0.835297
vn 0.999886 0.000000 -0.015100
vn 0.924168 0.000000 -0.381987
vn 0.999886 0.000000 -0.015100
vn 0.924168 0.000000 -0.381987
vn 0.696478 0.000000 -0.717578
vn 0.696478 0.000000 -0.717578
vn 0.354190 0.000000 -0.935173
vn 0.354190 0.000000 -0.935173
vn -0.015000 0.000000 -0.999887
vn -0.381987 0.000000 -0.924168
vn -0.015000 0.000000 -0.999887
vn -0.381987 0.000000 -0.924168
vn -0.717628 0.000000 -0.696427
vn -0.935173 0.000000 -0.354190
vn -0.717628 0.000000 -0.696427
vn -0.935173 0.000000 -0.354190
vn -0.999887 0.000000 0.015000
vn -0.924168 0.000000 0.381987
vn -0.999887 0.000000 0.015000
vn -0.924168 0.000000 0.381987
vn -0.696427 0.000000 0.717628
vn -0.354103 0.000000 0.935207
vn -0.696427 0.000000 0.717628
vn -0.354103 0.000000 0.935207
vn 0.015000 0.000000 0.999887
vn 0.381987 0.000000 0.924168
vn 0.015000 0.000000 0.999887
vn 0.381987 0.000000 0.924168
vn 0.717628 0.000000 0.696427
vn 0.935207 0.000000 0.354103
vn 0.717628 0.000000 0.696427
vn 0.935207 0.000000 0.354103
vn 0.999889 0.000000 -0.014900
vn 0.999889 0.000000 -0.014900
vn 0.015000 0.000000 0.999887
vn 0.381987 0.000000 0.924168
vn 0.015000 0.000000 0.999887
vn -0.354103 0.000000 0.935207
vn -0.696427 0.000000 0.717628
vn -0.354103 0.000000 0.935207
vn -0.696427 0.000000 0.717628
vn -0.924168 0.000000 0.381987
vn -0.924168 0.000000 0.381987
vn -0.999887 0.000000 0.015000
vn -0.935173 0.000000 -0.354190
vn -0.999887 0.000000 0.015000
vn -0.935173 0.000000 -0.354190
vn -0.717628 0.000000 -0.696427
vn -0.717628 0.000000 -0.696427
vn -0.381987 0.000000 -0.924168
vn -0.015000 0.000000 -0.999887
vn -0.381987 0.000000 -0.924168
vn -0.015000 0.000000 -0.999887
vn 0.354103 0.000000 -0.935207
vn 0.354103 0.000000 -0.935207
vn 0.696427 0.000000 -0.717628
vn 0.696427 0.000000 -0.717628
vn 0.924168 0.000000 -0.381987
vn 0.924168 0.000000 -0.381987
vn 0.999886 0.000000 -0.015100
vn 0.999886 0.000000 -0.015100
vn 0.381987 0.000000 0.924168
vn 0.717628 0.000000 0.696427
vn 0.935173 0.000000 0.354190
vn 0.717628 0.000000 0.696427
vn 0.935173 0.000000 0.354190
vn 0.999889 0.000000 -0.014900
vn 0.999889 0.000000 -0.014900
vn 0.999889 0.000000 -0.014900
vn 0.935207 0.000000 0.354103
vn 0.999889 0.000000 -0.014900
vn 0.935207 0.000000 0.354103
vn 0.717628 0.000000 0.696427
vn 0.717628 0.000000 0.696427
vn 0.381987 0.000000 0.924168
vn 0.381987 0.000000 0.924168
vn 0.015000 0.000000 0.999887
vn -0.354103 0.000000 0.935207
vn 0.015000 0.000000 0.999887
vn -0.354103 0.000000 0.935207
vn -0.696427 0.000000 0.717628
vn -0.696427 0.000000 0.717628
vn -0.924168 0.000000 0.381987
vn -0.999887 0.000000 0.015000
vn -0.924168 0.000000 0.381987
vn -0.999887 0.000000 0.015000
vn -0.935207 0.000000 -0.354103
vn -0.717628 0.000000 -0.696427
vn -0.935207 0.000000 -0.354103
vn -0.717628 0.000000 -0.696427
vn -0.381987 0.000000 -0.924168
vn -0.015000 0.000000 -0.999887
vn -0.381987 0.000000 -0.924168
vn -0.015000 0.000000 -0.999887
vn 0.354103 0.000000 -0.935207
vn 0.696427 0.000000 -0.717628
vn 0.354103 0.000000 -0.935207
vn 0.696427 0.000000 -0.717628
vn 0.924168 0.000000 -0.381987
vn 0.999886 0.000000 -0.015100
vn 0.924168 0.000000 -0.381987
vn 0.999886 0.000000 -0.015100
vn 0.196808 0.000000 0.980442
vn 0.196808 0.000000 0.980442
vn 0.543807 0.000000 0.839210
vn 0.543807 0.000000 0.839210
vn 0.832389 0.000000 0.554192
vn 0.832389 0.000000 0.554192
vn 0.984030 0.000000 0.178005
vn 0.984030 0.000000 0.178005
vn 0.980465 0.000000 -0.196693
vn 0.980465 0.000000 -0.196693
vn 0.839210 0.000000 -0.543807
vn 0.839210 0.000000 -0.543807
vn 0.554262 0.000000 -0.832342
vn 0.554262 0.000000 -0.832342
vn 0.178102 0.000000 -0.984012
vn 0.178102 0.000000 -0.984012
vn -0.196693 0.000000 -0.980465
vn -0.196693 0.000000 -0.980465
vn -0.543807 0.000000 -0.839210
vn -0.543807 0.000000 -0.839210
vn -0.832389 0.000000 -0.554192
vn -0.832389 0.000000 -0.554192
vn -0.984030 0.000000 -0.178005
vn -0.984030 0.000000 -0.178005
vn -0.980484 0.000000 0.196597
vn -0.980484 0.000000 0.196597
vn -0.839210 0.000000 0.543807
vn -0.839210 0.000000 0.543807
vn -0.554192 0.000000 0.832389
vn -0.554192 0.000000 0.832389
vn -0.178102 0.000000 0.984012
vn -0.178102 0.000000 0.984012
vn 0.196597 0.000000 0.980484
vn 0.196597 0.000000 0.980484
vn 0.980484 0.000000 -0.196597
vn 0.984030 0.000000 0.178005
vn 0.980484 0.000000 -0.196597
vn 0.839210 0.000000 -0.543807
vn 0.839210 0.000000 -0.543807
vn 0.554192 0.000000 -0.832389
vn 0.554192 0.000000 -0.832389
vn 0.178102 0.000000 -0.984012
vn 0.178102 0.000000 -0.984012
vn -0.196693 0.000000 -0.980465
vn -0.196693 0.000000 -0.980465
vn -0.543807 0.000000 -0.839210
vn -0.543807 0.000000 -0.839210
vn -0.832389 0.000000 -0.554192
vn -0.832389 0.000000 -0.554192
vn -0.984030 0.000000 -0.178005
vn -0.984030 0.000000 -0.178005
vn -0.980465 0.000000 0.196693
vn -0.980465 0.000000 0.196693
vn -0.839210 0.000000 0.543807
vn -0.839210 0.000000 0.543807
vn -0.554192 0.000000 0.832389
vn -0.554192 0.000000 0.832389
vn -0.178005 0.000000 0.984030
vn -0.178005 0.000000 0.984030
vn 0.196597 0.000000 0.980484
vn 0.196597 0.000000 0.980484
vn 0.984030 0.000000 0.178005
vn 0.832389 0.000000 0.554192
vn 0.832389 0.000000 0.554192
vn 0.543807 0.000000 0.839210
vn 0.196693 0.000000 0.980465
vn 0.543807 0.000000 0.839210
vn 0.196693 0.000000 0.980465
vn 0.196501 0.000000 0.980504
vn -0.178102 0.000000 0.984012
vn 0.196501 0.000000 0.980504
vn -0.178102 0.000000 0.984012
vn -0.554192 0.000000 0.832389
vn -0.554192 0.000000 0.832389
vn -0.839210 0.000000 0.543807
vn -0.839210 0.000000 0.543807
vn -0.980465 0.000000 0.196693
vn -0.980465 0.000000 0.196693
vn -0.984030 0.000000 -0.178005
vn -0.832389 0.000000 -0.554192
vn -0.984030 0.000000 -0.178005
vn -0.832389 0.000000 -0.554192
vn -0.543807 0.000000 -0.839210
vn -0.196693 0.000000 -0.980465
vn -0.543807 0.000000 -0.839210
vn -0.196693 0.000000 -0.980465
vn 0.178102 0.000000 -0.984012
vn 0.554192 0.000000 -0.832389
vn 0.178102 0.000000 -0.984012
vn 0.554192 0.000000 -0.832389
vn 0.839210 0.000000 -0.543807
vn 0.980484 0.000000 -0.196597
vn 0.839210 0.000000 -0.543807
vn 0.980484 0.000000 -0.196597
vn 0.984030 0.000000 0.178005
vn 0.832389 0.000000 0.554192
vn 0.984030 0.000000 0.178005
vn 0.832389 0.000000 0.554192
vn 0.543807 0.000000 0.839210
vn 0.543807 0.000000 0.839210
vn 0.196808 0.000000 0.980442
vn 0.196808 0.000000 0.980442
vn 0.574435 0.000000 0.818550
vn 0.629828 0.000100 0.776735
vn 0.593291 0.000000 0.804988
vn 0.574435 0.000000 0.818550
vn 0.593291 0.000000 0.804988
vn 0.593291 0.000000 0.804988
vn 0.574435 0.000000 0.818550
vn 0.629828 -0.000100 0.776735
vn 0.611806 0.000000 0.791008
vn 0.611869 0.000000 0.790959
vn 0.682543 0.000000 0.730846
vn 0.682543 0.000000 0.730846
vn 0.707756 0.000000 0.706457
vn 0.707756 0.000000 0.706457
vn 0.732099 0.000000 0.681199
vn 0.755659 0.000000 0.654965
vn 0.732099 0.000000 0.681199
vn 0.755659 0.000000 0.654965
vn 0.778208 0.000000 0.628007
vn 0.799868 0.000000 0.600176
vn 0.778208 0.000000 0.628007
vn 0.799868 0.000000 0.600176
vn 0.820475 0.000000 0.571682
vn 0.840069 0.000000 0.542480
vn 0.820475 0.000000 0.571682
vn 0.840069 0.000000 0.542480
vn 0.858620 0.000000 0.512612
vn 0.892277 0.000000 0.451488
vn 0.858620 0.000000 0.512612
vn 0.892317 0.000000 0.451409
vn 0.902553 0.000000 0.430578
vn 0.902535 0.000000 0.430617
vn 0.921441 0.000000 0.388517
vn 0.921441 0.000000 0.388517
vn 0.912271 -0.000100 0.409587
vn 0.912271 0.000000 0.409587
vn 0.912271 0.000100 0.409587
vn 0.902553 -0.000100 0.430578
vn 0.921441 0.000000 0.388517
vn 0.611806 0.000000 0.791008
vn -0.921406 0.000000 -0.388602
vn -0.713726 0.000000 -0.700425
vn -0.921406 0.000000 -0.388602
vn -0.713726 0.000000 -0.700425
vn -0.921406 0.000000 -0.388602
vn -0.376798 0.000000 -0.926295
vn -0.376798 0.000000 -0.926295
vn 0.021999 0.000000 -0.999758
vn 0.021999 0.000000 -0.999758
vn 0.388517 0.000000 -0.921441
vn 0.700425 0.000000 -0.713726
vn 0.388517 0.000000 -0.921441
vn 0.700425 0.000000 -0.713726
vn 0.926261 0.000000 -0.376884
vn 0.926261 0.000000 -0.376884
vn 0.999758 0.000000 0.021999
vn 0.921492 0.000000 0.388397
vn 0.921492 0.000000 0.388397
vn 0.999758 0.000000 0.021999
vn 0.921456 0.000000 0.388482
vn -0.574502 0.000000 -0.818503
vn -0.629828 0.000000 -0.776735
vn -0.593179 0.000000 -0.805071
vn -0.574502 0.000000 -0.818503
vn -0.593179 0.000000 -0.805071
vn -0.574502 0.000000 -0.818503
vn -0.611584 0.000000 -0.791179
vn -0.593179 0.000000 -0.805071
vn -0.629828 0.000000 -0.776735
vn -0.611584 0.000000 -0.791179
vn -0.682493 0.000000 -0.730892
vn -0.682493 0.000000 -0.730892
vn -0.707756 0.000000 -0.706457
vn -0.707756 0.000000 -0.706457
vn -0.732148 0.000000 -0.681145
vn -0.755659 0.000000 -0.654965
vn -0.732148 0.000000 -0.681145
vn -0.755659 0.000000 -0.654965
vn -0.778208 0.000000 -0.628007
vn -0.799868 0.000000 -0.600176
vn -0.778208 0.000000 -0.628007
vn -0.799868 0.000000 -0.600176
vn -0.820475 0.000000 -0.571682
vn -0.840069 0.000000 -0.542480
vn -0.820475 0.000000 -0.571682
vn -0.840069 0.000000 -0.542480
vn -0.858576 0.000000 -0.512686
vn -0.858576 0.000000 -0.512686
vn -0.892277 0.000000 -0.451488
vn -0.902400 0.000000 -0.430900
vn -0.902400 0.000000 -0.430900
vn -0.912180 0.000000 -0.409791
vn -0.902439 0.000000 -0.430818
vn -0.892277 0.000000 -0.451488
vn -0.921441 0.000000 -0.388517
vn -0.912180 -0.000100 -0.409791
vn -0.921441 0.000000 -0.388517
vn -0.921441 0.000000 -0.388517
vn -0.912180 0.000000 -0.409791
vn -0.611584 0.000000 -0.791179
vn -0.818550 0.000000 0.574435
vn -0.972523 0.000000 0.232806
vn -0.818550 0.000000 0.574435
vn -0.549613 0.000000 0.835419
vn -0.549613 0.000000 0.835419
vn -0.172502 0.000000 0.985009
vn 0.232806 0.000000 0.972523
vn -0.172502 0.000000 0.985009
vn 0.232806 0.000000 0.972523
vn 0.574435 0.000000 0.818550
vn 0.574388 0.000000 0.818583
vn 0.574274 0.000000 0.818663
vn -0.972523 0.000000 0.232806
vn -0.984992 0.000000 -0.172599
vn -0.984992 0.000000 -0.172599
vn -0.835419 0.000000 -0.549613
vn -0.835419 0.000000 -0.549613
vn -0.574616 0.000000 -0.818423
vn -0.574502 0.000000 -0.818503
vn -0.574616 0.000000 -0.818423
vn 0.830107 0.000000 -0.557605
vn 0.804311 0.000000 -0.594208
vn 0.830107 0.000000 -0.557605
vn 0.804311 0.000000 -0.594208
vn 0.776774 0.000000 -0.629779
vn 0.746681 0.000000 -0.665183
vn 0.776774 0.000000 -0.629779
vn 0.746681 0.000000 -0.665183
vn 0.714716 0.000000 -0.699415
vn 0.680628 0.000000 -0.732630
vn 0.714716 0.000000 -0.699415
vn 0.680628 0.000000 -0.732630
vn 0.644502 0.000000 -0.764603
vn 0.644502 0.000000 -0.764603
vn 0.606492 0.000000 -0.795090
vn 0.606492 0.000000 -0.795090
vn 0.566482 0.000000 -0.824074
vn 0.524694 0.000000 -0.851291
vn 0.566482 0.000000 -0.824074
vn 0.524694 0.000000 -0.851291
vn 0.481205 0.000000 -0.876608
vn 0.436099 0.000000 -0.899899
vn 0.481205 0.000000 -0.876608
vn 0.436099 0.000000 -0.899899
vn 0.389594 0.000000 -0.920987
vn 0.341880 0.000000 -0.939744
vn 0.389594 0.000000 -0.920987
vn 0.341880 0.000000 -0.939744
vn 0.293003 0.000000 -0.956111
vn 0.243194 0.000000 -0.969978
vn 0.293003 0.000000 -0.956111
vn 0.243194 0.000000 -0.969978
vn 0.192692 0.000000 -0.981259
vn 0.141701 0.000000 -0.989909
vn 0.192692 0.000000 -0.981259
vn 0.141701 0.000000 -0.989909
vn 0.090400 0.000000 -0.995905
vn 0.039002 0.000000 -0.999239
vn 0.090400 0.000000 -0.995905
vn 0.039002 0.000000 -0.999239
vn -0.012400 0.000000 -0.999923
vn -0.063399 0.000000 -0.997988
vn -0.012400 0.000000 -0.999923
vn -0.063399 0.000000 -0.997988
vn -0.113899 0.000000 -0.993492
vn -0.163799 0.000000 -0.986494
vn -0.113899 0.000000 -0.993492
vn -0.163799 0.000000 -0.986494
vn -0.212704 0.000000 -0.977117
vn -0.260705 0.000000 -0.965419
vn -0.212704 0.000000 -0.977117
vn -0.260705 0.000000 -0.965419
vn -0.307815 0.000000 -0.951446
vn -0.353008 0.000000 -0.935620
vn -0.307815 0.000000 -0.951446
vn -0.353008 0.000000 -0.935620
vn -0.397091 0.000000 -0.917779
vn -0.439597 0.000000 -0.898195
vn -0.397091 0.000000 -0.917779
vn -0.439597 0.000000 -0.898195
vn -0.480575 0.000000 -0.876954
vn -0.519868 0.000000 -0.854247
vn -0.480575 0.000000 -0.876954
vn -0.519868 0.000000 -0.854247
vn -0.557605 0.000000 -0.830107
vn -0.593806 0.000000 -0.804608
vn -0.557605 0.000000 -0.830107
vn -0.593806 0.000000 -0.804608
vn -0.630107 0.000000 -0.776508
vn -0.665183 0.000000 -0.746681
vn -0.630107 0.000000 -0.776508
vn -0.665183 0.000000 -0.746681
vn -0.699415 0.000000 -0.714716
vn -0.732630 0.000000 -0.680628
vn -0.699415 0.000000 -0.714716
vn -0.732630 0.000000 -0.680628
vn -0.764603 0.000000 -0.644502
vn -0.795090 0.000000 -0.606492
vn -0.764603 0.000000 -0.644502
vn -0.795090 0.000000 -0.606492
vn -0.824074 0.000000 -0.566482
vn -0.851291 0.000000 -0.524694
vn -0.824074 0.000000 -0.566482
vn -0.851291 0.000000 -0.524694
vn -0.876608 0.000000 -0.481205
vn -0.899899 0.000000 -0.436099
vn -0.876608 0.000000 -0.481205
vn -0.899899 0.000000 -0.436099
vn -0.920987 0.000000 -0.389594
vn -0.939744 0.000000 -0.341880
vn -0.920987 0.000000 -0.389594
vn -0.939744 0.000000 -0.341880
vn -0.956111 0.000000 -0.293003
vn -0.969978 0.000000 -0.243194
vn -0.956111 0.000000 -0.293003
vn -0.969978 0.000000 -0.243194
vn -0.981259 0.000000 -0.192692
vn -0.989909 0.000000 -0.141701
vn -0.981259 0.000000 -0.192692
vn -0.989909 0.000000 -0.141701
vn -0.995905 0.000000 -0.090400
vn -0.999243 0.000000 -0.038902
vn -0.995905 0.000000 -0.090400
vn -0.999243 0.000000 -0.038902
vn -0.999923 0.000000 0.012400
vn -0.997988 0.000000 0.063399
vn -0.999923 0.000000 0.012400
vn -0.997988 0.000000 0.063399
vn -0.993492 0.000000 0.113899
vn -0.986494 0.000000 0.163799
vn -0.993492 0.000000 0.113899
vn -0.986494 0.000000 0.163799
vn -0.977117 0.000000 0.212704
vn -0.965419 0.000000 0.260705
vn -0.977117 0.000000 0.212704
vn -0.965419 0.000000 0.260705
vn -0.951544 0.000000 0.307514
vn -0.935620 0.000000 0.353008
vn -0.951544 0.000000 0.307514
vn -0.935620 0.000000 0.353008
vn -0.917779 0.000000 0.397091
vn -0.898195 0.000000 0.439597
vn -0.917779 0.000000 0.397091
vn -0.898195 0.000000 0.439597
vn -0.876954 0.000000 0.480575
vn -0.854247 0.000000 0.519868
vn -0.876954 0.000000 0.480575
vn -0.854247 0.000000 0.519868
vn -0.830107 0.000000 0.557605
vn -0.804311 0.000000 0.594208
vn -0.830107 0.000000 0.557605
vn -0.804311 0.000000 0.594208
vn -0.776912 0.000000 0.629610
vn -0.746681 0.000000 0.665183
vn -0.776912 0.000000 0.629610
vn -0.746681 0.000000 0.665183
vn -0.714716 0.000000 0.699415
vn -0.680628 0.000000 0.732630
vn -0.714716 0.000000 0.699415
vn -0.680628 0.000000 0.732630
vn -0.644502 0.000000 0.764603
vn -0.606826 0.000000 0.794834
vn -0.644502 0.000000 0.764603
vn -0.606826 0.000000 0.794834
vn -0.566482 0.000000 0.824074
vn -0.566482 0.000000 0.824074
vn -0.524694 0.000000 0.851291
vn -0.481205 0.000000 0.876608
vn -0.524694 0.000000 0.851291
vn -0.481205 0.000000 0.876608
vn -0.436099 0.000000 0.899899
vn -0.389594 0.000000 0.920987
vn -0.436099 0.000000 0.899899
vn -0.389594 0.000000 0.920987
vn -0.341880 0.000000 0.939744
vn -0.341880 0.000000 0.939744
vn -0.293003 0.000000 0.956111
vn -0.293003 0.000000 0.956111
vn -0.243194 0.000000 0.969978
vn -0.243194 0.000000 0.969978
vn -0.192692 0.000000 0.981259
vn -0.192692 0.000000 0.981259
vn -0.141701 0.000000 0.989909
vn -0.090400 0.000000 0.995905
vn -0.141701 0.000000 0.989909
vn -0.090400 0.000000 0.995905
vn -0.039002 0.000000 0.999239
vn 0.012400 0.000000 0.999923
vn -0.039002 0.000000 0.999239
vn 0.012400 0.000000 0.999923
vn 0.063399 0.000000 0.997988
vn 0.063399 0.000000 0.997988
vn 0.113899 0.000000 0.993492
vn 0.113899 0.000000 0.993492
vn 0.163799 0.000000 0.986494
vn 0.163799 0.000000 0.986494
vn 0.212704 0.000000 0.977117
vn 0.212704 0.000000 0.977117
vn 0.261010 0.000000 0.965336
vn 0.307514 0.000000 0.951544
vn 0.261010 0.000000 0.965336
vn 0.307514 0.000000 0.951544
vn 0.353008 0.000000 0.935620
vn 0.397091 0.000000 0.917779
vn 0.353008 0.000000 0.935620
vn 0.397091 0.000000 0.917779
vn 0.439597 0.000000 0.898195
vn 0.439597 0.000000 0.898195
vn 0.480575 0.000000 0.876954
vn 0.480575 0.000000 0.876954
vn 0.519868 0.000000 0.854247
vn 0.519868 0.000000 0.854247
vn 0.557605 0.000000 0.830107
vn 0.594208 0.000000 0.804311
vn 0.557605 0.000000 0.830107
vn 0.594208 0.000000 0.804311
vn 0.630107 0.000000 0.776508
vn 0.664811 0.000000 0.747012
vn 0.630107 0.000000 0.776508
vn 0.664811 0.000000 0.747012
vn 0.699415 0.000000 0.714716
vn 0.732630 0.000000 0.680628
vn 0.699415 0.000000 0.714716
vn 0.732630 0.000000 0.680628
vn 0.764603 0.000000 0.644502
vn 0.794834 0.000000 0.606826
vn 0.764603 0.000000 0.644502
vn 0.794834 0.000000 0.606826
vn 0.824074 0.000000 0.566482
vn 0.824074 0.000000 0.566482
vn 0.851291 0.000000 0.524694
vn 0.851291 0.000000 0.524694
vn 0.876608 0.000000 0.481205
vn 0.899899 0.000000 0.436099
vn 0.876608 0.000000 0.481205
vn 0.899899 0.000000 0.436099
vn 0.920987 0.000000 0.389594
vn 0.939744 0.000000 0.341880
vn 0.920987 0.000000 0.389594
vn 0.939744 0.000000 0.341880
vn 0.956111 0.000000 0.293003
vn 0.956111 0.000000 0.293003
vn 0.969978 0.000000 0.243194
vn 0.969978 0.000000 0.243194
vn 0.981259 0.000000 0.192692
vn 0.981259 0.000000 0.192692
vn 0.989909 0.000000 0.141701
vn 0.989909 0.000000 0.141701
vn 0.995905 0.000000 0.090400
vn 0.999239 0.000000 0.039002
vn 0.995905 0.000000 0.090400
vn 0.999239 0.000000 0.039002
vn 0.999923 0.000000 -0.012400
vn 0.997988 0.000000 -0.063399
vn 0.999923 0.000000 -0.012400
vn 0.997988 0.000000 -0.063399
vn 0.993492 0.000000 -0.113899
vn 0.993492 0.000000 -0.113899
vn 0.986494 0.000000 -0.163799
vn 0.986494 0.000000 -0.163799
vn 0.977117 0.000000 -0.212704
vn 0.977117 0.000000 -0.212704
vn 0.965419 0.000000 -0.260705
vn 0.965419 0.000000 -0.260705
vn 0.951544 0.000000 -0.307514
vn 0.935620 0.000000 -0.353008
vn 0.951544 0.000000 -0.307514
vn 0.935620 0.000000 -0.353008
vn 0.917779 0.000000 -0.397091
vn 0.898195 0.000000 -0.439597
vn 0.917779 0.000000 -0.397091
vn 0.898195 0.000000 -0.439597
vn 0.876954 0.000000 -0.480575
vn 0.876954 0.000000 -0.480575
vn 0.854291 0.000000 -0.519795
vn 0.854291 0.000000 -0.519795
vn 0.830107 0.000000 -0.557605
vn 0.830107 0.000000 -0.557605
vn 0.024000 0.000000 0.999712
vn 0.076001 0.000000 0.997108
vn 0.076001 0.000000 0.997108
vn 0.024000 0.000000 0.999712
vn 0.076001 0.000000 0.997108
vn 0.127603 0.000000 0.991825
vn 0.127603 0.000000 0.991825
vn 0.230093 0.000000 0.973169
vn 0.229903 0.000000 0.973214
vn 0.332292 0.000000 0.943177
vn 0.332292 0.000000 0.943177
vn 0.428881 0.000000 0.903361
vn 0.517493 0.000000 0.855688
vn 0.428881 0.000000 0.903361
vn 0.517493 0.000000 0.855688
vn 0.601087 0.000000 0.799183
vn 0.601087 0.000000 0.799183
vn 0.678708 0.000000 0.734408
vn 0.678708 0.000000 0.734408
vn 0.751703 0.000000 0.659502
vn 0.751703 0.000000 0.659502
vn 0.814692 0.000000 0.579894
vn 0.814692 0.000000 0.579894
vn 0.869404 0.000000 0.494102
vn 0.869404 0.000000 0.494102
vn 0.915596 0.000000 0.402098
vn 0.915596 0.000000 0.402098
vn 0.952482 0.000000 0.304594
vn 0.952482 0.000000 0.304594
vn 0.979116 0.000000 0.203303
vn 0.979116 0.000000 0.203303
vn 0.995037 0.000000 0.099504
vn 0.995037 0.000000 0.099504
vn 0.998876 0.000000 0.047399
vn 0.999988 0.000000 -0.004800
vn 0.998876 0.000000 0.047399
vn 0.998876 0.000000 0.047399
vn 0.999988 0.000000 -0.004800
vn 0.995037 0.000000 0.099504
vn 0.127603 0.000000 0.991825
vn 0.999887 0.000000 -0.015000
vn 0.999887 0.000000 -0.015000
vn 0.999887 0.000000 -0.015000
vn 0.999887 0.000000 -0.015000
vn 0.015000 0.000000 0.999887
vn 0.015000 0.000000 0.999887
vn 0.015000 0.000000 0.999887
vn 0.015000 0.000000 0.999887
vn -0.830107 0.000000 0.557605
vn -0.802525 0.000000 0.596619
vn -0.802227 0.000000 0.597020
vn -0.830107 0.000000 0.557605
vn -0.802441 0.000000 0.596731
vn -0.772190 0.000000 0.635392
vn -0.772190 0.000000 0.635392
vn -0.706106 0.000000 0.708106
vn -0.706406 0.000000 0.707806
vn -0.632312 0.000000 0.774714
vn -0.632312 0.000000 0.774714
vn -0.555807 0.000000 0.831311
vn -0.555807 0.000000 0.831311
vn -0.472590 0.000000 0.881282
vn -0.472590 0.000000 0.881282
vn -0.383514 0.000000 0.923535
vn -0.383514 0.000000 0.923535
vn -0.290099 0.000000 0.956997
vn -0.193308 0.000000 0.981138
vn -0.290099 0.000000 0.956997
vn -0.193308 0.000000 0.981138
vn -0.094403 0.000000 0.995534
vn -0.094403 0.000000 0.995534
vn -0.044800 0.000000 0.998996
vn 0.004900 0.000000 0.999988
vn -0.044800 0.000000 0.998996
vn 0.004900 0.000000 0.999988
vn -0.044800 0.000000 0.998996
vn -0.094403 0.000000 0.995534
vn -0.772190 0.000000 0.635392
vn -0.999887 0.000000 0.015000
vn -0.999887 0.000000 0.015000
vn -0.999887 0.000000 0.015000
vn -0.999887 0.000000 0.015000
vn 0.999887 0.000000 -0.015000
vn 0.999887 0.000000 -0.015000
vn 0.999887 0.000000 -0.015000
vn 0.999887 0.000000 -0.015000
vn 0.015000 0.000000 0.999887
vn 0.015000 0.000000 0.999887
vn 0.015000 0.000000 0.999887
vn 0.015000 0.000000 0.999887
vn -0.015000 0.000000 -0.999887
vn -0.015000 0.000000 -0.999887
vn -0.015000 0.000000 -0.999887
vn -0.015000 0.000000 -0.999887
vn 0.999887 0.000000 -0.015000
vn 0.999887 0.000000 -0.015000
vn 0.999887 0.000000 -0.015000
vn 0.999887 0.000000 -0.015000
vn -0.015000 0.000000 -0.999887
vn -0.015000 0.000000 -0.999887
vn -0.015000 0.000000 -0.999887
vn -0.015000 0.000000 -0.999887
vn 0.999712 0.000000 -0.024000
vn 0.997108 0.000000 -0.076001
vn 0.997108 0.000000 -0.076001
vn 0.999712 0.000000 -0.024000
vn 0.997108 0.000000 -0.076001
vn 0.991825 0.000000 -0.127603
vn 0.991825 0.000000 -0.127603
vn 0.973074 0.000000 -0.230494
vn 0.942998 0.000000 -0.332799
vn 0.973074 0.000000 -0.230494
vn 0.991825 0.000000 -0.127603
vn 0.942998 0.000000 -0.332799
vn 0.903265 0.000000 -0.429083
vn 0.903265 0.000000 -0.429083
vn 0.855546 0.000000 -0.517728
vn 0.855546 0.000000 -0.517728
vn 0.799099 0.000000 -0.601199
vn 0.799099 0.000000 -0.601199
vn 0.734121 0.000000 -0.679019
vn 0.734121 0.000000 -0.679019
vn 0.659078 0.000000 -0.752075
vn 0.659078 0.000000 -0.752075
vn 0.579420 0.000000 -0.815029
vn 0.579420 0.000000 -0.815029
vn 0.493520 0.000000 -0.869735
vn 0.493520 0.000000 -0.869735
vn 0.401810 0.000000 -0.915723
vn 0.401810 0.000000 -0.915723
vn 0.303810 0.000000 -0.952733
vn 0.303810 0.000000 -0.952733
vn 0.202401 0.000000 -0.979303
vn 0.202401 0.000000 -0.979303
vn 0.098504 0.000000 -0.995137
vn 0.098504 0.000000 -0.995137
vn 0.046301 0.000000 -0.998928
vn 0.046301 0.000000 -0.998928
vn -0.005900 0.000000 -0.999983
vn -0.005900 0.000000 -0.999983
vn 0.046301 0.000000 -0.998928
vn 0.098504 0.000000 -0.995137
vn -0.999887 0.000000 0.015000
vn -0.999887 0.000000 0.015000
vn -0.999887 0.000000 0.015000
vn -0.999887 0.000000 0.015000
vn -0.999887 0.000000 0.015000
vn -0.999887 0.000000 0.015000
vn -0.999887 0.000000 0.015000
vn -0.999887 0.000000 0.015000
vn 0.015000 0.000000 0.999887
vn 0.015000 0.000000 0.999887
vn 0.015000 0.000000 0.999887
vn 0.015000 0.000000 0.999887
vn -0.128600 0.000000 -0.991697
vn -0.128600 0.000000 -0.991697
vn -0.077002 0.000000 -0.997031
vn -0.230895 0.000000 -0.972979
vn -0.231201 0.000000 -0.972906
vn -0.333605 0.000000 -0.942713
vn -0.333605 0.000000 -0.942713
vn -0.429689 0.000000 -0.902977
vn -0.429689 0.000000 -0.902977
vn -0.518182 0.000000 -0.855270
vn -0.518182 0.000000 -0.855270
vn -0.601087 0.000000 -0.799183
vn -0.601087 0.000000 -0.799183
vn -0.679384 0.000000 -0.733783
vn -0.679384 0.000000 -0.733783
vn -0.752496 0.000000 -0.658597
vn -0.752496 0.000000 -0.658597
vn -0.815271 0.000000 -0.579079
vn -0.815271 0.000000 -0.579079
vn -0.869759 0.000000 -0.493477
vn -0.869759 0.000000 -0.493477
vn -0.916045 0.000000 -0.401076
vn -0.916045 0.000000 -0.401076
vn -0.952800 0.000000 -0.303600
vn -0.952800 0.000000 -0.303600
vn -0.979342 0.000000 -0.202209
vn -0.979342 0.000000 -0.202209
vn -0.995146 0.000000 -0.098405
vn -0.995146 0.000000 -0.098405
vn -0.998932 0.000000 -0.046201
vn -0.999983 0.000000 0.005900
vn -0.998932 0.000000 -0.046201
vn -0.998932 0.000000 -0.046201
vn -0.999983 0.000000 0.005900
vn -0.995146 0.000000 -0.098405
vn -0.128600 0.000000 -0.991697
vn -0.077002 0.000000 -0.997031
vn -0.025000 0.000000 -0.999687
vn -0.077002 0.000000 -0.997031
vn -0.025000 0.000000 -0.999687
vn -0.992822 0.000000 0.119603
vn -0.992810 0.000000 0.119701
vn -0.997369 0.000000 0.072498
vn -0.977138 0.000000 0.212608
vn -0.977163 0.000000 0.212492
vn -0.951582 0.000000 0.307394
vn -0.951582 0.000000 0.307394
vn -0.917868 0.000000 0.396886
vn -0.917868 0.000000 0.396886
vn -0.876931 0.000000 0.480617
vn -0.876889 0.000000 0.480694
vn -0.854291 0.000000 0.519795
vn -0.830107 0.000000 0.557605
vn -0.854291 0.000000 0.519795
vn -0.830107 0.000000 0.557605
vn -0.854291 0.000000 0.519795
vn -0.876889 0.000000 0.480694
vn -0.992822 0.000000 0.119603
vn -0.997369 0.000000 0.072498
vn -0.997369 0.000000 0.072498
vn -0.999685 0.000000 0.025100
vn -0.999685 0.000000 0.025100
vn -0.015000 0.000000 -0.999887
vn -0.015000 0.000000 -0.999887
vn -0.015000 0.000000 -0.999887
vn -0.015000 0.000000 -0.999887
vn 0.000000 -1.000000 0.000000
vn 0.000000 -1.000000 0.000000
vn 0.000000 -1.000000 0.000000
vn 0.000000 -1.000000 0.000000
vn 0.000000 -1.000000 0.000000
vn 0.000000 -1.000000 0.000000
vn 0.000000 -1.000000 0.000000
vn 0.000000 -1.000000 0.000000
vn 0.000000 -1.000000 0.000000
vn 0.000000 -1.000000 0.000000
vn 0.000000 -1.000000 0.000000
vn 0.000000 -1.000000 0.000000
vn 0.000000 -1.000000 0.000000
vn 0.000000 -1.000000 0.000000
vn 0.000000 -1.000000 0.000000
vn 0.000000 -1.000000 0.000000
vn 0.000000 -1.000000 0.000000
vn 0.000000 -1.000000 0.000000
vn 0.000000 -1.000000 0.000000
vn 0.000000 -1.000000 0.000000
vn 0.000000 -1.000000 0.000000
vn 0.000000 -1.000000 0.000000
vn 0.000000 -1.000000 0.000000
vn 0.000000 -1.000000 0.000000
vn 0.000000 -1.000000 0.000000
vn 0.000000 -1.000000 0.000000
vn 0.000000 -1.000000 0.000000
vn 0.000000 -1.000000 0.000000
vn 0.000000 -1.000000 0.000000
vn 0.000000 -1.000000 0.000000
vn 0.000000 -1.000000 0.000000
vn 0.000000 -1.000000 0.000000
vn 0.000000 -1.000000 0.000000
vn 0.000000 -1.000000 0.000000
vn 0.000000 -1.000000 0.000000
vn 0.000000 -1.000000 0.000000
vn 0.000000 -1.000000 0.000000
vn 0.000000 -1.000000 0.000000
vn 0.000000 -1.000000 0.000000
vn 0.000000 -1.000000 0.000000
vn 0.000000 -1.000000 0.000000
vn 0.000000 -1.000000 0.000000
vn 0.000000 -1.000000 0.000000
vn 0.000000 -1.000000 0.000000
vn 0.000000 -1.000000 0.000000
vn 0.000000 -1.000000 0.000000
vn 0.000000 -1.000000 0.000000
vn 0.000000 -1.000000 0.000000
vn 0.000000 -1.000000 0.000000
vn 0.000000 -1.000000 0.000000
vn 0.000000 -1.000000 0.000000
vn 0.000000 -1.000000 0.000000
vn 0.000000 -1.000000 0.000000
vn 0.000000 -1.000000 0.000000
vn 0.000000 -1.000000 0.000000
vn 0.000000 -1.000000 0.000000
vn 0.000000 -1.000000 0.000000
vn 0.000000 -1.000000 0.000000
vn 0.000000 -1.000000 0.000000
vn 0.000000 -1.000000 0.000000
vn 0.000000 -1.000000 0.000000
vn 0.000000 -1.000000 0.000000
vn 0.000000 -1.000000 0.000000
vn 0.000000 -1.000000 0.000000
vn 0.000000 -1.000000 0.000000
vn 0.000000 -1.000000 0.000000
vn 0.000000 -1.000000 0.000000
vn 0.000000 -1.000000 0.000000
vn 0.000000 -1.000000 0.000000
vn 0.000000 -1.000000 0.000000
vn 0.000000 -1.000000 0.000000
vn 0.000000 -1.000000 0.000000
vn 0.000000 -1.000000 0.000000
vn 0.000000 -1.000000 0.000000
vn 0.000000 -1.000000 0.000000
vn 0.000000 -1.000000 0.000000
vn 0.000000 -1.000000 0.000000
vn 0.000000 -1.000000 0.000000
vn 0.000000 -1.000000 0.000000
vn 0.000000 -1.000000 0.000000
vn 0.000000 -1.000000 0.000000
vn 0.000000 -1.000000 0.000000
vn 0.000000 -1.000000 0.000000
vn 0.000000 -1.000000 0.000000
vn 0.000000 -1.000000 0.000000
vn 0.000000 -1.000000 0.000000
vn 0.000000 -1.000000 0.000000
vn 0.000000 -1.000000 0.000000
vn 0.000000 -1.000000 0.000000
vn 0.000000 -1.000000 0.000000
vn 0.000000 -1.000000 0.000000
vn 0.000000 -1.000000 0.000000
vn 0.000000 -1.000000 0.000000
vn 0.000000 -1.000000 0.000000
vn 0.000000 -1.000000 0.000000
vn 0.000000 -1.000000 0.000000
vn 0.000000 -1.000000 0.000000
vn 0.000000 -1.000000 0.000000
vn 0.000000 -1.000000 0.000000
vn 0.000000 -1.000000 0.000000
vn 0.000000 -1.000000 0.000000
vn 0.000000 -1.000000 0.000000
vn 0.000000 -1.000000 0.000000
vn 0.000000 -1.000000 0.000000
vn 0.000000 -1.000000 0.000000
vn 0.000000 -1.000000 0.000000
vn 0.000000 -1.000000 0.000000
vn 0.000000 -1.000000 0.000000
vn 0.000000 -1.000000 0.000000
vn 0.000000 -1.000000 0.000000
vn 0.000000 -1.000000 0.000000
vn 0.000000 -1.000000 0.000000
vn 0.000000 -1.000000 0.000000
vn 0.000000 -1.000000 0.000000
vn 0.000000 -1.000000 0.000000
vn 0.000000 -1.000000 0.000000
vn 0.000000 -1.000000 0.000000
vn 0.000000 -1.000000 0.000000
vn 0.000000 -1.000000 0.000000
vn 0.000000 -1.000000 0.000000
vn 0.000000 -1.000000 0.000000
vn 0.000000 -1.000000 0.000000
vn 0.000000 -1.000000 0.000000
vn 0.000000 -1.000000 0.000000
vn 0.000000 -1.000000 0.000000
vn 0.000000 -1.000000 0.000000
vn 0.000000 -1.000000 0.000000
vn 0.000000 -1.000000 0.000000
vn 0.000000 -1.000000 0.000000
vn 0.000000 -1.000000 0.000000
vn 0.000000 -1.000000 0.000000
vn 0.000000 -1.000000 0.000000
vn 0.000000 -1.000000 0.000000
vn 0.000000 -1.000000 0.000000
vn 0.000000 -1.000000 0.000000
vn 0.000000 -1.000000 0.000000
vn 0.000000 -1.000000 0.000000
vn 0.000000 -1.000000 0.000000
vn 0.000000 -1.000000 0.000000
vn 0.000000 -1.000000 0.000000
vn 0.000000 -1.000000 0.000000
vn 0.000000 -1.000000 0.000000
vn 0.000000 -1.000000 0.000000
vn 0.000000 -1.000000 0.000000
vn 0.000000 -1.000000 0.000000
vn 0.000000 -1.000000 0.000000
vn 0.000000 -1.000000 0.000000
vn 0.000000 -1.000000 0.000000
vn 0.000000 -1.000000 0.000000
vn 0.000000 -1.000000 0.000000
vn 0.000000 -1.000000 0.000000
vn 0.000000 -1.000000 0.000000
vn 0.000000 -1.000000 0.000000
vn 0.000000 -1.000000 0.000000
vn 0.000000 -1.000000 0.000000
vn 0.000000 -1.000000 0.000000
vn 0.000000 -1.000000 0.000000
vn 0.000000 -1.000000 0.000000
vn 0.000000 -1.000000 0.000000
vn 0.000000 -1.000000 0.000000
vn 0.000000 -1.000000 0.000000
vn 0.000000 -1.000000 0.000000
vn 0.000000 -1.000000 0.000000
vn 0.000000 -1.000000 0.000000
vn 0.000000 -1.000000 0.000000
vn 0.000000 -1.000000 0.000000
vn 0.000000 -1.000000 0.000000
vn 0.000000 -1.000000 0.000000
vn 0.000000 -1.000000 0.000000
vn 0.000000 -1.000000 0.000000
vn 0.000000 -1.000000 0.000000
vn 0.000000 -1.000000 0.000000
vn 0.000000 -1.000000 0.000000
vn 0.000000 -1.000000 0.000000
vn 0.000000 -1.000000 0.000000
vn 0.000000 -1.000000 0.000000
vn 0.000000 -1.000000 0.000000
vn 0.000000 -1.000000 0.000000
vn 0.000000 -1.000000 0.000000
vn 0.000000 -1.000000 0.000000
vn 0.000000 -1.000000 0.000000
vn 0.000000 -1.000000 0.000000
vn 0.000000 -1.000000 0.000000
vn 0.000000 -1.000000 0.000000
vn 0.000000 -1.000000 0.000000
vn 0.000000 -1.000000 0.000000
vn 0.000000 -1.000000 0.000000
vn 0.000000 -1.000000 0.000000
vn 0.000000 -1.000000 0.000000
vn 0.000000 -1.000000 0.000000
vn 0.000000 -1.000000 0.000000
vn 0.000000 -1.000000 0.000000
vn 0.000000 -1.000000 0.000000
vn 0.000000 -1.000000 0.000000
vn 0.000000 -1.000000 0.000000
vn 0.000000 -1.000000 0.000000
vn 0.000000 -1.000000 0.000000
vn 0.000000 -1.000000 0.000000
vn 0.000000 -1.000000 0.000000
vn 0.000000 -1.000000 0.000000
vn 0.000000 -1.000000 0.000000
vn 0.000000 -1.000000 0.000000
vn 0.000000 -1.000000 0.000000
vn 0.000000 -1.000000 0.000000
vn 0.000000 -1.000000 0.000000
vn 0.000000 -1.000000 0.000000
vn 0.000000 -1.000000 0.000000
vn 0.000000 -1.000000 0.000000
vn 0.000000 -1.000000 0.000000
vn 0.000000 -1.000000 0.000000
vn 0.000000 -1.000000 0.000000
vn 0.000000 -1.000000 0.000000
vn 0.000000 -1.000000 0.000000
vn 0.000000 -1.000000 0.000000
vn 0.000000 -1.000000 0.000000
vn 0.000000 -1.000000 0.000000
vn 0.000000 -1.000000 0.000000
vn 0.000000 -1.000000 0.000000
vn 0.000000 -1.000000 0.000000
vn 0.000000 -1.000000 0.000000
vn 0.000000 -1.000000 0.000000
vn 0.000000 -1.000000 0.000000
vn 0.000000 -1.000000 0.000000
vn 0.000000 -1.000000 0.000000
vn 0.000000 -1.000000 0.000000
vn 0.000000 -1.000000 0.000000
vn 0.000000 -1.000000 0.000000
vn 0.000000 -1.000000 0.000000
vn 0.000000 -1.000000 0.000000
vn 0.000000 -1.000000 0.000000
vn 0.000000 -1.000000 0.000000
vn 0.000000 -1.000000 0.000000
vn 0.000000 -1.000000 0.000000
vn 0.000000 -1.000000 0.000000
vn 0.000000 -1.000000 0.000000
vn 0.000000 -1.000000 0.000000
vn 0.000000 -1.000000 0.000000
vn 0.000000 -1.000000 0.000000
vn 0.000000 -1.000000 0.000000
vn 0.000000 -1.000000 0.000000
vn 0.000000 -1.000000 0.000000
vn 0.000000 -1.000000 0.000000
vn 0.000000 -1.000000 0.000000
vn 0.000000 -1.000000 0.000000
vn 0.000000 -1.000000 0.000000
vn 0.000000 -1.000000 0.000000
vn 0.000000 -1.000000 0.000000
vn 0.000000 -1.000000 0.000000
vn 0.000000 -1.000000 0.000000
vn 0.000000 -1.000000 0.000000
vn 0.000000 -1.000000 0.000000
vn 0.000000 -1.000000 0.000000
vn 0.000000 -1.000000 0.000000
vn 0.000000 -1.000000 0.000000
vn 0.000000 -1.000000 0.000000
vn 0.000000 -1.000000 0.000000
vn 0.000000 -1.000000 0.000000
vn 0.000000 -1.000000 0.000000
vn 0.000000 -1.000000 0.000000
vn 0.000000 -1.000000 0.000000
vn 0.000000 -1.000000 0.000000
vn 0.000000 -1.000000 0.000000
vn 0.000000 -1.000000 0.000000
vn 0.000000 -1.000000 0.000000
vn 0.000000 -1.000000 0.000000
vn 0.000000 -1.000000 0.000000
vn 0.000000 -1.000000 0.000000
vn 0.000000 -1.000000 0.000000
vn 0.000000 -1.000000 0.000000
vn 0.000000 -1.000000 0.000000
vn 0.000000 -1.000000 0.000000
vn 0.000000 -1.000000 0.000000
vn 0.000000 -1.000000 0.000000
vn 0.000000 -1.000000 0.000000
vn 0.000000 -1.000000 0.000000
vn 0.000000 -1.000000 0.000000
vn 0.000000 -1.000000 0.000000
vn 0.000000 -1.000000 0.000000
vn 0.000000 -1.000000 0.000000
vn 0.000000 -1.000000 0.000000
vn 0.000000 -1.000000 0.000000
vn 0.000000 -1.000000 0.000000
vn 0.000000 -1.000000 0.000000
vn 0.000000 -1.000000 0.000000
vn 0.000000 -1.000000 0.000000
vn 0.000000 -1.000000 0.000000
vn 0.000000 -1.000000 0.000000
vn 0.000000 -1.000000 0.000000
vn 0.000000 -1.000000 0.000000
vn 0.000000 -1.000000 0.000000
vn 0.000000 -1.000000 0.000000
vn 0.000000 -1.000000 0.000000
vn 0.000000 -1.000000 0.000000
vn 0.000000 -1.000000 0.000000
vn 0.000000 -1.000000 0.000000
vn 0.000000 -1.000000 0.000000
vn 0.000000 -1.000000 0.000000
vn 0.000000 -1.000000 0.000000
vn 0.000000 -1.000000 0.000000
vn 0.000000 -1.000000 0.000000
vn 0.000000 -1.000000 0.000000
vn 0.000000 -1.000000 0.000000
vn 0.000000 -1.000000 0.000000
vn 0.000000 -1.000000 0.000000
vn 0.000000 -1.000000 0.000000
vn 0.000000 -1.000000 0.000000
vn 0.000000 -1.000000 0.000000
vn 0.000000 -1.000000 0.000000
vn 0.000000 -1.000000 0.000000
vn 0.000000 -1.000000 0.000000
vn 0.000000 -1.000000 0.000000
vn 0.000000 -1.000000 0.000000
vn 0.000000 -1.000000 0.000000
vn 0.000000 -1.000000 0.000000
vn 0.000000 -1.000000 0.000000
vn 0.000000 -1.000000 0.000000
vn 0.000000 -1.000000 0.000000
vn 0.000000 -1.000000 0.000000
vn 0.000000 -1.000000 0.000000
vn 0.000000 -1.000000 0.000000
vn 0.000000 -1.000000 0.000000
vn 0.000000 -1.000000 0.000000
vn 0.000000 -1.000000 0.000000
vn 0.000000 -1.000000 0.000000
vn 0.000000 -1.000000 0.000000
vn 0.000000 -1.000000 0.000000
vn 0.000000 -1.000000 0.000000
vn 0.000000 -1.000000 0.000000
vn 0.000000 -1.000000 0.000000
vn 0.000000 -1.000000 0.000000
vn 0.000000 -1.000000 0.000000
vn 0.000000 -1.000000 0.000000
vn 0.000000 -1.000000 0.000000
vn 0.000000 -1.000000 0.000000
vn 0.000000 -1.000000 0.000000
vn 0.000000 -1.000000 0.000000
vn 0.000000 -1.000000 0.000000
vn 0.000000 -1.000000 0.000000
vn 0.000000 -1.000000 0.000000
vn 0.000000 -1.000000 0.000000
vn 0.000000 -1.000000 0.000000
vn 0.000000 -1.000000 0.000000
vn 0.000000 -1.000000 0.000000
vn 0.000000 -1.000000 0.000000
vn 0.000000 -1.000000 0.000000
vn 0.000000 -1.000000 0.000000
vn 0.000000 -1.000000 0.000000
vn 0.000000 -1.000000 0.000000
vn 0.000000 -1.000000 0.000000
vn 0.000000 -1.000000 0.000000
vn 0.000000 -1.000000 0.000000
vn 0.000000 -1.000000 0.000000
vn 0.000000 -1.000000 0.000000
vn 0.000000 -1.000000 0.000000
vn 0.000000 -1.000000 0.000000
vn 0.000000 -1.000000 0.000000
vn 0.000000 -1.000000 0.000000
vn 0.000000 -1.000000 0.000000
vn 0.000000 -1.000000 0.000000
vn 0.000000 -1.000000 0.000000
vn 0.000000 -1.000000 0.000000
vn 0.000000 -1.000000 0.000000
vn 0.000000 -1.000000 0.000000
vn 0.000000 -1.000000 0.000000
vn 0.000000 -1.000000 0.000000
vn 0.000000 -1.000000 0.000000
vn 0.000000 -1.000000 0.000000
vn 0.000000 -1.000000 0.000000
vn 0.000000 -1.000000 0.000000
vn 0.000000 -1.000000 0.000000
vn 0.000000 -1.000000 0.000000
vn 0.000000 -1.000000 0.000000
vn 0.000000 -1.000000 0.000000
vn 0.000000 -1.000000 0.000000
vn 0.000000 -1.000000 0.000000
vn 0.000000 -1.000000 0.000000
vn 0.000000 -1.000000 0.000000
vn 0.000000 -1.000000 0.000000
vn 0.000000 -1.000000 0.000000
vn 0.000000 -1.000000 0.000000
vn 0.000000 -1.000000 0.000000
vn 0.000000 -1.000000 0.000000
vn 0.000000 -1.000000 0.000000
vn 0.000000 -1.000000 0.000000
vn 0.000000 -1.000000 0.000000
vn 0.000000 -1.000000 0.000000
vn 0.000000 -1.000000 0.000000
vn 0.000000 -1.000000 0.000000
vn 0.000000 -1.000000 0.000000
vn 0.000000 -1.000000 0.000000
vn 0.000000 -1.000000 0.000000
vn 0.000000 -1.000000 0.000000
vn 0.000000 -1.000000 0.000000
vn 0.000000 -1.000000 0.000000
vn 0.000000 -1.000000 0.000000
vn 0.000000 -1.000000 0.000000
vn 0.000000 -1.000000 0.000000
vn 0.000000 -1.000000 0.000000
vn 0.000000 -1.000000 0.000000
vn 0.000000 -1.000000 0.000000
vn 0.000000 -1.000000 0.000000
vn 0.000000 -1.000000 0.000000
vn 0.000000 -1.000000 0.000000
vn 0.000000 -1.000000 0.000000
vn 0.000000 -1.000000 0.000000
vn 0.000000 -1.000000 0.000000
vn 0.000000 -1.000000 0.000000
vn 0.000000 -1.000000 0.000000
vn 0.000000 -1.000000 0.000000
vn 0.000000 -1.000000 0.000000
vn 0.000000 -1.000000 0.000000
vn 0.000000 -1.000000 0.000000
vn 0.000000 -1.000000 0.000000
vn 0.000000 -1.000000 0.000000
vn 0.000000 -1.000000 0.000000
vn 0.000000 -1.000000 0.000000
vn 0.000000 -1.000000 0.000000
vn 0.000000 -1.000000 0.000000
vn 0.000000 -1.000000 0.000000
vn 0.000000 -1.000000 0.000000
vn 0.000000 -1.000000 0.000000
vn 0.000000 -1.000000 0.000000
vn 0.000000 -1.000000 0.000000
vn 0.000000 -1.000000 0.000000
vn 0.000000 -1.000000 0.000000
vn 0.000000 -1.000000 0.000000
vn 0.000000 -1.000000 0.000000
vn 0.000000 -1.000000 0.000000
vn 0.000000 -1.000000 0.000000
vn 0.000000 -1.000000 0.000000
vn 0.000000 -1.000000 0.000000
vn 0.000000 -1.000000 0.000000
vn 0.000000 -1.000000 0.000000
vn 0.000000 -1.000000 0.000000
vn 0.000000 -1.000000 0.000000
vn 0.000000 -1.000000 0.000000
vn 0.000000 -1.000000 0.000000
vn 0.000000 -1.000000 0.000000
vn 0.000000 -1.000000 0.000000
vn 0.000000 -1.000000 0.000000
vn 0.000000 -1.000000 0.000000
vn 0.000000 -1.000000 0.000000
vn 0.000000 -1.000000 0.000000
vn 0.000000 -1.000000 0.000000
vn 0.000000 -1.000000 0.000000
vn 0.000000 -1.000000 0.000000
vn 0.000000 -1.000000 0.000000
vn 0.000000 -1.000000 0.000000
vn 0.000000 -1.000000 0.000000
vn 0.000000 -1.000000 0.000000
vn 0.000000 -1.000000 0.000000
vn 0.000000 -1.000000 0.000000
vn 0.000000 -1.000000 0.000000
vn 0.000000 -1.000000 0.000000
vn 0.000000 -1.000000 0.000000
vn 0.000000 -1.000000 0.000000
vn 0.000000 -1.000000 0.000000
vn 0.000000 -1.000000 0.000000
vn 0.000000 -1.000000 0.000000
vn 0.000000 -1.000000 0.000000
vn 0.000000 -1.000000 0.000000
vn 0.000000 -1.000000 0.000000
vn 0.000000 -1.000000 0.000000
vn 0.000000 -1.000000 0.000000
vn 0.000000 -1.000000 0.000000
vn 0.000000 -1.000000 0.000000
vn 0.000000 -1.000000 0.000000
vn 0.000000 -1.000000 0.000000
vn 0.000000 -1.000000 0.000000
vn 0.000000 -1.000000 0.000000
vn 0.000000 -1.000000 0.000000
vn 0.000000 -1.000000 0.000000
vn 0.000000 -1.000000 0.000000
vn 0.000000 -1.000000 0.000000
vn 0.000000 -1.000000 0.000000
vn 0.000000 -1.000000 0.000000
vn 0.000000 -1.000000 0.000000
vn 0.000000 -1.000000 0.000000
vn 0.000000 -1.000000 0.000000
vn 0.000000 -1.000000 0.000000
vn 0.000000 -1.000000 0.000000
vn 0.000000 -1.000000 0.000000
vn 0.000000 -1.000000 0.000000
vn 0.000000 -1.000000 0.000000
vn 0.000000 -1.000000 0.000000
vn 0.000000 -1.000000 0.000000
vn 0.000000 -1.000000 0.000000
vn 0.000000 -1.000000 0.000000
vn 0.000000 -1.000000 0.000000
vn 0.000000 -1.000000 0.000000
vn 0.000000 -1.000000 0.000000
vn 0.000000 -1.000000 0.000000
vn 0.000000 -1.000000 0.000000
vn 0.000000 -1.000000 0.000000
vn 0.000000 -1.000000 0.000000
vn 0.000000 -1.000000 0.000000
f 2//2 3//3 1//1
f 3//3 5//5 1//1
f 1//1 4//4 6//6
f 4//4 1//1 5//5
f 1//1 6//6 7//7
f 1//1 7//7 8//8
f 8//8 10//10 9//9
f 14//14 8//8 7//7
f 10//10 8//8 11//11
f 12//12 11//11 8//8
f 8//8 13//13 12//12
f 14//14 13//13 8//8
f 14//14 15//15 16//16
f 14//14 7//7 15//15
f 16//16 17//17 14//14
f 17//17 16//16 18//18
f 20//20 19//19 18//18
f 16//16 20//20 18//18
f 20//20 22//22 19//19
f 16//16 21//21 20//20
f 19//19 22//22 23//23
f 24//24 23//23 22//22
f 23//23 24//24 25//25
f 25//25 24//24 26//26
f 28//28 26//26 27//27
f 25//25 26//26 28//28
f 28//28 27//27 29//29
f 31//31 29//29 30//30
f 30//30 29//29 27//27
f 30//30 9//9 31//31
f 31//31 9//9 32//32
f 32//32 9//9 33//33
f 34//34 33//33 9//9
f 10//10 34//34 9//9
f 16//16 35//35 21//21
f 35//35 16//16 36//36
f 37//37 36//36 16//16
f 37//37 39//39 38//38
f 39//39 37//37 16//16
f 38//38 39//39 41//41
f 39//39 16//16 40//40
f 43//43 38//38 41//41
f 43//43 41//41 42//42
f 43//43 42//42 44//44
f 44//44 45//45 46//46
f 44//44 42//42 45//45
f 16//16 47//47 40//40
f 47//47 16//16 48//48
f 49//49 48//48 16//16
f 51//51 49//49 16//16
f 50//50 49//49 51//51
f 16//16 52//52 51//51
f 51//51 53//53 50//50
f 53//53 54//54 50//50
f 54//54 53//53 55//55
f 54//54 55//55 56//56
f 55//55 57//57 56//56
f 58//58 57//57 59//59
f 58//58 56//56 57//57
f 59//59 60//60 58//58
f 59//59 61//61 60//60
f 62//62 60//60 61//61
f 61//61 63//63 62//62
f 63//63 64//64 62//62
f 64//64 66//66 65//65
f 65//65 62//62 64//64
f 68//68 67//67 52//52
f 16//16 68//68 52//52
f 69//69 67//67 68//68
f 69//69 70//70 67//67
f 70//70 69//69 72//72
f 69//69 73//73 71//71
f 71//71 72//72 69//69
f 76//76 73//73 69//69
f 74//74 75//75 69//69
f 75//75 79//79 69//69
f 69//69 77//77 76//76
f 69//69 78//78 77//77
f 79//79 78//78 69//69
f 80//80 79//79 75//75
f 82//82 81//81 80//80
f 82//82 80//80 75//75
f 82//82 83//83 81//81
f 83//83 85//85 84//84
f 84//84 81//81 83//83
f 84//84 85//85 86//86
f 86//86 85//85 87//87
f 88//88 87//87 89//89
f 88//88 86//86 87//87
f 89//89 90//90 88//88
f 90//90 89//89 91//91
f 90//90 91//91 92//92
f 92//92 91//91 93//93
f 92//92 93//93 94//94
f 94//94 93//93 95//95
f 94//94 95//95 96//96
f 96//96 97//97 94//94
f 99//99 97//97 98//98
f 99//99 94//94 97//97
f 100//100 99//99 98//98
f 101//101 94//94 99//99
f 94//94 101//101 102//102
f 94//94 102//102 103//103
f 103//103 104//104 94//94
f 104//104 105//105 94//94
f 107//107 105//105 74//74
f 105//105 106//106 74//74
f 105//105 107//107 94//94
f 107//107 74//74 108//108
f 108//108 74//74 109//109
f 110//110 109//109 111//111
f 111//111 109//109 74//74
f 111//111 120//120 112//112
f 112//112 110//110 111//111
f 115//115 111//111 113//113
f 113//113 111//111 114//114
f 121//121 111//111 115//115
f 111//111 116//116 119//119
f 116//116 111//111 117//117
f 118//118 117//117 111//111
f 111//111 121//121 118//118
f 120//120 111//111 119//119
f 115//115 122//122 121//121
f 123//123 122//122 124//124
f 115//115 124//124 122//122
f 124//124 125//125 123//123
f 126//126 125//125 127//127
f 123//123 125//125 126//126
f 126//126 127//127 128//128
f 128//128 127//127 129//129
f 131//131 128//128 129//129
f 129//129 130//130 131//131
f 130//130 132//132 131//131
f 133//133 132//132 134//134
f 130//130 134//134 132//132
f 114//114 135//135 137//137
f 114//114 136//136 135//135
f 141//141 136//136 114//114
f 114//114 137//137 113//113
f 138//138 140//140 114//114
f 138//138 114//114 139//139
f 141//141 114//114 140//140
f 141//141 142//142 136//136
f 144//144 143//143 142//142
f 143//143 136//136 142//142
f 143//143 144//144 145//145
f 145//145 144//144 146//146
f 146//146 147//147 145//145
f 147//147 146//146 148//148
f 148//148 149//149 147//147
f 150//150 147//147 149//149
f 147//147 150//150 151//151
f 147//147 151//151 152//152
f 152//152 154//154 153//153
f 147//147 152//152 153//153
f 156//156 153//153 154//154
f 156//156 154//154 155//155
f 156//156 160//160 157//157
f 160//160 156//156 158//158
f 156//156 159//159 158//158
f 166//166 159//159 156//156
f 161//161 164//164 156//156
f 161//161 156//156 162//162
f 156//156 155//155 162//162
f 163//163 165//165 156//156
f 156//156 164//164 163//163
f 165//165 168//168 156//156
f 156//156 167//167 166//166
f 167//167 156//156 168//168
f 169//169 170//170 166//166
f 166//166 170//170 159//159
f 170//170 169//169 171//171
f 172//172 171//171 173//173
f 171//171 169//169 173//173
f 173//173 174//174 172//172
f 174//174 175//175 172//172
f 174//174 176//176 175//175
f 176//176 177//177 175//175
f 176//176 178//178 177//177
f 178//178 179//179 177//177
f 177//177 179//179 180//180
f 182//182 180//180 181//181
f 183//183 180//180 182//182
f 183//183 177//177 180//180
f 183//183 138//138 139//139
f 183//183 139//139 177//177
f 181//181 184//184 182//182
f 186//186 185//185 184//184
f 184//184 181//181 186//186
f 187//187 185//185 186//186
f 187//187 188//188 185//185
f 187//187 164//164 188//188
f 164//164 161//161 188//188
f 192//192 177//177 189//189
f 189//189 177//177 190//190
f 193//193 177//177 191//191
f 177//177 192//192 191//191
f 193//193 197//197 177//177
f 194//194 196//196 177//177
f 177//177 195//195 194//194
f 197//197 195//195 177//177
f 175//175 177//177 196//196
f 198//198 197//197 193//193
f 197//197 198//198 199//199
f 198//198 200//200 199//199
f 199//199 200//200 201//201
f 203//203 202//202 201//201
f 203//203 201//201 200//200
f 204//204 202//202 203//203
f 204//204 206//206 205//205
f 205//205 202//202 204//204
f 205//205 206//206 207//207
f 208//208 207//207 206//206
f 157//157 208//208 209//209
f 208//208 157//157 160//160
f 207//207 208//208 160//160
f 209//209 210//210 157//157
f 211//211 157//157 210//210
f 212//212 157//157 211//211
f 212//212 213//213 214//214
f 157//157 212//212 214//214
f 214//214 189//189 215//215
f 214//214 192//192 189//189
f 216//216 192//192 214//214
f 214//214 217//217 216//216
f 217//217 214//214 213//213
f 218//218 215//215 221//221
f 215//215 219//219 220//220
f 215//215 189//189 219//219
f 220//220 222//222 215//215
f 221//221 215//215 222//222
f 218//218 221//221 223//223
f 223//223 224//224 218//218
f 225//225 218//218 224//224
f 218//218 225//225 226//226
f 227//227 218//218 226//226
f 226//226 228//228 227//227
f 228//228 229//229 227//227
f 228//228 230//230 229//229
f 230//230 231//231 229//229
f 230//230 232//232 231//231
f 231//231 232//232 233//233
f 233//233 232//232 234//234
f 233//233 234//234 235//235
f 235//235 234//234 236//236
f 236//236 237//237 235//235
f 237//237 236//236 238//238
f 238//238 190//190 237//237
f 238//238 239//239 190//190
f 190//190 239//239 189//189
f 237//237 190//190 240//240
f 190//190 241//241 240//240
f 241//241 190//190 242//242
f 243//243 242//242 190//190
f 244//244 243//243 245//245
f 243//243 190//190 245//245
f 244//244 245//245 246//246
f 245//245 190//190 247//247
f 247//247 190//190 248//248
f 190//190 249//249 248//248
f 190//190 250//250 249//249
f 252//252 251//251 250//250
f 190//190 252//252 250//250
f 253//253 252//252 190//190
f 251//251 252//252 254//254
f 255//255 254//254 256//256
f 255//255 251//251 254//254
f 256//256 257//257 255//255
f 256//256 258//258 257//257
f 258//258 259//259 257//257
f 258//258 260//260 259//259
f 261//261 262//262 260//260
f 260//260 262//262 259//259
f 263//263 262//262 261//261
f 263//263 266//266 264//264
f 263//263 264//264 265//265
f 266//266 263//263 261//261
f 264//264 267//267 265//265
f 253//253 269//269 268//268
f 253//253 190//190 269//269
f 270//270 268//268 269//269
f 275//275 270//270 271//271
f 270//270 272//272 271//271
f 273//273 280//280 270//270
f 270//270 274//274 273//273
f 270//270 275//275 274//274
f 276//276 279//279 270//270
f 270//270 277//277 276//276
f 277//277 270//270 280//280
f 268//268 270//270 278//278
f 278//278 270//270 279//279
f 281//281 277//277 280//280
f 277//277 281//281 282//282
f 282//282 281//281 283//283
f 286//286 284//284 283//283
f 284//284 285//285 283//283
f 283//283 285//285 282//282
f 284//284 286//286 287//287
f 284//284 287//287 288//288
f 288//288 289//289 284//284
f 290//290 289//289 288//288
f 292//292 289//289 290//290
f 291//291 290//290 293//293
f 291//291 292//292 290//290
f 294//294 293//293 295//295
f 293//293 294//294 291//291
f 297//297 294//294 295//295
f 297//297 295//295 296//296
f 296//296 298//298 297//297
f 298//298 300//300 299//299
f 300//300 298//298 296//296
f 299//299 300//300 301//301
f 303//303 301//301 302//302
f 303//303 299//299 301//301
f 303//303 302//302 271//271
f 271//271 302//302 275//275
f 292//292 304//304 289//289
f 305//305 289//289 304//304
f 306//306 289//289 305//305
f 306//306 307//307 289//289
f 307//307 306//306 308//308
f 308//308 310//310 307//307
f 310//310 308//308 309//309
f 310//310 309//309 311//311
f 312//312 311//311 313//313
f 311//311 309//309 313//313
f 314//314 312//312 313//313
f 316//316 314//314 315//315
f 314//314 316//316 312//312
f 317//317 316//316 315//315
f 272//272 318//318 317//317
f 317//317 315//315 272//272
f 318//318 272//272 319//319
f 320//320 319//319 272//272
f 272//272 321//321 320//320
f 322//322 321//321 272//272
f 323//323 322//322 272//272
f 325//325 323//323 272//272
f 325//325 289//289 323//323
f 323//323 289//289 324//324
f 325//325 272//272 326//326
f 272//272 327//327 326//326
f 329//329 328//328 327//327
f 327//327 272//272 329//329
f 330//330 328//328 329//329
f 330//330 329//329 331//331
f 329//329 334//334 331//331
f 332//332 329//329 337//337
f 332//332 333//333 329//329
f 333//333 336//336 329//329
f 329//329 335//335 334//334
f 335//335 329//329 336//336
f 329//329 338//338 337//337
f 338//338 329//329 339//339
f 343//343 339//339 340//340
f 340//340 339//339 341//341
f 342//342 341//341 339//339
f 338//338 339//339 345//345
f 346//346 342//342 339//339
f 339//339 343//343 344//344
f 344//344 345//345 339//339
f 346//346 347//347 342//342
f 347//347 346//346 15//15
f 347//347 15//15 349//349
f 347//347 349//349 348//348
f 15//15 350//350 349//349
f 348//348 349//349 351//351
f 351//351 352//352 348//348
f 352//352 351//351 353//353
f 354//354 353//353 355//355
f 352//352 353//353 354//354
f 355//355 356//356 354//354
f 356//356 355//355 357//357
f 359//359 357//357 358//358
f 358//358 357//357 360//360
f 359//359 356//356 357//357
f 358//358 360//360 361//361
f 361//361 362//362 358//358
f 363//363 358//358 362//362
f 364//364 358//358 363//363
f 365//365 366//366 364//364
f 364//364 367//367 365//365
f 366//366 358//358 364//364
f 369//369 365//365 367//367
f 369//369 367//367 368//368
f 368//368 370//370 369//369
f 371//371 370//370 372//372
f 370//370 368//368 372//372
f 372//372 373//373 371//371
f 374//374 15//15 373//373
f 15//15 371//371 373//373
f 15//15 374//374 350//350
f 371//371 15//15 375//375
f 376//376 375//375 15//15
f 15//15 377//377 376//376
f 377//377 15//15 378//378
f 381//381 379//379 378//378
f 15//15 380//380 378//378
f 381//381 378//378 380//380
f 381//381 382//382 379//379
f 382//382 383//383 379//379
f 383//383 382//382 384//384
f 385//385 386//386 384//384
f 383//383 384//384 386//386
f 385//385 387//387 386//386
f 388//388 387//387 385//385
f 387//387 388//388 389//389
f 388//388 390//390 389//389
f 389//389 390//390 391//391
f 391//391 390//390 2//2
f 391//391 2//2 358//358
f 392//392 391//391 358//358
f 358//358 366//366 392//392
f 2//2 390//390 393//393
f 393//393 394//394 2//2
f 395//395 2//2 394//394
f 395//395 3//3 2//2
f 380//380 15//15 396//396
f 15//15 7//7 396//396
f 397//397 359//359 358//358
f 398//398 397//397 358//358
f 358//358 399//399 398//398
f 400//400 399//399 358//358
f 401//401 399//399 400//400
f 403//403 402//402 401//401
f 400//400 403//403 401//401
f 404//404 405//405 403//403
f 403//403 405//405 414//414
f 403//403 406//406 402//402
f 403//403 407//407 406//406
f 408//408 407//407 403//403
f 413//413 408//408 403//403
f 403//403 409//409 412//412
f 409//409 403//403 410//410
f 411//411 410//410 403//403
f 403//403 414//414 411//411
f 412//412 413//413 403//403
f 412//412 415//415 413//413
f 417//417 416//416 415//415
f 412//412 417//417 415//415
f 416//416 417//417 343//343
f 340//340 416//416 343//343
f 419//419 405//405 404//404
f 418//418 405//405 419//419
f 418//418 419//419 420//420
f 420//420 421//421 418//418
f 421//421 420//420 422//422
f 422//422 423//423 421//421
f 423//423 422//422 424//424
f 425//425 423//423 424//424
f 425//425 424//424 426//426
f 425//425 426//426 427//427
f 427//427 426//426 428//428
f 428//428 429//429 427//427
f 428//428 338//338 429//429
f 338//338 345//345 429//429
f 430//430 431//431 337//337
f 332//332 337//337 431//431
f 430//430 432//432 431//431
f 432//432 434//434 433//433
f 434//434 432//432 430//430
f 434//434 435//435 433//433
f 436//436 435//435 437//437
f 436//436 433//433 435//435
f 437//437 438//438 439//439
f 437//437 439//439 436//436
f 438//438 440//440 439//439
f 438//438 441//441 440//440
f 442//442 440//440 441//441
f 324//324 289//289 443//443
f 444//444 443//443 289//289
f 289//289 445//445 444//444
f 289//289 307//307 445//445
f 315//315 271//271 272//272
f 285//285 284//284 446//446
f 284//284 447//447 446//446
f 447//447 284//284 448//448
f 449//449 448//448 284//284
f 450//450 451//451 246//246
f 246//246 451//451 244//244
f 452//452 451//451 450//450
f 452//452 454//454 453//453
f 454//454 452//452 450//450
f 460//460 455//455 147//147
f 455//455 456//456 147//147
f 456//456 459//459 147//147
f 147//147 457//457 145//145
f 458//458 457//457 147//147
f 147//147 459//459 458//458
f 455//455 460//460 461//461
f 455//455 461//461 462//462
f 461//461 463//463 462//462
f 464//464 463//463 465//465
f 464//464 462//462 463//463
f 464//464 465//465 466//466
f 465//465 467//467 466//466
f 468//468 467//467 469//469
f 468//468 466//466 467//467
f 470//470 468//468 469//469
f 469//469 471//471 470//470
f 471//471 472//472 470//470
f 113//113 472//472 471//471
f 137//137 472//472 113//113
f 473//473 74//74 106//106
f 74//74 473//473 474//474
f 474//474 475//475 74//74
f 476//476 74//74 475//475
f 476//476 477//477 74//74
f 477//477 478//478 74//74
f 478//478 477//477 479//479
f 479//479 480//480 478//478
f 480//480 479//479 481//481
f 481//481 482//482 480//480
f 481//481 483//483 482//482
f 484//484 482//482 483//483
f 100//100 484//484 483//483
f 100//100 98//98 484//484
f 478//478 75//75 74//74
f 92//92 94//94 485//485
f 94//94 486//486 485//485
f 487//487 491//491 486//486
f 486//486 488//488 487//487
f 486//486 489//489 492//492
f 489//489 486//486 490//490
f 491//491 490//490 486//486
f 486//486 492//492 494//494
f 485//485 486//486 493//493
f 486//486 494//494 493//493
f 492//492 495//495 496//496
f 495//495 492//492 489//489
f 495//495 73//73 496//496
f 73//73 76//76 496//496
f 497//497 499//499 500//500
f 497//497 500//500 498//498
f 498//498 500//500 501//501
f 498//498 501//501 502//502
f 502//502 501//501 503//503
f 502//502 503//503 504//504
f 504//504 503//503 505//505
f 504//504 505//505 507//507
f 507//507 505//505 506//506
f 507//507 506//506 508//508
f 508//508 506//506 510//510
f 508//508 510//510 509//509
f 509//509 510//510 513//513
f 509//509 513//513 511//511
f 511//511 513//513 514//514
f 511//511 514//514 512//512
f 512//512 514//514 515//515
f 512//512 515//515 517//517
f 517//517 515//515 516//516
f 517//517 516//516 518//518
f 518//518 516//516 521//521
f 518//518 521//521 519//519
f 519//519 521//521 522//522
f 519//519 522//522 520//520
f 520//520 522//522 523//523
f 520//520 523//523 525//525
f 525//525 523//523 524//524
f 525//525 524//524 526//526
f 526//526 524//524 529//529
f 526//526 529//529 527//527
f 527//527 529//529 530//530
f 527//527 530//530 528//528
f 532//532 558//558 533//533
f 532//532 533//533 531//531
f 531//531 533//533 536//536
f 531//531 536//536 534//534
f 534//534 536//536 537//537
f 534//534 537//537 535//535
f 535//535 537//537 538//538
f 535//535 538//538 539//539
f 539//539 538//538 540//540
f 539//539 540//540 541//541
f 541//541 540//540 542//542
f 541//541 542//542 543//543
f 543//543 542//542 544//544
f 543//543 544//544 545//545
f 545//545 544//544 546//546
f 545//545 546//546 548//548
f 548//548 546//546 547//547
f 548//548 547//547 549//549
f 549//549 547//547 552//552
f 549//549 552//552 550//550
f 550//550 552//552 553//553
f 550//550 553//553 551//551
f 551//551 553//553 554//554
f 551//551 554//554 556//556
f 556//556 554//554 555//555
f 556//556 555//555 557//557
f 560//560 559//559 558//558
f 560//560 558//558 532//532
f 562//562 561//561 559//559
f 562//562 559//559 560//560
f 564//564 563//563 561//561
f 564//564 561//561 562//562
f 566//566 584//584 567//567
f 566//566 567//567 565//565
f 565//565 567//567 570//570
f 565//565 570//570 568//568
f 568//568 570//570 571//571
f 568//568 571//571 569//569
f 569//569 571//571 572//572
f 569//569 572//572 574//574
f 574//574 572//572 573//573
f 574//574 573//573 575//575
f 575//575 573//573 578//578
f 575//575 578//578 576//576
f 576//576 578//578 579//579
f 576//576 579//579 577//577
f 577//577 579//579 580//580
f 577//577 580//580 581//581
f 581//581 580//580 582//582
f 581//581 582//582 583//583
f 586//586 585//585 584//584
f 586//586 584//584 566//566
f 588//588 587//587 585//585
f 588//588 585//585 586//586
f 591//591 589//589 587//587
f 591//591 587//587 588//588
f 592//592 590//590 589//589
f 592//592 589//589 591//591
f 593//593 595//595 590//590
f 593//593 590//590 592//592
f 594//594 596//596 595//595
f 594//594 595//595 593//593
f 598//598 597//597 596//596
f 598//598 596//596 594//594
f 599//599 601//601 602//602
f 599//599 602//602 600//600
f 601//601 603//603 604//604
f 601//601 604//604 602//602
f 603//603 605//605 606//606
f 603//603 606//606 604//604
f 605//605 607//607 608//608
f 605//605 608//608 606//606
f 607//607 609//609 610//610
f 607//607 610//610 608//608
f 609//609 611//611 612//612
f 609//609 612//612 610//610
f 611//611 613//613 614//614
f 611//611 614//614 612//612
f 613//613 615//615 616//616
f 613//613 616//616 614//614
f 615//615 617//617 618//618
f 615//615 618//618 616//616
f 617//617 619//619 620//620
f 617//617 620//620 618//618
f 619//619 621//621 622//622
f 619//619 622//622 620//620
f 621//621 623//623 625//625
f 621//621 625//625 622//622
f 623//623 624//624 626//626
f 623//623 626//626 625//625
f 624//624 628//628 627//627
f 624//624 627//627 626//626
f 628//628 630//630 629//629
f 628//628 629//629 627//627
f 630//630 632//632 631//631
f 630//630 631//631 629//629
f 634//634 633//633 635//635
f 634//634 635//635 636//636
f 639//639 634//634 636//636
f 639//639 636//636 637//637
f 640//640 639//639 637//637
f 640//640 637//637 638//638
f 641//641 640//640 638//638
f 641//641 638//638 643//643
f 642//642 641//641 643//643
f 642//642 643//643 644//644
f 646//646 642//642 644//644
f 646//646 644//644 645//645
f 648//648 646//646 645//645
f 648//648 645//645 647//647
f 650//650 648//648 647//647
f 650//650 647//647 649//649
f 653//653 650//650 649//649
f 653//653 649//649 651//651
f 654//654 653//653 651//651
f 654//654 651//651 652//652
f 655//655 654//654 652//652
f 655//655 652//652 657//657
f 656//656 655//655 657//657
f 656//656 657//657 658//658
f 660//660 656//656 658//658
f 660//660 658//658 659//659
f 662//662 660//660 659//659
f 662//662 659//659 661//661
f 664//664 662//662 661//661
f 664//664 661//661 663//663
f 666//666 664//664 663//663
f 666//666 663//663 665//665
f 667//667 669//669 670//670
f 667//667 670//670 668//668
f 669//669 671//671 672//672
f 669//669 672//672 670//670
f 671//671 673//673 674//674
f 671//671 674//674 672//672
f 673//673 675//675 676//676
f 673//673 676//676 674//674
f 675//675 677//677 678//678
f 675//675 678//678 676//676
f 677//677 679//679 680//680
f 677//677 680//680 678//678
f 679//679 681//681 682//682
f 679//679 682//682 680//680
f 681//681 683//683 684//684
f 681//681 684//684 682//682
f 683//683 685//685 686//686
f 683//683 686//686 684//684
f 685//685 687//687 688//688
f 685//685 688//688 686//686
f 687//687 689//689 690//690
f 687//687 690//690 688//688
f 689//689 691//691 692//692
f 689//689 692//692 690//690
f 691//691 693//693 694//694
f 691//691 694//694 692//692
f 693//693 695//695 696//696
f 693//693 696//696 694//694
f 695//695 697//697 698//698
f 695//695 698//698 696//696
f 697//697 699//699 700//700
f 697//697 700//700 698//698
f 702//702 740//740 703//703
f 702//702 703//703 701//701
f 701//701 703//703 704//704
f 705//705 706//706 704//704
f 705//705 704//704 703//703
f 704//704 706//706 707//707
f 707//707 706//706 709//709
f 707//707 709//709 708//708
f 708//708 709//709 710//710
f 711//711 708//708 710//710
f 714//714 712//712 711//711
f 714//714 711//711 713//713
f 711//711 710//710 713//713
f 710//710 702//702 713//713
f 715//715 717//717 712//712
f 715//715 712//712 714//714
f 716//716 718//718 717//717
f 716//716 717//717 715//715
f 720//720 719//719 718//718
f 720//720 718//718 716//716
f 722//722 721//721 719//719
f 722//722 719//719 720//720
f 725//725 723//723 721//721
f 725//725 721//721 722//722
f 726//726 724//724 723//723
f 726//726 723//723 725//725
f 727//727 729//729 724//724
f 727//727 724//724 726//726
f 728//728 730//730 729//729
f 728//728 729//729 727//727
f 731//731 733//733 730//730
f 730//730 732//732 731//731
f 728//728 732//732 730//730
f 731//731 734//734 733//733
f 735//735 733//733 734//734
f 735//735 737//737 736//736
f 737//737 735//735 738//738
f 738//738 735//735 734//734
f 738//738 732//732 739//739
f 738//738 739//739 737//737
f 734//734 731//731 732//732
f 734//734 732//732 738//738
f 736//736 737//737 739//739
f 736//736 739//739 728//728
f 728//728 739//739 732//732
f 702//702 710//710 740//740
f 710//710 705//705 703//703
f 710//710 703//703 740//740
f 709//709 706//706 705//705
f 709//709 705//705 710//710
f 741//741 743//743 753//753
f 741//741 753//753 742//742
f 744//744 746//746 743//743
f 744//744 743//743 741//741
f 745//745 747//747 746//746
f 745//745 746//746 744//744
f 751//751 748//748 747//747
f 751//751 747//747 745//745
f 749//749 750//750 748//748
f 751//751 749//749 748//748
f 751//751 752//752 749//749
f 742//742 753//753 754//754
f 742//742 754//754 755//755
f 755//755 754//754 756//756
f 755//755 756//756 757//757
f 756//756 759//759 757//757
f 758//758 759//759 756//756
f 759//759 760//760 757//757
f 761//761 763//763 772//772
f 761//761 772//772 762//762
f 764//764 763//763 761//761
f 763//763 764//764 765//765
f 766//766 768//768 765//765
f 766//766 765//765 764//764
f 767//767 766//766 769//769
f 767//767 768//768 766//766
f 762//762 769//769 770//770
f 762//762 770//770 774//774
f 769//769 771//771 767//767
f 762//762 771//771 769//769
f 768//768 767//767 771//771
f 768//768 771//771 765//765
f 765//765 771//771 772//772
f 765//765 772//772 763//763
f 762//762 772//772 771//771
f 774//774 770//770 773//773
f 774//774 773//773 775//775
f 775//775 773//773 778//778
f 775//775 778//778 776//776
f 776//776 778//778 779//779
f 776//776 779//779 777//777
f 777//777 779//779 780//780
f 777//777 780//780 781//781
f 781//781 780//780 782//782
f 781//781 782//782 783//783
f 783//783 782//782 784//784
f 783//783 784//784 786//786
f 786//786 784//784 785//785
f 786//786 785//785 787//787
f 787//787 785//785 790//790
f 787//787 790//790 788//788
f 790//790 789//789 788//788
f 789//789 791//791 788//788
f 791//791 789//789 792//792
f 791//791 792//792 794//794
f 791//791 794//794 793//793
f 793//793 794//794 795//795
f 796//796 797//797 795//795
f 796//796 795//795 794//794
f 795//795 797//797 798//798
f 798//798 797//797 800//800
f 798//798 800//800 799//799
f 790//790 799//799 789//789
f 799//799 800//800 789//789
f 800//800 797//797 796//796
f 800//800 796//796 789//789
f 789//789 796//796 794//794
f 789//789 794//794 792//792
f 801//801 803//803 813//813
f 801//801 813//813 802//802
f 804//804 806//806 803//803
f 804//804 803//803 801//801
f 805//805 807//807 806//806
f 805//805 806//806 804//804
f 810//810 808//808 807//807
f 810//810 807//807 805//805
f 809//809 811//811 808//808
f 810//810 809//809 808//808
f 810//810 812//812 809//809
f 802//802 813//813 814//814
f 802//802 814//814 816//816
f 816//816 814//814 815//815
f 816//816 815//815 817//817
f 815//815 819//819 817//817
f 819//819 818//818 817//817
f 820//820 819//819 815//815
f 821//821 823//823 824//824
f 821//821 824//824 822//822
f 823//823 825//825 826//826
f 823//823 826//826 824//824
f 825//825 827//827 828//828
f 825//825 828//828 826//826
f 827//827 829//829 830//830
f 827//827 830//830 828//828
f 829//829 831//831 832//832
f 829//829 832//832 830//830
f 831//831 833//833 834//834
f 831//831 834//834 832//832
f 833//833 835//835 836//836
f 833//833 836//836 834//834
f 835//835 837//837 838//838
f 835//835 838//838 836//836
f 837//837 839//839 840//840
f 837//837 840//840 838//838
f 839//839 841//841 842//842
f 839//839 842//842 840//840
f 841//841 843//843 844//844
f 841//841 844//844 842//842
f 843//843 845//845 846//846
f 843//843 846//846 844//844
f 845//845 847//847 848//848
f 845//845 848//848 846//846
f 847//847 849//849 850//850
f 847//847 850//850 848//848
f 849//849 851//851 852//852
f 849//849 852//852 850//850
f 851//851 853//853 854//854
f 851//851 854//854 852//852
f 856//856 855//855 857//857
f 856//856 857//857 858//858
f 860//860 856//856 858//858
f 860//860 858//858 859//859
f 862//862 860//860 859//859
f 862//862 859//859 861//861
f 864//864 862//862 861//861
f 864//864 861//861 863//863
f 867//867 864//864 863//863
f 867//867 863//863 865//865
f 868//868 867//867 865//865
f 868//868 865//865 866//866
f 869//869 868//868 866//866
f 869//869 866//866 871//871
f 870//870 869//869 871//871
f 870//870 871//871 872//872
f 874//874 870//870 872//872
f 874//874 872//872 873//873
f 876//876 874//874 873//873
f 876//876 873//873 875//875
f 878//878 876//876 875//875
f 878//878 875//875 877//877
f 880//880 878//878 877//877
f 880//880 877//877 879//879
f 882//882 880//880 879//879
f 882//882 879//879 881//881
f 885//885 882//882 881//881
f 885//885 881//881 883//883
f 886//886 885//885 883//883
f 886//886 883//883 884//884
f 887//887 886//886 884//884
f 887//887 884//884 888//888
f 890//890 889//889 891//891
f 890//890 891//891 908//908
f 889//889 892//892 893//893
f 889//889 893//893 891//891
f 892//892 894//894 895//895
f 892//892 895//895 893//893
f 894//894 896//896 897//897
f 894//894 897//897 895//895
f 896//896 898//898 900//900
f 896//896 900//900 897//897
f 898//898 899//899 901//901
f 898//898 901//901 900//900
f 899//899 903//903 902//902
f 899//899 902//902 901//901
f 903//903 905//905 904//904
f 903//903 904//904 902//902
f 905//905 907//907 906//906
f 905//905 906//906 904//904
f 910//910 890//890 908//908
f 910//910 908//908 909//909
f 913//913 910//910 909//909
f 913//913 909//909 911//911
f 914//914 913//913 911//911
f 914//914 911//911 912//912
f 915//915 914//914 912//912
f 915//915 912//912 917//917
f 916//916 915//915 917//917
f 916//916 917//917 918//918
f 920//920 916//916 918//918
f 920//920 918//918 919//919
f 922//922 920//920 919//919
f 922//922 919//919 921//921
f 924//924 942//942 925//925
f 924//924 925//925 923//923
f 923//923 925//925 928//928
f 923//923 928//928 926//926
f 926//926 928//928 929//929
f 926//926 929//929 927//927
f 927//927 929//929 930//930
f 927//927 930//930 932//932
f 932//932 930//930 931//931
f 932//932 931//931 933//933
f 933//933 931//931 936//936
f 933//933 936//936 934//934
f 934//934 936//936 937//937
f 934//934 937//937 935//935
f 935//935 937//937 938//938
f 935//935 938//938 940//940
f 940//940 938//938 939//939
f 940//940 939//939 941//941
f 945//945 943//943 942//942
f 945//945 942//942 924//924
f 946//946 944//944 943//943
f 946//946 943//943 945//945
f 947//947 949//949 944//944
f 947//947 944//944 946//946
f 948//948 950//950 949//949
f 948//948 949//949 947//947
f 952//952 951//951 950//950
f 952//952 950//950 948//948
f 954//954 953//953 951//951
f 954//954 951//951 952//952
f 956//956 955//955 953//953
f 956//956 953//953 954//954
f 958//958 984//984 959//959
f 958//958 959//959 957//957
f 957//957 959//959 962//962
f 957//957 962//962 960//960
f 960//960 962//962 963//963
f 960//960 963//963 961//961
f 961//961 963//963 964//964
f 961//961 964//964 965//965
f 965//965 964//964 966//966
f 965//965 966//966 968//968
f 968//968 966//966 967//967
f 968//968 967//967 969//969
f 969//969 967//967 971//971
f 969//969 971//971 970//970
f 970//970 971//971 974//974
f 970//970 974//974 972//972
f 972//972 974//974 975//975
f 972//972 975//975 973//973
f 973//973 975//975 976//976
f 973//973 976//976 978//978
f 978//978 976//976 977//977
f 978//978 977//977 979//979
f 979//979 977//977 982//982
f 979//979 982//982 980//980
f 980//980 982//982 983//983
f 980//980 983//983 981//981
f 986//986 985//985 984//984
f 986//986 984//984 958//958
f 989//989 987//987 985//985
f 989//989 985//985 986//986
f 990//990 988//988 987//987
f 990//990 987//987 989//989
f 991//991 993//993 994//994
f 991//991 994//994 992//992
f 992//992 994//994 995//995
f 992//992 995//995 997//997
f 997//997 995//995 996//996
f 997//997 996//996 998//998
f 998//998 996//996 1000//1000
f 998//998 1000//1000 999//999
f 999//999 1000//1000 1003//1003
f 999//999 1003//1003 1001//1001
f 1001//1001 1003//1003 1004//1004
f 1001//1001 1004//1004 1002//1002
f 1002//1002 1004//1004 1005//1005
f 1002//1002 1005//1005 1006//1006
f 1006//1006 1005//1005 1007//1007
f 1006//1006 1007//1007 1009//1009
f 1009//1009 1007//1007 1008//1008
f 1009//1009 1008//1008 1010//1010
f 1010//1010 1008//1008 1012//1012
f 1010//1010 1012//1012 1011//1011
f 1011//1011 1012//1012 1015//1015
f 1011//1011 1015//1015 1013//1013
f 1013//1013 1015//1015 1016//1016
f 1013//1013 1016//1016 1014//1014
f 1014//1014 1016//1016 1017//1017
f 1014//1014 1017//1017 1018//1018
f 1018//1018 1017//1017 1019//1019
f 1018//1018 1019//1019 1020//1020
f 1020//1020 1019//1019 1021//1021
f 1020//1020 1021//1021 1022//1022
f 1022//1022 1021//1021 1023//1023
f 1022//1022 1023//1023 1024//1024
f 1028//1028 1025//1025 1026//1026
f 1025//1025 1027//1027 1036//1036
f 1025//1025 1036//1036 1026//1026
f 1026//1026 1030//1030 1028//1028
f 1031//1031 1028//1028 1029//1029
f 1028//1028 1030//1030 1029//1029
f 1032//1032 1033//1033 1031//1031
f 1031//1031 1029//1029 1032//1032
f 1027//1027 1037//1037 1034//1034
f 1027//1027 1034//1034 1033//1033
f 1035//1035 1033//1033 1032//1032
f 1033//1033 1035//1035 1027//1027
f 1030//1030 1026//1026 1036//1036
f 1030//1030 1036//1036 1035//1035
f 1029//1029 1030//1030 1035//1035
f 1029//1029 1035//1035 1032//1032
f 1035//1035 1036//1036 1027//1027
f 1037//1037 1039//1039 1038//1038
f 1037//1037 1038//1038 1034//1034
f 1039//1039 1042//1042 1040//1040
f 1039//1039 1040//1040 1038//1038
f 1042//1042 1043//1043 1041//1041
f 1042//1042 1041//1041 1040//1040
f 1043//1043 1044//1044 1045//1045
f 1043//1043 1045//1045 1041//1041
f 1044//1044 1046//1046 1047//1047
f 1044//1044 1047//1047 1045//1045
f 1046//1046 1048//1048 1049//1049
f 1046//1046 1049//1049 1047//1047
f 1048//1048 1050//1050 1051//1051
f 1048//1048 1051//1051 1049//1049
f 1050//1050 1052//1052 1053//1053
f 1050//1050 1053//1053 1051//1051
f 1054//1054 1053//1053 1052//1052
f 1052//1052 1055//1055 1054//1054
f 1054//1054 1055//1055 1056//1056
f 1055//1055 1057//1057 1058//1058
f 1055//1055 1058//1058 1056//1056
f 1059//1059 1058//1058 1057//1057
f 1058//1058 1059//1059 1060//1060
f 1060//1060 1059//1059 1061//1061
f 1061//1061 1059//1059 1062//1062
f 1062//1062 1063//1063 1061//1061
f 1063//1063 1054//1054 1064//1064
f 1064//1064 1061//1061 1063//1063
f 1054//1054 1063//1063 1053//1053
f 1064//1064 1054//1054 1060//1060
f 1064//1064 1060//1060 1061//1061
f 1054//1054 1056//1056 1058//1058
f 1054//1054 1058//1058 1060//1060
f 1066//1066 1067//1067 1065//1065
f 1066//1066 1068//1068 1067//1067
f 1067//1067 1068//1068 1069//1069
f 1066//1066 1071//1071 1070//1070
f 1066//1066 1070//1070 1068//1068
f 1071//1071 1073//1073 1072//1072
f 1071//1071 1072//1072 1070//1070
f 1073//1073 1076//1076 1074//1074
f 1073//1073 1074//1074 1072//1072
f 1076//1076 1077//1077 1075//1075
f 1076//1076 1075//1075 1074//1074
f 1077//1077 1078//1078 1079//1079
f 1077//1077 1079//1079 1075//1075
f 1078//1078 1080//1080 1083//1083
f 1078//1078 1083//1083 1079//1079
f 1083//1083 1080//1080 1081//1081
f 1083//1083 1081//1081 1084//1084
f 1081//1081 1080//1080 1082//1082
f 1088//1088 1085//1085 1086//1086
f 1085//1085 1087//1087 1124//1124
f 1085//1085 1124//1124 1086//1086
f 1086//1086 1089//1089 1088//1088
f 1090//1090 1088//1088 1089//1089
f 1090//1090 1089//1089 1092//1092
f 1091//1091 1093//1093 1090//1090
f 1091//1091 1090//1090 1092//1092
f 1087//1087 1093//1093 1094//1094
f 1093//1093 1091//1091 1094//1094
f 1087//1087 1096//1096 1095//1095
f 1087//1087 1095//1095 1093//1093
f 1096//1096 1098//1098 1097//1097
f 1096//1096 1097//1097 1095//1095
f 1098//1098 1101//1101 1099//1099
f 1098//1098 1099//1099 1097//1097
f 1101//1101 1102//1102 1100//1100
f 1101//1101 1100//1100 1099//1099
f 1102//1102 1103//1103 1104//1104
f 1102//1102 1104//1104 1100//1100
f 1103//1103 1105//1105 1106//1106
f 1103//1103 1106//1106 1104//1104
f 1105//1105 1107//1107 1108//1108
f 1105//1105 1108//1108 1106//1106
f 1107//1107 1109//1109 1110//1110
f 1107//1107 1110//1110 1108//1108
f 1109//1109 1111//1111 1112//1112
f 1109//1109 1112//1112 1110//1110
f 1111//1111 1114//1114 1112//1112
f 1111//1111 1113//1113 1114//1114
f 1117//1117 1114//1114 1115//1115
f 1117//1117 1115//1115 1119//1119
f 1114//1114 1116//1116 1123//1123
f 1114//1114 1123//1123 1115//1115
f 1114//1114 1113//1113 1116//1116
f 1118//1118 1114//1114 1117//1117
f 1114//1114 1118//1118 1112//1112
f 1117//1117 1119//1119 1118//1118
f 1120//1120 1118//1118 1119//1119
f 1119//1119 1121//1121 1120//1120
f 1121//1121 1123//1123 1122//1122
f 1123//1123 1121//1121 1115//1115
f 1119//1119 1115//1115 1121//1121
f 1113//1113 1122//1122 1123//1123
f 1113//1113 1123//1123 1116//1116
f 1089//1089 1086//1086 1124//1124
f 1089//1089 1124//1124 1094//1094
f 1092//1092 1089//1089 1094//1094
f 1092//1092 1094//1094 1091//1091
f 1087//1087 1094//1094 1124//1124
f 1128//1128 1125//1125 1126//1126
f 1128//1128 1126//1126 1129//1129
f 1125//1125 1127//1127 1137//1137
f 1125//1125 1137//1137 1126//1126
f 1130//1130 1128//1128 1129//1129
f 1130//1130 1129//1129 1132//1132
f 1131//1131 1130//1130 1132//1132
f 1131//1131 1132//1132 1133//1133
f 1135//1135 1133//1133 1134//1134
f 1131//1131 1133//1133 1135//1135
f 1131//1131 1135//1135 1136//1136
f 1127//1127 1138//1138 1139//1139
f 1127//1127 1139//1139 1137//1137
f 1138//1138 1140//1140 1141//1141
f 1138//1138 1141//1141 1139//1139
f 1141//1141 1140//1140 1143//1143
f 1143//1143 1140//1140 1142//1142
f 1144//1144 1141//1141 1143//1143
f 1145//1145 1147//1147 1148//1148
f 1145//1145 1148//1148 1146//1146
f 1147//1147 1149//1149 1150//1150
f 1147//1147 1150//1150 1148//1148
f 1149//1149 1151//1151 1152//1152
f 1149//1149 1152//1152 1150//1150
f 1151//1151 1153//1153 1154//1154
f 1151//1151 1154//1154 1152//1152
f 1153//1153 1155//1155 1156//1156
f 1153//1153 1156//1156 1154//1154
f 1155//1155 1157//1157 1158//1158
f 1155//1155 1158//1158 1156//1156
f 1157//1157 1159//1159 1160//1160
f 1157//1157 1160//1160 1158//1158
f 1159//1159 1161//1161 1162//1162
f 1159//1159 1162//1162 1160//1160
f 1161//1161 1163//1163 1164//1164
f 1161//1161 1164//1164 1162//1162
f 1163//1163 1165//1165 1166//1166
f 1163//1163 1166//1166 1164//1164
f 1165//1165 1167//1167 1168//1168
f 1165//1165 1168//1168 1166//1166
f 1167//1167 1169//1169 1171//1171
f 1167//1167 1171//1171 1168//1168
f 1169//1169 1170//1170 1172//1172
f 1169//1169 1172//1172 1171//1171
f 1170//1170 1174//1174 1173//1173
f 1170//1170 1173//1173 1172//1172
f 1174//1174 1176//1176 1175//1175
f 1174//1174 1175//1175 1173//1173
f 1176//1176 1178//1178 1177//1177
f 1176//1176 1177//1177 1175//1175
f 1180//1180 1179//1179 1181//1181
f 1180//1180 1181//1181 1182//1182
f 1185//1185 1180//1180 1182//1182
f 1185//1185 1182//1182 1183//1183
f 1186//1186 1185//1185 1183//1183
f 1186//1186 1183//1183 1184//1184
f 1187//1187 1186//1186 1184//1184
f 1187//1187 1184//1184 1189//1189
f 1188//1188 1187//1187 1189//1189
f 1188//1188 1189//1189 1190//1190
f 1192//1192 1188//1188 1190//1190
f 1192//1192 1190//1190 1191//1191
f 1195//1195 1192//1192 1191//1191
f 1195//1195 1191//1191 1193//1193
f 1196//1196 1195//1195 1193//1193
f 1196//1196 1193//1193 1194//1194
f 1197//1197 1196//1196 1194//1194
f 1197//1197 1194//1194 1198//1198
f 1199//1199 1197//1197 1198//1198
f 1199//1199 1198//1198 1201//1201
f 1200//1200 1199//1199 1201//1201
f 1200//1200 1201//1201 1202//1202
f 1204//1204 1200//1200 1202//1202
f 1204//1204 1202//1202 1203//1203
f 1206//1206 1204//1204 1203//1203
f 1206//1206 1203//1203 1205//1205
f 1208//1208 1206//1206 1205//1205
f 1208//1208 1205//1205 1207//1207
f 1211//1211 1208//1208 1207//1207
f 1211//1211 1207//1207 1209//1209
f 1212//1212 1211//1211 1209//1209
f 1212//1212 1209//1209 1210//1210
f 1213//1213 1215//1215 1216//1216
f 1213//1213 1216//1216 1214//1214
f 1215//1215 1217//1217 1218//1218
f 1215//1215 1218//1218 1216//1216
f 1217//1217 1219//1219 1220//1220
f 1217//1217 1220//1220 1218//1218
f 1219//1219 1221//1221 1222//1222
f 1219//1219 1222//1222 1220//1220
f 1221//1221 1223//1223 1224//1224
f 1221//1221 1224//1224 1222//1222
f 1223//1223 1225//1225 1226//1226
f 1223//1223 1226//1226 1224//1224
f 1225//1225 1227//1227 1228//1228
f 1225//1225 1228//1228 1226//1226
f 1227//1227 1229//1229 1230//1230
f 1227//1227 1230//1230 1228//1228
f 1229//1229 1231//1231 1232//1232
f 1229//1229 1232//1232 1230//1230
f 1231//1231 1233//1233 1234//1234
f 1231//1231 1234//1234 1232//1232
f 1233//1233 1235//1235 1236//1236
f 1233//1233 1236//1236 1234//1234
f 1235//1235 1237//1237 1238//1238
f 1235//1235 1238//1238 1236//1236
f 1237//1237 1239//1239 1240//1240
f 1237//1237 1240//1240 1238//1238
f 1239//1239 1241//1241 1242//1242
f 1239//1239 1242//1242 1240//1240
f 1241//1241 1243//1243 1244//1244
f 1241//1241 1244//1244 1242//1242
f 1243//1243 1245//1245 1246//1246
f 1243//1243 1246//1246 1244//1244
f 1247//1247 1249//1249 1250//1250
f 1247//1247 1250//1250 1248//1248
f 1248//1248 1250//1250 1251//1251
f 1248//1248 1251//1251 1253//1253
f 1253//1253 1251//1251 1252//1252
f 1253//1253 1252//1252 1254//1254
f 1254//1254 1252//1252 1256//1256
f 1254//1254 1256//1256 1255//1255
f 1255//1255 1256//1256 1259//1259
f 1255//1255 1259//1259 1257//1257
f 1257//1257 1259//1259 1260//1260
f 1257//1257 1260//1260 1258//1258
f 1258//1258 1260//1260 1261//1261
f 1258//1258 1261//1261 1262//1262
f 1262//1262 1261//1261 1263//1263
f 1262//1262 1263//1263 1265//1265
f 1265//1265 1263//1263 1264//1264
f 1265//1265 1264//1264 1266//1266
f 1266//1266 1264//1264 1268//1268
f 1266//1266 1268//1268 1267//1267
f 1267//1267 1268//1268 1271//1271
f 1267//1267 1271//1271 1269//1269
f 1269//1269 1271//1271 1272//1272
f 1269//1269 1272//1272 1270//1270
f 1270//1270 1272//1272 1273//1273
f 1270//1270 1273//1273 1274//1274
f 1274//1274 1273//1273 1275//1275
f 1274//1274 1275//1275 1276//1276
f 1276//1276 1275//1275 1277//1277
f 1276//1276 1277//1277 1278//1278
f 1278//1278 1277//1277 1279//1279
f 1278//1278 1279//1279 1280//1280
f 1282//1282 1284//1284 1283//1283
f 1282//1282 1283//1283 1281//1281
f 1287//1287 1285//1285 1284//1284
f 1287//1287 1284//1284 1282//1282
f 1288//1288 1286//1286 1285//1285
f 1288//1288 1285//1285 1287//1287
f 1289//1289 1291//1291 1286//1286
f 1289//1289 1286//1286 1288//1288
f 1290//1290 1292//1292 1291//1291
f 1290//1290 1291//1291 1289//1289
f 1294//1294 1293//1293 1292//1292
f 1294//1294 1292//1292 1290//1290
f 1296//1296 1295//1295 1293//1293
f 1296//1296 1293//1293 1294//1294
f 1299//1299 1297//1297 1295//1295
f 1299//1299 1295//1295 1296//1296
f 1300//1300 1298//1298 1297//1297
f 1300//1300 1297//1297 1299//1299
f 1301//1301 1303//1303 1298//1298
f 1301//1301 1298//1298 1300//1300
f 1302//1302 1304//1304 1303//1303
f 1302//1302 1303//1303 1301//1301
f 1307//1307 1305//1305 1304//1304
f 1307//1307 1304//1304 1302//1302
f 1308//1308 1306//1306 1305//1305
f 1308//1308 1305//1305 1307//1307
f 1309//1309 1311//1311 1306//1306
f 1309//1309 1306//1306 1308//1308
f 1310//1310 1312//1312 1311//1311
f 1310//1310 1311//1311 1309//1309
f 1314//1314 1313//1313 1312//1312
f 1314//1314 1312//1312 1310//1310
f 1316//1316 1334//1334 1317//1317
f 1316//1316 1317//1317 1315//1315
f 1315//1315 1317//1317 1320//1320
f 1315//1315 1320//1320 1318//1318
f 1318//1318 1320//1320 1321//1321
f 1318//1318 1321//1321 1319//1319
f 1319//1319 1321//1321 1322//1322
f 1319//1319 1322//1322 1324//1324
f 1324//1324 1322//1322 1323//1323
f 1324//1324 1323//1323 1325//1325
f 1325//1325 1323//1323 1328//1328
f 1325//1325 1328//1328 1326//1326
f 1326//1326 1328//1328 1329//1329
f 1326//1326 1329//1329 1327//1327
f 1327//1327 1329//1329 1330//1330
f 1327//1327 1330//1330 1332//1332
f 1332//1332 1330//1330 1331//1331
f 1332//1332 1331//1331 1333//1333
f 1337//1337 1335//1335 1334//1334
f 1337//1337 1334//1334 1316//1316
f 1338//1338 1336//1336 1335//1335
f 1338//1338 1335//1335 1337//1337
f 1339//1339 1341//1341 1336//1336
f 1339//1339 1336//1336 1338//1338
f 1340//1340 1342//1342 1341//1341
f 1340//1340 1341//1341 1339//1339
f 1344//1344 1343//1343 1342//1342
f 1344//1344 1342//1342 1340//1340
f 1346//1346 1345//1345 1343//1343
f 1346//1346 1343//1343 1344//1344
f 1348//1348 1347//1347 1345//1345
f 1348//1348 1345//1345 1346//1346
f 1352//1352 1349//1349 1350//1350
f 1352//1352 1350//1350 1353//1353
f 1349//1349 1351//1351 1388//1388
f 1349//1349 1388//1388 1350//1350
f 1352//1352 1353//1353 1354//1354
f 1355//1355 1352//1352 1354//1354
f 1356//1356 1357//1357 1355//1355
f 1355//1355 1354//1354 1356//1356
f 1358//1358 1357//1357 1356//1356
f 1357//1357 1358//1358 1351//1351
f 1351//1351 1360//1360 1359//1359
f 1351//1351 1359//1359 1357//1357
f 1360//1360 1362//1362 1361//1361
f 1360//1360 1361//1361 1359//1359
f 1362//1362 1365//1365 1363//1363
f 1362//1362 1363//1363 1361//1361
f 1365//1365 1366//1366 1364//1364
f 1365//1365 1364//1364 1363//1363
f 1366//1366 1367//1367 1368//1368
f 1366//1366 1368//1368 1364//1364
f 1367//1367 1369//1369 1370//1370
f 1367//1367 1370//1370 1368//1368
f 1369//1369 1371//1371 1372//1372
f 1369//1369 1372//1372 1370//1370
f 1371//1371 1373//1373 1374//1374
f 1371//1371 1374//1374 1372//1372
f 1373//1373 1375//1375 1376//1376
f 1373//1373 1376//1376 1374//1374
f 1377//1377 1376//1376 1375//1375
f 1375//1375 1378//1378 1377//1377
f 1377//1377 1378//1378 1379//1379
f 1378//1378 1380//1380 1381//1381
f 1378//1378 1381//1381 1379//1379
f 1382//1382 1381//1381 1380//1380
f 1381//1381 1382//1382 1383//1383
f 1383//1383 1382//1382 1384//1384
f 1384//1384 1382//1382 1385//1385
f 1385//1385 1386//1386 1384//1384
f 1386//1386 1377//1377 1387//1387
f 1387//1387 1384//1384 1386//1386
f 1377//1377 1386//1386 1376//1376
f 1387//1387 1377//1377 1383//1383
f 1387//1387 1383//1383 1384//1384
f 1377//1377 1379//1379 1381//1381
f 1377//1377 1381//1381 1383//1383
f 1353//1353 1350//1350 1388//1388
f 1353//1353 1388//1388 1358//1358
f 1354//1354 1353//1353 1358//1358
f 1354//1354 1358//1358 1356//1356
f 1358//1358 1388//1388 1351//1351
f 1392//1392 1389//1389 1390//1390
f 1392//1392 1390//1390 1394//1394
f 1389//1389 1391//1391 1401//1401
f 1389//1389 1401//1401 1390//1390
f 1393//1393 1392//1392 1394//1394
f 1393//1393 1394//1394 1395//1395
f 1399//1399 1393//1393 1395//1395
f 1399//1399 1395//1395 1396//1396
f 1397//1397 1396//1396 1398//1398
f 1399//1399 1396//1396 1397//1397
f 1399//1399 1397//1397 1400//1400
f 1391//1391 1402//1402 1403//1403
f 1391//1391 1403//1403 1401//1401
f 1402//1402 1404//1404 1405//1405
f 1402//1402 1405//1405 1403//1403
f 1405//1405 1404//1404 1407//1407
f 1407//1407 1404//1404 1406//1406
f 1408//1408 1405//1405 1407//1407
f 1412//1412 1409//1409 1410//1410
f 1409//1409 1411//1411 1419//1419
f 1409//1409 1419//1419 1410//1410
f 1410//1410 1413//1413 1412//1412
f 1413//1413 1415//1415 1412//1412
f 1412//1412 1415//1415 1414//1414
f 1416//1416 1414//1414 1415//1415
f 1415//1415 1413//1413 1418//1418
f 1415//1415 1418//1418 1416//1416
f 1416//1416 1417//1417 1414//1414
f 1417//1417 1416//1416 1418//1418
f 1411//1411 1417//1417 1418//1418
f 1413//1413 1410//1410 1419//1419
f 1413//1413 1419//1419 1418//1418
f 1411//1411 1418//1418 1419//1419
f 1411//1411 1422//1422 1420//1420
f 1411//1411 1420//1420 1417//1417
f 1422//1422 1423//1423 1421//1421
f 1422//1422 1421//1421 1420//1420
f 1423//1423 1424//1424 1425//1425
f 1423//1423 1425//1425 1421//1421
f 1424//1424 1426//1426 1427//1427
f 1424//1424 1427//1427 1425//1425
f 1426//1426 1428//1428 1429//1429
f 1426//1426 1429//1429 1427//1427
f 1428//1428 1430//1430 1431//1431
f 1428//1428 1431//1431 1429//1429
f 1430//1430 1432//1432 1433//1433
f 1430//1430 1433//1433 1431//1431
f 1432//1432 1434//1434 1435//1435
f 1432//1432 1435//1435 1433//1433
f 1434//1434 1436//1436 1438//1438
f 1434//1434 1438//1438 1435//1435
f 1438//1438 1436//1436 1437//1437
f 1437//1437 1436//1436 1439//1439
f 1439//1439 1440//1440 1437//1437
f 1439//1439 1441//1441 1442//1442
f 1439//1439 1442//1442 1440//1440
f 1441//1441 1443//1443 1442//1442
f 1444//1444 1443//1443 1445//1445
f 1444//1444 1442//1442 1443//1443
f 1443//1443 1446//1446 1445//1445
f 1446//1446 1447//1447 1448//1448
f 1446//1446 1448//1448 1445//1445
f 1438//1438 1437//1437 1447//1447
f 1447//1447 1437//1437 1448//1448
f 1448//1448 1437//1437 1444//1444
f 1448//1448 1444//1444 1445//1445
f 1437//1437 1440//1440 1442//1442
f 1437//1437 1442//1442 1444//1444
f 1452//1452 1449//1449 1450//1450
f 1452//1452 1450//1450 1454//1454
f 1449//1449 1451//1451 1461//1461
f 1449//1449 1461//1461 1450//1450
f 1453//1453 1452//1452 1454//1454
f 1453//1453 1454//1454 1455//1455
f 1457//1457 1453//1453 1455//1455
f 1457//1457 1455//1455 1456//1456
f 1457//1457 1456//1456 1459//1459
f 1459//1459 1456//1456 1458//1458
f 1457//1457 1459//1459 1460//1460
f 1451//1451 1462//1462 1463//1463
f 1451//1451 1463//1463 1461//1461
f 1462//1462 1464//1464 1467//1467
f 1462//1462 1467//1467 1463//1463
f 1466//1466 1464//1464 1465//1465
f 1467//1467 1464//1464 1466//1466
f 1468//1468 1467//1467 1466//1466
f 1470//1470 1472//1472 1471//1471
f 1470//1470 1471//1471 1469//1469
f 1474//1474 1473//1473 1472//1472
f 1474//1474 1472//1472 1470//1470
f 1476//1476 1475//1475 1473//1473
f 1476//1476 1473//1473 1474//1474
f 1479//1479 1477//1477 1475//1475
f 1479//1479 1475//1475 1476//1476
f 1480//1480 1478//1478 1477//1477
f 1480//1480 1477//1477 1479//1479
f 1481//1481 1483//1483 1478//1478
f 1481//1481 1478//1478 1480//1480
f 1482//1482 1484//1484 1483//1483
f 1482//1482 1483//1483 1481//1481
f 1487//1487 1485//1485 1484//1484
f 1487//1487 1484//1484 1482//1482
f 1488//1488 1486//1486 1485//1485
f 1488//1488 1485//1485 1487//1487
f 1489//1489 1491//1491 1486//1486
f 1489//1489 1486//1486 1488//1488
f 1490//1490 1492//1492 1491//1491
f 1490//1490 1491//1491 1489//1489
f 1495//1495 1493//1493 1492//1492
f 1495//1495 1492//1492 1490//1490
f 1496//1496 1494//1494 1493//1493
f 1496//1496 1493//1493 1495//1495
f 1497//1497 1499//1499 1494//1494
f 1497//1497 1494//1494 1496//1496
f 1498//1498 1500//1500 1499//1499
f 1498//1498 1499//1499 1497//1497
f 1502//1502 1501//1501 1500//1500
f 1502//1502 1500//1500 1498//1498
f 1504//1504 1530//1530 1505//1505
f 1504//1504 1505//1505 1503//1503
f 1503//1503 1505//1505 1508//1508
f 1503//1503 1508//1508 1506//1506
f 1506//1506 1508//1508 1509//1509
f 1506//1506 1509//1509 1507//1507
f 1507//1507 1509//1509 1510//1510
f 1507//1507 1510//1510 1511//1511
f 1511//1511 1510//1510 1512//1512
f 1511//1511 1512//1512 1514//1514
f 1514//1514 1512//1512 1513//1513
f 1514//1514 1513//1513 1515//1515
f 1515//1515 1513//1513 1517//1517
f 1515//1515 1517//1517 1516//1516
f 1516//1516 1517//1517 1520//1520
f 1516//1516 1520//1520 1518//1518
f 1518//1518 1520//1520 1521//1521
f 1518//1518 1521//1521 1519//1519
f 1519//1519 1521//1521 1522//1522
f 1519//1519 1522//1522 1523//1523
f 1523//1523 1522//1522 1524//1524
f 1523//1523 1524//1524 1525//1525
f 1525//1525 1524//1524 1526//1526
f 1525//1525 1526//1526 1527//1527
f 1527//1527 1526//1526 1528//1528
f 1527//1527 1528//1528 1529//1529
f 1533//1533 1531//1531 1530//1530
f 1533//1533 1530//1530 1504//1504
f 1534//1534 1532//1532 1531//1531
f 1534//1534 1531//1531 1533//1533
f 1535//1535 1536//1536 1532//1532
f 1535//1535 1532//1532 1534//1534
f 1537//1537 1539//1539 1540//1540
f 1537//1537 1540//1540 1538//1538
f 1538//1538 1540//1540 1541//1541
f 1538//1538 1541//1541 1542//1542
f 1542//1542 1541//1541 1543//1543
f 1542//1542 1543//1543 1544//1544
f 1544//1544 1543//1543 1545//1545
f 1544//1544 1545//1545 1547//1547
f 1547//1547 1545//1545 1546//1546
f 1547//1547 1546//1546 1548//1548
f 1548//1548 1546//1546 1550//1550
f 1548//1548 1550//1550 1549//1549
f 1549//1549 1550//1550 1553//1553
f 1549//1549 1553//1553 1551//1551
f 1551//1551 1553//1553 1554//1554
f 1551//1551 1554//1554 1552//1552
f 1552//1552 1554//1554 1555//1555
f 1552//1552 1555//1555 1557//1557
f 1557//1557 1555//1555 1556//1556
f 1557//1557 1556//1556 1558//1558
f 1558//1558 1556//1556 1561//1561
f 1558//1558 1561//1561 1559//1559
f 1559//1559 1561//1561 1562//1562
f 1559//1559 1562//1562 1560//1560
f 1560//1560 1562//1562 1563//1563
f 1560//1560 1563//1563 1565//1565
f 1565//1565 1563//1563 1564//1564
f 1565//1565 1564//1564 1566//1566
f 1566//1566 1564//1564 1569//1569
f 1566//1566 1569//1569 1567//1567
f 1567//1567 1569//1569 1570//1570
f 1567//1567 1570//1570 1568//1568
f 1571//1571 1573//1573 1574//1574
f 1571//1571 1574//1574 1572//1572
f 1573//1573 1575//1575 1576//1576
f 1573//1573 1576//1576 1574//1574
f 1575//1575 1577//1577 1578//1578
f 1575//1575 1578//1578 1576//1576
f 1577//1577 1579//1579 1580//1580
f 1577//1577 1580//1580 1578//1578
f 1579//1579 1581//1581 1582//1582
f 1579//1579 1582//1582 1580//1580
f 1581//1581 1583//1583 1584//1584
f 1581//1581 1584//1584 1582//1582
f 1583//1583 1585//1585 1586//1586
f 1583//1583 1586//1586 1584//1584
f 1585//1585 1587//1587 1588//1588
f 1585//1585 1588//1588 1586//1586
f 1587//1587 1589//1589 1590//1590
f 1587//1587 1590//1590 1588//1588
f 1589//1589 1591//1591 1592//1592
f 1589//1589 1592//1592 1590//1590
f 1591//1591 1593//1593 1594//1594
f 1591//1591 1594//1594 1592//1592
f 1593//1593 1595//1595 1596//1596
f 1593//1593 1596//1596 1594//1594
f 1595//1595 1597//1597 1598//1598
f 1595//1595 1598//1598 1596//1596
f 1597//1597 1599//1599 1600//1600
f 1597//1597 1600//1600 1598//1598
f 1599//1599 1601//1601 1602//1602
f 1599//1599 1602//1602 1600//1600
f 1601//1601 1603//1603 1604//1604
f 1601//1601 1604//1604 1602//1602
f 1606//1606 1605//1605 1607//1607
f 1606//1606 1607//1607 1632//1632
f 1605//1605 1608//1608 1609//1609
f 1605//1605 1609//1609 1607//1607
f 1608//1608 1610//1610 1611//1611
f 1608//1608 1611//1611 1609//1609
f 1610//1610 1612//1612 1613//1613
f 1610//1610 1613//1613 1611//1611
f 1612//1612 1614//1614 1615//1615
f 1612//1612 1615//1615 1613//1613
f 1614//1614 1616//1616 1617//1617
f 1614//1614 1617//1617 1615//1615
f 1616//1616 1618//1618 1619//1619
f 1616//1616 1619//1619 1617//1617
f 1618//1618 1620//1620 1621//1621
f 1618//1618 1621//1621 1619//1619
f 1620//1620 1622//1622 1623//1623
f 1620//1620 1623//1623 1621//1621
f 1622//1622 1624//1624 1625//1625
f 1622//1622 1625//1625 1623//1623
f 1624//1624 1626//1626 1627//1627
f 1624//1624 1627//1627 1625//1625
f 1626//1626 1628//1628 1629//1629
f 1626//1626 1629//1629 1627//1627
f 1628//1628 1630//1630 1631//1631
f 1628//1628 1631//1631 1629//1629
f 1634//1634 1606//1606 1632//1632
f 1634//1634 1632//1632 1633//1633
f 1637//1637 1634//1634 1633//1633
f 1637//1637 1633//1633 1635//1635
f 1638//1638 1637//1637 1635//1635
f 1638//1638 1635//1635 1636//1636
f 1640//1640 1639//1639 1641//1641
f 1640//1640 1641//1641 1642//1642
f 1644//1644 1640//1640 1642//1642
f 1644//1644 1642//1642 1643//1643
f 1646//1646 1644//1644 1643//1643
f 1646//1646 1643//1643 1645//1645
f 1648//1648 1646//1646 1645//1645
f 1648//1648 1645//1645 1647//1647
f 1651//1651 1648//1648 1647//1647
f 1651//1651 1647//1647 1649//1649
f 1652//1652 1651//1651 1649//1649
f 1652//1652 1649//1649 1650//1650
f 1653//1653 1652//1652 1650//1650
f 1653//1653 1650//1650 1655//1655
f 1654//1654 1653//1653 1655//1655
f 1654//1654 1655//1655 1656//1656
f 1659//1659 1654//1654 1656//1656
f 1659//1659 1656//1656 1657//1657
f 1660//1660 1659//1659 1657//1657
f 1660//1660 1657//1657 1658//1658
f 1661//1661 1660//1660 1658//1658
f 1661//1661 1658//1658 1663//1663
f 1662//1662 1661//1661 1663//1663
f 1662//1662 1663//1663 1664//1664
f 1667//1667 1662//1662 1664//1664
f 1667//1667 1664//1664 1665//1665
f 1668//1668 1667//1667 1665//1665
f 1668//1668 1665//1665 1666//1666
f 1669//1669 1668//1668 1666//1666
f 1669//1669 1666//1666 1670//1670
f 1671//1671 1669//1669 1670//1670
f 1671//1671 1670//1670 1672//1672
f 1674//1674 1712//1712 1675//1675
f 1674//1674 1675//1675 1673//1673
f 1673//1673 1675//1675 1676//1676
f 1677//1677 1678//1678 1676//1676
f 1677//1677 1676//1676 1675//1675
f 1676//1676 1678//1678 1679//1679
f 1679//1679 1678//1678 1681//1681
f 1679//1679 1681//1681 1680//1680
f 1680//1680 1681//1681 1682//1682
f 1682//1682 1683//1683 1680//1680
f 1683//1683 1682//1682 1684//1684
f 1686//1686 1685//1685 1683//1683
f 1686//1686 1683//1683 1684//1684
f 1689//1689 1687//1687 1685//1685
f 1689//1689 1685//1685 1686//1686
f 1690//1690 1688//1688 1687//1687
f 1690//1690 1687//1687 1689//1689
f 1691//1691 1693//1693 1688//1688
f 1691//1691 1688//1688 1690//1690
f 1692//1692 1694//1694 1693//1693
f 1692//1692 1693//1693 1691//1691
f 1697//1697 1695//1695 1694//1694
f 1697//1697 1694//1694 1692//1692
f 1698//1698 1696//1696 1695//1695
f 1698//1698 1695//1695 1697//1697
f 1699//1699 1701//1701 1696//1696
f 1699//1699 1696//1696 1698//1698
f 1700//1700 1702//1702 1701//1701
f 1700//1700 1701//1701 1699//1699
f 1700//1700 1704//1704 1702//1702
f 1703//1703 1705//1705 1702//1702
f 1702//1702 1704//1704 1703//1703
f 1705//1705 1707//1707 1706//1706
f 1707//1707 1705//1705 1703//1703
f 1706//1706 1707//1707 1708//1708
f 1707//1707 1703//1703 1704//1704
f 1707//1707 1704//1704 1708//1708
f 1709//1709 1706//1706 1708//1708
f 1708//1708 1704//1704 1710//1710
f 1708//1708 1710//1710 1709//1709
f 1709//1709 1710//1710 1711//1711
f 1706//1706 1709//1709 1711//1711
f 1700//1700 1711//1711 1710//1710
f 1704//1704 1700//1700 1710//1710
f 1684//1684 1682//1682 1674//1674
f 1674//1674 1682//1682 1712//1712
f 1682//1682 1677//1677 1675//1675
f 1682//1682 1675//1675 1712//1712
f 1681//1681 1678//1678 1677//1677
f 1681//1681 1677//1677 1682//1682
f 1714//1714 1713//1713 1715//1715
f 1714//1714 1715//1715 1716//1716
f 1715//1715 1717//1717 1716//1716
f 1714//1714 1716//1716 1718//1718
f 1714//1714 1718//1718 1719//1719
f 1719//1719 1718//1718 1720//1720
f 1719//1719 1720//1720 1721//1721
f 1721//1721 1720//1720 1722//1722
f 1721//1721 1722//1722 1724//1724
f 1724//1724 1722//1722 1723//1723
f 1724//1724 1723//1723 1725//1725
f 1725//1725 1723//1723 1727//1727
f 1725//1725 1727//1727 1726//1726
f 1726//1726 1727//1727 1731//1731
f 1726//1726 1731//1731 1728//1728
f 1731//1731 1732//1732 1729//1729
f 1731//1731 1729//1729 1728//1728
f 1729//1729 1730//1730 1728//1728
f 1733//1733 1735//1735 1772//1772
f 1733//1733 1772//1772 1734//1734
f 1736//1736 1735//1735 1733//1733
f 1735//1735 1736//1736 1737//1737
f 1738//1738 1740//1740 1737//1737
f 1738//1738 1737//1737 1736//1736
f 1739//1739 1738//1738 1741//1741
f 1739//1739 1740//1740 1738//1738
f 1741//1741 1742//1742 1739//1739
f 1734//1734 1742//1742 1741//1741
f 1734//1734 1741//1741 1743//1743
f 1734//1734 1743//1743 1744//1744
f 1744//1744 1743//1743 1745//1745
f 1744//1744 1745//1745 1746//1746
f 1746//1746 1745//1745 1747//1747
f 1746//1746 1747//1747 1749//1749
f 1749//1749 1747//1747 1748//1748
f 1749//1749 1748//1748 1750//1750
f 1750//1750 1748//1748 1753//1753
f 1750//1750 1753//1753 1751//1751
f 1751//1751 1753//1753 1754//1754
f 1751//1751 1754//1754 1752//1752
f 1752//1752 1754//1754 1755//1755
f 1752//1752 1755//1755 1757//1757
f 1757//1757 1755//1755 1756//1756
f 1757//1757 1756//1756 1758//1758
f 1758//1758 1756//1756 1760//1760
f 1758//1758 1760//1760 1759//1759
f 1760//1760 1762//1762 1759//1759
f 1762//1762 1761//1761 1759//1759
f 1761//1761 1762//1762 1763//1763
f 1762//1762 1764//1764 1771//1771
f 1762//1762 1771//1771 1763//1763
f 1765//1765 1768//1768 1764//1764
f 1765//1765 1764//1764 1762//1762
f 1766//1766 1765//1765 1762//1762
f 1760//1760 1766//1766 1762//1762
f 1767//1767 1768//1768 1765//1765
f 1767//1767 1765//1765 1766//1766
f 1769//1769 1768//1768 1767//1767
f 1770//1770 1771//1771 1769//1769
f 1764//1764 1768//1768 1769//1769
f 1764//1764 1769//1769 1771//1771
f 1761//1761 1763//1763 1771//1771
f 1761//1761 1771//1771 1770//1770
f 1740//1740 1739//1739 1742//1742
f 1740//1740 1742//1742 1737//1737
f 1737//1737 1742//1742 1772//1772
f 1737//1737 1772//1772 1735//1735
f 1734//1734 1772//1772 1742//1742
f 1773//1773 1775//1775 1785//1785
f 1773//1773 1785//1785 1774//1774
f 1776//1776 1777//1777 1775//1775
f 1776//1776 1775//1775 1773//1773
f 1778//1778 1780//1780 1777//1777
f 1778//1778 1777//1777 1776//1776
f 1779//1779 1781//1781 1780//1780
f 1779//1779 1780//1780 1778//1778
f 1779//1779 1783//1783 1782//1782
f 1779//1779 1782//1782 1781//1781
f 1784//1784 1783//1783 1779//1779
f 1774//1774 1785//1785 1786//1786
f 1774//1774 1786//1786 1787//1787
f 1787//1787 1786//1786 1788//1788
f 1787//1787 1788//1788 1789//1789
f 1791//1791 1789//1789 1788//1788
f 1788//1788 1790//1790 1791//1791
f 1791//1791 1792//1792 1789//1789
f 1794//1794 1796//1796 1795//1795
f 1794//1794 1795//1795 1793//1793
f 1799//1799 1797//1797 1796//1796
f 1799//1799 1796//1796 1794//1794
f 1800//1800 1798//1798 1797//1797
f 1800//1800 1797//1797 1799//1799
f 1801//1801 1803//1803 1798//1798
f 1801//1801 1798//1798 1800//1800
f 1802//1802 1804//1804 1803//1803
f 1802//1802 1803//1803 1801//1801
f 1806//1806 1805//1805 1804//1804
f 1806//1806 1804//1804 1802//1802
f 1808//1808 1807//1807 1805//1805
f 1808//1808 1805//1805 1806//1806
f 1811//1811 1809//1809 1807//1807
f 1811//1811 1807//1807 1808//1808
f 1812//1812 1810//1810 1809//1809
f 1812//1812 1809//1809 1811//1811
f 1813//1813 1815//1815 1810//1810
f 1813//1813 1810//1810 1812//1812
f 1814//1814 1816//1816 1815//1815
f 1814//1814 1815//1815 1813//1813
f 1819//1819 1817//1817 1816//1816
f 1819//1819 1816//1816 1814//1814
f 1820//1820 1818//1818 1817//1817
f 1820//1820 1817//1817 1819//1819
f 1821//1821 1823//1823 1818//1818
f 1821//1821 1818//1818 1820//1820
f 1822//1822 1824//1824 1823//1823
f 1822//1822 1823//1823 1821//1821
f 1827//1827 1825//1825 1824//1824
f 1827//1827 1824//1824 1822//1822
f 1828//1828 1826//1826 1825//1825
f 1828//1828 1825//1825 1827//1827
f 1829//1829 1831//1831 1826//1826
f 1829//1829 1826//1826 1828//1828
f 1830//1830 1832//1832 1831//1831
f 1830//1830 1831//1831 1829//1829
f 1835//1835 1833//1833 1832//1832
f 1835//1835 1832//1832 1830//1830
f 1836//1836 1834//1834 1833//1833
f 1836//1836 1833//1833 1835//1835
f 1837//1837 1839//1839 1834//1834
f 1837//1837 1834//1834 1836//1836
f 1838//1838 1840//1840 1839//1839
f 1838//1838 1839//1839 1837//1837
f 1843//1843 1841//1841 1840//1840
f 1843//1843 1840//1840 1838//1838
f 1844//1844 1842//1842 1841//1841
f 1844//1844 1841//1841 1843//1843
f 1845//1845 1847//1847 1842//1842
f 1845//1845 1842//1842 1844//1844
f 1846//1846 1848//1848 1847//1847
f 1846//1846 1847//1847 1845//1845
f 1851//1851 1849//1849 1848//1848
f 1851//1851 1848//1848 1846//1846
f 1852//1852 1850//1850 1849//1849
f 1852//1852 1849//1849 1851//1851
f 1853//1853 1855//1855 1850//1850
f 1853//1853 1850//1850 1852//1852
f 1854//1854 1856//1856 1855//1855
f 1854//1854 1855//1855 1853//1853
f 1859//1859 1857//1857 1856//1856
f 1859//1859 1856//1856 1854//1854
f 1860//1860 1858//1858 1857//1857
f 1860//1860 1857//1857 1859//1859
f 1861//1861 1863//1863 1858//1858
f 1861//1861 1858//1858 1860//1860
f 1862//1862 1864//1864 1863//1863
f 1862//1862 1863//1863 1861//1861
f 1867//1867 1865//1865 1864//1864
f 1867//1867 1864//1864 1862//1862
f 1868//1868 1866//1866 1865//1865
f 1868//1868 1865//1865 1867//1867
f 1869//1869 1871//1871 1866//1866
f 1869//1869 1866//1866 1868//1868
f 1870//1870 1872//1872 1871//1871
f 1870//1870 1871//1871 1869//1869
f 1875//1875 1873//1873 1872//1872
f 1875//1875 1872//1872 1870//1870
f 1876//1876 1874//1874 1873//1873
f 1876//1876 1873//1873 1875//1875
f 1877//1877 1879//1879 1874//1874
f 1877//1877 1874//1874 1876//1876
f 1878//1878 1880//1880 1879//1879
f 1878//1878 1879//1879 1877//1877
f 1883//1883 1881//1881 1880//1880
f 1883//1883 1880//1880 1878//1878
f 1884//1884 1882//1882 1881//1881
f 1884//1884 1881//1881 1883//1883
f 1885//1885 1887//1887 1882//1882
f 1885//1885 1882//1882 1884//1884
f 1886//1886 1888//1888 1887//1887
f 1886//1886 1887//1887 1885//1885
f 1891//1891 1889//1889 1888//1888
f 1891//1891 1888//1888 1886//1886
f 1892//1892 1890//1890 1889//1889
f 1892//1892 1889//1889 1891//1891
f 1893//1893 1895//1895 1890//1890
f 1893//1893 1890//1890 1892//1892
f 1894//1894 1896//1896 1895//1895
f 1894//1894 1895//1895 1893//1893
f 1899//1899 1897//1897 1896//1896
f 1899//1899 1896//1896 1894//1894
f 1900//1900 1898//1898 1897//1897
f 1900//1900 1897//1897 1899//1899
f 1901//1901 1903//1903 1898//1898
f 1901//1901 1898//1898 1900//1900
f 1902//1902 1904//1904 1903//1903
f 1902//1902 1903//1903 1901//1901
f 1907//1907 1905//1905 1904//1904
f 1907//1907 1904//1904 1902//1902
f 1908//1908 1906//1906 1905//1905
f 1908//1908 1905//1905 1907//1907
f 1909//1909 1911//1911 1906//1906
f 1909//1909 1906//1906 1908//1908
f 1910//1910 1912//1912 1911//1911
f 1910//1910 1911//1911 1909//1909
f 1915//1915 1913//1913 1912//1912
f 1915//1915 1912//1912 1910//1910
f 1916//1916 1914//1914 1913//1913
f 1916//1916 1913//1913 1915//1915
f 1917//1917 1919//1919 1914//1914
f 1917//1917 1914//1914 1916//1916
f 1918//1918 1920//1920 1919//1919
f 1918//1918 1919//1919 1917//1917
f 1923//1923 1921//1921 1920//1920
f 1923//1923 1920//1920 1918//1918
f 1924//1924 1922//1922 1921//1921
f 1924//1924 1921//1921 1923//1923
f 1925//1925 1927//1927 1922//1922
f 1925//1925 1922//1922 1924//1924
f 1926//1926 1928//1928 1927//1927
f 1926//1926 1927//1927 1925//1925
f 1931//1931 1929//1929 1928//1928
f 1931//1931 1928//1928 1926//1926
f 1932//1932 1930//1930 1929//1929
f 1932//1932 1929//1929 1931//1931
f 1933//1933 1935//1935 1930//1930
f 1933//1933 1930//1930 1932//1932
f 1934//1934 1936//1936 1935//1935
f 1934//1934 1935//1935 1933//1933
f 1938//1938 1937//1937 1936//1936
f 1938//1938 1936//1936 1934//1934
f 1941//1941 1939//1939 1937//1937
f 1941//1941 1937//1937 1938//1938
f 1942//1942 1940//1940 1939//1939
f 1942//1942 1939//1939 1941//1941
f 1943//1943 1945//1945 1940//1940
f 1943//1943 1940//1940 1942//1942
f 1944//1944 1946//1946 1945//1945
f 1944//1944 1945//1945 1943//1943
f 1948//1948 1947//1947 1946//1946
f 1948//1948 1946//1946 1944//1944
f 1950//1950 1949//1949 1947//1947
f 1950//1950 1947//1947 1948//1948
f 1952//1952 1951//1951 1949//1949
f 1952//1952 1949//1949 1950//1950
f 1954//1954 1953//1953 1951//1951
f 1954//1954 1951//1951 1952//1952
f 1957//1957 1955//1955 1953//1953
f 1957//1957 1953//1953 1954//1954
f 1958//1958 1956//1956 1955//1955
f 1958//1958 1955//1955 1957//1957
f 1959//1959 1961//1961 1956//1956
f 1959//1959 1956//1956 1958//1958
f 1960//1960 1962//1962 1961//1961
f 1960//1960 1961//1961 1959//1959
f 1964//1964 1963//1963 1962//1962
f 1964//1964 1962//1962 1960//1960
f 1966//1966 1965//1965 1963//1963
f 1966//1966 1963//1963 1964//1964
f 1968//1968 1967//1967 1965//1965
f 1968//1968 1965//1965 1966//1966
f 1970//1970 1969//1969 1967//1967
f 1970//1970 1967//1967 1968//1968
f 1973//1973 1971//1971 1969//1969
f 1973//1973 1969//1969 1970//1970
f 1974//1974 1972//1972 1971//1971
f 1974//1974 1971//1971 1973//1973
f 1975//1975 1977//1977 1972//1972
f 1975//1975 1972//1972 1974//1974
f 1976//1976 1978//1978 1977//1977
f 1976//1976 1977//1977 1975//1975
f 1980//1980 1979//1979 1978//1978
f 1980//1980 1978//1978 1976//1976
f 1982//1982 1981//1981 1979//1979
f 1982//1982 1979//1979 1980//1980
f 1984//1984 1983//1983 1981//1981
f 1984//1984 1981//1981 1982//1982
f 1987//1987 1985//1985 1983//1983
f 1987//1987 1983//1983 1984//1984
f 1988//1988 1986//1986 1985//1985
f 1988//1988 1985//1985 1987//1987
f 1989//1989 1991//1991 1986//1986
f 1989//1989 1986//1986 1988//1988
f 1990//1990 1992//1992 1991//1991
f 1990//1990 1991//1991 1989//1989
f 1995//1995 1993//1993 1992//1992
f 1995//1995 1992//1992 1990//1990
f 1996//1996 1994//1994 1993//1993
f 1996//1996 1993//1993 1995//1995
f 1997//1997 1999//1999 1994//1994
f 1997//1997 1994//1994 1996//1996
f 1998//1998 2000//2000 1999//1999
f 1998//1998 1999//1999 1997//1997
f 2002//2002 2001//2001 2000//2000
f 2002//2002 2000//2000 1998//1998
f 2004//2004 2003//2003 2001//2001
f 2004//2004 2001//2001 2002//2002
f 2007//2007 2005//2005 2003//2003
f 2007//2007 2003//2003 2004//2004
f 2008//2008 2006//2006 2005//2005
f 2008//2008 2005//2005 2007//2007
f 2009//2009 2011//2011 2006//2006
f 2009//2009 2006//2006 2008//2008
f 2010//2010 2012//2012 2011//2011
f 2010//2010 2011//2011 2009//2009
f 2014//2014 2013//2013 2012//2012
f 2014//2014 2012//2012 2010//2010
f 2016//2016 2015//2015 2013//2013
f 2016//2016 2013//2013 2014//2014
f 2018//2018 2017//2017 2015//2015
f 2018//2018 2015//2015 2016//2016
f 2020//2020 2019//2019 2017//2017
f 2020//2020 2017//2017 2018//2018
f 2023//2023 2021//2021 2019//2019
f 2023//2023 2019//2019 2020//2020
f 2024//2024 2022//2022 2021//2021
f 2024//2024 2021//2021 2023//2023
f 2025//2025 2027//2027 2022//2022
f 2025//2025 2022//2022 2024//2024
f 2026//2026 2028//2028 2027//2027
f 2026//2026 2027//2027 2025//2025
f 2030//2030 2029//2029 2028//2028
f 2030//2030 2028//2028 2026//2026
f 2032//2032 2031//2031 2029//2029
f 2032//2032 2029//2029 2030//2030
f 2034//2034 2033//2033 2031//2031
f 2034//2034 2031//2031 2032//2032
f 2036//2036 2035//2035 2033//2033
f 2036//2036 2033//2033 2034//2034
f 2039//2039 2037//2037 2035//2035
f 2039//2039 2035//2035 2036//2036
f 2040//2040 2038//2038 2037//2037
f 2040//2040 2037//2037 2039//2039
f 2041//2041 2043//2043 2038//2038
f 2041//2041 2038//2038 2040//2040
f 2042//2042 2044//2044 2043//2043
f 2042//2042 2043//2043 2041//2041
f 2046//2046 2045//2045 2044//2044
f 2046//2046 2044//2044 2042//2042
f 2048//2048 2047//2047 2045//2045
f 2048//2048 2045//2045 2046//2046
f 2050//2050 2049//2049 2047//2047
f 2050//2050 2047//2047 2048//2048
f 2052//2052 2054//2054 2051//2051
f 2052//2052 2051//2051 2053//2053
f 2054//2054 2052//2052 2055//2055
f 2056//2056 2055//2055 2052//2052
f 2056//2056 2052//2052 2057//2057
f 2057//2057 2058//2058 2056//2056
f 2060//2060 2058//2058 2059//2059
f 2060//2060 2059//2059 2061//2061
f 2058//2058 2057//2057 2059//2059
f 2062//2062 2060//2060 2061//2061
f 2062//2062 2061//2061 2064//2064
f 2063//2063 2062//2062 2064//2064
f 2063//2063 2064//2064 2065//2065
f 2067//2067 2063//2063 2065//2065
f 2067//2067 2065//2065 2066//2066
f 2069//2069 2067//2067 2066//2066
f 2069//2069 2066//2066 2068//2068
f 2071//2071 2069//2069 2068//2068
f 2071//2071 2068//2068 2070//2070
f 2073//2073 2071//2071 2070//2070
f 2073//2073 2070//2070 2072//2072
f 2075//2075 2073//2073 2072//2072
f 2075//2075 2072//2072 2074//2074
f 2077//2077 2075//2075 2074//2074
f 2077//2077 2074//2074 2076//2076
f 2079//2079 2077//2077 2076//2076
f 2079//2079 2076//2076 2078//2078
f 2081//2081 2079//2079 2078//2078
f 2081//2081 2078//2078 2080//2080
f 2080//2080 2082//2082 2081//2081
f 2082//2082 2080//2080 2083//2083
f 2086//2086 2082//2082 2083//2083
f 2086//2086 2083//2083 2084//2084
f 2086//2086 2084//2084 2085//2085
f 2085//2085 2088//2088 2086//2086
f 2088//2088 2087//2087 2086//2086
f 2087//2087 2089//2089 2082//2082
f 2087//2087 2082//2082 2086//2086
f 2081//2081 2082//2082 2089//2089
f 2059//2059 2057//2057 2090//2090
f 2057//2057 2052//2052 2053//2053
f 2057//2057 2053//2053 2090//2090
f 2092//2092 2094//2094 2093//2093
f 2092//2092 2093//2093 2091//2091
f 2096//2096 2098//2098 2097//2097
f 2096//2096 2097//2097 2095//2095
f 2100//2100 2102//2102 2099//2099
f 2100//2100 2099//2099 2101//2101
f 2102//2102 2100//2100 2103//2103
f 2104//2104 2103//2103 2100//2100
f 2104//2104 2100//2100 2105//2105
f 2105//2105 2106//2106 2104//2104
f 2108//2108 2106//2106 2107//2107
f 2108//2108 2107//2107 2109//2109
f 2106//2106 2105//2105 2107//2107
f 2110//2110 2108//2108 2109//2109
f 2110//2110 2109//2109 2111//2111
f 2112//2112 2110//2110 2111//2111
f 2112//2112 2111//2111 2113//2113
f 2114//2114 2112//2112 2113//2113
f 2114//2114 2113//2113 2115//2115
f 2116//2116 2114//2114 2115//2115
f 2116//2116 2115//2115 2118//2118
f 2117//2117 2116//2116 2118//2118
f 2117//2117 2118//2118 2119//2119
f 2119//2119 2120//2120 2117//2117
f 2120//2120 2119//2119 2121//2121
f 2124//2124 2120//2120 2121//2121
f 2124//2124 2121//2121 2122//2122
f 2124//2124 2122//2122 2123//2123
f 2123//2123 2125//2125 2124//2124
f 2125//2125 2126//2126 2124//2124
f 2126//2126 2127//2127 2120//2120
f 2126//2126 2120//2120 2124//2124
f 2117//2117 2120//2120 2127//2127
f 2107//2107 2105//2105 2128//2128
f 2105//2105 2100//2100 2101//2101
f 2105//2105 2101//2101 2128//2128
f 2130//2130 2132//2132 2131//2131
f 2130//2130 2131//2131 2129//2129
f 2133//2133 2135//2135 2136//2136
f 2133//2133 2136//2136 2134//2134
f 2138//2138 2140//2140 2139//2139
f 2138//2138 2139//2139 2137//2137
f 2141//2141 2143//2143 2144//2144
f 2141//2141 2144//2144 2142//2142
f 2145//2145 2147//2147 2148//2148
f 2145//2145 2148//2148 2146//2146
f 2150//2150 2149//2149 2151//2151
f 2150//2150 2151//2151 2152//2152
f 2154//2154 2156//2156 2153//2153
f 2154//2154 2153//2153 2155//2155
f 2156//2156 2154//2154 2157//2157
f 2158//2158 2157//2157 2154//2154
f 2158//2158 2154//2154 2159//2159
f 2159//2159 2160//2160 2158//2158
f 2160//2160 2159//2159 2162//2162
f 2161//2161 2160//2160 2162//2162
f 2161//2161 2162//2162 2164//2164
f 2162//2162 2159//2159 2163//2163
f 2166//2166 2161//2161 2164//2164
f 2166//2166 2164//2164 2165//2165
f 2168//2168 2166//2166 2165//2165
f 2168//2168 2165//2165 2167//2167
f 2170//2170 2168//2168 2167//2167
f 2170//2170 2167//2167 2169//2169
f 2172//2172 2170//2170 2169//2169
f 2172//2172 2169//2169 2171//2171
f 2174//2174 2172//2172 2171//2171
f 2174//2174 2171//2171 2173//2173
f 2176//2176 2174//2174 2173//2173
f 2176//2176 2173//2173 2175//2175
f 2178//2178 2176//2176 2175//2175
f 2178//2178 2175//2175 2177//2177
f 2180//2180 2178//2178 2177//2177
f 2180//2180 2177//2177 2179//2179
f 2182//2182 2180//2180 2179//2179
f 2182//2182 2179//2179 2181//2181
f 2184//2184 2182//2182 2181//2181
f 2184//2184 2181//2181 2183//2183
f 2183//2183 2185//2185 2184//2184
f 2185//2185 2183//2183 2186//2186
f 2188//2188 2185//2185 2186//2186
f 2188//2188 2186//2186 2187//2187
f 2188//2188 2187//2187 2189//2189
f 2189//2189 2190//2190 2188//2188
f 2190//2190 2191//2191 2188//2188
f 2191//2191 2192//2192 2185//2185
f 2191//2191 2185//2185 2188//2188
f 2184//2184 2185//2185 2192//2192
f 2159//2159 2154//2154 2155//2155
f 2159//2159 2155//2155 2163//2163
f 2194//2194 2193//2193 2195//2195
f 2194//2194 2195//2195 2196//2196
f 2197//2197 2199//2199 2200//2200
f 2197//2197 2200//2200 2198//2198
f 2202//2202 2201//2201 2203//2203
f 2202//2202 2203//2203 2204//2204
f 2208//2208 2206//2206 2205//2205
f 2206//2206 2243//2243 2207//2207
f 2206//2206 2207//2207 2205//2205
f 2209//2209 2206//2206 2208//2208
f 2211//2211 2209//2209 2208//2208
f 2211//2211 2208//2208 2210//2210
f 2213//2213 2211//2211 2210//2210
f 2213//2213 2210//2210 2212//2212
f 2215//2215 2213//2213 2212//2212
f 2215//2215 2212//2212 2214//2214
f 2217//2217 2215//2215 2214//2214
f 2217//2217 2214//2214 2216//2216
f 2219//2219 2217//2217 2216//2216
f 2219//2219 2216//2216 2218//2218
f 2221//2221 2219//2219 2218//2218
f 2221//2221 2218//2218 2220//2220
f 2223//2223 2221//2221 2220//2220
f 2223//2223 2220//2220 2222//2222
f 2225//2225 2223//2223 2222//2222
f 2225//2225 2222//2222 2224//2224
f 2227//2227 2225//2225 2224//2224
f 2227//2227 2224//2224 2226//2226
f 2229//2229 2227//2227 2226//2226
f 2229//2229 2226//2226 2228//2228
f 2231//2231 2229//2229 2228//2228
f 2231//2231 2228//2228 2230//2230
f 2230//2230 2232//2232 2231//2231
f 2232//2232 2230//2230 2233//2233
f 2236//2236 2232//2232 2233//2233
f 2236//2236 2233//2233 2234//2234
f 2236//2236 2234//2234 2235//2235
f 2235//2235 2238//2238 2236//2236
f 2238//2238 2237//2237 2236//2236
f 2237//2237 2239//2239 2232//2232
f 2237//2237 2232//2232 2236//2236
f 2231//2231 2232//2232 2239//2239
f 2206//2206 2209//2209 2240//2240
f 2240//2240 2241//2241 2243//2243
f 2240//2240 2243//2243 2206//2206
f 2242//2242 2243//2243 2241//2241
f 2243//2243 2244//2244 2207//2207
f 2243//2243 2242//2242 2244//2244
f 2248//2248 2246//2246 2245//2245
f 2246//2246 2264//2264 2247//2247
f 2246//2246 2247//2247 2245//2245
f 2249//2249 2246//2246 2248//2248
f 2251//2251 2249//2249 2248//2248
f 2251//2251 2248//2248 2250//2250
f 2253//2253 2251//2251 2250//2250
f 2253//2253 2250//2250 2252//2252
f 2252//2252 2254//2254 2253//2253
f 2254//2254 2252//2252 2255//2255
f 2258//2258 2254//2254 2255//2255
f 2258//2258 2255//2255 2256//2256
f 2258//2258 2256//2256 2257//2257
f 2257//2257 2259//2259 2258//2258
f 2259//2259 2260//2260 2258//2258
f 2260//2260 2261//2261 2254//2254
f 2260//2260 2254//2254 2258//2258
f 2253//2253 2254//2254 2261//2261
f 2246//2246 2249//2249 2262//2262
f 2262//2262 2263//2263 2264//2264
f 2262//2262 2264//2264 2246//2246
f 2265//2265 2264//2264 2263//2263
f 2264//2264 2265//2265 2266//2266
f 2264//2264 2266//2266 2247//2247
f 2267//2267 2269//2269 2270//2270
f 2267//2267 2270//2270 2268//2268
f 2272//2272 2273//2273 2271//2271
f 2273//2273 2275//2275 2271//2271
f 2271//2271 2274//2274 2276//2276
f 2274//2274 2271//2271 2275//2275
f 2271//2271 2276//2276 2277//2277
f 2271//2271 2277//2277 2278//2278
f 2278//2278 2279//2279 2271//2271
f 2279//2279 2281//2281 2280//2280
f 2281//2281 2279//2279 2282//2282
f 2283//2283 2282//2282 2279//2279
f 2279//2279 2284//2284 2283//2283
f 2278//2278 2284//2284 2279//2279
f 2281//2281 2285//2285 2280//2280
f 2285//2285 2286//2286 2280//2280
f 2287//2287 2280//2280 2286//2286
f 2288//2288 2280//2280 2287//2287
f 2280//2280 2288//2288 2290//2290
f 2289//2289 2288//2288 2291//2291
f 2289//2289 2290//2290 2288//2288
f 2291//2291 2293//2293 2289//2289
f 2292//2292 2293//2293 2291//2291
f 2292//2292 2294//2294 2293//2293
f 2295//2295 2294//2294 2292//2292
f 2295//2295 2296//2296 2294//2294
f 2297//2297 2296//2296 2295//2295
f 2296//2296 2297//2297 2298//2298
f 2299//2299 2298//2298 2297//2297
f 2298//2298 2299//2299 2300//2300
f 2300//2300 2299//2299 2301//2301
f 2300//2300 2301//2301 2302//2302
f 2302//2302 2303//2303 2300//2300
f 2302//2302 2304//2304 2303//2303
f 2304//2304 2302//2302 2305//2305
f 2306//2306 2305//2305 2302//2302
f 2306//2306 2309//2309 2307//2307
f 2306//2306 2308//2308 2309//2309
f 2308//2308 2306//2306 2302//2302
f 2307//2307 2309//2309 2310//2310
f 2312//2312 2307//2307 2310//2310
f 2312//2312 2310//2310 2311//2311
f 2311//2311 2313//2313 2312//2312
f 2313//2313 2315//2315 2314//2314
f 2311//2311 2315//2315 2313//2313
f 2314//2314 2315//2315 2316//2316
f 2316//2316 2315//2315 2317//2317
f 2317//2317 2318//2318 2316//2316
f 2319//2319 2316//2316 2318//2318
f 2316//2316 2319//2319 2320//2320
f 2316//2316 2320//2320 2321//2321
f 2316//2316 2321//2321 2323//2323
f 2321//2321 2322//2322 2323//2323
f 2324//2324 2322//2322 2321//2321
f 2325//2325 2326//2326 2324//2324
f 2326//2326 2322//2322 2324//2324
f 2326//2326 2325//2325 2327//2327
f 2328//2328 2327//2327 2329//2329
f 2327//2327 2325//2325 2329//2329
f 2330//2330 2328//2328 2329//2329
f 2302//2302 2331//2331 2330//2330
f 2331//2331 2328//2328 2330//2330
f 2330//2330 2332//2332 2302//2302
f 2333//2333 2302//2302 2332//2332
f 2333//2333 2308//2308 2302//2302
f 2302//2302 2334//2334 2331//2331
f 2334//2334 2335//2335 2331//2331
f 2336//2336 2335//2335 2334//2334
f 2337//2337 2335//2335 2336//2336
f 2338//2338 2337//2337 2336//2336
f 2338//2338 2340//2340 2339//2339
f 2336//2336 2340//2340 2338//2338
f 2339//2339 2340//2340 2342//2342
f 2336//2336 2341//2341 2340//2340
f 2342//2342 2344//2344 2339//2339
f 2343//2343 2344//2344 2342//2342
f 2343//2343 2345//2345 2344//2344
f 2345//2345 2347//2347 2346//2346
f 2347//2347 2345//2345 2343//2343
f 2348//2348 2346//2346 2347//2347
f 2347//2347 2349//2349 2348//2348
f 2347//2347 2350//2350 2349//2349
f 2354//2354 2350//2350 2347//2347
f 2351//2351 2353//2353 2347//2347
f 2347//2347 2343//2343 2351//2351
f 2347//2347 2352//2352 2356//2356
f 2352//2352 2347//2347 2353//2353
f 2355//2355 2354//2354 2347//2347
f 2347//2347 2356//2356 2357//2357
f 2358//2358 2347//2347 2357//2357
f 2359//2359 2358//2358 2357//2357
f 2361//2361 2360//2360 2359//2359
f 2361//2361 2359//2359 2357//2357
f 2361//2361 2362//2362 2360//2360
f 2362//2362 2363//2363 2360//2360
f 2363//2363 2362//2362 2364//2364
f 2364//2364 2366//2366 2363//2363
f 2365//2365 2366//2366 2364//2364
f 2365//2365 2367//2367 2366//2366
f 2367//2367 2369//2369 2368//2368
f 2367//2367 2365//2365 2369//2369
f 2368//2368 2369//2369 2370//2370
f 2370//2370 2371//2371 2372//2372
f 2370//2370 2372//2372 2368//2368
f 2373//2373 2372//2372 2374//2374
f 2372//2372 2371//2371 2336//2336
f 2374//2374 2372//2372 2336//2336
f 2375//2375 2374//2374 2384//2384
f 2383//2383 2374//2374 2375//2375
f 2373//2373 2374//2374 2377//2377
f 2376//2376 2374//2374 2379//2379
f 2376//2376 2377//2377 2374//2374
f 2374//2374 2380//2380 2378//2378
f 2378//2378 2379//2379 2374//2374
f 2380//2380 2374//2374 2381//2381
f 2374//2374 2382//2382 2381//2381
f 2374//2374 2383//2383 2382//2382
f 2385//2385 2386//2386 2384//2384
f 2384//2384 2396//2396 2385//2385
f 2384//2384 2386//2386 2375//2375
f 2384//2384 2387//2387 2389//2389
f 2387//2387 2384//2384 2388//2388
f 2395//2395 2384//2384 2389//2389
f 2384//2384 2390//2390 2393//2393
f 2390//2390 2384//2384 2391//2391
f 2392//2392 2391//2391 2384//2384
f 2384//2384 2395//2395 2392//2392
f 2394//2394 2384//2384 2393//2393
f 2396//2396 2384//2384 2394//2394
f 2398//2398 2397//2397 2396//2396
f 2397//2397 2385//2385 2396//2396
f 2399//2399 2397//2397 2398//2398
f 2399//2399 2400//2400 2397//2397
f 2397//2397 2400//2400 2401//2401
f 2401//2401 2402//2402 2397//2397
f 2402//2402 2403//2403 2397//2397
f 2404//2404 2403//2403 2402//2402
f 2402//2402 2405//2405 2404//2404
f 2405//2405 2406//2406 2404//2404
f 2405//2405 2407//2407 2406//2406
f 2408//2408 2409//2409 2407//2407
f 2407//2407 2409//2409 2406//2406
f 2410//2410 2409//2409 2408//2408
f 2408//2408 2411//2411 2410//2410
f 2389//2389 2410//2410 2411//2411
f 2389//2389 2411//2411 2395//2395
f 2397//2397 2403//2403 2412//2412
f 2397//2397 2412//2412 2413//2413
f 2413//2413 2414//2414 2397//2397
f 2415//2415 2397//2397 2414//2414
f 2414//2414 2416//2416 2415//2415
f 2415//2415 2416//2416 2417//2417
f 2417//2417 2416//2416 2418//2418
f 2417//2417 2418//2418 2419//2419
f 2418//2418 2420//2420 2419//2419
f 2419//2419 2420//2420 2421//2421
f 2421//2421 2420//2420 2422//2422
f 2422//2422 2423//2423 2421//2421
f 2422//2422 2424//2424 2423//2423
f 2424//2424 2425//2425 2423//2423
f 2426//2426 2425//2425 2424//2424
f 2426//2426 2387//2387 2427//2427
f 2427//2427 2425//2425 2426//2426
f 2387//2387 2428//2428 2427//2427
f 2388//2388 2428//2428 2387//2387
f 2388//2388 2429//2429 2428//2428
f 2388//2388 2430//2430 2429//2429
f 2430//2430 2388//2388 2431//2431
f 2432//2432 2431//2431 2433//2433
f 2433//2433 2431//2431 2388//2388
f 2388//2388 2434//2434 2433//2433
f 2435//2435 2432//2432 2433//2433
f 2435//2435 2436//2436 2432//2432
f 2436//2436 2435//2435 2437//2437
f 2439//2439 2438//2438 2437//2437
f 2438//2438 2436//2436 2437//2437
f 2438//2438 2439//2439 2440//2440
f 2438//2438 2440//2440 2441//2441
f 2438//2438 2441//2441 2442//2442
f 2443//2443 2436//2436 2438//2438
f 2438//2438 2444//2444 2443//2443
f 2445//2445 2444//2444 2438//2438
f 2438//2438 2397//2397 2445//2445
f 2397//2397 2415//2415 2445//2445
f 2434//2434 2388//2388 2446//2446
f 2447//2447 2446//2446 2388//2388
f 2447//2447 2388//2388 2448//2448
f 2388//2388 2449//2449 2448//2448
f 2450//2450 2448//2448 2449//2449
f 2452//2452 2451//2451 2450//2450
f 2450//2450 2449//2449 2452//2452
f 2460//2460 2452//2452 2453//2453
f 2453//2453 2452//2452 2454//2454
f 2452//2452 2455//2455 2454//2454
f 2455//2455 2452//2452 2462//2462
f 2456//2456 2459//2459 2452//2452
f 2452//2452 2457//2457 2456//2456
f 2460//2460 2457//2457 2452//2452
f 2461//2461 2452//2452 2458//2458
f 2458//2458 2452//2452 2459//2459
f 2461//2461 2465//2465 2452//2452
f 2452//2452 2463//2463 2451//2451
f 2452//2452 2464//2464 2463//2463
f 2466//2466 2464//2464 2452//2452
f 2465//2465 2466//2466 2452//2452
f 2463//2463 2467//2467 2451//2451
f 2467//2467 2469//2469 2451//2451
f 2467//2467 2468//2468 2469//2469
f 2469//2469 2468//2468 2470//2470
f 2472//2472 2471//2471 2470//2470
f 2470//2470 2468//2468 2472//2472
f 2471//2471 2472//2472 2473//2473
f 2475//2475 2473//2473 2474//2474
f 2471//2471 2473//2473 2475//2475
f 2474//2474 2476//2476 2475//2475
f 2477//2477 2476//2476 2478//2478
f 2476//2476 2474//2474 2478//2478
f 2480//2480 2479//2479 2478//2478
f 2478//2478 2479//2479 2477//2477
f 2480//2480 2481//2481 2479//2479
f 2482//2482 2484//2484 2462//2462
f 2482//2482 2462//2462 2483//2483
f 2462//2462 2484//2484 2485//2485
f 2462//2462 2485//2485 2487//2487
f 2490//2490 2462//2462 2486//2486
f 2486//2486 2462//2462 2487//2487
f 2462//2462 2488//2488 2491//2491
f 2488//2488 2462//2462 2489//2489
f 2490//2490 2489//2489 2462//2462
f 2492//2492 2462//2462 2491//2491
f 2493//2493 2462//2462 2492//2492
f 2493//2493 2495//2495 2462//2462
f 2494//2494 2455//2455 2462//2462
f 2462//2462 2495//2495 2494//2494
f 2497//2497 2494//2494 2496//2496
f 2455//2455 2494//2494 2497//2497
f 2498//2498 2497//2497 2500//2500
f 2499//2499 2501//2501 2497//2497
f 2497//2497 2496//2496 2499//2499
f 2500//2500 2497//2497 2501//2501
f 2502//2502 2455//2455 2497//2497
f 2502//2502 2503//2503 2455//2455
f 2504//2504 2503//2503 2502//2502
f 2504//2504 2502//2502 2506//2506
f 2507//2507 2505//2505 2502//2502
f 2505//2505 2506//2506 2502//2502
f 2505//2505 2507//2507 2508//2508
f 2508//2508 2507//2507 2510//2510
f 2507//2507 2511//2511 2509//2509
f 2509//2509 2510//2510 2507//2507
f 2511//2511 2507//2507 2512//2512
f 2512//2512 2513//2513 2511//2511
f 2513//2513 2512//2512 2514//2514
f 2515//2515 2513//2513 2514//2514
f 2514//2514 2516//2516 2515//2515
f 2515//2515 2516//2516 2518//2518
f 2518//2518 2516//2516 2517//2517
f 2518//2518 2517//2517 2519//2519
f 2521//2521 2520//2520 2519//2519
f 2521//2521 2519//2519 2517//2517
f 2520//2520 2521//2521 2460//2460
f 2460//2460 2453//2453 2520//2520
f 2498//2498 2500//2500 2522//2522
f 2522//2522 2523//2523 2498//2498
f 2524//2524 2498//2498 2523//2523
f 2498//2498 2524//2524 2525//2525
f 2525//2525 2526//2526 2528//2528
f 2525//2525 2527//2527 2526//2526
f 2498//2498 2525//2525 2528//2528
f 2529//2529 2530//2530 2528//2528
f 2528//2528 2530//2530 2498//2498
f 2532//2532 2531//2531 2530//2530
f 2530//2530 2533//2533 2532//2532
f 2530//2530 2534//2534 2533//2533
f 2530//2530 2535//2535 2534//2534
f 2536//2536 2535//2535 2530//2530
f 2530//2530 2537//2537 2536//2536
f 2538//2538 2537//2537 2530//2530
f 2538//2538 2530//2530 2540//2540
f 2530//2530 2541//2541 2539//2539
f 2539//2539 2540//2540 2530//2530
f 2542//2542 2541//2541 2530//2530
f 2530//2530 2529//2529 2542//2542
f 2543//2543 2541//2541 2542//2542
f 2543//2543 2544//2544 2541//2541
f 2543//2543 2545//2545 2544//2544
f 2544//2544 2545//2545 2546//2546
f 2546//2546 2545//2545 2547//2547
f 2547//2547 2490//2490 2548//2548
f 2548//2548 2546//2546 2547//2547
f 2548//2548 2490//2490 2486//2486
f 2536//2536 2550//2550 2549//2549
f 2535//2535 2536//2536 2549//2549
f 2549//2549 2550//2550 2551//2551
f 2552//2552 2551//2551 2550//2550
f 2552//2552 2554//2554 2551//2551
f 2554//2554 2552//2552 2553//2553
f 2553//2553 2555//2555 2554//2554
f 2555//2555 2484//2484 2482//2482
f 2555//2555 2553//2553 2484//2484
f 2531//2531 2532//2532 2556//2556
f 2557//2557 2531//2531 2556//2556
f 2556//2556 2558//2558 2557//2557
f 2559//2559 2557//2557 2558//2558
f 2559//2559 2560//2560 2557//2557
f 2561//2561 2557//2557 2560//2560
f 2561//2561 2562//2562 2557//2557
f 2562//2562 2563//2563 2557//2557
f 2563//2563 2562//2562 2564//2564
f 2564//2564 2565//2565 2563//2563
f 2564//2564 2566//2566 2565//2565
f 2568//2568 2567//2567 2566//2566
f 2567//2567 2565//2565 2566//2566
f 2568//2568 2569//2569 2570//2570
f 2567//2567 2568//2568 2570//2570
f 2570//2570 2575//2575 2483//2483
f 2574//2574 2570//2570 2571//2571
f 2570//2570 2572//2572 2571//2571
f 2570//2570 2573//2573 2567//2567
f 2570//2570 2574//2574 2573//2573
f 2569//2569 2575//2575 2570//2570
f 2482//2482 2483//2483 2575//2575
f 2571//2571 2576//2576 2574//2574
f 2577//2577 2576//2576 2571//2571
f 2577//2577 2578//2578 2576//2576
f 2578//2578 2577//2577 2579//2579
f 2579//2579 2580//2580 2578//2578
f 2581//2581 2580//2580 2582//2582
f 2582//2582 2580//2580 2579//2579
f 2581//2581 2582//2582 2583//2583
f 2584//2584 2581//2581 2583//2583
f 2583//2583 2585//2585 2584//2584
f 2586//2586 2584//2584 2585//2585
f 2586//2586 2585//2585 2587//2587
f 2586//2586 2587//2587 2588//2588
f 2589//2589 2588//2588 2587//2587
f 2588//2588 2589//2589 2557//2557
f 2590//2590 2588//2588 2557//2557
f 2557//2557 2591//2591 2590//2590
f 2557//2557 2592//2592 2591//2591
f 2593//2593 2592//2592 2557//2557
f 2557//2557 2563//2563 2593//2593
f 2596//2596 2572//2572 2594//2594
f 2572//2572 2604//2604 2594//2594
f 2572//2572 2595//2595 2603//2603
f 2596//2596 2598//2598 2572//2572
f 2597//2597 2600//2600 2572//2572
f 2572//2572 2598//2598 2597//2597
f 2572//2572 2599//2599 2601//2601
f 2599//2599 2572//2572 2600//2600
f 2601//2601 2602//2602 2572//2572
f 2571//2571 2572//2572 2602//2602
f 2572//2572 2603//2603 2604//2604
f 2603//2603 2595//2595 2605//2605
f 2595//2595 2606//2606 2605//2605
f 2607//2607 2606//2606 2608//2608
f 2606//2606 2595//2595 2608//2608
f 2608//2608 2595//2595 2609//2609
f 2607//2607 2608//2608 2610//2610
f 2610//2610 2611//2611 2607//2607
f 2607//2607 2611//2611 2612//2612
f 2607//2607 2612//2612 2613//2613
f 2613//2613 2614//2614 2607//2607
f 2617//2617 2615//2615 2614//2614
f 2615//2615 2616//2616 2614//2614
f 2607//2607 2614//2614 2616//2616
f 2617//2617 2619//2619 2615//2615
f 2618//2618 2619//2619 2617//2617
f 2620//2620 2619//2619 2618//2618
f 2620//2620 2622//2622 2621//2621
f 2622//2622 2620//2620 2618//2618
f 2621//2621 2622//2622 2623//2623
f 2624//2624 2625//2625 2623//2623
f 2621//2621 2623//2623 2625//2625
f 2595//2595 2625//2625 2624//2624
f 2595//2595 2626//2626 2625//2625
f 2626//2626 2628//2628 2627//2627
f 2630//2630 2626//2626 2595//2595
f 2626//2626 2629//2629 2628//2628
f 2626//2626 2630//2630 2629//2629
f 2631//2631 2635//2635 2630//2630
f 2630//2630 2632//2632 2631//2631
f 2639//2639 2632//2632 2630//2630
f 2630//2630 2633//2633 2636//2636
f 2630//2630 2634//2634 2633//2633
f 2634//2634 2630//2630 2635//2635
f 2630//2630 2636//2636 2638//2638
f 2637//2637 2629//2629 2630//2630
f 2630//2630 2638//2638 2637//2637
f 2640//2640 2632//2632 2639//2639
f 2640//2640 2639//2639 2641//2641
f 2642//2642 2644//2644 2641//2641
f 2641//2641 2643//2643 2642//2642
f 2641//2641 2650//2650 2643//2643
f 2641//2641 2644//2644 2647//2647
f 2640//2640 2641//2641 2645//2645
f 2645//2645 2641//2641 2646//2646
f 2641//2641 2647//2647 2646//2646
f 2641//2641 2651//2651 2648//2648
f 2648//2648 2649//2649 2641//2641
f 2650//2650 2641//2641 2649//2649
f 2651//2651 2641//2641 2652//2652
f 2653//2653 2652//2652 2641//2641
f 2653//2653 2641//2641 2654//2654
f 2641//2641 2277//2277 2654//2654
f 2302//2302 2277//2277 2641//2641
f 2655//2655 2652//2652 2653//2653
f 2655//2655 2657//2657 2656//2656
f 2656//2656 2652//2652 2655//2655
f 2657//2657 2658//2658 2656//2656
f 2658//2658 2657//2657 2659//2659
f 2660//2660 2661//2661 2659//2659
f 2658//2658 2659//2659 2661//2661
f 2660//2660 2662//2662 2661//2661
f 2663//2663 2662//2662 2660//2660
f 2664//2664 2662//2662 2663//2663
f 2664//2664 2665//2665 2272//2272
f 2664//2664 2663//2663 2665//2665
f 2272//2272 2665//2665 2666//2666
f 2666//2666 2667//2667 2272//2272
f 2668//2668 2272//2272 2667//2667
f 2668//2668 2273//2273 2272//2272
f 2650//2650 2669//2669 2643//2643
f 2669//2669 2670//2670 2643//2643
f 2670//2670 2669//2669 2671//2671
f 2670//2670 2671//2671 2673//2673
f 2672//2672 2673//2673 2671//2671
f 2674//2674 2673//2673 2672//2672
f 2672//2672 2675//2675 2674//2674
f 2646//2646 2676//2676 2645//2645
f 2678//2678 2676//2676 2677//2677
f 2678//2678 2645//2645 2676//2676
f 2677//2677 2679//2679 2678//2678
f 2681//2681 2680//2680 2679//2679
f 2681//2681 2679//2679 2677//2677
f 2681//2681 2682//2682 2680//2680
f 2684//2684 2680//2680 2682//2682
f 2684//2684 2682//2682 2683//2683
f 2685//2685 2684//2684 2683//2683
f 2687//2687 2686//2686 2685//2685
f 2687//2687 2685//2685 2683//2683
f 2688//2688 2689//2689 2687//2687
f 2689//2689 2686//2686 2687//2687
f 2688//2688 2690//2690 2689//2689
f 2636//2636 2633//2633 2691//2691
f 2691//2691 2693//2693 2692//2692
f 2633//2633 2693//2693 2691//2691
f 2693//2693 2694//2694 2692//2692
f 2694//2694 2695//2695 2696//2696
f 2694//2694 2696//2696 2692//2692
f 2698//2698 2696//2696 2697//2697
f 2697//2697 2696//2696 2695//2695
f 2696//2696 2699//2699 2692//2692
f 2696//2696 2698//2698 2702//2702
f 2696//2696 2700//2700 2699//2699
f 2700//2700 2696//2696 2701//2701
f 2607//2607 2701//2701 2696//2696
f 2701//2701 2607//2607 2703//2703
f 2705//2705 2703//2703 2704//2704
f 2703//2703 2706//2706 2704//2704
f 2607//2607 2706//2706 2703//2703
f 2607//2607 2707//2707 2706//2706
f 2607//2607 2708//2708 2707//2707
f 2616//2616 2708//2708 2607//2607
f 2705//2705 2704//2704 2709//2709
f 2705//2705 2709//2709 2710//2710
f 2710//2710 2709//2709 2711//2711
f 2710//2710 2711//2711 2712//2712
f 2712//2712 2711//2711 2714//2714
f 2713//2713 2712//2712 2714//2714
f 2713//2713 2714//2714 2715//2715
f 2627//2627 2716//2716 2715//2715
f 2716//2716 2713//2713 2715//2715
f 2627//2627 2628//2628 2716//2716
f 2624//2624 2717//2717 2595//2595
f 2717//2717 2718//2718 2595//2595
f 2719//2719 2595//2595 2718//2718
f 2595//2595 2719//2719 2720//2720
f 2595//2595 2720//2720 2609//2609
f 2601//2601 2721//2721 2602//2602
f 2721//2721 2722//2722 2602//2602
f 2721//2721 2723//2723 2722//2722
f 2724//2724 2722//2722 2723//2723
f 2726//2726 2725//2725 2724//2724
f 2726//2726 2724//2724 2723//2723
f 2727//2727 2725//2725 2726//2726
f 2727//2727 2728//2728 2725//2725
f 2728//2728 2727//2727 2729//2729
f 2729//2729 2730//2730 2728//2728
f 2729//2729 2731//2731 2730//2730
f 2732//2732 2733//2733 2731//2731
f 2730//2730 2731//2731 2733//2733
f 2526//2526 2527//2527 2734//2734
f 2527//2527 2735//2735 2734//2734
f 2735//2735 2736//2736 2734//2734
f 2735//2735 2737//2737 2736//2736
f 2736//2736 2737//2737 2738//2738
f 2738//2738 2737//2737 2739//2739
f 2738//2738 2739//2739 2740//2740
f 2739//2739 2741//2741 2740//2740
f 2740//2740 2741//2741 2492//2492
f 2741//2741 2493//2493 2492//2492
f 2743//2743 2742//2742 2461//2461
f 2461//2461 2458//2458 2743//2743
f 2743//2743 2744//2744 2742//2742
f 2745//2745 2746//2746 2744//2744
f 2744//2744 2746//2746 2742//2742
f 2747//2747 2746//2746 2745//2745
f 2745//2745 2748//2748 2747//2747
f 2373//2373 2377//2377 2749//2749
f 2749//2749 2750//2750 2373//2373
f 2750//2750 2749//2749 2751//2751
f 2751//2751 2752//2752 2750//2750
f 2751//2751 2753//2753 2752//2752
f 2754//2754 2752//2752 2753//2753
f 2754//2754 2753//2753 2755//2755
f 2755//2755 2756//2756 2754//2754
f 2756//2756 2755//2755 2757//2757
f 2756//2756 2757//2757 2758//2758
f 2757//2757 2759//2759 2758//2758
f 2760//2760 2761//2761 2759//2759
f 2758//2758 2759//2759 2761//2761
f 2371//2371 2341//2341 2336//2336
f 2316//2316 2762//2762 2355//2355
f 2762//2762 2354//2354 2355//2355
f 2316//2316 2763//2763 2762//2762
f 2764//2764 2763//2763 2316//2316
f 2323//2323 2764//2764 2316//2316
f 2765//2765 2316//2316 2290//2290
f 2316//2316 2280//2280 2290//2290
f 2765//2765 2314//2314 2316//2316
f 2278//2278 2277//2277 2302//2302
f 2302//2302 2766//2766 2278//2278
f 2766//2766 2302//2302 2301//2301
