# joint_36 exported from /models/guards/joint_36.glb
# units: meters
v 0.009011 0.001000 0.002706
v 0.007267 0.001000 0.002732
v 0.001011 0.001000 0.002644
v 0.008985 0.001000 0.004118
v 0.010554 0.001000 0.003966
v 0.045011 0.001000 0.027393
v 0.010703 0.001000 0.005504
v 0.010463 0.001000 0.006310
v 0.045011 0.001000 0.030301
v 0.045545 0.001000 0.030072
v 0.045863 0.001000 0.027314
v 0.047898 0.001000 0.029845
v 0.049738 0.001000 0.026104
v 0.046329 0.001000 0.029996
v 0.046403 0.001000 0.030765
v 0.046478 0.001000 0.031534
v 0.048047 0.001000 0.031382
v 0.045520 0.001000 0.031094
v 0.045619 0.001000 0.030841
v 0.045334 0.001000 0.030631
v 0.045508 0.001000 0.031594
v 0.045320 0.001000 0.032016
v 0.045767 0.001000 0.032379
v 0.044990 0.001000 0.032339
v 0.045842 0.001000 0.033147
v 0.046552 0.001000 0.032303
v 0.045057 0.001000 0.033223
v 0.044527 0.001000 0.032526
v 0.045206 0.001000 0.034761
v 0.044027 0.001000 0.032513
v 0.043605 0.001000 0.032325
v 0.045011 0.001000 0.035920
v 0.009011 0.001000 0.010874
v 0.009011 0.001000 0.008301
v 0.008745 0.001000 0.008036
v 0.008646 0.001000 0.008807
v 0.007862 0.001000 0.008883
v 0.007788 0.001000 0.008114
v 0.008011 0.001000 0.010420
v 0.006442 0.001000 0.010572
v 0.001011 0.001000 0.010812
v 0.006293 0.001000 0.009034
v 0.003155 0.001000 0.009338
v 0.001011 0.001000 0.006727
v 0.006144 0.001000 0.007497
v 0.002857 0.001000 0.006262
v 0.005996 0.001000 0.005959
v 0.005847 0.001000 0.004421
v 0.002560 0.001000 0.003187
v 0.005698 0.001000 0.002884
v 0.007416 0.001000 0.004270
v 0.007565 0.001000 0.005807
v 0.008349 0.001000 0.005731
v 0.009134 0.001000 0.005656
v 0.008424 0.001000 0.006500
v 0.009013 0.001000 0.006308
v 0.009366 0.001000 0.006130
v 0.008735 0.001000 0.006588
v 0.008565 0.001000 0.006924
v 0.007639 0.001000 0.006576
v 0.008505 0.001000 0.007294
v 0.007713 0.001000 0.007345
v 0.008564 0.001000 0.007685
v 0.009737 0.001000 0.006073
v 0.010119 0.001000 0.006134
v 0.009918 0.001000 0.005580
v 0.000011 0.001000 0.002636
v -0.000989 0.001000 0.006727
v -0.000989 0.001000 0.002644
v -0.003419 0.001000 0.006869
v -0.000989 0.001000 0.010812
v -0.003716 0.001000 0.003794
v -0.003122 0.001000 0.009944
v -0.006260 0.001000 0.010248
v -0.006408 0.001000 0.008710
v -0.006557 0.001000 0.007172
v -0.007978 0.001000 0.008862
v -0.008052 0.001000 0.008093
v -0.008723 0.001000 0.008036
v -0.008543 0.001000 0.007685
v -0.008126 0.001000 0.007324
v -0.008762 0.001000 0.008938
v -0.007829 0.001000 0.010399
v -0.009547 0.001000 0.009013
v -0.008989 0.001000 0.008301
v -0.043584 0.001000 0.032325
v -0.008989 0.001000 0.010874
v -0.044989 0.001000 0.035920
v -0.044005 0.001000 0.032513
v -0.045124 0.001000 0.034181
v -0.046057 0.001000 0.032719
v -0.045272 0.001000 0.032643
v -0.046693 0.001000 0.034332
v -0.044505 0.001000 0.032526
v -0.044969 0.001000 0.032339
v -0.045298 0.001000 0.032016
v -0.045486 0.001000 0.031594
v -0.046131 0.001000 0.031950
v -0.046916 0.001000 0.032026
v -0.046205 0.001000 0.031181
v -0.045499 0.001000 0.031094
v -0.046990 0.001000 0.031257
v -0.046280 0.001000 0.030412
v -0.045495 0.001000 0.030337
v -0.047064 0.001000 0.030488
v -0.046354 0.001000 0.029644
v -0.047287 0.001000 0.028182
v -0.045570 0.001000 0.029568
v -0.047139 0.001000 0.029719
v -0.045718 0.001000 0.028030
v -0.044989 0.001000 0.027393
v -0.045841 0.001000 0.027314
v -0.049717 0.001000 0.026104
v -0.052792 0.001000 0.023452
v -0.048856 0.001000 0.028333
v -0.052143 0.001000 0.027099
v -0.055281 0.001000 0.027402
v -0.051846 0.001000 0.030174
v -0.048708 0.001000 0.029871
v -0.048559 0.001000 0.031409
v -0.048410 0.001000 0.032946
v -0.051549 0.001000 0.033250
v -0.058419 0.001000 0.027706
v -0.048262 0.001000 0.034484
v -0.058631 0.001000 0.034858
v -0.062255 0.001000 0.033471
v -0.062289 0.001000 0.027753
v -0.065079 0.001000 0.030808
v -0.059875 0.001000 0.027582
v -0.061115 0.001000 0.027911
v -0.058868 0.001000 0.026787
v -0.058289 0.001000 0.025753
v -0.058132 0.001000 0.024579
v -0.058461 0.001000 0.023339
v -0.059255 0.001000 0.022332
v -0.059311 0.001000 0.018480
v -0.059609 0.001000 0.015405
v -0.062449 0.001000 0.018783
v -0.061464 0.001000 0.021596
v -0.060289 0.001000 0.021753
v -0.062703 0.001000 0.021925
v -0.065875 0.001000 0.018582
v -0.063711 0.001000 0.022719
v -0.064289 0.001000 0.023753
v -0.067115 0.001000 0.018911
v -0.068289 0.001000 0.018753
v -0.069219 0.001000 0.025003
v -0.071055 0.001000 0.022428
v -0.072804 0.001000 0.019976
v -0.069323 0.001000 0.018175
v -0.070118 0.001000 0.017167
v -0.070447 0.001000 0.015928
v -0.074115 0.001000 0.009911
v -0.070289 0.001000 0.014753
v -0.075289 0.001000 0.009753
v -0.076323 0.001000 0.009175
v -0.082765 0.001000 0.005227
v -0.077118 0.001000 0.008167
v -0.077447 0.001000 0.006928
v -0.079627 0.001000 0.004924
v -0.077289 0.001000 0.005753
v -0.076711 0.001000 0.004719
v -0.075703 0.001000 0.003925
v -0.079924 0.001000 0.001848
v -0.078362 0.001000 0.000261
v -0.079473 0.001000 0.000808
v -0.077547 0.001000 -0.000671
v -0.077153 0.001000 -0.001845
v -0.074464 0.001000 0.003596
v -0.073289 0.001000 0.003753
v -0.077239 0.001000 -0.003081
v -0.072255 0.001000 0.004332
v -0.071461 0.001000 0.005339
v -0.066777 0.001000 0.006786
v -0.066479 0.001000 0.009861
v -0.085589 0.001000 -0.019273
v -0.077793 0.001000 -0.004188
v -0.069915 0.001000 0.007089
v -0.069618 0.001000 0.010164
v -0.071289 0.001000 0.007753
v -0.071132 0.001000 0.006579
v -0.071868 0.001000 0.008787
v -0.072875 0.001000 0.009582
v -0.069711 0.001000 0.013719
v -0.068703 0.001000 0.012925
v -0.067464 0.001000 0.012596
v -0.066289 0.001000 0.012753
v -0.065255 0.001000 0.013332
v -0.064461 0.001000 0.014339
v -0.062747 0.001000 0.015708
v -0.064132 0.001000 0.015579
v -0.064289 0.001000 0.016753
v -0.064868 0.001000 0.017787
v -0.084781 0.001000 -0.013173
v -0.085711 0.001000 -0.013987
v -0.086882 0.001000 -0.014383
v -0.088116 0.001000 -0.014299
v -0.091122 0.001000 -0.015693
v -0.089223 0.001000 -0.013749
v -0.090128 0.001000 -0.019273
v -0.090128 0.001000 -0.021273
v -0.091419 0.001000 -0.018769
v -0.094558 0.001000 -0.018465
v -0.091717 0.001000 -0.021844
v -0.094855 0.001000 -0.021541
v -0.092014 0.001000 -0.024919
v -0.092311 0.001000 -0.027994
v -0.095152 0.001000 -0.024616
v -0.090128 0.001000 -0.026273
v -0.090128 0.001000 -0.028273
v -0.084575 0.001000 -0.026273
v -0.085400 0.001000 -0.021273
v -0.089470 0.001000 -0.031373
v -0.086332 0.001000 -0.031676
v -0.084108 0.001000 -0.028273
v -0.092608 0.001000 -0.031070
v -0.095747 0.001000 -0.030766
v -0.095589 0.001000 -0.032273
v -0.092906 0.001000 -0.034145
v -0.093203 0.001000 -0.037220
v -0.089768 0.001000 -0.034448
v -0.091116 0.001000 -0.037414
v -0.095589 0.001000 -0.034273
v -0.096341 0.001000 -0.036917
v -0.099465 0.001000 -0.034273
v -0.096936 0.001000 -0.043068
v -0.096787 0.001000 -0.041530
v -0.096917 0.001000 -0.043945
v -0.096638 0.001000 -0.039992
v -0.095069 0.001000 -0.040144
v -0.095218 0.001000 -0.041682
v -0.093500 0.001000 -0.040296
v -0.093649 0.001000 -0.041833
v -0.092755 0.001000 -0.040921
v -0.092289 0.001000 -0.038979
v -0.092489 0.001000 -0.042773
v -0.093798 0.001000 -0.043371
v -0.091591 0.001000 -0.044413
v -0.092885 0.001000 -0.049050
v -0.093946 0.001000 -0.044909
v -0.090053 0.001000 -0.045687
v -0.089584 0.001000 -0.049985
v -0.088175 0.001000 -0.046235
v -0.086408 0.001000 -0.046016
v -0.086366 0.001000 -0.049678
v -0.083447 0.001000 -0.048288
v -0.081095 0.001000 -0.045790
v -0.084862 0.001000 -0.045131
v -0.083689 0.001000 -0.043566
v -0.079962 0.001000 -0.042662
v -0.083223 0.001000 -0.041624
v -0.083489 0.001000 -0.039773
v -0.080161 0.001000 -0.039662
v -0.084387 0.001000 -0.038132
v -0.085925 0.001000 -0.036858
v -0.086629 0.001000 -0.034752
v -0.087803 0.001000 -0.036310
v -0.089570 0.001000 -0.036529
v -0.095441 0.001000 -0.043988
v -0.095515 0.001000 -0.044757
v -0.095464 0.001000 -0.046949
v -0.096835 0.001000 -0.044273
v -0.096300 0.001000 -0.044681
v -0.096226 0.001000 -0.043912
v -0.096151 0.001000 -0.043143
v -0.095367 0.001000 -0.043219
v -0.099917 0.001000 -0.032273
v -0.101238 0.001000 -0.024318
v -0.095449 0.001000 -0.027691
v -0.100984 0.001000 -0.020682
v -0.099444 0.001000 -0.017379
v -0.098014 0.001000 -0.015374
v -0.094260 0.001000 -0.015390
v -0.093963 0.001000 -0.012315
v -0.089576 0.001000 -0.003542
v -0.083062 0.001000 0.002152
v -0.082808 0.001000 -0.000335
v -0.089785 0.001000 -0.009305
v -0.090339 0.001000 -0.010411
v -0.090426 0.001000 -0.011644
v -0.090034 0.001000 -0.012816
v -0.090825 0.001000 -0.012618
v -0.081880 0.001000 0.000486
v -0.080709 0.001000 0.000888
v -0.066139 0.001000 0.029322
v -0.064118 0.001000 0.026167
v -0.064447 0.001000 0.024928
v -0.063323 0.001000 0.027175
v -0.046841 0.001000 0.032795
v -0.008989 0.001000 0.002706
v -0.010442 0.001000 0.006310
v -0.044989 0.001000 0.030301
v -0.045312 0.001000 0.030631
v -0.010097 0.001000 0.006134
v -0.008423 0.001000 0.004249
v -0.009715 0.001000 0.006073
v -0.009344 0.001000 0.006130
v -0.008992 0.001000 0.006308
v -0.008275 0.001000 0.005786
v -0.006706 0.001000 0.005635
v -0.008200 0.001000 0.006555
v -0.008713 0.001000 0.006588
v -0.008544 0.001000 0.006924
v -0.008483 0.001000 0.007294
v -0.006854 0.001000 0.004097
v 0.046775 0.001000 0.034609
v 0.058652 0.001000 0.034858
v 0.062277 0.001000 0.033471
v 0.052903 0.001000 0.032465
v 0.056041 0.001000 0.032161
v 0.059897 0.001000 0.027582
v 0.055744 0.001000 0.029086
v 0.052605 0.001000 0.029390
v 0.052813 0.001000 0.023452
v 0.058311 0.001000 0.025753
v 0.058890 0.001000 0.026787
v 0.058153 0.001000 0.024579
v 0.058483 0.001000 0.023339
v 0.059277 0.001000 0.022332
v 0.060311 0.001000 0.021753
v 0.064153 0.001000 0.015579
v 0.064311 0.001000 0.016753
v 0.064482 0.001000 0.014339
v 0.065277 0.001000 0.013332
v 0.066311 0.001000 0.012753
v 0.071897 0.001000 -0.000412
v 0.071482 0.001000 0.005339
v 0.072194 0.001000 0.002664
v 0.072277 0.001000 0.004332
v 0.071153 0.001000 0.006579
v 0.071311 0.001000 0.007753
v 0.067485 0.001000 0.012596
v 0.068725 0.001000 0.012925
v 0.069732 0.001000 0.013719
v 0.072897 0.001000 0.009582
v 0.071890 0.001000 0.008787
v 0.070311 0.001000 0.014753
v 0.074136 0.001000 0.009911
v 0.075311 0.001000 0.009753
v 0.070468 0.001000 0.015928
v 0.072825 0.001000 0.019976
v 0.070139 0.001000 0.017167
v 0.069345 0.001000 0.018175
v 0.071077 0.001000 0.022428
v 0.068311 0.001000 0.018753
v 0.067136 0.001000 0.018911
v 0.064311 0.001000 0.023753
v 0.063732 0.001000 0.022719
v 0.065897 0.001000 0.018582
v 0.069240 0.001000 0.025003
v 0.064468 0.001000 0.024928
v 0.064139 0.001000 0.026167
v 0.066160 0.001000 0.029322
v 0.063345 0.001000 0.027175
v 0.065101 0.001000 0.030808
v 0.062311 0.001000 0.027753
v 0.061136 0.001000 0.027911
v 0.064890 0.001000 0.017787
v 0.062725 0.001000 0.021925
v 0.061485 0.001000 0.021596
v 0.089598 0.001000 -0.003542
v 0.076345 0.001000 0.009175
v 0.077139 0.001000 0.008167
v 0.077468 0.001000 0.006928
v 0.081902 0.001000 0.000486
v 0.082830 0.001000 -0.000335
v 0.080731 0.001000 0.000888
v 0.077311 0.001000 0.005753
v 0.079495 0.001000 0.000808
v 0.076732 0.001000 0.004719
v 0.078384 0.001000 0.000261
v 0.075332 0.001000 0.002360
v 0.077569 0.001000 -0.000671
v 0.077174 0.001000 -0.001845
v 0.075035 0.001000 -0.000715
v 0.077261 0.001000 -0.003081
v 0.077815 0.001000 -0.004188
v 0.084803 0.001000 -0.013173
v 0.085611 0.001000 -0.019273
v 0.089240 0.001000 -0.017608
v 0.086904 0.001000 -0.014383
v 0.085733 0.001000 -0.013987
v 0.090150 0.001000 -0.019273
v 0.092080 0.001000 -0.020987
v 0.090150 0.001000 -0.021273
v 0.092378 0.001000 -0.017911
v 0.095516 0.001000 -0.018215
v 0.092675 0.001000 -0.014836
v 0.095813 0.001000 -0.015140
v 0.090448 0.001000 -0.011644
v 0.090056 0.001000 -0.012816
v 0.089245 0.001000 -0.013749
v 0.088137 0.001000 -0.014299
v 0.090361 0.001000 -0.010411
v 0.089807 0.001000 -0.009305
v 0.098036 0.001000 -0.015374
v 0.099466 0.001000 -0.017379
v 0.101005 0.001000 -0.020682
v 0.095219 0.001000 -0.021290
v 0.094921 0.001000 -0.024365
v 0.101259 0.001000 -0.024318
v 0.099939 0.001000 -0.032273
v 0.094624 0.001000 -0.027441
v 0.094327 0.001000 -0.030516
v 0.091486 0.001000 -0.027137
v 0.090150 0.001000 -0.026273
v 0.090150 0.001000 -0.028273
v 0.091189 0.001000 -0.030213
v 0.091783 0.001000 -0.024062
v 0.095611 0.001000 -0.034273
v 0.095611 0.001000 -0.032273
v 0.088824 0.001000 -0.036310
v 0.090592 0.001000 -0.036529
v 0.084129 0.001000 -0.028273
v 0.080183 0.001000 -0.039662
v 0.085409 0.001000 -0.038132
v 0.086947 0.001000 -0.036858
v 0.084511 0.001000 -0.039773
v 0.084245 0.001000 -0.041624
v 0.079983 0.001000 -0.042662
v 0.084711 0.001000 -0.043566
v 0.081117 0.001000 -0.045790
v 0.085884 0.001000 -0.045131
v 0.087429 0.001000 -0.046016
v 0.083468 0.001000 -0.048288
v 0.086387 0.001000 -0.049678
v 0.089197 0.001000 -0.046235
v 0.089606 0.001000 -0.049985
v 0.092907 0.001000 -0.049050
v 0.091075 0.001000 -0.045687
v 0.092840 0.001000 -0.045892
v 0.092613 0.001000 -0.044413
v 0.093511 0.001000 -0.042773
v 0.094558 0.001000 -0.044506
v 0.096127 0.001000 -0.044658
v 0.096202 0.001000 -0.043889
v 0.094707 0.001000 -0.042969
v 0.094410 0.001000 -0.046044
v 0.095486 0.001000 -0.046949
v 0.096856 0.001000 -0.044273
v 0.096939 0.001000 -0.043945
v 0.096276 0.001000 -0.043120
v 0.099486 0.001000 -0.034273
v 0.093311 0.001000 -0.038979
v 0.092137 0.001000 -0.037414
v 0.093777 0.001000 -0.040921
v 0.084597 0.001000 -0.026273
v 0.085421 0.001000 -0.021273
v 0.075725 0.001000 0.003925
v 0.074485 0.001000 0.003596
v 0.073311 0.001000 0.003753
v 0.049616 0.001000 0.031231
v 0.049467 0.001000 0.029693
v 0.049764 0.001000 0.032768
v 0.048195 0.001000 0.032920
v 0.046626 0.001000 0.033072
v -0.010442 0.001000 0.006310
v -0.010442 0.000000 0.006310
v -0.044989 0.001000 0.030301
v -0.044989 0.000000 0.030301
v -0.044989 -0.001000 0.030301
v -0.010442 -0.001000 0.006310
v -0.043584 0.001000 0.032325
v -0.043584 0.000000 0.032325
v -0.008989 0.001000 0.008301
v -0.008989 0.000000 0.008301
v -0.008989 -0.001000 0.008301
v -0.043584 -0.001000 0.032325
v -0.044989 0.001000 0.030301
v -0.044989 0.000000 0.030301
v -0.045312 0.001000 0.030631
v -0.045499 0.001000 0.031094
v -0.045312 -0.001000 0.030631
v -0.044989 -0.001000 0.030301
v -0.045499 -0.001000 0.031094
v -0.045486 -0.001000 0.031594
v -0.045298 -0.001000 0.032016
v -0.045486 0.001000 0.031594
v -0.045298 0.001000 0.032016
v -0.044969 0.001000 0.032339
v -0.044505 0.001000 0.032526
v -0.044969 -0.001000 0.032339
v -0.044505 -0.001000 0.032526
v -0.044005 -0.001000 0.032513
v -0.043584 -0.001000 0.032325
v -0.043584 0.000000 0.032325
v -0.044005 0.001000 0.032513
v -0.043584 0.001000 0.032325
v -0.008989 0.001000 0.008301
v -0.008989 0.000000 0.008301
v -0.008723 0.001000 0.008036
v -0.008543 0.001000 0.007685
v -0.008723 -0.001000 0.008036
v -0.008543 -0.001000 0.007685
v -0.008989 -0.001000 0.008301
v -0.008483 -0.001000 0.007294
v -0.008544 -0.001000 0.006924
v -0.008483 0.001000 0.007294
v -0.008544 0.001000 0.006924
v -0.008713 0.001000 0.006588
v -0.008992 0.001000 0.006308
v -0.008713 -0.001000 0.006588
v -0.008992 -0.001000 0.006308
v -0.009344 -0.001000 0.006130
v -0.009344 0.001000 0.006130
v -0.009715 -0.001000 0.006073
v -0.009715 0.000000 0.006073
v -0.009715 0.001000 0.006073
v -0.009715 0.001000 0.006073
v -0.009715 0.000000 0.006073
v -0.010097 0.001000 0.006134
v -0.010442 0.000000 0.006310
v -0.010442 0.001000 0.006310
v -0.010097 -0.001000 0.006134
v -0.009715 -0.001000 0.006073
v -0.010442 -0.001000 0.006310
v 0.045011 0.001000 0.030301
v 0.045011 0.000000 0.030301
v 0.010463 0.001000 0.006310
v 0.010463 0.000000 0.006310
v 0.010463 -0.001000 0.006310
v 0.045011 -0.001000 0.030301
v 0.009011 0.001000 0.008301
v 0.009011 0.000000 0.008301
v 0.043605 0.001000 0.032325
v 0.043605 0.000000 0.032325
v 0.043605 -0.001000 0.032325
v 0.009011 -0.001000 0.008301
v 0.009011 0.001000 0.008301
v 0.008745 0.001000 0.008036
v 0.009011 0.000000 0.008301
v 0.009011 -0.001000 0.008301
v 0.008745 -0.001000 0.008036
v 0.008564 -0.001000 0.007685
v 0.008564 0.001000 0.007685
v 0.008505 -0.001000 0.007294
v 0.008505 0.001000 0.007294
v 0.008565 -0.001000 0.006924
v 0.008735 -0.001000 0.006588
v 0.008565 0.001000 0.006924
v 0.008735 0.001000 0.006588
v 0.009013 0.001000 0.006308
v 0.009366 0.001000 0.006130
v 0.009013 -0.001000 0.006308
v 0.009366 -0.001000 0.006130
v 0.009737 0.000000 0.006073
v 0.009737 -0.001000 0.006073
v 0.009737 0.001000 0.006073
v 0.009737 -0.001000 0.006073
v 0.009737 0.000000 0.006073
v 0.010119 -0.001000 0.006134
v 0.010463 0.000000 0.006310
v 0.010119 0.001000 0.006134
v 0.010463 -0.001000 0.006310
v 0.010463 0.001000 0.006310
v 0.009737 0.001000 0.006073
v 0.043605 0.001000 0.032325
v 0.043605 0.000000 0.032325
v 0.044027 0.001000 0.032513
v 0.044527 0.001000 0.032526
v 0.044027 -0.001000 0.032513
v 0.043605 -0.001000 0.032325
v 0.044527 -0.001000 0.032526
v 0.044990 -0.001000 0.032339
v 0.045320 -0.001000 0.032016
v 0.044990 0.001000 0.032339
v 0.045320 0.001000 0.032016
v 0.045508 0.001000 0.031594
v 0.045508 -0.001000 0.031594
v 0.045520 0.001000 0.031094
v 0.045334 0.001000 0.030631
v 0.045520 -0.001000 0.031094
v 0.045334 -0.001000 0.030631
v 0.045011 -0.001000 0.030301
v 0.045011 0.000000 0.030301
v 0.045011 0.001000 0.030301
v 0.077174 -0.001000 -0.001845
v 0.077174 0.001000 -0.001845
v 0.077261 -0.001000 -0.003081
v 0.077569 -0.001000 -0.000671
v 0.078384 -0.001000 0.000261
v 0.077569 0.001000 -0.000671
v 0.078384 0.001000 0.000261
v 0.079495 0.001000 0.000808
v 0.080731 0.001000 0.000888
v 0.079495 -0.001000 0.000808
v 0.080731 -0.001000 0.000888
v 0.081902 -0.001000 0.000486
v 0.081902 0.001000 0.000486
v 0.082830 -0.001000 -0.000335
v 0.082830 0.000000 -0.000335
v 0.082830 0.001000 -0.000335
v 0.077261 0.001000 -0.003081
v 0.077815 -0.001000 -0.004188
v 0.077815 0.001000 -0.004188
v 0.077815 0.001000 -0.004188
v 0.077815 -0.001000 -0.004188
v 0.084803 0.000000 -0.013173
v 0.084803 0.001000 -0.013173
v 0.084803 -0.001000 -0.013173
v 0.084803 0.001000 -0.013173
v 0.084803 0.000000 -0.013173
v 0.085733 0.001000 -0.013987
v 0.086904 0.001000 -0.014383
v 0.085733 -0.001000 -0.013987
v 0.086904 -0.001000 -0.014383
v 0.084803 -0.001000 -0.013173
v 0.088137 -0.001000 -0.014299
v 0.088137 0.001000 -0.014299
v 0.089245 -0.001000 -0.013749
v 0.090056 -0.001000 -0.012816
v 0.089245 0.001000 -0.013749
v 0.090056 0.001000 -0.012816
v 0.090448 0.001000 -0.011644
v 0.090448 -0.001000 -0.011644
v 0.090361 0.001000 -0.010411
v 0.089807 0.000000 -0.009305
v 0.089807 0.001000 -0.009305
v 0.090361 -0.001000 -0.010411
v 0.089807 -0.001000 -0.009305
v 0.089807 0.001000 -0.009305
v 0.089807 0.000000 -0.009305
v 0.082830 0.001000 -0.000335
v 0.082830 0.000000 -0.000335
v 0.082830 -0.001000 -0.000335
v 0.089807 -0.001000 -0.009305
v 0.071311 -0.001000 0.007753
v 0.071311 0.001000 0.007753
v 0.071153 -0.001000 0.006579
v 0.071153 0.001000 0.006579
v 0.071482 -0.001000 0.005339
v 0.072277 -0.001000 0.004332
v 0.071482 0.001000 0.005339
v 0.072277 0.001000 0.004332
v 0.073311 0.001000 0.003753
v 0.073311 -0.001000 0.003753
v 0.074485 0.001000 0.003596
v 0.074485 -0.001000 0.003596
v 0.075725 0.001000 0.003925
v 0.076732 0.001000 0.004719
v 0.075725 -0.001000 0.003925
v 0.076732 -0.001000 0.004719
v 0.077311 -0.001000 0.005753
v 0.077311 0.001000 0.005753
v 0.077468 -0.001000 0.006928
v 0.077139 -0.001000 0.008167
v 0.077468 0.001000 0.006928
v 0.077139 0.001000 0.008167
v 0.076345 0.001000 0.009175
v 0.075311 0.001000 0.009753
v 0.076345 -0.001000 0.009175
v 0.075311 -0.001000 0.009753
v 0.074136 -0.001000 0.009911
v 0.074136 0.001000 0.009911
v 0.072897 -0.001000 0.009582
v 0.072897 0.001000 0.009582
v 0.071890 -0.001000 0.008787
v 0.071890 0.001000 0.008787
v 0.071311 -0.001000 0.007753
v 0.071311 0.001000 0.007753
v 0.064311 -0.001000 0.016753
v 0.064311 0.001000 0.016753
v 0.064153 -0.001000 0.015579
v 0.064153 0.001000 0.015579
v 0.064482 -0.001000 0.014339
v 0.065277 -0.001000 0.013332
v 0.064482 0.001000 0.014339
v 0.065277 0.001000 0.013332
v 0.066311 0.001000 0.012753
v 0.066311 -0.001000 0.012753
v 0.067485 0.001000 0.012596
v 0.067485 -0.001000 0.012596
v 0.068725 0.001000 0.012925
v 0.069732 0.001000 0.013719
v 0.068725 -0.001000 0.012925
v 0.069732 -0.001000 0.013719
v 0.070311 -0.001000 0.014753
v 0.070311 0.001000 0.014753
v 0.070468 -0.001000 0.015928
v 0.070468 0.001000 0.015928
v 0.070139 -0.001000 0.017167
v 0.070139 0.001000 0.017167
v 0.069345 -0.001000 0.018175
v 0.069345 0.001000 0.018175
v 0.068311 -0.001000 0.018753
v 0.068311 0.001000 0.018753
v 0.067136 -0.001000 0.018911
v 0.065897 -0.001000 0.018582
v 0.067136 0.001000 0.018911
v 0.065897 0.001000 0.018582
v 0.064890 0.001000 0.017787
v 0.064311 0.001000 0.016753
v 0.064890 -0.001000 0.017787
v 0.064311 -0.001000 0.016753
v 0.058311 -0.001000 0.025753
v 0.058311 0.001000 0.025753
v 0.058153 -0.001000 0.024579
v 0.058153 0.001000 0.024579
v 0.058483 -0.001000 0.023339
v 0.059277 -0.001000 0.022332
v 0.058483 0.001000 0.023339
v 0.059277 0.001000 0.022332
v 0.060311 0.001000 0.021753
v 0.060311 -0.001000 0.021753
v 0.061485 0.001000 0.021596
v 0.061485 -0.001000 0.021596
v 0.062725 0.001000 0.021925
v 0.063732 0.001000 0.022719
v 0.062725 -0.001000 0.021925
v 0.063732 -0.001000 0.022719
v 0.064311 -0.001000 0.023753
v 0.064311 0.001000 0.023753
v 0.064468 -0.001000 0.024928
v 0.064468 0.001000 0.024928
v 0.064139 -0.001000 0.026167
v 0.064139 0.001000 0.026167
v 0.063345 -0.001000 0.027175
v 0.063345 0.001000 0.027175
v 0.062311 -0.001000 0.027753
v 0.062311 0.001000 0.027753
v 0.061136 -0.001000 0.027911
v 0.059897 -0.001000 0.027582
v 0.061136 0.001000 0.027911
v 0.059897 0.001000 0.027582
v 0.058890 0.001000 0.026787
v 0.058890 -0.001000 0.026787
v 0.058311 0.001000 0.025753
v 0.058311 -0.001000 0.025753
v 0.090592 -0.001000 -0.036529
v 0.090592 0.001000 -0.036529
v 0.088719 -0.001000 -0.036319
v 0.088719 0.001000 -0.036319
v 0.086868 -0.001000 -0.036901
v 0.086868 0.001000 -0.036901
v 0.085381 -0.001000 -0.038166
v 0.085381 0.001000 -0.038166
v 0.084511 -0.001000 -0.039773
v 0.084511 0.001000 -0.039773
v 0.084245 -0.001000 -0.041643
v 0.084245 0.001000 -0.041643
v 0.084716 -0.001000 -0.043577
v 0.084716 0.001000 -0.043577
v 0.085888 -0.001000 -0.045135
v 0.085888 0.001000 -0.045135
v 0.087429 -0.001000 -0.046016
v 0.087429 0.001000 -0.046016
v 0.089303 -0.001000 -0.046226
v 0.089303 0.001000 -0.046226
v 0.091153 -0.001000 -0.045645
v 0.091153 0.001000 -0.045645
v 0.092640 -0.001000 -0.044379
v 0.092640 0.001000 -0.044379
v 0.093511 -0.001000 -0.042773
v 0.093511 0.001000 -0.042773
v 0.093776 -0.001000 -0.040902
v 0.093776 0.001000 -0.040902
v 0.093306 -0.001000 -0.038969
v 0.093306 0.001000 -0.038969
v 0.092133 -0.001000 -0.037411
v 0.092133 0.001000 -0.037411
v 0.090592 -0.001000 -0.036529
v 0.090592 0.001000 -0.036529
v -0.058289 -0.001000 0.025753
v -0.058289 0.001000 0.025753
v -0.058868 -0.001000 0.026787
v -0.058868 0.001000 0.026787
v -0.059875 -0.001000 0.027582
v -0.061115 -0.001000 0.027911
v -0.059875 0.001000 0.027582
v -0.061115 0.001000 0.027911
v -0.062289 0.001000 0.027753
v -0.062289 -0.001000 0.027753
v -0.063323 0.001000 0.027175
v -0.063323 -0.001000 0.027175
v -0.064118 0.001000 0.026167
v -0.064447 0.001000 0.024928
v -0.064118 -0.001000 0.026167
v -0.064447 -0.001000 0.024928
v -0.064289 -0.001000 0.023753
v -0.064289 0.001000 0.023753
v -0.063711 -0.001000 0.022719
v -0.062703 -0.001000 0.021925
v -0.063711 0.001000 0.022719
v -0.062703 0.001000 0.021925
v -0.061464 0.001000 0.021596
v -0.060289 0.001000 0.021753
v -0.061464 -0.001000 0.021596
v -0.060289 -0.001000 0.021753
v -0.059255 -0.001000 0.022332
v -0.059255 0.001000 0.022332
v -0.058461 -0.001000 0.023339
v -0.058461 0.001000 0.023339
v -0.058132 -0.001000 0.024579
v -0.058132 0.001000 0.024579
v -0.058289 -0.001000 0.025753
v -0.058289 0.001000 0.025753
v -0.064289 -0.001000 0.016753
v -0.064289 0.001000 0.016753
v -0.064868 -0.001000 0.017787
v -0.064868 0.001000 0.017787
v -0.065875 -0.001000 0.018582
v -0.067115 -0.001000 0.018911
v -0.065875 0.001000 0.018582
v -0.067115 0.001000 0.018911
v -0.068289 0.001000 0.018753
v -0.068289 -0.001000 0.018753
v -0.069323 0.001000 0.018175
v -0.069323 -0.001000 0.018175
v -0.070118 0.001000 0.017167
v -0.070447 0.001000 0.015928
v -0.070118 -0.001000 0.017167
v -0.070447 -0.001000 0.015928
v -0.070289 -0.001000 0.014753
v -0.070289 0.001000 0.014753
v -0.069711 -0.001000 0.013719
v -0.069711 0.001000 0.013719
v -0.068703 -0.001000 0.012925
v -0.068703 0.001000 0.012925
v -0.067464 -0.001000 0.012596
v -0.067464 0.001000 0.012596
v -0.066289 -0.001000 0.012753
v -0.066289 0.001000 0.012753
v -0.065255 -0.001000 0.013332
v -0.064461 -0.001000 0.014339
v -0.065255 0.001000 0.013332
v -0.064461 0.001000 0.014339
v -0.064132 0.001000 0.015579
v -0.064289 0.001000 0.016753
v -0.064132 -0.001000 0.015579
v -0.064289 -0.001000 0.016753
v -0.071289 -0.001000 0.007753
v -0.071289 0.001000 0.007753
v -0.071868 -0.001000 0.008787
v -0.071868 0.001000 0.008787
v -0.072875 -0.001000 0.009582
v -0.074115 -0.001000 0.009911
v -0.072875 0.001000 0.009582
v -0.074115 0.001000 0.009911
v -0.075289 0.001000 0.009753
v -0.075289 -0.001000 0.009753
v -0.076323 0.001000 0.009175
v -0.076323 -0.001000 0.009175
v -0.077118 0.001000 0.008167
v -0.077447 0.001000 0.006928
v -0.077118 -0.001000 0.008167
v -0.077447 -0.001000 0.006928
v -0.077289 -0.001000 0.005753
v -0.077289 0.001000 0.005753
v -0.076711 -0.001000 0.004719
v -0.076711 0.001000 0.004719
v -0.075703 -0.001000 0.003925
v -0.075703 0.001000 0.003925
v -0.074464 -0.001000 0.003596
v -0.074464 0.001000 0.003596
v -0.073289 -0.001000 0.003753
v -0.073289 0.001000 0.003753
v -0.072255 -0.001000 0.004332
v -0.071461 -0.001000 0.005339
v -0.072255 0.001000 0.004332
v -0.071461 0.001000 0.005339
v -0.071132 0.001000 0.006579
v -0.071132 -0.001000 0.006579
v -0.071289 0.001000 0.007753
v -0.071289 -0.001000 0.007753
v -0.082808 0.001000 -0.000335
v -0.082808 -0.001000 -0.000335
v -0.089785 0.001000 -0.009305
v -0.089785 0.000000 -0.009305
v -0.089785 -0.001000 -0.009305
v -0.089785 0.001000 -0.009305
v -0.090339 0.001000 -0.010411
v -0.089785 0.000000 -0.009305
v -0.089785 -0.001000 -0.009305
v -0.090339 -0.001000 -0.010411
v -0.090426 -0.001000 -0.011644
v -0.090426 0.001000 -0.011644
v -0.090034 -0.001000 -0.012816
v -0.089223 -0.001000 -0.013749
v -0.090034 0.001000 -0.012816
v -0.089223 0.001000 -0.013749
v -0.088116 0.001000 -0.014299
v -0.088116 -0.001000 -0.014299
v -0.086882 0.001000 -0.014383
v -0.086882 -0.001000 -0.014383
v -0.085711 0.001000 -0.013987
v -0.085711 -0.001000 -0.013987
v -0.084781 0.000000 -0.013173
v -0.084781 0.001000 -0.013173
v -0.084781 -0.001000 -0.013173
v -0.077793 0.001000 -0.004188
v -0.077793 0.000000 -0.004188
v -0.084781 0.001000 -0.013173
v -0.084781 0.000000 -0.013173
v -0.084781 -0.001000 -0.013173
v -0.077793 -0.001000 -0.004188
v -0.077793 0.001000 -0.004188
v -0.077793 0.000000 -0.004188
v -0.077239 0.001000 -0.003081
v -0.077153 0.001000 -0.001845
v -0.077239 -0.001000 -0.003081
v -0.077793 -0.001000 -0.004188
v -0.077153 -0.001000 -0.001845
v -0.077547 -0.001000 -0.000671
v -0.078362 -0.001000 0.000261
v -0.077547 0.001000 -0.000671
v -0.078362 0.001000 0.000261
v -0.079473 0.001000 0.000808
v -0.079473 -0.001000 0.000808
v -0.080709 0.001000 0.000888
v -0.080709 -0.001000 0.000888
v -0.081880 0.001000 0.000486
v -0.081880 -0.001000 0.000486
v -0.082808 0.001000 -0.000335
v -0.082808 -0.001000 -0.000335
v -0.089570 -0.001000 -0.036529
v -0.089570 0.001000 -0.036529
v -0.091195 -0.001000 -0.037485
v -0.091195 0.001000 -0.037485
v -0.092326 -0.001000 -0.039061
v -0.092326 0.001000 -0.039061
v -0.092756 -0.001000 -0.040965
v -0.092756 0.001000 -0.040965
v -0.092489 -0.001000 -0.042773
v -0.092489 0.001000 -0.042773
v -0.091579 -0.001000 -0.044428
v -0.091579 0.001000 -0.044428
v -0.090042 -0.001000 -0.045693
v -0.090042 0.001000 -0.045693
v -0.088170 -0.001000 -0.046236
v -0.088170 0.001000 -0.046236
v -0.086408 -0.001000 -0.046016
v -0.086408 0.001000 -0.046016
v -0.084783 -0.001000 -0.045060
v -0.084783 0.001000 -0.045060
v -0.083652 -0.001000 -0.043485
v -0.083652 0.001000 -0.043485
v -0.083221 -0.001000 -0.041580
v -0.083221 0.001000 -0.041580
v -0.083489 -0.001000 -0.039773
v -0.083489 0.001000 -0.039773
v -0.084399 -0.001000 -0.038117
v -0.084399 0.001000 -0.038117
v -0.085935 -0.001000 -0.036852
v -0.085935 0.001000 -0.036852
v -0.087808 -0.001000 -0.036310
v -0.087808 0.001000 -0.036310
v -0.089570 -0.001000 -0.036529
v -0.089570 0.001000 -0.036529
v -0.044989 0.001000 0.027393
v -0.042739 0.000750 0.025850
v -0.042739 0.001000 0.025850
v -0.042739 0.000500 0.025850
v -0.044989 0.000000 0.027393
v -0.042739 0.000250 0.025850
v -0.042739 -0.000500 0.025850
v -0.044989 -0.001000 0.027393
v -0.042739 0.000000 0.025850
v -0.040489 0.000000 0.024307
v -0.040489 -0.000500 0.024307
v -0.040489 0.000250 0.024307
v -0.035989 0.000000 0.021221
v -0.026989 0.000000 0.015049
v -0.035989 -0.000500 0.021221
v -0.035989 0.000500 0.021221
v -0.026989 0.001000 0.015049
v -0.035989 0.001000 0.021221
v -0.040489 0.000500 0.024307
v -0.040489 0.000750 0.024307
v -0.040489 0.001000 0.024307
v -0.017989 0.000500 0.008878
v -0.017989 0.001000 0.008878
v -0.013489 0.001000 0.005792
v -0.013489 0.000500 0.005792
v -0.008989 0.001000 0.002706
v -0.013489 0.000000 0.005792
v -0.008989 -0.001000 0.002706
v -0.013489 -0.001000 0.005792
v -0.013489 -0.000500 0.005792
v -0.017989 -0.000500 0.008878
v -0.017989 0.000000 0.008878
v -0.026989 -0.001000 0.015049
v -0.017989 -0.001000 0.008878
v -0.035989 -0.001000 0.021221
v -0.040489 -0.000750 0.024307
v -0.040489 -0.001000 0.024307
v -0.042739 -0.001000 0.025850
v -0.042739 -0.000750 0.025850
v -0.008989 0.001000 0.010874
v -0.008989 -0.001000 0.010874
v -0.044989 0.001000 0.035920
v -0.044989 -0.001000 0.035920
v -0.085589 0.001000 -0.019273
v -0.081490 0.000500 -0.013932
v -0.081490 0.001000 -0.013932
v -0.081490 0.000000 -0.013932
v -0.085589 -0.001000 -0.019273
v -0.081490 -0.000500 -0.013932
v -0.081490 -0.001000 -0.013932
v -0.077390 -0.001000 -0.008592
v -0.077390 -0.000500 -0.008592
v -0.069190 -0.001000 0.002090
v -0.069190 0.000000 0.002090
v -0.060991 -0.000500 0.012771
v -0.060991 -0.001000 0.012771
v -0.056891 -0.001000 0.018111
v -0.056891 -0.000500 0.018111
v -0.052792 -0.001000 0.023452
v -0.052792 0.001000 0.023452
v -0.056891 0.000000 0.018111
v -0.056891 0.000500 0.018111
v -0.060991 0.000000 0.012771
v -0.060991 0.000500 0.012771
v -0.069190 0.001000 0.002090
v -0.060991 0.001000 0.012771
v -0.056891 0.001000 0.018111
v -0.077390 0.000500 -0.008592
v -0.077390 0.001000 -0.008592
v -0.077390 0.000000 -0.008592
v -0.085589 -0.001000 -0.019273
v -0.085589 0.001000 -0.019273
v -0.090128 -0.001000 -0.019273
v -0.090128 0.001000 -0.019273
v -0.090128 -0.001000 -0.019273
v -0.090128 0.001000 -0.019273
v -0.090128 -0.001000 -0.021273
v -0.090128 0.001000 -0.021273
v -0.090128 -0.001000 -0.021273
v -0.090128 0.001000 -0.021273
v -0.085400 -0.001000 -0.021273
v -0.085400 0.001000 -0.021273
v -0.085400 -0.001000 -0.021273
v -0.085400 0.001000 -0.021273
v -0.084575 -0.001000 -0.026273
v -0.084575 0.001000 -0.026273
v -0.084575 -0.001000 -0.026273
v -0.084575 0.001000 -0.026273
v -0.090128 -0.001000 -0.026273
v -0.090128 0.001000 -0.026273
v -0.090128 -0.001000 -0.026273
v -0.090128 0.001000 -0.026273
v -0.090128 -0.001000 -0.028273
v -0.090128 0.001000 -0.028273
v -0.090128 -0.001000 -0.028273
v -0.090128 0.001000 -0.028273
v -0.084108 -0.001000 -0.028273
v -0.084108 0.001000 -0.028273
v -0.084108 -0.001000 -0.028273
v -0.083016 -0.001000 -0.032052
v -0.084108 0.001000 -0.028273
v -0.083016 0.001000 -0.032052
v -0.081730 0.001000 -0.035658
v -0.080283 0.001000 -0.039294
v -0.081730 -0.001000 -0.035658
v -0.080283 -0.001000 -0.039294
v -0.080010 -0.001000 -0.042972
v -0.080010 0.001000 -0.042972
v -0.081599 -0.001000 -0.046515
v -0.081599 0.001000 -0.046515
v -0.084599 -0.001000 -0.048990
v -0.084599 0.001000 -0.048990
v -0.088153 -0.001000 -0.049989
v -0.088153 0.001000 -0.049989
v -0.092068 -0.001000 -0.049418
v -0.092068 0.001000 -0.049418
v -0.095305 -0.001000 -0.047142
v -0.095305 0.001000 -0.047142
v -0.096917 -0.001000 -0.043945
v -0.096917 0.001000 -0.043945
v -0.058631 -0.001000 0.034858
v -0.058631 0.001000 0.034858
v -0.051899 -0.001000 0.035629
v -0.051899 0.001000 0.035629
v -0.044989 -0.001000 0.035920
v -0.044989 0.001000 0.035920
v -0.099465 -0.001000 -0.034273
v -0.095688 -0.001000 -0.034273
v -0.095663 0.000003 -0.034273
v -0.099465 0.001000 -0.034273
v -0.095589 0.001000 -0.034273
v -0.099917 0.001000 -0.032273
v -0.095589 0.001000 -0.032273
v -0.099917 -0.001000 -0.032273
v -0.095688 -0.001000 -0.032273
v -0.096917 -0.001000 -0.043945
v -0.096917 0.001000 -0.043945
v -0.098087 -0.001000 -0.039600
v -0.099465 -0.001000 -0.034273
v -0.098087 0.001000 -0.039600
v -0.099465 0.001000 -0.034273
v -0.095688 -0.001000 -0.032273
v -0.095688 -0.001000 -0.033273
v -0.095589 0.001000 -0.032273
v -0.095589 0.001000 -0.033273
v -0.095589 0.001000 -0.034273
v -0.095663 0.000003 -0.034273
v -0.095688 -0.001000 -0.034273
v -0.099917 0.001000 -0.032273
v -0.101238 0.001000 -0.024318
v -0.099917 -0.001000 -0.032273
v -0.101238 -0.001000 -0.024318
v -0.052792 0.001000 0.023452
v -0.051407 0.001000 0.024922
v -0.052792 -0.001000 0.023452
v -0.051407 -0.001000 0.024922
v -0.049717 -0.001000 0.026104
v -0.047820 -0.001000 0.026914
v -0.049717 0.001000 0.026104
v -0.047820 0.001000 0.026914
v -0.045841 0.001000 0.027314
v -0.045841 0.000000 0.027314
v -0.045841 -0.001000 0.027314
v -0.065079 0.001000 0.030808
v -0.063811 0.001000 0.032265
v -0.065079 -0.001000 0.030808
v -0.063811 -0.001000 0.032265
v -0.062255 -0.001000 0.033471
v -0.062255 0.001000 0.033471
v -0.060493 -0.001000 0.034348
v -0.060493 0.001000 0.034348
v -0.058631 -0.001000 0.034858
v -0.058631 0.001000 0.034858
v -0.065079 -0.001000 0.030808
v -0.099444 -0.001000 -0.017379
v -0.065079 0.001000 0.030808
v -0.099444 0.001000 -0.017379
v -0.099444 -0.001000 -0.017379
v -0.100359 -0.001000 -0.018946
v -0.099444 0.001000 -0.017379
v -0.100359 0.001000 -0.018946
v -0.100984 0.001000 -0.020682
v -0.100984 -0.001000 -0.020682
v -0.101279 0.001000 -0.022504
v -0.101279 -0.001000 -0.022504
v -0.101238 0.001000 -0.024318
v -0.101238 -0.001000 -0.024318
v -0.044989 -0.001000 0.027393
v -0.044989 0.000000 0.027393
v -0.045841 -0.001000 0.027314
v -0.045841 0.000000 0.027314
v -0.045841 0.001000 0.027314
v -0.044989 0.001000 0.027393
v 0.009011 0.001000 0.002706
v 0.009011 -0.001000 0.002706
v 0.045011 0.001000 0.027393
v 0.045011 0.000000 0.027393
v 0.045011 -0.001000 0.027393
v 0.045011 0.001000 0.035920
v 0.045011 -0.001000 0.035920
v 0.009011 0.001000 0.010874
v 0.009011 -0.001000 0.010874
v -0.000989 -0.001000 0.010812
v -0.000989 0.001000 0.010812
v -0.000989 -0.001000 0.006727
v -0.000989 0.001000 0.006727
v -0.000989 -0.001000 0.006727
v -0.000989 0.001000 0.006727
v 0.001011 -0.001000 0.006727
v 0.001011 0.001000 0.006727
v 0.001011 -0.001000 0.006727
v 0.001011 0.001000 0.006727
v 0.001011 -0.001000 0.010812
v 0.001011 0.001000 0.010812
v -0.008989 0.001000 0.010874
v -0.000989 0.001000 0.010812
v -0.008989 -0.001000 0.010874
v -0.000989 -0.001000 0.010812
v 0.009011 -0.001000 0.002706
v 0.004673 0.000000 0.002672
v 0.004673 -0.001000 0.002672
v 0.009011 0.001000 0.002706
v 0.004673 0.001000 0.002672
v 0.000011 0.001000 0.002636
v 0.000011 0.000000 0.002636
v -0.004651 0.001000 0.002672
v -0.008989 0.001000 0.002706
v -0.004651 0.000000 0.002672
v -0.004651 -0.001000 0.002672
v -0.008989 -0.001000 0.002706
v 0.000011 -0.001000 0.002636
v 0.001011 -0.001000 0.010812
v 0.001011 0.001000 0.010812
v 0.009011 -0.001000 0.010874
v 0.009011 0.001000 0.010874
v 0.085611 0.001000 -0.019273
v 0.081511 0.000500 -0.013932
v 0.081511 0.001000 -0.013932
v 0.081511 0.000000 -0.013932
v 0.085611 -0.001000 -0.019273
v 0.081511 -0.000500 -0.013932
v 0.081511 -0.001000 -0.013932
v 0.077411 -0.001000 -0.008592
v 0.077411 -0.000500 -0.008592
v 0.069212 -0.001000 0.002090
v 0.069212 0.000000 0.002090
v 0.061013 -0.000500 0.012771
v 0.061013 -0.001000 0.012771
v 0.056913 -0.001000 0.018111
v 0.052813 -0.001000 0.023452
v 0.056913 -0.000500 0.018111
v 0.056913 0.000000 0.018111
v 0.056913 0.000500 0.018111
v 0.052813 0.001000 0.023452
v 0.061013 0.000000 0.012771
v 0.061013 0.000500 0.012771
v 0.069212 0.001000 0.002090
v 0.061013 0.001000 0.012771
v 0.056913 0.001000 0.018111
v 0.077411 0.000500 -0.008592
v 0.077411 0.001000 -0.008592
v 0.077411 0.000000 -0.008592
v 0.096939 -0.001000 -0.043945
v 0.095177 -0.001000 -0.047312
v 0.096939 0.001000 -0.043945
v 0.095177 0.001000 -0.047312
v 0.091951 0.001000 -0.049470
v 0.091951 -0.001000 -0.049470
v 0.088104 0.001000 -0.049984
v 0.088104 -0.001000 -0.049984
v 0.084556 0.001000 -0.048956
v 0.081528 0.001000 -0.046393
v 0.084556 -0.001000 -0.048956
v 0.081528 -0.001000 -0.046393
v 0.079997 -0.001000 -0.042757
v 0.079997 0.001000 -0.042757
v 0.080322 -0.001000 -0.039246
v 0.080322 0.001000 -0.039246
v 0.081729 -0.001000 -0.035716
v 0.081729 0.001000 -0.035716
v 0.083022 -0.001000 -0.032100
v 0.083022 0.001000 -0.032100
v 0.084129 -0.001000 -0.028273
v 0.084129 0.001000 -0.028273
v 0.084129 -0.001000 -0.028273
v 0.084129 0.001000 -0.028273
v 0.090150 -0.001000 -0.028273
v 0.090150 0.001000 -0.028273
v 0.090150 -0.001000 -0.028273
v 0.090150 0.001000 -0.028273
v 0.090150 -0.001000 -0.026273
v 0.090150 0.001000 -0.026273
v 0.090150 -0.001000 -0.026273
v 0.090150 0.001000 -0.026273
v 0.084597 -0.001000 -0.026273
v 0.084597 0.001000 -0.026273
v 0.084597 -0.001000 -0.026273
v 0.084597 0.001000 -0.026273
v 0.085421 -0.001000 -0.021273
v 0.085421 0.001000 -0.021273
v 0.085421 -0.001000 -0.021273
v 0.085421 0.001000 -0.021273
v 0.090150 -0.001000 -0.021273
v 0.090150 0.001000 -0.021273
v 0.090150 -0.001000 -0.021273
v 0.090150 0.001000 -0.021273
v 0.090150 -0.001000 -0.019273
v 0.090150 0.001000 -0.019273
v 0.090150 -0.001000 -0.019273
v 0.090150 0.001000 -0.019273
v 0.085611 -0.001000 -0.019273
v 0.085611 0.001000 -0.019273
v 0.099486 -0.001000 -0.034273
v 0.095685 0.000003 -0.034273
v 0.095710 -0.001000 -0.034273
v 0.099486 0.001000 -0.034273
v 0.095611 0.001000 -0.034273
v 0.099939 -0.001000 -0.032273
v 0.095710 -0.001000 -0.032273
v 0.099939 0.001000 -0.032273
v 0.095611 0.001000 -0.032273
v 0.099486 0.001000 -0.034273
v 0.098109 0.001000 -0.039600
v 0.099486 -0.001000 -0.034273
v 0.098109 -0.001000 -0.039600
v 0.096939 -0.001000 -0.043945
v 0.096939 0.001000 -0.043945
v 0.095611 0.001000 -0.032273
v 0.095611 0.001000 -0.033273
v 0.095710 -0.001000 -0.032273
v 0.095710 -0.001000 -0.033273
v 0.095710 -0.001000 -0.034273
v 0.095685 0.000003 -0.034273
v 0.095611 0.001000 -0.034273
v 0.045863 -0.001000 0.027314
v 0.045863 0.000000 0.027314
v 0.045011 -0.001000 0.027393
v 0.045011 0.000000 0.027393
v 0.045011 0.001000 0.027393
v 0.045863 0.001000 0.027314
v 0.052813 0.001000 0.023452
v 0.051428 0.001000 0.024922
v 0.052813 -0.001000 0.023452
v 0.051428 -0.001000 0.024922
v 0.049738 -0.001000 0.026104
v 0.049738 0.001000 0.026104
v 0.047842 -0.001000 0.026914
v 0.045863 -0.001000 0.027314
v 0.045863 0.000000 0.027314
v 0.047842 0.001000 0.026914
v 0.045863 0.001000 0.027314
v 0.045011 -0.001000 0.035920
v 0.045011 0.001000 0.035920
v 0.051858 -0.001000 0.035633
v 0.051858 0.001000 0.035633
v 0.058652 -0.001000 0.034858
v 0.058652 0.001000 0.034858
v 0.065101 0.001000 0.030808
v 0.063833 0.001000 0.032265
v 0.065101 -0.001000 0.030808
v 0.063833 -0.001000 0.032265
v 0.062277 -0.001000 0.033471
v 0.062277 0.001000 0.033471
v 0.060515 -0.001000 0.034348
v 0.058652 -0.001000 0.034858
v 0.060515 0.001000 0.034348
v 0.058652 0.001000 0.034858
v 0.101259 -0.001000 -0.024318
v 0.101259 0.001000 -0.024318
v 0.099939 -0.001000 -0.032273
v 0.099939 0.001000 -0.032273
v 0.065101 -0.001000 0.030808
v 0.065101 0.001000 0.030808
v 0.099466 -0.001000 -0.017379
v 0.099466 0.001000 -0.017379
v 0.099466 -0.001000 -0.017379
v 0.100381 -0.001000 -0.018946
v 0.099466 0.001000 -0.017379
v 0.100381 0.001000 -0.018946
v 0.101005 0.001000 -0.020682
v 0.101301 0.001000 -0.022504
v 0.101005 -0.001000 -0.020682
v 0.101301 -0.001000 -0.022504
v 0.101259 -0.001000 -0.024318
v 0.101259 0.001000 -0.024318
v 0.009011 -0.001000 0.002706
v 0.009366 -0.001000 0.006130
v 0.001011 -0.001000 0.002644
v 0.009737 -0.001000 0.006073
v 0.010119 -0.001000 0.006134
v 0.010463 -0.001000 0.006310
v 0.045011 -0.001000 0.027393
v 0.045011 -0.001000 0.030301
v 0.045863 -0.001000 0.027314
v 0.049738 -0.001000 0.026104
v 0.045334 -0.001000 0.030631
v 0.059897 -0.001000 0.027582
v 0.058890 -0.001000 0.026787
v 0.058311 -0.001000 0.025753
v 0.052813 -0.001000 0.023452
v 0.077815 -0.001000 -0.004188
v 0.085611 -0.001000 -0.019273
v 0.071482 -0.001000 0.005339
v 0.058153 -0.001000 0.024579
v 0.058483 -0.001000 0.023339
v 0.059277 -0.001000 0.022332
v 0.060311 -0.001000 0.021753
v 0.064311 -0.001000 0.016753
v 0.064153 -0.001000 0.015579
v 0.064482 -0.001000 0.014339
v 0.065277 -0.001000 0.013332
v 0.066311 -0.001000 0.012753
v 0.071153 -0.001000 0.006579
v 0.071311 -0.001000 0.007753
v 0.071890 -0.001000 0.008787
v 0.067485 -0.001000 0.012596
v 0.072897 -0.001000 0.009582
v 0.068725 -0.001000 0.012925
v 0.074136 -0.001000 0.009911
v 0.075311 -0.001000 0.009753
v 0.069732 -0.001000 0.013719
v 0.070311 -0.001000 0.014753
v 0.070468 -0.001000 0.015928
v 0.070139 -0.001000 0.017167
v 0.072825 -0.001000 0.019976
v 0.089598 -0.001000 -0.003542
v 0.076345 -0.001000 0.009175
v 0.077139 -0.001000 0.008167
v 0.069345 -0.001000 0.018175
v 0.068311 -0.001000 0.018753
v 0.067136 -0.001000 0.018911
v 0.071077 -0.001000 0.022428
v 0.062725 -0.001000 0.021925
v 0.063732 -0.001000 0.022719
v 0.064311 -0.001000 0.023753
v 0.069240 -0.001000 0.025003
v 0.064468 -0.001000 0.024928
v 0.064139 -0.001000 0.026167
v 0.066160 -0.001000 0.029322
v 0.063345 -0.001000 0.027175
v 0.062311 -0.001000 0.027753
v 0.061136 -0.001000 0.027911
v 0.065101 -0.001000 0.030808
v 0.062277 -0.001000 0.033471
v 0.045520 -0.001000 0.031094
v 0.045508 -0.001000 0.031594
v 0.058652 -0.001000 0.034858
v 0.044990 -0.001000 0.032339
v 0.045011 -0.001000 0.035920
v 0.045320 -0.001000 0.032016
v 0.043605 -0.001000 0.032325
v 0.009011 -0.001000 0.010874
v 0.044027 -0.001000 0.032513
v 0.044527 -0.001000 0.032526
v 0.001011 -0.001000 0.010812
v 0.009011 -0.001000 0.008301
v 0.008745 -0.001000 0.008036
v 0.008564 -0.001000 0.007685
v 0.001011 -0.001000 0.006727
v 0.000011 -0.001000 0.002636
v 0.008505 -0.001000 0.007294
v 0.008565 -0.001000 0.006924
v 0.008735 -0.001000 0.006588
v 0.009013 -0.001000 0.006308
v -0.000989 -0.001000 0.006727
v -0.008713 -0.001000 0.006588
v -0.008544 -0.001000 0.006924
v -0.008543 -0.001000 0.007685
v -0.008483 -0.001000 0.007294
v -0.008992 -0.001000 0.006308
v -0.008723 -0.001000 0.008036
v -0.000989 -0.001000 0.010812
v -0.000989 -0.001000 0.002644
v -0.008989 -0.001000 0.002706
v -0.009344 -0.001000 0.006130
v -0.009715 -0.001000 0.006073
v -0.010097 -0.001000 0.006134
v -0.010442 -0.001000 0.006310
v -0.044989 -0.001000 0.030301
v -0.044989 -0.001000 0.027393
v -0.045841 -0.001000 0.027314
v -0.049717 -0.001000 0.026104
v -0.052792 -0.001000 0.023452
v -0.058289 -0.001000 0.025753
v -0.058868 -0.001000 0.026787
v -0.059875 -0.001000 0.027582
v -0.045312 -0.001000 0.030631
v -0.045499 -0.001000 0.031094
v -0.045486 -0.001000 0.031594
v -0.062255 -0.001000 0.033471
v -0.058631 -0.001000 0.034858
v -0.061115 -0.001000 0.027911
v -0.065079 -0.001000 0.030808
v -0.066139 -0.001000 0.029322
v -0.064118 -0.001000 0.026167
v -0.069219 -0.001000 0.025003
v -0.063323 -0.001000 0.027175
v -0.062289 -0.001000 0.027753
v -0.064289 -0.001000 0.023753
v -0.071055 -0.001000 0.022428
v -0.064447 -0.001000 0.024928
v -0.067115 -0.001000 0.018911
v -0.072804 -0.001000 0.019976
v -0.062703 -0.001000 0.021925
v -0.063711 -0.001000 0.022719
v -0.061464 -0.001000 0.021596
v -0.065875 -0.001000 0.018582
v -0.064868 -0.001000 0.017787
v -0.060289 -0.001000 0.021753
v -0.064289 -0.001000 0.016753
v -0.059255 -0.001000 0.022332
v -0.058461 -0.001000 0.023339
v -0.058132 -0.001000 0.024579
v -0.064132 -0.001000 0.015579
v -0.064461 -0.001000 0.014339
v -0.065255 -0.001000 0.013332
v -0.071132 -0.001000 0.006579
v -0.071461 -0.001000 0.005339
v -0.066289 -0.001000 0.012753
v -0.071868 -0.001000 0.008787
v -0.071289 -0.001000 0.007753
v -0.067464 -0.001000 0.012596
v -0.072875 -0.001000 0.009582
v -0.068703 -0.001000 0.012925
v -0.069711 -0.001000 0.013719
v -0.074115 -0.001000 0.009911
v -0.075289 -0.001000 0.009753
v -0.076323 -0.001000 0.009175
v -0.070447 -0.001000 0.015928
v -0.070289 -0.001000 0.014753
v -0.070118 -0.001000 0.017167
v -0.069323 -0.001000 0.018175
v -0.068289 -0.001000 0.018753
v -0.077118 -0.001000 0.008167
v -0.089576 -0.001000 -0.003542
v -0.077447 -0.001000 0.006928
v -0.077289 -0.001000 0.005753
v -0.081880 -0.001000 0.000486
v -0.082808 -0.001000 -0.000335
v -0.080709 -0.001000 0.000888
v -0.076711 -0.001000 0.004719
v -0.075703 -0.001000 0.003925
v -0.079473 -0.001000 0.000808
v -0.078362 -0.001000 0.000261
v -0.074464 -0.001000 0.003596
v -0.073289 -0.001000 0.003753
v -0.077153 -0.001000 -0.001845
v -0.072255 -0.001000 0.004332
v -0.077547 -0.001000 -0.000671
v -0.077793 -0.001000 -0.004188
v -0.077239 -0.001000 -0.003081
v -0.084781 -0.001000 -0.013173
v -0.085589 -0.001000 -0.019273
v -0.090128 -0.001000 -0.019273
v -0.086882 -0.001000 -0.014383
v -0.085711 -0.001000 -0.013987
v -0.088116 -0.001000 -0.014299
v -0.098014 -0.001000 -0.015374
v -0.089223 -0.001000 -0.013749
v -0.090034 -0.001000 -0.012816
v -0.090426 -0.001000 -0.011644
v -0.090339 -0.001000 -0.010411
v -0.089785 -0.001000 -0.009305
v -0.099444 -0.001000 -0.017379
v -0.100984 -0.001000 -0.020682
v -0.090128 -0.001000 -0.021273
v -0.101238 -0.001000 -0.024318
v -0.090128 -0.001000 -0.028273
v -0.099917 -0.001000 -0.032273
v -0.090128 -0.001000 -0.026273
v -0.084575 -0.001000 -0.026273
v -0.085400 -0.001000 -0.021273
v -0.095688 -0.001000 -0.032273
v -0.084108 -0.001000 -0.028273
v -0.087803 -0.001000 -0.036310
v -0.095688 -0.001000 -0.034273
v -0.099465 -0.001000 -0.034273
v -0.091116 -0.001000 -0.037414
v -0.089570 -0.001000 -0.036529
v -0.092289 -0.001000 -0.038979
v -0.092755 -0.001000 -0.040921
v -0.096917 -0.001000 -0.043945
v -0.092489 -0.001000 -0.042773
v -0.091591 -0.001000 -0.044413
v -0.090053 -0.001000 -0.045687
v -0.096835 -0.001000 -0.044273
v -0.095464 -0.001000 -0.046949
v -0.088175 -0.001000 -0.046235
v -0.092885 -0.001000 -0.049050
v -0.089584 -0.001000 -0.049985
v -0.086366 -0.001000 -0.049678
v -0.083447 -0.001000 -0.048288
v -0.086408 -0.001000 -0.046016
v -0.081095 -0.001000 -0.045790
v -0.083689 -0.001000 -0.043566
v -0.084862 -0.001000 -0.045131
v -0.079962 -0.001000 -0.042662
v -0.083223 -0.001000 -0.041624
v -0.080161 -0.001000 -0.039662
v -0.085925 -0.001000 -0.036858
v -0.084387 -0.001000 -0.038132
v -0.083489 -0.001000 -0.039773
v -0.044989 -0.001000 0.035920
v -0.045298 -0.001000 0.032016
v -0.044969 -0.001000 0.032339
v -0.044505 -0.001000 0.032526
v -0.044005 -0.001000 0.032513
v -0.043584 -0.001000 0.032325
v -0.008989 -0.001000 0.010874
v -0.008989 -0.001000 0.008301
v 0.061485 -0.001000 0.021596
v 0.064890 -0.001000 0.017787
v 0.065897 -0.001000 0.018582
v 0.077468 -0.001000 0.006928
v 0.081902 -0.001000 0.000486
v 0.077311 -0.001000 0.005753
v 0.080731 -0.001000 0.000888
v 0.076732 -0.001000 0.004719
v 0.075725 -0.001000 0.003925
v 0.079495 -0.001000 0.000808
v 0.074485 -0.001000 0.003596
v 0.073311 -0.001000 0.003753
v 0.078384 -0.001000 0.000261
v 0.077569 -0.001000 -0.000671
v 0.077174 -0.001000 -0.001845
v 0.077261 -0.001000 -0.003081
v 0.072277 -0.001000 0.004332
v 0.082830 -0.001000 -0.000335
v 0.089807 -0.001000 -0.009305
v 0.098036 -0.001000 -0.015374
v 0.090361 -0.001000 -0.010411
v 0.090448 -0.001000 -0.011644
v 0.090056 -0.001000 -0.012816
v 0.089245 -0.001000 -0.013749
v 0.088137 -0.001000 -0.014299
v 0.090150 -0.001000 -0.019273
v 0.086904 -0.001000 -0.014383
v 0.085733 -0.001000 -0.013987
v 0.084803 -0.001000 -0.013173
v 0.101005 -0.001000 -0.020682
v 0.090150 -0.001000 -0.021273
v 0.099466 -0.001000 -0.017379
v 0.090150 -0.001000 -0.026273
v 0.085421 -0.001000 -0.021273
v 0.101259 -0.001000 -0.024318
v 0.090150 -0.001000 -0.028273
v 0.099939 -0.001000 -0.032273
v 0.095710 -0.001000 -0.032273
v 0.084129 -0.001000 -0.028273
v 0.095710 -0.001000 -0.034273
v 0.088824 -0.001000 -0.036310
v 0.086947 -0.001000 -0.036858
v 0.090592 -0.001000 -0.036529
v 0.092137 -0.001000 -0.037414
v 0.099486 -0.001000 -0.034273
v 0.093311 -0.001000 -0.038979
v 0.093777 -0.001000 -0.040921
v 0.093511 -0.001000 -0.042773
v 0.096939 -0.001000 -0.043945
v 0.096856 -0.001000 -0.044273
v 0.092613 -0.001000 -0.044413
v 0.095486 -0.001000 -0.046949
v 0.091075 -0.001000 -0.045687
v 0.089197 -0.001000 -0.046235
v 0.092907 -0.001000 -0.049050
v 0.087429 -0.001000 -0.046016
v 0.083468 -0.001000 -0.048288
v 0.086387 -0.001000 -0.049678
v 0.089606 -0.001000 -0.049985
v 0.081117 -0.001000 -0.045790
v 0.079983 -0.001000 -0.042662
v 0.084711 -0.001000 -0.043566
v 0.085884 -0.001000 -0.045131
v 0.084245 -0.001000 -0.041624
v 0.084511 -0.001000 -0.039773
v 0.080183 -0.001000 -0.039662
v 0.085409 -0.001000 -0.038132
v 0.084597 -0.001000 -0.026273
vn -0.000000 1.000000 0.000000
vn -0.000000 1.000000 0.000000
vn -0.000000 1.000000 0.000000
vn -0.000000 1.000000 0.000000
vn -0.000000 1.000000 0.000000
vn -0.000000 1.000000 0.000000
vn -0.000000 1.000000 0.000000
vn -0.000000 1.000000 0.000000
vn -0.000000 1.000000 0.000000
vn -0.000000 1.000000 0.000000
vn -0.000000 1.000000 0.000000
vn -0.000000 1.000000 0.000000
vn -0.000000 1.000000 0.000000
vn -0.000000 1.000000 0.000000
vn -0.000000 1.000000 0.000000
vn -0.000000 1.000000 0.000000
vn -0.000000 1.000000 0.000000
vn -0.000000 1.000000 0.000000
vn -0.000000 1.000000 0.000000
vn -0.000000 1.000000 0.000000
vn -0.000000 1.000000 0.000000
vn -0.000000 1.000000 0.000000
vn -0.000000 1.000000 0.000000
vn -0.000000 1.000000 0.000000
vn -0.000000 1.000000 0.000000
vn -0.000000 1.000000 0.000000
vn -0.000000 1.000000 0.000000
vn -0.000000 1.000000 0.000000
vn -0.000000 1.000000 0.000000
vn -0.000000 1.000000 0.000000
vn -0.000000 1.000000 0.000000
vn -0.000000 1.000000 0.000000
vn -0.000000 1.000000 0.000000
vn -0.000000 1.000000 0.000000
vn -0.000000 1.000000 0.000000
vn -0.000000 1.000000 0.000000
vn -0.000000 1.000000 0.000000
vn -0.000000 1.000000 0.000000
vn -0.000000 1.000000 0.000000
vn -0.000000 1.000000 0.000000
vn -0.000000 1.000000 0.000000
vn -0.000000 1.000000 0.000000
vn -0.000000 1.000000 0.000000
vn -0.000000 1.000000 0.000000
vn -0.000000 1.000000 0.000000
vn -0.000000 1.000000 0.000000
vn -0.000000 1.000000 0.000000
vn -0.000000 1.000000 0.000000
vn -0.000000 1.000000 0.000000
vn -0.000000 1.000000 0.000000
vn -0.000000 1.000000 0.000000
vn -0.000000 1.000000 0.000000
vn -0.000000 1.000000 0.000000
vn -0.000000 1.000000 0.000000
vn -0.000000 1.000000 0.000000
vn -0.000000 1.000000 0.000000
vn -0.000000 1.000000 0.000000
vn -0.000000 1.000000 0.000000
vn -0.000000 1.000000 0.000000
vn -0.000000 1.000000 0.000000
vn -0.000000 1.000000 0.000000
vn -0.000000 1.000000 0.000000
vn -0.000000 1.000000 0.000000
vn -0.000000 1.000000 0.000000
vn -0.000000 1.000000 0.000000
vn -0.000000 1.000000 0.000000
vn -0.000000 1.000000 0.000000
vn -0.000000 1.000000 0.000000
vn -0.000000 1.000000 0.000000
vn -0.000000 1.000000 0.000000
vn -0.000000 1.000000 0.000000
vn -0.000000 1.000000 0.000000
vn -0.000000 1.000000 0.000000
vn -0.000000 1.000000 0.000000
vn -0.000000 1.000000 0.000000
vn -0.000000 1.000000 0.000000
vn -0.000000 1.000000 0.000000
vn -0.000000 1.000000 0.000000
vn -0.000000 1.000000 0.000000
vn -0.000000 1.000000 0.000000
vn -0.000000 1.000000 0.000000
vn -0.000000 1.000000 0.000000
vn -0.000000 1.000000 0.000000
vn -0.000000 1.000000 0.000000
vn -0.000000 1.000000 0.000000
vn -0.000000 1.000000 0.000000
vn -0.000000 1.000000 0.000000
vn -0.000000 1.000000 0.000000
vn -0.000000 1.000000 0.000000
vn -0.000000 1.000000 0.000000
vn -0.000000 1.000000 0.000000
vn -0.000000 1.000000 0.000000
vn -0.000000 1.000000 0.000000
vn -0.000000 1.000000 0.000000
vn -0.000000 1.000000 0.000000
vn -0.000000 1.000000 0.000000
vn -0.000000 1.000000 0.000000
vn -0.000000 1.000000 0.000000
vn -0.000000 1.000000 0.000000
vn -0.000000 1.000000 0.000000
vn -0.000000 1.000000 0.000000
vn -0.000000 1.000000 0.000000
vn -0.000000 1.000000 0.000000
vn -0.000000 1.000000 0.000000
vn -0.000000 1.000000 0.000000
vn -0.000000 1.000000 0.000000
vn -0.000000 1.000000 0.000000
vn -0.000000 1.000000 0.000000
vn -0.000000 1.000000 0.000000
vn -0.000000 1.000000 0.000000
vn -0.000000 1.000000 0.000000
vn -0.000000 1.000000 0.000000
vn -0.000000 1.000000 0.000000
vn -0.000000 1.000000 0.000000
vn -0.000000 1.000000 0.000000
vn -0.000000 1.000000 0.000000
vn -0.000000 1.000000 0.000000
vn -0.000000 1.000000 0.000000
vn -0.000000 1.000000 0.000000
vn -0.000000 1.000000 0.000000
vn -0.000000 1.000000 0.000000
vn -0.000000 1.000000 0.000000
vn -0.000000 1.000000 0.000000
vn -0.000000 1.000000 0.000000
vn -0.000000 1.000000 0.000000
vn -0.000000 1.000000 0.000000
vn -0.000000 1.000000 0.000000
vn -0.000000 1.000000 0.000000
vn -0.000000 1.000000 0.000000
vn -0.000000 1.000000 0.000000
vn -0.000000 1.000000 0.000000
vn -0.000000 1.000000 0.000000
vn -0.000000 1.000000 0.000000
vn -0.000000 1.000000 0.000000
vn -0.000000 1.000000 0.000000
vn -0.000000 1.000000 0.000000
vn -0.000000 1.000000 0.000000
vn -0.000000 1.000000 0.000000
vn -0.000000 1.000000 0.000000
vn -0.000000 1.000000 0.000000
vn -0.000000 1.000000 0.000000
vn -0.000000 1.000000 0.000000
vn -0.000000 1.000000 0.000000
vn -0.000000 1.000000 0.000000
vn -0.000000 1.000000 0.000000
vn -0.000000 1.000000 0.000000
vn -0.000000 1.000000 0.000000
vn -0.000000 1.000000 0.000000
vn -0.000000 1.000000 0.000000
vn -0.000000 1.000000 0.000000
vn -0.000000 1.000000 0.000000
vn -0.000000 1.000000 0.000000
vn -0.000000 1.000000 0.000000
vn -0.000000 1.000000 0.000000
vn -0.000000 1.000000 0.000000
vn -0.000000 1.000000 0.000000
vn -0.000000 1.000000 0.000000
vn -0.000000 1.000000 0.000000
vn -0.000000 1.000000 0.000000
vn -0.000000 1.000000 0.000000
vn -0.000000 1.000000 0.000000
vn -0.000000 1.000000 0.000000
vn -0.000000 1.000000 0.000000
vn -0.000000 1.000000 0.000000
vn -0.000000 1.000000 0.000000
vn -0.000000 1.000000 0.000000
vn -0.000000 1.000000 0.000000
vn -0.000000 1.000000 0.000000
vn -0.000000 1.000000 0.000000
vn -0.000000 1.000000 0.000000
vn -0.000000 1.000000 0.000000
vn -0.000000 1.000000 0.000000
vn -0.000000 1.000000 0.000000
vn -0.000000 1.000000 0.000000
vn -0.000000 1.000000 0.000000
vn -0.000000 1.000000 0.000000
vn -0.000000 1.000000 0.000000
vn -0.000000 1.000000 0.000000
vn -0.000000 1.000000 0.000000
vn -0.000000 1.000000 0.000000
vn -0.000000 1.000000 0.000000
vn -0.000000 1.000000 0.000000
vn -0.000000 1.000000 0.000000
vn -0.000000 1.000000 0.000000
vn -0.000000 1.000000 0.000000
vn -0.000000 1.000000 0.000000
vn -0.000000 1.000000 0.000000
vn -0.000000 1.000000 0.000000
vn -0.000000 1.000000 0.000000
vn -0.000000 1.000000 0.000000
vn -0.000000 1.000000 0.000000
vn -0.000000 1.000000 0.000000
vn -0.000000 1.000000 0.000000
vn -0.000000 1.000000 0.000000
vn -0.000000 1.000000 0.000000
vn -0.000000 1.000000 0.000000
vn -0.000000 1.000000 0.000000
vn -0.000000 1.000000 0.000000
vn -0.000000 1.000000 0.000000
vn -0.000000 1.000000 0.000000
vn -0.000000 1.000000 0.000000
vn -0.000000 1.000000 0.000000
vn -0.000000 1.000000 0.000000
vn -0.000000 1.000000 0.000000
vn -0.000000 1.000000 0.000000
vn -0.000000 1.000000 0.000000
vn -0.000000 1.000000 0.000000
vn -0.000000 1.000000 0.000000
vn -0.000000 1.000000 0.000000
vn -0.000000 1.000000 0.000000
vn -0.000000 1.000000 0.000000
vn -0.000000 1.000000 0.000000
vn -0.000000 1.000000 0.000000
vn -0.000000 1.000000 0.000000
vn -0.000000 1.000000 0.000000
vn -0.000000 1.000000 0.000000
vn -0.000000 1.000000 0.000000
vn -0.000000 1.000000 0.000000
vn -0.000000 1.000000 0.000000
vn -0.000000 1.000000 0.000000
vn -0.000000 1.000000 0.000000
vn -0.000000 1.000000 0.000000
vn -0.000000 1.000000 0.000000
vn -0.000000 1.000000 0.000000
vn -0.000000 1.000000 0.000000
vn -0.000000 1.000000 0.000000
vn -0.000000 1.000000 0.000000
vn -0.000000 1.000000 0.000000
vn -0.000000 1.000000 0.000000
vn -0.000000 1.000000 0.000000
vn -0.000000 1.000000 0.000000
vn -0.000000 1.000000 0.000000
vn -0.000000 1.000000 0.000000
vn -0.000000 1.000000 0.000000
vn -0.000000 1.000000 0.000000
vn -0.000000 1.000000 0.000000
vn -0.000000 1.000000 0.000000
vn -0.000000 1.000000 0.000000
vn -0.000000 1.000000 0.000000
vn -0.000000 1.000000 0.000000
vn -0.000000 1.000000 0.000000
vn -0.000000 1.000000 0.000000
vn -0.000000 1.000000 0.000000
vn -0.000000 1.000000 0.000000
vn -0.000000 1.000000 0.000000
vn -0.000000 1.000000 0.000000
vn -0.000000 1.000000 0.000000
vn -0.000000 1.000000 0.000000
vn -0.000000 1.000000 0.000000
vn -0.000000 1.000000 0.000000
vn -0.000000 1.000000 0.000000
vn -0.000000 1.000000 0.000000
vn -0.000000 1.000000 0.000000
vn -0.000000 1.000000 0.000000
vn -0.000000 1.000000 0.000000
vn -0.000000 1.000000 0.000000
vn -0.000000 1.000000 0.000000
vn -0.000000 1.000000 0.000000
vn -0.000000 1.000000 0.000000
vn -0.000000 1.000000 0.000000
vn -0.000000 1.000000 0.000000
vn -0.000000 1.000000 0.000000
vn -0.000000 1.000000 0.000000
vn -0.000000 1.000000 0.000000
vn -0.000000 1.000000 0.000000
vn -0.000000 1.000000 0.000000
vn -0.000000 1.000000 0.000000
vn -0.000000 1.000000 0.000000
vn -0.000000 1.000000 0.000000
vn -0.000000 1.000000 0.000000
vn -0.000000 1.000000 0.000000
vn -0.000000 1.000000 0.000000
vn -0.000000 1.000000 0.000000
vn -0.000000 1.000000 0.000000
vn -0.000000 1.000000 0.000000
vn -0.000000 1.000000 0.000000
vn -0.000000 1.000000 0.000000
vn -0.000000 1.000000 0.000000
vn -0.000000 1.000000 0.000000
vn -0.000000 1.000000 0.000000
vn -0.000000 1.000000 0.000000
vn -0.000000 1.000000 0.000000
vn -0.000000 1.000000 0.000000
vn -0.000000 1.000000 0.000000
vn -0.000000 1.000000 0.000000
vn -0.000000 1.000000 0.000000
vn -0.000000 1.000000 0.000000
vn -0.000000 1.000000 0.000000
vn -0.000000 1.000000 0.000000
vn -0.000000 1.000000 0.000000
vn -0.000000 1.000000 0.000000
vn -0.000000 1.000000 0.000000
vn -0.000000 1.000000 0.000000
vn -0.000000 1.000000 0.000000
vn -0.000000 1.000000 0.000000
vn -0.000000 1.000000 0.000000
vn -0.000000 1.000000 0.000000
vn -0.000000 1.000000 0.000000
vn -0.000000 1.000000 0.000000
vn -0.000000 1.000000 0.000000
vn -0.000000 1.000000 0.000000
vn -0.000000 1.000000 0.000000
vn -0.000000 1.000000 0.000000
vn -0.000000 1.000000 0.000000
vn -0.000000 1.000000 0.000000
vn -0.000000 1.000000 0.000000
vn -0.000000 1.000000 0.000000
vn -0.000000 1.000000 0.000000
vn -0.000000 1.000000 0.000000
vn -0.000000 1.000000 0.000000
vn -0.000000 1.000000 0.000000
vn -0.000000 1.000000 0.000000
vn -0.000000 1.000000 0.000000
vn -0.000000 1.000000 0.000000
vn -0.000000 1.000000 0.000000
vn -0.000000 1.000000 0.000000
vn -0.000000 1.000000 0.000000
vn -0.000000 1.000000 0.000000
vn -0.000000 1.000000 0.000000
vn -0.000000 1.000000 0.000000
vn -0.000000 1.000000 0.000000
vn -0.000000 1.000000 0.000000
vn -0.000000 1.000000 0.000000
vn -0.000000 1.000000 0.000000
vn -0.000000 1.000000 0.000000
vn -0.000000 1.000000 0.000000
vn -0.000000 1.000000 0.000000
vn -0.000000 1.000000 0.000000
vn -0.000000 1.000000 0.000000
vn -0.000000 1.000000 0.000000
vn -0.000000 1.000000 0.000000
vn -0.000000 1.000000 0.000000
vn -0.000000 1.000000 0.000000
vn -0.000000 1.000000 0.000000
vn -0.000000 1.000000 0.000000
vn -0.000000 1.000000 0.000000
vn -0.000000 1.000000 0.000000
vn -0.000000 1.000000 0.000000
vn -0.000000 1.000000 0.000000
vn -0.000000 1.000000 0.000000
vn -0.000000 1.000000 0.000000
vn -0.000000 1.000000 0.000000
vn -0.000000 1.000000 0.000000
vn -0.000000 1.000000 0.000000
vn -0.000000 1.000000 0.000000
vn -0.000000 1.000000 0.000000
vn -0.000000 1.000000 0.000000
vn -0.000000 1.000000 0.000000
vn -0.000000 1.000000 0.000000
vn -0.000000 1.000000 0.000000
vn -0.000000 1.000000 0.000000
vn -0.000000 1.000000 0.000000
vn -0.000000 1.000000 0.000000
vn -0.000000 1.000000 0.000000
vn -0.000000 1.000000 0.000000
vn -0.000000 1.000000 0.000000
vn -0.000000 1.000000 0.000000
vn -0.000000 1.000000 0.000000
vn -0.000000 1.000000 0.000000
vn -0.000000 1.000000 0.000000
vn -0.000000 1.000000 0.000000
vn -0.000000 1.000000 0.000000
vn -0.000000 1.000000 0.000000
vn -0.000000 1.000000 0.000000
vn -0.000000 1.000000 0.000000
vn -0.000000 1.000000 0.000000
vn -0.000000 1.000000 0.000000
vn -0.000000 1.000000 0.000000
vn -0.000000 1.000000 0.000000
vn -0.000000 1.000000 0.000000
vn -0.000000 1.000000 0.000000
vn -0.000000 1.000000 0.000000
vn -0.000000 1.000000 0.000000
vn -0.000000 1.000000 0.000000
vn -0.000000 1.000000 0.000000
vn -0.000000 1.000000 0.000000
vn -0.000000 1.000000 0.000000
vn -0.000000 1.000000 0.000000
vn -0.000000 1.000000 0.000000
vn -0.000000 1.000000 0.000000
vn -0.000000 1.000000 0.000000
vn -0.000000 1.000000 0.000000
vn -0.000000 1.000000 0.000000
vn -0.000000 1.000000 0.000000
vn -0.000000 1.000000 0.000000
vn -0.000000 1.000000 0.000000
vn -0.000000 1.000000 0.000000
vn -0.000000 1.000000 0.000000
vn -0.000000 1.000000 0.000000
vn -0.000000 1.000000 0.000000
vn -0.000000 1.000000 0.000000
vn -0.000000 1.000000 0.000000
vn -0.000000 1.000000 0.000000
vn -0.000000 1.000000 0.000000
vn -0.000000 1.000000 0.000000
vn -0.000000 1.000000 0.000000
vn -0.000000 1.000000 0.000000
vn -0.000000 1.000000 0.000000
vn -0.000000 1.000000 0.000000
vn -0.000000 1.000000 0.000000
vn -0.000000 1.000000 0.000000
vn -0.000000 1.000000 0.000000
vn -0.000000 1.000000 0.000000
vn -0.000000 1.000000 0.000000
vn -0.000000 1.000000 0.000000
vn -0.000000 1.000000 0.000000
vn -0.000000 1.000000 0.000000
vn -0.000000 1.000000 0.000000
vn -0.000000 1.000000 0.000000
vn -0.000000 1.000000 0.000000
vn -0.000000 1.000000 0.000000
vn -0.000000 1.000000 0.000000
vn -0.000000 1.000000 0.000000
vn -0.000000 1.000000 0.000000
vn -0.000000 1.000000 0.000000
vn -0.000000 1.000000 0.000000
vn -0.000000 1.000000 0.000000
vn -0.000000 1.000000 0.000000
vn -0.000000 1.000000 0.000000
vn -0.000000 1.000000 0.000000
vn -0.000000 1.000000 0.000000
vn -0.000000 1.000000 0.000000
vn -0.000000 1.000000 0.000000
vn -0.000000 1.000000 0.000000
vn -0.000000 1.000000 0.000000
vn -0.000000 1.000000 0.000000
vn -0.000000 1.000000 0.000000
vn -0.000000 1.000000 0.000000
vn -0.000000 1.000000 0.000000
vn -0.000000 1.000000 0.000000
vn -0.000000 1.000000 0.000000
vn -0.000000 1.000000 0.000000
vn -0.000000 1.000000 0.000000
vn -0.000000 1.000000 0.000000
vn -0.000000 1.000000 0.000000
vn -0.000000 1.000000 0.000000
vn -0.000000 1.000000 0.000000
vn -0.000000 1.000000 0.000000
vn -0.000000 1.000000 0.000000
vn -0.000000 1.000000 0.000000
vn -0.000000 1.000000 0.000000
vn -0.000000 1.000000 0.000000
vn -0.000000 1.000000 0.000000
vn -0.000000 1.000000 0.000000
vn -0.000000 1.000000 0.000000
vn -0.000000 1.000000 0.000000
vn -0.000000 1.000000 0.000000
vn -0.000000 1.000000 0.000000
vn -0.000000 1.000000 0.000000
vn -0.000000 1.000000 0.000000
vn -0.000000 1.000000 0.000000
vn -0.000000 1.000000 0.000000
vn -0.000000 1.000000 0.000000
vn -0.000000 1.000000 0.000000
vn -0.000000 1.000000 0.000000
vn -0.000000 1.000000 0.000000
vn 0.570385 -0.000000 0.821378
vn 0.570385 -0.000000 0.821378
vn 0.570385 -0.000000 0.821378
vn 0.570385 -0.000000 0.821378
vn 0.570385 -0.000000 0.821378
vn 0.570385 -0.000000 0.821378
vn -0.570385 0.000000 -0.821378
vn -0.570385 0.000000 -0.821378
vn -0.570385 0.000000 -0.821378
vn -0.570385 0.000000 -0.821378
vn -0.570385 0.000000 -0.821378
vn -0.570385 0.000000 -0.821378
vn 0.570499 -0.000000 0.821298
vn 0.570499 -0.000000 0.821298
vn 0.832711 -0.000000 0.553707
vn 0.984120 -0.000000 0.177504
vn 0.832711 -0.000000 0.553707
vn 0.570499 -0.000000 0.821298
vn 0.984120 -0.000000 0.177504
vn 0.973663 0.000000 -0.227991
vn 0.821378 0.000000 -0.570385
vn 0.973663 0.000000 -0.227991
vn 0.821378 0.000000 -0.570385
vn 0.553707 0.000000 -0.832711
vn 0.177504 0.000000 -0.984120
vn 0.553707 0.000000 -0.832711
vn 0.177504 0.000000 -0.984120
vn -0.227991 0.000000 -0.973663
vn -0.570317 0.000000 -0.821425
vn -0.570317 0.000000 -0.821425
vn -0.227991 0.000000 -0.973663
vn -0.570317 0.000000 -0.821425
vn -0.589420 0.000000 -0.807827
vn -0.589420 0.000000 -0.807827
vn -0.805332 0.000000 -0.592824
vn -0.951485 0.000000 -0.307695
vn -0.805332 0.000000 -0.592824
vn -0.951485 0.000000 -0.307695
vn -0.589420 0.000000 -0.807827
vn -0.999959 -0.000000 0.009100
vn -0.950772 -0.000000 0.309891
vn -0.999959 -0.000000 0.009100
vn -0.950772 -0.000000 0.309891
vn -0.813240 -0.000000 0.581929
vn -0.587398 -0.000000 0.809298
vn -0.813240 -0.000000 0.581929
vn -0.587398 -0.000000 0.809298
vn -0.301189 -0.000000 0.953565
vn -0.301189 -0.000000 0.953565
vn -0.000100 -0.000000 1.000000
vn -0.000100 -0.000000 1.000000
vn -0.000100 -0.000000 1.000000
vn 0.000100 -0.000000 1.000000
vn 0.000100 -0.000000 1.000000
vn 0.309891 -0.000000 0.950772
vn 0.589194 -0.000000 0.807992
vn 0.589194 -0.000000 0.807992
vn 0.309891 -0.000000 0.950772
vn 0.000100 -0.000000 1.000000
vn 0.589194 -0.000000 0.807992
vn -0.570384 -0.000000 0.821378
vn -0.570384 -0.000000 0.821378
vn -0.570384 -0.000000 0.821378
vn -0.570384 -0.000000 0.821378
vn -0.570384 -0.000000 0.821378
vn -0.570384 -0.000000 0.821378
vn 0.570384 0.000000 -0.821378
vn 0.570384 0.000000 -0.821378
vn 0.570384 0.000000 -0.821378
vn 0.570384 0.000000 -0.821378
vn 0.570384 0.000000 -0.821378
vn 0.570384 0.000000 -0.821378
vn 0.589420 0.000000 -0.807827
vn 0.805332 0.000000 -0.592824
vn 0.589420 0.000000 -0.807827
vn 0.589420 0.000000 -0.807827
vn 0.805332 0.000000 -0.592824
vn 0.951485 0.000000 -0.307695
vn 0.951485 0.000000 -0.307695
vn 0.999959 -0.000000 0.009100
vn 0.999959 -0.000000 0.009100
vn 0.950772 -0.000000 0.309891
vn 0.813240 -0.000000 0.581929
vn 0.950772 -0.000000 0.309891
vn 0.813240 -0.000000 0.581929
vn 0.587399 -0.000000 0.809298
vn 0.301189 -0.000000 0.953564
vn 0.587399 -0.000000 0.809298
vn 0.301189 -0.000000 0.953564
vn 0.000100 -0.000000 1.000000
vn 0.000100 -0.000000 1.000000
vn 0.000100 -0.000000 1.000000
vn -0.000100 -0.000000 1.000000
vn -0.000100 -0.000000 1.000000
vn -0.309891 -0.000000 0.950772
vn -0.589194 -0.000000 0.807992
vn -0.309891 -0.000000 0.950772
vn -0.589194 -0.000000 0.807992
vn -0.589194 -0.000000 0.807992
vn -0.000100 -0.000000 1.000000
vn 0.570317 0.000000 -0.821425
vn 0.570317 0.000000 -0.821425
vn 0.227991 0.000000 -0.973663
vn -0.177504 0.000000 -0.984120
vn 0.227991 0.000000 -0.973663
vn 0.570317 0.000000 -0.821425
vn -0.177504 0.000000 -0.984120
vn -0.553708 0.000000 -0.832711
vn -0.821378 0.000000 -0.570385
vn -0.553708 0.000000 -0.832711
vn -0.821378 0.000000 -0.570385
vn -0.973663 0.000000 -0.227991
vn -0.973663 0.000000 -0.227991
vn -0.984120 -0.000000 0.177504
vn -0.832711 -0.000000 0.553708
vn -0.984120 -0.000000 0.177504
vn -0.832711 -0.000000 0.553708
vn -0.570499 -0.000000 0.821298
vn -0.570499 -0.000000 0.821298
vn -0.570499 -0.000000 0.821298
vn 0.991915 0.000000 -0.126902
vn 0.991915 0.000000 -0.126902
vn 0.964604 -0.000000 0.263701
vn 0.867115 0.000000 -0.498109
vn 0.609319 0.000000 -0.792925
vn 0.867115 0.000000 -0.498109
vn 0.609319 0.000000 -0.792925
vn 0.258104 0.000000 -0.966117
vn -0.132694 0.000000 -0.991157
vn 0.258104 0.000000 -0.966117
vn -0.132694 0.000000 -0.991157
vn -0.503187 0.000000 -0.864178
vn -0.503187 0.000000 -0.864178
vn -0.796434 0.000000 -0.604726
vn -0.796434 0.000000 -0.604726
vn -0.796434 0.000000 -0.604726
vn 0.964604 -0.000000 0.263701
vn 0.789390 -0.000000 0.613892
vn 0.789390 -0.000000 0.613892
vn 0.789352 -0.000000 0.613941
vn 0.789352 -0.000000 0.613941
vn 0.789352 -0.000000 0.613941
vn 0.789352 -0.000000 0.613941
vn 0.789352 -0.000000 0.613941
vn 0.793096 -0.000000 0.609097
vn 0.793096 -0.000000 0.609097
vn 0.499076 -0.000000 0.866558
vn 0.128698 -0.000000 0.991684
vn 0.499076 -0.000000 0.866558
vn 0.128698 -0.000000 0.991684
vn 0.793096 -0.000000 0.609097
vn -0.261408 -0.000000 0.965229
vn -0.261408 -0.000000 0.965229
vn -0.611473 -0.000000 0.791265
vn -0.868138 -0.000000 0.496322
vn -0.611473 -0.000000 0.791265
vn -0.868138 -0.000000 0.496322
vn -0.992081 -0.000000 0.125598
vn -0.992081 -0.000000 0.125598
vn -0.964412 0.000000 -0.264403
vn -0.789390 0.000000 -0.613892
vn -0.789390 0.000000 -0.613892
vn -0.964412 0.000000 -0.264403
vn -0.789390 0.000000 -0.613892
vn -0.789304 0.000000 -0.614003
vn -0.789304 0.000000 -0.614003
vn -0.789304 0.000000 -0.614003
vn -0.789304 0.000000 -0.614003
vn -0.789304 0.000000 -0.614003
vn -0.789304 0.000000 -0.614003
vn 0.948693 0.000000 -0.316198
vn 0.948693 0.000000 -0.316198
vn 0.998475 -0.000000 0.055199
vn 0.998475 -0.000000 0.055199
vn 0.894427 -0.000000 0.447214
vn 0.643199 -0.000000 0.765699
vn 0.894427 -0.000000 0.447214
vn 0.643199 -0.000000 0.765699
vn 0.316198 -0.000000 0.948693
vn 0.316198 -0.000000 0.948693
vn -0.055199 -0.000000 0.998475
vn -0.055199 -0.000000 0.998475
vn -0.447213 -0.000000 0.894427
vn -0.765699 -0.000000 0.643199
vn -0.447213 -0.000000 0.894427
vn -0.765699 -0.000000 0.643199
vn -0.948693 -0.000000 0.316198
vn -0.948693 -0.000000 0.316198
vn -0.998475 0.000000 -0.055199
vn -0.894427 0.000000 -0.447214
vn -0.998475 0.000000 -0.055199
vn -0.894427 0.000000 -0.447214
vn -0.643199 0.000000 -0.765699
vn -0.316198 0.000000 -0.948693
vn -0.643199 0.000000 -0.765699
vn -0.316198 0.000000 -0.948693
vn 0.055199 0.000000 -0.998475
vn 0.055199 0.000000 -0.998475
vn 0.447213 0.000000 -0.894427
vn 0.447213 0.000000 -0.894427
vn 0.765699 0.000000 -0.643199
vn 0.765699 0.000000 -0.643199
vn 0.948663 0.000000 -0.316288
vn 0.948663 0.000000 -0.316288
vn 0.948693 0.000000 -0.316198
vn 0.948693 0.000000 -0.316198
vn 0.998475 -0.000000 0.055199
vn 0.998475 -0.000000 0.055199
vn 0.894427 -0.000000 0.447214
vn 0.643199 -0.000000 0.765699
vn 0.894427 -0.000000 0.447214
vn 0.643199 -0.000000 0.765699
vn 0.316198 -0.000000 0.948693
vn 0.316198 -0.000000 0.948693
vn -0.055199 -0.000000 0.998475
vn -0.055199 -0.000000 0.998475
vn -0.447213 -0.000000 0.894427
vn -0.765699 -0.000000 0.643199
vn -0.447213 -0.000000 0.894427
vn -0.765699 -0.000000 0.643199
vn -0.948693 -0.000000 0.316198
vn -0.948693 -0.000000 0.316198
vn -0.998475 0.000000 -0.055199
vn -0.998475 0.000000 -0.055199
vn -0.894427 0.000000 -0.447214
vn -0.894427 0.000000 -0.447214
vn -0.643199 0.000000 -0.765699
vn -0.643199 0.000000 -0.765699
vn -0.316198 0.000000 -0.948693
vn -0.316198 0.000000 -0.948693
vn 0.055199 0.000000 -0.998475
vn 0.447213 0.000000 -0.894427
vn 0.055199 0.000000 -0.998475
vn 0.447213 0.000000 -0.894427
vn 0.765699 0.000000 -0.643199
vn 0.948663 0.000000 -0.316288
vn 0.765699 0.000000 -0.643199
vn 0.948663 0.000000 -0.316288
vn 0.948693 0.000000 -0.316198
vn 0.948693 0.000000 -0.316198
vn 0.998475 -0.000000 0.055199
vn 0.998475 -0.000000 0.055199
vn 0.894427 -0.000000 0.447214
vn 0.643199 -0.000000 0.765699
vn 0.894427 -0.000000 0.447214
vn 0.643199 -0.000000 0.765699
vn 0.316198 -0.000000 0.948693
vn 0.316198 -0.000000 0.948693
vn -0.055199 -0.000000 0.998475
vn -0.055199 -0.000000 0.998475
vn -0.447213 -0.000000 0.894427
vn -0.765699 -0.000000 0.643199
vn -0.447213 -0.000000 0.894427
vn -0.765699 -0.000000 0.643199
vn -0.948693 -0.000000 0.316198
vn -0.948693 -0.000000 0.316198
vn -0.998475 0.000000 -0.055199
vn -0.998475 0.000000 -0.055199
vn -0.894427 0.000000 -0.447214
vn -0.894427 0.000000 -0.447214
vn -0.643199 0.000000 -0.765699
vn -0.643199 0.000000 -0.765699
vn -0.316198 0.000000 -0.948693
vn -0.316198 0.000000 -0.948693
vn 0.055199 0.000000 -0.998475
vn 0.447213 0.000000 -0.894427
vn 0.055199 0.000000 -0.998475
vn 0.447213 0.000000 -0.894427
vn 0.765699 0.000000 -0.643199
vn 0.765699 0.000000 -0.643199
vn 0.948663 0.000000 -0.316288
vn 0.948663 0.000000 -0.316288
vn -0.316108 0.000000 -0.948723
vn -0.316108 0.000000 -0.948723
vn 0.096295 0.000000 -0.995353
vn 0.096295 0.000000 -0.995353
vn 0.486610 0.000000 -0.873619
vn 0.486610 0.000000 -0.873619
vn 0.782213 0.000000 -0.623011
vn 0.782213 0.000000 -0.623011
vn 0.948693 0.000000 -0.316198
vn 0.948693 0.000000 -0.316198
vn 0.999151 -0.000000 0.041198
vn 0.999151 -0.000000 0.041198
vn 0.904853 -0.000000 0.425725
vn 0.904853 -0.000000 0.425725
vn 0.656300 -0.000000 0.754500
vn 0.656300 -0.000000 0.754500
vn 0.316198 -0.000000 0.948693
vn 0.316198 -0.000000 0.948693
vn -0.096295 -0.000000 0.995353
vn -0.096295 -0.000000 0.995353
vn -0.486687 -0.000000 0.873577
vn -0.486687 -0.000000 0.873577
vn -0.782213 -0.000000 0.623011
vn -0.782213 -0.000000 0.623011
vn -0.948693 -0.000000 0.316198
vn -0.948693 -0.000000 0.316198
vn -0.999151 0.000000 -0.041198
vn -0.999151 0.000000 -0.041198
vn -0.904853 0.000000 -0.425725
vn -0.904853 0.000000 -0.425725
vn -0.656300 0.000000 -0.754500
vn -0.656300 0.000000 -0.754500
vn -0.316318 0.000000 -0.948653
vn -0.316318 0.000000 -0.948653
vn -0.948663 0.000000 -0.316288
vn -0.948663 0.000000 -0.316288
vn -0.765699 0.000000 -0.643199
vn -0.765699 0.000000 -0.643199
vn -0.447214 0.000000 -0.894427
vn -0.055199 0.000000 -0.998475
vn -0.447214 0.000000 -0.894427
vn -0.055199 0.000000 -0.998475
vn 0.316198 0.000000 -0.948693
vn 0.316198 0.000000 -0.948693
vn 0.643199 0.000000 -0.765699
vn 0.643199 0.000000 -0.765699
vn 0.894427 0.000000 -0.447214
vn 0.998475 0.000000 -0.055199
vn 0.894427 0.000000 -0.447214
vn 0.998475 0.000000 -0.055199
vn 0.948693 -0.000000 0.316198
vn 0.948693 -0.000000 0.316198
vn 0.765699 -0.000000 0.643199
vn 0.447214 -0.000000 0.894427
vn 0.765699 -0.000000 0.643199
vn 0.447214 -0.000000 0.894427
vn 0.055199 -0.000000 0.998475
vn -0.316198 -0.000000 0.948693
vn 0.055199 -0.000000 0.998475
vn -0.316198 -0.000000 0.948693
vn -0.643199 -0.000000 0.765699
vn -0.643199 -0.000000 0.765699
vn -0.894427 -0.000000 0.447214
vn -0.894427 -0.000000 0.447214
vn -0.998475 -0.000000 0.055199
vn -0.998475 -0.000000 0.055199
vn -0.948723 0.000000 -0.316108
vn -0.948723 0.000000 -0.316108
vn -0.948663 0.000000 -0.316288
vn -0.948663 0.000000 -0.316288
vn -0.765699 0.000000 -0.643199
vn -0.765699 0.000000 -0.643199
vn -0.447214 0.000000 -0.894427
vn -0.055199 0.000000 -0.998475
vn -0.447214 0.000000 -0.894427
vn -0.055199 0.000000 -0.998475
vn 0.316198 0.000000 -0.948693
vn 0.316198 0.000000 -0.948693
vn 0.643199 0.000000 -0.765699
vn 0.643199 0.000000 -0.765699
vn 0.894427 0.000000 -0.447214
vn 0.998475 0.000000 -0.055199
vn 0.894427 0.000000 -0.447214
vn 0.998475 0.000000 -0.055199
vn 0.948693 -0.000000 0.316198
vn 0.948693 -0.000000 0.316198
vn 0.765699 -0.000000 0.643199
vn 0.765699 -0.000000 0.643199
vn 0.447214 -0.000000 0.894427
vn 0.447214 -0.000000 0.894427
vn 0.055199 -0.000000 0.998475
vn 0.055199 -0.000000 0.998475
vn -0.316198 -0.000000 0.948693
vn -0.316198 -0.000000 0.948693
vn -0.643199 -0.000000 0.765699
vn -0.894427 -0.000000 0.447214
vn -0.643199 -0.000000 0.765699
vn -0.894427 -0.000000 0.447214
vn -0.998475 -0.000000 0.055199
vn -0.948723 0.000000 -0.316108
vn -0.998475 -0.000000 0.055199
vn -0.948723 0.000000 -0.316108
vn -0.948663 0.000000 -0.316288
vn -0.948663 0.000000 -0.316288
vn -0.765699 0.000000 -0.643199
vn -0.765699 0.000000 -0.643199
vn -0.447214 0.000000 -0.894427
vn -0.055199 0.000000 -0.998475
vn -0.447214 0.000000 -0.894427
vn -0.055199 0.000000 -0.998475
vn 0.316198 0.000000 -0.948693
vn 0.316198 0.000000 -0.948693
vn 0.643199 0.000000 -0.765699
vn 0.643199 0.000000 -0.765699
vn 0.894427 0.000000 -0.447214
vn 0.998475 0.000000 -0.055199
vn 0.894427 0.000000 -0.447214
vn 0.998475 0.000000 -0.055199
vn 0.948693 -0.000000 0.316198
vn 0.948693 -0.000000 0.316198
vn 0.765699 -0.000000 0.643199
vn 0.765699 -0.000000 0.643199
vn 0.447214 -0.000000 0.894427
vn 0.447214 -0.000000 0.894427
vn 0.055199 -0.000000 0.998475
vn 0.055199 -0.000000 0.998475
vn -0.316198 -0.000000 0.948693
vn -0.316198 -0.000000 0.948693
vn -0.643199 -0.000000 0.765699
vn -0.894427 -0.000000 0.447214
vn -0.643199 -0.000000 0.765699
vn -0.894427 -0.000000 0.447214
vn -0.998475 -0.000000 0.055199
vn -0.998475 -0.000000 0.055199
vn -0.948693 0.000000 -0.316198
vn -0.948693 0.000000 -0.316198
vn 0.789304 0.000000 -0.614003
vn 0.789304 0.000000 -0.614003
vn 0.789304 0.000000 -0.614003
vn 0.789304 0.000000 -0.614003
vn 0.789304 0.000000 -0.614003
vn 0.789390 0.000000 -0.613892
vn 0.964412 0.000000 -0.264403
vn 0.789390 0.000000 -0.613892
vn 0.789390 0.000000 -0.613892
vn 0.964412 0.000000 -0.264403
vn 0.992081 -0.000000 0.125598
vn 0.992081 -0.000000 0.125598
vn 0.868139 -0.000000 0.496322
vn 0.611473 -0.000000 0.791265
vn 0.868139 -0.000000 0.496322
vn 0.611473 -0.000000 0.791265
vn 0.261408 -0.000000 0.965228
vn 0.261408 -0.000000 0.965228
vn -0.128698 -0.000000 0.991684
vn -0.128698 -0.000000 0.991684
vn -0.499076 -0.000000 0.866558
vn -0.499076 -0.000000 0.866558
vn -0.793096 -0.000000 0.609097
vn -0.793096 -0.000000 0.609097
vn -0.793096 -0.000000 0.609097
vn -0.789352 -0.000000 0.613941
vn -0.789352 -0.000000 0.613941
vn -0.789352 -0.000000 0.613941
vn -0.789352 -0.000000 0.613941
vn -0.789352 -0.000000 0.613941
vn -0.789352 -0.000000 0.613941
vn -0.789390 -0.000000 0.613892
vn -0.789390 -0.000000 0.613892
vn -0.964604 -0.000000 0.263701
vn -0.991915 0.000000 -0.126902
vn -0.964604 -0.000000 0.263701
vn -0.789390 -0.000000 0.613892
vn -0.991915 0.000000 -0.126902
vn -0.867115 0.000000 -0.498108
vn -0.609319 0.000000 -0.792925
vn -0.867115 0.000000 -0.498108
vn -0.609319 0.000000 -0.792925
vn -0.258105 0.000000 -0.966117
vn -0.258105 0.000000 -0.966117
vn 0.132694 0.000000 -0.991157
vn 0.132694 0.000000 -0.991157
vn 0.503187 0.000000 -0.864178
vn 0.503187 0.000000 -0.864178
vn 0.796434 0.000000 -0.604726
vn 0.796434 0.000000 -0.604726
vn 0.316288 0.000000 -0.948663
vn 0.316288 0.000000 -0.948663
vn 0.674487 0.000000 -0.738286
vn 0.674487 0.000000 -0.738286
vn 0.913477 0.000000 -0.406890
vn 0.913477 0.000000 -0.406890
vn 0.999579 0.000000 -0.028999
vn 0.999579 0.000000 -0.028999
vn 0.948663 -0.000000 0.316288
vn 0.948663 -0.000000 0.316288
vn 0.774625 -0.000000 0.632420
vn 0.774625 -0.000000 0.632420
vn 0.468485 -0.000000 0.883471
vn 0.468485 -0.000000 0.883471
vn 0.072299 -0.000000 0.997383
vn 0.072299 -0.000000 0.997383
vn -0.316198 -0.000000 0.948693
vn -0.316198 -0.000000 0.948693
vn -0.674224 -0.000000 0.738527
vn -0.674224 -0.000000 0.738527
vn -0.913477 -0.000000 0.406890
vn -0.913477 -0.000000 0.406890
vn -0.999579 -0.000000 0.028999
vn -0.999579 -0.000000 0.028999
vn -0.948693 0.000000 -0.316198
vn -0.948693 0.000000 -0.316198
vn -0.774625 0.000000 -0.632420
vn -0.774625 0.000000 -0.632420
vn -0.468407 0.000000 -0.883513
vn -0.468407 0.000000 -0.883513
vn -0.072299 0.000000 -0.997383
vn -0.072299 0.000000 -0.997383
vn 0.316108 0.000000 -0.948723
vn 0.316108 0.000000 -0.948723
vn -0.565523 0.000000 -0.824733
vn -0.565523 0.000000 -0.824733
vn -0.565523 0.000000 -0.824733
vn -0.565523 0.000000 -0.824733
vn -0.565523 0.000000 -0.824733
vn -0.565523 0.000000 -0.824733
vn -0.565523 0.000000 -0.824733
vn -0.565523 0.000000 -0.824733
vn -0.565523 0.000000 -0.824733
vn -0.565523 0.000000 -0.824733
vn -0.565523 0.000000 -0.824733
vn -0.565523 0.000000 -0.824733
vn -0.565523 0.000000 -0.824733
vn -0.565523 0.000000 -0.824733
vn -0.565523 0.000000 -0.824733
vn -0.565523 0.000000 -0.824733
vn -0.565523 0.000000 -0.824733
vn -0.565523 0.000000 -0.824733
vn -0.565523 0.000000 -0.824733
vn -0.565523 0.000000 -0.824733
vn -0.565523 0.000000 -0.824733
vn -0.565523 0.000000 -0.824733
vn -0.565523 0.000000 -0.824733
vn -0.565523 0.000000 -0.824733
vn -0.565523 0.000000 -0.824733
vn -0.565523 0.000000 -0.824733
vn -0.565523 0.000000 -0.824733
vn -0.565523 0.000000 -0.824733
vn -0.565523 0.000000 -0.824733
vn -0.565523 0.000000 -0.824733
vn -0.565523 0.000000 -0.824733
vn -0.565523 0.000000 -0.824733
vn -0.565523 0.000000 -0.824733
vn -0.565523 0.000000 -0.824733
vn -0.565523 0.000000 -0.824733
vn -0.565523 0.000000 -0.824733
vn -0.565523 0.000000 -0.824733
vn -0.565523 0.000000 -0.824733
vn -0.565523 0.000000 -0.824733
vn 0.571091 -0.000000 0.820887
vn 0.571091 -0.000000 0.820887
vn 0.571091 -0.000000 0.820887
vn 0.571091 -0.000000 0.820887
vn 0.793230 0.000000 -0.608923
vn 0.793230 0.000000 -0.608923
vn 0.793230 0.000000 -0.608923
vn 0.793230 0.000000 -0.608923
vn 0.793230 0.000000 -0.608923
vn 0.793230 0.000000 -0.608923
vn 0.793230 0.000000 -0.608923
vn 0.793230 0.000000 -0.608923
vn 0.793230 0.000000 -0.608923
vn 0.793230 0.000000 -0.608923
vn 0.793230 0.000000 -0.608923
vn 0.793230 0.000000 -0.608923
vn 0.793230 0.000000 -0.608923
vn 0.793230 0.000000 -0.608923
vn 0.793230 0.000000 -0.608923
vn 0.793230 0.000000 -0.608923
vn 0.793230 0.000000 -0.608923
vn 0.793230 0.000000 -0.608923
vn 0.793230 0.000000 -0.608923
vn 0.793230 0.000000 -0.608923
vn 0.793230 0.000000 -0.608923
vn 0.793230 0.000000 -0.608923
vn 0.793230 0.000000 -0.608923
vn 0.793230 0.000000 -0.608923
vn 0.793230 0.000000 -0.608923
vn 0.793230 0.000000 -0.608923
vn 0.793230 0.000000 -0.608923
vn -0.000000 0.000000 -1.000000
vn -0.000000 0.000000 -1.000000
vn -0.000000 0.000000 -1.000000
vn -0.000000 0.000000 -1.000000
vn 1.000000 0.000000 -0.000000
vn 1.000000 0.000000 -0.000000
vn 1.000000 0.000000 -0.000000
vn 1.000000 0.000000 -0.000000
vn 0.000000 -0.000000 1.000000
vn 0.000000 -0.000000 1.000000
vn 0.000000 -0.000000 1.000000
vn 0.000000 -0.000000 1.000000
vn 0.993446 -0.000000 0.114305
vn 0.993446 -0.000000 0.114305
vn 0.977808 -0.000000 0.209502
vn 0.977808 -0.000000 0.209502
vn -0.000000 0.000000 -1.000000
vn -0.000000 0.000000 -1.000000
vn -0.000000 0.000000 -1.000000
vn -0.000000 0.000000 -1.000000
vn 1.000000 0.000000 -0.000000
vn 1.000000 0.000000 -0.000000
vn 1.000000 0.000000 -0.000000
vn 1.000000 0.000000 -0.000000
vn 0.000000 -0.000000 1.000000
vn 0.000000 -0.000000 1.000000
vn 0.000000 -0.000000 1.000000
vn 0.000000 -0.000000 1.000000
vn 0.969444 -0.000000 0.245311
vn 0.951193 -0.000000 0.308598
vn 0.969444 -0.000000 0.245311
vn 0.951193 -0.000000 0.308598
vn 0.932718 -0.000000 0.360607
vn 0.940927 -0.000000 0.338610
vn 0.932718 -0.000000 0.360607
vn 0.940927 0.000100 0.338610
vn 0.984638 0.000000 -0.174607
vn 0.984638 0.000000 -0.174607
vn 0.790616 0.000000 -0.612312
vn 0.790616 0.000000 -0.612312
vn 0.456111 0.000000 -0.889923
vn 0.456111 0.000000 -0.889923
vn 0.074800 0.000000 -0.997199
vn 0.074800 0.000000 -0.997199
vn -0.362200 0.000000 -0.932100
vn -0.362200 0.000000 -0.932100
vn -0.760427 0.000000 -0.649423
vn -0.760427 0.000000 -0.649423
vn -0.974979 0.000000 -0.222295
vn -0.974979 0.000000 -0.222295
vn -0.169294 -0.000000 0.985566
vn -0.169294 -0.000000 0.985566
vn -0.068198 -0.000000 0.997672
vn -0.068198 -0.000000 0.997672
vn -0.023001 -0.000000 0.999735
vn -0.023001 -0.000000 0.999735
vn 0.000000 -0.000000 1.000000
vn 0.000000 -0.000000 1.000000
vn 0.000000 -0.000000 1.000000
vn 0.000000 -0.000000 1.000000
vn 0.000000 -0.000000 1.000000
vn -0.000000 0.000000 -1.000000
vn -0.000000 0.000000 -1.000000
vn -0.000000 0.000000 -1.000000
vn -0.000000 0.000000 -1.000000
vn -0.970301 0.000000 -0.241900
vn -0.970301 0.000000 -0.241900
vn -0.964387 0.000000 -0.264496
vn -0.973141 0.000000 -0.230210
vn -0.964387 0.000000 -0.264496
vn -0.973141 0.000000 -0.230210
vn -1.000000 0.000000 0.000000
vn -1.000000 0.000000 0.000000
vn -0.995245 0.097404 0.000000
vn -0.995245 0.097404 0.000000
vn -0.995235 0.097503 0.000000
vn -0.998754 0.049898 0.000000
vn -1.000000 0.000000 0.000000
vn -0.977635 0.000000 -0.210308
vn -0.993561 0.000000 -0.113296
vn -0.977635 0.000000 -0.210308
vn -0.993561 0.000000 -0.113296
vn 0.793181 0.000000 -0.608986
vn 0.654801 0.000000 -0.755801
vn 0.793181 0.000000 -0.608986
vn 0.654801 0.000000 -0.755801
vn 0.485711 0.000000 -0.874120
vn 0.296088 0.000000 -0.955161
vn 0.485711 0.000000 -0.874120
vn 0.295996 0.000000 -0.955189
vn 0.098197 0.000000 -0.995167
vn 0.098197 0.000000 -0.995167
vn 0.098197 0.000000 -0.995167
vn -0.814112 -0.000000 0.580708
vn -0.687287 -0.000000 0.726386
vn -0.814112 -0.000000 0.580708
vn -0.687287 -0.000000 0.726386
vn -0.531786 -0.000000 0.846879
vn -0.531786 -0.000000 0.846879
vn -0.355492 -0.000000 0.934679
vn -0.355492 -0.000000 0.934679
vn -0.169408 -0.000000 0.985546
vn -0.169408 -0.000000 0.985546
vn -0.814193 -0.000000 0.580595
vn -0.814193 -0.000000 0.580595
vn -0.814193 -0.000000 0.580595
vn -0.814193 -0.000000 0.580595
vn -0.814193 -0.000000 0.580595
vn -0.905707 -0.000000 0.423904
vn -0.814193 -0.000000 0.580595
vn -0.905707 -0.000000 0.423904
vn -0.968170 -0.000000 0.250292
vn -0.968170 -0.000000 0.250292
vn -0.997672 -0.000000 0.068198
vn -0.997672 -0.000000 0.068198
vn -0.993573 0.000000 -0.113197
vn -0.993573 0.000000 -0.113197
vn 0.084899 0.000000 -0.996390
vn 0.084899 0.000000 -0.996390
vn 0.098098 0.000000 -0.995177
vn 0.098098 0.000000 -0.995177
vn 0.098098 0.000000 -0.995177
vn 0.084899 0.000000 -0.996390
vn 0.565522 0.000000 -0.824733
vn 0.565522 0.000000 -0.824733
vn 0.565522 0.000000 -0.824733
vn 0.565522 0.000000 -0.824733
vn 0.565522 0.000000 -0.824733
vn -0.571091 -0.000000 0.820887
vn -0.571091 -0.000000 0.820887
vn -0.571091 -0.000000 0.820887
vn -0.571091 -0.000000 0.820887
vn 1.000000 0.000000 -0.000000
vn 1.000000 0.000000 -0.000000
vn 1.000000 0.000000 -0.000000
vn 1.000000 0.000000 -0.000000
vn 0.000000 -0.000000 1.000000
vn 0.000000 -0.000000 1.000000
vn 0.000000 -0.000000 1.000000
vn 0.000000 -0.000000 1.000000
vn -1.000000 0.000000 0.000000
vn -1.000000 0.000000 0.000000
vn -1.000000 0.000000 0.000000
vn -1.000000 0.000000 0.000000
vn 0.007700 -0.000000 0.999970
vn 0.007300 -0.000000 0.999973
vn 0.007700 -0.000000 0.999970
vn 0.007300 -0.000000 0.999973
vn 0.007800 0.000000 -0.999970
vn 0.007700 0.000000 -0.999970
vn 0.007700 0.000000 -0.999970
vn 0.007800 0.000000 -0.999970
vn 0.007700 0.000000 -0.999970
vn -0.007600 0.000000 -0.999971
vn -0.007600 0.000000 -0.999971
vn -0.007700 0.000000 -0.999970
vn -0.007800 0.000000 -0.999970
vn -0.007700 0.000000 -0.999970
vn -0.007700 0.000000 -0.999970
vn -0.007800 0.000000 -0.999970
vn -0.007600 0.000000 -0.999971
vn -0.007300 -0.000000 0.999973
vn -0.007300 -0.000000 0.999973
vn -0.007700 -0.000000 0.999970
vn -0.007700 -0.000000 0.999970
vn -0.793230 0.000000 -0.608923
vn -0.793230 0.000000 -0.608923
vn -0.793230 0.000000 -0.608923
vn -0.793230 0.000000 -0.608923
vn -0.793230 0.000000 -0.608923
vn -0.793230 0.000000 -0.608923
vn -0.793230 0.000000 -0.608923
vn -0.793230 0.000000 -0.608923
vn -0.793230 0.000000 -0.608923
vn -0.793230 0.000000 -0.608923
vn -0.793230 0.000000 -0.608923
vn -0.793230 0.000000 -0.608923
vn -0.793230 0.000000 -0.608923
vn -0.793230 0.000000 -0.608923
vn -0.793230 0.000000 -0.608923
vn -0.793230 0.000000 -0.608923
vn -0.793230 0.000000 -0.608923
vn -0.793230 0.000000 -0.608923
vn -0.793230 0.000000 -0.608923
vn -0.793230 0.000000 -0.608923
vn -0.793230 0.000000 -0.608923
vn -0.793230 0.000000 -0.608923
vn -0.793230 0.000000 -0.608923
vn -0.793230 0.000000 -0.608923
vn -0.793230 0.000000 -0.608923
vn -0.793230 0.000000 -0.608923
vn -0.793230 0.000000 -0.608923
vn 0.974979 0.000000 -0.222295
vn 0.741097 0.000000 -0.671398
vn 0.974979 0.000000 -0.222295
vn 0.741097 0.000000 -0.671398
vn 0.346099 0.000000 -0.938198
vn 0.346099 0.000000 -0.938198
vn -0.082400 0.000000 -0.996599
vn -0.082400 0.000000 -0.996599
vn -0.463103 0.000000 -0.886305
vn -0.801414 0.000000 -0.598110
vn -0.463103 0.000000 -0.886305
vn -0.801414 0.000000 -0.598110
vn -0.989181 0.000000 -0.146697
vn -0.989181 0.000000 -0.146697
vn -0.939407 -0.000000 0.342803
vn -0.939407 -0.000000 0.342803
vn -0.932409 -0.000000 0.361404
vn -0.932409 -0.000000 0.361404
vn -0.950899 -0.000000 0.309500
vn -0.950899 -0.000000 0.309500
vn -0.969450 -0.000000 0.245288
vn -0.969450 -0.000000 0.245288
vn 0.000000 -0.000000 1.000000
vn 0.000000 -0.000000 1.000000
vn 0.000000 -0.000000 1.000000
vn 0.000000 -0.000000 1.000000
vn -1.000000 0.000000 0.000000
vn -1.000000 0.000000 0.000000
vn -1.000000 0.000000 0.000000
vn -1.000000 0.000000 0.000000
vn -0.000000 0.000000 -1.000000
vn -0.000000 0.000000 -1.000000
vn -0.000000 0.000000 -1.000000
vn -0.000000 0.000000 -1.000000
vn -0.977808 -0.000000 0.209502
vn -0.977808 -0.000000 0.209502
vn -0.993446 -0.000000 0.114305
vn -0.993446 -0.000000 0.114305
vn 0.000000 -0.000000 1.000000
vn 0.000000 -0.000000 1.000000
vn 0.000000 -0.000000 1.000000
vn 0.000000 -0.000000 1.000000
vn -1.000000 0.000000 0.000000
vn -1.000000 0.000000 0.000000
vn -1.000000 0.000000 0.000000
vn -1.000000 0.000000 0.000000
vn -0.000000 0.000000 -1.000000
vn -0.000000 0.000000 -1.000000
vn -0.000000 0.000000 -1.000000
vn -0.000000 0.000000 -1.000000
vn 0.000000 -0.000000 1.000000
vn 0.000000 -0.000000 1.000000
vn 0.000000 -0.000000 1.000000
vn 0.000000 -0.000000 1.000000
vn 0.000000 -0.000000 1.000000
vn -0.000000 0.000000 -1.000000
vn -0.000000 0.000000 -1.000000
vn -0.000000 0.000000 -1.000000
vn -0.000000 0.000000 -1.000000
vn 0.973141 0.000000 -0.230210
vn 0.964387 0.000000 -0.264496
vn 0.973141 0.000000 -0.230210
vn 0.964387 0.000000 -0.264496
vn 0.970301 0.000000 -0.241900
vn 0.970301 0.000000 -0.241900
vn 0.995245 0.097404 -0.000000
vn 0.995245 0.097404 -0.000000
vn 1.000000 0.000000 -0.000000
vn 1.000000 0.000000 -0.000000
vn 1.000000 0.000000 -0.000000
vn 0.998754 0.049898 -0.000000
vn 0.995245 0.097404 -0.000000
vn -0.098098 0.000000 -0.995177
vn -0.098098 0.000000 -0.995177
vn -0.084899 0.000000 -0.996390
vn -0.084899 0.000000 -0.996390
vn -0.084899 0.000000 -0.996390
vn -0.098098 0.000000 -0.995177
vn -0.793181 0.000000 -0.608986
vn -0.654637 0.000000 -0.755943
vn -0.793181 0.000000 -0.608986
vn -0.654637 0.000000 -0.755943
vn -0.485711 0.000000 -0.874119
vn -0.485711 0.000000 -0.874119
vn -0.296207 0.000000 -0.955124
vn -0.098197 0.000000 -0.995167
vn -0.098197 0.000000 -0.995167
vn -0.296207 0.000000 -0.955124
vn -0.098197 0.000000 -0.995167
vn 0.023001 -0.000000 0.999735
vn 0.023001 -0.000000 0.999735
vn 0.067601 -0.000000 0.997712
vn 0.067601 -0.000000 0.997712
vn 0.169294 -0.000000 0.985566
vn 0.169294 -0.000000 0.985566
vn 0.814112 -0.000000 0.580708
vn 0.687287 -0.000000 0.726386
vn 0.814112 -0.000000 0.580708
vn 0.687287 -0.000000 0.726386
vn 0.531787 -0.000000 0.846878
vn 0.531787 -0.000000 0.846878
vn 0.355580 -0.000000 0.934646
vn 0.169408 -0.000000 0.985546
vn 0.355580 -0.000000 0.934646
vn 0.169408 -0.000000 0.985546
vn 0.993561 0.000000 -0.113296
vn 0.993561 0.000000 -0.113296
vn 0.977635 0.000000 -0.210308
vn 0.977635 0.000000 -0.210308
vn 0.814193 -0.000000 0.580595
vn 0.814193 -0.000000 0.580595
vn 0.814193 -0.000000 0.580595
vn 0.814193 -0.000000 0.580595
vn 0.814193 -0.000000 0.580595
vn 0.905669 -0.000000 0.423985
vn 0.814193 -0.000000 0.580595
vn 0.905669 -0.000000 0.423985
vn 0.968170 -0.000000 0.250292
vn 0.997679 -0.000000 0.068098
vn 0.968170 -0.000000 0.250292
vn 0.997679 -0.000000 0.068098
vn 0.993573 0.000000 -0.113197
vn 0.993573 0.000000 -0.113197
vn 0.000000 -1.000000 -0.000000
vn 0.000000 -1.000000 -0.000000
vn 0.000000 -1.000000 -0.000000
vn 0.000000 -1.000000 -0.000000
vn 0.000000 -1.000000 -0.000000
vn 0.000000 -1.000000 -0.000000
vn 0.000000 -1.000000 -0.000000
vn 0.000000 -1.000000 -0.000000
vn 0.000000 -1.000000 -0.000000
vn 0.000000 -1.000000 -0.000000
vn 0.000000 -1.000000 -0.000000
vn 0.000000 -1.000000 -0.000000
vn 0.000000 -1.000000 -0.000000
vn 0.000000 -1.000000 -0.000000
vn 0.000000 -1.000000 -0.000000
vn 0.000000 -1.000000 -0.000000
vn 0.000000 -1.000000 -0.000000
vn 0.000000 -1.000000 -0.000000
vn 0.000000 -1.000000 -0.000000
vn 0.000000 -1.000000 -0.000000
vn 0.000000 -1.000000 -0.000000
vn 0.000000 -1.000000 -0.000000
vn 0.000000 -1.000000 -0.000000
vn 0.000000 -1.000000 -0.000000
vn 0.000000 -1.000000 -0.000000
vn 0.000000 -1.000000 -0.000000
vn 0.000000 -1.000000 -0.000000
vn 0.000000 -1.000000 -0.000000
vn 0.000000 -1.000000 -0.000000
vn 0.000000 -1.000000 -0.000000
vn 0.000000 -1.000000 -0.000000
vn 0.000000 -1.000000 -0.000000
vn 0.000000 -1.000000 -0.000000
vn 0.000000 -1.000000 -0.000000
vn 0.000000 -1.000000 -0.000000
vn 0.000000 -1.000000 -0.000000
vn 0.000000 -1.000000 -0.000000
vn 0.000000 -1.000000 -0.000000
vn 0.000000 -1.000000 -0.000000
vn 0.000000 -1.000000 -0.000000
vn 0.000000 -1.000000 -0.000000
vn 0.000000 -1.000000 -0.000000
vn 0.000000 -1.000000 -0.000000
vn 0.000000 -1.000000 -0.000000
vn 0.000000 -1.000000 -0.000000
vn 0.000000 -1.000000 -0.000000
vn 0.000000 -1.000000 -0.000000
vn 0.000000 -1.000000 -0.000000
vn 0.000000 -1.000000 -0.000000
vn 0.000000 -1.000000 -0.000000
vn 0.000000 -1.000000 -0.000000
vn 0.000000 -1.000000 -0.000000
vn 0.000000 -1.000000 -0.000000
vn 0.000000 -1.000000 -0.000000
vn 0.000000 -1.000000 -0.000000
vn 0.000000 -1.000000 -0.000000
vn 0.000000 -1.000000 -0.000000
vn 0.000000 -1.000000 -0.000000
vn 0.000000 -1.000000 -0.000000
vn 0.000000 -1.000000 -0.000000
vn 0.000000 -1.000000 -0.000000
vn 0.000000 -1.000000 -0.000000
vn 0.000000 -1.000000 -0.000000
vn 0.000000 -1.000000 -0.000000
vn 0.000000 -1.000000 -0.000000
vn 0.000000 -1.000000 -0.000000
vn 0.000000 -1.000000 -0.000000
vn 0.000000 -1.000000 -0.000000
vn 0.000000 -1.000000 -0.000000
vn 0.000000 -1.000000 -0.000000
vn 0.000000 -1.000000 -0.000000
vn 0.000000 -1.000000 -0.000000
vn 0.000000 -1.000000 -0.000000
vn 0.000000 -1.000000 -0.000000
vn 0.000000 -1.000000 -0.000000
vn 0.000000 -1.000000 -0.000000
vn 0.000000 -1.000000 -0.000000
vn 0.000000 -1.000000 -0.000000
vn 0.000000 -1.000000 -0.000000
vn 0.000000 -1.000000 -0.000000
vn 0.000000 -1.000000 -0.000000
vn 0.000000 -1.000000 -0.000000
vn 0.000000 -1.000000 -0.000000
vn 0.000000 -1.000000 -0.000000
vn 0.000000 -1.000000 -0.000000
vn 0.000000 -1.000000 -0.000000
vn 0.000000 -1.000000 -0.000000
vn 0.000000 -1.000000 -0.000000
vn 0.000000 -1.000000 -0.000000
vn 0.000000 -1.000000 -0.000000
vn 0.000000 -1.000000 -0.000000
vn 0.000000 -1.000000 -0.000000
vn 0.000000 -1.000000 -0.000000
vn 0.000000 -1.000000 -0.000000
vn 0.000000 -1.000000 -0.000000
vn 0.000000 -1.000000 -0.000000
vn 0.000000 -1.000000 -0.000000
vn 0.000000 -1.000000 -0.000000
vn 0.000000 -1.000000 -0.000000
vn 0.000000 -1.000000 -0.000000
vn 0.000000 -1.000000 -0.000000
vn 0.000000 -1.000000 -0.000000
vn 0.000000 -1.000000 -0.000000
vn 0.000000 -1.000000 -0.000000
vn 0.000000 -1.000000 -0.000000
vn 0.000000 -1.000000 -0.000000
vn 0.000000 -1.000000 -0.000000
vn 0.000000 -1.000000 -0.000000
vn 0.000000 -1.000000 -0.000000
vn 0.000000 -1.000000 -0.000000
vn 0.000000 -1.000000 -0.000000
vn 0.000000 -1.000000 -0.000000
vn 0.000000 -1.000000 -0.000000
vn 0.000000 -1.000000 -0.000000
vn 0.000000 -1.000000 -0.000000
vn 0.000000 -1.000000 -0.000000
vn 0.000000 -1.000000 -0.000000
vn 0.000000 -1.000000 -0.000000
vn 0.000000 -1.000000 -0.000000
vn 0.000000 -1.000000 -0.000000
vn 0.000000 -1.000000 -0.000000
vn 0.000000 -1.000000 -0.000000
vn 0.000000 -1.000000 -0.000000
vn 0.000000 -1.000000 -0.000000
vn 0.000000 -1.000000 -0.000000
vn 0.000000 -1.000000 -0.000000
vn 0.000000 -1.000000 -0.000000
vn 0.000000 -1.000000 -0.000000
vn 0.000000 -1.000000 -0.000000
vn 0.000000 -1.000000 -0.000000
vn 0.000000 -1.000000 -0.000000
vn 0.000000 -1.000000 -0.000000
vn 0.000000 -1.000000 -0.000000
vn 0.000000 -1.000000 -0.000000
vn 0.000000 -1.000000 -0.000000
vn 0.000000 -1.000000 -0.000000
vn 0.000000 -1.000000 -0.000000
vn 0.000000 -1.000000 -0.000000
vn 0.000000 -1.000000 -0.000000
vn 0.000000 -1.000000 -0.000000
vn 0.000000 -1.000000 -0.000000
vn 0.000000 -1.000000 -0.000000
vn 0.000000 -1.000000 -0.000000
vn 0.000000 -1.000000 -0.000000
vn 0.000000 -1.000000 -0.000000
vn 0.000000 -1.000000 -0.000000
vn 0.000000 -1.000000 -0.000000
vn 0.000000 -1.000000 -0.000000
vn 0.000000 -1.000000 -0.000000
vn 0.000000 -1.000000 -0.000000
vn 0.000000 -1.000000 -0.000000
vn 0.000000 -1.000000 -0.000000
vn 0.000000 -1.000000 -0.000000
vn 0.000000 -1.000000 -0.000000
vn 0.000000 -1.000000 -0.000000
vn 0.000000 -1.000000 -0.000000
vn 0.000000 -1.000000 -0.000000
vn 0.000000 -1.000000 -0.000000
vn 0.000000 -1.000000 -0.000000
vn 0.000000 -1.000000 -0.000000
vn 0.000000 -1.000000 -0.000000
vn 0.000000 -1.000000 -0.000000
vn 0.000000 -1.000000 -0.000000
vn 0.000000 -1.000000 -0.000000
vn 0.000000 -1.000000 -0.000000
vn 0.000000 -1.000000 -0.000000
vn 0.000000 -1.000000 -0.000000
vn 0.000000 -1.000000 -0.000000
vn 0.000000 -1.000000 -0.000000
vn 0.000000 -1.000000 -0.000000
vn 0.000000 -1.000000 -0.000000
vn 0.000000 -1.000000 -0.000000
vn 0.000000 -1.000000 -0.000000
vn 0.000000 -1.000000 -0.000000
vn 0.000000 -1.000000 -0.000000
vn 0.000000 -1.000000 -0.000000
vn 0.000000 -1.000000 -0.000000
vn 0.000000 -1.000000 -0.000000
vn 0.000000 -1.000000 -0.000000
vn 0.000000 -1.000000 -0.000000
vn 0.000000 -1.000000 -0.000000
vn 0.000000 -1.000000 -0.000000
vn 0.000000 -1.000000 -0.000000
vn 0.000000 -1.000000 -0.000000
vn 0.000000 -1.000000 -0.000000
vn 0.000000 -1.000000 -0.000000
vn 0.000000 -1.000000 -0.000000
vn 0.000000 -1.000000 -0.000000
vn 0.000000 -1.000000 -0.000000
vn 0.000000 -1.000000 -0.000000
vn 0.000000 -1.000000 -0.000000
vn 0.000000 -1.000000 -0.000000
vn 0.000000 -1.000000 -0.000000
vn 0.000000 -1.000000 -0.000000
vn 0.000000 -1.000000 -0.000000
vn 0.000000 -1.000000 -0.000000
vn 0.000000 -1.000000 -0.000000
vn 0.000000 -1.000000 -0.000000
vn 0.000000 -1.000000 -0.000000
vn 0.000000 -1.000000 -0.000000
vn 0.000000 -1.000000 -0.000000
vn 0.000000 -1.000000 -0.000000
vn 0.000000 -1.000000 -0.000000
vn 0.000000 -1.000000 -0.000000
vn 0.000000 -1.000000 -0.000000
vn 0.000000 -1.000000 -0.000000
vn 0.000000 -1.000000 -0.000000
vn 0.000000 -1.000000 -0.000000
vn 0.000000 -1.000000 -0.000000
vn 0.000000 -1.000000 -0.000000
vn 0.000000 -1.000000 -0.000000
vn 0.000000 -1.000000 -0.000000
vn 0.000000 -1.000000 -0.000000
vn 0.000000 -1.000000 -0.000000
vn 0.000000 -1.000000 -0.000000
vn 0.000000 -1.000000 -0.000000
vn 0.000000 -1.000000 -0.000000
vn 0.000000 -1.000000 -0.000000
vn 0.000000 -1.000000 -0.000000
vn 0.000000 -1.000000 -0.000000
vn 0.000000 -1.000000 -0.000000
vn 0.000000 -1.000000 -0.000000
vn 0.000000 -1.000000 -0.000000
vn 0.000000 -1.000000 -0.000000
vn 0.000000 -1.000000 -0.000000
vn 0.000000 -1.000000 -0.000000
vn 0.000000 -1.000000 -0.000000
vn 0.000000 -1.000000 -0.000000
vn 0.000000 -1.000000 -0.000000
vn 0.000000 -1.000000 -0.000000
vn 0.000000 -1.000000 -0.000000
vn 0.000000 -1.000000 -0.000000
vn 0.000000 -1.000000 -0.000000
vn 0.000000 -1.000000 -0.000000
vn 0.000000 -1.000000 -0.000000
vn 0.000000 -1.000000 -0.000000
vn 0.000000 -1.000000 -0.000000
vn 0.000000 -1.000000 -0.000000
vn 0.000000 -1.000000 -0.000000
vn 0.000000 -1.000000 -0.000000
vn 0.000000 -1.000000 -0.000000
vn 0.000000 -1.000000 -0.000000
vn 0.000000 -1.000000 -0.000000
vn 0.000000 -1.000000 -0.000000
vn 0.000000 -1.000000 -0.000000
vn 0.000000 -1.000000 -0.000000
vn 0.000000 -1.000000 -0.000000
vn 0.000000 -1.000000 -0.000000
vn 0.000000 -1.000000 -0.000000
vn 0.000000 -1.000000 -0.000000
vn 0.000000 -1.000000 -0.000000
vn 0.000000 -1.000000 -0.000000
vn 0.000000 -1.000000 -0.000000
vn 0.000000 -1.000000 -0.000000
vn 0.000000 -1.000000 -0.000000
vn 0.000000 -1.000000 -0.000000
vn 0.000000 -1.000000 -0.000000
vn 0.000000 -1.000000 -0.000000
vn 0.000000 -1.000000 -0.000000
vn 0.000000 -1.000000 -0.000000
vn 0.000000 -1.000000 -0.000000
vn 0.000000 -1.000000 -0.000000
vn 0.000000 -1.000000 -0.000000
vn 0.000000 -1.000000 -0.000000
vn 0.000000 -1.000000 -0.000000
vn 0.000000 -1.000000 -0.000000
vn 0.000000 -1.000000 -0.000000
vn 0.000000 -1.000000 -0.000000
vn 0.000000 -1.000000 -0.000000
vn 0.000000 -1.000000 -0.000000
vn 0.000000 -1.000000 -0.000000
vn 0.000000 -1.000000 -0.000000
vn 0.000000 -1.000000 -0.000000
vn 0.000000 -1.000000 -0.000000
vn 0.000000 -1.000000 -0.000000
vn 0.000000 -1.000000 -0.000000
vn 0.000000 -1.000000 -0.000000
vn 0.000000 -1.000000 -0.000000
vn 0.000000 -1.000000 -0.000000
vn 0.000000 -1.000000 -0.000000
vn 0.000000 -1.000000 -0.000000
vn 0.000000 -1.000000 -0.000000
vn 0.000000 -1.000000 -0.000000
vn 0.000000 -1.000000 -0.000000
vn 0.000000 -1.000000 -0.000000
vn 0.000000 -1.000000 -0.000000
vn 0.000000 -1.000000 -0.000000
vn 0.000000 -1.000000 -0.000000
vn 0.000000 -1.000000 -0.000000
vn 0.000000 -1.000000 -0.000000
vn 0.000000 -1.000000 -0.000000
vn 0.000000 -1.000000 -0.000000
vn 0.000000 -1.000000 -0.000000
f 1//1 2//2 4//4
f 1//1 3//3 2//2
f 1//1 4//4 5//5
f 1//1 5//5 6//6
f 5//5 7//7 6//6
f 7//7 8//8 6//6
f 9//9 6//6 8//8
f 9//9 10//10 6//6
f 11//11 6//6 10//10
f 11//11 14//14 12//12
f 12//12 13//13 11//11
f 10//10 14//14 11//11
f 15//15 12//12 14//14
f 19//19 15//15 14//14
f 19//19 14//14 10//10
f 16//16 15//15 18//18
f 17//17 15//15 16//16
f 12//12 15//15 17//17
f 18//18 15//15 19//19
f 20//20 18//18 19//19
f 10//10 20//20 19//19
f 20//20 10//10 9//9
f 21//21 16//16 18//18
f 21//21 22//22 23//23
f 23//23 16//16 21//21
f 16//16 23//23 26//26
f 23//23 24//24 27//27
f 23//23 22//22 24//24
f 25//25 456//456 26//26
f 25//25 26//26 23//23
f 23//23 27//27 25//25
f 24//24 28//28 27//27
f 27//27 28//28 30//30
f 27//27 30//30 29//29
f 29//29 25//25 27//27
f 29//29 30//30 31//31
f 32//32 31//31 33//33
f 32//32 29//29 31//31
f 34//34 33//33 31//31
f 36//36 33//33 34//34
f 35//35 36//36 34//34
f 37//37 39//39 36//36
f 36//36 38//38 37//37
f 33//33 36//36 39//39
f 36//36 35//35 38//38
f 40//40 39//39 37//37
f 40//40 37//37 42//42
f 39//39 40//40 33//33
f 33//33 40//40 41//41
f 40//40 43//43 41//41
f 40//40 42//42 43//43
f 44//44 41//41 43//43
f 43//43 46//46 44//44
f 43//43 45//45 46//46
f 45//45 43//43 42//42
f 48//48 46//46 47//47
f 46//46 45//45 47//47
f 46//46 48//48 49//49
f 49//49 44//44 46//46
f 50//50 3//3 49//49
f 49//49 48//48 50//50
f 44//44 49//49 3//3
f 50//50 2//2 3//3
f 48//48 51//51 2//2
f 48//48 2//2 50//50
f 47//47 52//52 51//51
f 47//47 51//51 48//48
f 53//53 51//51 52//52
f 2//2 51//51 4//4
f 51//51 53//53 4//4
f 60//60 55//55 53//53
f 60//60 53//53 52//52
f 53//53 56//56 54//54
f 4//4 53//53 54//54
f 55//55 56//56 53//53
f 56//56 57//57 54//54
f 58//58 56//56 55//55
f 55//55 59//59 58//58
f 60//60 62//62 59//59
f 59//59 55//55 60//60
f 62//62 61//61 59//59
f 60//60 45//45 62//62
f 45//45 38//38 62//62
f 63//63 62//62 38//38
f 63//63 61//61 62//62
f 63//63 38//38 35//35
f 45//45 60//60 47//47
f 47//47 60//60 52//52
f 57//57 64//64 54//54
f 64//64 65//65 66//66
f 66//66 54//54 64//64
f 66//66 65//65 7//7
f 66//66 4//4 54//54
f 5//5 66//66 7//7
f 4//4 66//66 5//5
f 8//8 7//7 65//65
f 42//42 38//38 45//45
f 44//44 67//67 68//68
f 67//67 44//44 3//3
f 68//68 67//67 69//69
f 69//69 72//72 68//68
f 68//68 70//70 73//73
f 70//70 68//68 72//72
f 73//73 71//71 68//68
f 71//71 73//73 74//74
f 73//73 75//75 74//74
f 70//70 75//75 73//73
f 83//83 74//74 75//75
f 83//83 75//75 77//77
f 75//75 70//70 76//76
f 76//76 78//78 75//75
f 75//75 78//78 77//77
f 78//78 79//79 82//82
f 79//79 78//78 80//80
f 78//78 76//76 81//81
f 80//80 78//78 81//81
f 82//82 77//77 78//78
f 79//79 85//85 82//82
f 82//82 83//83 77//77
f 84//84 83//83 82//82
f 84//84 82//82 85//85
f 84//84 85//85 86//86
f 86//86 87//87 84//84
f 88//88 87//87 86//86
f 90//90 88//88 86//86
f 90//90 86//86 89//89
f 90//90 91//91 93//93
f 91//91 90//90 92//92
f 94//94 92//92 90//90
f 90//90 93//93 88//88
f 90//90 89//89 94//94
f 95//95 92//92 94//94
f 92//92 95//95 96//96
f 91//91 92//92 96//96
f 97//97 98//98 96//96
f 98//98 91//91 96//96
f 289//289 91//91 98//98
f 289//289 98//98 99//99
f 99//99 98//98 100//100
f 99//99 100//100 102//102
f 97//97 100//100 98//98
f 100//100 97//97 101//101
f 100//100 101//101 103//103
f 102//102 100//100 103//103
f 102//102 103//103 105//105
f 103//103 101//101 104//104
f 103//103 104//104 108//108
f 103//103 108//108 106//106
f 105//105 103//103 106//106
f 105//105 106//106 109//109
f 107//107 106//106 110//110
f 106//106 107//107 109//109
f 110//110 106//106 108//108
f 112//112 110//110 111//111
f 110//110 108//108 111//111
f 107//107 110//110 112//112
f 107//107 112//112 113//113
f 116//116 113//113 114//114
f 115//115 107//107 113//113
f 116//116 115//115 113//113
f 117//117 116//116 114//114
f 117//117 118//118 116//116
f 119//119 116//116 118//118
f 116//116 119//119 115//115
f 118//118 120//120 119//119
f 120//120 105//105 119//119
f 119//119 109//109 107//107
f 119//119 107//107 115//115
f 119//119 105//105 109//109
f 121//121 99//99 120//120
f 120//120 122//122 121//121
f 122//122 120//120 118//118
f 105//105 120//120 102//102
f 120//120 99//99 102//102
f 123//123 125//125 122//122
f 123//123 122//122 118//118
f 123//123 118//118 117//117
f 122//122 124//124 121//121
f 125//125 124//124 122//122
f 124//124 125//125 88//88
f 125//125 123//123 126//126
f 126//126 123//123 129//129
f 126//126 130//130 127//127
f 127//127 128//128 126//126
f 129//129 130//130 126//126
f 129//129 123//123 131//131
f 132//132 131//131 123//123
f 123//123 117//117 132//132
f 117//117 133//133 132//132
f 134//134 133//133 114//114
f 117//117 114//114 133//133
f 136//136 134//134 114//114
f 136//136 135//135 134//134
f 114//114 137//137 136//136
f 138//138 136//136 137//137
f 138//138 137//137 190//190
f 139//139 136//136 138//138
f 136//136 139//139 140//140
f 135//135 136//136 140//140
f 139//139 138//138 141//141
f 138//138 142//142 141//141
f 143//143 141//141 142//142
f 145//145 144//144 143//143
f 142//142 145//145 143//143
f 145//145 146//146 148//148
f 145//145 147//147 144//144
f 145//145 148//148 147//147
f 149//149 148//148 150//150
f 150//150 148//148 146//146
f 149//149 150//150 151//151
f 152//152 149//149 151//151
f 154//154 153//153 152//152
f 152//152 153//153 155//155
f 155//155 149//149 152//152
f 156//156 149//149 155//155
f 149//149 156//156 157//157
f 158//158 157//157 156//156
f 157//157 158//158 159//159
f 160//160 159//159 161//161
f 159//159 160//160 157//157
f 160//160 161//161 162//162
f 162//162 163//163 165//165
f 164//164 160//160 162//162
f 164//164 162//162 165//165
f 164//164 165//165 166//166
f 163//163 167//167 165//165
f 169//169 167//167 163//163
f 167//167 169//169 168//168
f 170//170 168//168 169//169
f 170//170 171//171 168//168
f 172//172 171//171 170//170
f 171//171 172//172 174//174
f 174//174 172//172 173//173
f 174//174 177//177 171//171
f 137//137 174//174 175//175
f 179//179 175//175 174//174
f 179//179 174//174 178//178
f 174//174 176//176 177//177
f 176//176 174//174 137//137
f 173//173 178//178 174//174
f 178//178 180//180 179//179
f 181//181 180//180 178//178
f 178//178 173//173 181//181
f 180//180 182//182 179//179
f 183//183 179//179 182//182
f 183//183 153//153 154//154
f 179//179 183//183 184//184
f 183//183 154//154 184//184
f 179//179 184//184 185//185
f 179//179 185//185 186//186
f 175//175 186//186 187//187
f 186//186 175//175 179//179
f 188//188 175//175 187//187
f 188//188 189//189 137//137
f 188//188 137//137 175//175
f 190//190 137//137 189//189
f 191//191 190//190 189//189
f 192//192 190//190 191//191
f 138//138 190//190 192//192
f 193//193 138//138 192//192
f 142//142 138//138 193//193
f 194//194 177//177 176//176
f 195//195 194//194 176//176
f 195//195 176//176 196//196
f 196//196 176//176 197//197
f 176//176 200//200 197//197
f 198//198 199//199 197//197
f 200//200 198//198 197//197
f 200//200 201//201 202//202
f 198//198 200//200 202//202
f 202//202 201//201 204//204
f 273//273 198//198 202//202
f 273//273 202//202 203//203
f 203//203 202//202 204//204
f 203//203 204//204 205//205
f 205//205 204//204 206//206
f 205//205 206//206 208//208
f 204//204 201//201 206//206
f 206//206 209//209 207//207
f 208//208 206//206 207//207
f 208//208 207//207 269//269
f 209//209 206//206 201//201
f 207//207 209//209 210//210
f 209//209 212//212 211//211
f 212//212 209//209 201//201
f 213//213 216//216 210//210
f 214//214 213//213 210//210
f 210//210 215//215 214//214
f 216//216 207//207 210//210
f 216//216 213//213 221//221
f 216//216 221//221 219//219
f 217//217 216//216 218//218
f 269//269 207//207 216//216
f 269//269 216//216 217//217
f 218//218 216//216 219//219
f 220//220 223//223 219//219
f 219//219 222//222 220//220
f 222//222 219//219 221//221
f 218//218 219//219 223//223
f 225//225 223//223 224//224
f 223//223 220//220 224//224
f 225//225 224//224 229//229
f 225//225 226//226 228//228
f 225//225 227//227 226//226
f 227//227 225//225 229//229
f 224//224 230//230 229//229
f 229//229 230//230 231//231
f 229//229 231//231 227//227
f 220//220 230//230 224//224
f 230//230 220//220 232//232
f 230//230 232//232 233//233
f 230//230 233//233 231//231
f 220//220 235//235 232//232
f 232//232 234//234 233//233
f 234//234 232//232 235//235
f 220//220 222//222 235//235
f 236//236 233//233 234//234
f 237//237 233//233 236//236
f 236//236 238//238 237//237
f 239//239 238//238 241//241
f 240//240 238//238 239//239
f 238//238 240//240 237//237
f 241//241 242//242 239//239
f 243//243 242//242 241//241
f 243//243 244//244 245//245
f 243//243 245//245 242//242
f 245//245 244//244 246//246
f 248//248 246//246 244//244
f 247//247 246//246 248//248
f 248//248 249//249 247//247
f 250//250 247//247 249//249
f 251//251 250//250 249//249
f 252//252 253//253 251//251
f 250//250 251//251 253//253
f 254//254 253//253 252//252
f 254//254 214//214 253//253
f 215//215 253//253 214//214
f 254//254 255//255 256//256
f 214//214 254//254 256//256
f 213//213 214//214 256//256
f 213//213 256//256 221//221
f 256//256 257//257 221//221
f 257//257 256//256 255//255
f 221//221 257//257 258//258
f 221//221 258//258 222//222
f 240//240 259//259 237//237
f 239//239 261//261 240//240
f 259//259 240//240 260//260
f 260//260 240//240 261//261
f 261//261 262//262 263//263
f 263//263 260//260 261//261
f 264//264 259//259 260//260
f 264//264 260//260 263//263
f 263//263 262//262 264//264
f 265//265 266//266 259//259
f 265//265 259//259 264//264
f 228//228 226//226 264//264
f 226//226 265//265 264//264
f 228//228 264//264 262//262
f 265//265 231//231 266//266
f 227//227 265//265 226//226
f 231//231 265//265 227//227
f 231//231 233//233 237//237
f 231//231 237//237 266//266
f 237//237 259//259 266//266
f 267//267 217//217 218//218
f 268//268 269//269 267//267
f 217//217 267//267 269//269
f 208//208 269//269 268//268
f 270//270 205//205 268//268
f 205//205 208//208 268//268
f 271//271 205//205 270//270
f 272//272 203//203 271//271
f 203//203 205//205 271//271
f 272//272 273//273 203//203
f 274//274 273//273 272//272
f 275//275 274//274 272//272
f 275//275 149//149 157//157
f 157//157 276//276 275//275
f 276//276 277//277 275//275
f 278//278 275//275 277//277
f 275//275 278//278 274//274
f 274//274 278//278 279//279
f 274//274 279//279 280//280
f 280//280 282//282 274//274
f 282//282 280//280 281//281
f 281//281 198//198 282//282
f 274//274 282//282 198//198
f 274//274 198//198 273//273
f 198//198 281//281 199//199
f 276//276 283//283 277//277
f 276//276 284//284 283//283
f 276//276 164//164 284//284
f 166//166 284//284 164//164
f 157//157 160//160 164//164
f 157//157 164//164 276//276
f 176//176 137//137 114//114
f 147//147 285//285 286//286
f 144//144 147//147 287//287
f 286//286 287//287 147//147
f 286//286 285//285 288//288
f 128//128 288//288 285//285
f 128//128 127//127 288//288
f 124//124 93//93 289//289
f 124//124 289//289 121//121
f 124//124 88//88 93//93
f 99//99 121//121 289//289
f 93//93 91//91 289//289
f 290//290 111//111 291//291
f 111//111 292//292 291//291
f 292//292 111//111 108//108
f 108//108 104//104 292//292
f 293//293 292//292 104//104
f 101//101 293//293 104//104
f 290//290 291//291 294//294
f 294//294 295//295 290//290
f 296//296 295//295 294//294
f 297//297 295//295 296//296
f 298//298 299//299 297//297
f 299//299 295//295 297//297
f 299//299 300//300 305//305
f 299//299 305//305 295//295
f 301//301 300//300 299//299
f 301//301 299//299 302//302
f 302//302 299//299 298//298
f 302//302 303//303 301//301
f 303//303 304//304 81//81
f 301//301 303//303 81//81
f 80//80 81//81 304//304
f 300//300 301//301 76//76
f 76//76 301//301 81//81
f 70//70 300//300 76//76
f 72//72 300//300 70//70
f 300//300 72//72 305//305
f 290//290 295//295 305//305
f 305//305 72//72 290//290
f 69//69 290//290 72//72
f 71//71 74//74 87//87
f 74//74 83//83 87//87
f 87//87 83//83 84//84
f 38//38 42//42 37//37
f 32//32 306//306 29//29
f 306//306 32//32 307//307
f 310//310 307//307 308//308
f 309//309 306//306 307//307
f 309//309 307//307 310//310
f 309//309 310//310 312//312
f 309//309 312//312 313//313
f 308//308 311//311 310//310
f 310//310 311//311 312//312
f 314//314 313//313 312//312
f 314//314 312//312 315//315
f 316//316 315//315 312//312
f 312//312 311//311 316//316
f 315//315 317//317 314//314
f 318//318 314//314 317//317
f 319//319 314//314 318//318
f 321//321 314//314 319//319
f 320//320 321//321 319//319
f 321//321 320//320 322//322
f 323//323 314//314 321//321
f 323//323 324//324 314//314
f 326//326 314//314 324//324
f 324//324 325//325 327//327
f 324//324 327//327 326//326
f 328//328 327//327 329//329
f 327//327 328//328 326//326
f 330//330 327//327 325//325
f 332//332 331//331 330//330
f 325//325 332//332 330//330
f 333//333 331//331 332//332
f 335//335 333//333 334//334
f 335//335 336//336 333//333
f 331//331 333//333 336//336
f 335//335 334//334 337//337
f 338//338 335//335 337//337
f 340//340 338//338 337//337
f 339//339 338//338 340//340
f 341//341 340//340 342//342
f 339//339 340//340 341//341
f 343//343 341//341 342//342
f 343//343 344//344 341//341
f 343//343 345//345 344//344
f 344//344 345//345 346//346
f 350//350 346//346 347//347
f 348//348 347//347 346//346
f 349//349 348//348 346//346
f 344//344 346//346 350//350
f 352//352 350//350 351//351
f 351//351 350//350 347//347
f 353//353 350//350 352//352
f 353//353 354//354 355//355
f 353//353 352//352 354//354
f 355//355 356//356 308//308
f 355//355 354//354 356//356
f 308//308 356//356 357//357
f 311//311 308//308 357//357
f 349//349 358//358 359//359
f 359//359 348//348 349//349
f 358//358 360//360 359//359
f 322//322 320//320 360//360
f 360//360 358//358 322//322
f 363//363 341//341 361//361
f 339//339 341//341 362//362
f 341//341 363//363 362//362
f 365//365 363//363 361//361
f 363//363 365//365 364//364
f 366//366 365//365 361//361
f 364//364 365//365 367//367
f 367//367 368//368 364//364
f 367//367 369//369 368//368
f 369//369 370//370 368//368
f 369//369 371//371 370//370
f 371//371 372//372 370//370
f 372//372 371//371 373//373
f 374//374 375//375 373//373
f 372//372 373//373 375//375
f 374//374 376//376 375//375
f 328//328 372//372 375//375
f 328//328 375//375 326//326
f 375//375 376//376 326//326
f 326//326 376//376 377//377
f 378//378 379//379 377//377
f 379//379 326//326 377//377
f 379//379 314//314 326//326
f 380//380 383//383 379//379
f 379//379 381//381 380//380
f 382//382 381//381 379//379
f 382//382 379//379 378//378
f 384//384 383//383 386//386
f 384//384 385//385 383//383
f 380//380 386//386 383//383
f 388//388 389//389 387//387
f 388//388 387//387 386//386
f 386//386 387//387 399//399
f 386//386 399//399 384//384
f 380//380 388//388 386//386
f 389//389 388//388 390//390
f 388//388 391//391 390//390
f 380//380 392//392 388//388
f 391//391 388//388 392//392
f 380//380 393//393 392//392
f 393//393 380//380 381//381
f 389//389 390//390 394//394
f 361//361 396//396 394//394
f 394//394 395//395 361//361
f 394//394 396//396 389//389
f 396//396 387//387 389//389
f 397//397 387//387 396//396
f 399//399 387//387 397//397
f 398//398 399//399 397//397
f 400//400 399//399 401//401
f 384//384 399//399 400//400
f 384//384 400//400 409//409
f 398//398 401//401 399//399
f 400//400 401//401 403//403
f 403//403 401//401 402//402
f 404//404 403//403 402//402
f 405//405 403//403 404//404
f 405//405 404//404 408//408
f 409//409 400//400 403//403
f 409//409 403//403 405//405
f 407//407 406//406 405//405
f 406//406 409//409 405//405
f 405//405 408//408 407//407
f 384//384 409//409 385//385
f 406//406 385//385 409//409
f 411//411 408//408 404//404
f 407//407 408//408 414//414
f 413//413 408//408 410//410
f 410//410 408//408 411//411
f 414//414 408//408 412//412
f 408//408 413//413 412//412
f 415//415 414//414 416//416
f 416//416 414//414 417//417
f 414//414 412//412 417//417
f 415//415 416//416 418//418
f 415//415 418//418 419//419
f 421//421 420//420 419//419
f 419//419 420//420 415//415
f 420//420 421//421 422//422
f 421//421 423//423 422//422
f 423//423 424//424 425//425
f 425//425 422//422 423//423
f 425//425 424//424 426//426
f 424//424 427//427 426//426
f 427//427 428//428 426//426
f 428//428 430//430 429//429
f 427//427 430//430 428//428
f 432//432 431//431 430//430
f 430//430 431//431 429//429
f 434//434 431//431 432//432
f 433//433 434//434 432//432
f 431//431 434//434 438//438
f 434//434 435//435 438//438
f 434//434 436//436 435//435
f 437//437 436//436 434//434
f 433//433 437//437 434//434
f 431//431 438//438 429//429
f 435//435 439//439 438//438
f 439//439 429//429 438//438
f 435//435 440//440 439//439
f 436//436 440//440 435//435
f 440//440 436//436 441//441
f 443//443 441//441 442//442
f 442//442 441//441 436//436
f 444//444 443//443 442//442
f 443//443 444//444 410//410
f 444//444 442//442 446//446
f 445//445 410//410 444//444
f 437//437 446//446 442//442
f 437//437 433//433 446//446
f 413//413 410//410 445//445
f 436//436 437//437 442//442
f 404//404 402//402 411//411
f 406//406 447//447 448//448
f 406//406 448//448 385//385
f 361//361 395//395 366//366
f 372//372 328//328 450//450
f 449//449 370//370 372//372
f 449//449 372//372 450//450
f 450//450 328//328 451//451
f 329//329 451//451 328//328
f 13//13 313//313 314//314
f 313//313 452//452 309//309
f 452//452 313//313 453//453
f 453//453 313//313 13//13
f 17//17 452//452 453//453
f 17//17 453//453 12//12
f 453//453 13//13 12//12
f 455//455 454//454 452//452
f 455//455 452//452 17//17
f 309//309 452//452 454//454
f 306//306 454//454 455//455
f 454//454 306//306 309//309
f 455//455 456//456 306//306
f 455//455 26//26 456//456
f 17//17 26//26 455//455
f 25//25 306//306 456//456
f 306//306 25//25 29//29
f 26//26 17//17 16//16
f 458//458 457//457 459//459
f 458//458 459//459 460//460
f 462//462 458//458 460//460
f 462//462 460//460 461//461
f 464//464 463//463 465//465
f 464//464 465//465 466//466
f 468//468 464//464 466//466
f 468//468 466//466 467//467
f 470//470 469//469 471//471
f 471//471 473//473 470//470
f 472//472 475//475 473//473
f 472//472 473//473 471//471
f 474//474 470//470 473//473
f 478//478 476//476 475//475
f 478//478 475//475 472//472
f 479//479 477//477 476//476
f 479//479 476//476 478//478
f 477//477 479//479 480//480
f 477//477 480//480 482//482
f 481//481 483//483 482//482
f 481//481 482//482 480//480
f 487//487 484//484 483//483
f 487//487 483//483 481//481
f 486//486 485//485 484//484
f 484//484 487//487 486//486
f 487//487 488//488 486//486
f 490//490 489//489 491//491
f 492//492 494//494 493//493
f 492//492 493//493 491//491
f 491//491 493//493 490//490
f 490//490 493//493 495//495
f 498//498 496//496 494//494
f 498//498 494//494 492//492
f 496//496 498//498 499//499
f 496//496 499//499 497//497
f 500//500 502//502 497//497
f 500//500 497//497 499//499
f 501//501 503//503 502//502
f 501//501 502//502 500//500
f 505//505 504//504 503//503
f 505//505 503//503 501//501
f 505//505 507//507 504//504
f 504//504 507//507 506//506
f 507//507 505//505 508//508
f 510//510 509//509 511//511
f 511//511 513//513 512//512
f 511//511 512//512 514//514
f 511//511 514//514 510//510
f 510//510 514//514 515//515
f 512//512 516//516 514//514
f 518//518 517//517 519//519
f 518//518 519//519 520//520
f 522//522 518//518 520//520
f 522//522 520//520 521//521
f 524//524 523//523 525//525
f 524//524 525//525 526//526
f 528//528 524//524 526//526
f 528//528 526//526 527//527
f 530//530 529//529 531//531
f 531//531 532//532 533//533
f 533//533 530//530 531//531
f 530//530 533//533 534//534
f 530//530 534//534 535//535
f 535//535 534//534 536//536
f 535//535 536//536 537//537
f 538//538 540//540 537//537
f 538//538 537//537 536//536
f 539//539 541//541 540//540
f 539//539 540//540 538//538
f 541//541 539//539 544//544
f 541//541 544//544 542//542
f 542//542 544//544 545//545
f 542//542 545//545 543//543
f 543//543 545//545 546//546
f 547//547 546//546 545//545
f 546//546 548//548 543//543
f 550//550 549//549 551//551
f 552//552 551//551 554//554
f 553//553 551//551 552//552
f 551//551 553//553 550//550
f 555//555 553//553 552//552
f 550//550 553//553 556//556
f 558//558 557//557 559//559
f 560//560 563//563 561//561
f 560//560 561//561 559//559
f 559//559 561//561 558//558
f 558//558 561//561 562//562
f 566//566 564//564 563//563
f 566//566 563//563 560//560
f 564//564 566//566 567//567
f 564//564 567//567 565//565
f 568//568 569//569 565//565
f 568//568 565//565 567//567
f 570//570 572//572 569//569
f 570//570 569//569 568//568
f 571//571 573//573 572//572
f 571//571 572//572 570//570
f 573//573 575//575 574//574
f 571//571 575//575 573//573
f 575//575 571//571 576//576
f 582//582 580//580 577//577
f 582//582 577//577 578//578
f 578//578 577//577 579//579
f 578//578 579//579 593//593
f 583//583 581//581 580//580
f 583//583 580//580 582//582
f 586//586 581//581 583//583
f 586//586 583//583 584//584
f 585//585 587//587 586//586
f 585//585 586//586 584//584
f 589//589 588//588 587//587
f 589//589 587//587 585//585
f 589//589 591//591 588//588
f 588//588 591//591 590//590
f 591//591 589//589 592//592
f 593//593 579//579 594//594
f 593//593 594//594 595//595
f 597//597 600//600 598//598
f 597//597 598//598 596//596
f 596//596 598//598 599//599
f 602//602 603//603 601//601
f 603//603 602//602 605//605
f 603//603 605//605 606//606
f 603//603 606//606 604//604
f 605//605 602//602 607//607
f 604//604 606//606 608//608
f 604//604 608//608 609//609
f 609//609 608//608 610//610
f 609//609 610//610 612//612
f 611//611 613//613 612//612
f 611//611 612//612 610//610
f 613//613 611//611 615//615
f 613//613 615//615 614//614
f 614//614 615//615 619//619
f 614//614 619//619 616//616
f 616//616 619//619 617//617
f 617//617 618//618 616//616
f 617//617 619//619 620//620
f 622//622 624//624 623//623
f 622//622 623//623 621//621
f 626//626 625//625 624//624
f 626//626 624//624 622//622
f 630//630 628//628 627//627
f 630//630 627//627 629//629
f 633//633 630//630 629//629
f 633//633 629//629 631//631
f 634//634 633//633 631//631
f 634//634 631//631 632//632
f 635//635 634//634 632//632
f 635//635 632//632 636//636
f 637//637 635//635 636//636
f 637//637 636//636 638//638
f 639//639 637//637 638//638
f 639//639 638//638 641//641
f 640//640 639//639 641//641
f 640//640 641//641 642//642
f 644//644 640//640 642//642
f 644//644 642//642 643//643
f 645//645 647//647 644//644
f 645//645 644//644 643//643
f 647//647 645//645 646//646
f 647//647 646//646 648//648
f 649//649 648//648 646//646
f 649//649 646//646 651//651
f 649//649 651//651 652//652
f 649//649 652//652 650//650
f 650//650 652//652 653//653
f 650//650 653//653 654//654
f 656//656 654//654 653//653
f 656//656 653//653 655//655
f 658//658 656//656 655//655
f 658//658 655//655 657//657
f 660//660 658//658 657//657
f 660//660 657//657 659//659
f 662//662 661//661 663//663
f 662//662 663//663 664//664
f 664//664 663//663 665//665
f 664//664 665//665 667//667
f 667//667 665//665 666//666
f 667//667 666//666 668//668
f 668//668 666//666 670//670
f 668//668 670//670 669//669
f 671//671 669//669 670//670
f 671//671 670//670 672//672
f 671//671 672//672 675//675
f 671//671 675//675 673//673
f 673//673 675//675 676//676
f 673//673 676//676 674//674
f 678//678 674//674 676//676
f 678//678 676//676 677//677
f 679//679 680//680 678//678
f 679//679 678//678 677//677
f 680//680 679//679 681//681
f 680//680 681//681 682//682
f 682//682 681//681 683//683
f 682//682 683//683 684//684
f 684//684 683//683 685//685
f 684//684 685//685 686//686
f 689//689 686//686 685//685
f 689//689 685//685 687//687
f 690//690 689//689 687//687
f 690//690 687//687 688//688
f 691//691 690//690 688//688
f 691//691 688//688 693//693
f 692//692 691//691 693//693
f 692//692 693//693 694//694
f 696//696 695//695 697//697
f 696//696 697//697 698//698
f 698//698 697//697 699//699
f 698//698 699//699 701//701
f 701//701 699//699 700//700
f 701//701 700//700 702//702
f 703//703 702//702 700//700
f 703//703 700//700 704//704
f 705//705 703//703 704//704
f 705//705 704//704 706//706
f 707//707 705//705 706//706
f 707//707 706//706 709//709
f 708//708 707//707 709//709
f 708//708 709//709 710//710
f 712//712 708//708 710//710
f 712//712 710//710 711//711
f 713//713 714//714 712//712
f 713//713 712//712 711//711
f 714//714 713//713 715//715
f 714//714 715//715 716//716
f 718//718 716//716 715//715
f 718//718 715//715 717//717
f 720//720 718//718 717//717
f 720//720 717//717 719//719
f 720//720 719//719 721//721
f 720//720 721//721 723//723
f 723//723 721//721 722//722
f 723//723 722//722 724//724
f 724//724 722//722 726//726
f 724//724 726//726 725//725
f 725//725 726//726 728//728
f 725//725 728//728 727//727
f 732//732 730//730 729//729
f 732//732 729//729 731//731
f 734//734 732//732 731//731
f 734//734 731//731 733//733
f 736//736 734//734 733//733
f 736//736 733//733 735//735
f 738//738 736//736 735//735
f 738//738 735//735 737//737
f 740//740 738//738 737//737
f 740//740 737//737 739//739
f 742//742 740//740 739//739
f 742//742 739//739 741//741
f 744//744 742//742 741//741
f 744//744 741//741 743//743
f 746//746 744//744 743//743
f 746//746 743//743 745//745
f 748//748 746//746 745//745
f 748//748 745//745 747//747
f 750//750 748//748 747//747
f 750//750 747//747 749//749
f 752//752 750//750 749//749
f 752//752 749//749 751//751
f 754//754 752//752 751//751
f 754//754 751//751 753//753
f 756//756 754//754 753//753
f 756//756 753//753 755//755
f 758//758 756//756 755//755
f 758//758 755//755 757//757
f 760//760 758//758 757//757
f 760//760 757//757 759//759
f 762//762 760//760 759//759
f 762//762 759//759 761//761
f 764//764 763//763 765//765
f 764//764 765//765 766//766
f 766//766 765//765 767//767
f 766//766 767//767 769//769
f 769//769 767//767 768//768
f 769//769 768//768 770//770
f 770//770 768//768 772//772
f 770//770 772//772 771//771
f 771//771 772//772 774//774
f 771//771 774//774 773//773
f 773//773 774//774 777//777
f 773//773 777//777 775//775
f 775//775 777//777 778//778
f 775//775 778//778 776//776
f 780//780 776//776 778//778
f 780//780 778//778 779//779
f 783//783 780//780 779//779
f 783//783 779//779 781//781
f 784//784 783//783 781//781
f 784//784 781//781 782//782
f 785//785 784//784 782//782
f 785//785 782//782 787//787
f 786//786 785//785 787//787
f 786//786 787//787 788//788
f 790//790 786//786 788//788
f 790//790 788//788 789//789
f 790//790 789//789 791//791
f 790//790 791//791 792//792
f 792//792 791//791 793//793
f 792//792 793//793 794//794
f 794//794 793//793 795//795
f 794//794 795//795 796//796
f 798//798 797//797 799//799
f 798//798 799//799 800//800
f 800//800 799//799 801//801
f 800//800 801//801 803//803
f 803//803 801//801 802//802
f 803//803 802//802 804//804
f 805//805 804//804 802//802
f 805//805 802//802 806//806
f 805//805 806//806 808//808
f 805//805 808//808 807//807
f 807//807 808//808 811//811
f 807//807 811//811 809//809
f 809//809 811//811 812//812
f 809//809 812//812 810//810
f 810//810 812//812 813//813
f 810//810 813//813 814//814
f 816//816 814//814 813//813
f 816//816 813//813 815//815
f 818//818 816//816 815//815
f 818//818 815//815 817//817
f 818//818 817//817 819//819
f 818//818 819//819 820//820
f 820//820 819//819 821//821
f 820//820 821//821 822//822
f 822//822 821//821 823//823
f 822//822 823//823 825//825
f 825//825 823//823 824//824
f 825//825 824//824 826//826
f 826//826 824//824 829//829
f 826//826 829//829 827//827
f 827//827 829//829 830//830
f 827//827 830//830 828//828
f 832//832 831//831 833//833
f 832//832 833//833 834//834
f 834//834 833//833 835//835
f 834//834 835//835 837//837
f 837//837 835//835 836//836
f 837//837 836//836 838//838
f 839//839 838//838 836//836
f 839//839 836//836 840//840
f 839//839 840//840 842//842
f 839//839 842//842 841//841
f 841//841 842//842 845//845
f 841//841 845//845 843//843
f 844//844 843//843 845//845
f 844//844 845//845 846//846
f 848//848 844//844 846//846
f 848//848 846//846 847//847
f 849//849 850//850 848//848
f 849//849 848//848 847//847
f 850//850 849//849 851//851
f 850//850 851//851 852//852
f 852//852 851//851 853//853
f 852//852 853//853 854//854
f 854//854 853//853 855//855
f 854//854 855//855 856//856
f 859//859 856//856 855//855
f 859//859 855//855 857//857
f 859//859 857//857 858//858
f 859//859 858//858 860//860
f 860//860 858//858 862//862
f 860//860 862//862 861//861
f 863//863 861//861 862//862
f 863//863 862//862 864//864
f 866//866 868//868 867//867
f 866//866 867//867 865//865
f 866//866 869//869 868//868
f 871//871 870//870 872//872
f 872//872 873//873 874//874
f 874//874 871//871 872//872
f 871//871 874//874 875//875
f 871//871 875//875 876//876
f 876//876 875//875 877//877
f 876//876 877//877 879//879
f 878//878 880//880 879//879
f 878//878 879//879 877//877
f 882//882 881//881 880//880
f 882//882 880//880 878//878
f 881//881 882//882 884//884
f 881//881 884//884 883//883
f 883//883 884//884 886//886
f 883//883 886//886 885//885
f 885//885 886//886 887//887
f 887//887 888//888 885//885
f 889//889 887//887 886//886
f 893//893 891//891 890//890
f 893//893 890//890 892//892
f 894//894 895//895 891//891
f 894//894 891//891 893//893
f 897//897 898//898 896//896
f 898//898 897//897 900//900
f 898//898 900//900 902//902
f 898//898 902//902 899//899
f 900//900 897//897 901//901
f 899//899 902//902 903//903
f 899//899 903//903 905//905
f 905//905 903//903 904//904
f 905//905 904//904 906//906
f 907//907 906//906 904//904
f 907//907 904//904 908//908
f 907//907 908//908 910//910
f 907//907 910//910 909//909
f 909//909 910//910 912//912
f 909//909 912//912 911//911
f 911//911 912//912 914//914
f 911//911 914//914 913//913
f 918//918 916//916 915//915
f 918//918 915//915 917//917
f 920//920 918//918 917//917
f 920//920 917//917 919//919
f 922//922 920//920 919//919
f 922//922 919//919 921//921
f 924//924 922//922 921//921
f 924//924 921//921 923//923
f 926//926 924//924 923//923
f 926//926 923//923 925//925
f 928//928 926//926 925//925
f 928//928 925//925 927//927
f 930//930 928//928 927//927
f 930//930 927//927 929//929
f 932//932 930//930 929//929
f 932//932 929//929 931//931
f 934//934 932//932 931//931
f 934//934 931//931 933//933
f 936//936 934//934 933//933
f 936//936 933//933 935//935
f 938//938 936//936 935//935
f 938//938 935//935 937//937
f 940//940 938//938 937//937
f 940//940 937//937 939//939
f 942//942 940//940 939//939
f 942//942 939//939 941//941
f 944//944 942//942 941//941
f 944//944 941//941 943//943
f 946//946 944//944 943//943
f 946//946 943//943 945//945
f 948//948 946//946 945//945
f 948//948 945//945 947//947
f 949//949 950//950 952//952
f 950//950 949//949 951//951
f 953//953 949//949 952//952
f 954//954 953//953 952//952
f 957//957 953//953 954//954
f 953//953 957//957 955//955
f 955//955 956//956 953//953
f 955//955 957//957 958//958
f 955//955 958//958 959//959
f 958//958 957//957 954//954
f 958//958 954//954 960//960
f 963//963 959//959 958//958
f 963//963 958//958 961//961
f 961//961 958//958 960//960
f 962//962 961//961 964//964
f 963//963 961//961 962//962
f 964//964 961//961 960//960
f 965//965 962//962 964//964
f 964//964 966//966 965//965
f 966//966 964//964 968//968
f 960//960 967//967 964//964
f 964//964 967//967 968//968
f 967//967 952//952 950//950
f 967//967 950//950 968//968
f 968//968 969//969 966//966
f 968//968 950//950 951//951
f 968//968 951//951 969//969
f 960//960 954//954 952//952
f 960//960 952//952 967//967
f 962//962 965//965 970//970
f 965//965 971//971 970//970
f 973//973 970//970 971//971
f 973//973 971//971 972//972
f 972//972 974//974 973//973
f 976//976 975//975 974//974
f 975//975 973//973 974//974
f 975//975 976//976 978//978
f 977//977 978//978 976//976
f 978//978 979//979 980//980
f 978//978 980//980 975//975
f 977//977 982//982 979//979
f 977//977 979//979 978//978
f 981//981 962//962 979//979
f 962//962 980//980 979//979
f 979//979 982//982 981//981
f 962//962 981//981 963//963
f 981//981 983//983 963//963
f 963//963 983//983 984//984
f 983//983 985//985 984//984
f 985//985 986//986 987//987
f 985//985 987//987 984//984
f 986//986 956//956 987//987
f 984//984 987//987 955//955
f 984//984 955//955 959//959
f 956//956 955//955 987//987
f 984//984 959//959 963//963
f 970//970 980//980 962//962
f 975//975 980//980 970//970
f 975//975 970//970 973//973
f 989//989 988//988 990//990
f 989//989 990//990 991//991
f 995//995 992//992 993//993
f 993//993 992//992 994//994
f 992//992 995//995 996//996
f 996//996 997//997 998//998
f 997//997 996//996 995//995
f 999//999 998//998 997//997
f 999//999 997//997 1000//1000
f 1001//1001 999//999 1000//1000
f 1002//1002 1001//1001 1000//1000
f 1001//1001 1002//1002 1003//1003
f 1003//1003 1004//1004 1001//1001
f 1005//1005 1004//1004 1003//1003
f 1005//1005 1003//1003 1006//1006
f 1006//1006 1007//1007 1005//1005
f 1007//1007 1009//1009 1008//1008
f 1007//1007 1006//1006 1009//1009
f 1006//1006 1003//1003 1011//1011
f 1006//1006 1011//1011 1009//1009
f 1009//1009 1010//1010 1008//1008
f 1009//1009 1011//1011 1012//1012
f 1009//1009 1012//1012 1010//1010
f 1012//1012 1011//1011 1002//1002
f 1002//1002 1011//1011 1003//1003
f 1002//1002 1013//1013 1012//1012
f 1010//1010 1012//1012 1014//1014
f 1010//1010 1014//1014 1015//1015
f 1013//1013 1014//1014 1012//1012
f 1010//1010 1015//1015 1008//1008
f 1013//1013 1002//1002 1016//1016
f 1016//1016 1017//1017 1013//1013
f 1016//1016 993//993 994//994
f 1016//1016 994//994 1017//1017
f 1018//1018 995//995 993//993
f 1018//1018 993//993 1016//1016
f 1002//1002 1018//1018 1016//1016
f 1000//1000 1018//1018 1002//1002
f 1000//1000 997//997 995//995
f 1000//1000 995//995 1018//1018
f 1020//1020 1019//1019 1021//1021
f 1020//1020 1021//1021 1022//1022
f 1024//1024 1023//1023 1025//1025
f 1024//1024 1025//1025 1026//1026
f 1028//1028 1027//1027 1029//1029
f 1028//1028 1029//1029 1030//1030
f 1032//1032 1031//1031 1033//1033
f 1032//1032 1033//1033 1034//1034
f 1036//1036 1035//1035 1037//1037
f 1036//1036 1037//1037 1038//1038
f 1040//1040 1039//1039 1041//1041
f 1040//1040 1041//1041 1042//1042
f 1044//1044 1043//1043 1045//1045
f 1044//1044 1045//1045 1046//1046
f 1048//1048 1050//1050 1049//1049
f 1048//1048 1049//1049 1047//1047
f 1051//1051 1050//1050 1048//1048
f 1051//1051 1048//1048 1053//1053
f 1052//1052 1051//1051 1053//1053
f 1052//1052 1053//1053 1054//1054
f 1056//1056 1052//1052 1054//1054
f 1056//1056 1054//1054 1055//1055
f 1058//1058 1056//1056 1055//1055
f 1058//1058 1055//1055 1057//1057
f 1060//1060 1058//1058 1057//1057
f 1060//1060 1057//1057 1059//1059
f 1062//1062 1060//1060 1059//1059
f 1062//1062 1059//1059 1061//1061
f 1064//1064 1062//1062 1061//1061
f 1064//1064 1061//1061 1063//1063
f 1066//1066 1064//1064 1063//1063
f 1066//1066 1063//1063 1065//1065
f 1067//1067 1068//1068 1066//1066
f 1067//1067 1066//1066 1065//1065
f 1070//1070 1069//1069 1071//1071
f 1070//1070 1071//1071 1072//1072
f 1073//1073 1074//1074 1072//1072
f 1073//1073 1072//1072 1071//1071
f 1076//1076 1077//1077 1075//1075
f 1078//1078 1075//1075 1077//1077
f 1077//1077 1079//1079 1078//1078
f 1081//1081 1083//1083 1082//1082
f 1081//1081 1082//1082 1080//1080
f 1085//1085 1084//1084 1086//1086
f 1085//1085 1086//1086 1088//1088
f 1087//1087 1089//1089 1088//1088
f 1087//1087 1088//1088 1086//1086
f 1090//1090 1092//1092 1093//1093
f 1090//1090 1093//1093 1091//1091
f 1093//1093 1094//1094 1095//1095
f 1095//1095 1091//1091 1093//1093
f 1095//1095 1096//1096 1091//1091
f 1097//1097 1099//1099 1100//1100
f 1097//1097 1100//1100 1098//1098
f 1102//1102 1104//1104 1103//1103
f 1102//1102 1103//1103 1101//1101
f 1107//1107 1105//1105 1104//1104
f 1107//1107 1104//1104 1102//1102
f 1108//1108 1106//1106 1105//1105
f 1108//1108 1105//1105 1107//1107
f 1110//1110 1108//1108 1109//1109
f 1106//1106 1108//1108 1110//1110
f 1111//1111 1106//1106 1110//1110
f 1113//1113 1112//1112 1114//1114
f 1113//1113 1114//1114 1115//1115
f 1117//1117 1113//1113 1115//1115
f 1117//1117 1115//1115 1116//1116
f 1119//1119 1117//1117 1116//1116
f 1119//1119 1116//1116 1118//1118
f 1121//1121 1119//1119 1118//1118
f 1121//1121 1118//1118 1120//1120
f 1122//1122 1124//1124 1125//1125
f 1122//1122 1125//1125 1123//1123
f 1127//1127 1126//1126 1128//1128
f 1127//1127 1128//1128 1129//1129
f 1131//1131 1127//1127 1129//1129
f 1131//1131 1129//1129 1130//1130
f 1133//1133 1131//1131 1130//1130
f 1133//1133 1130//1130 1132//1132
f 1135//1135 1133//1133 1132//1132
f 1135//1135 1132//1132 1134//1134
f 1137//1137 1136//1136 1138//1138
f 1137//1137 1138//1138 1139//1139
f 1141//1141 1137//1137 1139//1139
f 1141//1141 1139//1139 1140//1140
f 1143//1143 1142//1142 1144//1144
f 1143//1143 1144//1144 1145//1145
f 1143//1143 1145//1145 1146//1146
f 1148//1148 1147//1147 1149//1149
f 1148//1148 1149//1149 1150//1150
f 1152//1152 1151//1151 1153//1153
f 1152//1152 1153//1153 1154//1154
f 1156//1156 1155//1155 1157//1157
f 1156//1156 1157//1157 1158//1158
f 1160//1160 1159//1159 1161//1161
f 1160//1160 1161//1161 1162//1162
f 1163//1163 1165//1165 1166//1166
f 1163//1163 1166//1166 1164//1164
f 1167//1167 1168//1168 1170//1170
f 1168//1168 1167//1167 1169//1169
f 1171//1171 1170//1170 1168//1168
f 1172//1172 1171//1171 1168//1168
f 1172//1172 1168//1168 1173//1173
f 1174//1174 1172//1172 1173//1173
f 1174//1174 1173//1173 1176//1176
f 1174//1174 1176//1176 1175//1175
f 1178//1178 1175//1175 1176//1176
f 1176//1176 1173//1173 1179//1179
f 1176//1176 1179//1179 1177//1177
f 1176//1176 1177//1177 1178//1178
f 1173//1173 1168//1168 1169//1169
f 1173//1173 1169//1169 1179//1179
f 1181//1181 1180//1180 1182//1182
f 1181//1181 1182//1182 1183//1183
f 1187//1187 1185//1185 1184//1184
f 1185//1185 1186//1186 1184//1184
f 1184//1184 1188//1188 1187//1187
f 1188//1188 1190//1190 1189//1189
f 1189//1189 1187//1187 1188//1188
f 1191//1191 1192//1192 1189//1189
f 1191//1191 1189//1189 1190//1190
f 1193//1193 1192//1192 1191//1191
f 1194//1194 1192//1192 1193//1193
f 1193//1193 1195//1195 1194//1194
f 1195//1195 1193//1193 1196//1196
f 1197//1197 1199//1199 1195//1195
f 1197//1197 1195//1195 1196//1196
f 1199//1199 1197//1197 1198//1198
f 1198//1198 1200//1200 1199//1199
f 1199//1199 1200//1200 1203//1203
f 1199//1199 1203//1203 1195//1195
f 1200//1200 1202//1202 1201//1201
f 1200//1200 1201//1201 1204//1204
f 1200//1200 1204//1204 1203//1203
f 1198//1198 1202//1202 1200//1200
f 1204//1204 1194//1194 1203//1203
f 1194//1194 1195//1195 1203//1203
f 1194//1194 1204//1204 1205//1205
f 1201//1201 1207//1207 1206//1206
f 1201//1201 1206//1206 1204//1204
f 1205//1205 1204//1204 1206//1206
f 1201//1201 1202//1202 1207//1207
f 1205//1205 1208//1208 1194//1194
f 1208//1208 1205//1205 1209//1209
f 1208//1208 1209//1209 1186//1186
f 1208//1208 1186//1186 1185//1185
f 1210//1210 1208//1208 1185//1185
f 1210//1210 1185//1185 1187//1187
f 1194//1194 1208//1208 1210//1210
f 1192//1192 1194//1194 1210//1210
f 1192//1192 1210//1210 1187//1187
f 1192//1192 1187//1187 1189//1189
f 1212//1212 1214//1214 1213//1213
f 1212//1212 1213//1213 1211//1211
f 1215//1215 1214//1214 1212//1212
f 1215//1215 1212//1212 1216//1216
f 1217//1217 1215//1215 1216//1216
f 1217//1217 1216//1216 1218//1218
f 1219//1219 1217//1217 1218//1218
f 1219//1219 1218//1218 1221//1221
f 1220//1220 1219//1219 1221//1221
f 1220//1220 1221//1221 1222//1222
f 1224//1224 1220//1220 1222//1222
f 1224//1224 1222//1222 1223//1223
f 1226//1226 1224//1224 1223//1223
f 1226//1226 1223//1223 1225//1225
f 1228//1228 1226//1226 1225//1225
f 1228//1228 1225//1225 1227//1227
f 1230//1230 1228//1228 1227//1227
f 1230//1230 1227//1227 1229//1229
f 1231//1231 1232//1232 1230//1230
f 1231//1231 1230//1230 1229//1229
f 1234//1234 1233//1233 1235//1235
f 1234//1234 1235//1235 1236//1236
f 1238//1238 1237//1237 1239//1239
f 1238//1238 1239//1239 1240//1240
f 1242//1242 1241//1241 1243//1243
f 1242//1242 1243//1243 1244//1244
f 1246//1246 1245//1245 1247//1247
f 1246//1246 1247//1247 1248//1248
f 1250//1250 1249//1249 1251//1251
f 1250//1250 1251//1251 1252//1252
f 1254//1254 1253//1253 1255//1255
f 1254//1254 1255//1255 1256//1256
f 1258//1258 1257//1257 1259//1259
f 1258//1258 1259//1259 1260//1260
f 1261//1261 1264//1264 1262//1262
f 1262//1262 1263//1263 1261//1261
f 1265//1265 1262//1262 1264//1264
f 1267//1267 1269//1269 1268//1268
f 1267//1267 1268//1268 1266//1266
f 1270//1270 1272//1272 1273//1273
f 1270//1270 1273//1273 1271//1271
f 1274//1274 1275//1275 1271//1271
f 1274//1274 1271//1271 1273//1273
f 1276//1276 1278//1278 1279//1279
f 1276//1276 1279//1279 1277//1277
f 1279//1279 1280//1280 1281//1281
f 1281//1281 1277//1277 1279//1279
f 1281//1281 1282//1282 1277//1277
f 1284//1284 1283//1283 1285//1285
f 1284//1284 1285//1285 1286//1286
f 1288//1288 1284//1284 1286//1286
f 1288//1288 1286//1286 1287//1287
f 1290//1290 1289//1289 1291//1291
f 1290//1290 1291//1291 1292//1292
f 1294//1294 1290//1290 1292//1292
f 1294//1294 1292//1292 1293//1293
f 1298//1298 1294//1294 1293//1293
f 1298//1298 1293//1293 1295//1295
f 1296//1296 1297//1297 1295//1295
f 1295//1295 1297//1297 1298//1298
f 1297//1297 1299//1299 1298//1298
f 1301//1301 1300//1300 1302//1302
f 1301//1301 1302//1302 1303//1303
f 1304//1304 1305//1305 1303//1303
f 1304//1304 1303//1303 1302//1302
f 1307//1307 1309//1309 1308//1308
f 1307//1307 1308//1308 1306//1306
f 1311//1311 1310//1310 1309//1309
f 1311//1311 1309//1309 1307//1307
f 1314//1314 1312//1312 1310//1310
f 1314//1314 1310//1310 1311//1311
f 1315//1315 1313//1313 1312//1312
f 1315//1315 1312//1312 1314//1314
f 1317//1317 1316//1316 1318//1318
f 1317//1317 1318//1318 1319//1319
f 1320//1320 1322//1322 1323//1323
f 1320//1320 1323//1323 1321//1321
f 1325//1325 1327//1327 1326//1326
f 1325//1325 1326//1326 1324//1324
f 1330//1330 1328//1328 1327//1327
f 1330//1330 1327//1327 1325//1325
f 1331//1331 1329//1329 1328//1328
f 1331//1331 1328//1328 1330//1330
f 1332//1332 1333//1333 1329//1329
f 1332//1332 1329//1329 1331//1331
f 1334//1334 1337//1337 1335//1335
f 1335//1335 1336//1336 1334//1334
f 1337//1337 1334//1334 1338//1338
f 1339//1339 1338//1338 1334//1334
f 1339//1339 1334//1334 1340//1340
f 1339//1339 1340//1340 1341//1341
f 1342//1342 1341//1341 1340//1340
f 1342//1342 1343//1343 1341//1341
f 1343//1343 1344//1344 1341//1341
f 1344//1344 1343//1343 1345//1345
f 1343//1343 1346//1346 1345//1345
f 1343//1343 1347//1347 1346//1346
f 1347//1347 1343//1343 1348//1348
f 1349//1349 1351//1351 1348//1348
f 1349//1349 1348//1348 1350//1350
f 1348//1348 1351//1351 1359//1359
f 1347//1347 1348//1348 1352//1352
f 1353//1353 1352//1352 1348//1348
f 1348//1348 1354//1354 1353//1353
f 1348//1348 1355//1355 1354//1354
f 1355//1355 1348//1348 1356//1356
f 1357//1357 1356//1356 1348//1348
f 1348//1348 1358//1358 1357//1357
f 1348//1348 1359//1359 1358//1358
f 1361//1361 1360//1360 1359//1359
f 1361//1361 1359//1359 1351//1351
f 1360//1360 1361//1361 1362//1362
f 1360//1360 1362//1362 1363//1363
f 1364//1364 1363//1363 1365//1365
f 1364//1364 1360//1360 1363//1363
f 1366//1366 1365//1365 1367//1367
f 1365//1365 1366//1366 1364//1364
f 1369//1369 1366//1366 1367//1367
f 1369//1369 1367//1367 1368//1368
f 1368//1368 1370//1370 1369//1369
f 1368//1368 1371//1371 1370//1370
f 1373//1373 1372//1372 1371//1371
f 1373//1373 1371//1371 1368//1368
f 1373//1373 1376//1376 1374//1374
f 1375//1375 1373//1373 1368//1368
f 1375//1375 1376//1376 1373//1373
f 1373//1373 1377//1377 1372//1372
f 1373//1373 1378//1378 1377//1377
f 1373//1373 1379//1379 1378//1378
f 1379//1379 1373//1373 1380//1380
f 1381//1381 1379//1379 1380//1380
f 1381//1381 1380//1380 1382//1382
f 1380//1380 1383//1383 1382//1382
f 1380//1380 1384//1384 1383//1383
f 1383//1383 1384//1384 1385//1385
f 1384//1384 1386//1386 1385//1385
f 1386//1386 1384//1384 1387//1387
f 1387//1387 1388//1388 1386//1386
f 1387//1387 1389//1389 1388//1388
f 1389//1389 1387//1387 1390//1390
f 1390//1390 1387//1387 1391//1391
f 1390//1390 1391//1391 1392//1392
f 1392//1392 1393//1393 1345//1345
f 1392//1392 1394//1394 1393//1393
f 1395//1395 1394//1394 1392//1392
f 1392//1392 1345//1345 1390//1390
f 1395//1395 1396//1396 1398//1398
f 1396//1396 1395//1395 1397//1397
f 1398//1398 1394//1394 1395//1395
f 1397//1397 1399//1399 1401//1401
f 1399//1399 1397//1397 1400//1400
f 1401//1401 1402//1402 1397//1397
f 1397//1397 1402//1402 1396//1396
f 1403//1403 1404//1404 1400//1400
f 1404//1404 1399//1399 1400//1400
f 1405//1405 1404//1404 1403//1403
f 1406//1406 1405//1405 1407//1407
f 1403//1403 1407//1407 1405//1405
f 1408//1408 1407//1407 1413//1413
f 1408//1408 1336//1336 1407//1407
f 1336//1336 1412//1412 1407//1407
f 1406//1406 1407//1407 1409//1409
f 1410//1410 1409//1409 1407//1407
f 1407//1407 1411//1411 1410//1410
f 1411//1411 1407//1407 1412//1412
f 1413//1413 1414//1414 1418//1418
f 1413//1413 1415//1415 1414//1414
f 1415//1415 1413//1413 1417//1417
f 1419//1419 1416//1416 1413//1413
f 1416//1416 1417//1417 1413//1413
f 1413//1413 1418//1418 1421//1421
f 1420//1420 1419//1419 1413//1413
f 1408//1408 1413//1413 1421//1421
f 1421//1421 1423//1423 1422//1422
f 1423//1423 1421//1421 1418//1418
f 1422//1422 1423//1423 1424//1424
f 1425//1425 1422//1422 1424//1424
f 1422//1422 1425//1425 1426//1426
f 1427//1427 1428//1428 1426//1426
f 1426//1426 1428//1428 1422//1422
f 1429//1429 1428//1428 1427//1427
f 1427//1427 1430//1430 1429//1429
f 1432//1432 1431//1431 1430//1430
f 1430//1430 1433//1433 1432//1432
f 1430//1430 1434//1434 1433//1433
f 1434//1434 1430//1430 1435//1435
f 1427//1427 1435//1435 1430//1430
f 1435//1435 1436//1436 1434//1434
f 1436//1436 1438//1438 1434//1434
f 1436//1436 1437//1437 1438//1438
f 1439//1439 1438//1438 1437//1437
f 1434//1434 1438//1438 1440//1440
f 1438//1438 1441//1441 1440//1440
f 1441//1441 1442//1442 1440//1440
f 1442//1442 1443//1443 1445//1445
f 1443//1443 1442//1442 1444//1444
f 1445//1445 1446//1446 1442//1442
f 1446//1446 1440//1440 1442//1442
f 1449//1449 1444//1444 1447//1447
f 1444//1444 1448//1448 1447//1447
f 1443//1443 1444//1444 1449//1449
f 1448//1448 1450//1450 1452//1452
f 1450//1450 1448//1448 1451//1451
f 1448//1448 1453//1453 1447//1447
f 1452//1452 1453//1453 1448//1448
f 1452//1452 1450//1450 1454//1454
f 1450//1450 1455//1455 1454//1454
f 1456//1456 1454//1454 1455//1455
f 1457//1457 1454//1454 1456//1456
f 1458//1458 1457//1457 1456//1456
f 1431//1431 1457//1457 1458//1458
f 1431//1431 1459//1459 1457//1457
f 1431//1431 1460//1460 1459//1459
f 1460//1460 1431//1431 1461//1461
f 1431//1431 1432//1432 1461//1461
f 1431//1431 1458//1458 1462//1462
f 1462//1462 1463//1463 1431//1431
f 1464//1464 1431//1431 1463//1463
f 1466//1466 1464//1464 1465//1465
f 1465//1465 1464//1464 1467//1467
f 1464//1464 1466//1466 1431//1431
f 1467//1467 1470//1470 1468//1468
f 1468//1468 1469//1469 1467//1467
f 1467//1467 1469//1469 1465//1465
f 1471//1471 1470//1470 1472//1472
f 1470//1470 1471//1471 1468//1468
f 1472//1472 1474//1474 1471//1471
f 1474//1474 1472//1472 1473//1473
f 1473//1473 1475//1475 1474//1474
f 1477//1477 1451//1451 1475//1475
f 1475//1475 1451//1451 1476//1476
f 1473//1473 1478//1478 1475//1475
f 1475//1475 1478//1478 1477//1477
f 1477//1477 1479//1479 1451//1451
f 1451//1451 1479//1479 1480//1480
f 1451//1451 1480//1480 1481//1481
f 1450//1450 1451//1451 1481//1481
f 1451//1451 1482//1482 1476//1476
f 1483//1483 1482//1482 1451//1451
f 1483//1483 1484//1484 1482//1482
f 1485//1485 1484//1484 1486//1486
f 1483//1483 1486//1486 1484//1484
f 1487//1487 1486//1486 1483//1483
f 1485//1485 1486//1486 1488//1488
f 1488//1488 1489//1489 1485//1485
f 1488//1488 1490//1490 1489//1489
f 1488//1488 1491//1491 1490//1490
f 1492//1492 1493//1493 1491//1491
f 1491//1491 1493//1493 1490//1490
f 1492//1492 1494//1494 1493//1493
f 1496//1496 1494//1494 1495//1495
f 1494//1494 1497//1497 1495//1495
f 1497//1497 1494//1494 1492//1492
f 1499//1499 1496//1496 1495//1495
f 1498//1498 1466//1466 1496//1496
f 1499//1499 1498//1498 1496//1496
f 1500//1500 1501//1501 1498//1498
f 1431//1431 1466//1466 1498//1498
f 1501//1501 1431//1431 1498//1498
f 1502//1502 1501//1501 1503//1503
f 1501//1501 1504//1504 1503//1503
f 1500//1500 1504//1504 1501//1501
f 1505//1505 1502//1502 1503//1503
f 1505//1505 1506//1506 1502//1502
f 1505//1505 1507//1507 1506//1506
f 1508//1508 1506//1506 1507//1507
f 1506//1506 1508//1508 1509//1509
f 1510//1510 1506//1506 1509//1509
f 1511//1511 1506//1506 1510//1510
f 1483//1483 1511//1511 1487//1487
f 1506//1506 1511//1511 1483//1483
f 1502//1502 1506//1506 1512//1512
f 1502//1502 1512//1512 1513//1513
f 1513//1513 1514//1514 1502//1502
f 1514//1514 1513//1513 1515//1515
f 1518//1518 1515//1515 1516//1516
f 1516//1516 1515//1515 1517//1517
f 1515//1515 1518//1518 1514//1514
f 1520//1520 1514//1514 1518//1518
f 1520//1520 1518//1518 1519//1519
f 1517//1517 1521//1521 1516//1516
f 1521//1521 1522//1522 1516//1516
f 1521//1521 1523//1523 1522//1522
f 1521//1521 1524//1524 1523//1523
f 1525//1525 1526//1526 1524//1524
f 1524//1524 1526//1526 1527//1527
f 1524//1524 1527//1527 1523//1523
f 1528//1528 1526//1526 1525//1525
f 1525//1525 1529//1529 1528//1528
f 1530//1530 1529//1529 1525//1525
f 1529//1529 1530//1530 1531//1531
f 1530//1530 1532//1532 1531//1531
f 1532//1532 1535//1535 1533//1533
f 1534//1534 1532//1532 1530//1530
f 1532//1532 1534//1534 1535//1535
f 1535//1535 1536//1536 1533//1533
f 1536//1536 1535//1535 1537//1537
f 1536//1536 1537//1537 1538//1538
f 1539//1539 1536//1536 1538//1538
f 1539//1539 1540//1540 1536//1536
f 1541//1541 1536//1536 1540//1540
f 1542//1542 1541//1541 1540//1540
f 1543//1543 1542//1542 1545//1545
f 1543//1543 1544//1544 1542//1542
f 1542//1542 1544//1544 1541//1541
f 1546//1546 1543//1543 1545//1545
f 1547//1547 1546//1546 1545//1545
f 1522//1522 1548//1548 1547//1547
f 1549//1549 1547//1547 1548//1548
f 1550//1550 1547//1547 1549//1549
f 1547//1547 1550//1550 1546//1546
f 1548//1548 1522//1522 1523//1523
f 1553//1553 1551//1551 1439//1439
f 1437//1437 1552//1552 1439//1439
f 1552//1552 1553//1553 1439//1439
f 1554//1554 1551//1551 1553//1553
f 1551//1551 1554//1554 1555//1555
f 1551//1551 1555//1555 1556//1556
f 1551//1551 1556//1556 1557//1557
f 1558//1558 1557//1557 1556//1556
f 1558//1558 1419//1419 1420//1420
f 1420//1420 1557//1557 1558//1558
f 1335//1335 1412//1412 1336//1336
f 1393//1393 1344//1344 1345//1345
f 1379//1379 1381//1381 1559//1559
f 1560//1560 1561//1561 1559//1559
f 1560//1560 1559//1559 1355//1355
f 1561//1561 1379//1379 1559//1559
f 1355//1355 1356//1356 1560//1560
f 1374//1374 1376//1376 1562//1562
f 1374//1374 1562//1562 1563//1563
f 1563//1563 1562//1562 1564//1564
f 1563//1563 1564//1564 1565//1565
f 1564//1564 1566//1566 1565//1565
f 1565//1565 1566//1566 1567//1567
f 1568//1568 1565//1565 1567//1567
f 1567//1567 1569//1569 1568//1568
f 1570//1570 1571//1571 1569//1569
f 1571//1571 1568//1568 1569//1569
f 1572//1572 1571//1571 1570//1570
f 1570//1570 1573//1573 1572//1572
f 1573//1573 1575//1575 1574//1574
f 1575//1575 1573//1573 1570//1570
f 1351//1351 1349//1349 1575//1575
f 1349//1349 1574//1574 1575//1575
f 1374//1374 1563//1563 1576//1576
f 1576//1576 1577//1577 1374//1374
f 1577//1577 1579//1579 1578//1578
f 1577//1577 1578//1578 1374//1374
f 1579//1579 1580//1580 1578//1578
f 1581//1581 1578//1578 1580//1580
f 1578//1578 1581//1581 1582//1582
f 1583//1583 1578//1578 1582//1582
f 1578//1578 1583//1583 1584//1584
f 1584//1584 1583//1583 1585//1585
f 1350//1350 1584//1584 1585//1585
f 1350//1350 1585//1585 1586//1586
f 1587//1587 1350//1350 1586//1586
f 1587//1587 1349//1349 1350//1350
f 1590//1590 1584//1584 1588//1588
f 1584//1584 1589//1589 1588//1588
f 1590//1590 1578//1578 1584//1584
f 1593//1593 1589//1589 1591//1591
f 1626//1626 1591//1591 1589//1589
f 1626//1626 1589//1589 1592//1592
f 1593//1593 1588//1588 1589//1589
f 1593//1593 1594//1594 1595//1595
f 1591//1591 1594//1594 1593//1593
f 1595//1595 1594//1594 1596//1596
f 1594//1594 1597//1597 1596//1596
f 1597//1597 1599//1599 1596//1596
f 1598//1598 1596//1596 1599//1599
f 1597//1597 1600//1600 1599//1599
f 1598//1598 1599//1599 1601//1601
f 1598//1598 1601//1601 1602//1602
f 1598//1598 1602//1602 1603//1603
f 1603//1603 1602//1602 1604//1604
f 1604//1604 1605//1605 1603//1603
f 1606//1606 1607//1607 1605//1605
f 1605//1605 1607//1607 1603//1603
f 1607//1607 1609//1609 1608//1608
f 1607//1607 1606//1606 1609//1609
f 1609//1609 1610//1610 1608//1608
f 1609//1609 1611//1611 1610//1610
f 1610//1610 1611//1611 1612//1612
f 1613//1613 1610//1610 1612//1612
f 1613//1613 1612//1612 1617//1617
f 1614//1614 1615//1615 1612//1612
f 1615//1615 1616//1616 1612//1612
f 1616//1616 1617//1617 1612//1612
f 1614//1614 1618//1618 1615//1615
f 1620//1620 1619//1619 1618//1618
f 1621//1621 1620//1620 1618//1618
f 1618//1618 1614//1614 1621//1621
f 1620//1620 1622//1622 1619//1619
f 1623//1623 1624//1624 1622//1622
f 1624//1624 1619//1619 1622//1622
f 1597//1597 1624//1624 1600//1600
f 1625//1625 1600//1600 1624//1624
f 1623//1623 1625//1625 1624//1624
