# joint_37 exported from /models/guards/joint_37.glb
# units: meters
v -0.099444 0.001000 -0.020045
v -0.096029 0.001000 -0.020443
v -0.097457 0.001000 -0.018441
v -0.100984 0.001000 -0.023348
v -0.098014 0.001000 -0.018041
v -0.092982 0.001000 -0.015250
v -0.093696 0.001000 -0.014249
v -0.094410 0.001000 -0.013248
v -0.089576 0.001000 -0.006208
v -0.080793 0.001000 0.005524
v -0.083840 0.001000 0.000331
v -0.082412 0.001000 -0.001672
v -0.082808 0.001000 -0.003001
v -0.089785 0.001000 -0.011971
v -0.072803 0.001000 0.017310
v -0.092172 0.001000 -0.011652
v -0.091458 0.001000 -0.012653
v -0.090339 0.001000 -0.013077
v -0.090426 0.001000 -0.014310
v -0.090034 0.001000 -0.015482
v -0.092268 0.001000 -0.016251
v -0.091554 0.001000 -0.017252
v -0.090840 0.001000 -0.018253
v -0.089223 0.001000 -0.016415
v -0.088115 0.001000 -0.016965
v -0.087889 0.001000 -0.017658
v -0.086882 0.001000 -0.017049
v -0.090126 0.001000 -0.019254
v -0.094601 0.001000 -0.022445
v -0.089413 0.001000 -0.020255
v -0.087175 0.001000 -0.018659
v -0.088699 0.001000 -0.021256
v -0.090128 0.001000 -0.021939
v -0.085589 0.001000 -0.021939
v -0.093174 0.001000 -0.024448
v -0.090128 0.001000 -0.023939
v -0.091746 0.001000 -0.026450
v -0.085399 0.001000 -0.023939
v -0.090128 0.001000 -0.028939
v -0.084575 0.001000 -0.028939
v -0.094793 0.001000 -0.031643
v -0.090128 0.001000 -0.030939
v -0.095589 0.001000 -0.034939
v -0.091938 0.001000 -0.035647
v -0.084107 0.001000 -0.030939
v -0.087802 0.001000 -0.038976
v -0.084387 0.001000 -0.040798
v -0.080161 0.001000 -0.042328
v -0.085925 0.001000 -0.039524
v -0.090510 0.001000 -0.037649
v -0.094985 0.001000 -0.040841
v -0.089570 0.001000 -0.039195
v -0.091115 0.001000 -0.040081
v -0.094271 0.001000 -0.041842
v -0.092289 0.001000 -0.041645
v -0.092755 0.001000 -0.043587
v -0.093557 0.001000 -0.042843
v -0.095795 0.001000 -0.044438
v -0.095438 0.001000 -0.044939
v -0.095081 0.001000 -0.045439
v -0.096556 0.001000 -0.045737
v -0.096378 0.001000 -0.045987
v -0.096199 0.001000 -0.046237
v -0.096917 0.001000 -0.046611
v -0.096834 0.001000 -0.046939
v -0.097222 0.001000 -0.042436
v -0.099465 0.001000 -0.036939
v -0.096913 0.001000 -0.045236
v -0.096759 0.001000 -0.046636
v -0.096580 0.001000 -0.046886
v -0.096021 0.001000 -0.046488
v -0.096402 0.001000 -0.047137
v -0.095464 0.001000 -0.049615
v -0.095486 0.001000 -0.047238
v -0.095842 0.001000 -0.046738
v -0.094724 0.001000 -0.045940
v -0.094367 0.001000 -0.046441
v -0.092489 0.001000 -0.045439
v -0.091591 0.001000 -0.047080
v -0.090053 0.001000 -0.048354
v -0.092885 0.001000 -0.051716
v -0.088175 0.001000 -0.048901
v -0.089584 0.001000 -0.052651
v -0.086408 0.001000 -0.048682
v -0.086365 0.001000 -0.052344
v -0.084862 0.001000 -0.047797
v -0.079961 0.001000 -0.045328
v -0.081095 0.001000 -0.048456
v -0.083446 0.001000 -0.050954
v -0.083689 0.001000 -0.046232
v -0.083223 0.001000 -0.044290
v -0.083489 0.001000 -0.042439
v -0.096508 0.001000 -0.043437
v -0.096413 0.001000 -0.038839
v -0.095589 0.001000 -0.036939
v -0.099917 0.001000 -0.034939
v -0.097649 0.001000 -0.027639
v -0.096221 0.001000 -0.029641
v -0.101238 0.001000 -0.026984
v -0.052791 0.001000 0.020786
v -0.084224 0.001000 -0.018065
v -0.081986 0.001000 -0.016469
v -0.086461 0.001000 -0.019660
v -0.066132 0.001000 0.003898
v -0.068369 0.001000 0.002303
v -0.066846 0.001000 0.004900
v -0.063084 0.001000 0.009092
v -0.073654 0.001000 -0.004486
v -0.080462 0.001000 -0.013872
v -0.075892 0.001000 -0.006082
v -0.074368 0.001000 -0.003485
v -0.070607 0.001000 0.000707
v -0.072844 0.001000 -0.000889
v -0.075082 0.001000 -0.002484
v -0.073558 0.001000 0.000112
v -0.073289 0.001000 0.001087
v -0.072255 0.001000 0.001666
v -0.071321 0.001000 0.001708
v -0.075796 0.001000 -0.001483
v -0.074463 0.001000 0.000930
v -0.077223 0.001000 0.000519
v -0.078362 0.001000 -0.002405
v -0.075703 0.001000 0.001259
v -0.076710 0.001000 0.002053
v -0.077289 0.001000 0.003087
v -0.077937 0.001000 0.001520
v -0.078651 0.001000 0.002521
v -0.080175 0.001000 -0.000076
v -0.080709 0.001000 -0.001779
v -0.081880 0.001000 -0.002180
v -0.079461 0.001000 -0.001077
v -0.079473 0.001000 -0.001858
v -0.079365 0.001000 0.003522
v -0.077446 0.001000 0.004262
v -0.077117 0.001000 0.005501
v -0.076323 0.001000 0.006508
v -0.077842 0.001000 0.006119
v -0.080079 0.001000 0.004523
v -0.078555 0.001000 0.007120
v -0.075604 0.001000 0.007714
v -0.075289 0.001000 0.007087
v -0.072653 0.001000 0.008309
v -0.076318 0.001000 0.008715
v -0.070289 0.001000 0.012087
v -0.070446 0.001000 0.013262
v -0.070415 0.001000 0.009905
v -0.072557 0.001000 0.012908
v -0.069710 0.001000 0.011053
v -0.068703 0.001000 0.010259
v -0.069701 0.001000 0.008904
v -0.067463 0.001000 0.009930
v -0.068987 0.001000 0.007903
v -0.066289 0.001000 0.010087
v -0.065255 0.001000 0.010666
v -0.062275 0.001000 0.012690
v -0.064461 0.001000 0.011673
v -0.064132 0.001000 0.012913
v -0.062989 0.001000 0.013691
v -0.064289 0.001000 0.014087
v -0.064868 0.001000 0.015121
v -0.063703 0.001000 0.014692
v -0.061465 0.001000 0.016287
v -0.064416 0.001000 0.015693
v -0.065875 0.001000 0.015916
v -0.065130 0.001000 0.016694
v -0.062179 0.001000 0.017289
v -0.062893 0.001000 0.018290
v -0.059941 0.001000 0.018884
v -0.060289 0.001000 0.019087
v -0.061463 0.001000 0.018930
v -0.062703 0.001000 0.019259
v -0.063607 0.001000 0.019291
v -0.063710 0.001000 0.020053
v -0.065844 0.001000 0.017695
v -0.064289 0.001000 0.021087
v -0.071033 0.001000 0.015505
v -0.064446 0.001000 0.022262
v -0.071055 0.001000 0.019762
v -0.068289 0.001000 0.016087
v -0.067114 0.001000 0.016245
v -0.069323 0.001000 0.015508
v -0.070117 0.001000 0.014501
v -0.066462 0.001000 0.023295
v -0.069218 0.001000 0.022337
v -0.067176 0.001000 0.024296
v -0.066138 0.001000 0.026656
v -0.064939 0.001000 0.025891
v -0.062701 0.001000 0.027487
v -0.065079 0.001000 0.028142
v -0.062255 0.001000 0.030804
v -0.058630 0.001000 0.032191
v -0.056798 0.001000 0.028676
v -0.052323 0.001000 0.031868
v -0.045707 0.001000 0.032056
v -0.000989 0.001000 0.033146
v -0.007129 0.001000 0.029687
v -0.003865 0.001000 0.030183
v -0.007575 0.001000 0.030196
v -0.003151 0.001000 0.029182
v -0.000989 0.001000 0.029061
v -0.008989 0.001000 0.030635
v -0.008253 0.001000 0.030530
v -0.044989 0.001000 0.030635
v -0.045350 0.001000 0.031556
v -0.046468 0.001000 0.030758
v -0.045725 0.001000 0.030530
v -0.046403 0.001000 0.030196
v -0.046848 0.001000 0.029687
v -0.047587 0.001000 0.029960
v -0.050182 0.001000 0.028865
v -0.047944 0.001000 0.030460
v -0.048349 0.001000 0.028662
v -0.047230 0.001000 0.029459
v -0.046989 0.001000 0.029135
v -0.047992 0.001000 0.028161
v -0.046848 0.001000 0.028583
v -0.047635 0.001000 0.027661
v -0.046403 0.001000 0.028074
v -0.047278 0.001000 0.027160
v -0.045725 0.001000 0.027740
v -0.046921 0.001000 0.026660
v -0.044989 0.001000 0.027635
v -0.045088 0.001000 0.026456
v -0.008989 0.001000 0.027635
v -0.008340 0.001000 0.026991
v -0.007626 0.001000 0.025990
v -0.008253 0.001000 0.027740
v -0.045841 0.001000 0.024648
v -0.000989 0.001000 0.024978
v -0.049716 0.001000 0.023438
v -0.047326 0.001000 0.024861
v -0.048040 0.001000 0.025862
v -0.048397 0.001000 0.026362
v -0.050277 0.001000 0.024266
v -0.052515 0.001000 0.022670
v -0.050991 0.001000 0.025267
v -0.051705 0.001000 0.026268
v -0.049111 0.001000 0.027363
v -0.048754 0.001000 0.026863
v -0.053229 0.001000 0.023671
v -0.053943 0.001000 0.024672
v -0.056180 0.001000 0.023077
v -0.058461 0.001000 0.020673
v -0.059255 0.001000 0.019666
v -0.058132 0.001000 0.021913
v -0.059227 0.001000 0.017883
v -0.060751 0.001000 0.015286
v -0.060037 0.001000 0.014285
v -0.058289 0.001000 0.023087
v -0.056894 0.001000 0.024078
v -0.058868 0.001000 0.024121
v -0.059875 0.001000 0.024916
v -0.058322 0.001000 0.026080
v -0.057608 0.001000 0.025079
v -0.055370 0.001000 0.026674
v -0.056084 0.001000 0.027675
v -0.054657 0.001000 0.025673
v -0.050895 0.001000 0.029866
v -0.048658 0.001000 0.031462
v -0.046825 0.001000 0.031258
v -0.059036 0.001000 0.027081
v -0.061987 0.001000 0.026486
v -0.061114 0.001000 0.025245
v -0.062289 0.001000 0.025087
v -0.063323 0.001000 0.024508
v -0.064117 0.001000 0.023501
v -0.064225 0.001000 0.024890
v -0.049468 0.001000 0.027864
v 0.000011 0.001000 0.024970
v 0.001942 0.001000 0.026773
v -0.004674 0.001000 0.026585
v -0.001009 0.001000 0.026179
v 0.001229 0.001000 0.027774
v 0.001011 0.001000 0.029061
v -0.002437 0.001000 0.028181
v 0.003466 0.001000 0.029370
v 0.005704 0.001000 0.030966
v 0.001011 0.001000 0.033146
v 0.007941 0.001000 0.032561
v 0.058653 0.001000 0.032191
v 0.057828 0.001000 0.028874
v 0.062277 0.001000 0.030804
v 0.056400 0.001000 0.030876
v 0.049783 0.001000 0.030688
v 0.045011 0.001000 0.030635
v 0.045747 0.001000 0.030530
v 0.008655 0.001000 0.031560
v 0.009011 0.001000 0.030635
v 0.008275 0.001000 0.030530
v 0.007597 0.001000 0.030196
v 0.007536 0.001000 0.030763
v 0.006418 0.001000 0.029965
v 0.004180 0.001000 0.028369
v 0.007152 0.001000 0.029687
v 0.006013 0.001000 0.028166
v 0.007011 0.001000 0.029135
v 0.007152 0.001000 0.028583
v 0.006370 0.001000 0.027665
v 0.004894 0.001000 0.027368
v 0.002656 0.001000 0.025772
v 0.005251 0.001000 0.026867
v 0.005608 0.001000 0.026367
v 0.006727 0.001000 0.027165
v 0.001011 0.001000 0.024978
v 0.009011 0.001000 0.027635
v 0.043784 0.001000 0.024900
v 0.045863 0.001000 0.024648
v 0.046022 0.001000 0.026496
v 0.043071 0.001000 0.025901
v 0.045011 0.001000 0.027635
v 0.045665 0.001000 0.026996
v 0.045747 0.001000 0.027740
v 0.046425 0.001000 0.028074
v 0.046784 0.001000 0.027794
v 0.047141 0.001000 0.027293
v 0.046871 0.001000 0.028583
v 0.047903 0.001000 0.028592
v 0.048260 0.001000 0.028091
v 0.047546 0.001000 0.029092
v 0.050497 0.001000 0.029687
v 0.051211 0.001000 0.028686
v 0.048973 0.001000 0.027090
v 0.051925 0.001000 0.027685
v 0.049687 0.001000 0.026089
v 0.053353 0.001000 0.025683
v 0.054780 0.001000 0.023681
v 0.057018 0.001000 0.025276
v 0.049739 0.001000 0.023438
v 0.052814 0.001000 0.020786
v 0.047450 0.001000 0.024494
v 0.060492 0.001000 0.015673
v 0.066203 0.001000 0.007664
v 0.085611 0.001000 -0.021939
v 0.055494 0.001000 0.022680
v 0.058154 0.001000 0.021913
v 0.058483 0.001000 0.020673
v 0.059277 0.001000 0.019666
v 0.061919 0.001000 0.013670
v 0.059778 0.001000 0.016674
v 0.067630 0.001000 0.005662
v 0.072628 0.001000 -0.001345
v 0.068344 0.001000 0.004661
v 0.074769 0.001000 -0.004348
v 0.073342 0.001000 -0.002346
v 0.075579 0.001000 -0.000750
v 0.077817 0.001000 0.000845
v 0.077007 0.001000 -0.002753
v 0.074865 0.001000 0.000251
v 0.077103 0.001000 0.001846
v 0.074486 0.001000 0.000930
v 0.075725 0.001000 0.001259
v 0.076732 0.001000 0.002053
v 0.077311 0.001000 0.003087
v 0.079340 0.001000 0.003442
v 0.077469 0.001000 0.004262
v 0.077140 0.001000 0.005501
v 0.076345 0.001000 0.006508
v 0.075311 0.001000 0.007087
v 0.072826 0.001000 0.017310
v 0.071077 0.001000 0.019762
v 0.069345 0.001000 0.015508
v 0.070140 0.001000 0.014501
v 0.070469 0.001000 0.013262
v 0.070678 0.001000 0.010856
v 0.068311 0.001000 0.016087
v 0.072106 0.001000 0.008854
v 0.089598 0.001000 -0.006208
v 0.080054 0.001000 0.002441
v 0.089807 0.001000 -0.011971
v 0.092190 0.001000 -0.014577
v 0.098036 0.001000 -0.018041
v 0.082830 0.001000 -0.003001
v 0.081902 0.001000 -0.002180
v 0.080731 0.001000 -0.001779
v 0.079495 0.001000 -0.001858
v 0.079244 0.001000 -0.001157
v 0.078384 0.001000 -0.002405
v 0.077569 0.001000 -0.003338
v 0.077174 0.001000 -0.004511
v 0.077261 0.001000 -0.005747
v 0.077815 0.001000 -0.006854
v 0.085478 0.001000 -0.019364
v 0.084803 0.001000 -0.015839
v 0.085733 0.001000 -0.016653
v 0.086904 0.001000 -0.017049
v 0.087715 0.001000 -0.017768
v 0.088138 0.001000 -0.016965
v 0.089245 0.001000 -0.016415
v 0.089953 0.001000 -0.016172
v 0.090056 0.001000 -0.015482
v 0.090448 0.001000 -0.014310
v 0.090361 0.001000 -0.013077
v 0.090667 0.001000 -0.017173
v 0.090150 0.001000 -0.021939
v 0.092904 0.001000 -0.015578
v 0.088429 0.001000 -0.018769
v 0.090150 0.001000 -0.023939
v 0.084597 0.001000 -0.028939
v 0.085422 0.001000 -0.023939
v 0.090475 0.001000 -0.026371
v 0.094950 0.001000 -0.023180
v 0.096378 0.001000 -0.025182
v 0.099466 0.001000 -0.020045
v 0.101006 0.001000 -0.023348
v 0.101260 0.001000 -0.026984
v 0.094758 0.001000 -0.032377
v 0.093331 0.001000 -0.030375
v 0.095611 0.001000 -0.034939
v 0.099939 0.001000 -0.034939
v 0.091711 0.001000 -0.037571
v 0.095611 0.001000 -0.036939
v 0.092137 0.001000 -0.040081
v 0.093311 0.001000 -0.041645
v 0.099487 0.001000 -0.036939
v 0.093777 0.001000 -0.043588
v 0.097065 0.001000 -0.045078
v 0.096939 0.001000 -0.046611
v 0.096708 0.001000 -0.044578
v 0.095590 0.001000 -0.045376
v 0.093511 0.001000 -0.045439
v 0.092613 0.001000 -0.047080
v 0.094471 0.001000 -0.046174
v 0.092947 0.001000 -0.048770
v 0.094828 0.001000 -0.046674
v 0.095185 0.001000 -0.047175
v 0.095947 0.001000 -0.045876
v 0.096304 0.001000 -0.046377
v 0.096482 0.001000 -0.046627
v 0.095542 0.001000 -0.047675
v 0.096660 0.001000 -0.046877
v 0.096857 0.001000 -0.046939
v 0.095899 0.001000 -0.048176
v 0.095486 0.001000 -0.049615
v 0.093661 0.001000 -0.049771
v 0.092907 0.001000 -0.051716
v 0.089606 0.001000 -0.052651
v 0.091075 0.001000 -0.048354
v 0.086388 0.001000 -0.052344
v 0.089197 0.001000 -0.048901
v 0.087430 0.001000 -0.048682
v 0.083469 0.001000 -0.050954
v 0.081117 0.001000 -0.048456
v 0.085884 0.001000 -0.047797
v 0.084711 0.001000 -0.046232
v 0.084245 0.001000 -0.044290
v 0.079984 0.001000 -0.045328
v 0.084511 0.001000 -0.042439
v 0.085409 0.001000 -0.040798
v 0.080183 0.001000 -0.042328
v 0.084381 0.001000 -0.036758
v 0.084130 0.001000 -0.030939
v 0.085808 0.001000 -0.038760
v 0.090283 0.001000 -0.035569
v 0.086947 0.001000 -0.039524
v 0.088825 0.001000 -0.038976
v 0.090592 0.001000 -0.039195
v 0.088856 0.001000 -0.033567
v 0.090150 0.001000 -0.030939
v 0.090150 0.001000 -0.028939
v 0.091903 0.001000 -0.028373
v 0.069868 0.001000 0.007258
v 0.072819 0.001000 0.007852
v 0.074137 0.001000 0.007245
v 0.072897 0.001000 0.006916
v 0.071890 0.001000 0.006121
v 0.070582 0.001000 0.006257
v 0.071311 0.001000 0.005087
v 0.071154 0.001000 0.003913
v 0.071483 0.001000 0.002673
v 0.072277 0.001000 0.001666
v 0.073311 0.001000 0.001087
v 0.068440 0.001000 0.009260
v 0.067486 0.001000 0.009930
v 0.068725 0.001000 0.010259
v 0.069732 0.001000 0.011053
v 0.070311 0.001000 0.012087
v 0.066311 0.001000 0.010087
v 0.065277 0.001000 0.010666
v 0.064483 0.001000 0.011673
v 0.064154 0.001000 0.012913
v 0.064311 0.001000 0.014087
v 0.064890 0.001000 0.015121
v 0.064157 0.001000 0.015266
v 0.062729 0.001000 0.017268
v 0.066394 0.001000 0.016862
v 0.065897 0.001000 0.015916
v 0.067137 0.001000 0.016245
v 0.064967 0.001000 0.018864
v 0.067204 0.001000 0.020460
v 0.066490 0.001000 0.021461
v 0.069241 0.001000 0.022337
v 0.066161 0.001000 0.026656
v 0.064469 0.001000 0.022262
v 0.064311 0.001000 0.021087
v 0.064140 0.001000 0.023501
v 0.063345 0.001000 0.024508
v 0.062311 0.001000 0.025087
v 0.065101 0.001000 0.028142
v 0.061137 0.001000 0.025245
v 0.062207 0.001000 0.027467
v 0.059969 0.001000 0.025871
v 0.059897 0.001000 0.024915
v 0.057732 0.001000 0.024275
v 0.058890 0.001000 0.024121
v 0.058311 0.001000 0.023087
v 0.059255 0.001000 0.026872
v 0.061493 0.001000 0.028468
v 0.063732 0.001000 0.020053
v 0.064253 0.001000 0.019865
v 0.062015 0.001000 0.018269
v 0.062725 0.001000 0.019259
v 0.061486 0.001000 0.018930
v 0.060311 0.001000 0.019087
v 0.047011 0.001000 0.029135
v 0.046871 0.001000 0.029687
v 0.046425 0.001000 0.030196
v 0.008275 0.001000 0.027740
v 0.007597 0.001000 0.028074
v -0.005388 0.001000 0.027586
v -0.006102 0.001000 0.028587
v -0.007221 0.001000 0.027789
v -0.007575 0.001000 0.028074
v -0.007129 0.001000 0.028583
v -0.006989 0.001000 0.029135
v -0.073271 0.001000 0.013909
v -0.070511 0.001000 0.005306
v -0.068273 0.001000 0.006902
v -0.071939 0.001000 0.007308
v -0.071868 0.001000 0.006121
v -0.071289 0.001000 0.005087
v -0.072875 0.001000 0.006916
v -0.074114 0.001000 0.007245
v -0.071131 0.001000 0.003913
v -0.071461 0.001000 0.002673
v -0.069797 0.001000 0.004305
v -0.069083 0.001000 0.003304
v -0.067560 0.001000 0.005901
v -0.077547 0.001000 -0.003338
v -0.077152 0.001000 -0.004511
v -0.077239 0.001000 -0.005747
v -0.076605 0.001000 -0.005081
v -0.077793 0.001000 -0.006854
v -0.081176 0.001000 -0.012871
v -0.083414 0.001000 -0.014467
v -0.084781 0.001000 -0.015839
v -0.085711 0.001000 -0.016653
v -0.082700 0.001000 -0.015468
v -0.084937 0.001000 -0.017064
v 0.077174 -0.001000 -0.004511
v 0.077174 0.001000 -0.004511
v 0.077261 -0.001000 -0.005747
v 0.077569 -0.001000 -0.003338
v 0.078384 -0.001000 -0.002405
v 0.077569 0.001000 -0.003338
v 0.078384 0.001000 -0.002405
v 0.079495 0.001000 -0.001858
v 0.080731 0.001000 -0.001779
v 0.079495 -0.001000 -0.001858
v 0.080731 -0.001000 -0.001779
v 0.081902 -0.001000 -0.002180
v 0.081902 0.001000 -0.002180
v 0.082830 -0.001000 -0.003001
v 0.082830 0.000000 -0.003001
v 0.082830 0.001000 -0.003001
v 0.077261 0.001000 -0.005747
v 0.077815 -0.001000 -0.006854
v 0.077815 0.001000 -0.006854
v 0.077815 0.001000 -0.006854
v 0.077815 -0.001000 -0.006854
v 0.084803 0.000000 -0.015839
v 0.084803 0.001000 -0.015839
v 0.084803 -0.001000 -0.015839
v 0.084803 0.001000 -0.015839
v 0.084803 0.000000 -0.015839
v 0.085733 0.001000 -0.016653
v 0.086904 0.001000 -0.017049
v 0.085733 -0.001000 -0.016653
v 0.084803 -0.001000 -0.015839
v 0.086904 -0.001000 -0.017049
v 0.088138 -0.001000 -0.016965
v 0.088138 0.001000 -0.016965
v 0.089245 -0.001000 -0.016415
v 0.090056 -0.001000 -0.015482
v 0.089245 0.001000 -0.016415
v 0.090056 0.001000 -0.015482
v 0.090448 0.001000 -0.014310
v 0.090448 -0.001000 -0.014310
v 0.090361 0.001000 -0.013077
v 0.089807 0.000000 -0.011971
v 0.089807 0.001000 -0.011971
v 0.090361 -0.001000 -0.013077
v 0.089807 -0.001000 -0.011971
v 0.089807 0.001000 -0.011971
v 0.089807 0.000000 -0.011971
v 0.082830 0.001000 -0.003001
v 0.082830 0.000000 -0.003001
v 0.082830 -0.001000 -0.003001
v 0.089807 -0.001000 -0.011971
v 0.071311 -0.001000 0.005087
v 0.071311 0.001000 0.005087
v 0.071154 -0.001000 0.003913
v 0.071154 0.001000 0.003913
v 0.071483 -0.001000 0.002673
v 0.072277 -0.001000 0.001666
v 0.071483 0.001000 0.002673
v 0.072277 0.001000 0.001666
v 0.073311 0.001000 0.001087
v 0.073311 -0.001000 0.001087
v 0.074486 0.001000 0.000930
v 0.074486 -0.001000 0.000930
v 0.075725 0.001000 0.001259
v 0.076732 0.001000 0.002053
v 0.075725 -0.001000 0.001259
v 0.076732 -0.001000 0.002053
v 0.077311 -0.001000 0.003087
v 0.077311 0.001000 0.003087
v 0.077469 -0.001000 0.004262
v 0.077469 0.001000 0.004262
v 0.077140 -0.001000 0.005501
v 0.077140 0.001000 0.005501
v 0.076345 -0.001000 0.006508
v 0.076345 0.001000 0.006508
v 0.075311 -0.001000 0.007087
v 0.075311 0.001000 0.007087
v 0.074137 -0.001000 0.007245
v 0.072897 -0.001000 0.006916
v 0.074137 0.001000 0.007245
v 0.072897 0.001000 0.006916
v 0.071890 0.001000 0.006121
v 0.071311 0.001000 0.005087
v 0.071890 -0.001000 0.006121
v 0.071311 -0.001000 0.005087
v 0.064311 -0.001000 0.014087
v 0.064311 0.001000 0.014087
v 0.064154 -0.001000 0.012913
v 0.064154 0.001000 0.012913
v 0.064483 -0.001000 0.011673
v 0.065277 -0.001000 0.010666
v 0.064483 0.001000 0.011673
v 0.065277 0.001000 0.010666
v 0.066311 0.001000 0.010087
v 0.066311 -0.001000 0.010087
v 0.067486 0.001000 0.009930
v 0.067486 -0.001000 0.009930
v 0.068725 0.001000 0.010259
v 0.069732 0.001000 0.011053
v 0.068725 -0.001000 0.010259
v 0.069732 -0.001000 0.011053
v 0.070311 -0.001000 0.012087
v 0.070311 0.001000 0.012087
v 0.070469 -0.001000 0.013262
v 0.070469 0.001000 0.013262
v 0.070140 -0.001000 0.014501
v 0.070140 0.001000 0.014501
v 0.069345 -0.001000 0.015508
v 0.069345 0.001000 0.015508
v 0.068311 -0.001000 0.016087
v 0.068311 0.001000 0.016087
v 0.067137 -0.001000 0.016245
v 0.065897 -0.001000 0.015916
v 0.067137 0.001000 0.016245
v 0.065897 0.001000 0.015916
v 0.064890 0.001000 0.015121
v 0.064890 -0.001000 0.015121
v 0.064311 0.001000 0.014087
v 0.064311 -0.001000 0.014087
v 0.058311 -0.001000 0.023087
v 0.058311 0.001000 0.023087
v 0.058154 -0.001000 0.021913
v 0.058154 0.001000 0.021913
v 0.058483 -0.001000 0.020673
v 0.059277 -0.001000 0.019666
v 0.058483 0.001000 0.020673
v 0.059277 0.001000 0.019666
v 0.060311 0.001000 0.019087
v 0.060311 -0.001000 0.019087
v 0.061486 0.001000 0.018930
v 0.061486 -0.001000 0.018930
v 0.062725 0.001000 0.019259
v 0.063732 0.001000 0.020053
v 0.062725 -0.001000 0.019259
v 0.063732 -0.001000 0.020053
v 0.064311 -0.001000 0.021087
v 0.064311 0.001000 0.021087
v 0.064469 -0.001000 0.022262
v 0.064469 0.001000 0.022262
v 0.064140 -0.001000 0.023501
v 0.064140 0.001000 0.023501
v 0.063345 -0.001000 0.024508
v 0.062311 -0.001000 0.025087
v 0.063345 0.001000 0.024508
v 0.062311 0.001000 0.025087
v 0.061137 0.001000 0.025245
v 0.059897 0.001000 0.024915
v 0.061137 -0.001000 0.025245
v 0.059897 -0.001000 0.024915
v 0.058890 -0.001000 0.024121
v 0.058890 0.001000 0.024121
v 0.058311 -0.001000 0.023087
v 0.058311 0.001000 0.023087
v -0.058289 -0.001000 0.023087
v -0.058289 0.001000 0.023087
v -0.058868 -0.001000 0.024121
v -0.058868 0.001000 0.024121
v -0.059875 -0.001000 0.024916
v -0.061114 -0.001000 0.025245
v -0.059875 0.001000 0.024916
v -0.061114 0.001000 0.025245
v -0.062289 0.001000 0.025087
v -0.062289 -0.001000 0.025087
v -0.063323 0.001000 0.024508
v -0.063323 -0.001000 0.024508
v -0.064117 0.001000 0.023501
v -0.064446 0.001000 0.022262
v -0.064117 -0.001000 0.023501
v -0.064446 -0.001000 0.022262
v -0.064289 -0.001000 0.021087
v -0.064289 0.001000 0.021087
v -0.063710 -0.001000 0.020053
v -0.062703 -0.001000 0.019259
v -0.063710 0.001000 0.020053
v -0.062703 0.001000 0.019259
v -0.061463 0.001000 0.018930
v -0.060289 0.001000 0.019087
v -0.061463 -0.001000 0.018930
v -0.060289 -0.001000 0.019087
v -0.059255 -0.001000 0.019666
v -0.059255 0.001000 0.019666
v -0.058461 -0.001000 0.020673
v -0.058461 0.001000 0.020673
v -0.058132 -0.001000 0.021913
v -0.058132 0.001000 0.021913
v -0.058289 -0.001000 0.023087
v -0.058289 0.001000 0.023087
v -0.064289 -0.001000 0.014087
v -0.064289 0.001000 0.014087
v -0.064868 -0.001000 0.015121
v -0.064868 0.001000 0.015121
v -0.065875 -0.001000 0.015916
v -0.067114 -0.001000 0.016245
v -0.065875 0.001000 0.015916
v -0.067114 0.001000 0.016245
v -0.068289 0.001000 0.016087
v -0.068289 -0.001000 0.016087
v -0.069323 0.001000 0.015508
v -0.069323 -0.001000 0.015508
v -0.070117 0.001000 0.014501
v -0.070446 0.001000 0.013262
v -0.070117 -0.001000 0.014501
v -0.070446 -0.001000 0.013262
v -0.070289 -0.001000 0.012087
v -0.070289 0.001000 0.012087
v -0.069710 -0.001000 0.011053
v -0.069710 0.001000 0.011053
v -0.068703 -0.001000 0.010259
v -0.068703 0.001000 0.010259
v -0.067463 -0.001000 0.009930
v -0.067463 0.001000 0.009930
v -0.066289 -0.001000 0.010087
v -0.066289 0.001000 0.010087
v -0.065255 -0.001000 0.010666
v -0.064461 -0.001000 0.011673
v -0.065255 0.001000 0.010666
v -0.064461 0.001000 0.011673
v -0.064132 0.001000 0.012913
v -0.064289 0.001000 0.014087
v -0.064132 -0.001000 0.012913
v -0.064289 -0.001000 0.014087
v -0.071289 -0.001000 0.005087
v -0.071289 0.001000 0.005087
v -0.071868 -0.001000 0.006121
v -0.071868 0.001000 0.006121
v -0.072875 -0.001000 0.006916
v -0.074114 -0.001000 0.007245
v -0.072875 0.001000 0.006916
v -0.074114 0.001000 0.007245
v -0.075289 0.001000 0.007087
v -0.075289 -0.001000 0.007087
v -0.076323 0.001000 0.006508
v -0.076323 -0.001000 0.006508
v -0.077117 0.001000 0.005501
v -0.077446 0.001000 0.004262
v -0.077117 -0.001000 0.005501
v -0.077446 -0.001000 0.004262
v -0.077289 -0.001000 0.003087
v -0.077289 0.001000 0.003087
v -0.076710 -0.001000 0.002053
v -0.076710 0.001000 0.002053
v -0.075703 -0.001000 0.001259
v -0.075703 0.001000 0.001259
v -0.074463 -0.001000 0.000930
v -0.074463 0.001000 0.000930
v -0.073289 -0.001000 0.001087
v -0.073289 0.001000 0.001087
v -0.072255 -0.001000 0.001666
v -0.071461 -0.001000 0.002673
v -0.072255 0.001000 0.001666
v -0.071461 0.001000 0.002673
v -0.071131 0.001000 0.003913
v -0.071131 -0.001000 0.003913
v -0.071289 0.001000 0.005087
v -0.071289 -0.001000 0.005087
v -0.082808 0.001000 -0.003001
v -0.082808 -0.001000 -0.003001
v -0.089785 0.001000 -0.011971
v -0.089785 0.000000 -0.011971
v -0.089785 -0.001000 -0.011971
v -0.089785 0.001000 -0.011971
v -0.089785 0.000000 -0.011971
v -0.090339 0.001000 -0.013077
v -0.090426 0.001000 -0.014310
v -0.090339 -0.001000 -0.013077
v -0.090426 -0.001000 -0.014310
v -0.089785 -0.001000 -0.011971
v -0.090034 -0.001000 -0.015482
v -0.089223 -0.001000 -0.016415
v -0.090034 0.001000 -0.015482
v -0.089223 0.001000 -0.016415
v -0.088115 0.001000 -0.016965
v -0.086882 0.001000 -0.017049
v -0.088115 -0.001000 -0.016965
v -0.086882 -0.001000 -0.017049
v -0.085711 -0.001000 -0.016653
v -0.084781 -0.001000 -0.015839
v -0.085711 0.001000 -0.016653
v -0.084781 0.000000 -0.015839
v -0.084781 0.001000 -0.015839
v -0.077793 0.001000 -0.006854
v -0.077793 0.000000 -0.006854
v -0.084781 0.001000 -0.015839
v -0.084781 0.000000 -0.015839
v -0.084781 -0.001000 -0.015839
v -0.077793 -0.001000 -0.006854
v -0.077793 0.001000 -0.006854
v -0.077793 0.000000 -0.006854
v -0.077239 0.001000 -0.005747
v -0.077239 -0.001000 -0.005747
v -0.077152 0.001000 -0.004511
v -0.077547 0.001000 -0.003338
v -0.077152 -0.001000 -0.004511
v -0.077547 -0.001000 -0.003338
v -0.078362 -0.001000 -0.002405
v -0.079473 -0.001000 -0.001858
v -0.078362 0.001000 -0.002405
v -0.079473 0.001000 -0.001858
v -0.080709 0.001000 -0.001779
v -0.081880 0.001000 -0.002180
v -0.080709 -0.001000 -0.001779
v -0.081880 -0.001000 -0.002180
v -0.082808 -0.001000 -0.003001
v -0.082808 0.001000 -0.003001
v -0.077793 -0.001000 -0.006854
v -0.089570 -0.001000 -0.039195
v -0.089570 0.001000 -0.039195
v -0.091194 -0.001000 -0.040151
v -0.091194 0.001000 -0.040151
v -0.092326 -0.001000 -0.041727
v -0.092326 0.001000 -0.041727
v -0.092756 -0.001000 -0.043631
v -0.092756 0.001000 -0.043631
v -0.092489 -0.001000 -0.045439
v -0.092489 0.001000 -0.045439
v -0.091579 -0.001000 -0.047094
v -0.091579 0.001000 -0.047094
v -0.090042 -0.001000 -0.048359
v -0.090042 0.001000 -0.048359
v -0.088169 -0.001000 -0.048902
v -0.088169 0.001000 -0.048902
v -0.086408 -0.001000 -0.048682
v -0.086408 0.001000 -0.048682
v -0.084783 -0.001000 -0.047726
v -0.084783 0.001000 -0.047726
v -0.083652 -0.001000 -0.046151
v -0.083652 0.001000 -0.046151
v -0.083221 -0.001000 -0.044246
v -0.083221 0.001000 -0.044246
v -0.083489 -0.001000 -0.042439
v -0.083489 0.001000 -0.042439
v -0.084399 -0.001000 -0.040783
v -0.084399 0.001000 -0.040783
v -0.085935 -0.001000 -0.039519
v -0.085935 0.001000 -0.039519
v -0.087808 -0.001000 -0.038976
v -0.087808 0.001000 -0.038976
v -0.089570 -0.001000 -0.039195
v -0.089570 0.001000 -0.039195
v 0.090592 -0.001000 -0.039195
v 0.090592 0.001000 -0.039195
v 0.088719 -0.001000 -0.038985
v 0.088719 0.001000 -0.038985
v 0.086868 -0.001000 -0.039567
v 0.086868 0.001000 -0.039567
v 0.085381 -0.001000 -0.040832
v 0.085381 0.001000 -0.040832
v 0.084511 -0.001000 -0.042439
v 0.084511 0.001000 -0.042439
v 0.084246 -0.001000 -0.044309
v 0.084246 0.001000 -0.044309
v 0.084716 -0.001000 -0.046243
v 0.084716 0.001000 -0.046243
v 0.085889 -0.001000 -0.047801
v 0.085889 0.001000 -0.047801
v 0.087430 -0.001000 -0.048682
v 0.087430 0.001000 -0.048682
v 0.089303 -0.001000 -0.048892
v 0.089303 0.001000 -0.048892
v 0.091153 -0.001000 -0.048311
v 0.091153 0.001000 -0.048311
v 0.092640 -0.001000 -0.047046
v 0.092640 0.001000 -0.047046
v 0.093511 -0.001000 -0.045439
v 0.093511 0.001000 -0.045439
v 0.093776 -0.001000 -0.043569
v 0.093776 0.001000 -0.043569
v 0.093306 -0.001000 -0.041635
v 0.093306 0.001000 -0.041635
v 0.092133 -0.001000 -0.040077
v 0.092133 0.001000 -0.040077
v 0.090592 -0.001000 -0.039195
v 0.090592 0.001000 -0.039195
v -0.044989 -0.001000 0.027635
v -0.044989 0.001000 0.027635
v -0.008989 -0.001000 0.027635
v -0.008989 0.001000 0.027635
v -0.008989 -0.001000 0.027635
v -0.008310 -0.001000 0.027724
v -0.008989 0.001000 0.027635
v -0.008310 0.001000 0.027724
v -0.007676 0.001000 0.028004
v -0.007676 -0.001000 0.028004
v -0.007185 0.001000 0.028487
v -0.007185 -0.001000 0.028487
v -0.006989 0.001000 0.029135
v -0.007186 0.001000 0.029784
v -0.006989 -0.001000 0.029135
v -0.007186 -0.001000 0.029784
v -0.007676 -0.001000 0.030267
v -0.007676 0.001000 0.030267
v -0.008315 -0.001000 0.030547
v -0.008315 0.001000 0.030547
v -0.008989 -0.001000 0.030635
v -0.008989 0.001000 0.030635
v -0.008989 -0.001000 0.030635
v -0.008989 0.001000 0.030635
v -0.044989 -0.001000 0.030635
v -0.044989 0.001000 0.030635
v -0.044989 -0.001000 0.030635
v -0.045668 -0.001000 0.030546
v -0.044989 0.001000 0.030635
v -0.045668 0.001000 0.030546
v -0.046302 0.001000 0.030266
v -0.046302 -0.001000 0.030266
v -0.046793 0.001000 0.029783
v -0.046793 -0.001000 0.029783
v -0.046989 0.001000 0.029135
v -0.046989 -0.001000 0.029135
v -0.046792 0.001000 0.028486
v -0.046301 0.001000 0.028003
v -0.046792 -0.001000 0.028486
v -0.046301 -0.001000 0.028003
v -0.045663 -0.001000 0.027723
v -0.045663 0.001000 0.027723
v -0.044989 -0.001000 0.027635
v -0.044989 0.001000 0.027635
v 0.045011 -0.001000 0.027635
v 0.045690 -0.001000 0.027724
v 0.045011 0.001000 0.027635
v 0.045690 0.001000 0.027724
v 0.046324 0.001000 0.028004
v 0.046324 -0.001000 0.028004
v 0.046815 0.001000 0.028487
v 0.046815 -0.001000 0.028487
v 0.047011 0.001000 0.029135
v 0.046814 0.001000 0.029784
v 0.047011 -0.001000 0.029135
v 0.046814 -0.001000 0.029784
v 0.046324 -0.001000 0.030267
v 0.046324 0.001000 0.030267
v 0.045685 -0.001000 0.030547
v 0.045685 0.001000 0.030547
v 0.045011 -0.001000 0.030635
v 0.045011 0.001000 0.030635
v 0.045011 -0.001000 0.030635
v 0.045011 0.001000 0.030635
v 0.009011 -0.001000 0.030635
v 0.009011 0.001000 0.030635
v 0.009011 -0.001000 0.030635
v 0.008332 -0.001000 0.030546
v 0.009011 0.001000 0.030635
v 0.008332 0.001000 0.030546
v 0.007698 0.001000 0.030266
v 0.007698 -0.001000 0.030266
v 0.007207 0.001000 0.029783
v 0.007207 -0.001000 0.029783
v 0.007011 0.001000 0.029135
v 0.007011 -0.001000 0.029135
v 0.007208 0.001000 0.028486
v 0.007698 0.001000 0.028003
v 0.007208 -0.001000 0.028486
v 0.007698 -0.001000 0.028003
v 0.008337 -0.001000 0.027723
v 0.008337 0.001000 0.027723
v 0.009011 -0.001000 0.027635
v 0.009011 0.001000 0.027635
v 0.009011 -0.001000 0.027635
v 0.009011 0.001000 0.027635
v 0.045011 -0.001000 0.027635
v 0.045011 0.001000 0.027635
v 0.085611 0.001000 -0.021939
v 0.085611 -0.001000 -0.021939
v 0.052814 0.001000 0.020786
v 0.052814 -0.001000 0.020786
v -0.085589 0.001000 -0.021939
v -0.085589 -0.001000 -0.021939
v -0.052791 0.001000 0.020786
v -0.052791 -0.001000 0.020786
v 0.096939 -0.001000 -0.046611
v 0.095178 -0.001000 -0.049978
v 0.096939 0.001000 -0.046611
v 0.095178 0.001000 -0.049978
v 0.091952 0.001000 -0.052136
v 0.088105 0.001000 -0.052650
v 0.091952 -0.001000 -0.052136
v 0.088105 -0.001000 -0.052650
v 0.084556 -0.001000 -0.051622
v 0.084556 0.001000 -0.051622
v 0.081528 -0.001000 -0.049059
v 0.081528 0.001000 -0.049059
v 0.079997 -0.001000 -0.045423
v 0.079997 0.001000 -0.045423
v 0.080322 -0.001000 -0.041913
v 0.080322 0.001000 -0.041913
v 0.081729 -0.001000 -0.038383
v 0.081729 0.001000 -0.038383
v 0.083022 -0.001000 -0.034766
v 0.083022 0.001000 -0.034766
v 0.084130 -0.001000 -0.030939
v 0.084130 0.001000 -0.030939
v 0.084130 -0.001000 -0.030939
v 0.084130 0.001000 -0.030939
v 0.090150 -0.001000 -0.030939
v 0.090150 0.001000 -0.030939
v 0.090150 -0.001000 -0.030939
v 0.090150 0.001000 -0.030939
v 0.090150 -0.001000 -0.028939
v 0.090150 0.001000 -0.028939
v 0.090150 -0.001000 -0.028939
v 0.090150 0.001000 -0.028939
v 0.084597 -0.001000 -0.028939
v 0.084597 0.001000 -0.028939
v 0.084597 -0.001000 -0.028939
v 0.084597 0.001000 -0.028939
v 0.085422 -0.001000 -0.023939
v 0.085422 0.001000 -0.023939
v 0.085422 -0.001000 -0.023939
v 0.085422 0.001000 -0.023939
v 0.090150 -0.001000 -0.023939
v 0.090150 0.001000 -0.023939
v 0.090150 -0.001000 -0.023939
v 0.090150 0.001000 -0.023939
v 0.090150 -0.001000 -0.021939
v 0.090150 0.001000 -0.021939
v 0.090150 -0.001000 -0.021939
v 0.090150 0.001000 -0.021939
v 0.085611 -0.001000 -0.021939
v 0.085611 0.001000 -0.021939
v -0.085589 -0.001000 -0.021939
v -0.085589 0.001000 -0.021939
v -0.090128 -0.001000 -0.021939
v -0.090128 0.001000 -0.021939
v -0.090128 -0.001000 -0.021939
v -0.090128 0.001000 -0.021939
v -0.090128 -0.001000 -0.023939
v -0.090128 0.001000 -0.023939
v -0.090128 -0.001000 -0.023939
v -0.090128 0.001000 -0.023939
v -0.085399 -0.001000 -0.023939
v -0.085399 0.001000 -0.023939
v -0.085399 -0.001000 -0.023939
v -0.085399 0.001000 -0.023939
v -0.084575 -0.001000 -0.028939
v -0.084575 0.001000 -0.028939
v -0.084575 -0.001000 -0.028939
v -0.084575 0.001000 -0.028939
v -0.090128 -0.001000 -0.028939
v -0.090128 0.001000 -0.028939
v -0.090128 -0.001000 -0.028939
v -0.090128 0.001000 -0.028939
v -0.090128 -0.001000 -0.030939
v -0.090128 0.001000 -0.030939
v -0.090128 -0.001000 -0.030939
v -0.090128 0.001000 -0.030939
v -0.084107 -0.001000 -0.030939
v -0.084107 0.001000 -0.030939
v -0.084107 -0.001000 -0.030939
v -0.083015 -0.001000 -0.034718
v -0.084107 0.001000 -0.030939
v -0.083015 0.001000 -0.034718
v -0.081729 0.001000 -0.038324
v -0.081729 -0.001000 -0.038324
v -0.080282 0.001000 -0.041960
v -0.080010 0.001000 -0.045638
v -0.080282 -0.001000 -0.041960
v -0.080010 -0.001000 -0.045638
v -0.081599 -0.001000 -0.049181
v -0.081599 0.001000 -0.049181
v -0.084599 -0.001000 -0.051656
v -0.084599 0.001000 -0.051656
v -0.088153 -0.001000 -0.052656
v -0.088153 0.001000 -0.052656
v -0.092068 -0.001000 -0.052084
v -0.092068 0.001000 -0.052084
v -0.095305 -0.001000 -0.049808
v -0.095305 0.001000 -0.049808
v -0.096917 -0.001000 -0.046611
v -0.096917 0.001000 -0.046611
v -0.058630 -0.001000 0.032191
v -0.053785 0.000000 0.032814
v -0.053785 -0.001000 0.032814
v -0.058630 0.001000 0.032191
v -0.053785 0.001000 0.032814
v -0.047618 0.001000 0.033178
v -0.047618 0.000000 0.033178
v -0.036461 0.001000 0.033348
v -0.036461 -0.001000 0.033348
v -0.025280 0.001000 0.033324
v -0.025280 -0.001000 0.033324
v -0.013739 0.000000 0.033245
v -0.013739 0.001000 0.033245
v -0.007650 0.001000 0.033198
v -0.000989 0.001000 0.033146
v -0.007650 0.000000 0.033198
v -0.000989 -0.001000 0.033146
v -0.007650 -0.001000 0.033198
v -0.013739 -0.001000 0.033245
v -0.047618 -0.001000 0.033178
v -0.000989 -0.001000 0.033146
v -0.000989 0.001000 0.033146
v -0.000989 -0.001000 0.029061
v -0.000989 0.001000 0.029061
v -0.000989 -0.001000 0.029061
v -0.000989 0.001000 0.029061
v 0.001011 -0.001000 0.029061
v 0.001011 0.001000 0.029061
v 0.001011 -0.001000 0.029061
v 0.001011 0.001000 0.029061
v 0.001011 -0.001000 0.033146
v 0.001011 0.001000 0.033146
v 0.099487 -0.001000 -0.036939
v 0.095685 0.000003 -0.036939
v 0.095710 -0.001000 -0.036939
v 0.099487 0.001000 -0.036939
v 0.095611 0.001000 -0.036939
v 0.099939 -0.001000 -0.034939
v 0.095710 -0.001000 -0.034939
v 0.099939 0.001000 -0.034939
v 0.095611 0.001000 -0.034939
v 0.099487 0.001000 -0.036939
v 0.098109 0.001000 -0.042267
v 0.099487 -0.001000 -0.036939
v 0.098109 -0.001000 -0.042267
v 0.096939 -0.001000 -0.046611
v 0.096939 0.001000 -0.046611
v 0.095611 0.001000 -0.034939
v 0.095611 0.001000 -0.035939
v 0.095710 -0.001000 -0.034939
v 0.095710 -0.001000 -0.035939
v 0.095685 0.000003 -0.036939
v 0.095710 -0.001000 -0.036939
v 0.095611 0.001000 -0.036939
v -0.099465 -0.001000 -0.036939
v -0.095688 -0.001000 -0.036939
v -0.095663 0.000003 -0.036939
v -0.099465 0.001000 -0.036939
v -0.095589 0.001000 -0.036939
v -0.099917 0.001000 -0.034939
v -0.095589 0.001000 -0.034939
v -0.099917 -0.001000 -0.034939
v -0.095688 -0.001000 -0.034939
v -0.096917 -0.001000 -0.046611
v -0.096917 0.001000 -0.046611
v -0.098087 -0.001000 -0.042267
v -0.099465 -0.001000 -0.036939
v -0.098087 0.001000 -0.042267
v -0.099465 0.001000 -0.036939
v -0.095688 -0.001000 -0.034939
v -0.095688 -0.001000 -0.035939
v -0.095589 0.001000 -0.034939
v -0.095589 0.001000 -0.035939
v -0.095589 0.001000 -0.036939
v -0.095663 0.000003 -0.036939
v -0.095688 -0.001000 -0.036939
v -0.099917 0.001000 -0.034939
v -0.101238 0.001000 -0.026984
v -0.099917 -0.001000 -0.034939
v -0.101238 -0.001000 -0.026984
v 0.045863 -0.001000 0.024648
v 0.041153 0.000000 0.024964
v 0.041153 -0.001000 0.024964
v 0.045863 0.001000 0.024648
v 0.041153 0.001000 0.024964
v 0.034907 0.001000 0.025118
v 0.034907 0.000000 0.025118
v 0.023564 0.001000 0.025137
v 0.023564 -0.001000 0.025137
v 0.012154 0.001000 0.025064
v 0.012154 -0.001000 0.025064
v 0.000011 0.001000 0.024970
v -0.011480 0.001000 0.025059
v 0.000011 -0.001000 0.024970
v -0.011480 -0.001000 0.025059
v -0.022417 -0.001000 0.025132
v -0.022417 0.001000 0.025132
v -0.034232 0.000000 0.025125
v -0.034232 -0.001000 0.025125
v -0.040889 -0.001000 0.024974
v -0.040889 0.000000 0.024974
v -0.045841 -0.001000 0.024648
v -0.045841 0.001000 0.024648
v -0.040889 0.001000 0.024974
v -0.034232 0.001000 0.025125
v 0.034907 -0.001000 0.025118
v -0.052791 0.001000 0.020786
v -0.051406 0.001000 0.022255
v -0.052791 -0.001000 0.020786
v -0.051406 -0.001000 0.022255
v -0.049716 -0.001000 0.023438
v -0.047820 -0.001000 0.024248
v -0.049716 0.001000 0.023438
v -0.047820 0.001000 0.024248
v -0.045841 0.001000 0.024648
v -0.045841 -0.001000 0.024648
v -0.065079 0.001000 0.028142
v -0.063811 0.001000 0.029599
v -0.065079 -0.001000 0.028142
v -0.063811 -0.001000 0.029599
v -0.062255 -0.001000 0.030804
v -0.062255 0.001000 0.030804
v -0.060493 -0.001000 0.031682
v -0.058630 -0.001000 0.032191
v -0.060493 0.001000 0.031682
v -0.058630 0.001000 0.032191
v 0.052814 0.001000 0.020786
v 0.051428 0.001000 0.022255
v 0.052814 -0.001000 0.020786
v 0.051428 -0.001000 0.022255
v 0.049739 -0.001000 0.023438
v 0.049739 0.001000 0.023438
v 0.047842 -0.001000 0.024248
v 0.045863 -0.001000 0.024648
v 0.047842 0.001000 0.024248
v 0.045863 0.001000 0.024648
v 0.001011 -0.001000 0.033146
v 0.007021 0.000000 0.033192
v 0.007021 -0.001000 0.033192
v 0.001011 0.001000 0.033146
v 0.007021 0.001000 0.033192
v 0.012568 0.001000 0.033236
v 0.012568 0.000000 0.033236
v 0.024147 0.001000 0.033317
v 0.024147 -0.001000 0.033317
v 0.035756 0.001000 0.033350
v 0.035756 -0.001000 0.033350
v 0.047612 0.000000 0.033179
v 0.047612 0.001000 0.033179
v 0.053796 0.001000 0.032815
v 0.058653 0.001000 0.032191
v 0.053796 0.000000 0.032815
v 0.053796 -0.001000 0.032815
v 0.058653 -0.001000 0.032191
v 0.047612 -0.001000 0.033179
v 0.012568 -0.001000 0.033236
v 0.065101 0.001000 0.028142
v 0.063833 0.001000 0.029599
v 0.065101 -0.001000 0.028142
v 0.063833 -0.001000 0.029599
v 0.062277 -0.001000 0.030804
v 0.062277 0.001000 0.030804
v 0.060515 -0.001000 0.031682
v 0.058653 -0.001000 0.032191
v 0.060515 0.001000 0.031682
v 0.058653 0.001000 0.032191
v 0.101260 -0.001000 -0.026984
v 0.101260 0.001000 -0.026984
v 0.099939 -0.001000 -0.034939
v 0.099939 0.001000 -0.034939
v 0.065101 -0.001000 0.028142
v 0.065101 0.001000 0.028142
v 0.099466 -0.001000 -0.020045
v 0.099466 0.001000 -0.020045
v 0.099466 -0.001000 -0.020045
v 0.100381 -0.001000 -0.021612
v 0.099466 0.001000 -0.020045
v 0.100381 0.001000 -0.021612
v 0.101006 0.001000 -0.023348
v 0.101301 0.001000 -0.025170
v 0.101006 -0.001000 -0.023348
v 0.101301 -0.001000 -0.025170
v 0.101260 -0.001000 -0.026984
v 0.101260 0.001000 -0.026984
v -0.065079 -0.001000 0.028142
v -0.099444 -0.001000 -0.020045
v -0.065079 0.001000 0.028142
v -0.099444 0.001000 -0.020045
v -0.099444 -0.001000 -0.020045
v -0.100359 -0.001000 -0.021612
v -0.099444 0.001000 -0.020045
v -0.100359 0.001000 -0.021612
v -0.100984 0.001000 -0.023348
v -0.100984 -0.001000 -0.023348
v -0.101279 0.001000 -0.025170
v -0.101279 -0.001000 -0.025170
v -0.101238 0.001000 -0.026984
v -0.101238 -0.001000 -0.026984
v -0.099444 -0.001000 -0.020045
v -0.094601 -0.001000 -0.022445
v -0.100984 -0.001000 -0.023348
v -0.098014 -0.001000 -0.018041
v -0.089576 -0.001000 -0.006208
v -0.094410 -0.001000 -0.013248
v -0.092982 -0.001000 -0.015250
v -0.091554 -0.001000 -0.017252
v -0.092172 -0.001000 -0.011652
v -0.090339 -0.001000 -0.013077
v -0.090034 -0.001000 -0.015482
v -0.090426 -0.001000 -0.014310
v -0.089223 -0.001000 -0.016415
v -0.088115 -0.001000 -0.016965
v -0.087889 -0.001000 -0.017658
v -0.090126 -0.001000 -0.019254
v -0.088699 -0.001000 -0.021256
v -0.090128 -0.001000 -0.021939
v -0.090128 -0.001000 -0.023939
v -0.085589 -0.001000 -0.021939
v -0.066132 -0.001000 0.003898
v -0.052791 -0.001000 0.020786
v -0.068369 -0.001000 0.002303
v -0.084781 -0.001000 -0.015839
v -0.077793 -0.001000 -0.006854
v -0.086461 -0.001000 -0.019660
v -0.086882 -0.001000 -0.017049
v -0.085711 -0.001000 -0.016653
v -0.077239 -0.001000 -0.005747
v -0.073289 -0.001000 0.001087
v -0.077152 -0.001000 -0.004511
v -0.074463 -0.001000 0.000930
v -0.077547 -0.001000 -0.003338
v -0.075703 -0.001000 0.001259
v -0.078362 -0.001000 -0.002405
v -0.079473 -0.001000 -0.001858
v -0.076710 -0.001000 0.002053
v -0.080709 -0.001000 -0.001779
v -0.077446 -0.001000 0.004262
v -0.077289 -0.001000 0.003087
v -0.081880 -0.001000 -0.002180
v -0.077117 -0.001000 0.005501
v -0.082808 -0.001000 -0.003001
v -0.089785 -0.001000 -0.011971
v -0.076323 -0.001000 0.006508
v -0.072803 -0.001000 0.017310
v -0.071055 -0.001000 0.019762
v -0.068796 -0.001000 0.017100
v -0.069323 -0.001000 0.015508
v -0.071843 -0.001000 0.011907
v -0.070117 -0.001000 0.014501
v -0.074080 -0.001000 0.010311
v -0.072653 -0.001000 0.008309
v -0.074114 -0.001000 0.007245
v -0.075289 -0.001000 0.007087
v -0.072875 -0.001000 0.006916
v -0.071868 -0.001000 0.006121
v -0.068987 -0.001000 0.007903
v -0.071289 -0.001000 0.005087
v -0.069797 -0.001000 0.004305
v -0.071131 -0.001000 0.003913
v -0.071461 -0.001000 0.002673
v -0.072255 -0.001000 0.001666
v -0.067560 -0.001000 0.005901
v -0.066289 -0.001000 0.010087
v -0.065255 -0.001000 0.010666
v -0.062275 -0.001000 0.012690
v -0.064461 -0.001000 0.011673
v -0.064132 -0.001000 0.012913
v -0.063703 -0.001000 0.014692
v -0.064289 -0.001000 0.014087
v -0.064868 -0.001000 0.015121
v -0.065875 -0.001000 0.015916
v -0.065130 -0.001000 0.016694
v -0.066558 -0.001000 0.018696
v -0.067114 -0.001000 0.016245
v -0.062893 -0.001000 0.018290
v -0.061465 -0.001000 0.016287
v -0.063710 -0.001000 0.020053
v -0.062703 -0.001000 0.019259
v -0.061463 -0.001000 0.018930
v -0.060289 -0.001000 0.019087
v -0.059227 -0.001000 0.017883
v -0.059255 -0.001000 0.019666
v -0.058461 -0.001000 0.020673
v -0.058132 -0.001000 0.021913
v -0.056180 -0.001000 0.023077
v -0.057800 -0.001000 0.015881
v -0.060037 -0.001000 0.014285
v -0.057608 -0.001000 0.025079
v -0.058289 -0.001000 0.023087
v -0.052515 -0.001000 0.022670
v -0.053943 -0.001000 0.024672
v -0.055370 -0.001000 0.026674
v -0.051705 -0.001000 0.026268
v -0.048754 -0.001000 0.026863
v -0.050895 -0.001000 0.029866
v -0.050277 -0.001000 0.024266
v -0.049468 -0.001000 0.027864
v -0.048349 -0.001000 0.028662
v -0.047230 -0.001000 0.029459
v -0.047635 -0.001000 0.027661
v -0.046989 -0.001000 0.029135
v -0.046848 -0.001000 0.028583
v -0.047944 -0.001000 0.030460
v -0.046403 -0.001000 0.030196
v -0.046848 -0.001000 0.029687
v -0.048658 -0.001000 0.031462
v -0.046825 -0.001000 0.031258
v -0.047539 -0.001000 0.032259
v -0.044989 -0.001000 0.030635
v -0.045725 -0.001000 0.030530
v -0.008989 -0.001000 0.030635
v -0.010076 -0.001000 0.031793
v -0.009362 -0.001000 0.030792
v -0.008958 -0.001000 0.032591
v -0.000989 -0.001000 0.033146
v -0.008244 -0.001000 0.031590
v -0.005292 -0.001000 0.032185
v -0.006102 -0.001000 0.028587
v -0.007129 -0.001000 0.029687
v -0.003865 -0.001000 0.030183
v -0.007575 -0.001000 0.030196
v -0.008253 -0.001000 0.030530
v -0.000989 -0.001000 0.029061
v -0.002437 -0.001000 0.028181
v -0.000989 -0.001000 0.024978
v -0.004674 -0.001000 0.026585
v -0.010577 -0.001000 0.025396
v -0.008253 -0.001000 0.027740
v -0.007575 -0.001000 0.028074
v -0.009458 -0.001000 0.026194
v -0.008989 -0.001000 0.027635
v -0.010172 -0.001000 0.027195
v -0.011291 -0.001000 0.026397
v -0.043970 -0.001000 0.027254
v -0.043256 -0.001000 0.026253
v -0.044989 -0.001000 0.027635
v -0.045088 -0.001000 0.026456
v -0.046921 -0.001000 0.026660
v -0.045841 -0.001000 0.024648
v -0.045725 -0.001000 0.027740
v -0.044375 -0.001000 0.025455
v -0.046403 -0.001000 0.028074
v -0.048040 -0.001000 0.025862
v -0.049716 -0.001000 0.023438
v -0.007129 -0.001000 0.028583
v -0.006989 -0.001000 0.029135
v 0.000011 -0.001000 0.024970
v 0.001011 -0.001000 0.029061
v 0.001011 -0.001000 0.024978
v 0.045863 -0.001000 0.024648
v 0.002656 -0.001000 0.025772
v 0.006322 -0.001000 0.025366
v 0.005608 -0.001000 0.026367
v 0.007440 -0.001000 0.026164
v 0.043784 -0.001000 0.024900
v 0.043071 -0.001000 0.025901
v 0.044903 -0.001000 0.025698
v 0.046022 -0.001000 0.026496
v 0.044189 -0.001000 0.026699
v 0.045011 -0.001000 0.027635
v 0.009011 -0.001000 0.027635
v 0.045747 -0.001000 0.027740
v 0.046425 -0.001000 0.028074
v 0.047141 -0.001000 0.027293
v 0.049687 -0.001000 0.026089
v 0.048260 -0.001000 0.028091
v 0.047450 -0.001000 0.024494
v 0.046871 -0.001000 0.028583
v 0.047011 -0.001000 0.029135
v 0.050497 -0.001000 0.029687
v 0.046871 -0.001000 0.029687
v 0.046425 -0.001000 0.030196
v 0.045747 -0.001000 0.030530
v 0.058653 -0.001000 0.032191
v 0.045011 -0.001000 0.030635
v 0.008655 -0.001000 0.031560
v 0.007941 -0.001000 0.032561
v 0.009011 -0.001000 0.030635
v 0.008275 -0.001000 0.030530
v 0.007597 -0.001000 0.030196
v 0.007536 -0.001000 0.030763
v 0.006418 -0.001000 0.029965
v 0.006822 -0.001000 0.031764
v 0.004276 -0.001000 0.032968
v 0.005704 -0.001000 0.030966
v 0.003466 -0.001000 0.029370
v 0.004894 -0.001000 0.027368
v 0.002038 -0.001000 0.031372
v 0.006013 -0.001000 0.028166
v 0.006727 -0.001000 0.027165
v 0.007011 -0.001000 0.029135
v 0.007152 -0.001000 0.028583
v 0.007597 -0.001000 0.028074
v 0.008275 -0.001000 0.027740
v 0.007152 -0.001000 0.029687
v 0.001011 -0.001000 0.033146
v 0.062277 -0.001000 0.030804
v 0.059255 -0.001000 0.026872
v 0.056400 -0.001000 0.030876
v 0.051925 -0.001000 0.027685
v 0.057018 -0.001000 0.025276
v 0.054780 -0.001000 0.023681
v 0.058890 -0.001000 0.024121
v 0.058311 -0.001000 0.023087
v 0.058154 -0.001000 0.021913
v 0.052814 -0.001000 0.020786
v 0.058483 -0.001000 0.020673
v 0.059277 -0.001000 0.019666
v 0.060311 -0.001000 0.019087
v 0.060492 -0.001000 0.015673
v 0.061919 -0.001000 0.013670
v 0.062729 -0.001000 0.017268
v 0.061486 -0.001000 0.018930
v 0.062725 -0.001000 0.019259
v 0.063732 -0.001000 0.020053
v 0.064967 -0.001000 0.018864
v 0.066394 -0.001000 0.016862
v 0.067204 -0.001000 0.020460
v 0.064311 -0.001000 0.021087
v 0.064469 -0.001000 0.022262
v 0.069241 -0.001000 0.022337
v 0.064140 -0.001000 0.023501
v 0.063345 -0.001000 0.024508
v 0.066161 -0.001000 0.026656
v 0.065101 -0.001000 0.028142
v 0.061137 -0.001000 0.025245
v 0.062311 -0.001000 0.025087
v 0.059897 -0.001000 0.024915
v 0.071077 -0.001000 0.019762
v 0.068632 -0.001000 0.018458
v 0.072826 -0.001000 0.017310
v 0.069345 -0.001000 0.015508
v 0.070469 -0.001000 0.013262
v 0.070140 -0.001000 0.014501
v 0.072106 -0.001000 0.008854
v 0.075311 -0.001000 0.007087
v 0.077140 -0.001000 0.005501
v 0.076345 -0.001000 0.006508
v 0.080054 -0.001000 0.002441
v 0.089598 -0.001000 -0.006208
v 0.081482 -0.001000 0.000439
v 0.090361 -0.001000 -0.013077
v 0.089807 -0.001000 -0.011971
v 0.098036 -0.001000 -0.018041
v 0.082830 -0.001000 -0.003001
v 0.081902 -0.001000 -0.002180
v 0.080731 -0.001000 -0.001779
v 0.079495 -0.001000 -0.001858
v 0.079244 -0.001000 -0.001157
v 0.077817 -0.001000 0.000845
v 0.077007 -0.001000 -0.002753
v 0.078384 -0.001000 -0.002405
v 0.077569 -0.001000 -0.003338
v 0.077174 -0.001000 -0.004511
v 0.074769 -0.001000 -0.004348
v 0.077261 -0.001000 -0.005747
v 0.077815 -0.001000 -0.006854
v 0.084803 -0.001000 -0.015839
v 0.085611 -0.001000 -0.021939
v 0.090150 -0.001000 -0.021939
v 0.086904 -0.001000 -0.017049
v 0.088138 -0.001000 -0.016965
v 0.085733 -0.001000 -0.016653
v 0.089245 -0.001000 -0.016415
v 0.090056 -0.001000 -0.015482
v 0.090448 -0.001000 -0.014310
v 0.090150 -0.001000 -0.023939
v 0.099466 -0.001000 -0.020045
v 0.101006 -0.001000 -0.023348
v 0.090150 -0.001000 -0.028939
v 0.101260 -0.001000 -0.026984
v 0.099939 -0.001000 -0.034939
v 0.095710 -0.001000 -0.034939
v 0.090150 -0.001000 -0.030939
v 0.090592 -0.001000 -0.039195
v 0.086947 -0.001000 -0.039524
v 0.084130 -0.001000 -0.030939
v 0.088825 -0.001000 -0.038976
v 0.080183 -0.001000 -0.042328
v 0.085409 -0.001000 -0.040798
v 0.084511 -0.001000 -0.042439
v 0.084245 -0.001000 -0.044290
v 0.079984 -0.001000 -0.045328
v 0.084711 -0.001000 -0.046232
v 0.085884 -0.001000 -0.047797
v 0.081117 -0.001000 -0.048456
v 0.083469 -0.001000 -0.050954
v 0.087430 -0.001000 -0.048682
v 0.086388 -0.001000 -0.052344
v 0.089606 -0.001000 -0.052651
v 0.089197 -0.001000 -0.048901
v 0.091075 -0.001000 -0.048354
v 0.092613 -0.001000 -0.047080
v 0.095486 -0.001000 -0.049615
v 0.092907 -0.001000 -0.051716
v 0.096857 -0.001000 -0.046939
v 0.095185 -0.001000 -0.047175
v 0.094471 -0.001000 -0.046174
v 0.096304 -0.001000 -0.046377
v 0.096939 -0.001000 -0.046611
v 0.095590 -0.001000 -0.045376
v 0.096708 -0.001000 -0.044578
v 0.099487 -0.001000 -0.036939
v 0.095995 -0.001000 -0.043577
v 0.095710 -0.001000 -0.036939
v 0.094876 -0.001000 -0.044375
v 0.093311 -0.001000 -0.041645
v 0.093777 -0.001000 -0.043588
v 0.093511 -0.001000 -0.045439
v 0.092137 -0.001000 -0.040081
v 0.084597 -0.001000 -0.028939
v 0.085422 -0.001000 -0.023939
v 0.073342 -0.001000 -0.002346
v 0.072277 -0.001000 0.001666
v 0.073311 -0.001000 0.001087
v 0.074486 -0.001000 0.000930
v 0.075579 -0.001000 -0.000750
v 0.071483 -0.001000 0.002673
v 0.067630 -0.001000 0.005662
v 0.066203 -0.001000 0.007664
v 0.069868 -0.001000 0.007258
v 0.071311 -0.001000 0.005087
v 0.071154 -0.001000 0.003913
v 0.071890 -0.001000 0.006121
v 0.072897 -0.001000 0.006916
v 0.074137 -0.001000 0.007245
v 0.068440 -0.001000 0.009260
v 0.070678 -0.001000 0.010856
v 0.067486 -0.001000 0.009930
v 0.068725 -0.001000 0.010259
v 0.069732 -0.001000 0.011053
v 0.070311 -0.001000 0.012087
v 0.066311 -0.001000 0.010087
v 0.065277 -0.001000 0.010666
v 0.064483 -0.001000 0.011673
v 0.064154 -0.001000 0.012913
v 0.064311 -0.001000 0.014087
v 0.064890 -0.001000 0.015121
v 0.065897 -0.001000 0.015916
v 0.067137 -0.001000 0.016245
v 0.068311 -0.001000 0.016087
v 0.075725 -0.001000 0.001259
v 0.076732 -0.001000 0.002053
v 0.077311 -0.001000 0.003087
v 0.077469 -0.001000 0.004262
v 0.049739 -0.001000 0.023438
v -0.058630 -0.001000 0.032191
v -0.056798 -0.001000 0.028676
v -0.062255 -0.001000 0.030804
v -0.052323 -0.001000 0.031868
v -0.059036 -0.001000 0.027081
v -0.059875 -0.001000 0.024916
v -0.061114 -0.001000 0.025245
v -0.062289 -0.001000 0.025087
v -0.063323 -0.001000 0.024508
v -0.065079 -0.001000 0.028142
v -0.066138 -0.001000 0.026656
v -0.069218 -0.001000 0.022337
v -0.064117 -0.001000 0.023501
v -0.064446 -0.001000 0.022262
v -0.067986 -0.001000 0.020698
v -0.064289 -0.001000 0.021087
v -0.058868 -0.001000 0.024121
v -0.068289 -0.001000 0.016087
v -0.067463 -0.001000 0.009930
v -0.068703 -0.001000 0.010259
v -0.069710 -0.001000 0.011053
v -0.070415 -0.001000 0.009905
v -0.070289 -0.001000 0.012087
v -0.070446 -0.001000 0.013262
v -0.091746 -0.001000 -0.026450
v -0.090128 -0.001000 -0.028939
v -0.085399 -0.001000 -0.023939
v -0.084575 -0.001000 -0.028939
v -0.090128 -0.001000 -0.030939
v -0.096221 -0.001000 -0.029641
v -0.099917 -0.001000 -0.034939
v -0.101238 -0.001000 -0.026984
v -0.095688 -0.001000 -0.034939
v -0.095688 -0.001000 -0.036939
v -0.089570 -0.001000 -0.039195
v -0.087802 -0.001000 -0.038976
v -0.091115 -0.001000 -0.040081
v -0.094985 -0.001000 -0.040841
v -0.092289 -0.001000 -0.041645
v -0.092755 -0.001000 -0.043587
v -0.095795 -0.001000 -0.044438
v -0.092489 -0.001000 -0.045439
v -0.095081 -0.001000 -0.045439
v -0.094367 -0.001000 -0.046441
v -0.096199 -0.001000 -0.046237
v -0.096556 -0.001000 -0.045737
v -0.095842 -0.001000 -0.046738
v -0.096402 -0.001000 -0.047137
v -0.095486 -0.001000 -0.047238
v -0.094772 -0.001000 -0.048239
v -0.096045 -0.001000 -0.047637
v -0.095464 -0.001000 -0.049615
v -0.096834 -0.001000 -0.046939
v -0.096917 -0.001000 -0.046611
v -0.099465 -0.001000 -0.036939
v -0.096913 -0.001000 -0.045236
v -0.097222 -0.001000 -0.042436
v -0.096508 -0.001000 -0.043437
v -0.092885 -0.001000 -0.051716
v -0.094058 -0.001000 -0.049240
v -0.092939 -0.001000 -0.048443
v -0.093653 -0.001000 -0.047442
v -0.091591 -0.001000 -0.047080
v -0.090053 -0.001000 -0.048354
v -0.088175 -0.001000 -0.048901
v -0.089584 -0.001000 -0.052651
v -0.086365 -0.001000 -0.052344
v -0.083446 -0.001000 -0.050954
v -0.086408 -0.001000 -0.048682
v -0.084862 -0.001000 -0.047797
v -0.081095 -0.001000 -0.048456
v -0.083689 -0.001000 -0.046232
v -0.079961 -0.001000 -0.045328
v -0.083223 -0.001000 -0.044290
v -0.083489 -0.001000 -0.042439
v -0.080161 -0.001000 -0.042328
v -0.084107 -0.001000 -0.030939
v -0.084387 -0.001000 -0.040798
v -0.085925 -0.001000 -0.039524
vn -0.000000 1.000000 0.000000
vn -0.000000 1.000000 0.000000
vn -0.000000 1.000000 0.000000
vn -0.000000 1.000000 0.000000
vn -0.000000 1.000000 0.000000
vn -0.000000 1.000000 0.000000
vn -0.000000 1.000000 0.000000
vn -0.000000 1.000000 0.000000
vn -0.000000 1.000000 0.000000
vn -0.000000 1.000000 0.000000
vn -0.000000 1.000000 0.000000
vn -0.000000 1.000000 0.000000
vn -0.000000 1.000000 0.000000
vn -0.000000 1.000000 0.000000
vn -0.000000 1.000000 0.000000
vn -0.000000 1.000000 0.000000
vn -0.000000 1.000000 0.000000
vn -0.000000 1.000000 0.000000
vn -0.000000 1.000000 0.000000
vn -0.000000 1.000000 0.000000
vn -0.000000 1.000000 0.000000
vn -0.000000 1.000000 0.000000
vn -0.000000 1.000000 0.000000
vn -0.000000 1.000000 0.000000
vn -0.000000 1.000000 0.000000
vn -0.000000 1.000000 0.000000
vn -0.000000 1.000000 0.000000
vn -0.000000 1.000000 0.000000
vn -0.000000 1.000000 0.000000
vn -0.000000 1.000000 0.000000
vn -0.000000 1.000000 0.000000
vn -0.000000 1.000000 0.000000
vn -0.000000 1.000000 0.000000
vn -0.000000 1.000000 0.000000
vn -0.000000 1.000000 0.000000
vn -0.000000 1.000000 0.000000
vn -0.000000 1.000000 0.000000
vn -0.000000 1.000000 0.000000
vn -0.000000 1.000000 0.000000
vn -0.000000 1.000000 0.000000
vn -0.000000 1.000000 0.000000
vn -0.000000 1.000000 0.000000
vn -0.000000 1.000000 0.000000
vn -0.000000 1.000000 0.000000
vn -0.000000 1.000000 0.000000
vn -0.000000 1.000000 0.000000
vn -0.000000 1.000000 0.000000
vn -0.000000 1.000000 0.000000
vn -0.000000 1.000000 0.000000
vn -0.000000 1.000000 0.000000
vn -0.000000 1.000000 0.000000
vn -0.000000 1.000000 0.000000
vn -0.000000 1.000000 0.000000
vn -0.000000 1.000000 0.000000
vn -0.000000 1.000000 0.000000
vn -0.000000 1.000000 0.000000
vn -0.000000 1.000000 0.000000
vn -0.000000 1.000000 0.000000
vn -0.000000 1.000000 0.000000
vn -0.000000 1.000000 0.000000
vn -0.000000 1.000000 0.000000
vn -0.000000 1.000000 0.000000
vn -0.000000 1.000000 0.000000
vn -0.000000 1.000000 0.000000
vn -0.000000 1.000000 0.000000
vn -0.000000 1.000000 0.000000
vn -0.000000 1.000000 0.000000
vn -0.000000 1.000000 0.000000
vn -0.000000 1.000000 0.000000
vn -0.000000 1.000000 0.000000
vn -0.000000 1.000000 0.000000
vn -0.000000 1.000000 0.000000
vn -0.000000 1.000000 0.000000
vn -0.000000 1.000000 0.000000
vn -0.000000 1.000000 0.000000
vn -0.000000 1.000000 0.000000
vn -0.000000 1.000000 0.000000
vn -0.000000 1.000000 0.000000
vn -0.000000 1.000000 0.000000
vn -0.000000 1.000000 0.000000
vn -0.000000 1.000000 0.000000
vn -0.000000 1.000000 0.000000
vn -0.000000 1.000000 0.000000
vn -0.000000 1.000000 0.000000
vn -0.000000 1.000000 0.000000
vn -0.000000 1.000000 0.000000
vn -0.000000 1.000000 0.000000
vn -0.000000 1.000000 0.000000
vn -0.000000 1.000000 0.000000
vn -0.000000 1.000000 0.000000
vn -0.000000 1.000000 0.000000
vn -0.000000 1.000000 0.000000
vn -0.000000 1.000000 0.000000
vn -0.000000 1.000000 0.000000
vn -0.000000 1.000000 0.000000
vn -0.000000 1.000000 0.000000
vn -0.000000 1.000000 0.000000
vn -0.000000 1.000000 0.000000
vn -0.000000 1.000000 0.000000
vn -0.000000 1.000000 0.000000
vn -0.000000 1.000000 0.000000
vn -0.000000 1.000000 0.000000
vn -0.000000 1.000000 0.000000
vn -0.000000 1.000000 0.000000
vn -0.000000 1.000000 0.000000
vn -0.000000 1.000000 0.000000
vn -0.000000 1.000000 0.000000
vn -0.000000 1.000000 0.000000
vn -0.000000 1.000000 0.000000
vn -0.000000 1.000000 0.000000
vn -0.000000 1.000000 0.000000
vn -0.000000 1.000000 0.000000
vn -0.000000 1.000000 0.000000
vn -0.000000 1.000000 0.000000
vn -0.000000 1.000000 0.000000
vn -0.000000 1.000000 0.000000
vn -0.000000 1.000000 0.000000
vn -0.000000 1.000000 0.000000
vn -0.000000 1.000000 0.000000
vn -0.000000 1.000000 0.000000
vn -0.000000 1.000000 0.000000
vn -0.000000 1.000000 0.000000
vn -0.000000 1.000000 0.000000
vn -0.000000 1.000000 0.000000
vn -0.000000 1.000000 0.000000
vn -0.000000 1.000000 0.000000
vn -0.000000 1.000000 0.000000
vn -0.000000 1.000000 0.000000
vn -0.000000 1.000000 0.000000
vn -0.000000 1.000000 0.000000
vn -0.000000 1.000000 0.000000
vn -0.000000 1.000000 0.000000
vn -0.000000 1.000000 0.000000
vn -0.000000 1.000000 0.000000
vn -0.000000 1.000000 0.000000
vn -0.000000 1.000000 0.000000
vn -0.000000 1.000000 0.000000
vn -0.000000 1.000000 0.000000
vn -0.000000 1.000000 0.000000
vn -0.000000 1.000000 0.000000
vn -0.000000 1.000000 0.000000
vn -0.000000 1.000000 0.000000
vn -0.000000 1.000000 0.000000
vn -0.000000 1.000000 0.000000
vn -0.000000 1.000000 0.000000
vn -0.000000 1.000000 0.000000
vn -0.000000 1.000000 0.000000
vn -0.000000 1.000000 0.000000
vn -0.000000 1.000000 0.000000
vn -0.000000 1.000000 0.000000
vn -0.000000 1.000000 0.000000
vn -0.000000 1.000000 0.000000
vn -0.000000 1.000000 0.000000
vn -0.000000 1.000000 0.000000
vn -0.000000 1.000000 0.000000
vn -0.000000 1.000000 0.000000
vn -0.000000 1.000000 0.000000
vn -0.000000 1.000000 0.000000
vn -0.000000 1.000000 0.000000
vn -0.000000 1.000000 0.000000
vn -0.000000 1.000000 0.000000
vn -0.000000 1.000000 0.000000
vn -0.000000 1.000000 0.000000
vn -0.000000 1.000000 0.000000
vn -0.000000 1.000000 0.000000
vn -0.000000 1.000000 0.000000
vn -0.000000 1.000000 0.000000
vn -0.000000 1.000000 0.000000
vn -0.000000 1.000000 0.000000
vn -0.000000 1.000000 0.000000
vn -0.000000 1.000000 0.000000
vn -0.000000 1.000000 0.000000
vn -0.000000 1.000000 0.000000
vn -0.000000 1.000000 0.000000
vn -0.000000 1.000000 0.000000
vn -0.000000 1.000000 0.000000
vn -0.000000 1.000000 0.000000
vn -0.000000 1.000000 0.000000
vn -0.000000 1.000000 0.000000
vn -0.000000 1.000000 0.000000
vn -0.000000 1.000000 0.000000
vn -0.000000 1.000000 0.000000
vn -0.000000 1.000000 0.000000
vn -0.000000 1.000000 0.000000
vn -0.000000 1.000000 0.000000
vn -0.000000 1.000000 0.000000
vn -0.000000 1.000000 0.000000
vn -0.000000 1.000000 0.000000
vn -0.000000 1.000000 0.000000
vn -0.000000 1.000000 0.000000
vn -0.000000 1.000000 0.000000
vn -0.000000 1.000000 0.000000
vn -0.000000 1.000000 0.000000
vn -0.000000 1.000000 0.000000
vn -0.000000 1.000000 0.000000
vn -0.000000 1.000000 0.000000
vn -0.000000 1.000000 0.000000
vn -0.000000 1.000000 0.000000
vn -0.000000 1.000000 0.000000
vn -0.000000 1.000000 0.000000
vn -0.000000 1.000000 0.000000
vn -0.000000 1.000000 0.000000
vn -0.000000 1.000000 0.000000
vn -0.000000 1.000000 0.000000
vn -0.000000 1.000000 0.000000
vn -0.000000 1.000000 0.000000
vn -0.000000 1.000000 0.000000
vn -0.000000 1.000000 0.000000
vn -0.000000 1.000000 0.000000
vn -0.000000 1.000000 0.000000
vn -0.000000 1.000000 0.000000
vn -0.000000 1.000000 0.000000
vn -0.000000 1.000000 0.000000
vn -0.000000 1.000000 0.000000
vn -0.000000 1.000000 0.000000
vn -0.000000 1.000000 0.000000
vn -0.000000 1.000000 0.000000
vn -0.000000 1.000000 0.000000
vn -0.000000 1.000000 0.000000
vn -0.000000 1.000000 0.000000
vn -0.000000 1.000000 0.000000
vn -0.000000 1.000000 0.000000
vn -0.000000 1.000000 0.000000
vn -0.000000 1.000000 0.000000
vn -0.000000 1.000000 0.000000
vn -0.000000 1.000000 0.000000
vn -0.000000 1.000000 0.000000
vn -0.000000 1.000000 0.000000
vn -0.000000 1.000000 0.000000
vn -0.000000 1.000000 0.000000
vn -0.000000 1.000000 0.000000
vn -0.000000 1.000000 0.000000
vn -0.000000 1.000000 0.000000
vn -0.000000 1.000000 0.000000
vn -0.000000 1.000000 0.000000
vn -0.000000 1.000000 0.000000
vn -0.000000 1.000000 0.000000
vn -0.000000 1.000000 0.000000
vn -0.000000 1.000000 0.000000
vn -0.000000 1.000000 0.000000
vn -0.000000 1.000000 0.000000
vn -0.000000 1.000000 0.000000
vn -0.000000 1.000000 0.000000
vn -0.000000 1.000000 0.000000
vn -0.000000 1.000000 0.000000
vn -0.000000 1.000000 0.000000
vn -0.000000 1.000000 0.000000
vn -0.000000 1.000000 0.000000
vn -0.000000 1.000000 0.000000
vn -0.000000 1.000000 0.000000
vn -0.000000 1.000000 0.000000
vn -0.000000 1.000000 0.000000
vn -0.000000 1.000000 0.000000
vn -0.000000 1.000000 0.000000
vn -0.000000 1.000000 0.000000
vn -0.000000 1.000000 0.000000
vn -0.000000 1.000000 0.000000
vn -0.000000 1.000000 0.000000
vn -0.000000 1.000000 0.000000
vn -0.000000 1.000000 0.000000
vn -0.000000 1.000000 0.000000
vn -0.000000 1.000000 0.000000
vn -0.000000 1.000000 0.000000
vn -0.000000 1.000000 0.000000
vn -0.000000 1.000000 0.000000
vn -0.000000 1.000000 0.000000
vn -0.000000 1.000000 0.000000
vn -0.000000 1.000000 0.000000
vn -0.000000 1.000000 0.000000
vn -0.000000 1.000000 0.000000
vn -0.000000 1.000000 0.000000
vn -0.000000 1.000000 0.000000
vn -0.000000 1.000000 0.000000
vn -0.000000 1.000000 0.000000
vn -0.000000 1.000000 0.000000
vn -0.000000 1.000000 0.000000
vn -0.000000 1.000000 0.000000
vn -0.000000 1.000000 0.000000
vn -0.000000 1.000000 0.000000
vn -0.000000 1.000000 0.000000
vn -0.000000 1.000000 0.000000
vn -0.000000 1.000000 0.000000
vn -0.000000 1.000000 0.000000
vn -0.000000 1.000000 0.000000
vn -0.000000 1.000000 0.000000
vn -0.000000 1.000000 0.000000
vn -0.000000 1.000000 0.000000
vn -0.000000 1.000000 0.000000
vn -0.000000 1.000000 0.000000
vn -0.000000 1.000000 0.000000
vn -0.000000 1.000000 0.000000
vn -0.000000 1.000000 0.000000
vn -0.000000 1.000000 0.000000
vn -0.000000 1.000000 0.000000
vn -0.000000 1.000000 0.000000
vn -0.000000 1.000000 0.000000
vn -0.000000 1.000000 0.000000
vn -0.000000 1.000000 0.000000
vn -0.000000 1.000000 0.000000
vn -0.000000 1.000000 0.000000
vn -0.000000 1.000000 0.000000
vn -0.000000 1.000000 0.000000
vn -0.000000 1.000000 0.000000
vn -0.000000 1.000000 0.000000
vn -0.000000 1.000000 0.000000
vn -0.000000 1.000000 0.000000
vn -0.000000 1.000000 0.000000
vn -0.000000 1.000000 0.000000
vn -0.000000 1.000000 0.000000
vn -0.000000 1.000000 0.000000
vn -0.000000 1.000000 0.000000
vn -0.000000 1.000000 0.000000
vn -0.000000 1.000000 0.000000
vn -0.000000 1.000000 0.000000
vn -0.000000 1.000000 0.000000
vn -0.000000 1.000000 0.000000
vn -0.000000 1.000000 0.000000
vn -0.000000 1.000000 0.000000
vn -0.000000 1.000000 0.000000
vn -0.000000 1.000000 0.000000
vn -0.000000 1.000000 0.000000
vn -0.000000 1.000000 0.000000
vn -0.000000 1.000000 0.000000
vn -0.000000 1.000000 0.000000
vn -0.000000 1.000000 0.000000
vn -0.000000 1.000000 0.000000
vn -0.000000 1.000000 0.000000
vn -0.000000 1.000000 0.000000
vn -0.000000 1.000000 0.000000
vn -0.000000 1.000000 0.000000
vn -0.000000 1.000000 0.000000
vn -0.000000 1.000000 0.000000
vn -0.000000 1.000000 0.000000
vn -0.000000 1.000000 0.000000
vn -0.000000 1.000000 0.000000
vn -0.000000 1.000000 0.000000
vn -0.000000 1.000000 0.000000
vn -0.000000 1.000000 0.000000
vn -0.000000 1.000000 0.000000
vn -0.000000 1.000000 0.000000
vn -0.000000 1.000000 0.000000
vn -0.000000 1.000000 0.000000
vn -0.000000 1.000000 0.000000
vn -0.000000 1.000000 0.000000
vn -0.000000 1.000000 0.000000
vn -0.000000 1.000000 0.000000
vn -0.000000 1.000000 0.000000
vn -0.000000 1.000000 0.000000
vn -0.000000 1.000000 0.000000
vn -0.000000 1.000000 0.000000
vn -0.000000 1.000000 0.000000
vn -0.000000 1.000000 0.000000
vn -0.000000 1.000000 0.000000
vn -0.000000 1.000000 0.000000
vn -0.000000 1.000000 0.000000
vn -0.000000 1.000000 0.000000
vn -0.000000 1.000000 0.000000
vn -0.000000 1.000000 0.000000
vn -0.000000 1.000000 0.000000
vn -0.000000 1.000000 0.000000
vn -0.000000 1.000000 0.000000
vn -0.000000 1.000000 0.000000
vn -0.000000 1.000000 0.000000
vn -0.000000 1.000000 0.000000
vn -0.000000 1.000000 0.000000
vn -0.000000 1.000000 0.000000
vn -0.000000 1.000000 0.000000
vn -0.000000 1.000000 0.000000
vn -0.000000 1.000000 0.000000
vn -0.000000 1.000000 0.000000
vn -0.000000 1.000000 0.000000
vn -0.000000 1.000000 0.000000
vn -0.000000 1.000000 0.000000
vn -0.000000 1.000000 0.000000
vn -0.000000 1.000000 0.000000
vn -0.000000 1.000000 0.000000
vn -0.000000 1.000000 0.000000
vn -0.000000 1.000000 0.000000
vn -0.000000 1.000000 0.000000
vn -0.000000 1.000000 0.000000
vn -0.000000 1.000000 0.000000
vn -0.000000 1.000000 0.000000
vn -0.000000 1.000000 0.000000
vn -0.000000 1.000000 0.000000
vn -0.000000 1.000000 0.000000
vn -0.000000 1.000000 0.000000
vn -0.000000 1.000000 0.000000
vn -0.000000 1.000000 0.000000
vn -0.000000 1.000000 0.000000
vn -0.000000 1.000000 0.000000
vn -0.000000 1.000000 0.000000
vn -0.000000 1.000000 0.000000
vn -0.000000 1.000000 0.000000
vn -0.000000 1.000000 0.000000
vn -0.000000 1.000000 0.000000
vn -0.000000 1.000000 0.000000
vn -0.000000 1.000000 0.000000
vn -0.000000 1.000000 0.000000
vn -0.000000 1.000000 0.000000
vn -0.000000 1.000000 0.000000
vn -0.000000 1.000000 0.000000
vn -0.000000 1.000000 0.000000
vn -0.000000 1.000000 0.000000
vn -0.000000 1.000000 0.000000
vn -0.000000 1.000000 0.000000
vn -0.000000 1.000000 0.000000
vn -0.000000 1.000000 0.000000
vn -0.000000 1.000000 0.000000
vn -0.000000 1.000000 0.000000
vn -0.000000 1.000000 0.000000
vn -0.000000 1.000000 0.000000
vn -0.000000 1.000000 0.000000
vn -0.000000 1.000000 0.000000
vn -0.000000 1.000000 0.000000
vn -0.000000 1.000000 0.000000
vn -0.000000 1.000000 0.000000
vn -0.000000 1.000000 0.000000
vn -0.000000 1.000000 0.000000
vn -0.000000 1.000000 0.000000
vn -0.000000 1.000000 0.000000
vn -0.000000 1.000000 0.000000
vn -0.000000 1.000000 0.000000
vn -0.000000 1.000000 0.000000
vn -0.000000 1.000000 0.000000
vn -0.000000 1.000000 0.000000
vn -0.000000 1.000000 0.000000
vn -0.000000 1.000000 0.000000
vn -0.000000 1.000000 0.000000
vn -0.000000 1.000000 0.000000
vn -0.000000 1.000000 0.000000
vn -0.000000 1.000000 0.000000
vn -0.000000 1.000000 0.000000
vn -0.000000 1.000000 0.000000
vn -0.000000 1.000000 0.000000
vn -0.000000 1.000000 0.000000
vn -0.000000 1.000000 0.000000
vn -0.000000 1.000000 0.000000
vn -0.000000 1.000000 0.000000
vn -0.000000 1.000000 0.000000
vn -0.000000 1.000000 0.000000
vn -0.000000 1.000000 0.000000
vn -0.000000 1.000000 0.000000
vn -0.000000 1.000000 0.000000
vn -0.000000 1.000000 0.000000
vn -0.000000 1.000000 0.000000
vn -0.000000 1.000000 0.000000
vn -0.000000 1.000000 0.000000
vn -0.000000 1.000000 0.000000
vn -0.000000 1.000000 0.000000
vn -0.000000 1.000000 0.000000
vn -0.000000 1.000000 0.000000
vn -0.000000 1.000000 0.000000
vn -0.000000 1.000000 0.000000
vn -0.000000 1.000000 0.000000
vn -0.000000 1.000000 0.000000
vn -0.000000 1.000000 0.000000
vn -0.000000 1.000000 0.000000
vn -0.000000 1.000000 0.000000
vn -0.000000 1.000000 0.000000
vn -0.000000 1.000000 0.000000
vn -0.000000 1.000000 0.000000
vn -0.000000 1.000000 0.000000
vn -0.000000 1.000000 0.000000
vn -0.000000 1.000000 0.000000
vn -0.000000 1.000000 0.000000
vn -0.000000 1.000000 0.000000
vn -0.000000 1.000000 0.000000
vn -0.000000 1.000000 0.000000
vn -0.000000 1.000000 0.000000
vn -0.000000 1.000000 0.000000
vn -0.000000 1.000000 0.000000
vn -0.000000 1.000000 0.000000
vn -0.000000 1.000000 0.000000
vn -0.000000 1.000000 0.000000
vn -0.000000 1.000000 0.000000
vn -0.000000 1.000000 0.000000
vn -0.000000 1.000000 0.000000
vn -0.000000 1.000000 0.000000
vn -0.000000 1.000000 0.000000
vn -0.000000 1.000000 0.000000
vn -0.000000 1.000000 0.000000
vn -0.000000 1.000000 0.000000
vn -0.000000 1.000000 0.000000
vn -0.000000 1.000000 0.000000
vn -0.000000 1.000000 0.000000
vn -0.000000 1.000000 0.000000
vn -0.000000 1.000000 0.000000
vn -0.000000 1.000000 0.000000
vn -0.000000 1.000000 0.000000
vn -0.000000 1.000000 0.000000
vn -0.000000 1.000000 0.000000
vn -0.000000 1.000000 0.000000
vn -0.000000 1.000000 0.000000
vn -0.000000 1.000000 0.000000
vn -0.000000 1.000000 0.000000
vn -0.000000 1.000000 0.000000
vn -0.000000 1.000000 0.000000
vn -0.000000 1.000000 0.000000
vn -0.000000 1.000000 0.000000
vn -0.000000 1.000000 0.000000
vn -0.000000 1.000000 0.000000
vn -0.000000 1.000000 0.000000
vn -0.000000 1.000000 0.000000
vn -0.000000 1.000000 0.000000
vn -0.000000 1.000000 0.000000
vn -0.000000 1.000000 0.000000
vn -0.000000 1.000000 0.000000
vn -0.000000 1.000000 0.000000
vn -0.000000 1.000000 0.000000
vn -0.000000 1.000000 0.000000
vn -0.000000 1.000000 0.000000
vn -0.000000 1.000000 0.000000
vn -0.000000 1.000000 0.000000
vn -0.000000 1.000000 0.000000
vn -0.000000 1.000000 0.000000
vn -0.000000 1.000000 0.000000
vn -0.000000 1.000000 0.000000
vn -0.000000 1.000000 0.000000
vn -0.000000 1.000000 0.000000
vn -0.000000 1.000000 0.000000
vn -0.000000 1.000000 0.000000
vn -0.000000 1.000000 0.000000
vn -0.000000 1.000000 0.000000
vn -0.000000 1.000000 0.000000
vn -0.000000 1.000000 0.000000
vn -0.000000 1.000000 0.000000
vn -0.000000 1.000000 0.000000
vn -0.000000 1.000000 0.000000
vn -0.000000 1.000000 0.000000
vn -0.000000 1.000000 0.000000
vn -0.000000 1.000000 0.000000
vn -0.000000 1.000000 0.000000
vn -0.000000 1.000000 0.000000
vn -0.000000 1.000000 0.000000
vn -0.000000 1.000000 0.000000
vn -0.000000 1.000000 0.000000
vn -0.000000 1.000000 0.000000
vn -0.000000 1.000000 0.000000
vn -0.000000 1.000000 0.000000
vn -0.000000 1.000000 0.000000
vn -0.000000 1.000000 0.000000
vn -0.000000 1.000000 0.000000
vn -0.000000 1.000000 0.000000
vn -0.000000 1.000000 0.000000
vn -0.000000 1.000000 0.000000
vn -0.000000 1.000000 0.000000
vn -0.000000 1.000000 0.000000
vn -0.000000 1.000000 0.000000
vn 0.991915 0.000000 -0.126902
vn 0.991915 0.000000 -0.126902
vn 0.964604 -0.000000 0.263701
vn 0.867115 0.000000 -0.498109
vn 0.609319 0.000000 -0.792925
vn 0.867115 0.000000 -0.498109
vn 0.609319 0.000000 -0.792925
vn 0.258104 0.000000 -0.966117
vn -0.132694 0.000000 -0.991157
vn 0.258104 0.000000 -0.966117
vn -0.132694 0.000000 -0.991157
vn -0.503187 0.000000 -0.864178
vn -0.503187 0.000000 -0.864178
vn -0.796386 0.000000 -0.604789
vn -0.796386 0.000000 -0.604789
vn -0.796386 0.000000 -0.604789
vn 0.964604 -0.000000 0.263701
vn 0.789390 -0.000000 0.613892
vn 0.789390 -0.000000 0.613892
vn 0.789352 -0.000000 0.613941
vn 0.789352 -0.000000 0.613941
vn 0.789352 -0.000000 0.613941
vn 0.789352 -0.000000 0.613941
vn 0.789352 -0.000000 0.613941
vn 0.793096 -0.000000 0.609097
vn 0.793096 -0.000000 0.609097
vn 0.499076 -0.000000 0.866558
vn 0.128698 -0.000000 0.991684
vn 0.499076 -0.000000 0.866558
vn 0.793096 -0.000000 0.609097
vn 0.128698 -0.000000 0.991684
vn -0.261408 -0.000000 0.965229
vn -0.261408 -0.000000 0.965229
vn -0.611473 -0.000000 0.791265
vn -0.868138 -0.000000 0.496322
vn -0.611473 -0.000000 0.791265
vn -0.868138 -0.000000 0.496322
vn -0.992081 -0.000000 0.125598
vn -0.992081 -0.000000 0.125598
vn -0.964412 0.000000 -0.264403
vn -0.789390 0.000000 -0.613892
vn -0.789390 0.000000 -0.613892
vn -0.964412 0.000000 -0.264403
vn -0.789390 0.000000 -0.613892
vn -0.789304 0.000000 -0.614003
vn -0.789304 0.000000 -0.614003
vn -0.789304 0.000000 -0.614003
vn -0.789304 0.000000 -0.614003
vn -0.789304 0.000000 -0.614003
vn -0.789304 0.000000 -0.614003
vn 0.948693 0.000000 -0.316198
vn 0.948693 0.000000 -0.316198
vn 0.998475 -0.000000 0.055199
vn 0.998475 -0.000000 0.055199
vn 0.894427 -0.000000 0.447214
vn 0.643199 -0.000000 0.765699
vn 0.894427 -0.000000 0.447214
vn 0.643199 -0.000000 0.765699
vn 0.316198 -0.000000 0.948693
vn 0.316198 -0.000000 0.948693
vn -0.055199 -0.000000 0.998475
vn -0.055199 -0.000000 0.998475
vn -0.447213 -0.000000 0.894427
vn -0.765699 -0.000000 0.643199
vn -0.447213 -0.000000 0.894427
vn -0.765699 -0.000000 0.643199
vn -0.948693 -0.000000 0.316198
vn -0.948693 -0.000000 0.316198
vn -0.998475 0.000000 -0.055199
vn -0.998475 0.000000 -0.055199
vn -0.894427 0.000000 -0.447214
vn -0.894427 0.000000 -0.447214
vn -0.643199 0.000000 -0.765699
vn -0.643199 0.000000 -0.765699
vn -0.316198 0.000000 -0.948693
vn -0.316198 0.000000 -0.948693
vn 0.055199 0.000000 -0.998475
vn 0.447213 0.000000 -0.894427
vn 0.055199 0.000000 -0.998475
vn 0.447213 0.000000 -0.894427
vn 0.765699 0.000000 -0.643199
vn 0.948663 0.000000 -0.316288
vn 0.765699 0.000000 -0.643199
vn 0.948663 0.000000 -0.316288
vn 0.948693 0.000000 -0.316198
vn 0.948693 0.000000 -0.316198
vn 0.998475 -0.000000 0.055199
vn 0.998475 -0.000000 0.055199
vn 0.894427 -0.000000 0.447214
vn 0.643199 -0.000000 0.765699
vn 0.894427 -0.000000 0.447214
vn 0.643199 -0.000000 0.765699
vn 0.316198 -0.000000 0.948693
vn 0.316198 -0.000000 0.948693
vn -0.055199 -0.000000 0.998475
vn -0.055199 -0.000000 0.998475
vn -0.447213 -0.000000 0.894427
vn -0.765699 -0.000000 0.643199
vn -0.447213 -0.000000 0.894427
vn -0.765699 -0.000000 0.643199
vn -0.948693 -0.000000 0.316198
vn -0.948693 -0.000000 0.316198
vn -0.998475 0.000000 -0.055199
vn -0.998475 0.000000 -0.055199
vn -0.894427 0.000000 -0.447214
vn -0.894427 0.000000 -0.447214
vn -0.643199 0.000000 -0.765699
vn -0.643199 0.000000 -0.765699
vn -0.316198 0.000000 -0.948693
vn -0.316198 0.000000 -0.948693
vn 0.055199 0.000000 -0.998475
vn 0.447213 0.000000 -0.894427
vn 0.055199 0.000000 -0.998475
vn 0.447213 0.000000 -0.894427
vn 0.765699 0.000000 -0.643199
vn 0.765699 0.000000 -0.643199
vn 0.948663 0.000000 -0.316288
vn 0.948663 0.000000 -0.316288
vn 0.948693 0.000000 -0.316198
vn 0.948693 0.000000 -0.316198
vn 0.998475 -0.000000 0.055199
vn 0.998475 -0.000000 0.055199
vn 0.894427 -0.000000 0.447214
vn 0.643199 -0.000000 0.765699
vn 0.894427 -0.000000 0.447214
vn 0.643199 -0.000000 0.765699
vn 0.316198 -0.000000 0.948693
vn 0.316198 -0.000000 0.948693
vn -0.055199 -0.000000 0.998475
vn -0.055199 -0.000000 0.998475
vn -0.447213 -0.000000 0.894427
vn -0.765699 -0.000000 0.643199
vn -0.447213 -0.000000 0.894427
vn -0.765699 -0.000000 0.643199
vn -0.948693 -0.000000 0.316198
vn -0.948693 -0.000000 0.316198
vn -0.998475 0.000000 -0.055199
vn -0.998475 0.000000 -0.055199
vn -0.894427 0.000000 -0.447214
vn -0.894427 0.000000 -0.447214
vn -0.643199 0.000000 -0.765699
vn -0.316198 0.000000 -0.948693
vn -0.643199 0.000000 -0.765699
vn -0.316198 0.000000 -0.948693
vn 0.055199 0.000000 -0.998475
vn 0.447213 0.000000 -0.894427
vn 0.055199 0.000000 -0.998475
vn 0.447213 0.000000 -0.894427
vn 0.765699 0.000000 -0.643199
vn 0.765699 0.000000 -0.643199
vn 0.948663 0.000000 -0.316288
vn 0.948663 0.000000 -0.316288
vn -0.948663 0.000000 -0.316288
vn -0.948663 0.000000 -0.316288
vn -0.765699 0.000000 -0.643199
vn -0.765699 0.000000 -0.643199
vn -0.447214 0.000000 -0.894427
vn -0.055199 0.000000 -0.998475
vn -0.447214 0.000000 -0.894427
vn -0.055199 0.000000 -0.998475
vn 0.316198 0.000000 -0.948693
vn 0.316198 0.000000 -0.948693
vn 0.643199 0.000000 -0.765699
vn 0.643199 0.000000 -0.765699
vn 0.894427 0.000000 -0.447214
vn 0.998475 0.000000 -0.055199
vn 0.894427 0.000000 -0.447214
vn 0.998475 0.000000 -0.055199
vn 0.948693 -0.000000 0.316198
vn 0.948693 -0.000000 0.316198
vn 0.765699 -0.000000 0.643199
vn 0.447214 -0.000000 0.894427
vn 0.765699 -0.000000 0.643199
vn 0.447214 -0.000000 0.894427
vn 0.055199 -0.000000 0.998475
vn -0.316198 -0.000000 0.948693
vn 0.055199 -0.000000 0.998475
vn -0.316198 -0.000000 0.948693
vn -0.643199 -0.000000 0.765699
vn -0.643199 -0.000000 0.765699
vn -0.894427 -0.000000 0.447214
vn -0.894427 -0.000000 0.447214
vn -0.998475 -0.000000 0.055199
vn -0.998475 -0.000000 0.055199
vn -0.948693 0.000000 -0.316198
vn -0.948693 0.000000 -0.316198
vn -0.948663 0.000000 -0.316288
vn -0.948663 0.000000 -0.316288
vn -0.765699 0.000000 -0.643199
vn -0.765699 0.000000 -0.643199
vn -0.447214 0.000000 -0.894427
vn -0.055199 0.000000 -0.998475
vn -0.447214 0.000000 -0.894427
vn -0.055199 0.000000 -0.998475
vn 0.316198 0.000000 -0.948693
vn 0.316198 0.000000 -0.948693
vn 0.643199 0.000000 -0.765699
vn 0.643199 0.000000 -0.765699
vn 0.894427 0.000000 -0.447214
vn 0.998475 0.000000 -0.055199
vn 0.894427 0.000000 -0.447214
vn 0.998475 0.000000 -0.055199
vn 0.948693 -0.000000 0.316198
vn 0.948693 -0.000000 0.316198
vn 0.765699 -0.000000 0.643199
vn 0.765699 -0.000000 0.643199
vn 0.447214 -0.000000 0.894427
vn 0.447214 -0.000000 0.894427
vn 0.055199 -0.000000 0.998475
vn 0.055199 -0.000000 0.998475
vn -0.316198 -0.000000 0.948693
vn -0.316198 -0.000000 0.948693
vn -0.643199 -0.000000 0.765699
vn -0.894427 -0.000000 0.447214
vn -0.643199 -0.000000 0.765699
vn -0.894427 -0.000000 0.447214
vn -0.998475 -0.000000 0.055199
vn -0.948693 0.000000 -0.316198
vn -0.998475 -0.000000 0.055199
vn -0.948693 0.000000 -0.316198
vn -0.948663 0.000000 -0.316288
vn -0.948663 0.000000 -0.316288
vn -0.765699 0.000000 -0.643199
vn -0.765699 0.000000 -0.643199
vn -0.447214 0.000000 -0.894427
vn -0.055199 0.000000 -0.998475
vn -0.447214 0.000000 -0.894427
vn -0.055199 0.000000 -0.998475
vn 0.316198 0.000000 -0.948693
vn 0.316198 0.000000 -0.948693
vn 0.643199 0.000000 -0.765699
vn 0.643199 0.000000 -0.765699
vn 0.894427 0.000000 -0.447214
vn 0.998475 0.000000 -0.055199
vn 0.894427 0.000000 -0.447214
vn 0.998475 0.000000 -0.055199
vn 0.948693 -0.000000 0.316198
vn 0.948693 -0.000000 0.316198
vn 0.765699 -0.000000 0.643199
vn 0.765699 -0.000000 0.643199
vn 0.447214 -0.000000 0.894427
vn 0.447214 -0.000000 0.894427
vn 0.055199 -0.000000 0.998475
vn 0.055199 -0.000000 0.998475
vn -0.316198 -0.000000 0.948693
vn -0.316198 -0.000000 0.948693
vn -0.643199 -0.000000 0.765699
vn -0.894427 -0.000000 0.447214
vn -0.643199 -0.000000 0.765699
vn -0.894427 -0.000000 0.447214
vn -0.998475 -0.000000 0.055199
vn -0.998475 -0.000000 0.055199
vn -0.948693 0.000000 -0.316198
vn -0.948693 0.000000 -0.316198
vn 0.789304 0.000000 -0.614003
vn 0.789304 0.000000 -0.614003
vn 0.789304 0.000000 -0.614003
vn 0.789304 0.000000 -0.614003
vn 0.789304 0.000000 -0.614003
vn 0.789390 0.000000 -0.613892
vn 0.789390 0.000000 -0.613892
vn 0.964412 0.000000 -0.264403
vn 0.992081 -0.000000 0.125598
vn 0.964412 0.000000 -0.264403
vn 0.992081 -0.000000 0.125598
vn 0.789390 0.000000 -0.613892
vn 0.868139 -0.000000 0.496322
vn 0.611473 -0.000000 0.791265
vn 0.868139 -0.000000 0.496322
vn 0.611473 -0.000000 0.791265
vn 0.261408 -0.000000 0.965228
vn -0.128698 -0.000000 0.991684
vn 0.261408 -0.000000 0.965228
vn -0.128698 -0.000000 0.991684
vn -0.499076 -0.000000 0.866558
vn -0.793096 -0.000000 0.609097
vn -0.499076 -0.000000 0.866558
vn -0.793096 -0.000000 0.609097
vn -0.793096 -0.000000 0.609097
vn -0.789352 -0.000000 0.613941
vn -0.789352 -0.000000 0.613941
vn -0.789352 -0.000000 0.613941
vn -0.789352 -0.000000 0.613941
vn -0.789352 -0.000000 0.613941
vn -0.789352 -0.000000 0.613941
vn -0.789390 -0.000000 0.613892
vn -0.789390 -0.000000 0.613892
vn -0.964604 -0.000000 0.263701
vn -0.964604 -0.000000 0.263701
vn -0.991915 0.000000 -0.126902
vn -0.867115 0.000000 -0.498108
vn -0.991915 0.000000 -0.126902
vn -0.867115 0.000000 -0.498108
vn -0.609319 0.000000 -0.792925
vn -0.258105 0.000000 -0.966117
vn -0.609319 0.000000 -0.792925
vn -0.258105 0.000000 -0.966117
vn 0.132694 0.000000 -0.991157
vn 0.503187 0.000000 -0.864178
vn 0.132694 0.000000 -0.991157
vn 0.503187 0.000000 -0.864178
vn 0.796386 0.000000 -0.604789
vn 0.796386 0.000000 -0.604789
vn -0.789390 -0.000000 0.613892
vn 0.316288 0.000000 -0.948663
vn 0.316288 0.000000 -0.948663
vn 0.674487 0.000000 -0.738286
vn 0.674487 0.000000 -0.738286
vn 0.913477 0.000000 -0.406890
vn 0.913477 0.000000 -0.406890
vn 0.999579 0.000000 -0.028999
vn 0.999579 0.000000 -0.028999
vn 0.948663 -0.000000 0.316288
vn 0.948663 -0.000000 0.316288
vn 0.774576 -0.000000 0.632481
vn 0.774576 -0.000000 0.632481
vn 0.468407 -0.000000 0.883513
vn 0.468407 -0.000000 0.883513
vn 0.072299 -0.000000 0.997383
vn 0.072299 -0.000000 0.997383
vn -0.316198 -0.000000 0.948693
vn -0.316198 -0.000000 0.948693
vn -0.674224 -0.000000 0.738527
vn -0.674224 -0.000000 0.738527
vn -0.913477 -0.000000 0.406890
vn -0.913477 -0.000000 0.406890
vn -0.999579 -0.000000 0.028999
vn -0.999579 -0.000000 0.028999
vn -0.948663 0.000000 -0.316288
vn -0.948663 0.000000 -0.316288
vn -0.774625 0.000000 -0.632420
vn -0.774625 0.000000 -0.632420
vn -0.468407 0.000000 -0.883513
vn -0.468407 0.000000 -0.883513
vn -0.072299 0.000000 -0.997383
vn -0.072299 0.000000 -0.997383
vn 0.316198 0.000000 -0.948693
vn 0.316198 0.000000 -0.948693
vn -0.316108 0.000000 -0.948723
vn -0.316108 0.000000 -0.948723
vn 0.096295 0.000000 -0.995353
vn 0.096295 0.000000 -0.995353
vn 0.486610 0.000000 -0.873619
vn 0.486610 0.000000 -0.873619
vn 0.782213 0.000000 -0.623011
vn 0.782213 0.000000 -0.623011
vn 0.948693 0.000000 -0.316198
vn 0.948693 0.000000 -0.316198
vn 0.999151 -0.000000 0.041198
vn 0.999151 -0.000000 0.041198
vn 0.904814 -0.000000 0.425807
vn 0.904814 -0.000000 0.425807
vn 0.656300 -0.000000 0.754500
vn 0.656300 -0.000000 0.754500
vn 0.316198 -0.000000 0.948693
vn 0.316198 -0.000000 0.948693
vn -0.096295 -0.000000 0.995353
vn -0.096295 -0.000000 0.995353
vn -0.486687 -0.000000 0.873577
vn -0.486687 -0.000000 0.873577
vn -0.782213 -0.000000 0.623011
vn -0.782213 -0.000000 0.623011
vn -0.948693 -0.000000 0.316198
vn -0.948693 -0.000000 0.316198
vn -0.999151 0.000000 -0.041198
vn -0.999151 0.000000 -0.041198
vn -0.904871 0.000000 -0.425686
vn -0.904871 0.000000 -0.425686
vn -0.656300 0.000000 -0.754500
vn -0.656300 0.000000 -0.754500
vn -0.316318 0.000000 -0.948653
vn -0.316318 0.000000 -0.948653
vn 0.000000 -0.000000 1.000000
vn 0.000000 -0.000000 1.000000
vn 0.000000 -0.000000 1.000000
vn 0.000000 -0.000000 1.000000
vn -0.000100 -0.000000 1.000000
vn -0.261408 -0.000000 0.965229
vn -0.000100 -0.000000 1.000000
vn -0.261408 -0.000000 0.965229
vn -0.546667 -0.000000 0.837350
vn -0.546667 -0.000000 0.837350
vn -0.842812 -0.000000 0.538208
vn -0.842812 -0.000000 0.538208
vn -1.000000 0.000000 -0.000200
vn -0.842424 0.000000 -0.538815
vn -1.000000 0.000000 -0.000200
vn -0.842424 0.000000 -0.538815
vn -0.546411 0.000000 -0.837517
vn -0.546411 0.000000 -0.837517
vn -0.259299 0.000000 -0.965797
vn -0.259299 0.000000 -0.965797
vn -0.000100 0.000000 -1.000000
vn -0.000100 0.000000 -1.000000
vn -0.000000 0.000000 -1.000000
vn -0.000000 0.000000 -1.000000
vn -0.000000 0.000000 -1.000000
vn -0.000000 0.000000 -1.000000
vn 0.000100 0.000000 -1.000000
vn 0.261408 0.000000 -0.965229
vn 0.000100 0.000000 -1.000000
vn 0.261408 0.000000 -0.965229
vn 0.546667 0.000000 -0.837350
vn 0.546667 0.000000 -0.837350
vn 0.842812 0.000000 -0.538208
vn 0.842812 0.000000 -0.538208
vn 1.000000 -0.000000 0.000200
vn 1.000000 -0.000000 0.000200
vn 0.842424 -0.000000 0.538815
vn 0.546411 -0.000000 0.837517
vn 0.842424 -0.000000 0.538815
vn 0.546411 -0.000000 0.837517
vn 0.259299 -0.000000 0.965797
vn 0.259299 -0.000000 0.965797
vn 0.000100 -0.000000 1.000000
vn 0.000100 -0.000000 1.000000
vn -0.000100 -0.000000 1.000000
vn -0.261408 -0.000000 0.965229
vn -0.000100 -0.000000 1.000000
vn -0.261408 -0.000000 0.965229
vn -0.546667 -0.000000 0.837350
vn -0.546667 -0.000000 0.837350
vn -0.842812 -0.000000 0.538208
vn -0.842812 -0.000000 0.538208
vn -1.000000 0.000000 -0.000200
vn -0.842424 0.000000 -0.538815
vn -1.000000 0.000000 -0.000200
vn -0.842424 0.000000 -0.538815
vn -0.546411 0.000000 -0.837517
vn -0.546411 0.000000 -0.837517
vn -0.259299 0.000000 -0.965797
vn -0.259299 0.000000 -0.965797
vn -0.000100 0.000000 -1.000000
vn -0.000100 0.000000 -1.000000
vn -0.000000 0.000000 -1.000000
vn -0.000000 0.000000 -1.000000
vn -0.000000 0.000000 -1.000000
vn -0.000000 0.000000 -1.000000
vn 0.000100 0.000000 -1.000000
vn 0.261408 0.000000 -0.965229
vn 0.000100 0.000000 -1.000000
vn 0.261408 0.000000 -0.965229
vn 0.546667 0.000000 -0.837350
vn 0.546667 0.000000 -0.837350
vn 0.842812 0.000000 -0.538208
vn 0.842812 0.000000 -0.538208
vn 1.000000 -0.000000 0.000200
vn 1.000000 -0.000000 0.000200
vn 0.842424 -0.000000 0.538815
vn 0.546411 -0.000000 0.837517
vn 0.842424 -0.000000 0.538815
vn 0.546411 -0.000000 0.837517
vn 0.259299 -0.000000 0.965797
vn 0.259299 -0.000000 0.965797
vn 0.000100 -0.000000 1.000000
vn 0.000100 -0.000000 1.000000
vn 0.000000 -0.000000 1.000000
vn 0.000000 -0.000000 1.000000
vn 0.000000 -0.000000 1.000000
vn 0.000000 -0.000000 1.000000
vn -0.793230 0.000000 -0.608923
vn -0.793230 0.000000 -0.608923
vn -0.793230 0.000000 -0.608923
vn -0.793230 0.000000 -0.608923
vn 0.793230 0.000000 -0.608923
vn 0.793230 0.000000 -0.608923
vn 0.793230 0.000000 -0.608923
vn 0.793230 0.000000 -0.608923
vn 0.974979 0.000100 -0.222295
vn 0.741097 0.000000 -0.671398
vn 0.974979 0.000000 -0.222295
vn 0.741097 0.000000 -0.671398
vn 0.346099 0.000000 -0.938198
vn -0.082400 0.000000 -0.996599
vn 0.346099 0.000000 -0.938198
vn -0.082400 0.000000 -0.996599
vn -0.463103 0.000000 -0.886305
vn -0.463103 0.000000 -0.886305
vn -0.801414 0.000000 -0.598110
vn -0.801414 0.000000 -0.598110
vn -0.989181 0.000000 -0.146697
vn -0.989181 0.000000 -0.146697
vn -0.939407 -0.000000 0.342803
vn -0.939407 -0.000000 0.342803
vn -0.932409 -0.000000 0.361404
vn -0.932409 -0.000000 0.361404
vn -0.950929 -0.000000 0.309409
vn -0.950929 -0.000000 0.309409
vn -0.969444 -0.000000 0.245311
vn -0.969444 -0.000000 0.245311
vn 0.000000 -0.000000 1.000000
vn 0.000000 -0.000000 1.000000
vn 0.000000 -0.000000 1.000000
vn 0.000000 -0.000000 1.000000
vn -1.000000 0.000000 0.000000
vn -1.000000 0.000000 0.000000
vn -1.000000 0.000000 0.000000
vn -1.000000 0.000000 0.000000
vn -0.000000 0.000000 -1.000000
vn -0.000000 0.000000 -1.000000
vn -0.000000 0.000000 -1.000000
vn -0.000000 0.000000 -1.000000
vn -0.977808 -0.000000 0.209502
vn -0.977808 -0.000000 0.209502
vn -0.993446 -0.000000 0.114305
vn -0.993446 -0.000000 0.114305
vn 0.000000 -0.000000 1.000000
vn 0.000000 -0.000000 1.000000
vn 0.000000 -0.000000 1.000000
vn 0.000000 -0.000000 1.000000
vn -1.000000 0.000000 0.000000
vn -1.000000 0.000000 0.000000
vn -1.000000 0.000000 0.000000
vn -1.000000 0.000000 0.000000
vn -0.000000 0.000000 -1.000000
vn -0.000000 0.000000 -1.000000
vn -0.000000 0.000000 -1.000000
vn -0.000000 0.000000 -1.000000
vn -0.000000 0.000000 -1.000000
vn -0.000000 0.000000 -1.000000
vn -0.000000 0.000000 -1.000000
vn -0.000000 0.000000 -1.000000
vn 1.000000 0.000000 -0.000000
vn 1.000000 0.000000 -0.000000
vn 1.000000 0.000000 -0.000000
vn 1.000000 0.000000 -0.000000
vn 0.000000 -0.000000 1.000000
vn 0.000000 -0.000000 1.000000
vn 0.000000 -0.000000 1.000000
vn 0.000000 -0.000000 1.000000
vn 0.993446 -0.000000 0.114305
vn 0.993446 -0.000000 0.114305
vn 0.977808 -0.000000 0.209502
vn 0.977808 -0.000000 0.209502
vn -0.000000 0.000000 -1.000000
vn -0.000000 0.000000 -1.000000
vn -0.000000 0.000000 -1.000000
vn -0.000000 0.000000 -1.000000
vn 1.000000 0.000000 -0.000000
vn 1.000000 0.000000 -0.000000
vn 1.000000 0.000000 -0.000000
vn 1.000000 0.000000 -0.000000
vn 0.000000 -0.000000 1.000000
vn 0.000000 -0.000000 1.000000
vn 0.000000 -0.000000 1.000000
vn 0.000000 -0.000000 1.000000
vn 0.969444 -0.000000 0.245311
vn 0.951163 -0.000000 0.308688
vn 0.969444 -0.000000 0.245311
vn 0.951163 -0.000000 0.308688
vn 0.932718 -0.000000 0.360607
vn 0.932718 -0.000000 0.360607
vn 0.940927 -0.000000 0.338610
vn 0.984658 0.000000 -0.174493
vn 0.940927 -0.000000 0.338610
vn 0.984658 0.000000 -0.174493
vn 0.790616 0.000000 -0.612312
vn 0.790616 0.000000 -0.612312
vn 0.456111 0.000000 -0.889923
vn 0.456111 0.000000 -0.889923
vn 0.074800 0.000000 -0.997199
vn 0.074800 0.000000 -0.997199
vn -0.362200 0.000000 -0.932100
vn -0.362200 0.000000 -0.932100
vn -0.760427 0.000000 -0.649423
vn -0.760427 0.000000 -0.649423
vn -0.974979 0.000000 -0.222295
vn -0.974979 0.000000 -0.222295
vn -0.169294 -0.000000 0.985566
vn -0.090004 -0.000000 0.995941
vn -0.090004 -0.000000 0.995941
vn -0.169294 -0.000000 0.985566
vn -0.090004 -0.000000 0.995941
vn -0.035399 -0.000000 0.999373
vn -0.035399 -0.000000 0.999373
vn -0.002800 -0.000000 0.999996
vn -0.002800 -0.000000 0.999996
vn 0.005400 -0.000000 0.999985
vn 0.005400 -0.000000 0.999985
vn 0.007300 -0.000000 0.999973
vn 0.007300 -0.000000 0.999973
vn 0.007700 -0.000000 0.999970
vn 0.007700 -0.000000 0.999970
vn 0.007700 -0.000000 0.999970
vn 0.007700 -0.000000 0.999970
vn 0.007700 -0.000000 0.999970
vn 0.007300 -0.000000 0.999973
vn -0.035399 -0.000000 0.999373
vn 1.000000 0.000000 -0.000000
vn 1.000000 0.000000 -0.000000
vn 1.000000 0.000000 -0.000000
vn 1.000000 0.000000 -0.000000
vn 0.000000 -0.000000 1.000000
vn 0.000000 -0.000000 1.000000
vn 0.000000 -0.000000 1.000000
vn 0.000000 -0.000000 1.000000
vn -1.000000 0.000000 0.000000
vn -1.000000 0.000000 0.000000
vn -1.000000 0.000000 0.000000
vn -1.000000 0.000000 0.000000
vn 0.000000 -0.000000 1.000000
vn 0.000000 -0.000000 1.000000
vn 0.000000 -0.000000 1.000000
vn 0.000000 -0.000000 1.000000
vn 0.000000 -0.000000 1.000000
vn -0.000000 0.000000 -1.000000
vn -0.000000 0.000000 -1.000000
vn -0.000000 0.000000 -1.000000
vn -0.000000 0.000000 -1.000000
vn 0.973119 0.000000 -0.230304
vn 0.964387 0.000000 -0.264496
vn 0.973119 0.000000 -0.230304
vn 0.964387 0.000000 -0.264496
vn 0.970301 0.000000 -0.241900
vn 0.970301 0.000000 -0.241900
vn 0.995245 0.097404 -0.000000
vn 0.995245 0.097404 -0.000000
vn 1.000000 0.000000 -0.000000
vn 1.000000 0.000000 -0.000000
vn 0.998754 0.049898 -0.000000
vn 1.000000 0.000000 -0.000000
vn 0.995245 0.097404 -0.000000
vn 0.000000 -0.000000 1.000000
vn 0.000000 -0.000000 1.000000
vn 0.000000 -0.000000 1.000000
vn 0.000000 -0.000000 1.000000
vn 0.000000 -0.000000 1.000000
vn -0.000000 0.000000 -1.000000
vn -0.000000 0.000000 -1.000000
vn -0.000000 0.000000 -1.000000
vn -0.000000 0.000000 -1.000000
vn -0.970301 0.000000 -0.241900
vn -0.970301 0.000000 -0.241900
vn -0.964387 0.000000 -0.264496
vn -0.973119 0.000000 -0.230304
vn -0.964387 0.000000 -0.264496
vn -0.973119 0.000000 -0.230304
vn -1.000000 0.000000 0.000000
vn -1.000000 0.000000 0.000000
vn -0.995245 0.097404 0.000000
vn -0.995245 0.097404 0.000000
vn -0.995235 0.097503 0.000000
vn -0.998754 0.049898 0.000000
vn -1.000000 0.000000 0.000000
vn -0.977635 0.000000 -0.210308
vn -0.993561 0.000000 -0.113296
vn -0.977635 0.000000 -0.210308
vn -0.993561 0.000000 -0.113296
vn -0.098098 0.000000 -0.995177
vn -0.042600 0.000000 -0.999092
vn -0.042500 0.000000 -0.999096
vn -0.098098 0.000000 -0.995177
vn -0.042500 0.000000 -0.999096
vn -0.011900 0.000000 -0.999929
vn -0.012000 0.000000 -0.999928
vn 0.004300 0.000000 -0.999991
vn 0.004300 0.000000 -0.999991
vn 0.007700 0.000000 -0.999970
vn 0.007700 0.000000 -0.999970
vn -0.007600 0.000000 -0.999971
vn -0.007700 0.000000 -0.999970
vn -0.007600 0.000000 -0.999971
vn -0.007700 0.000000 -0.999970
vn -0.004900 0.000000 -0.999988
vn -0.004900 0.000000 -0.999988
vn 0.009999 0.000000 -0.999950
vn 0.009999 0.000000 -0.999950
vn 0.040699 0.000000 -0.999171
vn 0.040799 0.000000 -0.999167
vn 0.098098 0.000000 -0.995177
vn 0.098098 0.000000 -0.995177
vn 0.040699 0.000000 -0.999171
vn 0.009999 0.000000 -0.999950
vn -0.011900 0.000000 -0.999929
vn 0.793181 0.000000 -0.608986
vn 0.654588 0.000000 -0.755986
vn 0.793181 0.000000 -0.608986
vn 0.654588 0.000000 -0.755986
vn 0.485711 0.000000 -0.874120
vn 0.296207 0.000000 -0.955124
vn 0.485711 0.000000 -0.874120
vn 0.296207 0.000000 -0.955124
vn 0.098197 0.000000 -0.995167
vn 0.098197 0.000000 -0.995167
vn -0.814112 -0.000000 0.580708
vn -0.687184 -0.000000 0.726483
vn -0.814112 -0.000000 0.580708
vn -0.687184 -0.000000 0.726483
vn -0.531786 -0.000000 0.846879
vn -0.531786 -0.000000 0.846879
vn -0.355787 -0.000000 0.934567
vn -0.169408 -0.000000 0.985546
vn -0.355787 -0.000000 0.934567
vn -0.169408 -0.000000 0.985546
vn -0.793181 0.000000 -0.608986
vn -0.654588 0.000000 -0.755986
vn -0.793181 0.000000 -0.608986
vn -0.654588 0.000000 -0.755986
vn -0.485711 0.000000 -0.874119
vn -0.485711 0.000000 -0.874119
vn -0.296088 0.000000 -0.955161
vn -0.098197 0.000000 -0.995167
vn -0.296088 0.000000 -0.955161
vn -0.098197 0.000000 -0.995167
vn -0.007700 -0.000000 0.999970
vn -0.007800 -0.000000 0.999970
vn -0.007800 -0.000000 0.999970
vn -0.007700 -0.000000 0.999970
vn -0.007800 -0.000000 0.999970
vn -0.007400 -0.000000 0.999973
vn -0.007400 -0.000000 0.999973
vn -0.005700 -0.000000 0.999984
vn -0.005700 -0.000000 0.999984
vn 0.002000 -0.000000 0.999998
vn 0.002000 -0.000000 0.999998
vn 0.035199 -0.000000 0.999380
vn 0.035299 -0.000000 0.999377
vn 0.089896 -0.000000 0.995951
vn 0.169294 -0.000000 0.985566
vn 0.089905 -0.000000 0.995950
vn 0.089896 -0.000000 0.995951
vn 0.169294 -0.000000 0.985566
vn 0.035299 -0.000000 0.999377
vn -0.007400 -0.000000 0.999973
vn 0.814112 -0.000000 0.580708
vn 0.687337 -0.000000 0.726339
vn 0.814112 -0.000000 0.580708
vn 0.687337 -0.000000 0.726339
vn 0.531787 -0.000000 0.846878
vn 0.531787 -0.000000 0.846878
vn 0.355492 -0.000000 0.934679
vn 0.169408 -0.000000 0.985546
vn 0.355492 -0.000000 0.934679
vn 0.169408 -0.000000 0.985546
vn 0.993561 0.000000 -0.113296
vn 0.993561 0.000000 -0.113296
vn 0.977635 0.000000 -0.210308
vn 0.977635 0.000000 -0.210308
vn 0.814193 -0.000000 0.580595
vn 0.814193 -0.000000 0.580595
vn 0.814193 -0.000000 0.580595
vn 0.814193 -0.000000 0.580595
vn 0.814193 -0.000000 0.580595
vn 0.905764 -0.000000 0.423783
vn 0.814193 -0.000000 0.580595
vn 0.905764 -0.000000 0.423783
vn 0.968170 -0.000000 0.250292
vn 0.997672 -0.000000 0.068198
vn 0.968170 -0.000000 0.250292
vn 0.997672 -0.000000 0.068198
vn 0.993573 0.000000 -0.113197
vn 0.993573 0.000000 -0.113197
vn -0.814193 -0.000000 0.580595
vn -0.814193 -0.000000 0.580595
vn -0.814193 -0.000000 0.580595
vn -0.814193 -0.000000 0.580595
vn -0.814193 -0.000000 0.580595
vn -0.905707 -0.000000 0.423904
vn -0.814193 -0.000000 0.580595
vn -0.905707 -0.000000 0.423904
vn -0.968170 -0.000000 0.250292
vn -0.968170 -0.000000 0.250292
vn -0.997679 -0.000000 0.068099
vn -0.997679 -0.000000 0.068099
vn -0.993573 0.000000 -0.113197
vn -0.993573 0.000000 -0.113197
vn 0.000000 -1.000000 -0.000000
vn 0.000000 -1.000000 -0.000000
vn 0.000000 -1.000000 -0.000000
vn 0.000000 -1.000000 -0.000000
vn 0.000000 -1.000000 -0.000000
vn 0.000000 -1.000000 -0.000000
vn 0.000000 -1.000000 -0.000000
vn 0.000000 -1.000000 -0.000000
vn 0.000000 -1.000000 -0.000000
vn 0.000000 -1.000000 -0.000000
vn 0.000000 -1.000000 -0.000000
vn 0.000000 -1.000000 -0.000000
vn 0.000000 -1.000000 -0.000000
vn 0.000000 -1.000000 -0.000000
vn 0.000000 -1.000000 -0.000000
vn 0.000000 -1.000000 -0.000000
vn 0.000000 -1.000000 -0.000000
vn 0.000000 -1.000000 -0.000000
vn 0.000000 -1.000000 -0.000000
vn 0.000000 -1.000000 -0.000000
vn 0.000000 -1.000000 -0.000000
vn 0.000000 -1.000000 -0.000000
vn 0.000000 -1.000000 -0.000000
vn 0.000000 -1.000000 -0.000000
vn 0.000000 -1.000000 -0.000000
vn 0.000000 -1.000000 -0.000000
vn 0.000000 -1.000000 -0.000000
vn 0.000000 -1.000000 -0.000000
vn 0.000000 -1.000000 -0.000000
vn 0.000000 -1.000000 -0.000000
vn 0.000000 -1.000000 -0.000000
vn 0.000000 -1.000000 -0.000000
vn 0.000000 -1.000000 -0.000000
vn 0.000000 -1.000000 -0.000000
vn 0.000000 -1.000000 -0.000000
vn 0.000000 -1.000000 -0.000000
vn 0.000000 -1.000000 -0.000000
vn 0.000000 -1.000000 -0.000000
vn 0.000000 -1.000000 -0.000000
vn 0.000000 -1.000000 -0.000000
vn 0.000000 -1.000000 -0.000000
vn 0.000000 -1.000000 -0.000000
vn 0.000000 -1.000000 -0.000000
vn 0.000000 -1.000000 -0.000000
vn 0.000000 -1.000000 -0.000000
vn 0.000000 -1.000000 -0.000000
vn 0.000000 -1.000000 -0.000000
vn 0.000000 -1.000000 -0.000000
vn 0.000000 -1.000000 -0.000000
vn 0.000000 -1.000000 -0.000000
vn 0.000000 -1.000000 -0.000000
vn 0.000000 -1.000000 -0.000000
vn 0.000000 -1.000000 -0.000000
vn 0.000000 -1.000000 -0.000000
vn 0.000000 -1.000000 -0.000000
vn 0.000000 -1.000000 -0.000000
vn 0.000000 -1.000000 -0.000000
vn 0.000000 -1.000000 -0.000000
vn 0.000000 -1.000000 -0.000000
vn 0.000000 -1.000000 -0.000000
vn 0.000000 -1.000000 -0.000000
vn 0.000000 -1.000000 -0.000000
vn 0.000000 -1.000000 -0.000000
vn 0.000000 -1.000000 -0.000000
vn 0.000000 -1.000000 -0.000000
vn 0.000000 -1.000000 -0.000000
vn 0.000000 -1.000000 -0.000000
vn 0.000000 -1.000000 -0.000000
vn 0.000000 -1.000000 -0.000000
vn 0.000000 -1.000000 -0.000000
vn 0.000000 -1.000000 -0.000000
vn 0.000000 -1.000000 -0.000000
vn 0.000000 -1.000000 -0.000000
vn 0.000000 -1.000000 -0.000000
vn 0.000000 -1.000000 -0.000000
vn 0.000000 -1.000000 -0.000000
vn 0.000000 -1.000000 -0.000000
vn 0.000000 -1.000000 -0.000000
vn 0.000000 -1.000000 -0.000000
vn 0.000000 -1.000000 -0.000000
vn 0.000000 -1.000000 -0.000000
vn 0.000000 -1.000000 -0.000000
vn 0.000000 -1.000000 -0.000000
vn 0.000000 -1.000000 -0.000000
vn 0.000000 -1.000000 -0.000000
vn 0.000000 -1.000000 -0.000000
vn 0.000000 -1.000000 -0.000000
vn 0.000000 -1.000000 -0.000000
vn 0.000000 -1.000000 -0.000000
vn 0.000000 -1.000000 -0.000000
vn 0.000000 -1.000000 -0.000000
vn 0.000000 -1.000000 -0.000000
vn 0.000000 -1.000000 -0.000000
vn 0.000000 -1.000000 -0.000000
vn 0.000000 -1.000000 -0.000000
vn 0.000000 -1.000000 -0.000000
vn 0.000000 -1.000000 -0.000000
vn 0.000000 -1.000000 -0.000000
vn 0.000000 -1.000000 -0.000000
vn 0.000000 -1.000000 -0.000000
vn 0.000000 -1.000000 -0.000000
vn 0.000000 -1.000000 -0.000000
vn 0.000000 -1.000000 -0.000000
vn 0.000000 -1.000000 -0.000000
vn 0.000000 -1.000000 -0.000000
vn 0.000000 -1.000000 -0.000000
vn 0.000000 -1.000000 -0.000000
vn 0.000000 -1.000000 -0.000000
vn 0.000000 -1.000000 -0.000000
vn 0.000000 -1.000000 -0.000000
vn 0.000000 -1.000000 -0.000000
vn 0.000000 -1.000000 -0.000000
vn 0.000000 -1.000000 -0.000000
vn 0.000000 -1.000000 -0.000000
vn 0.000000 -1.000000 -0.000000
vn 0.000000 -1.000000 -0.000000
vn 0.000000 -1.000000 -0.000000
vn 0.000000 -1.000000 -0.000000
vn 0.000000 -1.000000 -0.000000
vn 0.000000 -1.000000 -0.000000
vn 0.000000 -1.000000 -0.000000
vn 0.000000 -1.000000 -0.000000
vn 0.000000 -1.000000 -0.000000
vn 0.000000 -1.000000 -0.000000
vn 0.000000 -1.000000 -0.000000
vn 0.000000 -1.000000 -0.000000
vn 0.000000 -1.000000 -0.000000
vn 0.000000 -1.000000 -0.000000
vn 0.000000 -1.000000 -0.000000
vn 0.000000 -1.000000 -0.000000
vn 0.000000 -1.000000 -0.000000
vn 0.000000 -1.000000 -0.000000
vn 0.000000 -1.000000 -0.000000
vn 0.000000 -1.000000 -0.000000
vn 0.000000 -1.000000 -0.000000
vn 0.000000 -1.000000 -0.000000
vn 0.000000 -1.000000 -0.000000
vn 0.000000 -1.000000 -0.000000
vn 0.000000 -1.000000 -0.000000
vn 0.000000 -1.000000 -0.000000
vn 0.000000 -1.000000 -0.000000
vn 0.000000 -1.000000 -0.000000
vn 0.000000 -1.000000 -0.000000
vn 0.000000 -1.000000 -0.000000
vn 0.000000 -1.000000 -0.000000
vn 0.000000 -1.000000 -0.000000
vn 0.000000 -1.000000 -0.000000
vn 0.000000 -1.000000 -0.000000
vn 0.000000 -1.000000 -0.000000
vn 0.000000 -1.000000 -0.000000
vn 0.000000 -1.000000 -0.000000
vn 0.000000 -1.000000 -0.000000
vn 0.000000 -1.000000 -0.000000
vn 0.000000 -1.000000 -0.000000
vn 0.000000 -1.000000 -0.000000
vn 0.000000 -1.000000 -0.000000
vn 0.000000 -1.000000 -0.000000
vn 0.000000 -1.000000 -0.000000
vn 0.000000 -1.000000 -0.000000
vn 0.000000 -1.000000 -0.000000
vn 0.000000 -1.000000 -0.000000
vn 0.000000 -1.000000 -0.000000
vn 0.000000 -1.000000 -0.000000
vn 0.000000 -1.000000 -0.000000
vn 0.000000 -1.000000 -0.000000
vn 0.000000 -1.000000 -0.000000
vn 0.000000 -1.000000 -0.000000
vn 0.000000 -1.000000 -0.000000
vn 0.000000 -1.000000 -0.000000
vn 0.000000 -1.000000 -0.000000
vn 0.000000 -1.000000 -0.000000
vn 0.000000 -1.000000 -0.000000
vn 0.000000 -1.000000 -0.000000
vn 0.000000 -1.000000 -0.000000
vn 0.000000 -1.000000 -0.000000
vn 0.000000 -1.000000 -0.000000
vn 0.000000 -1.000000 -0.000000
vn 0.000000 -1.000000 -0.000000
vn 0.000000 -1.000000 -0.000000
vn 0.000000 -1.000000 -0.000000
vn 0.000000 -1.000000 -0.000000
vn 0.000000 -1.000000 -0.000000
vn 0.000000 -1.000000 -0.000000
vn 0.000000 -1.000000 -0.000000
vn 0.000000 -1.000000 -0.000000
vn 0.000000 -1.000000 -0.000000
vn 0.000000 -1.000000 -0.000000
vn 0.000000 -1.000000 -0.000000
vn 0.000000 -1.000000 -0.000000
vn 0.000000 -1.000000 -0.000000
vn 0.000000 -1.000000 -0.000000
vn 0.000000 -1.000000 -0.000000
vn 0.000000 -1.000000 -0.000000
vn 0.000000 -1.000000 -0.000000
vn 0.000000 -1.000000 -0.000000
vn 0.000000 -1.000000 -0.000000
vn 0.000000 -1.000000 -0.000000
vn 0.000000 -1.000000 -0.000000
vn 0.000000 -1.000000 -0.000000
vn 0.000000 -1.000000 -0.000000
vn 0.000000 -1.000000 -0.000000
vn 0.000000 -1.000000 -0.000000
vn 0.000000 -1.000000 -0.000000
vn 0.000000 -1.000000 -0.000000
vn 0.000000 -1.000000 -0.000000
vn 0.000000 -1.000000 -0.000000
vn 0.000000 -1.000000 -0.000000
vn 0.000000 -1.000000 -0.000000
vn 0.000000 -1.000000 -0.000000
vn 0.000000 -1.000000 -0.000000
vn 0.000000 -1.000000 -0.000000
vn 0.000000 -1.000000 -0.000000
vn 0.000000 -1.000000 -0.000000
vn 0.000000 -1.000000 -0.000000
vn 0.000000 -1.000000 -0.000000
vn 0.000000 -1.000000 -0.000000
vn 0.000000 -1.000000 -0.000000
vn 0.000000 -1.000000 -0.000000
vn 0.000000 -1.000000 -0.000000
vn 0.000000 -1.000000 -0.000000
vn 0.000000 -1.000000 -0.000000
vn 0.000000 -1.000000 -0.000000
vn 0.000000 -1.000000 -0.000000
vn 0.000000 -1.000000 -0.000000
vn 0.000000 -1.000000 -0.000000
vn 0.000000 -1.000000 -0.000000
vn 0.000000 -1.000000 -0.000000
vn 0.000000 -1.000000 -0.000000
vn 0.000000 -1.000000 -0.000000
vn 0.000000 -1.000000 -0.000000
vn 0.000000 -1.000000 -0.000000
vn 0.000000 -1.000000 -0.000000
vn 0.000000 -1.000000 -0.000000
vn 0.000000 -1.000000 -0.000000
vn 0.000000 -1.000000 -0.000000
vn 0.000000 -1.000000 -0.000000
vn 0.000000 -1.000000 -0.000000
vn 0.000000 -1.000000 -0.000000
vn 0.000000 -1.000000 -0.000000
vn 0.000000 -1.000000 -0.000000
vn 0.000000 -1.000000 -0.000000
vn 0.000000 -1.000000 -0.000000
vn 0.000000 -1.000000 -0.000000
vn 0.000000 -1.000000 -0.000000
vn 0.000000 -1.000000 -0.000000
vn 0.000000 -1.000000 -0.000000
vn 0.000000 -1.000000 -0.000000
vn 0.000000 -1.000000 -0.000000
vn 0.000000 -1.000000 -0.000000
vn 0.000000 -1.000000 -0.000000
vn 0.000000 -1.000000 -0.000000
vn 0.000000 -1.000000 -0.000000
vn 0.000000 -1.000000 -0.000000
vn 0.000000 -1.000000 -0.000000
vn 0.000000 -1.000000 -0.000000
vn 0.000000 -1.000000 -0.000000
vn 0.000000 -1.000000 -0.000000
vn 0.000000 -1.000000 -0.000000
vn 0.000000 -1.000000 -0.000000
vn 0.000000 -1.000000 -0.000000
vn 0.000000 -1.000000 -0.000000
vn 0.000000 -1.000000 -0.000000
vn 0.000000 -1.000000 -0.000000
vn 0.000000 -1.000000 -0.000000
vn 0.000000 -1.000000 -0.000000
vn 0.000000 -1.000000 -0.000000
vn 0.000000 -1.000000 -0.000000
vn 0.000000 -1.000000 -0.000000
vn 0.000000 -1.000000 -0.000000
vn 0.000000 -1.000000 -0.000000
vn 0.000000 -1.000000 -0.000000
vn 0.000000 -1.000000 -0.000000
vn 0.000000 -1.000000 -0.000000
vn 0.000000 -1.000000 -0.000000
vn 0.000000 -1.000000 -0.000000
vn 0.000000 -1.000000 -0.000000
vn 0.000000 -1.000000 -0.000000
vn 0.000000 -1.000000 -0.000000
vn 0.000000 -1.000000 -0.000000
vn 0.000000 -1.000000 -0.000000
vn 0.000000 -1.000000 -0.000000
vn 0.000000 -1.000000 -0.000000
vn 0.000000 -1.000000 -0.000000
vn 0.000000 -1.000000 -0.000000
vn 0.000000 -1.000000 -0.000000
vn 0.000000 -1.000000 -0.000000
vn 0.000000 -1.000000 -0.000000
vn 0.000000 -1.000000 -0.000000
vn 0.000000 -1.000000 -0.000000
vn 0.000000 -1.000000 -0.000000
vn 0.000000 -1.000000 -0.000000
vn 0.000000 -1.000000 -0.000000
vn 0.000000 -1.000000 -0.000000
vn 0.000000 -1.000000 -0.000000
vn 0.000000 -1.000000 -0.000000
vn 0.000000 -1.000000 -0.000000
vn 0.000000 -1.000000 -0.000000
vn 0.000000 -1.000000 -0.000000
vn 0.000000 -1.000000 -0.000000
vn 0.000000 -1.000000 -0.000000
vn 0.000000 -1.000000 -0.000000
vn 0.000000 -1.000000 -0.000000
vn 0.000000 -1.000000 -0.000000
vn 0.000000 -1.000000 -0.000000
vn 0.000000 -1.000000 -0.000000
vn 0.000000 -1.000000 -0.000000
vn 0.000000 -1.000000 -0.000000
vn 0.000000 -1.000000 -0.000000
vn 0.000000 -1.000000 -0.000000
vn 0.000000 -1.000000 -0.000000
vn 0.000000 -1.000000 -0.000000
vn 0.000000 -1.000000 -0.000000
vn 0.000000 -1.000000 -0.000000
vn 0.000000 -1.000000 -0.000000
vn 0.000000 -1.000000 -0.000000
vn 0.000000 -1.000000 -0.000000
vn 0.000000 -1.000000 -0.000000
vn 0.000000 -1.000000 -0.000000
vn 0.000000 -1.000000 -0.000000
vn 0.000000 -1.000000 -0.000000
vn 0.000000 -1.000000 -0.000000
vn 0.000000 -1.000000 -0.000000
vn 0.000000 -1.000000 -0.000000
vn 0.000000 -1.000000 -0.000000
vn 0.000000 -1.000000 -0.000000
vn 0.000000 -1.000000 -0.000000
vn 0.000000 -1.000000 -0.000000
vn 0.000000 -1.000000 -0.000000
vn 0.000000 -1.000000 -0.000000
vn 0.000000 -1.000000 -0.000000
vn 0.000000 -1.000000 -0.000000
vn 0.000000 -1.000000 -0.000000
vn 0.000000 -1.000000 -0.000000
vn 0.000000 -1.000000 -0.000000
vn 0.000000 -1.000000 -0.000000
vn 0.000000 -1.000000 -0.000000
vn 0.000000 -1.000000 -0.000000
vn 0.000000 -1.000000 -0.000000
vn 0.000000 -1.000000 -0.000000
vn 0.000000 -1.000000 -0.000000
vn 0.000000 -1.000000 -0.000000
vn 0.000000 -1.000000 -0.000000
vn 0.000000 -1.000000 -0.000000
vn 0.000000 -1.000000 -0.000000
vn 0.000000 -1.000000 -0.000000
vn 0.000000 -1.000000 -0.000000
vn 0.000000 -1.000000 -0.000000
vn 0.000000 -1.000000 -0.000000
vn 0.000000 -1.000000 -0.000000
vn 0.000000 -1.000000 -0.000000
vn 0.000000 -1.000000 -0.000000
vn 0.000000 -1.000000 -0.000000
vn 0.000000 -1.000000 -0.000000
vn 0.000000 -1.000000 -0.000000
vn 0.000000 -1.000000 -0.000000
vn 0.000000 -1.000000 -0.000000
vn 0.000000 -1.000000 -0.000000
vn 0.000000 -1.000000 -0.000000
vn 0.000000 -1.000000 -0.000000
vn 0.000000 -1.000000 -0.000000
vn 0.000000 -1.000000 -0.000000
vn 0.000000 -1.000000 -0.000000
vn 0.000000 -1.000000 -0.000000
vn 0.000000 -1.000000 -0.000000
vn 0.000000 -1.000000 -0.000000
vn 0.000000 -1.000000 -0.000000
vn 0.000000 -1.000000 -0.000000
vn 0.000000 -1.000000 -0.000000
vn 0.000000 -1.000000 -0.000000
vn 0.000000 -1.000000 -0.000000
vn 0.000000 -1.000000 -0.000000
vn 0.000000 -1.000000 -0.000000
vn 0.000000 -1.000000 -0.000000
vn 0.000000 -1.000000 -0.000000
vn 0.000000 -1.000000 -0.000000
vn 0.000000 -1.000000 -0.000000
vn 0.000000 -1.000000 -0.000000
vn 0.000000 -1.000000 -0.000000
vn 0.000000 -1.000000 -0.000000
vn 0.000000 -1.000000 -0.000000
vn 0.000000 -1.000000 -0.000000
vn 0.000000 -1.000000 -0.000000
vn 0.000000 -1.000000 -0.000000
vn 0.000000 -1.000000 -0.000000
vn 0.000000 -1.000000 -0.000000
vn 0.000000 -1.000000 -0.000000
vn 0.000000 -1.000000 -0.000000
vn 0.000000 -1.000000 -0.000000
vn 0.000000 -1.000000 -0.000000
vn 0.000000 -1.000000 -0.000000
vn 0.000000 -1.000000 -0.000000
vn 0.000000 -1.000000 -0.000000
vn 0.000000 -1.000000 -0.000000
vn 0.000000 -1.000000 -0.000000
vn 0.000000 -1.000000 -0.000000
vn 0.000000 -1.000000 -0.000000
vn 0.000000 -1.000000 -0.000000
vn 0.000000 -1.000000 -0.000000
vn 0.000000 -1.000000 -0.000000
vn 0.000000 -1.000000 -0.000000
vn 0.000000 -1.000000 -0.000000
vn 0.000000 -1.000000 -0.000000
vn 0.000000 -1.000000 -0.000000
vn 0.000000 -1.000000 -0.000000
vn 0.000000 -1.000000 -0.000000
vn 0.000000 -1.000000 -0.000000
vn 0.000000 -1.000000 -0.000000
vn 0.000000 -1.000000 -0.000000
vn 0.000000 -1.000000 -0.000000
vn 0.000000 -1.000000 -0.000000
vn 0.000000 -1.000000 -0.000000
vn 0.000000 -1.000000 -0.000000
vn 0.000000 -1.000000 -0.000000
vn 0.000000 -1.000000 -0.000000
vn 0.000000 -1.000000 -0.000000
vn 0.000000 -1.000000 -0.000000
vn 0.000000 -1.000000 -0.000000
vn 0.000000 -1.000000 -0.000000
vn 0.000000 -1.000000 -0.000000
vn 0.000000 -1.000000 -0.000000
vn 0.000000 -1.000000 -0.000000
vn 0.000000 -1.000000 -0.000000
vn 0.000000 -1.000000 -0.000000
vn 0.000000 -1.000000 -0.000000
vn 0.000000 -1.000000 -0.000000
vn 0.000000 -1.000000 -0.000000
vn 0.000000 -1.000000 -0.000000
f 1//1 2//2 4//4
f 1//1 3//3 2//2
f 5//5 3//3 1//1
f 5//5 6//6 3//3
f 6//6 5//5 7//7
f 8//8 7//7 5//5
f 9//9 8//8 5//5
f 15//15 10//10 9//9
f 10//10 11//11 9//9
f 11//11 12//12 9//9
f 9//9 12//12 13//13
f 14//14 9//9 13//13
f 16//16 9//9 14//14
f 16//16 8//8 9//9
f 16//16 14//14 17//17
f 7//7 8//8 16//16
f 7//7 16//16 17//17
f 6//6 7//7 17//17
f 18//18 6//6 17//17
f 17//17 14//14 18//18
f 19//19 6//6 18//18
f 20//20 21//21 19//19
f 19//19 21//21 6//6
f 21//21 20//20 22//22
f 21//21 22//22 2//2
f 2//2 3//3 21//21
f 3//3 6//6 21//21
f 2//2 22//22 23//23
f 22//22 24//24 23//23
f 24//24 22//22 20//20
f 25//25 23//23 24//24
f 25//25 26//26 28//28
f 26//26 25//25 27//27
f 23//23 25//25 28//28
f 23//23 28//28 29//29
f 29//29 28//28 30//30
f 30//30 28//28 26//26
f 30//30 26//26 31//31
f 32//32 30//30 31//31
f 32//32 31//31 103//103
f 33//33 30//30 32//32
f 29//29 30//30 33//33
f 35//35 29//29 33//33
f 34//34 33//33 32//32
f 36//36 35//35 33//33
f 37//37 35//35 36//36
f 36//36 38//38 37//37
f 39//39 37//37 38//38
f 38//38 40//40 39//39
f 37//37 39//39 41//41
f 39//39 42//42 41//41
f 42//42 43//43 41//41
f 44//44 43//43 42//42
f 42//42 45//45 44//44
f 50//50 44//44 45//45
f 46//46 45//45 49//49
f 45//45 46//46 50//50
f 49//49 45//45 47//47
f 47//47 45//45 48//48
f 50//50 53//53 51//51
f 51//51 94//94 44//44
f 51//51 44//44 50//50
f 50//50 52//52 53//53
f 50//50 46//46 52//52
f 54//54 51//51 53//53
f 53//53 55//55 54//54
f 56//56 57//57 55//55
f 57//57 54//54 55//55
f 57//57 59//59 58//58
f 58//58 93//93 54//54
f 58//58 54//54 57//57
f 57//57 56//56 59//59
f 61//61 68//68 58//58
f 61//61 58//58 59//59
f 60//60 59//59 56//56
f 59//59 60//60 62//62
f 62//62 61//61 59//59
f 60//60 63//63 62//62
f 63//63 64//64 62//62
f 61//61 62//62 64//64
f 64//64 69//69 65//65
f 66//66 68//68 64//64
f 64//64 67//67 66//66
f 64//64 68//68 61//61
f 64//64 63//63 69//69
f 69//69 70//70 65//65
f 70//70 69//69 63//63
f 70//70 63//63 71//71
f 72//72 70//70 71//71
f 72//72 71//71 75//75
f 72//72 65//65 70//70
f 65//65 72//72 73//73
f 73//73 72//72 74//74
f 75//75 74//74 72//72
f 74//74 75//75 76//76
f 74//74 76//76 77//77
f 76//76 75//75 71//71
f 77//77 76//76 78//78
f 56//56 76//76 60//60
f 60//60 76//76 71//71
f 78//78 76//76 56//56
f 78//78 79//79 77//77
f 77//77 79//79 73//73
f 79//79 80//80 73//73
f 73//73 80//80 81//81
f 82//82 81//81 80//80
f 81//81 82//82 83//83
f 83//83 82//82 84//84
f 84//84 85//85 83//83
f 84//84 86//86 85//85
f 86//86 89//89 85//85
f 87//87 88//88 86//86
f 87//87 86//86 90//90
f 89//89 86//86 88//88
f 90//90 91//91 48//48
f 87//87 90//90 48//48
f 48//48 91//91 92//92
f 92//92 47//47 48//48
f 74//74 77//77 73//73
f 71//71 63//63 60//60
f 93//93 58//58 68//68
f 68//68 66//66 93//93
f 93//93 66//66 51//51
f 93//93 51//51 54//54
f 95//95 94//94 67//67
f 66//66 67//67 94//94
f 95//95 44//44 94//94
f 95//95 43//43 44//44
f 94//94 51//51 66//66
f 41//41 43//43 96//96
f 99//99 97//97 96//96
f 97//97 98//98 96//96
f 98//98 41//41 96//96
f 99//99 4//4 29//29
f 29//29 97//97 99//99
f 41//41 98//98 37//37
f 98//98 97//97 35//35
f 98//98 35//35 37//37
f 29//29 35//35 97//97
f 34//34 104//104 100//100
f 34//34 103//103 101//101
f 101//101 102//102 34//34
f 104//104 34//34 102//102
f 34//34 32//32 103//103
f 105//105 104//104 108//108
f 105//105 536//536 106//106
f 105//105 106//106 104//104
f 106//106 107//107 104//104
f 104//104 107//107 100//100
f 104//104 102//102 108//108
f 109//109 108//108 102//102
f 109//109 110//110 108//108
f 110//110 541//541 111//111
f 110//110 111//111 108//108
f 113//113 108//108 111//111
f 112//112 105//105 108//108
f 108//108 113//113 112//112
f 113//113 111//111 114//114
f 114//114 119//119 115//115
f 114//114 115//115 113//113
f 113//113 115//115 118//118
f 113//113 118//118 112//112
f 120//120 116//116 115//115
f 117//117 115//115 116//116
f 117//117 118//118 115//115
f 115//115 119//119 120//120
f 122//122 121//121 120//120
f 121//121 123//123 120//120
f 120//120 119//119 122//122
f 124//124 123//123 121//121
f 126//126 124//124 121//121
f 124//124 126//126 125//125
f 125//125 126//126 127//127
f 127//127 126//126 128//128
f 131//131 128//128 126//126
f 131//131 126//126 121//121
f 12//12 128//128 130//130
f 128//128 12//12 11//11
f 128//128 131//131 129//129
f 130//130 128//128 129//129
f 127//127 128//128 11//11
f 131//131 121//121 132//132
f 131//131 132//132 129//129
f 122//122 132//132 121//121
f 130//130 13//13 12//12
f 127//127 133//133 134//134
f 11//11 133//133 127//127
f 127//127 134//134 125//125
f 133//133 135//135 134//134
f 135//135 137//137 136//136
f 137//137 135//135 138//138
f 133//133 138//138 135//135
f 11//11 138//138 133//133
f 11//11 10//10 138//138
f 138//138 10//10 139//139
f 138//138 139//139 137//137
f 140//140 136//136 137//137
f 137//137 139//139 143//143
f 137//137 143//143 140//140
f 141//141 140//140 142//142
f 140//140 141//141 136//136
f 140//140 144//144 142//142
f 140//140 143//143 144//144
f 147//147 145//145 144//144
f 146//146 142//142 144//144
f 144//144 148//148 146//146
f 143//143 147//147 144//144
f 149//149 146//146 148//148
f 150//150 146//146 149//149
f 151//151 150//150 149//149
f 150//150 151//151 152//152
f 152//152 151//151 153//153
f 152//152 153//153 107//107
f 107//107 153//153 154//154
f 155//155 107//107 154//154
f 155//155 154//154 156//156
f 155//155 156//156 157//157
f 155//155 157//157 158//158
f 158//158 157//157 159//159
f 160//160 161//161 159//159
f 161//161 158//158 159//159
f 158//158 161//161 162//162
f 158//158 162//162 247//247
f 161//161 163//163 166//166
f 161//161 166//166 162//162
f 163//163 161//161 160//160
f 164//164 163//163 160//160
f 164//164 165//165 163//163
f 163//163 165//165 167//167
f 163//163 167//167 166//166
f 162//162 166//166 168//168
f 162//162 168//168 246//246
f 166//166 167//167 170//170
f 166//166 169//169 168//168
f 166//166 170//170 169//169
f 167//167 171//171 170//170
f 171//171 172//172 173//173
f 167//167 172//172 171//171
f 174//174 173//173 172//172
f 173//173 174//174 175//175
f 179//179 175//175 174//174
f 175//175 179//179 176//176
f 176//176 178//178 175//175
f 177//177 175//175 178//178
f 180//180 179//179 174//174
f 179//179 181//181 176//176
f 182//182 176//176 181//181
f 182//182 147//147 176//176
f 147//147 182//182 145//145
f 165//165 164//164 180//180
f 174//174 165//165 180//180
f 15//15 178//178 176//176
f 183//183 177//177 178//178
f 178//178 184//184 183//183
f 185//185 183//183 184//184
f 184//184 186//186 185//185
f 185//185 186//186 187//187
f 187//187 186//186 188//188
f 189//189 188//188 186//186
f 190//190 188//188 189//189
f 190//190 191//191 188//188
f 193//193 192//192 191//191
f 192//192 188//188 191//191
f 194//194 193//193 191//191
f 194//194 191//191 195//195
f 195//195 201//201 194//194
f 198//198 195//195 196//196
f 196//196 195//195 197//197
f 199//199 197//197 195//195
f 195//195 198//198 202//202
f 199//199 195//195 200//200
f 195//195 202//202 201//201
f 203//203 204//204 201//201
f 204//204 194//194 201//201
f 206//206 205//205 204//204
f 205//205 260//260 194//194
f 205//205 194//194 204//204
f 204//204 203//203 206//206
f 206//206 207//207 205//205
f 205//205 207//207 209//209
f 208//208 209//209 207//207
f 209//209 212//212 210//210
f 210//210 211//211 209//209
f 209//209 211//211 260//260
f 209//209 260//260 205//205
f 213//213 209//209 208//208
f 209//209 213//213 212//212
f 214//214 213//213 208//208
f 212//212 213//213 214//214
f 215//215 212//212 214//214
f 215//215 214//214 216//216
f 218//218 217//217 216//216
f 217//217 215//215 216//216
f 219//219 217//217 218//218
f 219//219 218//218 220//220
f 220//220 221//221 219//219
f 221//221 220//220 222//222
f 223//223 221//221 222//222
f 223//223 222//222 224//224
f 227//227 225//225 224//224
f 224//224 225//225 226//226
f 226//226 228//228 224//224
f 223//223 224//224 228//228
f 228//228 226//226 229//229
f 230//230 231//231 228//228
f 228//228 231//231 223//223
f 223//223 231//231 232//232
f 230//230 232//232 231//231
f 232//232 230//230 234//234
f 232//232 233//233 219//219
f 232//232 219//219 221//221
f 233//233 232//232 234//234
f 221//221 223//223 232//232
f 235//235 234//234 230//230
f 235//235 240//240 236//236
f 235//235 236//236 234//234
f 234//234 236//236 233//233
f 236//236 237//237 238//238
f 240//240 241//241 237//237
f 240//240 237//237 236//236
f 236//236 239//239 233//233
f 238//238 239//239 236//236
f 240//240 235//235 243//243
f 241//241 240//240 242//242
f 240//240 243//243 242//242
f 243//243 246//246 244//244
f 243//243 245//245 242//242
f 246//246 243//243 235//235
f 246//246 168//168 244//244
f 247//247 162//162 246//246
f 100//100 246//246 235//235
f 248//248 247//247 246//246
f 248//248 246//246 100//100
f 107//107 248//248 100//100
f 107//107 155//155 248//248
f 155//155 158//158 247//247
f 155//155 247//247 248//248
f 245//245 249//249 242//242
f 249//249 250//250 242//242
f 250//250 249//249 251//251
f 252//252 253//253 251//251
f 253//253 254//254 251//251
f 251//251 254//254 250//250
f 254//254 253//253 256//256
f 254//254 256//256 255//255
f 250//250 254//254 255//255
f 250//250 255//255 257//257
f 258//258 255//255 256//256
f 257//257 255//255 258//258
f 257//257 258//258 210//210
f 258//258 193//193 259//259
f 193//193 258//258 256//256
f 210//210 258//258 259//259
f 210//210 259//259 211//211
f 194//194 259//259 193//193
f 260//260 211//211 259//259
f 194//194 260//260 259//259
f 237//237 241//241 257//257
f 257//257 210//210 237//237
f 242//242 250//250 257//257
f 242//242 257//257 241//241
f 256//256 192//192 193//193
f 253//253 261//261 192//192
f 253//253 192//192 256//256
f 252//252 261//261 253//253
f 261//261 188//188 192//192
f 263//263 262//262 261//261
f 261//261 262//262 188//188
f 252//252 263//263 261//261
f 263//263 264//264 262//262
f 264//264 265//265 262//262
f 265//265 267//267 262//262
f 266//266 267//267 265//265
f 267//267 266//266 183//183
f 183//183 185//185 187//187
f 183//183 187//187 267//267
f 267//267 187//187 188//188
f 267//267 188//188 262//262
f 266//266 177//177 183//183
f 244//244 168//168 169//169
f 239//239 238//238 215//215
f 239//239 215//215 217//217
f 233//233 239//239 217//217
f 233//233 217//217 219//219
f 237//237 268//268 238//238
f 238//238 268//268 212//212
f 238//238 212//212 215//215
f 212//212 268//268 210//210
f 210//210 268//268 237//237
f 230//230 100//100 235//235
f 269//269 229//229 270//270
f 272//272 270//270 229//229
f 229//229 226//226 271//271
f 271//271 272//272 229//229
f 200//200 272//272 275//275
f 272//272 200//200 274//274
f 272//272 273//273 270//270
f 273//273 272//272 274//274
f 272//272 271//271 275//275
f 271//271 519//519 199//199
f 271//271 199//199 275//275
f 200//200 275//275 199//199
f 273//273 274//274 276//276
f 274//274 277//277 276//276
f 277//277 274//274 278//278
f 279//279 278//278 280//280
f 279//279 277//277 278//278
f 280//280 285//285 279//279
f 281//281 283//283 280//280
f 281//281 280//280 282//282
f 284//284 280//280 283//283
f 285//285 280//280 284//284
f 284//284 286//286 285//285
f 288//288 287//287 285//285
f 285//285 287//287 279//279
f 289//289 287//287 288//288
f 290//290 291//291 289//289
f 287//287 289//289 291//291
f 277//277 279//279 291//291
f 279//279 287//287 291//291
f 291//291 292//292 277//277
f 291//291 290//290 292//292
f 292//292 295//295 293//293
f 293//293 276//276 277//277
f 293//293 277//277 292//292
f 290//290 294//294 292//292
f 292//292 294//294 295//295
f 293//293 295//295 299//299
f 296//296 297//297 295//295
f 294//294 296//296 295//295
f 298//298 295//295 297//297
f 301//301 299//299 295//295
f 301//301 295//295 298//298
f 301//301 300//300 299//299
f 300//300 270//270 293//293
f 300//300 293//293 299//299
f 301//301 302//302 300//300
f 302//302 301//301 298//298
f 302//302 298//298 303//303
f 305//305 302//302 303//303
f 302//302 306//306 304//304
f 302//302 304//304 300//300
f 305//305 306//306 302//302
f 307//307 306//306 308//308
f 307//307 304//304 306//306
f 308//308 306//306 309//309
f 309//309 306//306 305//305
f 305//305 310//310 309//309
f 310//310 311//311 309//309
f 311//311 308//308 309//309
f 311//311 310//310 312//312
f 311//311 312//312 313//313
f 313//313 314//314 311//311
f 308//308 311//311 314//314
f 308//308 314//314 315//315
f 315//315 314//314 317//317
f 315//315 317//317 318//318
f 313//313 316//316 314//314
f 314//314 316//316 317//317
f 320//320 318//318 317//317
f 284//284 320//320 317//317
f 317//317 319//319 284//284
f 316//316 319//319 317//317
f 322//322 318//318 320//320
f 322//322 320//320 321//321
f 284//284 283//283 320//320
f 283//283 321//321 320//320
f 324//324 322//322 321//321
f 324//324 321//321 323//323
f 321//321 283//283 323//323
f 324//324 323//323 325//325
f 325//325 323//323 283//283
f 325//325 283//283 281//281
f 328//328 325//325 326//326
f 327//327 326//326 325//325
f 324//324 325//325 328//328
f 325//325 281//281 327//327
f 328//328 326//326 329//329
f 328//328 330//330 324//324
f 328//328 307//307 330//330
f 307//307 322//322 330//330
f 322//322 324//324 330//330
f 329//329 326//326 334//334
f 329//329 339//339 331//331
f 329//329 331//331 338//338
f 329//329 338//338 332//332
f 340//340 329//329 332//332
f 343//343 333//333 329//329
f 335//335 329//329 334//334
f 335//335 336//336 329//329
f 337//337 329//329 336//336
f 337//337 339//339 329//329
f 342//342 329//329 340//340
f 344//344 329//329 341//341
f 341//341 329//329 342//342
f 343//343 329//329 344//344
f 344//344 341//341 348//348
f 344//344 348//348 345//345
f 347//347 343//343 344//344
f 347//347 344//344 345//345
f 345//345 348//348 349//349
f 345//345 349//349 346//346
f 345//345 346//346 376//376
f 345//345 376//376 347//347
f 348//348 341//341 350//350
f 349//349 348//348 351//351
f 348//348 350//350 351//351
f 352//352 349//349 351//351
f 349//349 352//352 353//353
f 349//349 353//353 354//354
f 355//355 354//354 353//353
f 355//355 356//356 354//354
f 354//354 356//356 357//357
f 357//357 359//359 354//354
f 359//359 357//357 358//358
f 365//365 360//360 359//359
f 365//365 359//359 361//361
f 361//361 359//359 362//362
f 363//363 362//362 359//359
f 363//363 359//359 364//364
f 364//364 359//359 366//366
f 359//359 358//358 366//366
f 354//354 359//359 367//367
f 367//367 368//368 354//354
f 367//367 372//372 368//368
f 372//372 367//367 369//369
f 369//369 367//367 370//370
f 371//371 370//370 367//367
f 372//372 373//373 368//368
f 374//374 368//368 373//373
f 374//374 376//376 368//368
f 374//374 375//375 376//376
f 346//346 368//368 376//376
f 376//376 377//377 347//347
f 376//376 375//375 377//377
f 377//377 378//378 347//347
f 347//347 378//378 343//343
f 378//378 379//379 343//343
f 343//343 379//379 380//380
f 380//380 381//381 343//343
f 382//382 333//333 381//381
f 381//381 383//383 382//382
f 333//333 343//343 381//381
f 382//382 383//383 384//384
f 384//384 385//385 382//382
f 386//386 382//382 385//385
f 385//385 387//387 386//386
f 387//387 388//388 386//386
f 386//386 388//388 389//389
f 388//388 390//390 389//389
f 389//389 390//390 370//370
f 370//370 390//390 391//391
f 392//392 370//370 391//391
f 369//369 370//370 392//392
f 393//393 389//389 370//370
f 393//393 370//370 395//395
f 393//393 396//396 386//386
f 393//393 386//386 389//389
f 394//394 396//396 393//393
f 393//393 395//395 394//394
f 333//333 396//396 394//394
f 333//333 382//382 396//396
f 382//382 386//386 396//396
f 371//371 395//395 370//370
f 395//395 371//371 394//394
f 394//394 371//371 397//397
f 400//400 398//398 397//397
f 397//397 398//398 399//399
f 401//401 400//400 397//397
f 371//371 401//401 397//397
f 401//401 403//403 402//402
f 460//460 400//400 401//401
f 460//460 401//401 402//402
f 403//403 401//401 371//371
f 402//402 403//403 404//404
f 402//402 404//404 405//405
f 408//408 406//406 405//405
f 405//405 406//406 407//407
f 407//407 402//402 405//405
f 405//405 409//409 408//408
f 408//408 410//410 406//406
f 410//410 408//408 411//411
f 410//410 411//411 412//412
f 411//411 413//413 412//412
f 413//413 411//411 414//414
f 414//414 418//418 415//415
f 415//415 413//413 414//414
f 414//414 416//416 418//418
f 414//414 417//417 416//416
f 419//419 420//420 418//418
f 426//426 419//419 418//418
f 426//426 418//418 416//416
f 418//418 420//420 415//415
f 420//420 419//419 422//422
f 422//422 421//421 420//420
f 422//422 423//423 421//421
f 422//422 424//424 423//423
f 424//424 422//422 419//419
f 424//424 419//419 426//426
f 424//424 425//425 423//423
f 425//425 424//424 426//426
f 425//425 426//426 427//427
f 426//426 416//416 427//427
f 417//417 428//428 427//427
f 425//425 427//427 428//428
f 427//427 416//416 417//417
f 429//429 425//425 428//428
f 428//428 430//430 429//429
f 430//430 428//428 417//417
f 429//429 430//430 431//431
f 431//431 430//430 417//417
f 432//432 429//429 431//431
f 432//432 431//431 433//433
f 432//432 433//433 434//434
f 435//435 434//434 433//433
f 435//435 436//436 434//434
f 436//436 423//423 434//434
f 423//423 436//436 437//437
f 437//437 436//436 438//438
f 438//438 439//439 437//437
f 439//439 438//438 440//440
f 440//440 438//438 441//441
f 442//442 443//443 441//441
f 443//443 440//440 441//441
f 443//443 442//442 444//444
f 445//445 444//444 442//442
f 446//446 445//445 442//442
f 446//446 447//447 445//445
f 449//449 448//448 447//447
f 447//447 446//446 449//449
f 450//450 449//449 451//451
f 449//449 450//450 452//452
f 452//452 448//448 449//449
f 453//453 454//454 452//452
f 452//452 450//450 457//457
f 452//452 457//457 453//453
f 448//448 452//452 454//454
f 453//453 455//455 454//454
f 456//456 455//455 410//410
f 410//410 455//455 453//453
f 456//456 410//410 412//412
f 453//453 457//457 407//407
f 453//453 407//407 406//406
f 410//410 453//453 406//406
f 457//457 450//450 458//458
f 407//407 457//457 458//458
f 459//459 460//460 458//458
f 460//460 407//407 458//458
f 450//450 451//451 458//458
f 407//407 460//460 402//402
f 459//459 400//400 460//460
f 459//459 398//398 400//400
f 423//423 437//437 421//421
f 434//434 423//423 429//429
f 429//429 432//432 434//434
f 423//423 425//425 429//429
f 346//346 349//349 354//354
f 346//346 354//354 368//368
f 472//472 364//364 366//366
f 472//472 366//366 461//461
f 466//466 461//461 366//366
f 466//466 366//366 462//462
f 462//462 366//366 463//463
f 358//358 463//463 366//366
f 462//462 463//463 464//464
f 465//465 462//462 464//464
f 462//462 465//465 466//466
f 465//465 467//467 466//466
f 468//468 342//342 467//467
f 342//342 466//466 467//467
f 342//342 468//468 469//469
f 342//342 469//469 341//341
f 469//469 470//470 341//341
f 341//341 470//470 471//471
f 350//350 341//341 471//471
f 342//342 340//340 461//461
f 342//342 461//461 466//466
f 461//461 340//340 332//332
f 461//461 332//332 472//472
f 332//332 473//473 472//472
f 474//474 364//364 472//472
f 474//474 472//472 473//473
f 474//474 475//475 364//364
f 364//364 475//475 476//476
f 364//364 476//476 363//363
f 332//332 477//477 473//473
f 477//477 332//332 478//478
f 332//332 479//479 478//478
f 338//338 479//479 332//332
f 338//338 480//480 479//479
f 338//338 481//481 480//480
f 481//481 483//483 482//482
f 338//338 483//483 481//481
f 483//483 486//486 482//482
f 484//484 488//488 485//485
f 484//484 485//485 483//483
f 483//483 338//338 331//331
f 483//483 331//331 484//484
f 486//486 483//483 485//485
f 487//487 486//486 485//485
f 365//365 487//487 360//360
f 487//487 485//485 360//360
f 489//489 485//485 488//488
f 485//485 489//489 360//360
f 491//491 489//489 490//490
f 488//488 509//509 490//490
f 488//488 490//490 489//489
f 489//489 491//491 360//360
f 493//493 492//492 491//491
f 491//491 490//490 493//493
f 493//493 490//490 494//494
f 495//495 492//492 493//493
f 492//492 495//495 496//496
f 496//496 497//497 492//492
f 499//499 498//498 497//497
f 492//492 497//497 498//498
f 499//499 500//500 498//498
f 500//500 499//499 501//501
f 501//501 499//499 502//502
f 503//503 501//501 502//502
f 504//504 503//503 502//502
f 505//505 503//503 504//504
f 334//334 503//503 505//505
f 335//335 334//334 505//505
f 503//503 327//327 506//506
f 503//503 506//506 501//501
f 334//334 326//326 327//327
f 334//334 327//327 503//503
f 501//501 506//506 507//507
f 501//501 507//507 500//500
f 281//281 507//507 506//506
f 281//281 506//506 327//327
f 498//498 507//507 282//282
f 498//498 500//500 507//507
f 507//507 281//281 282//282
f 508//508 494//494 509//509
f 509//509 494//494 490//490
f 508//508 509//509 511//511
f 484//484 510//510 509//509
f 484//484 509//509 488//488
f 509//509 510//510 511//511
f 510//510 512//512 511//511
f 513//513 512//512 339//339
f 512//512 510//510 339//339
f 339//339 337//337 513//513
f 331//331 339//339 510//510
f 331//331 510//510 484//484
f 315//315 318//318 322//322
f 322//322 307//307 308//308
f 308//308 315//315 322//322
f 515//515 284//284 319//319
f 319//319 316//316 514//514
f 515//515 319//319 514//514
f 515//515 516//516 284//284
f 284//284 516//516 286//286
f 303//303 517//517 305//305
f 517//517 303//303 518//518
f 298//298 297//297 518//518
f 303//303 298//298 518//518
f 300//300 304//304 270//270
f 304//304 269//269 270//270
f 270//270 273//273 276//276
f 270//270 276//276 293//293
f 519//519 271//271 226//226
f 519//519 520//520 197//197
f 519//519 197//197 199//199
f 521//521 520//520 519//519
f 519//519 226//226 521//521
f 522//522 521//521 225//225
f 226//226 225//225 521//521
f 523//523 520//520 521//521
f 522//522 523//523 521//521
f 520//520 523//523 524//524
f 196//196 197//197 524//524
f 197//197 520//520 524//524
f 522//522 225//225 227//227
f 15//15 176//176 525//525
f 147//147 525//525 176//176
f 143//143 525//525 147//147
f 525//525 10//10 15//15
f 525//525 139//139 10//10
f 143//143 139//139 525//525
f 165//165 174//174 172//172
f 165//165 172//172 167//167
f 526//526 529//529 152//152
f 152//152 527//527 526//526
f 527//527 152//152 107//107
f 528//528 152//152 529//529
f 528//528 150//150 152//152
f 530//530 529//529 526//526
f 528//528 529//529 531//531
f 532//532 142//142 531//531
f 142//142 528//528 531//531
f 142//142 532//532 141//141
f 530//530 526//526 533//533
f 534//534 533//533 535//535
f 533//533 526//526 535//535
f 536//536 534//534 535//535
f 535//535 526//526 527//527
f 535//535 527//527 537//537
f 536//536 535//535 537//537
f 536//536 537//537 106//106
f 107//107 537//537 527//527
f 537//537 107//107 106//106
f 536//536 118//118 534//534
f 112//112 118//118 536//536
f 112//112 536//536 105//105
f 118//118 117//117 534//534
f 528//528 142//142 146//146
f 528//528 146//146 150//150
f 119//119 538//538 122//122
f 114//114 539//539 538//538
f 114//114 538//538 119//119
f 540//540 539//539 541//541
f 114//114 111//111 539//539
f 539//539 111//111 541//541
f 110//110 540//540 541//541
f 542//542 540//540 110//110
f 542//542 543//543 544//544
f 543//543 542//542 110//110
f 542//542 544//544 545//545
f 546//546 545//545 548//548
f 544//544 547//547 545//545
f 545//545 547//547 548//548
f 31//31 546//546 548//548
f 103//103 31//31 548//548
f 103//103 548//548 101//101
f 101//101 548//548 547//547
f 101//101 547//547 102//102
f 109//109 102//102 547//547
f 547//547 544//544 543//543
f 547//547 543//543 109//109
f 27//27 546//546 31//31
f 110//110 109//109 543//543
f 26//26 27//27 31//31
f 29//29 2//2 23//23
f 4//4 2//2 29//29
f 554//554 552//552 549//549
f 554//554 549//549 550//550
f 550//550 549//549 551//551
f 550//550 551//551 565//565
f 555//555 553//553 552//552
f 555//555 552//552 554//554
f 558//558 553//553 555//555
f 558//558 555//555 556//556
f 557//557 559//559 558//558
f 557//557 558//558 556//556
f 561//561 560//560 559//559
f 561//561 559//559 557//557
f 561//561 563//563 560//560
f 560//560 563//563 562//562
f 563//563 561//561 564//564
f 565//565 551//551 566//566
f 565//565 566//566 567//567
f 569//569 572//572 570//570
f 569//569 570//570 568//568
f 568//568 570//570 571//571
f 574//574 575//575 573//573
f 575//575 574//574 577//577
f 575//575 577//577 579//579
f 575//575 579//579 576//576
f 577//577 574//574 578//578
f 576//576 579//579 580//580
f 576//576 580//580 581//581
f 581//581 580//580 582//582
f 581//581 582//582 584//584
f 583//583 585//585 584//584
f 583//583 584//584 582//582
f 585//585 583//583 587//587
f 585//585 587//587 586//586
f 586//586 587//587 591//591
f 586//586 591//591 588//588
f 588//588 591//591 589//589
f 589//589 590//590 588//588
f 589//589 591//591 592//592
f 594//594 596//596 595//595
f 594//594 595//595 593//593
f 598//598 597//597 596//596
f 598//598 596//596 594//594
f 600//600 599//599 601//601
f 600//600 601//601 602//602
f 602//602 601//601 603//603
f 602//602 603//603 605//605
f 605//605 603//603 604//604
f 605//605 604//604 606//606
f 606//606 604//604 608//608
f 606//606 608//608 607//607
f 609//609 607//607 608//608
f 609//609 608//608 610//610
f 611//611 609//609 610//610
f 611//611 610//610 613//613
f 612//612 611//611 613//613
f 612//612 613//613 614//614
f 616//616 612//612 614//614
f 616//616 614//614 615//615
f 617//617 618//618 616//616
f 617//617 616//616 615//615
f 618//618 617//617 619//619
f 618//618 619//619 620//620
f 620//620 619//619 621//621
f 620//620 621//621 622//622
f 622//622 621//621 623//623
f 622//622 623//623 624//624
f 624//624 623//623 625//625
f 624//624 625//625 627//627
f 627//627 625//625 626//626
f 627//627 626//626 628//628
f 629//629 628//628 626//626
f 629//629 626//626 631//631
f 630//630 629//629 631//631
f 630//630 631//631 632//632
f 634//634 633//633 635//635
f 634//634 635//635 636//636
f 636//636 635//635 637//637
f 636//636 637//637 639//639
f 639//639 637//637 638//638
f 639//639 638//638 640//640
f 641//641 640//640 638//638
f 641//641 638//638 642//642
f 641//641 642//642 644//644
f 641//641 644//644 643//643
f 643//643 644//644 647//647
f 643//643 647//647 645//645
f 645//645 647//647 648//648
f 645//645 648//648 646//646
f 650//650 646//646 648//648
f 650//650 648//648 649//649
f 651//651 652//652 650//650
f 651//651 650//650 649//649
f 652//652 651//651 653//653
f 652//652 653//653 654//654
f 654//654 653//653 655//655
f 654//654 655//655 656//656
f 656//656 655//655 657//657
f 656//656 657//657 658//658
f 658//658 657//657 659//659
f 658//658 659//659 661//661
f 661//661 659//659 660//660
f 661//661 660//660 662//662
f 663//663 662//662 660//660
f 663//663 660//660 664//664
f 665//665 663//663 664//664
f 665//665 664//664 666//666
f 670//670 668//668 667//667
f 670//670 667//667 669//669
f 670//670 669//669 671//671
f 670//670 671//671 673//673
f 673//673 671//671 672//672
f 673//673 672//672 674//674
f 674//674 672//672 676//676
f 674//674 676//676 675//675
f 675//675 676//676 678//678
f 675//675 678//678 677//677
f 677//677 678//678 681//681
f 677//677 681//681 679//679
f 679//679 681//681 682//682
f 679//679 682//682 680//680
f 684//684 680//680 682//682
f 684//684 682//682 683//683
f 685//685 686//686 684//684
f 685//685 684//684 683//683
f 686//686 685//685 687//687
f 686//686 687//687 688//688
f 691//691 688//688 687//687
f 691//691 687//687 689//689
f 692//692 691//691 689//689
f 692//692 689//689 690//690
f 693//693 692//692 690//690
f 693//693 690//690 695//695
f 694//694 693//693 695//695
f 694//694 695//695 696//696
f 694//694 696//696 697//697
f 694//694 697//697 698//698
f 698//698 697//697 699//699
f 698//698 699//699 700//700
f 702//702 701//701 703//703
f 702//702 703//703 704//704
f 704//704 703//703 705//705
f 704//704 705//705 707//707
f 707//707 705//705 706//706
f 707//707 706//706 708//708
f 709//709 708//708 706//706
f 709//709 706//706 710//710
f 709//709 710//710 712//712
f 709//709 712//712 711//711
f 711//711 712//712 715//715
f 711//711 715//715 713//713
f 713//713 715//715 716//716
f 713//713 716//716 714//714
f 718//718 714//714 716//716
f 718//718 716//716 717//717
f 721//721 718//718 717//717
f 721//721 717//717 719//719
f 722//722 721//721 719//719
f 722//722 719//719 720//720
f 722//722 720//720 725//725
f 722//722 725//725 723//723
f 723//723 725//725 726//726
f 723//723 726//726 724//724
f 724//724 726//726 727//727
f 724//724 727//727 728//728
f 728//728 727//727 729//729
f 728//728 729//729 730//730
f 730//730 729//729 731//731
f 730//730 731//731 732//732
f 732//732 731//731 733//733
f 732//732 733//733 734//734
f 736//736 735//735 737//737
f 736//736 737//737 738//738
f 738//738 737//737 739//739
f 738//738 739//739 741//741
f 741//741 739//739 740//740
f 741//741 740//740 742//742
f 743//743 742//742 740//740
f 743//743 740//740 744//744
f 743//743 744//744 746//746
f 743//743 746//746 745//745
f 745//745 746//746 749//749
f 745//745 749//749 747//747
f 748//748 747//747 749//749
f 748//748 749//749 750//750
f 752//752 748//748 750//750
f 752//752 750//750 751//751
f 754//754 752//752 751//751
f 754//754 751//751 753//753
f 756//756 754//754 753//753
f 756//756 753//753 755//755
f 756//756 755//755 757//757
f 756//756 757//757 758//758
f 758//758 757//757 759//759
f 758//758 759//759 760//760
f 760//760 759//759 761//761
f 760//760 761//761 763//763
f 763//763 761//761 762//762
f 763//763 762//762 764//764
f 764//764 762//762 767//767
f 764//764 767//767 765//765
f 765//765 767//767 768//768
f 765//765 768//768 766//766
f 772//772 770//770 769//769
f 772//772 769//769 771//771
f 772//772 771//771 773//773
f 772//772 773//773 775//775
f 775//775 773//773 774//774
f 775//775 774//774 776//776
f 777//777 776//776 774//774
f 777//777 774//774 778//778
f 779//779 777//777 778//778
f 779//779 778//778 780//780
f 781//781 779//779 780//780
f 781//781 780//780 783//783
f 782//782 781//781 783//783
f 782//782 783//783 784//784
f 786//786 782//782 784//784
f 786//786 784//784 785//785
f 788//788 786//786 785//785
f 788//788 785//785 787//787
f 790//790 788//788 787//787
f 790//790 787//787 789//789
f 792//792 790//790 789//789
f 792//792 789//789 791//791
f 794//794 792//792 791//791
f 794//794 791//791 793//793
f 794//794 793//793 795//795
f 794//794 795//795 797//797
f 797//797 795//795 796//796
f 797//797 796//796 798//798
f 798//798 796//796 800//800
f 798//798 800//800 799//799
f 799//799 800//800 802//802
f 799//799 802//802 801//801
f 804//804 806//806 805//805
f 804//804 805//805 803//803
f 804//804 807//807 806//806
f 809//809 810//810 808//808
f 810//810 809//809 812//812
f 810//810 812//812 813//813
f 810//810 813//813 811//811
f 812//812 809//809 814//814
f 811//811 813//813 815//815
f 811//811 815//815 817//817
f 816//816 818//818 817//817
f 816//816 817//817 815//815
f 821//821 819//819 818//818
f 821//821 818//818 816//816
f 819//819 821//821 822//822
f 819//819 822//822 820//820
f 820//820 822//822 823//823
f 820//820 823//823 825//825
f 826//826 823//823 824//824
f 825//825 823//823 826//826
f 826//826 827//827 825//825
f 831//831 829//829 828//828
f 831//831 828//828 830//830
f 832//832 833//833 829//829
f 832//832 829//829 831//831
f 835//835 836//836 834//834
f 836//836 835//835 837//837
f 836//836 837//837 840//840
f 836//836 840//840 838//838
f 838//838 840//840 841//841
f 838//838 841//841 839//839
f 842//842 844//844 839//839
f 842//842 839//839 841//841
f 845//845 844//844 842//842
f 845//845 842//842 843//843
f 845//845 843//843 848//848
f 845//845 848//848 846//846
f 846//846 848//848 849//849
f 846//846 849//849 847//847
f 851//851 847//847 849//849
f 851//851 849//849 850//850
f 837//837 835//835 852//852
f 856//856 854//854 853//853
f 856//856 853//853 855//855
f 858//858 856//856 855//855
f 858//858 855//855 857//857
f 860//860 858//858 857//857
f 860//860 857//857 859//859
f 862//862 860//860 859//859
f 862//862 859//859 861//861
f 864//864 862//862 861//861
f 864//864 861//861 863//863
f 866//866 864//864 863//863
f 866//866 863//863 865//865
f 868//868 866//866 865//865
f 868//868 865//865 867//867
f 870//870 868//868 867//867
f 870//870 867//867 869//869
f 872//872 870//870 869//869
f 872//872 869//869 871//871
f 874//874 872//872 871//871
f 874//874 871//871 873//873
f 876//876 874//874 873//873
f 876//876 873//873 875//875
f 878//878 876//876 875//875
f 878//878 875//875 877//877
f 880//880 878//878 877//877
f 880//880 877//877 879//879
f 882//882 880//880 879//879
f 882//882 879//879 881//881
f 884//884 882//882 881//881
f 884//884 881//881 883//883
f 886//886 884//884 883//883
f 886//886 883//883 885//885
f 890//890 888//888 887//887
f 890//890 887//887 889//889
f 892//892 890//890 889//889
f 892//892 889//889 891//891
f 894//894 892//892 891//891
f 894//894 891//891 893//893
f 896//896 894//894 893//893
f 896//896 893//893 895//895
f 898//898 896//896 895//895
f 898//898 895//895 897//897
f 900//900 898//898 897//897
f 900//900 897//897 899//899
f 902//902 900//900 899//899
f 902//902 899//899 901//901
f 904//904 902//902 901//901
f 904//904 901//901 903//903
f 906//906 904//904 903//903
f 906//906 903//903 905//905
f 908//908 906//906 905//905
f 908//908 905//905 907//907
f 910//910 908//908 907//907
f 910//910 907//907 909//909
f 912//912 910//910 909//909
f 912//912 909//909 911//911
f 914//914 912//912 911//911
f 914//914 911//911 913//913
f 916//916 914//914 913//913
f 916//916 913//913 915//915
f 918//918 916//916 915//915
f 918//918 915//915 917//917
f 920//920 918//918 917//917
f 920//920 917//917 919//919
f 922//922 921//921 923//923
f 922//922 923//923 924//924
f 926//926 928//928 927//927
f 926//926 927//927 925//925
f 929//929 928//928 926//926
f 929//929 926//926 930//930
f 931//931 929//929 930//930
f 931//931 930//930 932//932
f 933//933 931//931 932//932
f 933//933 932//932 935//935
f 934//934 933//933 935//935
f 934//934 935//935 936//936
f 938//938 934//934 936//936
f 938//938 936//936 937//937
f 940//940 938//938 937//937
f 940//940 937//937 939//939
f 941//941 942//942 940//940
f 941//941 940//940 939//939
f 944//944 943//943 945//945
f 944//944 945//945 946//946
f 948//948 950//950 949//949
f 948//948 949//949 947//947
f 951//951 950//950 948//948
f 951//951 948//948 952//952
f 953//953 951//951 952//952
f 953//953 952//952 954//954
f 955//955 953//953 954//954
f 955//955 954//954 956//956
f 957//957 955//955 956//956
f 957//957 956//956 959//959
f 958//958 957//957 959//959
f 958//958 959//959 960//960
f 962//962 958//958 960//960
f 962//962 960//960 961//961
f 963//963 964//964 962//962
f 963//963 962//962 961//961
f 966//966 968//968 967//967
f 966//966 967//967 965//965
f 969//969 968//968 966//966
f 969//969 966//966 970//970
f 971//971 969//969 970//970
f 971//971 970//970 972//972
f 973//973 971//971 972//972
f 973//973 972//972 975//975
f 974//974 973//973 975//975
f 974//974 975//975 976//976
f 978//978 974//974 976//976
f 978//978 976//976 977//977
f 980//980 978//978 977//977
f 980//980 977//977 979//979
f 981//981 982//982 980//980
f 981//981 980//980 979//979
f 984//984 983//983 985//985
f 984//984 985//985 986//986
f 988//988 990//990 989//989
f 988//988 989//989 987//987
f 991//991 990//990 988//988
f 991//991 988//988 992//992
f 993//993 991//991 992//992
f 993//993 992//992 994//994
f 995//995 993//993 994//994
f 995//995 994//994 996//996
f 997//997 995//995 996//996
f 997//997 996//996 999//999
f 998//998 997//997 999//999
f 998//998 999//999 1000//1000
f 1002//1002 998//998 1000//1000
f 1002//1002 1000//1000 1001//1001
f 1003//1003 1004//1004 1002//1002
f 1003//1003 1002//1002 1001//1001
f 1006//1006 1005//1005 1007//1007
f 1006//1006 1007//1007 1008//1008
f 1010//1010 1012//1012 1011//1011
f 1010//1010 1011//1011 1009//1009
f 1014//1014 1013//1013 1015//1015
f 1014//1014 1015//1015 1016//1016
f 1018//1018 1020//1020 1019//1019
f 1018//1018 1019//1019 1017//1017
f 1021//1021 1020//1020 1018//1018
f 1021//1021 1018//1018 1023//1023
f 1022//1022 1021//1021 1023//1023
f 1022//1022 1023//1023 1024//1024
f 1026//1026 1022//1022 1024//1024
f 1026//1026 1024//1024 1025//1025
f 1028//1028 1026//1026 1025//1025
f 1028//1028 1025//1025 1027//1027
f 1030//1030 1028//1028 1027//1027
f 1030//1030 1027//1027 1029//1029
f 1032//1032 1030//1030 1029//1029
f 1032//1032 1029//1029 1031//1031
f 1034//1034 1032//1032 1031//1031
f 1034//1034 1031//1031 1033//1033
f 1036//1036 1034//1034 1033//1033
f 1036//1036 1033//1033 1035//1035
f 1037//1037 1038//1038 1036//1036
f 1037//1037 1036//1036 1035//1035
f 1040//1040 1039//1039 1041//1041
f 1040//1040 1041//1041 1042//1042
f 1044//1044 1043//1043 1045//1045
f 1044//1044 1045//1045 1046//1046
f 1048//1048 1047//1047 1049//1049
f 1048//1048 1049//1049 1050//1050
f 1052//1052 1051//1051 1053//1053
f 1052//1052 1053//1053 1054//1054
f 1056//1056 1055//1055 1057//1057
f 1056//1056 1057//1057 1058//1058
f 1060//1060 1059//1059 1061//1061
f 1060//1060 1061//1061 1062//1062
f 1064//1064 1063//1063 1065//1065
f 1064//1064 1065//1065 1066//1066
f 1068//1068 1067//1067 1069//1069
f 1068//1068 1069//1069 1070//1070
f 1072//1072 1071//1071 1073//1073
f 1072//1072 1073//1073 1074//1074
f 1076//1076 1075//1075 1077//1077
f 1076//1076 1077//1077 1078//1078
f 1080//1080 1079//1079 1081//1081
f 1080//1080 1081//1081 1082//1082
f 1084//1084 1083//1083 1085//1085
f 1084//1084 1085//1085 1086//1086
f 1088//1088 1087//1087 1089//1089
f 1088//1088 1089//1089 1090//1090
f 1092//1092 1091//1091 1093//1093
f 1092//1092 1093//1093 1094//1094
f 1096//1096 1098//1098 1097//1097
f 1096//1096 1097//1097 1095//1095
f 1099//1099 1098//1098 1096//1096
f 1099//1099 1096//1096 1100//1100
f 1101//1101 1099//1099 1100//1100
f 1101//1101 1100//1100 1103//1103
f 1102//1102 1101//1101 1103//1103
f 1102//1102 1103//1103 1104//1104
f 1106//1106 1102//1102 1104//1104
f 1106//1106 1104//1104 1105//1105
f 1108//1108 1106//1106 1105//1105
f 1108//1108 1105//1105 1107//1107
f 1110//1110 1108//1108 1107//1107
f 1110//1110 1107//1107 1109//1109
f 1112//1112 1110//1110 1109//1109
f 1112//1112 1109//1109 1111//1111
f 1114//1114 1112//1112 1111//1111
f 1114//1114 1111//1111 1113//1113
f 1115//1115 1116//1116 1114//1114
f 1115//1115 1114//1114 1113//1113
f 1117//1117 1118//1118 1120//1120
f 1118//1118 1117//1117 1119//1119
f 1121//1121 1120//1120 1118//1118
f 1122//1122 1121//1121 1118//1118
f 1122//1122 1118//1118 1123//1123
f 1124//1124 1122//1122 1123//1123
f 1126//1126 1124//1124 1125//1125
f 1126//1126 1125//1125 1127//1127
f 1125//1125 1124//1124 1123//1123
f 1126//1126 1127//1127 1128//1128
f 1128//1128 1129//1129 1126//1126
f 1130//1130 1129//1129 1128//1128
f 1130//1130 1128//1128 1132//1132
f 1130//1130 1132//1132 1131//1131
f 1133//1133 1131//1131 1132//1132
f 1132//1132 1134//1134 1133//1133
f 1132//1132 1128//1128 1135//1135
f 1132//1132 1135//1135 1134//1134
f 1127//1127 1135//1135 1128//1128
f 1123//1123 1136//1136 1125//1125
f 1123//1123 1118//1118 1119//1119
f 1123//1123 1119//1119 1136//1136
f 1138//1138 1137//1137 1139//1139
f 1138//1138 1139//1139 1140//1140
f 1142//1142 1141//1141 1143//1143
f 1142//1142 1143//1143 1144//1144
f 1146//1146 1145//1145 1147//1147
f 1146//1146 1147//1147 1148//1148
f 1149//1149 1152//1152 1150//1150
f 1150//1150 1151//1151 1149//1149
f 1153//1153 1150//1150 1152//1152
f 1155//1155 1157//1157 1156//1156
f 1155//1155 1156//1156 1154//1154
f 1158//1158 1160//1160 1161//1161
f 1158//1158 1161//1161 1159//1159
f 1162//1162 1163//1163 1159//1159
f 1162//1162 1159//1159 1161//1161
f 1164//1164 1166//1166 1167//1167
f 1164//1164 1167//1167 1165//1165
f 1168//1168 1165//1165 1167//1167
f 1167//1167 1169//1169 1168//1168
f 1168//1168 1170//1170 1165//1165
f 1172//1172 1173//1173 1171//1171
f 1174//1174 1171//1171 1173//1173
f 1173//1173 1175//1175 1174//1174
f 1177//1177 1179//1179 1178//1178
f 1177//1177 1178//1178 1176//1176
f 1181//1181 1180//1180 1182//1182
f 1181//1181 1182//1182 1184//1184
f 1183//1183 1185//1185 1184//1184
f 1183//1183 1184//1184 1182//1182
f 1186//1186 1188//1188 1189//1189
f 1186//1186 1189//1189 1187//1187
f 1189//1189 1190//1190 1191//1191
f 1191//1191 1187//1187 1189//1189
f 1191//1191 1192//1192 1187//1187
f 1193//1193 1195//1195 1196//1196
f 1193//1193 1196//1196 1194//1194
f 1197//1197 1198//1198 1200//1200
f 1198//1198 1197//1197 1199//1199
f 1201//1201 1200//1200 1198//1198
f 1202//1202 1201//1201 1198//1198
f 1202//1202 1198//1198 1203//1203
f 1204//1204 1202//1202 1203//1203
f 1206//1206 1204//1204 1205//1205
f 1206//1206 1205//1205 1207//1207
f 1205//1205 1204//1204 1203//1203
f 1208//1208 1206//1206 1207//1207
f 1208//1208 1207//1207 1210//1210
f 1209//1209 1208//1208 1210//1210
f 1209//1209 1210//1210 1211//1211
f 1213//1213 1209//1209 1211//1211
f 1213//1213 1211//1211 1212//1212
f 1213//1213 1212//1212 1214//1214
f 1212//1212 1215//1215 1214//1214
f 1217//1217 1214//1214 1215//1215
f 1217//1217 1215//1215 1216//1216
f 1217//1217 1216//1216 1218//1218
f 1218//1218 1219//1219 1217//1217
f 1220//1220 1217//1217 1219//1219
f 1220//1220 1221//1221 1214//1214
f 1220//1220 1214//1214 1217//1217
f 1214//1214 1221//1221 1213//1213
f 1203//1203 1222//1222 1205//1205
f 1203//1203 1198//1198 1199//1199
f 1203//1203 1199//1199 1222//1222
f 1224//1224 1226//1226 1225//1225
f 1224//1224 1225//1225 1223//1223
f 1229//1229 1227//1227 1226//1226
f 1229//1229 1226//1226 1224//1224
f 1230//1230 1228//1228 1227//1227
f 1230//1230 1227//1227 1229//1229
f 1231//1231 1232//1232 1228//1228
f 1231//1231 1228//1228 1230//1230
f 1234//1234 1233//1233 1235//1235
f 1234//1234 1235//1235 1236//1236
f 1238//1238 1234//1234 1236//1236
f 1238//1238 1236//1236 1237//1237
f 1241//1241 1238//1238 1237//1237
f 1241//1241 1237//1237 1239//1239
f 1242//1242 1241//1241 1239//1239
f 1242//1242 1239//1239 1240//1240
f 1244//1244 1243//1243 1245//1245
f 1244//1244 1245//1245 1246//1246
f 1248//1248 1244//1244 1246//1246
f 1248//1248 1246//1246 1247//1247
f 1251//1251 1248//1248 1247//1247
f 1251//1251 1247//1247 1249//1249
f 1252//1252 1251//1251 1249//1249
f 1252//1252 1249//1249 1250//1250
f 1253//1253 1254//1254 1256//1256
f 1254//1254 1253//1253 1255//1255
f 1257//1257 1256//1256 1254//1254
f 1258//1258 1257//1257 1254//1254
f 1258//1258 1254//1254 1259//1259
f 1260//1260 1258//1258 1259//1259
f 1262//1262 1260//1260 1261//1261
f 1262//1262 1261//1261 1263//1263
f 1261//1261 1260//1260 1259//1259
f 1262//1262 1263//1263 1264//1264
f 1264//1264 1265//1265 1262//1262
f 1266//1266 1265//1265 1264//1264
f 1266//1266 1264//1264 1268//1268
f 1266//1266 1268//1268 1267//1267
f 1268//1268 1264//1264 1271//1271
f 1268//1268 1271//1271 1269//1269
f 1268//1268 1269//1269 1270//1270
f 1270//1270 1267//1267 1268//1268
f 1263//1263 1271//1271 1264//1264
f 1259//1259 1272//1272 1261//1261
f 1259//1259 1254//1254 1255//1255
f 1259//1259 1255//1255 1272//1272
f 1274//1274 1276//1276 1275//1275
f 1274//1274 1275//1275 1273//1273
f 1278//1278 1277//1277 1276//1276
f 1278//1278 1276//1276 1274//1274
f 1281//1281 1279//1279 1277//1277
f 1281//1281 1277//1277 1278//1278
f 1282//1282 1280//1280 1279//1279
f 1282//1282 1279//1279 1281//1281
f 1284//1284 1283//1283 1285//1285
f 1284//1284 1285//1285 1286//1286
f 1287//1287 1289//1289 1290//1290
f 1287//1287 1290//1290 1288//1288
f 1292//1292 1294//1294 1293//1293
f 1292//1292 1293//1293 1291//1291
f 1297//1297 1295//1295 1294//1294
f 1297//1297 1294//1294 1292//1292
f 1298//1298 1296//1296 1295//1295
f 1298//1298 1295//1295 1297//1297
f 1299//1299 1300//1300 1296//1296
f 1299//1299 1296//1296 1298//1298
f 1301//1301 1303//1303 1304//1304
f 1301//1301 1304//1304 1302//1302
f 1306//1306 1305//1305 1307//1307
f 1306//1306 1307//1307 1308//1308
f 1310//1310 1306//1306 1308//1308
f 1310//1310 1308//1308 1309//1309
f 1312//1312 1310//1310 1309//1309
f 1312//1312 1309//1309 1311//1311
f 1314//1314 1312//1312 1311//1311
f 1314//1314 1311//1311 1313//1313
f 1316//1316 1318//1318 1315//1315
f 1315//1315 1317//1317 1316//1316
f 1318//1318 1320//1320 1319//1319
f 1320//1320 1318//1318 1321//1321
f 1321//1321 1318//1318 1316//1316
f 1321//1321 1322//1322 1325//1325
f 1321//1321 1316//1316 1322//1322
f 1321//1321 1323//1323 1320//1320
f 1323//1323 1321//1321 1324//1324
f 1326//1326 1324//1324 1321//1321
f 1325//1325 1326//1326 1321//1321
f 1322//1322 1327//1327 1325//1325
f 1327//1327 1329//1329 1328//1328
f 1329//1329 1327//1327 1330//1330
f 1330//1330 1327//1327 1322//1322
f 1322//1322 1316//1316 1330//1330
f 1316//1316 1332//1332 1330//1330
f 1331//1331 1330//1330 1332//1332
f 1331//1331 1340//1340 1329//1329
f 1331//1331 1329//1329 1330//1330
f 1332//1332 1334//1334 1331//1331
f 1333//1333 1332//1332 1316//1316
f 1334//1334 1336//1336 1335//1335
f 1337//1337 1334//1334 1335//1335
f 1337//1337 1339//1339 1334//1334
f 1338//1338 1340//1340 1334//1334
f 1338//1338 1334//1334 1339//1339
f 1331//1331 1334//1334 1340//1340
f 1342//1342 1341//1341 1340//1340
f 1340//1340 1341//1341 1329//1329
f 1340//1340 1338//1338 1342//1342
f 1329//1329 1341//1341 1328//1328
f 1339//1339 1337//1337 1343//1343
f 1337//1337 1344//1344 1343//1343
f 1344//1344 1345//1345 1343//1343
f 1347//1347 1345//1345 1346//1346
f 1345//1345 1344//1344 1346//1346
f 1348//1348 1349//1349 1347//1347
f 1348//1348 1347//1347 1346//1346
f 1349//1349 1348//1348 1350//1350
f 1350//1350 1348//1348 1351//1351
f 1351//1351 1352//1352 1350//1350
f 1352//1352 1353//1353 1355//1355
f 1353//1353 1352//1352 1354//1354
f 1351//1351 1354//1354 1352//1352
f 1355//1355 1319//1319 1357//1357
f 1319//1319 1355//1355 1356//1356
f 1355//1355 1353//1353 1356//1356
f 1358//1358 1357//1357 1319//1319
f 1319//1319 1323//1323 1358//1358
f 1324//1324 1358//1358 1323//1323
f 1356//1356 1360//1360 1319//1319
f 1356//1356 1359//1359 1360//1360
f 1360//1360 1362//1362 1361//1361
f 1363//1363 1362//1362 1360//1360
f 1360//1360 1365//1365 1363//1363
f 1360//1360 1366//1366 1364//1364
f 1364//1364 1365//1365 1360//1360
f 1359//1359 1366//1366 1360//1360
f 1366//1366 1359//1359 1369//1369
f 1368//1368 1367//1367 1366//1366
f 1367//1367 1684//1684 1364//1364
f 1367//1367 1364//1364 1366//1366
f 1368//1368 1366//1366 1369//1369
f 1370//1370 1367//1367 1368//1368
f 1370//1370 1371//1371 1367//1367
f 1372//1372 1371//1371 1373//1373
f 1367//1367 1371//1371 1372//1372
f 1373//1373 1375//1375 1374//1374
f 1374//1374 1372//1372 1373//1373
f 1374//1374 1375//1375 1376//1376
f 1337//1337 1376//1376 1377//1377
f 1337//1337 1374//1374 1376//1376
f 1337//1337 1377//1377 1344//1344
f 1372//1372 1374//1374 1378//1378
f 1337//1337 1335//1335 1378//1378
f 1337//1337 1378//1378 1374//1374
f 1378//1378 1379//1379 1372//1372
f 1378//1378 1335//1335 1380//1380
f 1379//1379 1378//1378 1380//1380
f 1381//1381 1380//1380 1335//1335
f 1381//1381 1382//1382 1380//1380
f 1382//1382 1381//1381 1383//1383
f 1383//1383 1381//1381 1384//1384
f 1383//1383 1384//1384 1385//1385
f 1385//1385 1384//1384 1386//1386
f 1386//1386 1388//1388 1387//1387
f 1384//1384 1388//1388 1386//1386
f 1389//1389 1390//1390 1388//1388
f 1391//1391 1389//1389 1388//1388
f 1384//1384 1392//1392 1391//1391
f 1384//1384 1391//1391 1388//1388
f 1387//1387 1388//1388 1390//1390
f 1393//1393 1389//1389 1391//1391
f 1391//1391 1392//1392 1395//1395
f 1391//1391 1394//1394 1393//1393
f 1395//1395 1394//1394 1391//1391
f 1396//1396 1395//1395 1392//1392
f 1392//1392 1397//1397 1396//1396
f 1398//1398 1396//1396 1397//1397
f 1397//1397 1399//1399 1398//1398
f 1399//1399 1401//1401 1400//1400
f 1399//1399 1336//1336 1401//1401
f 1399//1399 1397//1397 1402//1402
f 1399//1399 1402//1402 1336//1336
f 1403//1403 1402//1402 1397//1397
f 1403//1403 1397//1397 1392//1392
f 1402//1402 1403//1403 1335//1335
f 1335//1335 1336//1336 1402//1402
f 1335//1335 1403//1403 1381//1381
f 1381//1381 1403//1403 1392//1392
f 1381//1381 1392//1392 1384//1384
f 1404//1404 1405//1405 1401//1401
f 1401//1401 1407//1407 1408//1408
f 1401//1401 1408//1408 1404//1404
f 1400//1400 1401//1401 1405//1405
f 1406//1406 1407//1407 1401//1401
f 1401//1401 1336//1336 1406//1406
f 1409//1409 1408//1408 1407//1407
f 1406//1406 1412//1412 1409//1409
f 1406//1406 1409//1409 1407//1407
f 1412//1412 1410//1410 1409//1409
f 1409//1409 1410//1410 1413//1413
f 1411//1411 1409//1409 1413//1413
f 1408//1408 1409//1409 1411//1411
f 1414//1414 1411//1411 1413//1413
f 1410//1410 1416//1416 1414//1414
f 1410//1410 1414//1414 1413//1413
f 1415//1415 1414//1414 1417//1417
f 1419//1419 1414//1414 1415//1415
f 1418//1418 1414//1414 1416//1416
f 1417//1417 1414//1414 1418//1418
f 1419//1419 1411//1411 1414//1414
f 1420//1420 1419//1419 1421//1421
f 1419//1419 1420//1420 1423//1423
f 1421//1421 1419//1419 1415//1415
f 1411//1411 1419//1419 1422//1422
f 1419//1419 1423//1423 1424//1424
f 1419//1419 1424//1424 1422//1422
f 1426//1426 1423//1423 1420//1420
f 1425//1425 1424//1424 1423//1423
f 1425//1425 1423//1423 1426//1426
f 1425//1425 1427//1427 1429//1429
f 1428//1428 1430//1430 1425//1425
f 1428//1428 1425//1425 1429//1429
f 1425//1425 1430//1430 1424//1424
f 1424//1424 1430//1430 1431//1431
f 1430//1430 1433//1433 1431//1431
f 1432//1432 1433//1433 1430//1430
f 1429//1429 1432//1432 1430//1430
f 1429//1429 1430//1430 1428//1428
f 1432//1432 1437//1437 1433//1433
f 1436//1436 1431//1431 1433//1433
f 1434//1434 1433//1433 1435//1435
f 1433//1433 1434//1434 1436//1436
f 1437//1437 1435//1435 1433//1433
f 1432//1432 1438//1438 1437//1437
f 1432//1432 1427//1427 1438//1438
f 1439//1439 1431//1431 1436//1436
f 1439//1439 1436//1436 1440//1440
f 1442//1442 1440//1440 1436//1436
f 1442//1442 1436//1436 1434//1434
f 1439//1439 1440//1440 1441//1441
f 1442//1442 1441//1441 1440//1440
f 1442//1442 1443//1443 1441//1441
f 1442//1442 1446//1446 1443//1443
f 1444//1444 1446//1446 1442//1442
f 1444//1444 1442//1442 1445//1445
f 1442//1442 1434//1434 1445//1445
f 1444//1444 1447//1447 1446//1446
f 1447//1447 1448//1448 1446//1446
f 1443//1443 1446//1446 1448//1448
f 1443//1443 1448//1448 1449//1449
f 1450//1450 1448//1448 1447//1447
f 1450//1450 1449//1449 1448//1448
f 1450//1450 1451//1451 1449//1449
f 1457//1457 1451//1451 1450//1450
f 1457//1457 1450//1450 1453//1453
f 1452//1452 1453//1453 1450//1450
f 1452//1452 1450//1450 1447//1447
f 1453//1453 1454//1454 1455//1455
f 1456//1456 1454//1454 1453//1453
f 1456//1456 1453//1453 1452//1452
f 1457//1457 1453//1453 1455//1455
f 1455//1455 1443//1443 1457//1457
f 1451//1451 1457//1457 1443//1443
f 1454//1454 1456//1456 1458//1458
f 1416//1416 1458//1458 1418//1418
f 1454//1454 1458//1458 1416//1416
f 1455//1455 1441//1441 1443//1443
f 1460//1460 1455//1455 1459//1459
f 1455//1455 1454//1454 1459//1459
f 1459//1459 1412//1412 1460//1460
f 1460//1460 1412//1412 1406//1406
f 1460//1460 1406//1406 1336//1336
f 1459//1459 1454//1454 1416//1416
f 1459//1459 1416//1416 1410//1410
f 1410//1410 1412//1412 1459//1459
f 1451//1451 1443//1443 1449//1449
f 1445//1445 1434//1434 1461//1461
f 1434//1434 1462//1462 1461//1461
f 1434//1434 1435//1435 1462//1462
f 1463//1463 1439//1439 1441//1441
f 1463//1463 1464//1464 1439//1439
f 1463//1463 1465//1465 1464//1464
f 1465//1465 1467//1467 1464//1464
f 1466//1466 1468//1468 1465//1465
f 1468//1468 1467//1467 1465//1465
f 1468//1468 1469//1469 1467//1467
f 1468//1468 1470//1470 1506//1506
f 1468//1468 1506//1506 1469//1469
f 1470//1470 1468//1468 1471//1471
f 1471//1471 1468//1468 1466//1466
f 1473//1473 1471//1471 1466//1466
f 1472//1472 1470//1470 1471//1471
f 1471//1471 1473//1473 1475//1475
f 1471//1471 1475//1475 1472//1472
f 1473//1473 1466//1466 1474//1474
f 1474//1474 1475//1475 1473//1473
f 1476//1476 1472//1472 1475//1475
f 1476//1476 1475//1475 1474//1474
f 1476//1476 1477//1477 1472//1472
f 1474//1474 1478//1478 1476//1476
f 1478//1478 1480//1480 1479//1479
f 1478//1478 1474//1474 1480//1480
f 1481//1481 1480//1480 1483//1483
f 1480//1480 1481//1481 1482//1482
f 1480//1480 1482//1482 1484//1484
f 1483//1483 1480//1480 1474//1474
f 1479//1479 1480//1480 1484//1484
f 1484//1484 1482//1482 1485//1485
f 1486//1486 1485//1485 1482//1482
f 1486//1486 1487//1487 1485//1485
f 1487//1487 1486//1486 1488//1488
f 1486//1486 1489//1489 1488//1488
f 1490//1490 1491//1491 1489//1489
f 1489//1489 1486//1486 1490//1490
f 1490//1490 1493//1493 1491//1491
f 1494//1494 1491//1491 1492//1492
f 1492//1492 1491//1491 1493//1493
f 1495//1495 1494//1494 1492//1492
f 1496//1496 1495//1495 1497//1497
f 1495//1495 1492//1492 1497//1497
f 1496//1496 1497//1497 1498//1498
f 1498//1498 1497//1497 1499//1499
f 1498//1498 1499//1499 1501//1501
f 1497//1497 1492//1492 1493//1493
f 1497//1497 1493//1493 1499//1499
f 1500//1500 1501//1501 1499//1499
f 1493//1493 1500//1500 1499//1499
f 1498//1498 1501//1501 1502//1502
f 1502//1502 1501//1501 1500//1500
f 1502//1502 1500//1500 1504//1504
f 1464//1464 1467//1467 1502//1502
f 1464//1464 1502//1502 1504//1504
f 1505//1505 1502//1502 1503//1503
f 1502//1502 1467//1467 1503//1503
f 1502//1502 1505//1505 1498//1498
f 1505//1505 1506//1506 1508//1508
f 1469//1469 1506//1506 1505//1505
f 1469//1469 1505//1505 1503//1503
f 1507//1507 1498//1498 1505//1505
f 1505//1505 1508//1508 1507//1507
f 1506//1506 1509//1509 1508//1508
f 1510//1510 1509//1509 1506//1506
f 1506//1506 1470//1470 1510//1510
f 1470//1470 1477//1477 1510//1510
f 1498//1498 1507//1507 1511//1511
f 1511//1511 1496//1496 1498//1498
f 1464//1464 1504//1504 1512//1512
f 1512//1512 1504//1504 1500//1500
f 1490//1490 1512//1512 1500//1500
f 1503//1503 1467//1467 1469//1469
f 1490//1490 1500//1500 1493//1493
f 1490//1490 1514//1514 1513//1513
f 1490//1490 1515//1515 1514//1514
f 1486//1486 1515//1515 1490//1490
f 1486//1486 1516//1516 1515//1515
f 1516//1516 1517//1517 1515//1515
f 1515//1515 1517//1517 1514//1514
f 1518//1518 1520//1520 1517//1517
f 1517//1517 1516//1516 1518//1518
f 1517//1517 1519//1519 1514//1514
f 1520//1520 1519//1519 1517//1517
f 1520//1520 1518//1518 1521//1521
f 1522//1522 1521//1521 1518//1518
f 1521//1521 1522//1522 1523//1523
f 1523//1523 1522//1522 1524//1524
f 1524//1524 1526//1526 1525//1525
f 1524//1524 1522//1522 1526//1526
f 1522//1522 1527//1527 1526//1526
f 1527//1527 1528//1528 1526//1526
f 1529//1529 1526//1526 1528//1528
f 1525//1525 1526//1526 1529//1529
f 1528//1528 1530//1530 1529//1529
f 1530//1530 1532//1532 1531//1531
f 1532//1532 1530//1530 1528//1528
f 1533//1533 1532//1532 1528//1528
f 1533//1533 1546//1546 1534//1534
f 1533//1533 1534//1534 1532//1532
f 1535//1535 1532//1532 1534//1534
f 1532//1532 1535//1535 1531//1531
f 1534//1534 1536//1536 1535//1535
f 1537//1537 1536//1536 1534//1534
f 1537//1537 1538//1538 1536//1536
f 1539//1539 1538//1538 1540//1540
f 1540//1540 1538//1538 1537//1537
f 1541//1541 1539//1539 1540//1540
f 1513//1513 1542//1542 1541//1541
f 1541//1541 1542//1542 1543//1543
f 1541//1541 1543//1543 1539//1539
f 1514//1514 1542//1542 1513//1513
f 1542//1542 1514//1514 1544//1544
f 1519//1519 1544//1544 1514//1514
f 1546//1546 1545//1545 1537//1537
f 1546//1546 1537//1537 1534//1534
f 1545//1545 1546//1546 1547//1547
f 1547//1547 1548//1548 1550//1550
f 1548//1548 1547//1547 1546//1546
f 1551//1551 1547//1547 1549//1549
f 1549//1549 1547//1547 1550//1550
f 1552//1552 1547//1547 1551//1551
f 1554//1554 1547//1547 1552//1552
f 1547//1547 1553//1553 1555//1555
f 1553//1553 1547//1547 1554//1554
f 1555//1555 1556//1556 1547//1547
f 1556//1556 1557//1557 1561//1561
f 1556//1556 1555//1555 1557//1557
f 1556//1556 1558//1558 1560//1560
f 1558//1558 1556//1556 1559//1559
f 1561//1561 1559//1559 1556//1556
f 1562//1562 1561//1561 1557//1557
f 1557//1557 1563//1563 1562//1562
f 1565//1565 1563//1563 1557//1557
f 1565//1565 1564//1564 1563//1563
f 1565//1565 1566//1566 1633//1633
f 1565//1565 1633//1633 1567//1567
f 1565//1565 1557//1557 1555//1555
f 1565//1565 1555//1555 1566//1566
f 1568//1568 1565//1565 1567//1567
f 1565//1565 1568//1568 1564//1564
f 1567//1567 1569//1569 1568//1568
f 1567//1567 1570//1570 1569//1569
f 1567//1567 1571//1571 1570//1570
f 1570//1570 1571//1571 1572//1572
f 1572//1572 1571//1571 1573//1573
f 1575//1575 1574//1574 1573//1573
f 1573//1573 1571//1571 1575//1575
f 1576//1576 1578//1578 1575//1575
f 1577//1577 1579//1579 1575//1575
f 1575//1575 1578//1578 1577//1577
f 1579//1579 1574//1574 1575//1575
f 1522//1522 1575//1575 1571//1571
f 1576//1576 1580//1580 1578//1578
f 1581//1581 1580//1580 1576//1576
f 1576//1576 1560//1560 1581//1581
f 1560//1560 1582//1582 1581//1581
f 1582//1582 1560//1560 1558//1558
f 1576//1576 1583//1583 1584//1584
f 1576//1576 1584//1584 1560//1560
f 1585//1585 1584//1584 1583//1583
f 1585//1585 1583//1583 1586//1586
f 1586//1586 1587//1587 1585//1585
f 1586//1586 1590//1590 1587//1587
f 1588//1588 1587//1587 1589//1589
f 1589//1589 1587//1587 1590//1590
f 1591//1591 1590//1590 1594//1594
f 1590//1590 1591//1591 1589//1589
f 1594//1594 1590//1590 1592//1592
f 1592//1592 1590//1590 1593//1593
f 1596//1596 1593//1593 1595//1595
f 1592//1592 1593//1593 1596//1596
f 1596//1596 1595//1595 1597//1597
f 1597//1597 1595//1595 1598//1598
f 1598//1598 1599//1599 1600//1600
f 1598//1598 1595//1595 1599//1599
f 1601//1601 1600//1600 1602//1602
f 1600//1600 1599//1599 1602//1602
f 1602//1602 1603//1603 1601//1601
f 1604//1604 1601//1601 1603//1603
f 1604//1604 1603//1603 1605//1605
f 1606//1606 1607//1607 1605//1605
f 1607//1607 1604//1604 1605//1605
f 1608//1608 1607//1607 1606//1606
f 1608//1608 1610//1610 1609//1609
f 1610//1610 1608//1608 1611//1611
f 1606//1606 1611//1611 1608//1608
f 1613//1613 1610//1610 1612//1612
f 1613//1613 1609//1609 1610//1610
f 1612//1612 1615//1615 1613//1613
f 1614//1614 1609//1609 1613//1613
f 1613//1613 1615//1615 1617//1617
f 1613//1613 1617//1617 1614//1614
f 1615//1615 1612//1612 1616//1616
f 1616//1616 1618//1618 1615//1615
f 1618//1618 1617//1617 1615//1615
f 1618//1618 1616//1616 1619//1619
f 1618//1618 1619//1619 1620//1620
f 1617//1617 1618//1618 1620//1620
f 1617//1617 1620//1620 1622//1622
f 1620//1620 1621//1621 1623//1623
f 1621//1621 1620//1620 1619//1619
f 1622//1622 1620//1620 1624//1624
f 1623//1623 1624//1624 1620//1620
f 1625//1625 1622//1622 1624//1624
f 1614//1614 1622//1622 1625//1625
f 1614//1614 1625//1625 1609//1609
f 1626//1626 1623//1623 1621//1621
f 1626//1626 1621//1621 1591//1591
f 1622//1622 1614//1614 1617//1617
f 1589//1589 1591//1591 1621//1621
f 1627//1627 1586//1586 1583//1583
f 1583//1583 1628//1628 1627//1627
f 1629//1629 1522//1522 1571//1571
f 1571//1571 1567//1567 1633//1633
f 1571//1571 1633//1633 1629//1629
f 1630//1630 1634//1634 1629//1629
f 1630//1630 1629//1629 1631//1631
f 1629//1629 1632//1632 1631//1631
f 1632//1632 1629//1629 1633//1633
f 1635//1635 1522//1522 1629//1629
f 1634//1634 1635//1635 1629//1629
f 1635//1635 1636//1636 1522//1522
f 1635//1635 1637//1637 1643//1643
f 1635//1635 1643//1643 1636//1636
f 1635//1635 1638//1638 1637//1637
f 1639//1639 1638//1638 1635//1635
f 1635//1635 1634//1634 1639//1639
f 1638//1638 1640//1640 1637//1637
f 1640//1640 1641//1641 1551//1551
f 1637//1637 1640//1640 1551//1551
f 1642//1642 1551//1551 1641//1641
f 1642//1642 1552//1552 1551//1551
f 1637//1637 1551//1551 1644//1644
f 1637//1637 1644//1644 1643//1643
f 1645//1645 1636//1636 1643//1643
f 1646//1646 1643//1643 1644//1644
f 1643//1643 1646//1646 1645//1645
f 1644//1644 1647//1647 1646//1646
f 1647//1647 1644//1644 1648//1648
f 1644//1644 1549//1549 1648//1648
f 1636//1636 1645//1645 1649//1649
f 1636//1636 1649//1649 1650//1650
f 1651//1651 1636//1636 1650//1650
f 1636//1636 1651//1651 1527//1527
f 1527//1527 1651//1651 1652//1652
f 1652//1652 1653//1653 1527//1527
f 1653//1653 1654//1654 1527//1527
f 1654//1654 1528//1528 1527//1527
f 1654//1654 1655//1655 1528//1528
f 1656//1656 1533//1533 1655//1655
f 1533//1533 1528//1528 1655//1655
f 1656//1656 1657//1657 1546//1546
f 1533//1533 1656//1656 1546//1546
f 1657//1657 1548//1548 1546//1546
f 1549//1549 1644//1644 1551//1551
f 1522//1522 1636//1636 1527//1527
f 1633//1633 1566//1566 1658//1658
f 1633//1633 1658//1658 1632//1632
f 1658//1658 1566//1566 1659//1659
f 1659//1659 1566//1566 1660//1660
f 1566//1566 1555//1555 1660//1660
f 1555//1555 1661//1661 1660//1660
f 1553//1553 1661//1661 1555//1555
f 1662//1662 1522//1522 1518//1518
f 1481//1481 1662//1662 1516//1516
f 1662//1662 1518//1518 1516//1516
f 1481//1481 1483//1483 1662//1662
f 1662//1662 1483//1483 1466//1466
f 1481//1481 1516//1516 1486//1486
f 1481//1481 1486//1486 1482//1482
f 1483//1483 1474//1474 1466//1466
f 1472//1472 1477//1477 1470//1470
f 1427//1427 1432//1432 1429//1429
f 1431//1431 1663//1663 1424//1424
f 1667//1667 1664//1664 1663//1663
f 1664//1664 1666//1666 1663//1663
f 1667//1667 1663//1663 1665//1665
f 1424//1424 1663//1663 1666//1666
f 1404//1404 1408//1408 1664//1664
f 1404//1404 1664//1664 1667//1667
f 1667//1667 1668//1668 1404//1404
f 1669//1669 1667//1667 1665//1665
f 1668//1668 1667//1667 1669//1669
f 1670//1670 1669//1669 1665//1665
f 1670//1670 1665//1665 1672//1672
f 1670//1670 1672//1672 1671//1671
f 1673//1673 1671//1671 1672//1672
f 1674//1674 1675//1675 1673//1673
f 1675//1675 1671//1671 1673//1673
f 1676//1676 1675//1675 1674//1674
f 1677//1677 1676//1676 1674//1674
f 1678//1678 1676//1676 1677//1677
f 1389//1389 1393//1393 1678//1678
f 1389//1389 1678//1678 1677//1677
f 1677//1677 1361//1361 1362//1362
f 1674//1674 1361//1361 1677//1677
f 1677//1677 1362//1362 1389//1389
f 1679//1679 1404//1404 1668//1668
f 1405//1405 1404//1404 1679//1679
f 1408//1408 1411//1411 1666//1666
f 1408//1408 1666//1666 1664//1664
f 1422//1422 1666//1666 1411//1411
f 1666//1666 1422//1422 1424//1424
f 1417//1417 1421//1421 1415//1415
f 1389//1389 1362//1362 1390//1390
f 1680//1680 1390//1390 1362//1362
f 1362//1362 1363//1363 1680//1680
f 1372//1372 1379//1379 1681//1681
f 1372//1372 1681//1681 1682//1682
f 1684//1684 1682//1682 1683//1683
f 1372//1372 1682//1682 1684//1684
f 1367//1367 1372//1372 1684//1684
f 1685//1685 1364//1364 1684//1684
f 1684//1684 1683//1683 1685//1685
f 1685//1685 1686//1686 1364//1364
f 1365//1365 1364//1364 1686//1686
f 1316//1316 1687//1687 1333//1333
f 1687//1687 1688//1688 1333//1333
f 1689//1689 1333//1333 1688//1688
f 1689//1689 1688//1688 1690//1690
f 1688//1688 1687//1687 1692//1692
f 1691//1691 1688//1688 1692//1692
f 1692//1692 1316//1316 1694//1694
f 1316//1316 1692//1692 1687//1687
f 1692//1692 1693//1693 1695//1695
f 1693//1693 1692//1692 1694//1694
f 1692//1692 1695//1695 1691//1691
f 1695//1695 1696//1696 1697//1697
f 1697//1697 1691//1691 1695//1695
f 1691//1691 1697//1697 1698//1698
f 1699//1699 1697//1697 1696//1696
f 1700//1700 1701//1701 1699//1699
f 1700//1700 1699//1699 1696//1696
f 1701//1701 1700//1700 1702//1702
f 1700//1700 1703//1703 1702//1702
f 1705//1705 1702//1702 1703//1703
f 1704//1704 1702//1702 1705//1705
f 1705//1705 1706//1706 1704//1704
f 1705//1705 1709//1709 1706//1706
f 1703//1703 1708//1708 1705//1705
f 1709//1709 1705//1705 1707//1707
f 1705//1705 1708//1708 1707//1707
f 1707//1707 1710//1710 1709//1709
f 1706//1706 1709//1709 1711//1711
f 1713//1713 1711//1711 1709//1709
f 1713//1713 1709//1709 1710//1710
f 1712//1712 1724//1724 1706//1706
f 1712//1712 1706//1706 1711//1711
f 1713//1713 1712//1712 1711//1711
f 1715//1715 1713//1713 1710//1710
f 1713//1713 1714//1714 1712//1712
f 1714//1714 1713//1713 1715//1715
f 1715//1715 1707//1707 1716//1716
f 1710//1710 1707//1707 1715//1715
f 1716//1716 1718//1718 1717//1717
f 1718//1718 1716//1716 1708//1708
f 1708//1708 1716//1716 1707//1707
f 1717//1717 1718//1718 1719//1719
f 1719//1719 1718//1718 1720//1720
f 1720//1720 1718//1718 1703//1703
f 1708//1708 1703//1703 1718//1718
f 1720//1720 1700//1700 1719//1719
f 1703//1703 1700//1700 1720//1720
f 1719//1719 1700//1700 1696//1696
f 1696//1696 1717//1717 1719//1719
f 1714//1714 1721//1721 1722//1722
f 1714//1714 1722//1722 1712//1712
f 1721//1721 1723//1723 1722//1722
f 1722//1722 1723//1723 1724//1724
f 1722//1722 1724//1724 1712//1712
f 1725//1725 1724//1724 1723//1723
f 1726//1726 1725//1725 1723//1723
f 1726//1726 1723//1723 1721//1721
f 1727//1727 1726//1726 1728//1728
f 1721//1721 1728//1728 1726//1726
f 1728//1728 1729//1729 1727//1727
f 1730//1730 1731//1731 1729//1729
f 1729//1729 1731//1731 1727//1727
f 1732//1732 1731//1731 1730//1730
f 1734//1734 1732//1732 1733//1733
f 1730//1730 1733//1733 1732//1732
f 1733//1733 1735//1735 1734//1734
f 1736//1736 1734//1734 1735//1735
f 1736//1736 1735//1735 1738//1738
f 1738//1738 1737//1737 1736//1736
f 1739//1739 1740//1740 1738//1738
f 1740//1740 1737//1737 1738//1738
f 1740//1740 1739//1739 1741//1741
f 1698//1698 1741//1741 1739//1739
f 1698//1698 1739//1739 1691//1691
f 1725//1725 1704//1704 1724//1724
f 1724//1724 1704//1704 1706//1706
f 1316//1316 1317//1317 1694//1694
f 1320//1320 1323//1323 1319//1319
