# joint_30 exported from /models/guards/joint_30.glb
# units: meters
v -0.080176 0.001000 0.089729
v -0.077776 0.001000 0.090891
v -0.077558 0.001000 0.092000
v -0.079489 0.001000 0.089021
v -0.079127 0.001000 0.089580
v -0.078472 0.001000 0.088904
v -0.080924 0.001000 0.087628
v -0.077121 0.001000 0.090215
v -0.075423 0.001000 0.089637
v -0.081745 0.001000 0.083915
v -0.087402 0.001000 0.078011
v -0.085230 0.001000 0.083449
v -0.086578 0.001000 0.081036
v -0.086665 0.001000 0.082057
v -0.087930 0.001000 0.079725
v -0.087234 0.001000 0.081712
v -0.087352 0.001000 0.082765
v -0.088585 0.001000 0.080401
v -0.090632 0.001000 0.077103
v -0.089701 0.001000 0.080215
v -0.093642 0.001000 0.074296
v -0.095757 0.001000 0.067507
v -0.092023 0.001000 0.073129
v -0.089321 0.001000 0.075752
v -0.091768 0.001000 0.070449
v -0.092819 0.001000 0.061786
v -0.095992 0.001000 0.061530
v -0.094512 0.001000 0.043194
v -0.094508 0.001000 0.039219
v -0.091339 0.001000 0.043450
v -0.091357 0.001000 0.038695
v -0.095134 0.001000 0.035294
v -0.092174 0.001000 0.034013
v -0.096000 0.001000 0.032439
v -0.095679 0.001000 0.033381
v -0.092501 0.001000 0.032869
v -0.096314 0.001000 0.031495
v -0.092683 0.001000 0.032303
v -0.092875 0.001000 0.031739
v -0.093620 0.001000 0.029480
v -0.097481 0.001000 0.027692
v -0.100633 0.001000 0.012107
v -0.094944 0.001000 0.024908
v -0.097991 0.001000 0.006146
v -0.097369 0.001000 -0.012851
v -0.101311 0.001000 -0.003779
v -0.099499 0.001000 -0.019575
v -0.097671 0.001000 -0.027318
v -0.095684 0.001000 -0.022216
v -0.094503 0.001000 -0.026826
v -0.097119 0.001000 -0.029230
v -0.094889 0.001000 -0.029353
v -0.093830 0.001000 -0.029107
v -0.094233 0.001000 -0.030028
v -0.093654 0.001000 -0.029676
v -0.093486 0.001000 -0.030248
v -0.093188 0.001000 -0.031399
v -0.095584 0.001000 -0.031340
v -0.096240 0.001000 -0.030664
v -0.095777 0.001000 -0.035035
v -0.096543 0.001000 -0.031134
v -0.096682 0.001000 -0.030657
v -0.096829 0.001000 -0.030182
v -0.095639 0.001000 -0.039007
v -0.092488 0.001000 -0.036101
v -0.092437 0.001000 -0.038479
v -0.095805 0.001000 -0.040989
v -0.095703 0.001000 -0.040000
v -0.092488 0.001000 -0.039668
v -0.093737 0.001000 -0.041353
v -0.092531 0.001000 -0.040261
v -0.092588 0.001000 -0.040854
v -0.092719 0.001000 -0.042036
v -0.093081 0.001000 -0.042029
v -0.094432 0.001000 -0.043340
v -0.096902 0.001000 -0.050876
v -0.096024 0.001000 -0.042967
v -0.092850 0.001000 -0.043218
v -0.093112 0.001000 -0.045584
v -0.093637 0.001000 -0.050314
v -0.094162 0.001000 -0.055044
v -0.097780 0.001000 -0.058786
v -0.095983 0.001000 -0.057963
v -0.094424 0.001000 -0.057409
v -0.094556 0.001000 -0.058593
v -0.095327 0.001000 -0.058639
v -0.096678 0.001000 -0.059950
v -0.094621 0.001000 -0.059183
v -0.096023 0.001000 -0.060626
v -0.094681 0.001000 -0.059775
v -0.095367 0.001000 -0.061301
v -0.097374 0.001000 -0.061937
v -0.097925 0.001000 -0.062758
v -0.097931 0.001000 -0.060769
v -0.096718 0.001000 -0.062613
v -0.097439 0.001000 -0.066703
v -0.094579 0.001000 -0.064524
v -0.096334 0.001000 -0.070522
v -0.093452 0.001000 -0.069139
v -0.094637 0.001000 -0.074116
v -0.091353 0.001000 -0.073400
v -0.092393 0.001000 -0.077397
v -0.089968 0.001000 -0.075333
v -0.089204 0.001000 -0.076246
v -0.091755 0.001000 -0.078160
v -0.091108 0.001000 -0.078916
v -0.089087 0.001000 -0.079723
v -0.089795 0.001000 -0.080411
v -0.088428 0.001000 -0.077147
v -0.087694 0.001000 -0.081159
v -0.081897 0.001000 -0.084068
v -0.078426 0.001000 -0.087324
v -0.082123 0.001000 -0.086900
v -0.083516 0.001000 -0.085464
v -0.084271 0.001000 -0.086198
v -0.088450 0.001000 -0.081892
v -0.082831 0.001000 -0.087587
v -0.080890 0.001000 -0.089387
v -0.080398 0.001000 -0.089831
v -0.079902 0.001000 -0.090269
v -0.077529 0.001000 -0.088106
v -0.076592 0.001000 -0.088840
v -0.078875 0.001000 -0.091105
v -0.074372 0.001000 -0.093872
v -0.074608 0.001000 -0.090149
v -0.070269 0.001000 -0.092083
v -0.069387 0.001000 -0.095631
v -0.065614 0.001000 -0.093032
v -0.064144 0.001000 -0.096302
v -0.063238 0.001000 -0.093121
v -0.062585 0.001000 -0.095079
v -0.062049 0.001000 -0.093068
v -0.060864 0.001000 -0.092974
v -0.056120 0.001000 -0.092591
v -0.060579 0.001000 -0.094444
v -0.061930 0.001000 -0.095755
v -0.058860 0.001000 -0.096006
v -0.061499 0.001000 -0.096219
v -0.062159 0.001000 -0.096266
v -0.062821 0.001000 -0.096295
v -0.053581 0.001000 -0.095579
v -0.048303 0.001000 -0.095153
v -0.046632 0.001000 -0.091825
v -0.045916 0.001000 -0.093332
v -0.044565 0.001000 -0.092020
v -0.044259 0.001000 -0.091633
v -0.043666 0.001000 -0.091586
v -0.043909 0.001000 -0.092696
v -0.043073 0.001000 -0.091541
v -0.041885 0.001000 -0.091489
v -0.043253 0.001000 -0.093371
v -0.041247 0.001000 -0.092736
v -0.037140 0.001000 -0.091783
v -0.032512 0.001000 -0.092870
v -0.037742 0.001000 -0.094912
v -0.040378 0.001000 -0.094680
v -0.042598 0.001000 -0.094047
v -0.043024 0.001000 -0.094728
v -0.043684 0.001000 -0.094781
v -0.044344 0.001000 -0.094834
v -0.044604 0.001000 -0.094683
v -0.045664 0.001000 -0.094940
v -0.035145 0.001000 -0.095421
v -0.033870 0.001000 -0.095779
v -0.033240 0.001000 -0.095982
v -0.031386 0.001000 -0.093253
v -0.030256 0.001000 -0.093627
v -0.032614 0.001000 -0.096197
v -0.027984 0.001000 -0.094334
v -0.022428 0.001000 -0.099081
v -0.009328 0.001000 -0.097976
v 0.009680 0.001000 -0.097958
v -0.001435 0.001000 -0.101599
v -0.011997 0.001000 -0.100888
v 0.019625 0.001000 -0.099711
v 0.024792 0.001000 -0.098556
v 0.019093 0.001000 -0.096572
v 0.028328 0.001000 -0.094281
v 0.029465 0.001000 -0.093933
v 0.029287 0.001000 -0.095123
v 0.027935 0.001000 -0.096435
v 0.028591 0.001000 -0.097110
v 0.029942 0.001000 -0.095799
v 0.029893 0.001000 -0.097133
v 0.030525 0.001000 -0.096937
v 0.031160 0.001000 -0.096752
v 0.031949 0.001000 -0.095163
v 0.033300 0.001000 -0.093852
v 0.032605 0.001000 -0.095839
v 0.032932 0.001000 -0.093093
v 0.030610 0.001000 -0.093604
v 0.037668 0.001000 -0.092666
v 0.039280 0.001000 -0.094607
v 0.040044 0.001000 -0.092754
v 0.035057 0.001000 -0.096002
v 0.033956 0.001000 -0.094527
v 0.032445 0.001000 -0.096433
v 0.040342 0.001000 -0.095976
v 0.039936 0.001000 -0.095283
v 0.041287 0.001000 -0.093971
v 0.040632 0.001000 -0.093296
v 0.041228 0.001000 -0.092871
v 0.042411 0.001000 -0.093002
v 0.041943 0.001000 -0.094647
v 0.042598 0.001000 -0.095323
v 0.043294 0.001000 -0.093336
v 0.041658 0.001000 -0.096121
v 0.041000 0.001000 -0.096048
v 0.042974 0.001000 -0.096267
v 0.045606 0.001000 -0.096559
v 0.043950 0.001000 -0.094011
v 0.047140 0.001000 -0.093527
v 0.050869 0.001000 -0.097143
v 0.056601 0.001000 -0.094577
v 0.056132 0.001000 -0.097727
v 0.057785 0.001000 -0.094708
v 0.058573 0.001000 -0.095562
v 0.057222 0.001000 -0.096873
v 0.058967 0.001000 -0.094839
v 0.059559 0.001000 -0.094902
v 0.059228 0.001000 -0.096237
v 0.060151 0.001000 -0.094950
v 0.061340 0.001000 -0.094998
v 0.059884 0.001000 -0.096913
v 0.061891 0.001000 -0.096277
v 0.066068 0.001000 -0.094541
v 0.070586 0.001000 -0.093071
v 0.066666 0.001000 -0.097668
v 0.061406 0.001000 -0.098182
v 0.060540 0.001000 -0.097588
v 0.060082 0.001000 -0.098135
v 0.059422 0.001000 -0.098086
v 0.058764 0.001000 -0.098019
v 0.057877 0.001000 -0.097549
v 0.071701 0.001000 -0.096059
v 0.076286 0.001000 -0.093427
v 0.075243 0.001000 -0.093814
v 0.074587 0.001000 -0.093139
v 0.075938 0.001000 -0.091827
v 0.074678 0.001000 -0.090659
v 0.075610 0.001000 -0.089921
v 0.076517 0.001000 -0.089151
v 0.077289 0.001000 -0.090516
v 0.077945 0.001000 -0.091192
v 0.078640 0.001000 -0.089205
v 0.079657 0.001000 -0.089322
v 0.079296 0.001000 -0.089880
v 0.078306 0.001000 -0.087582
v 0.081093 0.001000 -0.087929
v 0.085398 0.001000 -0.083750
v 0.086132 0.001000 -0.084506
v 0.081826 0.001000 -0.088685
v 0.081788 0.001000 -0.084337
v 0.085135 0.001000 -0.080955
v 0.086747 0.001000 -0.081337
v 0.086757 0.001000 -0.079213
v 0.087554 0.001000 -0.078329
v 0.088098 0.001000 -0.080026
v 0.088754 0.001000 -0.080702
v 0.089449 0.001000 -0.078715
v 0.090800 0.001000 -0.077403
v 0.090105 0.001000 -0.079390
v 0.088320 0.001000 -0.077419
v 0.090853 0.001000 -0.073401
v 0.095565 0.001000 -0.069622
v 0.093806 0.001000 -0.074606
v 0.092457 0.001000 -0.068930
v 0.093055 0.001000 -0.064218
v 0.096236 0.001000 -0.064379
v 0.094318 0.001000 -0.064807
v 0.095013 0.001000 -0.062820
v 0.095669 0.001000 -0.063496
v 0.096200 0.001000 -0.062394
v 0.096229 0.001000 -0.063056
v 0.096153 0.001000 -0.061734
v 0.095940 0.001000 -0.059095
v 0.092968 0.001000 -0.061841
v 0.093044 0.001000 -0.063028
v 0.092872 0.001000 -0.060656
v 0.092776 0.001000 -0.059469
v 0.092010 0.001000 -0.049982
v 0.095513 0.001000 -0.053816
v 0.095087 0.001000 -0.048538
v 0.094874 0.001000 -0.045899
v 0.093941 0.001000 -0.045495
v 0.092590 0.001000 -0.046806
v 0.094768 0.001000 -0.044579
v 0.094714 0.001000 -0.043919
v 0.093285 0.001000 -0.044819
v 0.091934 0.001000 -0.046130
v 0.094662 0.001000 -0.043259
v 0.092630 0.001000 -0.044144
v 0.091627 0.001000 -0.045237
v 0.091532 0.001000 -0.044052
v 0.091974 0.001000 -0.043468
v 0.091485 0.001000 -0.043458
v 0.091450 0.001000 -0.042864
v 0.094614 0.001000 -0.040613
v 0.091434 0.001000 -0.040486
v 0.093325 0.001000 -0.042157
v 0.093981 0.001000 -0.042832
v 0.094846 0.001000 -0.037977
v 0.092749 0.001000 -0.036156
v 0.093405 0.001000 -0.036832
v 0.092002 0.001000 -0.035766
v 0.092582 0.001000 -0.033460
v 0.094796 0.001000 -0.032858
v 0.094101 0.001000 -0.034845
v 0.095916 0.001000 -0.033475
v 0.095712 0.001000 -0.034105
v 0.094756 0.001000 -0.035521
v 0.095355 0.001000 -0.035380
v 0.096131 0.001000 -0.032849
v 0.099015 0.001000 -0.022663
v 0.096843 0.001000 -0.029560
v 0.096147 0.001000 -0.031547
v 0.095492 0.001000 -0.030872
v 0.094836 0.001000 -0.030196
v 0.094140 0.001000 -0.032183
v 0.092945 0.001000 -0.032325
v 0.093138 0.001000 -0.031764
v 0.093328 0.001000 -0.031199
v 0.094180 0.001000 -0.029520
v 0.095893 0.001000 -0.022036
v 0.095531 0.001000 -0.028209
v 0.100822 0.001000 -0.012232
v 0.097561 0.001000 -0.012670
v 0.101533 0.001000 -0.001669
v 0.098148 0.001000 0.006329
v 0.099645 0.001000 0.019390
v 0.095066 0.001000 0.025086
v 0.094427 0.001000 0.027379
v 0.097067 0.001000 0.029658
v 0.098490 0.001000 0.024558
v 0.096871 0.001000 0.030290
v 0.094087 0.001000 0.028518
v 0.096686 0.001000 0.030926
v 0.096367 0.001000 0.032211
v 0.093738 0.001000 0.029656
v 0.092790 0.001000 0.034314
v 0.095936 0.001000 0.034822
v 0.095910 0.001000 0.040108
v 0.093866 0.001000 0.038390
v 0.094561 0.001000 0.040377
v 0.095217 0.001000 0.039701
v 0.092639 0.001000 0.039066
v 0.093905 0.001000 0.041053
v 0.092726 0.001000 0.040252
v 0.092788 0.001000 0.040844
v 0.093250 0.001000 0.041728
v 0.092854 0.001000 0.041435
v 0.093116 0.001000 0.043800
v 0.096493 0.001000 0.045371
v 0.094166 0.001000 0.053261
v 0.094601 0.001000 0.043039
v 0.097077 0.001000 0.050634
v 0.097661 0.001000 0.055897
v 0.097953 0.001000 0.058529
v 0.096151 0.001000 0.057663
v 0.094428 0.001000 0.055626
v 0.094691 0.001000 0.057991
v 0.096847 0.001000 0.059649
v 0.094821 0.001000 0.059174
v 0.094909 0.001000 0.060360
v 0.098116 0.001000 0.061171
v 0.094891 0.001000 0.062739
v 0.097601 0.001000 0.066432
v 0.094082 0.001000 0.067419
v 0.092278 0.001000 0.071814
v 0.095993 0.001000 0.071467
v 0.093361 0.001000 0.076051
v 0.092557 0.001000 0.077102
v 0.090324 0.001000 0.074795
v 0.091029 0.001000 0.073837
v 0.089952 0.001000 0.075259
v 0.089569 0.001000 0.075715
v 0.092134 0.001000 0.077611
v 0.091706 0.001000 0.078116
v 0.089256 0.001000 0.079423
v 0.089964 0.001000 0.080110
v 0.087863 0.001000 0.080858
v 0.086419 0.001000 0.079281
v 0.083684 0.001000 0.085164
v 0.079696 0.001000 0.086018
v 0.081544 0.001000 0.088643
v 0.082291 0.001000 0.086599
v 0.078818 0.001000 0.086820
v 0.077929 0.001000 0.087611
v 0.080809 0.001000 0.089312
v 0.080065 0.001000 0.089973
v 0.076037 0.001000 0.089053
v 0.076853 0.001000 0.092315
v 0.073311 0.001000 0.094118
v 0.071841 0.001000 0.091279
v 0.067264 0.001000 0.092543
v 0.064897 0.001000 0.092795
v 0.069527 0.001000 0.095337
v 0.065598 0.001000 0.095940
v 0.065416 0.001000 0.094739
v 0.064065 0.001000 0.093427
v 0.064761 0.001000 0.095414
v 0.063410 0.001000 0.094103
v 0.062754 0.001000 0.094779
v 0.063610 0.001000 0.096006
v 0.062616 0.001000 0.095980
v 0.062119 0.001000 0.095952
v 0.062098 0.001000 0.095454
v 0.061623 0.001000 0.095914
v 0.060747 0.001000 0.094143
v 0.061403 0.001000 0.093467
v 0.060147 0.001000 0.092602
v 0.057776 0.001000 0.092410
v 0.053030 0.001000 0.092027
v 0.057657 0.001000 0.095594
v 0.053691 0.001000 0.095274
v 0.045759 0.001000 0.094633
v 0.048288 0.001000 0.091644
v 0.045915 0.001000 0.091453
v 0.044729 0.001000 0.091357
v 0.043543 0.001000 0.091262
v 0.042356 0.001000 0.091197
v 0.041165 0.001000 0.091182
v 0.043776 0.001000 0.094473
v 0.042783 0.001000 0.094401
v 0.041789 0.001000 0.094367
v 0.037823 0.001000 0.094624
v 0.038790 0.001000 0.091304
v 0.034112 0.001000 0.092144
v 0.033947 0.001000 0.095506
v 0.032968 0.001000 0.092477
v 0.031840 0.001000 0.092854
v 0.029579 0.001000 0.093596
v 0.033003 0.001000 0.095821
v 0.033474 0.001000 0.095659
v 0.032061 0.001000 0.096139
v 0.030167 0.001000 0.096747
v 0.022482 0.001000 0.098807
v 0.025005 0.001000 0.094914
v 0.015696 0.001000 0.096879
v -0.003275 0.001000 0.098069
v 0.006747 0.001000 0.101091
v -0.009152 0.001000 0.100888
v -0.024824 0.001000 0.098204
v -0.022119 0.001000 0.095586
v -0.026727 0.001000 0.094399
v -0.029009 0.001000 0.093722
v -0.027767 0.001000 0.096134
v -0.029118 0.001000 0.094822
v -0.028423 0.001000 0.096809
v -0.029774 0.001000 0.095498
v -0.028662 0.001000 0.097152
v -0.029614 0.001000 0.096866
v -0.030089 0.001000 0.096719
v -0.030565 0.001000 0.096573
v -0.032493 0.001000 0.096086
v -0.031303 0.001000 0.093090
v -0.030149 0.001000 0.093382
v -0.036008 0.001000 0.092413
v -0.036436 0.001000 0.095578
v -0.040760 0.001000 0.092537
v -0.040409 0.001000 0.095701
v -0.059043 0.001000 0.094566
v -0.058693 0.001000 0.097729
v -0.067734 0.001000 0.093774
v -0.073107 0.001000 0.091487
v -0.070405 0.001000 0.094109
v -0.064674 0.001000 0.097673
v -0.071523 0.001000 0.095762
v -0.074418 0.001000 0.092838
v -0.029578 0.001000 0.093546
v 0.061332 0.001000 0.092698
v 0.061926 0.001000 0.092746
v 0.062519 0.001000 0.092788
v 0.082999 0.001000 0.087286
v 0.084440 0.001000 0.085897
v 0.088618 0.001000 0.081591
v 0.098069 0.001000 0.059848
v 0.097502 0.001000 0.058974
v 0.098020 0.001000 0.059188
v 0.096201 0.001000 0.042739
v 0.095912 0.001000 0.041688
v 0.096055 0.001000 0.041423
v 0.095982 0.001000 0.040765
v 0.096187 0.001000 -0.028885
v 0.091456 0.001000 -0.078079
v 0.091038 0.001000 -0.079110
v 0.090203 0.001000 -0.080136
v 0.089765 0.001000 -0.080633
v 0.089321 0.001000 -0.081124
v 0.087521 0.001000 -0.083065
v 0.087403 0.001000 -0.082013
v 0.086833 0.001000 -0.082357
v 0.080345 0.001000 -0.090030
v 0.078350 0.001000 -0.091772
v 0.077846 0.001000 -0.092200
v 0.076594 0.001000 -0.092503
v 0.077336 0.001000 -0.092623
v 0.040637 0.001000 -0.092807
v -0.097875 0.001000 -0.059776
v -0.097832 0.001000 -0.059281
v -0.097334 0.001000 -0.059275
v -0.085963 0.001000 0.084205
v -0.081658 0.001000 0.088384
v -0.040760 -0.001000 0.092537
v -0.040760 0.001000 0.092537
v -0.059043 -0.001000 0.094566
v -0.059043 0.001000 0.094566
v -0.059043 0.001000 0.094566
v -0.063383 0.001000 0.094613
v -0.059043 -0.001000 0.094566
v -0.063383 -0.001000 0.094613
v -0.067734 -0.001000 0.093774
v -0.071827 -0.001000 0.092073
v -0.067734 0.001000 0.093774
v -0.071827 0.001000 0.092073
v -0.075423 0.001000 0.089637
v -0.075423 -0.001000 0.089637
v -0.092819 -0.001000 0.061786
v -0.092819 0.001000 0.061786
v -0.091339 -0.001000 0.043450
v -0.091339 0.001000 0.043450
v -0.092819 0.001000 0.061786
v -0.092819 -0.001000 0.061786
v -0.092736 0.001000 0.066126
v -0.091768 0.001000 0.070449
v -0.092736 -0.001000 0.066126
v -0.091768 -0.001000 0.070449
v -0.089945 -0.001000 0.074489
v -0.087402 -0.001000 0.078011
v -0.089945 0.001000 0.074489
v -0.087402 0.001000 0.078011
v -0.087402 0.001000 0.078011
v -0.087402 -0.001000 0.078011
v -0.084606 0.001000 0.081032
v -0.081745 0.001000 0.083915
v -0.084606 -0.001000 0.081032
v -0.081745 -0.001000 0.083915
v -0.078658 -0.001000 0.086813
v -0.075423 -0.001000 0.089637
v -0.078658 0.001000 0.086813
v -0.075423 0.001000 0.089637
v -0.040760 0.001000 0.092537
v -0.037074 0.001000 0.092371
v -0.040760 -0.001000 0.092537
v -0.037074 -0.001000 0.092371
v -0.033398 -0.001000 0.092688
v -0.033398 0.001000 0.092688
v -0.029971 -0.001000 0.093432
v -0.029971 0.001000 0.093432
v -0.026255 -0.001000 0.094531
v -0.026255 0.001000 0.094531
v -0.022681 -0.001000 0.095454
v -0.022681 0.001000 0.095454
v -0.019073 -0.001000 0.096241
v -0.019073 0.001000 0.096241
v -0.015440 -0.001000 0.096893
v -0.015440 0.001000 0.096893
v -0.011784 -0.001000 0.097407
v -0.011784 0.001000 0.097407
v -0.008112 -0.001000 0.097784
v -0.008112 0.001000 0.097784
v -0.004427 -0.001000 0.098023
v -0.004427 0.001000 0.098023
v -0.000736 -0.001000 0.098123
v -0.000736 0.001000 0.098123
v 0.002955 -0.001000 0.098085
v 0.002955 0.001000 0.098085
v 0.006643 -0.001000 0.097907
v 0.006643 0.001000 0.097907
v 0.010321 -0.001000 0.097592
v 0.010321 0.001000 0.097592
v 0.013985 -0.001000 0.097139
v 0.013985 0.001000 0.097139
v 0.017630 -0.001000 0.096548
v 0.017630 0.001000 0.096548
v 0.021249 -0.001000 0.095820
v 0.021249 0.001000 0.095820
v 0.025005 -0.001000 0.094914
v 0.025005 0.001000 0.094914
v 0.028394 -0.001000 0.093961
v 0.028394 0.001000 0.093961
v 0.031908 -0.001000 0.092831
v 0.031908 0.001000 0.092831
v 0.035545 -0.001000 0.091800
v 0.035545 0.001000 0.091800
v 0.038932 -0.001000 0.091291
v 0.038932 0.001000 0.091291
v 0.042723 -0.001000 0.091212
v 0.042723 0.001000 0.091212
v 0.046650 -0.001000 0.091512
v 0.046650 0.001000 0.091512
v 0.050156 -0.001000 0.091795
v 0.050156 0.001000 0.091795
v 0.053836 -0.001000 0.092092
v 0.053836 0.001000 0.092092
v 0.057516 -0.001000 0.092389
v 0.057516 0.001000 0.092389
v 0.061332 -0.001000 0.092698
v 0.061332 0.001000 0.092698
v 0.064897 -0.001000 0.092795
v 0.064897 0.001000 0.092795
v 0.068711 -0.001000 0.092259
v 0.068711 0.001000 0.092259
v 0.072105 -0.001000 0.091172
v 0.072105 0.001000 0.091172
v 0.075337 -0.001000 0.089509
v 0.075337 0.001000 0.089509
v 0.078208 -0.001000 0.087369
v 0.078208 0.001000 0.087369
v 0.081001 -0.001000 0.084794
v 0.081001 0.001000 0.084794
v 0.083633 -0.001000 0.082206
v 0.083633 0.001000 0.082206
v 0.086183 -0.001000 0.079536
v 0.086183 0.001000 0.079536
v 0.088648 -0.001000 0.076788
v 0.088648 0.001000 0.076788
v 0.091029 -0.001000 0.073837
v 0.091029 0.001000 0.073837
v 0.092828 -0.001000 0.070734
v 0.092828 0.001000 0.070734
v 0.094082 -0.001000 0.067419
v 0.094082 0.001000 0.067419
v 0.094815 -0.001000 0.063658
v 0.094815 0.001000 0.063658
v 0.094889 -0.001000 0.059991
v 0.094889 0.001000 0.059991
v 0.094503 -0.001000 0.056300
v 0.094503 0.001000 0.056300
v 0.094103 -0.001000 0.052694
v 0.094103 0.001000 0.052694
v 0.093689 -0.001000 0.048960
v 0.093689 0.001000 0.048960
v 0.093282 -0.001000 0.045291
v 0.093282 0.001000 0.045291
v 0.092875 -0.001000 0.041621
v 0.092875 0.001000 0.041621
v 0.092602 -0.001000 0.037941
v 0.092602 0.001000 0.037941
v 0.092790 -0.001000 0.034314
v 0.092790 0.001000 0.034314
v 0.093472 -0.001000 0.030630
v 0.093472 0.001000 0.030630
v 0.094467 -0.001000 0.027242
v 0.094467 0.001000 0.027242
v 0.095468 -0.001000 0.023521
v 0.095468 0.001000 0.023521
v 0.096290 -0.001000 0.019922
v 0.096290 0.001000 0.019922
v 0.096975 -0.001000 0.016294
v 0.096975 0.001000 0.016294
v 0.097525 -0.001000 0.012643
v 0.097525 0.001000 0.012643
v 0.097937 -0.001000 0.008974
v 0.097937 0.001000 0.008974
v 0.098216 -0.001000 0.005189
v 0.098216 0.001000 0.005189
v 0.098346 -0.001000 0.001604
v 0.098346 0.001000 0.001604
v 0.098342 -0.001000 -0.002088
v 0.098342 0.001000 -0.002088
v 0.098200 -0.001000 -0.005777
v 0.098200 0.001000 -0.005777
v 0.097920 -0.001000 -0.009458
v 0.097920 0.001000 -0.009458
v 0.097486 -0.001000 -0.013236
v 0.097486 0.001000 -0.013236
v 0.096945 -0.001000 -0.016777
v 0.096945 0.001000 -0.016777
v 0.096252 -0.001000 -0.020403
v 0.096252 0.001000 -0.020403
v 0.095423 -0.001000 -0.024000
v 0.095423 0.001000 -0.024000
v 0.094460 -0.001000 -0.027565
v 0.094460 0.001000 -0.027565
v 0.093328 -0.001000 -0.031199
v 0.093328 0.001000 -0.031199
v 0.092266 -0.001000 -0.034614
v 0.092266 0.001000 -0.034614
v 0.091603 -0.001000 -0.038243
v 0.091603 0.001000 -0.038243
v 0.091419 -0.001000 -0.041928
v 0.091419 0.001000 -0.041928
v 0.091650 -0.001000 -0.045522
v 0.091650 0.001000 -0.045522
v 0.091955 -0.001000 -0.049292
v 0.091955 0.001000 -0.049292
v 0.092248 -0.001000 -0.052922
v 0.092248 0.001000 -0.052922
v 0.092549 -0.001000 -0.056652
v 0.092549 0.001000 -0.056652
v 0.092846 -0.001000 -0.060332
v 0.092846 0.001000 -0.060332
v 0.093058 -0.001000 -0.064016
v 0.093058 0.001000 -0.064016
v 0.092717 -0.001000 -0.067688
v 0.092717 0.001000 -0.067688
v 0.091763 -0.001000 -0.071250
v 0.091763 0.001000 -0.071250
v 0.090163 -0.001000 -0.074705
v 0.090163 0.001000 -0.074705
v 0.088088 -0.001000 -0.077706
v 0.088088 0.001000 -0.077706
v 0.085670 -0.001000 -0.080388
v 0.085670 0.001000 -0.080388
v 0.083103 -0.001000 -0.083042
v 0.083103 0.001000 -0.083042
v 0.080453 -0.001000 -0.085613
v 0.080453 0.001000 -0.085613
v 0.077755 -0.001000 -0.088072
v 0.077755 0.001000 -0.088072
v 0.074907 -0.001000 -0.090485
v 0.074907 0.001000 -0.090485
v 0.071803 -0.001000 -0.092476
v 0.071803 0.001000 -0.092476
v 0.068408 -0.001000 -0.093916
v 0.068408 0.001000 -0.093916
v 0.064819 -0.001000 -0.094763
v 0.064819 0.001000 -0.094763
v 0.061268 -0.001000 -0.094997
v 0.061268 0.001000 -0.094997
v 0.057418 -0.001000 -0.094667
v 0.057418 0.001000 -0.094667
v 0.053669 -0.001000 -0.094251
v 0.053669 0.001000 -0.094251
v 0.050123 -0.001000 -0.093858
v 0.050123 0.001000 -0.093858
v 0.046453 -0.001000 -0.093451
v 0.046453 0.001000 -0.093451
v 0.042784 -0.001000 -0.093044
v 0.042784 0.001000 -0.093044
v 0.039109 -0.001000 -0.092695
v 0.039109 0.001000 -0.092695
v 0.035420 -0.001000 -0.092768
v 0.035420 0.001000 -0.092768
v 0.031772 -0.001000 -0.093322
v 0.031772 0.001000 -0.093322
v 0.028328 -0.001000 -0.094281
v 0.028328 0.001000 -0.094281
v 0.024661 -0.001000 -0.095305
v 0.024661 0.001000 -0.095305
v 0.021069 -0.001000 -0.096161
v 0.021069 0.001000 -0.096161
v 0.017449 -0.001000 -0.096881
v 0.017449 0.001000 -0.096881
v 0.013803 -0.001000 -0.097465
v 0.013803 0.001000 -0.097465
v 0.010138 -0.001000 -0.097912
v 0.010138 0.001000 -0.097912
v 0.006459 -0.001000 -0.098220
v 0.006459 0.001000 -0.098220
v 0.002771 -0.001000 -0.098391
v 0.002771 0.001000 -0.098391
v -0.000920 -0.001000 -0.098422
v -0.000920 0.001000 -0.098422
v -0.004611 -0.001000 -0.098315
v -0.004611 0.001000 -0.098315
v -0.008294 -0.001000 -0.098070
v -0.008294 0.001000 -0.098070
v -0.011966 -0.001000 -0.097686
v -0.011966 0.001000 -0.097686
v -0.015621 -0.001000 -0.097164
v -0.015621 0.001000 -0.097164
v -0.019254 -0.001000 -0.096506
v -0.019254 0.001000 -0.096506
v -0.022860 -0.001000 -0.095712
v -0.022860 0.001000 -0.095712
v -0.026433 -0.001000 -0.094783
v -0.026433 0.001000 -0.094783
v -0.029968 -0.001000 -0.093720
v -0.029968 0.001000 -0.093720
v -0.033477 -0.001000 -0.092574
v -0.033477 0.001000 -0.092574
v -0.037140 -0.001000 -0.091783
v -0.037140 0.001000 -0.091783
v -0.040760 -0.001000 -0.091486
v -0.040760 0.001000 -0.091486
v -0.044401 -0.001000 -0.091645
v -0.044401 0.001000 -0.091645
v -0.048127 -0.001000 -0.091946
v -0.048127 0.001000 -0.091946
v -0.051807 -0.001000 -0.092243
v -0.051807 0.001000 -0.092243
v -0.055487 -0.001000 -0.092540
v -0.055487 0.001000 -0.092540
v -0.059166 -0.001000 -0.092837
v -0.059166 0.001000 -0.092837
v -0.062849 -0.001000 -0.093111
v -0.062849 0.001000 -0.093111
v -0.066532 -0.001000 -0.092928
v -0.066532 0.001000 -0.092928
v -0.070269 -0.001000 -0.092083
v -0.070269 0.001000 -0.092083
v -0.073544 -0.001000 -0.090731
v -0.073544 0.001000 -0.090731
v -0.076650 -0.001000 -0.088798
v -0.076650 0.001000 -0.088798
v -0.079515 -0.001000 -0.086330
v -0.079515 0.001000 -0.086330
v -0.082144 -0.001000 -0.083826
v -0.082144 0.001000 -0.083826
v -0.084736 -0.001000 -0.081197
v -0.084736 0.001000 -0.081197
v -0.087244 -0.001000 -0.078488
v -0.087244 0.001000 -0.078488
v -0.089666 -0.001000 -0.075701
v -0.089666 0.001000 -0.075701
v -0.091788 -0.001000 -0.072685
v -0.091788 0.001000 -0.072685
v -0.093372 -0.001000 -0.069355
v -0.093372 0.001000 -0.069355
v -0.094372 -0.001000 -0.065805
v -0.094372 0.001000 -0.065805
v -0.094760 -0.001000 -0.062138
v -0.094760 0.001000 -0.062138
v -0.094548 -0.001000 -0.058522
v -0.094548 0.001000 -0.058522
v -0.094131 -0.001000 -0.054761
v -0.094131 0.001000 -0.054761
v -0.093726 -0.001000 -0.051117
v -0.093726 0.001000 -0.051117
v -0.093319 -0.001000 -0.047447
v -0.093319 0.001000 -0.047447
v -0.092912 -0.001000 -0.043778
v -0.092912 0.001000 -0.043778
v -0.092517 -0.001000 -0.040077
v -0.092517 0.001000 -0.040077
v -0.092470 -0.001000 -0.036418
v -0.092470 0.001000 -0.036418
v -0.092903 -0.001000 -0.032754
v -0.092903 0.001000 -0.032754
v -0.093830 -0.001000 -0.029107
v -0.093830 0.001000 -0.029107
v -0.094832 -0.001000 -0.025630
v -0.094832 0.001000 -0.025630
v -0.095684 -0.001000 -0.022216
v -0.095684 0.001000 -0.022216
v -0.096477 -0.001000 -0.018433
v -0.096477 0.001000 -0.018433
v -0.097096 -0.001000 -0.014793
v -0.097096 0.001000 -0.014793
v -0.097577 -0.001000 -0.011133
v -0.097577 0.001000 -0.011133
v -0.097921 -0.001000 -0.007457
v -0.097921 0.001000 -0.007457
v -0.098126 -0.001000 -0.003770
v -0.098126 0.001000 -0.003770
v -0.098193 -0.001000 -0.000079
v -0.098193 0.001000 -0.000079
v -0.098121 -0.001000 0.003612
v -0.098121 0.001000 0.003612
v -0.097911 -0.001000 0.007286
v -0.097911 0.001000 0.007286
v -0.097561 -0.001000 0.010973
v -0.097561 0.001000 0.010973
v -0.097074 -0.001000 0.014633
v -0.097074 0.001000 0.014633
v -0.096451 -0.001000 0.018272
v -0.096451 0.001000 0.018272
v -0.095691 -0.001000 0.021885
v -0.095691 0.001000 0.021885
v -0.094795 -0.001000 0.025466
v -0.094795 0.001000 0.025466
v -0.093766 -0.001000 0.029012
v -0.093766 0.001000 0.029012
v -0.092625 -0.001000 0.032478
v -0.092625 0.001000 0.032478
v -0.091710 -0.001000 0.036096
v -0.091710 0.001000 0.036096
v -0.091283 -0.001000 0.039761
v -0.091283 0.001000 0.039761
v -0.091339 -0.001000 0.043450
v -0.091339 0.001000 0.043450
v -0.040409 0.001000 0.095701
v -0.040409 -0.001000 0.095701
v -0.058693 0.001000 0.097729
v -0.058693 -0.001000 0.097729
v -0.058693 0.001000 0.097729
v -0.058693 -0.001000 0.097729
v -0.061659 0.001000 0.097881
v -0.061659 -0.001000 0.097881
v -0.064674 0.001000 0.097673
v -0.064674 -0.001000 0.097673
v -0.095992 0.001000 0.061530
v -0.095992 -0.001000 0.061530
v -0.094512 0.001000 0.043194
v -0.094512 -0.001000 0.043194
v -0.095757 0.001000 0.067507
v -0.095757 -0.001000 0.067507
v -0.096055 0.001000 0.064500
v -0.095992 0.001000 0.061530
v -0.096055 -0.001000 0.064500
v -0.095992 -0.001000 0.061530
v -0.079489 0.001000 0.089021
v -0.080924 0.001000 0.087628
v -0.079489 -0.001000 0.089021
v -0.080924 -0.001000 0.087628
v -0.086665 -0.001000 0.082057
v -0.085230 -0.001000 0.083449
v -0.086665 0.001000 0.082057
v -0.085230 0.001000 0.083449
v -0.085963 -0.001000 0.084205
v -0.085230 -0.001000 0.083449
v -0.085963 0.000000 0.084205
v -0.085963 0.001000 0.084205
v -0.085230 0.001000 0.083449
v -0.080924 -0.001000 0.087628
v -0.080924 0.001000 0.087628
v -0.081658 0.000000 0.088384
v -0.081658 -0.001000 0.088384
v -0.081658 0.001000 0.088384
v -0.087352 0.001000 0.082765
v -0.087352 0.000000 0.082765
v -0.087944 0.001000 0.082136
v -0.087944 -0.001000 0.082136
v -0.088532 0.001000 0.081502
v -0.089118 0.001000 0.080862
v -0.088532 -0.001000 0.081502
v -0.089118 -0.001000 0.080862
v -0.089701 -0.001000 0.080215
v -0.089701 0.000000 0.080215
v -0.089701 0.001000 0.080215
v -0.087352 -0.001000 0.082765
v -0.064674 0.001000 0.097673
v -0.064674 -0.001000 0.097673
v -0.068149 0.001000 0.096967
v -0.068149 -0.001000 0.096967
v -0.071523 0.001000 0.095762
v -0.071523 -0.001000 0.095762
v -0.074690 0.001000 0.094087
v -0.074690 -0.001000 0.094087
v -0.077558 0.001000 0.092000
v -0.077558 -0.001000 0.092000
v -0.077558 0.001000 0.092000
v -0.077558 -0.001000 0.092000
v -0.078879 0.001000 0.090871
v -0.080176 0.001000 0.089729
v -0.080176 0.000000 0.089729
v -0.078879 -0.001000 0.090871
v -0.080176 -0.001000 0.089729
v -0.081658 0.001000 0.088384
v -0.081658 0.000000 0.088384
v -0.083836 0.001000 0.086321
v -0.085963 0.000000 0.084205
v -0.085963 0.001000 0.084205
v -0.085963 -0.001000 0.084205
v -0.083836 -0.001000 0.086321
v -0.081658 -0.001000 0.088384
v -0.089701 -0.001000 0.080215
v -0.091873 -0.001000 0.077412
v -0.089701 0.000000 0.080215
v -0.091873 0.001000 0.077412
v -0.089701 0.001000 0.080215
v -0.093642 0.001000 0.074296
v -0.093642 -0.001000 0.074296
v -0.094947 0.001000 0.070960
v -0.094947 -0.001000 0.070960
v -0.095757 0.001000 0.067507
v -0.095757 -0.001000 0.067507
v -0.094512 -0.001000 0.043194
v -0.094508 -0.001000 0.039219
v -0.094512 0.001000 0.043194
v -0.094508 0.001000 0.039219
v -0.095134 0.001000 0.035294
v -0.095134 -0.001000 0.035294
v -0.096314 0.001000 0.031495
v -0.096314 -0.001000 0.031495
v -0.097481 0.001000 0.027692
v -0.097481 -0.001000 0.027692
v -0.098498 0.001000 0.023845
v -0.098498 -0.001000 0.023845
v -0.099362 0.001000 0.019961
v -0.099362 -0.001000 0.019961
v -0.100075 0.001000 0.016046
v -0.100075 -0.001000 0.016046
v -0.100633 0.001000 0.012107
v -0.100633 -0.001000 0.012107
v -0.101036 0.001000 0.008149
v -0.101036 -0.001000 0.008149
v -0.101283 0.001000 0.004177
v -0.101283 -0.001000 0.004177
v -0.101375 0.001000 0.000200
v -0.101375 -0.001000 0.000200
v -0.101311 0.001000 -0.003779
v -0.101311 -0.001000 -0.003779
v -0.101091 0.001000 -0.007751
v -0.101091 -0.001000 -0.007751
v -0.100715 0.001000 -0.011712
v -0.100715 -0.001000 -0.011712
v -0.100184 0.001000 -0.015656
v -0.100184 -0.001000 -0.015656
v -0.099499 0.001000 -0.019575
v -0.099499 -0.001000 -0.019575
v -0.098661 0.001000 -0.023465
v -0.098661 -0.001000 -0.023465
v -0.097671 0.001000 -0.027318
v -0.097671 -0.001000 -0.027318
v -0.096543 0.001000 -0.031134
v -0.096543 -0.001000 -0.031134
v -0.095777 0.001000 -0.035035
v -0.095777 -0.001000 -0.035035
v -0.095639 0.001000 -0.039007
v -0.095639 -0.001000 -0.039007
v -0.096024 0.001000 -0.042967
v -0.096024 -0.001000 -0.042967
v -0.096463 0.001000 -0.046922
v -0.096463 -0.001000 -0.046922
v -0.096902 0.001000 -0.050876
v -0.096902 -0.001000 -0.050876
v -0.097341 0.001000 -0.054831
v -0.097341 -0.001000 -0.054831
v -0.097780 0.001000 -0.058786
v -0.097780 -0.001000 -0.058786
v -0.097925 0.001000 -0.062758
v -0.097925 -0.001000 -0.062758
v -0.097439 0.001000 -0.066703
v -0.097439 -0.001000 -0.066703
v -0.096334 0.001000 -0.070522
v -0.096334 -0.001000 -0.070522
v -0.094637 0.001000 -0.074116
v -0.094637 -0.001000 -0.074116
v -0.092393 -0.000000 -0.077397
v -0.092393 0.001000 -0.077397
v -0.091108 0.001000 -0.078916
v -0.089795 0.001000 -0.080411
v -0.091108 -0.000000 -0.078916
v -0.089795 -0.000000 -0.080411
v -0.091108 -0.001000 -0.078916
v -0.089795 -0.001000 -0.080411
v -0.092393 -0.001000 -0.077397
v -0.089795 -0.001000 -0.080411
v -0.089795 -0.000000 -0.080411
v -0.089441 -0.001000 -0.080067
v -0.089441 0.001000 -0.080067
v -0.089087 -0.001000 -0.079723
v -0.089087 -0.000000 -0.079723
v -0.089087 0.001000 -0.079723
v -0.089795 0.001000 -0.080411
v -0.087694 0.001000 -0.081159
v -0.087694 -0.000000 -0.081159
v -0.088450 0.001000 -0.081892
v -0.088450 -0.000000 -0.081892
v -0.088450 -0.001000 -0.081892
v -0.087694 -0.001000 -0.081159
v -0.088450 0.001000 -0.081892
v -0.088450 -0.000000 -0.081892
v -0.086387 0.001000 -0.084071
v -0.084271 -0.000000 -0.086198
v -0.084271 0.001000 -0.086198
v -0.086387 -0.001000 -0.084071
v -0.084271 -0.001000 -0.086198
v -0.088450 -0.001000 -0.081892
v -0.084271 0.001000 -0.086198
v -0.084271 -0.000000 -0.086198
v -0.083516 0.001000 -0.085464
v -0.083516 -0.000000 -0.085464
v -0.083516 -0.001000 -0.085464
v -0.084271 -0.001000 -0.086198
v -0.083516 0.001000 -0.085464
v -0.083516 -0.000000 -0.085464
v -0.082123 0.001000 -0.086900
v -0.082123 -0.000000 -0.086900
v -0.082123 -0.001000 -0.086900
v -0.083516 -0.001000 -0.085464
v -0.082123 -0.001000 -0.086900
v -0.082123 -0.000000 -0.086900
v -0.082477 -0.001000 -0.087243
v -0.082477 0.001000 -0.087243
v -0.082831 -0.000000 -0.087587
v -0.082831 -0.001000 -0.087587
v -0.082831 0.001000 -0.087587
v -0.082123 0.001000 -0.086900
v -0.082831 0.001000 -0.087587
v -0.082831 -0.000000 -0.087587
v -0.080398 0.001000 -0.089831
v -0.080398 -0.001000 -0.089831
v -0.077785 0.001000 -0.091900
v -0.077785 -0.001000 -0.091900
v -0.074931 0.001000 -0.093597
v -0.074931 -0.001000 -0.093597
v -0.071877 0.001000 -0.094901
v -0.071877 -0.001000 -0.094901
v -0.068678 0.001000 -0.095788
v -0.068678 -0.001000 -0.095788
v -0.065389 0.001000 -0.096244
v -0.065389 -0.001000 -0.096244
v -0.062120 0.001000 -0.096263
v -0.062120 -0.001000 -0.096263
v -0.058860 0.001000 -0.096006
v -0.058860 -0.001000 -0.096006
v -0.055444 0.001000 -0.095730
v -0.055444 -0.001000 -0.095730
v -0.052132 0.001000 -0.095462
v -0.052132 -0.001000 -0.095462
v -0.048820 0.001000 -0.095195
v -0.048820 -0.001000 -0.095195
v -0.045585 0.001000 -0.094934
v -0.045585 -0.001000 -0.094934
v -0.042205 0.001000 -0.094683
v -0.042205 -0.001000 -0.094683
v -0.038876 0.001000 -0.094778
v -0.038876 -0.001000 -0.094778
v -0.035599 0.001000 -0.095312
v -0.035599 -0.001000 -0.095312
v -0.032417 0.001000 -0.096264
v -0.032417 -0.001000 -0.096264
v -0.029253 0.001000 -0.097276
v -0.029253 -0.001000 -0.097276
v -0.026057 0.001000 -0.098185
v -0.026057 -0.001000 -0.098185
v -0.022833 0.001000 -0.098988
v -0.022833 -0.001000 -0.098988
v -0.019584 0.001000 -0.099686
v -0.019584 -0.001000 -0.099686
v -0.016315 0.001000 -0.100276
v -0.016315 -0.001000 -0.100276
v -0.013027 0.001000 -0.100760
v -0.013027 -0.001000 -0.100760
v -0.009726 0.001000 -0.101135
v -0.009726 -0.001000 -0.101135
v -0.006414 0.001000 -0.101402
v -0.006414 -0.001000 -0.101402
v -0.003095 0.001000 -0.101561
v -0.003095 -0.001000 -0.101561
v 0.000227 0.001000 -0.101610
v 0.000227 -0.001000 -0.101610
v 0.003549 0.001000 -0.101551
v 0.003549 -0.001000 -0.101551
v 0.006867 0.001000 -0.101383
v 0.006867 -0.001000 -0.101383
v 0.010178 0.001000 -0.101107
v 0.010178 -0.001000 -0.101107
v 0.013479 0.001000 -0.100722
v 0.013479 -0.001000 -0.100722
v 0.016764 0.001000 -0.100230
v 0.016764 -0.001000 -0.100230
v 0.019937 0.001000 -0.099649
v 0.019937 -0.001000 -0.099649
v 0.023279 0.001000 -0.098924
v 0.023279 -0.001000 -0.098924
v 0.026381 0.001000 -0.098143
v 0.026381 -0.001000 -0.098143
v 0.029694 0.001000 -0.097194
v 0.029694 -0.001000 -0.097194
v 0.032903 0.001000 -0.096337
v 0.032903 -0.001000 -0.096337
v 0.036194 0.001000 -0.095902
v 0.036194 -0.001000 -0.095902
v 0.039515 0.001000 -0.095906
v 0.039515 -0.001000 -0.095906
v 0.042974 0.001000 -0.096267
v 0.042974 -0.001000 -0.096267
v 0.046122 0.001000 -0.096617
v 0.046122 -0.001000 -0.096617
v 0.049424 0.001000 -0.096983
v 0.049424 -0.001000 -0.096983
v 0.052727 0.001000 -0.097349
v 0.052727 -0.001000 -0.097349
v 0.056132 0.001000 -0.097727
v 0.056132 -0.001000 -0.097727
v 0.059422 0.001000 -0.098086
v 0.059422 -0.001000 -0.098086
v 0.062651 0.001000 -0.098161
v 0.062651 -0.001000 -0.098161
v 0.065952 0.001000 -0.097804
v 0.065952 -0.001000 -0.097804
v 0.069177 0.001000 -0.097012
v 0.069177 -0.001000 -0.097012
v 0.072268 0.001000 -0.095801
v 0.072268 -0.001000 -0.095801
v 0.075171 0.001000 -0.094190
v 0.075171 -0.001000 -0.094190
v 0.077846 0.001000 -0.092200
v 0.077846 -0.001000 -0.092200
v 0.080345 -0.000000 -0.090030
v 0.080345 0.001000 -0.090030
v 0.080345 -0.001000 -0.090030
v -0.082831 -0.001000 -0.087587
v 0.080345 -0.001000 -0.090030
v 0.080345 -0.000000 -0.090030
v 0.079657 -0.001000 -0.089322
v 0.079657 -0.000000 -0.089322
v 0.079657 0.001000 -0.089322
v 0.080345 0.001000 -0.090030
v 0.079657 0.001000 -0.089322
v 0.079657 -0.000000 -0.089322
v 0.081093 0.001000 -0.087929
v 0.081093 -0.000000 -0.087929
v 0.081093 -0.001000 -0.087929
v 0.079657 -0.001000 -0.089322
v 0.081093 0.001000 -0.087929
v 0.081093 -0.000000 -0.087929
v 0.081826 0.001000 -0.088685
v 0.081826 -0.000000 -0.088685
v 0.081826 -0.001000 -0.088685
v 0.081093 -0.001000 -0.087929
v 0.081826 0.001000 -0.088685
v 0.081826 -0.000000 -0.088685
v 0.084005 0.001000 -0.086622
v 0.084005 -0.001000 -0.086622
v 0.086132 0.001000 -0.084506
v 0.086132 -0.000000 -0.084506
v 0.086132 -0.001000 -0.084506
v 0.081826 -0.001000 -0.088685
v 0.085398 0.001000 -0.083750
v 0.085398 -0.000000 -0.083750
v 0.086116 0.001000 -0.083054
v 0.086116 -0.001000 -0.083054
v 0.086833 0.001000 -0.082357
v 0.086833 -0.000000 -0.082357
v 0.086833 -0.001000 -0.082357
v 0.085398 -0.001000 -0.083750
v 0.086833 0.001000 -0.082357
v 0.086833 -0.000000 -0.082357
v 0.087177 0.001000 -0.082711
v 0.087177 -0.001000 -0.082711
v 0.087521 0.001000 -0.083065
v 0.087521 -0.000000 -0.083065
v 0.087521 -0.001000 -0.083065
v 0.086833 -0.001000 -0.082357
v 0.087521 0.001000 -0.083065
v 0.087521 -0.000000 -0.083065
v 0.089765 0.001000 -0.080633
v 0.089765 -0.001000 -0.080633
v 0.091834 0.001000 -0.078019
v 0.091834 -0.001000 -0.078019
v 0.093531 0.001000 -0.075165
v 0.093531 -0.001000 -0.075165
v 0.094834 0.001000 -0.072112
v 0.094834 -0.001000 -0.072112
v 0.095722 0.001000 -0.068912
v 0.095722 -0.001000 -0.068912
v 0.096178 0.001000 -0.065624
v 0.096178 -0.001000 -0.065624
v 0.096197 0.001000 -0.062354
v 0.096197 -0.001000 -0.062354
v 0.095940 0.001000 -0.059095
v 0.095940 -0.001000 -0.059095
v 0.095664 0.001000 -0.055679
v 0.095664 -0.001000 -0.055679
v 0.095396 0.001000 -0.052367
v 0.095396 -0.001000 -0.052367
v 0.095129 0.001000 -0.049055
v 0.095129 -0.001000 -0.049055
v 0.094868 0.001000 -0.045819
v 0.094868 -0.001000 -0.045819
v 0.094617 0.001000 -0.042439
v 0.094617 -0.001000 -0.042439
v 0.094712 0.001000 -0.039111
v 0.094712 -0.001000 -0.039111
v 0.095246 0.001000 -0.035834
v 0.095246 -0.001000 -0.035834
v 0.096198 0.001000 -0.032652
v 0.096198 -0.001000 -0.032652
v 0.097210 0.001000 -0.029488
v 0.097210 -0.001000 -0.029488
v 0.098119 0.001000 -0.026292
v 0.098119 -0.001000 -0.026292
v 0.098922 0.001000 -0.023068
v 0.098922 -0.001000 -0.023068
v 0.099620 0.001000 -0.019819
v 0.099620 -0.001000 -0.019819
v 0.100210 0.001000 -0.016549
v 0.100210 -0.001000 -0.016549
v 0.100693 0.001000 -0.013262
v 0.100693 -0.001000 -0.013262
v 0.101069 0.001000 -0.009961
v 0.101069 -0.001000 -0.009961
v 0.101336 0.001000 -0.006649
v 0.101336 -0.001000 -0.006649
v 0.101494 0.001000 -0.003330
v 0.101494 -0.001000 -0.003330
v 0.101544 0.001000 -0.000008
v 0.101544 -0.001000 -0.000008
v 0.101485 0.001000 0.003314
v 0.101485 -0.001000 0.003314
v 0.101317 0.001000 0.006632
v 0.101317 -0.001000 0.006632
v 0.101041 0.001000 0.009944
v 0.101041 -0.001000 0.009944
v 0.100656 0.001000 0.013244
v 0.100656 -0.001000 0.013244
v 0.100164 0.001000 0.016530
v 0.100164 -0.001000 0.016530
v 0.099583 0.001000 0.019702
v 0.099583 -0.001000 0.019702
v 0.098857 0.001000 0.023044
v 0.098857 -0.001000 0.023044
v 0.098077 0.001000 0.026147
v 0.098077 -0.001000 0.026147
v 0.097128 0.001000 0.029459
v 0.097128 -0.001000 0.029459
v 0.096271 0.001000 0.032668
v 0.096271 -0.001000 0.032668
v 0.095836 0.001000 0.035960
v 0.095836 -0.001000 0.035960
v 0.095840 0.001000 0.039280
v 0.095840 -0.001000 0.039280
v 0.096201 0.001000 0.042739
v 0.096201 -0.001000 0.042739
v 0.096550 0.001000 0.045887
v 0.096550 -0.001000 0.045887
v 0.096917 0.001000 0.049190
v 0.096917 -0.001000 0.049190
v 0.097283 0.001000 0.052492
v 0.097283 -0.001000 0.052492
v 0.097661 0.001000 0.055897
v 0.097661 -0.001000 0.055897
v 0.098020 0.001000 0.059188
v 0.098020 -0.001000 0.059188
v 0.098095 0.001000 0.062417
v 0.098095 -0.001000 0.062417
v 0.097738 0.001000 0.065718
v 0.097738 -0.001000 0.065718
v 0.096946 0.001000 0.068942
v 0.096946 -0.001000 0.068942
v 0.095734 0.001000 0.072033
v 0.095734 -0.001000 0.072033
v 0.094124 0.001000 0.074937
v 0.094124 -0.001000 0.074937
v 0.092134 0.001000 0.077611
v 0.092134 -0.001000 0.077611
v 0.089964 0.000000 0.080110
v 0.089964 0.001000 0.080110
v 0.089964 -0.001000 0.080110
v 0.087521 -0.001000 -0.083065
v 0.089964 -0.001000 0.080110
v 0.089964 0.000000 0.080110
v 0.089256 -0.001000 0.079423
v 0.089256 0.000000 0.079423
v 0.089256 0.001000 0.079423
v 0.089964 0.001000 0.080110
v 0.089256 -0.001000 0.079423
v 0.089256 0.000000 0.079423
v 0.087863 -0.001000 0.080858
v 0.087863 0.000000 0.080858
v 0.087863 0.001000 0.080858
v 0.089256 0.001000 0.079423
v 0.087863 -0.001000 0.080858
v 0.087863 0.000000 0.080858
v 0.088618 -0.001000 0.081591
v 0.088618 0.000000 0.081591
v 0.088618 0.001000 0.081591
v 0.087863 0.001000 0.080858
v 0.088618 0.001000 0.081591
v 0.088618 0.000000 0.081591
v 0.086556 0.001000 0.083770
v 0.086556 -0.001000 0.083770
v 0.084440 0.001000 0.085897
v 0.084440 0.000000 0.085897
v 0.084440 -0.001000 0.085897
v 0.088618 -0.001000 0.081591
v 0.084440 -0.001000 0.085897
v 0.084440 0.000000 0.085897
v 0.083684 -0.001000 0.085164
v 0.083684 0.000000 0.085164
v 0.083684 0.001000 0.085164
v 0.084440 0.001000 0.085897
v 0.083684 -0.001000 0.085164
v 0.083684 0.000000 0.085164
v 0.082291 -0.001000 0.086599
v 0.082291 0.000000 0.086599
v 0.082291 0.001000 0.086599
v 0.083684 0.001000 0.085164
v 0.082291 -0.001000 0.086599
v 0.082291 0.000000 0.086599
v 0.082999 -0.001000 0.087286
v 0.082999 0.000000 0.087286
v 0.082999 0.001000 0.087286
v 0.082291 0.001000 0.086599
v 0.082999 -0.001000 0.087286
v 0.082999 0.000000 0.087286
v 0.081631 -0.001000 0.088564
v 0.081631 0.000000 0.088564
v 0.080241 -0.001000 0.089819
v 0.080241 0.000000 0.089819
v 0.077249 -0.001000 0.092066
v 0.077249 0.001000 0.092066
v 0.073956 -0.001000 0.093841
v 0.073956 0.001000 0.093841
v 0.070434 -0.001000 0.095104
v 0.070434 0.001000 0.095104
v 0.066763 -0.001000 0.095828
v 0.066763 0.001000 0.095828
v 0.063025 -0.001000 0.095996
v 0.063025 0.001000 0.095996
v 0.059290 -0.001000 0.095726
v 0.059290 0.001000 0.095726
v 0.055557 -0.001000 0.095425
v 0.055557 0.001000 0.095425
v 0.051825 -0.001000 0.095123
v 0.051825 0.001000 0.095123
v 0.048092 -0.001000 0.094822
v 0.048092 0.001000 0.094822
v 0.044359 -0.001000 0.094520
v 0.044359 0.001000 0.094520
v 0.040556 -0.001000 0.094379
v 0.040556 0.001000 0.094379
v 0.036899 -0.001000 0.094776
v 0.036899 0.001000 0.094776
v 0.033328 -0.001000 0.095709
v 0.033328 0.001000 0.095709
v 0.029710 -0.001000 0.096888
v 0.029710 0.001000 0.096888
v 0.026118 -0.001000 0.097913
v 0.026118 0.001000 0.097913
v 0.022482 -0.001000 0.098807
v 0.022482 0.001000 0.098807
v 0.018814 -0.001000 0.099566
v 0.018814 0.001000 0.099566
v 0.015122 -0.001000 0.100189
v 0.015122 0.001000 0.100189
v 0.011409 -0.001000 0.100676
v 0.011409 0.001000 0.100676
v 0.007680 -0.001000 0.101025
v 0.007680 0.001000 0.101025
v 0.003942 -0.001000 0.101236
v 0.003942 0.001000 0.101236
v 0.000197 -0.001000 0.101309
v 0.000197 0.001000 0.101309
v -0.003547 -0.001000 0.101245
v -0.003547 0.001000 0.101245
v -0.007286 -0.001000 0.101042
v -0.007286 0.001000 0.101042
v -0.011015 -0.001000 0.100701
v -0.011015 0.001000 0.100701
v -0.014730 -0.001000 0.100222
v -0.014730 0.001000 0.100222
v -0.018423 -0.001000 0.099607
v -0.018423 0.001000 0.099607
v -0.022092 -0.001000 0.098856
v -0.022092 0.001000 0.098856
v -0.025731 -0.001000 0.097970
v -0.025731 0.001000 0.097970
v -0.029334 -0.001000 0.096951
v -0.029334 0.001000 0.096951
v -0.032952 -0.001000 0.095994
v -0.032952 0.001000 0.095994
v -0.036674 -0.001000 0.095567
v -0.036674 0.001000 0.095567
v -0.040409 -0.001000 0.095701
v -0.040409 0.001000 0.095701
v 0.080241 0.001000 0.089819
v 0.081631 0.001000 0.088564
v 0.082999 0.001000 0.087286
v 0.087521 -0.001000 -0.083065
v 0.086833 -0.001000 -0.082357
v 0.089321 -0.001000 -0.081124
v 0.089765 -0.001000 -0.080633
v 0.087554 -0.001000 -0.078329
v 0.086757 -0.001000 -0.079213
v 0.085135 -0.001000 -0.080955
v 0.081788 -0.001000 -0.084337
v 0.085398 -0.001000 -0.083750
v 0.086132 -0.001000 -0.084506
v 0.081826 -0.001000 -0.088685
v 0.081093 -0.001000 -0.087929
v 0.078306 -0.001000 -0.087582
v 0.079657 -0.001000 -0.089322
v 0.080345 -0.001000 -0.090030
v 0.078350 -0.001000 -0.091772
v 0.076517 -0.001000 -0.089151
v 0.075610 -0.001000 -0.089921
v 0.077846 -0.001000 -0.092200
v 0.077336 -0.001000 -0.092623
v 0.074678 -0.001000 -0.090659
v 0.070586 -0.001000 -0.093071
v 0.076286 -0.001000 -0.093427
v 0.071701 -0.001000 -0.096059
v 0.066068 -0.001000 -0.094541
v 0.066666 -0.001000 -0.097668
v 0.061406 -0.001000 -0.098182
v 0.061340 -0.001000 -0.094998
v 0.060082 -0.001000 -0.098135
v 0.060151 -0.001000 -0.094950
v 0.059422 -0.001000 -0.098086
v 0.059559 -0.001000 -0.094902
v 0.058764 -0.001000 -0.098019
v 0.058967 -0.001000 -0.094839
v 0.057785 -0.001000 -0.094708
v 0.056132 -0.001000 -0.097727
v 0.050869 -0.001000 -0.097143
v 0.056601 -0.001000 -0.094577
v 0.047140 -0.001000 -0.093527
v 0.042411 -0.001000 -0.093002
v 0.045606 -0.001000 -0.096559
v 0.042974 -0.001000 -0.096267
v 0.041658 -0.001000 -0.096121
v 0.041228 -0.001000 -0.092871
v 0.041000 -0.001000 -0.096048
v 0.040342 -0.001000 -0.095976
v 0.040637 -0.001000 -0.092807
v 0.040044 -0.001000 -0.092754
v 0.035057 -0.001000 -0.096002
v 0.037668 -0.001000 -0.092666
v 0.032932 -0.001000 -0.093093
v 0.032445 -0.001000 -0.096433
v 0.030610 -0.001000 -0.093604
v 0.031160 -0.001000 -0.096752
v 0.029465 -0.001000 -0.093933
v 0.028328 -0.001000 -0.094281
v 0.030525 -0.001000 -0.096937
v 0.029893 -0.001000 -0.097133
v 0.024792 -0.001000 -0.098556
v 0.019093 -0.001000 -0.096572
v 0.019625 -0.001000 -0.099711
v 0.009680 -0.001000 -0.097958
v -0.001435 -0.001000 -0.101599
v -0.009328 -0.001000 -0.097976
v -0.011997 -0.001000 -0.100888
v -0.022428 -0.001000 -0.099081
v -0.032614 -0.001000 -0.096197
v -0.027984 -0.001000 -0.094334
v -0.030256 -0.001000 -0.093627
v -0.031386 -0.001000 -0.093253
v -0.032512 -0.001000 -0.092870
v -0.033240 -0.001000 -0.095982
v -0.033870 -0.001000 -0.095779
v -0.035145 -0.001000 -0.095421
v -0.037140 -0.001000 -0.091783
v -0.037742 -0.001000 -0.094912
v -0.040378 -0.001000 -0.094680
v -0.041885 -0.001000 -0.091489
v -0.043024 -0.001000 -0.094728
v -0.043684 -0.001000 -0.094781
v -0.043666 -0.001000 -0.091586
v -0.043073 -0.001000 -0.091541
v -0.044259 -0.001000 -0.091633
v -0.044344 -0.001000 -0.094834
v -0.045664 -0.001000 -0.094940
v -0.046632 -0.001000 -0.091825
v -0.053581 -0.001000 -0.095579
v -0.056120 -0.001000 -0.092591
v -0.048303 -0.001000 -0.095153
v -0.058860 -0.001000 -0.096006
v -0.060864 -0.001000 -0.092974
v -0.061499 -0.001000 -0.096219
v -0.062049 -0.001000 -0.093068
v -0.062159 -0.001000 -0.096266
v -0.063238 -0.001000 -0.093121
v -0.062821 -0.001000 -0.096295
v -0.064144 -0.001000 -0.096302
v -0.065614 -0.001000 -0.093032
v -0.069387 -0.001000 -0.095631
v -0.070269 -0.001000 -0.092083
v -0.074372 -0.001000 -0.093872
v -0.074608 -0.001000 -0.090149
v -0.078875 -0.001000 -0.091105
v -0.076592 -0.001000 -0.088840
v -0.077529 -0.001000 -0.088106
v -0.079902 -0.001000 -0.090269
v -0.078426 -0.001000 -0.087324
v -0.080398 -0.001000 -0.089831
v -0.080890 -0.001000 -0.089387
v -0.082123 -0.001000 -0.086900
v -0.082831 -0.001000 -0.087587
v -0.081897 -0.001000 -0.084068
v -0.083516 -0.001000 -0.085464
v -0.087694 -0.001000 -0.081159
v -0.084271 -0.001000 -0.086198
v -0.088450 -0.001000 -0.081892
v -0.088428 -0.001000 -0.077147
v -0.089087 -0.001000 -0.079723
v -0.091108 -0.001000 -0.078916
v -0.089795 -0.001000 -0.080411
v -0.089204 -0.001000 -0.076246
v -0.091755 -0.001000 -0.078160
v -0.089968 -0.001000 -0.075333
v -0.092393 -0.001000 -0.077397
v -0.091353 -0.001000 -0.073400
v -0.094637 -0.001000 -0.074116
v -0.093452 -0.001000 -0.069139
v -0.096334 -0.001000 -0.070522
v -0.097439 -0.001000 -0.066703
v -0.097925 -0.001000 -0.062758
v -0.094579 -0.001000 -0.064524
v -0.094681 -0.001000 -0.059775
v -0.097931 -0.001000 -0.060769
v -0.094621 -0.001000 -0.059183
v -0.097875 -0.001000 -0.059776
v -0.097832 -0.001000 -0.059281
v -0.097780 -0.001000 -0.058786
v -0.094556 -0.001000 -0.058593
v -0.094162 -0.001000 -0.055044
v -0.094424 -0.001000 -0.057409
v -0.096902 -0.001000 -0.050876
v -0.093112 -0.001000 -0.045584
v -0.093637 -0.001000 -0.050314
v -0.096024 -0.001000 -0.042967
v -0.092719 -0.001000 -0.042036
v -0.092850 -0.001000 -0.043218
v -0.095805 -0.001000 -0.040989
v -0.092588 -0.001000 -0.040854
v -0.095703 -0.001000 -0.040000
v -0.095639 -0.001000 -0.039007
v -0.092488 -0.001000 -0.039668
v -0.092531 -0.001000 -0.040261
v -0.092437 -0.001000 -0.038479
v -0.092488 -0.001000 -0.036101
v -0.095777 -0.001000 -0.035035
v -0.093188 -0.001000 -0.031399
v -0.096543 -0.001000 -0.031134
v -0.093486 -0.001000 -0.030248
v -0.093654 -0.001000 -0.029676
v -0.096682 -0.001000 -0.030657
v -0.096829 -0.001000 -0.030182
v -0.097119 -0.001000 -0.029230
v -0.093830 -0.001000 -0.029107
v -0.094503 -0.001000 -0.026826
v -0.097671 -0.001000 -0.027318
v -0.095684 -0.001000 -0.022216
v -0.097369 -0.001000 -0.012851
v -0.099499 -0.001000 -0.019575
v -0.101311 -0.001000 -0.003779
v -0.097991 -0.001000 0.006146
v -0.100633 -0.001000 0.012107
v -0.094944 -0.001000 0.024908
v -0.097481 -0.001000 0.027692
v -0.093620 -0.001000 0.029480
v -0.096314 -0.001000 0.031495
v -0.092875 -0.001000 0.031739
v -0.096000 -0.001000 0.032439
v -0.095679 -0.001000 0.033381
v -0.092683 -0.001000 0.032303
v -0.092174 -0.001000 0.034013
v -0.092501 -0.001000 0.032869
v -0.095134 -0.001000 0.035294
v -0.094508 -0.001000 0.039219
v -0.091357 -0.001000 0.038695
v -0.091339 -0.001000 0.043450
v -0.094512 -0.001000 0.043194
v -0.092819 -0.001000 0.061786
v -0.095992 -0.001000 0.061530
v -0.095757 -0.001000 0.067507
v -0.091768 -0.001000 0.070449
v -0.087402 -0.001000 0.078011
v -0.093642 -0.001000 0.074296
v -0.089701 -0.001000 0.080215
v -0.087352 -0.001000 0.082765
v -0.086665 -0.001000 0.082057
v -0.081745 -0.001000 0.083915
v -0.085230 -0.001000 0.083449
v -0.085963 -0.001000 0.084205
v -0.081658 -0.001000 0.088384
v -0.080924 -0.001000 0.087628
v -0.075423 -0.001000 0.089637
v -0.079489 -0.001000 0.089021
v -0.077558 -0.001000 0.092000
v -0.080176 -0.001000 0.089729
v -0.071523 -0.001000 0.095762
v -0.064674 -0.001000 0.097673
v -0.067734 -0.001000 0.093774
v -0.059043 -0.001000 0.094566
v -0.040760 -0.001000 0.092537
v -0.058693 -0.001000 0.097729
v -0.040409 -0.001000 0.095701
v -0.036436 -0.001000 0.095578
v -0.032493 -0.001000 0.096086
v -0.036008 -0.001000 0.092413
v -0.031303 -0.001000 0.093090
v -0.030149 -0.001000 0.093382
v -0.030565 -0.001000 0.096573
v -0.029578 -0.001000 0.093546
v -0.030089 -0.001000 0.096719
v -0.029009 -0.001000 0.093722
v -0.029614 -0.001000 0.096866
v -0.028662 -0.001000 0.097152
v -0.024824 -0.001000 0.098204
v -0.026727 -0.001000 0.094399
v -0.022119 -0.001000 0.095586
v -0.009152 -0.001000 0.100888
v -0.003275 -0.001000 0.098069
v 0.015696 -0.001000 0.096879
v 0.006747 -0.001000 0.101091
v 0.022482 -0.001000 0.098807
v 0.030167 -0.001000 0.096747
v 0.025005 -0.001000 0.094914
v 0.029579 -0.001000 0.093596
v 0.032061 -0.001000 0.096139
v 0.031840 -0.001000 0.092854
v 0.032968 -0.001000 0.092477
v 0.033003 -0.001000 0.095821
v 0.033474 -0.001000 0.095659
v 0.033947 -0.001000 0.095506
v 0.037823 -0.001000 0.094624
v 0.034112 -0.001000 0.092144
v 0.038790 -0.001000 0.091304
v 0.041789 -0.001000 0.094367
v 0.041165 -0.001000 0.091182
v 0.042356 -0.001000 0.091197
v 0.043543 -0.001000 0.091262
v 0.042783 -0.001000 0.094401
v 0.043776 -0.001000 0.094473
v 0.045759 -0.001000 0.094633
v 0.044729 -0.001000 0.091357
v 0.045915 -0.001000 0.091453
v 0.048288 -0.001000 0.091644
v 0.053691 -0.001000 0.095274
v 0.053030 -0.001000 0.092027
v 0.057776 -0.001000 0.092410
v 0.057657 -0.001000 0.095594
v 0.060147 -0.001000 0.092602
v 0.061623 -0.001000 0.095914
v 0.061332 -0.001000 0.092698
v 0.061926 -0.001000 0.092746
v 0.062519 -0.001000 0.092788
v 0.062119 -0.001000 0.095952
v 0.062616 -0.001000 0.095980
v 0.063610 -0.001000 0.096006
v 0.064897 -0.001000 0.092795
v 0.065598 -0.001000 0.095940
v 0.069527 -0.001000 0.095337
v 0.067264 -0.001000 0.092543
v 0.071841 -0.001000 0.091279
v 0.073311 -0.001000 0.094118
v 0.076853 -0.001000 0.092315
v 0.076037 -0.001000 0.089053
v 0.080065 -0.001000 0.089973
v 0.077929 -0.001000 0.087611
v 0.080809 -0.001000 0.089312
v 0.078818 -0.001000 0.086820
v 0.079696 -0.001000 0.086018
v 0.081544 -0.001000 0.088643
v 0.082999 -0.001000 0.087286
v 0.082291 -0.001000 0.086599
v 0.083684 -0.001000 0.085164
v 0.084440 -0.001000 0.085897
v 0.087863 -0.001000 0.080858
v 0.086419 -0.001000 0.079281
v 0.089569 -0.001000 0.075715
v 0.089256 -0.001000 0.079423
v 0.089964 -0.001000 0.080110
v 0.091706 -0.001000 0.078116
v 0.092134 -0.001000 0.077611
v 0.092557 -0.001000 0.077102
v 0.089952 -0.001000 0.075259
v 0.090324 -0.001000 0.074795
v 0.093361 -0.001000 0.076051
v 0.091029 -0.001000 0.073837
v 0.092278 -0.001000 0.071814
v 0.095993 -0.001000 0.071467
v 0.094082 -0.001000 0.067419
v 0.097601 -0.001000 0.066432
v 0.094891 -0.001000 0.062739
v 0.094909 -0.001000 0.060360
v 0.098116 -0.001000 0.061171
v 0.098069 -0.001000 0.059848
v 0.098020 -0.001000 0.059188
v 0.094821 -0.001000 0.059174
v 0.094691 -0.001000 0.057991
v 0.097953 -0.001000 0.058529
v 0.097661 -0.001000 0.055897
v 0.094428 -0.001000 0.055626
v 0.094166 -0.001000 0.053261
v 0.097077 -0.001000 0.050634
v 0.093116 -0.001000 0.043800
v 0.096493 -0.001000 0.045371
v 0.096201 -0.001000 0.042739
v 0.092854 -0.001000 0.041435
v 0.096055 -0.001000 0.041423
v 0.095982 -0.001000 0.040765
v 0.095910 -0.001000 0.040108
v 0.092788 -0.001000 0.040844
v 0.092726 -0.001000 0.040252
v 0.092639 -0.001000 0.039066
v 0.092790 -0.001000 0.034314
v 0.095936 -0.001000 0.034822
v 0.096367 -0.001000 0.032211
v 0.096686 -0.001000 0.030926
v 0.093738 -0.001000 0.029656
v 0.096871 -0.001000 0.030290
v 0.094087 -0.001000 0.028518
v 0.097067 -0.001000 0.029658
v 0.094427 -0.001000 0.027379
v 0.098490 -0.001000 0.024558
v 0.095066 -0.001000 0.025086
v 0.098148 -0.001000 0.006329
v 0.099645 -0.001000 0.019390
v 0.101533 -0.001000 -0.001669
v 0.100822 -0.001000 -0.012232
v 0.097561 -0.001000 -0.012670
v 0.099015 -0.001000 -0.022663
v 0.095893 -0.001000 -0.022036
v 0.093328 -0.001000 -0.031199
v 0.096131 -0.001000 -0.032849
v 0.093138 -0.001000 -0.031764
v 0.092945 -0.001000 -0.032325
v 0.095916 -0.001000 -0.033475
v 0.095712 -0.001000 -0.034105
v 0.092582 -0.001000 -0.033460
v 0.095355 -0.001000 -0.035380
v 0.092002 -0.001000 -0.035766
v 0.091434 -0.001000 -0.040486
v 0.094846 -0.001000 -0.037977
v 0.094614 -0.001000 -0.040613
v 0.094662 -0.001000 -0.043259
v 0.091450 -0.001000 -0.042864
v 0.091485 -0.001000 -0.043458
v 0.091532 -0.001000 -0.044052
v 0.094714 -0.001000 -0.043919
v 0.094768 -0.001000 -0.044579
v 0.091627 -0.001000 -0.045237
v 0.094874 -0.001000 -0.045899
v 0.095087 -0.001000 -0.048538
v 0.092010 -0.001000 -0.049982
v 0.095513 -0.001000 -0.053816
v 0.092776 -0.001000 -0.059469
v 0.092872 -0.001000 -0.060656
v 0.095940 -0.001000 -0.059095
v 0.096153 -0.001000 -0.061734
v 0.096200 -0.001000 -0.062394
v 0.092968 -0.001000 -0.061841
v 0.093044 -0.001000 -0.063028
v 0.096229 -0.001000 -0.063056
v 0.093055 -0.001000 -0.064218
v 0.092457 -0.001000 -0.068930
v 0.096236 -0.001000 -0.064379
v 0.095565 -0.001000 -0.069622
v 0.093806 -0.001000 -0.074606
v 0.090853 -0.001000 -0.073401
v 0.091038 -0.001000 -0.079110
v 0.090203 -0.001000 -0.080136
v 0.088320 -0.001000 -0.077419
v 0.088618 -0.001000 0.081591
vn 0.000000 1.000000 0.000000
vn 0.000000 1.000000 0.000000
vn 0.000000 1.000000 0.000000
vn 0.000000 1.000000 0.000000
vn 0.000000 1.000000 0.000000
vn 0.000000 1.000000 0.000000
vn 0.000000 1.000000 0.000000
vn 0.000000 1.000000 0.000000
vn 0.000000 1.000000 0.000000
vn 0.000000 1.000000 0.000000
vn 0.000000 1.000000 0.000000
vn 0.000000 1.000000 0.000000
vn 0.000000 1.000000 0.000000
vn 0.000000 1.000000 0.000000
vn 0.000000 1.000000 0.000000
vn 0.000000 1.000000 0.000000
vn 0.000000 1.000000 0.000000
vn 0.000000 1.000000 0.000000
vn 0.000000 1.000000 0.000000
vn 0.000000 1.000000 0.000000
vn 0.000000 1.000000 0.000000
vn 0.000000 1.000000 0.000000
vn 0.000000 1.000000 0.000000
vn 0.000000 1.000000 0.000000
vn 0.000000 1.000000 0.000000
vn 0.000000 1.000000 0.000000
vn 0.000000 1.000000 0.000000
vn 0.000000 1.000000 0.000000
vn 0.000000 1.000000 0.000000
vn 0.000000 1.000000 0.000000
vn 0.000000 1.000000 0.000000
vn 0.000000 1.000000 0.000000
vn 0.000000 1.000000 0.000000
vn 0.000000 1.000000 0.000000
vn 0.000000 1.000000 0.000000
vn 0.000000 1.000000 0.000000
vn 0.000000 1.000000 0.000000
vn 0.000000 1.000000 0.000000
vn 0.000000 1.000000 0.000000
vn 0.000000 1.000000 0.000000
vn 0.000000 1.000000 0.000000
vn 0.000000 1.000000 0.000000
vn 0.000000 1.000000 0.000000
vn 0.000000 1.000000 0.000000
vn 0.000000 1.000000 0.000000
vn 0.000000 1.000000 0.000000
vn 0.000000 1.000000 0.000000
vn 0.000000 1.000000 0.000000
vn 0.000000 1.000000 0.000000
vn 0.000000 1.000000 0.000000
vn 0.000000 1.000000 0.000000
vn 0.000000 1.000000 0.000000
vn 0.000000 1.000000 0.000000
vn 0.000000 1.000000 0.000000
vn 0.000000 1.000000 0.000000
vn 0.000000 1.000000 0.000000
vn 0.000000 1.000000 0.000000
vn 0.000000 1.000000 0.000000
vn 0.000000 1.000000 0.000000
vn 0.000000 1.000000 0.000000
vn 0.000000 1.000000 0.000000
vn 0.000000 1.000000 0.000000
vn 0.000000 1.000000 0.000000
vn 0.000000 1.000000 0.000000
vn 0.000000 1.000000 0.000000
vn 0.000000 1.000000 0.000000
vn 0.000000 1.000000 0.000000
vn 0.000000 1.000000 0.000000
vn 0.000000 1.000000 0.000000
vn 0.000000 1.000000 0.000000
vn 0.000000 1.000000 0.000000
vn 0.000000 1.000000 0.000000
vn 0.000000 1.000000 0.000000
vn 0.000000 1.000000 0.000000
vn 0.000000 1.000000 0.000000
vn 0.000000 1.000000 0.000000
vn 0.000000 1.000000 0.000000
vn 0.000000 1.000000 0.000000
vn 0.000000 1.000000 0.000000
vn 0.000000 1.000000 0.000000
vn 0.000000 1.000000 0.000000
vn 0.000000 1.000000 0.000000
vn 0.000000 1.000000 0.000000
vn 0.000000 1.000000 0.000000
vn 0.000000 1.000000 0.000000
vn 0.000000 1.000000 0.000000
vn 0.000000 1.000000 0.000000
vn 0.000000 1.000000 0.000000
vn 0.000000 1.000000 0.000000
vn 0.000000 1.000000 0.000000
vn 0.000000 1.000000 0.000000
vn 0.000000 1.000000 0.000000
vn 0.000000 1.000000 0.000000
vn 0.000000 1.000000 0.000000
vn 0.000000 1.000000 0.000000
vn 0.000000 1.000000 0.000000
vn 0.000000 1.000000 0.000000
vn 0.000000 1.000000 0.000000
vn 0.000000 1.000000 0.000000
vn 0.000000 1.000000 0.000000
vn 0.000000 1.000000 0.000000
vn 0.000000 1.000000 0.000000
vn 0.000000 1.000000 0.000000
vn 0.000000 1.000000 0.000000
vn 0.000000 1.000000 0.000000
vn 0.000000 1.000000 0.000000
vn 0.000000 1.000000 0.000000
vn 0.000000 1.000000 0.000000
vn 0.000000 1.000000 0.000000
vn 0.000000 1.000000 0.000000
vn 0.000000 1.000000 0.000000
vn 0.000000 1.000000 0.000000
vn 0.000000 1.000000 0.000000
vn 0.000000 1.000000 0.000000
vn 0.000000 1.000000 0.000000
vn 0.000000 1.000000 0.000000
vn 0.000000 1.000000 0.000000
vn 0.000000 1.000000 0.000000
vn 0.000000 1.000000 0.000000
vn 0.000000 1.000000 0.000000
vn 0.000000 1.000000 0.000000
vn 0.000000 1.000000 0.000000
vn 0.000000 1.000000 0.000000
vn 0.000000 1.000000 0.000000
vn 0.000000 1.000000 0.000000
vn 0.000000 1.000000 0.000000
vn 0.000000 1.000000 0.000000
vn 0.000000 1.000000 0.000000
vn 0.000000 1.000000 0.000000
vn 0.000000 1.000000 0.000000
vn 0.000000 1.000000 0.000000
vn 0.000000 1.000000 0.000000
vn 0.000000 1.000000 0.000000
vn 0.000000 1.000000 0.000000
vn 0.000000 1.000000 0.000000
vn 0.000000 1.000000 0.000000
vn 0.000000 1.000000 0.000000
vn 0.000000 1.000000 0.000000
vn 0.000000 1.000000 0.000000
vn 0.000000 1.000000 0.000000
vn 0.000000 1.000000 0.000000
vn 0.000000 1.000000 0.000000
vn 0.000000 1.000000 0.000000
vn 0.000000 1.000000 0.000000
vn 0.000000 1.000000 0.000000
vn 0.000000 1.000000 0.000000
vn 0.000000 1.000000 0.000000
vn 0.000000 1.000000 0.000000
vn 0.000000 1.000000 0.000000
vn 0.000000 1.000000 0.000000
vn 0.000000 1.000000 0.000000
vn 0.000000 1.000000 0.000000
vn 0.000000 1.000000 0.000000
vn 0.000000 1.000000 0.000000
vn 0.000000 1.000000 0.000000
vn 0.000000 1.000000 0.000000
vn 0.000000 1.000000 0.000000
vn 0.000000 1.000000 0.000000
vn 0.000000 1.000000 0.000000
vn 0.000000 1.000000 0.000000
vn 0.000000 1.000000 0.000000
vn 0.000000 1.000000 0.000000
vn 0.000000 1.000000 0.000000
vn 0.000000 1.000000 0.000000
vn 0.000000 1.000000 0.000000
vn 0.000000 1.000000 0.000000
vn 0.000000 1.000000 0.000000
vn 0.000000 1.000000 0.000000
vn 0.000000 1.000000 0.000000
vn 0.000000 1.000000 0.000000
vn 0.000000 1.000000 0.000000
vn 0.000000 1.000000 0.000000
vn 0.000000 1.000000 0.000000
vn 0.000000 1.000000 0.000000
vn 0.000000 1.000000 0.000000
vn 0.000000 1.000000 0.000000
vn 0.000000 1.000000 0.000000
vn 0.000000 1.000000 0.000000
vn 0.000000 1.000000 0.000000
vn 0.000000 1.000000 0.000000
vn 0.000000 1.000000 0.000000
vn 0.000000 1.000000 0.000000
vn 0.000000 1.000000 0.000000
vn 0.000000 1.000000 0.000000
vn 0.000000 1.000000 0.000000
vn 0.000000 1.000000 0.000000
vn 0.000000 1.000000 0.000000
vn 0.000000 1.000000 0.000000
vn 0.000000 1.000000 0.000000
vn 0.000000 1.000000 0.000000
vn 0.000000 1.000000 0.000000
vn 0.000000 1.000000 0.000000
vn 0.000000 1.000000 0.000000
vn 0.000000 1.000000 0.000000
vn 0.000000 1.000000 0.000000
vn 0.000000 1.000000 0.000000
vn 0.000000 1.000000 0.000000
vn 0.000000 1.000000 0.000000
vn 0.000000 1.000000 0.000000
vn 0.000000 1.000000 0.000000
vn 0.000000 1.000000 0.000000
vn 0.000000 1.000000 0.000000
vn 0.000000 1.000000 0.000000
vn 0.000000 1.000000 0.000000
vn 0.000000 1.000000 0.000000
vn 0.000000 1.000000 0.000000
vn 0.000000 1.000000 0.000000
vn 0.000000 1.000000 0.000000
vn 0.000000 1.000000 0.000000
vn 0.000000 1.000000 0.000000
vn 0.000000 1.000000 0.000000
vn 0.000000 1.000000 0.000000
vn 0.000000 1.000000 0.000000
vn 0.000000 1.000000 0.000000
vn 0.000000 1.000000 0.000000
vn 0.000000 1.000000 0.000000
vn 0.000000 1.000000 0.000000
vn 0.000000 1.000000 0.000000
vn 0.000000 1.000000 0.000000
vn 0.000000 1.000000 0.000000
vn 0.000000 1.000000 0.000000
vn 0.000000 1.000000 0.000000
vn 0.000000 1.000000 0.000000
vn 0.000000 1.000000 0.000000
vn 0.000000 1.000000 0.000000
vn 0.000000 1.000000 0.000000
vn 0.000000 1.000000 0.000000
vn 0.000000 1.000000 0.000000
vn 0.000000 1.000000 0.000000
vn 0.000000 1.000000 0.000000
vn 0.000000 1.000000 0.000000
vn 0.000000 1.000000 0.000000
vn 0.000000 1.000000 0.000000
vn 0.000000 1.000000 0.000000
vn 0.000000 1.000000 0.000000
vn 0.000000 1.000000 0.000000
vn 0.000000 1.000000 0.000000
vn 0.000000 1.000000 0.000000
vn 0.000000 1.000000 0.000000
vn 0.000000 1.000000 0.000000
vn 0.000000 1.000000 0.000000
vn 0.000000 1.000000 0.000000
vn 0.000000 1.000000 0.000000
vn 0.000000 1.000000 0.000000
vn 0.000000 1.000000 0.000000
vn 0.000000 1.000000 0.000000
vn 0.000000 1.000000 0.000000
vn 0.000000 1.000000 0.000000
vn 0.000000 1.000000 0.000000
vn 0.000000 1.000000 0.000000
vn 0.000000 1.000000 0.000000
vn 0.000000 1.000000 0.000000
vn 0.000000 1.000000 0.000000
vn 0.000000 1.000000 0.000000
vn 0.000000 1.000000 0.000000
vn 0.000000 1.000000 0.000000
vn 0.000000 1.000000 0.000000
vn 0.000000 1.000000 0.000000
vn 0.000000 1.000000 0.000000
vn 0.000000 1.000000 0.000000
vn 0.000000 1.000000 0.000000
vn 0.000000 1.000000 0.000000
vn 0.000000 1.000000 0.000000
vn 0.000000 1.000000 0.000000
vn 0.000000 1.000000 0.000000
vn 0.000000 1.000000 0.000000
vn 0.000000 1.000000 0.000000
vn 0.000000 1.000000 0.000000
vn 0.000000 1.000000 0.000000
vn 0.000000 1.000000 0.000000
vn 0.000000 1.000000 0.000000
vn 0.000000 1.000000 0.000000
vn 0.000000 1.000000 0.000000
vn 0.000000 1.000000 0.000000
vn 0.000000 1.000000 0.000000
vn 0.000000 1.000000 0.000000
vn 0.000000 1.000000 0.000000
vn 0.000000 1.000000 0.000000
vn 0.000000 1.000000 0.000000
vn 0.000000 1.000000 0.000000
vn 0.000000 1.000000 0.000000
vn 0.000000 1.000000 0.000000
vn 0.000000 1.000000 0.000000
vn 0.000000 1.000000 0.000000
vn 0.000000 1.000000 0.000000
vn 0.000000 1.000000 0.000000
vn 0.000000 1.000000 0.000000
vn 0.000000 1.000000 0.000000
vn 0.000000 1.000000 0.000000
vn 0.000000 1.000000 0.000000
vn 0.000000 1.000000 0.000000
vn 0.000000 1.000000 0.000000
vn 0.000000 1.000000 0.000000
vn 0.000000 1.000000 0.000000
vn 0.000000 1.000000 0.000000
vn 0.000000 1.000000 0.000000
vn 0.000000 1.000000 0.000000
vn 0.000000 1.000000 0.000000
vn 0.000000 1.000000 0.000000
vn 0.000000 1.000000 0.000000
vn 0.000000 1.000000 0.000000
vn 0.000000 1.000000 0.000000
vn 0.000000 1.000000 0.000000
vn 0.000000 1.000000 0.000000
vn 0.000000 1.000000 0.000000
vn 0.000000 1.000000 0.000000
vn 0.000000 1.000000 0.000000
vn 0.000000 1.000000 0.000000
vn 0.000000 1.000000 0.000000
vn 0.000000 1.000000 0.000000
vn 0.000000 1.000000 0.000000
vn 0.000000 1.000000 0.000000
vn 0.000000 1.000000 0.000000
vn 0.000000 1.000000 0.000000
vn 0.000000 1.000000 0.000000
vn 0.000000 1.000000 0.000000
vn 0.000000 1.000000 0.000000
vn 0.000000 1.000000 0.000000
vn 0.000000 1.000000 0.000000
vn 0.000000 1.000000 0.000000
vn 0.000000 1.000000 0.000000
vn 0.000000 1.000000 0.000000
vn 0.000000 1.000000 0.000000
vn 0.000000 1.000000 0.000000
vn 0.000000 1.000000 0.000000
vn 0.000000 1.000000 0.000000
vn 0.000000 1.000000 0.000000
vn 0.000000 1.000000 0.000000
vn 0.000000 1.000000 0.000000
vn 0.000000 1.000000 0.000000
vn 0.000000 1.000000 0.000000
vn 0.000000 1.000000 0.000000
vn 0.000000 1.000000 0.000000
vn 0.000000 1.000000 0.000000
vn 0.000000 1.000000 0.000000
vn 0.000000 1.000000 0.000000
vn 0.000000 1.000000 0.000000
vn 0.000000 1.000000 0.000000
vn 0.000000 1.000000 0.000000
vn 0.000000 1.000000 0.000000
vn 0.000000 1.000000 0.000000
vn 0.000000 1.000000 0.000000
vn 0.000000 1.000000 0.000000
vn 0.000000 1.000000 0.000000
vn 0.000000 1.000000 0.000000
vn 0.000000 1.000000 0.000000
vn 0.000000 1.000000 0.000000
vn 0.000000 1.000000 0.000000
vn 0.000000 1.000000 0.000000
vn 0.000000 1.000000 0.000000
vn 0.000000 1.000000 0.000000
vn 0.000000 1.000000 0.000000
vn 0.000000 1.000000 0.000000
vn 0.000000 1.000000 0.000000
vn 0.000000 1.000000 0.000000
vn 0.000000 1.000000 0.000000
vn 0.000000 1.000000 0.000000
vn 0.000000 1.000000 0.000000
vn 0.000000 1.000000 0.000000
vn 0.000000 1.000000 0.000000
vn 0.000000 1.000000 0.000000
vn 0.000000 1.000000 0.000000
vn 0.000000 1.000000 0.000000
vn 0.000000 1.000000 0.000000
vn 0.000000 1.000000 0.000000
vn 0.000000 1.000000 0.000000
vn 0.000000 1.000000 0.000000
vn 0.000000 1.000000 0.000000
vn 0.000000 1.000000 0.000000
vn 0.000000 1.000000 0.000000
vn 0.000000 1.000000 0.000000
vn 0.000000 1.000000 0.000000
vn 0.000000 1.000000 0.000000
vn 0.000000 1.000000 0.000000
vn 0.000000 1.000000 0.000000
vn 0.000000 1.000000 0.000000
vn 0.000000 1.000000 0.000000
vn 0.000000 1.000000 0.000000
vn 0.000000 1.000000 0.000000
vn 0.000000 1.000000 0.000000
vn 0.000000 1.000000 0.000000
vn 0.000000 1.000000 0.000000
vn 0.000000 1.000000 0.000000
vn 0.000000 1.000000 0.000000
vn 0.000000 1.000000 0.000000
vn 0.000000 1.000000 0.000000
vn 0.000000 1.000000 0.000000
vn 0.000000 1.000000 0.000000
vn 0.000000 1.000000 0.000000
vn 0.000000 1.000000 0.000000
vn 0.000000 1.000000 0.000000
vn 0.000000 1.000000 0.000000
vn 0.000000 1.000000 0.000000
vn 0.000000 1.000000 0.000000
vn 0.000000 1.000000 0.000000
vn 0.000000 1.000000 0.000000
vn 0.000000 1.000000 0.000000
vn 0.000000 1.000000 0.000000
vn 0.000000 1.000000 0.000000
vn 0.000000 1.000000 0.000000
vn 0.000000 1.000000 0.000000
vn 0.000000 1.000000 0.000000
vn 0.000000 1.000000 0.000000
vn 0.000000 1.000000 0.000000
vn 0.000000 1.000000 0.000000
vn 0.000000 1.000000 0.000000
vn 0.000000 1.000000 0.000000
vn 0.000000 1.000000 0.000000
vn 0.000000 1.000000 0.000000
vn 0.000000 1.000000 0.000000
vn 0.000000 1.000000 0.000000
vn 0.000000 1.000000 0.000000
vn 0.000000 1.000000 0.000000
vn 0.000000 1.000000 0.000000
vn 0.000000 1.000000 0.000000
vn 0.000000 1.000000 0.000000
vn 0.000000 1.000000 0.000000
vn 0.000000 1.000000 0.000000
vn 0.000000 1.000000 0.000000
vn 0.000000 1.000000 0.000000
vn 0.000000 1.000000 0.000000
vn 0.000000 1.000000 0.000000
vn 0.000000 1.000000 0.000000
vn 0.000000 1.000000 0.000000
vn 0.000000 1.000000 0.000000
vn 0.000000 1.000000 0.000000
vn 0.000000 1.000000 0.000000
vn 0.000000 1.000000 0.000000
vn 0.000000 1.000000 0.000000
vn 0.000000 1.000000 0.000000
vn 0.000000 1.000000 0.000000
vn 0.000000 1.000000 0.000000
vn 0.000000 1.000000 0.000000
vn 0.000000 1.000000 0.000000
vn 0.000000 1.000000 0.000000
vn 0.000000 1.000000 0.000000
vn 0.000000 1.000000 0.000000
vn 0.000000 1.000000 0.000000
vn 0.000000 1.000000 0.000000
vn 0.000000 1.000000 0.000000
vn 0.000000 1.000000 0.000000
vn 0.000000 1.000000 0.000000
vn 0.000000 1.000000 0.000000
vn 0.000000 1.000000 0.000000
vn 0.000000 1.000000 0.000000
vn 0.000000 1.000000 0.000000
vn 0.000000 1.000000 0.000000
vn 0.000000 1.000000 0.000000
vn 0.000000 1.000000 0.000000
vn 0.000000 1.000000 0.000000
vn 0.000000 1.000000 0.000000
vn 0.000000 1.000000 0.000000
vn 0.000000 1.000000 0.000000
vn 0.000000 1.000000 0.000000
vn 0.000000 1.000000 0.000000
vn 0.000000 1.000000 0.000000
vn 0.000000 1.000000 0.000000
vn 0.000000 1.000000 0.000000
vn 0.000000 1.000000 0.000000
vn 0.000000 1.000000 0.000000
vn 0.000000 1.000000 0.000000
vn 0.000000 1.000000 0.000000
vn 0.000000 1.000000 0.000000
vn 0.000000 1.000000 0.000000
vn 0.000000 1.000000 0.000000
vn 0.000000 1.000000 0.000000
vn 0.000000 1.000000 0.000000
vn 0.000000 1.000000 0.000000
vn 0.000000 1.000000 0.000000
vn 0.000000 1.000000 0.000000
vn 0.000000 1.000000 0.000000
vn 0.000000 1.000000 0.000000
vn 0.000000 1.000000 0.000000
vn 0.000000 1.000000 0.000000
vn 0.000000 1.000000 0.000000
vn 0.000000 1.000000 0.000000
vn 0.000000 1.000000 0.000000
vn 0.000000 1.000000 0.000000
vn 0.000000 1.000000 0.000000
vn 0.000000 1.000000 0.000000
vn 0.000000 1.000000 0.000000
vn 0.000000 1.000000 0.000000
vn 0.000000 1.000000 0.000000
vn 0.000000 1.000000 0.000000
vn 0.000000 1.000000 0.000000
vn 0.000000 1.000000 0.000000
vn 0.000000 1.000000 0.000000
vn 0.000000 1.000000 0.000000
vn 0.000000 1.000000 0.000000
vn 0.000000 1.000000 0.000000
vn 0.000000 1.000000 0.000000
vn 0.000000 1.000000 0.000000
vn 0.000000 1.000000 0.000000
vn 0.000000 1.000000 0.000000
vn 0.000000 1.000000 0.000000
vn 0.000000 1.000000 0.000000
vn 0.000000 1.000000 0.000000
vn 0.000000 1.000000 0.000000
vn 0.000000 1.000000 0.000000
vn 0.000000 1.000000 0.000000
vn 0.000000 1.000000 0.000000
vn 0.000000 1.000000 0.000000
vn 0.000000 1.000000 0.000000
vn -0.110300 0.000000 -0.993898
vn -0.110300 0.000000 -0.993898
vn -0.110300 0.000000 -0.993898
vn -0.110300 0.000000 -0.993898
vn -0.110201 0.000000 -0.993909
vn 0.088597 0.000000 -0.996068
vn -0.110201 0.000000 -0.993909
vn 0.088597 0.000000 -0.996068
vn 0.288100 0.000000 -0.957600
vn 0.475584 0.000000 -0.879670
vn 0.288100 0.000000 -0.957600
vn 0.475584 0.000000 -0.879670
vn 0.640420 0.000000 -0.768025
vn 0.640420 0.000000 -0.768025
vn 0.996755 0.000000 0.080496
vn 0.996755 0.000000 0.080496
vn 0.996755 0.000000 0.080496
vn 0.996755 0.000000 0.080496
vn 0.996763 0.000000 0.080397
vn 0.996763 0.000000 0.080397
vn 0.992966 0.000000 -0.118396
vn 0.948563 0.000000 -0.316588
vn 0.992966 0.000000 -0.118396
vn 0.948563 0.000000 -0.316588
vn 0.865031 0.000000 -0.501718
vn 0.748517 0.000000 -0.663115
vn 0.865031 0.000000 -0.501718
vn 0.748517 0.000000 -0.663115
vn 0.745741 0.000000 -0.666236
vn 0.745741 0.000000 -0.666236
vn 0.721997 0.000000 -0.691897
vn 0.697238 0.000000 -0.716839
vn 0.721997 0.000000 -0.691897
vn 0.697238 0.000000 -0.716839
vn 0.671084 0.000000 -0.741382
vn 0.643631 0.000000 -0.765336
vn 0.671084 0.000000 -0.741382
vn 0.643631 0.000000 -0.765336
vn -0.110300 0.000000 -0.993898
vn 0.020500 0.000000 -0.999790
vn -0.110300 0.000000 -0.993898
vn 0.020500 0.000000 -0.999790
vn 0.150892 0.000000 -0.988550
vn 0.150892 0.000000 -0.988550
vn 0.272607 0.000000 -0.962125
vn 0.272607 0.000000 -0.962125
vn 0.267912 0.000000 -0.963443
vn 0.267912 0.000000 -0.963443
vn 0.231603 0.000000 -0.972811
vn 0.231603 0.000000 -0.972811
vn 0.194904 0.000000 -0.980822
vn 0.194904 0.000000 -0.980822
vn 0.157909 0.000000 -0.987454
vn 0.157909 0.000000 -0.987454
vn 0.120797 0.000000 -0.992677
vn 0.120797 0.000000 -0.992677
vn 0.083401 0.000000 -0.996516
vn 0.083401 0.000000 -0.996516
vn 0.045902 0.000000 -0.998946
vn 0.045902 0.000000 -0.998946
vn 0.008300 0.000000 -0.999966
vn 0.008300 0.000000 -0.999966
vn -0.029199 0.000000 -0.999574
vn -0.029199 0.000000 -0.999574
vn -0.066698 0.000000 -0.997773
vn -0.066698 0.000000 -0.997773
vn -0.104097 0.000000 -0.994567
vn -0.104097 0.000000 -0.994567
vn -0.141407 0.000000 -0.989951
vn -0.141407 0.000000 -0.989951
vn -0.178507 0.000000 -0.983939
vn -0.178507 0.000000 -0.983939
vn -0.215501 0.000000 -0.976504
vn -0.215501 0.000000 -0.976504
vn -0.253602 0.000000 -0.967309
vn -0.253602 0.000000 -0.967309
vn -0.288192 0.000000 -0.957573
vn -0.288192 0.000000 -0.957573
vn -0.324317 0.000000 -0.945949
vn -0.324317 0.000000 -0.945949
vn -0.208293 0.000000 -0.978067
vn -0.208293 0.000000 -0.978067
vn -0.088101 0.000000 -0.996112
vn -0.088101 0.000000 -0.996112
vn 0.046201 0.000000 -0.998932
vn 0.046201 0.000000 -0.998932
vn 0.080397 0.000000 -0.996763
vn 0.080397 0.000000 -0.996763
vn 0.080496 0.000000 -0.996755
vn 0.080496 0.000000 -0.996755
vn 0.080496 0.000000 -0.996755
vn 0.080496 0.000000 -0.996755
vn 0.080496 0.000000 -0.996755
vn 0.080496 0.000000 -0.996755
vn 0.080604 0.000000 -0.996746
vn 0.080604 0.000000 -0.996746
vn -0.051299 0.000000 -0.998683
vn -0.051299 0.000000 -0.998683
vn -0.226196 0.000000 -0.974082
vn -0.226196 0.000000 -0.974082
vn -0.381816 0.000000 -0.924238
vn -0.381816 0.000000 -0.924238
vn -0.529810 0.000000 -0.848116
vn -0.529810 0.000000 -0.848116
vn -0.662164 0.000000 -0.749359
vn -0.662164 0.000000 -0.749359
vn -0.689543 0.000000 -0.724245
vn -0.689543 0.000000 -0.724245
vn -0.712188 0.000000 -0.701988
vn -0.712188 0.000000 -0.701988
vn -0.733929 0.000000 -0.679227
vn -0.733929 0.000000 -0.679227
vn -0.754963 0.000000 -0.655768
vn -0.754963 0.000000 -0.655768
vn -0.821093 0.000000 -0.570795
vn -0.821093 0.000000 -0.570795
vn -0.903400 0.000000 -0.428800
vn -0.903400 0.000000 -0.428800
vn -0.960986 0.000000 -0.276596
vn -0.960986 0.000000 -0.276596
vn -0.994535 0.000000 -0.104404
vn -0.994535 0.000000 -0.104404
vn -0.997982 0.000000 0.063499
vn -0.997982 0.000000 0.063499
vn -0.993898 0.000000 0.110300
vn -0.993898 0.000000 0.110300
vn -0.993898 0.000000 0.110300
vn -0.993898 0.000000 0.110300
vn -0.993898 0.000000 0.110300
vn -0.993898 0.000000 0.110300
vn -0.993898 0.000000 0.110300
vn -0.993898 0.000000 0.110300
vn -0.993898 0.000000 0.110300
vn -0.993898 0.000000 0.110300
vn -0.999921 0.000000 0.012600
vn -0.999921 0.000000 0.012600
vn -0.993225 0.000000 -0.116203
vn -0.993225 0.000000 -0.116203
vn -0.969092 0.000000 -0.246698
vn -0.969092 0.000000 -0.246698
vn -0.960407 0.000000 -0.278602
vn -0.960407 0.000000 -0.278602
vn -0.970453 0.000000 -0.241288
vn -0.970453 0.000000 -0.241288
vn -0.978928 0.000000 -0.204206
vn -0.978928 0.000000 -0.204206
vn -0.985906 0.000000 -0.167301
vn -0.985906 0.000000 -0.167301
vn -0.991488 0.000000 -0.130198
vn -0.991488 0.000000 -0.130198
vn -0.995703 0.000000 -0.092600
vn -0.995703 0.000000 -0.092600
vn -0.998519 0.000000 -0.054401
vn -0.998519 0.000000 -0.054401
vn -0.999847 0.000000 -0.017501
vn -0.999847 0.000000 -0.017501
vn -0.999806 0.000000 0.019700
vn -0.999806 0.000000 0.019700
vn -0.998363 0.000000 0.057198
vn -0.998363 0.000000 0.057198
vn -0.995477 0.000000 0.094998
vn -0.995477 0.000000 0.094998
vn -0.991089 0.000000 0.133199
vn -0.991089 0.000000 0.133199
vn -0.985616 0.000000 0.169003
vn -0.985616 0.000000 0.169003
vn -0.978530 0.000000 0.206106
vn -0.978530 0.000000 0.206106
vn -0.970101 0.000000 0.242700
vn -0.970101 0.000000 0.242700
vn -0.960230 0.000000 0.279209
vn -0.960230 0.000000 0.279209
vn -0.948793 0.000000 0.315898
vn -0.948793 0.000000 0.315898
vn -0.969848 0.000000 0.243712
vn -0.969848 0.000000 0.243712
vn -0.993377 0.000000 0.114897
vn -0.993377 0.000000 0.114897
vn -0.999875 0.000000 -0.015800
vn -0.999875 0.000000 -0.015800
vn -0.996755 0.000000 -0.080496
vn -0.996755 0.000000 -0.080496
vn -0.996755 0.000000 -0.080496
vn -0.996755 0.000000 -0.080496
vn -0.996755 0.000000 -0.080496
vn -0.996755 0.000000 -0.080496
vn -0.996755 0.000000 -0.080496
vn -0.996755 0.000000 -0.080496
vn -0.996755 0.000000 -0.080496
vn -0.996755 0.000000 -0.080496
vn -0.999969 0.000000 0.007900
vn -0.999969 0.000000 0.007900
vn -0.984335 0.000000 0.176306
vn -0.984335 0.000000 0.176306
vn -0.940637 0.000000 0.339413
vn -0.940637 0.000000 0.339413
vn -0.867226 0.000000 0.497915
vn -0.867226 0.000000 0.497915
vn -0.772279 0.000000 0.635283
vn -0.772279 0.000000 0.635283
vn -0.729490 0.000000 0.683991
vn -0.729490 0.000000 0.683991
vn -0.707607 0.000000 0.706607
vn -0.707607 0.000000 0.706607
vn -0.685124 0.000000 0.728426
vn -0.685124 0.000000 0.728426
vn -0.662058 0.000000 0.749453
vn -0.662058 0.000000 0.749453
vn -0.608923 0.000000 0.793230
vn -0.608923 0.000000 0.793230
vn -0.466826 0.000000 0.884349
vn -0.466826 0.000000 0.884349
vn -0.311213 0.000000 0.950340
vn -0.311213 0.000000 0.950340
vn -0.146697 0.000000 0.989181
vn -0.146697 0.000000 0.989181
vn 0.016100 0.000000 0.999870
vn 0.016100 0.000000 0.999870
vn 0.110300 0.000000 0.993898
vn 0.110300 0.000000 0.993898
vn 0.110300 0.000000 0.993898
vn 0.110300 0.000000 0.993898
vn 0.110300 0.000000 0.993898
vn 0.110300 0.000000 0.993898
vn 0.110300 0.000000 0.993898
vn 0.110300 0.000000 0.993898
vn 0.110300 0.000000 0.993898
vn 0.110300 0.000000 0.993898
vn 0.045798 0.000000 0.998951
vn 0.045798 0.000000 0.998951
vn -0.085197 0.000000 0.996364
vn -0.085197 0.000000 0.996364
vn -0.214505 0.000000 0.976723
vn -0.214505 0.000000 0.976723
vn -0.287403 0.000000 0.957810
vn -0.287403 0.000000 0.957810
vn -0.250386 0.000000 0.968146
vn -0.250386 0.000000 0.968146
vn -0.213509 0.000000 0.976941
vn -0.213509 0.000000 0.976941
vn -0.176694 0.000000 0.984266
vn -0.176694 0.000000 0.984266
vn -0.139601 0.000000 0.990208
vn -0.139601 0.000000 0.990208
vn -0.102295 0.000000 0.994754
vn -0.102295 0.000000 0.994754
vn -0.064899 0.000000 0.997892
vn -0.064899 0.000000 0.997892
vn -0.027301 0.000000 0.999627
vn -0.027301 0.000000 0.999627
vn 0.010200 0.000000 0.999948
vn 0.010200 0.000000 0.999948
vn 0.047698 0.000000 0.998862
vn 0.047698 0.000000 0.998862
vn 0.085197 0.000000 0.996364
vn 0.085197 0.000000 0.996364
vn 0.122705 0.000000 0.992443
vn 0.122705 0.000000 0.992443
vn 0.159808 0.000000 0.987148
vn 0.159808 0.000000 0.987148
vn 0.196808 0.000000 0.980442
vn 0.196808 0.000000 0.980442
vn 0.233396 0.000000 0.972382
vn 0.233396 0.000000 0.972382
vn 0.269804 0.000000 0.962915
vn 0.269804 0.000000 0.962915
vn 0.305708 0.000000 0.952125
vn 0.305708 0.000000 0.952125
vn 0.275593 0.000000 0.961275
vn 0.275593 0.000000 0.961275
vn 0.145704 0.000000 0.989328
vn 0.145704 0.000000 0.989328
vn 0.017401 0.000000 0.999849
vn 0.017401 0.000000 0.999849
vn -0.080496 0.000000 0.996755
vn -0.080496 0.000000 0.996755
vn -0.080496 0.000000 0.996755
vn -0.080496 0.000000 0.996755
vn -0.080496 0.000000 0.996755
vn -0.080496 0.000000 0.996755
vn -0.080496 0.000000 0.996755
vn -0.080496 0.000000 0.996755
vn -0.080397 0.000000 0.996763
vn -0.080397 0.000000 0.996763
vn -0.034500 0.000000 0.999405
vn -0.034500 0.000000 0.999405
vn 0.133998 0.000000 0.990982
vn 0.133998 0.000000 0.990982
vn 0.305287 0.000000 0.952260
vn 0.305287 0.000000 0.952260
vn 0.455395 0.000000 0.890290
vn 0.455395 0.000000 0.890290
vn 0.597710 0.000000 0.801713
vn 0.597710 0.000000 0.801713
vn 0.678604 0.000000 0.734504
vn 0.678604 0.000000 0.734504
vn 0.700981 0.000000 0.713180
vn 0.700981 0.000000 0.713180
vn 0.723024 0.000000 0.690823
vn 0.723024 0.000000 0.690823
vn 0.744367 0.000000 0.667771
vn 0.744367 0.000000 0.667771
vn 0.766431 0.000000 0.642326
vn 0.766431 0.000000 0.642326
vn 0.863547 0.000000 0.504269
vn 0.863547 0.000000 0.504269
vn 0.936156 0.000000 0.351584
vn 0.936156 0.000000 0.351584
vn 0.981996 0.000000 0.188899
vn 0.981996 0.000000 0.188899
vn 0.999784 0.000000 0.020800
vn 0.999784 0.000000 0.020800
vn 0.993898 0.000000 -0.110300
vn 0.993898 0.000000 -0.110300
vn 0.993898 0.000000 -0.110300
vn 0.993898 0.000000 -0.110300
vn 0.993898 0.000000 -0.110300
vn 0.993898 0.000000 -0.110300
vn 0.993898 0.000000 -0.110300
vn 0.993898 0.000000 -0.110300
vn 0.993898 0.000000 -0.110300
vn 0.993898 0.000000 -0.110300
vn 0.996969 0.000000 -0.077798
vn 0.996969 0.000000 -0.077798
vn 0.998647 0.000000 0.052002
vn 0.998647 0.000000 0.052002
vn 0.983242 0.000000 0.182308
vn 0.983242 0.000000 0.182308
vn 0.955712 0.000000 0.294304
vn 0.955712 0.000000 0.294304
vn 0.965822 0.000000 0.259206
vn 0.965822 0.000000 0.259206
vn 0.974519 0.000000 0.224304
vn 0.974519 0.000000 0.224304
vn 0.982530 0.000000 0.186106
vn 0.982530 0.000000 0.186106
vn 0.988836 0.000000 0.149005
vn 0.988836 0.000000 0.149005
vn 0.993730 0.000000 0.111803
vn 0.993730 0.000000 0.111803
vn 0.997236 0.000000 0.074303
vn 0.997236 0.000000 0.074303
vn 0.999323 0.000000 0.036801
vn 0.999323 0.000000 0.036801
vn 1.000000 0.000000 -0.000700
vn 1.000000 0.000000 -0.000700
vn 0.999270 0.000000 -0.038199
vn 0.999270 0.000000 -0.038199
vn 0.997130 0.000000 -0.075702
vn 0.997130 0.000000 -0.075702
vn 0.993573 0.000000 -0.113197
vn 0.993573 0.000000 -0.113197
vn 0.988625 0.000000 -0.150404
vn 0.988625 0.000000 -0.150404
vn 0.982284 0.000000 -0.187397
vn 0.982284 0.000000 -0.187397
vn 0.974541 0.000000 -0.224209
vn 0.974541 0.000000 -0.224209
vn 0.965419 0.000000 -0.260705
vn 0.965419 0.000000 -0.260705
vn 0.955002 0.000000 -0.296601
vn 0.955002 0.000000 -0.296601
vn 0.951163 0.000000 -0.308688
vn 0.951163 0.000000 -0.308688
vn 0.983611 0.000000 -0.180302
vn 0.983611 0.000000 -0.180302
vn 0.998729 0.000000 -0.050401
vn 0.998729 0.000000 -0.050401
vn 0.996746 0.000000 0.080604
vn 0.996746 0.000000 0.080604
vn 0.110300 0.000000 0.993898
vn 0.110300 0.000000 0.993898
vn 0.110300 0.000000 0.993898
vn 0.110300 0.000000 0.993898
vn 0.110300 0.000000 0.993898
vn 0.110300 0.000000 0.993898
vn -0.008600 0.000000 0.999963
vn -0.008600 0.000000 0.999963
vn -0.128895 0.000000 0.991658
vn -0.128895 0.000000 0.991658
vn -0.996755 0.000000 -0.080496
vn -0.996755 0.000000 -0.080496
vn -0.996755 0.000000 -0.080496
vn -0.996755 0.000000 -0.080496
vn -0.987342 0.000000 0.158607
vn -0.987342 0.000000 0.158607
vn -0.999247 0.000000 0.038802
vn -0.996755 0.000000 -0.080496
vn -0.999247 0.000000 0.038802
vn -0.996755 0.000000 -0.080496
vn -0.696478 0.000000 0.717578
vn -0.696478 0.000000 0.717578
vn -0.696478 0.000000 0.717578
vn -0.696478 0.000000 0.717578
vn -0.696478 0.000000 0.717578
vn -0.696478 0.000000 0.717578
vn -0.696478 0.000000 0.717578
vn -0.696478 0.000000 0.717578
vn -0.717628 0.000000 -0.696427
vn -0.717628 0.000000 -0.696427
vn -0.717628 0.000000 -0.696427
vn -0.717628 0.000000 -0.696427
vn -0.717628 0.000000 -0.696427
vn 0.717578 0.000000 0.696478
vn 0.717578 0.000000 0.696478
vn 0.717578 0.000000 0.696478
vn 0.717578 0.000000 0.696478
vn 0.717578 0.000000 0.696478
vn -0.725608 0.000000 0.688108
vn -0.725608 0.000000 0.688108
vn -0.730506 0.000000 0.682906
vn -0.730506 0.000000 0.682906
vn -0.735417 0.000000 0.677615
vn -0.740288 0.000000 0.672289
vn -0.735417 0.000000 0.677615
vn -0.740288 0.000000 0.672289
vn -0.745126 0.000000 0.666923
vn -0.745126 0.000000 0.666923
vn -0.745126 0.000000 0.666923
vn -0.725608 0.000000 0.688108
vn -0.129006 0.000000 0.991644
vn -0.129006 0.000000 0.991644
vn -0.268402 0.000000 0.963307
vn -0.268402 0.000000 0.963307
vn -0.403000 0.000000 0.915200
vn -0.403000 0.000000 0.915200
vn -0.529621 0.000000 0.848234
vn -0.529621 0.000000 0.848234
vn -0.644287 0.000000 0.764784
vn -0.644287 0.000000 0.764784
vn -0.644336 0.000000 0.764743
vn -0.644336 0.000000 0.764743
vn -0.655285 0.000000 0.755382
vn -0.666026 0.000000 0.745929
vn -0.666026 0.000000 0.745929
vn -0.655285 0.000000 0.755382
vn -0.666026 0.000000 0.745929
vn -0.678396 0.000000 0.734696
vn -0.678396 0.000000 0.734696
vn -0.696427 0.000000 0.717628
vn -0.714122 0.000000 0.700021
vn -0.714122 0.000000 0.700021
vn -0.714122 0.000000 0.700021
vn -0.696427 0.000000 0.717628
vn -0.678396 0.000000 0.734696
vn -0.745126 0.000000 0.666923
vn -0.832189 0.000000 0.554492
vn -0.745126 0.000000 0.666923
vn -0.832189 0.000000 0.554492
vn -0.745126 0.000000 0.666923
vn -0.902727 0.000000 0.430213
vn -0.902727 0.000000 0.430213
vn -0.954851 0.000000 0.297085
vn -0.954851 0.000000 0.297085
vn -0.987342 0.000000 0.158607
vn -0.987342 0.000000 0.158607
vn -0.996755 0.000000 -0.080496
vn -0.996914 0.000000 0.078501
vn -0.996755 0.000000 -0.080496
vn -0.996914 0.000000 0.078501
vn -0.971853 0.000000 0.235589
vn -0.971853 0.000000 0.235589
vn -0.950143 0.000000 0.311814
vn -0.950143 0.000000 0.311814
vn -0.961614 0.000000 0.274404
vn -0.961614 0.000000 0.274404
vn -0.971630 0.000000 0.236507
vn -0.971630 0.000000 0.236507
vn -0.980163 0.000000 0.198193
vn -0.980163 0.000000 0.198193
vn -0.987166 0.000000 0.159695
vn -0.987166 0.000000 0.159695
vn -0.992677 0.000000 0.120797
vn -0.992677 0.000000 0.120797
vn -0.996649 0.000000 0.081796
vn -0.996649 0.000000 0.081796
vn -0.999088 0.000000 0.042699
vn -0.999088 0.000000 0.042699
vn -0.999994 0.000000 0.003500
vn -0.999994 0.000000 0.003500
vn -0.999359 0.000000 -0.035799
vn -0.999359 0.000000 -0.035799
vn -0.997191 0.000000 -0.074899
vn -0.997191 0.000000 -0.074899
vn -0.993481 0.000000 -0.113998
vn -0.993481 0.000000 -0.113998
vn -0.988258 0.000000 -0.152794
vn -0.988258 0.000000 -0.152794
vn -0.981493 0.000000 -0.191499
vn -0.981493 0.000000 -0.191499
vn -0.973236 0.000000 -0.229808
vn -0.973236 0.000000 -0.229808
vn -0.963502 0.000000 -0.267701
vn -0.963502 0.000000 -0.267701
vn -0.962830 0.000000 -0.270108
vn -0.962830 0.000000 -0.270108
vn -0.993470 0.000000 -0.114097
vn -0.993470 0.000000 -0.114097
vn -0.998996 0.000000 0.044800
vn -0.998996 0.000000 0.044800
vn -0.993898 0.000000 0.110300
vn -0.993898 0.000000 0.110300
vn -0.993898 0.000000 0.110300
vn -0.993898 0.000000 0.110300
vn -0.993898 0.000000 0.110300
vn -0.993898 0.000000 0.110300
vn -0.993898 0.000000 0.110300
vn -0.993898 0.000000 0.110300
vn -0.993898 0.000000 0.110300
vn -0.993898 0.000000 0.110300
vn -0.999075 0.000000 -0.042999
vn -0.999075 0.000000 -0.042999
vn -0.979631 0.000000 -0.200806
vn -0.979631 0.000000 -0.200806
vn -0.935430 0.000000 -0.353511
vn -0.935430 0.000000 -0.353511
vn -0.867584 0.000000 -0.497291
vn -0.867584 0.000000 -0.497291
vn -0.777983 0.000000 -0.628286
vn -0.778031 0.000000 -0.628225
vn -0.756915 0.000000 -0.653513
vn -0.745929 0.000000 -0.666026
vn -0.756915 0.000000 -0.653513
vn -0.745929 0.000000 -0.666026
vn -0.756915 0.000000 -0.653513
vn -0.745929 0.000000 -0.666026
vn -0.778031 0.000000 -0.628225
vn 0.696427 0.000000 -0.717628
vn 0.696427 0.000000 -0.717628
vn 0.696427 0.000000 -0.717628
vn 0.696427 0.000000 -0.717628
vn 0.696427 0.000000 -0.717628
vn 0.696427 0.000000 -0.717628
vn 0.696427 0.000000 -0.717628
vn 0.696427 0.000000 -0.717628
vn -0.696427 0.000000 0.717628
vn -0.696427 0.000000 0.717628
vn -0.696427 0.000000 0.717628
vn -0.696427 0.000000 0.717628
vn -0.696427 0.000000 0.717628
vn -0.696427 0.000000 0.717628
vn -0.734696 0.000000 -0.678396
vn -0.734696 0.000000 -0.678396
vn -0.717628 0.000100 -0.696427
vn -0.700021 0.000000 -0.714122
vn -0.700021 0.000000 -0.714122
vn -0.717628 -0.000100 -0.696427
vn -0.700021 0.000000 -0.714122
vn -0.734696 0.000000 -0.678396
vn 0.696427 0.000000 -0.717628
vn 0.696427 0.000000 -0.717628
vn 0.696427 0.000000 -0.717628
vn 0.696427 0.000000 -0.717628
vn 0.696427 0.000000 -0.717628
vn 0.696427 0.000000 -0.717628
vn -0.717628 0.000000 -0.696427
vn -0.717628 0.000000 -0.696427
vn -0.717628 0.000000 -0.696427
vn -0.717628 0.000000 -0.696427
vn -0.717628 0.000000 -0.696427
vn -0.717628 0.000000 -0.696427
vn -0.696427 0.000000 0.717628
vn -0.696427 0.000000 0.717628
vn -0.696427 0.000000 0.717628
vn -0.696427 0.000000 0.717628
vn -0.696427 0.000000 0.717628
vn -0.696478 0.000000 0.717578
vn -0.696427 0.000000 0.717628
vn -0.696427 0.000000 0.717628
vn -0.688108 0.000000 -0.725608
vn -0.688108 0.000000 -0.725608
vn -0.668611 0.000000 -0.743612
vn -0.668611 0.000000 -0.743612
vn -0.567123 0.000000 -0.823633
vn -0.567123 0.000000 -0.823633
vn -0.452884 0.000000 -0.891569
vn -0.452884 0.000000 -0.891569
vn -0.330800 0.000000 -0.943701
vn -0.330800 0.000000 -0.943701
vn -0.202804 0.000000 -0.979219
vn -0.202804 0.000000 -0.979219
vn -0.071702 0.000000 -0.997426
vn -0.071702 0.000000 -0.997426
vn 0.059502 0.000000 -0.998228
vn 0.059502 0.000000 -0.998228
vn 0.080496 0.000000 -0.996755
vn 0.080496 0.000000 -0.996755
vn 0.080496 0.000000 -0.996755
vn 0.080496 0.000000 -0.996755
vn 0.080496 0.000000 -0.996755
vn 0.080496 0.000000 -0.996755
vn 0.080496 0.000000 -0.996755
vn 0.080496 0.000000 -0.996755
vn 0.080496 0.000000 -0.996755
vn 0.080496 0.000000 -0.996755
vn 0.038299 0.000000 -0.999266
vn 0.038299 0.000000 -0.999266
vn -0.094800 0.000000 -0.995496
vn -0.094800 0.000000 -0.995496
vn -0.225911 0.000000 -0.974148
vn -0.225911 0.000000 -0.974148
vn -0.320305 0.000000 -0.947314
vn -0.320305 0.000000 -0.947314
vn -0.289100 0.000000 -0.957299
vn -0.289100 0.000000 -0.957299
vn -0.257706 0.000000 -0.966223
vn -0.257706 0.000000 -0.966223
vn -0.225889 0.000000 -0.974153
vn -0.225889 0.000000 -0.974153
vn -0.193808 0.000000 -0.981040
vn -0.193808 0.000000 -0.981040
vn -0.161593 0.000000 -0.986857
vn -0.161593 0.000000 -0.986857
vn -0.129202 0.000000 -0.991618
vn -0.129202 0.000000 -0.991618
vn -0.096701 0.000000 -0.995313
vn -0.096701 0.000000 -0.995313
vn -0.064103 0.000000 -0.997943
vn -0.064103 0.000000 -0.997943
vn -0.031400 0.000000 -0.999507
vn -0.031400 0.000000 -0.999507
vn 0.001400 0.000000 -0.999999
vn 0.001400 0.000000 -0.999999
vn 0.034201 0.000000 -0.999415
vn 0.034201 0.000000 -0.999415
vn 0.066897 0.000000 -0.997760
vn 0.066897 0.000000 -0.997760
vn 0.099504 0.000000 -0.995037
vn 0.099504 0.000000 -0.995037
vn 0.131993 0.000000 -0.991251
vn 0.131993 0.000000 -0.991251
vn 0.164496 0.000000 -0.986378
vn 0.164496 0.000000 -0.986378
vn 0.196193 0.000000 -0.980565
vn 0.196193 0.000000 -0.980565
vn 0.228108 0.000000 -0.973636
vn 0.228108 0.000000 -0.973636
vn 0.259206 0.000000 -0.965822
vn 0.259206 0.000000 -0.965822
vn 0.291703 0.000000 -0.956509
vn 0.291703 0.000000 -0.956509
vn 0.196693 0.000000 -0.980465
vn 0.196693 0.000000 -0.980465
vn 0.064999 0.000000 -0.997885
vn 0.064999 0.000000 -0.997885
vn -0.067800 0.000000 -0.997699
vn -0.067800 0.000000 -0.997699
vn -0.110201 0.000000 -0.993909
vn -0.110201 0.000000 -0.993909
vn -0.110300 0.000000 -0.993898
vn -0.110300 0.000000 -0.993898
vn -0.110300 0.000000 -0.993898
vn -0.110300 0.000000 -0.993898
vn -0.110300 0.000000 -0.993898
vn -0.110300 0.000000 -0.993898
vn -0.110300 0.000000 -0.993898
vn -0.110300 0.000000 -0.993898
vn -0.087497 0.000000 -0.996165
vn -0.087497 0.000000 -0.996165
vn 0.041601 0.000000 -0.999134
vn 0.041601 0.000000 -0.999134
vn 0.173392 0.000000 -0.984853
vn 0.173392 0.000000 -0.984853
vn 0.302395 0.000000 -0.953183
vn 0.302395 0.000000 -0.953183
vn 0.426009 0.000000 -0.904719
vn 0.426009 0.000000 -0.904719
vn 0.542177 0.000000 -0.840264
vn 0.542177 0.000000 -0.840264
vn 0.646018 0.000000 -0.763322
vn 0.646018 0.000000 -0.763322
vn 0.666026 0.000000 -0.745929
vn 0.666026 0.000000 -0.745929
vn 0.666026 0.000000 -0.745929
vn -0.688108 0.000000 -0.725608
vn 0.717676 0.000000 0.696377
vn 0.717676 0.000000 0.696377
vn 0.717676 0.000000 0.696377
vn 0.717676 0.000000 0.696377
vn 0.717676 0.000000 0.696377
vn 0.717676 0.000000 0.696377
vn 0.696478 0.000000 -0.717578
vn 0.696478 0.000000 -0.717578
vn 0.696478 0.000000 -0.717578
vn 0.696478 0.000000 -0.717578
vn 0.696478 0.000000 -0.717578
vn 0.696478 0.000000 -0.717578
vn -0.717628 0.000000 -0.696427
vn -0.717628 0.000000 -0.696427
vn -0.717628 0.000000 -0.696427
vn -0.717628 0.000000 -0.696427
vn -0.717628 0.000000 -0.696427
vn -0.717628 0.000000 -0.696427
vn 0.678396 0.000000 -0.734696
vn 0.678396 0.000000 -0.734696
vn 0.696427 0.000000 -0.717628
vn 0.696427 0.000000 -0.717628
vn 0.714122 0.000000 -0.700021
vn 0.714122 0.000000 -0.700021
vn 0.714122 0.000000 -0.700021
vn 0.678396 0.000000 -0.734696
vn 0.696427 0.000000 -0.717628
vn 0.696427 0.000000 -0.717628
vn 0.696478 0.000000 -0.717578
vn 0.696478 0.000000 -0.717578
vn 0.696478 0.000000 -0.717578
vn 0.696478 0.000000 -0.717578
vn 0.696478 0.000000 -0.717578
vn 0.696427 0.000000 -0.717628
vn -0.717578 0.000000 -0.696478
vn -0.717628 0.000000 -0.696427
vn -0.717578 0.000000 -0.696478
vn -0.717628 0.000000 -0.696427
vn -0.717578 0.000000 -0.696478
vn -0.717578 0.000000 -0.696478
vn -0.717628 0.000000 -0.696427
vn -0.717628 0.000000 -0.696427
vn 0.725608 0.000000 -0.688108
vn 0.725608 0.000000 -0.688108
vn 0.743657 0.000000 -0.668561
vn 0.743657 0.000000 -0.668561
vn 0.823633 0.000000 -0.567123
vn 0.823633 0.000000 -0.567123
vn 0.891569 0.000000 -0.452884
vn 0.891569 0.000000 -0.452884
vn 0.943701 0.000000 -0.330800
vn 0.943701 0.000000 -0.330800
vn 0.979219 0.000000 -0.202804
vn 0.979219 0.000000 -0.202804
vn 0.997426 0.000000 -0.071702
vn 0.997426 0.000000 -0.071702
vn 0.998228 0.000000 0.059502
vn 0.998228 0.000000 0.059502
vn 0.996763 0.000000 0.080397
vn 0.996763 0.000000 0.080397
vn 0.996755 0.000000 0.080496
vn 0.996755 0.000000 0.080496
vn 0.996755 0.000000 0.080496
vn 0.996755 0.000000 0.080496
vn 0.996755 0.000000 0.080496
vn 0.996755 0.000000 0.080496
vn 0.996755 0.000000 0.080496
vn 0.996755 0.000000 0.080496
vn 0.999266 0.000000 0.038299
vn 0.999266 0.000000 0.038299
vn 0.995496 0.000000 -0.094800
vn 0.995496 0.000000 -0.094800
vn 0.974148 0.000000 -0.225911
vn 0.974148 0.000000 -0.225911
vn 0.947314 0.000000 -0.320305
vn 0.947314 0.000000 -0.320305
vn 0.957299 0.000000 -0.289100
vn 0.957299 0.000000 -0.289100
vn 0.966223 0.000000 -0.257706
vn 0.966223 0.000000 -0.257706
vn 0.974153 0.000000 -0.225889
vn 0.974153 0.000000 -0.225889
vn 0.981020 0.000000 -0.193904
vn 0.981020 0.000000 -0.193904
vn 0.986857 0.000000 -0.161593
vn 0.986857 0.000000 -0.161593
vn 0.991618 0.000000 -0.129202
vn 0.991618 0.000000 -0.129202
vn 0.995313 0.000000 -0.096701
vn 0.995313 0.000000 -0.096701
vn 0.997950 0.000000 -0.064003
vn 0.997950 0.000000 -0.064003
vn 0.999507 0.000000 -0.031400
vn 0.999507 0.000000 -0.031400
vn 0.999999 0.000000 0.001400
vn 0.999999 0.000000 0.001400
vn 0.999415 0.000000 0.034201
vn 0.999415 0.000000 0.034201
vn 0.997760 0.000000 0.066897
vn 0.997760 0.000000 0.066897
vn 0.995037 0.000000 0.099504
vn 0.995037 0.000000 0.099504
vn 0.991251 0.000000 0.131993
vn 0.991251 0.000000 0.131993
vn 0.986426 0.000000 0.164204
vn 0.986426 0.000000 0.164204
vn 0.980665 0.000000 0.195693
vn 0.980665 0.000000 0.195693
vn 0.973519 0.000000 0.228605
vn 0.973519 0.000000 0.228605
vn 0.965854 0.000000 0.259088
vn 0.965854 0.000000 0.259088
vn 0.956509 0.000000 0.291703
vn 0.956509 0.000000 0.291703
vn 0.980484 0.000000 0.196597
vn 0.980484 0.000000 0.196597
vn 0.997885 0.000000 0.064999
vn 0.997885 0.000000 0.064999
vn 0.997699 0.000000 -0.067800
vn 0.997699 0.000000 -0.067800
vn 0.993898 0.000000 -0.110300
vn 0.993898 0.000000 -0.110300
vn 0.993898 0.000000 -0.110300
vn 0.993898 0.000000 -0.110300
vn 0.993898 0.000000 -0.110300
vn 0.993898 0.000000 -0.110300
vn 0.993898 0.000000 -0.110300
vn 0.993898 0.000000 -0.110300
vn 0.993898 0.000000 -0.110300
vn 0.993898 0.000000 -0.110300
vn 0.996165 0.000000 -0.087497
vn 0.996165 0.000000 -0.087497
vn 0.999138 0.000000 0.041502
vn 0.999138 0.000000 0.041502
vn 0.984853 0.000000 0.173392
vn 0.984853 0.000000 0.173392
vn 0.953183 0.000000 0.302395
vn 0.953183 0.000000 0.302395
vn 0.904719 0.000000 0.426009
vn 0.904719 0.000000 0.426009
vn 0.840264 0.000000 0.542177
vn 0.840264 0.000000 0.542177
vn 0.763322 0.000000 0.646018
vn 0.763322 0.000000 0.646018
vn 0.745879 0.000000 0.666081
vn 0.745879 0.000000 0.666081
vn 0.745879 0.000000 0.666081
vn 0.725608 0.000000 -0.688108
vn -0.696427 0.000000 0.717628
vn -0.696427 0.000000 0.717628
vn -0.696427 0.000000 0.717628
vn -0.696427 0.000000 0.717628
vn -0.696427 0.000000 0.717628
vn -0.696427 0.000000 0.717628
vn 0.717578 0.000000 0.696478
vn 0.717578 0.000000 0.696478
vn 0.717578 0.000000 0.696478
vn 0.717578 0.000000 0.696478
vn 0.717578 0.000000 0.696478
vn 0.717578 0.000000 0.696478
vn 0.696427 0.000000 -0.717628
vn 0.696427 0.000000 -0.717628
vn 0.696427 0.000000 -0.717628
vn 0.696427 0.000000 -0.717628
vn 0.696427 0.000000 -0.717628
vn 0.696427 0.000000 -0.717628
vn 0.734746 0.000000 0.678342
vn 0.734696 0.000000 0.678396
vn 0.717628 0.000000 0.696427
vn 0.717628 0.000000 0.696427
vn 0.700072 0.000000 0.714072
vn 0.700072 0.000000 0.714072
vn 0.700072 0.000000 0.714072
vn 0.734792 0.000000 0.678293
vn -0.696478 0.000000 0.717578
vn -0.696478 0.000000 0.717578
vn -0.696478 0.000000 0.717578
vn -0.696478 0.000000 0.717578
vn -0.696478 0.000000 0.717578
vn -0.696478 0.000000 0.717578
vn 0.717578 0.000000 0.696478
vn 0.717578 0.000000 0.696478
vn 0.717578 0.000000 0.696478
vn 0.717578 0.000000 0.696478
vn 0.717578 0.000000 0.696478
vn 0.717578 0.000000 0.696478
vn 0.696427 0.000000 -0.717628
vn 0.696427 0.000000 -0.717628
vn 0.696427 0.000000 -0.717628
vn 0.696427 0.000000 -0.717628
vn 0.696427 0.000000 -0.717628
vn 0.696427 0.000000 -0.717628
vn 0.688108 0.000000 0.725608
vn 0.688108 0.000000 0.725608
vn 0.676521 0.000000 0.736423
vn 0.676521 0.000000 0.736423
vn 0.659502 0.000000 0.751703
vn 0.659502 0.000000 0.751703
vn 0.538886 0.000000 0.842379
vn 0.538886 0.000000 0.842379
vn 0.407177 0.000000 0.913349
vn 0.407177 0.000000 0.913349
vn 0.266297 0.000000 0.963891
vn 0.266297 0.000000 0.963891
vn 0.119504 0.000000 0.992834
vn 0.119504 0.000000 0.992834
vn -0.030101 0.000000 0.999547
vn -0.030101 0.000000 0.999547
vn -0.080496 0.000000 0.996755
vn -0.080496 0.000000 0.996755
vn -0.080496 0.000000 0.996755
vn -0.080496 0.000000 0.996755
vn -0.080496 0.000000 0.996755
vn -0.080496 0.000000 0.996755
vn -0.080496 0.000000 0.996755
vn -0.080496 0.000000 0.996755
vn -0.080496 0.000000 0.996755
vn -0.080496 0.000000 0.996755
vn 0.034500 0.000000 0.999405
vn 0.034500 0.000000 0.999405
vn 0.180804 0.000000 0.983519
vn 0.180804 0.000000 0.983519
vn 0.324018 0.000000 0.946051
vn 0.324018 0.000000 0.946051
vn 0.292097 0.000000 0.956389
vn 0.292097 0.000000 0.956389
vn 0.256604 0.000000 0.966517
vn 0.256604 0.000000 0.966517
vn 0.220804 0.000000 0.975318
vn 0.220804 0.000000 0.975318
vn 0.184602 0.000000 0.982813
vn 0.184602 0.000000 0.982813
vn 0.148194 0.000000 0.988958
vn 0.148194 0.000000 0.988958
vn 0.111606 0.000000 0.993753
vn 0.111606 0.000000 0.993753
vn 0.074899 0.000000 0.997191
vn 0.074899 0.000000 0.997191
vn 0.037999 0.000000 0.999278
vn 0.037999 0.000000 0.999278
vn 0.001100 0.000000 0.999999
vn 0.001100 0.000000 0.999999
vn -0.035799 0.000000 0.999359
vn -0.035799 0.000000 0.999359
vn -0.072597 0.000000 0.997361
vn -0.072597 0.000000 0.997361
vn -0.109400 0.000000 0.993998
vn -0.109400 0.000000 0.993998
vn -0.145998 0.000000 0.989285
vn -0.145998 0.000000 0.989285
vn -0.182404 0.000000 0.983224
vn -0.182404 0.000000 0.983224
vn -0.218603 0.000000 0.975814
vn -0.218603 0.000000 0.975814
vn -0.254400 0.000000 0.967099
vn -0.254400 0.000000 0.967099
vn -0.290007 0.000000 0.957024
vn -0.290007 0.000000 0.957024
vn -0.187994 0.000000 0.982170
vn -0.187994 0.000000 0.982170
vn -0.039201 0.000000 0.999231
vn -0.039201 0.000000 0.999231
vn 0.110300 0.000000 0.993898
vn 0.110300 0.000000 0.993898
vn 0.659559 0.000000 0.751653
vn 0.676521 0.000000 0.736423
vn 0.688108 0.000000 0.725608
vn 0.000000 -1.000000 0.000000
vn 0.000000 -1.000000 0.000000
vn 0.000000 -1.000000 0.000000
vn 0.000000 -1.000000 0.000000
vn 0.000000 -1.000000 0.000000
vn 0.000000 -1.000000 0.000000
vn 0.000000 -1.000000 0.000000
vn 0.000000 -1.000000 0.000000
vn 0.000000 -1.000000 0.000000
vn 0.000000 -1.000000 0.000000
vn 0.000000 -1.000000 0.000000
vn 0.000000 -1.000000 0.000000
vn 0.000000 -1.000000 0.000000
vn 0.000000 -1.000000 0.000000
vn 0.000000 -1.000000 0.000000
vn 0.000000 -1.000000 0.000000
vn 0.000000 -1.000000 0.000000
vn 0.000000 -1.000000 0.000000
vn 0.000000 -1.000000 0.000000
vn 0.000000 -1.000000 0.000000
vn 0.000000 -1.000000 0.000000
vn 0.000000 -1.000000 0.000000
vn 0.000000 -1.000000 0.000000
vn 0.000000 -1.000000 0.000000
vn 0.000000 -1.000000 0.000000
vn 0.000000 -1.000000 0.000000
vn 0.000000 -1.000000 0.000000
vn 0.000000 -1.000000 0.000000
vn 0.000000 -1.000000 0.000000
vn 0.000000 -1.000000 0.000000
vn 0.000000 -1.000000 0.000000
vn 0.000000 -1.000000 0.000000
vn 0.000000 -1.000000 0.000000
vn 0.000000 -1.000000 0.000000
vn 0.000000 -1.000000 0.000000
vn 0.000000 -1.000000 0.000000
vn 0.000000 -1.000000 0.000000
vn 0.000000 -1.000000 0.000000
vn 0.000000 -1.000000 0.000000
vn 0.000000 -1.000000 0.000000
vn 0.000000 -1.000000 0.000000
vn 0.000000 -1.000000 0.000000
vn 0.000000 -1.000000 0.000000
vn 0.000000 -1.000000 0.000000
vn 0.000000 -1.000000 0.000000
vn 0.000000 -1.000000 0.000000
vn 0.000000 -1.000000 0.000000
vn 0.000000 -1.000000 0.000000
vn 0.000000 -1.000000 0.000000
vn 0.000000 -1.000000 0.000000
vn 0.000000 -1.000000 0.000000
vn 0.000000 -1.000000 0.000000
vn 0.000000 -1.000000 0.000000
vn 0.000000 -1.000000 0.000000
vn 0.000000 -1.000000 0.000000
vn 0.000000 -1.000000 0.000000
vn 0.000000 -1.000000 0.000000
vn 0.000000 -1.000000 0.000000
vn 0.000000 -1.000000 0.000000
vn 0.000000 -1.000000 0.000000
vn 0.000000 -1.000000 0.000000
vn 0.000000 -1.000000 0.000000
vn 0.000000 -1.000000 0.000000
vn 0.000000 -1.000000 0.000000
vn 0.000000 -1.000000 0.000000
vn 0.000000 -1.000000 0.000000
vn 0.000000 -1.000000 0.000000
vn 0.000000 -1.000000 0.000000
vn 0.000000 -1.000000 0.000000
vn 0.000000 -1.000000 0.000000
vn 0.000000 -1.000000 0.000000
vn 0.000000 -1.000000 0.000000
vn 0.000000 -1.000000 0.000000
vn 0.000000 -1.000000 0.000000
vn 0.000000 -1.000000 0.000000
vn 0.000000 -1.000000 0.000000
vn 0.000000 -1.000000 0.000000
vn 0.000000 -1.000000 0.000000
vn 0.000000 -1.000000 0.000000
vn 0.000000 -1.000000 0.000000
vn 0.000000 -1.000000 0.000000
vn 0.000000 -1.000000 0.000000
vn 0.000000 -1.000000 0.000000
vn 0.000000 -1.000000 0.000000
vn 0.000000 -1.000000 0.000000
vn 0.000000 -1.000000 0.000000
vn 0.000000 -1.000000 0.000000
vn 0.000000 -1.000000 0.000000
vn 0.000000 -1.000000 0.000000
vn 0.000000 -1.000000 0.000000
vn 0.000000 -1.000000 0.000000
vn 0.000000 -1.000000 0.000000
vn 0.000000 -1.000000 0.000000
vn 0.000000 -1.000000 0.000000
vn 0.000000 -1.000000 0.000000
vn 0.000000 -1.000000 0.000000
vn 0.000000 -1.000000 0.000000
vn 0.000000 -1.000000 0.000000
vn 0.000000 -1.000000 0.000000
vn 0.000000 -1.000000 0.000000
vn 0.000000 -1.000000 0.000000
vn 0.000000 -1.000000 0.000000
vn 0.000000 -1.000000 0.000000
vn 0.000000 -1.000000 0.000000
vn 0.000000 -1.000000 0.000000
vn 0.000000 -1.000000 0.000000
vn 0.000000 -1.000000 0.000000
vn 0.000000 -1.000000 0.000000
vn 0.000000 -1.000000 0.000000
vn 0.000000 -1.000000 0.000000
vn 0.000000 -1.000000 0.000000
vn 0.000000 -1.000000 0.000000
vn 0.000000 -1.000000 0.000000
vn 0.000000 -1.000000 0.000000
vn 0.000000 -1.000000 0.000000
vn 0.000000 -1.000000 0.000000
vn 0.000000 -1.000000 0.000000
vn 0.000000 -1.000000 0.000000
vn 0.000000 -1.000000 0.000000
vn 0.000000 -1.000000 0.000000
vn 0.000000 -1.000000 0.000000
vn 0.000000 -1.000000 0.000000
vn 0.000000 -1.000000 0.000000
vn 0.000000 -1.000000 0.000000
vn 0.000000 -1.000000 0.000000
vn 0.000000 -1.000000 0.000000
vn 0.000000 -1.000000 0.000000
vn 0.000000 -1.000000 0.000000
vn 0.000000 -1.000000 0.000000
vn 0.000000 -1.000000 0.000000
vn 0.000000 -1.000000 0.000000
vn 0.000000 -1.000000 0.000000
vn 0.000000 -1.000000 0.000000
vn 0.000000 -1.000000 0.000000
vn 0.000000 -1.000000 0.000000
vn 0.000000 -1.000000 0.000000
vn 0.000000 -1.000000 0.000000
vn 0.000000 -1.000000 0.000000
vn 0.000000 -1.000000 0.000000
vn 0.000000 -1.000000 0.000000
vn 0.000000 -1.000000 0.000000
vn 0.000000 -1.000000 0.000000
vn 0.000000 -1.000000 0.000000
vn 0.000000 -1.000000 0.000000
vn 0.000000 -1.000000 0.000000
vn 0.000000 -1.000000 0.000000
vn 0.000000 -1.000000 0.000000
vn 0.000000 -1.000000 0.000000
vn 0.000000 -1.000000 0.000000
vn 0.000000 -1.000000 0.000000
vn 0.000000 -1.000000 0.000000
vn 0.000000 -1.000000 0.000000
vn 0.000000 -1.000000 0.000000
vn 0.000000 -1.000000 0.000000
vn 0.000000 -1.000000 0.000000
vn 0.000000 -1.000000 0.000000
vn 0.000000 -1.000000 0.000000
vn 0.000000 -1.000000 0.000000
vn 0.000000 -1.000000 0.000000
vn 0.000000 -1.000000 0.000000
vn 0.000000 -1.000000 0.000000
vn 0.000000 -1.000000 0.000000
vn 0.000000 -1.000000 0.000000
vn 0.000000 -1.000000 0.000000
vn 0.000000 -1.000000 0.000000
vn 0.000000 -1.000000 0.000000
vn 0.000000 -1.000000 0.000000
vn 0.000000 -1.000000 0.000000
vn 0.000000 -1.000000 0.000000
vn 0.000000 -1.000000 0.000000
vn 0.000000 -1.000000 0.000000
vn 0.000000 -1.000000 0.000000
vn 0.000000 -1.000000 0.000000
vn 0.000000 -1.000000 0.000000
vn 0.000000 -1.000000 0.000000
vn 0.000000 -1.000000 0.000000
vn 0.000000 -1.000000 0.000000
vn 0.000000 -1.000000 0.000000
vn 0.000000 -1.000000 0.000000
vn 0.000000 -1.000000 0.000000
vn 0.000000 -1.000000 0.000000
vn 0.000000 -1.000000 0.000000
vn 0.000000 -1.000000 0.000000
vn 0.000000 -1.000000 0.000000
vn 0.000000 -1.000000 0.000000
vn 0.000000 -1.000000 0.000000
vn 0.000000 -1.000000 0.000000
vn 0.000000 -1.000000 0.000000
vn 0.000000 -1.000000 0.000000
vn 0.000000 -1.000000 0.000000
vn 0.000000 -1.000000 0.000000
vn 0.000000 -1.000000 0.000000
vn 0.000000 -1.000000 0.000000
vn 0.000000 -1.000000 0.000000
vn 0.000000 -1.000000 0.000000
vn 0.000000 -1.000000 0.000000
vn 0.000000 -1.000000 0.000000
vn 0.000000 -1.000000 0.000000
vn 0.000000 -1.000000 0.000000
vn 0.000000 -1.000000 0.000000
vn 0.000000 -1.000000 0.000000
vn 0.000000 -1.000000 0.000000
vn 0.000000 -1.000000 0.000000
vn 0.000000 -1.000000 0.000000
vn 0.000000 -1.000000 0.000000
vn 0.000000 -1.000000 0.000000
vn 0.000000 -1.000000 0.000000
vn 0.000000 -1.000000 0.000000
vn 0.000000 -1.000000 0.000000
vn 0.000000 -1.000000 0.000000
vn 0.000000 -1.000000 0.000000
vn 0.000000 -1.000000 0.000000
vn 0.000000 -1.000000 0.000000
vn 0.000000 -1.000000 0.000000
vn 0.000000 -1.000000 0.000000
vn 0.000000 -1.000000 0.000000
vn 0.000000 -1.000000 0.000000
vn 0.000000 -1.000000 0.000000
vn 0.000000 -1.000000 0.000000
vn 0.000000 -1.000000 0.000000
vn 0.000000 -1.000000 0.000000
vn 0.000000 -1.000000 0.000000
vn 0.000000 -1.000000 0.000000
vn 0.000000 -1.000000 0.000000
vn 0.000000 -1.000000 0.000000
vn 0.000000 -1.000000 0.000000
vn 0.000000 -1.000000 0.000000
vn 0.000000 -1.000000 0.000000
vn 0.000000 -1.000000 0.000000
vn 0.000000 -1.000000 0.000000
vn 0.000000 -1.000000 0.000000
vn 0.000000 -1.000000 0.000000
vn 0.000000 -1.000000 0.000000
vn 0.000000 -1.000000 0.000000
vn 0.000000 -1.000000 0.000000
vn 0.000000 -1.000000 0.000000
vn 0.000000 -1.000000 0.000000
vn 0.000000 -1.000000 0.000000
vn 0.000000 -1.000000 0.000000
vn 0.000000 -1.000000 0.000000
vn 0.000000 -1.000000 0.000000
vn 0.000000 -1.000000 0.000000
vn 0.000000 -1.000000 0.000000
vn 0.000000 -1.000000 0.000000
vn 0.000000 -1.000000 0.000000
vn 0.000000 -1.000000 0.000000
vn 0.000000 -1.000000 0.000000
vn 0.000000 -1.000000 0.000000
vn 0.000000 -1.000000 0.000000
vn 0.000000 -1.000000 0.000000
vn 0.000000 -1.000000 0.000000
vn 0.000000 -1.000000 0.000000
vn 0.000000 -1.000000 0.000000
vn 0.000000 -1.000000 0.000000
vn 0.000000 -1.000000 0.000000
vn 0.000000 -1.000000 0.000000
vn 0.000000 -1.000000 0.000000
vn 0.000000 -1.000000 0.000000
vn 0.000000 -1.000000 0.000000
vn 0.000000 -1.000000 0.000000
vn 0.000000 -1.000000 0.000000
vn 0.000000 -1.000000 0.000000
vn 0.000000 -1.000000 0.000000
vn 0.000000 -1.000000 0.000000
vn 0.000000 -1.000000 0.000000
vn 0.000000 -1.000000 0.000000
vn 0.000000 -1.000000 0.000000
vn 0.000000 -1.000000 0.000000
vn 0.000000 -1.000000 0.000000
vn 0.000000 -1.000000 0.000000
vn 0.000000 -1.000000 0.000000
vn 0.000000 -1.000000 0.000000
vn 0.000000 -1.000000 0.000000
vn 0.000000 -1.000000 0.000000
vn 0.000000 -1.000000 0.000000
vn 0.000000 -1.000000 0.000000
vn 0.000000 -1.000000 0.000000
vn 0.000000 -1.000000 0.000000
vn 0.000000 -1.000000 0.000000
vn 0.000000 -1.000000 0.000000
vn 0.000000 -1.000000 0.000000
vn 0.000000 -1.000000 0.000000
vn 0.000000 -1.000000 0.000000
vn 0.000000 -1.000000 0.000000
vn 0.000000 -1.000000 0.000000
vn 0.000000 -1.000000 0.000000
vn 0.000000 -1.000000 0.000000
vn 0.000000 -1.000000 0.000000
vn 0.000000 -1.000000 0.000000
vn 0.000000 -1.000000 0.000000
vn 0.000000 -1.000000 0.000000
vn 0.000000 -1.000000 0.000000
vn 0.000000 -1.000000 0.000000
vn 0.000000 -1.000000 0.000000
vn 0.000000 -1.000000 0.000000
vn 0.000000 -1.000000 0.000000
vn 0.000000 -1.000000 0.000000
vn 0.000000 -1.000000 0.000000
vn 0.000000 -1.000000 0.000000
vn 0.000000 -1.000000 0.000000
vn 0.000000 -1.000000 0.000000
vn 0.000000 -1.000000 0.000000
vn 0.000000 -1.000000 0.000000
vn 0.000000 -1.000000 0.000000
vn 0.000000 -1.000000 0.000000
vn 0.000000 -1.000000 0.000000
vn 0.000000 -1.000000 0.000000
vn 0.000000 -1.000000 0.000000
vn 0.000000 -1.000000 0.000000
vn 0.000000 -1.000000 0.000000
vn 0.000000 -1.000000 0.000000
vn 0.000000 -1.000000 0.000000
vn 0.000000 -1.000000 0.000000
vn 0.000000 -1.000000 0.000000
vn 0.000000 -1.000000 0.000000
vn 0.000000 -1.000000 0.000000
vn 0.000000 -1.000000 0.000000
vn 0.000000 -1.000000 0.000000
vn 0.000000 -1.000000 0.000000
vn 0.000000 -1.000000 0.000000
vn 0.000000 -1.000000 0.000000
vn 0.000000 -1.000000 0.000000
vn 0.000000 -1.000000 0.000000
vn 0.000000 -1.000000 0.000000
vn 0.000000 -1.000000 0.000000
vn 0.000000 -1.000000 0.000000
vn 0.000000 -1.000000 0.000000
vn 0.000000 -1.000000 0.000000
vn 0.000000 -1.000000 0.000000
vn 0.000000 -1.000000 0.000000
vn 0.000000 -1.000000 0.000000
vn 0.000000 -1.000000 0.000000
vn 0.000000 -1.000000 0.000000
vn 0.000000 -1.000000 0.000000
vn 0.000000 -1.000000 0.000000
vn 0.000000 -1.000000 0.000000
vn 0.000000 -1.000000 0.000000
vn 0.000000 -1.000000 0.000000
vn 0.000000 -1.000000 0.000000
vn 0.000000 -1.000000 0.000000
vn 0.000000 -1.000000 0.000000
vn 0.000000 -1.000000 0.000000
vn 0.000000 -1.000000 0.000000
vn 0.000000 -1.000000 0.000000
vn 0.000000 -1.000000 0.000000
vn 0.000000 -1.000000 0.000000
vn 0.000000 -1.000000 0.000000
vn 0.000000 -1.000000 0.000000
vn 0.000000 -1.000000 0.000000
vn 0.000000 -1.000000 0.000000
vn 0.000000 -1.000000 0.000000
vn 0.000000 -1.000000 0.000000
vn 0.000000 -1.000000 0.000000
vn 0.000000 -1.000000 0.000000
vn 0.000000 -1.000000 0.000000
vn 0.000000 -1.000000 0.000000
vn 0.000000 -1.000000 0.000000
vn 0.000000 -1.000000 0.000000
vn 0.000000 -1.000000 0.000000
vn 0.000000 -1.000000 0.000000
vn 0.000000 -1.000000 0.000000
vn 0.000000 -1.000000 0.000000
vn 0.000000 -1.000000 0.000000
vn 0.000000 -1.000000 0.000000
vn 0.000000 -1.000000 0.000000
vn 0.000000 -1.000000 0.000000
vn 0.000000 -1.000000 0.000000
vn 0.000000 -1.000000 0.000000
vn 0.000000 -1.000000 0.000000
vn 0.000000 -1.000000 0.000000
vn 0.000000 -1.000000 0.000000
vn 0.000000 -1.000000 0.000000
vn 0.000000 -1.000000 0.000000
vn 0.000000 -1.000000 0.000000
vn 0.000000 -1.000000 0.000000
vn 0.000000 -1.000000 0.000000
vn 0.000000 -1.000000 0.000000
vn 0.000000 -1.000000 0.000000
vn 0.000000 -1.000000 0.000000
f 5//5 1//1 2//2
f 1//1 3//3 2//2
f 4//4 1//1 5//5
f 6//6 5//5 2//2
f 6//6 2//2 8//8
f 4//4 5//5 6//6
f 6//6 10//10 7//7
f 4//4 6//6 7//7
f 6//6 8//8 9//9
f 6//6 9//9 10//10
f 10//10 11//11 13//13
f 12//12 10//10 13//13
f 10//10 12//12 7//7
f 13//13 14//14 12//12
f 14//14 13//13 16//16
f 11//11 15//15 13//13
f 15//15 18//18 16//16
f 15//15 16//16 13//13
f 18//18 17//17 16//16
f 16//16 17//17 14//14
f 20//20 17//17 18//18
f 15//15 19//19 18//18
f 20//20 18//18 19//19
f 20//20 19//19 21//21
f 21//21 23//23 22//22
f 23//23 21//21 19//19
f 19//19 24//24 23//23
f 24//24 25//25 23//23
f 23//23 25//25 22//22
f 25//25 24//24 11//11
f 27//27 25//25 26//26
f 22//22 25//25 27//27
f 26//26 28//28 27//27
f 28//28 30//30 29//29
f 30//30 28//28 26//26
f 29//29 30//30 31//31
f 29//29 31//31 32//32
f 33//33 32//32 31//31
f 33//33 36//36 34//34
f 34//34 35//35 33//33
f 35//35 32//32 33//33
f 36//36 38//38 37//37
f 34//34 36//36 37//37
f 37//37 38//38 39//39
f 41//41 37//37 39//39
f 40//40 41//41 39//39
f 42//42 41//41 43//43
f 40//40 43//43 41//41
f 43//43 44//44 42//42
f 44//44 45//45 46//46
f 46//46 42//42 44//44
f 47//47 46//46 45//45
f 48//48 47//47 49//49
f 45//45 49//49 47//47
f 49//49 50//50 48//48
f 52//52 51//51 50//50
f 51//51 48//48 50//50
f 52//52 50//50 53//53
f 53//53 54//54 52//52
f 54//54 53//53 55//55
f 56//56 54//54 55//55
f 54//54 56//56 58//58
f 56//56 57//57 58//58
f 58//58 59//59 52//52
f 58//58 52//52 54//54
f 58//58 57//57 60//60
f 58//58 61//61 59//59
f 61//61 58//58 60//60
f 59//59 61//61 62//62
f 63//63 59//59 62//62
f 51//51 52//52 63//63
f 52//52 59//59 63//63
f 64//64 60//60 65//65
f 57//57 65//65 60//60
f 65//65 66//66 64//64
f 67//67 66//66 69//69
f 66//66 67//67 68//68
f 68//68 64//64 66//66
f 69//69 70//70 67//67
f 70//70 69//69 71//71
f 70//70 71//71 72//72
f 72//72 74//74 70//70
f 73//73 74//74 72//72
f 73//73 75//75 74//74
f 70//70 74//74 75//75
f 75//75 73//73 78//78
f 77//77 75//75 76//76
f 75//75 79//79 76//76
f 75//75 77//77 70//70
f 78//78 79//79 75//75
f 80//80 76//76 79//79
f 80//80 81//81 76//76
f 83//83 82//82 81//81
f 82//82 76//76 81//81
f 83//83 81//81 84//84
f 84//84 86//86 83//83
f 86//86 84//84 85//85
f 86//86 89//89 87//87
f 87//87 501//501 83//83
f 87//87 83//83 86//86
f 85//85 88//88 86//86
f 88//88 89//89 86//86
f 90//90 89//89 88//88
f 92//92 87//87 89//89
f 91//91 89//89 90//90
f 95//95 92//92 89//89
f 95//95 89//89 91//91
f 94//94 87//87 92//92
f 93//93 94//94 92//92
f 93//93 92//92 95//95
f 93//93 95//95 96//96
f 95//95 97//97 96//96
f 91//91 97//97 95//95
f 90//90 97//97 91//91
f 98//98 96//96 97//97
f 97//97 99//99 98//98
f 101//101 100//100 99//99
f 100//100 98//98 99//99
f 101//101 102//102 100//100
f 103//103 102//102 101//101
f 105//105 102//102 103//103
f 104//104 105//105 103//103
f 104//104 106//106 105//105
f 107//107 106//106 109//109
f 106//106 107//107 108//108
f 109//109 106//106 104//104
f 110//110 109//109 111//111
f 109//109 110//110 107//107
f 112//112 113//113 111//111
f 110//110 111//111 114//114
f 111//111 113//113 114//114
f 110//110 114//114 115//115
f 116//116 110//110 115//115
f 117//117 113//113 118//118
f 118//118 113//113 112//112
f 119//119 118//118 112//112
f 121//121 120//120 119//119
f 119//119 112//112 121//121
f 122//122 123//123 121//121
f 120//120 121//121 123//123
f 124//124 123//123 125//125
f 123//123 122//122 125//125
f 124//124 125//125 126//126
f 127//127 126//126 128//128
f 126//126 127//127 124//124
f 127//127 128//128 129//129
f 129//129 128//128 130//130
f 129//129 130//130 131//131
f 132//132 131//131 130//130
f 133//133 131//131 132//132
f 135//135 133//133 134//134
f 135//135 131//131 133//133
f 135//135 136//136 131//131
f 136//136 135//135 138//138
f 137//137 135//135 134//134
f 137//137 138//138 135//135
f 138//138 139//139 136//136
f 139//139 140//140 136//136
f 131//131 136//136 140//140
f 129//129 131//131 140//140
f 137//137 134//134 141//141
f 142//142 141//141 143//143
f 134//134 143//143 141//141
f 143//143 145//145 144//144
f 144//144 142//142 143//143
f 145//145 143//143 146//146
f 146//146 147//147 145//145
f 148//148 147//147 149//149
f 148//148 145//145 147//147
f 149//149 150//150 148//148
f 150//150 151//151 148//148
f 151//151 150//150 152//152
f 152//152 150//150 153//153
f 154//154 155//155 153//153
f 153//153 156//156 152//152
f 156//156 153//153 155//155
f 156//156 157//157 152//152
f 156//156 158//158 157//157
f 159//159 157//157 158//158
f 157//157 159//159 151//151
f 159//159 160//160 151//151
f 161//161 151//151 160//160
f 160//160 162//162 161//161
f 142//142 144//144 162//162
f 144//144 148//148 162//162
f 148//148 161//161 162//162
f 148//148 151//151 161//161
f 152//152 157//157 151//151
f 163//163 155//155 154//154
f 164//164 163//163 154//154
f 164//164 166//166 165//165
f 154//154 166//166 164//164
f 167//167 165//165 166//166
f 168//168 167//167 169//169
f 167//167 168//168 165//165
f 171//171 170//170 169//169
f 168//168 169//169 170//170
f 170//170 171//171 174//174
f 171//171 172//172 173//173
f 173//173 174//174 171//171
f 172//172 175//175 173//173
f 178//178 176//176 175//175
f 177//177 175//175 172//172
f 177//177 178//178 175//175
f 180//180 178//178 179//179
f 180//180 181//181 178//178
f 181//181 176//176 178//178
f 182//182 181//181 180//180
f 182//182 180//180 183//183
f 176//176 181//181 182//182
f 182//182 183//183 184//184
f 176//176 182//182 184//184
f 183//183 185//185 184//184
f 186//186 185//185 187//187
f 187//187 185//185 183//183
f 186//186 187//187 189//189
f 187//187 190//190 188//188
f 189//189 187//187 188//188
f 189//189 188//188 196//196
f 187//187 183//183 190//190
f 191//191 190//190 183//183
f 192//192 188//188 190//190
f 192//192 194//194 193//193
f 195//195 192//192 193//193
f 188//188 192//192 196//196
f 195//195 196//196 192//192
f 189//189 196//196 197//197
f 195//195 197//197 196//196
f 189//189 197//197 186//186
f 199//199 198//198 195//195
f 193//193 199//199 195//195
f 200//200 198//198 199//199
f 199//199 193//193 201//201
f 199//199 201//201 200//200
f 202//202 200//200 201//201
f 200//200 202//202 203//203
f 200//200 203//203 204//204
f 198//198 200//200 204//204
f 205//205 207//207 204//204
f 205//205 204//204 206//206
f 205//205 206//206 211//211
f 206//206 204//204 203//203
f 207//207 208//208 204//204
f 208//208 198//198 204//204
f 207//207 205//205 209//209
f 209//209 212//212 210//210
f 211//211 209//209 205//205
f 209//209 211//211 212//212
f 212//212 206//206 203//203
f 214//214 213//213 212//212
f 213//213 210//210 212//212
f 212//212 211//211 206//206
f 214//214 215//215 213//213
f 215//215 214//214 216//216
f 216//216 218//218 215//215
f 217//217 216//216 219//219
f 217//217 218//218 216//216
f 220//220 217//217 219//219
f 221//221 217//217 220//220
f 221//221 220//220 222//222
f 223//223 221//221 222//222
f 223//223 224//224 221//221
f 224//224 223//223 225//225
f 223//223 226//226 225//225
f 228//228 226//226 227//227
f 228//228 229//229 226//226
f 225//225 226//226 229//229
f 230//230 225//225 229//229
f 229//229 231//231 230//230
f 231//231 232//232 230//230
f 232//232 224//224 230//230
f 233//233 224//224 232//232
f 233//233 221//221 224//224
f 221//221 233//233 234//234
f 234//234 233//233 215//215
f 215//215 218//218 234//234
f 234//234 218//218 217//217
f 234//234 217//217 221//221
f 225//225 230//230 224//224
f 235//235 228//228 227//227
f 235//235 237//237 236//236
f 227//227 238//238 235//235
f 238//238 237//237 235//235
f 237//237 238//238 239//239
f 237//237 239//239 496//496
f 240//240 239//239 238//238
f 238//238 227//227 240//240
f 241//241 239//239 240//240
f 241//241 243//243 239//239
f 243//243 241//241 242//242
f 496//496 239//239 243//243
f 496//496 243//243 244//244
f 244//244 243//243 245//245
f 244//244 245//245 247//247
f 245//245 243//243 242//242
f 246//246 247//247 245//245
f 249//249 246//246 245//245
f 248//248 245//245 242//242
f 249//249 245//245 248//248
f 250//250 249//249 253//253
f 249//249 250//250 251//251
f 249//249 251//251 252//252
f 249//249 248//248 253//253
f 254//254 250//250 253//253
f 254//254 255//255 250//250
f 255//255 254//254 256//256
f 258//258 256//256 257//257
f 256//256 258//258 255//255
f 491//491 255//255 258//258
f 491//491 258//258 259//259
f 259//259 258//258 260//260
f 259//259 260//260 262//262
f 257//257 260//260 258//258
f 263//263 261//261 260//260
f 262//262 260//260 261//261
f 262//262 261//261 485//485
f 263//263 260//260 257//257
f 263//263 264//264 261//261
f 264//264 265//265 266//266
f 265//265 264//264 267//267
f 264//264 266//266 261//261
f 265//265 267//267 269//269
f 268//268 270//270 267//267
f 267//267 270//270 269//269
f 270//270 268//268 271//271
f 271//271 272//272 270//270
f 272//272 269//269 270//270
f 273//273 272//272 271//271
f 273//273 274//274 272//272
f 269//269 272//272 274//274
f 273//273 271//271 275//275
f 277//277 276//276 275//275
f 275//275 271//271 278//278
f 278//278 277//277 275//275
f 268//268 278//278 271//271
f 279//279 276//276 277//277
f 279//279 280//280 276//276
f 280//280 281//281 282//282
f 282//282 276//276 280//280
f 281//281 283//283 282//282
f 284//284 283//283 281//281
f 285//285 284//284 286//286
f 285//285 287//287 284//284
f 284//284 281//281 286//286
f 289//289 288//288 287//287
f 289//289 287//287 285//285
f 286//286 290//290 289//289
f 286//286 289//289 285//285
f 289//289 290//290 293//293
f 291//291 289//289 292//292
f 289//289 291//291 288//288
f 289//289 293//293 292//292
f 293//293 290//290 281//281
f 293//293 294//294 292//292
f 296//296 295//295 294//294
f 295//295 292//292 294//294
f 297//297 295//295 296//296
f 300//300 297//297 298//298
f 299//299 298//298 297//297
f 295//295 297//297 300//300
f 292//292 295//295 300//300
f 292//292 300//300 301//301
f 301//301 300//300 298//298
f 292//292 301//301 291//291
f 301//301 298//298 291//291
f 304//304 302//302 299//299
f 298//298 299//299 302//302
f 303//303 304//304 299//299
f 299//299 305//305 303//303
f 306//306 307//307 305//305
f 305//305 307//307 308//308
f 308//308 303//303 305//305
f 310//310 308//308 309//309
f 307//307 309//309 308//308
f 308//308 310//310 311//311
f 304//304 303//303 308//308
f 304//304 308//308 311//311
f 312//312 311//311 310//310
f 311//311 312//312 304//304
f 304//304 312//312 302//302
f 309//309 307//307 313//313
f 313//313 315//315 314//314
f 315//315 313//313 316//316
f 313//313 307//307 316//316
f 316//316 317//317 315//315
f 307//307 319//319 317//317
f 307//307 317//317 316//316
f 317//317 318//318 484//484
f 317//317 484//484 315//315
f 318//318 317//317 319//319
f 306//306 319//319 307//307
f 318//318 319//319 321//321
f 319//319 306//306 320//320
f 320//320 321//321 319//319
f 318//318 321//321 322//322
f 323//323 318//318 322//322
f 324//324 323//323 322//322
f 325//325 323//323 324//324
f 314//314 325//325 324//324
f 327//327 326//326 324//324
f 324//324 326//326 314//314
f 326//326 327//327 328//328
f 329//329 328//328 327//327
f 328//328 329//329 330//330
f 331//331 330//330 329//329
f 333//333 331//331 332//332
f 331//331 333//333 334//334
f 331//331 334//334 330//330
f 335//335 333//333 332//332
f 336//336 335//335 332//332
f 336//336 337//337 335//335
f 337//337 339//339 338//338
f 336//336 339//339 337//337
f 340//340 341//341 339//339
f 339//339 341//341 338//338
f 343//343 342//342 341//341
f 341//341 340//340 343//343
f 344//344 343//343 346//346
f 344//344 345//345 343//343
f 342//342 343//343 345//345
f 343//343 340//340 346//346
f 346//346 348//348 347//347
f 346//346 347//347 344//344
f 349//349 347//347 348//348
f 349//349 350//350 347//347
f 351//351 350//350 349//349
f 352//352 350//350 351//351
f 356//356 353//353 352//352
f 352//352 353//353 355//355
f 352//352 354//354 356//356
f 350//350 352//352 355//355
f 357//357 356//356 354//354
f 359//359 358//358 357//357
f 359//359 357//357 360//360
f 354//354 360//360 357//357
f 361//361 359//359 360//360
f 359//359 361//361 362//362
f 363//363 362//362 361//361
f 362//362 363//363 364//364
f 365//365 362//362 364//364
f 365//365 364//364 366//366
f 366//366 367//367 365//365
f 366//366 368//368 367//367
f 369//369 370//370 368//368
f 370//370 367//367 368//368
f 371//371 370//370 369//369
f 371//371 373//373 372//372
f 371//371 374//374 373//373
f 374//374 371//371 369//369
f 373//373 375//375 372//372
f 376//376 377//377 375//375
f 375//375 377//377 372//372
f 376//376 378//378 377//377
f 379//379 378//378 376//376
f 379//379 380//380 378//378
f 382//382 381//381 379//379
f 376//376 382//382 379//379
f 383//383 381//381 382//382
f 382//382 384//384 383//383
f 385//385 384//384 387//387
f 384//384 385//385 386//386
f 383//383 384//384 386//386
f 387//387 388//388 389//389
f 387//387 389//389 385//385
f 390//390 389//389 388//388
f 388//388 391//391 390//390
f 392//392 390//390 391//391
f 393//393 392//392 394//394
f 394//394 392//392 391//391
f 394//394 395//395 393//393
f 396//396 397//397 395//395
f 397//397 393//393 395//395
f 398//398 397//397 399//399
f 397//397 396//396 399//399
f 399//399 401//401 398//398
f 396//396 400//400 399//399
f 400//400 402//402 401//401
f 400//400 401//401 399//399
f 401//401 402//402 403//403
f 403//403 404//404 401//401
f 398//398 401//401 404//404
f 404//404 403//403 405//405
f 405//405 407//407 406//406
f 407//407 405//405 403//403
f 408//408 407//407 409//409
f 407//407 408//408 406//406
f 410//410 409//409 407//407
f 410//410 407//407 403//403
f 410//410 411//411 409//409
f 409//409 412//412 408//408
f 411//411 412//412 409//409
f 414//414 408//408 412//412
f 412//412 413//413 414//414
f 413//413 415//415 414//414
f 415//415 417//417 416//416
f 417//417 415//415 413//413
f 416//416 417//417 418//418
f 418//418 419//419 416//416
f 420//420 416//416 419//419
f 421//421 416//416 420//420
f 423//423 421//421 422//422
f 421//421 423//423 416//416
f 424//424 423//423 422//422
f 422//422 425//425 424//424
f 425//425 427//427 426//426
f 422//422 427//427 425//425
f 428//428 426//426 427//427
f 426//426 428//428 429//429
f 430//430 429//429 428//428
f 429//429 430//430 431//431
f 434//434 429//429 431//431
f 431//431 432//432 433//433
f 431//431 433//433 434//434
f 433//433 432//432 435//435
f 436//436 435//435 432//432
f 438//438 437//437 436//436
f 438//438 436//436 432//432
f 437//437 438//438 439//439
f 439//439 440//440 441//441
f 441//441 437//437 439//439
f 440//440 442//442 441//441
f 442//442 444//444 443//443
f 444//444 442//442 440//440
f 445//445 443//443 444//444
f 443//443 445//445 447//447
f 445//445 446//446 447//447
f 449//449 443//443 447//447
f 447//447 446//446 448//448
f 448//448 450//450 449//449
f 448//448 449//449 447//447
f 443//443 449//449 451//451
f 451//451 449//449 450//450
f 450//450 452//452 451//451
f 452//452 450//450 453//453
f 450//450 454//454 453//453
f 454//454 456//456 455//455
f 456//456 454//454 450//450
f 458//458 455//455 456//456
f 456//456 448//448 457//457
f 456//456 450//450 448//448
f 455//455 458//458 459//459
f 460//460 459//459 458//458
f 459//459 460//460 461//461
f 462//462 461//461 460//460
f 461//461 462//462 463//463
f 464//464 463//463 462//462
f 463//463 464//464 467//467
f 464//464 9//9 465//465
f 465//465 466//466 464//464
f 466//466 467//467 464//464
f 466//466 468//468 467//467
f 468//468 469//469 3//3
f 468//468 466//466 469//469
f 8//8 2//2 469//469
f 469//469 2//2 3//3
f 469//469 465//465 9//9
f 466//466 465//465 469//469
f 9//9 8//8 469//469
f 448//448 470//470 457//457
f 470//470 448//448 446//446
f 411//411 410//410 471//471
f 410//410 472//472 471//471
f 410//410 402//402 472//472
f 472//472 402//402 473//473
f 396//396 473//473 400//400
f 473//473 402//402 400//400
f 403//403 402//402 410//410
f 474//474 386//386 385//385
f 383//383 475//475 381//381
f 475//475 476//476 381//381
f 362//362 365//365 477//477
f 478//478 362//362 477//477
f 477//477 479//479 478//478
f 478//478 479//479 358//358
f 362//362 478//478 359//359
f 358//358 359//359 478//478
f 480//480 355//355 353//353
f 480//480 347//347 355//355
f 347//347 350//350 355//355
f 347//347 480//480 481//481
f 482//482 481//481 480//480
f 481//481 482//482 344//344
f 344//344 482//482 483//483
f 344//344 483//483 345//345
f 342//342 345//345 483//483
f 481//481 344//344 347//347
f 318//318 323//323 325//325
f 318//318 325//325 484//484
f 325//325 314//314 484//484
f 315//315 484//484 314//314
f 281//281 290//290 286//286
f 485//485 266//266 486//486
f 485//485 261//261 266//266
f 485//485 486//486 262//262
f 487//487 262//262 486//486
f 262//262 487//487 488//488
f 488//488 259//259 262//262
f 259//259 488//488 489//489
f 490//490 491//491 489//489
f 259//259 489//489 491//491
f 491//491 490//490 492//492
f 255//255 491//491 492//492
f 492//492 250//250 255//255
f 246//246 493//493 247//247
f 494//494 244//244 247//247
f 493//493 494//494 247//247
f 495//495 244//244 494//494
f 496//496 244//244 495//495
f 495//495 497//497 496//496
f 497//497 236//236 496//496
f 236//236 237//237 496//496
f 201//201 498//498 202//202
f 194//194 498//498 201//201
f 193//193 194//194 201//201
f 191//191 180//180 179//179
f 183//183 180//180 191//191
f 144//144 145//145 148//148
f 499//499 87//87 94//94
f 500//500 501//501 499//499
f 501//501 87//87 499//499
f 83//83 501//501 82//82
f 82//82 501//501 500//500
f 70//70 77//77 67//67
f 11//11 24//24 19//19
f 19//19 15//15 11//11
f 7//7 12//12 502//502
f 7//7 502//502 503//503
f 504//504 506//506 507//507
f 504//504 507//507 505//505
f 508//508 510//510 511//511
f 508//508 511//511 509//509
f 512//512 514//514 509//509
f 512//512 509//509 511//511
f 514//514 512//512 513//513
f 514//514 513//513 515//515
f 517//517 516//516 515//515
f 517//517 515//515 513//513
f 518//518 520//520 521//521
f 518//518 521//521 519//519
f 523//523 522//522 524//524
f 523//523 524//524 526//526
f 525//525 527//527 526//526
f 525//525 526//526 524//524
f 527//527 525//525 530//530
f 527//527 530//530 528//528
f 531//531 529//529 528//528
f 531//531 528//528 530//530
f 533//533 532//532 534//534
f 533//533 534//534 536//536
f 535//535 537//537 536//536
f 535//535 536//536 534//534
f 537//537 535//535 540//540
f 537//537 540//540 538//538
f 541//541 539//539 538//538
f 541//541 538//538 540//540
f 543//543 545//545 544//544
f 543//543 544//544 542//542
f 546//546 545//545 543//543
f 546//546 543//543 547//547
f 548//548 546//546 547//547
f 548//548 547//547 549//549
f 550//550 548//548 549//549
f 550//550 549//549 551//551
f 552//552 550//550 551//551
f 552//552 551//551 553//553
f 554//554 552//552 553//553
f 554//554 553//553 555//555
f 556//556 554//554 555//555
f 556//556 555//555 557//557
f 558//558 556//556 557//557
f 558//558 557//557 559//559
f 560//560 558//558 559//559
f 560//560 559//559 561//561
f 562//562 560//560 561//561
f 562//562 561//561 563//563
f 564//564 562//562 563//563
f 564//564 563//563 565//565
f 566//566 564//564 565//565
f 566//566 565//565 567//567
f 568//568 566//566 567//567
f 568//568 567//567 569//569
f 570//570 568//568 569//569
f 570//570 569//569 571//571
f 572//572 570//570 571//571
f 572//572 571//571 573//573
f 574//574 572//572 573//573
f 574//574 573//573 575//575
f 576//576 574//574 575//575
f 576//576 575//575 577//577
f 578//578 576//576 577//577
f 578//578 577//577 579//579
f 580//580 578//578 579//579
f 580//580 579//579 581//581
f 582//582 580//580 581//581
f 582//582 581//581 583//583
f 584//584 582//582 583//583
f 584//584 583//583 585//585
f 586//586 584//584 585//585
f 586//586 585//585 587//587
f 588//588 586//586 587//587
f 588//588 587//587 589//589
f 590//590 588//588 589//589
f 590//590 589//589 591//591
f 592//592 590//590 591//591
f 592//592 591//591 593//593
f 594//594 592//592 593//593
f 594//594 593//593 595//595
f 596//596 594//594 595//595
f 596//596 595//595 597//597
f 598//598 596//596 597//597
f 598//598 597//597 599//599
f 600//600 598//598 599//599
f 600//600 599//599 601//601
f 602//602 600//600 601//601
f 602//602 601//601 603//603
f 604//604 602//602 603//603
f 604//604 603//603 605//605
f 606//606 604//604 605//605
f 606//606 605//605 607//607
f 608//608 606//606 607//607
f 608//608 607//607 609//609
f 610//610 608//608 609//609
f 610//610 609//609 611//611
f 612//612 610//610 611//611
f 612//612 611//611 613//613
f 614//614 612//612 613//613
f 614//614 613//613 615//615
f 616//616 614//614 615//615
f 616//616 615//615 617//617
f 618//618 616//616 617//617
f 618//618 617//617 619//619
f 620//620 618//618 619//619
f 620//620 619//619 621//621
f 622//622 620//620 621//621
f 622//622 621//621 623//623
f 624//624 622//622 623//623
f 624//624 623//623 625//625
f 626//626 624//624 625//625
f 626//626 625//625 627//627
f 628//628 626//626 627//627
f 628//628 627//627 629//629
f 630//630 628//628 629//629
f 630//630 629//629 631//631
f 632//632 630//630 631//631
f 632//632 631//631 633//633
f 634//634 632//632 633//633
f 634//634 633//633 635//635
f 636//636 634//634 635//635
f 636//636 635//635 637//637
f 638//638 636//636 637//637
f 638//638 637//637 639//639
f 640//640 638//638 639//639
f 640//640 639//639 641//641
f 642//642 640//640 641//641
f 642//642 641//641 643//643
f 644//644 642//642 643//643
f 644//644 643//643 645//645
f 646//646 644//644 645//645
f 646//646 645//645 647//647
f 648//648 646//646 647//647
f 648//648 647//647 649//649
f 650//650 648//648 649//649
f 650//650 649//649 651//651
f 652//652 650//650 651//651
f 652//652 651//651 653//653
f 654//654 652//652 653//653
f 654//654 653//653 655//655
f 656//656 654//654 655//655
f 656//656 655//655 657//657
f 658//658 656//656 657//657
f 658//658 657//657 659//659
f 660//660 658//658 659//659
f 660//660 659//659 661//661
f 662//662 660//660 661//661
f 662//662 661//661 663//663
f 664//664 662//662 663//663
f 664//664 663//663 665//665
f 666//666 664//664 665//665
f 666//666 665//665 667//667
f 668//668 666//666 667//667
f 668//668 667//667 669//669
f 670//670 668//668 669//669
f 670//670 669//669 671//671
f 672//672 670//670 671//671
f 672//672 671//671 673//673
f 674//674 672//672 673//673
f 674//674 673//673 675//675
f 676//676 674//674 675//675
f 676//676 675//675 677//677
f 678//678 676//676 677//677
f 678//678 677//677 679//679
f 680//680 678//678 679//679
f 680//680 679//679 681//681
f 682//682 680//680 681//681
f 682//682 681//681 683//683
f 684//684 682//682 683//683
f 684//684 683//683 685//685
f 686//686 684//684 685//685
f 686//686 685//685 687//687
f 688//688 686//686 687//687
f 688//688 687//687 689//689
f 690//690 688//688 689//689
f 690//690 689//689 691//691
f 692//692 690//690 691//691
f 692//692 691//691 693//693
f 694//694 692//692 693//693
f 694//694 693//693 695//695
f 696//696 694//694 695//695
f 696//696 695//695 697//697
f 698//698 696//696 697//697
f 698//698 697//697 699//699
f 700//700 698//698 699//699
f 700//700 699//699 701//701
f 702//702 700//700 701//701
f 702//702 701//701 703//703
f 704//704 702//702 703//703
f 704//704 703//703 705//705
f 706//706 704//704 705//705
f 706//706 705//705 707//707
f 708//708 706//706 707//707
f 708//708 707//707 709//709
f 710//710 708//708 709//709
f 710//710 709//709 711//711
f 712//712 710//710 711//711
f 712//712 711//711 713//713
f 714//714 712//712 713//713
f 714//714 713//713 715//715
f 716//716 714//714 715//715
f 716//716 715//715 717//717
f 718//718 716//716 717//717
f 718//718 717//717 719//719
f 720//720 718//718 719//719
f 720//720 719//719 721//721
f 722//722 720//720 721//721
f 722//722 721//721 723//723
f 724//724 722//722 723//723
f 724//724 723//723 725//725
f 726//726 724//724 725//725
f 726//726 725//725 727//727
f 728//728 726//726 727//727
f 728//728 727//727 729//729
f 730//730 728//728 729//729
f 730//730 729//729 731//731
f 732//732 730//730 731//731
f 732//732 731//731 733//733
f 734//734 732//732 733//733
f 734//734 733//733 735//735
f 736//736 734//734 735//735
f 736//736 735//735 737//737
f 738//738 736//736 737//737
f 738//738 737//737 739//739
f 740//740 738//738 739//739
f 740//740 739//739 741//741
f 742//742 740//740 741//741
f 742//742 741//741 743//743
f 744//744 742//742 743//743
f 744//744 743//743 745//745
f 746//746 744//744 745//745
f 746//746 745//745 747//747
f 748//748 746//746 747//747
f 748//748 747//747 749//749
f 750//750 748//748 749//749
f 750//750 749//749 751//751
f 752//752 750//750 751//751
f 752//752 751//751 753//753
f 754//754 752//752 753//753
f 754//754 753//753 755//755
f 756//756 754//754 755//755
f 756//756 755//755 757//757
f 758//758 756//756 757//757
f 758//758 757//757 759//759
f 760//760 758//758 759//759
f 760//760 759//759 761//761
f 762//762 760//760 761//761
f 762//762 761//761 763//763
f 764//764 762//762 763//763
f 764//764 763//763 765//765
f 766//766 764//764 765//765
f 766//766 765//765 767//767
f 768//768 766//766 767//767
f 768//768 767//767 769//769
f 770//770 768//768 769//769
f 770//770 769//769 771//771
f 772//772 770//770 771//771
f 772//772 771//771 773//773
f 774//774 772//772 773//773
f 774//774 773//773 775//775
f 776//776 774//774 775//775
f 776//776 775//775 777//777
f 778//778 776//776 777//777
f 778//778 777//777 779//779
f 780//780 778//778 779//779
f 780//780 779//779 781//781
f 782//782 780//780 781//781
f 782//782 781//781 783//783
f 784//784 782//782 783//783
f 784//784 783//783 785//785
f 786//786 784//784 785//785
f 786//786 785//785 787//787
f 788//788 786//786 787//787
f 788//788 787//787 789//789
f 790//790 788//788 789//789
f 790//790 789//789 791//791
f 792//792 790//790 791//791
f 792//792 791//791 793//793
f 794//794 792//792 793//793
f 794//794 793//793 795//795
f 796//796 794//794 795//795
f 796//796 795//795 797//797
f 798//798 796//796 797//797
f 798//798 797//797 799//799
f 800//800 798//798 799//799
f 800//800 799//799 801//801
f 802//802 800//800 801//801
f 802//802 801//801 803//803
f 804//804 802//802 803//803
f 804//804 803//803 805//805
f 806//806 804//804 805//805
f 806//806 805//805 807//807
f 808//808 806//806 807//807
f 808//808 807//807 809//809
f 810//810 808//808 809//809
f 810//810 809//809 811//811
f 812//812 810//810 811//811
f 812//812 811//811 813//813
f 814//814 812//812 813//813
f 814//814 813//813 815//815
f 816//816 814//814 815//815
f 816//816 815//815 817//817
f 818//818 816//816 817//817
f 818//818 817//817 819//819
f 820//820 818//818 819//819
f 820//820 819//819 821//821
f 822//822 820//820 821//821
f 822//822 821//821 823//823
f 824//824 822//822 823//823
f 824//824 823//823 825//825
f 826//826 824//824 825//825
f 826//826 825//825 827//827
f 828//828 826//826 827//827
f 828//828 827//827 829//829
f 830//830 828//828 829//829
f 830//830 829//829 831//831
f 832//832 830//830 831//831
f 832//832 831//831 833//833
f 834//834 832//832 833//833
f 834//834 833//833 835//835
f 836//836 834//834 835//835
f 836//836 835//835 837//837
f 838//838 836//836 837//837
f 838//838 837//837 839//839
f 840//840 838//838 839//839
f 840//840 839//839 841//841
f 842//842 840//840 841//841
f 842//842 841//841 843//843
f 844//844 842//842 843//843
f 844//844 843//843 845//845
f 846//846 844//844 845//845
f 846//846 845//845 847//847
f 848//848 846//846 847//847
f 848//848 847//847 849//849
f 850//850 848//848 849//849
f 850//850 849//849 851//851
f 852//852 850//850 851//851
f 852//852 851//851 853//853
f 854//854 852//852 853//853
f 854//854 853//853 855//855
f 856//856 854//854 855//855
f 856//856 855//855 857//857
f 858//858 856//856 857//857
f 858//858 857//857 859//859
f 860//860 858//858 859//859
f 860//860 859//859 861//861
f 862//862 860//860 861//861
f 862//862 861//861 863//863
f 864//864 862//862 863//863
f 864//864 863//863 865//865
f 866//866 864//864 865//865
f 866//866 865//865 867//867
f 868//868 866//866 867//867
f 868//868 867//867 869//869
f 870//870 868//868 869//869
f 870//870 869//869 871//871
f 873//873 872//872 870//870
f 873//873 870//870 871//871
f 875//875 874//874 876//876
f 875//875 876//876 877//877
f 879//879 878//878 880//880
f 879//879 880//880 881//881
f 882//882 883//883 881//881
f 882//882 881//881 880//880
f 885//885 884//884 886//886
f 885//885 886//886 887//887
f 892//892 889//889 888//888
f 892//892 888//888 890//890
f 890//890 891//891 893//893
f 890//890 893//893 892//892
f 895//895 897//897 896//896
f 895//895 896//896 894//894
f 899//899 901//901 900//900
f 899//899 900//900 898//898
f 903//903 902//902 904//904
f 903//903 904//904 906//906
f 905//905 906//906 904//904
f 908//908 911//911 909//909
f 908//908 909//909 907//907
f 907//907 909//909 910//910
f 913//913 912//912 914//914
f 914//914 915//915 913//913
f 914//914 916//916 918//918
f 914//914 918//918 915//915
f 919//919 918//918 916//916
f 919//919 916//916 917//917
f 921//921 920//920 919//919
f 919//919 917//917 921//921
f 921//921 917//917 922//922
f 923//923 913//913 915//915
f 924//924 926//926 927//927
f 924//924 927//927 925//925
f 926//926 928//928 929//929
f 926//926 929//929 927//927
f 931//931 929//929 928//928
f 931//931 928//928 930//930
f 930//930 932//932 933//933
f 930//930 933//933 931//931
f 939//939 935//935 934//934
f 939//939 934//934 936//936
f 938//938 936//936 937//937
f 936//936 938//938 939//939
f 938//938 940//940 939//939
f 942//942 941//941 943//943
f 945//945 944//944 943//943
f 944//944 942//942 943//943
f 944//944 946//946 947//947
f 942//942 944//944 947//947
f 942//942 947//947 948//948
f 949//949 951//951 950//950
f 952//952 950//950 951//951
f 951//951 953//953 952//952
f 952//952 954//954 955//955
f 952//952 955//955 950//950
f 954//954 956//956 957//957
f 954//954 957//957 955//955
f 956//956 958//958 959//959
f 956//956 959//959 957//957
f 961//961 960//960 962//962
f 961//961 962//962 963//963
f 964//964 965//965 961//961
f 964//964 961//961 963//963
f 966//966 967//967 965//965
f 966//966 965//965 964//964
f 968//968 969//969 967//967
f 968//968 967//967 966//966
f 970//970 971//971 969//969
f 970//970 969//969 968//968
f 972//972 973//973 971//971
f 972//972 971//971 970//970
f 974//974 975//975 973//973
f 974//974 973//973 972//972
f 976//976 977//977 975//975
f 976//976 975//975 974//974
f 978//978 979//979 977//977
f 978//978 977//977 976//976
f 980//980 981//981 979//979
f 980//980 979//979 978//978
f 982//982 983//983 981//981
f 982//982 981//981 980//980
f 984//984 985//985 983//983
f 984//984 983//983 982//982
f 986//986 987//987 985//985
f 986//986 985//985 984//984
f 988//988 989//989 987//987
f 988//988 987//987 986//986
f 990//990 991//991 989//989
f 990//990 989//989 988//988
f 992//992 993//993 991//991
f 992//992 991//991 990//990
f 994//994 995//995 993//993
f 994//994 993//993 992//992
f 996//996 997//997 995//995
f 996//996 995//995 994//994
f 998//998 999//999 997//997
f 998//998 997//997 996//996
f 1000//1000 1001//1001 999//999
f 1000//1000 999//999 998//998
f 1002//1002 1003//1003 1001//1001
f 1002//1002 1001//1001 1000//1000
f 1004//1004 1005//1005 1003//1003
f 1004//1004 1003//1003 1002//1002
f 1006//1006 1007//1007 1005//1005
f 1006//1006 1005//1005 1004//1004
f 1008//1008 1009//1009 1007//1007
f 1008//1008 1007//1007 1006//1006
f 1010//1010 1011//1011 1009//1009
f 1010//1010 1009//1009 1008//1008
f 1012//1012 1013//1013 1011//1011
f 1012//1012 1011//1011 1010//1010
f 1014//1014 1015//1015 1013//1013
f 1014//1014 1013//1013 1012//1012
f 1016//1016 1017//1017 1015//1015
f 1016//1016 1015//1015 1014//1014
f 1018//1018 1019//1019 1017//1017
f 1018//1018 1017//1017 1016//1016
f 1020//1020 1021//1021 1019//1019
f 1020//1020 1019//1019 1018//1018
f 1020//1020 1022//1022 1021//1021
f 1022//1022 1020//1020 1023//1023
f 1024//1024 1026//1026 1022//1022
f 1024//1024 1022//1022 1023//1023
f 1027//1027 1026//1026 1024//1024
f 1027//1027 1024//1024 1025//1025
f 1029//1029 1028//1028 1026//1026
f 1029//1029 1026//1026 1027//1027
f 1026//1026 1028//1028 1030//1030
f 1026//1026 1030//1030 1022//1022
f 1021//1021 1022//1022 1030//1030
f 1032//1032 1033//1033 1031//1031
f 1034//1034 1033//1033 1032//1032
f 1034//1034 1036//1036 1035//1035
f 1034//1034 1035//1035 1033//1033
f 1036//1036 1034//1034 1037//1037
f 1032//1032 1038//1038 1034//1034
f 1040//1040 1039//1039 1041//1041
f 1040//1040 1041//1041 1042//1042
f 1044//1044 1040//1040 1042//1042
f 1044//1044 1042//1042 1043//1043
f 1046//1046 1045//1045 1047//1047
f 1049//1049 1048//1048 1047//1047
f 1048//1048 1046//1046 1047//1047
f 1048//1048 1051//1051 1050//1050
f 1046//1046 1048//1048 1050//1050
f 1046//1046 1050//1050 1052//1052
f 1054//1054 1053//1053 1055//1055
f 1054//1054 1055//1055 1056//1056
f 1058//1058 1054//1054 1056//1056
f 1058//1058 1056//1056 1057//1057
f 1060//1060 1059//1059 1061//1061
f 1060//1060 1061//1061 1062//1062
f 1064//1064 1060//1060 1062//1062
f 1064//1064 1062//1062 1063//1063
f 1066//1066 1067//1067 1065//1065
f 1068//1068 1067//1067 1066//1066
f 1068//1068 1071//1071 1069//1069
f 1068//1068 1069//1069 1067//1067
f 1070//1070 1067//1067 1069//1069
f 1066//1066 1072//1072 1068//1068
f 1074//1074 1073//1073 1075//1075
f 1075//1075 1076//1076 1074//1074
f 1078//1078 1076//1076 1075//1075
f 1078//1078 1075//1075 1077//1077
f 1080//1080 1078//1078 1077//1077
f 1080//1080 1077//1077 1079//1079
f 1082//1082 1080//1080 1079//1079
f 1082//1082 1079//1079 1081//1081
f 1084//1084 1082//1082 1081//1081
f 1084//1084 1081//1081 1083//1083
f 1086//1086 1084//1084 1083//1083
f 1086//1086 1083//1083 1085//1085
f 1088//1088 1086//1086 1085//1085
f 1088//1088 1085//1085 1087//1087
f 1090//1090 1088//1088 1087//1087
f 1090//1090 1087//1087 1089//1089
f 1092//1092 1090//1090 1089//1089
f 1092//1092 1089//1089 1091//1091
f 1094//1094 1092//1092 1091//1091
f 1094//1094 1091//1091 1093//1093
f 1096//1096 1094//1094 1093//1093
f 1096//1096 1093//1093 1095//1095
f 1098//1098 1096//1096 1095//1095
f 1098//1098 1095//1095 1097//1097
f 1100//1100 1098//1098 1097//1097
f 1100//1100 1097//1097 1099//1099
f 1102//1102 1100//1100 1099//1099
f 1102//1102 1099//1099 1101//1101
f 1104//1104 1102//1102 1101//1101
f 1104//1104 1101//1101 1103//1103
f 1106//1106 1104//1104 1103//1103
f 1106//1106 1103//1103 1105//1105
f 1108//1108 1106//1106 1105//1105
f 1108//1108 1105//1105 1107//1107
f 1110//1110 1108//1108 1107//1107
f 1110//1110 1107//1107 1109//1109
f 1112//1112 1110//1110 1109//1109
f 1112//1112 1109//1109 1111//1111
f 1114//1114 1112//1112 1111//1111
f 1114//1114 1111//1111 1113//1113
f 1116//1116 1114//1114 1113//1113
f 1116//1116 1113//1113 1115//1115
f 1118//1118 1116//1116 1115//1115
f 1118//1118 1115//1115 1117//1117
f 1120//1120 1118//1118 1117//1117
f 1120//1120 1117//1117 1119//1119
f 1122//1122 1120//1120 1119//1119
f 1122//1122 1119//1119 1121//1121
f 1124//1124 1122//1122 1121//1121
f 1124//1124 1121//1121 1123//1123
f 1126//1126 1124//1124 1123//1123
f 1126//1126 1123//1123 1125//1125
f 1128//1128 1126//1126 1125//1125
f 1128//1128 1125//1125 1127//1127
f 1130//1130 1128//1128 1127//1127
f 1130//1130 1127//1127 1129//1129
f 1132//1132 1130//1130 1129//1129
f 1132//1132 1129//1129 1131//1131
f 1134//1134 1132//1132 1131//1131
f 1134//1134 1131//1131 1133//1133
f 1136//1136 1134//1134 1133//1133
f 1136//1136 1133//1133 1135//1135
f 1138//1138 1136//1136 1135//1135
f 1138//1138 1135//1135 1137//1137
f 1140//1140 1138//1138 1137//1137
f 1140//1140 1137//1137 1139//1139
f 1142//1142 1140//1140 1139//1139
f 1142//1142 1139//1139 1141//1141
f 1144//1144 1142//1142 1141//1141
f 1144//1144 1141//1141 1143//1143
f 1146//1146 1144//1144 1143//1143
f 1146//1146 1143//1143 1145//1145
f 1148//1148 1146//1146 1145//1145
f 1148//1148 1145//1145 1147//1147
f 1150//1150 1148//1148 1147//1147
f 1150//1150 1147//1147 1149//1149
f 1152//1152 1150//1150 1149//1149
f 1152//1152 1149//1149 1151//1151
f 1154//1154 1152//1152 1151//1151
f 1154//1154 1151//1151 1153//1153
f 1156//1156 1154//1154 1153//1153
f 1156//1156 1153//1153 1155//1155
f 1158//1158 1156//1156 1155//1155
f 1158//1158 1155//1155 1157//1157
f 1160//1160 1158//1158 1157//1157
f 1160//1160 1157//1157 1159//1159
f 1162//1162 1160//1160 1159//1159
f 1162//1162 1159//1159 1161//1161
f 1164//1164 1162//1162 1161//1161
f 1164//1164 1161//1161 1163//1163
f 1166//1166 1164//1164 1163//1163
f 1166//1166 1163//1163 1165//1165
f 1168//1168 1166//1166 1165//1165
f 1168//1168 1165//1165 1167//1167
f 1170//1170 1168//1168 1167//1167
f 1170//1170 1167//1167 1169//1169
f 1172//1172 1170//1170 1169//1169
f 1172//1172 1169//1169 1171//1171
f 1174//1174 1172//1172 1171//1171
f 1174//1174 1171//1171 1173//1173
f 1173//1173 1175//1175 1174//1174
f 1175//1175 1173//1173 1176//1176
f 1177//1177 1174//1174 1175//1175
f 1178//1178 1074//1074 1076//1076
f 1180//1180 1182//1182 1181//1181
f 1180//1180 1181//1181 1179//1179
f 1184//1184 1183//1183 1182//1182
f 1184//1184 1182//1182 1180//1180
f 1186//1186 1185//1185 1187//1187
f 1186//1186 1187//1187 1188//1188
f 1190//1190 1186//1186 1188//1188
f 1190//1190 1188//1188 1189//1189
f 1192//1192 1191//1191 1193//1193
f 1192//1192 1193//1193 1194//1194
f 1196//1196 1192//1192 1194//1194
f 1196//1196 1194//1194 1195//1195
f 1198//1198 1197//1197 1199//1199
f 1200//1200 1199//1199 1201//1201
f 1200//1200 1201//1201 1202//1202
f 1200//1200 1198//1198 1199//1199
f 1202//1202 1203//1203 1200//1200
f 1198//1198 1200//1200 1204//1204
f 1206//1206 1205//1205 1207//1207
f 1208//1208 1206//1206 1207//1207
f 1208//1208 1207//1207 1209//1209
f 1208//1208 1209//1209 1210//1210
f 1210//1210 1211//1211 1208//1208
f 1206//1206 1208//1208 1212//1212
f 1214//1214 1213//1213 1215//1215
f 1216//1216 1214//1214 1215//1215
f 1216//1216 1215//1215 1217//1217
f 1216//1216 1217//1217 1218//1218
f 1218//1218 1219//1219 1216//1216
f 1214//1214 1216//1216 1220//1220
f 1222//1222 1221//1221 1223//1223
f 1223//1223 1224//1224 1222//1222
f 1226//1226 1224//1224 1223//1223
f 1226//1226 1223//1223 1225//1225
f 1228//1228 1226//1226 1225//1225
f 1228//1228 1225//1225 1227//1227
f 1230//1230 1228//1228 1227//1227
f 1230//1230 1227//1227 1229//1229
f 1232//1232 1230//1230 1229//1229
f 1232//1232 1229//1229 1231//1231
f 1234//1234 1232//1232 1231//1231
f 1234//1234 1231//1231 1233//1233
f 1236//1236 1234//1234 1233//1233
f 1236//1236 1233//1233 1235//1235
f 1238//1238 1236//1236 1235//1235
f 1238//1238 1235//1235 1237//1237
f 1240//1240 1238//1238 1237//1237
f 1240//1240 1237//1237 1239//1239
f 1242//1242 1240//1240 1239//1239
f 1242//1242 1239//1239 1241//1241
f 1244//1244 1242//1242 1241//1241
f 1244//1244 1241//1241 1243//1243
f 1246//1246 1244//1244 1243//1243
f 1246//1246 1243//1243 1245//1245
f 1248//1248 1246//1246 1245//1245
f 1248//1248 1245//1245 1247//1247
f 1250//1250 1248//1248 1247//1247
f 1250//1250 1247//1247 1249//1249
f 1252//1252 1250//1250 1249//1249
f 1252//1252 1249//1249 1251//1251
f 1254//1254 1252//1252 1251//1251
f 1254//1254 1251//1251 1253//1253
f 1256//1256 1254//1254 1253//1253
f 1256//1256 1253//1253 1255//1255
f 1258//1258 1256//1256 1255//1255
f 1258//1258 1255//1255 1257//1257
f 1260//1260 1258//1258 1257//1257
f 1260//1260 1257//1257 1259//1259
f 1262//1262 1260//1260 1259//1259
f 1262//1262 1259//1259 1261//1261
f 1264//1264 1262//1262 1261//1261
f 1264//1264 1261//1261 1263//1263
f 1266//1266 1264//1264 1263//1263
f 1266//1266 1263//1263 1265//1265
f 1268//1268 1266//1266 1265//1265
f 1268//1268 1265//1265 1267//1267
f 1270//1270 1268//1268 1267//1267
f 1270//1270 1267//1267 1269//1269
f 1272//1272 1270//1270 1269//1269
f 1272//1272 1269//1269 1271//1271
f 1274//1274 1272//1272 1271//1271
f 1274//1274 1271//1271 1273//1273
f 1276//1276 1274//1274 1273//1273
f 1276//1276 1273//1273 1275//1275
f 1278//1278 1276//1276 1275//1275
f 1278//1278 1275//1275 1277//1277
f 1280//1280 1278//1278 1277//1277
f 1280//1280 1277//1277 1279//1279
f 1282//1282 1280//1280 1279//1279
f 1282//1282 1279//1279 1281//1281
f 1284//1284 1282//1282 1281//1281
f 1284//1284 1281//1281 1283//1283
f 1286//1286 1284//1284 1283//1283
f 1286//1286 1283//1283 1285//1285
f 1288//1288 1286//1286 1285//1285
f 1288//1288 1285//1285 1287//1287
f 1290//1290 1288//1288 1287//1287
f 1290//1290 1287//1287 1289//1289
f 1292//1292 1290//1290 1289//1289
f 1292//1292 1289//1289 1291//1291
f 1294//1294 1292//1292 1291//1291
f 1294//1294 1291//1291 1293//1293
f 1296//1296 1294//1294 1293//1293
f 1296//1296 1293//1293 1295//1295
f 1298//1298 1296//1296 1295//1295
f 1298//1298 1295//1295 1297//1297
f 1300//1300 1298//1298 1297//1297
f 1300//1300 1297//1297 1299//1299
f 1302//1302 1300//1300 1299//1299
f 1302//1302 1299//1299 1301//1301
f 1304//1304 1302//1302 1301//1301
f 1304//1304 1301//1301 1303//1303
f 1306//1306 1304//1304 1303//1303
f 1306//1306 1303//1303 1305//1305
f 1308//1308 1306//1306 1305//1305
f 1308//1308 1305//1305 1307//1307
f 1310//1310 1308//1308 1307//1307
f 1310//1310 1307//1307 1309//1309
f 1312//1312 1310//1310 1309//1309
f 1312//1312 1309//1309 1311//1311
f 1314//1314 1312//1312 1311//1311
f 1314//1314 1311//1311 1313//1313
f 1316//1316 1314//1314 1313//1313
f 1316//1316 1313//1313 1315//1315
f 1318//1318 1316//1316 1315//1315
f 1318//1318 1315//1315 1317//1317
f 1320//1320 1318//1318 1317//1317
f 1320//1320 1317//1317 1319//1319
f 1322//1322 1320//1320 1319//1319
f 1322//1322 1319//1319 1321//1321
f 1321//1321 1323//1323 1322//1322
f 1323//1323 1321//1321 1324//1324
f 1325//1325 1322//1322 1323//1323
f 1326//1326 1222//1222 1224//1224
f 1328//1328 1330//1330 1329//1329
f 1328//1328 1329//1329 1327//1327
f 1332//1332 1331//1331 1330//1330
f 1332//1332 1330//1330 1328//1328
f 1334//1334 1336//1336 1335//1335
f 1334//1334 1335//1335 1333//1333
f 1338//1338 1337//1337 1336//1336
f 1338//1338 1336//1336 1334//1334
f 1340//1340 1342//1342 1341//1341
f 1340//1340 1341//1341 1339//1339
f 1344//1344 1343//1343 1342//1342
f 1344//1344 1342//1342 1340//1340
f 1346//1346 1345//1345 1347//1347
f 1348//1348 1346//1346 1347//1347
f 1348//1348 1347//1347 1349//1349
f 1348//1348 1349//1349 1350//1350
f 1350//1350 1351//1351 1348//1348
f 1346//1346 1348//1348 1352//1352
f 1354//1354 1356//1356 1355//1355
f 1354//1354 1355//1355 1353//1353
f 1358//1358 1357//1357 1356//1356
f 1358//1358 1356//1356 1354//1354
f 1360//1360 1362//1362 1361//1361
f 1360//1360 1361//1361 1359//1359
f 1364//1364 1363//1363 1362//1362
f 1364//1364 1362//1362 1360//1360
f 1366//1366 1368//1368 1367//1367
f 1366//1366 1367//1367 1365//1365
f 1370//1370 1369//1369 1368//1368
f 1370//1370 1368//1368 1366//1366
f 1372//1372 1374//1374 1373//1373
f 1372//1372 1373//1373 1371//1371
f 1376//1376 1375//1375 1373//1373
f 1376//1376 1373//1373 1374//1374
f 1376//1376 1377//1377 1375//1375
f 1377//1377 1376//1376 1378//1378
f 1380//1380 1379//1379 1377//1377
f 1380//1380 1377//1377 1378//1378
f 1382//1382 1381//1381 1379//1379
f 1382//1382 1379//1379 1380//1380
f 1384//1384 1383//1383 1381//1381
f 1384//1384 1381//1381 1382//1382
f 1386//1386 1385//1385 1383//1383
f 1386//1386 1383//1383 1384//1384
f 1388//1388 1387//1387 1385//1385
f 1388//1388 1385//1385 1386//1386
f 1390//1390 1389//1389 1387//1387
f 1390//1390 1387//1387 1388//1388
f 1392//1392 1391//1391 1389//1389
f 1392//1392 1389//1389 1390//1390
f 1394//1394 1393//1393 1391//1391
f 1394//1394 1391//1391 1392//1392
f 1396//1396 1395//1395 1393//1393
f 1396//1396 1393//1393 1394//1394
f 1398//1398 1397//1397 1395//1395
f 1398//1398 1395//1395 1396//1396
f 1400//1400 1399//1399 1397//1397
f 1400//1400 1397//1397 1398//1398
f 1402//1402 1401//1401 1399//1399
f 1402//1402 1399//1399 1400//1400
f 1404//1404 1403//1403 1401//1401
f 1404//1404 1401//1401 1402//1402
f 1406//1406 1405//1405 1403//1403
f 1406//1406 1403//1403 1404//1404
f 1408//1408 1407//1407 1405//1405
f 1408//1408 1405//1405 1406//1406
f 1410//1410 1409//1409 1407//1407
f 1410//1410 1407//1407 1408//1408
f 1412//1412 1411//1411 1409//1409
f 1412//1412 1409//1409 1410//1410
f 1414//1414 1413//1413 1411//1411
f 1414//1414 1411//1411 1412//1412
f 1416//1416 1415//1415 1413//1413
f 1416//1416 1413//1413 1414//1414
f 1418//1418 1417//1417 1415//1415
f 1418//1418 1415//1415 1416//1416
f 1420//1420 1419//1419 1417//1417
f 1420//1420 1417//1417 1418//1418
f 1422//1422 1421//1421 1419//1419
f 1422//1422 1419//1419 1420//1420
f 1424//1424 1423//1423 1421//1421
f 1424//1424 1421//1421 1422//1422
f 1426//1426 1425//1425 1423//1423
f 1426//1426 1423//1423 1424//1424
f 1428//1428 1427//1427 1425//1425
f 1428//1428 1425//1425 1426//1426
f 1430//1430 1429//1429 1427//1427
f 1430//1430 1427//1427 1428//1428
f 1432//1432 1431//1431 1429//1429
f 1432//1432 1429//1429 1430//1430
f 1434//1434 1433//1433 1431//1431
f 1434//1434 1431//1431 1432//1432
f 1436//1436 1435//1435 1433//1433
f 1436//1436 1433//1433 1434//1434
f 1438//1438 1437//1437 1435//1435
f 1438//1438 1435//1435 1436//1436
f 1440//1440 1439//1439 1437//1437
f 1440//1440 1437//1437 1438//1438
f 1441//1441 1439//1439 1440//1440
f 1441//1441 1440//1440 1442//1442
f 1378//1378 1376//1376 1443//1443
f 1443//1443 1376//1376 1374//1374
f 1443//1443 1374//1374 1444//1444
f 1445//1445 1444//1444 1374//1374
f 1445//1445 1374//1374 1372//1372
f 1446//1446 1448//1448 1447//1447
f 1448//1448 1451//1451 1447//1447
f 1450//1450 1448//1448 1449//1449
f 1451//1451 1448//1448 1450//1450
f 1451//1451 1452//1452 1447//1447
f 1453//1453 1454//1454 1452//1452
f 1452//1452 1454//1454 1447//1447
f 1454//1454 1453//1453 1455//1455
f 1455//1455 1453//1453 1456//1456
f 1456//1456 1453//1453 1457//1457
f 1459//1459 1457//1457 1458//1458
f 1458//1458 1457//1457 1453//1453
f 1459//1459 1461//1461 1460//1460
f 1459//1459 1462//1462 1461//1461
f 1458//1458 1462//1462 1459//1459
f 1463//1463 1461//1461 1462//1462
f 1464//1464 1461//1461 1463//1463
f 1463//1463 1465//1465 1464//1464
f 1463//1463 1466//1466 1465//1465
f 1465//1465 1466//1466 1468//1468
f 1467//1467 1468//1468 1466//1466
f 1469//1469 1468//1468 1467//1467
f 1467//1467 1470//1470 1469//1469
f 1470//1470 1471//1471 1469//1469
f 1472//1472 1471//1471 1470//1470
f 1470//1470 1473//1473 1472//1472
f 1472//1472 1473//1473 1474//1474
f 1474//1474 1475//1475 1476//1476
f 1474//1474 1473//1473 1475//1475
f 1478//1478 1476//1476 1477//1477
f 1477//1477 1476//1476 1475//1475
f 1479//1479 1478//1478 1477//1477
f 1480//1480 1478//1478 1479//1479
f 1478//1478 1480//1480 1481//1481
f 1482//1482 1481//1481 1483//1483
f 1480//1480 1483//1483 1481//1481
f 1484//1484 1482//1482 1483//1483
f 1485//1485 1486//1486 1484//1484
f 1482//1482 1484//1484 1486//1486
f 1485//1485 1487//1487 1486//1486
f 1487//1487 1485//1485 1488//1488
f 1489//1489 1490//1490 1488//1488
f 1488//1488 1485//1485 1489//1489
f 1489//1489 1491//1491 1490//1490
f 1491//1491 1492//1492 1493//1493
f 1492//1492 1491//1491 1489//1489
f 1491//1491 1493//1493 1495//1495
f 1494//1494 1491//1491 1495//1495
f 1496//1496 1494//1494 1495//1495
f 1494//1494 1496//1496 1497//1497
f 1498//1498 1497//1497 1496//1496
f 1499//1499 1497//1497 1498//1498
f 1498//1498 1500//1500 1499//1499
f 1503//1503 1500//1500 1501//1501
f 1499//1499 1500//1500 1502//1502
f 1503//1503 1502//1502 1500//1500
f 1501//1501 1504//1504 1503//1503
f 1505//1505 1504//1504 1501//1501
f 1504//1504 1505//1505 1506//1506
f 1508//1508 1506//1506 1507//1507
f 1507//1507 1506//1506 1505//1505
f 1507//1507 1509//1509 1508//1508
f 1509//1509 1510//1510 1508//1508
f 1511//1511 1510//1510 1509//1509
f 1509//1509 1513//1513 1511//1511
f 1511//1511 1513//1513 1512//1512
f 1514//1514 1512//1512 1513//1513
f 1514//1514 1515//1515 1512//1512
f 1517//1517 1515//1515 1516//1516
f 1512//1512 1515//1515 1517//1517
f 1516//1516 1518//1518 1517//1517
f 1516//1516 1519//1519 1518//1518
f 1520//1520 1519//1519 1516//1516
f 1519//1519 1520//1520 1521//1521
f 1522//1522 1521//1521 1520//1520
f 1522//1522 1520//1520 1523//1523
f 1524//1524 1522//1522 1523//1523
f 1525//1525 1524//1524 1526//1526
f 1527//1527 1526//1526 1524//1524
f 1524//1524 1523//1523 1527//1527
f 1525//1525 1526//1526 1528//1528
f 1529//1529 1525//1525 1528//1528
f 1530//1530 1529//1529 1528//1528
f 1530//1530 1528//1528 1531//1531
f 1534//1534 1531//1531 1532//1532
f 1533//1533 1532//1532 1531//1531
f 1534//1534 1530//1530 1531//1531
f 1535//1535 1532//1532 1533//1533
f 1533//1533 1536//1536 1535//1535
f 1535//1535 1536//1536 1537//1537
f 1537//1537 1536//1536 1538//1538
f 1537//1537 1538//1538 1539//1539
f 1538//1538 1541//1541 1539//1539
f 1540//1540 1541//1541 1538//1538
f 1541//1541 1540//1540 1542//1542
f 1544//1544 1542//1542 1543//1543
f 1543//1543 1542//1542 1540//1540
f 1543//1543 1545//1545 1544//1544
f 1544//1544 1545//1545 1546//1546
f 1546//1546 1547//1547 1548//1548
f 1546//1546 1545//1545 1547//1547
f 1550//1550 1548//1548 1549//1549
f 1549//1549 1548//1548 1547//1547
f 1551//1551 1548//1548 1550//1550
f 1551//1551 1552//1552 1553//1553
f 1551//1551 1550//1550 1552//1552
f 1552//1552 1554//1554 1553//1553
f 1556//1556 1554//1554 1555//1555
f 1554//1554 1552//1552 1555//1555
f 1555//1555 1552//1552 1557//1557
f 1557//1557 1558//1558 1555//1555
f 1557//1557 1559//1559 1558//1558
f 1559//1559 1561//1561 1560//1560
f 1559//1559 1560//1560 1558//1558
f 1562//1562 1559//1559 1557//1557
f 1562//1562 1563//1563 1559//1559
f 1562//1562 1564//1564 1563//1563
f 1565//1565 1563//1563 1564//1564
f 1566//1566 1567//1567 1564//1564
f 1564//1564 1562//1562 1566//1566
f 1569//1569 1567//1567 1568//1568
f 1568//1568 1567//1567 1566//1566
f 1570//1570 1571//1571 1569//1569
f 1569//1569 1568//1568 1570//1570
f 1570//1570 1572//1572 1571//1571
f 1571//1571 1572//1572 1573//1573
f 1574//1574 1573//1573 1572//1572
f 1572//1572 1576//1576 1574//1574
f 1575//1575 1574//1574 1576//1576
f 1577//1577 1575//1575 1576//1576
f 1577//1577 1578//1578 1575//1575
f 1580//1580 1578//1578 1577//1577
f 1577//1577 1579//1579 1581//1581
f 1581//1581 1580//1580 1577//1577
f 1579//1579 1582//1582 1581//1581
f 1579//1579 1583//1583 1582//1582
f 1582//1582 1583//1583 1585//1585
f 1586//1586 1582//1582 1584//1584
f 1582//1582 1585//1585 1584//1584
f 1589//1589 1586//1586 1587//1587
f 1586//1586 1588//1588 1587//1587
f 1584//1584 1588//1588 1586//1586
f 1592//1592 1589//1589 1590//1590
f 1590//1590 1589//1589 1591//1591
f 1589//1589 1587//1587 1591//1591
f 1592//1592 1593//1593 1594//1594
f 1593//1593 1592//1592 1590//1590
f 1594//1594 1596//1596 1595//1595
f 1597//1597 1596//1596 1594//1594
f 1593//1593 1597//1597 1594//1594
f 1598//1598 1595//1595 1596//1596
f 1598//1598 1599//1599 1595//1595
f 1595//1595 1599//1599 1600//1600
f 1601//1601 1600//1600 1599//1599
f 1601//1601 1602//1602 1600//1600
f 1603//1603 1602//1602 1601//1601
f 1604//1604 1605//1605 1603//1603
f 1605//1605 1602//1602 1603//1603
f 1605//1605 1604//1604 1606//1606
f 1606//1606 1608//1608 1607//1607
f 1604//1604 1608//1608 1606//1606
f 1608//1608 1609//1609 1607//1607
f 1609//1609 1610//1610 1607//1607
f 1609//1609 1611//1611 1610//1610
f 1610//1610 1611//1611 1613//1613
f 1612//1612 1613//1613 1611//1611
f 1613//1613 1612//1612 1614//1614
f 1615//1615 1614//1614 1612//1612
f 1614//1614 1615//1615 1616//1616
f 1618//1618 1616//1616 1617//1617
f 1616//1616 1615//1615 1617//1617
f 1620//1620 1618//1618 1619//1619
f 1618//1618 1617//1617 1619//1619
f 1619//1619 1621//1621 1620//1620
f 1622//1622 1620//1620 1621//1621
f 1621//1621 1623//1623 1622//1622
f 1621//1621 1624//1624 1623//1623
f 1623//1623 1624//1624 1626//1626
f 1627//1627 1623//1623 1625//1625
f 1623//1623 1626//1626 1625//1625
f 1625//1625 1629//1629 1627//1627
f 1628//1628 1627//1627 1629//1629
f 1630//1630 1628//1628 1629//1629
f 1628//1628 1630//1630 1631//1631
f 1630//1630 1632//1632 1631//1631
f 1633//1633 1631//1631 1632//1632
f 1633//1633 1632//1632 1634//1634
f 1634//1634 1632//1632 1635//1635
f 1635//1635 1636//1636 1637//1637
f 1637//1637 1634//1634 1635//1635
f 1637//1637 1636//1636 1638//1638
f 1636//1636 1640//1640 1638//1638
f 1639//1639 1638//1638 1640//1640
f 1636//1636 1641//1641 1640//1640
f 1640//1640 1641//1641 1642//1642
f 1642//1642 1641//1641 1643//1643
f 1641//1641 1644//1644 1643//1643
f 1645//1645 1644//1644 1641//1641
f 1646//1646 1645//1645 1641//1641
f 1646//1646 1647//1647 1645//1645
f 1648//1648 1649//1649 1647//1647
f 1647//1647 1646//1646 1648//1648
f 1648//1648 1646//1646 1650//1650
f 1650//1650 1652//1652 1651//1651
f 1652//1652 1650//1650 1646//1646
f 1651//1651 1652//1652 1653//1653
f 1653//1653 1654//1654 1655//1655
f 1655//1655 1651//1651 1653//1653
f 1655//1655 1654//1654 1656//1656
f 1657//1657 1656//1656 1654//1654
f 1657//1657 1659//1659 1658//1658
f 1654//1654 1659//1659 1657//1657
f 1659//1659 1660//1660 1658//1658
f 1660//1660 1661//1661 1662//1662
f 1660//1660 1662//1662 1658//1658
f 1661//1661 1663//1663 1662//1662
f 1662//1662 1663//1663 1664//1664
f 1664//1664 1665//1665 1666//1666
f 1664//1664 1663//1663 1665//1665
f 1665//1665 1667//1667 1666//1666
f 1668//1668 1667//1667 1669//1669
f 1665//1665 1669//1669 1667//1667
f 1669//1669 1670//1670 1668//1668
f 1670//1670 1671//1671 1668//1668
f 1672//1672 1671//1671 1670//1670
f 1674//1674 1672//1672 1673//1673
f 1671//1671 1672//1672 1674//1674
f 1675//1675 1674//1674 1673//1673
f 1676//1676 1675//1675 1677//1677
f 1673//1673 1677//1677 1675//1675
f 1677//1677 1678//1678 1676//1676
f 1679//1679 1678//1678 1680//1680
f 1679//1679 1676//1676 1678//1678
f 1679//1679 1680//1680 1682//1682
f 1683//1683 1680//1680 1681//1681
f 1683//1683 1682//1682 1680//1680
f 1684//1684 1683//1683 1681//1681
f 1685//1685 1684//1684 1686//1686
f 1686//1686 1684//1684 1681//1681
f 1687//1687 1685//1685 1686//1686
f 1685//1685 1687//1687 1688//1688
f 1688//1688 1687//1687 1689//1689
f 1690//1690 1688//1688 1689//1689
f 1691//1691 1692//1692 1690//1690
f 1688//1688 1690//1690 1692//1692
f 1691//1691 1693//1693 1692//1692
f 1695//1695 1693//1693 1691//1691
f 1693//1693 1695//1695 1694//1694
f 1694//1694 1695//1695 1696//1696
f 1696//1696 1697//1697 1694//1694
f 1694//1694 1697//1697 1698//1698
f 1699//1699 1698//1698 1697//1697
f 1699//1699 1700//1700 1698//1698
f 1698//1698 1700//1700 1701//1701
f 1701//1701 1700//1700 1702//1702
f 1701//1701 1702//1702 1703//1703
f 1704//1704 1703//1703 1702//1702
f 1705//1705 1703//1703 1704//1704
f 1706//1706 1707//1707 1705//1705
f 1705//1705 1707//1707 1703//1703
f 1708//1708 1707//1707 1706//1706
f 1708//1708 1706//1706 1709//1709
f 1709//1709 1706//1706 1710//1710
f 1710//1710 1711//1711 1709//1709
f 1711//1711 1713//1713 1712//1712
f 1710//1710 1713//1713 1711//1711
f 1712//1712 1713//1713 1714//1714
f 1712//1712 1714//1714 1715//1715
f 1716//1716 1715//1715 1714//1714
f 1714//1714 1717//1717 1716//1716
f 1716//1716 1717//1717 1718//1718
f 1719//1719 1718//1718 1717//1717
f 1718//1718 1719//1719 1720//1720
f 1721//1721 1720//1720 1719//1719
f 1723//1723 1721//1721 1722//1722
f 1720//1720 1721//1721 1723//1723
f 1724//1724 1723//1723 1725//1725
f 1723//1723 1722//1722 1725//1725
f 1725//1725 1722//1722 1726//1726
f 1727//1727 1726//1726 1728//1728
f 1727//1727 1728//1728 1824//1824
f 1726//1726 1729//1729 1728//1728
f 1729//1729 1726//1726 1722//1722
f 1729//1729 1730//1730 1731//1731
f 1728//1728 1729//1729 1731//1731
f 1731//1731 1733//1733 1732//1732
f 1731//1731 1730//1730 1733//1733
f 1734//1734 1733//1733 1730//1730
f 1736//1736 1734//1734 1730//1730
f 1735//1735 1734//1734 1736//1736
f 1737//1737 1735//1735 1736//1736
f 1735//1735 1737//1737 1738//1738
f 1737//1737 1739//1739 1738//1738
f 1739//1739 1740//1740 1738//1738
f 1741//1741 1738//1738 1740//1740
f 1741//1741 1740//1740 1742//1742
f 1743//1743 1741//1741 1742//1742
f 1743//1743 1742//1742 1744//1744
f 1744//1744 1745//1745 1746//1746
f 1744//1744 1746//1746 1743//1743
f 1747//1747 1746//1746 1745//1745
f 1747//1747 1745//1745 1749//1749
f 1748//1748 1747//1747 1749//1749
f 1750//1750 1751//1751 1749//1749
f 1751//1751 1748//1748 1749//1749
f 1751//1751 1750//1750 1752//1752
f 1750//1750 1753//1753 1752//1752
f 1754//1754 1752//1752 1753//1753
f 1752//1752 1754//1754 1755//1755
f 1754//1754 1756//1756 1755//1755
f 1757//1757 1755//1755 1756//1756
f 1758//1758 1757//1757 1756//1756
f 1759//1759 1758//1758 1756//1756
f 1759//1759 1760//1760 1758//1758
f 1761//1761 1760//1760 1759//1759
f 1762//1762 1761//1761 1763//1763
f 1761//1761 1759//1759 1763//1763
f 1763//1763 1764//1764 1762//1762
f 1764//1764 1765//1765 1762//1762
f 1765//1765 1766//1766 1767//1767
f 1765//1765 1767//1767 1762//1762
f 1766//1766 1768//1768 1767//1767
f 1768//1768 1770//1770 1769//1769
f 1770//1770 1768//1768 1766//1766
f 1770//1770 1771//1771 1769//1769
f 1770//1770 1772//1772 1771//1771
f 1773//1773 1771//1771 1772//1772
f 1774//1774 1773//1773 1772//1772
f 1775//1775 1773//1773 1774//1774
f 1776//1776 1775//1775 1774//1774
f 1776//1776 1777//1777 1778//1778
f 1775//1775 1776//1776 1778//1778
f 1777//1777 1779//1779 1778//1778
f 1779//1779 1781//1781 1780//1780
f 1781//1781 1779//1779 1777//1777
f 1783//1783 1782//1782 1781//1781
f 1781//1781 1782//1782 1780//1780
f 1783//1783 1784//1784 1782//1782
f 1782//1782 1784//1784 1785//1785
f 1784//1784 1786//1786 1785//1785
f 1786//1786 1787//1787 1785//1785
f 1785//1785 1787//1787 1788//1788
f 1787//1787 1789//1789 1788//1788
f 1787//1787 1790//1790 1789//1789
f 1790//1790 1791//1791 1789//1789
f 1790//1790 1792//1792 1791//1791
f 1793//1793 1794//1794 1792//1792
f 1794//1794 1791//1791 1792//1792
f 1793//1793 1795//1795 1794//1794
f 1793//1793 1797//1797 1795//1795
f 1796//1796 1795//1795 1797//1797
f 1797//1797 1798//1798 1796//1796
f 1796//1796 1798//1798 1799//1799
f 1799//1799 1801//1801 1800//1800
f 1800//1800 1796//1796 1799//1799
f 1802//1802 1801//1801 1799//1799
f 1803//1803 1801//1801 1802//1802
f 1802//1802 1804//1804 1803//1803
f 1802//1802 1805//1805 1804//1804
f 1805//1805 1806//1806 1804//1804
f 1807//1807 1806//1806 1805//1805
f 1809//1809 1806//1806 1807//1807
f 1808//1808 1809//1809 1807//1807
f 1809//1809 1808//1808 1810//1810
f 1808//1808 1812//1812 1810//1810
f 1810//1810 1812//1812 1811//1811
f 1811//1811 1812//1812 1813//1813
f 1811//1811 1813//1813 1814//1814
f 1813//1813 1815//1815 1814//1814
f 1815//1815 1816//1816 1817//1817
f 1817//1817 1814//1814 1815//1815
f 1816//1816 1818//1818 1817//1817
f 1818//1818 1816//1816 1819//1819
f 1821//1821 1819//1819 1820//1820
f 1820//1820 1819//1819 1816//1816
f 1820//1820 1823//1823 1821//1821
f 1822//1822 1821//1821 1823//1823
f 1450//1450 1822//1822 1823//1823
f 1822//1822 1450//1450 1449//1449
