# joint_31 exported from /models/guards/joint_31.glb
# units: meters
v -0.050328 0.001000 0.101432
v -0.036312 0.001000 0.101576
v -0.038522 0.001000 0.112625
v -0.052349 0.001000 0.103204
v -0.046261 0.001000 0.098069
v -0.051746 0.001000 0.099816
v -0.053886 0.001000 0.101693
v -0.053372 0.001000 0.091492
v -0.054655 0.001000 0.089638
v -0.064441 0.001000 0.086337
v -0.056183 0.001000 0.087145
v -0.057519 0.001000 0.084612
v -0.058658 0.001000 0.082066
v -0.059592 0.001000 0.079538
v -0.060323 0.001000 0.077054
v -0.060856 0.001000 0.074642
v -0.068361 0.001000 0.070382
v -0.084425 0.001000 0.066942
v -0.070514 0.001000 0.063282
v -0.068300 0.001000 0.063383
v -0.063531 0.001000 0.063424
v -0.061550 0.001000 0.065347
v -0.075271 0.001000 0.062548
v -0.072843 0.001000 0.063008
v -0.061366 0.001000 0.070112
v -0.061199 0.001000 0.072322
v -0.077775 0.001000 0.061891
v -0.080330 0.001000 0.061033
v -0.082909 0.001000 0.059972
v -0.085481 0.001000 0.058711
v -0.088018 0.001000 0.057259
v -0.100091 0.001000 0.056851
v -0.089912 0.001000 0.056030
v -0.098279 0.001000 0.054656
v -0.096697 0.001000 0.049120
v -0.100500 0.001000 0.039281
v -0.099937 0.001000 0.053287
v -0.111478 0.001000 0.041822
v -0.101647 0.001000 0.055360
v -0.108068 0.001000 0.027744
v -0.097576 0.001000 0.015634
v -0.099611 0.001000 0.013955
v -0.095574 0.001000 0.020088
v -0.099906 0.001000 0.028750
v -0.094270 0.001000 0.018480
v -0.092398 0.001000 0.016406
v -0.096207 0.001000 0.013977
v -0.098186 0.001000 0.012343
v -0.088414 0.001000 0.012731
v -0.090437 0.001000 0.014484
v -0.086352 0.001000 0.011159
v -0.084278 0.001000 0.009773
v -0.083093 0.001000 0.001202
v -0.098513 0.001000 -0.009483
v -0.069816 0.001000 0.002835
v -0.080186 0.001000 0.007569
v -0.082216 0.001000 0.008578
v -0.069871 0.001000 -0.000828
v -0.086649 0.001000 -0.008653
v -0.084535 0.001000 -0.007331
v -0.082437 0.001000 -0.006197
v -0.080378 0.001000 -0.005250
v -0.088757 0.001000 -0.010163
v -0.090832 0.001000 -0.011855
v -0.096584 0.001000 -0.011175
v -0.098001 0.001000 -0.012791
v -0.092849 0.001000 -0.013717
v -0.094782 0.001000 -0.015734
v -0.096132 0.001000 -0.017301
v -0.100723 0.001000 -0.025830
v -0.108852 0.001000 -0.024581
v -0.112682 0.001000 -0.038551
v -0.099985 0.001000 -0.011052
v -0.101632 0.001000 -0.036340
v -0.098125 0.001000 -0.046289
v -0.101488 0.001000 -0.050357
v -0.099872 0.001000 -0.051774
v -0.103260 0.001000 -0.052377
v -0.101749 0.001000 -0.053914
v -0.091549 0.001000 -0.053400
v -0.089694 0.001000 -0.054683
v -0.086393 0.001000 -0.064469
v -0.087202 0.001000 -0.056211
v -0.084668 0.001000 -0.057548
v -0.082122 0.001000 -0.058686
v -0.079594 0.001000 -0.059620
v -0.077111 0.001000 -0.060351
v -0.070438 0.001000 -0.068389
v -0.074698 0.001000 -0.060884
v -0.072378 0.001000 -0.061228
v -0.070168 0.001000 -0.061394
v -0.065403 0.001000 -0.061578
v -0.064045 0.001000 -0.062184
v -0.064692 0.001000 -0.061739
v -0.063480 0.001000 -0.063560
v -0.063619 0.001000 -0.062844
v -0.063439 0.001000 -0.068328
v -0.063338 0.001000 -0.070542
v -0.063065 0.001000 -0.072871
v -0.062604 0.001000 -0.075299
v -0.066998 0.001000 -0.084454
v -0.061948 0.001000 -0.077803
v -0.061089 0.001000 -0.080358
v -0.060028 0.001000 -0.082937
v -0.058767 0.001000 -0.085509
v -0.057316 0.001000 -0.088046
v -0.056908 0.001000 -0.100119
v -0.056087 0.001000 -0.089940
v -0.054712 0.001000 -0.098307
v -0.049176 0.001000 -0.096726
v -0.039337 0.001000 -0.100528
v -0.053344 0.001000 -0.099965
v -0.041878 0.001000 -0.111507
v -0.055416 0.001000 -0.101675
v -0.027800 0.001000 -0.108096
v -0.015691 0.001000 -0.097604
v -0.014011 0.001000 -0.099639
v -0.028806 0.001000 -0.099934
v -0.020145 0.001000 -0.095602
v -0.018536 0.001000 -0.094298
v -0.014033 0.001000 -0.096236
v -0.016462 0.001000 -0.092426
v -0.014540 0.001000 -0.090466
v -0.012787 0.001000 -0.088442
v -0.012400 0.001000 -0.098214
v -0.011215 0.001000 -0.086381
v -0.009829 0.001000 -0.084307
v -0.001258 0.001000 -0.083121
v 0.009427 0.001000 -0.098541
v -0.002891 0.001000 -0.069844
v -0.007626 0.001000 -0.080214
v -0.008634 0.001000 -0.082244
v 0.000772 0.001000 -0.069899
v 0.006141 0.001000 -0.082465
v 0.005194 0.001000 -0.080406
v 0.007274 0.001000 -0.084563
v 0.008597 0.001000 -0.086677
v 0.010107 0.001000 -0.088785
v 0.011119 0.001000 -0.096612
v 0.011798 0.001000 -0.090860
v 0.013661 0.001000 -0.092877
v 0.015678 0.001000 -0.094810
v 0.017245 0.001000 -0.096160
v 0.012735 0.001000 -0.098029
v 0.024524 0.001000 -0.108880
v 0.010995 0.001000 -0.100013
v 0.038494 0.001000 -0.112710
v 0.036283 0.001000 -0.101660
v 0.025773 0.001000 -0.100751
v 0.046233 0.001000 -0.098153
v 0.050300 0.001000 -0.101517
v 0.051718 0.001000 -0.099900
v 0.052320 0.001000 -0.103288
v 0.053858 0.001000 -0.101777
v 0.053343 0.001000 -0.091577
v 0.054627 0.001000 -0.089722
v 0.056154 0.001000 -0.087230
v 0.064413 0.001000 -0.086421
v 0.068333 0.001000 -0.070467
v 0.057491 0.001000 -0.084697
v 0.059564 0.001000 -0.079622
v 0.058629 0.001000 -0.082150
v 0.060295 0.001000 -0.077139
v 0.060828 0.001000 -0.074726
v 0.061171 0.001000 -0.072406
v 0.061338 0.001000 -0.070196
v 0.061522 0.001000 -0.065431
v 0.062128 0.001000 -0.064073
v 0.061683 0.001000 -0.064720
v 0.063503 0.001000 -0.063508
v 0.062788 0.001000 -0.063647
v 0.068272 0.001000 -0.063467
v 0.070486 0.001000 -0.063366
v 0.072815 0.001000 -0.063093
v 0.075242 0.001000 -0.062632
v 0.077747 0.001000 -0.061976
v 0.084397 0.001000 -0.067026
v 0.100063 0.001000 -0.056936
v 0.080301 0.001000 -0.061118
v 0.085453 0.001000 -0.058796
v 0.082881 0.001000 -0.060056
v 0.087990 0.001000 -0.057344
v 0.089884 0.001000 -0.056115
v 0.098251 0.001000 -0.054740
v 0.096669 0.001000 -0.049205
v 0.100472 0.001000 -0.039366
v 0.099908 0.001000 -0.053372
v 0.111450 0.001000 -0.041906
v 0.101619 0.001000 -0.055444
v 0.108040 0.001000 -0.027828
v 0.097548 0.001000 -0.015719
v 0.099583 0.001000 -0.014040
v 0.099878 0.001000 -0.028834
v 0.095545 0.001000 -0.020173
v 0.094241 0.001000 -0.018564
v 0.096179 0.001000 -0.014061
v 0.092370 0.001000 -0.016490
v 0.090409 0.001000 -0.014568
v 0.088386 0.001000 -0.012816
v 0.098158 0.001000 -0.012428
v 0.086324 0.001000 -0.011243
v 0.084250 0.001000 -0.009858
v 0.083065 0.001000 -0.001286
v 0.098485 0.001000 0.009399
v 0.080350 0.001000 0.005166
v 0.069843 0.001000 0.000744
v 0.086621 0.001000 0.008569
v 0.084506 0.001000 0.007246
v 0.082409 0.001000 0.006113
v 0.069788 0.001000 -0.002919
v 0.080158 0.001000 -0.007654
v 0.082187 0.001000 -0.008662
v 0.069417 0.001000 0.000499
v 0.069370 0.001000 -0.002662
v 0.068619 0.001000 -0.001070
v 0.068713 0.001000 -0.001708
v 0.068987 0.001000 -0.002256
v 0.068732 0.001000 -0.000435
v 0.069022 0.001000 0.000105
v 0.088729 0.001000 0.010079
v 0.090804 0.001000 0.011770
v 0.096556 0.001000 0.011091
v 0.097973 0.001000 0.012707
v 0.094754 0.001000 0.015650
v 0.092821 0.001000 0.013633
v 0.096104 0.001000 0.017217
v 0.108823 0.001000 0.024496
v 0.100695 0.001000 0.025745
v 0.101604 0.001000 0.036255
v 0.112654 0.001000 0.038466
v 0.101460 0.001000 0.050272
v 0.098097 0.001000 0.046205
v 0.091521 0.001000 0.053315
v 0.099844 0.001000 0.051689
v 0.101721 0.001000 0.053830
v 0.086365 0.001000 0.064385
v 0.089666 0.001000 0.054599
v 0.087174 0.001000 0.056126
v 0.084640 0.001000 0.057463
v 0.082094 0.001000 0.058601
v 0.079566 0.001000 0.059536
v 0.077083 0.001000 0.060267
v 0.070410 0.001000 0.068304
v 0.074670 0.001000 0.060800
v 0.072350 0.001000 0.061143
v 0.070140 0.001000 0.061310
v 0.065375 0.001000 0.061494
v 0.064664 0.001000 0.061654
v 0.064017 0.001000 0.062100
v 0.063452 0.001000 0.063475
v 0.063591 0.001000 0.062759
v 0.063411 0.001000 0.068244
v 0.063310 0.001000 0.070458
v 0.063036 0.001000 0.072787
v 0.062576 0.001000 0.075214
v 0.066970 0.001000 0.084369
v 0.061920 0.001000 0.077719
v 0.061061 0.001000 0.080273
v 0.060000 0.001000 0.082853
v 0.058739 0.001000 0.085425
v 0.057287 0.001000 0.087962
v 0.056058 0.001000 0.089856
v 0.056880 0.001000 0.100035
v 0.054684 0.001000 0.098222
v 0.049148 0.001000 0.096641
v 0.053316 0.001000 0.099880
v 0.041850 0.001000 0.111422
v 0.055388 0.001000 0.101591
v 0.039309 0.001000 0.100444
v 0.028778 0.001000 0.099850
v 0.027772 0.001000 0.108012
v 0.015663 0.001000 0.097519
v 0.013983 0.001000 0.099554
v 0.020117 0.001000 0.095517
v 0.018508 0.001000 0.094213
v 0.014005 0.001000 0.096151
v 0.016434 0.001000 0.092342
v 0.014512 0.001000 0.090381
v 0.012759 0.001000 0.088358
v 0.012372 0.001000 0.098130
v 0.011187 0.001000 0.086296
v 0.009801 0.001000 0.084222
v 0.001230 0.001000 0.083037
v -0.009455 0.001000 0.098457
v -0.006169 0.001000 0.082380
v -0.007303 0.001000 0.084478
v -0.008625 0.001000 0.086593
v -0.005222 0.001000 0.080322
v -0.000800 0.001000 0.069815
v 0.002863 0.001000 0.069760
v 0.008606 0.001000 0.082159
v 0.007597 0.001000 0.080130
v -0.000555 0.001000 0.069389
v 0.002605 0.001000 0.069341
v 0.001014 0.001000 0.068591
v 0.001651 0.001000 0.068685
v 0.002200 0.001000 0.068959
v 0.000379 0.001000 0.068704
v -0.000161 0.001000 0.068994
v -0.010135 0.001000 0.088701
v -0.011827 0.001000 0.090775
v -0.011147 0.001000 0.096528
v -0.012763 0.001000 0.097945
v -0.015706 0.001000 0.094726
v -0.013689 0.001000 0.092793
v -0.017273 0.001000 0.096076
v -0.024553 0.001000 0.108795
v -0.025802 0.001000 0.100667
v -0.011023 0.001000 0.099929
v 0.103232 0.001000 0.052292
v 0.099957 0.001000 0.010967
v 0.000527 0.001000 -0.069473
v 0.000133 0.001000 -0.069079
v -0.002634 0.001000 -0.069426
v -0.001042 0.001000 -0.068675
v -0.000407 0.001000 -0.068789
v -0.001679 0.001000 -0.068770
v -0.002228 0.001000 -0.069043
v -0.069445 0.001000 -0.000583
v -0.069398 0.001000 0.002577
v -0.068647 0.001000 0.000985
v -0.068761 0.001000 0.000351
v -0.069050 0.001000 -0.000189
v -0.068741 0.001000 0.001623
v -0.069015 0.001000 0.002172
v -0.062156 0.001000 0.063989
v -0.061711 0.001000 0.064635
v -0.062816 0.001000 0.063563
v 0.069788 0.001000 -0.002919
v 0.072380 0.000500 -0.004103
v 0.074973 0.001000 -0.005286
v 0.069788 0.000000 -0.002919
v 0.069788 -0.001000 -0.002919
v 0.072380 0.000000 -0.004103
v 0.072380 -0.000500 -0.004103
v 0.074973 -0.000500 -0.005286
v 0.074973 -0.001000 -0.005286
v 0.077565 -0.000500 -0.006470
v 0.080158 -0.001000 -0.007654
v 0.080158 0.000000 -0.007654
v 0.080158 0.001000 -0.007654
v 0.077565 0.000500 -0.006470
v 0.077565 0.000000 -0.006470
v 0.074973 0.000000 -0.005286
v 0.074973 0.000500 -0.005286
v 0.080158 0.001000 -0.007654
v 0.080158 0.000000 -0.007654
v 0.081181 0.001000 -0.008141
v 0.081181 -0.001000 -0.008141
v 0.082187 0.001000 -0.008662
v 0.082187 -0.001000 -0.008662
v 0.083228 0.001000 -0.009243
v 0.083228 -0.001000 -0.009243
v 0.084250 0.001000 -0.009858
v 0.085298 0.001000 -0.010534
v 0.084250 -0.001000 -0.009858
v 0.085298 -0.001000 -0.010534
v 0.086324 -0.001000 -0.011243
v 0.086324 0.001000 -0.011243
v 0.087367 -0.001000 -0.012013
v 0.087367 0.001000 -0.012013
v 0.088386 -0.001000 -0.012816
v 0.088386 0.001000 -0.012816
v 0.089411 -0.001000 -0.013676
v 0.089411 0.001000 -0.013676
v 0.090409 -0.001000 -0.014568
v 0.091404 -0.001000 -0.015514
v 0.090409 0.001000 -0.014568
v 0.091404 0.001000 -0.015514
v 0.092370 0.001000 -0.016490
v 0.093322 0.001000 -0.017513
v 0.092370 -0.001000 -0.016490
v 0.093322 -0.001000 -0.017513
v 0.094241 -0.001000 -0.018564
v 0.094902 -0.001000 -0.019361
v 0.094241 0.001000 -0.018564
v 0.094902 0.001000 -0.019361
v 0.095545 0.000000 -0.020173
v 0.095545 0.001000 -0.020173
v 0.095545 -0.001000 -0.020173
v 0.080158 -0.001000 -0.007654
v 0.061338 0.001000 -0.070196
v 0.061338 0.000000 -0.070196
v 0.061275 0.001000 -0.071303
v 0.061275 -0.001000 -0.071303
v 0.061171 0.001000 -0.072406
v 0.061171 -0.001000 -0.072406
v 0.061020 0.001000 -0.073569
v 0.060828 0.001000 -0.074726
v 0.061020 -0.001000 -0.073569
v 0.060828 -0.001000 -0.074726
v 0.060582 -0.001000 -0.075937
v 0.060582 0.001000 -0.075937
v 0.060295 -0.001000 -0.077139
v 0.059951 -0.001000 -0.078387
v 0.060295 0.001000 -0.077139
v 0.059951 0.001000 -0.078387
v 0.059564 0.001000 -0.079622
v 0.059564 -0.001000 -0.079622
v 0.059118 0.001000 -0.080894
v 0.059118 -0.001000 -0.080894
v 0.058629 0.001000 -0.082150
v 0.058629 -0.001000 -0.082150
v 0.058081 0.001000 -0.083433
v 0.057491 0.001000 -0.084697
v 0.058081 -0.001000 -0.083433
v 0.057491 -0.001000 -0.084697
v 0.056843 -0.001000 -0.085974
v 0.056154 -0.001000 -0.087230
v 0.056843 0.001000 -0.085974
v 0.056154 0.001000 -0.087230
v 0.055411 0.001000 -0.088488
v 0.054627 0.001000 -0.089722
v 0.055411 -0.001000 -0.088488
v 0.054627 -0.001000 -0.089722
v 0.053996 -0.001000 -0.090657
v 0.053996 0.001000 -0.090657
v 0.053343 0.000000 -0.091577
v 0.053343 -0.001000 -0.091577
v 0.053343 0.001000 -0.091577
v 0.061338 -0.001000 -0.070196
v -0.007626 0.001000 -0.080214
v -0.007626 0.000000 -0.080214
v -0.008113 0.001000 -0.081237
v -0.008113 -0.001000 -0.081237
v -0.008634 0.001000 -0.082244
v -0.008634 -0.001000 -0.082244
v -0.009215 0.001000 -0.083285
v -0.009215 -0.001000 -0.083285
v -0.009829 0.001000 -0.084307
v -0.010506 0.001000 -0.085354
v -0.009829 -0.001000 -0.084307
v -0.010506 -0.001000 -0.085354
v -0.011215 -0.001000 -0.086381
v -0.011215 0.001000 -0.086381
v -0.011985 -0.001000 -0.087424
v -0.012787 -0.001000 -0.088442
v -0.011985 0.001000 -0.087424
v -0.012787 0.001000 -0.088442
v -0.013648 0.001000 -0.089468
v -0.013648 -0.001000 -0.089468
v -0.014540 0.001000 -0.090466
v -0.014540 -0.001000 -0.090466
v -0.015486 0.001000 -0.091461
v -0.015486 -0.001000 -0.091461
v -0.016462 0.001000 -0.092426
v -0.017485 0.001000 -0.093378
v -0.016462 -0.001000 -0.092426
v -0.017485 -0.001000 -0.093378
v -0.018536 -0.001000 -0.094298
v -0.019333 -0.001000 -0.094959
v -0.018536 0.001000 -0.094298
v -0.019333 0.001000 -0.094959
v -0.020145 0.001000 -0.095602
v -0.020145 0.000000 -0.095602
v -0.020145 -0.001000 -0.095602
v -0.007626 -0.001000 -0.080214
v -0.070168 0.001000 -0.061394
v -0.070168 0.000000 -0.061394
v -0.071275 0.001000 -0.061331
v -0.071275 -0.001000 -0.061331
v -0.072378 0.001000 -0.061228
v -0.073541 0.001000 -0.061077
v -0.072378 -0.001000 -0.061228
v -0.073541 -0.001000 -0.061077
v -0.074698 -0.001000 -0.060884
v -0.074698 0.001000 -0.060884
v -0.075909 -0.001000 -0.060639
v -0.075909 0.001000 -0.060639
v -0.077111 -0.001000 -0.060351
v -0.078359 -0.001000 -0.060007
v -0.077111 0.001000 -0.060351
v -0.078359 0.001000 -0.060007
v -0.079594 0.001000 -0.059620
v -0.080866 0.001000 -0.059174
v -0.079594 -0.001000 -0.059620
v -0.080866 -0.001000 -0.059174
v -0.082122 -0.001000 -0.058686
v -0.082122 0.001000 -0.058686
v -0.083405 -0.001000 -0.058138
v -0.084668 -0.001000 -0.057548
v -0.083405 0.001000 -0.058138
v -0.084668 0.001000 -0.057548
v -0.085946 0.001000 -0.056900
v -0.085946 -0.001000 -0.056900
v -0.087202 0.001000 -0.056211
v -0.088460 0.001000 -0.055467
v -0.087202 -0.001000 -0.056211
v -0.088460 -0.001000 -0.055467
v -0.089694 -0.001000 -0.054683
v -0.090629 -0.001000 -0.054053
v -0.089694 0.001000 -0.054683
v -0.090629 0.001000 -0.054053
v -0.091549 0.000000 -0.053400
v -0.091549 0.001000 -0.053400
v -0.091549 -0.001000 -0.053400
v -0.070168 -0.001000 -0.061394
v -0.080186 0.001000 0.007569
v -0.080186 0.000000 0.007569
v -0.081209 0.001000 0.008057
v -0.082216 0.001000 0.008578
v -0.081209 -0.001000 0.008057
v -0.080186 -0.001000 0.007569
v -0.082216 -0.001000 0.008578
v -0.083257 -0.001000 0.009159
v -0.084278 -0.001000 0.009773
v -0.083257 0.001000 0.009159
v -0.084278 0.001000 0.009773
v -0.085326 0.001000 0.010449
v -0.086352 0.001000 0.011159
v -0.085326 -0.001000 0.010449
v -0.086352 -0.001000 0.011159
v -0.087396 -0.001000 0.011929
v -0.088414 -0.001000 0.012731
v -0.087396 0.001000 0.011929
v -0.088414 0.001000 0.012731
v -0.089439 0.001000 0.013592
v -0.090437 0.001000 0.014484
v -0.089439 -0.001000 0.013592
v -0.090437 -0.001000 0.014484
v -0.091433 -0.001000 0.015430
v -0.091433 0.001000 0.015430
v -0.092398 -0.001000 0.016406
v -0.093350 -0.001000 0.017428
v -0.092398 0.001000 0.016406
v -0.093350 0.001000 0.017428
v -0.094270 0.001000 0.018480
v -0.094270 -0.001000 0.018480
v -0.094931 0.001000 0.019277
v -0.095574 0.001000 0.020088
v -0.094931 -0.001000 0.019277
v -0.095574 0.000000 0.020088
v -0.095574 -0.001000 0.020088
v -0.061366 0.001000 0.070112
v -0.061366 -0.000000 0.070112
v -0.061303 0.001000 0.071218
v -0.061303 -0.001000 0.071218
v -0.061199 0.001000 0.072322
v -0.061048 0.001000 0.073485
v -0.061199 -0.001000 0.072322
v -0.061048 -0.001000 0.073485
v -0.060856 -0.001000 0.074642
v -0.060856 0.001000 0.074642
v -0.060611 -0.001000 0.075853
v -0.060323 -0.001000 0.077054
v -0.060611 0.001000 0.075853
v -0.060323 0.001000 0.077054
v -0.059979 0.001000 0.078302
v -0.059979 -0.001000 0.078302
v -0.059592 0.001000 0.079538
v -0.059592 -0.001000 0.079538
v -0.059146 0.001000 0.080810
v -0.059146 -0.001000 0.080810
v -0.058658 0.001000 0.082066
v -0.058109 0.001000 0.083348
v -0.058658 -0.001000 0.082066
v -0.058109 -0.001000 0.083348
v -0.057519 -0.001000 0.084612
v -0.057519 0.001000 0.084612
v -0.056871 -0.001000 0.085890
v -0.056871 0.001000 0.085890
v -0.056183 -0.001000 0.087145
v -0.055439 -0.001000 0.088404
v -0.056183 0.001000 0.087145
v -0.055439 0.001000 0.088404
v -0.054655 0.001000 0.089638
v -0.054655 -0.001000 0.089638
v -0.054024 0.001000 0.090573
v -0.053372 0.001000 0.091492
v -0.054024 -0.001000 0.090573
v -0.053372 -0.000000 0.091492
v -0.053372 -0.001000 0.091492
v -0.061366 -0.001000 0.070112
v 0.007597 0.001000 0.080130
v 0.007597 -0.000000 0.080130
v 0.008085 0.001000 0.081153
v 0.008606 0.001000 0.082159
v 0.008085 -0.001000 0.081153
v 0.007597 -0.001000 0.080130
v 0.008606 -0.001000 0.082159
v 0.009187 -0.001000 0.083200
v 0.009187 0.001000 0.083200
v 0.009801 -0.001000 0.084222
v 0.010478 -0.001000 0.085270
v 0.009801 0.001000 0.084222
v 0.010478 0.001000 0.085270
v 0.011187 0.001000 0.086296
v 0.011187 -0.001000 0.086296
v 0.011957 0.001000 0.087339
v 0.011957 -0.001000 0.087339
v 0.012759 0.001000 0.088358
v 0.013620 0.001000 0.089383
v 0.012759 -0.001000 0.088358
v 0.013620 -0.001000 0.089383
v 0.014512 -0.001000 0.090381
v 0.015458 -0.001000 0.091376
v 0.014512 0.001000 0.090381
v 0.015458 0.001000 0.091376
v 0.016434 0.001000 0.092342
v 0.017456 0.001000 0.093294
v 0.016434 -0.001000 0.092342
v 0.017456 -0.001000 0.093294
v 0.018508 -0.001000 0.094213
v 0.019305 -0.001000 0.094874
v 0.018508 0.001000 0.094213
v 0.019305 0.001000 0.094874
v 0.020117 0.001000 0.095517
v 0.020117 -0.000000 0.095517
v 0.020117 -0.001000 0.095517
v 0.070140 0.001000 0.061310
v 0.070140 -0.000000 0.061310
v 0.071246 0.001000 0.061246
v 0.072350 0.001000 0.061143
v 0.071246 -0.001000 0.061246
v 0.070140 -0.001000 0.061310
v 0.072350 -0.001000 0.061143
v 0.073513 -0.001000 0.060992
v 0.073513 0.001000 0.060992
v 0.074670 -0.001000 0.060800
v 0.074670 0.001000 0.060800
v 0.075881 -0.001000 0.060554
v 0.077083 -0.001000 0.060267
v 0.075881 0.001000 0.060554
v 0.077083 0.001000 0.060267
v 0.078330 0.001000 0.059922
v 0.079566 0.001000 0.059536
v 0.078330 -0.001000 0.059922
v 0.079566 -0.001000 0.059536
v 0.080838 -0.001000 0.059090
v 0.080838 0.001000 0.059090
v 0.082094 -0.001000 0.058601
v 0.082094 0.001000 0.058601
v 0.083376 -0.001000 0.058053
v 0.084640 -0.001000 0.057463
v 0.083376 0.001000 0.058053
v 0.084640 0.001000 0.057463
v 0.085918 0.001000 0.056815
v 0.085918 -0.001000 0.056815
v 0.087174 0.001000 0.056126
v 0.088432 0.001000 0.055382
v 0.087174 -0.001000 0.056126
v 0.088432 -0.001000 0.055382
v 0.089666 -0.001000 0.054599
v 0.090601 -0.001000 0.053968
v 0.089666 0.001000 0.054599
v 0.090601 0.001000 0.053968
v 0.091521 0.000000 0.053315
v 0.091521 0.001000 0.053315
v 0.091521 -0.001000 0.053315
v 0.061522 0.001000 -0.065431
v 0.061522 0.000000 -0.065431
v 0.061430 0.001000 -0.067814
v 0.061338 0.000000 -0.070196
v 0.061338 0.001000 -0.070196
v 0.061430 -0.001000 -0.067814
v 0.061522 -0.001000 -0.065431
v 0.061338 -0.001000 -0.070196
v -0.007626 0.001000 -0.080214
v -0.005258 0.001000 -0.075029
v -0.006442 0.000500 -0.077622
v -0.007626 0.000000 -0.080214
v -0.007626 -0.001000 -0.080214
v -0.006442 0.000000 -0.077622
v -0.006442 -0.000500 -0.077622
v -0.005258 0.000000 -0.075029
v -0.005258 -0.000500 -0.075029
v -0.005258 0.000500 -0.075029
v -0.004075 0.000000 -0.072437
v -0.002891 0.000000 -0.069844
v -0.004075 0.000500 -0.072437
v -0.004075 -0.000500 -0.072437
v -0.002891 -0.001000 -0.069844
v -0.005258 -0.001000 -0.075029
v -0.002891 0.001000 -0.069844
v -0.065403 0.001000 -0.061578
v -0.065403 0.000000 -0.061578
v -0.067786 0.001000 -0.061486
v -0.070168 0.000000 -0.061394
v -0.067786 -0.001000 -0.061486
v -0.070168 0.001000 -0.061394
v -0.065403 -0.001000 -0.061578
v -0.070168 -0.001000 -0.061394
v -0.080186 0.001000 0.007569
v -0.077593 0.000500 0.006386
v -0.075001 0.001000 0.005202
v -0.080186 0.000000 0.007569
v -0.080186 -0.001000 0.007569
v -0.077593 0.000000 0.006386
v -0.077593 -0.000500 0.006386
v -0.075001 -0.000500 0.005202
v -0.075001 -0.001000 0.005202
v -0.072409 -0.000500 0.004018
v -0.069816 -0.001000 0.002835
v -0.069816 0.000000 0.002835
v -0.072409 0.000500 0.004018
v -0.069816 0.001000 0.002835
v -0.072409 0.000000 0.004018
v -0.075001 0.000000 0.005202
v -0.075001 0.000500 0.005202
v -0.061550 0.001000 0.065347
v -0.061458 0.001000 0.067729
v -0.061550 -0.000000 0.065347
v -0.061458 -0.001000 0.067729
v -0.061550 -0.001000 0.065347
v -0.061366 -0.001000 0.070112
v -0.061366 -0.000000 0.070112
v -0.061366 0.001000 0.070112
v 0.002863 0.001000 0.069760
v 0.005230 0.001000 0.074945
v 0.004046 0.000500 0.072352
v 0.002863 -0.000000 0.069760
v 0.002863 -0.001000 0.069760
v 0.004046 -0.000000 0.072352
v 0.004046 -0.000500 0.072352
v 0.005230 -0.001000 0.074945
v 0.005230 -0.000500 0.074945
v 0.005230 -0.000000 0.074945
v 0.006414 -0.000500 0.077537
v 0.006414 -0.000000 0.077537
v 0.007597 -0.001000 0.080130
v 0.007597 -0.000000 0.080130
v 0.007597 0.001000 0.080130
v 0.006414 0.000500 0.077537
v 0.005230 0.000500 0.074945
v 0.065375 0.001000 0.061494
v 0.065375 -0.000000 0.061494
v 0.067757 0.001000 0.061402
v 0.070140 -0.000000 0.061310
v 0.067757 -0.001000 0.061402
v 0.070140 0.001000 0.061310
v 0.070140 -0.001000 0.061310
v 0.065375 -0.001000 0.061494
v 0.096104 0.001000 0.017217
v 0.094754 0.001000 0.015650
v 0.096104 -0.001000 0.017217
v 0.094754 -0.001000 0.015650
v 0.092821 -0.001000 0.013633
v 0.090804 -0.001000 0.011770
v 0.092821 0.001000 0.013633
v 0.090804 0.001000 0.011770
v 0.088729 0.001000 0.010079
v 0.086621 0.001000 0.008569
v 0.088729 -0.001000 0.010079
v 0.086621 -0.001000 0.008569
v 0.084506 -0.001000 0.007246
v 0.084506 0.001000 0.007246
v 0.082409 -0.001000 0.006113
v 0.080350 -0.001000 0.005166
v 0.082409 0.001000 0.006113
v 0.080350 0.001000 0.005166
v 0.096104 -0.001000 0.017217
v 0.098743 -0.001000 0.021122
v 0.096104 0.001000 0.017217
v 0.098743 0.001000 0.021122
v 0.100695 0.001000 0.025745
v 0.100695 -0.001000 0.025745
v 0.101705 0.001000 0.030891
v 0.101705 -0.001000 0.030891
v 0.101604 0.001000 0.036255
v 0.100361 0.001000 0.041474
v 0.101604 -0.001000 0.036255
v 0.100361 -0.001000 0.041474
v 0.098097 -0.001000 0.046205
v 0.098097 0.001000 0.046205
v 0.095007 -0.000500 0.050242
v 0.095052 -0.001000 0.050194
v 0.095007 0.000000 0.050242
v 0.095007 0.000500 0.050242
v 0.093304 0.000000 0.051887
v 0.091521 0.000000 0.053315
v 0.093304 0.000500 0.051887
v 0.093304 -0.000500 0.051887
v 0.091521 -0.001000 0.053315
v 0.095052 0.001000 0.050194
v 0.091521 0.001000 0.053315
v 0.089884 0.001000 -0.056115
v 0.087990 0.001000 -0.057344
v 0.089884 -0.001000 -0.056115
v 0.087990 -0.001000 -0.057344
v 0.085453 -0.001000 -0.058796
v 0.085453 0.001000 -0.058796
v 0.082881 -0.001000 -0.060056
v 0.082881 0.001000 -0.060056
v 0.080301 -0.001000 -0.061118
v 0.080301 0.001000 -0.061118
v 0.077747 -0.001000 -0.061976
v 0.075242 -0.001000 -0.062632
v 0.077747 0.001000 -0.061976
v 0.075242 0.001000 -0.062632
v 0.072815 0.001000 -0.063093
v 0.070486 0.001000 -0.063366
v 0.072815 -0.001000 -0.063093
v 0.070486 -0.001000 -0.063366
v 0.068272 -0.001000 -0.063467
v 0.068272 0.001000 -0.063467
v 0.017245 0.001000 -0.096160
v 0.015678 0.001000 -0.094810
v 0.017245 -0.001000 -0.096160
v 0.015678 -0.001000 -0.094810
v 0.013661 -0.001000 -0.092877
v 0.011798 -0.001000 -0.090860
v 0.013661 0.001000 -0.092877
v 0.011798 0.001000 -0.090860
v 0.010107 0.001000 -0.088785
v 0.008597 0.001000 -0.086677
v 0.010107 -0.001000 -0.088785
v 0.008597 -0.001000 -0.086677
v 0.007274 -0.001000 -0.084563
v 0.007274 0.001000 -0.084563
v 0.006141 -0.001000 -0.082465
v 0.006141 0.001000 -0.082465
v 0.005194 -0.001000 -0.080406
v 0.005194 0.001000 -0.080406
v -0.056087 0.001000 -0.089940
v -0.057316 0.001000 -0.088046
v -0.056087 -0.001000 -0.089940
v -0.057316 -0.001000 -0.088046
v -0.058767 -0.001000 -0.085509
v -0.058767 0.001000 -0.085509
v -0.060028 -0.001000 -0.082937
v -0.061089 -0.001000 -0.080358
v -0.060028 0.001000 -0.082937
v -0.061089 0.001000 -0.080358
v -0.061948 0.001000 -0.077803
v -0.062604 0.001000 -0.075299
v -0.061948 -0.001000 -0.077803
v -0.062604 -0.001000 -0.075299
v -0.063065 -0.001000 -0.072871
v -0.063338 -0.001000 -0.070542
v -0.063065 0.001000 -0.072871
v -0.063338 0.001000 -0.070542
v -0.063439 0.001000 -0.068328
v -0.063439 -0.001000 -0.068328
v -0.096132 0.001000 -0.017301
v -0.094782 0.001000 -0.015734
v -0.096132 -0.001000 -0.017301
v -0.094782 -0.001000 -0.015734
v -0.092849 -0.001000 -0.013717
v -0.092849 0.001000 -0.013717
v -0.090832 -0.001000 -0.011855
v -0.088757 -0.001000 -0.010163
v -0.090832 0.001000 -0.011855
v -0.088757 0.001000 -0.010163
v -0.086649 0.001000 -0.008653
v -0.086649 -0.001000 -0.008653
v -0.084535 0.001000 -0.007331
v -0.082437 0.001000 -0.006197
v -0.084535 -0.001000 -0.007331
v -0.082437 -0.001000 -0.006197
v -0.080378 -0.001000 -0.005250
v -0.080378 0.001000 -0.005250
v -0.089912 0.001000 0.056030
v -0.088018 0.001000 0.057259
v -0.089912 -0.001000 0.056030
v -0.088018 -0.001000 0.057259
v -0.085481 -0.001000 0.058711
v -0.082909 -0.001000 0.059972
v -0.085481 0.001000 0.058711
v -0.082909 0.001000 0.059972
v -0.080330 0.001000 0.061033
v -0.077775 0.001000 0.061891
v -0.080330 -0.001000 0.061033
v -0.077775 -0.001000 0.061891
v -0.075271 -0.001000 0.062548
v -0.075271 0.001000 0.062548
v -0.072843 -0.001000 0.063008
v -0.072843 0.001000 0.063008
v -0.070514 -0.001000 0.063282
v -0.070514 0.001000 0.063282
v -0.068300 -0.001000 0.063383
v -0.068300 0.001000 0.063383
v -0.017273 0.001000 0.096076
v -0.015706 0.001000 0.094726
v -0.017273 -0.001000 0.096076
v -0.015706 -0.001000 0.094726
v -0.013689 -0.001000 0.092793
v -0.013689 0.001000 0.092793
v -0.011827 -0.001000 0.090775
v -0.011827 0.001000 0.090775
v -0.010135 -0.001000 0.088701
v -0.010135 0.001000 0.088701
v -0.008625 -0.001000 0.086593
v -0.007303 -0.001000 0.084478
v -0.008625 0.001000 0.086593
v -0.007303 0.001000 0.084478
v -0.006169 0.001000 0.082380
v -0.005222 0.001000 0.080322
v -0.006169 -0.001000 0.082380
v -0.005222 -0.001000 0.080322
v 0.056058 0.001000 0.089856
v 0.057287 0.001000 0.087962
v 0.056058 -0.001000 0.089856
v 0.057287 -0.001000 0.087962
v 0.058739 -0.001000 0.085425
v 0.058739 0.001000 0.085425
v 0.060000 -0.001000 0.082853
v 0.061061 -0.001000 0.080273
v 0.060000 0.001000 0.082853
v 0.061061 0.001000 0.080273
v 0.061920 0.001000 0.077719
v 0.062838 -0.000000 0.073949
v 0.062838 -0.000500 0.073949
v 0.063251 -0.000000 0.071109
v 0.062838 0.000500 0.073949
v 0.061920 -0.001000 0.077719
v 0.062576 -0.001000 0.075214
v 0.063036 -0.001000 0.072787
v 0.063251 -0.000500 0.071109
v 0.063310 -0.001000 0.070458
v 0.063411 -0.001000 0.068244
v 0.063411 -0.000000 0.068244
v 0.063411 0.001000 0.068244
v 0.063251 0.000500 0.071109
v 0.063036 0.001000 0.072787
v 0.063310 0.001000 0.070458
v 0.062576 0.001000 0.075214
v 0.089884 -0.001000 -0.056115
v 0.093507 -0.001000 -0.053100
v 0.089884 0.001000 -0.056115
v 0.093507 0.001000 -0.053100
v 0.096669 0.001000 -0.049205
v 0.096669 -0.001000 -0.049205
v 0.099073 0.001000 -0.044545
v 0.099073 -0.001000 -0.044545
v 0.100472 0.001000 -0.039366
v 0.100733 0.001000 -0.034008
v 0.100472 -0.001000 -0.039366
v 0.100733 -0.001000 -0.034008
v 0.099878 -0.001000 -0.028834
v 0.098066 -0.001000 -0.024155
v 0.098036 0.000000 -0.024096
v 0.099878 0.001000 -0.028834
v 0.098036 -0.000500 -0.024096
v 0.096860 -0.000500 -0.022042
v 0.096860 0.000000 -0.022042
v 0.095545 -0.001000 -0.020173
v 0.095545 0.000000 -0.020173
v 0.095545 0.001000 -0.020173
v 0.096860 0.000500 -0.022042
v 0.098036 0.000500 -0.024096
v 0.098066 0.001000 -0.024155
v 0.017245 -0.001000 -0.096160
v 0.021150 -0.001000 -0.098800
v 0.017245 0.001000 -0.096160
v 0.021150 0.001000 -0.098800
v 0.025773 0.001000 -0.100751
v 0.025773 -0.001000 -0.100751
v 0.030919 0.001000 -0.101761
v 0.030919 -0.001000 -0.101761
v 0.036283 0.001000 -0.101660
v 0.041503 0.001000 -0.100417
v 0.036283 -0.001000 -0.101660
v 0.041503 -0.001000 -0.100417
v 0.046233 -0.001000 -0.098153
v 0.050270 -0.000500 -0.095063
v 0.050222 -0.001000 -0.095108
v 0.050270 0.000000 -0.095063
v 0.046233 0.001000 -0.098153
v 0.050270 0.000500 -0.095063
v 0.050222 0.001000 -0.095108
v 0.053343 0.001000 -0.091577
v 0.051915 0.000500 -0.093361
v 0.053343 0.000000 -0.091577
v 0.051915 0.000000 -0.093361
v 0.051915 -0.000500 -0.093361
v 0.053343 -0.001000 -0.091577
v -0.056087 -0.001000 -0.089940
v -0.053072 -0.001000 -0.093563
v -0.056087 0.001000 -0.089940
v -0.053072 0.001000 -0.093563
v -0.049176 0.001000 -0.096726
v -0.049176 -0.001000 -0.096726
v -0.044516 0.001000 -0.099130
v -0.044516 -0.001000 -0.099130
v -0.039337 0.001000 -0.100528
v -0.033979 0.001000 -0.100789
v -0.039337 -0.001000 -0.100528
v -0.033979 -0.001000 -0.100789
v -0.028806 -0.001000 -0.099934
v -0.028806 0.001000 -0.099934
v -0.024068 -0.000500 -0.098092
v -0.024127 -0.001000 -0.098122
v -0.024068 0.000000 -0.098092
v -0.024068 0.000500 -0.098092
v -0.022014 0.000000 -0.096916
v -0.020145 0.000000 -0.095602
v -0.022014 0.000500 -0.096916
v -0.022014 -0.000500 -0.096916
v -0.020145 -0.001000 -0.095602
v -0.024127 0.001000 -0.098122
v -0.020145 0.001000 -0.095602
v -0.096132 -0.001000 -0.017301
v -0.098771 -0.001000 -0.021206
v -0.096132 0.001000 -0.017301
v -0.098771 0.001000 -0.021206
v -0.100723 0.001000 -0.025830
v -0.100723 -0.001000 -0.025830
v -0.101733 0.001000 -0.030976
v -0.101733 -0.001000 -0.030976
v -0.101632 0.001000 -0.036340
v -0.100389 0.001000 -0.041559
v -0.101632 -0.001000 -0.036340
v -0.100389 -0.001000 -0.041559
v -0.098125 -0.001000 -0.046289
v -0.098125 0.001000 -0.046289
v -0.095035 -0.000500 -0.050326
v -0.095080 -0.001000 -0.050278
v -0.095035 0.000000 -0.050326
v -0.095035 0.000500 -0.050326
v -0.093333 0.000000 -0.051971
v -0.091549 0.000000 -0.053400
v -0.093333 0.000500 -0.051971
v -0.093333 -0.000500 -0.051971
v -0.091549 -0.001000 -0.053400
v -0.095080 0.001000 -0.050278
v -0.091549 0.001000 -0.053400
v -0.089912 -0.001000 0.056030
v -0.093535 -0.001000 0.053016
v -0.089912 0.001000 0.056030
v -0.093535 0.001000 0.053016
v -0.096697 0.001000 0.049120
v -0.096697 -0.001000 0.049120
v -0.099102 0.001000 0.044460
v -0.099102 -0.001000 0.044460
v -0.100500 0.001000 0.039281
v -0.100761 0.001000 0.033923
v -0.100500 -0.001000 0.039281
v -0.100761 -0.001000 0.033923
v -0.099906 -0.001000 0.028750
v -0.099906 0.001000 0.028750
v -0.098064 -0.000500 0.024012
v -0.098094 -0.001000 0.024071
v -0.098064 0.000000 0.024012
v -0.098064 0.000500 0.024012
v -0.096888 0.000000 0.021957
v -0.096888 0.000500 0.021957
v -0.096888 -0.000500 0.021957
v -0.095574 0.000000 0.020088
v -0.095574 -0.001000 0.020088
v -0.095574 0.001000 0.020088
v -0.098094 0.001000 0.024071
v -0.017273 -0.001000 0.096076
v -0.021178 -0.001000 0.098715
v -0.017273 0.001000 0.096076
v -0.021178 0.001000 0.098715
v -0.025802 0.001000 0.100667
v -0.025802 -0.001000 0.100667
v -0.030948 0.001000 0.101677
v -0.030948 -0.001000 0.101677
v -0.036312 0.001000 0.101576
v -0.041531 0.001000 0.100333
v -0.036312 -0.001000 0.101576
v -0.041531 -0.001000 0.100333
v -0.046261 -0.001000 0.098069
v -0.050298 -0.000000 0.094979
v -0.046261 0.001000 0.098069
v -0.050298 -0.000500 0.094979
v -0.050250 -0.001000 0.095024
v -0.053372 -0.001000 0.091492
v -0.051943 -0.000500 0.093276
v -0.053372 -0.000000 0.091492
v -0.053372 0.001000 0.091492
v -0.051943 -0.000000 0.093276
v -0.051943 0.000500 0.093276
v -0.050298 0.000500 0.094979
v -0.050250 0.001000 0.095024
v 0.056058 -0.001000 0.089856
v 0.053044 -0.001000 0.093479
v 0.056058 0.001000 0.089856
v 0.053044 0.001000 0.093479
v 0.049148 0.001000 0.096641
v 0.049148 -0.001000 0.096641
v 0.044488 0.001000 0.099045
v 0.044488 -0.001000 0.099045
v 0.039309 0.001000 0.100444
v 0.033951 0.001000 0.100705
v 0.039309 -0.001000 0.100444
v 0.033951 -0.001000 0.100705
v 0.028778 -0.001000 0.099850
v 0.024040 -0.000000 0.098008
v 0.028778 0.001000 0.099850
v 0.024040 -0.000500 0.098008
v 0.024099 -0.001000 0.098038
v 0.020117 -0.001000 0.095517
v 0.021986 -0.000500 0.096832
v 0.020117 -0.000000 0.095517
v 0.021986 -0.000000 0.096832
v 0.021986 0.000500 0.096832
v 0.020117 0.001000 0.095517
v 0.024099 0.001000 0.098038
v 0.024040 0.000500 0.098008
v 0.069843 0.001000 0.000744
v 0.069843 0.000000 0.000744
v 0.072470 0.001000 0.001849
v 0.072470 -0.001000 0.001849
v 0.075096 0.001000 0.002955
v 0.075096 -0.001000 0.002955
v 0.077723 0.001000 0.004060
v 0.077723 -0.001000 0.004060
v 0.080350 0.001000 0.005166
v 0.080350 -0.001000 0.005166
v 0.069843 -0.001000 0.000744
v 0.069788 0.001000 -0.002919
v 0.069788 0.000000 -0.002919
v 0.069370 0.001000 -0.002662
v 0.068987 0.001000 -0.002256
v 0.069370 -0.001000 -0.002662
v 0.069788 -0.001000 -0.002919
v 0.068987 -0.001000 -0.002256
v 0.068713 -0.001000 -0.001708
v 0.068713 0.001000 -0.001708
v 0.068619 -0.001000 -0.001070
v 0.068732 -0.001000 -0.000435
v 0.068619 0.001000 -0.001070
v 0.068732 0.001000 -0.000435
v 0.069022 0.001000 0.000105
v 0.069417 0.001000 0.000499
v 0.069022 -0.001000 0.000105
v 0.069417 -0.001000 0.000499
v 0.069843 -0.001000 0.000744
v 0.069843 0.000000 0.000744
v 0.069843 0.001000 0.000744
v 0.005194 0.001000 -0.080406
v 0.002983 0.000500 -0.075153
v 0.002983 0.000000 -0.075153
v 0.005194 -0.001000 -0.080406
v 0.002983 0.001000 -0.075153
v 0.000772 0.001000 -0.069899
v 0.001877 0.000500 -0.072526
v 0.001877 0.000000 -0.072526
v 0.000772 0.000000 -0.069899
v 0.001877 -0.000500 -0.072526
v 0.002983 -0.001000 -0.075153
v 0.002983 -0.000500 -0.075153
v 0.000772 -0.001000 -0.069899
v -0.080378 0.001000 -0.005250
v -0.077751 0.001000 -0.004145
v -0.080378 -0.001000 -0.005250
v -0.077751 -0.001000 -0.004145
v -0.075124 -0.001000 -0.003039
v -0.072498 -0.001000 -0.001934
v -0.075124 0.001000 -0.003039
v -0.072498 0.001000 -0.001934
v -0.069871 0.001000 -0.000828
v -0.069871 0.000000 -0.000828
v -0.069871 -0.001000 -0.000828
v -0.000800 0.001000 0.069815
v -0.000800 -0.000000 0.069815
v -0.001906 0.000500 0.072441
v -0.003011 0.001000 0.075068
v -0.003011 0.000500 0.075068
v -0.005222 0.001000 0.080322
v -0.005222 -0.001000 0.080322
v -0.003011 -0.000000 0.075068
v -0.003011 -0.000500 0.075068
v -0.001906 -0.000000 0.072441
v -0.001906 -0.000500 0.072441
v -0.003011 -0.001000 0.075068
v -0.000800 -0.001000 0.069815
v -0.002891 0.001000 -0.069844
v -0.002891 0.000000 -0.069844
v -0.002634 0.001000 -0.069426
v -0.002228 0.001000 -0.069043
v -0.002634 -0.001000 -0.069426
v -0.002891 -0.001000 -0.069844
v -0.002228 -0.001000 -0.069043
v -0.001679 -0.001000 -0.068770
v -0.001042 -0.001000 -0.068675
v -0.001679 0.001000 -0.068770
v -0.001042 0.001000 -0.068675
v -0.000407 0.001000 -0.068789
v 0.000133 0.001000 -0.069079
v -0.000407 -0.001000 -0.068789
v 0.000133 -0.001000 -0.069079
v 0.000527 -0.001000 -0.069473
v 0.000772 -0.001000 -0.069899
v 0.000527 0.001000 -0.069473
v 0.000772 0.001000 -0.069899
v 0.000772 0.000000 -0.069899
v -0.069816 0.001000 0.002835
v -0.069816 0.000000 0.002835
v -0.069398 0.001000 0.002577
v -0.069015 0.001000 0.002172
v -0.069398 -0.001000 0.002577
v -0.069015 -0.001000 0.002172
v -0.069816 -0.001000 0.002835
v -0.068741 -0.001000 0.001623
v -0.068647 -0.001000 0.000985
v -0.068741 0.001000 0.001623
v -0.068647 0.001000 0.000985
v -0.068761 0.001000 0.000351
v -0.069050 0.001000 -0.000189
v -0.068761 -0.001000 0.000351
v -0.069050 -0.001000 -0.000189
v -0.069445 -0.001000 -0.000583
v -0.069871 -0.001000 -0.000828
v -0.069871 0.000000 -0.000828
v -0.069445 0.001000 -0.000583
v -0.069871 0.001000 -0.000828
v 0.002863 0.001000 0.069760
v 0.002863 -0.000000 0.069760
v 0.002605 0.001000 0.069341
v 0.002200 0.001000 0.068959
v 0.002605 -0.001000 0.069341
v 0.002863 -0.001000 0.069760
v 0.002200 -0.001000 0.068959
v 0.001651 -0.001000 0.068685
v 0.001014 -0.001000 0.068591
v 0.001651 0.001000 0.068685
v 0.001014 0.001000 0.068591
v 0.000379 0.001000 0.068704
v -0.000161 0.001000 0.068994
v 0.000379 -0.001000 0.068704
v -0.000161 -0.001000 0.068994
v -0.000555 -0.001000 0.069389
v -0.000800 -0.001000 0.069815
v -0.000555 0.001000 0.069389
v -0.000800 0.001000 0.069815
v -0.000800 -0.000000 0.069815
v 0.068272 0.001000 -0.063467
v 0.065888 0.001000 -0.063488
v 0.068272 -0.001000 -0.063467
v 0.065888 -0.001000 -0.063488
v 0.063503 -0.001000 -0.063508
v 0.063503 0.000000 -0.063508
v 0.063503 0.001000 -0.063508
v -0.063439 0.001000 -0.068328
v -0.063460 0.001000 -0.065944
v -0.063439 -0.001000 -0.068328
v -0.063460 -0.001000 -0.065944
v -0.063480 0.000000 -0.063560
v -0.063480 -0.001000 -0.063560
v -0.063480 0.001000 -0.063560
v -0.068300 0.001000 0.063383
v -0.065916 0.001000 0.063403
v -0.068300 -0.001000 0.063383
v -0.065916 -0.001000 0.063403
v -0.063531 -0.001000 0.063424
v -0.063531 -0.000000 0.063424
v -0.063531 0.001000 0.063424
v 0.063411 0.001000 0.068244
v 0.063421 0.001000 0.067052
v 0.063411 -0.000000 0.068244
v 0.063411 -0.001000 0.068244
v 0.063421 -0.001000 0.067052
v 0.063431 -0.001000 0.065859
v 0.063431 0.001000 0.065859
v 0.063442 -0.001000 0.064667
v 0.063442 0.001000 0.064667
v 0.063452 -0.000000 0.063475
v 0.063452 -0.001000 0.063475
v 0.063452 0.001000 0.063475
v 0.061522 0.001000 -0.065431
v 0.061683 0.001000 -0.064720
v 0.061522 0.000000 -0.065431
v 0.061522 -0.001000 -0.065431
v 0.061683 -0.001000 -0.064720
v 0.062128 -0.001000 -0.064073
v 0.062788 -0.001000 -0.063647
v 0.062128 0.001000 -0.064073
v 0.062788 0.001000 -0.063647
v 0.063503 0.000000 -0.063508
v 0.063503 0.001000 -0.063508
v 0.063503 -0.001000 -0.063508
v -0.065403 0.001000 -0.061578
v -0.065403 0.000000 -0.061578
v -0.064692 0.001000 -0.061739
v -0.064045 0.001000 -0.062184
v -0.064692 -0.001000 -0.061739
v -0.064045 -0.001000 -0.062184
v -0.065403 -0.001000 -0.061578
v -0.063619 -0.001000 -0.062844
v -0.063619 0.001000 -0.062844
v -0.063480 -0.001000 -0.063560
v -0.063480 0.000000 -0.063560
v -0.063480 0.001000 -0.063560
v -0.061550 0.001000 0.065347
v -0.061711 0.001000 0.064635
v -0.061550 -0.000000 0.065347
v -0.061550 -0.001000 0.065347
v -0.061711 -0.001000 0.064635
v -0.062156 -0.001000 0.063989
v -0.062816 -0.001000 0.063563
v -0.062156 0.001000 0.063989
v -0.062816 0.001000 0.063563
v -0.063531 -0.000000 0.063424
v -0.063531 0.001000 0.063424
v -0.063531 -0.001000 0.063424
v 0.065375 0.001000 0.061494
v 0.065375 -0.000000 0.061494
v 0.064664 0.001000 0.061654
v 0.064017 0.001000 0.062100
v 0.064664 -0.001000 0.061654
v 0.064017 -0.001000 0.062100
v 0.065375 -0.001000 0.061494
v 0.063591 -0.001000 0.062759
v 0.063591 0.001000 0.062759
v 0.063452 -0.001000 0.063475
v 0.063452 -0.000000 0.063475
v 0.063452 0.001000 0.063475
v 0.099583 -0.001000 -0.014040
v 0.101177 -0.000500 -0.016012
v 0.101177 -0.001000 -0.016012
v 0.099583 0.000000 -0.014040
v 0.101177 0.000000 -0.016012
v 0.101177 0.000500 -0.016012
v 0.099583 0.001000 -0.014040
v 0.101177 0.001000 -0.016012
v 0.102679 0.001000 -0.018065
v 0.102679 0.000500 -0.018065
v 0.105374 0.001000 -0.022358
v 0.105374 0.000000 -0.022358
v 0.109514 0.001000 -0.031868
v 0.109514 0.000000 -0.031868
v 0.110814 0.001000 -0.037008
v 0.111450 0.001000 -0.041906
v 0.110814 0.000000 -0.037008
v 0.111450 -0.001000 -0.041906
v 0.110814 -0.001000 -0.037008
v 0.109514 -0.001000 -0.031868
v 0.105374 -0.001000 -0.022358
v 0.102679 -0.001000 -0.018065
v 0.102679 -0.000500 -0.018065
v 0.102679 0.000000 -0.018065
v 0.090669 -0.001000 -0.063899
v 0.090669 0.000000 -0.063899
v 0.095550 -0.001000 -0.060671
v 0.079879 -0.001000 -0.068644
v 0.079879 0.000000 -0.068644
v 0.073935 -0.001000 -0.070003
v 0.068333 -0.001000 -0.070467
v 0.073935 0.000000 -0.070003
v 0.068333 0.001000 -0.070467
v 0.073935 0.001000 -0.070003
v 0.079879 0.001000 -0.068644
v 0.090669 0.001000 -0.063899
v 0.095550 0.001000 -0.060671
v 0.100063 0.001000 -0.056936
v 0.095550 0.000000 -0.060671
v 0.100063 -0.001000 -0.056936
v -0.022330 -0.001000 -0.105430
v -0.018037 -0.001000 -0.102736
v -0.018037 -0.000500 -0.102736
v -0.022330 0.000000 -0.105430
v -0.031840 -0.001000 -0.109571
v -0.031840 0.000000 -0.109571
v -0.036980 -0.001000 -0.110870
v -0.041878 -0.001000 -0.111507
v -0.036980 0.000000 -0.110870
v -0.041878 0.001000 -0.111507
v -0.036980 0.001000 -0.110870
v -0.031840 0.001000 -0.109571
v -0.022330 0.001000 -0.105430
v -0.018037 0.000500 -0.102736
v -0.018037 0.001000 -0.102736
v -0.015984 0.001000 -0.101233
v -0.014011 0.001000 -0.099639
v -0.015984 0.000500 -0.101233
v -0.014011 0.000000 -0.099639
v -0.015984 0.000000 -0.101233
v -0.018037 0.000000 -0.102736
v -0.015984 -0.000500 -0.101233
v -0.015984 -0.001000 -0.101233
v -0.014011 -0.001000 -0.099639
v -0.056908 -0.001000 -0.100119
v -0.060643 0.000000 -0.095607
v -0.060643 -0.001000 -0.095607
v -0.056908 0.001000 -0.100119
v -0.060643 0.001000 -0.095607
v -0.063871 0.001000 -0.090725
v -0.063871 0.000000 -0.090725
v -0.068616 0.001000 -0.079936
v -0.068616 0.000000 -0.079936
v -0.069974 0.001000 -0.073992
v -0.070438 0.001000 -0.068389
v -0.069974 0.000000 -0.073992
v -0.070438 -0.001000 -0.068389
v -0.069974 -0.001000 -0.073992
v -0.068616 -0.001000 -0.079936
v -0.063871 -0.001000 -0.090725
v -0.099611 -0.001000 0.013955
v -0.101205 -0.000500 0.015928
v -0.101205 -0.001000 0.015928
v -0.099611 0.000000 0.013955
v -0.101205 0.000000 0.015928
v -0.101205 0.000500 0.015928
v -0.099611 0.001000 0.013955
v -0.101205 0.001000 0.015928
v -0.102708 0.001000 0.017980
v -0.105402 0.001000 0.022274
v -0.102708 0.000500 0.017980
v -0.105402 0.000000 0.022274
v -0.102708 0.000000 0.017980
v -0.102708 -0.000500 0.017980
v -0.102708 -0.001000 0.017980
v -0.105402 -0.001000 0.022274
v -0.109543 -0.001000 0.031784
v -0.109543 0.000000 0.031784
v -0.110842 -0.001000 0.036924
v -0.111478 -0.001000 0.041822
v -0.110842 0.000000 0.036924
v -0.111478 0.001000 0.041822
v -0.110842 0.001000 0.036924
v -0.109543 0.001000 0.031784
v -0.100091 -0.001000 0.056851
v -0.095578 -0.000000 0.060587
v -0.095578 -0.001000 0.060587
v -0.100091 0.001000 0.056851
v -0.095578 0.001000 0.060587
v -0.090697 0.001000 0.063815
v -0.090697 -0.000000 0.063815
v -0.079907 0.001000 0.068560
v -0.079907 -0.000000 0.068560
v -0.073963 0.001000 0.069918
v -0.068361 0.001000 0.070382
v -0.073963 -0.000000 0.069918
v -0.068361 -0.001000 0.070382
v -0.073963 -0.001000 0.069918
v -0.079907 -0.001000 0.068560
v -0.090697 -0.001000 0.063815
v 0.013983 -0.001000 0.099554
v 0.015956 -0.000500 0.101149
v 0.015956 -0.001000 0.101149
v 0.013983 -0.000000 0.099554
v 0.015956 -0.000000 0.101149
v 0.015956 0.000500 0.101149
v 0.013983 0.001000 0.099554
v 0.015956 0.001000 0.101149
v 0.018009 0.001000 0.102651
v 0.022302 0.001000 0.105345
v 0.018009 0.000500 0.102651
v 0.022302 -0.000000 0.105345
v 0.018009 -0.000000 0.102651
v 0.018009 -0.000500 0.102651
v 0.018009 -0.001000 0.102651
v 0.022302 -0.001000 0.105345
v 0.031812 -0.001000 0.109486
v 0.031812 -0.000000 0.109486
v 0.036952 -0.001000 0.110786
v 0.041850 -0.001000 0.111422
v 0.036952 -0.000000 0.110786
v 0.041850 0.001000 0.111422
v 0.036952 0.001000 0.110786
v 0.031812 0.001000 0.109486
v 0.063843 -0.001000 0.090641
v 0.063843 -0.000000 0.090641
v 0.060615 -0.001000 0.095522
v 0.068588 -0.001000 0.079851
v 0.068588 -0.000000 0.079851
v 0.069946 -0.001000 0.073907
v 0.070410 -0.001000 0.068304
v 0.069946 -0.000000 0.073907
v 0.070410 0.001000 0.068304
v 0.069946 0.001000 0.073907
v 0.068588 0.001000 0.079851
v 0.063843 0.001000 0.090641
v 0.060615 0.001000 0.095522
v 0.056880 0.001000 0.100035
v 0.060615 -0.000000 0.095522
v 0.056880 -0.001000 0.100035
v 0.096556 0.001000 0.011091
v 0.098485 0.001000 0.009399
v 0.098485 0.000000 0.009399
v 0.096556 -0.001000 0.011091
v 0.098485 -0.001000 0.009399
v 0.096556 -0.001000 0.011091
v 0.097973 -0.001000 0.012707
v 0.096556 0.001000 0.011091
v 0.097973 0.001000 0.012707
v 0.112654 -0.001000 0.038466
v 0.111879 0.000000 0.033624
v 0.111879 -0.001000 0.033624
v 0.112654 0.001000 0.038466
v 0.111879 0.001000 0.033624
v 0.110443 0.001000 0.028563
v 0.110443 0.000000 0.028563
v 0.106176 0.001000 0.019412
v 0.106176 0.000000 0.019412
v 0.103279 0.001000 0.015042
v 0.103279 0.000500 0.015042
v 0.101666 0.000500 0.012960
v 0.103279 0.000000 0.015042
v 0.101666 0.000000 0.012960
v 0.103279 -0.000500 0.015042
v 0.106176 -0.001000 0.019412
v 0.101666 -0.000500 0.012960
v 0.103279 -0.001000 0.015042
v 0.101666 -0.001000 0.012960
v 0.099957 -0.001000 0.010967
v 0.099957 0.000000 0.010967
v 0.099957 0.001000 0.010967
v 0.101666 0.001000 0.012960
v 0.110443 -0.001000 0.028563
v 0.091155 -0.001000 0.003188
v 0.094905 -0.001000 0.006067
v 0.094905 -0.000500 0.006067
v 0.091155 0.000000 0.003188
v 0.087100 -0.001000 0.000671
v 0.083065 -0.001000 -0.001286
v 0.087100 0.000000 0.000671
v 0.087100 0.001000 0.000671
v 0.083065 0.001000 -0.001286
v 0.091155 0.001000 0.003188
v 0.094905 0.000500 0.006067
v 0.094905 0.001000 0.006067
v 0.096722 0.001000 0.007679
v 0.098485 0.001000 0.009399
v 0.096722 0.000500 0.007679
v 0.096722 0.000000 0.007679
v 0.098485 0.000000 0.009399
v 0.098485 -0.001000 0.009399
v 0.096722 -0.000500 0.007679
v 0.096722 -0.001000 0.007679
v 0.094905 0.000000 0.006067
v 0.097973 0.001000 0.012707
v 0.099957 0.001000 0.010967
v 0.099957 0.000000 0.010967
v 0.097973 -0.001000 0.012707
v 0.099957 -0.001000 0.010967
v 0.096179 0.001000 -0.014061
v 0.098158 0.000000 -0.012428
v 0.098158 0.001000 -0.012428
v 0.096179 -0.001000 -0.014061
v 0.098158 -0.001000 -0.012428
v 0.096179 -0.001000 -0.014061
v 0.097548 -0.001000 -0.015719
v 0.096179 0.001000 -0.014061
v 0.097548 0.001000 -0.015719
v 0.083065 -0.001000 -0.001286
v 0.087045 -0.001000 -0.003366
v 0.087045 0.000000 -0.003366
v 0.083065 0.001000 -0.001286
v 0.087045 0.001000 -0.003366
v 0.091029 0.001000 -0.006009
v 0.091029 0.000000 -0.006009
v 0.094685 0.001000 -0.008995
v 0.094685 0.000500 -0.008995
v 0.096450 0.000500 -0.010659
v 0.094685 0.000000 -0.008995
v 0.096450 0.000000 -0.010659
v 0.094685 -0.000500 -0.008995
v 0.091029 -0.001000 -0.006009
v 0.096450 -0.000500 -0.010659
v 0.094685 -0.001000 -0.008995
v 0.096450 -0.001000 -0.010659
v 0.098158 -0.001000 -0.012428
v 0.098158 0.000000 -0.012428
v 0.098158 0.001000 -0.012428
v 0.096450 0.001000 -0.010659
v 0.097548 -0.001000 -0.015719
v 0.099583 0.000000 -0.014040
v 0.099583 -0.001000 -0.014040
v 0.097548 0.001000 -0.015719
v 0.099583 0.001000 -0.014040
v 0.101619 -0.001000 -0.055444
v 0.101619 0.000000 -0.055444
v 0.099908 -0.001000 -0.053372
v 0.099908 0.001000 -0.053372
v 0.101619 0.001000 -0.055444
v 0.098251 -0.001000 -0.054740
v 0.099908 -0.001000 -0.053372
v 0.098251 0.001000 -0.054740
v 0.099908 0.001000 -0.053372
v 0.111450 -0.001000 -0.041906
v 0.109501 -0.001000 -0.045449
v 0.109501 0.000000 -0.045449
v 0.111450 0.001000 -0.041906
v 0.109501 0.001000 -0.045449
v 0.107153 0.001000 -0.048981
v 0.107153 0.000000 -0.048981
v 0.104553 0.001000 -0.052277
v 0.104553 0.000500 -0.052277
v 0.104553 0.000000 -0.052277
v 0.103126 0.000500 -0.053881
v 0.103126 0.001000 -0.053881
v 0.103126 0.000000 -0.053881
v 0.101619 0.000000 -0.055444
v 0.101619 0.001000 -0.055444
v 0.101619 -0.001000 -0.055444
v 0.103126 -0.001000 -0.053881
v 0.103126 -0.000500 -0.053881
v 0.104553 -0.000500 -0.052277
v 0.104553 -0.001000 -0.052277
v 0.107153 -0.001000 -0.048981
v 0.098251 0.001000 -0.054740
v 0.100063 0.001000 -0.056936
v 0.098251 -0.001000 -0.054740
v 0.100063 -0.001000 -0.056936
v 0.009427 -0.001000 -0.098541
v 0.009427 0.000000 -0.098541
v 0.011119 -0.001000 -0.096612
v 0.011119 0.001000 -0.096612
v 0.009427 0.001000 -0.098541
v 0.011119 -0.001000 -0.096612
v 0.012735 -0.001000 -0.098029
v 0.011119 0.001000 -0.096612
v 0.012735 0.001000 -0.098029
v 0.038494 -0.001000 -0.112710
v 0.033653 -0.001000 -0.111935
v 0.033653 0.000000 -0.111935
v 0.038494 0.001000 -0.112710
v 0.033653 0.001000 -0.111935
v 0.028592 0.001000 -0.110500
v 0.028592 0.000000 -0.110500
v 0.019440 0.001000 -0.106232
v 0.019440 0.000000 -0.106232
v 0.015070 0.001000 -0.103335
v 0.015070 0.000500 -0.103335
v 0.012989 0.000500 -0.101722
v 0.015070 0.000000 -0.103335
v 0.012989 0.000000 -0.101722
v 0.015070 -0.000500 -0.103335
v 0.019440 -0.001000 -0.106232
v 0.012989 -0.000500 -0.101722
v 0.015070 -0.001000 -0.103335
v 0.012989 -0.001000 -0.101722
v 0.010995 -0.001000 -0.100013
v 0.010995 0.000000 -0.100013
v 0.010995 0.001000 -0.100013
v 0.012989 0.001000 -0.101722
v 0.028592 -0.001000 -0.110500
v 0.009427 -0.001000 -0.098541
v 0.007707 -0.000500 -0.096779
v 0.007707 -0.001000 -0.096779
v 0.009427 0.000000 -0.098541
v 0.007707 0.000000 -0.096779
v 0.007707 0.000500 -0.096779
v 0.009427 0.001000 -0.098541
v 0.007707 0.001000 -0.096779
v 0.006095 0.001000 -0.094961
v 0.003216 0.001000 -0.091211
v 0.006095 0.000500 -0.094961
v 0.006095 0.000000 -0.094961
v 0.003216 0.000000 -0.091211
v 0.003216 -0.001000 -0.091211
v 0.006095 -0.000500 -0.094961
v 0.000699 0.000000 -0.087156
v 0.000699 0.001000 -0.087156
v -0.001258 -0.001000 -0.083121
v 0.000699 -0.001000 -0.087156
v -0.001258 0.001000 -0.083121
v 0.006095 -0.001000 -0.094961
v 0.012735 -0.001000 -0.098029
v 0.010995 0.000000 -0.100013
v 0.010995 -0.001000 -0.100013
v 0.012735 0.001000 -0.098029
v 0.010995 0.001000 -0.100013
v 0.052320 -0.001000 -0.103288
v 0.052320 0.000000 -0.103288
v 0.050300 -0.001000 -0.101517
v 0.050300 0.001000 -0.101517
v 0.052320 0.001000 -0.103288
v 0.068333 -0.001000 -0.070467
v 0.067710 0.000000 -0.076005
v 0.067710 -0.001000 -0.076005
v 0.068333 0.001000 -0.070467
v 0.067710 0.001000 -0.076005
v 0.066199 0.001000 -0.081854
v 0.066199 0.000000 -0.081854
v 0.061283 0.001000 -0.092302
v 0.061283 0.000000 -0.092302
v 0.057835 0.001000 -0.097241
v 0.053858 0.001000 -0.101777
v 0.057835 0.000000 -0.097241
v 0.053858 -0.001000 -0.101777
v 0.057835 -0.001000 -0.097241
v 0.061283 -0.001000 -0.092302
v 0.066199 -0.001000 -0.081854
v 0.052320 -0.001000 -0.103288
v 0.050710 -0.000500 -0.104750
v 0.050710 -0.001000 -0.104750
v 0.052320 0.000000 -0.103288
v 0.050710 0.000000 -0.104750
v 0.050710 0.000500 -0.104750
v 0.052320 0.001000 -0.103288
v 0.050710 0.001000 -0.104750
v 0.049063 0.001000 -0.106130
v 0.049063 0.000500 -0.106130
v 0.045685 0.001000 -0.108633
v 0.045685 0.000000 -0.108633
v 0.042089 0.001000 -0.110870
v 0.042089 0.000000 -0.110870
v 0.038494 0.001000 -0.112710
v 0.038494 -0.001000 -0.112710
v 0.042089 -0.001000 -0.110870
v 0.045685 -0.001000 -0.108633
v 0.049063 -0.001000 -0.106130
v 0.049063 -0.000500 -0.106130
v 0.049063 0.000000 -0.106130
v 0.051718 0.001000 -0.099900
v 0.051718 -0.001000 -0.099900
v 0.053858 0.001000 -0.101777
v 0.053858 -0.001000 -0.101777
v -0.098513 -0.001000 -0.009483
v -0.098513 0.000000 -0.009483
v -0.096584 -0.001000 -0.011175
v -0.096584 0.001000 -0.011175
v -0.098513 0.001000 -0.009483
v -0.096584 -0.001000 -0.011175
v -0.098001 -0.001000 -0.012791
v -0.096584 0.001000 -0.011175
v -0.098001 0.001000 -0.012791
v -0.112682 -0.001000 -0.038551
v -0.111907 -0.001000 -0.033709
v -0.111907 0.000000 -0.033709
v -0.112682 0.001000 -0.038551
v -0.111907 0.001000 -0.033709
v -0.110472 0.001000 -0.028648
v -0.110472 0.000000 -0.028648
v -0.106204 0.001000 -0.019496
v -0.106204 0.000000 -0.019496
v -0.103307 0.001000 -0.015126
v -0.103307 0.000500 -0.015126
v -0.103307 0.000000 -0.015126
v -0.101694 0.000500 -0.013045
v -0.099985 0.000000 -0.011052
v -0.099985 0.001000 -0.011052
v -0.101694 0.001000 -0.013045
v -0.101694 0.000000 -0.013045
v -0.101694 -0.000500 -0.013045
v -0.101694 -0.001000 -0.013045
v -0.103307 -0.000500 -0.015126
v -0.099985 -0.001000 -0.011052
v -0.103307 -0.001000 -0.015126
v -0.106204 -0.001000 -0.019496
v -0.110472 -0.001000 -0.028648
v -0.091183 -0.001000 -0.003273
v -0.094933 -0.001000 -0.006151
v -0.094933 -0.000500 -0.006151
v -0.091183 0.000000 -0.003273
v -0.087128 -0.001000 -0.000755
v -0.083093 -0.001000 0.001202
v -0.087128 0.000000 -0.000755
v -0.083093 0.001000 0.001202
v -0.087128 0.001000 -0.000755
v -0.091183 0.001000 -0.003273
v -0.094933 0.000500 -0.006151
v -0.094933 0.001000 -0.006151
v -0.096750 0.001000 -0.007764
v -0.096750 0.000500 -0.007764
v -0.098513 0.001000 -0.009483
v -0.098513 0.000000 -0.009483
v -0.098513 -0.001000 -0.009483
v -0.096750 -0.000500 -0.007764
v -0.096750 0.000000 -0.007764
v -0.094933 0.000000 -0.006151
v -0.096750 -0.001000 -0.007764
v -0.098001 -0.001000 -0.012791
v -0.099985 0.000000 -0.011052
v -0.099985 -0.001000 -0.011052
v -0.098001 0.001000 -0.012791
v -0.099985 0.001000 -0.011052
v -0.101488 -0.001000 -0.050357
v -0.101488 0.001000 -0.050357
v -0.103260 -0.001000 -0.052377
v -0.103260 0.001000 -0.052377
v -0.070438 -0.001000 -0.068389
v -0.075977 -0.001000 -0.067766
v -0.075977 0.000000 -0.067766
v -0.070438 0.001000 -0.068389
v -0.075977 0.001000 -0.067766
v -0.081826 0.001000 -0.066255
v -0.081826 0.000000 -0.066255
v -0.092274 0.001000 -0.061339
v -0.092274 0.000000 -0.061339
v -0.097213 0.001000 -0.057892
v -0.097213 0.000500 -0.057892
v -0.099540 0.000500 -0.055961
v -0.097213 0.000000 -0.057892
v -0.099540 0.000000 -0.055961
v -0.097213 -0.000500 -0.057892
v -0.092274 -0.001000 -0.061339
v -0.099540 -0.000500 -0.055961
v -0.097213 -0.001000 -0.057892
v -0.099540 -0.001000 -0.055961
v -0.101749 -0.001000 -0.053914
v -0.101749 0.000000 -0.053914
v -0.101749 0.001000 -0.053914
v -0.099540 0.001000 -0.055961
v -0.081826 -0.001000 -0.066255
v -0.108605 -0.001000 -0.045742
v -0.108605 0.000000 -0.045742
v -0.106102 -0.001000 -0.049119
v -0.110842 -0.001000 -0.042145
v -0.110842 0.000000 -0.042145
v -0.112682 -0.001000 -0.038551
v -0.112682 0.001000 -0.038551
v -0.110842 0.001000 -0.042145
v -0.108605 0.001000 -0.045742
v -0.106102 0.001000 -0.049119
v -0.106102 0.000000 -0.049119
v -0.103260 0.001000 -0.052377
v -0.103260 -0.001000 -0.052377
v -0.101749 -0.001000 -0.053914
v -0.101749 0.000000 -0.053914
v -0.099872 -0.001000 -0.051774
v -0.099872 0.001000 -0.051774
v -0.101749 0.001000 -0.053914
v -0.014033 -0.001000 -0.096236
v -0.012400 0.000000 -0.098214
v -0.012400 -0.001000 -0.098214
v -0.014033 0.001000 -0.096236
v -0.012400 0.001000 -0.098214
v -0.014033 -0.001000 -0.096236
v -0.015691 -0.001000 -0.097604
v -0.014033 0.001000 -0.096236
v -0.015691 0.001000 -0.097604
v -0.001258 -0.001000 -0.083121
v -0.003338 -0.001000 -0.087101
v -0.003338 0.000000 -0.087101
v -0.001258 0.001000 -0.083121
v -0.003338 0.001000 -0.087101
v -0.005981 0.001000 -0.091085
v -0.005981 0.000000 -0.091085
v -0.008967 0.001000 -0.094741
v -0.008967 0.000500 -0.094741
v -0.010631 0.000500 -0.096507
v -0.008967 0.000000 -0.094741
v -0.010631 0.000000 -0.096507
v -0.008967 -0.000500 -0.094741
v -0.005981 -0.001000 -0.091085
v -0.010631 -0.000500 -0.096507
v -0.008967 -0.001000 -0.094741
v -0.010631 -0.001000 -0.096507
v -0.012400 -0.001000 -0.098214
v -0.012400 0.000000 -0.098214
v -0.012400 0.001000 -0.098214
v -0.010631 0.001000 -0.096507
v -0.015691 -0.001000 -0.097604
v -0.014011 0.000000 -0.099639
v -0.014011 -0.001000 -0.099639
v -0.015691 0.001000 -0.097604
v -0.014011 0.001000 -0.099639
v -0.053344 -0.001000 -0.099965
v -0.055416 -0.001000 -0.101675
v -0.053344 0.001000 -0.099965
v -0.055416 0.001000 -0.101675
v -0.053344 -0.001000 -0.099965
v -0.054712 -0.001000 -0.098307
v -0.053344 0.001000 -0.099965
v -0.054712 0.001000 -0.098307
v -0.041878 -0.001000 -0.111507
v -0.045420 0.000000 -0.109557
v -0.045420 -0.001000 -0.109557
v -0.041878 0.001000 -0.111507
v -0.045420 0.001000 -0.109557
v -0.048953 0.001000 -0.107210
v -0.048953 0.000000 -0.107210
v -0.052249 0.001000 -0.104609
v -0.055416 0.001000 -0.101675
v -0.052249 0.000000 -0.104609
v -0.055416 -0.001000 -0.101675
v -0.052249 -0.001000 -0.104609
v -0.048953 -0.001000 -0.107210
v -0.056908 -0.001000 -0.100119
v -0.054712 -0.001000 -0.098307
v -0.056908 0.001000 -0.100119
v -0.054712 0.001000 -0.098307
v 0.103232 -0.001000 0.052292
v 0.101460 -0.001000 0.050272
v 0.103232 0.001000 0.052292
v 0.101460 0.001000 0.050272
v 0.101460 -0.001000 0.050272
v 0.099844 -0.001000 0.051689
v 0.101460 0.001000 0.050272
v 0.099844 0.001000 0.051689
v 0.070410 -0.001000 0.068304
v 0.075949 -0.000000 0.067682
v 0.075949 -0.001000 0.067682
v 0.070410 0.001000 0.068304
v 0.075949 0.001000 0.067682
v 0.081798 0.001000 0.066170
v 0.081798 -0.000000 0.066170
v 0.092246 0.001000 0.061255
v 0.092246 -0.000000 0.061255
v 0.097185 0.001000 0.057807
v 0.097185 0.000000 0.057807
v 0.101721 0.001000 0.053830
v 0.101721 -0.001000 0.053830
v 0.097185 -0.001000 0.057807
v 0.092246 -0.001000 0.061255
v 0.081798 -0.001000 0.066170
v 0.103232 -0.001000 0.052292
v 0.106073 0.000000 0.049034
v 0.106073 -0.001000 0.049034
v 0.103232 0.001000 0.052292
v 0.106073 0.001000 0.049034
v 0.108576 0.001000 0.045657
v 0.108576 0.000000 0.045657
v 0.110814 0.001000 0.042061
v 0.112654 0.001000 0.038466
v 0.110814 0.000000 0.042061
v 0.110814 -0.001000 0.042061
v 0.112654 -0.001000 0.038466
v 0.108576 -0.001000 0.045657
v 0.099844 0.001000 0.051689
v 0.099844 -0.001000 0.051689
v 0.101721 0.001000 0.053830
v 0.101721 -0.001000 0.053830
v 0.014005 -0.001000 0.096151
v 0.012372 -0.000000 0.098130
v 0.012372 -0.001000 0.098130
v 0.014005 0.001000 0.096151
v 0.012372 0.001000 0.098130
v 0.014005 -0.001000 0.096151
v 0.015663 -0.001000 0.097519
v 0.014005 0.001000 0.096151
v 0.015663 0.001000 0.097519
v 0.001230 -0.001000 0.083037
v 0.003310 -0.001000 0.087017
v 0.003310 -0.000000 0.087017
v 0.001230 0.001000 0.083037
v 0.003310 0.001000 0.087017
v 0.005953 0.001000 0.091001
v 0.005953 -0.000000 0.091001
v 0.008938 0.001000 0.094657
v 0.008938 0.000500 0.094657
v 0.008938 -0.000000 0.094657
v 0.010602 0.000500 0.096422
v 0.010602 0.001000 0.096422
v 0.010602 -0.000000 0.096422
v 0.012372 -0.000000 0.098130
v 0.012372 0.001000 0.098130
v 0.012372 -0.001000 0.098130
v 0.010602 -0.001000 0.096422
v 0.010602 -0.000500 0.096422
v 0.008938 -0.000500 0.094657
v 0.008938 -0.001000 0.094657
v 0.005953 -0.001000 0.091001
v 0.015663 -0.001000 0.097519
v 0.013983 -0.000000 0.099554
v 0.013983 -0.001000 0.099554
v 0.015663 0.001000 0.097519
v 0.013983 0.001000 0.099554
v 0.053316 -0.001000 0.099880
v 0.055388 -0.001000 0.101591
v 0.053316 0.001000 0.099880
v 0.055388 0.001000 0.101591
v 0.053316 -0.001000 0.099880
v 0.054684 -0.001000 0.098222
v 0.053316 0.001000 0.099880
v 0.054684 0.001000 0.098222
v 0.041850 -0.001000 0.111422
v 0.045392 -0.000000 0.109473
v 0.045392 -0.001000 0.109473
v 0.041850 0.001000 0.111422
v 0.045392 0.001000 0.109473
v 0.048924 0.001000 0.107125
v 0.048924 -0.000000 0.107125
v 0.052221 0.001000 0.104525
v 0.052221 -0.000000 0.104525
v 0.055388 0.001000 0.101591
v 0.055388 -0.001000 0.101591
v 0.052221 -0.001000 0.104525
v 0.048924 -0.001000 0.107125
v 0.054684 -0.001000 0.098222
v 0.056880 -0.001000 0.100035
v 0.054684 0.001000 0.098222
v 0.056880 0.001000 0.100035
v -0.098186 -0.001000 0.012343
v -0.098186 0.000000 0.012343
v -0.096207 -0.001000 0.013977
v -0.096207 0.001000 0.013977
v -0.098186 0.001000 0.012343
v -0.096207 -0.001000 0.013977
v -0.097576 -0.001000 0.015634
v -0.096207 0.001000 0.013977
v -0.097576 0.001000 0.015634
v -0.083093 -0.001000 0.001202
v -0.087073 -0.001000 0.003282
v -0.087073 0.000000 0.003282
v -0.083093 0.001000 0.001202
v -0.087073 0.001000 0.003282
v -0.091057 0.001000 0.005924
v -0.091057 0.000000 0.005924
v -0.094713 0.001000 0.008910
v -0.094713 0.000500 0.008910
v -0.096479 0.000500 0.010574
v -0.094713 0.000000 0.008910
v -0.096479 0.000000 0.010574
v -0.094713 -0.000500 0.008910
v -0.091057 -0.001000 0.005924
v -0.096479 -0.000500 0.010574
v -0.094713 -0.001000 0.008910
v -0.096479 -0.001000 0.010574
v -0.098186 -0.001000 0.012343
v -0.098186 0.000000 0.012343
v -0.098186 0.001000 0.012343
v -0.096479 0.001000 0.010574
v -0.099611 -0.001000 0.013955
v -0.099611 0.000000 0.013955
v -0.097576 -0.001000 0.015634
v -0.097576 0.001000 0.015634
v -0.099611 0.001000 0.013955
v -0.101647 -0.001000 0.055360
v -0.101647 0.000000 0.055360
v -0.099937 -0.001000 0.053287
v -0.099937 0.001000 0.053287
v -0.101647 0.001000 0.055360
v -0.099937 -0.001000 0.053287
v -0.098279 -0.001000 0.054656
v -0.099937 0.001000 0.053287
v -0.098279 0.001000 0.054656
v -0.111478 -0.001000 0.041822
v -0.109529 -0.001000 0.045364
v -0.109529 0.000000 0.045364
v -0.111478 0.001000 0.041822
v -0.109529 0.001000 0.045364
v -0.107182 0.001000 0.048896
v -0.107182 0.000000 0.048896
v -0.104581 0.001000 0.052193
v -0.104581 0.000500 0.052193
v -0.104581 0.000000 0.052193
v -0.103154 0.000500 0.053796
v -0.103154 0.001000 0.053796
v -0.103154 0.000000 0.053796
v -0.101647 0.000000 0.055360
v -0.101647 0.001000 0.055360
v -0.101647 -0.001000 0.055360
v -0.103154 -0.001000 0.053796
v -0.103154 -0.000500 0.053796
v -0.104581 -0.000500 0.052193
v -0.104581 -0.001000 0.052193
v -0.107182 -0.001000 0.048896
v -0.098279 -0.001000 0.054656
v -0.100091 -0.001000 0.056851
v -0.098279 0.001000 0.054656
v -0.100091 0.001000 0.056851
v -0.009455 -0.001000 0.098457
v -0.009455 -0.000000 0.098457
v -0.011147 -0.001000 0.096528
v -0.011147 0.001000 0.096528
v -0.009455 0.001000 0.098457
v -0.012763 -0.001000 0.097945
v -0.012763 0.001000 0.097945
v -0.011147 -0.001000 0.096528
v -0.011147 0.001000 0.096528
v -0.038522 -0.001000 0.112625
v -0.033681 -0.001000 0.111851
v -0.033681 -0.000000 0.111851
v -0.038522 0.001000 0.112625
v -0.033681 0.001000 0.111851
v -0.028620 0.001000 0.110415
v -0.028620 -0.000000 0.110415
v -0.019468 0.001000 0.106147
v -0.019468 -0.000000 0.106147
v -0.015098 0.001000 0.103251
v -0.015098 0.000500 0.103251
v -0.013017 0.000500 0.101638
v -0.015098 -0.000000 0.103251
v -0.013017 -0.000000 0.101638
v -0.015098 -0.000500 0.103251
v -0.019468 -0.001000 0.106147
v -0.013017 -0.000500 0.101638
v -0.015098 -0.001000 0.103251
v -0.013017 -0.001000 0.101638
v -0.011023 -0.001000 0.099929
v -0.011023 -0.000000 0.099929
v -0.011023 0.001000 0.099929
v -0.013017 0.001000 0.101638
v -0.028620 -0.001000 0.110415
v -0.009455 -0.001000 0.098457
v -0.007735 -0.000500 0.096694
v -0.007735 -0.001000 0.096694
v -0.009455 -0.000000 0.098457
v -0.007735 -0.000000 0.096694
v -0.007735 0.000500 0.096694
v -0.009455 0.001000 0.098457
v -0.007735 0.001000 0.096694
v -0.006123 0.001000 0.094877
v -0.006123 0.000500 0.094877
v -0.003244 0.001000 0.091127
v -0.003244 -0.000000 0.091127
v -0.000727 0.001000 0.087072
v 0.001230 0.001000 0.083037
v -0.000727 -0.000000 0.087072
v 0.001230 -0.001000 0.083037
v -0.000727 -0.001000 0.087072
v -0.003244 -0.001000 0.091127
v -0.006123 -0.001000 0.094877
v -0.006123 -0.000500 0.094877
v -0.006123 -0.000000 0.094877
v -0.012763 -0.001000 0.097945
v -0.011023 -0.000000 0.099929
v -0.011023 -0.001000 0.099929
v -0.012763 0.001000 0.097945
v -0.011023 0.001000 0.099929
v -0.052349 0.001000 0.103204
v -0.050328 0.001000 0.101432
v -0.052349 -0.000000 0.103204
v -0.052349 -0.001000 0.103204
v -0.050328 -0.001000 0.101432
v -0.050328 -0.001000 0.101432
v -0.051746 -0.001000 0.099816
v -0.050328 0.001000 0.101432
v -0.051746 0.001000 0.099816
v -0.068361 -0.001000 0.070382
v -0.067738 -0.000000 0.075920
v -0.067738 -0.001000 0.075920
v -0.068361 0.001000 0.070382
v -0.067738 0.001000 0.075920
v -0.066227 0.001000 0.081770
v -0.066227 -0.000000 0.081770
v -0.061311 0.001000 0.092217
v -0.061311 -0.000000 0.092217
v -0.057864 0.001000 0.097157
v -0.053886 0.001000 0.101693
v -0.057864 -0.000000 0.097157
v -0.053886 -0.001000 0.101693
v -0.057864 -0.001000 0.097157
v -0.061311 -0.001000 0.092217
v -0.066227 -0.001000 0.081770
v -0.045714 -0.001000 0.108548
v -0.049091 -0.001000 0.106045
v -0.049091 -0.000500 0.106045
v -0.045714 -0.000000 0.108548
v -0.042117 -0.001000 0.110785
v -0.042117 -0.000000 0.110785
v -0.038522 -0.001000 0.112625
v -0.038522 0.001000 0.112625
v -0.042117 0.001000 0.110785
v -0.045714 0.001000 0.108548
v -0.049091 0.000500 0.106045
v -0.049091 0.001000 0.106045
v -0.050739 0.001000 0.104665
v -0.050739 0.000500 0.104665
v -0.052349 0.001000 0.103204
v -0.052349 -0.000000 0.103204
v -0.052349 -0.001000 0.103204
v -0.050739 -0.000500 0.104665
v -0.050739 -0.000000 0.104665
v -0.049091 -0.000000 0.106045
v -0.050739 -0.001000 0.104665
v -0.053886 -0.001000 0.101693
v -0.053886 0.001000 0.101693
v -0.051746 -0.001000 0.099816
v -0.051746 0.001000 0.099816
v -0.053886 -0.001000 0.101693
v -0.053372 -0.001000 0.091492
v -0.054655 -0.001000 0.089638
v -0.051746 -0.001000 0.099816
v -0.064441 -0.001000 0.086337
v -0.060323 -0.001000 0.077054
v -0.068361 -0.001000 0.070382
v -0.057519 -0.001000 0.084612
v -0.056183 -0.001000 0.087145
v -0.058658 -0.001000 0.082066
v -0.059592 -0.001000 0.079538
v -0.072843 -0.001000 0.063008
v -0.075271 -0.001000 0.062548
v -0.084425 -0.001000 0.066942
v -0.068300 -0.001000 0.063383
v -0.070514 -0.001000 0.063282
v -0.063531 -0.001000 0.063424
v -0.061550 -0.001000 0.065347
v -0.061366 -0.001000 0.070112
v -0.061199 -0.001000 0.072322
v -0.060856 -0.001000 0.074642
v -0.062156 -0.001000 0.063989
v -0.061711 -0.001000 0.064635
v -0.062816 -0.001000 0.063563
v -0.085481 -0.001000 0.058711
v -0.088018 -0.001000 0.057259
v -0.082909 -0.001000 0.059972
v -0.100091 -0.001000 0.056851
v -0.077775 -0.001000 0.061891
v -0.080330 -0.001000 0.061033
v -0.089912 -0.001000 0.056030
v -0.098279 -0.001000 0.054656
v -0.096697 -0.001000 0.049120
v -0.099937 -0.001000 0.053287
v -0.111478 -0.001000 0.041822
v -0.101647 -0.001000 0.055360
v -0.100500 -0.001000 0.039281
v -0.108068 -0.001000 0.027744
v -0.099906 -0.001000 0.028750
v -0.095574 -0.001000 0.020088
v -0.097576 -0.001000 0.015634
v -0.094270 -0.001000 0.018480
v -0.092398 -0.001000 0.016406
v -0.096207 -0.001000 0.013977
v -0.090437 -0.001000 0.014484
v -0.088414 -0.001000 0.012731
v -0.098186 -0.001000 0.012343
v -0.083093 -0.001000 0.001202
v -0.086352 -0.001000 0.011159
v -0.084278 -0.001000 0.009773
v -0.082216 -0.001000 0.008578
v -0.080186 -0.001000 0.007569
v -0.069816 -0.001000 0.002835
v -0.069398 -0.001000 0.002577
v -0.069871 -0.001000 -0.000828
v -0.080378 -0.001000 -0.005250
v -0.069445 -0.001000 -0.000583
v -0.068647 -0.001000 0.000985
v -0.068761 -0.001000 0.000351
v -0.069050 -0.001000 -0.000189
v -0.068741 -0.001000 0.001623
v -0.069015 -0.001000 0.002172
v -0.082437 -0.001000 -0.006197
v -0.084535 -0.001000 -0.007331
v -0.086649 -0.001000 -0.008653
v -0.088757 -0.001000 -0.010163
v -0.098513 -0.001000 -0.009483
v -0.096584 -0.001000 -0.011175
v -0.092849 -0.001000 -0.013717
v -0.094782 -0.001000 -0.015734
v -0.098001 -0.001000 -0.012791
v -0.090832 -0.001000 -0.011855
v -0.096132 -0.001000 -0.017301
v -0.108852 -0.001000 -0.024581
v -0.099985 -0.001000 -0.011052
v -0.101632 -0.001000 -0.036340
v -0.112682 -0.001000 -0.038551
v -0.100723 -0.001000 -0.025830
v -0.101488 -0.001000 -0.050357
v -0.103260 -0.001000 -0.052377
v -0.098125 -0.001000 -0.046289
v -0.099872 -0.001000 -0.051774
v -0.091549 -0.001000 -0.053400
v -0.101749 -0.001000 -0.053914
v -0.089694 -0.001000 -0.054683
v -0.086393 -0.001000 -0.064469
v -0.087202 -0.001000 -0.056211
v -0.077111 -0.001000 -0.060351
v -0.070438 -0.001000 -0.068389
v -0.084668 -0.001000 -0.057548
v -0.082122 -0.001000 -0.058686
v -0.079594 -0.001000 -0.059620
v -0.072378 -0.001000 -0.061228
v -0.074698 -0.001000 -0.060884
v -0.065403 -0.001000 -0.061578
v -0.070168 -0.001000 -0.061394
v -0.066998 -0.001000 -0.084454
v -0.062604 -0.001000 -0.075299
v -0.063439 -0.001000 -0.068328
v -0.063480 -0.001000 -0.063560
v -0.063065 -0.001000 -0.072871
v -0.063338 -0.001000 -0.070542
v -0.063619 -0.001000 -0.062844
v -0.064045 -0.001000 -0.062184
v -0.064692 -0.001000 -0.061739
v -0.061948 -0.001000 -0.077803
v -0.061089 -0.001000 -0.080358
v -0.060028 -0.001000 -0.082937
v -0.058767 -0.001000 -0.085509
v -0.057316 -0.001000 -0.088046
v -0.056908 -0.001000 -0.100119
v -0.056087 -0.001000 -0.089940
v -0.049176 -0.001000 -0.096726
v -0.054712 -0.001000 -0.098307
v -0.053344 -0.001000 -0.099965
v -0.039337 -0.001000 -0.100528
v -0.041878 -0.001000 -0.111507
v -0.055416 -0.001000 -0.101675
v -0.027800 -0.001000 -0.108096
v -0.028806 -0.001000 -0.099934
v -0.020145 -0.001000 -0.095602
v -0.015691 -0.001000 -0.097604
v -0.014011 -0.001000 -0.099639
v -0.018536 -0.001000 -0.094298
v -0.014033 -0.001000 -0.096236
v -0.012787 -0.001000 -0.088442
v -0.012400 -0.001000 -0.098214
v -0.016462 -0.001000 -0.092426
v -0.014540 -0.001000 -0.090466
v -0.011215 -0.001000 -0.086381
v -0.001258 -0.001000 -0.083121
v -0.009829 -0.001000 -0.084307
v -0.008634 -0.001000 -0.082244
v -0.007626 -0.001000 -0.080214
v -0.002891 -0.001000 -0.069844
v 0.000772 -0.001000 -0.069899
v 0.005194 -0.001000 -0.080406
v 0.006141 -0.001000 -0.082465
v 0.007274 -0.001000 -0.084563
v 0.008597 -0.001000 -0.086677
v 0.009427 -0.001000 -0.098541
v 0.010107 -0.001000 -0.088785
v 0.011119 -0.001000 -0.096612
v 0.015678 -0.001000 -0.094810
v 0.012735 -0.001000 -0.098029
v 0.011798 -0.001000 -0.090860
v 0.013661 -0.001000 -0.092877
v 0.024524 -0.001000 -0.108880
v 0.010995 -0.001000 -0.100013
v 0.017245 -0.001000 -0.096160
v 0.025773 -0.001000 -0.100751
v 0.036283 -0.001000 -0.101660
v 0.038494 -0.001000 -0.112710
v 0.046233 -0.001000 -0.098153
v 0.050300 -0.001000 -0.101517
v 0.052320 -0.001000 -0.103288
v 0.051718 -0.001000 -0.099900
v 0.053343 -0.001000 -0.091577
v 0.053858 -0.001000 -0.101777
v 0.054627 -0.001000 -0.089722
v 0.064413 -0.001000 -0.086421
v 0.056154 -0.001000 -0.087230
v 0.057491 -0.001000 -0.084697
v 0.058629 -0.001000 -0.082150
v 0.059564 -0.001000 -0.079622
v 0.060295 -0.001000 -0.077139
v 0.068333 -0.001000 -0.070467
v 0.060828 -0.001000 -0.074726
v 0.061171 -0.001000 -0.072406
v 0.061338 -0.001000 -0.070196
v 0.061522 -0.001000 -0.065431
v 0.063503 -0.001000 -0.063508
v 0.068272 -0.001000 -0.063467
v 0.075242 -0.001000 -0.062632
v 0.084397 -0.001000 -0.067026
v 0.070486 -0.001000 -0.063366
v 0.072815 -0.001000 -0.063093
v 0.077747 -0.001000 -0.061976
v 0.080301 -0.001000 -0.061118
v 0.085453 -0.001000 -0.058796
v 0.082881 -0.001000 -0.060056
v 0.087990 -0.001000 -0.057344
v 0.100063 -0.001000 -0.056936
v 0.089884 -0.001000 -0.056115
v 0.098251 -0.001000 -0.054740
v 0.096669 -0.001000 -0.049205
v 0.099908 -0.001000 -0.053372
v 0.100472 -0.001000 -0.039366
v 0.101619 -0.001000 -0.055444
v 0.111450 -0.001000 -0.041906
v 0.108040 -0.001000 -0.027828
v 0.099878 -0.001000 -0.028834
v 0.095545 -0.001000 -0.020173
v 0.097548 -0.001000 -0.015719
v 0.099583 -0.001000 -0.014040
v 0.094241 -0.001000 -0.018564
v 0.096179 -0.001000 -0.014061
v 0.090409 -0.001000 -0.014568
v 0.088386 -0.001000 -0.012816
v 0.092370 -0.001000 -0.016490
v 0.098158 -0.001000 -0.012428
v 0.086324 -0.001000 -0.011243
v 0.083065 -0.001000 -0.001286
v 0.084250 -0.001000 -0.009858
v 0.082187 -0.001000 -0.008662
v 0.080158 -0.001000 -0.007654
v 0.069788 -0.001000 -0.002919
v 0.069843 -0.001000 0.000744
v 0.080350 -0.001000 0.005166
v 0.082409 -0.001000 0.006113
v 0.084506 -0.001000 0.007246
v 0.086621 -0.001000 0.008569
v 0.098485 -0.001000 0.009399
v 0.088729 -0.001000 0.010079
v 0.096556 -0.001000 0.011091
v 0.090804 -0.001000 0.011770
v 0.092821 -0.001000 0.013633
v 0.094754 -0.001000 0.015650
v 0.097973 -0.001000 0.012707
v 0.108823 -0.001000 0.024496
v 0.096104 -0.001000 0.017217
v 0.099957 -0.001000 0.010967
v 0.100695 -0.001000 0.025745
v 0.101604 -0.001000 0.036255
v 0.098097 -0.001000 0.046205
v 0.112654 -0.001000 0.038466
v 0.101460 -0.001000 0.050272
v 0.103232 -0.001000 0.052292
v 0.099844 -0.001000 0.051689
v 0.091521 -0.001000 0.053315
v 0.101721 -0.001000 0.053830
v 0.089666 -0.001000 0.054599
v 0.086365 -0.001000 0.064385
v 0.084640 -0.001000 0.057463
v 0.082094 -0.001000 0.058601
v 0.079566 -0.001000 0.059536
v 0.077083 -0.001000 0.060267
v 0.070410 -0.001000 0.068304
v 0.087174 -0.001000 0.056126
v 0.063452 -0.001000 0.063475
v 0.063411 -0.001000 0.068244
v 0.063310 -0.001000 0.070458
v 0.063036 -0.001000 0.072787
v 0.062576 -0.001000 0.075214
v 0.065375 -0.001000 0.061494
v 0.074670 -0.001000 0.060800
v 0.066970 -0.001000 0.084369
v 0.070140 -0.001000 0.061310
v 0.072350 -0.001000 0.061143
v 0.060000 -0.001000 0.082853
v 0.058739 -0.001000 0.085425
v 0.057287 -0.001000 0.087962
v 0.061920 -0.001000 0.077719
v 0.061061 -0.001000 0.080273
v 0.056880 -0.001000 0.100035
v 0.056058 -0.001000 0.089856
v 0.054684 -0.001000 0.098222
v 0.049148 -0.001000 0.096641
v 0.053316 -0.001000 0.099880
v 0.039309 -0.001000 0.100444
v 0.041850 -0.001000 0.111422
v 0.055388 -0.001000 0.101591
v 0.027772 -0.001000 0.108012
v 0.015663 -0.001000 0.097519
v 0.013983 -0.001000 0.099554
v 0.020117 -0.001000 0.095517
v 0.028778 -0.001000 0.099850
v 0.018508 -0.001000 0.094213
v 0.014005 -0.001000 0.096151
v 0.016434 -0.001000 0.092342
v 0.014512 -0.001000 0.090381
v 0.012759 -0.001000 0.088358
v 0.011187 -0.001000 0.086296
v 0.012372 -0.001000 0.098130
v 0.001230 -0.001000 0.083037
v 0.002863 -0.001000 0.069760
v -0.000800 -0.001000 0.069815
v -0.005222 -0.001000 0.080322
v -0.006169 -0.001000 0.082380
v -0.007303 -0.001000 0.084478
v -0.008625 -0.001000 0.086593
v -0.009455 -0.001000 0.098457
v 0.007597 -0.001000 0.080130
v 0.008606 -0.001000 0.082159
v 0.009801 -0.001000 0.084222
v -0.010135 -0.001000 0.088701
v -0.011147 -0.001000 0.096528
v -0.013689 -0.001000 0.092793
v -0.015706 -0.001000 0.094726
v -0.011827 -0.001000 0.090775
v -0.012763 -0.001000 0.097945
v -0.017273 -0.001000 0.096076
v -0.024553 -0.001000 0.108795
v -0.011023 -0.001000 0.099929
v -0.036312 -0.001000 0.101576
v -0.038522 -0.001000 0.112625
v -0.025802 -0.001000 0.100667
v -0.050328 -0.001000 0.101432
v -0.052349 -0.001000 0.103204
v -0.046261 -0.001000 0.098069
v -0.000555 -0.001000 0.069389
v 0.001014 -0.001000 0.068591
v 0.000379 -0.001000 0.068704
v -0.000161 -0.001000 0.068994
v 0.002605 -0.001000 0.069341
v 0.001651 -0.001000 0.068685
v 0.002200 -0.001000 0.068959
v 0.064664 -0.001000 0.061654
v 0.064017 -0.001000 0.062100
v 0.063591 -0.001000 0.062759
v 0.069417 -0.001000 0.000499
v 0.069370 -0.001000 -0.002662
v 0.068619 -0.001000 -0.001070
v 0.068732 -0.001000 -0.000435
v 0.069022 -0.001000 0.000105
v 0.068713 -0.001000 -0.001708
v 0.068987 -0.001000 -0.002256
v 0.062128 -0.001000 -0.064073
v 0.062788 -0.001000 -0.063647
v 0.061683 -0.001000 -0.064720
v -0.002634 -0.001000 -0.069426
v 0.000527 -0.001000 -0.069473
v -0.001042 -0.001000 -0.068675
v -0.000407 -0.001000 -0.068789
v 0.000133 -0.001000 -0.069079
v -0.001679 -0.001000 -0.068770
v -0.002228 -0.001000 -0.069043
v -0.099611 -0.001000 0.013955
vn 0.000000 1.000000 0.000000
vn 0.000000 1.000000 0.000000
vn 0.000000 1.000000 0.000000
vn 0.000000 1.000000 0.000000
vn 0.000000 1.000000 0.000000
vn 0.000000 1.000000 0.000000
vn 0.000000 1.000000 0.000000
vn 0.000000 1.000000 0.000000
vn 0.000000 1.000000 0.000000
vn 0.000000 1.000000 0.000000
vn 0.000000 1.000000 0.000000
vn 0.000000 1.000000 0.000000
vn 0.000000 1.000000 0.000000
vn 0.000000 1.000000 0.000000
vn 0.000000 1.000000 0.000000
vn 0.000000 1.000000 0.000000
vn 0.000000 1.000000 0.000000
vn 0.000000 1.000000 0.000000
vn 0.000000 1.000000 0.000000
vn 0.000000 1.000000 0.000000
vn 0.000000 1.000000 0.000000
vn 0.000000 1.000000 0.000000
vn 0.000000 1.000000 0.000000
vn 0.000000 1.000000 0.000000
vn 0.000000 1.000000 0.000000
vn 0.000000 1.000000 0.000000
vn 0.000000 1.000000 0.000000
vn 0.000000 1.000000 0.000000
vn 0.000000 1.000000 0.000000
vn 0.000000 1.000000 0.000000
vn 0.000000 1.000000 0.000000
vn 0.000000 1.000000 0.000000
vn 0.000000 1.000000 0.000000
vn 0.000000 1.000000 0.000000
vn 0.000000 1.000000 0.000000
vn 0.000000 1.000000 0.000000
vn 0.000000 1.000000 0.000000
vn 0.000000 1.000000 0.000000
vn 0.000000 1.000000 0.000000
vn 0.000000 1.000000 0.000000
vn 0.000000 1.000000 0.000000
vn 0.000000 1.000000 0.000000
vn 0.000000 1.000000 0.000000
vn 0.000000 1.000000 0.000000
vn 0.000000 1.000000 0.000000
vn 0.000000 1.000000 0.000000
vn 0.000000 1.000000 0.000000
vn 0.000000 1.000000 0.000000
vn 0.000000 1.000000 0.000000
vn 0.000000 1.000000 0.000000
vn 0.000000 1.000000 0.000000
vn 0.000000 1.000000 0.000000
vn 0.000000 1.000000 0.000000
vn 0.000000 1.000000 0.000000
vn 0.000000 1.000000 0.000000
vn 0.000000 1.000000 0.000000
vn 0.000000 1.000000 0.000000
vn 0.000000 1.000000 0.000000
vn 0.000000 1.000000 0.000000
vn 0.000000 1.000000 0.000000
vn 0.000000 1.000000 0.000000
vn 0.000000 1.000000 0.000000
vn 0.000000 1.000000 0.000000
vn 0.000000 1.000000 0.000000
vn 0.000000 1.000000 0.000000
vn 0.000000 1.000000 0.000000
vn 0.000000 1.000000 0.000000
vn 0.000000 1.000000 0.000000
vn 0.000000 1.000000 0.000000
vn 0.000000 1.000000 0.000000
vn 0.000000 1.000000 0.000000
vn 0.000000 1.000000 0.000000
vn 0.000000 1.000000 0.000000
vn 0.000000 1.000000 0.000000
vn 0.000000 1.000000 0.000000
vn 0.000000 1.000000 0.000000
vn 0.000000 1.000000 0.000000
vn 0.000000 1.000000 0.000000
vn 0.000000 1.000000 0.000000
vn 0.000000 1.000000 0.000000
vn 0.000000 1.000000 0.000000
vn 0.000000 1.000000 0.000000
vn 0.000000 1.000000 0.000000
vn 0.000000 1.000000 0.000000
vn 0.000000 1.000000 0.000000
vn 0.000000 1.000000 0.000000
vn 0.000000 1.000000 0.000000
vn 0.000000 1.000000 0.000000
vn 0.000000 1.000000 0.000000
vn 0.000000 1.000000 0.000000
vn 0.000000 1.000000 0.000000
vn 0.000000 1.000000 0.000000
vn 0.000000 1.000000 0.000000
vn 0.000000 1.000000 0.000000
vn 0.000000 1.000000 0.000000
vn 0.000000 1.000000 0.000000
vn 0.000000 1.000000 0.000000
vn 0.000000 1.000000 0.000000
vn 0.000000 1.000000 0.000000
vn 0.000000 1.000000 0.000000
vn 0.000000 1.000000 0.000000
vn 0.000000 1.000000 0.000000
vn 0.000000 1.000000 0.000000
vn 0.000000 1.000000 0.000000
vn 0.000000 1.000000 0.000000
vn 0.000000 1.000000 0.000000
vn 0.000000 1.000000 0.000000
vn 0.000000 1.000000 0.000000
vn 0.000000 1.000000 0.000000
vn 0.000000 1.000000 0.000000
vn 0.000000 1.000000 0.000000
vn 0.000000 1.000000 0.000000
vn 0.000000 1.000000 0.000000
vn 0.000000 1.000000 0.000000
vn 0.000000 1.000000 0.000000
vn 0.000000 1.000000 0.000000
vn 0.000000 1.000000 0.000000
vn 0.000000 1.000000 0.000000
vn 0.000000 1.000000 0.000000
vn 0.000000 1.000000 0.000000
vn 0.000000 1.000000 0.000000
vn 0.000000 1.000000 0.000000
vn 0.000000 1.000000 0.000000
vn 0.000000 1.000000 0.000000
vn 0.000000 1.000000 0.000000
vn 0.000000 1.000000 0.000000
vn 0.000000 1.000000 0.000000
vn 0.000000 1.000000 0.000000
vn 0.000000 1.000000 0.000000
vn 0.000000 1.000000 0.000000
vn 0.000000 1.000000 0.000000
vn 0.000000 1.000000 0.000000
vn 0.000000 1.000000 0.000000
vn 0.000000 1.000000 0.000000
vn 0.000000 1.000000 0.000000
vn 0.000000 1.000000 0.000000
vn 0.000000 1.000000 0.000000
vn 0.000000 1.000000 0.000000
vn 0.000000 1.000000 0.000000
vn 0.000000 1.000000 0.000000
vn 0.000000 1.000000 0.000000
vn 0.000000 1.000000 0.000000
vn 0.000000 1.000000 0.000000
vn 0.000000 1.000000 0.000000
vn 0.000000 1.000000 0.000000
vn 0.000000 1.000000 0.000000
vn 0.000000 1.000000 0.000000
vn 0.000000 1.000000 0.000000
vn 0.000000 1.000000 0.000000
vn 0.000000 1.000000 0.000000
vn 0.000000 1.000000 0.000000
vn 0.000000 1.000000 0.000000
vn 0.000000 1.000000 0.000000
vn 0.000000 1.000000 0.000000
vn 0.000000 1.000000 0.000000
vn 0.000000 1.000000 0.000000
vn 0.000000 1.000000 0.000000
vn 0.000000 1.000000 0.000000
vn 0.000000 1.000000 0.000000
vn 0.000000 1.000000 0.000000
vn 0.000000 1.000000 0.000000
vn 0.000000 1.000000 0.000000
vn 0.000000 1.000000 0.000000
vn 0.000000 1.000000 0.000000
vn 0.000000 1.000000 0.000000
vn 0.000000 1.000000 0.000000
vn 0.000000 1.000000 0.000000
vn 0.000000 1.000000 0.000000
vn 0.000000 1.000000 0.000000
vn 0.000000 1.000000 0.000000
vn 0.000000 1.000000 0.000000
vn 0.000000 1.000000 0.000000
vn 0.000000 1.000000 0.000000
vn 0.000000 1.000000 0.000000
vn 0.000000 1.000000 0.000000
vn 0.000000 1.000000 0.000000
vn 0.000000 1.000000 0.000000
vn 0.000000 1.000000 0.000000
vn 0.000000 1.000000 0.000000
vn 0.000000 1.000000 0.000000
vn 0.000000 1.000000 0.000000
vn 0.000000 1.000000 0.000000
vn 0.000000 1.000000 0.000000
vn 0.000000 1.000000 0.000000
vn 0.000000 1.000000 0.000000
vn 0.000000 1.000000 0.000000
vn 0.000000 1.000000 0.000000
vn 0.000000 1.000000 0.000000
vn 0.000000 1.000000 0.000000
vn 0.000000 1.000000 0.000000
vn 0.000000 1.000000 0.000000
vn 0.000000 1.000000 0.000000
vn 0.000000 1.000000 0.000000
vn 0.000000 1.000000 0.000000
vn 0.000000 1.000000 0.000000
vn 0.000000 1.000000 0.000000
vn 0.000000 1.000000 0.000000
vn 0.000000 1.000000 0.000000
vn 0.000000 1.000000 0.000000
vn 0.000000 1.000000 0.000000
vn 0.000000 1.000000 0.000000
vn 0.000000 1.000000 0.000000
vn 0.000000 1.000000 0.000000
vn 0.000000 1.000000 0.000000
vn 0.000000 1.000000 0.000000
vn 0.000000 1.000000 0.000000
vn 0.000000 1.000000 0.000000
vn 0.000000 1.000000 0.000000
vn 0.000000 1.000000 0.000000
vn 0.000000 1.000000 0.000000
vn 0.000000 1.000000 0.000000
vn 0.000000 1.000000 0.000000
vn 0.000000 1.000000 0.000000
vn 0.000000 1.000000 0.000000
vn 0.000000 1.000000 0.000000
vn 0.000000 1.000000 0.000000
vn 0.000000 1.000000 0.000000
vn 0.000000 1.000000 0.000000
vn 0.000000 1.000000 0.000000
vn 0.000000 1.000000 0.000000
vn 0.000000 1.000000 0.000000
vn 0.000000 1.000000 0.000000
vn 0.000000 1.000000 0.000000
vn 0.000000 1.000000 0.000000
vn 0.000000 1.000000 0.000000
vn 0.000000 1.000000 0.000000
vn 0.000000 1.000000 0.000000
vn 0.000000 1.000000 0.000000
vn 0.000000 1.000000 0.000000
vn 0.000000 1.000000 0.000000
vn 0.000000 1.000000 0.000000
vn 0.000000 1.000000 0.000000
vn 0.000000 1.000000 0.000000
vn 0.000000 1.000000 0.000000
vn 0.000000 1.000000 0.000000
vn 0.000000 1.000000 0.000000
vn 0.000000 1.000000 0.000000
vn 0.000000 1.000000 0.000000
vn 0.000000 1.000000 0.000000
vn 0.000000 1.000000 0.000000
vn 0.000000 1.000000 0.000000
vn 0.000000 1.000000 0.000000
vn 0.000000 1.000000 0.000000
vn 0.000000 1.000000 0.000000
vn 0.000000 1.000000 0.000000
vn 0.000000 1.000000 0.000000
vn 0.000000 1.000000 0.000000
vn 0.000000 1.000000 0.000000
vn 0.000000 1.000000 0.000000
vn 0.000000 1.000000 0.000000
vn 0.000000 1.000000 0.000000
vn 0.000000 1.000000 0.000000
vn 0.000000 1.000000 0.000000
vn 0.000000 1.000000 0.000000
vn 0.000000 1.000000 0.000000
vn 0.000000 1.000000 0.000000
vn 0.000000 1.000000 0.000000
vn 0.000000 1.000000 0.000000
vn 0.000000 1.000000 0.000000
vn 0.000000 1.000000 0.000000
vn 0.000000 1.000000 0.000000
vn 0.000000 1.000000 0.000000
vn 0.000000 1.000000 0.000000
vn 0.000000 1.000000 0.000000
vn 0.000000 1.000000 0.000000
vn 0.000000 1.000000 0.000000
vn 0.000000 1.000000 0.000000
vn 0.000000 1.000000 0.000000
vn 0.000000 1.000000 0.000000
vn 0.000000 1.000000 0.000000
vn 0.000000 1.000000 0.000000
vn 0.000000 1.000000 0.000000
vn 0.000000 1.000000 0.000000
vn 0.000000 1.000000 0.000000
vn 0.000000 1.000000 0.000000
vn 0.000000 1.000000 0.000000
vn 0.000000 1.000000 0.000000
vn 0.000000 1.000000 0.000000
vn 0.000000 1.000000 0.000000
vn 0.000000 1.000000 0.000000
vn 0.000000 1.000000 0.000000
vn 0.000000 1.000000 0.000000
vn 0.000000 1.000000 0.000000
vn 0.000000 1.000000 0.000000
vn 0.000000 1.000000 0.000000
vn 0.000000 1.000000 0.000000
vn 0.000000 1.000000 0.000000
vn 0.000000 1.000000 0.000000
vn 0.000000 1.000000 0.000000
vn 0.000000 1.000000 0.000000
vn 0.000000 1.000000 0.000000
vn 0.000000 1.000000 0.000000
vn 0.000000 1.000000 0.000000
vn 0.000000 1.000000 0.000000
vn 0.000000 1.000000 0.000000
vn 0.000000 1.000000 0.000000
vn 0.000000 1.000000 0.000000
vn 0.000000 1.000000 0.000000
vn 0.000000 1.000000 0.000000
vn 0.000000 1.000000 0.000000
vn 0.000000 1.000000 0.000000
vn 0.000000 1.000000 0.000000
vn 0.000000 1.000000 0.000000
vn 0.000000 1.000000 0.000000
vn 0.000000 1.000000 0.000000
vn 0.000000 1.000000 0.000000
vn 0.000000 1.000000 0.000000
vn 0.000000 1.000000 0.000000
vn 0.000000 1.000000 0.000000
vn 0.000000 1.000000 0.000000
vn 0.000000 1.000000 0.000000
vn 0.000000 1.000000 0.000000
vn 0.000000 1.000000 0.000000
vn 0.000000 1.000000 0.000000
vn 0.000000 1.000000 0.000000
vn 0.000000 1.000000 0.000000
vn 0.000000 1.000000 0.000000
vn 0.000000 1.000000 0.000000
vn 0.000000 1.000000 0.000000
vn 0.000000 1.000000 0.000000
vn 0.000000 1.000000 0.000000
vn 0.000000 1.000000 0.000000
vn 0.000000 1.000000 0.000000
vn 0.000000 1.000000 0.000000
vn 0.000000 1.000000 0.000000
vn 0.000000 1.000000 0.000000
vn 0.000000 1.000000 0.000000
vn 0.000000 1.000000 0.000000
vn -0.415294 0.000000 -0.909687
vn -0.415294 0.000000 -0.909687
vn -0.415294 0.000000 -0.909687
vn -0.415294 0.000000 -0.909687
vn -0.415294 0.000000 -0.909687
vn -0.415294 0.000000 -0.909687
vn -0.415294 0.000000 -0.909687
vn -0.415294 0.000000 -0.909687
vn -0.415294 0.000000 -0.909687
vn -0.415294 0.000000 -0.909687
vn -0.415294 0.000000 -0.909687
vn -0.415294 0.000000 -0.909687
vn -0.415294 0.000000 -0.909687
vn -0.415294 0.000000 -0.909687
vn -0.415294 0.000000 -0.909687
vn -0.415294 0.000000 -0.909687
vn -0.415294 0.000000 -0.909687
vn -0.415294 0.000000 -0.909687
vn -0.415294 0.000000 -0.909687
vn -0.444892 0.000000 -0.895584
vn -0.444892 0.000000 -0.895584
vn -0.473497 0.000000 -0.880795
vn -0.473497 0.000000 -0.880795
vn -0.501482 0.000000 -0.865168
vn -0.501482 0.000000 -0.865168
vn -0.528515 0.000000 -0.848924
vn -0.555508 0.000000 -0.831511
vn -0.528515 0.000000 -0.848924
vn -0.555508 0.000000 -0.831511
vn -0.581295 0.000000 -0.813693
vn -0.581295 0.000000 -0.813693
vn -0.606429 0.000000 -0.795138
vn -0.606429 0.000000 -0.795138
vn -0.630931 0.000000 -0.775839
vn -0.630931 0.000000 -0.775839
vn -0.654801 0.000000 -0.755801
vn -0.654801 0.000000 -0.755801
vn -0.677719 0.000000 -0.735321
vn -0.700021 0.000000 -0.714122
vn -0.677719 0.000000 -0.735321
vn -0.700021 0.000000 -0.714122
vn -0.721605 0.000000 -0.692305
vn -0.742473 0.000000 -0.669876
vn -0.721605 0.000000 -0.692305
vn -0.742473 0.000000 -0.669876
vn -0.762494 0.000000 -0.646995
vn -0.776863 0.000000 -0.629670
vn -0.762494 0.000000 -0.646995
vn -0.776863 0.000000 -0.629670
vn -0.790788 0.000000 -0.612091
vn -0.790788 0.000000 -0.612091
vn -0.790788 0.000000 -0.612091
vn -0.415294 0.000000 -0.909687
vn -0.999255 -0.000000 0.038598
vn -0.999255 -0.000000 0.038598
vn -0.997161 -0.000000 0.075297
vn -0.997161 -0.000000 0.075297
vn -0.993820 -0.000000 0.111002
vn -0.993820 -0.000000 0.111002
vn -0.989225 -0.000000 0.146404
vn -0.983427 -0.000000 0.181305
vn -0.989225 -0.000000 0.146404
vn -0.983427 -0.000000 0.181305
vn -0.976462 -0.000000 0.215692
vn -0.976462 -0.000000 0.215692
vn -0.968401 -0.000000 0.249400
vn -0.959297 -0.000000 0.282399
vn -0.968401 -0.000000 0.249400
vn -0.959297 -0.000000 0.282399
vn -0.949292 -0.000000 0.314397
vn -0.949292 -0.000000 0.314397
vn -0.937979 -0.000000 0.346692
vn -0.937979 -0.000000 0.346692
vn -0.925889 -0.000000 0.377796
vn -0.925889 -0.000000 0.377796
vn -0.912948 -0.000000 0.408077
vn -0.899078 -0.000000 0.437789
vn -0.912948 -0.000000 0.408077
vn -0.899078 -0.000000 0.437789
vn -0.884371 -0.000000 0.466785
vn -0.868895 -0.000000 0.494997
vn -0.884371 -0.000000 0.466785
vn -0.868895 -0.000000 0.494997
vn -0.852700 -0.000000 0.522400
vn -0.835694 -0.000000 0.549196
vn -0.852700 -0.000000 0.522400
vn -0.835694 -0.000000 0.549196
vn -0.822246 -0.000000 0.569132
vn -0.822246 -0.000000 0.569132
vn -0.808368 -0.000000 0.588677
vn -0.808368 -0.000000 0.588677
vn -0.808368 -0.000000 0.588677
vn -0.999255 -0.000000 0.038598
vn -0.909687 -0.000000 0.415294
vn -0.909687 -0.000000 0.415294
vn -0.895584 -0.000000 0.444892
vn -0.895425 -0.000000 0.445212
vn -0.881007 -0.000000 0.473104
vn -0.881007 -0.000000 0.473104
vn -0.865212 -0.000000 0.501407
vn -0.865212 -0.000000 0.501407
vn -0.848733 -0.000000 0.528821
vn -0.831511 -0.000000 0.555508
vn -0.848733 -0.000000 0.528821
vn -0.831511 -0.000000 0.555508
vn -0.813693 -0.000000 0.581295
vn -0.813693 -0.000000 0.581295
vn -0.795138 -0.000000 0.606429
vn -0.776105 -0.000000 0.630604
vn -0.795138 -0.000000 0.606429
vn -0.776105 -0.000000 0.630604
vn -0.755894 -0.000000 0.654694
vn -0.755894 -0.000000 0.654694
vn -0.735321 -0.000000 0.677719
vn -0.735321 -0.000000 0.677719
vn -0.714122 -0.000000 0.700021
vn -0.714122 -0.000000 0.700021
vn -0.692305 -0.000000 0.721605
vn -0.669876 -0.000000 0.742473
vn -0.692305 -0.000000 0.721605
vn -0.669876 -0.000000 0.742473
vn -0.646937 -0.000000 0.762544
vn -0.629670 -0.000000 0.776863
vn -0.646937 -0.000000 0.762544
vn -0.629670 -0.000000 0.776863
vn -0.612090 -0.000000 0.790788
vn -0.612090 -0.000000 0.790788
vn -0.612090 -0.000000 0.790788
vn -0.909687 -0.000000 0.415294
vn 0.038598 -0.000000 0.999255
vn 0.038598 -0.000000 0.999255
vn 0.075297 -0.000000 0.997161
vn 0.075297 -0.000000 0.997161
vn 0.111002 -0.000000 0.993820
vn 0.146697 -0.000000 0.989181
vn 0.111002 -0.000000 0.993820
vn 0.146697 -0.000000 0.989181
vn 0.181305 -0.000000 0.983427
vn 0.181305 -0.000000 0.983427
vn 0.215691 -0.000000 0.976462
vn 0.215691 -0.000000 0.976462
vn 0.249400 -0.000000 0.968401
vn 0.282399 -0.000000 0.959297
vn 0.249400 -0.000000 0.968401
vn 0.282399 -0.000000 0.959297
vn 0.314907 -0.000000 0.949122
vn 0.346692 -0.000000 0.937979
vn 0.314907 -0.000000 0.949122
vn 0.346692 -0.000000 0.937979
vn 0.377795 -0.000000 0.925889
vn 0.377795 -0.000000 0.925889
vn 0.408114 -0.000000 0.912931
vn 0.437708 -0.000000 0.899117
vn 0.408114 -0.000000 0.912931
vn 0.437708 -0.000000 0.899117
vn 0.466706 -0.000000 0.884412
vn 0.466706 -0.000000 0.884412
vn 0.494997 -0.000000 0.868895
vn 0.522473 -0.000000 0.852656
vn 0.494997 -0.000000 0.868895
vn 0.522473 -0.000000 0.852656
vn 0.549126 -0.000000 0.835740
vn 0.569132 -0.000000 0.822246
vn 0.549126 -0.000000 0.835740
vn 0.569132 -0.000000 0.822246
vn 0.588677 -0.000000 0.808368
vn 0.588677 -0.000000 0.808368
vn 0.588677 -0.000000 0.808368
vn 0.038598 -0.000000 0.999255
vn 0.415294 -0.000000 0.909687
vn 0.415294 -0.000000 0.909687
vn 0.444892 -0.000000 0.895584
vn 0.473497 -0.000000 0.880795
vn 0.444892 -0.000000 0.895584
vn 0.415294 -0.000000 0.909687
vn 0.473497 -0.000000 0.880795
vn 0.501482 -0.000000 0.865168
vn 0.528821 -0.000000 0.848733
vn 0.501482 -0.000000 0.865168
vn 0.528821 -0.000000 0.848733
vn 0.555508 -0.000000 0.831511
vn 0.581295 -0.000000 0.813693
vn 0.555508 -0.000000 0.831511
vn 0.581295 -0.000000 0.813693
vn 0.606429 -0.000000 0.795138
vn 0.630992 -0.000000 0.775790
vn 0.606429 -0.000000 0.795138
vn 0.630992 -0.000000 0.775790
vn 0.654694 -0.000000 0.755894
vn 0.677719 -0.000000 0.735321
vn 0.654694 -0.000000 0.755894
vn 0.677719 -0.000000 0.735321
vn 0.700021 -0.000000 0.714122
vn 0.700021 -0.000000 0.714122
vn 0.721605 -0.000000 0.692305
vn 0.742473 -0.000000 0.669876
vn 0.721605 -0.000000 0.692305
vn 0.742473 -0.000000 0.669876
vn 0.762494 -0.000000 0.646995
vn 0.762494 -0.000000 0.646995
vn 0.776863 -0.000000 0.629670
vn 0.790788 -0.000000 0.612091
vn 0.776863 -0.000000 0.629670
vn 0.790788 -0.000000 0.612091
vn 0.790788 -0.000000 0.612091
vn 0.999255 0.000000 -0.038598
vn 0.999255 0.000000 -0.038598
vn 0.997169 0.000000 -0.075198
vn 0.997169 0.000000 -0.075198
vn 0.993842 0.000000 -0.110805
vn 0.989181 0.000000 -0.146697
vn 0.993842 0.000000 -0.110805
vn 0.989181 0.000000 -0.146697
vn 0.983427 0.000000 -0.181305
vn 0.983427 0.000000 -0.181305
vn 0.976394 0.000000 -0.215999
vn 0.968503 0.000000 -0.249001
vn 0.976394 0.000000 -0.215999
vn 0.968503 0.000000 -0.249001
vn 0.959297 0.000000 -0.282399
vn 0.959297 0.000000 -0.282399
vn 0.949122 0.000000 -0.314907
vn 0.949122 0.000000 -0.314907
vn 0.937792 0.000000 -0.347197
vn 0.937792 0.000000 -0.347197
vn 0.925889 0.000000 -0.377796
vn 0.912803 0.000000 -0.408401
vn 0.925889 0.000000 -0.377796
vn 0.912803 0.000000 -0.408401
vn 0.899117 0.000000 -0.437708
vn 0.899117 0.000000 -0.437708
vn 0.884412 0.000000 -0.466707
vn 0.884412 0.000000 -0.466707
vn 0.868895 0.000000 -0.494997
vn 0.852656 0.000000 -0.522473
vn 0.868895 0.000000 -0.494997
vn 0.852656 0.000000 -0.522473
vn 0.835694 0.000000 -0.549196
vn 0.835694 0.000000 -0.549196
vn 0.822246 0.000000 -0.569132
vn 0.808368 0.000000 -0.588677
vn 0.822246 0.000000 -0.569132
vn 0.808368 0.000000 -0.588677
vn 0.808368 0.000000 -0.588677
vn 0.999255 0.000000 -0.038598
vn 0.909687 0.000000 -0.415294
vn 0.909687 0.000000 -0.415294
vn 0.895584 0.000000 -0.444892
vn 0.880753 0.000000 -0.473575
vn 0.895425 0.000000 -0.445212
vn 0.909687 0.000000 -0.415294
vn 0.880753 0.000000 -0.473575
vn 0.865168 0.000000 -0.501482
vn 0.865168 0.000000 -0.501482
vn 0.848761 0.000000 -0.528776
vn 0.831511 0.000000 -0.555508
vn 0.848761 0.000000 -0.528776
vn 0.831511 0.000000 -0.555508
vn 0.813693 0.000000 -0.581295
vn 0.813693 0.000000 -0.581295
vn 0.795138 0.000000 -0.606429
vn 0.795138 0.000000 -0.606429
vn 0.776105 0.000000 -0.630604
vn 0.755894 0.000000 -0.654694
vn 0.776105 0.000000 -0.630604
vn 0.755894 0.000000 -0.654694
vn 0.735321 0.000000 -0.677719
vn 0.714122 0.000000 -0.700021
vn 0.735321 0.000000 -0.677719
vn 0.714122 0.000000 -0.700021
vn 0.692305 0.000000 -0.721605
vn 0.669876 0.000000 -0.742473
vn 0.692305 0.000000 -0.721605
vn 0.669876 0.000000 -0.742473
vn 0.646888 0.000000 -0.762585
vn 0.629670 0.000000 -0.776863
vn 0.646888 0.000000 -0.762585
vn 0.629670 0.000000 -0.776863
vn 0.612090 0.000000 -0.790788
vn 0.612090 0.000000 -0.790788
vn 0.612090 0.000000 -0.790788
vn -0.038598 0.000000 -0.999255
vn -0.038598 0.000000 -0.999255
vn -0.075297 0.000000 -0.997161
vn -0.111002 0.000000 -0.993820
vn -0.075297 0.000000 -0.997161
vn -0.038598 0.000000 -0.999255
vn -0.111002 0.000000 -0.993820
vn -0.146697 0.000000 -0.989181
vn -0.146697 0.000000 -0.989181
vn -0.181305 0.000000 -0.983427
vn -0.181305 0.000000 -0.983427
vn -0.215999 0.000000 -0.976394
vn -0.249400 0.000000 -0.968401
vn -0.215999 0.000000 -0.976394
vn -0.249400 0.000000 -0.968401
vn -0.282399 0.000000 -0.959297
vn -0.314907 0.000000 -0.949122
vn -0.282399 0.000000 -0.959297
vn -0.314907 0.000000 -0.949122
vn -0.346692 0.000000 -0.937979
vn -0.346692 0.000000 -0.937979
vn -0.377795 0.000000 -0.925889
vn -0.377795 0.000000 -0.925889
vn -0.408077 0.000000 -0.912948
vn -0.437708 0.000000 -0.899117
vn -0.408077 0.000000 -0.912948
vn -0.437708 0.000000 -0.899117
vn -0.466706 0.000000 -0.884412
vn -0.466706 0.000000 -0.884412
vn -0.494997 0.000000 -0.868895
vn -0.522473 0.000000 -0.852656
vn -0.494997 0.000000 -0.868895
vn -0.522473 0.000000 -0.852656
vn -0.549196 0.000000 -0.835694
vn -0.569200 0.000000 -0.822199
vn -0.549196 0.000000 -0.835694
vn -0.569200 0.000000 -0.822199
vn -0.588677 0.000000 -0.808368
vn -0.588677 0.000000 -0.808368
vn -0.588677 0.000000 -0.808368
vn -0.999255 -0.000000 0.038598
vn -0.999255 -0.000000 0.038598
vn -0.999255 -0.000000 0.038598
vn -0.999255 -0.000000 0.038598
vn -0.999255 -0.000000 0.038598
vn -0.999255 -0.000000 0.038598
vn -0.999255 -0.000000 0.038598
vn -0.999255 -0.000000 0.038598
vn -0.909687 -0.000000 0.415294
vn -0.909687 -0.000000 0.415294
vn -0.909687 -0.000000 0.415294
vn -0.909687 -0.000000 0.415294
vn -0.909687 -0.000000 0.415294
vn -0.909687 -0.000000 0.415294
vn -0.909687 -0.000000 0.415294
vn -0.909687 -0.000000 0.415294
vn -0.909687 -0.000000 0.415294
vn -0.909687 -0.000000 0.415294
vn -0.909687 -0.000000 0.415294
vn -0.909687 -0.000000 0.415294
vn -0.909687 -0.000600 0.415294
vn -0.909687 -0.000000 0.415294
vn -0.909687 -0.000000 0.415294
vn -0.909687 -0.000000 0.415294
vn -0.909687 -0.000000 0.415294
vn 0.038598 -0.000000 0.999255
vn 0.038598 -0.000000 0.999255
vn 0.038598 -0.000000 0.999255
vn 0.038598 -0.000000 0.999255
vn 0.038598 -0.000000 0.999255
vn 0.038598 -0.000000 0.999255
vn 0.038598 -0.000000 0.999255
vn 0.038598 -0.000000 0.999255
vn 0.415294 -0.000000 0.909687
vn 0.415294 -0.000000 0.909687
vn 0.415294 -0.000000 0.909687
vn 0.415294 -0.000000 0.909687
vn 0.415294 -0.000000 0.909687
vn 0.415294 -0.000000 0.909687
vn 0.415294 -0.000000 0.909687
vn 0.415294 -0.000000 0.909687
vn 0.415294 -0.000000 0.909687
vn 0.415294 -0.000000 0.909687
vn 0.415294 -0.000000 0.909687
vn 0.415294 -0.000000 0.909687
vn 0.415294 -0.000000 0.909687
vn 0.415294 -0.000000 0.909687
vn 0.415294 -0.000000 0.909687
vn 0.415294 -0.000000 0.909687
vn 0.415294 -0.000000 0.909687
vn 0.999255 0.000000 -0.038598
vn 0.999255 0.000000 -0.038598
vn 0.999255 0.000000 -0.038598
vn 0.999255 0.000000 -0.038598
vn 0.999255 0.000000 -0.038598
vn 0.999255 0.000000 -0.038598
vn 0.999255 0.000000 -0.038598
vn 0.999255 0.000000 -0.038598
vn 0.909687 0.000000 -0.415294
vn 0.909687 0.000000 -0.415294
vn 0.909687 0.000000 -0.415294
vn 0.909687 0.000000 -0.415294
vn 0.909687 0.000000 -0.415294
vn 0.909687 0.000000 -0.415294
vn 0.909687 -0.000100 -0.415294
vn 0.909687 0.000000 -0.415294
vn 0.909687 0.000000 -0.415294
vn 0.909687 0.000000 -0.415294
vn 0.909687 0.000000 -0.415294
vn 0.909687 0.000000 -0.415294
vn 0.909687 0.000000 -0.415294
vn 0.909687 0.000000 -0.415294
vn 0.909687 0.000000 -0.415294
vn 0.909687 0.000000 -0.415294
vn 0.909687 0.000000 -0.415294
vn -0.038598 0.000000 -0.999255
vn -0.038598 0.000000 -0.999255
vn -0.038598 0.000000 -0.999255
vn -0.038598 0.000000 -0.999255
vn -0.038598 0.000000 -0.999255
vn -0.038598 0.000000 -0.999255
vn -0.038598 0.000000 -0.999255
vn -0.038598 0.000000 -0.999255
vn -0.772011 -0.000000 0.635609
vn -0.742851 -0.000000 0.669456
vn -0.772011 -0.000000 0.635609
vn -0.742851 -0.000000 0.669456
vn -0.700526 -0.000000 0.713627
vn -0.655391 -0.000000 0.755290
vn -0.700526 -0.000000 0.713627
vn -0.655391 -0.000000 0.755290
vn -0.607398 -0.000000 0.794398
vn -0.556591 -0.000000 0.830787
vn -0.607398 -0.000000 0.794398
vn -0.556591 -0.000000 0.830787
vn -0.503112 -0.000000 0.864221
vn -0.503112 -0.000000 0.864221
vn -0.446894 -0.000000 0.894587
vn -0.387900 -0.000000 0.921701
vn -0.446894 -0.000000 0.894587
vn -0.387900 -0.000000 0.921701
vn -0.772011 -0.000000 0.635609
vn -0.877639 -0.000000 0.479322
vn -0.772011 -0.000000 0.635609
vn -0.877639 -0.000000 0.479322
vn -0.955656 -0.000000 0.294486
vn -0.955656 -0.000000 0.294486
vn -0.996068 -0.000000 0.088597
vn -0.996068 -0.000000 0.088597
vn -0.992042 0.000000 -0.125905
vn -0.942322 0.000000 -0.334708
vn -0.992042 0.000000 -0.125905
vn -0.942322 0.000000 -0.334708
vn -0.851785 0.000000 -0.523891
vn -0.851785 0.000000 -0.523891
vn -0.728135 0.000000 -0.685433
vn -0.729974 -0.000100 -0.683475
vn -0.728135 0.000000 -0.685433
vn -0.728135 0.000100 -0.685433
vn -0.660089 0.000000 -0.751188
vn -0.588724 0.000000 -0.808334
vn -0.660089 -0.000200 -0.751187
vn -0.660032 0.000100 -0.751237
vn -0.588724 0.000000 -0.808334
vn -0.729974 0.000200 -0.683475
vn -0.588724 -0.000100 -0.808334
vn -0.564286 -0.000000 0.825579
vn -0.523891 -0.000000 0.851785
vn -0.564286 -0.000000 0.825579
vn -0.523891 -0.000000 0.851785
vn -0.468604 -0.000000 0.883408
vn -0.468604 -0.000000 0.883408
vn -0.410523 -0.000000 0.911850
vn -0.410523 -0.000000 0.911850
vn -0.349687 -0.000000 0.936866
vn -0.349687 -0.000000 0.936866
vn -0.286192 -0.000000 0.958172
vn -0.220095 -0.000000 0.975478
vn -0.286192 -0.000000 0.958172
vn -0.220095 -0.000000 0.975478
vn -0.151606 -0.000000 0.988441
vn -0.081100 -0.000000 0.996706
vn -0.151606 -0.000000 0.988441
vn -0.081100 -0.000000 0.996706
vn -0.008700 -0.000000 0.999962
vn -0.008700 -0.000000 0.999962
vn 0.635609 -0.000000 0.772011
vn 0.669456 -0.000000 0.742852
vn 0.635609 -0.000000 0.772011
vn 0.669456 -0.000000 0.742852
vn 0.713627 -0.000000 0.700526
vn 0.755290 -0.000000 0.655391
vn 0.713627 -0.000000 0.700526
vn 0.755290 -0.000000 0.655391
vn 0.794398 -0.000000 0.607398
vn 0.830787 -0.000000 0.556591
vn 0.794398 -0.000000 0.607398
vn 0.830787 -0.000000 0.556591
vn 0.864221 -0.000000 0.503112
vn 0.864221 -0.000000 0.503112
vn 0.894627 -0.000000 0.446814
vn 0.894627 -0.000000 0.446814
vn 0.921701 -0.000000 0.387901
vn 0.921701 -0.000000 0.387901
vn 0.825579 -0.000000 0.564286
vn 0.851785 -0.000000 0.523891
vn 0.825579 -0.000000 0.564286
vn 0.851785 -0.000000 0.523891
vn 0.883408 -0.000000 0.468604
vn 0.883408 -0.000000 0.468604
vn 0.911850 -0.000000 0.410523
vn 0.936866 -0.000000 0.349688
vn 0.911850 -0.000000 0.410523
vn 0.936866 -0.000000 0.349688
vn 0.958172 -0.000000 0.286192
vn 0.975478 -0.000000 0.220095
vn 0.958172 -0.000000 0.286192
vn 0.975478 -0.000000 0.220095
vn 0.988441 -0.000000 0.151606
vn 0.996730 -0.000000 0.080802
vn 0.988441 -0.000000 0.151606
vn 0.996730 -0.000000 0.080802
vn 0.999962 -0.000000 0.008700
vn 0.999962 -0.000000 0.008700
vn 0.772011 0.000000 -0.635609
vn 0.742901 0.000000 -0.669401
vn 0.772011 0.000000 -0.635609
vn 0.742901 0.000000 -0.669401
vn 0.700526 0.000000 -0.713627
vn 0.700526 0.000000 -0.713627
vn 0.655391 0.000000 -0.755290
vn 0.607398 0.000000 -0.794398
vn 0.655391 0.000000 -0.755290
vn 0.607398 0.000000 -0.794398
vn 0.556591 0.000000 -0.830787
vn 0.556591 0.000000 -0.830787
vn 0.503112 0.000000 -0.864221
vn 0.446894 0.000000 -0.894587
vn 0.503112 0.000000 -0.864221
vn 0.446894 0.000000 -0.894587
vn 0.387900 0.000000 -0.921701
vn 0.387900 0.000000 -0.921701
vn 0.564286 0.000000 -0.825579
vn 0.523891 0.000000 -0.851785
vn 0.564286 0.000000 -0.825579
vn 0.523891 0.000000 -0.851785
vn 0.468604 0.000000 -0.883408
vn 0.410523 0.000000 -0.911850
vn 0.468604 0.000000 -0.883408
vn 0.410523 0.000000 -0.911850
vn 0.349687 0.000000 -0.936866
vn 0.286192 0.000000 -0.958172
vn 0.349687 0.000000 -0.936866
vn 0.286192 0.000000 -0.958172
vn 0.220095 0.000000 -0.975478
vn 0.220095 0.000000 -0.975478
vn 0.151606 0.000000 -0.988441
vn 0.151606 0.000000 -0.988441
vn 0.081100 0.000000 -0.996706
vn 0.081100 0.000000 -0.996706
vn 0.008700 0.000000 -0.999962
vn 0.008700 0.000000 -0.999962
vn -0.635609 0.000000 -0.772011
vn -0.669456 0.000000 -0.742852
vn -0.635609 0.000000 -0.772011
vn -0.669456 0.000000 -0.742852
vn -0.713627 0.000000 -0.700526
vn -0.713627 0.000000 -0.700526
vn -0.755290 0.000000 -0.655391
vn -0.755290 0.000000 -0.655391
vn -0.794398 0.000000 -0.607398
vn -0.794398 0.000000 -0.607398
vn -0.830787 0.000000 -0.556591
vn -0.864402 0.000000 -0.502801
vn -0.830787 0.000000 -0.556591
vn -0.864402 0.000000 -0.502801
vn -0.894747 0.000000 -0.446574
vn -0.921701 0.000000 -0.387901
vn -0.894747 0.000000 -0.446574
vn -0.921701 0.000000 -0.387901
vn -0.825579 0.000000 -0.564286
vn -0.851785 0.000000 -0.523891
vn -0.825579 0.000000 -0.564286
vn -0.851785 0.000000 -0.523891
vn -0.883408 0.000000 -0.468604
vn -0.883408 0.000000 -0.468604
vn -0.911850 0.000000 -0.410523
vn -0.936854 0.000000 -0.349720
vn -0.911850 0.000000 -0.410523
vn -0.936854 0.000000 -0.349720
vn -0.958172 0.000100 -0.286192
vn -0.982737 0.000000 -0.185007
vn -0.982719 0.000000 -0.185104
vn -0.994877 0.000000 -0.101098
vn -0.982719 0.000000 -0.185104
vn -0.958172 -0.000100 -0.286192
vn -0.975478 -0.000200 -0.220095
vn -0.988441 0.000300 -0.151606
vn -0.994866 0.000200 -0.101197
vn -0.996714 0.000100 -0.081001
vn -0.999962 0.000000 -0.008700
vn -0.999962 0.000000 -0.008700
vn -0.999962 0.000000 -0.008700
vn -0.994877 -0.000100 -0.101098
vn -0.988441 -0.000300 -0.151606
vn -0.996714 -0.000100 -0.081001
vn -0.975478 0.000000 -0.220095
vn -0.564401 -0.000000 0.825501
vn -0.709204 -0.000000 0.705004
vn -0.564401 -0.000000 0.825501
vn -0.709204 -0.000000 0.705004
vn -0.835740 -0.000000 0.549126
vn -0.835740 -0.000000 0.549126
vn -0.931905 -0.000000 0.362702
vn -0.931905 -0.000000 0.362702
vn -0.987820 -0.000000 0.155603
vn -0.998276 0.000000 -0.058699
vn -0.987820 -0.000000 0.155603
vn -0.998276 0.000000 -0.058699
vn -0.964084 0.000000 -0.265596
vn -0.891610 -0.000100 -0.452805
vn -0.890391 0.000000 -0.455196
vn -0.964052 0.000000 -0.265714
vn -0.890391 -0.000100 -0.455196
vn -0.843348 -0.000100 -0.537367
vn -0.843394 0.000000 -0.537296
vn -0.790788 0.000000 -0.612091
vn -0.790788 0.000000 -0.612091
vn -0.790788 0.000000 -0.612091
vn -0.843348 0.000000 -0.537367
vn -0.890391 0.000100 -0.455196
vn -0.891610 0.000200 -0.452805
vn 0.635500 -0.000000 0.772101
vn 0.479321 -0.000000 0.877639
vn 0.635500 -0.000000 0.772101
vn 0.479321 -0.000000 0.877639
vn 0.294395 -0.000000 0.955684
vn 0.294395 -0.000000 0.955684
vn 0.088498 -0.000000 0.996076
vn 0.088498 -0.000000 0.996076
vn -0.126004 -0.000000 0.992030
vn -0.334708 -0.000000 0.942322
vn -0.126004 -0.000000 0.992030
vn -0.334708 -0.000000 0.942322
vn -0.523891 -0.000000 0.851785
vn -0.685433 -0.000000 0.728135
vn -0.683475 0.000100 0.729974
vn -0.685433 -0.000000 0.728135
vn -0.524008 -0.000000 0.851713
vn -0.685433 -0.000100 0.728135
vn -0.683475 -0.000100 0.729974
vn -0.808334 -0.000000 0.588725
vn -0.751187 -0.000100 0.660089
vn -0.808334 -0.000000 0.588725
vn -0.751144 -0.000000 0.660139
vn -0.751187 -0.000000 0.660089
vn -0.808334 -0.000000 0.588725
vn 0.825579 -0.000000 0.564286
vn 0.705004 -0.000000 0.709204
vn 0.825579 -0.000000 0.564286
vn 0.705004 -0.000000 0.709204
vn 0.549196 -0.000000 0.835694
vn 0.549196 -0.000000 0.835694
vn 0.362702 -0.000000 0.931905
vn 0.362702 -0.000000 0.931905
vn 0.155603 -0.000000 0.987820
vn -0.058798 -0.000000 0.998270
vn 0.155603 -0.000000 0.987820
vn -0.058798 -0.000000 0.998270
vn -0.265596 -0.000000 0.964085
vn -0.265714 -0.000000 0.964052
vn -0.455196 0.000100 0.890391
vn -0.452805 0.000100 0.891610
vn -0.455196 -0.000000 0.890391
vn -0.455196 -0.000100 0.890391
vn -0.537296 -0.000000 0.843394
vn -0.612090 -0.000000 0.790788
vn -0.537367 -0.000100 0.843348
vn -0.537367 0.000100 0.843348
vn -0.612090 -0.000000 0.790788
vn -0.452805 -0.000200 0.891610
vn -0.612090 -0.000000 0.790788
vn 0.772051 0.000000 -0.635560
vn 0.877597 0.000000 -0.479399
vn 0.772051 0.000000 -0.635560
vn 0.877597 0.000000 -0.479399
vn 0.955656 0.000000 -0.294486
vn 0.955656 0.000000 -0.294486
vn 0.996076 0.000000 -0.088498
vn 0.996076 0.000000 -0.088498
vn 0.992030 -0.000000 0.126004
vn 0.942322 -0.000000 0.334708
vn 0.992030 -0.000000 0.126004
vn 0.942322 -0.000000 0.334708
vn 0.851713 -0.000000 0.524008
vn 0.851785 -0.000000 0.523891
vn 0.728135 -0.000000 0.685433
vn 0.729974 -0.000000 0.683475
vn 0.728135 -0.000000 0.685433
vn 0.728135 -0.000000 0.685433
vn 0.660195 -0.000000 0.751094
vn 0.588677 -0.000000 0.808368
vn 0.660089 -0.000000 0.751188
vn 0.660032 -0.000000 0.751237
vn 0.588724 -0.000000 0.808334
vn 0.729974 0.000100 0.683475
vn 0.588724 -0.000000 0.808334
vn 0.564401 0.000000 -0.825501
vn 0.709204 0.000000 -0.705004
vn 0.564401 0.000000 -0.825501
vn 0.709204 0.000000 -0.705004
vn 0.835694 0.000000 -0.549196
vn 0.835694 0.000000 -0.549196
vn 0.931905 0.000000 -0.362702
vn 0.931905 0.000000 -0.362702
vn 0.987820 0.000000 -0.155603
vn 0.998276 -0.000000 0.058699
vn 0.987820 0.000000 -0.155603
vn 0.998276 -0.000000 0.058699
vn 0.964084 -0.000000 0.265596
vn 0.964084 -0.000000 0.265596
vn 0.890391 0.000100 0.455196
vn 0.891610 0.000200 0.452805
vn 0.890391 -0.000000 0.455196
vn 0.890391 -0.000100 0.455196
vn 0.843320 -0.000000 0.537413
vn 0.843348 -0.000100 0.537367
vn 0.843348 -0.000000 0.537367
vn 0.790788 -0.000000 0.612091
vn 0.790788 -0.000000 0.612091
vn 0.790788 -0.000000 0.612091
vn 0.891610 -0.000200 0.452805
vn -0.635500 0.000000 -0.772101
vn -0.479398 0.000000 -0.877597
vn -0.635500 0.000000 -0.772101
vn -0.479398 0.000000 -0.877597
vn -0.294395 0.000000 -0.955684
vn -0.294395 0.000000 -0.955684
vn -0.088597 0.000000 -0.996068
vn -0.088597 0.000000 -0.996068
vn 0.126004 0.000000 -0.992030
vn 0.334708 0.000000 -0.942322
vn 0.126004 0.000000 -0.992030
vn 0.334708 0.000000 -0.942322
vn 0.523891 0.000000 -0.851785
vn 0.685383 0.000000 -0.728182
vn 0.523891 0.000000 -0.851785
vn 0.685433 0.000100 -0.728135
vn 0.683475 0.000200 -0.729974
vn 0.808334 0.000000 -0.588725
vn 0.751187 0.000100 -0.660089
vn 0.808334 0.000000 -0.588725
vn 0.808334 0.000000 -0.588725
vn 0.751187 0.000000 -0.660089
vn 0.751187 -0.000200 -0.660089
vn 0.685383 -0.000100 -0.728182
vn 0.683525 -0.000100 -0.729927
vn -0.825548 0.000000 -0.564333
vn -0.704903 0.000000 -0.709303
vn -0.825548 0.000000 -0.564333
vn -0.704903 0.000000 -0.709303
vn -0.549196 0.000000 -0.835694
vn -0.549196 0.000000 -0.835694
vn -0.362702 0.000000 -0.931905
vn -0.362702 0.000000 -0.931905
vn -0.155603 0.000000 -0.987820
vn 0.058699 0.000000 -0.998276
vn -0.155603 0.000000 -0.987820
vn 0.058699 0.000000 -0.998276
vn 0.265714 0.000000 -0.964052
vn 0.455196 0.000000 -0.890391
vn 0.265714 0.000000 -0.964052
vn 0.455196 0.000000 -0.890391
vn 0.452805 0.000000 -0.891610
vn 0.612090 0.000000 -0.790788
vn 0.537367 0.000000 -0.843348
vn 0.612090 0.000000 -0.790788
vn 0.537412 0.000000 -0.843320
vn 0.537412 0.000000 -0.843320
vn 0.612090 0.000000 -0.790788
vn 0.452805 0.000000 -0.891610
vn 0.455196 0.000000 -0.890391
vn -0.387900 -0.000000 0.921701
vn -0.387900 -0.000000 0.921701
vn -0.387900 -0.000000 0.921701
vn -0.387900 -0.000000 0.921701
vn -0.387900 -0.000000 0.921701
vn -0.387900 -0.000000 0.921701
vn -0.387900 -0.000000 0.921701
vn -0.387900 -0.000000 0.921701
vn -0.387900 -0.000000 0.921701
vn -0.387900 -0.000000 0.921701
vn -0.387900 -0.000000 0.921701
vn -0.415415 0.000000 -0.909632
vn -0.415415 0.000000 -0.909632
vn -0.624512 0.000000 -0.781015
vn -0.815897 0.000000 -0.578198
vn -0.624512 0.000000 -0.781015
vn -0.415415 0.000000 -0.909632
vn -0.815897 0.000000 -0.578198
vn -0.952704 0.000000 -0.303901
vn -0.952704 0.000000 -0.303901
vn -0.999887 -0.000000 0.015000
vn -0.943177 -0.000000 0.332292
vn -0.999887 -0.000000 0.015000
vn -0.943177 -0.000000 0.332292
vn -0.798196 -0.000000 0.602397
vn -0.600864 -0.000000 0.799352
vn -0.798196 -0.000000 0.602397
vn -0.600864 -0.000000 0.799352
vn -0.387985 -0.000000 0.921665
vn -0.387985 -0.000000 0.921665
vn -0.387985 -0.000000 0.921665
vn 0.921701 -0.000000 0.387901
vn 0.921701 -0.000000 0.387901
vn 0.921701 -0.000000 0.387901
vn 0.921701 -0.000000 0.387901
vn 0.921701 -0.000000 0.387901
vn 0.921701 -0.000000 0.387901
vn 0.921701 -0.000000 0.387901
vn 0.921701 -0.000000 0.387901
vn 0.921701 -0.000000 0.387901
vn 0.921701 -0.000000 0.387901
vn 0.921701 -0.000000 0.387901
vn 0.921701 -0.000000 0.387901
vn 0.921701 -0.000000 0.387901
vn 0.387900 0.000000 -0.921701
vn 0.387900 0.000000 -0.921701
vn 0.387900 0.000000 -0.921701
vn 0.387900 0.000000 -0.921701
vn 0.387900 0.000000 -0.921701
vn 0.387900 0.000000 -0.921701
vn 0.387900 0.000000 -0.921701
vn 0.387900 0.000000 -0.921701
vn 0.387900 0.000000 -0.921701
vn 0.387900 0.000000 -0.921701
vn 0.387900 0.000000 -0.921701
vn -0.921701 0.000000 -0.387901
vn -0.921701 0.000000 -0.387901
vn -0.921701 0.000000 -0.387901
vn -0.921701 0.000000 -0.387901
vn -0.921701 0.000000 -0.387901
vn -0.921701 0.000000 -0.387901
vn -0.921701 0.000000 -0.387901
vn -0.921701 0.000000 -0.387901
vn -0.921701 0.000000 -0.387901
vn -0.921701 0.000000 -0.387901
vn -0.921701 0.000000 -0.387901
vn -0.921701 0.000000 -0.387901
vn -0.921701 0.000000 -0.387901
vn -0.909632 -0.000000 0.415415
vn -0.909632 -0.000000 0.415415
vn -0.781015 -0.000000 0.624512
vn -0.578198 -0.000000 0.815897
vn -0.781015 -0.000000 0.624512
vn -0.909632 -0.000000 0.415415
vn -0.578198 -0.000000 0.815897
vn -0.303901 -0.000000 0.952704
vn 0.015000 -0.000000 0.999887
vn -0.303901 -0.000000 0.952704
vn 0.015000 -0.000000 0.999887
vn 0.332292 -0.000000 0.943177
vn 0.602397 -0.000000 0.798196
vn 0.332292 -0.000000 0.943177
vn 0.602397 -0.000000 0.798196
vn 0.799315 -0.000000 0.600912
vn 0.921665 -0.000000 0.387986
vn 0.799352 -0.000000 0.600864
vn 0.921665 -0.000000 0.387986
vn 0.921665 -0.000000 0.387986
vn 0.415415 -0.000000 0.909632
vn 0.415415 -0.000000 0.909632
vn 0.624512 -0.000000 0.781015
vn 0.815897 -0.000000 0.578198
vn 0.624512 -0.000000 0.781015
vn 0.815897 -0.000000 0.578198
vn 0.415415 -0.000000 0.909632
vn 0.952675 -0.000000 0.303992
vn 0.999886 0.000000 -0.015100
vn 0.952675 -0.000000 0.303992
vn 0.999886 0.000000 -0.015100
vn 0.943177 0.000000 -0.332292
vn 0.798196 0.000000 -0.602397
vn 0.943177 0.000000 -0.332292
vn 0.798196 0.000000 -0.602397
vn 0.600800 0.000000 -0.799400
vn 0.387985 0.000000 -0.921665
vn 0.387985 0.000000 -0.921665
vn 0.600800 0.000000 -0.799400
vn 0.387985 0.000000 -0.921665
vn 0.909632 0.000000 -0.415415
vn 0.909632 0.000000 -0.415415
vn 0.781015 0.000000 -0.624512
vn 0.578198 0.000000 -0.815897
vn 0.781015 0.000000 -0.624512
vn 0.909632 0.000000 -0.415415
vn 0.578198 0.000000 -0.815897
vn 0.303901 0.000000 -0.952704
vn -0.015000 0.000000 -0.999887
vn 0.303901 0.000000 -0.952704
vn -0.015000 0.000000 -0.999887
vn -0.332381 0.000000 -0.943145
vn -0.602397 0.000000 -0.798196
vn -0.332381 0.000000 -0.943145
vn -0.602397 0.000000 -0.798196
vn -0.799352 0.000000 -0.600864
vn -0.921665 0.000000 -0.387986
vn -0.799400 0.000000 -0.600800
vn -0.921665 0.000000 -0.387986
vn -0.921665 0.000000 -0.387986
vn -0.008700 -0.000000 0.999962
vn -0.008700 -0.000000 0.999962
vn -0.008700 -0.000000 0.999962
vn -0.008700 -0.000000 0.999962
vn -0.008700 -0.000000 0.999962
vn -0.008700 -0.000000 0.999962
vn -0.008700 -0.000000 0.999962
vn 0.999962 -0.000000 0.008700
vn 0.999962 -0.000000 0.008700
vn 0.999962 -0.000000 0.008700
vn 0.999962 -0.000000 0.008700
vn 0.999962 -0.000000 0.008700
vn 0.999962 -0.000000 0.008700
vn 0.999962 -0.000000 0.008700
vn 0.008700 0.000000 -0.999962
vn 0.008700 0.000000 -0.999962
vn 0.008700 0.000000 -0.999962
vn 0.008700 0.000000 -0.999962
vn 0.008700 0.000000 -0.999962
vn 0.008700 0.000000 -0.999962
vn 0.008700 0.000000 -0.999962
vn -0.999962 0.000000 -0.008700
vn -0.999962 0.000000 -0.008700
vn -0.999962 0.000000 -0.008700
vn -0.999962 0.000000 -0.008700
vn -0.999962 0.000000 -0.008700
vn -0.999962 0.000000 -0.008700
vn -0.999962 0.000000 -0.008700
vn -0.999962 0.000000 -0.008700
vn -0.999962 0.000000 -0.008700
vn -0.999962 0.000000 -0.008700
vn -0.999962 0.000000 -0.008700
vn -0.999962 0.000000 -0.008700
vn -0.999251 -0.000000 0.038698
vn -0.919021 -0.000000 0.394209
vn -0.999251 -0.000000 0.038698
vn -0.999251 -0.000000 0.038698
vn -0.919021 -0.000000 0.394209
vn -0.696427 -0.000000 0.717628
vn -0.366506 -0.000000 0.930416
vn -0.696427 -0.000000 0.717628
vn -0.366506 -0.000000 0.930416
vn -0.008800 -0.000000 0.999961
vn -0.008800 -0.000000 0.999961
vn -0.008800 -0.000000 0.999961
vn 0.038698 -0.000000 0.999251
vn 0.038698 -0.000000 0.999251
vn 0.394209 -0.000000 0.919021
vn 0.717628 -0.000000 0.696427
vn 0.394209 -0.000000 0.919021
vn 0.717628 -0.000000 0.696427
vn 0.038698 0.000100 0.999251
vn 0.930382 -0.000000 0.366593
vn 0.930382 -0.000000 0.366593
vn 0.999961 -0.000000 0.008800
vn 0.999961 -0.000000 0.008800
vn 0.999961 -0.000100 0.008800
vn 0.999251 0.000000 -0.038698
vn 0.919021 0.000000 -0.394209
vn 0.999251 0.000000 -0.038698
vn 0.999251 0.000000 -0.038698
vn 0.919021 0.000000 -0.394209
vn 0.696427 0.000000 -0.717628
vn 0.366506 0.000000 -0.930416
vn 0.696427 0.000000 -0.717628
vn 0.366506 0.000000 -0.930416
vn 0.008800 0.000000 -0.999961
vn 0.008700 0.000000 -0.999962
vn 0.008700 0.000000 -0.999962
vn -0.038698 0.000000 -0.999251
vn -0.038698 0.000000 -0.999251
vn -0.394209 0.000000 -0.919021
vn -0.717628 0.000000 -0.696427
vn -0.394209 0.000000 -0.919021
vn -0.717628 0.000000 -0.696427
vn -0.038698 0.000000 -0.999251
vn -0.930416 0.000000 -0.366506
vn -0.930416 0.000000 -0.366506
vn -0.999961 0.000000 -0.008800
vn -0.999961 0.000000 -0.008800
vn -0.999961 0.000000 -0.008800
vn 0.762585 -0.000000 0.646888
vn 0.792572 -0.000000 0.609778
vn 0.792572 -0.000000 0.609778
vn 0.762585 -0.000000 0.646888
vn 0.792572 -0.000000 0.609778
vn 0.792572 -0.000000 0.609778
vn 0.762585 -0.000000 0.646888
vn 0.792572 -0.000000 0.609778
vn 0.820728 -0.000000 0.571319
vn 0.820728 -0.000000 0.571319
vn 0.871565 -0.000000 0.490280
vn 0.871565 -0.000000 0.490280
vn 0.953755 -0.000000 0.300586
vn 0.953755 -0.000000 0.300586
vn 0.982303 -0.000000 0.187301
vn 0.997685 -0.000000 0.067999
vn 0.982303 -0.000000 0.187301
vn 0.997685 -0.000000 0.067999
vn 0.982303 -0.000000 0.187301
vn 0.953755 -0.000000 0.300586
vn 0.871565 -0.000000 0.490280
vn 0.820728 -0.000000 0.571319
vn 0.820728 -0.000000 0.571319
vn 0.820728 -0.000000 0.571319
vn 0.505393 0.000000 -0.862889
vn 0.505393 0.000000 -0.862889
vn 0.596040 0.000000 -0.802954
vn 0.289008 0.000000 -0.957327
vn 0.289008 0.000000 -0.957327
vn 0.153102 0.000000 -0.988210
vn 0.008700 0.000000 -0.999962
vn 0.153102 0.000000 -0.988210
vn 0.008700 0.000000 -0.999962
vn 0.153102 0.000000 -0.988210
vn 0.289008 0.000000 -0.957327
vn 0.505393 0.000000 -0.862889
vn 0.596040 0.000000 -0.802954
vn 0.677719 0.000000 -0.735321
vn 0.595479 0.000000 -0.803371
vn 0.677719 0.000000 -0.735321
vn 0.490280 0.000000 -0.871565
vn 0.571319 0.000000 -0.820728
vn 0.571319 0.000000 -0.820728
vn 0.490280 0.000000 -0.871565
vn 0.300614 0.000000 -0.953746
vn 0.300586 0.000000 -0.953755
vn 0.187300 0.000000 -0.982303
vn 0.067999 0.000000 -0.997685
vn 0.187300 0.000000 -0.982303
vn 0.067999 0.000000 -0.997685
vn 0.187300 0.000000 -0.982303
vn 0.300614 0.000000 -0.953746
vn 0.490280 0.000000 -0.871565
vn 0.571319 0.000000 -0.820728
vn 0.571319 0.000000 -0.820728
vn 0.609778 0.000000 -0.792572
vn 0.646888 0.000000 -0.762585
vn 0.609778 0.000000 -0.792572
vn 0.646888 0.000000 -0.762585
vn 0.609778 0.000000 -0.792572
vn 0.571319 0.000000 -0.820728
vn 0.609778 0.000000 -0.792572
vn 0.609778 0.000000 -0.792572
vn 0.646888 0.000000 -0.762585
vn -0.735321 0.000000 -0.677719
vn -0.802990 0.000000 -0.595993
vn -0.803073 0.000000 -0.595880
vn -0.735321 0.000000 -0.677719
vn -0.803073 0.000000 -0.595880
vn -0.862889 0.000000 -0.505394
vn -0.862889 0.000000 -0.505394
vn -0.957327 0.000000 -0.289008
vn -0.957327 0.000000 -0.289008
vn -0.988226 0.000000 -0.153004
vn -0.999962 0.000000 -0.008700
vn -0.988226 0.000000 -0.153004
vn -0.999962 0.000000 -0.008700
vn -0.988226 0.000000 -0.153004
vn -0.957327 0.000000 -0.289008
vn -0.862889 0.000000 -0.505394
vn -0.762585 0.000000 -0.646888
vn -0.792572 0.000000 -0.609778
vn -0.792572 0.000000 -0.609778
vn -0.762585 0.000000 -0.646888
vn -0.792572 0.000000 -0.609778
vn -0.792572 0.000000 -0.609778
vn -0.762585 0.000000 -0.646888
vn -0.792572 0.000000 -0.609778
vn -0.820728 0.000000 -0.571319
vn -0.871565 0.000000 -0.490280
vn -0.820728 0.000000 -0.571319
vn -0.871565 0.000000 -0.490280
vn -0.820728 0.000000 -0.571319
vn -0.820728 0.000000 -0.571319
vn -0.820728 0.000000 -0.571319
vn -0.871565 0.000000 -0.490280
vn -0.953746 0.000000 -0.300614
vn -0.953746 0.000000 -0.300614
vn -0.982303 0.000000 -0.187301
vn -0.997685 0.000000 -0.067999
vn -0.982303 0.000000 -0.187301
vn -0.997685 0.000000 -0.067999
vn -0.982303 0.000000 -0.187301
vn -0.953746 0.000000 -0.300614
vn -0.677719 -0.000000 0.735321
vn -0.595479 -0.000000 0.803371
vn -0.595993 -0.000000 0.802990
vn -0.677719 -0.000000 0.735321
vn -0.595993 -0.000000 0.802990
vn -0.505393 -0.000000 0.862889
vn -0.505393 -0.000000 0.862889
vn -0.289008 -0.000000 0.957327
vn -0.289008 -0.000000 0.957327
vn -0.153102 -0.000000 0.988210
vn -0.008700 -0.000000 0.999962
vn -0.153102 -0.000000 0.988210
vn -0.008700 -0.000000 0.999962
vn -0.153102 -0.000000 0.988210
vn -0.289008 -0.000000 0.957327
vn -0.505393 -0.000000 0.862889
vn -0.646888 -0.000000 0.762585
vn -0.609778 -0.000000 0.792572
vn -0.609778 -0.000000 0.792572
vn -0.646888 -0.000000 0.762585
vn -0.609778 -0.000000 0.792572
vn -0.609778 -0.000000 0.792572
vn -0.646888 -0.000000 0.762585
vn -0.609778 -0.000000 0.792572
vn -0.571319 -0.000000 0.820728
vn -0.490280 -0.000000 0.871565
vn -0.571319 -0.000000 0.820728
vn -0.490280 -0.000000 0.871565
vn -0.571319 -0.000000 0.820728
vn -0.571319 -0.000000 0.820728
vn -0.571319 -0.000000 0.820728
vn -0.490280 -0.000000 0.871565
vn -0.300614 -0.000000 0.953746
vn -0.300586 -0.000000 0.953755
vn -0.187300 -0.000000 0.982303
vn -0.067999 -0.000000 0.997685
vn -0.187300 -0.000000 0.982303
vn -0.067999 -0.000000 0.997685
vn -0.187300 -0.000000 0.982303
vn -0.300614 -0.000000 0.953746
vn 0.862889 -0.000000 0.505394
vn 0.862889 -0.000000 0.505394
vn 0.803371 -0.000000 0.595479
vn 0.957327 -0.000000 0.289008
vn 0.957327 -0.000000 0.289008
vn 0.988226 -0.000000 0.153004
vn 0.999962 -0.000000 0.008700
vn 0.988226 -0.000000 0.153004
vn 0.999962 -0.000000 0.008700
vn 0.988226 -0.000000 0.153004
vn 0.957327 -0.000000 0.289008
vn 0.862889 -0.000000 0.505394
vn 0.803371 -0.000000 0.595479
vn 0.735321 -0.000000 0.677719
vn 0.803371 -0.000000 0.595479
vn 0.735321 -0.000000 0.677719
vn 0.659290 -0.000000 0.751889
vn 0.659290 -0.000000 0.751889
vn 0.659290 -0.000000 0.751889
vn 0.659290 -0.000000 0.751889
vn 0.659290 -0.000000 0.751889
vn 0.751845 0.000000 -0.659340
vn 0.751845 0.000000 -0.659340
vn 0.751845 0.000000 -0.659340
vn 0.751845 0.000000 -0.659340
vn 0.995206 0.000000 -0.097801
vn 0.976436 0.000000 -0.215808
vn 0.976436 0.000000 -0.215808
vn 0.995206 0.000000 -0.097801
vn 0.976436 0.000000 -0.215808
vn 0.944846 0.000000 -0.327516
vn 0.944856 0.000000 -0.327485
vn 0.859953 0.000000 -0.510372
vn 0.859953 0.000000 -0.510372
vn 0.805202 0.000000 -0.593001
vn 0.805249 0.000000 -0.592936
vn 0.775030 0.000000 -0.631925
vn 0.805202 0.000000 -0.593001
vn 0.775030 0.000000 -0.631925
vn 0.805249 0.000000 -0.592936
vn 0.859953 0.000000 -0.510372
vn 0.775030 0.000000 -0.631925
vn 0.805202 0.000000 -0.593001
vn 0.775030 0.000000 -0.631925
vn 0.742901 0.000000 -0.669401
vn 0.742901 0.000000 -0.669401
vn 0.742901 0.000000 -0.669401
vn 0.775030 0.000000 -0.631925
vn 0.944846 0.000000 -0.327516
vn 0.569907 0.000000 -0.821710
vn 0.645803 0.000000 -0.763504
vn 0.645803 0.000000 -0.763504
vn 0.569725 0.000000 -0.821836
vn 0.482575 0.000000 -0.875855
vn 0.387900 0.000000 -0.921701
vn 0.482575 0.000000 -0.875855
vn 0.482575 0.000000 -0.875855
vn 0.387900 0.000000 -0.921701
vn 0.569725 0.000000 -0.821836
vn 0.645803 0.000000 -0.763504
vn 0.645803 0.000000 -0.763504
vn 0.681199 0.000000 -0.732099
vn 0.715012 0.000000 -0.699112
vn 0.681199 0.000000 -0.732099
vn 0.681199 0.000000 -0.732099
vn 0.715012 0.000000 -0.699112
vn 0.715012 0.000000 -0.699112
vn 0.681199 0.000000 -0.732099
vn 0.681199 0.000000 -0.732099
vn 0.645803 0.000000 -0.763504
vn -0.659290 0.000000 -0.751889
vn -0.659290 0.000000 -0.751889
vn -0.659290 0.000000 -0.751889
vn -0.659290 0.000000 -0.751889
vn -0.659290 0.000000 -0.751889
vn 0.636489 0.000000 -0.771286
vn 0.636489 0.000000 -0.771286
vn 0.636489 0.000000 -0.771286
vn 0.636489 0.000000 -0.771286
vn 0.636489 0.000000 -0.771286
vn 0.771286 -0.000000 0.636489
vn 0.771286 -0.000000 0.636489
vn 0.771286 -0.000000 0.636489
vn 0.771286 -0.000000 0.636489
vn 0.415294 -0.000000 0.909687
vn 0.508675 -0.000000 0.860958
vn 0.508675 -0.000000 0.860958
vn 0.415294 -0.000000 0.909687
vn 0.508675 -0.000000 0.860958
vn 0.594433 -0.000000 0.804145
vn 0.594498 -0.000000 0.804097
vn 0.668401 -0.000000 0.743801
vn 0.668401 -0.000000 0.743801
vn 0.702894 -0.000000 0.711294
vn 0.668401 -0.000000 0.743801
vn 0.702894 -0.000000 0.711294
vn 0.668401 -0.000000 0.743801
vn 0.594433 -0.000000 0.804145
vn 0.702894 -0.000000 0.711294
vn 0.668401 -0.000000 0.743801
vn 0.702894 -0.000000 0.711294
vn 0.735608 -0.000000 0.677407
vn 0.735608 -0.000000 0.677407
vn 0.735608 -0.000000 0.677407
vn 0.702894 -0.000000 0.711294
vn -0.636489 -0.000000 0.771286
vn -0.636489 -0.000000 0.771286
vn -0.636489 -0.000000 0.771286
vn -0.636489 -0.000000 0.771286
vn -0.636489 -0.000000 0.771286
vn -0.771286 0.000000 -0.636489
vn -0.771286 0.000000 -0.636489
vn -0.771286 0.000000 -0.636489
vn -0.771286 0.000000 -0.636489
vn -0.771286 0.000000 -0.636489
vn 0.636538 0.000000 -0.771246
vn 0.636538 0.000000 -0.771246
vn 0.636538 0.000000 -0.771246
vn 0.636538 0.000000 -0.771246
vn 0.895684 0.000000 -0.444692
vn 0.855199 0.000000 -0.518300
vn 0.855199 0.000000 -0.518300
vn 0.895684 0.000000 -0.444692
vn 0.855199 0.000000 -0.518300
vn 0.809298 0.000000 -0.587399
vn 0.809298 0.000000 -0.587399
vn 0.760103 0.000000 -0.649803
vn 0.760103 0.000000 -0.649803
vn 0.760103 0.000000 -0.649803
vn 0.733641 0.000000 -0.679538
vn 0.733641 0.000000 -0.679538
vn 0.733641 0.000000 -0.679538
vn 0.706056 0.000000 -0.708156
vn 0.706056 0.000000 -0.708156
vn 0.706056 0.000000 -0.708156
vn 0.733641 0.000000 -0.679538
vn 0.733641 0.000000 -0.679538
vn 0.760103 0.000000 -0.649803
vn 0.760103 0.000000 -0.649803
vn 0.809298 0.000000 -0.587399
vn 0.771286 -0.000000 0.636489
vn 0.771286 -0.000000 0.636489
vn 0.771286 -0.000000 0.636489
vn 0.771286 -0.000000 0.636489
vn 0.751889 0.000000 -0.659290
vn 0.751889 0.000000 -0.659290
vn 0.751889 0.000000 -0.659290
vn 0.751889 0.000000 -0.659290
vn 0.751889 0.000000 -0.659290
vn -0.659290 0.000000 -0.751889
vn -0.659290 0.000000 -0.751889
vn -0.659290 0.000000 -0.751889
vn -0.659290 0.000000 -0.751889
vn -0.097801 0.000000 -0.995206
vn -0.215310 0.000000 -0.976546
vn -0.215808 0.000000 -0.976436
vn -0.097801 0.000000 -0.995206
vn -0.215310 0.000000 -0.976546
vn -0.327485 0.000000 -0.944856
vn -0.327485 0.000000 -0.944856
vn -0.510372 0.000000 -0.859954
vn -0.510372 0.000000 -0.859954
vn -0.593001 0.000000 -0.805202
vn -0.592936 0.000000 -0.805249
vn -0.631924 0.000000 -0.775030
vn -0.593001 0.000000 -0.805202
vn -0.631924 0.000000 -0.775030
vn -0.592936 0.000000 -0.805249
vn -0.510372 0.000000 -0.859954
vn -0.631924 0.000000 -0.775030
vn -0.593001 0.000000 -0.805202
vn -0.631924 0.000000 -0.775030
vn -0.669401 0.000000 -0.742901
vn -0.669401 0.000000 -0.742901
vn -0.669401 0.000000 -0.742901
vn -0.631924 0.000000 -0.775030
vn -0.327485 0.000000 -0.944856
vn -0.699112 0.000000 -0.715012
vn -0.732099 0.000000 -0.681199
vn -0.732099 0.000000 -0.681199
vn -0.699112 0.000000 -0.715012
vn -0.732099 0.000000 -0.681199
vn -0.732099 0.000000 -0.681199
vn -0.699112 0.000000 -0.715012
vn -0.732099 0.000000 -0.681199
vn -0.763504 0.000000 -0.645803
vn -0.821709 0.000000 -0.569907
vn -0.763504 0.000000 -0.645803
vn -0.763504 0.000000 -0.645803
vn -0.821789 0.000000 -0.569792
vn -0.821709 0.000000 -0.569907
vn -0.763504 0.000000 -0.645803
vn -0.875855 0.000000 -0.482575
vn -0.875855 0.000000 -0.482575
vn -0.921701 0.000000 -0.387901
vn -0.875855 0.000000 -0.482575
vn -0.921701 0.000000 -0.387901
vn -0.763504 0.000000 -0.645803
vn -0.751889 -0.000000 0.659290
vn -0.751889 -0.000000 0.659290
vn -0.751889 -0.000000 0.659290
vn -0.751889 -0.000000 0.659290
vn -0.751889 -0.000000 0.659290
vn 0.659290 -0.000000 0.751889
vn 0.659290 -0.000000 0.751889
vn 0.659290 -0.000000 0.751889
vn 0.659290 -0.000000 0.751889
vn 0.659290 -0.000000 0.751889
vn 0.999255 0.000000 -0.038598
vn 0.983409 0.000000 -0.181402
vn 0.983409 0.000000 -0.181402
vn 0.999255 0.000000 -0.038598
vn 0.983409 0.000000 -0.181402
vn 0.948963 0.000000 -0.315388
vn 0.948963 0.000000 -0.315388
vn 0.850840 0.000000 -0.525425
vn 0.850840 0.000000 -0.525425
vn 0.786939 0.000000 -0.617031
vn 0.714716 0.000000 -0.699415
vn 0.787150 0.000000 -0.616761
vn 0.714716 0.000000 -0.699415
vn 0.786939 0.000000 -0.617031
vn 0.850840 0.000000 -0.525425
vn 0.948963 0.000000 -0.315388
vn 0.686720 0.000000 -0.726922
vn 0.657208 0.000000 -0.753709
vn 0.657208 0.000000 -0.753709
vn 0.686720 0.000000 -0.726922
vn 0.657208 0.000000 -0.753709
vn 0.657208 0.000000 -0.753709
vn 0.686720 0.000000 -0.726922
vn 0.657208 0.000000 -0.753709
vn 0.626681 0.000000 -0.779276
vn 0.626681 0.000000 -0.779276
vn 0.562682 0.000000 -0.826674
vn 0.562315 0.000000 -0.826923
vn 0.491922 0.000000 -0.870639
vn 0.492311 0.000000 -0.870419
vn 0.417612 0.000000 -0.908626
vn 0.417612 0.000000 -0.908626
vn 0.491922 0.000000 -0.870639
vn 0.562797 0.000000 -0.826595
vn 0.626681 0.000000 -0.779276
vn 0.626681 0.000000 -0.779276
vn 0.626730 0.000000 -0.779237
vn -0.659290 0.000000 -0.751889
vn -0.659290 0.000000 -0.751889
vn -0.659290 0.000000 -0.751889
vn -0.659290 0.000000 -0.751889
vn -0.659290 0.000000 -0.751889
vn -0.659290 0.000000 -0.751889
vn -0.659290 0.000000 -0.751889
vn -0.659290 0.000000 -0.751889
vn -0.659290 0.000000 -0.751889
vn -0.751845 -0.000000 0.659340
vn -0.751845 -0.000000 0.659340
vn -0.751845 -0.000000 0.659340
vn -0.751845 -0.000000 0.659340
vn -0.995206 -0.000000 0.097801
vn -0.976436 -0.000000 0.215808
vn -0.976436 -0.000000 0.215808
vn -0.995206 -0.000000 0.097801
vn -0.976436 -0.000000 0.215808
vn -0.944856 -0.000000 0.327485
vn -0.944856 -0.000000 0.327485
vn -0.859953 -0.000000 0.510372
vn -0.859953 -0.000000 0.510372
vn -0.805202 -0.000000 0.593001
vn -0.805249 -0.000000 0.592936
vn -0.805202 -0.000000 0.593001
vn -0.775030 -0.000000 0.631925
vn -0.742901 -0.000000 0.669401
vn -0.742901 -0.000000 0.669401
vn -0.775030 -0.000000 0.631925
vn -0.775030 -0.000000 0.631925
vn -0.775030 -0.000000 0.631925
vn -0.775030 -0.000000 0.631925
vn -0.805249 -0.000000 0.592936
vn -0.742901 -0.000000 0.669401
vn -0.805202 -0.000000 0.593001
vn -0.859953 -0.000000 0.510372
vn -0.944856 -0.000000 0.327485
vn -0.569725 -0.000000 0.821836
vn -0.645803 -0.000000 0.763504
vn -0.645803 -0.000000 0.763504
vn -0.569792 -0.000000 0.821789
vn -0.482575 -0.000000 0.875855
vn -0.387900 -0.000000 0.921701
vn -0.482575 -0.000000 0.875855
vn -0.387900 -0.000000 0.921701
vn -0.482575 -0.000000 0.875855
vn -0.569725 -0.000000 0.821836
vn -0.645803 -0.000000 0.763504
vn -0.645803 -0.000000 0.763504
vn -0.681252 -0.000000 0.732049
vn -0.681199 -0.000000 0.732099
vn -0.715012 -0.000000 0.699112
vn -0.715012 -0.000000 0.699112
vn -0.715012 -0.000000 0.699112
vn -0.681199 -0.000000 0.732099
vn -0.681199 -0.000000 0.732099
vn -0.645803 -0.000000 0.763504
vn -0.681252 -0.000000 0.732049
vn 0.659290 -0.000000 0.751889
vn 0.659290 -0.000000 0.751889
vn 0.659290 -0.000000 0.751889
vn 0.659290 -0.000000 0.751889
vn 0.659290 -0.000000 0.751889
vn 0.751889 0.000000 -0.659290
vn 0.751889 0.000000 -0.659290
vn 0.751889 0.000000 -0.659290
vn 0.751889 0.000000 -0.659290
vn -0.038598 0.000000 -0.999255
vn -0.181402 0.000000 -0.983409
vn -0.181402 0.000000 -0.983409
vn -0.038598 0.000000 -0.999255
vn -0.181402 0.000000 -0.983409
vn -0.315388 0.000000 -0.948963
vn -0.315388 0.000000 -0.948963
vn -0.525497 0.000000 -0.850795
vn -0.525425 0.000000 -0.850840
vn -0.616982 0.000000 -0.786977
vn -0.616982 0.000000 -0.786977
vn -0.659290 0.000000 -0.751889
vn -0.616982 0.000000 -0.786977
vn -0.659290 0.000000 -0.751889
vn -0.616982 0.000000 -0.786977
vn -0.525497 0.000000 -0.850795
vn -0.659290 0.000000 -0.751889
vn -0.616982 0.000000 -0.786977
vn -0.659290 0.000000 -0.751889
vn -0.699415 0.000000 -0.714716
vn -0.699415 0.000000 -0.714716
vn -0.699415 0.000000 -0.714716
vn -0.659290 0.000000 -0.751889
vn -0.315388 0.000000 -0.948963
vn -0.826673 0.000000 -0.562682
vn -0.826673 0.000000 -0.562682
vn -0.779100 0.000000 -0.626900
vn -0.870419 0.000000 -0.492311
vn -0.870419 0.000000 -0.492311
vn -0.908626 0.000000 -0.417612
vn -0.908626 0.000000 -0.417612
vn -0.870419 0.000000 -0.492311
vn -0.826673 0.000000 -0.562682
vn -0.779100 0.000000 -0.626900
vn -0.779100 0.000000 -0.626900
vn -0.726922 0.000000 -0.686720
vn -0.726922 0.000000 -0.686720
vn -0.751889 -0.000000 0.659290
vn -0.751889 -0.000000 0.659290
vn -0.751889 -0.000000 0.659290
vn -0.751889 -0.000000 0.659290
vn -0.751889 -0.000000 0.659290
vn -0.771286 0.000000 -0.636489
vn -0.771286 0.000000 -0.636489
vn -0.771286 0.000000 -0.636489
vn -0.771286 0.000000 -0.636489
vn -0.771286 0.000000 -0.636489
vn 0.636489 0.000000 -0.771286
vn 0.636489 0.000000 -0.771286
vn 0.636489 0.000000 -0.771286
vn 0.636489 0.000000 -0.771286
vn 0.909687 0.000000 -0.415294
vn 0.860958 0.000000 -0.508675
vn 0.860958 0.000000 -0.508675
vn 0.909687 0.000000 -0.415294
vn 0.860958 0.000000 -0.508675
vn 0.804228 0.000000 -0.594321
vn 0.804180 0.000000 -0.594385
vn 0.743801 0.000000 -0.668401
vn 0.743801 0.000000 -0.668401
vn 0.711294 0.000000 -0.702894
vn 0.743801 0.000000 -0.668401
vn 0.711294 0.000000 -0.702894
vn 0.743801 0.000000 -0.668401
vn 0.804180 0.000000 -0.594385
vn 0.711294 0.000000 -0.702894
vn 0.743801 0.000000 -0.668401
vn 0.711294 0.000000 -0.702894
vn 0.677407 0.000000 -0.735608
vn 0.677407 0.000000 -0.735608
vn 0.677407 0.000000 -0.735608
vn 0.711294 0.000000 -0.702894
vn 0.771286 -0.000000 0.636489
vn 0.771286 -0.000000 0.636489
vn 0.771286 -0.000000 0.636489
vn 0.771286 -0.000000 0.636489
vn 0.771286 -0.000000 0.636489
vn -0.636489 -0.000000 0.771286
vn -0.636489 -0.000000 0.771286
vn -0.636489 -0.000000 0.771286
vn -0.636489 -0.000000 0.771286
vn -0.771286 0.000000 -0.636489
vn -0.771286 0.000000 -0.636489
vn -0.771286 0.000000 -0.636489
vn -0.771286 0.000000 -0.636489
vn -0.444692 0.000000 -0.895684
vn -0.518299 0.000000 -0.855199
vn -0.518299 0.000000 -0.855199
vn -0.444692 0.000000 -0.895684
vn -0.518299 0.000000 -0.855199
vn -0.587511 0.000000 -0.809216
vn -0.587577 0.000000 -0.809168
vn -0.650017 0.000000 -0.759920
vn -0.708156 0.000000 -0.706056
vn -0.650017 0.000000 -0.759920
vn -0.708156 0.000000 -0.706056
vn -0.650017 0.000000 -0.759920
vn -0.587511 0.000000 -0.809216
vn 0.636489 0.000000 -0.771286
vn 0.636489 0.000000 -0.771286
vn 0.636489 0.000000 -0.771286
vn 0.636489 0.000000 -0.771286
vn -0.751889 -0.000000 0.659290
vn -0.751889 -0.000000 0.659290
vn -0.751889 -0.000000 0.659290
vn -0.751889 -0.000000 0.659290
vn 0.659290 -0.000000 0.751889
vn 0.659290 -0.000000 0.751889
vn 0.659290 -0.000000 0.751889
vn 0.659290 -0.000000 0.751889
vn 0.038598 -0.000000 0.999255
vn 0.181402 -0.000000 0.983409
vn 0.181402 -0.000000 0.983409
vn 0.038598 -0.000000 0.999255
vn 0.181402 -0.000000 0.983409
vn 0.315388 -0.000000 0.948963
vn 0.315388 -0.000000 0.948963
vn 0.525497 -0.000000 0.850795
vn 0.525497 -0.000000 0.850795
vn 0.616699 -0.000000 0.787199
vn 0.616699 -0.000000 0.787199
vn 0.699415 -0.000000 0.714716
vn 0.699415 -0.000000 0.714716
vn 0.616699 -0.000000 0.787199
vn 0.525497 -0.000000 0.850795
vn 0.315388 -0.000000 0.948963
vn 0.726969 -0.000000 0.686671
vn 0.779413 -0.000000 0.626511
vn 0.779325 -0.000000 0.626620
vn 0.726969 -0.000000 0.686671
vn 0.779325 -0.000000 0.626620
vn 0.826595 -0.000000 0.562797
vn 0.826595 -0.000000 0.562797
vn 0.870419 -0.000000 0.492311
vn 0.908626 -0.000000 0.417612
vn 0.870419 -0.000000 0.492311
vn 0.870419 -0.000000 0.492311
vn 0.908626 -0.000000 0.417612
vn 0.826595 -0.000000 0.562797
vn 0.751845 0.000000 -0.659340
vn 0.751845 0.000000 -0.659340
vn 0.751845 0.000000 -0.659340
vn 0.751845 0.000000 -0.659340
vn 0.771286 -0.000000 0.636489
vn 0.771286 -0.000000 0.636489
vn 0.771286 -0.000000 0.636489
vn 0.771286 -0.000000 0.636489
vn 0.771286 -0.000000 0.636489
vn -0.636489 -0.000000 0.771286
vn -0.636489 -0.000000 0.771286
vn -0.636489 -0.000000 0.771286
vn -0.636489 -0.000000 0.771286
vn -0.909687 -0.000000 0.415294
vn -0.860958 -0.000000 0.508675
vn -0.860958 -0.000000 0.508675
vn -0.909687 -0.000000 0.415294
vn -0.860958 -0.000000 0.508675
vn -0.804180 -0.000000 0.594385
vn -0.804145 -0.000000 0.594433
vn -0.743801 -0.000000 0.668401
vn -0.743801 -0.000000 0.668401
vn -0.743801 -0.000000 0.668401
vn -0.711294 -0.000000 0.702894
vn -0.711294 -0.000000 0.702894
vn -0.711294 -0.000000 0.702894
vn -0.677407 -0.000000 0.735608
vn -0.677407 -0.000000 0.735608
vn -0.677407 -0.000000 0.735608
vn -0.711294 -0.000000 0.702894
vn -0.711294 -0.000000 0.702894
vn -0.743801 -0.000000 0.668401
vn -0.743801 -0.000000 0.668401
vn -0.804097 -0.000000 0.594498
vn -0.771246 0.000000 -0.636538
vn -0.771246 0.000000 -0.636538
vn -0.771246 0.000000 -0.636538
vn -0.771246 0.000000 -0.636538
vn -0.771246 0.000000 -0.636538
vn 0.636489 0.000000 -0.771286
vn 0.636489 0.000000 -0.771286
vn 0.636489 0.000000 -0.771286
vn 0.636489 0.000000 -0.771286
vn 0.771286 -0.000000 0.636489
vn 0.771286 -0.000000 0.636489
vn 0.771286 -0.000000 0.636489
vn 0.771286 -0.000000 0.636489
vn 0.444692 -0.000000 0.895684
vn 0.518299 -0.000000 0.855199
vn 0.518299 -0.000000 0.855199
vn 0.444692 -0.000000 0.895684
vn 0.518299 -0.000000 0.855199
vn 0.587577 -0.000000 0.809168
vn 0.587511 -0.000000 0.809216
vn 0.650017 -0.000000 0.759920
vn 0.650017 -0.000000 0.759920
vn 0.708156 -0.000000 0.706056
vn 0.708156 -0.000000 0.706056
vn 0.650017 -0.000000 0.759920
vn 0.587577 -0.000000 0.809168
vn -0.636489 -0.000000 0.771286
vn -0.636489 -0.000000 0.771286
vn -0.636489 -0.000000 0.771286
vn -0.636489 -0.000000 0.771286
vn -0.636489 -0.000000 0.771286
vn -0.636489 -0.000000 0.771286
vn -0.636489 -0.000000 0.771286
vn -0.636489 -0.000000 0.771286
vn -0.636489 -0.000000 0.771286
vn -0.771286 0.000000 -0.636489
vn -0.771286 0.000000 -0.636489
vn -0.771286 0.000000 -0.636489
vn -0.771286 0.000000 -0.636489
vn -0.415294 0.000000 -0.909687
vn -0.508675 0.000000 -0.860958
vn -0.508675 0.000000 -0.860958
vn -0.415294 0.000000 -0.909687
vn -0.508675 0.000000 -0.860958
vn -0.594433 0.000000 -0.804145
vn -0.594498 0.000000 -0.804097
vn -0.668401 0.000000 -0.743801
vn -0.668401 0.000000 -0.743801
vn -0.702894 0.000000 -0.711294
vn -0.668401 0.000000 -0.743801
vn -0.702894 0.000000 -0.711294
vn -0.668401 0.000000 -0.743801
vn -0.594433 0.000000 -0.804145
vn -0.702894 0.000000 -0.711294
vn -0.668401 0.000000 -0.743801
vn -0.702894 0.000000 -0.711294
vn -0.735608 0.000000 -0.677407
vn -0.735608 0.000000 -0.677407
vn -0.735608 0.000000 -0.677407
vn -0.702894 0.000000 -0.711294
vn 0.636489 0.000000 -0.771286
vn 0.636489 0.000000 -0.771286
vn 0.636489 0.000000 -0.771286
vn 0.636489 0.000000 -0.771286
vn 0.636489 0.000000 -0.771286
vn 0.771286 -0.000000 0.636489
vn 0.771286 -0.000000 0.636489
vn 0.771286 -0.000000 0.636489
vn 0.771286 -0.000000 0.636489
vn 0.771286 -0.000000 0.636489
vn -0.636489 -0.000000 0.771286
vn -0.636489 -0.000000 0.771286
vn -0.636489 -0.000000 0.771286
vn -0.636489 -0.000000 0.771286
vn -0.895684 -0.000000 0.444692
vn -0.855199 -0.000000 0.518300
vn -0.855199 -0.000000 0.518300
vn -0.895684 -0.000000 0.444692
vn -0.855199 -0.000000 0.518300
vn -0.809168 -0.000000 0.587577
vn -0.809216 -0.000000 0.587512
vn -0.760103 -0.000000 0.649803
vn -0.760103 -0.000000 0.649803
vn -0.760103 -0.000000 0.649803
vn -0.733687 -0.000000 0.679488
vn -0.733687 -0.000000 0.679488
vn -0.733687 -0.000000 0.679488
vn -0.706056 -0.000000 0.708156
vn -0.706056 -0.000000 0.708156
vn -0.706056 -0.000000 0.708156
vn -0.733687 -0.000000 0.679488
vn -0.733687 -0.000000 0.679488
vn -0.760103 -0.000000 0.649803
vn -0.760103 -0.000000 0.649803
vn -0.809168 -0.000000 0.587577
vn -0.771286 0.000000 -0.636489
vn -0.771286 0.000000 -0.636489
vn -0.771286 0.000000 -0.636489
vn -0.771286 0.000000 -0.636489
vn -0.751845 -0.000000 0.659340
vn -0.751845 -0.000000 0.659340
vn -0.751796 -0.000000 0.659396
vn -0.751796 -0.000000 0.659396
vn -0.751845 -0.000000 0.659340
vn 0.659290 -0.000000 0.751889
vn 0.659290 -0.000000 0.751889
vn 0.659290 -0.000000 0.751889
vn 0.659290 -0.000000 0.751889
vn 0.097801 -0.000000 0.995206
vn 0.215808 -0.000000 0.976436
vn 0.215808 -0.000000 0.976436
vn 0.097801 -0.000000 0.995206
vn 0.215808 -0.000000 0.976436
vn 0.327485 -0.000000 0.944856
vn 0.327485 -0.000000 0.944856
vn 0.510372 -0.000000 0.859954
vn 0.510372 -0.000000 0.859954
vn 0.593001 -0.000000 0.805202
vn 0.592936 -0.000000 0.805249
vn 0.631924 -0.000000 0.775030
vn 0.593001 -0.000000 0.805202
vn 0.631924 -0.000000 0.775030
vn 0.592936 -0.000000 0.805249
vn 0.510372 -0.000000 0.859954
vn 0.631924 -0.000000 0.775030
vn 0.592889 -0.000000 0.805285
vn 0.631924 -0.000000 0.775030
vn 0.669401 -0.000000 0.742901
vn 0.669401 -0.000000 0.742901
vn 0.669401 -0.000000 0.742901
vn 0.631924 -0.000000 0.775030
vn 0.327485 -0.000000 0.944856
vn 0.699112 -0.000000 0.715012
vn 0.732099 -0.000000 0.681199
vn 0.732099 -0.000000 0.681199
vn 0.699112 -0.000000 0.715012
vn 0.732099 -0.000000 0.681199
vn 0.732099 -0.000000 0.681199
vn 0.699112 -0.000000 0.715012
vn 0.732099 -0.000000 0.681199
vn 0.763504 -0.000000 0.645803
vn 0.763504 -0.000000 0.645803
vn 0.821709 -0.000000 0.569907
vn 0.821789 -0.000000 0.569792
vn 0.875855 -0.000000 0.482575
vn 0.921701 -0.000000 0.387901
vn 0.875855 -0.000000 0.482575
vn 0.921701 -0.000000 0.387901
vn 0.875855 -0.000000 0.482575
vn 0.821789 -0.000000 0.569792
vn 0.763504 -0.000000 0.645803
vn 0.763504 -0.000000 0.645803
vn 0.763504 -0.000000 0.645803
vn 0.751845 0.000000 -0.659340
vn 0.751845 0.000000 -0.659340
vn 0.751845 0.000000 -0.659340
vn 0.751845 0.000000 -0.659340
vn 0.751845 0.000000 -0.659340
vn -0.659290 0.000000 -0.751889
vn -0.659290 0.000000 -0.751889
vn -0.659290 0.000000 -0.751889
vn -0.659290 0.000000 -0.751889
vn -0.659290 0.000000 -0.751889
vn -0.751889 -0.000000 0.659290
vn -0.751889 -0.000000 0.659290
vn -0.751889 -0.000000 0.659290
vn -0.751889 -0.000000 0.659290
vn -0.999255 -0.000000 0.038598
vn -0.983409 -0.000000 0.181402
vn -0.983409 -0.000000 0.181402
vn -0.999255 -0.000000 0.038598
vn -0.983409 -0.000000 0.181402
vn -0.948963 -0.000000 0.315388
vn -0.948963 -0.000000 0.315388
vn -0.850840 -0.000000 0.525425
vn -0.850795 -0.000000 0.525497
vn -0.787199 -0.000000 0.616699
vn -0.714716 -0.000000 0.699415
vn -0.787199 -0.000000 0.616699
vn -0.714716 -0.000000 0.699415
vn -0.787199 -0.000000 0.616699
vn -0.850840 -0.000000 0.525425
vn -0.948963 -0.000000 0.315388
vn -0.562682 -0.000000 0.826674
vn -0.626730 -0.000000 0.779237
vn -0.626681 -0.000000 0.779276
vn -0.562797 -0.000000 0.826595
vn -0.492311 -0.000000 0.870419
vn -0.492311 -0.000000 0.870419
vn -0.417612 -0.000000 0.908626
vn -0.417612 -0.000000 0.908626
vn -0.492311 -0.000000 0.870419
vn -0.562682 -0.000000 0.826674
vn -0.626681 -0.000000 0.779276
vn -0.626730 -0.000000 0.779237
vn -0.657208 -0.000000 0.753709
vn -0.657208 -0.000000 0.753709
vn -0.686670 -0.000000 0.726969
vn -0.686670 -0.000000 0.726969
vn -0.686670 -0.000000 0.726969
vn -0.657208 -0.000000 0.753709
vn -0.657208 -0.000000 0.753709
vn -0.626681 -0.000000 0.779276
vn -0.657208 -0.000000 0.753709
vn 0.659290 -0.000000 0.751889
vn 0.659290 -0.000000 0.751889
vn 0.659290 -0.000000 0.751889
vn 0.659290 -0.000000 0.751889
vn 0.000000 -1.000000 -0.000000
vn 0.000000 -1.000000 -0.000000
vn 0.000000 -1.000000 -0.000000
vn 0.000000 -1.000000 -0.000000
vn 0.000000 -1.000000 -0.000000
vn 0.000000 -1.000000 -0.000000
vn 0.000000 -1.000000 -0.000000
vn 0.000000 -1.000000 -0.000000
vn 0.000000 -1.000000 -0.000000
vn 0.000000 -1.000000 -0.000000
vn 0.000000 -1.000000 -0.000000
vn 0.000000 -1.000000 -0.000000
vn 0.000000 -1.000000 -0.000000
vn 0.000000 -1.000000 -0.000000
vn 0.000000 -1.000000 -0.000000
vn 0.000000 -1.000000 -0.000000
vn 0.000000 -1.000000 -0.000000
vn 0.000000 -1.000000 -0.000000
vn 0.000000 -1.000000 -0.000000
vn 0.000000 -1.000000 -0.000000
vn 0.000000 -1.000000 -0.000000
vn 0.000000 -1.000000 -0.000000
vn 0.000000 -1.000000 -0.000000
vn 0.000000 -1.000000 -0.000000
vn 0.000000 -1.000000 -0.000000
vn 0.000000 -1.000000 -0.000000
vn 0.000000 -1.000000 -0.000000
vn 0.000000 -1.000000 -0.000000
vn 0.000000 -1.000000 -0.000000
vn 0.000000 -1.000000 -0.000000
vn 0.000000 -1.000000 -0.000000
vn 0.000000 -1.000000 -0.000000
vn 0.000000 -1.000000 -0.000000
vn 0.000000 -1.000000 -0.000000
vn 0.000000 -1.000000 -0.000000
vn 0.000000 -1.000000 -0.000000
vn 0.000000 -1.000000 -0.000000
vn 0.000000 -1.000000 -0.000000
vn 0.000000 -1.000000 -0.000000
vn 0.000000 -1.000000 -0.000000
vn 0.000000 -1.000000 -0.000000
vn 0.000000 -1.000000 -0.000000
vn 0.000000 -1.000000 -0.000000
vn 0.000000 -1.000000 -0.000000
vn 0.000000 -1.000000 -0.000000
vn 0.000000 -1.000000 -0.000000
vn 0.000000 -1.000000 -0.000000
vn 0.000000 -1.000000 -0.000000
vn 0.000000 -1.000000 -0.000000
vn 0.000000 -1.000000 -0.000000
vn 0.000000 -1.000000 -0.000000
vn 0.000000 -1.000000 -0.000000
vn 0.000000 -1.000000 -0.000000
vn 0.000000 -1.000000 -0.000000
vn 0.000000 -1.000000 -0.000000
vn 0.000000 -1.000000 -0.000000
vn 0.000000 -1.000000 -0.000000
vn 0.000000 -1.000000 -0.000000
vn 0.000000 -1.000000 -0.000000
vn 0.000000 -1.000000 -0.000000
vn 0.000000 -1.000000 -0.000000
vn 0.000000 -1.000000 -0.000000
vn 0.000000 -1.000000 -0.000000
vn 0.000000 -1.000000 -0.000000
vn 0.000000 -1.000000 -0.000000
vn 0.000000 -1.000000 -0.000000
vn 0.000000 -1.000000 -0.000000
vn 0.000000 -1.000000 -0.000000
vn 0.000000 -1.000000 -0.000000
vn 0.000000 -1.000000 -0.000000
vn 0.000000 -1.000000 -0.000000
vn 0.000000 -1.000000 -0.000000
vn 0.000000 -1.000000 -0.000000
vn 0.000000 -1.000000 -0.000000
vn 0.000000 -1.000000 -0.000000
vn 0.000000 -1.000000 -0.000000
vn 0.000000 -1.000000 -0.000000
vn 0.000000 -1.000000 -0.000000
vn 0.000000 -1.000000 -0.000000
vn 0.000000 -1.000000 -0.000000
vn 0.000000 -1.000000 -0.000000
vn 0.000000 -1.000000 -0.000000
vn 0.000000 -1.000000 -0.000000
vn 0.000000 -1.000000 -0.000000
vn 0.000000 -1.000000 -0.000000
vn 0.000000 -1.000000 -0.000000
vn 0.000000 -1.000000 -0.000000
vn 0.000000 -1.000000 -0.000000
vn 0.000000 -1.000000 -0.000000
vn 0.000000 -1.000000 -0.000000
vn 0.000000 -1.000000 -0.000000
vn 0.000000 -1.000000 -0.000000
vn 0.000000 -1.000000 -0.000000
vn 0.000000 -1.000000 -0.000000
vn 0.000000 -1.000000 -0.000000
vn 0.000000 -1.000000 -0.000000
vn 0.000000 -1.000000 -0.000000
vn 0.000000 -1.000000 -0.000000
vn 0.000000 -1.000000 -0.000000
vn 0.000000 -1.000000 -0.000000
vn 0.000000 -1.000000 -0.000000
vn 0.000000 -1.000000 -0.000000
vn 0.000000 -1.000000 -0.000000
vn 0.000000 -1.000000 -0.000000
vn 0.000000 -1.000000 -0.000000
vn 0.000000 -1.000000 -0.000000
vn 0.000000 -1.000000 -0.000000
vn 0.000000 -1.000000 -0.000000
vn 0.000000 -1.000000 -0.000000
vn 0.000000 -1.000000 -0.000000
vn 0.000000 -1.000000 -0.000000
vn 0.000000 -1.000000 -0.000000
vn 0.000000 -1.000000 -0.000000
vn 0.000000 -1.000000 -0.000000
vn 0.000000 -1.000000 -0.000000
vn 0.000000 -1.000000 -0.000000
vn 0.000000 -1.000000 -0.000000
vn 0.000000 -1.000000 -0.000000
vn 0.000000 -1.000000 -0.000000
vn 0.000000 -1.000000 -0.000000
vn 0.000000 -1.000000 -0.000000
vn 0.000000 -1.000000 -0.000000
vn 0.000000 -1.000000 -0.000000
vn 0.000000 -1.000000 -0.000000
vn 0.000000 -1.000000 -0.000000
vn 0.000000 -1.000000 -0.000000
vn 0.000000 -1.000000 -0.000000
vn 0.000000 -1.000000 -0.000000
vn 0.000000 -1.000000 -0.000000
vn 0.000000 -1.000000 -0.000000
vn 0.000000 -1.000000 -0.000000
vn 0.000000 -1.000000 -0.000000
vn 0.000000 -1.000000 -0.000000
vn 0.000000 -1.000000 -0.000000
vn 0.000000 -1.000000 -0.000000
vn 0.000000 -1.000000 -0.000000
vn 0.000000 -1.000000 -0.000000
vn 0.000000 -1.000000 -0.000000
vn 0.000000 -1.000000 -0.000000
vn 0.000000 -1.000000 -0.000000
vn 0.000000 -1.000000 -0.000000
vn 0.000000 -1.000000 -0.000000
vn 0.000000 -1.000000 -0.000000
vn 0.000000 -1.000000 -0.000000
vn 0.000000 -1.000000 -0.000000
vn 0.000000 -1.000000 -0.000000
vn 0.000000 -1.000000 -0.000000
vn 0.000000 -1.000000 -0.000000
vn 0.000000 -1.000000 -0.000000
vn 0.000000 -1.000000 -0.000000
vn 0.000000 -1.000000 -0.000000
vn 0.000000 -1.000000 -0.000000
vn 0.000000 -1.000000 -0.000000
vn 0.000000 -1.000000 -0.000000
vn 0.000000 -1.000000 -0.000000
vn 0.000000 -1.000000 -0.000000
vn 0.000000 -1.000000 -0.000000
vn 0.000000 -1.000000 -0.000000
vn 0.000000 -1.000000 -0.000000
vn 0.000000 -1.000000 -0.000000
vn 0.000000 -1.000000 -0.000000
vn 0.000000 -1.000000 -0.000000
vn 0.000000 -1.000000 -0.000000
vn 0.000000 -1.000000 -0.000000
vn 0.000000 -1.000000 -0.000000
vn 0.000000 -1.000000 -0.000000
vn 0.000000 -1.000000 -0.000000
vn 0.000000 -1.000000 -0.000000
vn 0.000000 -1.000000 -0.000000
vn 0.000000 -1.000000 -0.000000
vn 0.000000 -1.000000 -0.000000
vn 0.000000 -1.000000 -0.000000
vn 0.000000 -1.000000 -0.000000
vn 0.000000 -1.000000 -0.000000
vn 0.000000 -1.000000 -0.000000
vn 0.000000 -1.000000 -0.000000
vn 0.000000 -1.000000 -0.000000
vn 0.000000 -1.000000 -0.000000
vn 0.000000 -1.000000 -0.000000
vn 0.000000 -1.000000 -0.000000
vn 0.000000 -1.000000 -0.000000
vn 0.000000 -1.000000 -0.000000
vn 0.000000 -1.000000 -0.000000
vn 0.000000 -1.000000 -0.000000
vn 0.000000 -1.000000 -0.000000
vn 0.000000 -1.000000 -0.000000
vn 0.000000 -1.000000 -0.000000
vn 0.000000 -1.000000 -0.000000
vn 0.000000 -1.000000 -0.000000
vn 0.000000 -1.000000 -0.000000
vn 0.000000 -1.000000 -0.000000
vn 0.000000 -1.000000 -0.000000
vn 0.000000 -1.000000 -0.000000
vn 0.000000 -1.000000 -0.000000
vn 0.000000 -1.000000 -0.000000
vn 0.000000 -1.000000 -0.000000
vn 0.000000 -1.000000 -0.000000
vn 0.000000 -1.000000 -0.000000
vn 0.000000 -1.000000 -0.000000
vn 0.000000 -1.000000 -0.000000
vn 0.000000 -1.000000 -0.000000
vn 0.000000 -1.000000 -0.000000
vn 0.000000 -1.000000 -0.000000
vn 0.000000 -1.000000 -0.000000
vn 0.000000 -1.000000 -0.000000
vn 0.000000 -1.000000 -0.000000
vn 0.000000 -1.000000 -0.000000
vn 0.000000 -1.000000 -0.000000
vn 0.000000 -1.000000 -0.000000
vn 0.000000 -1.000000 -0.000000
vn 0.000000 -1.000000 -0.000000
vn 0.000000 -1.000000 -0.000000
vn 0.000000 -1.000000 -0.000000
vn 0.000000 -1.000000 -0.000000
vn 0.000000 -1.000000 -0.000000
vn 0.000000 -1.000000 -0.000000
vn 0.000000 -1.000000 -0.000000
vn 0.000000 -1.000000 -0.000000
vn 0.000000 -1.000000 -0.000000
vn 0.000000 -1.000000 -0.000000
vn 0.000000 -1.000000 -0.000000
vn 0.000000 -1.000000 -0.000000
vn 0.000000 -1.000000 -0.000000
vn 0.000000 -1.000000 -0.000000
vn 0.000000 -1.000000 -0.000000
vn 0.000000 -1.000000 -0.000000
vn 0.000000 -1.000000 -0.000000
vn 0.000000 -1.000000 -0.000000
vn 0.000000 -1.000000 -0.000000
vn 0.000000 -1.000000 -0.000000
vn 0.000000 -1.000000 -0.000000
vn 0.000000 -1.000000 -0.000000
vn 0.000000 -1.000000 -0.000000
vn 0.000000 -1.000000 -0.000000
vn 0.000000 -1.000000 -0.000000
vn 0.000000 -1.000000 -0.000000
vn 0.000000 -1.000000 -0.000000
vn 0.000000 -1.000000 -0.000000
vn 0.000000 -1.000000 -0.000000
vn 0.000000 -1.000000 -0.000000
vn 0.000000 -1.000000 -0.000000
vn 0.000000 -1.000000 -0.000000
vn 0.000000 -1.000000 -0.000000
vn 0.000000 -1.000000 -0.000000
vn 0.000000 -1.000000 -0.000000
vn 0.000000 -1.000000 -0.000000
vn 0.000000 -1.000000 -0.000000
vn 0.000000 -1.000000 -0.000000
vn 0.000000 -1.000000 -0.000000
vn 0.000000 -1.000000 -0.000000
vn 0.000000 -1.000000 -0.000000
vn 0.000000 -1.000000 -0.000000
vn 0.000000 -1.000000 -0.000000
vn 0.000000 -1.000000 -0.000000
vn 0.000000 -1.000000 -0.000000
vn 0.000000 -1.000000 -0.000000
vn 0.000000 -1.000000 -0.000000
vn 0.000000 -1.000000 -0.000000
vn 0.000000 -1.000000 -0.000000
vn 0.000000 -1.000000 -0.000000
vn 0.000000 -1.000000 -0.000000
vn 0.000000 -1.000000 -0.000000
vn 0.000000 -1.000000 -0.000000
vn 0.000000 -1.000000 -0.000000
vn 0.000000 -1.000000 -0.000000
vn 0.000000 -1.000000 -0.000000
vn 0.000000 -1.000000 -0.000000
vn 0.000000 -1.000000 -0.000000
vn 0.000000 -1.000000 -0.000000
vn 0.000000 -1.000000 -0.000000
vn 0.000000 -1.000000 -0.000000
vn 0.000000 -1.000000 -0.000000
vn 0.000000 -1.000000 -0.000000
vn 0.000000 -1.000000 -0.000000
vn 0.000000 -1.000000 -0.000000
vn 0.000000 -1.000000 -0.000000
vn 0.000000 -1.000000 -0.000000
vn 0.000000 -1.000000 -0.000000
vn 0.000000 -1.000000 -0.000000
vn 0.000000 -1.000000 -0.000000
vn 0.000000 -1.000000 -0.000000
vn 0.000000 -1.000000 -0.000000
vn 0.000000 -1.000000 -0.000000
vn 0.000000 -1.000000 -0.000000
vn 0.000000 -1.000000 -0.000000
vn 0.000000 -1.000000 -0.000000
vn 0.000000 -1.000000 -0.000000
vn 0.000000 -1.000000 -0.000000
vn 0.000000 -1.000000 -0.000000
vn 0.000000 -1.000000 -0.000000
vn 0.000000 -1.000000 -0.000000
vn 0.000000 -1.000000 -0.000000
vn 0.000000 -1.000000 -0.000000
vn 0.000000 -1.000000 -0.000000
vn 0.000000 -1.000000 -0.000000
vn 0.000000 -1.000000 -0.000000
vn 0.000000 -1.000000 -0.000000
vn 0.000000 -1.000000 -0.000000
vn 0.000000 -1.000000 -0.000000
vn 0.000000 -1.000000 -0.000000
vn 0.000000 -1.000000 -0.000000
vn 0.000000 -1.000000 -0.000000
vn 0.000000 -1.000000 -0.000000
vn 0.000000 -1.000000 -0.000000
vn 0.000000 -1.000000 -0.000000
vn 0.000000 -1.000000 -0.000000
vn 0.000000 -1.000000 -0.000000
vn 0.000000 -1.000000 -0.000000
vn 0.000000 -1.000000 -0.000000
vn 0.000000 -1.000000 -0.000000
vn 0.000000 -1.000000 -0.000000
vn 0.000000 -1.000000 -0.000000
vn 0.000000 -1.000000 -0.000000
vn 0.000000 -1.000000 -0.000000
vn 0.000000 -1.000000 -0.000000
vn 0.000000 -1.000000 -0.000000
vn 0.000000 -1.000000 -0.000000
vn 0.000000 -1.000000 -0.000000
vn 0.000000 -1.000000 -0.000000
vn 0.000000 -1.000000 -0.000000
vn 0.000000 -1.000000 -0.000000
vn 0.000000 -1.000000 -0.000000
vn 0.000000 -1.000000 -0.000000
vn 0.000000 -1.000000 -0.000000
vn 0.000000 -1.000000 -0.000000
vn 0.000000 -1.000000 -0.000000
vn 0.000000 -1.000000 -0.000000
vn 0.000000 -1.000000 -0.000000
f 5//5 1//1 2//2
f 2//2 1//1 3//3
f 4//4 3//3 1//1
f 6//6 1//1 5//5
f 8//8 7//7 6//6
f 8//8 6//6 5//5
f 8//8 9//9 7//7
f 9//9 10//10 7//7
f 10//10 9//9 11//11
f 12//12 10//10 11//11
f 12//12 13//13 10//10
f 13//13 14//14 10//10
f 15//15 10//10 14//14
f 17//17 15//15 16//16
f 10//10 15//15 17//17
f 18//18 17//17 23//23
f 17//17 19//19 24//24
f 19//19 17//17 20//20
f 21//21 20//20 17//17
f 21//21 17//17 22//22
f 25//25 22//22 17//17
f 17//17 24//24 23//23
f 17//17 16//16 26//26
f 25//25 17//17 26//26
f 27//27 18//18 23//23
f 27//27 28//28 18//18
f 28//28 29//29 18//18
f 29//29 30//30 18//18
f 31//31 18//18 30//30
f 18//18 31//31 32//32
f 33//33 32//32 31//31
f 34//34 32//32 33//33
f 35//35 34//34 33//33
f 37//37 34//34 35//35
f 35//35 36//36 37//37
f 36//36 38//38 37//37
f 37//37 38//38 39//39
f 36//36 40//40 38//38
f 40//40 41//41 42//42
f 41//41 40//40 43//43
f 40//40 36//36 44//44
f 40//40 44//44 43//43
f 41//41 43//43 45//45
f 46//46 47//47 45//45
f 47//47 41//41 45//45
f 49//49 48//48 47//47
f 47//47 46//46 50//50
f 47//47 50//50 49//49
f 48//48 49//49 51//51
f 53//53 48//48 51//51
f 52//52 53//53 51//51
f 54//54 53//53 59//59
f 55//55 58//58 53//53
f 55//55 53//53 56//56
f 56//56 53//53 57//57
f 53//53 52//52 57//57
f 53//53 58//58 62//62
f 53//53 60//60 59//59
f 61//61 60//60 53//53
f 53//53 62//62 61//61
f 63//63 54//54 59//59
f 64//64 65//65 63//63
f 54//54 63//63 65//65
f 65//65 68//68 66//66
f 64//64 67//67 65//65
f 68//68 65//65 67//67
f 66//66 68//68 69//69
f 70//70 71//71 69//69
f 69//69 71//71 66//66
f 74//74 72//72 71//71
f 73//73 66//66 71//71
f 74//74 71//71 70//70
f 76//76 72//72 74//74
f 76//76 74//74 75//75
f 77//77 76//76 75//75
f 78//78 72//72 76//76
f 77//77 80//80 79//79
f 75//75 80//80 77//77
f 79//79 80//80 81//81
f 81//81 83//83 82//82
f 82//82 79//79 81//81
f 82//82 83//83 84//84
f 82//82 84//84 85//85
f 82//82 85//85 86//86
f 82//82 86//86 87//87
f 89//89 88//88 87//87
f 88//88 82//82 87//87
f 90//90 88//88 89//89
f 90//90 91//91 88//88
f 88//88 91//91 92//92
f 92//92 95//95 88//88
f 92//92 93//93 95//95
f 93//93 92//92 94//94
f 95//95 93//93 96//96
f 88//88 95//95 97//97
f 97//97 98//98 88//88
f 98//98 99//99 88//88
f 99//99 100//100 88//88
f 100//100 102//102 101//101
f 100//100 101//101 88//88
f 102//102 103//103 101//101
f 103//103 104//104 101//101
f 104//104 105//105 101//101
f 105//105 106//106 101//101
f 106//106 107//107 101//101
f 108//108 107//107 106//106
f 109//109 107//107 108//108
f 108//108 110//110 109//109
f 110//110 112//112 109//109
f 110//110 111//111 112//112
f 114//114 112//112 113//113
f 113//113 112//112 111//111
f 111//111 115//115 113//113
f 117//117 115//115 116//116
f 116//116 115//115 119//119
f 115//115 111//111 118//118
f 118//118 119//119 115//115
f 116//116 119//119 120//120
f 116//116 120//120 121//121
f 121//121 120//120 122//122
f 121//121 122//122 123//123
f 121//121 123//123 124//124
f 124//124 125//125 121//121
f 125//125 124//124 126//126
f 128//128 125//125 126//126
f 127//127 128//128 126//126
f 128//128 137//137 129//129
f 130//130 133//133 128//128
f 130//130 128//128 131//131
f 131//131 128//128 132//132
f 132//132 128//128 127//127
f 133//133 135//135 128//128
f 128//128 134//134 136//136
f 134//134 128//128 135//135
f 137//137 128//128 136//136
f 129//129 137//137 138//138
f 139//139 129//129 138//138
f 139//139 138//138 140//140
f 139//139 140//140 141//141
f 139//139 141//141 142//142
f 143//143 144//144 142//142
f 139//139 142//142 144//144
f 143//143 145//145 144//144
f 145//145 146//146 144//144
f 147//147 145//145 148//148
f 143//143 149//149 145//145
f 149//149 148//148 145//145
f 151//151 147//147 148//148
f 151//151 148//148 150//150
f 152//152 151//151 150//150
f 147//147 151//151 153//153
f 155//155 154//154 152//152
f 150//150 155//155 152//152
f 156//156 154//154 155//155
f 157//157 158//158 156//156
f 158//158 154//154 156//156
f 163//163 159//159 158//158
f 162//162 158//158 160//160
f 160//160 158//158 157//157
f 158//158 161//161 163//163
f 161//161 158//158 162//162
f 159//159 163//163 164//164
f 164//164 165//165 159//159
f 166//166 159//159 165//165
f 159//159 166//166 167//167
f 167//167 168//168 170//170
f 168//168 167//167 169//169
f 167//167 170//170 159//159
f 170//170 168//168 171//171
f 172//172 159//159 170//170
f 173//173 159//159 172//172
f 159//159 173//173 174//174
f 159//159 174//174 175//175
f 176//176 177//177 175//175
f 177//177 159//159 175//175
f 177//177 182//182 178//178
f 179//179 177//177 176//176
f 179//179 181//181 177//177
f 182//182 177//177 180//180
f 177//177 181//181 180//180
f 178//178 182//182 183//183
f 184//184 178//178 183//183
f 183//183 185//185 184//184
f 187//187 184//184 185//185
f 186//186 187//187 185//185
f 186//186 188//188 187//187
f 189//189 187//187 188//188
f 188//188 186//186 190//190
f 194//194 191//191 190//190
f 190//190 191//191 192//192
f 186//186 193//193 190//190
f 194//194 190//190 193//193
f 194//194 195//195 191//191
f 191//191 195//195 196//196
f 196//196 195//195 197//197
f 196//196 197//197 198//198
f 196//196 198//198 199//199
f 196//196 199//199 200//200
f 200//200 199//199 201//201
f 201//201 203//203 200//200
f 202//202 203//203 201//201
f 203//203 207//207 204//204
f 203//203 205//205 209//209
f 203//203 206//206 205//205
f 203//203 210//210 206//206
f 203//203 208//208 207//207
f 203//203 209//209 208//208
f 210//210 203//203 211//211
f 211//211 203//203 212//212
f 202//202 212//212 203//203
f 214//214 213//213 210//210
f 213//213 206//206 210//210
f 216//216 215//215 214//214
f 215//215 213//213 214//214
f 214//214 217//217 216//216
f 213//213 215//215 218//218
f 219//219 213//213 218//218
f 207//207 220//220 204//204
f 222//222 220//220 221//221
f 204//204 220//220 222//222
f 222//222 224//224 223//223
f 224//224 222//222 225//225
f 222//222 221//221 225//225
f 223//223 224//224 226//226
f 226//226 227//227 223//223
f 227//227 226//226 228//228
f 229//229 227//227 228//228
f 227//227 229//229 230//230
f 229//229 231//231 230//230
f 232//232 231//231 229//229
f 233//233 234//234 232//232
f 231//231 232//232 234//234
f 235//235 234//234 233//233
f 237//237 236//236 235//235
f 237//237 235//235 233//233
f 237//237 238//238 236//236
f 239//239 236//236 238//238
f 236//236 239//239 240//240
f 236//236 240//240 241//241
f 241//241 242//242 236//236
f 243//243 242//242 244//244
f 236//236 242//242 243//243
f 244//244 245//245 243//243
f 246//246 243//243 245//245
f 246//246 247//247 243//243
f 250//250 243//243 247//247
f 248//248 249//249 247//247
f 250//250 247//247 249//249
f 252//252 243//243 250//250
f 251//251 250//250 249//249
f 253//253 243//243 252//252
f 254//254 243//243 253//253
f 243//243 254//254 255//255
f 243//243 255//255 256//256
f 256//256 255//255 257//257
f 258//258 256//256 257//257
f 256//256 258//258 259//259
f 260//260 256//256 259//259
f 260//260 261//261 256//256
f 261//261 262//262 263//263
f 263//263 256//256 261//261
f 264//264 263//263 262//262
f 265//265 264//264 262//262
f 265//265 266//266 264//264
f 267//267 268//268 266//266
f 266//266 269//269 267//267
f 265//265 269//269 266//266
f 271//271 269//269 270//270
f 267//267 269//269 271//271
f 274//274 272//272 271//271
f 271//271 272//272 273//273
f 274//274 271//271 270//270
f 272//272 274//274 275//275
f 276//276 275//275 277//277
f 275//275 276//276 272//272
f 277//277 278//278 276//276
f 276//276 278//278 279//279
f 281//281 280//280 279//279
f 279//279 280//280 276//276
f 280//280 281//281 283//283
f 282//282 283//283 281//281
f 283//283 287//287 284//284
f 288//288 285//285 283//283
f 285//285 286//286 283//283
f 287//287 283//283 286//286
f 283//283 289//289 288//288
f 290//290 289//289 283//283
f 292//292 290//290 283//283
f 282//282 291//291 283//283
f 292//292 283//283 291//291
f 290//290 293//293 289//289
f 294//294 293//293 290//290
f 296//296 295//295 294//294
f 295//295 293//293 294//294
f 294//294 297//297 296//296
f 295//295 298//298 293//293
f 299//299 293//293 298//298
f 300//300 284//284 287//287
f 302//302 300//300 301//301
f 300//300 302//302 284//284
f 304//304 303//303 302//302
f 305//305 304//304 302//302
f 302//302 301//301 305//305
f 303//303 304//304 306//306
f 308//308 307//307 306//306
f 306//306 307//307 303//303
f 307//307 308//308 2//2
f 307//307 2//2 3//3
f 309//309 303//303 307//307
f 310//310 230//230 231//231
f 227//227 311//311 223//223
f 312//312 133//133 130//130
f 313//313 312//312 316//316
f 312//312 130//130 314//314
f 312//312 314//314 315//315
f 312//312 315//315 316//316
f 314//314 317//317 315//315
f 317//317 314//314 318//318
f 58//58 55//55 319//319
f 319//319 55//55 320//320
f 320//320 321//321 319//319
f 321//321 322//322 319//319
f 323//323 319//319 322//322
f 321//321 320//320 324//324
f 324//324 320//320 325//325
f 21//21 22//22 326//326
f 22//22 327//327 326//326
f 21//21 326//326 328//328
f 329//329 330//330 332//332
f 330//330 329//329 331//331
f 335//335 333//333 332//332
f 332//332 330//330 334//334
f 335//335 332//332 334//334
f 336//336 335//335 334//334
f 336//336 334//334 344//344
f 336//336 337//337 335//335
f 333//333 335//335 337//337
f 338//338 337//337 336//336
f 338//338 339//339 337//337
f 340//340 339//339 338//338
f 341//341 340//340 342//342
f 342//342 340//340 343//343
f 343//343 340//340 338//338
f 343//343 344//344 345//345
f 343//343 345//345 342//342
f 338//338 336//336 344//344
f 338//338 344//344 343//343
f 344//344 334//334 330//330
f 344//344 330//330 345//345
f 345//345 331//331 342//342
f 345//345 330//330 331//331
f 341//341 342//342 331//331
f 347//347 346//346 348//348
f 348//348 349//349 347//347
f 350//350 351//351 349//349
f 350//350 349//349 348//348
f 352//352 353//353 351//351
f 352//352 351//351 350//350
f 354//354 356//356 353//353
f 354//354 353//353 352//352
f 355//355 357//357 356//356
f 355//355 356//356 354//354
f 359//359 358//358 357//357
f 359//359 357//357 355//355
f 361//361 360//360 358//358
f 361//361 358//358 359//359
f 363//363 362//362 360//360
f 363//363 360//360 361//361
f 365//365 364//364 362//362
f 365//365 362//362 363//363
f 368//368 366//366 364//364
f 368//368 364//364 365//365
f 369//369 367//367 366//366
f 369//369 366//366 368//368
f 370//370 372//372 367//367
f 370//370 367//367 369//369
f 371//371 373//373 372//372
f 371//371 372//372 370//370
f 376//376 374//374 373//373
f 376//376 373//373 371//371
f 377//377 375//375 374//374
f 377//377 374//374 376//376
f 377//377 378//378 375//375
f 377//377 379//379 378//378
f 378//378 380//380 375//375
f 381//381 347//347 349//349
f 383//383 382//382 384//384
f 385//385 383//383 384//384
f 386//386 387//387 385//385
f 386//386 385//385 384//384
f 388//388 390//390 387//387
f 388//388 387//387 386//386
f 389//389 391//391 390//390
f 389//389 390//390 388//388
f 393//393 392//392 391//391
f 393//393 391//391 389//389
f 396//396 394//394 392//392
f 396//396 392//392 393//393
f 397//397 395//395 394//394
f 397//397 394//394 396//396
f 398//398 399//399 395//395
f 398//398 395//395 397//397
f 400//400 401//401 399//399
f 400//400 399//399 398//398
f 402//402 403//403 401//401
f 402//402 401//401 400//400
f 404//404 406//406 403//403
f 404//404 403//403 402//402
f 405//405 407//407 406//406
f 405//405 406//406 404//404
f 410//410 408//408 407//407
f 410//410 407//407 405//405
f 411//411 409//409 408//408
f 411//411 408//408 410//410
f 412//412 414//414 409//409
f 412//412 409//409 411//411
f 413//413 415//415 414//414
f 413//413 414//414 412//412
f 417//417 416//416 415//415
f 417//417 415//415 413//413
f 417//417 418//418 416//416
f 416//416 418//418 419//419
f 420//420 418//418 417//417
f 385//385 421//421 383//383
f 423//423 422//422 424//424
f 424//424 425//425 423//423
f 426//426 427//427 425//425
f 426//426 425//425 424//424
f 428//428 429//429 427//427
f 428//428 427//427 426//426
f 430//430 432//432 429//429
f 430//430 429//429 428//428
f 431//431 433//433 432//432
f 431//431 432//432 430//430
f 435//435 434//434 433//433
f 435//435 433//433 431//431
f 438//438 436//436 434//434
f 438//438 434//434 435//435
f 439//439 437//437 436//436
f 439//439 436//436 438//438
f 440//440 441//441 437//437
f 440//440 437//437 439//439
f 442//442 443//443 441//441
f 442//442 441//441 440//440
f 444//444 445//445 443//443
f 444//444 443//443 442//442
f 446//446 448//448 445//445
f 446//446 445//445 444//444
f 447//447 449//449 448//448
f 447//447 448//448 446//446
f 452//452 450//450 449//449
f 452//452 449//449 447//447
f 453//453 451//451 450//450
f 453//453 450//450 452//452
f 453//453 455//455 451//451
f 454//454 455//455 453//453
f 451//451 455//455 456//456
f 425//425 457//457 423//423
f 459//459 458//458 460//460
f 461//461 459//459 460//460
f 462//462 464//464 461//461
f 462//462 461//461 460//460
f 463//463 465//465 464//464
f 463//463 464//464 462//462
f 467//467 466//466 465//465
f 467//467 465//465 463//463
f 469//469 468//468 466//466
f 469//469 466//466 467//467
f 472//472 470//470 468//468
f 472//472 468//468 469//469
f 473//473 471//471 470//470
f 473//473 470//470 472//472
f 474//474 476//476 471//471
f 474//474 471//471 473//473
f 475//475 477//477 476//476
f 475//475 476//476 474//474
f 479//479 478//478 477//477
f 479//479 477//477 475//475
f 482//482 480//480 478//478
f 482//482 478//478 479//479
f 483//483 481//481 480//480
f 483//483 480//480 482//482
f 484//484 485//485 481//481
f 484//484 481//481 483//483
f 486//486 488//488 485//485
f 486//486 485//485 484//484
f 487//487 489//489 488//488
f 487//487 488//488 486//486
f 492//492 490//490 489//489
f 492//492 489//489 487//487
f 493//493 491//491 490//490
f 493//493 490//490 492//492
f 493//493 494//494 491//491
f 495//495 494//494 493//493
f 491//491 494//494 496//496
f 461//461 497//497 459//459
f 499//499 498//498 500//500
f 501//501 504//504 502//502
f 501//501 502//502 500//500
f 500//500 502//502 499//499
f 502//502 503//503 499//499
f 507//507 505//505 504//504
f 507//507 504//504 501//501
f 508//508 506//506 505//505
f 508//508 505//505 507//507
f 509//509 511//511 506//506
f 509//509 506//506 508//508
f 510//510 512//512 511//511
f 510//510 511//511 509//509
f 515//515 513//513 512//512
f 515//515 512//512 510//510
f 516//516 514//514 513//513
f 516//516 513//513 515//515
f 517//517 519//519 514//514
f 517//517 514//514 516//516
f 518//518 520//520 519//519
f 518//518 519//519 517//517
f 522//522 521//521 520//520
f 522//522 520//520 518//518
f 525//525 523//523 521//521
f 525//525 521//521 522//522
f 526//526 524//524 523//523
f 526//526 523//523 525//525
f 527//527 528//528 524//524
f 527//527 524//524 526//526
f 529//529 531//531 528//528
f 529//529 528//528 527//527
f 530//530 532//532 529//529
f 529//529 532//532 531//531
f 531//531 532//532 533//533
f 535//535 534//534 536//536
f 535//535 536//536 537//537
f 538//538 540//540 537//537
f 538//538 537//537 536//536
f 539//539 541//541 540//540
f 539//539 540//540 538//538
f 543//543 542//542 541//541
f 543//543 541//541 539//539
f 546//546 544//544 542//542
f 546//546 542//542 543//543
f 547//547 545//545 544//544
f 547//547 544//544 546//546
f 548//548 549//549 545//545
f 548//548 545//545 547//547
f 550//550 551//551 549//549
f 550//550 549//549 548//548
f 552//552 553//553 551//551
f 552//552 551//551 550//550
f 554//554 556//556 553//553
f 554//554 553//553 552//552
f 555//555 557//557 556//556
f 555//555 556//556 554//554
f 559//559 558//558 557//557
f 559//559 557//557 555//555
f 561//561 560//560 558//558
f 561//561 558//558 559//559
f 564//564 562//562 560//560
f 564//564 560//560 561//561
f 565//565 563//563 562//562
f 565//565 562//562 564//564
f 566//566 567//567 563//563
f 566//566 563//563 565//565
f 568//568 570//570 567//567
f 568//568 567//567 566//566
f 568//568 569//569 571//571
f 568//568 571//571 570//570
f 571//571 572//572 570//570
f 573//573 535//535 537//537
f 575//575 574//574 576//576
f 577//577 580//580 578//578
f 577//577 578//578 576//576
f 576//576 578//578 575//575
f 579//579 575//575 578//578
f 582//582 581//581 580//580
f 582//582 580//580 577//577
f 585//585 583//583 581//581
f 585//585 581//581 582//582
f 586//586 584//584 583//583
f 586//586 583//583 585//585
f 587//587 588//588 584//584
f 587//587 584//584 586//586
f 589//589 590//590 588//588
f 589//589 588//588 587//587
f 591//591 593//593 590//590
f 591//591 590//590 589//589
f 592//592 594//594 593//593
f 592//592 593//593 591//591
f 597//597 595//595 594//594
f 597//597 594//594 592//592
f 598//598 596//596 595//595
f 598//598 595//595 597//597
f 599//599 601//601 596//596
f 599//599 596//596 598//598
f 600//600 602//602 601//601
f 600//600 601//601 599//599
f 605//605 603//603 602//602
f 605//605 602//602 600//600
f 606//606 604//604 603//603
f 606//606 603//603 605//605
f 606//606 607//607 608//608
f 606//606 608//608 604//604
f 608//608 609//609 604//604
f 611//611 610//610 612//612
f 614//614 615//615 611//611
f 614//614 611//611 612//612
f 613//613 616//616 614//614
f 613//613 614//614 612//612
f 618//618 617//617 616//616
f 618//618 616//616 613//613
f 620//620 619//619 617//617
f 620//620 617//617 618//618
f 623//623 621//621 619//619
f 623//623 619//619 620//620
f 624//624 622//622 621//621
f 624//624 621//621 623//623
f 625//625 627//627 622//622
f 625//625 622//622 624//624
f 626//626 628//628 627//627
f 626//626 627//627 625//625
f 630//630 629//629 628//628
f 630//630 628//628 626//626
f 632//632 631//631 629//629
f 632//632 629//629 630//630
f 635//635 633//633 631//631
f 635//635 631//631 632//632
f 636//636 634//634 633//633
f 636//636 633//633 635//635
f 637//637 638//638 634//634
f 637//637 634//634 636//636
f 639//639 641//641 638//638
f 639//639 638//638 637//637
f 640//640 642//642 641//641
f 640//640 641//641 639//639
f 645//645 643//643 642//642
f 645//645 642//642 640//640
f 646//646 644//644 643//643
f 646//646 643//643 645//645
f 646//646 647//647 644//644
f 646//646 648//648 647//647
f 647//647 649//649 644//644
f 651//651 650//650 652//652
f 652//652 654//654 653//653
f 655//655 652//652 653//653
f 651//651 652//652 655//655
f 655//655 656//656 651//651
f 655//655 653//653 657//657
f 658//658 660//660 659//659
f 658//658 661//661 660//660
f 662//662 664//664 663//663
f 662//662 663//663 661//661
f 661//661 663//663 660//660
f 664//664 666//666 665//665
f 664//664 665//665 663//663
f 663//663 665//665 667//667
f 663//663 667//667 660//660
f 666//666 671//671 668//668
f 666//666 668//668 665//665
f 665//665 668//668 670//670
f 665//665 670//670 667//667
f 669//669 668//668 671//671
f 670//670 668//668 669//669
f 672//672 669//669 671//671
f 666//666 673//673 671//671
f 672//672 671//671 673//673
f 664//664 673//673 666//666
f 664//664 662//662 673//673
f 669//669 674//674 670//670
f 667//667 670//670 659//659
f 670//670 674//674 659//659
f 667//667 659//659 660//660
f 676//676 675//675 677//677
f 677//677 680//680 678//678
f 679//679 677//677 678//678
f 676//676 677//677 679//679
f 679//679 678//678 682//682
f 679//679 681//681 676//676
f 686//686 684//684 683//683
f 684//684 685//685 683//683
f 686//686 687//687 689//689
f 684//684 686//686 688//688
f 689//689 688//688 686//686
f 689//689 690//690 698//698
f 689//689 698//698 688//688
f 689//689 691//691 690//690
f 691//691 689//689 687//687
f 692//692 691//691 693//693
f 691//691 692//692 690//690
f 693//693 694//694 692//692
f 695//695 697//697 694//694
f 694//694 696//696 695//695
f 692//692 694//694 697//697
f 690//690 692//692 697//697
f 690//690 697//697 698//698
f 698//698 697//697 695//695
f 698//698 695//695 699//699
f 688//688 698//698 699//699
f 688//688 699//699 684//684
f 685//685 684//684 699//699
f 699//699 695//695 685//685
f 685//685 695//695 696//696
f 701//701 702//702 700//700
f 703//703 702//702 701//701
f 704//704 702//702 703//703
f 703//703 706//706 705//705
f 701//701 706//706 703//703
f 701//701 707//707 706//706
f 709//709 710//710 708//708
f 711//711 708//708 710//710
f 712//712 711//711 714//714
f 710//710 713//713 711//711
f 714//714 711//711 713//713
f 714//714 715//715 712//712
f 715//715 714//714 716//716
f 716//716 714//714 713//713
f 716//716 713//713 717//717
f 718//718 716//716 717//717
f 718//718 717//717 719//719
f 718//718 715//715 716//716
f 718//718 719//719 721//721
f 715//715 718//718 720//720
f 721//721 720//720 718//718
f 721//721 719//719 723//723
f 721//721 723//723 722//722
f 723//723 709//709 722//722
f 719//719 717//717 724//724
f 719//719 724//724 723//723
f 709//709 723//723 724//724
f 717//717 713//713 710//710
f 717//717 710//710 724//724
f 724//724 710//710 709//709
f 726//726 725//725 727//727
f 727//727 730//730 728//728
f 729//729 727//727 728//728
f 726//726 727//727 729//729
f 729//729 728//728 731//731
f 729//729 732//732 726//726
f 734//734 736//736 735//735
f 734//734 735//735 733//733
f 739//739 737//737 736//736
f 739//739 736//736 734//734
f 740//740 738//738 737//737
f 740//740 737//737 739//739
f 741//741 743//743 738//738
f 741//741 738//738 740//740
f 742//742 744//744 743//743
f 742//742 743//743 741//741
f 746//746 745//745 744//744
f 746//746 744//744 742//742
f 749//749 747//747 745//745
f 749//749 745//745 746//746
f 750//750 748//748 747//747
f 750//750 747//747 749//749
f 752//752 754//754 753//753
f 752//752 753//753 751//751
f 756//756 755//755 754//754
f 756//756 754//754 752//752
f 758//758 757//757 755//755
f 758//758 755//755 756//756
f 761//761 759//759 757//757
f 761//761 757//757 758//758
f 762//762 760//760 759//759
f 762//762 759//759 761//761
f 763//763 764//764 760//760
f 763//763 760//760 762//762
f 764//764 763//763 767//767
f 763//763 765//765 767//767
f 765//765 763//763 766//766
f 767//767 768//768 764//764
f 771//771 768//768 767//767
f 771//771 767//767 769//769
f 769//769 767//767 765//765
f 769//769 765//765 772//772
f 772//772 770//770 769//769
f 771//771 769//769 770//770
f 773//773 772//772 765//765
f 773//773 765//765 766//766
f 770//770 772//772 773//773
f 774//774 771//771 775//775
f 768//768 771//771 774//774
f 770//770 775//775 771//771
f 764//764 768//768 774//774
f 777//777 779//779 778//778
f 777//777 778//778 776//776
f 781//781 780//780 779//779
f 781//781 779//779 777//777
f 783//783 782//782 780//780
f 783//783 780//780 781//781
f 785//785 784//784 782//782
f 785//785 782//782 783//783
f 788//788 786//786 784//784
f 788//788 784//784 785//785
f 789//789 787//787 786//786
f 789//789 786//786 788//788
f 790//790 792//792 787//787
f 790//790 787//787 789//789
f 791//791 793//793 792//792
f 791//791 792//792 790//790
f 795//795 794//794 793//793
f 795//795 793//793 791//791
f 797//797 799//799 798//798
f 797//797 798//798 796//796
f 802//802 800//800 799//799
f 802//802 799//799 797//797
f 803//803 801//801 800//800
f 803//803 800//800 802//802
f 804//804 806//806 801//801
f 804//804 801//801 803//803
f 805//805 807//807 806//806
f 805//805 806//806 804//804
f 809//809 808//808 807//807
f 809//809 807//807 805//805
f 811//811 810//810 808//808
f 811//811 808//808 809//809
f 813//813 812//812 810//810
f 813//813 810//810 811//811
f 815//815 817//817 816//816
f 815//815 816//816 814//814
f 819//819 818//818 817//817
f 819//819 817//817 815//815
f 822//822 820//820 818//818
f 822//822 818//818 819//819
f 823//823 821//821 820//820
f 823//823 820//820 822//822
f 824//824 826//826 821//821
f 824//824 821//821 823//823
f 825//825 827//827 826//826
f 825//825 826//826 824//824
f 830//830 828//828 827//827
f 830//830 827//827 825//825
f 831//831 829//829 828//828
f 831//831 828//828 830//830
f 832//832 833//833 829//829
f 832//832 829//829 831//831
f 835//835 837//837 836//836
f 835//835 836//836 834//834
f 839//839 838//838 837//837
f 839//839 837//837 835//835
f 842//842 840//840 838//838
f 842//842 838//838 839//839
f 843//843 841//841 840//840
f 843//843 840//840 842//842
f 844//844 845//845 841//841
f 844//844 841//841 843//843
f 846//846 848//848 845//845
f 846//846 845//845 844//844
f 847//847 849//849 848//848
f 847//847 848//848 846//846
f 851//851 850//850 849//849
f 851//851 849//849 847//847
f 853//853 855//855 854//854
f 853//853 854//854 852//852
f 858//858 856//856 855//855
f 858//858 855//855 853//853
f 859//859 857//857 856//856
f 859//859 856//856 858//858
f 860//860 862//862 857//857
f 860//860 857//857 859//859
f 861//861 863//863 862//862
f 861//861 862//862 860//860
f 865//865 864//864 863//863
f 865//865 863//863 861//861
f 867//867 866//866 864//864
f 867//867 864//864 865//865
f 869//869 868//868 866//866
f 869//869 866//866 867//867
f 871//871 870//870 868//868
f 871//871 868//868 869//869
f 873//873 875//875 874//874
f 873//873 874//874 872//872
f 877//877 876//876 875//875
f 877//877 875//875 873//873
f 879//879 878//878 876//876
f 879//879 876//876 877//877
f 881//881 880//880 878//878
f 881//881 878//878 879//879
f 884//884 882//882 880//880
f 884//884 880//880 881//881
f 885//885 883//883 882//882
f 885//885 882//882 884//884
f 886//886 888//888 883//883
f 886//886 883//883 885//885
f 887//887 889//889 888//888
f 887//887 888//888 886//886
f 891//891 893//893 892//892
f 891//891 892//892 890//890
f 895//895 894//894 893//893
f 895//895 893//893 891//891
f 898//898 896//896 894//894
f 898//898 894//894 895//895
f 899//899 897//897 896//896
f 899//899 896//896 898//898
f 901//901 899//899 900//900
f 897//897 899//899 901//901
f 901//901 902//902 905//905
f 908//908 902//902 901//901
f 908//908 901//901 903//903
f 903//903 901//901 904//904
f 903//903 904//904 913//913
f 904//904 901//901 900//900
f 897//897 901//901 905//905
f 902//902 906//906 905//905
f 907//907 906//906 902//902
f 902//902 908//908 907//907
f 909//909 907//907 908//908
f 908//908 910//910 909//909
f 911//911 910//910 908//908
f 911//911 913//913 912//912
f 913//913 911//911 903//903
f 908//908 903//903 911//911
f 904//904 914//914 913//913
f 913//913 914//914 915//915
f 913//913 915//915 912//912
f 904//904 916//916 914//914
f 900//900 916//916 904//904
f 918//918 920//920 919//919
f 918//918 919//919 917//917
f 922//922 921//921 920//920
f 922//922 920//920 918//918
f 924//924 923//923 921//921
f 924//924 921//921 922//922
f 927//927 925//925 923//923
f 927//927 923//923 924//924
f 928//928 926//926 925//925
f 928//928 925//925 927//927
f 929//929 932//932 926//926
f 929//929 926//926 928//928
f 933//933 929//929 930//930
f 932//932 929//929 931//931
f 929//929 933//933 931//931
f 935//935 931//931 933//933
f 935//935 933//933 934//934
f 936//936 934//934 933//933
f 936//936 933//933 930//930
f 937//937 935//935 934//934
f 937//937 934//934 936//936
f 937//937 938//938 939//939
f 939//939 935//935 937//937
f 941//941 939//939 938//938
f 939//939 940//940 931//931
f 939//939 931//931 935//935
f 940//940 939//939 941//941
f 932//932 940//940 941//941
f 931//931 940//940 932//932
f 943//943 945//945 944//944
f 943//943 944//944 942//942
f 947//947 946//946 945//945
f 947//947 945//945 943//943
f 949//949 948//948 946//946
f 949//949 946//946 947//947
f 952//952 950//950 948//948
f 952//952 948//948 949//949
f 953//953 951//951 950//950
f 953//953 950//950 952//952
f 954//954 958//958 951//951
f 954//954 951//951 953//953
f 954//954 955//955 957//957
f 955//955 954//954 956//956
f 958//958 954//954 957//957
f 957//957 959//959 958//958
f 958//958 959//959 960//960
f 960//960 962//962 961//961
f 959//959 962//962 960//960
f 963//963 961//961 962//962
f 962//962 964//964 963//963
f 962//962 959//959 957//957
f 962//962 957//957 964//964
f 963//963 964//964 965//965
f 963//963 965//965 966//966
f 964//964 957//957 955//955
f 964//964 955//955 965//965
f 966//966 965//965 955//955
f 966//966 955//955 956//956
f 968//968 970//970 969//969
f 968//968 969//969 967//967
f 972//972 971//971 970//970
f 972//972 970//970 968//968
f 974//974 973//973 971//971
f 974//974 971//971 972//972
f 977//977 975//975 973//973
f 977//977 973//973 974//974
f 978//978 976//976 975//975
f 978//978 975//975 977//977
f 979//979 980//980 976//976
f 979//979 976//976 978//978
f 980//980 979//979 983//983
f 979//979 981//981 983//983
f 981//981 979//979 982//982
f 983//983 984//984 980//980
f 987//987 984//984 983//983
f 987//987 983//983 985//985
f 985//985 983//983 981//981
f 985//985 981//981 988//988
f 988//988 986//986 985//985
f 987//987 985//985 986//986
f 989//989 988//988 981//981
f 989//989 981//981 982//982
f 986//986 988//988 989//989
f 990//990 987//987 991//991
f 984//984 987//987 990//990
f 986//986 991//991 987//987
f 980//980 984//984 990//990
f 993//993 995//995 994//994
f 993//993 994//994 992//992
f 997//997 996//996 995//995
f 997//997 995//995 993//993
f 999//999 998//998 996//996
f 999//999 996//996 997//997
f 1002//1002 1000//1000 998//998
f 1002//1002 998//998 999//999
f 1003//1003 1001//1001 1000//1000
f 1003//1003 1000//1000 1002//1002
f 1004//1004 1005//1005 1001//1001
f 1004//1004 1001//1001 1003//1003
f 1008//1008 1005//1005 1004//1004
f 1004//1004 1006//1006 1008//1008
f 1006//1006 1004//1004 1007//1007
f 1005//1005 1008//1008 1009//1009
f 1012//1012 1009//1009 1008//1008
f 1012//1012 1008//1008 1010//1010
f 1010//1010 1008//1008 1006//1006
f 1010//1010 1006//1006 1013//1013
f 1016//1016 1012//1012 1010//1010
f 1016//1016 1010//1010 1011//1011
f 1011//1011 1010//1010 1013//1013
f 1014//1014 1013//1013 1006//1006
f 1014//1014 1006//1006 1007//1007
f 1014//1014 1011//1011 1013//1013
f 1009//1009 1012//1012 1015//1015
f 1015//1015 1012//1012 1016//1016
f 1005//1005 1009//1009 1015//1015
f 1018//1018 1020//1020 1019//1019
f 1018//1018 1019//1019 1017//1017
f 1022//1022 1021//1021 1020//1020
f 1022//1022 1020//1020 1018//1018
f 1024//1024 1023//1023 1021//1021
f 1024//1024 1021//1021 1022//1022
f 1027//1027 1025//1025 1023//1023
f 1027//1027 1023//1023 1024//1024
f 1028//1028 1026//1026 1025//1025
f 1028//1028 1025//1025 1027//1027
f 1029//1029 1030//1030 1026//1026
f 1029//1029 1026//1026 1028//1028
f 1033//1033 1030//1030 1029//1029
f 1029//1029 1031//1031 1033//1033
f 1031//1031 1029//1029 1032//1032
f 1030//1030 1033//1033 1034//1034
f 1036//1036 1034//1034 1033//1033
f 1036//1036 1033//1033 1035//1035
f 1035//1035 1033//1033 1031//1031
f 1035//1035 1031//1031 1037//1037
f 1040//1040 1036//1036 1035//1035
f 1040//1040 1035//1035 1038//1038
f 1038//1038 1035//1035 1037//1037
f 1039//1039 1038//1038 1037//1037
f 1041//1041 1036//1036 1040//1040
f 1030//1030 1034//1034 1041//1041
f 1034//1034 1036//1036 1041//1041
f 1039//1039 1037//1037 1031//1031
f 1039//1039 1031//1031 1032//1032
f 1043//1043 1045//1045 1044//1044
f 1043//1043 1044//1044 1042//1042
f 1047//1047 1046//1046 1045//1045
f 1047//1047 1045//1045 1043//1043
f 1049//1049 1048//1048 1046//1046
f 1049//1049 1046//1046 1047//1047
f 1052//1052 1050//1050 1048//1048
f 1052//1052 1048//1048 1049//1049
f 1053//1053 1051//1051 1050//1050
f 1053//1053 1050//1050 1052//1052
f 1054//1054 1056//1056 1051//1051
f 1054//1054 1051//1051 1053//1053
f 1056//1056 1054//1054 1055//1055
f 1054//1054 1057//1057 1055//1055
f 1057//1057 1054//1054 1058//1058
f 1059//1059 1060//1060 1057//1057
f 1059//1059 1057//1057 1058//1058
f 1061//1061 1063//1063 1060//1060
f 1061//1061 1060//1060 1059//1059
f 1061//1061 1062//1062 1064//1064
f 1064//1064 1063//1063 1061//1061
f 1064//1064 1065//1065 1055//1055
f 1064//1064 1055//1055 1063//1063
f 1065//1065 1064//1064 1066//1066
f 1066//1066 1064//1064 1062//1062
f 1056//1056 1065//1065 1066//1066
f 1055//1055 1065//1065 1056//1056
f 1063//1063 1055//1055 1057//1057
f 1063//1063 1057//1057 1060//1060
f 1068//1068 1070//1070 1069//1069
f 1068//1068 1069//1069 1067//1067
f 1072//1072 1071//1071 1070//1070
f 1072//1072 1070//1070 1068//1068
f 1074//1074 1073//1073 1071//1071
f 1074//1074 1071//1071 1072//1072
f 1077//1077 1075//1075 1073//1073
f 1077//1077 1073//1073 1074//1074
f 1078//1078 1076//1076 1075//1075
f 1078//1078 1075//1075 1077//1077
f 1079//1079 1081//1081 1076//1076
f 1079//1079 1076//1076 1078//1078
f 1081//1081 1079//1079 1080//1080
f 1079//1079 1082//1082 1080//1080
f 1082//1082 1079//1079 1083//1083
f 1084//1084 1085//1085 1082//1082
f 1084//1084 1082//1082 1083//1083
f 1086//1086 1087//1087 1085//1085
f 1086//1086 1085//1085 1084//1084
f 1088//1088 1087//1087 1086//1086
f 1086//1086 1089//1089 1088//1088
f 1090//1090 1088//1088 1089//1089
f 1081//1081 1091//1091 1090//1090
f 1091//1091 1088//1088 1090//1090
f 1080//1080 1091//1091 1081//1081
f 1088//1088 1091//1091 1080//1080
f 1088//1088 1080//1080 1087//1087
f 1087//1087 1080//1080 1082//1082
f 1087//1087 1082//1082 1085//1085
f 1093//1093 1094//1094 1092//1092
f 1095//1095 1094//1094 1093//1093
f 1094//1094 1095//1095 1097//1097
f 1094//1094 1097//1097 1096//1096
f 1096//1096 1097//1097 1099//1099
f 1096//1096 1099//1099 1098//1098
f 1098//1098 1099//1099 1101//1101
f 1098//1098 1101//1101 1100//1100
f 1102//1102 1095//1095 1093//1093
f 1104//1104 1105//1105 1103//1103
f 1106//1106 1105//1105 1107//1107
f 1106//1106 1107//1107 1109//1109
f 1104//1104 1107//1107 1105//1105
f 1107//1107 1104//1104 1108//1108
f 1111//1111 1106//1106 1109//1109
f 1111//1111 1109//1109 1110//1110
f 1114//1114 1111//1111 1110//1110
f 1114//1114 1110//1110 1112//1112
f 1115//1115 1114//1114 1112//1112
f 1115//1115 1112//1112 1113//1113
f 1116//1116 1115//1115 1113//1113
f 1116//1116 1113//1113 1118//1118
f 1117//1117 1116//1116 1118//1118
f 1117//1117 1118//1118 1119//1119
f 1119//1119 1120//1120 1121//1121
f 1117//1117 1119//1119 1121//1121
f 1122//1122 1117//1117 1121//1121
f 1127//1127 1124//1124 1123//1123
f 1124//1124 1125//1125 1123//1123
f 1126//1126 1123//1123 1125//1125
f 1128//1128 1129//1129 1127//1127
f 1124//1124 1127//1127 1129//1129
f 1131//1131 1130//1130 1129//1129
f 1131//1131 1129//1129 1128//1128
f 1130//1130 1125//1125 1124//1124
f 1130//1130 1124//1124 1129//1129
f 1132//1132 1130//1130 1131//1131
f 1132//1132 1134//1134 1125//1125
f 1132//1132 1125//1125 1130//1130
f 1133//1133 1132//1132 1135//1135
f 1132//1132 1133//1133 1134//1134
f 1131//1131 1135//1135 1132//1132
f 1133//1133 1126//1126 1134//1134
f 1126//1126 1125//1125 1134//1134
f 1137//1137 1139//1139 1138//1138
f 1137//1137 1138//1138 1136//1136
f 1142//1142 1140//1140 1139//1139
f 1142//1142 1139//1139 1137//1137
f 1143//1143 1141//1141 1140//1140
f 1143//1143 1140//1140 1142//1142
f 1141//1141 1143//1143 1145//1145
f 1145//1145 1143//1143 1144//1144
f 1146//1146 1141//1141 1145//1145
f 1148//1148 1149//1149 1147//1147
f 1150//1150 1147//1147 1149//1149
f 1149//1149 1151//1151 1150//1150
f 1150//1150 1151//1151 1152//1152
f 1152//1152 1154//1154 1153//1153
f 1154//1154 1152//1152 1151//1151
f 1155//1155 1153//1153 1154//1154
f 1157//1157 1155//1155 1154//1154
f 1157//1157 1154//1154 1156//1156
f 1156//1156 1154//1154 1151//1151
f 1156//1156 1151//1151 1149//1149
f 1159//1159 1157//1157 1156//1156
f 1159//1159 1156//1156 1148//1148
f 1149//1149 1148//1148 1156//1156
f 1157//1157 1158//1158 1155//1155
f 1157//1157 1159//1159 1158//1158
f 1158//1158 1153//1153 1155//1155
f 1161//1161 1162//1162 1160//1160
f 1163//1163 1162//1162 1164//1164
f 1163//1163 1164//1164 1166//1166
f 1164//1164 1162//1162 1161//1161
f 1165//1165 1164//1164 1161//1161
f 1169//1169 1163//1163 1166//1166
f 1169//1169 1166//1166 1167//1167
f 1170//1170 1169//1169 1167//1167
f 1170//1170 1167//1167 1168//1168
f 1171//1171 1170//1170 1168//1168
f 1171//1171 1168//1168 1173//1173
f 1172//1172 1171//1171 1173//1173
f 1172//1172 1173//1173 1174//1174
f 1177//1177 1172//1172 1174//1174
f 1177//1177 1174//1174 1175//1175
f 1177//1177 1175//1175 1176//1176
f 1177//1177 1176//1176 1179//1179
f 1177//1177 1179//1179 1178//1178
f 1181//1181 1182//1182 1180//1180
f 1183//1183 1182//1182 1184//1184
f 1183//1183 1184//1184 1185//1185
f 1181//1181 1184//1184 1182//1182
f 1184//1184 1181//1181 1186//1186
f 1189//1189 1183//1183 1185//1185
f 1189//1189 1185//1185 1187//1187
f 1190//1190 1189//1189 1187//1187
f 1190//1190 1187//1187 1188//1188
f 1191//1191 1190//1190 1188//1188
f 1191//1191 1188//1188 1193//1193
f 1192//1192 1191//1191 1193//1193
f 1192//1192 1193//1193 1194//1194
f 1198//1198 1192//1192 1194//1194
f 1198//1198 1194//1194 1195//1195
f 1195//1195 1196//1196 1197//1197
f 1198//1198 1195//1195 1197//1197
f 1199//1199 1198//1198 1197//1197
f 1201//1201 1202//1202 1200//1200
f 1203//1203 1202//1202 1204//1204
f 1203//1203 1204//1204 1206//1206
f 1201//1201 1204//1204 1202//1202
f 1204//1204 1201//1201 1205//1205
f 1209//1209 1203//1203 1206//1206
f 1209//1209 1206//1206 1207//1207
f 1210//1210 1209//1209 1207//1207
f 1210//1210 1207//1207 1208//1208
f 1211//1211 1210//1210 1208//1208
f 1211//1211 1208//1208 1213//1213
f 1212//1212 1211//1211 1213//1213
f 1212//1212 1213//1213 1214//1214
f 1217//1217 1212//1212 1214//1214
f 1217//1217 1214//1214 1215//1215
f 1217//1217 1215//1215 1216//1216
f 1217//1217 1216//1216 1219//1219
f 1218//1218 1217//1217 1219//1219
f 1221//1221 1223//1223 1222//1222
f 1221//1221 1222//1222 1220//1220
f 1223//1223 1225//1225 1224//1224
f 1221//1221 1225//1225 1223//1223
f 1225//1225 1221//1221 1226//1226
f 1228//1228 1230//1230 1229//1229
f 1228//1228 1229//1229 1227//1227
f 1228//1228 1231//1231 1230//1230
f 1230//1230 1231//1231 1232//1232
f 1231//1231 1228//1228 1233//1233
f 1235//1235 1237//1237 1236//1236
f 1235//1235 1236//1236 1234//1234
f 1237//1237 1239//1239 1238//1238
f 1235//1235 1239//1239 1237//1237
f 1239//1239 1235//1235 1240//1240
f 1242//1242 1243//1243 1241//1241
f 1244//1244 1243//1243 1245//1245
f 1242//1242 1245//1245 1243//1243
f 1247//1247 1246//1246 1245//1245
f 1247//1247 1245//1245 1242//1242
f 1249//1249 1248//1248 1246//1246
f 1249//1249 1246//1246 1247//1247
f 1248//1248 1249//1249 1250//1250
f 1251//1251 1248//1248 1250//1250
f 1249//1249 1252//1252 1250//1250
f 1254//1254 1253//1253 1255//1255
f 1256//1256 1257//1257 1255//1255
f 1254//1254 1255//1255 1257//1257
f 1260//1260 1254//1254 1257//1257
f 1260//1260 1257//1257 1258//1258
f 1261//1261 1260//1260 1258//1258
f 1261//1261 1258//1258 1259//1259
f 1259//1259 1262//1262 1261//1261
f 1261//1261 1262//1262 1263//1263
f 1264//1264 1262//1262 1259//1259
f 1266//1266 1267//1267 1265//1265
f 1268//1268 1267//1267 1269//1269
f 1268//1268 1269//1269 1270//1270
f 1267//1267 1266//1266 1269//1269
f 1269//1269 1266//1266 1271//1271
f 1273//1273 1268//1268 1270//1270
f 1273//1273 1270//1270 1272//1272
f 1273//1273 1272//1272 1275//1275
f 1272//1272 1274//1274 1275//1275
f 1276//1276 1273//1273 1275//1275
f 1278//1278 1277//1277 1279//1279
f 1280//1280 1281//1281 1279//1279
f 1278//1278 1279//1279 1281//1281
f 1284//1284 1278//1278 1281//1281
f 1284//1284 1281//1281 1282//1282
f 1285//1285 1284//1284 1282//1282
f 1285//1285 1282//1282 1283//1283
f 1283//1283 1286//1286 1285//1285
f 1285//1285 1286//1286 1287//1287
f 1288//1288 1286//1286 1283//1283
f 1290//1290 1291//1291 1289//1289
f 1292//1292 1291//1291 1293//1293
f 1292//1292 1293//1293 1294//1294
f 1291//1291 1290//1290 1293//1293
f 1293//1293 1290//1290 1295//1295
f 1297//1297 1292//1292 1294//1294
f 1297//1297 1294//1294 1296//1296
f 1297//1297 1296//1296 1299//1299
f 1296//1296 1298//1298 1299//1299
f 1300//1300 1297//1297 1299//1299
f 1304//1304 1301//1301 1302//1302
f 1302//1302 1301//1301 1303//1303
f 1304//1304 1302//1302 1305//1305
f 1305//1305 1306//1306 1304//1304
f 1307//1307 1304//1304 1306//1306
f 1308//1308 1307//1307 1306//1306
f 1309//1309 1308//1308 1306//1306
f 1309//1309 1306//1306 1310//1310
f 1310//1310 1311//1311 1309//1309
f 1311//1311 1310//1310 1312//1312
f 1312//1312 1314//1314 1313//1313
f 1312//1312 1313//1313 1311//1311
f 1315//1315 1313//1313 1314//1314
f 1315//1315 1314//1314 1317//1317
f 1317//1317 1316//1316 1315//1315
f 1317//1317 1314//1314 1320//1320
f 1317//1317 1320//1320 1319//1319
f 1318//1318 1316//1316 1317//1317
f 1317//1317 1319//1319 1318//1318
f 1314//1314 1312//1312 1321//1321
f 1314//1314 1321//1321 1320//1320
f 1321//1321 1323//1323 1322//1322
f 1312//1312 1323//1323 1321//1321
f 1323//1323 1302//1302 1303//1303
f 1323//1323 1303//1303 1322//1322
f 1324//1324 1305//1305 1302//1302
f 1324//1324 1302//1302 1323//1323
f 1323//1323 1312//1312 1324//1324
f 1312//1312 1310//1310 1324//1324
f 1310//1310 1306//1306 1305//1305
f 1310//1310 1305//1305 1324//1324
f 1329//1329 1326//1326 1325//1325
f 1329//1329 1325//1325 1328//1328
f 1326//1326 1339//1339 1327//1327
f 1326//1326 1327//1327 1325//1325
f 1332//1332 1329//1329 1328//1328
f 1332//1332 1328//1328 1330//1330
f 1332//1332 1330//1330 1331//1331
f 1331//1331 1333//1333 1332//1332
f 1333//1333 1334//1334 1332//1332
f 1334//1334 1335//1335 1329//1329
f 1334//1334 1329//1329 1332//1332
f 1326//1326 1329//1329 1335//1335
f 1326//1326 1335//1335 1336//1336
f 1336//1336 1337//1337 1339//1339
f 1336//1336 1339//1339 1326//1326
f 1338//1338 1339//1339 1337//1337
f 1339//1339 1338//1338 1340//1340
f 1339//1339 1340//1340 1327//1327
f 1341//1341 1343//1343 1342//1342
f 1344//1344 1343//1343 1341//1341
f 1346//1346 1344//1344 1341//1341
f 1346//1346 1341//1341 1345//1345
f 1349//1349 1346//1346 1345//1345
f 1349//1349 1345//1345 1347//1347
f 1349//1349 1347//1347 1348//1348
f 1348//1348 1350//1350 1349//1349
f 1349//1349 1350//1350 1351//1351
f 1351//1351 1352//1352 1346//1346
f 1351//1351 1346//1346 1349//1349
f 1344//1344 1346//1346 1352//1352
f 1344//1344 1352//1352 1353//1353
f 1353//1353 1354//1354 1344//1344
f 1354//1354 1353//1353 1355//1355
f 1355//1355 1356//1356 1358//1358
f 1355//1355 1358//1358 1354//1354
f 1356//1356 1357//1357 1358//1358
f 1357//1357 1359//1359 1358//1358
f 1360//1360 1358//1358 1359//1359
f 1354//1354 1358//1358 1360//1360
f 1354//1354 1360//1360 1361//1361
f 1359//1359 1362//1362 1360//1360
f 1361//1361 1360//1360 1362//1362
f 1361//1361 1362//1362 1343//1343
f 1343//1343 1362//1362 1363//1363
f 1343//1343 1363//1363 1342//1342
f 1362//1362 1364//1364 1363//1363
f 1359//1359 1364//1364 1362//1362
f 1343//1343 1344//1344 1361//1361
f 1344//1344 1354//1354 1361//1361
f 1366//1366 1368//1368 1365//1365
f 1366//1366 1365//1365 1367//1367
f 1368//1368 1366//1366 1369//1369
f 1370//1370 1369//1369 1366//1366
f 1370//1370 1366//1366 1371//1371
f 1371//1371 1373//1373 1372//1372
f 1371//1371 1372//1372 1370//1370
f 1374//1374 1372//1372 1373//1373
f 1374//1374 1373//1373 1376//1376
f 1375//1375 1374//1374 1376//1376
f 1377//1377 1375//1375 1376//1376
f 1376//1376 1378//1378 1377//1377
f 1376//1376 1373//1373 1379//1379
f 1376//1376 1379//1379 1378//1378
f 1373//1373 1371//1371 1380//1380
f 1373//1373 1380//1380 1379//1379
f 1371//1371 1366//1366 1367//1367
f 1371//1371 1367//1367 1380//1380
f 1384//1384 1381//1381 1382//1382
f 1382//1382 1381//1381 1383//1383
f 1384//1384 1382//1382 1385//1385
f 1385//1385 1386//1386 1384//1384
f 1387//1387 1384//1384 1386//1386
f 1388//1388 1387//1387 1386//1386
f 1389//1389 1388//1388 1386//1386
f 1389//1389 1386//1386 1391//1391
f 1391//1391 1390//1390 1389//1389
f 1390//1390 1391//1391 1392//1392
f 1392//1392 1391//1391 1393//1393
f 1391//1391 1386//1386 1385//1385
f 1391//1391 1385//1385 1393//1393
f 1394//1394 1392//1392 1393//1393
f 1393//1393 1385//1385 1382//1382
f 1393//1393 1382//1382 1394//1394
f 1394//1394 1382//1382 1383//1383
f 1394//1394 1383//1383 1395//1395
f 1392//1392 1394//1394 1396//1396
f 1396//1396 1394//1394 1395//1395
f 1398//1398 1392//1392 1396//1396
f 1398//1398 1396//1396 1397//1397
f 1401//1401 1398//1398 1397//1397
f 1401//1401 1397//1397 1399//1399
f 1401//1401 1399//1399 1400//1400
f 1400//1400 1402//1402 1401//1401
f 1401//1401 1402//1402 1403//1403
f 1403//1403 1404//1404 1398//1398
f 1403//1403 1398//1398 1401//1401
f 1392//1392 1398//1398 1404//1404
f 1392//1392 1404//1404 1390//1390
f 1406//1406 1408//1408 1405//1405
f 1406//1406 1405//1405 1407//1407
f 1408//1408 1406//1406 1409//1409
f 1410//1410 1409//1409 1406//1406
f 1410//1410 1406//1406 1411//1411
f 1411//1411 1413//1413 1412//1412
f 1411//1411 1412//1412 1410//1410
f 1414//1414 1412//1412 1413//1413
f 1414//1414 1413//1413 1416//1416
f 1415//1415 1414//1414 1416//1416
f 1417//1417 1415//1415 1416//1416
f 1416//1416 1418//1418 1417//1417
f 1416//1416 1413//1413 1419//1419
f 1416//1416 1419//1419 1418//1418
f 1413//1413 1411//1411 1420//1420
f 1413//1413 1420//1420 1419//1419
f 1411//1411 1406//1406 1407//1407
f 1411//1411 1407//1407 1420//1420
f 1424//1424 1421//1421 1422//1422
f 1422//1422 1421//1421 1423//1423
f 1424//1424 1422//1422 1425//1425
f 1425//1425 1426//1426 1424//1424
f 1427//1427 1424//1424 1426//1426
f 1428//1428 1427//1427 1426//1426
f 1429//1429 1428//1428 1426//1426
f 1429//1429 1426//1426 1431//1431
f 1431//1431 1430//1430 1429//1429
f 1430//1430 1431//1431 1432//1432
f 1432//1432 1431//1431 1433//1433
f 1431//1431 1426//1426 1425//1425
f 1431//1431 1425//1425 1433//1433
f 1434//1434 1432//1432 1433//1433
f 1433//1433 1425//1425 1422//1422
f 1433//1433 1422//1422 1434//1434
f 1434//1434 1422//1422 1423//1423
f 1434//1434 1423//1423 1435//1435
f 1432//1432 1434//1434 1436//1436
f 1436//1436 1434//1434 1435//1435
f 1438//1438 1432//1432 1436//1436
f 1438//1438 1436//1436 1437//1437
f 1441//1441 1438//1438 1437//1437
f 1441//1441 1437//1437 1439//1439
f 1441//1441 1439//1439 1440//1440
f 1440//1440 1442//1442 1441//1441
f 1441//1441 1442//1442 1443//1443
f 1443//1443 1444//1444 1438//1438
f 1443//1443 1438//1438 1441//1441
f 1432//1432 1438//1438 1444//1444
f 1432//1432 1444//1444 1430//1430
f 1449//1449 1446//1446 1445//1445
f 1449//1449 1445//1445 1448//1448
f 1446//1446 1459//1459 1447//1447
f 1446//1446 1447//1447 1445//1445
f 1452//1452 1449//1449 1448//1448
f 1452//1452 1448//1448 1450//1450
f 1452//1452 1450//1450 1451//1451
f 1451//1451 1453//1453 1452//1452
f 1453//1453 1454//1454 1452//1452
f 1454//1454 1455//1455 1449//1449
f 1454//1454 1449//1449 1452//1452
f 1446//1446 1449//1449 1455//1455
f 1446//1446 1455//1455 1456//1456
f 1456//1456 1457//1457 1459//1459
f 1456//1456 1459//1459 1446//1446
f 1458//1458 1459//1459 1457//1457
f 1459//1459 1458//1458 1460//1460
f 1459//1459 1460//1460 1447//1447
f 1461//1461 1463//1463 1462//1462
f 1464//1464 1463//1463 1461//1461
f 1463//1463 1464//1464 1465//1465
f 1467//1467 1466//1466 1468//1468
f 1467//1467 1468//1468 1469//1469
f 1470//1470 1471//1471 1473//1473
f 1471//1471 1470//1470 1472//1472
f 1474//1474 1473//1473 1471//1471
f 1475//1475 1474//1474 1471//1471
f 1475//1475 1471//1471 1476//1476
f 1476//1476 1478//1478 1477//1477
f 1476//1476 1477//1477 1475//1475
f 1478//1478 1480//1480 1477//1477
f 1477//1477 1480//1480 1479//1479
f 1492//1492 1479//1479 1480//1480
f 1492//1492 1480//1480 1481//1481
f 1481//1481 1480//1480 1482//1482
f 1481//1481 1482//1482 1483//1483
f 1480//1480 1478//1478 1482//1482
f 1478//1478 1484//1484 1482//1482
f 1483//1483 1482//1482 1484//1484
f 1483//1483 1484//1484 1486//1486
f 1485//1485 1484//1484 1478//1478
f 1484//1484 1485//1485 1487//1487
f 1486//1486 1484//1484 1487//1487
f 1486//1486 1487//1487 1488//1488
f 1490//1490 1486//1486 1488//1488
f 1490//1490 1488//1488 1489//1489
f 1486//1486 1490//1490 1483//1483
f 1491//1491 1481//1481 1483//1483
f 1491//1491 1483//1483 1490//1490
f 1481//1481 1491//1491 1492//1492
f 1478//1478 1476//1476 1493//1493
f 1478//1478 1493//1493 1485//1485
f 1476//1476 1471//1471 1472//1472
f 1476//1476 1472//1472 1493//1493
f 1494//1494 1496//1496 1495//1495
f 1497//1497 1496//1496 1494//1494
f 1500//1500 1497//1497 1494//1494
f 1500//1500 1494//1494 1498//1498
f 1500//1500 1498//1498 1499//1499
f 1499//1499 1502//1502 1500//1500
f 1500//1500 1502//1502 1501//1501
f 1501//1501 1503//1503 1497//1497
f 1501//1501 1497//1497 1500//1500
f 1503//1503 1504//1504 1497//1497
f 1504//1504 1503//1503 1505//1505
f 1505//1505 1506//1506 1508//1508
f 1505//1505 1508//1508 1504//1504
f 1510//1510 1508//1508 1506//1506
f 1510//1510 1506//1506 1507//1507
f 1510//1510 1509//1509 1508//1508
f 1504//1504 1508//1508 1509//1509
f 1504//1504 1509//1509 1514//1514
f 1510//1510 1511//1511 1512//1512
f 1510//1510 1512//1512 1509//1509
f 1514//1514 1509//1509 1512//1512
f 1514//1514 1512//1512 1496//1496
f 1496//1496 1512//1512 1513//1513
f 1496//1496 1513//1513 1495//1495
f 1513//1513 1512//1512 1511//1511
f 1497//1497 1504//1504 1514//1514
f 1496//1496 1497//1497 1514//1514
f 1516//1516 1517//1517 1515//1515
f 1518//1518 1515//1515 1517//1517
f 1517//1517 1519//1519 1518//1518
f 1523//1523 1520//1520 1521//1521
f 1520//1520 1522//1522 1521//1521
f 1521//1521 1524//1524 1523//1523
f 1526//1526 1528//1528 1527//1527
f 1526//1526 1527//1527 1525//1525
f 1530//1530 1531//1531 1529//1529
f 1532//1532 1529//1529 1531//1531
f 1532//1532 1531//1531 1533//1533
f 1534//1534 1533//1533 1531//1531
f 1534//1534 1531//1531 1535//1535
f 1535//1535 1537//1537 1534//1534
f 1534//1534 1537//1537 1536//1536
f 1537//1537 1535//1535 1539//1539
f 1549//1549 1536//1536 1537//1537
f 1549//1549 1537//1537 1538//1538
f 1538//1538 1537//1537 1539//1539
f 1538//1538 1539//1539 1540//1540
f 1535//1535 1541//1541 1539//1539
f 1540//1540 1539//1539 1541//1541
f 1540//1540 1541//1541 1543//1543
f 1542//1542 1541//1541 1535//1535
f 1541//1541 1542//1542 1544//1544
f 1543//1543 1541//1541 1544//1544
f 1543//1543 1544//1544 1545//1545
f 1546//1546 1543//1543 1545//1545
f 1547//1547 1543//1543 1546//1546
f 1548//1548 1538//1538 1547//1547
f 1543//1543 1547//1547 1540//1540
f 1540//1540 1547//1547 1538//1538
f 1538//1538 1548//1548 1549//1549
f 1535//1535 1531//1531 1530//1530
f 1535//1535 1530//1530 1542//1542
f 1550//1550 1551//1551 1553//1553
f 1551//1551 1550//1550 1552//1552
f 1554//1554 1553//1553 1551//1551
f 1556//1556 1555//1555 1557//1557
f 1557//1557 1558//1558 1556//1556
f 1558//1558 1559//1559 1556//1556
f 1560//1560 1562//1562 1563//1563
f 1560//1560 1563//1563 1561//1561
f 1565//1565 1566//1566 1564//1564
f 1567//1567 1564//1564 1566//1566
f 1567//1567 1566//1566 1568//1568
f 1569//1569 1568//1568 1566//1566
f 1569//1569 1566//1566 1570//1570
f 1570//1570 1572//1572 1569//1569
f 1569//1569 1572//1572 1571//1571
f 1575//1575 1571//1571 1572//1572
f 1575//1575 1572//1572 1574//1574
f 1572//1572 1570//1570 1573//1573
f 1574//1574 1572//1572 1573//1573
f 1574//1574 1573//1573 1576//1576
f 1578//1578 1575//1575 1574//1574
f 1578//1578 1574//1574 1577//1577
f 1576//1576 1577//1577 1574//1574
f 1577//1577 1576//1576 1581//1581
f 1577//1577 1581//1581 1579//1579
f 1579//1579 1581//1581 1580//1580
f 1576//1576 1573//1573 1582//1582
f 1576//1576 1582//1582 1581//1581
f 1581//1581 1582//1582 1583//1583
f 1581//1581 1583//1583 1580//1580
f 1582//1582 1584//1584 1583//1583
f 1570//1570 1582//1582 1573//1573
f 1584//1584 1582//1582 1570//1570
f 1570//1570 1566//1566 1565//1565
f 1570//1570 1565//1565 1584//1584
f 1588//1588 1586//1586 1585//1585
f 1588//1588 1585//1585 1587//1587
f 1590//1590 1591//1591 1589//1589
f 1591//1591 1590//1590 1592//1592
f 1592//1592 1590//1590 1593//1593
f 1595//1595 1594//1594 1596//1596
f 1595//1595 1596//1596 1597//1597
f 1599//1599 1600//1600 1598//1598
f 1601//1601 1598//1598 1600//1600
f 1601//1601 1600//1600 1602//1602
f 1603//1603 1602//1602 1600//1600
f 1603//1603 1600//1600 1604//1604
f 1604//1604 1606//1606 1605//1605
f 1604//1604 1605//1605 1603//1603
f 1606//1606 1608//1608 1605//1605
f 1605//1605 1608//1608 1607//1607
f 1620//1620 1607//1607 1608//1608
f 1620//1620 1608//1608 1609//1609
f 1609//1609 1608//1608 1610//1610
f 1609//1609 1610//1610 1611//1611
f 1608//1608 1606//1606 1610//1610
f 1606//1606 1612//1612 1610//1610
f 1611//1611 1610//1610 1612//1612
f 1611//1611 1612//1612 1614//1614
f 1613//1613 1612//1612 1606//1606
f 1612//1612 1613//1613 1615//1615
f 1614//1614 1612//1612 1615//1615
f 1614//1614 1615//1615 1616//1616
f 1617//1617 1614//1614 1616//1616
f 1618//1618 1611//1611 1614//1614
f 1618//1618 1614//1614 1617//1617
f 1611//1611 1618//1618 1609//1609
f 1619//1619 1620//1620 1609//1609
f 1619//1619 1609//1609 1618//1618
f 1606//1606 1604//1604 1621//1621
f 1606//1606 1621//1621 1613//1613
f 1604//1604 1600//1600 1599//1599
f 1604//1604 1599//1599 1621//1621
f 1625//1625 1622//1622 1623//1623
f 1623//1623 1622//1622 1624//1624
f 1625//1625 1623//1623 1626//1626
f 1626//1626 1627//1627 1625//1625
f 1628//1628 1625//1625 1627//1627
f 1629//1629 1628//1628 1627//1627
f 1630//1630 1629//1629 1627//1627
f 1630//1630 1627//1627 1632//1632
f 1632//1632 1631//1631 1630//1630
f 1632//1632 1627//1627 1626//1626
f 1632//1632 1626//1626 1633//1633
f 1634//1634 1632//1632 1633//1633
f 1631//1631 1632//1632 1634//1634
f 1637//1637 1634//1634 1635//1635
f 1637//1637 1635//1635 1640//1640
f 1634//1634 1636//1636 1635//1635
f 1638//1638 1631//1631 1634//1634
f 1638//1638 1634//1634 1637//1637
f 1636//1636 1634//1634 1633//1633
f 1637//1637 1641//1641 1638//1638
f 1639//1639 1641//1641 1637//1637
f 1637//1637 1640//1640 1639//1639
f 1635//1635 1636//1636 1642//1642
f 1636//1636 1623//1623 1624//1624
f 1636//1636 1624//1624 1642//1642
f 1633//1633 1626//1626 1623//1623
f 1633//1633 1623//1623 1636//1636
f 1643//1643 1646//1646 1644//1644
f 1644//1644 1645//1645 1643//1643
f 1647//1647 1644//1644 1646//1646
f 1649//1649 1650//1650 1648//1648
f 1650//1650 1649//1649 1651//1651
f 1651//1651 1649//1649 1652//1652
f 1654//1654 1656//1656 1653//1653
f 1654//1654 1653//1653 1655//1655
f 1656//1656 1654//1654 1657//1657
f 1658//1658 1657//1657 1654//1654
f 1658//1658 1654//1654 1659//1659
f 1659//1659 1661//1661 1660//1660
f 1659//1659 1660//1660 1658//1658
f 1662//1662 1660//1660 1661//1661
f 1662//1662 1661//1661 1664//1664
f 1663//1663 1662//1662 1664//1664
f 1664//1664 1661//1661 1667//1667
f 1664//1664 1667//1667 1666//1666
f 1665//1665 1663//1663 1664//1664
f 1664//1664 1666//1666 1665//1665
f 1661//1661 1659//1659 1668//1668
f 1661//1661 1668//1668 1667//1667
f 1659//1659 1654//1654 1655//1655
f 1659//1659 1655//1655 1668//1668
f 1672//1672 1669//1669 1670//1670
f 1670//1670 1669//1669 1671//1671
f 1672//1672 1670//1670 1673//1673
f 1673//1673 1674//1674 1672//1672
f 1675//1675 1672//1672 1674//1674
f 1676//1676 1675//1675 1674//1674
f 1677//1677 1676//1676 1674//1674
f 1677//1677 1674//1674 1678//1678
f 1678//1678 1679//1679 1677//1677
f 1679//1679 1678//1678 1680//1680
f 1681//1681 1679//1679 1680//1680
f 1681//1681 1680//1680 1682//1682
f 1682//1682 1683//1683 1681//1681
f 1684//1684 1683//1683 1682//1682
f 1682//1682 1685//1685 1684//1684
f 1682//1682 1680//1680 1686//1686
f 1682//1682 1686//1686 1685//1685
f 1686//1686 1688//1688 1687//1687
f 1680//1680 1688//1688 1686//1686
f 1688//1688 1670//1670 1671//1671
f 1688//1688 1671//1671 1687//1687
f 1689//1689 1673//1673 1670//1670
f 1689//1689 1670//1670 1688//1688
f 1688//1688 1680//1680 1689//1689
f 1680//1680 1678//1678 1689//1689
f 1678//1678 1674//1674 1673//1673
f 1678//1678 1673//1673 1689//1689
f 1693//1693 1691//1691 1690//1690
f 1693//1693 1690//1690 1692//1692
f 1695//1695 1696//1696 1694//1694
f 1696//1696 1695//1695 1697//1697
f 1697//1697 1695//1695 1698//1698
f 1700//1700 1699//1699 1701//1701
f 1700//1700 1701//1701 1702//1702
f 1704//1704 1705//1705 1703//1703
f 1706//1706 1703//1703 1705//1705
f 1706//1706 1705//1705 1707//1707
f 1708//1708 1707//1707 1705//1705
f 1708//1708 1705//1705 1709//1709
f 1709//1709 1711//1711 1710//1710
f 1709//1709 1710//1710 1708//1708
f 1711//1711 1713//1713 1710//1710
f 1710//1710 1713//1713 1712//1712
f 1718//1718 1712//1712 1713//1713
f 1718//1718 1713//1713 1715//1715
f 1713//1713 1711//1711 1714//1714
f 1715//1715 1713//1713 1714//1714
f 1715//1715 1714//1714 1719//1719
f 1719//1719 1716//1716 1715//1715
f 1717//1717 1715//1715 1716//1716
f 1715//1715 1717//1717 1718//1718
f 1720//1720 1716//1716 1719//1719
f 1719//1719 1714//1714 1722//1722
f 1719//1719 1722//1722 1720//1720
f 1716//1716 1720//1720 1723//1723
f 1723//1723 1720//1720 1721//1721
f 1720//1720 1722//1722 1724//1724
f 1720//1720 1724//1724 1721//1721
f 1722//1722 1725//1725 1724//1724
f 1725//1725 1722//1722 1711//1711
f 1711//1711 1722//1722 1714//1714
f 1711//1711 1709//1709 1726//1726
f 1711//1711 1726//1726 1725//1725
f 1709//1709 1705//1705 1704//1704
f 1709//1709 1704//1704 1726//1726
f 1727//1727 1729//1729 1728//1728
f 1730//1730 1729//1729 1727//1727
f 1733//1733 1730//1730 1727//1727
f 1733//1733 1727//1727 1731//1731
f 1733//1733 1731//1731 1732//1732
f 1732//1732 1734//1734 1733//1733
f 1733//1733 1734//1734 1735//1735
f 1735//1735 1736//1736 1730//1730
f 1735//1735 1730//1730 1733//1733
f 1736//1736 1737//1737 1730//1730
f 1737//1737 1736//1736 1738//1738
f 1738//1738 1739//1739 1740//1740
f 1738//1738 1740//1740 1737//1737
f 1739//1739 1741//1741 1740//1740
f 1741//1741 1742//1742 1740//1740
f 1742//1742 1743//1743 1744//1744
f 1742//1742 1744//1744 1745//1745
f 1745//1745 1740//1740 1742//1742
f 1737//1737 1740//1740 1745//1745
f 1737//1737 1745//1745 1746//1746
f 1746//1746 1745//1745 1744//1744
f 1746//1746 1744//1744 1729//1729
f 1729//1729 1730//1730 1746//1746
f 1730//1730 1737//1737 1746//1746
f 1729//1729 1744//1744 1747//1747
f 1729//1729 1747//1747 1728//1728
f 1744//1744 1743//1743 1747//1747
f 1748//1748 1751//1751 1749//1749
f 1749//1749 1750//1750 1748//1748
f 1752//1752 1749//1749 1751//1751
f 1753//1753 1755//1755 1756//1756
f 1753//1753 1756//1756 1754//1754
f 1758//1758 1759//1759 1757//1757
f 1760//1760 1757//1757 1759//1759
f 1760//1760 1759//1759 1761//1761
f 1762//1762 1761//1761 1759//1759
f 1762//1762 1759//1759 1763//1763
f 1763//1763 1765//1765 1764//1764
f 1763//1763 1764//1764 1762//1762
f 1765//1765 1767//1767 1764//1764
f 1764//1764 1767//1767 1766//1766
f 1779//1779 1766//1766 1767//1767
f 1779//1779 1767//1767 1768//1768
f 1768//1768 1767//1767 1769//1769
f 1768//1768 1769//1769 1770//1770
f 1767//1767 1765//1765 1769//1769
f 1765//1765 1771//1771 1769//1769
f 1770//1770 1769//1769 1771//1771
f 1770//1770 1771//1771 1773//1773
f 1772//1772 1771//1771 1765//1765
f 1771//1771 1772//1772 1774//1774
f 1773//1773 1771//1771 1774//1774
f 1773//1773 1774//1774 1775//1775
f 1776//1776 1773//1773 1775//1775
f 1777//1777 1770//1770 1773//1773
f 1777//1777 1773//1773 1776//1776
f 1770//1770 1777//1777 1768//1768
f 1778//1778 1779//1779 1768//1768
f 1778//1778 1768//1768 1777//1777
f 1765//1765 1763//1763 1780//1780
f 1765//1765 1780//1780 1772//1772
f 1763//1763 1759//1759 1758//1758
f 1763//1763 1758//1758 1780//1780
f 1785//1785 1782//1782 1781//1781
f 1785//1785 1781//1781 1784//1784
f 1782//1782 1791//1791 1783//1783
f 1782//1782 1783//1783 1781//1781
f 1785//1785 1784//1784 1786//1786
f 1786//1786 1787//1787 1785//1785
f 1787//1787 1788//1788 1785//1785
f 1788//1788 1789//1789 1782//1782
f 1788//1788 1782//1782 1785//1785
f 1789//1789 1790//1790 1791//1791
f 1789//1789 1791//1791 1782//1782
f 1792//1792 1791//1791 1790//1790
f 1791//1791 1792//1792 1793//1793
f 1791//1791 1793//1793 1783//1783
f 1795//1795 1794//1794 1796//1796
f 1796//1796 1797//1797 1795//1795
f 1798//1798 1795//1795 1797//1797
f 1799//1799 1802//1802 1800//1800
f 1800//1800 1801//1801 1799//1799
f 1802//1802 1803//1803 1800//1800
f 1805//1805 1807//1807 1806//1806
f 1805//1805 1806//1806 1804//1804
f 1809//1809 1810//1810 1808//1808
f 1811//1811 1808//1808 1810//1810
f 1811//1811 1810//1810 1812//1812
f 1813//1813 1812//1812 1810//1810
f 1813//1813 1810//1810 1814//1814
f 1814//1814 1816//1816 1813//1813
f 1813//1813 1816//1816 1815//1815
f 1816//1816 1814//1814 1818//1818
f 1828//1828 1815//1815 1816//1816
f 1828//1828 1816//1816 1817//1817
f 1817//1817 1816//1816 1818//1818
f 1817//1817 1818//1818 1819//1819
f 1814//1814 1820//1820 1818//1818
f 1819//1819 1818//1818 1820//1820
f 1819//1819 1820//1820 1822//1822
f 1821//1821 1820//1820 1814//1814
f 1820//1820 1821//1821 1823//1823
f 1822//1822 1820//1820 1823//1823
f 1822//1822 1823//1823 1824//1824
f 1825//1825 1822//1822 1824//1824
f 1826//1826 1822//1822 1825//1825
f 1822//1822 1826//1826 1819//1819
f 1819//1819 1826//1826 1817//1817
f 1827//1827 1817//1817 1826//1826
f 1817//1817 1827//1827 1828//1828
f 1814//1814 1810//1810 1809//1809
f 1814//1814 1809//1809 1821//1821
f 1829//1829 1830//1830 1832//1832
f 1830//1830 1829//1829 1831//1831
f 1833//1833 1832//1832 1830//1830
f 1834//1834 1836//1836 1837//1837
f 1834//1834 1837//1837 1835//1835
f 1839//1839 1841//1841 1840//1840
f 1839//1839 1840//1840 1838//1838
f 1843//1843 1845//1845 1842//1842
f 1843//1843 1842//1842 1844//1844
f 1845//1845 1843//1843 1846//1846
f 1847//1847 1846//1846 1843//1843
f 1847//1847 1843//1843 1848//1848
f 1849//1849 1847//1847 1848//1848
f 1849//1849 1848//1848 1851//1851
f 1850//1850 1849//1849 1851//1851
f 1852//1852 1850//1850 1851//1851
f 1851//1851 1848//1848 1854//1854
f 1851//1851 1854//1854 1853//1853
f 1851//1851 1853//1853 1852//1852
f 1848//1848 1843//1843 1844//1844
f 1848//1848 1844//1844 1854//1854
f 1855//1855 1857//1857 1858//1858
f 1855//1855 1858//1858 1856//1856
f 1860//1860 1859//1859 1861//1861
f 1860//1860 1861//1861 1862//1862
f 1864//1864 1863//1863 1865//1865
f 1864//1864 1865//1865 1866//1866
f 1868//1868 1870//1870 1867//1867
f 1868//1868 1867//1867 1869//1869
f 1870//1870 1868//1868 1871//1871
f 1872//1872 1871//1871 1868//1868
f 1872//1872 1868//1868 1873//1873
f 1873//1873 1875//1875 1874//1874
f 1873//1873 1874//1874 1872//1872
f 1876//1876 1874//1874 1875//1875
f 1876//1876 1875//1875 1877//1877
f 1878//1878 1876//1876 1877//1877
f 1879//1879 1878//1878 1877//1877
f 1877//1877 1880//1880 1879//1879
f 1877//1877 1875//1875 1881//1881
f 1877//1877 1881//1881 1880//1880
f 1875//1875 1873//1873 1882//1882
f 1875//1875 1882//1882 1881//1881
f 1873//1873 1868//1868 1869//1869
f 1873//1873 1869//1869 1882//1882
f 1884//1884 1886//1886 1883//1883
f 1884//1884 1883//1883 1885//1885
f 1886//1886 1884//1884 1887//1887
f 1888//1888 1887//1887 1884//1884
f 1888//1888 1884//1884 1889//1889
f 1890//1890 1888//1888 1889//1889
f 1890//1890 1889//1889 1892//1892
f 1891//1891 1890//1890 1892//1892
f 1894//1894 1891//1891 1892//1892
f 1892//1892 1893//1893 1894//1894
f 1892//1892 1889//1889 1895//1895
f 1892//1892 1895//1895 1893//1893
f 1889//1889 1884//1884 1885//1885
f 1889//1889 1885//1885 1895//1895
f 1899//1899 1897//1897 1896//1896
f 1899//1899 1896//1896 1898//1898
f 1900//1900 1903//1903 1901//1901
f 1901//1901 1902//1902 1900//1900
f 1903//1903 1904//1904 1901//1901
f 1906//1906 1908//1908 1907//1907
f 1906//1906 1907//1907 1905//1905
f 1910//1910 1911//1911 1909//1909
f 1912//1912 1909//1909 1911//1911
f 1912//1912 1911//1911 1913//1913
f 1914//1914 1913//1913 1911//1911
f 1914//1914 1911//1911 1915//1915
f 1915//1915 1917//1917 1914//1914
f 1914//1914 1917//1917 1916//1916
f 1917//1917 1915//1915 1918//1918
f 1919//1919 1917//1917 1918//1918
f 1919//1919 1918//1918 1921//1921
f 1920//1920 1916//1916 1917//1917
f 1920//1920 1917//1917 1919//1919
f 1923//1923 1920//1920 1919//1919
f 1923//1923 1919//1919 1922//1922
f 1921//1921 1922//1922 1919//1919
f 1922//1922 1921//1921 1926//1926
f 1922//1922 1926//1926 1924//1924
f 1924//1924 1926//1926 1925//1925
f 1921//1921 1918//1918 1927//1927
f 1921//1921 1927//1927 1926//1926
f 1926//1926 1927//1927 1928//1928
f 1926//1926 1928//1928 1925//1925
f 1915//1915 1927//1927 1918//1918
f 1927//1927 1929//1929 1928//1928
f 1929//1929 1927//1927 1915//1915
f 1915//1915 1911//1911 1910//1910
f 1915//1915 1910//1910 1929//1929
f 1930//1930 1931//1931 1933//1933
f 1931//1931 1930//1930 1932//1932
f 1934//1934 1933//1933 1931//1931
f 1935//1935 1937//1937 1938//1938
f 1935//1935 1938//1938 1936//1936
f 1940//1940 1942//1942 1941//1941
f 1940//1940 1941//1941 1939//1939
f 1944//1944 1946//1946 1943//1943
f 1944//1944 1943//1943 1945//1945
f 1946//1946 1944//1944 1947//1947
f 1948//1948 1947//1947 1944//1944
f 1948//1948 1944//1944 1949//1949
f 1950//1950 1948//1948 1949//1949
f 1950//1950 1949//1949 1951//1951
f 1952//1952 1950//1950 1951//1951
f 1953//1953 1952//1952 1951//1951
f 1951//1951 1954//1954 1953//1953
f 1951//1951 1949//1949 1955//1955
f 1951//1951 1955//1955 1954//1954
f 1949//1949 1944//1944 1945//1945
f 1949//1949 1945//1945 1955//1955
f 1957//1957 1959//1959 1958//1958
f 1957//1957 1958//1958 1956//1956
f 1961//1961 1960//1960 1962//1962
f 1962//1962 1963//1963 1961//1961
f 1963//1963 1964//1964 1961//1961
f 1966//1966 1968//1968 1967//1967
f 1966//1966 1967//1967 1965//1965
f 1970//1970 1971//1971 1969//1969
f 1972//1972 1969//1969 1971//1971
f 1972//1972 1971//1971 1973//1973
f 1974//1974 1973//1973 1971//1971
f 1974//1974 1971//1971 1975//1975
f 1975//1975 1977//1977 1974//1974
f 1974//1974 1977//1977 1976//1976
f 1977//1977 1975//1975 1979//1979
f 1989//1989 1976//1976 1977//1977
f 1989//1989 1977//1977 1978//1978
f 1978//1978 1977//1977 1979//1979
f 1978//1978 1979//1979 1980//1980
f 1975//1975 1981//1981 1979//1979
f 1980//1980 1979//1979 1981//1981
f 1980//1980 1981//1981 1983//1983
f 1982//1982 1981//1981 1975//1975
f 1981//1981 1982//1982 1984//1984
f 1983//1983 1981//1981 1984//1984
f 1983//1983 1984//1984 1985//1985
f 1986//1986 1983//1983 1985//1985
f 1987//1987 1983//1983 1986//1986
f 1983//1983 1987//1987 1980//1980
f 1980//1980 1987//1987 1978//1978
f 1988//1988 1978//1978 1987//1987
f 1978//1978 1988//1988 1989//1989
f 1975//1975 1971//1971 1970//1970
f 1975//1975 1970//1970 1982//1982
f 1991//1991 1992//1992 1990//1990
f 1992//1992 1991//1991 1993//1993
f 1994//1994 1993//1993 1991//1991
f 1996//1996 1995//1995 1997//1997
f 1997//1997 1998//1998 1996//1996
f 1998//1998 1999//1999 1996//1996
f 2001//2001 2003//2003 2002//2002
f 2001//2001 2002//2002 2000//2000
f 2005//2005 2006//2006 2004//2004
f 2007//2007 2004//2004 2006//2006
f 2007//2007 2006//2006 2008//2008
f 2009//2009 2008//2008 2006//2006
f 2009//2009 2006//2006 2010//2010
f 2010//2010 2012//2012 2009//2009
f 2009//2009 2012//2012 2011//2011
f 2015//2015 2011//2011 2012//2012
f 2015//2015 2012//2012 2014//2014
f 2012//2012 2010//2010 2013//2013
f 2014//2014 2012//2012 2013//2013
f 2014//2014 2013//2013 2016//2016
f 2018//2018 2015//2015 2014//2014
f 2018//2018 2014//2014 2017//2017
f 2016//2016 2017//2017 2014//2014
f 2017//2017 2016//2016 2021//2021
f 2017//2017 2021//2021 2019//2019
f 2019//2019 2021//2021 2020//2020
f 2016//2016 2013//2013 2022//2022
f 2016//2016 2022//2022 2021//2021
f 2021//2021 2022//2022 2023//2023
f 2021//2021 2023//2023 2020//2020
f 2022//2022 2024//2024 2023//2023
f 2010//2010 2022//2022 2013//2013
f 2024//2024 2022//2022 2010//2010
f 2010//2010 2006//2006 2005//2005
f 2010//2010 2005//2005 2024//2024
f 2026//2026 2028//2028 2027//2027
f 2026//2026 2027//2027 2025//2025
f 2030//2030 2031//2031 2029//2029
f 2031//2031 2030//2030 2032//2032
f 2032//2032 2030//2030 2033//2033
f 2034//2034 2036//2036 2037//2037
f 2034//2034 2037//2037 2035//2035
f 2039//2039 2040//2040 2038//2038
f 2041//2041 2038//2038 2040//2040
f 2041//2041 2040//2040 2042//2042
f 2043//2043 2042//2042 2040//2040
f 2043//2043 2040//2040 2044//2044
f 2044//2044 2046//2046 2045//2045
f 2044//2044 2045//2045 2043//2043
f 2046//2046 2048//2048 2045//2045
f 2045//2045 2048//2048 2047//2047
f 2060//2060 2047//2047 2048//2048
f 2060//2060 2048//2048 2049//2049
f 2049//2049 2048//2048 2050//2050
f 2049//2049 2050//2050 2051//2051
f 2048//2048 2046//2046 2050//2050
f 2046//2046 2052//2052 2050//2050
f 2051//2051 2050//2050 2052//2052
f 2051//2051 2052//2052 2054//2054
f 2053//2053 2052//2052 2046//2046
f 2052//2052 2053//2053 2055//2055
f 2054//2054 2052//2052 2055//2055
f 2054//2054 2055//2055 2056//2056
f 2057//2057 2054//2054 2056//2056
f 2058//2058 2051//2051 2054//2054
f 2058//2058 2054//2054 2057//2057
f 2051//2051 2058//2058 2049//2049
f 2059//2059 2060//2060 2049//2049
f 2059//2059 2049//2049 2058//2058
f 2046//2046 2044//2044 2061//2061
f 2046//2046 2061//2061 2053//2053
f 2044//2044 2040//2040 2039//2039
f 2044//2044 2039//2039 2061//2061
f 2065//2065 2062//2062 2063//2063
f 2063//2063 2062//2062 2064//2064
f 2065//2065 2063//2063 2066//2066
f 2066//2066 2067//2067 2065//2065
f 2068//2068 2065//2065 2067//2067
f 2069//2069 2068//2068 2067//2067
f 2070//2070 2069//2069 2067//2067
f 2070//2070 2067//2067 2071//2071
f 2071//2071 2072//2072 2070//2070
f 2072//2072 2071//2071 2073//2073
f 2074//2074 2072//2072 2073//2073
f 2074//2074 2073//2073 2076//2076
f 2076//2076 2075//2075 2074//2074
f 2077//2077 2075//2075 2076//2076
f 2076//2076 2078//2078 2077//2077
f 2076//2076 2073//2073 2079//2079
f 2076//2076 2079//2079 2078//2078
f 2079//2079 2081//2081 2080//2080
f 2073//2073 2081//2081 2079//2079
f 2081//2081 2063//2063 2064//2064
f 2081//2081 2064//2064 2080//2080
f 2082//2082 2066//2066 2063//2063
f 2082//2082 2063//2063 2081//2081
f 2081//2081 2073//2073 2082//2082
f 2071//2071 2067//2067 2066//2066
f 2071//2071 2066//2066 2082//2082
f 2073//2073 2071//2071 2082//2082
f 2083//2083 2086//2086 2084//2084
f 2084//2084 2085//2085 2083//2083
f 2087//2087 2084//2084 2086//2086
f 2089//2089 2090//2090 2088//2088
f 2092//2092 2090//2090 2089//2089
f 2090//2090 2092//2092 2091//2091
f 2094//2094 2093//2093 2095//2095
f 2094//2094 2095//2095 2096//2096
f 2098//2098 2100//2100 2097//2097
f 2098//2098 2097//2097 2099//2099
f 2100//2100 2098//2098 2101//2101
f 2102//2102 2101//2101 2098//2098
f 2102//2102 2098//2098 2103//2103
f 2103//2103 2105//2105 2104//2104
f 2103//2103 2104//2104 2102//2102
f 2106//2106 2104//2104 2105//2105
f 2106//2106 2105//2105 2108//2108
f 2107//2107 2106//2106 2108//2108
f 2108//2108 2105//2105 2111//2111
f 2108//2108 2111//2111 2110//2110
f 2109//2109 2107//2107 2108//2108
f 2108//2108 2110//2110 2109//2109
f 2105//2105 2103//2103 2112//2112
f 2105//2105 2112//2112 2111//2111
f 2103//2103 2098//2098 2099//2099
f 2103//2103 2099//2099 2112//2112
f 2113//2113 2115//2115 2114//2114
f 2116//2116 2115//2115 2113//2113
f 2118//2118 2116//2116 2113//2113
f 2118//2118 2113//2113 2117//2117
f 2118//2118 2117//2117 2119//2119
f 2119//2119 2120//2120 2118//2118
f 2118//2118 2120//2120 2121//2121
f 2121//2121 2122//2122 2116//2116
f 2121//2121 2116//2116 2118//2118
f 2122//2122 2123//2123 2116//2116
f 2123//2123 2122//2122 2124//2124
f 2124//2124 2125//2125 2126//2126
f 2124//2124 2126//2126 2123//2123
f 2125//2125 2127//2127 2126//2126
f 2127//2127 2128//2128 2126//2126
f 2128//2128 2129//2129 2130//2130
f 2128//2128 2130//2130 2131//2131
f 2131//2131 2126//2126 2128//2128
f 2132//2132 2131//2131 2130//2130
f 2132//2132 2130//2130 2115//2115
f 2123//2123 2126//2126 2131//2131
f 2123//2123 2131//2131 2132//2132
f 2115//2115 2116//2116 2132//2132
f 2116//2116 2123//2123 2132//2132
f 2115//2115 2130//2130 2133//2133
f 2115//2115 2133//2133 2114//2114
f 2130//2130 2129//2129 2133//2133
f 2134//2134 2136//2136 2137//2137
f 2134//2134 2137//2137 2135//2135
f 2141//2141 2138//2138 2139//2139
f 2139//2139 2138//2138 2140//2140
f 2140//2140 2138//2138 2142//2142
f 2143//2143 2148//2148 2142//2142
f 2143//2143 2142//2142 2144//2144
f 2147//2147 2145//2145 2142//2142
f 2145//2145 2146//2146 2142//2142
f 2146//2146 2140//2140 2142//2142
f 2148//2148 2147//2147 2142//2142
f 2153//2153 2144//2144 2149//2149
f 2144//2144 2150//2150 2149//2149
f 2151//2151 2150//2150 2144//2144
f 2154//2154 2144//2144 2152//2152
f 2144//2144 2153//2153 2152//2152
f 2144//2144 2154//2154 2155//2155
f 2144//2144 2158//2158 2143//2143
f 2155//2155 2156//2156 2144//2144
f 2156//2156 2157//2157 2144//2144
f 2144//2144 2157//2157 2158//2158
f 2155//2155 2154//2154 2159//2159
f 2155//2155 2159//2159 2160//2160
f 2154//2154 2161//2161 2159//2159
f 2164//2164 2151//2151 2162//2162
f 2151//2151 2163//2163 2162//2162
f 2165//2165 2163//2163 2151//2151
f 2164//2164 2167//2167 2151//2151
f 2166//2166 2150//2150 2151//2151
f 2166//2166 2151//2151 2167//2167
f 2163//2163 2165//2165 2168//2168
f 2169//2169 2168//2168 2165//2165
f 2168//2168 2169//2169 2170//2170
f 2169//2169 2171//2171 2170//2170
f 2174//2174 2171//2171 2172//2172
f 2171//2171 2173//2173 2172//2172
f 2174//2174 2170//2170 2171//2171
f 2176//2176 2174//2174 2175//2175
f 2172//2172 2175//2175 2174//2174
f 2175//2175 2177//2177 2176//2176
f 2178//2178 2177//2177 2175//2175
f 2177//2177 2178//2178 2179//2179
f 2180//2180 2179//2179 2181//2181
f 2181//2181 2179//2179 2178//2178
f 2181//2181 2182//2182 2180//2180
f 2181//2181 2183//2183 2182//2182
f 2183//2183 2181//2181 2184//2184
f 2186//2186 2183//2183 2184//2184
f 2185//2185 2186//2186 2184//2184
f 2187//2187 2186//2186 2185//2185
f 2187//2187 2185//2185 2188//2188
f 2188//2188 2185//2185 2189//2189
f 2190//2190 2189//2189 2185//2185
f 2192//2192 2191//2191 2190//2190
f 2185//2185 2192//2192 2190//2190
f 2193//2193 2192//2192 2185//2185
f 2192//2192 2194//2194 2191//2191
f 2194//2194 2195//2195 2191//2191
f 2194//2194 2196//2196 2195//2195
f 2197//2197 2196//2196 2194//2194
f 2198//2198 2191//2191 2195//2195
f 2199//2199 2191//2191 2198//2198
f 2185//2185 2200//2200 2193//2193
f 2185//2185 2201//2201 2200//2200
f 2185//2185 2202//2202 2201//2201
f 2204//2204 2202//2202 2185//2185
f 2203//2203 2202//2202 2204//2204
f 2203//2203 2204//2204 2205//2205
f 2209//2209 2205//2205 2206//2206
f 2206//2206 2205//2205 2207//2207
f 2208//2208 2207//2207 2205//2205
f 2209//2209 2203//2203 2205//2205
f 2207//2207 2208//2208 2210//2210
f 2208//2208 2211//2211 2210//2210
f 2208//2208 2212//2212 2211//2211
f 2213//2213 2215//2215 2211//2211
f 2211//2211 2214//2214 2213//2213
f 2210//2210 2211//2211 2215//2215
f 2216//2216 2213//2213 2214//2214
f 2216//2216 2214//2214 2217//2217
f 2213//2213 2216//2216 2218//2218
f 2218//2218 2216//2216 2219//2219
f 2220//2220 2218//2218 2219//2219
f 2220//2220 2219//2219 2221//2221
f 2221//2221 2222//2222 2220//2220
f 2223//2223 2222//2222 2221//2221
f 2222//2222 2223//2223 2224//2224
f 2224//2224 2223//2223 2227//2227
f 2223//2223 2225//2225 2229//2229
f 2223//2223 2226//2226 2225//2225
f 2223//2223 2228//2228 2227//2227
f 2229//2229 2228//2228 2223//2223
f 2230//2230 2226//2226 2233//2233
f 2230//2230 2231//2231 2226//2226
f 2226//2226 2231//2231 2225//2225
f 2232//2232 2226//2226 2237//2237
f 2232//2232 2233//2233 2226//2226
f 2234//2234 2235//2235 2226//2226
f 2235//2235 2238//2238 2226//2226
f 2236//2236 2226//2226 2239//2239
f 2236//2236 2237//2237 2226//2226
f 2238//2238 2239//2239 2226//2226
f 2240//2240 2241//2241 2237//2237
f 2232//2232 2237//2237 2241//2241
f 2241//2241 2242//2242 2232//2232
f 2243//2243 2235//2235 2234//2234
f 2243//2243 2234//2234 2244//2244
f 2245//2245 2244//2244 2234//2234
f 2246//2246 2245//2245 2234//2234
f 2234//2234 2247//2247 2246//2246
f 2247//2247 2234//2234 2248//2248
f 2249//2249 2247//2247 2248//2248
f 2249//2249 2248//2248 2251//2251
f 2249//2249 2251//2251 2250//2250
f 2251//2251 2252//2252 2250//2250
f 2250//2250 2252//2252 2253//2253
f 2253//2253 2252//2252 2254//2254
f 2255//2255 2254//2254 2252//2252
f 2256//2256 2253//2253 2254//2254
f 2256//2256 2257//2257 2253//2253
f 2257//2257 2256//2256 2258//2258
f 2258//2258 2256//2256 2259//2259
f 2260//2260 2259//2259 2256//2256
f 2259//2259 2261//2261 2258//2258
f 2261//2261 2259//2259 2262//2262
f 2262//2262 2263//2263 2266//2266
f 2263//2263 2262//2262 2264//2264
f 2265//2265 2261//2261 2262//2262
f 2262//2262 2266//2266 2265//2265
f 2263//2263 2264//2264 2267//2267
f 2268//2268 2267//2267 2264//2264
f 2267//2267 2268//2268 2269//2269
f 2269//2269 2268//2268 2270//2270
f 2268//2268 2271//2271 2270//2270
f 2268//2268 2272//2272 2271//2271
f 2268//2268 2273//2273 2272//2272
f 2273//2273 2268//2268 2274//2274
f 2275//2275 2274//2274 2268//2268
f 2268//2268 2276//2276 2275//2275
f 2268//2268 2277//2277 2276//2276
f 2277//2277 2268//2268 2278//2278
f 2277//2277 2278//2278 2279//2279
f 2279//2279 2278//2278 2280//2280
f 2280//2280 2281//2281 2284//2284
f 2281//2281 2280//2280 2282//2282
f 2280//2280 2283//2283 2279//2279
f 2284//2284 2283//2283 2280//2280
f 2287//2287 2282//2282 2285//2285
f 2285//2285 2282//2282 2286//2286
f 2282//2282 2287//2287 2281//2281
f 2287//2287 2285//2285 2288//2288
f 2285//2285 2289//2289 2288//2288
f 2290//2290 2289//2289 2285//2285
f 2292//2292 2289//2289 2290//2290
f 2291//2291 2289//2289 2292//2292
f 2290//2290 2293//2293 2292//2292
f 2291//2291 2292//2292 2294//2294
f 2291//2291 2294//2294 2295//2295
f 2294//2294 2296//2296 2295//2295
f 2297//2297 2295//2295 2296//2296
f 2296//2296 2298//2298 2297//2297
f 2299//2299 2298//2298 2300//2300
f 2299//2299 2297//2297 2298//2298
f 2298//2298 2301//2301 2300//2300
f 2301//2301 2298//2298 2302//2302
f 2302//2302 2298//2298 2303//2303
f 2304//2304 2303//2303 2298//2298
f 2305//2305 2303//2303 2304//2304
f 2304//2304 2306//2306 2305//2305
f 2304//2304 2307//2307 2306//2306
f 2307//2307 2304//2304 2308//2308
f 2309//2309 2308//2308 2304//2304
f 2309//2309 2304//2304 2310//2310
f 2313//2313 2310//2310 2304//2304
f 2311//2311 2314//2314 2304//2304
f 2311//2311 2304//2304 2312//2312
f 2304//2304 2314//2314 2313//2313
f 2311//2311 2312//2312 2315//2315
f 2315//2315 2312//2312 2316//2316
f 2316//2316 2312//2312 2318//2318
f 2317//2317 2312//2312 2319//2319
f 2317//2317 2318//2318 2312//2312
f 2320//2320 2319//2319 2312//2312
f 2321//2321 2319//2319 2320//2320
f 2320//2320 2322//2322 2321//2321
f 2322//2322 2323//2323 2321//2321
f 2323//2323 2322//2322 2324//2324
f 2324//2324 2327//2327 2325//2325
f 2325//2325 2323//2323 2324//2324
f 2326//2326 2327//2327 2324//2324
f 2328//2328 2325//2325 2327//2327
f 2329//2329 2325//2325 2328//2328
f 2328//2328 2330//2330 2329//2329
f 2331//2331 2330//2330 2328//2328
f 2331//2331 2328//2328 2332//2332
f 2330//2330 2331//2331 2333//2333
f 2331//2331 2334//2334 2333//2333
f 2337//2337 2334//2334 2335//2335
f 2334//2334 2336//2336 2335//2335
f 2336//2336 2334//2334 2338//2338
f 2334//2334 2337//2337 2333//2333
f 2338//2338 2339//2339 2336//2336
f 2338//2338 2340//2340 2339//2339
f 2339//2339 2340//2340 2341//2341
f 2341//2341 2340//2340 2342//2342
f 2342//2342 2340//2340 2343//2343
f 2340//2340 2344//2344 2343//2343
f 2345//2345 2344//2344 2340//2340
f 2340//2340 2346//2346 2345//2345
f 2347//2347 2346//2346 2340//2340
f 2340//2340 2348//2348 2347//2347
f 2340//2340 2349//2349 2348//2348
f 2349//2349 2340//2340 2350//2350
f 2350//2350 2351//2351 2349//2349
f 2351//2351 2350//2350 2352//2352
f 2352//2352 2353//2353 2351//2351
f 2354//2354 2353//2353 2352//2352
f 2355//2355 2354//2354 2352//2352
f 2355//2355 2352//2352 2356//2356
f 2359//2359 2357//2357 2356//2356
f 2357//2357 2358//2358 2356//2356
f 2355//2355 2356//2356 2358//2358
f 2360//2360 2358//2358 2357//2357
f 2357//2357 2361//2361 2360//2360
f 2362//2362 2361//2361 2364//2364
f 2361//2361 2357//2357 2363//2363
f 2363//2363 2364//2364 2361//2361
f 2365//2365 2364//2364 2363//2363
f 2366//2366 2362//2362 2364//2364
f 2366//2366 2367//2367 2362//2362
f 2367//2367 2366//2366 2368//2368
f 2368//2368 2369//2369 2367//2367
f 2370//2370 2369//2369 2368//2368
f 2370//2370 2371//2371 2376//2376
f 2370//2370 2372//2372 2371//2371
f 2370//2370 2373//2373 2372//2372
f 2370//2370 2374//2374 2373//2373
f 2370//2370 2375//2375 2374//2374
f 2376//2376 2369//2369 2370//2370
f 2375//2375 2377//2377 2382//2382
f 2375//2375 2378//2378 2377//2377
f 2378//2378 2375//2375 2379//2379
f 2379//2379 2375//2375 2380//2380
f 2380//2380 2375//2375 2381//2381
f 2384//2384 2381//2381 2375//2375
f 2375//2375 2382//2382 2385//2385
f 2375//2375 2383//2383 2374//2374
f 2375//2375 2386//2386 2383//2383
f 2385//2385 2386//2386 2375//2375
f 2391//2391 2384//2384 2387//2387
f 2387//2387 2384//2384 2388//2388
f 2388//2388 2384//2384 2389//2389
f 2384//2384 2392//2392 2389//2389
f 2384//2384 2390//2390 2381//2381
f 2390//2390 2384//2384 2391//2391
f 2389//2389 2392//2392 2393//2393
f 2393//2393 2392//2392 2394//2394
f 2395//2395 2393//2393 2394//2394
f 2394//2394 2396//2396 2395//2395
f 2396//2396 2397//2397 2395//2395
f 2396//2396 2398//2398 2397//2397
f 2398//2398 2396//2396 2399//2399
f 2398//2398 2400//2400 2397//2397
f 2403//2403 2400//2400 2401//2401
f 2400//2400 2402//2402 2401//2401
f 2403//2403 2404//2404 2400//2400
f 2404//2404 2397//2397 2400//2400
f 2403//2403 2401//2401 2405//2405
f 2406//2406 2405//2405 2401//2401
f 2406//2406 2407//2407 2405//2405
f 2406//2406 2408//2408 2407//2407
f 2406//2406 2409//2409 2408//2408
f 2411//2411 2410//2410 2409//2409
f 2406//2406 2411//2411 2409//2409
f 2410//2410 2411//2411 2412//2412
f 2413//2413 2420//2420 2412//2412
f 2413//2413 2412//2412 2414//2414
f 2414//2414 2412//2412 2415//2415
f 2412//2412 2416//2416 2415//2415
f 2417//2417 2416//2416 2412//2412
f 2418//2418 2417//2417 2412//2412
f 2419//2419 2418//2418 2412//2412
f 2412//2412 2420//2420 2421//2421
f 2412//2412 2421//2421 2422//2422
f 2422//2422 2410//2410 2412//2412
f 2419//2419 2423//2423 2418//2418
f 2423//2423 2419//2419 2424//2424
f 2424//2424 2425//2425 2427//2427
f 2424//2424 2426//2426 2425//2425
f 2428//2428 2426//2426 2424//2424
f 2424//2424 2427//2427 2423//2423
f 2428//2428 2429//2429 2426//2426
f 2428//2428 2430//2430 2429//2429
f 2431//2431 2430//2430 2428//2428
f 2430//2430 2432//2432 2434//2434
f 2432//2432 2430//2430 2433//2433
f 2434//2434 2429//2429 2430//2430
f 2433//2433 2435//2435 2432//2432
f 2436//2436 2435//2435 2433//2433
f 2437//2437 2432//2432 2435//2435
f 2437//2437 2435//2435 2141//2141
f 2139//2139 2437//2437 2141//2141
f 2438//2438 2413//2413 2414//2414
f 2413//2413 2438//2438 2442//2442
f 2439//2439 2442//2442 2438//2438
f 2438//2438 2440//2440 2439//2439
f 2441//2441 2440//2440 2438//2438
f 2439//2439 2443//2443 2442//2442
f 2442//2442 2443//2443 2444//2444
f 2382//2382 2446//2446 2445//2445
f 2377//2377 2446//2446 2382//2382
f 2446//2446 2377//2377 2447//2447
f 2448//2448 2344//2344 2345//2345
f 2344//2344 2448//2448 2449//2449
f 2449//2449 2448//2448 2450//2450
f 2448//2448 2451//2451 2450//2450
f 2452//2452 2451//2451 2448//2448
f 2453//2453 2449//2449 2450//2450
f 2449//2449 2453//2453 2454//2454
f 2308//2308 2309//2309 2455//2455
f 2309//2309 2456//2456 2455//2455
f 2457//2457 2308//2308 2455//2455
f 2272//2272 2273//2273 2458//2458
f 2458//2458 2273//2273 2459//2459
f 2459//2459 2460//2460 2458//2458
f 2459//2459 2461//2461 2460//2460
f 2462//2462 2461//2461 2459//2459
f 2458//2458 2460//2460 2463//2463
f 2464//2464 2458//2458 2463//2463
f 2175//2175 2465//2465 2178//2178
