# joint_11 exported from /models/guards/joint_11.glb
# units: meters
v -0.012632 0.001000 0.023267
v -0.059091 0.001000 0.014118
v -0.055526 0.001000 0.014356
v -0.019354 0.001000 0.021029
v -0.018632 0.001000 0.021019
v -0.017911 0.001000 0.021008
v -0.017190 0.001000 0.020997
v -0.015026 0.001000 0.020965
v -0.012698 0.001000 0.018863
v -0.016468 0.001000 0.020986
v -0.016479 0.001000 0.020265
v -0.015047 0.001000 0.019522
v -0.016490 0.001000 0.019544
v -0.017200 0.001000 0.020276
v -0.017696 0.001000 0.019720
v -0.017337 0.001000 0.019543
v -0.017922 0.001000 0.020287
v -0.018643 0.001000 0.020297
v -0.018097 0.001000 0.019726
v -0.052663 0.001000 0.012871
v -0.054972 0.001000 0.012085
v -0.019364 0.001000 0.020308
v -0.052641 0.001000 0.014313
v -0.054084 0.001000 0.014335
v -0.054105 0.001000 0.012892
v -0.054827 0.001000 0.012903
v -0.055548 0.001000 0.012914
v -0.055559 0.001000 0.012193
v -0.055607 0.001000 0.011593
v -0.055346 0.001000 0.011913
v -0.056280 0.001000 0.012203
v -0.056269 0.001000 0.012925
v -0.057001 0.001000 0.012214
v -0.056291 0.001000 0.011482
v -0.055700 0.001000 0.011192
v -0.056302 0.001000 0.010761
v -0.057012 0.001000 0.011493
v -0.058455 0.001000 0.011515
v -0.057023 0.001000 0.010772
v -0.057034 0.001000 0.010050
v -0.058476 0.001000 0.010072
v -0.060130 0.001000 0.012569
v -0.058498 0.001000 0.008629
v -0.057055 0.001000 0.008608
v -0.055634 0.001000 0.007144
v -0.055656 0.001000 0.005701
v -0.056399 0.001000 0.004269
v -0.056705 0.001000 0.003605
v -0.056410 0.001000 0.003548
v -0.056557 0.001000 0.003184
v -0.056225 0.001000 0.002847
v -0.055688 0.001000 0.003537
v -0.055769 0.001000 0.002686
v -0.055301 0.001000 0.002718
v -0.054235 0.001000 0.004237
v -0.052792 0.001000 0.004215
v -0.020947 0.001000 0.010953
v -0.019505 0.001000 0.010931
v -0.018062 0.001000 0.010910
v 0.009282 0.001000 0.016723
v -0.006478 0.001000 0.013622
v 0.005106 0.001000 0.016335
v 0.012524 0.001000 0.016546
v 0.005149 0.001000 0.019220
v 0.005127 0.001000 0.017777
v 0.003685 0.001000 0.017799
v 0.002242 0.001000 0.017820
v 0.002253 0.001000 0.018542
v 0.003706 0.001000 0.019241
v 0.003663 0.001000 0.016356
v 0.002221 0.001000 0.016378
v 0.001521 0.001000 0.017831
v 0.000778 0.001000 0.016399
v 0.000799 0.001000 0.017842
v 0.000078 0.001000 0.017853
v -0.000665 0.001000 0.016421
v -0.000643 0.001000 0.017863
v -0.002107 0.001000 0.016442
v -0.002086 0.001000 0.017885
v -0.003550 0.001000 0.016464
v -0.006435 0.001000 0.016507
v -0.003528 0.001000 0.017907
v -0.003507 0.001000 0.019349
v -0.006392 0.001000 0.019393
v -0.003485 0.001000 0.020792
v -0.009277 0.001000 0.019436
v -0.006349 0.001000 0.022278
v -0.003442 0.001000 0.023677
v -0.010657 0.001000 0.023626
v -0.009234 0.001000 0.022321
v -0.003463 0.001000 0.022235
v -0.002021 0.001000 0.022213
v -0.002010 0.001000 0.022934
v -0.001999 0.001000 0.023655
v -0.001289 0.001000 0.022923
v -0.000562 0.001000 0.023273
v -0.000573 0.001000 0.022552
v -0.001278 0.001000 0.023645
v -0.000567 0.001000 0.022913
v -0.001299 0.001000 0.022202
v -0.000578 0.001000 0.022191
v -0.002042 0.001000 0.020770
v -0.000589 0.001000 0.021470
v -0.000600 0.001000 0.020749
v -0.000192 0.001000 0.022423
v 0.000121 0.001000 0.020738
v 0.000900 0.001000 0.019566
v 0.000111 0.001000 0.020017
v 0.000100 0.001000 0.019295
v -0.000611 0.001000 0.020027
v -0.000621 0.001000 0.019306
v -0.002064 0.001000 0.019328
v -0.000632 0.001000 0.018585
v 0.000089 0.001000 0.018574
v 0.000816 0.001000 0.018924
v 0.000810 0.001000 0.018563
v 0.001171 0.001000 0.018558
v 0.001176 0.001000 0.018918
v 0.001532 0.001000 0.018552
v 0.001537 0.001000 0.018913
v 0.001347 0.001000 0.019283
v 0.001198 0.001000 0.019273
v 0.019958 0.001000 0.021505
v 0.020854 0.001000 0.021456
v 0.021039 0.001000 0.020425
v 0.019596 0.001000 0.020446
v 0.019575 0.001000 0.019004
v 0.016908 0.001000 0.012030
v 0.021017 0.001000 0.018982
v 0.015289 0.001000 0.014845
v 0.022086 0.001000 0.019312
v 0.019359 0.001000 0.004578
v 0.019322 0.001000 0.000797
v 0.019337 0.001000 0.003135
v 0.022064 0.001000 0.020209
v 0.021617 0.001000 0.020986
v 0.017895 0.001000 0.003157
v 0.018594 0.001000 0.001703
v 0.017873 0.001000 0.001714
v 0.018584 0.001000 0.000982
v 0.019307 0.001000 0.000649
v 0.017862 0.001000 0.000993
v 0.018573 0.001000 0.000261
v 0.019294 0.001000 0.000250
v 0.017830 0.001000 -0.001171
v 0.017852 0.001000 0.000272
v 0.019283 0.001000 -0.000471
v 0.019272 0.001000 -0.001193
v 0.019591 0.001000 0.000343
v 0.020005 0.001000 -0.000482
v 0.020726 0.001000 -0.000493
v 0.019994 0.001000 -0.001203
v 0.019251 0.001000 -0.002635
v 0.020693 0.001000 -0.002657
v 0.020715 0.001000 -0.001214
v 0.021436 0.001000 -0.001225
v 0.022158 0.001000 -0.001236
v 0.022147 0.001000 -0.001957
v 0.022401 0.001000 -0.000856
v 0.022559 0.001000 -0.000862
v 0.022518 0.001000 -0.001241
v 0.022879 0.001000 -0.001247
v 0.022868 0.001000 -0.001968
v 0.023240 0.001000 -0.001252
v 0.023589 0.001000 -0.001979
v 0.022857 0.001000 -0.002689
v 0.022136 0.001000 -0.002678
v 0.022114 0.001000 -0.004121
v 0.023557 0.001000 -0.004143
v 0.023579 0.001000 -0.002700
v 0.025021 0.001000 -0.002721
v 0.025043 0.001000 -0.001279
v 0.024322 0.001000 -0.001268
v 0.023288 0.001000 -0.011495
v 0.031025 0.001000 0.022408
v 0.025054 0.001000 -0.000558
v 0.023643 0.001000 0.001628
v 0.025086 0.001000 0.001606
v 0.025064 0.001000 0.000164
v 0.027234 0.001000 0.024308
v 0.030946 0.001000 0.025654
v 0.028338 0.001000 0.026087
v 0.028360 0.001000 0.027530
v 0.029328 0.001000 0.028469
v 0.026563 0.001000 0.030171
v 0.023320 0.001000 0.030347
v 0.025106 0.001000 0.026501
v 0.026917 0.001000 0.027551
v 0.026002 0.001000 0.026452
v 0.026765 0.001000 0.025982
v 0.027212 0.001000 0.025205
v 0.000139 0.001000 0.022917
v 0.002329 0.001000 0.023591
v 0.000897 0.001000 0.024334
v 0.000886 0.001000 0.023612
v 0.002350 0.001000 0.025033
v 0.000908 0.001000 0.025055
v 0.000186 0.001000 0.025066
v -0.000535 0.001000 0.025076
v 0.000175 0.001000 0.024344
v -0.000546 0.001000 0.024355
v -0.000196 0.001000 0.023628
v 0.000165 0.001000 0.023623
v 0.000159 0.001000 0.023262
v -0.000007 0.001000 0.022858
v -0.000201 0.001000 0.023268
v -0.000207 0.001000 0.022907
v -0.000193 0.001000 0.022581
v -0.000128 0.001000 0.022739
v -0.000557 0.001000 0.023634
v -0.001978 0.001000 0.025098
v 0.022905 0.001000 -0.000540
v 0.022841 0.001000 -0.000684
v 0.023250 0.001000 -0.000531
v 0.023622 0.001000 0.000185
v 0.024343 0.001000 0.000174
v 0.023611 0.001000 -0.000536
v 0.023606 0.001000 -0.000897
v 0.024332 0.001000 -0.000547
v 0.023600 0.001000 -0.001257
v 0.023245 0.001000 -0.000891
v 0.022884 0.001000 -0.000886
v 0.022718 0.001000 -0.000803
v 0.018495 0.001000 -0.011423
v 0.022028 0.001000 -0.009891
v 0.022071 0.001000 -0.007006
v 0.019186 0.001000 -0.006963
v 0.020672 0.001000 -0.004099
v 0.019229 0.001000 -0.004078
v 0.016344 0.001000 -0.004035
v 0.013373 0.001000 -0.009762
v 0.016387 0.001000 -0.001149
v 0.016258 0.001000 -0.009805
v 0.019143 0.001000 -0.009848
v 0.016214 0.001000 -0.012690
v 0.016171 0.001000 -0.015575
v 0.013329 0.001000 -0.012647
v 0.014729 0.001000 -0.015554
v 0.017614 0.001000 -0.015597
v 0.018466 0.001000 -0.013351
v 0.019056 0.001000 -0.015619
v 0.022870 0.001000 -0.013435
v 0.020499 0.001000 -0.015640
v 0.020477 0.001000 -0.017083
v 0.018888 0.001000 -0.018359
v 0.020434 0.001000 -0.019968
v 0.019035 0.001000 -0.017061
v 0.018415 0.001000 -0.017737
v 0.018722 0.001000 -0.017995
v 0.018314 0.001000 -0.017050
v 0.018028 0.001000 -0.017634
v 0.017592 0.001000 -0.017039
v 0.016150 0.001000 -0.017018
v 0.014707 0.001000 -0.016996
v 0.013603 0.001000 -0.017468
v 0.013301 0.001000 -0.017508
v 0.013265 0.001000 -0.016975
v 0.013986 0.001000 -0.016985
v 0.013286 0.001000 -0.015532
v 0.012543 0.001000 -0.016964
v 0.011843 0.001000 -0.015510
v 0.010358 0.001000 -0.018374
v 0.011822 0.001000 -0.016953
v 0.011811 0.001000 -0.017674
v 0.011800 0.001000 -0.018396
v 0.012532 0.001000 -0.017685
v 0.013013 0.001000 -0.017656
v 0.012678 0.001000 -0.018177
v 0.012794 0.001000 -0.017895
v 0.004679 0.001000 -0.053038
v 0.011779 0.001000 -0.019838
v 0.011757 0.001000 -0.021281
v 0.010315 0.001000 -0.021259
v 0.002626 0.001000 -0.052888
v 0.010336 0.001000 -0.019817
v 0.004069 0.001000 -0.052910
v 0.001095 0.001000 -0.055284
v 0.016987 0.001000 0.008784
v 0.001050 0.001000 -0.055749
v 0.001862 0.001000 -0.055763
v 0.002605 0.001000 -0.054331
v 0.004047 0.001000 -0.054352
v 0.002583 0.001000 -0.055773
v 0.004058 0.001000 -0.053631
v 0.004739 0.001000 -0.053624
v 0.004659 0.001000 -0.053328
v 0.004912 0.001000 -0.053877
v 0.005144 0.001000 -0.054052
v 0.004026 0.001000 -0.055795
v 0.006889 0.001000 -0.057281
v 0.008343 0.001000 -0.056581
v 0.008827 0.001000 -0.055987
v 0.009226 0.001000 -0.056091
v 0.009064 0.001000 -0.056592
v 0.009785 0.001000 -0.056603
v 0.009053 0.001000 -0.057313
v 0.009775 0.001000 -0.057324
v 0.009753 0.001000 -0.058767
v 0.008310 0.001000 -0.058745
v 0.008332 0.001000 -0.057302
v 0.006868 0.001000 -0.058723
v 0.010757 0.001000 -0.060473
v 0.001941 0.001000 -0.056711
v 0.011196 0.001000 -0.058788
v 0.011251 0.001000 -0.060491
v 0.011752 0.001000 -0.060304
v 0.012138 0.001000 -0.059933
v 0.012336 0.001000 -0.059480
v 0.011217 0.001000 -0.057346
v 0.020413 0.001000 -0.021410
v 0.012681 0.001000 -0.055925
v 0.011250 0.001000 -0.055182
v 0.011239 0.001000 -0.055903
v 0.012703 0.001000 -0.054482
v 0.011260 0.001000 -0.054460
v 0.012725 0.001000 -0.053039
v 0.011282 0.001000 -0.053018
v 0.018970 0.001000 -0.021389
v 0.018992 0.001000 -0.019946
v 0.018883 0.001000 -0.018760
v 0.010539 0.001000 -0.054450
v 0.010141 0.001000 -0.055390
v 0.009958 0.001000 -0.055759
v 0.010517 0.001000 -0.055892
v 0.010528 0.001000 -0.055171
v 0.009630 0.001000 -0.056010
v 0.001525 0.001000 -0.056551
v 0.002572 0.001000 -0.056495
v 0.001851 0.001000 -0.056484
v 0.001197 0.001000 -0.056210
v 0.016474 0.001000 0.004621
v 0.017916 0.001000 0.004599
v 0.016452 0.001000 0.003178
v 0.016431 0.001000 0.001736
v 0.016409 0.001000 0.000293
v 0.019459 0.001000 0.000394
v 0.019354 0.001000 0.000502
v 0.001053 0.001000 0.019325
v 0.000821 0.001000 0.019284
v 0.000947 0.001000 0.019432
v -0.010712 0.001000 0.018833
v -0.009320 0.001000 0.016550
v -0.012205 0.001000 0.016594
v -0.015069 0.001000 0.018080
v -0.012249 0.001000 0.013708
v -0.015112 0.001000 0.015194
v -0.015091 0.001000 0.016637
v -0.016533 0.001000 0.016659
v -0.016512 0.001000 0.018101
v -0.016555 0.001000 0.015216
v -0.016963 0.001000 0.014410
v -0.016997 0.001000 0.018838
v -0.017088 0.001000 0.019229
v -0.016501 0.001000 0.018822
v -0.016566 0.001000 0.014495
v -0.017012 0.001000 0.014109
v -0.017169 0.001000 0.013826
v -0.016576 0.001000 0.013773
v -0.016587 0.001000 0.013052
v -0.015134 0.001000 0.013752
v -0.015155 0.001000 0.012309
v -0.016598 0.001000 0.012331
v -0.009363 0.001000 0.013665
v -0.017319 0.001000 0.012342
v -0.018040 0.001000 0.012352
v -0.017308 0.001000 0.013063
v -0.017415 0.001000 0.013615
v -0.017700 0.001000 0.013507
v -0.018030 0.001000 0.013074
v -0.019483 0.001000 0.012374
v -0.020926 0.001000 0.012395
v -0.052784 0.001000 0.006555
v -0.053075 0.001000 0.006544
v -0.052771 0.001000 0.005658
v -0.053492 0.001000 0.005668
v -0.053481 0.001000 0.006390
v -0.054202 0.001000 0.006401
v -0.053368 0.001000 0.006633
v -0.053616 0.001000 0.006813
v -0.053784 0.001000 0.007051
v -0.055591 0.001000 0.010029
v -0.054192 0.001000 0.007122
v -0.055608 0.001000 0.010790
v -0.055613 0.001000 0.008586
v -0.056312 0.001000 0.010040
v -0.054213 0.001000 0.005679
v -0.055677 0.001000 0.004258
v -0.060133 0.001000 0.013063
v -0.058433 0.001000 0.012957
v -0.056990 0.001000 0.012936
v -0.059549 0.001000 0.013933
v -0.059931 0.001000 0.013559
v -0.055608 0.001000 0.010790
v -0.054696 0.001000 0.008920
v -0.055608 -0.000000 0.010790
v -0.054696 -0.001000 0.008920
v -0.055608 -0.001000 0.010790
v -0.053784 -0.001000 0.007051
v -0.053784 -0.000333 0.007051
v -0.053784 0.000333 0.007051
v -0.053784 0.001000 0.007051
v -0.055608 0.001000 0.010790
v -0.055608 -0.000000 0.010790
v -0.055700 0.001000 0.011192
v -0.055700 -0.001000 0.011192
v -0.055607 0.001000 0.011593
v -0.055607 -0.001000 0.011593
v -0.055346 0.001000 0.011913
v -0.055346 -0.001000 0.011913
v -0.054972 -0.000000 0.012085
v -0.054972 0.001000 0.012085
v -0.054972 -0.001000 0.012085
v -0.055608 -0.001000 0.010790
v -0.027315 0.001000 0.017816
v -0.031925 0.001000 0.016861
v -0.027315 -0.001000 0.017816
v -0.022706 0.000500 0.018771
v -0.022706 0.001000 0.018771
v -0.022706 -0.000000 0.018771
v -0.022706 -0.000500 0.018771
v -0.020401 -0.000000 0.019249
v -0.020401 -0.000500 0.019249
v -0.020401 0.000500 0.019249
v -0.018097 -0.000000 0.019726
v -0.018097 -0.001000 0.019726
v -0.018097 0.001000 0.019726
v -0.022706 -0.001000 0.018771
v -0.031925 -0.001000 0.016861
v -0.036534 -0.001000 0.015906
v -0.041143 -0.001000 0.014951
v -0.036534 0.001000 0.015906
v -0.041143 0.001000 0.014951
v -0.045753 0.001000 0.013996
v -0.045753 -0.001000 0.013996
v -0.050362 -0.000000 0.013040
v -0.050362 0.001000 0.013040
v -0.050362 0.000500 0.013040
v -0.052667 0.000500 0.012563
v -0.054972 0.001000 0.012085
v -0.054972 -0.000000 0.012085
v -0.052667 -0.000000 0.012563
v -0.052667 -0.000500 0.012563
v -0.054972 -0.001000 0.012085
v -0.050362 -0.001000 0.013040
v -0.050362 -0.000500 0.013040
v -0.018097 0.001000 0.019726
v -0.017696 0.001000 0.019720
v -0.018097 -0.000000 0.019726
v -0.017696 -0.001000 0.019720
v -0.018097 -0.001000 0.019726
v -0.017337 -0.001000 0.019543
v -0.017088 -0.001000 0.019229
v -0.017337 0.001000 0.019543
v -0.017088 0.001000 0.019229
v -0.016997 0.001000 0.018838
v -0.016997 -0.000000 0.018838
v -0.016997 -0.001000 0.018838
v -0.016997 0.001000 0.018838
v -0.016997 -0.000000 0.018838
v -0.016988 0.001000 0.017731
v -0.016980 0.001000 0.016624
v -0.016988 -0.001000 0.017731
v -0.016997 -0.001000 0.018838
v -0.016980 -0.001000 0.016624
v -0.016972 -0.001000 0.015517
v -0.016972 0.001000 0.015517
v -0.016963 -0.000333 0.014410
v -0.016963 -0.001000 0.014410
v -0.016963 0.000333 0.014410
v -0.016963 0.001000 0.014410
v -0.017700 0.001000 0.013507
v -0.017415 0.001000 0.013615
v -0.017700 0.000333 0.013507
v -0.017700 -0.000333 0.013507
v -0.017700 -0.001000 0.013507
v -0.017415 -0.001000 0.013615
v -0.017169 -0.001000 0.013826
v -0.017012 -0.001000 0.014109
v -0.017169 0.001000 0.013826
v -0.017012 0.001000 0.014109
v -0.016963 0.001000 0.014410
v -0.016963 0.000333 0.014410
v -0.016963 -0.000333 0.014410
v -0.016963 -0.001000 0.014410
v -0.017700 0.001000 0.013507
v -0.020623 0.000750 0.012927
v -0.019161 0.000750 0.013217
v -0.026471 0.001000 0.011769
v -0.017700 0.000333 0.013507
v -0.019161 0.000500 0.013217
v -0.019161 0.000250 0.013217
v -0.019161 -0.000000 0.013217
v -0.017700 -0.000333 0.013507
v -0.019161 -0.000500 0.013217
v -0.019161 -0.000250 0.013217
v -0.019161 -0.000750 0.013217
v -0.017700 -0.001000 0.013507
v -0.020623 -0.000750 0.012927
v -0.026471 -0.001000 0.011769
v -0.023547 -0.000000 0.012348
v -0.035242 -0.001000 0.010031
v -0.023547 -0.000500 0.012348
v -0.020623 -0.000250 0.012927
v -0.020623 -0.000500 0.012927
v -0.020623 -0.000000 0.012927
v -0.020623 0.000250 0.012927
v -0.023547 0.000500 0.012348
v -0.020623 0.000500 0.012927
v -0.039627 -0.001000 0.009162
v -0.035242 0.001000 0.010031
v -0.039627 0.001000 0.009162
v -0.044013 0.001000 0.008293
v -0.046937 -0.000000 0.007713
v -0.049861 -0.000250 0.007134
v -0.049861 -0.000000 0.007134
v -0.046937 -0.000500 0.007713
v -0.049861 0.000250 0.007134
v -0.046937 0.000500 0.007713
v -0.044013 -0.001000 0.008293
v -0.052784 -0.001000 0.006555
v -0.049861 -0.000750 0.007134
v -0.049861 -0.000500 0.007134
v -0.051322 -0.000750 0.006844
v -0.051322 -0.000500 0.006844
v -0.051322 -0.000250 0.006844
v -0.052784 -0.000333 0.006555
v -0.051322 -0.000000 0.006844
v -0.052784 0.000333 0.006555
v -0.051322 0.000500 0.006844
v -0.051322 0.000250 0.006844
v -0.051322 0.000750 0.006844
v -0.052784 0.001000 0.006555
v -0.049861 0.000750 0.007134
v -0.049861 0.000500 0.007134
v -0.052784 0.001000 0.006555
v -0.053075 0.001000 0.006544
v -0.052784 0.000333 0.006555
v -0.052784 -0.000333 0.006555
v -0.053075 -0.001000 0.006544
v -0.052784 -0.001000 0.006555
v -0.053368 -0.001000 0.006633
v -0.053368 0.001000 0.006633
v -0.053616 -0.001000 0.006813
v -0.053616 0.001000 0.006813
v -0.053784 -0.001000 0.007051
v -0.053784 -0.000333 0.007051
v -0.053784 0.000333 0.007051
v -0.053784 0.001000 0.007051
v 0.004679 0.001000 -0.053038
v 0.004679 0.000333 -0.053038
v 0.005012 0.000750 -0.051585
v 0.005345 0.000750 -0.050133
v 0.006678 0.001000 -0.044323
v 0.007678 0.001000 -0.039965
v 0.006012 0.000500 -0.047228
v 0.006012 0.000000 -0.047228
v 0.006678 -0.001000 -0.044323
v 0.005345 0.000250 -0.050133
v 0.005345 0.000000 -0.050133
v 0.005345 -0.000250 -0.050133
v 0.006012 -0.000500 -0.047228
v 0.007678 -0.001000 -0.039965
v 0.008678 -0.001000 -0.035608
v 0.008678 0.001000 -0.035608
v 0.009678 -0.001000 -0.031250
v 0.009678 0.001000 -0.031250
v 0.011344 0.000000 -0.023987
v 0.010678 -0.001000 -0.026892
v 0.011344 -0.000500 -0.023987
v 0.011678 -0.001000 -0.022535
v 0.012678 -0.001000 -0.018177
v 0.012011 -0.000750 -0.021082
v 0.012011 -0.000500 -0.021082
v 0.012344 -0.000750 -0.019629
v 0.012344 -0.000500 -0.019629
v 0.012344 -0.000250 -0.019629
v 0.012678 -0.000333 -0.018177
v 0.012344 0.000000 -0.019629
v 0.012678 0.000333 -0.018177
v 0.012344 0.000500 -0.019629
v 0.012344 0.000250 -0.019629
v 0.012344 0.000750 -0.019629
v 0.012678 0.001000 -0.018177
v 0.011678 0.001000 -0.022535
v 0.010678 0.001000 -0.026892
v 0.011344 0.000500 -0.023987
v 0.012011 0.000750 -0.021082
v 0.012011 0.000500 -0.021082
v 0.012011 0.000250 -0.021082
v 0.012011 0.000000 -0.021082
v 0.012011 -0.000250 -0.021082
v 0.005345 -0.000500 -0.050133
v 0.005345 -0.000750 -0.050133
v 0.005012 -0.000750 -0.051585
v 0.004679 -0.001000 -0.053038
v 0.004679 -0.000333 -0.053038
v 0.005012 0.000000 -0.051585
v 0.005012 -0.000500 -0.051585
v 0.005012 -0.000250 -0.051585
v 0.005012 0.000250 -0.051585
v 0.005012 0.000500 -0.051585
v 0.005345 0.000500 -0.050133
v 0.012678 0.001000 -0.018177
v 0.012794 0.001000 -0.017895
v 0.012678 0.000333 -0.018177
v 0.012678 -0.000333 -0.018177
v 0.012678 -0.001000 -0.018177
v 0.012794 -0.001000 -0.017895
v 0.013013 -0.001000 -0.017656
v 0.013013 0.001000 -0.017656
v 0.013301 -0.001000 -0.017508
v 0.013301 0.001000 -0.017508
v 0.013603 -0.000333 -0.017468
v 0.013603 -0.001000 -0.017468
v 0.013603 0.000333 -0.017468
v 0.013603 0.001000 -0.017468
v 0.013603 0.001000 -0.017468
v 0.014709 0.001000 -0.017510
v 0.013603 0.000333 -0.017468
v 0.013603 -0.000333 -0.017468
v 0.013603 -0.001000 -0.017468
v 0.014709 -0.001000 -0.017510
v 0.015816 -0.001000 -0.017551
v 0.015816 0.001000 -0.017551
v 0.016922 -0.001000 -0.017593
v 0.016922 0.001000 -0.017593
v 0.018028 0.000000 -0.017634
v 0.018028 -0.001000 -0.017634
v 0.018028 0.001000 -0.017634
v 0.018028 0.001000 -0.017634
v 0.018415 0.001000 -0.017737
v 0.018028 0.000000 -0.017634
v 0.018028 -0.001000 -0.017634
v 0.018415 -0.001000 -0.017737
v 0.018722 -0.001000 -0.017995
v 0.018722 0.001000 -0.017995
v 0.018888 -0.001000 -0.018359
v 0.018883 -0.001000 -0.018760
v 0.018888 0.001000 -0.018359
v 0.018883 0.000000 -0.018760
v 0.018883 0.001000 -0.018760
v 0.018883 0.001000 -0.018760
v 0.017790 0.001000 -0.023339
v 0.018337 0.000500 -0.021049
v 0.018883 0.000000 -0.018760
v 0.018337 -0.000500 -0.021049
v 0.018337 0.000000 -0.021049
v 0.018883 -0.001000 -0.018760
v 0.017790 -0.001000 -0.023339
v 0.017790 -0.000500 -0.023339
v 0.016697 -0.001000 -0.027917
v 0.015605 -0.001000 -0.032496
v 0.016697 0.001000 -0.027917
v 0.017790 0.000000 -0.023339
v 0.017790 0.000500 -0.023339
v 0.015605 0.001000 -0.032496
v 0.014512 0.001000 -0.037075
v 0.013419 0.001000 -0.041654
v 0.014512 -0.001000 -0.037075
v 0.013419 -0.001000 -0.041654
v 0.012327 -0.001000 -0.046232
v 0.012327 0.001000 -0.046232
v 0.011234 -0.000500 -0.050811
v 0.011234 0.000000 -0.050811
v 0.011234 -0.001000 -0.050811
v 0.010688 -0.000500 -0.053100
v 0.010141 -0.001000 -0.055390
v 0.010141 0.000000 -0.055390
v 0.010141 0.001000 -0.055390
v 0.010688 0.000000 -0.053100
v 0.010688 0.000500 -0.053100
v 0.011234 0.000500 -0.050811
v 0.011234 0.001000 -0.050811
v 0.010141 0.001000 -0.055390
v 0.009958 0.001000 -0.055759
v 0.010141 0.000000 -0.055390
v 0.010141 -0.001000 -0.055390
v 0.009958 -0.001000 -0.055759
v 0.009630 -0.001000 -0.056010
v 0.009630 0.001000 -0.056010
v 0.009226 -0.001000 -0.056091
v 0.009226 0.001000 -0.056091
v 0.008827 0.000000 -0.055987
v 0.008827 -0.001000 -0.055987
v 0.008827 0.001000 -0.055987
v 0.008827 0.001000 -0.055987
v 0.008827 0.000000 -0.055987
v 0.006986 0.001000 -0.055019
v 0.006986 -0.001000 -0.055019
v 0.005144 -0.000333 -0.054052
v 0.005144 0.000333 -0.054052
v 0.005144 0.001000 -0.054052
v 0.005144 -0.001000 -0.054052
v 0.008827 -0.001000 -0.055987
v 0.004679 0.001000 -0.053038
v 0.004659 0.001000 -0.053328
v 0.004679 0.000333 -0.053038
v 0.004679 -0.000333 -0.053038
v 0.004659 -0.001000 -0.053328
v 0.004739 -0.001000 -0.053624
v 0.004679 -0.001000 -0.053038
v 0.004739 0.001000 -0.053624
v 0.004912 -0.001000 -0.053877
v 0.005144 -0.001000 -0.054052
v 0.005144 -0.000333 -0.054052
v 0.004912 0.001000 -0.053877
v 0.005144 0.001000 -0.054052
v 0.005144 0.000333 -0.054052
v 0.019322 0.001000 0.000797
v 0.019495 0.000750 0.001955
v 0.019322 0.000500 0.000797
v 0.019667 0.000750 0.003112
v 0.020013 0.001000 0.005426
v 0.020704 0.001000 0.010055
v 0.020013 0.000500 0.005426
v 0.020013 -0.000000 0.005426
v 0.019667 0.000500 0.003112
v 0.019667 0.000250 0.003112
v 0.019495 0.000250 0.001955
v 0.019667 -0.000000 0.003112
v 0.019495 -0.000000 0.001955
v 0.019667 -0.000250 0.003112
v 0.020013 -0.000500 0.005426
v 0.019667 -0.000500 0.003112
v 0.019495 -0.000250 0.001955
v 0.019322 -0.000500 0.000797
v 0.019495 -0.000500 0.001955
v 0.019322 -0.000000 0.000797
v 0.019495 -0.000750 0.001955
v 0.019667 -0.000750 0.003112
v 0.019322 -0.001000 0.000797
v 0.020013 -0.001000 0.005426
v 0.020704 -0.001000 0.010055
v 0.021395 -0.000000 0.014683
v 0.021395 -0.000500 0.014683
v 0.021395 -0.001000 0.014683
v 0.021740 -0.000500 0.016998
v 0.022086 -0.001000 0.019312
v 0.022086 -0.000000 0.019312
v 0.022086 0.001000 0.019312
v 0.021740 0.000500 0.016998
v 0.021740 -0.000000 0.016998
v 0.021395 0.000500 0.014683
v 0.021395 0.001000 0.014683
v 0.019495 0.000500 0.001955
v 0.022086 0.001000 0.019312
v 0.022064 0.001000 0.020209
v 0.022086 -0.000000 0.019312
v 0.022086 -0.001000 0.019312
v 0.022064 -0.001000 0.020209
v 0.021617 -0.001000 0.020986
v 0.021617 0.001000 0.020986
v 0.020854 -0.001000 0.021456
v 0.020854 0.001000 0.021456
v 0.019958 -0.000000 0.021505
v 0.019958 -0.001000 0.021505
v 0.019958 0.001000 0.021505
v 0.001347 0.001000 0.019283
v 0.006000 0.001000 0.019839
v 0.002510 0.000750 0.019422
v 0.001347 0.000500 0.019283
v 0.001347 -0.000000 0.019283
v 0.002510 0.000250 0.019422
v 0.002510 0.000500 0.019422
v 0.003674 0.000500 0.019561
v 0.006000 0.000500 0.019839
v 0.003674 0.000250 0.019561
v 0.003674 0.000750 0.019561
v 0.006000 -0.000000 0.019839
v 0.003674 -0.000000 0.019561
v 0.003674 -0.000250 0.019561
v 0.002510 -0.000000 0.019422
v 0.002510 -0.000250 0.019422
v 0.002510 -0.000500 0.019422
v 0.001347 -0.000500 0.019283
v 0.001347 -0.001000 0.019283
v 0.002510 -0.000750 0.019422
v 0.003674 -0.000750 0.019561
v 0.006000 -0.001000 0.019839
v 0.010653 -0.001000 0.020394
v 0.006000 -0.000500 0.019839
v 0.003674 -0.000500 0.019561
v 0.015306 -0.001000 0.020949
v 0.015306 -0.000000 0.020949
v 0.015306 -0.000500 0.020949
v 0.017632 -0.000500 0.021227
v 0.019958 -0.000000 0.021505
v 0.017632 -0.000000 0.021227
v 0.019958 -0.001000 0.021505
v 0.017632 0.000500 0.021227
v 0.019958 0.001000 0.021505
v 0.015306 0.000500 0.020949
v 0.015306 0.001000 0.020949
v 0.010653 0.001000 0.020394
v 0.001347 0.001000 0.019283
v 0.001198 0.001000 0.019273
v 0.001275 0.000667 0.019272
v 0.001347 0.000500 0.019283
v 0.001275 0.000333 0.019272
v 0.001347 -0.000000 0.019283
v 0.001275 -0.000333 0.019272
v 0.001347 -0.000500 0.019283
v 0.001347 -0.001000 0.019283
v 0.001275 -0.000667 0.019272
v 0.001199 -0.000667 0.019273
v 0.001198 -0.001000 0.019273
v 0.001123 -0.000667 0.019291
v 0.001053 -0.001000 0.019325
v 0.001054 -0.000667 0.019324
v 0.000947 -0.001000 0.019432
v 0.000994 -0.000667 0.019373
v 0.000947 -0.000667 0.019432
v 0.000994 -0.000333 0.019373
v 0.001054 -0.000333 0.019324
v 0.000947 -0.000333 0.019432
v 0.000994 0.000333 0.019373
v 0.000994 0.000667 0.019373
v 0.001054 0.000333 0.019324
v 0.000947 0.000333 0.019432
v 0.000947 0.000667 0.019432
v 0.000916 0.000333 0.019498
v 0.000916 0.000667 0.019498
v 0.000900 0.000500 0.019566
v 0.000900 -0.000000 0.019566
v 0.000916 -0.000333 0.019498
v 0.000916 -0.000667 0.019498
v 0.000900 -0.000500 0.019566
v 0.000900 -0.001000 0.019566
v 0.000900 0.001000 0.019566
v 0.000947 0.001000 0.019432
v 0.001053 0.001000 0.019325
v 0.001054 0.000667 0.019324
v 0.001123 0.000667 0.019291
v 0.001199 0.000667 0.019273
v 0.001123 0.000333 0.019291
v 0.001199 0.000333 0.019273
v 0.001123 -0.000333 0.019291
v 0.001199 -0.000333 0.019273
v -0.000192 0.001000 0.022423
v 0.000081 0.001000 0.021709
v -0.000192 0.000500 0.022423
v -0.000192 -0.000000 0.022423
v 0.000081 -0.001000 0.021709
v -0.000192 -0.000500 0.022423
v -0.000192 -0.001000 0.022423
v 0.000354 -0.001000 0.020995
v 0.000627 -0.001000 0.020281
v 0.000354 0.001000 0.020995
v 0.000627 0.001000 0.020281
v 0.000900 0.001000 0.019566
v 0.000900 0.000500 0.019566
v 0.000900 -0.000000 0.019566
v 0.000900 -0.000500 0.019566
v 0.000900 -0.001000 0.019566
v 0.000139 0.001000 0.022917
v -0.000007 0.001000 0.022858
v 0.000067 0.000667 0.022896
v 0.000139 0.000500 0.022917
v 0.000067 0.000333 0.022896
v 0.000139 -0.000000 0.022917
v 0.000139 -0.000500 0.022917
v 0.000067 -0.000333 0.022896
v -0.000005 -0.000333 0.022859
v 0.000067 -0.000667 0.022896
v -0.000005 -0.000667 0.022859
v -0.000007 -0.001000 0.022858
v 0.000139 -0.001000 0.022917
v -0.000128 -0.001000 0.022739
v -0.000071 -0.000667 0.022808
v -0.000071 -0.000333 0.022808
v -0.000126 -0.000667 0.022742
v -0.000126 -0.000333 0.022742
v -0.000192 -0.000667 0.022586
v -0.000192 -0.000333 0.022586
v -0.000193 -0.001000 0.022581
v -0.000200 -0.000667 0.022502
v -0.000200 -0.000333 0.022502
v -0.000192 -0.000500 0.022423
v -0.000192 -0.001000 0.022423
v -0.000192 -0.000000 0.022423
v -0.000192 0.000500 0.022423
v -0.000200 0.000333 0.022502
v -0.000192 0.000333 0.022586
v -0.000200 0.000667 0.022502
v -0.000192 0.001000 0.022423
v -0.000192 0.000667 0.022586
v -0.000193 0.001000 0.022581
v -0.000128 0.001000 0.022739
v -0.000126 0.000667 0.022742
v -0.000126 0.000333 0.022742
v -0.000071 0.000667 0.022808
v -0.000005 0.000667 0.022859
v -0.000071 0.000333 0.022808
v -0.000005 0.000333 0.022859
v 0.025106 0.001000 0.026501
v 0.018865 0.001000 0.025605
v 0.023026 0.000500 0.026202
v 0.025106 -0.000000 0.026501
v 0.025106 -0.001000 0.026501
v 0.023026 -0.000000 0.026202
v 0.023026 -0.000500 0.026202
v 0.020945 -0.000500 0.025903
v 0.020945 -0.000000 0.025903
v 0.018865 -0.001000 0.025605
v 0.012623 -0.001000 0.024709
v 0.012623 0.001000 0.024709
v 0.006381 -0.001000 0.023813
v 0.004301 -0.000000 0.023514
v 0.003260 -0.001000 0.023365
v 0.006381 0.001000 0.023813
v 0.004301 -0.000500 0.023514
v 0.002220 -0.000250 0.023216
v 0.002220 -0.000500 0.023216
v 0.002220 -0.000750 0.023216
v 0.000139 -0.001000 0.022917
v 0.001180 -0.000750 0.023066
v 0.001180 -0.000500 0.023066
v 0.000139 -0.000500 0.022917
v 0.000139 -0.000000 0.022917
v 0.001180 -0.000250 0.023066
v 0.001180 -0.000000 0.023066
v 0.001180 0.000250 0.023066
v 0.002220 -0.000000 0.023216
v 0.002220 0.000250 0.023216
v 0.002220 0.000500 0.023216
v 0.004301 0.000500 0.023514
v 0.002220 0.000750 0.023216
v 0.003260 0.001000 0.023365
v 0.000139 0.001000 0.022917
v 0.001180 0.000750 0.023066
v 0.000139 0.000500 0.022917
v 0.001180 0.000500 0.023066
v 0.020945 0.000500 0.025903
v 0.026765 0.001000 0.025982
v 0.026002 0.001000 0.026452
v 0.026765 -0.001000 0.025982
v 0.027212 0.001000 0.025205
v 0.027212 -0.001000 0.025205
v 0.027234 -0.000000 0.024308
v 0.027234 0.001000 0.024308
v 0.027234 -0.001000 0.024308
v 0.026002 -0.001000 0.026452
v 0.025106 -0.001000 0.026501
v 0.025106 -0.000000 0.026501
v 0.025106 0.001000 0.026501
v 0.027234 0.001000 0.024308
v 0.026152 0.001000 0.018096
v 0.026873 0.000500 0.022238
v 0.027234 -0.000000 0.024308
v 0.027234 -0.001000 0.024308
v 0.026873 -0.000000 0.022238
v 0.026873 -0.000500 0.022238
v 0.026513 -0.000500 0.020167
v 0.026152 -0.001000 0.018096
v 0.025611 -0.001000 0.014990
v 0.026513 -0.000000 0.020167
v 0.026513 0.000500 0.020167
v 0.025611 0.001000 0.014990
v 0.025069 0.001000 0.011884
v 0.024528 0.001000 0.008778
v 0.025069 -0.001000 0.011884
v 0.024528 -0.001000 0.008778
v 0.023626 -0.000000 0.003601
v 0.023987 -0.001000 0.005672
v 0.023626 -0.000500 0.003601
v 0.023446 -0.001000 0.002566
v 0.022905 -0.001000 -0.000540
v 0.023265 -0.000750 0.001531
v 0.023085 -0.000750 0.000495
v 0.023265 -0.000500 0.001531
v 0.023085 -0.000500 0.000495
v 0.023265 -0.000250 0.001531
v 0.023085 -0.000250 0.000495
v 0.023265 -0.000000 0.001531
v 0.023085 -0.000000 0.000495
v 0.023265 0.000250 0.001531
v 0.023085 0.000250 0.000495
v 0.023626 0.000500 0.003601
v 0.023265 0.000500 0.001531
v 0.023085 0.000500 0.000495
v 0.023265 0.000750 0.001531
v 0.023446 0.001000 0.002566
v 0.023085 0.000750 0.000495
v 0.022905 0.001000 -0.000540
v 0.022905 0.000500 -0.000540
v 0.022905 -0.000000 -0.000540
v 0.022905 -0.000500 -0.000540
v 0.023987 0.001000 0.005672
v 0.022905 0.001000 -0.000540
v 0.022841 0.001000 -0.000684
v 0.022880 0.000667 -0.000615
v 0.022905 0.000500 -0.000540
v 0.022905 -0.000000 -0.000540
v 0.022880 0.000333 -0.000615
v 0.022880 -0.000333 -0.000615
v 0.022838 0.000333 -0.000689
v 0.022838 0.000667 -0.000689
v 0.022838 -0.000333 -0.000689
v 0.022715 0.000333 -0.000805
v 0.022638 0.000333 -0.000842
v 0.022715 0.000667 -0.000805
v 0.022715 -0.000333 -0.000805
v 0.022638 -0.000333 -0.000842
v 0.022715 -0.000667 -0.000805
v 0.022638 -0.000667 -0.000842
v 0.022718 -0.001000 -0.000803
v 0.022838 -0.000667 -0.000689
v 0.022841 -0.001000 -0.000684
v 0.022880 -0.000667 -0.000615
v 0.022905 -0.000500 -0.000540
v 0.022905 -0.001000 -0.000540
v 0.022559 -0.001000 -0.000862
v 0.022557 -0.000667 -0.000862
v 0.022476 -0.000667 -0.000867
v 0.022401 -0.001000 -0.000856
v 0.022401 -0.000500 -0.000856
v 0.022401 0.000000 -0.000856
v 0.022476 -0.000333 -0.000867
v 0.022557 -0.000333 -0.000862
v 0.022476 0.000333 -0.000867
v 0.022476 0.000667 -0.000867
v 0.022557 0.000333 -0.000862
v 0.022401 0.000500 -0.000856
v 0.022401 0.001000 -0.000856
v 0.022559 0.001000 -0.000862
v 0.022557 0.000667 -0.000862
v 0.022638 0.000667 -0.000842
v 0.022718 0.001000 -0.000803
v 0.022401 0.001000 -0.000856
v 0.020996 0.001000 -0.000257
v 0.022401 0.000500 -0.000856
v 0.022401 0.000000 -0.000856
v 0.020996 -0.001000 -0.000257
v 0.022401 -0.000500 -0.000856
v 0.022401 -0.001000 -0.000856
v 0.019591 -0.000000 0.000343
v 0.019591 -0.000500 0.000343
v 0.019591 -0.001000 0.000343
v 0.019591 0.000500 0.000343
v 0.019591 0.001000 0.000343
v 0.019591 0.001000 0.000343
v 0.019459 0.001000 0.000394
v 0.019521 0.000667 0.000362
v 0.019591 0.000500 0.000343
v 0.019591 -0.000000 0.000343
v 0.019521 0.000333 0.000362
v 0.019454 0.000333 0.000397
v 0.019521 -0.000333 0.000362
v 0.019591 -0.000500 0.000343
v 0.019521 -0.000667 0.000362
v 0.019454 -0.000333 0.000397
v 0.019397 -0.000333 0.000446
v 0.019454 -0.000667 0.000397
v 0.019459 -0.001000 0.000394
v 0.019397 -0.000667 0.000446
v 0.019354 -0.001000 0.000502
v 0.019352 -0.000667 0.000507
v 0.019352 -0.000333 0.000507
v 0.019321 -0.000667 0.000577
v 0.019307 -0.000667 0.000652
v 0.019321 -0.000333 0.000577
v 0.019307 -0.001000 0.000649
v 0.019322 -0.001000 0.000797
v 0.019308 -0.000667 0.000726
v 0.019322 -0.000500 0.000797
v 0.019308 -0.000333 0.000726
v 0.019307 -0.000333 0.000652
v 0.019308 0.000333 0.000726
v 0.019308 0.000667 0.000726
v 0.019322 -0.000000 0.000797
v 0.019307 0.000333 0.000652
v 0.019322 0.000500 0.000797
v 0.019322 0.001000 0.000797
v 0.019307 0.001000 0.000649
v 0.019354 0.001000 0.000502
v 0.019321 0.000667 0.000577
v 0.019307 0.000667 0.000652
v 0.019321 0.000333 0.000577
v 0.019352 0.000667 0.000507
v 0.019352 0.000333 0.000507
v 0.019397 0.000667 0.000446
v 0.019397 0.000333 0.000446
v 0.019454 0.000667 0.000397
v 0.019591 -0.001000 0.000343
v -0.012632 -0.001000 0.023267
v -0.018440 -0.001000 0.022123
v -0.018440 -0.000000 0.022123
v -0.012632 0.001000 0.023267
v -0.018440 0.001000 0.022123
v -0.024247 0.001000 0.020980
v -0.024247 -0.000000 0.020980
v -0.035862 0.001000 0.018693
v -0.047476 -0.000000 0.016405
v -0.047476 0.001000 0.016405
v -0.035862 -0.001000 0.018693
v -0.024247 -0.001000 0.020980
v -0.047476 -0.001000 0.016405
v -0.053283 -0.000500 0.015262
v -0.053283 -0.001000 0.015262
v -0.056187 -0.001000 0.014690
v -0.056187 -0.000500 0.014690
v -0.059091 -0.001000 0.014118
v -0.059091 -0.000000 0.014118
v -0.059091 0.001000 0.014118
v -0.056187 0.000500 0.014690
v -0.056187 -0.000000 0.014690
v -0.053283 -0.000000 0.015262
v -0.053283 0.000500 0.015262
v -0.053283 0.001000 0.015262
v -0.056187 0.001000 0.014690
v -0.059091 -0.001000 0.014118
v -0.059563 -0.001000 0.013924
v -0.059091 -0.000000 0.014118
v -0.059091 0.001000 0.014118
v -0.059563 0.001000 0.013924
v -0.059939 0.001000 0.013547
v -0.059939 -0.001000 0.013547
v -0.060134 0.001000 0.013057
v -0.060134 -0.001000 0.013057
v -0.060130 0.001000 0.012569
v -0.060130 -0.000000 0.012569
v -0.060130 -0.001000 0.012569
v -0.060130 -0.001000 0.012569
v -0.059274 -0.001000 0.010328
v -0.060130 -0.000000 0.012569
v -0.059274 -0.000000 0.010328
v -0.060130 0.001000 0.012569
v -0.059274 0.001000 0.010328
v -0.058417 0.001000 0.008087
v -0.058417 -0.000000 0.008087
v -0.057561 0.001000 0.005846
v -0.056705 0.001000 0.003605
v -0.057561 -0.000000 0.005846
v -0.057561 -0.001000 0.005846
v -0.056705 -0.000000 0.003605
v -0.056705 -0.001000 0.003605
v -0.058417 -0.001000 0.008087
v -0.056705 -0.001000 0.003605
v -0.056705 -0.000000 0.003605
v -0.056546 -0.001000 0.003167
v -0.056211 -0.001000 0.002838
v -0.056546 0.001000 0.003167
v -0.056211 0.001000 0.002838
v -0.056705 0.001000 0.003605
v -0.055760 0.001000 0.002685
v -0.055301 0.001000 0.002718
v -0.055760 -0.001000 0.002685
v -0.055301 -0.001000 0.002718
v -0.055301 -0.000000 0.002718
v -0.055301 -0.001000 0.002718
v -0.052610 -0.000500 0.003301
v -0.052610 -0.001000 0.003301
v -0.055301 -0.000000 0.002718
v -0.052610 -0.000000 0.003301
v -0.052610 0.000500 0.003301
v -0.055301 0.001000 0.002718
v -0.052610 0.001000 0.003301
v -0.049920 0.001000 0.003885
v -0.049920 0.000500 0.003885
v -0.044538 0.001000 0.005052
v -0.044538 -0.000000 0.005052
v -0.033774 0.001000 0.007386
v -0.033774 -0.001000 0.007386
v -0.023010 0.001000 0.009720
v -0.012246 0.001000 0.012054
v -0.023010 -0.001000 0.009720
v -0.012246 -0.001000 0.012054
v -0.001482 -0.000000 0.014388
v -0.001482 -0.001000 0.014388
v 0.003900 -0.001000 0.015555
v 0.003900 -0.000000 0.015555
v 0.009282 -0.001000 0.016723
v 0.009282 0.001000 0.016723
v 0.003900 0.001000 0.015555
v -0.001482 0.001000 0.014388
v -0.044538 -0.001000 0.005052
v -0.049920 -0.000500 0.003885
v -0.049920 -0.001000 0.003885
v -0.049920 -0.000000 0.003885
v 0.009282 -0.001000 0.016723
v 0.012540 -0.001000 0.016541
v 0.009282 0.001000 0.016723
v 0.012540 0.001000 0.016541
v 0.015289 0.001000 0.014845
v 0.016912 0.001000 0.012014
v 0.015289 -0.001000 0.014845
v 0.016912 -0.001000 0.012014
v 0.016987 -0.001000 0.008784
v 0.016987 0.001000 0.008784
v 0.016987 -0.001000 0.008784
v 0.015662 -0.000000 0.003445
v 0.015662 -0.001000 0.003445
v 0.016987 0.001000 0.008784
v 0.015662 0.001000 0.003445
v 0.014338 0.001000 -0.001894
v 0.014338 0.000000 -0.001894
v 0.011689 0.001000 -0.012572
v 0.011689 -0.001000 -0.012572
v 0.009041 0.001000 -0.023250
v 0.006392 0.001000 -0.033928
v 0.009041 -0.001000 -0.023250
v 0.006392 -0.001000 -0.033928
v 0.003744 0.000000 -0.044606
v 0.003744 -0.001000 -0.044606
v 0.002419 -0.000500 -0.049945
v 0.002419 -0.001000 -0.049945
v 0.001757 -0.001000 -0.052615
v 0.001757 -0.000500 -0.052615
v 0.001095 -0.001000 -0.055284
v 0.001095 0.000000 -0.055284
v 0.001757 0.000000 -0.052615
v 0.001757 0.000500 -0.052615
v 0.001095 0.001000 -0.055284
v 0.001757 0.001000 -0.052615
v 0.002419 0.001000 -0.049945
v 0.002419 0.000500 -0.049945
v 0.003744 0.001000 -0.044606
v 0.002419 0.000000 -0.049945
v 0.014338 -0.001000 -0.001894
v 0.001095 -0.001000 -0.055284
v 0.001049 -0.001000 -0.055748
v 0.001095 0.000000 -0.055284
v 0.001095 0.001000 -0.055284
v 0.001049 0.001000 -0.055748
v 0.001196 0.001000 -0.056208
v 0.001524 0.001000 -0.056550
v 0.001196 -0.001000 -0.056208
v 0.001524 -0.001000 -0.056550
v 0.001941 -0.001000 -0.056711
v 0.001941 0.000000 -0.056711
v 0.001941 0.001000 -0.056711
v 0.001941 -0.001000 -0.056711
v 0.004145 -0.000500 -0.057651
v 0.004145 -0.001000 -0.057651
v 0.001941 0.000000 -0.056711
v 0.001941 0.001000 -0.056711
v 0.004145 0.000000 -0.057651
v 0.004145 0.000500 -0.057651
v 0.004145 0.001000 -0.057651
v 0.006349 0.000500 -0.058592
v 0.008553 0.000500 -0.059532
v 0.006349 0.001000 -0.058592
v 0.006349 0.000000 -0.058592
v 0.008553 0.000000 -0.059532
v 0.006349 -0.000500 -0.058592
v 0.008553 -0.000500 -0.059532
v 0.006349 -0.001000 -0.058592
v 0.008553 -0.001000 -0.059532
v 0.010757 -0.001000 -0.060473
v 0.010757 0.000000 -0.060473
v 0.010757 0.001000 -0.060473
v 0.008553 0.001000 -0.059532
v 0.012336 -0.001000 -0.059480
v 0.012995 -0.000500 -0.056603
v 0.012995 -0.001000 -0.056603
v 0.012336 0.000000 -0.059480
v 0.012336 0.001000 -0.059480
v 0.012995 0.000000 -0.056603
v 0.012995 0.000500 -0.056603
v 0.012995 0.001000 -0.056603
v 0.013653 0.000500 -0.053725
v 0.014970 0.001000 -0.047969
v 0.013653 0.001000 -0.053725
v 0.014970 0.000000 -0.047969
v 0.013653 0.000000 -0.053725
v 0.013653 -0.000500 -0.053725
v 0.014970 -0.001000 -0.047969
v 0.013653 -0.001000 -0.053725
v 0.017603 -0.001000 -0.036458
v 0.017603 0.001000 -0.036458
v 0.020237 0.000000 -0.024947
v 0.020237 -0.001000 -0.024947
v 0.021553 -0.001000 -0.019191
v 0.021553 0.000000 -0.019191
v 0.022870 -0.001000 -0.013435
v 0.022870 0.001000 -0.013435
v 0.021553 0.001000 -0.019191
v 0.020237 0.001000 -0.024947
v 0.022870 -0.001000 -0.013435
v 0.020668 -0.001000 -0.013393
v 0.022870 0.001000 -0.013435
v 0.020668 0.001000 -0.013393
v 0.018466 0.001000 -0.013351
v 0.018466 0.000000 -0.013351
v 0.018466 -0.001000 -0.013351
v 0.018466 -0.001000 -0.013351
v 0.018495 -0.001000 -0.011423
v 0.018466 0.000000 -0.013351
v 0.018466 0.001000 -0.013351
v 0.018495 0.000000 -0.011423
v 0.018495 0.001000 -0.011423
v 0.018495 -0.001000 -0.011423
v 0.018495 0.000000 -0.011423
v 0.020891 -0.001000 -0.011459
v 0.020891 0.001000 -0.011459
v 0.023288 -0.001000 -0.011495
v 0.023288 0.001000 -0.011495
v 0.018495 0.001000 -0.011423
v 0.023320 -0.001000 0.030347
v 0.017658 -0.000000 0.029227
v 0.017658 -0.001000 0.029227
v 0.023320 0.001000 0.030347
v 0.017658 0.001000 0.029227
v 0.011995 0.001000 0.028107
v 0.011995 -0.000000 0.028107
v 0.000669 0.001000 0.025866
v 0.000669 -0.000000 0.025866
v -0.004994 0.001000 0.024746
v -0.010657 0.001000 0.023626
v -0.004994 -0.000000 0.024746
v -0.004994 -0.001000 0.024746
v -0.010657 -0.001000 0.023626
v 0.000669 -0.001000 0.025866
v 0.011995 -0.001000 0.028107
v -0.010657 -0.001000 0.023626
v -0.010684 -0.001000 0.021229
v -0.010657 0.001000 0.023626
v -0.010684 0.001000 0.021229
v -0.010712 0.001000 0.018833
v -0.010712 -0.000000 0.018833
v -0.010712 -0.001000 0.018833
v -0.010712 -0.001000 0.018833
v -0.012698 -0.001000 0.018863
v -0.010712 -0.000000 0.018833
v -0.010712 0.001000 0.018833
v -0.012698 -0.000000 0.018863
v -0.012698 0.001000 0.018863
v -0.012698 -0.001000 0.018863
v -0.012698 -0.000000 0.018863
v -0.012665 -0.001000 0.021065
v -0.012632 -0.001000 0.023267
v -0.012665 0.001000 0.021065
v -0.012698 0.001000 0.018863
v -0.012632 0.001000 0.023267
v 0.010757 -0.001000 -0.060473
v 0.011267 -0.001000 -0.060488
v 0.010757 0.000000 -0.060473
v 0.010757 0.001000 -0.060473
v 0.011267 0.001000 -0.060488
v 0.011764 0.001000 -0.060296
v 0.011764 -0.001000 -0.060296
v 0.012142 0.001000 -0.059928
v 0.012142 -0.001000 -0.059928
v 0.012336 0.001000 -0.059480
v 0.012336 0.000000 -0.059480
v 0.012336 -0.001000 -0.059480
v 0.023288 -0.001000 -0.011495
v 0.024577 0.000000 -0.005844
v 0.024577 -0.001000 -0.005844
v 0.023288 0.001000 -0.011495
v 0.024577 0.001000 -0.005844
v 0.025867 0.001000 -0.000194
v 0.025867 -0.000000 -0.000194
v 0.028446 0.001000 0.011107
v 0.028446 -0.000000 0.011107
v 0.029735 0.001000 0.016758
v 0.031025 0.001000 0.022408
v 0.029735 -0.000000 0.016758
v 0.029735 -0.001000 0.016758
v 0.031025 -0.001000 0.022408
v 0.028446 -0.001000 0.011107
v 0.025867 -0.001000 -0.000194
v 0.031025 -0.001000 0.022408
v 0.030942 -0.001000 0.025670
v 0.031025 0.001000 0.022408
v 0.030942 0.001000 0.025670
v 0.029328 0.001000 0.028469
v 0.026547 0.001000 0.030176
v 0.029328 -0.001000 0.028469
v 0.026547 -0.001000 0.030176
v 0.023320 -0.001000 0.030347
v 0.023320 0.001000 0.030347
v -0.059091 -0.001000 0.014118
v -0.012632 -0.001000 0.023267
v -0.020796 -0.001000 0.021051
v -0.058433 -0.001000 0.012957
v -0.059549 -0.001000 0.013933
v -0.056990 -0.001000 0.012936
v -0.055526 -0.001000 0.014356
v -0.054105 -0.001000 0.012892
v -0.055548 -0.001000 0.012914
v -0.052641 -0.001000 0.014313
v -0.052663 -0.001000 0.012871
v -0.020807 -0.001000 0.020330
v -0.020818 -0.001000 0.019608
v -0.019375 -0.001000 0.019587
v -0.019364 -0.001000 0.020308
v -0.018097 -0.001000 0.019726
v -0.054972 -0.001000 0.012085
v -0.055559 -0.001000 0.012193
v -0.055346 -0.001000 0.011913
v -0.055607 -0.001000 0.011593
v -0.057001 -0.001000 0.012214
v -0.055700 -0.001000 0.011192
v -0.057012 -0.001000 0.011493
v -0.058455 -0.001000 0.011515
v -0.057023 -0.001000 0.010772
v -0.057034 -0.001000 0.010050
v -0.055608 -0.001000 0.010790
v -0.058465 -0.001000 0.010793
v -0.060130 -0.001000 0.012569
v -0.058476 -0.001000 0.010072
v -0.056705 -0.001000 0.003605
v -0.055634 -0.001000 0.007144
v -0.055645 -0.001000 0.006422
v -0.055656 -0.001000 0.005701
v -0.055677 -0.001000 0.004258
v -0.054213 -0.001000 0.005679
v -0.052771 -0.001000 0.005658
v -0.052792 -0.001000 0.004215
v -0.054202 -0.001000 0.006401
v -0.053481 -0.001000 0.006390
v -0.052760 -0.001000 0.006379
v -0.053368 -0.001000 0.006633
v -0.053075 -0.001000 0.006544
v -0.052784 -0.001000 0.006555
v -0.051317 -0.001000 0.006357
v -0.046979 -0.001000 0.007014
v -0.017700 -0.001000 0.013507
v -0.044094 -0.001000 0.006971
v -0.018030 -0.001000 0.013074
v -0.017303 -0.001000 0.013423
v -0.017415 -0.001000 0.013615
v -0.017169 -0.001000 0.013826
v -0.016576 -0.001000 0.013773
v -0.016582 -0.001000 0.013413
v -0.015134 -0.001000 0.013752
v -0.016587 -0.001000 0.013052
v -0.015144 -0.001000 0.013030
v -0.015155 -0.001000 0.012309
v -0.012249 -0.001000 0.013708
v -0.012270 -0.001000 0.012266
v -0.044115 -0.001000 0.005528
v -0.009363 -0.001000 0.013665
v 0.009282 -0.001000 0.016723
v 0.005106 -0.001000 0.016335
v -0.055301 -0.001000 0.002718
v -0.056557 -0.001000 0.003184
v -0.056225 -0.001000 0.002847
v -0.055769 -0.001000 0.002686
v -0.049907 -0.001000 0.004172
v -0.049885 -0.001000 0.005615
v -0.051328 -0.001000 0.005636
v -0.047000 -0.001000 0.005571
v -0.049875 -0.001000 0.006336
v 0.002221 -0.001000 0.016378
v 0.008012 -0.001000 0.017734
v 0.003685 -0.001000 0.017799
v 0.005127 -0.001000 0.017777
v 0.005138 -0.001000 0.018498
v 0.008034 -0.001000 0.019177
v 0.003695 -0.001000 0.018520
v 0.005149 -0.001000 0.019220
v 0.003706 -0.001000 0.019241
v 0.019958 -0.001000 0.021505
v 0.001347 -0.001000 0.019283
v 0.012524 -0.001000 0.016546
v 0.002264 -0.001000 0.019263
v 0.022086 -0.001000 0.019312
v 0.020854 -0.001000 0.021456
v 0.021617 -0.001000 0.020986
v 0.022064 -0.001000 0.020209
v 0.016987 -0.001000 0.008784
v 0.019322 -0.001000 0.000797
v 0.016908 -0.001000 0.012030
v 0.015289 -0.001000 0.014845
v 0.017873 -0.001000 0.001714
v 0.018578 -0.001000 0.000622
v 0.018584 -0.001000 0.000982
v 0.019307 -0.001000 0.000649
v 0.019354 -0.001000 0.000502
v 0.018573 -0.001000 0.000261
v 0.019294 -0.001000 0.000250
v 0.019459 -0.001000 0.000394
v 0.019591 -0.001000 0.000343
v 0.020010 -0.001000 -0.000121
v 0.021447 -0.001000 -0.000504
v 0.022401 -0.001000 -0.000856
v 0.022163 -0.001000 -0.000875
v 0.022559 -0.001000 -0.000862
v 0.022158 -0.001000 -0.001236
v 0.021436 -0.001000 -0.001225
v 0.022147 -0.001000 -0.001957
v 0.022879 -0.001000 -0.001247
v 0.022884 -0.001000 -0.000886
v 0.022718 -0.001000 -0.000803
v 0.022841 -0.001000 -0.000684
v 0.023245 -0.001000 -0.000891
v 0.023248 -0.001000 -0.000711
v 0.023250 -0.001000 -0.000531
v 0.023608 -0.001000 -0.000716
v 0.022905 -0.001000 -0.000540
v 0.023622 -0.001000 0.000185
v 0.023633 -0.001000 0.000907
v 0.023643 -0.001000 0.001628
v 0.023616 -0.001000 -0.000175
v 0.027234 -0.001000 0.024308
v 0.030946 -0.001000 0.025654
v 0.027212 -0.001000 0.025205
v 0.031025 -0.001000 0.022408
v 0.025086 -0.001000 0.001606
v 0.025075 -0.001000 0.000885
v 0.025064 -0.001000 0.000164
v 0.025054 -0.001000 -0.000558
v 0.025032 -0.001000 -0.002000
v 0.025043 -0.001000 -0.001279
v 0.025021 -0.001000 -0.002721
v 0.025048 -0.001000 -0.000918
v 0.023288 -0.001000 -0.011495
v 0.019143 -0.001000 -0.009848
v 0.019186 -0.001000 -0.006963
v 0.018495 -0.001000 -0.011423
v 0.022114 -0.001000 -0.004121
v 0.019229 -0.001000 -0.004078
v 0.020693 -0.001000 -0.002657
v 0.022136 -0.001000 -0.002678
v 0.023579 -0.001000 -0.002700
v 0.023589 -0.001000 -0.001979
v 0.023600 -0.001000 -0.001257
v 0.024322 -0.001000 -0.001268
v 0.024327 -0.001000 -0.000908
v 0.023606 -0.001000 -0.000897
v 0.024332 -0.001000 -0.000547
v 0.023611 -0.001000 -0.000536
v 0.019251 -0.001000 -0.002635
v 0.020704 -0.001000 -0.001935
v 0.019262 -0.001000 -0.001914
v 0.020715 -0.001000 -0.001214
v 0.019272 -0.001000 -0.001193
v 0.020720 -0.001000 -0.000853
v 0.020726 -0.001000 -0.000493
v 0.021442 -0.001000 -0.000864
v 0.020005 -0.001000 -0.000482
v 0.019283 -0.001000 -0.000471
v 0.019289 -0.001000 -0.000111
v 0.017841 -0.001000 -0.000450
v 0.017830 -0.001000 -0.001171
v 0.017852 -0.001000 0.000272
v 0.016398 -0.001000 -0.000428
v 0.016409 -0.001000 0.000293
v 0.013416 -0.001000 -0.006876
v 0.016387 -0.001000 -0.001149
v 0.016366 -0.001000 -0.002592
v 0.016344 -0.001000 -0.004035
v 0.016420 -0.001000 0.001015
v 0.013373 -0.001000 -0.009762
v 0.010358 -0.001000 -0.018374
v 0.011843 -0.001000 -0.015510
v 0.016431 -0.001000 0.001736
v 0.013308 -0.001000 -0.014089
v 0.013286 -0.001000 -0.015532
v 0.011833 -0.001000 -0.016232
v 0.013329 -0.001000 -0.012647
v 0.016214 -0.001000 -0.012690
v 0.016193 -0.001000 -0.014133
v 0.018466 -0.001000 -0.013351
v 0.019078 -0.001000 -0.014176
v 0.022870 -0.001000 -0.013435
v 0.019035 -0.001000 -0.017061
v 0.018888 -0.001000 -0.018359
v 0.012703 -0.001000 -0.054482
v 0.012692 -0.001000 -0.055203
v 0.018883 -0.001000 -0.018760
v 0.012681 -0.001000 -0.055925
v 0.012336 -0.001000 -0.059480
v 0.019056 -0.001000 -0.015619
v 0.016171 -0.001000 -0.015575
v 0.016160 -0.001000 -0.016297
v 0.017592 -0.001000 -0.017039
v 0.016150 -0.001000 -0.017018
v 0.018028 -0.001000 -0.017634
v 0.013603 -0.001000 -0.017468
v 0.018415 -0.001000 -0.017737
v 0.014702 -0.001000 -0.017357
v 0.014707 -0.001000 -0.016996
v 0.013980 -0.001000 -0.017346
v 0.013259 -0.001000 -0.017335
v 0.013986 -0.001000 -0.016985
v 0.013275 -0.001000 -0.016253
v 0.014718 -0.001000 -0.016275
v 0.013265 -0.001000 -0.016975
v 0.012543 -0.001000 -0.016964
v 0.011822 -0.001000 -0.016953
v 0.012538 -0.001000 -0.017325
v 0.013301 -0.001000 -0.017508
v 0.013013 -0.001000 -0.017656
v 0.012532 -0.001000 -0.017685
v 0.011817 -0.001000 -0.017314
v 0.011811 -0.001000 -0.017674
v 0.011806 -0.001000 -0.018035
v 0.012527 -0.001000 -0.018046
v 0.011800 -0.001000 -0.018396
v 0.012678 -0.001000 -0.018177
v 0.011790 -0.001000 -0.019117
v 0.011779 -0.001000 -0.019838
v 0.010347 -0.001000 -0.019095
v 0.010336 -0.001000 -0.019817
v 0.001095 -0.001000 -0.055284
v 0.001050 -0.001000 -0.055749
v 0.002626 -0.001000 -0.052888
v 0.002616 -0.001000 -0.053609
v 0.002605 -0.001000 -0.054331
v 0.002583 -0.001000 -0.055773
v 0.001197 -0.001000 -0.056210
v 0.004026 -0.001000 -0.055795
v 0.002572 -0.001000 -0.056495
v 0.004004 -0.001000 -0.057238
v 0.004015 -0.001000 -0.056516
v 0.001941 -0.001000 -0.056711
v 0.001525 -0.001000 -0.056551
v 0.010757 -0.001000 -0.060473
v 0.011752 -0.001000 -0.060304
v 0.011251 -0.001000 -0.060491
v 0.009742 -0.001000 -0.059488
v 0.011185 -0.001000 -0.059509
v 0.011196 -0.001000 -0.058788
v 0.012138 -0.001000 -0.059933
v 0.009753 -0.001000 -0.058767
v 0.009775 -0.001000 -0.057324
v 0.008332 -0.001000 -0.057302
v 0.009785 -0.001000 -0.056603
v 0.009226 -0.001000 -0.056091
v 0.009630 -0.001000 -0.056010
v 0.008343 -0.001000 -0.056581
v 0.011239 -0.001000 -0.055903
v 0.011250 -0.001000 -0.055182
v 0.009958 -0.001000 -0.055759
v 0.010141 -0.001000 -0.055390
v 0.011260 -0.001000 -0.054460
v 0.006900 -0.001000 -0.056560
v 0.008354 -0.001000 -0.055860
v 0.008827 -0.001000 -0.055987
v 0.005144 -0.001000 -0.054052
v 0.006922 -0.001000 -0.055117
v 0.005490 -0.001000 -0.054374
v 0.005479 -0.001000 -0.055095
v 0.006911 -0.001000 -0.055838
v 0.005468 -0.001000 -0.055817
v 0.004769 -0.001000 -0.054363
v 0.004037 -0.001000 -0.055074
v 0.004047 -0.001000 -0.054352
v 0.004053 -0.001000 -0.053992
v 0.004912 -0.001000 -0.053877
v 0.004774 -0.001000 -0.054003
v 0.004058 -0.001000 -0.053631
v 0.004739 -0.001000 -0.053624
v 0.004064 -0.001000 -0.053271
v 0.004659 -0.001000 -0.053328
v 0.004679 -0.001000 -0.053038
v 0.004069 -0.001000 -0.052910
v 0.006889 -0.001000 -0.057281
v 0.012794 -0.001000 -0.017895
v 0.014729 -0.001000 -0.015554
v 0.018722 -0.001000 -0.017995
v 0.017862 -0.001000 0.000993
v 0.017857 -0.001000 0.000632
v 0.026765 -0.001000 0.025982
v 0.026002 -0.001000 0.026452
v 0.029328 -0.001000 0.028469
v 0.026563 -0.001000 0.030171
v 0.025106 -0.001000 0.026501
v 0.002329 -0.001000 0.023591
v 0.002339 -0.001000 0.024312
v 0.000139 -0.001000 0.022917
v 0.002350 -0.001000 0.025033
v 0.023320 -0.001000 0.030347
v -0.010657 -0.001000 0.023626
v -0.001978 -0.001000 0.025098
v 0.000908 -0.001000 0.025055
v -0.000535 -0.001000 0.025076
v -0.000546 -0.001000 0.024355
v 0.000165 -0.001000 0.023623
v -0.001278 -0.001000 0.023645
v -0.001988 -0.001000 0.024377
v 0.000897 -0.001000 0.024334
v -0.000557 -0.001000 0.023634
v -0.000201 -0.001000 0.023268
v -0.000562 -0.001000 0.023273
v -0.000565 -0.001000 0.023093
v -0.001283 -0.001000 0.023284
v -0.001289 -0.001000 0.022923
v -0.002005 -0.001000 0.023295
v -0.003453 -0.001000 0.022956
v -0.003442 -0.001000 0.023677
v -0.001999 -0.001000 0.023655
v -0.002010 -0.001000 0.022934
v -0.002015 -0.001000 0.022574
v -0.003463 -0.001000 0.022235
v -0.002021 -0.001000 0.022213
v -0.001294 -0.001000 0.022563
v -0.000575 -0.001000 0.022372
v -0.000573 -0.001000 0.022552
v -0.000570 -0.001000 0.022732
v -0.001299 -0.001000 0.022202
v -0.000578 -0.001000 0.022191
v -0.000584 -0.001000 0.021831
v -0.002032 -0.001000 0.021492
v -0.002042 -0.001000 0.020770
v -0.003474 -0.001000 0.021513
v -0.000589 -0.001000 0.021470
v -0.000218 -0.001000 0.022186
v 0.000111 -0.001000 0.020017
v 0.000900 -0.001000 0.019566
v -0.000600 -0.001000 0.020749
v -0.000611 -0.001000 0.020027
v -0.000616 -0.001000 0.019667
v -0.002053 -0.001000 0.020049
v -0.002064 -0.001000 0.019328
v -0.003496 -0.001000 0.020071
v -0.003507 -0.001000 0.019349
v -0.003485 -0.001000 0.020792
v -0.006392 -0.001000 0.019393
v -0.006370 -0.001000 0.020835
v -0.009255 -0.001000 0.020878
v -0.006349 -0.001000 0.022278
v -0.009234 -0.001000 0.022321
v -0.006327 -0.001000 0.023720
v -0.009212 -0.001000 0.023763
v -0.003431 -0.001000 0.024398
v -0.010712 -0.001000 0.018833
v -0.009277 -0.001000 0.019436
v -0.009299 -0.001000 0.017993
v -0.009320 -0.001000 0.016550
v -0.012184 -0.001000 0.018036
v -0.006413 -0.001000 0.017950
v -0.003528 -0.001000 0.017907
v -0.003517 -0.001000 0.018628
v -0.006435 -0.001000 0.016507
v -0.003550 -0.001000 0.016464
v -0.009342 -0.001000 0.015108
v -0.012227 -0.001000 0.015151
v -0.015123 -0.001000 0.014473
v -0.015112 -0.001000 0.015194
v -0.012205 -0.001000 0.016594
v -0.015091 -0.001000 0.016637
v -0.015069 -0.001000 0.018080
v -0.016512 -0.001000 0.018101
v -0.016501 -0.001000 0.018822
v -0.016997 -0.001000 0.018838
v -0.016555 -0.001000 0.015216
v -0.016566 -0.001000 0.014495
v -0.016963 -0.001000 0.014410
v -0.017012 -0.001000 0.014109
v -0.016571 -0.001000 0.014134
v -0.017088 -0.001000 0.019229
v -0.017337 -0.001000 0.019543
v -0.016490 -0.001000 0.019544
v -0.016479 -0.001000 0.020265
v -0.015047 -0.001000 0.019522
v -0.012698 -0.001000 0.018863
v -0.015058 -0.001000 0.018801
v -0.015037 -0.001000 0.020243
v -0.015026 -0.001000 0.020965
v -0.016468 -0.001000 0.020986
v -0.017911 -0.001000 0.021008
v -0.017922 -0.001000 0.020287
v -0.019354 -0.001000 0.021029
v -0.017696 -0.001000 0.019720
v -0.002086 -0.001000 0.017885
v -0.000665 -0.001000 0.016421
v -0.000643 -0.001000 0.017863
v 0.000799 -0.001000 0.017842
v 0.002242 -0.001000 0.017820
v 0.000810 -0.001000 0.018563
v 0.001532 -0.001000 0.018552
v 0.000089 -0.001000 0.018574
v -0.000632 -0.001000 0.018585
v 0.000094 -0.001000 0.018935
v -0.000627 -0.001000 0.018945
v 0.000100 -0.001000 0.019295
v 0.000818 -0.001000 0.019104
v 0.000816 -0.001000 0.018924
v 0.001176 -0.001000 0.018918
v 0.001537 -0.001000 0.018913
v 0.001179 -0.001000 0.019099
v 0.001540 -0.001000 0.019093
v 0.001198 -0.001000 0.019273
v 0.000821 -0.001000 0.019284
v 0.000947 -0.001000 0.019432
v 0.001053 -0.001000 0.019325
v 0.002258 -0.001000 0.018902
v 0.002253 -0.001000 0.018542
v -0.000621 -0.001000 0.019306
v 0.000105 -0.001000 0.019656
v -0.002075 -0.001000 0.018606
v -0.000192 -0.001000 0.022423
v -0.000193 -0.001000 0.022581
v -0.000215 -0.001000 0.022366
v -0.000128 -0.001000 0.022739
v -0.000007 -0.001000 0.022858
v -0.000207 -0.001000 0.022907
v -0.000567 -0.001000 0.022913
v -0.000204 -0.001000 0.023088
v 0.000157 -0.001000 0.023082
v 0.000159 -0.001000 0.023262
v 0.000881 -0.001000 0.023252
v 0.000886 -0.001000 0.023612
v -0.018040 -0.001000 0.012352
v -0.016598 -0.001000 0.012331
v -0.017308 -0.001000 0.013063
v -0.053616 -0.001000 0.006813
v -0.054197 -0.001000 0.006761
v -0.053784 -0.001000 0.007051
v -0.054192 -0.001000 0.007122
v -0.060133 -0.001000 0.013063
v -0.058444 -0.001000 0.012236
v -0.059931 -0.001000 0.013559
vn 0.000000 1.000000 0.000000
vn 0.000000 1.000000 0.000000
vn 0.000000 1.000000 0.000000
vn 0.000000 1.000000 0.000000
vn 0.000000 1.000000 0.000000
vn 0.000000 1.000000 0.000000
vn 0.000000 1.000000 0.000000
vn 0.000000 1.000000 0.000000
vn 0.000000 1.000000 0.000000
vn 0.000000 1.000000 0.000000
vn 0.000000 1.000000 0.000000
vn 0.000000 1.000000 0.000000
vn 0.000000 1.000000 0.000000
vn 0.000000 1.000000 0.000000
vn 0.000000 1.000000 0.000000
vn 0.000000 1.000000 0.000000
vn 0.000000 1.000000 0.000000
vn 0.000000 1.000000 0.000000
vn 0.000000 1.000000 0.000000
vn 0.000000 1.000000 0.000000
vn 0.000000 1.000000 0.000000
vn 0.000000 1.000000 0.000000
vn 0.000000 1.000000 0.000000
vn 0.000000 1.000000 0.000000
vn 0.000000 1.000000 0.000000
vn 0.000000 1.000000 0.000000
vn 0.000000 1.000000 0.000000
vn 0.000000 1.000000 0.000000
vn 0.000000 1.000000 0.000000
vn 0.000000 1.000000 0.000000
vn 0.000000 1.000000 0.000000
vn 0.000000 1.000000 0.000000
vn 0.000000 1.000000 0.000000
vn 0.000000 1.000000 0.000000
vn 0.000000 1.000000 0.000000
vn 0.000000 1.000000 0.000000
vn 0.000000 1.000000 0.000000
vn 0.000000 1.000000 0.000000
vn 0.000000 1.000000 0.000000
vn 0.000000 1.000000 0.000000
vn 0.000000 1.000000 0.000000
vn 0.000000 1.000000 0.000000
vn 0.000000 1.000000 0.000000
vn 0.000000 1.000000 0.000000
vn 0.000000 1.000000 0.000000
vn 0.000000 1.000000 0.000000
vn 0.000000 1.000000 0.000000
vn 0.000000 1.000000 0.000000
vn 0.000000 1.000000 0.000000
vn 0.000000 1.000000 0.000000
vn 0.000000 1.000000 0.000000
vn 0.000000 1.000000 0.000000
vn 0.000000 1.000000 0.000000
vn 0.000000 1.000000 0.000000
vn 0.000000 1.000000 0.000000
vn 0.000000 1.000000 0.000000
vn 0.000000 1.000000 0.000000
vn 0.000000 1.000000 0.000000
vn 0.000000 1.000000 0.000000
vn 0.000000 1.000000 0.000000
vn 0.000000 1.000000 0.000000
vn 0.000000 1.000000 0.000000
vn 0.000000 1.000000 0.000000
vn 0.000000 1.000000 0.000000
vn 0.000000 1.000000 0.000000
vn 0.000000 1.000000 0.000000
vn 0.000000 1.000000 0.000000
vn 0.000000 1.000000 0.000000
vn 0.000000 1.000000 0.000000
vn 0.000000 1.000000 0.000000
vn 0.000000 1.000000 0.000000
vn 0.000000 1.000000 0.000000
vn 0.000000 1.000000 0.000000
vn 0.000000 1.000000 0.000000
vn 0.000000 1.000000 0.000000
vn 0.000000 1.000000 0.000000
vn 0.000000 1.000000 0.000000
vn 0.000000 1.000000 0.000000
vn 0.000000 1.000000 0.000000
vn 0.000000 1.000000 0.000000
vn 0.000000 1.000000 0.000000
vn 0.000000 1.000000 0.000000
vn 0.000000 1.000000 0.000000
vn 0.000000 1.000000 0.000000
vn 0.000000 1.000000 0.000000
vn 0.000000 1.000000 0.000000
vn 0.000000 1.000000 0.000000
vn 0.000000 1.000000 0.000000
vn 0.000000 1.000000 0.000000
vn 0.000000 1.000000 0.000000
vn 0.000000 1.000000 0.000000
vn 0.000000 1.000000 0.000000
vn 0.000000 1.000000 0.000000
vn 0.000000 1.000000 0.000000
vn 0.000000 1.000000 0.000000
vn 0.000000 1.000000 0.000000
vn 0.000000 1.000000 0.000000
vn 0.000000 1.000000 0.000000
vn 0.000000 1.000000 0.000000
vn 0.000000 1.000000 0.000000
vn 0.000000 1.000000 0.000000
vn 0.000000 1.000000 0.000000
vn 0.000000 1.000000 0.000000
vn 0.000000 1.000000 0.000000
vn 0.000000 1.000000 0.000000
vn 0.000000 1.000000 0.000000
vn 0.000000 1.000000 0.000000
vn 0.000000 1.000000 0.000000
vn 0.000000 1.000000 0.000000
vn 0.000000 1.000000 0.000000
vn 0.000000 1.000000 0.000000
vn 0.000000 1.000000 0.000000
vn 0.000000 1.000000 0.000000
vn 0.000000 1.000000 0.000000
vn 0.000000 1.000000 0.000000
vn 0.000000 1.000000 0.000000
vn 0.000000 1.000000 0.000000
vn 0.000000 1.000000 0.000000
vn 0.000000 1.000000 0.000000
vn 0.000000 1.000000 0.000000
vn 0.000000 1.000000 0.000000
vn 0.000000 1.000000 0.000000
vn 0.000000 1.000000 0.000000
vn 0.000000 1.000000 0.000000
vn 0.000000 1.000000 0.000000
vn 0.000000 1.000000 0.000000
vn 0.000000 1.000000 0.000000
vn 0.000000 1.000000 0.000000
vn 0.000000 1.000000 0.000000
vn 0.000000 1.000000 0.000000
vn 0.000000 1.000000 0.000000
vn 0.000000 1.000000 0.000000
vn 0.000000 1.000000 0.000000
vn 0.000000 1.000000 0.000000
vn 0.000000 1.000000 0.000000
vn 0.000000 1.000000 0.000000
vn 0.000000 1.000000 0.000000
vn 0.000000 1.000000 0.000000
vn 0.000000 1.000000 0.000000
vn 0.000000 1.000000 0.000000
vn 0.000000 1.000000 0.000000
vn 0.000000 1.000000 0.000000
vn 0.000000 1.000000 0.000000
vn 0.000000 1.000000 0.000000
vn 0.000000 1.000000 0.000000
vn 0.000000 1.000000 0.000000
vn 0.000000 1.000000 0.000000
vn 0.000000 1.000000 0.000000
vn 0.000000 1.000000 0.000000
vn 0.000000 1.000000 0.000000
vn 0.000000 1.000000 0.000000
vn 0.000000 1.000000 0.000000
vn 0.000000 1.000000 0.000000
vn 0.000000 1.000000 0.000000
vn 0.000000 1.000000 0.000000
vn 0.000000 1.000000 0.000000
vn 0.000000 1.000000 0.000000
vn 0.000000 1.000000 0.000000
vn 0.000000 1.000000 0.000000
vn 0.000000 1.000000 0.000000
vn 0.000000 1.000000 0.000000
vn 0.000000 1.000000 0.000000
vn 0.000000 1.000000 0.000000
vn 0.000000 1.000000 0.000000
vn 0.000000 1.000000 0.000000
vn 0.000000 1.000000 0.000000
vn 0.000000 1.000000 0.000000
vn 0.000000 1.000000 0.000000
vn 0.000000 1.000000 0.000000
vn 0.000000 1.000000 0.000000
vn 0.000000 1.000000 0.000000
vn 0.000000 1.000000 0.000000
vn 0.000000 1.000000 0.000000
vn 0.000000 1.000000 0.000000
vn 0.000000 1.000000 0.000000
vn 0.000000 1.000000 0.000000
vn 0.000000 1.000000 0.000000
vn 0.000000 1.000000 0.000000
vn 0.000000 1.000000 0.000000
vn 0.000000 1.000000 0.000000
vn 0.000000 1.000000 0.000000
vn 0.000000 1.000000 0.000000
vn 0.000000 1.000000 0.000000
vn 0.000000 1.000000 0.000000
vn 0.000000 1.000000 0.000000
vn 0.000000 1.000000 0.000000
vn 0.000000 1.000000 0.000000
vn 0.000000 1.000000 0.000000
vn 0.000000 1.000000 0.000000
vn 0.000000 1.000000 0.000000
vn 0.000000 1.000000 0.000000
vn 0.000000 1.000000 0.000000
vn 0.000000 1.000000 0.000000
vn 0.000000 1.000000 0.000000
vn 0.000000 1.000000 0.000000
vn 0.000000 1.000000 0.000000
vn 0.000000 1.000000 0.000000
vn 0.000000 1.000000 0.000000
vn 0.000000 1.000000 0.000000
vn 0.000000 1.000000 0.000000
vn 0.000000 1.000000 0.000000
vn 0.000000 1.000000 0.000000
vn 0.000000 1.000000 0.000000
vn 0.000000 1.000000 0.000000
vn 0.000000 1.000000 0.000000
vn 0.000000 1.000000 0.000000
vn 0.000000 1.000000 0.000000
vn 0.000000 1.000000 0.000000
vn 0.000000 1.000000 0.000000
vn 0.000000 1.000000 0.000000
vn 0.000000 1.000000 0.000000
vn 0.000000 1.000000 0.000000
vn 0.000000 1.000000 0.000000
vn 0.000000 1.000000 0.000000
vn 0.000000 1.000000 0.000000
vn 0.000000 1.000000 0.000000
vn 0.000000 1.000000 0.000000
vn 0.000000 1.000000 0.000000
vn 0.000000 1.000000 0.000000
vn 0.000000 1.000000 0.000000
vn 0.000000 1.000000 0.000000
vn 0.000000 1.000000 0.000000
vn 0.000000 1.000000 0.000000
vn 0.000000 1.000000 0.000000
vn 0.000000 1.000000 0.000000
vn 0.000000 1.000000 0.000000
vn 0.000000 1.000000 0.000000
vn 0.000000 1.000000 0.000000
vn 0.000000 1.000000 0.000000
vn 0.000000 1.000000 0.000000
vn 0.000000 1.000000 0.000000
vn 0.000000 1.000000 0.000000
vn 0.000000 1.000000 0.000000
vn 0.000000 1.000000 0.000000
vn 0.000000 1.000000 0.000000
vn 0.000000 1.000000 0.000000
vn 0.000000 1.000000 0.000000
vn 0.000000 1.000000 0.000000
vn 0.000000 1.000000 0.000000
vn 0.000000 1.000000 0.000000
vn 0.000000 1.000000 0.000000
vn 0.000000 1.000000 0.000000
vn 0.000000 1.000000 0.000000
vn 0.000000 1.000000 0.000000
vn 0.000000 1.000000 0.000000
vn 0.000000 1.000000 0.000000
vn 0.000000 1.000000 0.000000
vn 0.000000 1.000000 0.000000
vn 0.000000 1.000000 0.000000
vn 0.000000 1.000000 0.000000
vn 0.000000 1.000000 0.000000
vn 0.000000 1.000000 0.000000
vn 0.000000 1.000000 0.000000
vn 0.000000 1.000000 0.000000
vn 0.000000 1.000000 0.000000
vn 0.000000 1.000000 0.000000
vn 0.000000 1.000000 0.000000
vn 0.000000 1.000000 0.000000
vn 0.000000 1.000000 0.000000
vn 0.000000 1.000000 0.000000
vn 0.000000 1.000000 0.000000
vn 0.000000 1.000000 0.000000
vn 0.000000 1.000000 0.000000
vn 0.000000 1.000000 0.000000
vn 0.000000 1.000000 0.000000
vn 0.000000 1.000000 0.000000
vn 0.000000 1.000000 0.000000
vn 0.000000 1.000000 0.000000
vn 0.000000 1.000000 0.000000
vn 0.000000 1.000000 0.000000
vn 0.000000 1.000000 0.000000
vn 0.000000 1.000000 0.000000
vn 0.000000 1.000000 0.000000
vn 0.000000 1.000000 0.000000
vn 0.000000 1.000000 0.000000
vn 0.000000 1.000000 0.000000
vn 0.000000 1.000000 0.000000
vn 0.000000 1.000000 0.000000
vn 0.000000 1.000000 0.000000
vn 0.000000 1.000000 0.000000
vn 0.000000 1.000000 0.000000
vn 0.000000 1.000000 0.000000
vn 0.000000 1.000000 0.000000
vn 0.000000 1.000000 0.000000
vn 0.000000 1.000000 0.000000
vn 0.000000 1.000000 0.000000
vn 0.000000 1.000000 0.000000
vn 0.000000 1.000000 0.000000
vn 0.000000 1.000000 0.000000
vn 0.000000 1.000000 0.000000
vn 0.000000 1.000000 0.000000
vn 0.000000 1.000000 0.000000
vn 0.000000 1.000000 0.000000
vn 0.000000 1.000000 0.000000
vn 0.000000 1.000000 0.000000
vn 0.000000 1.000000 0.000000
vn 0.000000 1.000000 0.000000
vn 0.000000 1.000000 0.000000
vn 0.000000 1.000000 0.000000
vn 0.000000 1.000000 0.000000
vn 0.000000 1.000000 0.000000
vn 0.000000 1.000000 0.000000
vn 0.000000 1.000000 0.000000
vn 0.000000 1.000000 0.000000
vn 0.000000 1.000000 0.000000
vn 0.000000 1.000000 0.000000
vn 0.000000 1.000000 0.000000
vn 0.000000 1.000000 0.000000
vn 0.000000 1.000000 0.000000
vn 0.000000 1.000000 0.000000
vn 0.000000 1.000000 0.000000
vn 0.000000 1.000000 0.000000
vn 0.000000 1.000000 0.000000
vn 0.000000 1.000000 0.000000
vn 0.000000 1.000000 0.000000
vn 0.000000 1.000000 0.000000
vn 0.000000 1.000000 0.000000
vn 0.000000 1.000000 0.000000
vn 0.000000 1.000000 0.000000
vn 0.000000 1.000000 0.000000
vn 0.000000 1.000000 0.000000
vn 0.000000 1.000000 0.000000
vn 0.000000 1.000000 0.000000
vn 0.000000 1.000000 0.000000
vn 0.000000 1.000000 0.000000
vn 0.000000 1.000000 0.000000
vn 0.000000 1.000000 0.000000
vn 0.000000 1.000000 0.000000
vn 0.000000 1.000000 0.000000
vn 0.000000 1.000000 0.000000
vn 0.000000 1.000000 0.000000
vn 0.000000 1.000000 0.000000
vn 0.000000 1.000000 0.000000
vn 0.000000 1.000000 0.000000
vn 0.000000 1.000000 0.000000
vn 0.000000 1.000000 0.000000
vn 0.000000 1.000000 0.000000
vn 0.000000 1.000000 0.000000
vn 0.000000 1.000000 0.000000
vn 0.000000 1.000000 0.000000
vn 0.000000 1.000000 0.000000
vn 0.000000 1.000000 0.000000
vn 0.000000 1.000000 0.000000
vn 0.000000 1.000000 0.000000
vn 0.000000 1.000000 0.000000
vn 0.000000 1.000000 0.000000
vn 0.000000 1.000000 0.000000
vn 0.000000 1.000000 0.000000
vn 0.000000 1.000000 0.000000
vn 0.000000 1.000000 0.000000
vn 0.000000 1.000000 0.000000
vn 0.000000 1.000000 0.000000
vn 0.000000 1.000000 0.000000
vn 0.000000 1.000000 0.000000
vn 0.000000 1.000000 0.000000
vn 0.000000 1.000000 0.000000
vn 0.000000 1.000000 0.000000
vn 0.000000 1.000000 0.000000
vn 0.000000 1.000000 0.000000
vn 0.000000 1.000000 0.000000
vn 0.000000 1.000000 0.000000
vn 0.000000 1.000000 0.000000
vn 0.000000 1.000000 0.000000
vn 0.000000 1.000000 0.000000
vn 0.000000 1.000000 0.000000
vn 0.000000 1.000000 0.000000
vn 0.000000 1.000000 0.000000
vn 0.000000 1.000000 0.000000
vn 0.000000 1.000000 0.000000
vn 0.000000 1.000000 0.000000
vn 0.000000 1.000000 0.000000
vn 0.000000 1.000000 0.000000
vn 0.000000 1.000000 0.000000
vn 0.000000 1.000000 0.000000
vn 0.000000 1.000000 0.000000
vn 0.000000 1.000000 0.000000
vn 0.000000 1.000000 0.000000
vn 0.000000 1.000000 0.000000
vn 0.000000 1.000000 0.000000
vn 0.000000 1.000000 0.000000
vn 0.000000 1.000000 0.000000
vn 0.000000 1.000000 0.000000
vn 0.000000 1.000000 0.000000
vn 0.000000 1.000000 0.000000
vn 0.000000 1.000000 0.000000
vn 0.000000 1.000000 0.000000
vn 0.000000 1.000000 0.000000
vn 0.000000 1.000000 0.000000
vn 0.000000 1.000000 0.000000
vn 0.000000 1.000000 0.000000
vn 0.000000 1.000000 0.000000
vn 0.000000 1.000000 0.000000
vn 0.898725 -0.000000 0.438512
vn 0.898725 -0.000000 0.438512
vn 0.898725 -0.000000 0.438512
vn 0.898725 -0.000000 0.438512
vn 0.898725 -0.000000 0.438512
vn 0.898744 -0.000000 0.438473
vn 0.898744 -0.000000 0.438473
vn 0.898744 -0.000000 0.438473
vn 0.898744 -0.000000 0.438473
vn 0.898784 -0.000000 0.438392
vn 0.898823 -0.000000 0.438311
vn 0.999999 0.000000 -0.001300
vn 0.999999 0.000000 -0.001300
vn 0.897663 0.000000 -0.440682
vn 0.897663 0.000000 -0.440682
vn 0.612597 0.000000 -0.790396
vn 0.612597 0.000000 -0.790396
vn 0.202996 0.000000 -0.979180
vn 0.202996 0.000000 -0.979180
vn 0.202996 0.000000 -0.979180
vn 0.898784 -0.000000 0.438392
vn 0.202900 0.000000 -0.979199
vn 0.202900 0.000000 -0.979199
vn 0.202900 0.000000 -0.979199
vn 0.202900 0.000000 -0.979199
vn 0.202900 0.000000 -0.979199
vn 0.202900 0.000000 -0.979199
vn 0.202900 0.000000 -0.979199
vn 0.202900 0.000000 -0.979199
vn 0.202900 0.000000 -0.979199
vn 0.202900 0.000000 -0.979199
vn 0.202900 0.000000 -0.979199
vn 0.202900 0.000000 -0.979199
vn 0.202900 0.000000 -0.979199
vn 0.202900 0.000000 -0.979199
vn 0.202900 0.000000 -0.979199
vn 0.202900 0.000000 -0.979199
vn 0.202900 0.000000 -0.979199
vn 0.202900 0.000000 -0.979199
vn 0.202900 0.000000 -0.979199
vn 0.202900 0.000000 -0.979199
vn 0.202900 0.000000 -0.979199
vn 0.202900 0.000000 -0.979199
vn 0.202900 0.000000 -0.979199
vn 0.202900 0.000000 -0.979199
vn 0.202900 0.000000 -0.979199
vn 0.202900 0.000000 -0.979199
vn 0.202900 0.000000 -0.979199
vn 0.202900 0.000000 -0.979199
vn 0.202900 0.000000 -0.979199
vn 0.202900 0.000000 -0.979199
vn 0.202900 0.000000 -0.979199
vn 0.202900 0.000000 -0.979199
vn 0.202804 0.000000 -0.979219
vn -0.235400 0.000000 -0.971899
vn 0.202804 0.000000 -0.979219
vn -0.235400 0.000000 -0.971899
vn 0.202804 0.000000 -0.979219
vn -0.628286 0.000000 -0.777983
vn -0.900619 0.000000 -0.434609
vn -0.628286 0.000000 -0.777983
vn -0.900619 0.000000 -0.434609
vn -0.999970 0.000000 -0.007700
vn -0.999970 0.000000 -0.007800
vn -0.999970 0.000000 -0.007700
vn -0.999970 0.000000 -0.007700
vn -0.999970 0.000000 -0.007700
vn -0.999970 0.000000 -0.007700
vn -0.999971 0.000000 -0.007600
vn -0.999970 0.000000 -0.007700
vn -0.999970 0.000000 -0.007700
vn -0.999971 0.000000 -0.007600
vn -0.999970 0.000000 -0.007700
vn -0.999970 0.000000 -0.007700
vn -0.999970 0.000000 -0.007700
vn -0.999970 0.000000 -0.007700
vn -0.999970 0.000000 -0.007700
vn -0.999970 0.000000 -0.007700
vn -0.195097 -0.000000 0.980784
vn -0.506325 -0.000000 0.862343
vn -0.194193 -0.000000 0.980963
vn -0.194193 -0.000000 0.980963
vn -0.195097 -0.000000 0.980784
vn -0.506281 -0.000000 0.862368
vn -0.775208 -0.000000 0.631706
vn -0.946878 -0.000000 0.321593
vn -0.775208 -0.000000 0.631706
vn -0.946848 -0.000000 0.321682
vn -0.999972 0.000000 -0.007500
vn -0.999971 0.000000 -0.007600
vn -0.999972 0.000000 -0.007500
vn -0.999972 0.000000 -0.007500
vn -0.194404 -0.000000 0.980922
vn -0.194404 -0.000100 0.980921
vn -0.194404 -0.000000 0.980922
vn -0.194404 -0.000100 0.980921
vn -0.194404 -0.000000 0.980922
vn -0.194404 -0.000000 0.980922
vn -0.194404 -0.000000 0.980922
vn -0.194404 -0.000000 0.980922
vn -0.194404 -0.000000 0.980922
vn -0.194404 -0.000000 0.980922
vn -0.194404 -0.000000 0.980922
vn -0.194404 -0.000000 0.980922
vn -0.194404 -0.000000 0.980922
vn -0.194404 0.000100 0.980921
vn -0.194404 0.000100 0.980921
vn -0.194404 -0.000000 0.980922
vn -0.194404 -0.000000 0.980922
vn -0.194404 0.000100 0.980921
vn -0.194404 -0.000000 0.980922
vn -0.194404 -0.000000 0.980922
vn -0.194404 -0.000000 0.980922
vn -0.194404 -0.000000 0.980922
vn -0.194404 -0.000100 0.980921
vn -0.194404 -0.000000 0.980922
vn -0.194404 -0.000000 0.980922
vn -0.194404 -0.000000 0.980922
vn -0.194404 -0.000000 0.980922
vn -0.194404 -0.000000 0.980922
vn -0.194404 -0.000000 0.980922
vn -0.194404 -0.000000 0.980922
vn -0.194404 -0.000000 0.980922
vn -0.194404 -0.000000 0.980922
vn -0.194404 -0.000000 0.980922
vn -0.194404 -0.000000 0.980922
vn -0.194404 -0.000000 0.980922
vn -0.194308 -0.000000 0.980941
vn -0.194404 0.000200 0.980921
vn -0.194404 -0.000000 0.980922
vn -0.194308 0.000200 0.980941
vn -0.194308 -0.000000 0.980941
vn -0.194308 -0.000000 0.980941
vn -0.194308 -0.000000 0.980941
vn -0.194308 -0.000000 0.980941
vn -0.194308 -0.000000 0.980941
vn -0.194308 -0.000000 0.980941
vn -0.194308 -0.000000 0.980941
vn -0.194404 0.000200 0.980921
vn -0.194308 -0.000000 0.980941
vn -0.194404 -0.000200 0.980921
vn -0.194404 -0.000000 0.980922
vn -0.193904 -0.000000 0.981021
vn 0.123198 -0.000000 0.992382
vn -0.194904 -0.000000 0.980822
vn -0.194500 -0.000000 0.980902
vn 0.122804 -0.000000 0.992431
vn -0.195097 -0.000000 0.980784
vn 0.444492 -0.000000 0.895783
vn 0.444492 -0.000000 0.895783
vn 0.716000 -0.000000 0.698100
vn 0.715803 -0.000000 0.698303
vn 0.898921 -0.000000 0.438110
vn 0.898921 -0.000000 0.438110
vn 0.898627 -0.000000 0.438713
vn 0.898588 -0.000000 0.438794
vn 0.974682 0.000000 -0.223596
vn 0.974682 0.000000 -0.223596
vn 0.974660 -0.000200 -0.223691
vn 0.974682 0.000100 -0.223596
vn 0.974682 0.000000 -0.223596
vn 0.974682 0.000000 -0.223596
vn 0.974682 -0.000100 -0.223596
vn 0.974682 0.000000 -0.223596
vn 0.974682 -0.000300 -0.223596
vn 0.974660 0.000000 -0.223691
vn 0.974660 0.000000 -0.223691
vn 0.974660 0.000000 -0.223691
vn 0.974682 0.000100 -0.223596
vn 0.974682 0.000000 -0.223596
vn 0.974682 0.000000 -0.223596
vn 0.974682 0.000000 -0.223596
vn 0.974682 0.000000 -0.223596
vn 0.974682 0.000000 -0.223596
vn 0.974660 0.000000 -0.223691
vn 0.974682 0.000000 -0.223596
vn 0.974682 0.000000 -0.223596
vn 0.974660 -0.000200 -0.223691
vn 0.974682 0.000000 -0.223596
vn 0.974682 -0.000100 -0.223596
vn 0.974682 0.000000 -0.223596
vn 0.974682 -0.000100 -0.223596
vn 0.974682 0.000000 -0.223596
vn 0.974682 0.000000 -0.223596
vn 0.974682 0.000000 -0.223596
vn 0.974682 0.000000 -0.223596
vn 0.974682 0.000000 -0.223596
vn 0.974682 0.000000 -0.223596
vn 0.974682 0.000000 -0.223596
vn 0.974682 0.000100 -0.223596
vn 0.974682 0.000000 -0.223596
vn 0.974660 0.000200 -0.223691
vn 0.974682 0.000000 -0.223596
vn 0.974682 0.000000 -0.223596
vn 0.974682 0.000100 -0.223596
vn 0.974682 0.000000 -0.223596
vn 0.974682 0.000000 -0.223596
vn 0.974682 0.000000 -0.223596
vn 0.974682 0.000000 -0.223596
vn 0.974660 0.000000 -0.223691
vn 0.974682 -0.000100 -0.223596
vn 0.974660 0.000200 -0.223691
vn 0.974682 0.000000 -0.223596
vn 0.974682 0.000000 -0.223596
vn 0.974660 0.000000 -0.223691
vn 0.974660 0.000000 -0.223691
vn 0.974660 0.000000 -0.223691
vn 0.974660 0.000000 -0.223691
vn 0.974660 0.000000 -0.223691
vn 0.974660 0.000000 -0.223691
vn 0.974568 0.000000 -0.224093
vn 0.846805 0.000000 -0.531903
vn 0.974541 0.000000 -0.224209
vn 0.974660 0.000000 -0.223691
vn 0.974568 0.000000 -0.224093
vn 0.846805 0.000000 -0.531903
vn 0.608192 0.000000 -0.793790
vn 0.608192 0.000000 -0.793790
vn 0.293186 0.000000 -0.956055
vn 0.293186 0.000000 -0.956055
vn -0.037400 0.000000 -0.999300
vn -0.037500 0.000000 -0.999297
vn -0.036501 0.000000 -0.999334
vn -0.037500 0.000000 -0.999297
vn -0.037600 0.000000 -0.999293
vn -0.037600 0.000000 -0.999293
vn -0.037600 0.000000 -0.999293
vn -0.037600 0.000000 -0.999293
vn -0.037600 0.000000 -0.999293
vn -0.037600 0.000000 -0.999293
vn -0.037600 0.000000 -0.999293
vn -0.037600 0.000000 -0.999293
vn -0.037500 0.000000 -0.999297
vn -0.037500 0.000000 -0.999297
vn -0.037500 0.000000 -0.999297
vn -0.037500 0.000000 -0.999297
vn -0.037500 0.000000 -0.999297
vn -0.037999 0.000000 -0.999278
vn -0.461397 0.000000 -0.887194
vn -0.037500 0.000000 -0.999297
vn -0.037999 0.000000 -0.999278
vn -0.461397 0.000000 -0.887194
vn -0.796470 0.000000 -0.604678
vn -0.796470 0.000000 -0.604678
vn -0.978530 0.000000 -0.206106
vn -0.972715 -0.000000 0.232004
vn -0.978530 0.000000 -0.206106
vn -0.972715 -0.000000 0.232004
vn -0.972715 -0.000000 0.232004
vn -0.972692 -0.000000 0.232098
vn -0.972692 -0.000000 0.232098
vn -0.972692 -0.000100 0.232098
vn -0.972692 -0.000000 0.232098
vn -0.972692 0.000100 0.232098
vn -0.972692 -0.000000 0.232098
vn -0.972692 -0.000000 0.232098
vn -0.972692 -0.000000 0.232098
vn -0.972692 -0.000000 0.232098
vn -0.972692 -0.000000 0.232098
vn -0.972692 -0.000000 0.232098
vn -0.972692 -0.000000 0.232098
vn -0.972692 -0.000000 0.232098
vn -0.972692 -0.000000 0.232098
vn -0.972692 -0.000000 0.232098
vn -0.972692 -0.000000 0.232098
vn -0.972692 -0.000000 0.232098
vn -0.972692 -0.000000 0.232098
vn -0.972692 -0.000000 0.232098
vn -0.972692 -0.000000 0.232098
vn -0.972692 -0.000000 0.232098
vn -0.972692 -0.000000 0.232098
vn -0.972692 -0.000000 0.232098
vn -0.972692 -0.000000 0.232098
vn -0.972692 -0.000000 0.232098
vn -0.972692 -0.000000 0.232098
vn -0.972692 -0.000000 0.232098
vn -0.972692 -0.000000 0.232098
vn -0.972692 -0.000000 0.232098
vn -0.972692 -0.000000 0.232098
vn -0.972692 -0.000000 0.232098
vn -0.972692 -0.000000 0.232098
vn -0.972642 -0.000000 0.232310
vn -0.771693 -0.000000 0.635995
vn -0.972670 -0.000000 0.232193
vn -0.972642 -0.000000 0.232310
vn -0.771425 -0.000000 0.636321
vn -0.413584 -0.000000 0.910466
vn -0.413584 -0.000000 0.910466
vn 0.028700 -0.000000 0.999588
vn 0.028700 -0.000000 0.999588
vn 0.465083 -0.000000 0.885267
vn 0.465083 -0.000000 0.885267
vn 0.465083 -0.000000 0.885267
vn 0.465202 -0.000000 0.885204
vn 0.465202 -0.000000 0.885204
vn 0.465202 -0.000000 0.885204
vn 0.465202 -0.000000 0.885204
vn 0.465202 -0.000000 0.885204
vn 0.465202 -0.000000 0.885204
vn 0.465202 -0.000000 0.885204
vn 0.465202 -0.000000 0.885204
vn 0.465202 -0.000000 0.885204
vn 0.974704 0.000000 -0.223501
vn 0.995628 -0.000000 0.093403
vn 0.974704 0.000000 -0.223501
vn 0.974704 0.000000 -0.223501
vn 0.995628 -0.000000 0.093403
vn 0.908626 -0.000000 0.417612
vn 0.974704 0.000000 -0.223501
vn 0.908626 -0.000000 0.417612
vn 0.719300 -0.000000 0.694700
vn 0.465004 -0.000000 0.885308
vn 0.465598 -0.000000 0.884996
vn 0.719398 -0.000000 0.694598
vn 0.464926 -0.000000 0.885350
vn 0.466509 -0.000000 0.884517
vn 0.989032 0.000000 -0.147705
vn 0.989031 0.000200 -0.147705
vn 0.989032 0.000000 -0.147705
vn 0.989032 0.000000 -0.147705
vn 0.989032 0.000000 -0.147705
vn 0.989032 0.000000 -0.147705
vn 0.989032 0.000000 -0.147705
vn 0.989032 0.000000 -0.147705
vn 0.989032 0.000000 -0.147705
vn 0.989032 0.000000 -0.147705
vn 0.989032 0.000000 -0.147705
vn 0.989032 0.000000 -0.147705
vn 0.989032 0.000000 -0.147705
vn 0.989032 0.000000 -0.147705
vn 0.989032 0.000000 -0.147705
vn 0.989032 0.000000 -0.147705
vn 0.989032 0.000000 -0.147705
vn 0.989032 0.000000 -0.147705
vn 0.989032 0.000000 -0.147705
vn 0.989032 0.000000 -0.147705
vn 0.989031 -0.000200 -0.147705
vn 0.989032 0.000000 -0.147705
vn 0.989032 0.000000 -0.147705
vn 0.989032 0.000000 -0.147705
vn 0.989032 0.000000 -0.147705
vn 0.989046 0.000000 -0.147607
vn 0.989046 0.000000 -0.147607
vn 0.989046 0.000000 -0.147607
vn 0.989031 -0.000300 -0.147705
vn 0.989032 0.000000 -0.147705
vn 0.989032 0.000000 -0.147705
vn 0.989032 0.000000 -0.147705
vn 0.989032 0.000000 -0.147705
vn 0.989032 0.000000 -0.147705
vn 0.989046 0.000000 -0.147607
vn 0.989032 0.000000 -0.147705
vn 0.989032 0.000000 -0.147705
vn 0.974958 -0.000100 -0.222390
vn 0.962948 -0.000000 0.269686
vn 0.974958 0.000000 -0.222390
vn 0.974958 0.000000 -0.222390
vn 0.962948 -0.000000 0.269686
vn 0.717578 -0.000000 0.696478
vn 0.717578 -0.000000 0.696478
vn 0.298412 -0.000000 0.954437
vn 0.298412 -0.000000 0.954437
vn -0.193096 -0.000000 0.981180
vn -0.193000 0.000100 0.981199
vn -0.193000 -0.000000 0.981199
vn -0.118605 -0.000000 0.992942
vn -0.118495 -0.000000 0.992955
vn -0.118396 -0.000200 0.992966
vn -0.118605 -0.000000 0.992942
vn -0.118605 -0.000000 0.992942
vn -0.118495 -0.000000 0.992955
vn -0.118495 -0.000000 0.992955
vn -0.118495 -0.000000 0.992955
vn -0.118495 -0.000000 0.992955
vn -0.118495 -0.000000 0.992955
vn -0.118495 0.000100 0.992955
vn -0.118495 -0.000000 0.992955
vn -0.118495 -0.000000 0.992955
vn -0.118495 -0.000000 0.992955
vn -0.118495 -0.000000 0.992955
vn -0.118495 -0.000000 0.992955
vn -0.118495 -0.000000 0.992955
vn -0.118605 -0.000000 0.992942
vn -0.118605 -0.000000 0.992942
vn -0.118495 -0.000200 0.992955
vn -0.118495 -0.000100 0.992955
vn -0.118495 -0.000000 0.992955
vn -0.118495 -0.000000 0.992955
vn -0.118495 -0.000000 0.992955
vn -0.118495 -0.000000 0.992955
vn -0.118495 -0.000000 0.992955
vn -0.118495 -0.000000 0.992955
vn -0.118495 -0.000000 0.992955
vn -0.118495 0.000100 0.992955
vn -0.118506 -0.000000 0.992953
vn -0.118495 -0.000000 0.992955
vn -0.118495 -0.000000 0.992955
vn -0.118495 -0.000000 0.992955
vn -0.118495 -0.000000 0.992955
vn -0.118495 -0.000000 0.992955
vn -0.118495 -0.000000 0.992955
vn -0.118495 -0.000000 0.992955
vn -0.245711 -0.000100 0.969343
vn 0.122804 -0.000000 0.992431
vn -0.072803 -0.000000 0.997346
vn -0.246205 -0.000000 0.969218
vn -0.072697 -0.000000 0.997354
vn -0.246111 -0.000000 0.969242
vn -0.072697 -0.000000 0.997354
vn -0.246111 -0.000000 0.969242
vn -0.244794 0.000100 0.969575
vn -0.073102 -0.000000 0.997324
vn 0.120304 -0.000000 0.992737
vn 0.123604 -0.000100 0.992332
vn 0.328501 -0.000000 0.944504
vn 0.534719 0.000200 0.845030
vn 0.532585 0.000100 0.846376
vn 0.854104 0.000300 0.520102
vn 0.712486 0.000100 0.701686
vn 0.853309 0.000100 0.521406
vn 0.712784 -0.000000 0.701384
vn 0.532208 -0.000000 0.846613
vn 0.853568 -0.000000 0.520981
vn 0.712784 -0.000000 0.701384
vn 0.713279 -0.000200 0.700880
vn 0.532208 -0.000000 0.846613
vn 0.853568 -0.000000 0.520981
vn 0.853613 -0.000300 0.520908
vn 0.945063 -0.000000 0.326887
vn 0.945125 -0.000300 0.326709
vn 0.990585 -0.000000 0.136898
vn 0.990585 -0.000000 0.136898
vn 0.945063 -0.000000 0.326887
vn 0.945156 0.000200 0.326619
vn 0.990585 -0.000000 0.136898
vn 0.990558 -0.000000 0.137094
vn 0.990558 -0.000000 0.137094
vn 0.853872 -0.000200 0.520483
vn 0.533993 -0.000000 0.845489
vn 0.532702 -0.000100 0.846303
vn 0.327993 -0.000000 0.944680
vn 0.120797 -0.000000 0.992677
vn 0.328412 -0.000000 0.944535
vn 0.120896 -0.000000 0.992665
vn 0.328501 -0.000000 0.944504
vn 0.120896 -0.000000 0.992665
vn 0.934137 -0.000000 0.356914
vn 0.934104 -0.000000 0.357002
vn 0.934137 -0.000000 0.356914
vn 0.934137 -0.000000 0.356914
vn 0.934104 -0.000000 0.357002
vn 0.934137 -0.000000 0.356914
vn 0.934137 -0.000000 0.356914
vn 0.934104 -0.000000 0.357002
vn 0.934104 -0.000000 0.357002
vn 0.934104 -0.000000 0.357002
vn 0.934104 -0.000000 0.357002
vn 0.934137 -0.000000 0.356914
vn 0.934137 -0.000000 0.356914
vn 0.934137 -0.000000 0.356914
vn 0.934137 -0.000000 0.356914
vn 0.934137 -0.000000 0.356914
vn 0.192807 -0.000200 -0.981237
vn 0.540474 0.000000 -0.841360
vn 0.366713 -0.000100 -0.930334
vn 0.191499 0.000000 -0.981493
vn 0.366886 0.000000 -0.930266
vn 0.192903 0.000000 -0.981218
vn 0.191499 0.000000 -0.981493
vn 0.366886 0.000000 -0.930266
vn 0.536875 0.000000 -0.843662
vn 0.367301 0.000100 -0.930102
vn 0.536617 0.000100 -0.843826
vn 0.540707 -0.000200 -0.841211
vn 0.193500 0.000200 -0.981100
vn 0.830385 -0.000300 -0.557190
vn 0.692663 0.000000 -0.721261
vn 0.693223 0.000000 -0.720724
vn 0.824561 0.000000 -0.565773
vn 0.824529 0.000000 -0.565820
vn 0.981020 0.000100 -0.193904
vn 0.980982 0.000000 -0.194097
vn 0.983391 0.000000 -0.181498
vn 0.999985 0.000100 0.005500
vn 0.999985 -0.000000 0.005400
vn 0.981157 -0.000000 0.193211
vn 0.981161 -0.000200 0.193192
vn 0.981180 -0.000000 0.193096
vn 0.981138 -0.000000 0.193308
vn 0.999985 -0.000000 0.005500
vn 0.980982 0.000000 -0.194097
vn 0.999985 -0.000000 0.005400
vn 0.981161 0.000200 0.193192
vn 0.981001 -0.000100 -0.194000
vn 0.983373 0.000000 -0.181595
vn 0.830385 0.000100 -0.557190
vn 0.824561 0.000100 -0.565773
vn 0.824561 0.000000 -0.565773
vn 0.693121 0.000000 -0.720822
vn 0.536804 -0.000100 -0.843707
vn 0.693223 0.000000 -0.720724
vn 0.536875 0.000000 -0.843662
vn 0.142093 0.000000 -0.989853
vn 0.142093 0.000000 -0.989853
vn 0.142093 0.000000 -0.989853
vn 0.142093 0.000000 -0.989853
vn 0.142093 0.000000 -0.989853
vn 0.142093 0.000000 -0.989853
vn 0.142093 0.000000 -0.989853
vn 0.142093 0.000000 -0.989853
vn 0.142093 0.000000 -0.989853
vn 0.142093 0.000000 -0.989853
vn 0.142093 0.000000 -0.989853
vn 0.142093 0.000000 -0.989853
vn 0.142093 0.000000 -0.989853
vn 0.142093 0.000000 -0.989853
vn 0.142093 0.000100 -0.989853
vn 0.142093 0.000000 -0.989853
vn 0.142093 0.000100 -0.989853
vn 0.142093 0.000000 -0.989853
vn 0.142093 0.000000 -0.989853
vn 0.142093 0.000000 -0.989853
vn 0.142093 0.000000 -0.989853
vn 0.142093 0.000000 -0.989853
vn 0.142093 0.000000 -0.989853
vn 0.142093 0.000000 -0.989853
vn 0.142093 0.000000 -0.989853
vn 0.142093 0.000000 -0.989853
vn 0.142093 0.000000 -0.989853
vn 0.142093 0.000000 -0.989853
vn 0.142093 0.000000 -0.989853
vn 0.142093 0.000000 -0.989853
vn 0.142093 0.000000 -0.989853
vn 0.142093 -0.000100 -0.989853
vn 0.142093 0.000000 -0.989853
vn 0.142093 -0.000100 -0.989853
vn 0.142093 0.000000 -0.989853
vn 0.142093 0.000000 -0.989853
vn 0.142093 0.000000 -0.989853
vn 0.142093 0.000000 -0.989853
vn 0.142093 0.000000 -0.989853
vn -0.717578 0.000000 -0.696478
vn -0.298292 0.000000 -0.954475
vn -0.717578 0.000000 -0.696478
vn -0.962948 0.000000 -0.269686
vn -0.962948 0.000000 -0.269686
vn -0.974958 -0.000000 0.222390
vn -0.974958 -0.000000 0.222390
vn -0.974958 -0.000000 0.222390
vn -0.298292 0.000000 -0.954475
vn 0.193096 0.000000 -0.981180
vn 0.193096 0.000000 -0.981180
vn 0.193096 0.000000 -0.981180
vn -0.985151 -0.000000 0.171691
vn -0.985168 -0.000100 0.171594
vn -0.985168 -0.000000 0.171594
vn -0.985151 -0.000000 0.171691
vn -0.985151 -0.000000 0.171691
vn -0.985168 -0.000000 0.171594
vn -0.985168 -0.000000 0.171594
vn -0.985168 0.000100 0.171594
vn -0.985168 0.000100 0.171594
vn -0.985151 -0.000000 0.171691
vn -0.985168 -0.000000 0.171594
vn -0.985168 -0.000000 0.171594
vn -0.985151 -0.000000 0.171691
vn -0.985151 -0.000000 0.171691
vn -0.985168 -0.000000 0.171594
vn -0.985151 -0.000000 0.171691
vn -0.985168 -0.000000 0.171594
vn -0.985151 -0.000000 0.171691
vn -0.985151 0.000100 0.171691
vn -0.985168 -0.000000 0.171594
vn -0.985151 -0.000000 0.171691
vn -0.985151 -0.000000 0.171691
vn -0.985151 -0.000000 0.171691
vn -0.985151 -0.000000 0.171691
vn -0.985151 -0.000000 0.171691
vn -0.985151 -0.000000 0.171691
vn -0.985151 -0.000000 0.171691
vn -0.985151 -0.000000 0.171691
vn -0.985151 -0.000000 0.171691
vn -0.985151 -0.000000 0.171691
vn -0.985151 -0.000000 0.171691
vn -0.985151 -0.000000 0.171691
vn -0.985168 -0.000000 0.171594
vn -0.985151 -0.000000 0.171691
vn -0.985151 -0.000000 0.171691
vn -0.985151 -0.000000 0.171691
vn -0.985151 -0.000000 0.171691
vn -0.985151 -0.000000 0.171691
vn -0.985151 -0.000000 0.171691
vn -0.985151 -0.000000 0.171691
vn -0.985151 -0.000000 0.171691
vn -0.985151 -0.000000 0.171691
vn -0.985151 -0.000100 0.171691
vn -0.974747 -0.000800 0.223311
vn -0.824482 -0.000400 0.565888
vn -0.915776 -0.000100 0.401690
vn -0.974866 -0.000000 0.222792
vn -0.974839 -0.000000 0.222909
vn -0.915723 -0.000000 0.401810
vn -0.915723 -0.000000 0.401810
vn -0.817306 -0.000000 0.576204
vn -0.817433 0.000100 0.576023
vn -0.817306 -0.000000 0.576204
vn -0.523087 -0.000000 0.852279
vn -0.339711 -0.000000 0.940530
vn -0.523467 0.000100 0.852046
vn -0.523087 -0.000000 0.852279
vn -0.339711 -0.000000 0.940530
vn -0.523467 0.000300 0.852046
vn -0.340185 -0.000100 0.940359
vn -0.532513 -0.000200 0.846422
vn -0.817433 -0.000100 0.576023
vn -0.824482 0.000300 0.565888
vn -0.915813 -0.000000 0.401606
vn -0.974866 -0.000000 0.222792
vn -0.974747 0.000800 0.223311
vn -0.152696 -0.000100 0.988273
vn -0.146697 -0.000000 0.989181
vn 0.044700 -0.000000 0.999000
vn 0.221396 -0.000000 0.975184
vn 0.225393 -0.000000 0.974268
vn 0.221396 -0.000000 0.975184
vn 0.044301 -0.000000 0.999018
vn -0.147802 -0.000000 0.989017
vn 0.043498 -0.000000 0.999054
vn 0.044101 -0.000000 0.999027
vn -0.147802 -0.000000 0.989017
vn 0.223406 -0.000000 0.974726
vn 0.222602 -0.000000 0.974909
vn -0.152305 0.000100 0.988334
vn -0.147397 -0.000000 0.989077
vn -0.340185 0.000100 0.940359
vn -0.532513 0.000200 0.846422
vn 0.392483 -0.000000 0.919759
vn 0.392519 -0.000000 0.919744
vn 0.392483 -0.000000 0.919759
vn 0.392483 -0.000000 0.919759
vn 0.392519 -0.000000 0.919744
vn 0.392483 -0.000000 0.919759
vn 0.392483 -0.000000 0.919759
vn 0.392519 -0.000000 0.919744
vn 0.392519 -0.000000 0.919744
vn 0.392519 -0.000000 0.919744
vn 0.392519 -0.000000 0.919744
vn 0.392519 -0.000000 0.919744
vn 0.164302 -0.000000 0.986410
vn 0.543620 -0.000200 0.839331
vn 0.360815 -0.000000 0.932638
vn 0.166798 -0.000000 0.985991
vn 0.167301 -0.000000 0.985906
vn 0.361698 -0.000000 0.932295
vn 0.558916 -0.000000 0.829224
vn 0.362200 -0.000000 0.932100
vn 0.166993 -0.000000 0.985958
vn 0.360902 -0.000000 0.932604
vn 0.558870 -0.000000 0.829255
vn 0.731328 -0.000000 0.682026
vn 0.559629 0.000200 0.828743
vn 0.543388 0.000100 0.839482
vn 0.731760 0.000300 0.681563
vn 0.860041 -0.000200 0.510225
vn 0.867917 -0.000000 0.496710
vn 0.868028 -0.000000 0.496516
vn 0.956204 -0.000200 0.292701
vn 0.996234 -0.000100 0.086703
vn 0.956232 -0.000000 0.292610
vn 0.995638 -0.000100 0.093304
vn 0.961187 0.000300 -0.275896
vn 0.994419 -0.000100 -0.105502
vn 0.961274 0.000000 -0.275593
vn 0.994430 0.000000 -0.105403
vn 0.996234 -0.000000 0.086703
vn 0.994419 0.000000 -0.105502
vn 0.994419 0.000000 -0.105502
vn 0.961240 0.000000 -0.275712
vn 0.996234 -0.000000 0.086703
vn 0.961274 0.000000 -0.275593
vn 0.961214 0.000000 -0.275804
vn 0.995619 0.000200 0.093502
vn 0.860181 0.000100 0.509989
vn 0.956296 0.000100 0.292399
vn 0.996243 -0.000000 0.086604
vn 0.956232 -0.000000 0.292610
vn 0.868095 -0.000000 0.496397
vn 0.868028 -0.000000 0.496516
vn 0.731521 -0.000200 0.681819
vn 0.731328 -0.000000 0.682026
vn 0.559284 -0.000100 0.828976
vn 0.164302 -0.000000 0.986410
vn -0.193192 -0.000000 0.981161
vn -0.193192 -0.000000 0.981161
vn -0.193192 -0.000000 0.981161
vn -0.193192 -0.000000 0.981161
vn -0.193192 -0.000000 0.981161
vn -0.193192 -0.000000 0.981161
vn -0.193192 -0.000000 0.981161
vn -0.193192 -0.000000 0.981161
vn -0.193192 -0.000000 0.981161
vn -0.193192 -0.000000 0.981161
vn -0.193192 -0.000000 0.981161
vn -0.193192 -0.000000 0.981161
vn -0.193192 -0.000000 0.981161
vn -0.193192 -0.000000 0.981161
vn -0.193192 -0.000000 0.981161
vn -0.193192 -0.000000 0.981161
vn -0.193192 -0.000000 0.981161
vn -0.193192 -0.000000 0.981161
vn -0.193192 -0.000000 0.981161
vn -0.193192 -0.000000 0.981161
vn -0.193192 -0.000000 0.981161
vn -0.193192 -0.000000 0.981161
vn -0.193192 -0.000000 0.981161
vn -0.193192 -0.000000 0.981161
vn -0.193192 -0.000000 0.981161
vn -0.193192 -0.000000 0.981161
vn -0.193307 -0.000000 0.981138
vn -0.551488 -0.000000 0.834183
vn -0.193307 -0.000000 0.981138
vn -0.193307 -0.000000 0.981138
vn -0.551488 -0.000000 0.834183
vn -0.836089 -0.000000 0.548593
vn -0.836089 -0.000000 0.548593
vn -0.984283 -0.000000 0.176597
vn -0.984283 -0.000000 0.176597
vn -0.981180 0.000000 -0.193096
vn -0.981180 0.000000 -0.193096
vn -0.981180 0.000000 -0.193096
vn -0.934137 0.000000 -0.356914
vn -0.934137 0.000000 -0.356914
vn -0.934137 0.000000 -0.356914
vn -0.934137 0.000000 -0.356914
vn -0.934137 0.000000 -0.356914
vn -0.934137 0.000000 -0.356914
vn -0.934137 0.000000 -0.356914
vn -0.934137 0.000000 -0.356914
vn -0.934104 0.000000 -0.357002
vn -0.934104 0.000000 -0.357002
vn -0.934104 0.000000 -0.357002
vn -0.934104 0.000000 -0.357002
vn -0.934104 0.000000 -0.357002
vn -0.934104 0.000000 -0.357002
vn -0.934137 0.000000 -0.356914
vn -0.990585 0.000000 -0.136898
vn -0.990585 0.000000 -0.136898
vn -0.843900 0.000000 -0.536500
vn -0.520483 0.000000 -0.853872
vn -0.843900 0.000000 -0.536500
vn -0.520483 0.000000 -0.853872
vn -0.990585 0.000000 -0.136898
vn -0.115600 0.000000 -0.993296
vn 0.246205 0.000000 -0.969218
vn -0.115797 0.000000 -0.993273
vn 0.245805 0.000100 -0.969319
vn 0.246205 0.000000 -0.969218
vn 0.211898 0.000000 -0.977292
vn 0.211898 0.000000 -0.977292
vn 0.211898 0.000000 -0.977292
vn 0.211898 0.000000 -0.977292
vn 0.211898 0.000000 -0.977292
vn 0.211898 0.000000 -0.977292
vn 0.211898 0.000000 -0.977292
vn 0.211898 0.000000 -0.977292
vn 0.211898 0.000000 -0.977292
vn 0.211898 0.000000 -0.977292
vn 0.211898 0.000000 -0.977292
vn 0.211898 0.000000 -0.977292
vn 0.211898 0.000000 -0.977292
vn 0.211898 0.000000 -0.977292
vn 0.211898 0.000000 -0.977292
vn 0.211898 0.000000 -0.977292
vn 0.211898 0.000000 -0.977292
vn 0.211898 0.000000 -0.977292
vn 0.211898 0.000000 -0.977292
vn 0.211898 0.000000 -0.977292
vn 0.211898 0.000000 -0.977292
vn 0.211898 0.000000 -0.977292
vn 0.211898 0.000000 -0.977292
vn 0.211898 0.000000 -0.977292
vn 0.211898 0.000000 -0.977292
vn 0.211898 0.000000 -0.977292
vn 0.211898 0.000000 -0.977292
vn 0.211898 0.000000 -0.977292
vn 0.211898 0.000000 -0.977292
vn 0.211898 0.000000 -0.977292
vn 0.193096 0.000000 -0.981180
vn -0.300796 0.000000 -0.953688
vn 0.193096 0.000000 -0.981180
vn -0.300796 0.000000 -0.953688
vn -0.717628 0.000000 -0.696427
vn -0.963638 0.000000 -0.267211
vn -0.717628 0.000000 -0.696427
vn -0.963638 0.000000 -0.267211
vn -0.974958 -0.000000 0.222390
vn -0.974958 -0.000000 0.222390
vn -0.970600 -0.000000 0.240700
vn -0.970600 -0.000000 0.240700
vn -0.970600 -0.000000 0.240700
vn -0.970600 -0.000000 0.240700
vn -0.970600 -0.000000 0.240700
vn -0.970600 -0.000000 0.240700
vn -0.970600 -0.000000 0.240700
vn -0.970600 -0.000000 0.240700
vn -0.970600 -0.000000 0.240700
vn -0.970600 -0.000000 0.240700
vn -0.970600 -0.000000 0.240700
vn -0.970600 -0.000000 0.240700
vn -0.970600 -0.000000 0.240700
vn -0.970600 -0.000000 0.240700
vn -0.970600 -0.000000 0.240700
vn -0.970600 -0.000000 0.240700
vn -0.970600 -0.000000 0.240700
vn -0.970576 -0.000000 0.240794
vn -0.970576 -0.000000 0.240794
vn -0.970576 -0.000000 0.240794
vn -0.970576 -0.000000 0.240794
vn -0.970576 -0.000000 0.240794
vn -0.970576 -0.000000 0.240794
vn -0.970576 -0.000000 0.240794
vn -0.970576 -0.000000 0.240794
vn -0.970600 -0.000000 0.240700
vn -0.970600 -0.000000 0.240700
vn -0.970600 -0.000000 0.240700
vn -0.970600 -0.000000 0.240700
vn -0.970600 -0.000000 0.240700
vn -0.961214 -0.000000 0.275804
vn -0.995713 0.000000 -0.092501
vn -0.961214 -0.000000 0.275804
vn -0.961214 -0.000000 0.275804
vn -0.995713 0.000000 -0.092501
vn -0.861072 0.000000 -0.508483
vn -0.544900 0.000000 -0.838501
vn -0.861072 0.000000 -0.508483
vn -0.544900 0.000000 -0.838501
vn -0.166101 0.000000 -0.986109
vn -0.165696 0.000000 -0.986177
vn -0.166101 0.000000 -0.986109
vn -0.392483 0.000000 -0.919759
vn -0.392483 0.000000 -0.919759
vn -0.392483 0.000000 -0.919759
vn -0.392483 0.000000 -0.919759
vn -0.392483 0.000000 -0.919759
vn -0.392483 0.000000 -0.919759
vn -0.392483 0.000000 -0.919759
vn -0.392483 0.000000 -0.919759
vn -0.392483 0.000000 -0.919759
vn -0.392519 0.000000 -0.919744
vn -0.392519 0.000000 -0.919744
vn -0.392483 0.000000 -0.919759
vn -0.392519 0.000000 -0.919744
vn -0.392483 0.000000 -0.919759
vn -0.392519 0.000000 -0.919744
vn -0.392519 0.000000 -0.919744
vn -0.392519 0.000000 -0.919744
vn -0.392519 0.000000 -0.919744
vn -0.392519 0.000000 -0.919744
vn -0.392519 0.000000 -0.919744
vn -0.392519 0.000000 -0.919744
vn 0.974818 0.000000 -0.223004
vn 0.974818 0.000000 -0.223004
vn 0.974818 0.000000 -0.223004
vn 0.974818 0.000000 -0.223004
vn 0.974818 0.000000 -0.223004
vn 0.974818 0.000000 -0.223004
vn 0.974818 0.000000 -0.223004
vn 0.974818 0.000000 -0.223004
vn 0.974818 0.000000 -0.223004
vn 0.974818 0.000000 -0.223004
vn 0.974818 0.000000 -0.223004
vn 0.974818 0.000000 -0.223004
vn 0.974818 0.000000 -0.223004
vn 0.974818 0.000000 -0.223004
vn 0.974818 0.000000 -0.223004
vn 0.974818 0.000000 -0.223004
vn 0.974818 0.000000 -0.223004
vn 0.974818 0.000000 -0.223004
vn 0.974818 0.000000 -0.223004
vn 0.974818 0.000000 -0.223004
vn 0.974818 0.000000 -0.223004
vn 0.974818 0.000000 -0.223004
vn 0.974818 0.000000 -0.223004
vn 0.974818 0.000000 -0.223004
vn 0.974818 0.000000 -0.223004
vn 0.974818 0.000000 -0.223004
vn 0.019200 -0.000000 0.999816
vn 0.019200 -0.000000 0.999816
vn 0.019200 -0.000000 0.999816
vn 0.019200 -0.000000 0.999816
vn 0.019200 -0.000000 0.999816
vn 0.019200 -0.000000 0.999816
vn 0.019200 -0.000000 0.999816
vn 0.999887 0.000000 -0.015000
vn 0.999887 0.000000 -0.015000
vn 0.999887 0.000000 -0.015000
vn 0.999887 0.000000 -0.015000
vn 0.999887 0.000000 -0.015000
vn 0.999887 0.000000 -0.015000
vn -0.015000 0.000000 -0.999887
vn -0.015000 0.000000 -0.999887
vn -0.015000 0.000000 -0.999887
vn -0.015000 0.000000 -0.999887
vn -0.015000 0.000000 -0.999887
vn -0.015000 0.000000 -0.999887
vn -0.015000 0.000000 -0.999887
vn -0.194097 -0.000000 0.980982
vn -0.194000 -0.000000 0.981001
vn -0.194000 -0.000000 0.981001
vn -0.194097 -0.000000 0.980982
vn -0.194000 -0.000000 0.981001
vn -0.194000 -0.000000 0.981001
vn -0.194000 -0.000000 0.981001
vn -0.194000 -0.000000 0.981001
vn -0.194000 -0.000000 0.981001
vn -0.194000 -0.000000 0.981001
vn -0.194097 -0.000000 0.980982
vn -0.194000 -0.000000 0.981001
vn -0.194000 -0.000000 0.981001
vn -0.194097 -0.000000 0.980982
vn -0.194000 -0.000000 0.981001
vn -0.194000 -0.000000 0.981001
vn -0.999936 -0.000000 0.011300
vn -0.999936 -0.000000 0.011300
vn -0.999936 -0.000000 0.011300
vn -0.999936 -0.000000 0.011300
vn -0.999935 -0.000000 0.011400
vn -0.999935 -0.000000 0.011400
vn -0.999935 -0.000000 0.011400
vn 0.015000 -0.000000 0.999887
vn 0.015000 -0.000000 0.999887
vn 0.015000 -0.000000 0.999887
vn 0.015000 -0.000000 0.999887
vn 0.015000 -0.000000 0.999887
vn 0.015000 -0.000000 0.999887
vn 0.999887 0.000000 -0.015000
vn 0.999887 0.000000 -0.015000
vn 0.999887 0.000000 -0.015000
vn 0.999887 0.000000 -0.015000
vn 0.999887 0.000000 -0.015000
vn 0.999887 0.000000 -0.015000
vn 0.999887 0.000000 -0.015000
vn -0.222697 0.000000 -0.974888
vn 0.164594 0.000000 -0.986361
vn -0.222295 0.000000 -0.974979
vn -0.222697 0.000000 -0.974888
vn 0.164594 0.000000 -0.986361
vn 0.540894 0.000000 -0.841091
vn 0.540894 0.000000 -0.841091
vn 0.827406 0.000000 -0.561604
vn 0.827406 0.000000 -0.561604
vn 0.974909 0.000000 -0.222602
vn 0.974909 0.000000 -0.222602
vn 0.974909 0.000000 -0.222602
vn 0.974931 0.000000 -0.222507
vn 0.974931 0.000000 -0.222507
vn 0.974931 0.000000 -0.222507
vn 0.974931 0.000000 -0.222507
vn 0.974931 0.000000 -0.222507
vn 0.974931 0.000000 -0.222507
vn 0.974931 0.000000 -0.222507
vn 0.974931 0.000000 -0.222507
vn 0.974931 0.000000 -0.222507
vn 0.974931 0.000000 -0.222507
vn 0.974931 0.000000 -0.222507
vn 0.974931 0.000000 -0.222507
vn 0.974931 0.000000 -0.222507
vn 0.974931 0.000000 -0.222507
vn 0.974931 0.000000 -0.222507
vn 0.974931 0.000000 -0.222507
vn 0.974958 0.000000 -0.222390
vn 0.962271 -0.000000 0.272092
vn 0.974958 0.000000 -0.222390
vn 0.962271 -0.000000 0.272092
vn 0.717578 -0.000000 0.696478
vn 0.295997 -0.000000 0.955189
vn 0.717578 -0.000000 0.696478
vn 0.295997 -0.000000 0.955189
vn -0.193096 -0.000000 0.981180
vn -0.193096 -0.000000 0.981180
vn 0.000000 -1.000000 -0.000000
vn 0.000000 -1.000000 -0.000000
vn 0.000000 -1.000000 -0.000000
vn 0.000000 -1.000000 -0.000000
vn 0.000000 -1.000000 -0.000000
vn 0.000000 -1.000000 -0.000000
vn 0.000000 -1.000000 -0.000000
vn 0.000000 -1.000000 -0.000000
vn 0.000000 -1.000000 -0.000000
vn 0.000000 -1.000000 -0.000000
vn 0.000000 -1.000000 -0.000000
vn 0.000000 -1.000000 -0.000000
vn 0.000000 -1.000000 -0.000000
vn 0.000000 -1.000000 -0.000000
vn 0.000000 -1.000000 -0.000000
vn 0.000000 -1.000000 -0.000000
vn 0.000000 -1.000000 -0.000000
vn 0.000000 -1.000000 -0.000000
vn 0.000000 -1.000000 -0.000000
vn 0.000000 -1.000000 -0.000000
vn 0.000000 -1.000000 -0.000000
vn 0.000000 -1.000000 -0.000000
vn 0.000000 -1.000000 -0.000000
vn 0.000000 -1.000000 -0.000000
vn 0.000000 -1.000000 -0.000000
vn 0.000000 -1.000000 -0.000000
vn 0.000000 -1.000000 -0.000000
vn 0.000000 -1.000000 -0.000000
vn 0.000000 -1.000000 -0.000000
vn 0.000000 -1.000000 -0.000000
vn 0.000000 -1.000000 -0.000000
vn 0.000000 -1.000000 -0.000000
vn 0.000000 -1.000000 -0.000000
vn 0.000000 -1.000000 -0.000000
vn 0.000000 -1.000000 -0.000000
vn 0.000000 -1.000000 -0.000000
vn 0.000000 -1.000000 -0.000000
vn 0.000000 -1.000000 -0.000000
vn 0.000000 -1.000000 -0.000000
vn 0.000000 -1.000000 -0.000000
vn 0.000000 -1.000000 -0.000000
vn 0.000000 -1.000000 -0.000000
vn 0.000000 -1.000000 -0.000000
vn 0.000000 -1.000000 -0.000000
vn 0.000000 -1.000000 -0.000000
vn 0.000000 -1.000000 -0.000000
vn 0.000000 -1.000000 -0.000000
vn 0.000000 -1.000000 -0.000000
vn 0.000000 -1.000000 -0.000000
vn 0.000000 -1.000000 -0.000000
vn 0.000000 -1.000000 -0.000000
vn 0.000000 -1.000000 -0.000000
vn 0.000000 -1.000000 -0.000000
vn 0.000000 -1.000000 -0.000000
vn 0.000000 -1.000000 -0.000000
vn 0.000000 -1.000000 -0.000000
vn 0.000000 -1.000000 -0.000000
vn 0.000000 -1.000000 -0.000000
vn 0.000000 -1.000000 -0.000000
vn 0.000000 -1.000000 -0.000000
vn 0.000000 -1.000000 -0.000000
vn 0.000000 -1.000000 -0.000000
vn 0.000000 -1.000000 -0.000000
vn 0.000000 -1.000000 -0.000000
vn 0.000000 -1.000000 -0.000000
vn 0.000000 -1.000000 -0.000000
vn 0.000000 -1.000000 -0.000000
vn 0.000000 -1.000000 -0.000000
vn 0.000000 -1.000000 -0.000000
vn 0.000000 -1.000000 -0.000000
vn 0.000000 -1.000000 -0.000000
vn 0.000000 -1.000000 -0.000000
vn 0.000000 -1.000000 -0.000000
vn 0.000000 -1.000000 -0.000000
vn 0.000000 -1.000000 -0.000000
vn 0.000000 -1.000000 -0.000000
vn 0.000000 -1.000000 -0.000000
vn 0.000000 -1.000000 -0.000000
vn 0.000000 -1.000000 -0.000000
vn 0.000000 -1.000000 -0.000000
vn 0.000000 -1.000000 -0.000000
vn 0.000000 -1.000000 -0.000000
vn 0.000000 -1.000000 -0.000000
vn 0.000000 -1.000000 -0.000000
vn 0.000000 -1.000000 -0.000000
vn 0.000000 -1.000000 -0.000000
vn 0.000000 -1.000000 -0.000000
vn 0.000000 -1.000000 -0.000000
vn 0.000000 -1.000000 -0.000000
vn 0.000000 -1.000000 -0.000000
vn 0.000000 -1.000000 -0.000000
vn 0.000000 -1.000000 -0.000000
vn 0.000000 -1.000000 -0.000000
vn 0.000000 -1.000000 -0.000000
vn 0.000000 -1.000000 -0.000000
vn 0.000000 -1.000000 -0.000000
vn 0.000000 -1.000000 -0.000000
vn 0.000000 -1.000000 -0.000000
vn 0.000000 -1.000000 -0.000000
vn 0.000000 -1.000000 -0.000000
vn 0.000000 -1.000000 -0.000000
vn 0.000000 -1.000000 -0.000000
vn 0.000000 -1.000000 -0.000000
vn 0.000000 -1.000000 -0.000000
vn 0.000000 -1.000000 -0.000000
vn 0.000000 -1.000000 -0.000000
vn 0.000000 -1.000000 -0.000000
vn 0.000000 -1.000000 -0.000000
vn 0.000000 -1.000000 -0.000000
vn 0.000000 -1.000000 -0.000000
vn 0.000000 -1.000000 -0.000000
vn 0.000000 -1.000000 -0.000000
vn 0.000000 -1.000000 -0.000000
vn 0.000000 -1.000000 -0.000000
vn 0.000000 -1.000000 -0.000000
vn 0.000000 -1.000000 -0.000000
vn 0.000000 -1.000000 -0.000000
vn 0.000000 -1.000000 -0.000000
vn 0.000000 -1.000000 -0.000000
vn 0.000000 -1.000000 -0.000000
vn 0.000000 -1.000000 -0.000000
vn 0.000000 -1.000000 -0.000000
vn 0.000000 -1.000000 -0.000000
vn 0.000000 -1.000000 -0.000000
vn 0.000000 -1.000000 -0.000000
vn 0.000000 -1.000000 -0.000000
vn 0.000000 -1.000000 -0.000000
vn 0.000000 -1.000000 -0.000000
vn 0.000000 -1.000000 -0.000000
vn 0.000000 -1.000000 -0.000000
vn 0.000000 -1.000000 -0.000000
vn 0.000000 -1.000000 -0.000000
vn 0.000000 -1.000000 -0.000000
vn 0.000000 -1.000000 -0.000000
vn 0.000000 -1.000000 -0.000000
vn 0.000000 -1.000000 -0.000000
vn 0.000000 -1.000000 -0.000000
vn 0.000000 -1.000000 -0.000000
vn 0.000000 -1.000000 -0.000000
vn 0.000000 -1.000000 -0.000000
vn 0.000000 -1.000000 -0.000000
vn 0.000000 -1.000000 -0.000000
vn 0.000000 -1.000000 -0.000000
vn 0.000000 -1.000000 -0.000000
vn 0.000000 -1.000000 -0.000000
vn 0.000000 -1.000000 -0.000000
vn 0.000000 -1.000000 -0.000000
vn 0.000000 -1.000000 -0.000000
vn 0.000000 -1.000000 -0.000000
vn 0.000000 -1.000000 -0.000000
vn 0.000000 -1.000000 -0.000000
vn 0.000000 -1.000000 -0.000000
vn 0.000000 -1.000000 -0.000000
vn 0.000000 -1.000000 -0.000000
vn 0.000000 -1.000000 -0.000000
vn 0.000000 -1.000000 -0.000000
vn 0.000000 -1.000000 -0.000000
vn 0.000000 -1.000000 -0.000000
vn 0.000000 -1.000000 -0.000000
vn 0.000000 -1.000000 -0.000000
vn 0.000000 -1.000000 -0.000000
vn 0.000000 -1.000000 -0.000000
vn 0.000000 -1.000000 -0.000000
vn 0.000000 -1.000000 -0.000000
vn 0.000000 -1.000000 -0.000000
vn 0.000000 -1.000000 -0.000000
vn 0.000000 -1.000000 -0.000000
vn 0.000000 -1.000000 -0.000000
vn 0.000000 -1.000000 -0.000000
vn 0.000000 -1.000000 -0.000000
vn 0.000000 -1.000000 -0.000000
vn 0.000000 -1.000000 -0.000000
vn 0.000000 -1.000000 -0.000000
vn 0.000000 -1.000000 -0.000000
vn 0.000000 -1.000000 -0.000000
vn 0.000000 -1.000000 -0.000000
vn 0.000000 -1.000000 -0.000000
vn 0.000000 -1.000000 -0.000000
vn 0.000000 -1.000000 -0.000000
vn 0.000000 -1.000000 -0.000000
vn 0.000000 -1.000000 -0.000000
vn 0.000000 -1.000000 -0.000000
vn 0.000000 -1.000000 -0.000000
vn 0.000000 -1.000000 -0.000000
vn 0.000000 -1.000000 -0.000000
vn 0.000000 -1.000000 -0.000000
vn 0.000000 -1.000000 -0.000000
vn 0.000000 -1.000000 -0.000000
vn 0.000000 -1.000000 -0.000000
vn 0.000000 -1.000000 -0.000000
vn 0.000000 -1.000000 -0.000000
vn 0.000000 -1.000000 -0.000000
vn 0.000000 -1.000000 -0.000000
vn 0.000000 -1.000000 -0.000000
vn 0.000000 -1.000000 -0.000000
vn 0.000000 -1.000000 -0.000000
vn 0.000000 -1.000000 -0.000000
vn 0.000000 -1.000000 -0.000000
vn 0.000000 -1.000000 -0.000000
vn 0.000000 -1.000000 -0.000000
vn 0.000000 -1.000000 -0.000000
vn 0.000000 -1.000000 -0.000000
vn 0.000000 -1.000000 -0.000000
vn 0.000000 -1.000000 -0.000000
vn 0.000000 -1.000000 -0.000000
vn 0.000000 -1.000000 -0.000000
vn 0.000000 -1.000000 -0.000000
vn 0.000000 -1.000000 -0.000000
vn 0.000000 -1.000000 -0.000000
vn 0.000000 -1.000000 -0.000000
vn 0.000000 -1.000000 -0.000000
vn 0.000000 -1.000000 -0.000000
vn 0.000000 -1.000000 -0.000000
vn 0.000000 -1.000000 -0.000000
vn 0.000000 -1.000000 -0.000000
vn 0.000000 -1.000000 -0.000000
vn 0.000000 -1.000000 -0.000000
vn 0.000000 -1.000000 -0.000000
vn 0.000000 -1.000000 -0.000000
vn 0.000000 -1.000000 -0.000000
vn 0.000000 -1.000000 -0.000000
vn 0.000000 -1.000000 -0.000000
vn 0.000000 -1.000000 -0.000000
vn 0.000000 -1.000000 -0.000000
vn 0.000000 -1.000000 -0.000000
vn 0.000000 -1.000000 -0.000000
vn 0.000000 -1.000000 -0.000000
vn 0.000000 -1.000000 -0.000000
vn 0.000000 -1.000000 -0.000000
vn 0.000000 -1.000000 -0.000000
vn 0.000000 -1.000000 -0.000000
vn 0.000000 -1.000000 -0.000000
vn 0.000000 -1.000000 -0.000000
vn 0.000000 -1.000000 -0.000000
vn 0.000000 -1.000000 -0.000000
vn 0.000000 -1.000000 -0.000000
vn 0.000000 -1.000000 -0.000000
vn 0.000000 -1.000000 -0.000000
vn 0.000000 -1.000000 -0.000000
vn 0.000000 -1.000000 -0.000000
vn 0.000000 -1.000000 -0.000000
vn 0.000000 -1.000000 -0.000000
vn 0.000000 -1.000000 -0.000000
vn 0.000000 -1.000000 -0.000000
vn 0.000000 -1.000000 -0.000000
vn 0.000000 -1.000000 -0.000000
vn 0.000000 -1.000000 -0.000000
vn 0.000000 -1.000000 -0.000000
vn 0.000000 -1.000000 -0.000000
vn 0.000000 -1.000000 -0.000000
vn 0.000000 -1.000000 -0.000000
vn 0.000000 -1.000000 -0.000000
vn 0.000000 -1.000000 -0.000000
vn 0.000000 -1.000000 -0.000000
vn 0.000000 -1.000000 -0.000000
vn 0.000000 -1.000000 -0.000000
vn 0.000000 -1.000000 -0.000000
vn 0.000000 -1.000000 -0.000000
vn 0.000000 -1.000000 -0.000000
vn 0.000000 -1.000000 -0.000000
vn 0.000000 -1.000000 -0.000000
vn 0.000000 -1.000000 -0.000000
vn 0.000000 -1.000000 -0.000000
vn 0.000000 -1.000000 -0.000000
vn 0.000000 -1.000000 -0.000000
vn 0.000000 -1.000000 -0.000000
vn 0.000000 -1.000000 -0.000000
vn 0.000000 -1.000000 -0.000000
vn 0.000000 -1.000000 -0.000000
vn 0.000000 -1.000000 -0.000000
vn 0.000000 -1.000000 -0.000000
vn 0.000000 -1.000000 -0.000000
vn 0.000000 -1.000000 -0.000000
vn 0.000000 -1.000000 -0.000000
vn 0.000000 -1.000000 -0.000000
vn 0.000000 -1.000000 -0.000000
vn 0.000000 -1.000000 -0.000000
vn 0.000000 -1.000000 -0.000000
vn 0.000000 -1.000000 -0.000000
vn 0.000000 -1.000000 -0.000000
vn 0.000000 -1.000000 -0.000000
vn 0.000000 -1.000000 -0.000000
vn 0.000000 -1.000000 -0.000000
vn 0.000000 -1.000000 -0.000000
vn 0.000000 -1.000000 -0.000000
vn 0.000000 -1.000000 -0.000000
vn 0.000000 -1.000000 -0.000000
vn 0.000000 -1.000000 -0.000000
vn 0.000000 -1.000000 -0.000000
vn 0.000000 -1.000000 -0.000000
vn 0.000000 -1.000000 -0.000000
vn 0.000000 -1.000000 -0.000000
vn 0.000000 -1.000000 -0.000000
vn 0.000000 -1.000000 -0.000000
vn 0.000000 -1.000000 -0.000000
vn 0.000000 -1.000000 -0.000000
vn 0.000000 -1.000000 -0.000000
vn 0.000000 -1.000000 -0.000000
vn 0.000000 -1.000000 -0.000000
vn 0.000000 -1.000000 -0.000000
vn 0.000000 -1.000000 -0.000000
vn 0.000000 -1.000000 -0.000000
vn 0.000000 -1.000000 -0.000000
vn 0.000000 -1.000000 -0.000000
vn 0.000000 -1.000000 -0.000000
vn 0.000000 -1.000000 -0.000000
vn 0.000000 -1.000000 -0.000000
vn 0.000000 -1.000000 -0.000000
vn 0.000000 -1.000000 -0.000000
vn 0.000000 -1.000000 -0.000000
vn 0.000000 -1.000000 -0.000000
vn 0.000000 -1.000000 -0.000000
vn 0.000000 -1.000000 -0.000000
vn 0.000000 -1.000000 -0.000000
vn 0.000000 -1.000000 -0.000000
vn 0.000000 -1.000000 -0.000000
vn 0.000000 -1.000000 -0.000000
vn 0.000000 -1.000000 -0.000000
vn 0.000000 -1.000000 -0.000000
vn 0.000000 -1.000000 -0.000000
vn 0.000000 -1.000000 -0.000000
vn 0.000000 -1.000000 -0.000000
vn 0.000000 -1.000000 -0.000000
vn 0.000000 -1.000000 -0.000000
vn 0.000000 -1.000000 -0.000000
vn 0.000000 -1.000000 -0.000000
vn 0.000000 -1.000000 -0.000000
vn 0.000000 -1.000000 -0.000000
vn 0.000000 -1.000000 -0.000000
vn 0.000000 -1.000000 -0.000000
vn 0.000000 -1.000000 -0.000000
vn 0.000000 -1.000000 -0.000000
vn 0.000000 -1.000000 -0.000000
vn 0.000000 -1.000000 -0.000000
vn 0.000000 -1.000000 -0.000000
vn 0.000000 -1.000000 -0.000000
vn 0.000000 -1.000000 -0.000000
vn 0.000000 -1.000000 -0.000000
vn 0.000000 -1.000000 -0.000000
vn 0.000000 -1.000000 -0.000000
vn 0.000000 -1.000000 -0.000000
vn 0.000000 -1.000000 -0.000000
vn 0.000000 -1.000000 -0.000000
vn 0.000000 -1.000000 -0.000000
vn 0.000000 -1.000000 -0.000000
vn 0.000000 -1.000000 -0.000000
vn 0.000000 -1.000000 -0.000000
vn 0.000000 -1.000000 -0.000000
vn 0.000000 -1.000000 -0.000000
vn 0.000000 -1.000000 -0.000000
vn 0.000000 -1.000000 -0.000000
vn 0.000000 -1.000000 -0.000000
vn 0.000000 -1.000000 -0.000000
vn 0.000000 -1.000000 -0.000000
vn 0.000000 -1.000000 -0.000000
vn 0.000000 -1.000000 -0.000000
vn 0.000000 -1.000000 -0.000000
vn 0.000000 -1.000000 -0.000000
vn 0.000000 -1.000000 -0.000000
vn 0.000000 -1.000000 -0.000000
vn 0.000000 -1.000000 -0.000000
vn 0.000000 -1.000000 -0.000000
vn 0.000000 -1.000000 -0.000000
vn 0.000000 -1.000000 -0.000000
vn 0.000000 -1.000000 -0.000000
vn 0.000000 -1.000000 -0.000000
vn 0.000000 -1.000000 -0.000000
vn 0.000000 -1.000000 -0.000000
vn 0.000000 -1.000000 -0.000000
vn 0.000000 -1.000000 -0.000000
vn 0.000000 -1.000000 -0.000000
vn 0.000000 -1.000000 -0.000000
vn 0.000000 -1.000000 -0.000000
vn 0.000000 -1.000000 -0.000000
vn 0.000000 -1.000000 -0.000000
vn 0.000000 -1.000000 -0.000000
vn 0.000000 -1.000000 -0.000000
vn 0.000000 -1.000000 -0.000000
vn 0.000000 -1.000000 -0.000000
vn 0.000000 -1.000000 -0.000000
vn 0.000000 -1.000000 -0.000000
vn 0.000000 -1.000000 -0.000000
vn 0.000000 -1.000000 -0.000000
vn 0.000000 -1.000000 -0.000000
vn 0.000000 -1.000000 -0.000000
vn 0.000000 -1.000000 -0.000000
vn 0.000000 -1.000000 -0.000000
vn 0.000000 -1.000000 -0.000000
vn 0.000000 -1.000000 -0.000000
vn 0.000000 -1.000000 -0.000000
vn 0.000000 -1.000000 -0.000000
vn 0.000000 -1.000000 -0.000000
vn 0.000000 -1.000000 -0.000000
vn 0.000000 -1.000000 -0.000000
vn 0.000000 -1.000000 -0.000000
vn 0.000000 -1.000000 -0.000000
vn 0.000000 -1.000000 -0.000000
vn 0.000000 -1.000000 -0.000000
vn 0.000000 -1.000000 -0.000000
vn 0.000000 -1.000000 -0.000000
vn 0.000000 -1.000000 -0.000000
vn 0.000000 -1.000000 -0.000000
vn 0.000000 -1.000000 -0.000000
vn 0.000000 -1.000000 -0.000000
vn 0.000000 -1.000000 -0.000000
vn 0.000000 -1.000000 -0.000000
vn 0.000000 -1.000000 -0.000000
vn 0.000000 -1.000000 0.000300
vn 0.000000 -1.000000 -0.000000
vn 0.000000 -1.000000 -0.000000
vn 0.000000 -1.000000 -0.000000
vn 0.000000 -1.000000 -0.000000
vn 0.000000 -1.000000 -0.000000
vn 0.000000 -1.000000 -0.000000
vn 0.000000 -1.000000 -0.000000
vn 0.000000 -1.000000 -0.000000
vn 0.000000 -1.000000 -0.000000
vn 0.000000 -1.000000 -0.000000
vn 0.000000 -1.000000 -0.000000
vn 0.000000 -1.000000 -0.000000
vn 0.000000 -1.000000 -0.000000
vn 0.000000 -1.000000 -0.000000
vn 0.000000 -1.000000 -0.000000
vn 0.000000 -1.000000 -0.000000
vn 0.000000 -1.000000 -0.000000
vn 0.000000 -1.000000 -0.000000
vn 0.000000 -1.000000 -0.000000
vn 0.000000 -1.000000 -0.000000
vn 0.000000 -1.000000 -0.000000
vn 0.000000 -1.000000 -0.000000
vn 0.000000 -1.000000 -0.000000
vn 0.000000 -1.000000 -0.000000
vn 0.000000 -1.000000 -0.000000
vn 0.000000 -1.000000 -0.000000
vn 0.000000 -1.000000 -0.000000
f 1//1 3//3 2//2
f 3//3 1//1 4//4
f 1//1 5//5 4//4
f 1//1 6//6 5//5
f 1//1 7//7 6//6
f 7//7 1//1 10//10
f 1//1 8//8 10//10
f 8//8 1//1 9//9
f 8//8 11//11 10//10
f 10//10 11//11 14//14
f 10//10 14//14 7//7
f 12//12 11//11 8//8
f 11//11 12//12 13//13
f 13//13 14//14 11//11
f 15//15 14//14 16//16
f 14//14 15//15 17//17
f 16//16 14//14 13//13
f 7//7 14//14 17//17
f 7//7 17//17 6//6
f 17//17 15//15 19//19
f 6//6 17//17 18//18
f 6//6 18//18 5//5
f 18//18 17//17 19//19
f 20//20 22//22 19//19
f 19//19 21//21 20//20
f 19//19 22//22 18//18
f 5//5 18//18 22//22
f 5//5 22//22 4//4
f 20//20 23//23 22//22
f 23//23 4//4 22//22
f 4//4 23//23 24//24
f 23//23 20//20 25//25
f 23//23 25//25 24//24
f 4//4 24//24 3//3
f 24//24 26//26 3//3
f 26//26 24//24 25//25
f 3//3 26//26 27//27
f 25//25 21//21 26//26
f 26//26 21//21 28//28
f 28//28 27//27 26//26
f 29//29 31//31 28//28
f 28//28 30//30 29//29
f 28//28 21//21 30//30
f 27//27 28//28 31//31
f 27//27 31//31 32//32
f 32//32 31//31 33//33
f 32//32 33//33 390//390
f 31//31 34//34 37//37
f 31//31 37//37 33//33
f 34//34 31//31 29//29
f 29//29 35//35 34//34
f 35//35 36//36 34//34
f 34//34 36//36 39//39
f 34//34 39//39 37//37
f 39//39 38//38 37//37
f 38//38 33//33 37//37
f 41//41 39//39 40//40
f 36//36 385//385 40//40
f 36//36 40//40 39//39
f 38//38 39//39 41//41
f 41//41 42//42 38//38
f 42//42 41//41 43//43
f 40//40 44//44 43//43
f 40//40 43//43 41//41
f 43//43 48//48 42//42
f 44//44 45//45 43//43
f 43//43 45//45 46//46
f 46//46 47//47 43//43
f 47//47 48//48 43//43
f 47//47 49//49 48//48
f 49//49 50//50 48//48
f 50//50 49//49 51//51
f 51//51 52//52 53//53
f 51//51 49//49 52//52
f 54//54 53//53 52//52
f 56//56 54//54 55//55
f 54//54 52//52 55//55
f 57//57 54//54 56//56
f 58//58 54//54 57//57
f 54//54 58//58 59//59
f 59//59 60//60 54//54
f 60//60 59//59 61//61
f 62//62 60//60 61//61
f 60//60 62//62 65//65
f 63//63 60//60 64//64
f 65//65 64//64 60//60
f 65//65 62//62 70//70
f 65//65 70//70 66//66
f 64//64 65//65 66//66
f 64//64 66//66 69//69
f 66//66 67//67 68//68
f 66//66 70//70 71//71
f 66//66 71//71 67//67
f 66//66 68//68 69//69
f 71//71 70//70 61//61
f 62//62 61//61 70//70
f 71//71 72//72 67//67
f 73//73 72//72 71//71
f 71//71 61//61 73//73
f 72//72 73//73 74//74
f 73//73 75//75 74//74
f 76//76 75//75 73//73
f 73//73 61//61 76//76
f 75//75 76//76 77//77
f 77//77 76//76 78//78
f 77//77 78//78 79//79
f 78//78 76//76 61//61
f 79//79 78//78 80//80
f 79//79 80//80 82//82
f 61//61 80//80 78//78
f 80//80 61//61 81//81
f 81//81 82//82 80//80
f 112//112 79//79 82//82
f 112//112 82//82 83//83
f 82//82 84//84 83//83
f 84//84 82//82 81//81
f 87//87 85//85 84//84
f 84//84 85//85 83//83
f 84//84 81//81 342//342
f 84//84 342//342 86//86
f 87//87 84//84 86//86
f 87//87 86//86 90//90
f 89//89 88//88 87//87
f 88//88 91//91 87//87
f 87//87 90//90 89//89
f 85//85 87//87 91//91
f 92//92 102//102 85//85
f 92//92 85//85 91//91
f 91//91 93//93 92//92
f 88//88 93//93 91//91
f 93//93 88//88 94//94
f 98//98 95//95 93//93
f 98//98 93//93 94//94
f 95//95 100//100 92//92
f 95//95 92//92 93//93
f 98//98 96//96 95//95
f 95//95 96//96 99//99
f 95//95 97//97 100//100
f 97//97 95//95 99//99
f 103//103 100//100 101//101
f 100//100 97//97 101//101
f 100//100 102//102 92//92
f 103//103 102//102 100//100
f 105//105 103//103 101//101
f 103//103 106//106 104//104
f 102//102 103//103 104//104
f 105//105 106//106 103//103
f 106//106 108//108 110//110
f 106//106 110//110 104//104
f 106//106 105//105 107//107
f 106//106 107//107 108//108
f 107//107 109//109 108//108
f 108//108 109//109 111//111
f 108//108 111//111 110//110
f 112//112 110//110 111//111
f 110//110 102//102 104//104
f 102//102 110//110 112//112
f 113//113 112//112 111//111
f 102//102 112//112 83//83
f 102//102 83//83 85//85
f 112//112 113//113 79//79
f 109//109 114//114 113//113
f 109//109 113//113 111//111
f 79//79 113//113 77//77
f 114//114 75//75 77//77
f 114//114 77//77 113//113
f 109//109 115//115 114//114
f 114//114 115//115 116//116
f 116//116 74//74 75//75
f 116//116 75//75 114//114
f 117//117 74//74 116//116
f 118//118 117//117 116//116
f 118//118 116//116 115//115
f 120//120 119//119 117//117
f 120//120 117//117 118//118
f 74//74 117//117 72//72
f 72//72 117//117 119//119
f 120//120 68//68 119//119
f 68//68 67//67 72//72
f 68//68 72//72 119//119
f 118//118 121//121 120//120
f 68//68 120//120 121//121
f 121//121 118//118 122//122
f 69//69 68//68 121//121
f 69//69 121//121 123//123
f 124//124 125//125 123//123
f 123//123 125//125 126//126
f 63//63 123//123 126//126
f 123//123 64//64 69//69
f 123//123 63//63 64//64
f 63//63 126//126 127//127
f 125//125 129//129 127//127
f 125//125 127//127 126//126
f 127//127 129//129 128//128
f 127//127 128//128 130//130
f 63//63 127//127 130//130
f 129//129 131//131 128//128
f 129//129 125//125 131//131
f 131//131 132//132 128//128
f 134//134 132//132 131//131
f 134//134 131//131 133//133
f 135//135 131//131 125//125
f 135//135 125//125 136//136
f 125//125 124//124 136//136
f 132//132 134//134 137//137
f 132//132 137//137 332//332
f 133//133 138//138 134//134
f 138//138 137//137 134//134
f 137//137 138//138 139//139
f 138//138 140//140 142//142
f 138//138 142//142 139//139
f 133//133 140//140 138//138
f 140//140 133//133 141//141
f 143//143 140//140 141//141
f 140//140 143//143 146//146
f 140//140 146//146 142//142
f 143//143 141//141 144//144
f 147//147 143//143 144//144
f 147//147 145//145 143//143
f 143//143 145//145 146//146
f 145//145 147//147 148//148
f 150//150 152//152 148//148
f 150//150 148//148 147//147
f 149//149 147//147 144//144
f 149//149 150//150 147//147
f 149//149 151//151 150//150
f 151//151 155//155 152//152
f 151//151 152//152 150//150
f 153//153 152//152 154//154
f 152//152 153//153 148//148
f 154//154 152//152 155//155
f 156//156 155//155 151//151
f 156//156 154//154 155//155
f 151//151 159//159 156//156
f 158//158 154//154 156//156
f 159//159 157//157 156//156
f 158//158 156//156 157//157
f 160//160 161//161 159//159
f 151//151 149//149 159//159
f 157//157 159//159 161//161
f 160//160 162//162 161//161
f 163//163 161//161 162//162
f 161//161 158//158 157//157
f 158//158 161//161 163//163
f 163//163 164//164 165//165
f 164//164 163//163 162//162
f 165//165 170//170 166//166
f 165//165 166//166 163//163
f 163//163 166//166 167//167
f 163//163 167//167 158//158
f 166//166 168//168 167//167
f 168//168 166//166 169//169
f 169//169 166//166 170//170
f 169//169 170//170 171//171
f 165//165 171//171 170//170
f 173//173 171//171 165//165
f 175//175 171//171 172//172
f 171//171 173//173 172//172
f 169//169 171//171 174//174
f 175//175 174//174 171//171
f 176//176 175//175 172//172
f 175//175 176//176 179//179
f 177//177 180//180 175//175
f 175//175 178//178 177//177
f 175//175 179//179 178//178
f 181//181 175//175 180//180
f 180//180 182//182 181//181
f 182//182 183//183 181//181
f 184//184 181//181 183//183
f 185//185 184//184 183//183
f 185//185 187//187 186//186
f 187//187 185//185 188//188
f 183//183 188//188 185//185
f 188//188 182//182 190//190
f 182//182 188//188 183//183
f 189//189 187//187 188//188
f 188//188 190//190 189//189
f 191//191 190//190 182//182
f 182//182 180//180 191//191
f 193//193 187//187 192//192
f 193//193 186//186 187//187
f 193//193 192//192 195//195
f 193//193 196//196 186//186
f 193//193 194//194 196//196
f 194//194 193//193 195//195
f 186//186 196//196 197//197
f 196//196 194//194 197//197
f 186//186 197//197 198//198
f 197//197 194//194 200//200
f 197//197 200//200 198//198
f 186//186 198//198 199//199
f 198//198 200//200 201//201
f 198//198 201//201 199//199
f 200//200 202//202 201//201
f 202//202 200//200 203//203
f 194//194 195//195 203//203
f 194//194 203//203 200//200
f 204//204 203//203 195//195
f 203//203 204//204 206//206
f 203//203 206//206 202//202
f 205//205 206//206 204//204
f 204//204 192//192 205//205
f 195//195 192//192 204//204
f 207//207 206//206 205//205
f 202//202 206//206 96//96
f 202//202 96//96 210//210
f 206//206 207//207 99//99
f 206//206 99//99 96//96
f 207//207 205//205 209//209
f 209//209 208//208 207//207
f 207//207 208//208 99//99
f 97//97 208//208 105//105
f 99//99 208//208 97//97
f 201//201 202//202 210//210
f 98//98 201//201 210//210
f 96//96 98//98 210//210
f 98//98 211//211 201//201
f 201//201 211//211 199//199
f 88//88 211//211 94//94
f 211//211 98//98 94//94
f 211//211 88//88 89//89
f 186//186 211//211 89//89
f 186//186 199//199 211//211
f 180//180 177//177 212//212
f 212//212 214//214 213//213
f 215//215 214//214 212//212
f 215//215 212//212 177//177
f 177//177 216//216 215//215
f 216//216 219//219 217//217
f 216//216 217//217 215//215
f 215//215 217//217 214//214
f 217//217 218//218 221//221
f 217//217 221//221 214//214
f 219//219 218//218 217//217
f 176//176 172//172 173//173
f 176//176 173//173 219//219
f 179//179 176//176 219//219
f 179//179 219//219 216//216
f 173//173 218//218 219//219
f 218//218 173//173 220//220
f 218//218 220//220 164//164
f 218//218 164//164 221//221
f 221//221 213//213 214//214
f 222//222 213//213 221//221
f 221//221 164//164 162//162
f 221//221 162//162 222//222
f 160//160 222//222 162//162
f 223//223 213//213 222//222
f 160//160 223//223 222//222
f 165//165 164//164 220//220
f 173//173 165//165 220//220
f 216//216 178//178 179//179
f 178//178 216//216 177//177
f 224//224 234//234 225//225
f 224//224 225//225 174//174
f 226//226 174//174 225//225
f 226//226 169//169 174//174
f 169//169 226//226 168//168
f 226//226 228//228 168//168
f 226//226 225//225 234//234
f 226//226 234//234 227//227
f 227//227 228//228 226//226
f 167//167 168//168 228//228
f 167//167 228//228 154//154
f 154//154 228//228 229//229
f 154//154 229//229 153//153
f 228//228 227//227 229//229
f 230//230 153//153 229//229
f 227//227 230//230 229//229
f 230//230 233//233 231//231
f 230//230 231//231 232//232
f 153//153 230//230 145//145
f 145//145 230//230 232//232
f 227//227 233//233 230//230
f 234//234 224//224 233//233
f 224//224 235//235 233//233
f 234//234 233//233 227//227
f 233//233 235//235 237//237
f 233//233 237//237 231//231
f 240//240 235//235 224//224
f 239//239 236//236 235//235
f 238//238 235//235 236//236
f 235//235 238//238 237//237
f 239//239 235//235 240//240
f 241//241 240//240 243//243
f 239//239 240//240 241//241
f 243//243 240//240 242//242
f 244//244 243//243 242//242
f 243//243 244//244 247//247
f 243//243 247//247 241//241
f 245//245 247//247 244//244
f 244//244 246//246 245//245
f 242//242 246//246 244//244
f 248//248 250//250 247//247
f 247//247 249//249 248//248
f 245//245 249//249 247//247
f 250//250 241//241 247//247
f 250//250 251//251 252//252
f 250//250 248//248 251//251
f 241//241 250//250 239//239
f 239//239 250//250 252//252
f 252//252 251//251 253//253
f 239//239 252//252 253//253
f 239//239 253//253 236//236
f 236//236 253//253 254//254
f 236//236 254//254 238//238
f 255//255 254//254 253//253
f 253//253 251//251 255//255
f 257//257 255//255 256//256
f 258//258 255//255 257//257
f 255//255 258//258 254//254
f 238//238 258//258 259//259
f 259//259 258//258 257//257
f 258//258 238//238 254//254
f 260//260 259//259 257//257
f 237//237 238//238 259//259
f 259//259 260//260 261//261
f 259//259 261//261 237//237
f 237//237 261//261 231//231
f 262//262 231//231 261//261
f 262//262 261//261 263//263
f 261//261 260//260 263//263
f 260//260 266//266 264//264
f 260//260 264//264 263//263
f 262//262 263//263 264//264
f 266//266 265//265 264//264
f 264//264 265//265 262//262
f 268//268 265//265 266//266
f 267//267 266//266 260//260
f 266//266 267//267 269//269
f 269//269 268//268 266//266
f 268//268 270//270 272//272
f 268//268 272//272 271//271
f 271//271 265//265 268//268
f 271//271 272//272 273//273
f 271//271 273//273 275//275
f 272//272 270//270 273//273
f 274//274 273//273 276//276
f 274//274 277//277 273//273
f 270//270 276//276 273//273
f 277//277 275//275 273//273
f 278//278 262//262 277//277
f 277//277 280//280 279//279
f 281//281 280//280 277//277
f 277//277 274//274 281//281
f 277//277 262//262 275//275
f 282//282 289//289 283//283
f 282//282 283//283 281//281
f 281//281 284//284 282//282
f 274//274 284//284 281//281
f 280//280 281//281 283//283
f 285//285 282//282 284//284
f 284//284 274//274 276//276
f 286//286 285//285 284//284
f 284//284 276//276 286//286
f 270//270 286//286 276//276
f 282//282 285//285 287//287
f 282//282 287//287 288//288
f 282//282 288//288 289//289
f 288//288 290//290 289//289
f 290//290 288//288 291//291
f 288//288 292//292 291//291
f 292//292 293//293 294//294
f 292//292 294//294 291//291
f 293//293 295//295 294//294
f 295//295 297//297 296//296
f 295//295 296//296 294//294
f 294//294 296//296 300//300
f 294//294 300//300 291//291
f 298//298 296//296 297//297
f 299//299 296//296 298//298
f 296//296 299//299 300//300
f 290//290 291//291 300//300
f 300//300 299//299 301//301
f 300//300 301//301 290//290
f 302//302 299//299 298//298
f 299//299 302//302 301//301
f 302//302 303//303 301//301
f 298//298 304//304 302//302
f 304//304 305//305 302//302
f 306//306 305//305 304//304
f 304//304 307//307 306//306
f 304//304 308//308 307//307
f 311//311 308//308 309//309
f 308//308 304//304 309//309
f 310//310 242//242 308//308
f 310//310 308//308 311//311
f 311//311 312//312 314//314
f 312//312 311//311 313//313
f 309//309 313//313 311//311
f 310//310 311//311 314//314
f 314//314 312//312 315//315
f 316//316 314//314 315//315
f 316//316 315//315 317//317
f 316//316 310//310 314//314
f 316//316 317//317 318//318
f 310//310 316//316 318//318
f 246//246 310//310 318//318
f 246//246 318//318 319//319
f 319//319 318//318 320//320
f 317//317 320//320 318//318
f 245//245 246//246 320//320
f 320//320 317//317 321//321
f 321//321 322//322 320//320
f 320//320 246//246 319//319
f 322//322 324//324 323//323
f 325//325 324//324 322//322
f 322//322 321//321 325//325
f 315//315 312//312 325//325
f 315//315 325//325 321//321
f 312//312 313//313 324//324
f 312//312 324//324 325//325
f 295//295 324//324 309//309
f 295//295 323//323 324//324
f 313//313 309//309 324//324
f 326//326 323//323 295//295
f 326//326 295//295 293//293
f 321//321 317//317 315//315
f 242//242 310//310 246//246
f 309//309 297//297 295//295
f 309//309 304//304 298//298
f 309//309 298//298 297//297
f 327//327 329//329 303//303
f 301//301 303//303 328//328
f 328//328 303//303 329//329
f 280//280 329//329 330//330
f 329//329 327//327 330//330
f 283//283 328//328 329//329
f 283//283 329//329 280//280
f 330//330 279//279 280//280
f 283//283 289//289 328//328
f 328//328 289//289 301//301
f 289//289 290//290 301//301
f 128//128 132//132 278//278
f 278//278 331//331 262//262
f 331//331 278//278 332//332
f 278//278 132//132 332//332
f 332//332 137//137 333//333
f 332//332 333//333 331//331
f 333//333 231//231 331//331
f 262//262 331//331 231//231
f 137//137 139//139 334//334
f 137//137 334//334 333//333
f 334//334 231//231 333//333
f 231//231 334//334 335//335
f 142//142 334//334 139//139
f 334//334 142//142 335//335
f 146//146 145//145 232//232
f 146//146 232//232 335//335
f 335//335 142//142 146//146
f 232//232 231//231 335//335
f 265//265 271//271 275//275
f 265//265 275//275 262//262
f 267//267 260//260 257//257
f 256//256 267//267 257//257
f 154//154 158//158 167//167
f 153//153 145//145 148//148
f 144//144 336//336 149//149
f 144//144 337//337 336//336
f 144//144 141//141 337//337
f 122//122 118//118 338//338
f 115//115 338//338 118//118
f 115//115 339//339 338//338
f 338//338 339//339 340//340
f 107//107 340//340 339//339
f 115//115 109//109 339//339
f 107//107 339//339 109//109
f 101//101 97//97 105//105
f 89//89 90//90 341//341
f 341//341 90//90 86//86
f 86//86 342//342 341//341
f 341//341 342//342 343//343
f 341//341 343//343 9//9
f 9//9 343//343 344//344
f 344//344 343//343 347//347
f 342//342 363//363 345//345
f 342//342 345//345 343//343
f 345//345 346//346 343//343
f 343//343 346//346 347//347
f 344//344 347//347 348//348
f 344//344 348//348 349//349
f 347//347 346//346 350//350
f 347//347 350//350 348//348
f 349//349 348//348 352//352
f 348//348 350//350 351//351
f 351//351 352//352 348//348
f 354//354 352//352 353//353
f 349//349 352//352 354//354
f 344//344 354//354 12//12
f 354//354 344//344 349//349
f 354//354 353//353 13//13
f 12//12 354//354 13//13
f 353//353 16//16 13//13
f 350//350 355//355 351//351
f 356//356 351//351 355//355
f 356//356 358//358 357//357
f 358//358 356//356 355//355
f 357//357 358//358 359//359
f 355//355 360//360 358//358
f 360//360 359//359 358//358
f 360//360 355//355 346//346
f 346//346 345//345 360//360
f 361//361 359//359 360//360
f 345//345 361//361 360//360
f 59//59 361//361 61//61
f 59//59 362//362 361//361
f 359//359 361//361 362//362
f 61//61 361//361 363//363
f 345//345 363//363 361//361
f 81//81 61//61 363//363
f 81//81 363//363 342//342
f 362//362 59//59 364//364
f 359//359 362//362 364//364
f 359//359 364//364 366//366
f 365//365 364//364 59//59
f 366//366 364//364 365//365
f 366//366 365//365 369//369
f 357//357 366//366 367//367
f 359//359 366//366 357//357
f 368//368 367//367 366//366
f 369//369 368//368 366//366
f 369//369 365//365 370//370
f 370//370 368//368 369//369
f 368//368 370//370 371//371
f 370//370 58//58 57//57
f 370//370 57//57 371//371
f 365//365 59//59 58//58
f 365//365 58//58 370//370
f 371//371 372//372 368//368
f 57//57 372//372 371//371
f 372//372 374//374 373//373
f 374//374 372//372 57//57
f 57//57 56//56 374//374
f 56//56 375//375 374//374
f 374//374 375//375 376//376
f 373//373 374//374 376//376
f 376//376 377//377 379//379
f 376//376 375//375 386//386
f 376//376 386//386 377//377
f 378//378 373//373 376//376
f 378//378 376//376 379//379
f 379//379 377//377 380//380
f 380//380 381//381 383//383
f 380//380 384//384 381//381
f 384//384 380//380 382//382
f 380//380 377//377 382//382
f 384//384 385//385 381//381
f 44//44 385//385 384//384
f 44//44 384//384 45//45
f 382//382 45//45 384//384
f 385//385 44//44 40//40
f 36//36 381//381 385//385
f 383//383 381//381 36//36
f 383//383 36//36 35//35
f 377//377 45//45 382//382
f 45//45 377//377 46//46
f 46//46 377//377 386//386
f 375//375 55//55 386//386
f 386//386 55//55 387//387
f 386//386 387//387 46//46
f 55//55 375//375 56//56
f 346//346 355//355 350//350
f 344//344 12//12 9//9
f 55//55 52//52 387//387
f 47//47 46//46 387//387
f 387//387 52//52 49//49
f 387//387 49//49 47//47
f 388//388 389//389 42//42
f 389//389 38//38 42//42
f 392//392 389//389 388//388
f 389//389 33//33 38//38
f 2//2 390//390 389//389
f 389//389 391//391 2//2
f 33//33 389//389 390//390
f 392//392 391//391 389//389
f 390//390 3//3 32//32
f 3//3 390//390 2//2
f 32//32 3//3 27//27
f 25//25 20//20 21//21
f 12//12 8//8 9//9
f 394//394 393//393 395//395
f 396//396 394//394 395//395
f 397//397 396//396 395//395
f 396//396 398//398 399//399
f 399//399 394//394 396//396
f 399//399 400//400 394//394
f 394//394 400//400 401//401
f 403//403 402//402 404//404
f 404//404 405//405 403//403
f 406//406 407//407 405//405
f 406//406 405//405 404//404
f 408//408 409//409 407//407
f 408//408 407//407 406//406
f 408//408 410//410 409//409
f 411//411 410//410 408//408
f 409//409 410//410 412//412
f 405//405 413//413 403//403
f 414//414 416//416 428//428
f 414//414 428//428 415//415
f 419//419 416//416 414//414
f 414//414 417//417 419//419
f 417//417 414//414 418//418
f 419//419 420//420 416//416
f 422//422 420//420 419//419
f 422//422 419//419 421//421
f 421//421 419//419 417//417
f 421//421 417//417 423//423
f 421//421 424//424 422//422
f 423//423 424//424 421//421
f 425//425 422//422 424//424
f 424//424 423//423 426//426
f 426//426 423//423 417//417
f 426//426 417//417 418//418
f 422//422 425//425 427//427
f 420//420 427//427 416//416
f 422//422 427//427 420//420
f 415//415 428//428 429//429
f 415//415 429//429 431//431
f 431//431 429//429 430//430
f 431//431 430//430 432//432
f 432//432 430//430 434//434
f 432//432 434//434 433//433
f 433//433 434//434 435//435
f 433//433 435//435 437//437
f 433//433 437//437 436//436
f 435//435 441//441 438//438
f 435//435 438//438 437//437
f 436//436 437//437 438//438
f 440//440 439//439 438//438
f 438//438 439//439 436//436
f 438//438 441//441 440//440
f 441//441 442//442 440//440
f 445//445 442//442 441//441
f 445//445 441//441 435//435
f 444//444 443//443 442//442
f 442//442 443//443 440//440
f 442//442 445//445 444//444
f 434//434 445//445 435//435
f 445//445 434//434 444//444
f 447//447 448//448 446//446
f 447//447 449//449 448//448
f 450//450 448//448 449//449
f 453//453 451//451 449//449
f 453//453 449//449 447//447
f 454//454 452//452 451//451
f 454//454 451//451 453//453
f 454//454 455//455 456//456
f 452//452 454//454 456//456
f 457//457 452//452 456//456
f 459//459 458//458 460//460
f 461//461 464//464 462//462
f 461//461 462//462 460//460
f 462//462 459//459 460//460
f 462//462 463//463 459//459
f 466//466 465//465 464//464
f 466//466 464//464 461//461
f 467//467 465//465 466//466
f 467//467 468//468 465//465
f 466//466 469//469 467//467
f 470//470 469//469 466//466
f 472//472 471//471 473//473
f 474//474 472//472 473//473
f 474//474 475//475 476//476
f 474//474 476//476 472//472
f 472//472 476//476 477//477
f 472//472 477//477 479//479
f 479//479 477//477 478//478
f 479//479 478//478 480//480
f 480//480 482//482 481//481
f 482//482 480//480 478//478
f 478//478 483//483 482//482
f 478//478 484//484 483//483
f 485//485 488//488 486//486
f 486//486 487//487 485//485
f 489//489 485//485 487//487
f 489//489 490//490 491//491
f 489//489 487//487 490//490
f 491//491 492//492 489//489
f 493//493 489//489 492//492
f 492//492 495//495 493//493
f 494//494 496//496 493//493
f 494//494 493//493 495//495
f 493//493 496//496 497//497
f 499//499 497//497 498//498
f 498//498 497//497 496//496
f 499//499 498//498 502//502
f 501//501 499//499 500//500
f 502//502 500//500 499//499
f 502//502 503//503 500//500
f 503//503 502//502 504//504
f 498//498 504//504 502//502
f 504//504 494//494 495//495
f 504//504 495//495 503//503
f 498//498 496//496 494//494
f 498//498 494//494 504//504
f 503//503 495//495 492//492
f 503//503 492//492 505//505
f 500//500 503//503 505//505
f 506//506 500//500 505//505
f 505//505 492//492 491//491
f 505//505 491//491 506//506
f 500//500 506//506 507//507
f 506//506 491//491 490//490
f 506//506 490//490 508//508
f 507//507 506//506 508//508
f 486//486 507//507 508//508
f 508//508 490//490 487//487
f 508//508 487//487 486//486
f 488//488 500//500 507//507
f 486//486 488//488 507//507
f 500//500 510//510 501//501
f 511//511 509//509 501//501
f 511//511 501//501 510//510
f 510//510 500//500 488//488
f 511//511 512//512 513//513
f 509//509 511//511 513//513
f 512//512 518//518 513//513
f 513//513 514//514 516//516
f 514//514 513//513 515//515
f 513//513 517//517 515//515
f 519//519 513//513 516//516
f 518//518 517//517 513//513
f 519//519 509//509 513//513
f 520//520 519//519 521//521
f 519//519 516//516 521//521
f 522//522 521//521 516//516
f 521//521 523//523 520//520
f 523//523 521//521 522//522
f 523//523 522//522 524//524
f 520//520 523//523 524//524
f 520//520 524//524 526//526
f 524//524 522//522 514//514
f 524//524 514//514 525//525
f 525//525 526//526 524//524
f 528//528 526//526 527//527
f 526//526 525//525 527//527
f 531//531 528//528 529//529
f 528//528 530//530 529//529
f 527//527 530//530 528//528
f 532//532 528//528 531//531
f 532//532 533//533 512//512
f 531//531 533//533 532//532
f 512//512 533//533 518//518
f 518//518 533//533 534//534
f 529//529 534//534 533//533
f 529//529 533//533 531//531
f 517//517 518//518 534//534
f 530//530 517//517 534//534
f 530//530 534//534 529//529
f 527//527 515//515 517//517
f 527//527 517//517 530//530
f 525//525 514//514 515//515
f 525//525 515//515 527//527
f 516//516 514//514 522//522
f 536//536 537//537 535//535
f 537//537 536//536 538//538
f 539//539 538//538 536//536
f 539//539 540//540 538//538
f 542//542 541//541 539//539
f 542//542 539//539 536//536
f 544//544 543//543 541//541
f 544//544 541//541 542//542
f 543//543 544//544 547//547
f 546//546 545//545 543//543
f 546//546 543//543 547//547
f 544//544 548//548 547//547
f 549//549 551//551 550//550
f 552//552 551//551 549//549
f 549//549 553//553 552//552
f 556//556 553//553 554//554
f 553//553 556//556 555//555
f 555//555 552//552 553//553
f 557//557 556//556 562//562
f 557//557 561//561 556//556
f 556//556 558//558 555//555
f 558//558 556//556 559//559
f 556//556 560//560 559//559
f 561//561 560//560 556//556
f 554//554 562//562 556//556
f 564//564 563//563 562//562
f 564//564 562//562 554//554
f 566//566 565//565 563//563
f 566//566 563//563 564//564
f 565//565 566//566 567//567
f 568//568 565//565 567//567
f 570//570 568//568 569//569
f 568//568 567//567 569//569
f 570//570 572//572 574//574
f 570//570 574//574 571//571
f 572//572 570//570 569//569
f 572//572 569//569 573//573
f 574//574 572//572 573//573
f 574//574 573//573 575//575
f 571//571 574//574 575//575
f 571//571 575//575 577//577
f 575//575 573//573 591//591
f 575//575 591//591 576//576
f 576//576 577//577 575//575
f 579//579 577//577 578//578
f 577//577 576//576 578//578
f 582//582 579//579 580//580
f 579//579 581//581 580//580
f 578//578 581//581 579//579
f 583//583 579//579 582//582
f 583//583 582//582 587//587
f 583//583 587//587 584//584
f 585//585 584//584 586//586
f 584//584 587//587 586//586
f 586//586 587//587 588//588
f 580//580 588//588 587//587
f 580//580 587//587 582//582
f 589//589 586//586 588//588
f 581//581 589//589 588//588
f 581//581 588//588 580//580
f 567//567 589//589 590//590
f 578//578 590//590 589//589
f 578//578 589//589 581//581
f 586//586 589//589 567//567
f 591//591 567//567 590//590
f 576//576 591//591 590//590
f 576//576 590//590 578//578
f 567//567 591//591 569//569
f 569//569 591//591 573//573
f 585//585 586//586 567//567
f 566//566 585//585 567//567
f 561//561 557//557 593//593
f 560//560 561//561 592//592
f 593//593 592//592 561//561
f 594//594 593//593 595//595
f 593//593 594//594 598//598
f 593//593 598//598 592//592
f 557//557 595//595 593//593
f 594//594 595//595 596//596
f 596//596 550//550 597//597
f 597//597 599//599 596//596
f 594//594 596//596 598//598
f 598//598 596//596 599//599
f 560//560 599//599 597//597
f 560//560 597//597 559//559
f 592//592 598//598 599//599
f 592//592 599//599 560//560
f 600//600 597//597 550//550
f 559//559 597//597 600//600
f 559//559 600//600 558//558
f 550//550 601//601 600//600
f 558//558 600//600 601//601
f 558//558 601//601 602//602
f 601//601 550//550 551//551
f 602//602 601//601 551//551
f 602//602 551//551 552//552
f 552//552 555//555 602//602
f 555//555 558//558 602//602
f 604//604 605//605 603//603
f 605//605 604//604 606//606
f 608//608 607//607 606//606
f 608//608 606//606 604//604
f 610//610 609//609 608//608
f 610//610 608//608 604//604
f 612//612 611//611 609//609
f 612//612 609//609 610//610
f 613//613 611//611 612//612
f 613//613 614//614 611//611
f 613//613 612//612 615//615
f 612//612 616//616 615//615
f 618//618 619//619 617//617
f 618//618 620//620 619//619
f 622//622 621//621 620//620
f 622//622 620//620 618//618
f 624//624 623//623 622//622
f 624//624 622//622 618//618
f 626//626 625//625 623//623
f 626//626 623//623 624//624
f 627//627 625//625 626//626
f 627//627 628//628 625//625
f 626//626 629//629 627//627
f 631//631 632//632 630//630
f 633//633 632//632 634//634
f 631//631 634//634 632//632
f 636//636 635//635 634//634
f 636//636 634//634 631//631
f 639//639 637//637 635//635
f 639//639 635//635 636//636
f 638//638 637//637 640//640
f 637//637 639//639 640//640
f 639//639 641//641 640//640
f 643//643 644//644 642//642
f 645//645 642//642 644//644
f 645//645 644//644 647//647
f 645//645 646//646 648//648
f 646//646 645//645 647//647
f 649//649 648//648 646//646
f 646//646 650//650 649//649
f 651//651 649//649 650//650
f 654//654 651//651 650//650
f 656//656 652//652 651//651
f 656//656 651//651 653//653
f 651//651 654//654 653//653
f 653//653 654//654 655//655
f 654//654 647//647 644//644
f 654//654 644//644 655//655
f 650//650 646//646 647//647
f 650//650 647//647 654//654
f 655//655 644//644 643//643
f 643//643 653//653 655//655
f 657//657 659//659 652//652
f 657//657 652//652 656//656
f 658//658 660//660 659//659
f 658//658 659//659 657//657
f 662//662 661//661 660//660
f 662//662 660//660 658//658
f 664//664 661//661 662//662
f 661//661 663//663 665//665
f 661//661 664//664 663//663
f 663//663 666//666 665//665
f 665//665 666//666 667//667
f 668//668 667//667 666//666
f 668//668 670//670 671//671
f 668//668 671//671 669//669
f 670//670 668//668 666//666
f 670//670 664//664 672//672
f 670//670 672//672 671//671
f 666//666 663//663 664//664
f 666//666 664//664 670//670
f 671//671 672//672 673//673
f 673//673 669//669 671//671
f 662//662 673//673 672//672
f 664//664 662//662 672//672
f 675//675 676//676 674//674
f 677//677 676//676 678//678
f 675//675 678//678 676//676
f 680//680 679//679 678//678
f 680//680 678//678 675//675
f 682//682 681//681 679//679
f 682//682 679//679 680//680
f 681//681 682//682 683//683
f 684//684 681//681 683//683
f 682//682 685//685 683//683
f 687//687 686//686 688//688
f 687//687 688//688 689//689
f 689//689 688//688 690//690
f 690//690 688//688 691//691
f 688//688 692//692 691//691
f 693//693 689//689 690//690
f 689//689 694//694 687//687
f 696//696 695//695 697//697
f 698//698 699//699 697//697
f 699//699 696//696 697//697
f 696//696 699//699 700//700
f 696//696 700//700 702//702
f 698//698 701//701 699//699
f 702//702 700//700 703//703
f 702//702 703//703 706//706
f 703//703 704//704 705//705
f 703//703 705//705 706//706
f 706//706 708//708 707//707
f 708//708 706//706 705//705
f 709//709 712//712 710//710
f 710//710 711//711 709//709
f 713//713 712//712 709//709
f 715//715 713//713 714//714
f 712//712 713//713 715//715
f 715//715 714//714 716//716
f 716//716 718//718 715//715
f 715//715 717//717 712//712
f 715//715 718//718 717//717
f 718//718 716//716 720//720
f 718//718 719//719 745//745
f 718//718 745//745 717//717
f 720//720 721//721 719//719
f 720//720 719//719 718//718
f 716//716 722//722 720//720
f 722//722 725//725 721//721
f 722//722 721//721 720//720
f 723//723 722//722 716//716
f 722//722 723//723 724//724
f 724//724 727//727 725//725
f 724//724 725//725 722//722
f 721//721 725//725 728//728
f 728//728 725//725 726//726
f 727//727 726//726 725//725
f 728//728 711//711 719//719
f 728//728 719//719 721//721
f 729//729 726//726 727//727
f 730//730 729//729 727//727
f 730//730 727//727 724//724
f 730//730 731//731 729//729
f 726//726 729//729 731//731
f 731//731 730//730 732//732
f 732//732 730//730 723//723
f 733//733 732//732 723//723
f 733//733 716//716 734//734
f 733//733 723//723 716//716
f 734//734 735//735 733//733
f 735//735 736//736 733//733
f 735//735 737//737 736//736
f 738//738 736//736 737//737
f 739//739 738//738 737//737
f 739//739 741//741 740//740
f 741//741 739//739 742//742
f 742//742 739//739 737//737
f 742//742 734//734 743//743
f 742//742 743//743 741//741
f 737//737 735//735 734//734
f 737//737 734//734 742//742
f 740//740 741//741 743//743
f 740//740 743//743 744//744
f 714//714 743//743 734//734
f 744//744 743//743 714//714
f 714//714 734//734 716//716
f 723//723 730//730 724//724
f 745//745 719//719 711//711
f 717//717 745//745 710//710
f 717//717 710//710 712//712
f 745//745 711//711 710//710
f 747//747 748//748 746//746
f 749//749 748//748 750//750
f 747//747 750//750 748//748
f 752//752 751//751 750//750
f 752//752 750//750 747//747
f 754//754 753//753 751//751
f 754//754 751//751 752//752
f 753//753 754//754 755//755
f 756//756 753//753 755//755
f 754//754 757//757 755//755
f 758//758 760//760 768//768
f 758//758 768//768 759//759
f 761//761 760//760 758//758
f 762//762 763//763 761//761
f 764//764 760//760 761//761
f 763//763 764//764 761//761
f 764//764 765//765 768//768
f 764//764 768//768 760//760
f 763//763 767//767 765//765
f 763//763 765//765 764//764
f 766//766 768//768 765//765
f 767//767 766//766 765//765
f 766//766 759//759 768//768
f 766//766 767//767 769//769
f 769//769 767//767 770//770
f 772//772 770//770 767//767
f 772//772 767//767 763//763
f 771//771 769//769 770//770
f 773//773 771//771 770//770
f 773//773 770//770 772//772
f 763//763 762//762 772//772
f 762//762 773//773 772//772
f 773//773 762//762 775//775
f 774//774 782//782 771//771
f 774//774 771//771 773//773
f 775//775 774//774 773//773
f 776//776 777//777 774//774
f 776//776 774//774 775//775
f 778//778 777//777 776//776
f 776//776 779//779 778//778
f 781//781 779//779 780//780
f 779//779 781//781 778//778
f 769//769 781//781 780//780
f 769//769 771//771 781//781
f 781//781 782//782 778//778
f 781//781 771//771 782//782
f 777//777 778//778 782//782
f 777//777 782//782 774//774
f 785//785 780//780 783//783
f 769//769 780//780 784//784
f 785//785 784//784 780//780
f 785//785 786//786 788//788
f 785//785 788//788 784//784
f 783//783 786//786 785//785
f 789//789 787//787 786//786
f 786//786 787//787 788//788
f 786//786 783//783 789//789
f 787//787 790//790 788//788
f 784//784 788//788 790//790
f 784//784 790//790 792//792
f 787//787 791//791 790//790
f 793//793 792//792 790//790
f 793//793 790//790 791//791
f 794//794 784//784 792//792
f 793//793 794//794 792//792
f 784//784 794//794 769//769
f 766//766 794//794 759//759
f 769//769 794//794 766//766
f 796//796 834//834 797//797
f 796//796 797//797 795//795
f 798//798 795//795 797//797
f 798//798 797//797 799//799
f 799//799 800//800 798//798
f 799//799 801//801 800//800
f 800//800 801//801 802//802
f 804//804 803//803 802//802
f 804//804 802//802 801//801
f 805//805 806//806 804//804
f 805//805 804//804 801//801
f 805//805 801//801 838//838
f 803//803 804//804 806//806
f 805//805 807//807 806//806
f 806//806 807//807 808//808
f 808//808 809//809 811//811
f 808//808 807//807 809//809
f 808//808 811//811 810//810
f 812//812 810//810 811//811
f 812//812 811//811 813//813
f 812//812 813//813 815//815
f 811//811 809//809 814//814
f 811//811 814//814 813//813
f 816//816 813//813 814//814
f 816//816 814//814 818//818
f 813//813 816//816 819//819
f 813//813 819//819 815//815
f 816//816 818//818 832//832
f 816//816 832//832 817//817
f 819//819 816//816 817//817
f 819//819 817//817 820//820
f 821//821 819//819 820//820
f 821//821 820//820 822//822
f 821//821 825//825 815//815
f 821//821 815//815 819//819
f 823//823 821//821 822//822
f 824//824 821//821 823//823
f 825//825 821//821 824//824
f 826//826 812//812 815//815
f 826//826 815//815 825//825
f 825//825 827//827 826//826
f 827//827 825//825 824//824
f 827//827 828//828 826//826
f 828//828 810//810 826//826
f 812//812 826//826 810//810
f 829//829 823//823 822//822
f 822//822 830//830 829//829
f 830//830 822//822 820//820
f 830//830 820//820 817//817
f 830//830 817//817 831//831
f 831//831 832//832 833//833
f 831//831 833//833 796//796
f 817//817 832//832 831//831
f 818//818 835//835 833//833
f 818//818 833//833 832//832
f 833//833 834//834 796//796
f 835//835 836//836 834//834
f 835//835 834//834 833//833
f 835//835 837//837 838//838
f 835//835 838//838 836//836
f 837//837 835//835 818//818
f 837//837 818//818 814//814
f 809//809 807//807 837//837
f 809//809 837//837 814//814
f 807//807 805//805 838//838
f 807//807 838//838 837//837
f 836//836 838//838 801//801
f 836//836 801//801 799//799
f 836//836 799//799 797//797
f 836//836 797//797 834//834
f 840//840 839//839 841//841
f 842//842 840//840 841//841
f 842//842 843//843 840//840
f 843//843 842//842 844//844
f 844//844 845//845 843//843
f 840//840 843//843 846//846
f 840//840 846//846 848//848
f 848//848 846//846 847//847
f 848//848 847//847 849//849
f 851//851 850//850 849//849
f 849//849 852//852 851//851
f 852//852 849//849 847//847
f 847//847 853//853 852//852
f 847//847 854//854 853//853
f 855//855 857//857 892//892
f 855//855 892//892 856//856
f 855//855 858//858 857//857
f 860//860 859//859 858//858
f 858//858 859//859 857//857
f 862//862 859//859 860//860
f 861//861 862//862 860//860
f 859//859 862//862 863//863
f 859//859 863//863 894//894
f 864//864 865//865 863//863
f 864//864 863//863 862//862
f 862//862 861//861 864//864
f 865//865 864//864 866//866
f 867//867 866//866 864//864
f 861//861 867//867 864//864
f 869//869 866//866 868//868
f 865//865 866//866 869//869
f 865//865 869//869 870//870
f 865//865 870//870 863//863
f 869//869 871//871 872//872
f 869//869 872//872 870//870
f 868//868 871//871 869//869
f 872//872 871//871 873//873
f 872//872 873//873 874//874
f 875//875 873//873 871//871
f 875//875 871//871 868//868
f 873//873 876//876 877//877
f 873//873 877//877 874//874
f 876//876 873//873 875//875
f 878//878 877//877 876//876
f 878//878 876//876 879//879
f 875//875 879//879 876//876
f 877//877 878//878 880//880
f 877//877 880//880 882//882
f 882//882 880//880 881//881
f 883//883 874//874 877//877
f 883//883 877//877 882//882
f 883//883 882//882 884//884
f 883//883 884//884 886//886
f 881//881 884//884 882//882
f 881//881 885//885 884//884
f 887//887 884//884 885//885
f 886//886 884//884 887//887
f 888//888 889//889 886//886
f 888//888 886//886 887//887
f 856//856 891//891 889//889
f 856//856 889//889 888//888
f 883//883 886//886 889//889
f 883//883 889//889 890//890
f 893//893 890//890 889//889
f 893//893 889//889 891//891
f 891//891 856//856 892//892
f 894//894 893//893 891//891
f 894//894 891//891 892//892
f 893//893 870//870 872//872
f 893//893 872//872 890//890
f 870//870 893//893 894//894
f 870//870 894//894 863//863
f 859//859 894//894 892//892
f 859//859 892//892 857//857
f 872//872 874//874 883//883
f 872//872 883//883 890//890
f 895//895 897//897 933//933
f 895//895 933//933 896//896
f 898//898 900//900 897//897
f 898//898 897//897 895//895
f 898//898 899//899 901//901
f 900//900 898//898 901//901
f 901//901 902//902 903//903
f 901//901 903//903 900//900
f 904//904 902//902 901//901
f 904//904 901//901 899//899
f 904//904 903//903 902//902
f 905//905 903//903 904//904
f 903//903 905//905 906//906
f 906//906 905//905 907//907
f 906//906 907//907 910//910
f 907//907 911//911 908//908
f 910//910 907//907 908//908
f 907//907 909//909 911//911
f 911//911 912//912 908//908
f 912//912 911//911 913//913
f 914//914 913//913 911//911
f 909//909 914//914 911//911
f 914//914 916//916 917//917
f 914//914 917//917 913//913
f 915//915 914//914 909//909
f 914//914 915//915 916//916
f 918//918 916//916 915//915
f 917//917 916//916 918//918
f 919//919 920//920 918//918
f 917//917 918//918 920//920
f 913//913 917//917 920//920
f 913//913 920//920 912//912
f 912//912 920//920 921//921
f 912//912 921//921 923//923
f 921//921 920//920 919//919
f 931//931 922//922 921//921
f 931//931 921//921 919//919
f 923//923 921//921 922//922
f 923//923 922//922 924//924
f 908//908 912//912 923//923
f 924//924 908//908 923//923
f 924//924 922//922 932//932
f 924//924 932//932 925//925
f 926//926 924//924 925//925
f 908//908 924//924 926//926
f 908//908 926//926 910//910
f 926//926 925//925 927//927
f 927//927 928//928 926//926
f 926//926 928//928 910//910
f 928//928 927//927 929//929
f 927//927 930//930 929//929
f 931//931 929//929 930//930
f 931//931 932//932 922//922
f 931//931 930//930 932//932
f 925//925 932//932 930//930
f 925//925 930//930 927//927
f 903//903 906//906 896//896
f 900//900 903//903 933//933
f 900//900 933//933 897//897
f 903//903 896//896 933//933
f 934//934 936//936 942//942
f 934//934 942//942 935//935
f 937//937 938//938 936//936
f 937//937 936//936 934//934
f 938//938 937//937 939//939
f 937//937 940//940 939//939
f 941//941 938//938 939//939
f 943//943 944//944 942//942
f 935//935 942//942 944//944
f 935//935 944//944 945//945
f 947//947 957//957 948//948
f 947//947 948//948 946//946
f 946//946 948//948 949//949
f 949//949 952//952 950//950
f 951//951 952//952 949//949
f 951//951 949//949 948//948
f 954//954 952//952 953//953
f 953//953 952//952 951//951
f 953//953 951//951 956//956
f 950//950 952//952 954//954
f 956//956 954//954 953//953
f 956//956 955//955 954//954
f 947//947 956//956 957//957
f 956//956 951//951 948//948
f 956//956 948//948 957//957
f 955//955 956//956 958//958
f 956//956 947//947 958//958
f 959//959 961//961 955//955
f 959//959 955//955 958//958
f 960//960 962//962 961//961
f 960//960 961//961 959//959
f 960//960 963//963 962//962
f 963//963 964//964 962//962
f 965//965 964//964 963//963
f 966//966 964//964 965//965
f 966//966 968//968 969//969
f 966//966 969//969 967//967
f 966//966 965//965 968//968
f 969//969 968//968 970//970
f 969//969 970//970 971//971
f 968//968 965//965 970//970
f 965//965 972//972 970//970
f 971//971 970//970 972//972
f 971//971 972//972 973//973
f 973//973 972//972 974//974
f 973//973 974//974 975//975
f 963//963 972//972 965//965
f 972//972 963//963 974//974
f 963//963 976//976 974//974
f 975//975 974//974 976//976
f 975//975 976//976 977//977
f 977//977 976//976 979//979
f 977//977 979//979 980//980
f 978//978 976//976 963//963
f 976//976 978//978 979//979
f 981//981 979//979 978//978
f 980//980 979//979 981//981
f 980//980 981//981 983//983
f 978//978 982//982 981//981
f 984//984 983//983 981//981
f 984//984 981//981 982//982
f 983//983 985//985 980//980
f 985//985 983//983 984//984
f 986//986 977//977 980//980
f 986//986 980//980 985//985
f 987//987 973//973 975//975
f 987//987 975//975 986//986
f 977//977 986//986 975//975
f 967//967 969//969 971//971
f 967//967 971//971 987//987
f 973//973 987//987 971//971
f 978//978 988//988 982//982
f 988//988 963//963 960//960
f 963//963 988//988 978//978
f 990//990 991//991 989//989
f 992//992 989//989 991//991
f 992//992 991//991 994//994
f 993//993 992//992 994//994
f 993//993 994//994 995//995
f 996//996 998//998 995//995
f 996//996 995//995 994//994
f 996//996 994//994 991//991
f 996//996 991//991 997//997
f 1001//1001 999//999 996//996
f 1001//1001 996//996 997//997
f 1002//1002 998//998 996//996
f 1002//1002 996//996 999//999
f 1000//1000 1003//1003 1002//1002
f 1000//1000 1002//1002 999//999
f 1000//1000 999//999 1001//1001
f 1000//1000 1001//1001 1027//1027
f 1007//1007 998//998 1002//1002
f 1007//1007 1002//1002 1004//1004
f 1005//1005 1004//1004 1002//1002
f 1005//1005 1002//1002 1003//1003
f 1006//1006 1004//1004 1005//1005
f 1008//1008 1007//1007 1004//1004
f 1008//1008 1004//1004 1006//1006
f 1007//1007 1009//1009 995//995
f 1007//1007 995//995 998//998
f 1009//1009 1007//1007 1008//1008
f 1010//1010 1009//1009 1011//1011
f 1009//1009 1010//1010 995//995
f 1008//1008 1011//1011 1009//1009
f 995//995 1010//1010 993//993
f 1005//1005 1012//1012 1006//1006
f 1013//1013 1014//1014 1012//1012
f 1013//1013 1012//1012 1005//1005
f 1015//1015 1012//1012 1014//1014
f 1016//1016 1015//1015 1014//1014
f 1017//1017 1016//1016 1018//1018
f 1016//1016 1014//1014 1018//1018
f 1014//1014 1013//1013 1019//1019
f 1014//1014 1019//1019 1018//1018
f 1020//1020 1018//1018 1019//1019
f 1020//1020 1019//1019 1022//1022
f 1020//1020 1017//1017 1018//1018
f 1020//1020 1021//1021 1023//1023
f 1020//1020 1022//1022 1026//1026
f 1020//1020 1026//1026 1021//1021
f 1017//1017 1020//1020 1023//1023
f 1023//1023 1021//1021 1024//1024
f 1024//1024 1021//1021 1026//1026
f 1024//1024 1026//1026 1025//1025
f 1026//1026 1027//1027 1025//1025
f 1027//1027 1028//1028 1025//1025
f 1028//1028 1001//1001 997//997
f 1028//1028 997//997 990//990
f 1027//1027 1001//1001 1028//1028
f 1022//1022 1000//1000 1027//1027
f 1022//1022 1027//1027 1026//1026
f 1003//1003 1000//1000 1022//1022
f 1003//1003 1022//1022 1019//1019
f 1013//1013 1005//1005 1003//1003
f 1013//1013 1003//1003 1019//1019
f 997//997 991//991 990//990
f 1030//1030 1031//1031 1029//1029
f 1030//1030 1032//1032 1031//1031
f 1033//1033 1032//1032 1030//1030
f 1034//1034 1032//1032 1033//1033
f 1033//1033 1035//1035 1034//1034
f 1033//1033 1036//1036 1037//1037
f 1030//1030 1036//1036 1033//1033
f 1033//1033 1037//1037 1038//1038
f 1030//1030 1039//1039 1036//1036
f 1040//1040 1039//1039 1030//1030
f 1042//1042 1043//1043 1041//1041
f 1044//1044 1041//1041 1043//1043
f 1044//1044 1043//1043 1046//1046
f 1045//1045 1044//1044 1046//1046
f 1047//1047 1051//1051 1048//1048
f 1047//1047 1048//1048 1046//1046
f 1047//1047 1046//1046 1043//1043
f 1047//1047 1043//1043 1083//1083
f 1046//1046 1048//1048 1045//1045
f 1050//1050 1049//1049 1048//1048
f 1048//1048 1049//1049 1045//1045
f 1053//1053 1050//1050 1048//1048
f 1053//1053 1048//1048 1051//1051
f 1082//1082 1052//1052 1051//1051
f 1082//1082 1051//1051 1047//1047
f 1055//1055 1053//1053 1051//1051
f 1055//1055 1051//1051 1052//1052
f 1050//1050 1053//1053 1054//1054
f 1055//1055 1054//1054 1053//1053
f 1057//1057 1055//1055 1052//1052
f 1057//1057 1052//1052 1058//1058
f 1056//1056 1054//1054 1055//1055
f 1056//1056 1055//1055 1057//1057
f 1056//1056 1057//1057 1059//1059
f 1059//1059 1057//1057 1058//1058
f 1059//1059 1058//1058 1061//1061
f 1059//1059 1060//1060 1062//1062
f 1060//1060 1059//1059 1061//1061
f 1060//1060 1061//1061 1067//1067
f 1056//1056 1059//1059 1062//1062
f 1063//1063 1062//1062 1064//1064
f 1060//1060 1064//1064 1062//1062
f 1064//1064 1060//1060 1067//1067
f 1064//1064 1067//1067 1066//1066
f 1065//1065 1063//1063 1064//1064
f 1064//1064 1066//1066 1065//1065
f 1068//1068 1066//1066 1067//1067
f 1068//1068 1067//1067 1071//1071
f 1068//1068 1070//1070 1065//1065
f 1068//1068 1065//1065 1066//1066
f 1069//1069 1072//1072 1068//1068
f 1068//1068 1071//1071 1077//1077
f 1068//1068 1077//1077 1069//1069
f 1070//1070 1068//1068 1072//1072
f 1073//1073 1072//1072 1069//1069
f 1073//1073 1069//1069 1077//1077
f 1073//1073 1077//1077 1074//1074
f 1074//1074 1076//1076 1079//1079
f 1074//1074 1079//1079 1075//1075
f 1076//1076 1074//1074 1077//1077
f 1071//1071 1078//1078 1076//1076
f 1071//1071 1076//1076 1077//1077
f 1078//1078 1080//1080 1079//1079
f 1078//1078 1079//1079 1076//1076
f 1079//1079 1081//1081 1075//1075
f 1080//1080 1082//1082 1081//1081
f 1080//1080 1081//1081 1079//1079
f 1082//1082 1047//1047 1083//1083
f 1082//1082 1083//1083 1081//1081
f 1075//1075 1081//1081 1083//1083
f 1075//1075 1083//1083 1042//1042
f 1083//1083 1043//1043 1042//1042
f 1052//1052 1082//1082 1080//1080
f 1052//1052 1080//1080 1058//1058
f 1078//1078 1061//1061 1058//1058
f 1078//1078 1058//1058 1080//1080
f 1061//1061 1078//1078 1071//1071
f 1061//1061 1071//1071 1067//1067
f 1054//1054 1084//1084 1050//1050
f 1049//1049 1050//1050 1084//1084
f 1086//1086 1085//1085 1087//1087
f 1088//1088 1087//1087 1085//1085
f 1088//1088 1089//1089 1087//1087
f 1090//1090 1091//1091 1087//1087
f 1090//1090 1087//1087 1089//1089
f 1091//1091 1090//1090 1092//1092
f 1092//1092 1095//1095 1091//1091
f 1095//1095 1092//1092 1093//1093
f 1092//1092 1094//1094 1093//1093
f 1095//1095 1096//1096 1091//1091
f 1093//1093 1097//1097 1095//1095
f 1097//1097 1093//1093 1098//1098
f 1098//1098 1099//1099 1097//1097
f 1101//1101 1100//1100 1099//1099
f 1101//1101 1099//1099 1098//1098
f 1102//1102 1100//1100 1101//1101
f 1103//1103 1102//1102 1101//1101
f 1104//1104 1103//1103 1105//1105
f 1101//1101 1106//1106 1103//1103
f 1106//1106 1105//1105 1103//1103
f 1106//1106 1101//1101 1098//1098
f 1106//1106 1098//1098 1107//1107
f 1105//1105 1106//1106 1107//1107
f 1105//1105 1107//1107 1108//1108
f 1108//1108 1107//1107 1093//1093
f 1093//1093 1107//1107 1098//1098
f 1094//1094 1109//1109 1108//1108
f 1110//1110 1105//1105 1108//1108
f 1110//1110 1108//1108 1109//1109
f 1093//1093 1094//1094 1108//1108
f 1105//1105 1110//1110 1104//1104
f 1091//1091 1096//1096 1086//1086
f 1091//1091 1086//1086 1087//1087
f 1112//1112 1111//1111 1113//1113
f 1113//1113 1115//1115 1112//1112
f 1114//1114 1115//1115 1113//1113
f 1116//1116 1117//1117 1112//1112
f 1116//1116 1112//1112 1115//1115
f 1118//1118 1119//1119 1117//1117
f 1118//1118 1117//1117 1116//1116
f 1118//1118 1121//1121 1119//1119
f 1120//1120 1121//1121 1118//1118
f 1119//1119 1121//1121 1122//1122
f 1126//1126 1124//1124 1123//1123
f 1126//1126 1123//1123 1125//1125
f 1125//1125 1127//1127 1128//1128
f 1125//1125 1128//1128 1126//1126
f 1129//1129 1130//1130 1126//1126
f 1129//1129 1126//1126 1128//1128
f 1131//1131 1133//1133 1130//1130
f 1131//1131 1130//1130 1129//1129
f 1131//1131 1132//1132 1135//1135
f 1131//1131 1135//1135 1133//1133
f 1136//1136 1134//1134 1133//1133
f 1136//1136 1133//1133 1135//1135
f 1133//1133 1134//1134 1137//1137
f 1133//1133 1137//1137 1130//1130
f 1130//1130 1137//1137 1124//1124
f 1130//1130 1124//1124 1126//1126
f 1139//1139 1140//1140 1138//1138
f 1143//1143 1141//1141 1140//1140
f 1143//1143 1140//1140 1142//1142
f 1142//1142 1140//1140 1139//1139
f 1142//1142 1139//1139 1144//1144
f 1145//1145 1147//1147 1141//1141
f 1145//1145 1141//1141 1143//1143
f 1147//1147 1145//1145 1146//1146
f 1147//1147 1146//1146 1149//1149
f 1148//1148 1147//1147 1149//1149
f 1153//1153 1151//1151 1150//1150
f 1151//1151 1152//1152 1150//1150
f 1153//1153 1154//1154 1151//1151
f 1154//1154 1153//1153 1155//1155
f 1156//1156 1155//1155 1153//1153
f 1157//1157 1155//1155 1156//1156
f 1158//1158 1159//1159 1155//1155
f 1158//1158 1155//1155 1157//1157
f 1159//1159 1158//1158 1160//1160
f 1160//1160 1161//1161 1159//1159
f 1161//1161 1160//1160 1162//1162
f 1164//1164 1166//1166 1163//1163
f 1164//1164 1163//1163 1162//1162
f 1162//1162 1163//1163 1161//1161
f 1165//1165 1167//1167 1166//1166
f 1165//1165 1166//1166 1164//1164
f 1167//1167 1165//1165 1168//1168
f 1168//1168 1169//1169 1167//1167
f 1171//1171 1170//1170 1169//1169
f 1171//1171 1169//1169 1168//1168
f 1171//1171 1172//1172 1170//1170
f 1172//1172 1171//1171 1173//1173
f 1171//1171 1174//1174 1173//1173
f 1174//1174 1171//1171 1168//1168
f 1174//1174 1168//1168 1175//1175
f 1165//1165 1175//1175 1168//1168
f 1163//1163 1176//1176 1161//1161
f 1161//1161 1176//1176 1177//1177
f 1176//1176 1178//1178 1177//1177
f 1177//1177 1178//1178 1152//1152
f 1177//1177 1152//1152 1151//1151
f 1179//1179 1177//1177 1151//1151
f 1179//1179 1151//1151 1154//1154
f 1177//1177 1179//1179 1161//1161
f 1159//1159 1179//1179 1154//1154
f 1159//1159 1154//1154 1155//1155
f 1161//1161 1179//1179 1159//1159
f 1181//1181 1180//1180 1182//1182
f 1181//1181 1182//1182 1183//1183
f 1184//1184 1186//1186 1181//1181
f 1184//1184 1181//1181 1183//1183
f 1185//1185 1187//1187 1186//1186
f 1185//1185 1186//1186 1184//1184
f 1188//1188 1187//1187 1185//1185
f 1188//1188 1185//1185 1189//1189
f 1190//1190 1193//1193 1191//1191
f 1191//1191 1192//1192 1190//1190
f 1194//1194 1191//1191 1193//1193
f 1195//1195 1196//1196 1191//1191
f 1195//1195 1191//1191 1194//1194
f 1196//1196 1195//1195 1197//1197
f 1199//1199 1201//1201 1198//1198
f 1199//1199 1198//1198 1197//1197
f 1197//1197 1198//1198 1196//1196
f 1200//1200 1202//1202 1201//1201
f 1200//1200 1201//1201 1199//1199
f 1202//1202 1200//1200 1203//1203
f 1203//1203 1204//1204 1202//1202
f 1204//1204 1203//1203 1205//1205
f 1205//1205 1206//1206 1204//1204
f 1208//1208 1207//1207 1206//1206
f 1208//1208 1206//1206 1205//1205
f 1210//1210 1209//1209 1207//1207
f 1210//1210 1207//1207 1208//1208
f 1208//1208 1211//1211 1210//1210
f 1211//1211 1212//1212 1210//1210
f 1210//1210 1212//1212 1213//1213
f 1212//1212 1214//1214 1213//1213
f 1214//1214 1212//1212 1216//1216
f 1214//1214 1216//1216 1215//1215
f 1217//1217 1215//1215 1216//1216
f 1200//1200 1217//1217 1203//1203
f 1203//1203 1217//1217 1216//1216
f 1216//1216 1218//1218 1203//1203
f 1212//1212 1211//1211 1218//1218
f 1212//1212 1218//1218 1216//1216
f 1203//1203 1218//1218 1205//1205
f 1211//1211 1208//1208 1205//1205
f 1211//1211 1205//1205 1218//1218
f 1198//1198 1219//1219 1196//1196
f 1196//1196 1219//1219 1192//1192
f 1196//1196 1192//1192 1191//1191
f 1221//1221 1220//1220 1222//1222
f 1223//1223 1224//1224 1222//1222
f 1222//1222 1224//1224 1221//1221
f 1225//1225 1227//1227 1221//1221
f 1225//1225 1221//1221 1224//1224
f 1226//1226 1228//1228 1227//1227
f 1226//1226 1227//1227 1225//1225
f 1226//1226 1230//1230 1228//1228
f 1228//1228 1230//1230 1229//1229
f 1231//1231 1230//1230 1226//1226
f 1235//1235 1233//1233 1232//1232
f 1233//1233 1234//1234 1232//1232
f 1236//1236 1238//1238 1235//1235
f 1233//1233 1235//1235 1237//1237
f 1235//1235 1238//1238 1237//1237
f 1240//1240 1243//1243 1237//1237
f 1240//1240 1237//1237 1238//1238
f 1238//1238 1236//1236 1239//1239
f 1242//1242 1240//1240 1238//1238
f 1242//1242 1238//1238 1239//1239
f 1252//1252 1241//1241 1240//1240
f 1252//1252 1240//1240 1242//1242
f 1241//1241 1244//1244 1243//1243
f 1241//1241 1243//1243 1240//1240
f 1244//1244 1246//1246 1245//1245
f 1244//1244 1245//1245 1243//1243
f 1243//1243 1245//1245 1233//1233
f 1243//1243 1233//1233 1237//1237
f 1246//1246 1248//1248 1247//1247
f 1246//1246 1247//1247 1245//1245
f 1245//1245 1247//1247 1234//1234
f 1245//1245 1234//1234 1233//1233
f 1246//1246 1249//1249 1248//1248
f 1250//1250 1249//1249 1246//1246
f 1250//1250 1246//1246 1244//1244
f 1251//1251 1250//1250 1241//1241
f 1251//1251 1241//1241 1252//1252
f 1241//1241 1250//1250 1244//1244
f 1256//1256 1254//1254 1253//1253
f 1254//1254 1255//1255 1253//1253
f 1257//1257 1259//1259 1256//1256
f 1256//1256 1258//1258 1254//1254
f 1258//1258 1256//1256 1259//1259
f 1261//1261 1265//1265 1258//1258
f 1261//1261 1258//1258 1259//1259
f 1260//1260 1259//1259 1257//1257
f 1263//1263 1261//1261 1259//1259
f 1263//1263 1259//1259 1260//1260
f 1262//1262 1264//1264 1261//1261
f 1261//1261 1263//1263 1262//1262
f 1264//1264 1265//1265 1261//1261
f 1266//1266 1265//1265 1264//1264
f 1265//1265 1266//1266 1254//1254
f 1265//1265 1254//1254 1258//1258
f 1266//1266 1268//1268 1255//1255
f 1266//1266 1255//1255 1254//1254
f 1264//1264 1267//1267 1266//1266
f 1267//1267 1268//1268 1266//1266
f 1269//1269 1267//1267 1264//1264
f 1270//1270 1269//1269 1264//1264
f 1269//1269 1270//1270 1271//1271
f 1271//1271 1272//1272 1269//1269
f 1274//1274 1273//1273 1272//1272
f 1274//1274 1272//1272 1271//1271
f 1274//1274 1275//1275 1273//1273
f 1275//1275 1274//1274 1276//1276
f 1274//1274 1277//1277 1276//1276
f 1277//1277 1274//1274 1271//1271
f 1277//1277 1271//1271 1278//1278
f 1270//1270 1278//1278 1271//1271
f 1264//1264 1262//1262 1270//1270
f 1280//1280 1279//1279 1281//1281
f 1280//1280 1281//1281 1282//1282
f 1282//1282 1283//1283 1284//1284
f 1280//1280 1282//1282 1284//1284
f 1284//1284 1285//1285 1280//1280
f 1287//1287 1286//1286 1288//1288
f 1287//1287 1288//1288 1290//1290
f 1289//1289 1291//1291 1290//1290
f 1289//1289 1290//1290 1288//1288
f 1293//1293 1294//1294 1292//1292
f 1293//1293 1295//1295 1294//1294
f 1296//1296 1294//1294 1295//1295
f 1296//1296 1295//1295 1297//1297
f 1295//1295 1293//1293 1298//1298
f 1300//1300 1299//1299 1302//1302
f 1300//1300 1301//1301 1299//1299
f 1302//1302 1303//1303 1300//1300
f 1304//1304 1305//1305 1300//1300
f 1304//1304 1300//1300 1303//1303
f 1305//1305 1304//1304 1306//1306
f 1305//1305 1306//1306 1307//1307
f 1308//1308 1310//1310 1307//1307
f 1308//1308 1307//1307 1306//1306
f 1309//1309 1310//1310 1308//1308
f 1312//1312 1310//1310 1309//1309
f 1310//1310 1312//1312 1311//1311
f 1310//1310 1311//1311 1313//1313
f 1310//1310 1313//1313 1307//1307
f 1307//1307 1313//1313 1314//1314
f 1307//1307 1314//1314 1305//1305
f 1305//1305 1314//1314 1301//1301
f 1305//1305 1301//1301 1300//1300
f 1316//1316 1315//1315 1317//1317
f 1316//1316 1317//1317 1318//1318
f 1316//1316 1318//1318 1319//1319
f 1316//1316 1319//1319 1320//1320
f 1320//1320 1321//1321 1316//1316
f 1323//1323 1322//1322 1324//1324
f 1323//1323 1324//1324 1326//1326
f 1325//1325 1327//1327 1326//1326
f 1325//1325 1326//1326 1324//1324
f 1329//1329 1330//1330 1328//1328
f 1331//1331 1330//1330 1332//1332
f 1331//1331 1332//1332 1334//1334
f 1329//1329 1332//1332 1330//1330
f 1332//1332 1329//1329 1333//1333
f 1336//1336 1335//1335 1337//1337
f 1337//1337 1339//1339 1336//1336
f 1338//1338 1339//1339 1337//1337
f 1340//1340 1341//1341 1336//1336
f 1340//1340 1336//1336 1339//1339
f 1342//1342 1343//1343 1341//1341
f 1342//1342 1341//1341 1340//1340
f 1342//1342 1345//1345 1343//1343
f 1344//1344 1345//1345 1342//1342
f 1343//1343 1345//1345 1346//1346
f 1348//1348 1347//1347 1350//1350
f 1348//1348 1349//1349 1347//1347
f 1350//1350 1351//1351 1348//1348
f 1352//1352 1353//1353 1348//1348
f 1352//1352 1348//1348 1351//1351
f 1353//1353 1352//1352 1354//1354
f 1353//1353 1354//1354 1355//1355
f 1356//1356 1358//1358 1355//1355
f 1356//1356 1355//1355 1354//1354
f 1357//1357 1358//1358 1356//1356
f 1358//1358 1360//1360 1359//1359
f 1358//1358 1359//1359 1361//1361
f 1358//1358 1361//1361 1355//1355
f 1360//1360 1358//1358 1357//1357
f 1355//1355 1361//1361 1362//1362
f 1355//1355 1362//1362 1353//1353
f 1353//1353 1362//1362 1349//1349
f 1353//1353 1349//1349 1348//1348
f 1364//1364 1363//1363 1365//1365
f 1364//1364 1365//1365 1366//1366
f 1367//1367 1369//1369 1364//1364
f 1367//1367 1364//1364 1366//1366
f 1368//1368 1370//1370 1369//1369
f 1368//1368 1369//1369 1367//1367
f 1371//1371 1370//1370 1368//1368
f 1371//1371 1368//1368 1372//1372
f 1374//1374 1373//1373 1375//1375
f 1379//1379 1375//1375 1373//1373
f 1378//1378 1373//1373 1376//1376
f 1376//1376 1373//1373 1377//1377
f 1378//1378 1379//1379 1373//1373
f 1379//1379 1380//1380 1382//1382
f 1380//1380 1379//1379 1381//1381
f 1379//1379 1378//1378 1381//1381
f 1382//1382 1375//1375 1379//1379
f 1383//1383 1385//1385 1382//1382
f 1382//1382 1380//1380 1383//1383
f 1382//1382 1384//1384 1375//1375
f 1382//1382 1385//1385 1384//1384
f 1386//1386 1385//1385 1383//1383
f 1386//1386 1387//1387 1384//1384
f 1386//1386 1384//1384 1385//1385
f 1388//1388 1387//1387 1386//1386
f 1386//1386 1383//1383 1389//1389
f 1389//1389 1388//1388 1386//1386
f 1380//1380 1381//1381 1389//1389
f 1389//1389 1381//1381 1390//1390
f 1391//1391 1389//1389 1390//1390
f 1380//1380 1389//1389 1383//1383
f 1391//1391 1390//1390 1392//1392
f 1392//1392 1393//1393 1395//1395
f 1392//1392 1390//1390 1393//1393
f 1394//1394 1392//1392 1395//1395
f 1394//1394 1395//1395 1397//1397
f 1395//1395 1393//1393 1806//1806
f 1395//1395 1806//1806 1396//1396
f 1397//1397 1395//1395 1396//1396
f 1397//1397 1396//1396 1400//1400
f 1394//1394 1397//1397 1399//1399
f 1398//1398 1399//1399 1397//1397
f 1398//1398 1397//1397 1400//1400
f 1398//1398 1400//1400 1402//1402
f 1401//1401 1400//1400 1396//1396
f 1402//1402 1400//1400 1401//1401
f 1401//1401 1403//1403 1402//1402
f 1406//1406 1402//1402 1403//1403
f 1398//1398 1402//1402 1404//1404
f 1402//1402 1405//1405 1404//1404
f 1406//1406 1405//1405 1402//1402
f 1406//1406 1403//1403 1407//1407
f 1407//1407 1408//1408 1406//1406
f 1408//1408 1411//1411 1405//1405
f 1408//1408 1405//1405 1406//1406
f 1409//1409 1412//1412 1408//1408
f 1408//1408 1410//1410 1409//1409
f 1410//1410 1408//1408 1407//1407
f 1408//1408 1412//1412 1411//1411
f 1412//1412 1409//1409 1413//1413
f 1415//1415 1412//1412 1413//1413
f 1414//1414 1411//1411 1412//1412
f 1412//1412 1415//1415 1414//1414
f 1413//1413 1416//1416 1415//1415
f 1413//1413 1417//1417 1416//1416
f 1418//1418 1416//1416 1417//1417
f 1418//1418 1419//1419 1416//1416
f 1418//1418 1420//1420 1419//1419
f 1421//1421 1419//1419 1420//1420
f 1421//1421 1422//1422 1419//1419
f 1422//1422 1423//1423 1419//1419
f 1423//1423 1425//1425 1424//1424
f 1423//1423 1426//1426 1425//1425
f 1426//1426 1423//1423 1422//1422
f 1426//1426 1427//1427 1425//1425
f 1427//1427 1426//1426 1429//1429
f 1429//1429 1426//1426 1428//1428
f 1428//1428 1426//1426 1422//1422
f 1428//1428 1422//1422 1800//1800
f 1429//1429 1431//1431 1427//1427
f 1432//1432 1429//1429 1430//1430
f 1430//1430 1429//1429 1428//1428
f 1430//1430 1428//1428 1799//1799
f 1431//1431 1429//1429 1432//1432
f 1430//1430 1433//1433 1432//1432
f 1432//1432 1433//1433 1437//1437
f 1434//1434 1431//1431 1432//1432
f 1436//1436 1434//1434 1432//1432
f 1435//1435 1436//1436 1432//1432
f 1432//1432 1437//1437 1435//1435
f 1438//1438 1437//1437 1407//1407
f 1438//1438 1439//1439 1437//1437
f 1440//1440 1437//1437 1439//1439
f 1407//1407 1437//1437 1410//1410
f 1410//1410 1437//1437 1441//1441
f 1433//1433 1441//1441 1437//1437
f 1442//1442 1441//1441 1444//1444
f 1443//1443 1441//1441 1442//1442
f 1441//1441 1443//1443 1410//1410
f 1433//1433 1444//1444 1441//1441
f 1418//1418 1445//1445 1444//1444
f 1444//1444 1445//1445 1442//1442
f 1433//1433 1420//1420 1418//1418
f 1433//1433 1418//1418 1444//1444
f 1445//1445 1418//1418 1417//1417
f 1442//1442 1445//1445 1417//1417
f 1442//1442 1417//1417 1443//1443
f 1443//1443 1417//1417 1413//1413
f 1443//1443 1413//1413 1409//1409
f 1410//1410 1443//1443 1409//1409
f 1438//1438 1407//1407 1403//1403
f 1436//1436 1446//1446 1434//1434
f 1436//1436 1448//1448 1446//1446
f 1435//1435 1447//1447 1436//1436
f 1436//1436 1447//1447 1449//1449
f 1448//1448 1436//1436 1449//1449
f 1449//1449 1450//1450 1452//1452
f 1449//1449 1452//1452 1448//1448
f 1447//1447 1450//1450 1449//1449
f 1451//1451 1450//1450 1447//1447
f 1450//1450 1451//1451 1453//1453
f 1450//1450 1453//1453 1454//1454
f 1450//1450 1454//1454 1452//1452
f 1455//1455 1453//1453 1451//1451
f 1455//1455 1454//1454 1453//1453
f 1457//1457 1455//1455 1451//1451
f 1455//1455 1456//1456 1458//1458
f 1457//1457 1459//1459 1455//1455
f 1455//1455 1458//1458 1454//1454
f 1455//1455 1459//1459 1462//1462
f 1460//1460 1455//1455 1461//1461
f 1462//1462 1461//1461 1455//1455
f 1463//1463 1464//1464 1459//1459
f 1459//1459 1465//1465 1463//1463
f 1466//1466 1465//1465 1459//1459
f 1459//1459 1457//1457 1466//1466
f 1467//1467 1464//1464 1463//1463
f 1464//1464 1467//1467 1469//1469
f 1468//1468 1470//1470 1464//1464
f 1464//1464 1469//1469 1468//1468
f 1468//1468 1471//1471 1470//1470
f 1472//1472 1471//1471 1468//1468
f 1473//1473 1471//1471 1472//1472
f 1471//1471 1473//1473 1474//1474
f 1474//1474 1473//1473 1475//1475
f 1473//1473 1476//1476 1475//1475
f 1475//1475 1476//1476 1477//1477
f 1478//1478 1475//1475 1477//1477
f 1481//1481 1478//1478 1479//1479
f 1479//1479 1478//1478 1477//1477
f 1481//1481 1480//1480 1478//1478
f 1481//1481 1479//1479 1532//1532
f 1481//1481 1532//1532 1482//1482
f 1482//1482 1483//1483 1481//1481
f 1483//1483 1484//1484 1481//1481
f 1485//1485 1481//1481 1484//1484
f 1481//1481 1485//1485 1480//1480
f 1485//1485 1486//1486 1480//1480
f 1484//1484 1488//1488 1485//1485
f 1485//1485 1487//1487 1486//1486
f 1485//1485 1489//1489 1487//1487
f 1489//1489 1485//1485 1488//1488
f 1489//1489 1490//1490 1492//1492
f 1491//1491 1524//1524 1490//1490
f 1491//1491 1490//1490 1489//1489
f 1489//1489 1492//1492 1487//1487
f 1522//1522 1491//1491 1489//1489
f 1522//1522 1489//1489 1488//1488
f 1496//1496 1493//1493 1492//1492
f 1493//1493 1494//1494 1492//1492
f 1492//1492 1494//1494 1495//1495
f 1492//1492 1495//1495 1497//1497
f 1492//1492 1490//1490 1496//1496
f 1497//1497 1495//1495 1500//1500
f 1500//1500 1498//1498 1497//1497
f 1499//1499 1497//1497 1498//1498
f 1500//1500 1501//1501 1502//1502
f 1501//1501 1500//1500 1495//1495
f 1500//1500 1502//1502 1503//1503
f 1504//1504 1500//1500 1503//1503
f 1508//1508 1500//1500 1504//1504
f 1500//1500 1505//1505 1507//1507
f 1500//1500 1506//1506 1505//1505
f 1506//1506 1500//1500 1508//1508
f 1500//1500 1507//1507 1509//1509
f 1510//1510 1512//1512 1509//1509
f 1509//1509 1511//1511 1510//1510
f 1513//1513 1511//1511 1509//1509
f 1507//1507 1513//1513 1509//1509
f 1511//1511 1513//1513 1514//1514
f 1513//1513 1515//1515 1514//1514
f 1507//1507 1517//1517 1513//1513
f 1515//1515 1513//1513 1516//1516
f 1517//1517 1516//1516 1513//1513
f 1517//1517 1518//1518 1483//1483
f 1517//1517 1483//1483 1516//1516
f 1507//1507 1505//1505 1518//1518
f 1507//1507 1518//1518 1517//1517
f 1518//1518 1520//1520 1519//1519
f 1484//1484 1518//1518 1519//1519
f 1518//1518 1484//1484 1483//1483
f 1505//1505 1520//1520 1518//1518
f 1520//1520 1521//1521 1522//1522
f 1520//1520 1522//1522 1519//1519
f 1506//1506 1508//1508 1521//1521
f 1506//1506 1521//1521 1520//1520
f 1520//1520 1505//1505 1506//1506
f 1508//1508 1504//1504 1523//1523
f 1508//1508 1523//1523 1521//1521
f 1521//1521 1491//1491 1522//1522
f 1523//1523 1491//1491 1521//1521
f 1523//1523 1496//1496 1524//1524
f 1491//1491 1523//1523 1524//1524
f 1523//1523 1503//1503 1496//1496
f 1503//1503 1523//1523 1504//1504
f 1524//1524 1496//1496 1490//1490
f 1488//1488 1519//1519 1522//1522
f 1519//1519 1488//1488 1484//1484
f 1516//1516 1483//1483 1526//1526
f 1516//1516 1526//1526 1515//1515
f 1514//1514 1515//1515 1525//1525
f 1515//1515 1526//1526 1527//1527
f 1515//1515 1527//1527 1525//1525
f 1526//1526 1528//1528 1529//1529
f 1526//1526 1529//1529 1527//1527
f 1483//1483 1482//1482 1526//1526
f 1526//1526 1482//1482 1528//1528
f 1530//1530 1529//1529 1528//1528
f 1482//1482 1532//1532 1530//1530
f 1482//1482 1530//1530 1528//1528
f 1533//1533 1529//1529 1530//1530
f 1533//1533 1530//1530 1531//1531
f 1532//1532 1477//1477 1531//1531
f 1532//1532 1531//1531 1530//1530
f 1529//1529 1533//1533 1534//1534
f 1533//1533 1476//1476 1535//1535
f 1533//1533 1535//1535 1534//1534
f 1531//1531 1476//1476 1533//1533
f 1529//1529 1534//1534 1536//1536
f 1529//1529 1536//1536 1537//1537
f 1535//1535 1536//1536 1534//1534
f 1537//1537 1536//1536 1539//1539
f 1537//1537 1539//1539 1542//1542
f 1536//1536 1472//1472 1538//1538
f 1536//1536 1538//1538 1540//1540
f 1536//1536 1540//1540 1539//1539
f 1472//1472 1536//1536 1535//1535
f 1540//1540 1541//1541 1539//1539
f 1541//1541 1542//1542 1539//1539
f 1541//1541 1543//1543 1542//1542
f 1543//1543 1537//1537 1542//1542
f 1537//1537 1543//1543 1527//1527
f 1544//1544 1543//1543 1541//1541
f 1514//1514 1525//1525 1543//1543
f 1514//1514 1543//1543 1544//1544
f 1527//1527 1543//1543 1525//1525
f 1511//1511 1514//1514 1544//1544
f 1541//1541 1511//1511 1544//1544
f 1510//1510 1511//1511 1541//1541
f 1510//1510 1541//1541 1546//1546
f 1541//1541 1540//1540 1545//1545
f 1541//1541 1545//1545 1549//1549
f 1463//1463 1547//1547 1541//1541
f 1541//1541 1549//1549 1463//1463
f 1546//1546 1541//1541 1548//1548
f 1548//1548 1541//1541 1547//1547
f 1463//1463 1549//1549 1467//1467
f 1655//1655 1467//1467 1549//1549
f 1655//1655 1549//1549 1545//1545
f 1550//1550 1553//1553 1548//1548
f 1550//1550 1548//1548 1551//1551
f 1552//1552 1548//1548 1547//1547
f 1579//1579 1551//1551 1548//1548
f 1579//1579 1548//1548 1552//1552
f 1553//1553 1546//1546 1548//1548
f 1553//1553 1554//1554 1546//1546
f 1555//1555 1554//1554 1553//1553
f 1555//1555 1553//1553 1550//1550
f 1554//1554 1556//1556 1512//1512
f 1512//1512 1546//1546 1554//1554
f 1556//1556 1554//1554 1555//1555
f 1556//1556 1555//1555 1557//1557
f 1556//1556 1557//1557 1558//1558
f 1566//1566 1558//1558 1557//1557
f 1560//1560 1558//1558 1559//1559
f 1559//1559 1558//1558 1566//1566
f 1563//1563 1558//1558 1560//1560
f 1563//1563 1561//1561 1558//1558
f 1561//1561 1562//1562 1558//1558
f 1562//1562 1564//1564 1558//1558
f 1565//1565 1558//1558 1564//1564
f 1568//1568 1566//1566 1567//1567
f 1566//1566 1557//1557 1555//1555
f 1566//1566 1555//1555 1567//1567
f 1569//1569 1566//1566 1568//1568
f 1566//1566 1569//1569 1559//1559
f 1569//1569 1570//1570 1571//1571
f 1569//1569 1568//1568 1570//1570
f 1569//1569 1571//1571 1559//1559
f 1570//1570 1574//1574 1571//1571
f 1572//1572 1571//1571 1574//1574
f 1573//1573 1559//1559 1571//1571
f 1572//1572 1574//1574 1576//1576
f 1575//1575 1574//1574 1570//1570
f 1574//1574 1575//1575 1578//1578
f 1574//1574 1578//1578 1576//1576
f 1572//1572 1576//1576 1577//1577
f 1576//1576 1578//1578 1581//1581
f 1576//1576 1581//1581 1577//1577
f 1580//1580 1578//1578 1575//1575
f 1579//1579 1578//1578 1580//1580
f 1578//1578 1579//1579 1581//1581
f 1577//1577 1581//1581 1582//1582
f 1577//1577 1582//1582 1584//1584
f 1579//1579 1582//1582 1581//1581
f 1582//1582 1552//1552 1583//1583
f 1584//1584 1582//1582 1583//1583
f 1584//1584 1583//1583 1588//1588
f 1552//1552 1582//1582 1579//1579
f 1586//1586 1585//1585 1584//1584
f 1585//1585 1577//1577 1584//1584
f 1584//1584 1587//1587 1586//1586
f 1587//1587 1584//1584 1588//1588
f 1587//1587 1588//1588 1589//1589
f 1547//1547 1588//1588 1583//1583
f 1589//1589 1588//1588 1547//1547
f 1591//1591 1587//1587 1589//1589
f 1591//1591 1589//1589 1590//1590
f 1547//1547 1590//1590 1589//1589
f 1591//1591 1590//1590 1592//1592
f 1547//1547 1592//1592 1590//1590
f 1594//1594 1592//1592 1547//1547
f 1594//1594 1547//1547 1596//1596
f 1593//1593 1591//1591 1592//1592
f 1592//1592 1594//1594 1593//1593
f 1595//1595 1593//1593 1594//1594
f 1595//1595 1594//1594 1596//1596
f 1595//1595 1596//1596 1597//1597
f 1598//1598 1597//1597 1596//1596
f 1598//1598 1596//1596 1547//1547
f 1598//1598 1599//1599 1603//1603
f 1601//1601 1600//1600 1598//1598
f 1600//1600 1597//1597 1598//1598
f 1602//1602 1601//1601 1598//1598
f 1603//1603 1602//1602 1598//1598
f 1547//1547 1463//1463 1598//1598
f 1604//1604 1606//1606 1603//1603
f 1603//1603 1599//1599 1604//1604
f 1603//1603 1605//1605 1640//1640
f 1603//1603 1640//1640 1602//1602
f 1608//1608 1605//1605 1603//1603
f 1608//1608 1603//1603 1606//1606
f 1610//1610 1606//1606 1604//1604
f 1609//1609 1607//1607 1606//1606
f 1607//1607 1608//1608 1606//1606
f 1606//1606 1610//1610 1609//1609
f 1609//1609 1611//1611 1607//1607
f 1615//1615 1611//1611 1612//1612
f 1611//1611 1613//1613 1612//1612
f 1607//1607 1611//1611 1614//1614
f 1611//1611 1615//1615 1614//1614
f 1615//1615 1616//1616 1618//1618
f 1615//1615 1618//1618 1614//1614
f 1565//1565 1615//1615 1617//1617
f 1616//1616 1615//1615 1565//1565
f 1615//1615 1612//1612 1617//1617
f 1616//1616 1619//1619 1618//1618
f 1564//1564 1616//1616 1565//1565
f 1564//1564 1619//1619 1616//1616
f 1618//1618 1619//1619 1620//1620
f 1619//1619 1621//1621 1624//1624
f 1619//1619 1624//1624 1620//1620
f 1564//1564 1621//1621 1619//1619
f 1621//1621 1623//1623 1622//1622
f 1622//1622 1624//1624 1621//1621
f 1625//1625 1623//1623 1621//1621
f 1625//1625 1621//1621 1564//1564
f 1627//1627 1623//1623 1625//1625
f 1628//1628 1625//1625 1626//1626
f 1564//1564 1562//1562 1626//1626
f 1564//1564 1626//1626 1625//1625
f 1625//1625 1628//1628 1627//1627
f 1628//1628 1629//1629 1563//1563
f 1628//1628 1626//1626 1629//1629
f 1561//1561 1563//1563 1629//1629
f 1562//1562 1561//1561 1629//1629
f 1562//1562 1629//1629 1626//1626
f 1624//1624 1631//1631 1637//1637
f 1624//1624 1637//1637 1630//1630
f 1620//1620 1624//1624 1630//1630
f 1620//1620 1630//1630 1651//1651
f 1624//1624 1632//1632 1631//1631
f 1632//1632 1624//1624 1622//1622
f 1631//1631 1632//1632 1634//1634
f 1634//1634 1632//1632 1633//1633
f 1634//1634 1633//1633 1635//1635
f 1634//1634 1635//1635 1636//1636
f 1637//1637 1634//1634 1636//1636
f 1637//1637 1636//1636 1638//1638
f 1637//1637 1631//1631 1634//1634
f 1638//1638 1630//1630 1637//1637
f 1638//1638 1636//1636 1640//1640
f 1638//1638 1640//1640 1605//1605
f 1608//1608 1638//1638 1605//1605
f 1630//1630 1638//1638 1608//1608
f 1636//1636 1639//1639 1640//1640
f 1639//1639 1636//1636 1635//1635
f 1641//1641 1602//1602 1640//1640
f 1640//1640 1639//1639 1641//1641
f 1639//1639 1644//1644 1642//1642
f 1639//1639 1642//1642 1641//1641
f 1642//1642 1602//1602 1641//1641
f 1602//1602 1642//1642 1601//1601
f 1601//1601 1642//1642 1645//1645
f 1644//1644 1643//1643 1642//1642
f 1643//1643 1645//1645 1642//1642
f 1646//1646 1645//1645 1643//1643
f 1646//1646 1648//1648 1645//1645
f 1647//1647 1601//1601 1645//1645
f 1645//1645 1648//1648 1647//1647
f 1647//1647 1648//1648 1649//1649
f 1595//1595 1650//1650 1649//1649
f 1649//1649 1650//1650 1647//1647
f 1593//1593 1595//1595 1649//1649
f 1597//1597 1600//1600 1650//1650
f 1600//1600 1647//1647 1650//1650
f 1650//1650 1595//1595 1597//1597
f 1601//1601 1647//1647 1600//1600
f 1644//1644 1633//1633 1643//1643
f 1639//1639 1633//1633 1644//1644
f 1635//1635 1633//1633 1639//1639
f 1630//1630 1608//1608 1607//1607
f 1630//1630 1607//1607 1651//1651
f 1620//1620 1651//1651 1618//1618
f 1618//1618 1651//1651 1614//1614
f 1614//1614 1651//1651 1607//1607
f 1652//1652 1591//1591 1593//1593
f 1586//1586 1587//1587 1652//1652
f 1591//1591 1652//1652 1587//1587
f 1585//1585 1572//1572 1577//1577
f 1547//1547 1583//1583 1552//1552
f 1570//1570 1568//1568 1580//1580
f 1570//1570 1580//1580 1575//1575
f 1568//1568 1567//1567 1653//1653
f 1568//1568 1653//1653 1580//1580
f 1580//1580 1653//1653 1551//1551
f 1580//1580 1551//1551 1579//1579
f 1653//1653 1550//1550 1551//1551
f 1550//1550 1653//1653 1555//1555
f 1555//1555 1653//1653 1567//1567
f 1559//1559 1573//1573 1654//1654
f 1559//1559 1654//1654 1560//1560
f 1546//1546 1512//1512 1510//1510
f 1540//1540 1656//1656 1545//1545
f 1545//1545 1656//1656 1655//1655
f 1656//1656 1540//1540 1538//1538
f 1472//1472 1468//1468 1656//1656
f 1472//1472 1656//1656 1538//1538
f 1468//1468 1469//1469 1655//1655
f 1468//1468 1655//1655 1656//1656
f 1467//1467 1655//1655 1469//1469
f 1537//1537 1527//1527 1529//1529
f 1476//1476 1473//1473 1535//1535
f 1472//1472 1535//1535 1473//1473
f 1477//1477 1532//1532 1479//1479
f 1531//1531 1477//1477 1476//1476
f 1496//1496 1503//1503 1493//1493
f 1503//1503 1502//1502 1494//1494
f 1503//1503 1494//1494 1493//1493
f 1502//1502 1501//1501 1495//1495
f 1502//1502 1495//1495 1494//1494
f 1499//1499 1498//1498 1657//1657
f 1658//1658 1657//1657 1659//1659
f 1498//1498 1659//1659 1657//1657
f 1660//1660 1661//1661 1659//1659
f 1658//1658 1659//1659 1661//1661
f 1664//1664 1661//1661 1662//1662
f 1661//1661 1663//1663 1662//1662
f 1663//1663 1661//1661 1665//1665
f 1666//1666 1665//1665 1661//1661
f 1660//1660 1666//1666 1661//1661
f 1666//1666 1667//1667 1668//1668
f 1670//1670 1666//1666 1668//1668
f 1665//1665 1666//1666 1669//1669
f 1669//1669 1666//1666 1670//1670
f 1675//1675 1669//1669 1670//1670
f 1675//1675 1670//1670 1671//1671
f 1671//1671 1670//1670 1668//1668
f 1671//1671 1668//1668 1674//1674
f 1671//1671 1672//1672 1675//1675
f 1672//1672 1671//1671 1676//1676
f 1674//1674 1673//1673 1671//1671
f 1671//1671 1673//1673 1676//1676
f 1676//1676 1677//1677 1672//1672
f 1677//1677 1676//1676 1678//1678
f 1678//1678 1676//1676 1673//1673
f 1678//1678 1673//1673 1680//1680
f 1793//1793 1677//1677 1678//1678
f 1793//1793 1678//1678 1679//1679
f 1680//1680 1679//1679 1678//1678
f 1681//1681 1679//1679 1680//1680
f 1680//1680 1673//1673 1685//1685
f 1680//1680 1685//1685 1682//1682
f 1681//1681 1680//1680 1682//1682
f 1681//1681 1682//1682 1686//1686
f 1683//1683 1682//1682 1684//1684
f 1682//1682 1683//1683 1686//1686
f 1684//1684 1682//1682 1685//1685
f 1683//1683 1687//1687 1686//1686
f 1690//1690 1681//1681 1686//1686
f 1690//1690 1686//1686 1687//1687
f 1688//1688 1687//1687 1683//1683
f 1687//1687 1688//1688 1689//1689
f 1694//1694 1690//1690 1687//1687
f 1694//1694 1687//1687 1689//1689
f 1694//1694 1691//1691 1690//1690
f 1690//1690 1691//1691 1692//1692
f 1693//1693 1690//1690 1692//1692
f 1690//1690 1693//1693 1681//1681
f 1697//1697 1694//1694 1689//1689
f 1691//1691 1694//1694 1695//1695
f 1694//1694 1696//1696 1695//1695
f 1694//1694 1697//1697 1696//1696
f 1698//1698 1697//1697 1699//1699
f 1698//1698 1699//1699 1711//1711
f 1704//1704 1700//1700 1697//1697
f 1704//1704 1697//1697 1698//1698
f 1697//1697 1689//1689 1688//1688
f 1697//1697 1688//1688 1699//1699
f 1696//1696 1697//1697 1700//1700
f 1701//1701 1696//1696 1700//1700
f 1700//1700 1703//1703 1701//1701
f 1703//1703 1700//1700 1702//1702
f 1704//1704 1702//1702 1700//1700
f 1702//1702 1704//1704 1705//1705
f 1705//1705 1704//1704 1698//1698
f 1705//1705 1698//1698 1707//1707
f 1784//1784 1702//1702 1705//1705
f 1784//1784 1705//1705 1706//1706
f 1707//1707 1706//1706 1705//1705
f 1708//1708 1707//1707 1709//1709
f 1708//1708 1709//1709 1710//1710
f 1708//1708 1706//1706 1707//1707
f 1707//1707 1698//1698 1711//1711
f 1707//1707 1711//1711 1709//1709
f 1709//1709 1712//1712 1710//1710
f 1713//1713 1709//1709 1711//1711
f 1712//1712 1709//1709 1713//1713
f 1713//1713 1699//1699 1715//1715
f 1699//1699 1713//1713 1711//1711
f 1712//1712 1713//1713 1714//1714
f 1712//1712 1714//1714 1721//1721
f 1713//1713 1715//1715 1716//1716
f 1713//1713 1716//1716 1714//1714
f 1715//1715 1717//1717 1718//1718
f 1715//1715 1718//1718 1716//1716
f 1683//1683 1715//1715 1688//1688
f 1715//1715 1699//1699 1688//1688
f 1715//1715 1683//1683 1717//1717
f 1719//1719 1718//1718 1717//1717
f 1684//1684 1719//1719 1717//1717
f 1717//1717 1683//1683 1684//1684
f 1718//1718 1719//1719 1668//1668
f 1674//1674 1668//1668 1719//1719
f 1685//1685 1674//1674 1719//1719
f 1685//1685 1719//1719 1684//1684
f 1718//1718 1667//1667 1716//1716
f 1668//1668 1667//1667 1718//1718
f 1714//1714 1716//1716 1667//1667
f 1667//1667 1720//1720 1714//1714
f 1721//1721 1714//1714 1720//1720
f 1722//1722 1721//1721 1720//1720
f 1725//1725 1712//1712 1721//1721
f 1725//1725 1721//1721 1722//1722
f 1728//1728 1725//1725 1722//1722
f 1728//1728 1722//1722 1723//1723
f 1723//1723 1722//1722 1724//1724
f 1723//1723 1724//1724 1734//1734
f 1720//1720 1724//1724 1722//1722
f 1727//1727 1725//1725 1726//1726
f 1729//1729 1726//1726 1725//1725
f 1729//1729 1725//1725 1728//1728
f 1725//1725 1727//1727 1712//1712
f 1730//1730 1728//1728 1723//1723
f 1730//1730 1729//1729 1728//1728
f 1730//1730 1723//1723 1734//1734
f 1730//1730 1734//1734 1731//1731
f 1730//1730 1434//1434 1729//1729
f 1434//1434 1730//1730 1731//1731
f 1434//1434 1731//1731 1431//1431
f 1731//1731 1732//1732 1431//1431
f 1732//1732 1731//1731 1733//1733
f 1731//1731 1734//1734 1735//1735
f 1731//1731 1735//1735 1733//1733
f 1734//1734 1724//1724 1736//1736
f 1734//1734 1736//1736 1735//1735
f 1740//1740 1733//1733 1735//1735
f 1740//1740 1735//1735 1737//1737
f 1737//1737 1735//1735 1736//1736
f 1737//1737 1738//1738 1739//1739
f 1736//1736 1751//1751 1738//1738
f 1736//1736 1738//1738 1737//1737
f 1737//1737 1739//1739 1740//1740
f 1742//1742 1741//1741 1740//1740
f 1732//1732 1733//1733 1740//1740
f 1732//1732 1740//1740 1741//1741
f 1742//1742 1740//1740 1739//1739
f 1744//1744 1742//1742 1743//1743
f 1744//1744 1741//1741 1742//1742
f 1732//1732 1744//1744 1427//1427
f 1744//1744 1732//1732 1741//1741
f 1427//1427 1744//1744 1425//1425
f 1743//1743 1425//1425 1744//1744
f 1425//1425 1743//1743 1424//1424
f 1745//1745 1739//1739 1738//1738
f 1745//1745 1747//1747 1746//1746
f 1745//1745 1738//1738 1747//1747
f 1751//1751 1749//1749 1747//1747
f 1751//1751 1747//1747 1738//1738
f 1748//1748 1746//1746 1747//1747
f 1749//1749 1752//1752 1748//1748
f 1749//1749 1748//1748 1747//1747
f 1749//1749 1750//1750 1752//1752
f 1749//1749 1751//1751 1750//1750
f 1752//1752 1750//1750 1753//1753
f 1752//1752 1753//1753 1754//1754
f 1752//1752 1754//1754 1748//1748
f 1374//1374 1754//1754 1753//1753
f 1753//1753 1750//1750 1374//1374
f 1748//1748 1754//1754 1755//1755
f 1748//1748 1755//1755 1756//1756
f 1374//1374 1755//1755 1754//1754
f 1756//1756 1755//1755 1757//1757
f 1756//1756 1757//1757 1387//1387
f 1755//1755 1374//1374 1757//1757
f 1374//1374 1375//1375 1757//1757
f 1387//1387 1757//1757 1375//1375
f 1387//1387 1375//1375 1384//1384
f 1756//1756 1758//1758 1748//1748
f 1387//1387 1388//1388 1756//1756
f 1756//1756 1388//1388 1758//1758
f 1746//1746 1748//1748 1758//1758
f 1750//1750 1751//1751 1736//1736
f 1724//1724 1750//1750 1736//1736
f 1720//1720 1750//1750 1724//1724
f 1431//1431 1732//1732 1427//1427
f 1729//1729 1759//1759 1726//1726
f 1760//1760 1759//1759 1729//1729
f 1434//1434 1760//1760 1729//1729
f 1759//1759 1760//1760 1761//1761
f 1760//1760 1762//1762 1761//1761
f 1446//1446 1762//1762 1760//1760
f 1434//1434 1446//1446 1760//1760
f 1763//1763 1765//1765 1762//1762
f 1762//1762 1446//1446 1763//1763
f 1766//1766 1762//1762 1764//1764
f 1762//1762 1765//1765 1764//1764
f 1762//1762 1766//1766 1761//1761
f 1766//1766 1768//1768 1769//1769
f 1766//1766 1769//1769 1767//1767
f 1761//1761 1766//1766 1767//1767
f 1764//1764 1772//1772 1768//1768
f 1764//1764 1768//1768 1766//1766
f 1768//1768 1770//1770 1783//1783
f 1768//1768 1783//1783 1769//1769
f 1768//1768 1771//1771 1770//1770
f 1771//1771 1768//1768 1772//1772
f 1764//1764 1773//1773 1772//1772
f 1773//1773 1775//1775 1771//1771
f 1773//1773 1771//1771 1772//1772
f 1774//1774 1776//1776 1775//1775
f 1774//1774 1775//1775 1773//1773
f 1773//1773 1765//1765 1774//1774
f 1765//1765 1773//1773 1764//1764
f 1775//1775 1776//1776 1456//1456
f 1775//1775 1778//1778 1771//1771
f 1775//1775 1456//1456 1777//1777
f 1777//1777 1778//1778 1775//1775
f 1779//1779 1778//1778 1780//1780
f 1770//1770 1778//1778 1779//1779
f 1780//1780 1778//1778 1777//1777
f 1770//1770 1771//1771 1778//1778
f 1770//1770 1779//1779 1703//1703
f 1774//1774 1781//1781 1776//1776
f 1781//1781 1458//1458 1776//1776
f 1776//1776 1458//1458 1456//1456
f 1781//1781 1454//1454 1458//1458
f 1452//1452 1781//1781 1782//1782
f 1782//1782 1781//1781 1774//1774
f 1782//1782 1774//1774 1765//1765
f 1454//1454 1781//1781 1452//1452
f 1765//1765 1763//1763 1782//1782
f 1448//1448 1452//1452 1782//1782
f 1448//1448 1782//1782 1763//1763
f 1770//1770 1784//1784 1706//1706
f 1770//1770 1706//1706 1783//1783
f 1784//1784 1770//1770 1703//1703
f 1702//1702 1784//1784 1703//1703
f 1706//1706 1708//1708 1783//1783
f 1708//1708 1769//1769 1783//1783
f 1785//1785 1769//1769 1708//1708
f 1769//1769 1785//1785 1767//1767
f 1785//1785 1708//1708 1710//1710
f 1785//1785 1710//1710 1727//1727
f 1759//1759 1785//1785 1727//1727
f 1759//1759 1727//1727 1726//1726
f 1761//1761 1767//1767 1785//1785
f 1761//1761 1785//1785 1759//1759
f 1446//1446 1448//1448 1763//1763
f 1712//1712 1727//1727 1710//1710
f 1701//1701 1703//1703 1786//1786
f 1786//1786 1787//1787 1692//1692
f 1786//1786 1691//1691 1788//1788
f 1786//1786 1692//1692 1691//1691
f 1786//1786 1788//1788 1701//1701
f 1701//1701 1788//1788 1691//1691
f 1701//1701 1691//1691 1695//1695
f 1787//1787 1789//1789 1693//1693
f 1692//1692 1787//1787 1693//1693
f 1790//1790 1791//1791 1789//1789
f 1789//1789 1791//1791 1693//1693
f 1791//1791 1793//1793 1679//1679
f 1791//1791 1679//1679 1792//1792
f 1693//1693 1791//1791 1792//1792
f 1664//1664 1791//1791 1790//1790
f 1793//1793 1791//1791 1664//1664
f 1794//1794 1795//1795 1677//1677
f 1794//1794 1677//1677 1793//1793
f 1794//1794 1793//1793 1664//1664
f 1794//1794 1796//1796 1795//1795
f 1664//1664 1796//1796 1794//1794
f 1796//1796 1662//1662 1797//1797
f 1796//1796 1797//1797 1672//1672
f 1796//1796 1672//1672 1795//1795
f 1796//1796 1664//1664 1662//1662
f 1675//1675 1672//1672 1797//1797
f 1662//1662 1663//1663 1675//1675
f 1662//1662 1675//1675 1797//1797
f 1672//1672 1677//1677 1795//1795
f 1681//1681 1693//1693 1792//1792
f 1679//1679 1681//1681 1792//1792
f 1701//1701 1695//1695 1696//1696
f 1673//1673 1674//1674 1685//1685
f 1663//1663 1665//1665 1669//1669
f 1663//1663 1669//1669 1675//1675
f 1451//1451 1447//1447 1457//1457
f 1435//1435 1457//1457 1447//1447
f 1420//1420 1433//1433 1798//1798
f 1798//1798 1433//1433 1799//1799
f 1799//1799 1433//1433 1430//1430
f 1800//1800 1799//1799 1428//1428
f 1799//1799 1800//1800 1798//1798
f 1422//1422 1421//1421 1800//1800
f 1798//1798 1800//1800 1421//1421
f 1798//1798 1421//1421 1420//1420
f 1802//1802 1414//1414 1801//1801
f 1411//1411 1414//1414 1802//1802
f 1405//1405 1802//1802 1404//1404
f 1404//1404 1802//1802 1804//1804
f 1802//1802 1405//1405 1411//1411
f 1802//1802 1801//1801 1803//1803
f 1803//1803 1804//1804 1802//1802
f 1398//1398 1404//1404 1804//1804
f 1804//1804 1399//1399 1398//1398
f 1399//1399 1804//1804 1803//1803
f 1401//1401 1376//1376 1805//1805
f 1806//1806 1376//1376 1401//1401
f 1396//1396 1806//1806 1401//1401
f 1393//1393 1378//1378 1376//1376
f 1393//1393 1376//1376 1806//1806
f 1376//1376 1807//1807 1805//1805
f 1807//1807 1376//1376 1377//1377
f 1390//1390 1381//1381 1378//1378
f 1390//1390 1378//1378 1393//1393
