# joint_26 exported from /models/guards/joint_26.glb
# units: meters
v 0.039561 0.001000 -0.094799
v 0.040369 0.001000 -0.089794
v 0.037399 0.001000 -0.094275
v 0.042531 0.001000 -0.093448
v 0.038652 0.001000 -0.098555
v 0.042485 0.001000 -0.096541
v 0.045622 0.001000 -0.096588
v 0.045645 0.001000 -0.095041
v 0.047214 0.001000 -0.095065
v 0.045669 0.001000 -0.093495
v 0.047237 0.001000 -0.093518
v 0.045715 0.001000 -0.090402
v 0.048852 0.001000 -0.090449
v 0.042578 0.001000 -0.090355
v 0.048806 0.001000 -0.093542
v 0.050066 0.001000 -0.093780
v 0.054073 0.001000 -0.090551
v 0.067267 0.001000 -0.086772
v 0.066205 0.001000 -0.090495
v 0.080025 0.001000 -0.081536
v 0.089833 0.001000 -0.067658
v 0.085844 0.001000 -0.069034
v 0.077970 0.001000 -0.079385
v 0.090227 0.001000 -0.056028
v 0.090103 0.001000 -0.042304
v 0.093711 0.001000 -0.050195
v 0.093421 0.001000 -0.047804
v 0.093467 0.001000 -0.044711
v 0.094990 0.001000 -0.047828
v 0.093823 0.001000 -0.049649
v 0.094162 0.001000 -0.049150
v 0.094671 0.001000 -0.048826
v 0.095220 0.001000 -0.048730
v 0.095766 0.001000 -0.048843
v 0.096558 0.001000 -0.047851
v 0.096265 0.001000 -0.049181
v 0.096589 0.001000 -0.049691
v 0.096685 0.001000 -0.050240
v 0.097335 0.001000 -0.064649
v 0.098502 0.001000 -0.038787
v 0.092744 0.001000 -0.068432
v 0.082079 0.001000 -0.083688
v 0.084134 0.001000 -0.085839
v 0.067330 0.001000 -0.093249
v 0.063467 0.001000 -0.097741
v 0.050107 0.001000 -0.096754
v 0.047191 0.001000 -0.096611
v 0.049558 0.001000 -0.096657
v 0.049049 0.001000 -0.096333
v 0.048711 0.001000 -0.095833
v 0.048599 0.001000 -0.095287
v 0.048696 0.001000 -0.094738
v 0.049020 0.001000 -0.094229
v 0.049520 0.001000 -0.093891
v 0.096604 0.001000 -0.044758
v 0.094744 0.001000 -0.039691
v 0.094224 0.001000 -0.037528
v 0.093653 0.001000 -0.032339
v 0.097978 0.001000 -0.036625
v 0.090515 0.001000 -0.032292
v 0.090562 0.001000 -0.029199
v 0.088993 0.001000 -0.029176
v 0.087378 0.001000 -0.032245
v 0.087425 0.001000 -0.029152
v 0.085836 0.001000 -0.030018
v 0.085856 0.001000 -0.029129
v 0.078818 0.001000 -0.001180
v 0.087410 0.001000 -0.026559
v 0.085879 0.001000 -0.027582
v 0.081792 0.001000 -0.001224
v 0.087448 0.001000 -0.027606
v 0.088261 0.001000 -0.027315
v 0.087743 0.001000 -0.027006
v 0.088859 0.001000 -0.027393
v 0.089397 0.001000 -0.027249
v 0.090585 0.001000 -0.027653
v 0.089844 0.001000 -0.026916
v 0.090154 0.001000 -0.026398
v 0.093700 0.001000 -0.025799
v 0.090232 0.001000 -0.025800
v 0.090087 0.001000 -0.025261
v 0.087741 0.001000 -0.001313
v 0.084767 0.001000 -0.001269
v 0.093699 0.001000 -0.029246
v 0.036490 0.001000 -0.098028
v 0.033120 0.001000 -0.093307
v 0.036303 0.001000 -0.090261
v 0.033166 0.001000 -0.090214
v 0.033212 0.001000 -0.087121
v 0.028294 0.001000 -0.084966
v 0.030052 0.001000 -0.088620
v 0.030075 0.001000 -0.087074
v 0.028507 0.001000 -0.087050
v 0.028484 0.001000 -0.088597
v 0.026703 0.001000 -0.087481
v 0.027075 0.001000 -0.087862
v 0.027299 0.001000 -0.088388
v 0.027309 0.001000 -0.088960
v 0.028460 0.001000 -0.090143
v 0.027123 0.001000 -0.089459
v 0.026774 0.001000 -0.089861
v 0.026846 0.001000 -0.093213
v 0.026268 0.001000 -0.090127
v 0.025699 0.001000 -0.090184
v 0.023716 0.001000 -0.092627
v 0.025186 0.001000 -0.090040
v -0.001236 0.001000 -0.082552
v -0.001280 0.001000 -0.085526
v 0.029983 0.001000 -0.093260
v 0.030029 0.001000 -0.090167
v -0.001147 0.001000 -0.076603
v -0.001191 0.001000 -0.079577
v -0.096685 0.001000 0.050240
v -0.096594 0.000500 0.052548
v -0.096392 0.001000 0.054832
v -0.096685 -0.000000 0.050240
v -0.096594 -0.000000 0.052548
v -0.096594 -0.000500 0.052548
v -0.096685 -0.001000 0.050240
v -0.096392 -0.001000 0.054832
v -0.096388 -0.000500 0.054868
v -0.095639 -0.001000 0.059441
v -0.095639 0.001000 0.059441
v -0.094421 -0.001000 0.063998
v -0.096388 -0.000000 0.054868
v -0.096388 0.000500 0.054868
v -0.094421 0.001000 0.063998
v -0.092744 -0.001000 0.068432
v -0.090631 -0.001000 0.072676
v -0.092744 0.001000 0.068432
v -0.090631 0.001000 0.072676
v -0.088117 0.001000 0.076667
v -0.085248 0.001000 0.080352
v -0.088117 -0.001000 0.076667
v -0.085248 -0.001000 0.080352
v -0.082079 -0.001000 0.083688
v -0.082079 0.001000 0.083688
v -0.050107 0.001000 0.096754
v -0.058806 0.001000 0.095826
v -0.052989 0.000500 0.096627
v -0.050107 -0.000000 0.096754
v -0.052989 -0.000000 0.096627
v -0.052989 -0.000500 0.096627
v -0.050107 -0.001000 0.096754
v -0.055887 -0.000500 0.096320
v -0.058806 -0.001000 0.095826
v -0.063120 -0.001000 0.094742
v -0.055887 -0.000000 0.096320
v -0.063120 0.001000 0.094742
v -0.055887 0.000500 0.096320
v -0.067330 0.001000 0.093249
v -0.067330 -0.001000 0.093249
v -0.071381 0.001000 0.091365
v -0.075219 0.001000 0.089118
v -0.071381 -0.001000 0.091365
v -0.075219 -0.001000 0.089118
v -0.082079 -0.001000 0.083688
v -0.082079 0.001000 0.083688
v -0.050107 0.001000 0.096754
v -0.050107 -0.000000 0.096754
v -0.049558 0.001000 0.096657
v -0.049049 0.001000 0.096333
v -0.049558 -0.001000 0.096657
v -0.050107 -0.001000 0.096754
v -0.049049 -0.001000 0.096333
v -0.048711 -0.001000 0.095833
v -0.048711 0.001000 0.095833
v -0.048599 -0.001000 0.095287
v -0.048599 0.001000 0.095287
v -0.048696 -0.001000 0.094739
v -0.048696 0.001000 0.094739
v -0.049020 -0.001000 0.094230
v -0.049020 0.001000 0.094230
v -0.049520 -0.001000 0.093892
v -0.050066 -0.000000 0.093780
v -0.050066 -0.001000 0.093780
v -0.049520 0.001000 0.093892
v -0.050066 0.001000 0.093780
v -0.050066 0.001000 0.093780
v -0.058218 0.001000 0.092910
v -0.052871 0.000500 0.093653
v -0.050066 -0.000000 0.093780
v -0.052871 -0.000000 0.093653
v -0.052871 -0.000500 0.093653
v -0.050066 -0.001000 0.093780
v -0.058218 -0.001000 0.092910
v -0.055690 -0.000000 0.093344
v -0.066205 -0.001000 0.090495
v -0.055690 -0.000500 0.093344
v -0.073597 -0.001000 0.086625
v -0.066205 0.001000 0.090495
v -0.073597 0.001000 0.086625
v -0.080025 0.001000 0.081536
v -0.085489 0.001000 0.075230
v -0.080025 -0.001000 0.081536
v -0.085489 -0.001000 0.075230
v -0.087829 -0.001000 0.071586
v -0.087829 0.001000 0.071586
v -0.089833 -0.001000 0.067659
v -0.091455 -0.001000 0.063495
v -0.089833 0.001000 0.067659
v -0.091455 0.001000 0.063495
v -0.092657 0.001000 0.059152
v -0.093253 -0.000000 0.055914
v -0.092657 -0.001000 0.059152
v -0.093253 -0.000500 0.055914
v -0.093575 -0.000000 0.053058
v -0.093253 0.000500 0.055914
v -0.093575 0.000500 0.053058
v -0.093413 0.001000 0.054696
v -0.093711 0.001000 0.050195
v -0.093711 -0.000000 0.050195
v -0.093711 -0.001000 0.050195
v -0.093575 -0.000500 0.053058
v -0.093413 -0.001000 0.054696
v -0.055690 0.000500 0.093344
v -0.096685 0.001000 0.050240
v -0.096589 0.001000 0.049691
v -0.096685 -0.000000 0.050240
v -0.096685 -0.001000 0.050240
v -0.096589 -0.001000 0.049691
v -0.096265 -0.001000 0.049182
v -0.096265 0.001000 0.049182
v -0.095766 -0.001000 0.048843
v -0.095766 0.001000 0.048843
v -0.095220 -0.001000 0.048730
v -0.094671 -0.001000 0.048827
v -0.095220 0.001000 0.048730
v -0.094671 0.001000 0.048827
v -0.094162 0.001000 0.049150
v -0.094162 -0.001000 0.049150
v -0.093823 0.001000 0.049650
v -0.093711 -0.000000 0.050195
v -0.093711 0.001000 0.050195
v -0.093823 -0.001000 0.049650
v -0.093711 -0.001000 0.050195
v 0.027870 0.001000 0.089246
v 0.027870 -0.000000 0.089246
v 0.028387 0.001000 0.089374
v 0.028387 -0.001000 0.089374
v 0.028954 0.001000 0.089301
v 0.028954 -0.001000 0.089301
v 0.029452 0.001000 0.089020
v 0.029452 -0.001000 0.089020
v 0.029789 0.001000 0.088607
v 0.029789 -0.001000 0.088607
v 0.029959 0.001000 0.088103
v 0.029959 -0.001000 0.088103
v 0.029933 0.001000 0.087531
v 0.029933 -0.001000 0.087531
v 0.029693 0.001000 0.087012
v 0.029693 -0.001000 0.087012
v 0.029310 -0.000000 0.086643
v 0.029310 0.001000 0.086643
v 0.029310 -0.001000 0.086643
v 0.027870 -0.001000 0.089246
v 0.027870 0.001000 0.089246
v 0.021792 0.001000 0.086354
v 0.025858 0.000500 0.088183
v 0.027870 -0.000000 0.089246
v 0.027870 -0.001000 0.089246
v 0.025858 -0.000000 0.088183
v 0.025858 -0.000500 0.088183
v 0.023780 -0.000500 0.087197
v 0.021792 -0.001000 0.086354
v 0.015226 -0.001000 0.084209
v 0.023780 -0.000000 0.087197
v 0.023780 0.000500 0.087197
v 0.015226 0.001000 0.084209
v 0.011805 0.001000 0.083452
v 0.008317 0.001000 0.082919
v 0.011805 -0.001000 0.083452
v 0.008317 -0.001000 0.082919
v 0.004787 -0.001000 0.082618
v 0.001236 -0.001000 0.082552
v 0.004787 0.001000 0.082618
v 0.001236 0.001000 0.082552
v 0.029310 -0.001000 0.086643
v 0.022892 -0.001000 0.083590
v 0.027215 -0.000500 0.085536
v 0.029310 -0.000000 0.086643
v 0.027215 0.000500 0.085536
v 0.029310 0.001000 0.086643
v 0.027215 -0.000000 0.085536
v 0.025053 -0.000000 0.084508
v 0.025053 -0.000500 0.084508
v 0.025053 0.000500 0.084508
v 0.015961 -0.001000 0.081327
v 0.015961 0.001000 0.081327
v 0.022892 0.001000 0.083590
v 0.012349 0.001000 0.080527
v 0.008667 0.001000 0.079965
v 0.012349 -0.001000 0.080527
v 0.008667 -0.001000 0.079965
v 0.004940 -0.001000 0.079647
v 0.001191 -0.001000 0.079578
v 0.004940 0.001000 0.079647
v 0.001191 0.001000 0.079578
v -0.025186 0.001000 0.090040
v -0.025699 0.001000 0.090184
v -0.025186 -0.000000 0.090040
v -0.025699 -0.001000 0.090184
v -0.025186 -0.001000 0.090040
v -0.026268 -0.001000 0.090128
v -0.026268 0.001000 0.090128
v -0.026774 -0.001000 0.089862
v -0.026774 0.001000 0.089862
v -0.027123 -0.001000 0.089459
v -0.027308 -0.001000 0.088960
v -0.027123 0.001000 0.089459
v -0.027308 0.001000 0.088960
v -0.027299 0.001000 0.088388
v -0.027075 0.001000 0.087862
v -0.027299 -0.001000 0.088388
v -0.027075 -0.001000 0.087862
v -0.026703 -0.000000 0.087481
v -0.026703 -0.001000 0.087481
v -0.026703 0.001000 0.087481
v -0.025186 0.001000 0.090040
v -0.019197 0.001000 0.086968
v -0.023206 0.000500 0.088917
v -0.025186 -0.000000 0.090040
v -0.025186 -0.001000 0.090040
v -0.023206 -0.000000 0.088917
v -0.023206 -0.000500 0.088917
v -0.021159 -0.000500 0.087870
v -0.019197 -0.001000 0.086968
v -0.012698 -0.001000 0.084627
v -0.021159 -0.000000 0.087870
v -0.021159 0.000500 0.087870
v -0.012698 0.001000 0.084627
v -0.009301 0.001000 0.083768
v -0.005831 0.001000 0.083131
v -0.009301 -0.001000 0.083768
v -0.005831 -0.001000 0.083131
v -0.002311 -0.001000 0.082724
v -0.002311 0.001000 0.082724
v 0.001236 -0.001000 0.082552
v 0.001236 0.001000 0.082552
v -0.026703 -0.001000 0.087481
v -0.020379 -0.001000 0.084238
v -0.024642 -0.000500 0.086312
v -0.026703 -0.000000 0.087481
v -0.026703 0.001000 0.087481
v -0.024642 0.000500 0.086312
v -0.024642 -0.000000 0.086312
v -0.022512 -0.000000 0.085220
v -0.022512 -0.000500 0.085220
v -0.022512 0.000500 0.085220
v -0.013519 -0.001000 0.081768
v -0.013519 0.001000 0.081768
v -0.020379 0.001000 0.084238
v -0.009932 0.001000 0.080861
v -0.006269 0.001000 0.080189
v -0.009932 -0.001000 0.080861
v -0.006269 -0.001000 0.080188
v -0.002553 -0.001000 0.079759
v -0.002553 0.001000 0.079759
v 0.001191 -0.001000 0.079578
v 0.001191 0.001000 0.079578
v 0.098146 0.001000 0.047323
v 0.098124 0.000500 0.049633
v 0.097990 0.001000 0.051922
v 0.098146 -0.000000 0.047323
v 0.098124 -0.000000 0.049633
v 0.098124 -0.000500 0.049633
v 0.098146 -0.001000 0.047323
v 0.097990 -0.001000 0.051922
v 0.097988 -0.000500 0.051958
v 0.097376 -0.001000 0.056551
v 0.097376 0.001000 0.056551
v 0.096294 -0.001000 0.061142
v 0.097988 -0.000000 0.051958
v 0.097988 0.000500 0.051958
v 0.096294 0.001000 0.061142
v 0.094751 -0.001000 0.065625
v 0.092766 -0.001000 0.069930
v 0.094751 0.001000 0.065625
v 0.092766 0.001000 0.069930
v 0.090373 0.001000 0.073994
v 0.087616 0.001000 0.077764
v 0.090373 -0.001000 0.073994
v 0.087616 -0.001000 0.077764
v 0.084548 -0.001000 0.081193
v 0.084548 0.001000 0.081193
v 0.052981 0.001000 0.095211
v 0.055858 0.000500 0.094997
v 0.061649 0.001000 0.094022
v 0.052981 -0.000000 0.095211
v 0.055858 -0.000000 0.094997
v 0.055858 -0.000500 0.094997
v 0.052981 -0.001000 0.095211
v 0.058745 -0.000500 0.094604
v 0.061649 -0.001000 0.094022
v 0.065928 -0.001000 0.092809
v 0.058745 -0.000000 0.094604
v 0.065928 0.001000 0.092809
v 0.058745 0.000500 0.094604
v 0.070092 0.001000 0.091192
v 0.070092 -0.001000 0.091192
v 0.074084 0.001000 0.089187
v 0.074084 -0.001000 0.089187
v 0.077853 0.001000 0.086826
v 0.077853 -0.001000 0.086826
v 0.084548 0.001000 0.081193
v 0.084548 -0.001000 0.081193
v 0.052981 0.001000 0.095211
v 0.052981 -0.000000 0.095211
v 0.052429 0.001000 0.095131
v 0.051911 0.001000 0.094822
v 0.052429 -0.001000 0.095131
v 0.052981 -0.001000 0.095211
v 0.051911 -0.001000 0.094822
v 0.051558 -0.001000 0.094332
v 0.051558 0.001000 0.094332
v 0.051430 -0.001000 0.093790
v 0.051511 -0.001000 0.093238
v 0.051430 0.001000 0.093790
v 0.051511 0.001000 0.093238
v 0.051820 0.001000 0.092720
v 0.052309 0.001000 0.092367
v 0.051820 -0.001000 0.092720
v 0.052309 -0.001000 0.092367
v 0.052851 -0.000000 0.092239
v 0.052851 -0.001000 0.092239
v 0.052851 0.001000 0.092239
v 0.052851 0.001000 0.092239
v 0.060973 0.001000 0.091125
v 0.055651 0.000500 0.092028
v 0.052851 -0.000000 0.092239
v 0.055651 -0.000000 0.092028
v 0.055651 -0.000500 0.092028
v 0.052851 -0.001000 0.092239
v 0.060973 -0.001000 0.091125
v 0.058460 -0.000000 0.091635
v 0.068884 -0.001000 0.088473
v 0.058460 -0.000500 0.091635
v 0.076157 -0.001000 0.084383
v 0.068884 0.001000 0.088473
v 0.076157 0.001000 0.084383
v 0.082430 0.001000 0.079104
v 0.087703 0.001000 0.072637
v 0.082430 -0.001000 0.079104
v 0.087703 -0.001000 0.072637
v 0.089932 -0.001000 0.068925
v 0.089932 0.001000 0.068925
v 0.091818 -0.001000 0.064939
v 0.093315 -0.001000 0.060728
v 0.091818 0.001000 0.064939
v 0.093315 0.001000 0.060728
v 0.094387 0.001000 0.056352
v 0.094885 -0.000000 0.053097
v 0.094387 -0.001000 0.056352
v 0.095121 -0.000000 0.050233
v 0.094885 -0.000500 0.053097
v 0.094885 0.000500 0.053097
v 0.095121 0.000500 0.050233
v 0.095009 0.001000 0.051875
v 0.095171 0.001000 0.047368
v 0.095171 -0.000000 0.047368
v 0.095171 -0.001000 0.047368
v 0.095121 -0.000500 0.050233
v 0.095009 -0.001000 0.051875
v 0.058460 0.000500 0.091635
v 0.098146 0.001000 0.047323
v 0.098033 0.001000 0.046777
v 0.098146 -0.000000 0.047323
v 0.098146 -0.001000 0.047323
v 0.098033 -0.001000 0.046777
v 0.097695 -0.001000 0.046278
v 0.097695 0.001000 0.046278
v 0.097185 -0.001000 0.045954
v 0.097185 0.001000 0.045954
v 0.096636 -0.001000 0.045858
v 0.096090 -0.001000 0.045971
v 0.096636 0.001000 0.045858
v 0.096090 0.001000 0.045971
v 0.095591 0.001000 0.046309
v 0.095591 -0.001000 0.046309
v 0.095268 0.001000 0.046819
v 0.095171 -0.000000 0.047368
v 0.095171 0.001000 0.047368
v 0.095268 -0.001000 0.046819
v 0.095171 -0.001000 0.047368
v 0.096685 0.001000 -0.050240
v 0.096594 0.000500 -0.052547
v 0.096392 0.001000 -0.054832
v 0.096685 0.000000 -0.050240
v 0.096594 0.000000 -0.052547
v 0.096594 -0.000500 -0.052547
v 0.096685 -0.001000 -0.050240
v 0.096392 -0.001000 -0.054832
v 0.096388 -0.000500 -0.054868
v 0.095639 -0.001000 -0.059441
v 0.094421 -0.001000 -0.063997
v 0.096388 0.000000 -0.054868
v 0.095639 0.001000 -0.059441
v 0.094421 0.001000 -0.063997
v 0.096388 0.000500 -0.054868
v 0.092744 0.001000 -0.068432
v 0.090631 0.001000 -0.072675
v 0.092744 -0.001000 -0.068432
v 0.090631 -0.001000 -0.072675
v 0.088117 -0.001000 -0.076667
v 0.088117 0.001000 -0.076667
v 0.085248 -0.001000 -0.080351
v 0.085248 0.001000 -0.080351
v 0.082079 -0.001000 -0.083688
v 0.082079 0.001000 -0.083688
v 0.050107 0.001000 -0.096754
v 0.058807 0.001000 -0.095825
v 0.052989 0.000500 -0.096627
v 0.050107 0.000000 -0.096754
v 0.050107 -0.001000 -0.096754
v 0.052989 0.000000 -0.096627
v 0.052989 -0.000500 -0.096627
v 0.055887 -0.000500 -0.096320
v 0.058807 -0.001000 -0.095825
v 0.055887 0.000000 -0.096320
v 0.063120 -0.001000 -0.094741
v 0.063120 0.001000 -0.094741
v 0.055887 0.000500 -0.096320
v 0.067330 0.001000 -0.093249
v 0.067330 -0.001000 -0.093249
v 0.071381 0.001000 -0.091365
v 0.075219 0.001000 -0.089118
v 0.071381 -0.001000 -0.091365
v 0.075219 -0.001000 -0.089118
v 0.082079 -0.001000 -0.083688
v 0.082079 0.001000 -0.083688
v 0.050107 0.001000 -0.096754
v 0.050107 0.000000 -0.096754
v 0.049558 0.001000 -0.096657
v 0.049049 0.001000 -0.096333
v 0.049558 -0.001000 -0.096657
v 0.049049 -0.001000 -0.096333
v 0.050107 -0.001000 -0.096754
v 0.048711 -0.001000 -0.095833
v 0.048599 -0.001000 -0.095287
v 0.048711 0.001000 -0.095833
v 0.048599 0.001000 -0.095287
v 0.048696 0.001000 -0.094738
v 0.049020 0.001000 -0.094229
v 0.048696 -0.001000 -0.094738
v 0.049020 -0.001000 -0.094229
v 0.049520 -0.001000 -0.093891
v 0.050066 -0.001000 -0.093780
v 0.049520 0.001000 -0.093891
v 0.050066 0.000000 -0.093780
v 0.050066 0.001000 -0.093780
v 0.050066 0.001000 -0.093780
v 0.058218 0.001000 -0.092909
v 0.052871 0.000500 -0.093652
v 0.050066 0.000000 -0.093780
v 0.052871 0.000000 -0.093652
v 0.052871 -0.000500 -0.093652
v 0.050066 -0.001000 -0.093780
v 0.058218 -0.001000 -0.092909
v 0.055690 -0.000500 -0.093344
v 0.055690 0.000000 -0.093344
v 0.066205 -0.001000 -0.090495
v 0.066205 0.001000 -0.090495
v 0.073597 -0.001000 -0.086624
v 0.080025 -0.001000 -0.081536
v 0.073597 0.001000 -0.086624
v 0.080025 0.001000 -0.081536
v 0.085490 0.001000 -0.075230
v 0.085490 -0.001000 -0.075230
v 0.087829 0.001000 -0.071586
v 0.089833 0.001000 -0.067658
v 0.087829 -0.001000 -0.071586
v 0.089833 -0.001000 -0.067658
v 0.091455 -0.001000 -0.063494
v 0.091455 0.001000 -0.063494
v 0.093253 0.000000 -0.055913
v 0.092657 -0.001000 -0.059152
v 0.093253 -0.000500 -0.055913
v 0.093413 -0.001000 -0.054696
v 0.093711 -0.001000 -0.050195
v 0.093575 -0.000500 -0.053058
v 0.093575 0.000000 -0.053058
v 0.093711 0.000000 -0.050195
v 0.093575 0.000500 -0.053058
v 0.093711 0.001000 -0.050195
v 0.093413 0.001000 -0.054696
v 0.093253 0.000500 -0.055913
v 0.092657 0.001000 -0.059152
v 0.055690 0.000500 -0.093344
v 0.096685 0.001000 -0.050240
v 0.096589 0.001000 -0.049691
v 0.096685 0.000000 -0.050240
v 0.096685 -0.001000 -0.050240
v 0.096589 -0.001000 -0.049691
v 0.096265 -0.001000 -0.049181
v 0.095766 -0.001000 -0.048843
v 0.096265 0.001000 -0.049181
v 0.095766 0.001000 -0.048843
v 0.095220 0.001000 -0.048730
v 0.094671 0.001000 -0.048826
v 0.095220 -0.001000 -0.048730
v 0.094671 -0.001000 -0.048826
v 0.094162 -0.001000 -0.049150
v 0.094162 0.001000 -0.049150
v 0.093823 -0.001000 -0.049649
v 0.093711 -0.001000 -0.050195
v 0.093823 0.001000 -0.049649
v 0.093711 0.000000 -0.050195
v 0.093711 0.001000 -0.050195
v 0.084767 0.001000 -0.001269
v 0.084813 0.001000 -0.004425
v 0.084767 -0.001000 -0.001269
v 0.084813 -0.001000 -0.004425
v 0.085046 -0.001000 -0.007566
v 0.085046 0.001000 -0.007566
v 0.085463 -0.001000 -0.010678
v 0.086059 -0.001000 -0.013743
v 0.085463 0.001000 -0.010678
v 0.086059 0.001000 -0.013743
v 0.087762 0.001000 -0.019677
v 0.087762 -0.001000 -0.019677
v 0.090087 0.000000 -0.025261
v 0.090087 0.001000 -0.025261
v 0.090087 -0.001000 -0.025261
v 0.090087 0.001000 -0.025261
v 0.090087 0.000000 -0.025261
v 0.090232 0.001000 -0.025800
v 0.090154 0.001000 -0.026398
v 0.090232 -0.001000 -0.025800
v 0.090087 -0.001000 -0.025261
v 0.090154 -0.001000 -0.026398
v 0.089844 -0.001000 -0.026916
v 0.089397 -0.001000 -0.027249
v 0.089844 0.001000 -0.026916
v 0.089397 0.001000 -0.027249
v 0.088859 0.001000 -0.027393
v 0.088859 -0.001000 -0.027393
v 0.088261 0.001000 -0.027315
v 0.087743 0.001000 -0.027006
v 0.088261 -0.001000 -0.027315
v 0.087743 -0.001000 -0.027006
v 0.087410 -0.001000 -0.026559
v 0.087410 0.000000 -0.026559
v 0.087410 0.001000 -0.026559
v 0.087410 0.001000 -0.026559
v 0.084955 0.001000 -0.020663
v 0.086508 0.000500 -0.024604
v 0.087410 0.000000 -0.026559
v 0.087410 -0.001000 -0.026559
v 0.086508 0.000000 -0.024604
v 0.086508 -0.000500 -0.024604
v 0.085675 -0.000500 -0.022599
v 0.084955 -0.001000 -0.020663
v 0.085675 0.000000 -0.022599
v 0.083157 -0.001000 -0.014397
v 0.083157 0.001000 -0.014397
v 0.082527 -0.001000 -0.011160
v 0.082087 -0.001000 -0.007874
v 0.082527 0.001000 -0.011160
v 0.082087 0.001000 -0.007874
v 0.081841 0.001000 -0.004557
v 0.081841 -0.001000 -0.004557
v 0.081792 0.001000 -0.001224
v 0.081792 -0.001000 -0.001224
v 0.085675 0.000500 -0.022599
v 0.084767 0.001000 -0.001269
v 0.084908 0.001000 0.001884
v 0.084767 -0.001000 -0.001269
v 0.084908 -0.001000 0.001884
v 0.085235 -0.001000 0.005017
v 0.085235 0.001000 0.005017
v 0.085744 -0.001000 0.008115
v 0.085744 0.001000 0.008115
v 0.086432 -0.001000 0.011161
v 0.086432 0.001000 0.011161
v 0.088312 -0.001000 0.017041
v 0.088312 0.001000 0.017041
v 0.090803 -0.000000 0.022553
v 0.090803 -0.001000 0.022553
v 0.090803 0.001000 0.022553
v 0.090803 0.001000 0.022553
v 0.090803 -0.000000 0.022553
v 0.090964 0.001000 0.023087
v 0.090904 0.001000 0.023687
v 0.090964 -0.001000 0.023087
v 0.090803 -0.001000 0.022553
v 0.090904 -0.001000 0.023687
v 0.090610 -0.001000 0.024214
v 0.090173 -0.001000 0.024560
v 0.090610 0.001000 0.024214
v 0.090173 0.001000 0.024560
v 0.089639 0.001000 0.024721
v 0.089639 -0.001000 0.024721
v 0.089039 0.001000 0.024661
v 0.088512 0.001000 0.024368
v 0.089039 -0.001000 0.024661
v 0.088512 -0.001000 0.024368
v 0.088166 -0.001000 0.023931
v 0.088166 -0.000000 0.023931
v 0.088166 0.001000 0.023931
v 0.088166 0.001000 0.023931
v 0.085536 0.001000 0.018110
v 0.087206 0.000500 0.022003
v 0.088166 -0.000000 0.023931
v 0.088166 -0.001000 0.023931
v 0.087206 -0.000000 0.022003
v 0.087206 -0.000500 0.022003
v 0.085536 -0.001000 0.018110
v 0.086313 -0.000500 0.020024
v 0.086313 -0.000000 0.020024
v 0.086313 0.000500 0.020024
v 0.083551 0.001000 0.011901
v 0.083551 -0.001000 0.011901
v 0.082825 -0.001000 0.008684
v 0.082286 -0.001000 0.005413
v 0.082825 0.001000 0.008684
v 0.082286 0.001000 0.005413
v 0.081941 0.001000 0.002105
v 0.081941 -0.001000 0.002105
v 0.081792 0.001000 -0.001224
v 0.081792 -0.001000 -0.001224
v -0.086697 0.001000 -0.027435
v -0.083458 0.001000 -0.020911
v -0.086697 -0.001000 -0.027435
v -0.083458 -0.001000 -0.020911
v -0.080998 -0.001000 -0.013866
v -0.080998 0.001000 -0.013866
v -0.080096 -0.001000 -0.010192
v -0.080096 0.001000 -0.010192
v -0.079427 -0.001000 -0.006445
v -0.079427 0.001000 -0.006445
v -0.078999 -0.001000 -0.002646
v -0.078818 -0.001000 0.001180
v -0.078999 0.001000 -0.002646
v -0.078818 0.001000 0.001180
v -0.030825 0.001000 -0.084081
v -0.036633 0.001000 -0.086752
v -0.030825 -0.001000 -0.084081
v -0.036633 -0.001000 -0.086752
v -0.043039 -0.001000 -0.088545
v -0.043039 0.001000 -0.088545
v -0.049837 -0.001000 -0.089291
v -0.049837 0.001000 -0.089291
v -0.056760 -0.001000 -0.088891
v -0.056760 0.001000 -0.088891
v -0.063518 -0.001000 -0.087338
v -0.069835 -0.001000 -0.084720
v -0.063518 0.001000 -0.087338
v -0.069835 0.001000 -0.084720
v -0.075484 0.001000 -0.081205
v -0.080312 0.001000 -0.077015
v -0.075484 -0.001000 -0.081205
v -0.080312 -0.001000 -0.077015
v -0.084435 -0.001000 -0.072129
v -0.084435 0.001000 -0.072129
v -0.087872 -0.001000 -0.066433
v -0.087872 0.001000 -0.066433
v -0.090403 -0.001000 -0.060080
v -0.090403 0.001000 -0.060080
v -0.091863 -0.001000 -0.053301
v -0.091863 0.001000 -0.053301
v -0.092168 -0.001000 -0.046374
v -0.091329 -0.001000 -0.039587
v -0.092168 0.001000 -0.046374
v -0.091329 0.001000 -0.039587
v -0.089448 0.001000 -0.033206
v -0.086697 0.001000 -0.027435
v -0.089448 -0.001000 -0.033206
v -0.086697 -0.001000 -0.027435
v -0.030825 0.001000 -0.084081
v -0.024054 0.001000 -0.080851
v -0.030825 -0.001000 -0.084081
v -0.024054 -0.001000 -0.080851
v -0.016740 -0.001000 -0.078455
v -0.012926 -0.001000 -0.077609
v -0.016740 0.001000 -0.078455
v -0.012926 0.001000 -0.077609
v -0.009040 0.001000 -0.077013
v -0.005105 0.001000 -0.076676
v -0.009040 -0.001000 -0.077013
v -0.005105 -0.001000 -0.076676
v -0.001147 -0.001000 -0.076603
v -0.001147 0.001000 -0.076603
v 0.085836 0.001000 -0.030018
v 0.082795 0.001000 -0.023400
v 0.085836 -0.001000 -0.030018
v 0.082795 -0.001000 -0.023400
v 0.080547 -0.001000 -0.016285
v 0.080547 0.001000 -0.016285
v 0.079755 -0.001000 -0.012586
v 0.079198 -0.001000 -0.008820
v 0.079755 0.001000 -0.012586
v 0.079198 0.001000 -0.008820
v 0.078885 0.001000 -0.005010
v 0.078818 0.001000 -0.001180
v 0.078885 -0.001000 -0.005010
v 0.078818 -0.001000 -0.001180
v 0.028294 0.001000 -0.084966
v 0.034019 0.001000 -0.087810
v 0.028294 -0.001000 -0.084966
v 0.034019 -0.001000 -0.087810
v 0.040369 -0.001000 -0.089794
v 0.040369 0.001000 -0.089794
v 0.047141 -0.001000 -0.090743
v 0.054073 -0.001000 -0.090551
v 0.047141 0.001000 -0.090743
v 0.054073 0.001000 -0.090551
v 0.060875 0.001000 -0.089200
v 0.067267 0.001000 -0.086772
v 0.060875 -0.001000 -0.089200
v 0.067267 -0.001000 -0.086772
v 0.073019 -0.001000 -0.083428
v 0.077970 -0.001000 -0.079385
v 0.073019 0.001000 -0.083428
v 0.077970 0.001000 -0.079385
v 0.082238 0.001000 -0.074625
v 0.085844 0.001000 -0.069034
v 0.082238 -0.001000 -0.074625
v 0.085844 -0.001000 -0.069034
v 0.088564 -0.001000 -0.062760
v 0.090227 -0.001000 -0.056028
v 0.088564 0.001000 -0.062760
v 0.090227 0.001000 -0.056028
v 0.090739 0.001000 -0.049112
v 0.090103 0.001000 -0.042304
v 0.090739 -0.001000 -0.049112
v 0.090103 -0.001000 -0.042304
v 0.088414 -0.001000 -0.035869
v 0.085836 -0.001000 -0.030018
v 0.088414 0.001000 -0.035869
v 0.085836 0.001000 -0.030018
v 0.028294 0.001000 -0.084966
v 0.028294 -0.001000 -0.084966
v 0.021623 0.001000 -0.081535
v 0.021623 -0.001000 -0.081535
v 0.014383 0.001000 -0.078921
v 0.014383 -0.001000 -0.078921
v 0.010597 0.001000 -0.077961
v 0.006730 0.001000 -0.077249
v 0.010597 -0.001000 -0.077961
v 0.006730 -0.001000 -0.077249
v 0.002807 -0.001000 -0.076795
v -0.001147 -0.001000 -0.076603
v 0.002807 0.001000 -0.076795
v -0.001147 0.001000 -0.076603
v 0.086697 0.001000 0.027435
v 0.083458 0.001000 0.020911
v 0.086697 -0.001000 0.027435
v 0.083458 -0.001000 0.020911
v 0.080998 -0.001000 0.013867
v 0.080096 -0.001000 0.010193
v 0.080998 0.001000 0.013867
v 0.080096 0.001000 0.010193
v 0.079427 0.001000 0.006445
v 0.078999 0.001000 0.002647
v 0.079427 -0.001000 0.006445
v 0.078999 -0.001000 0.002647
v 0.078818 -0.001000 -0.001180
v 0.078818 0.001000 -0.001180
v 0.030825 0.001000 0.084081
v 0.036633 0.001000 0.086753
v 0.030825 -0.001000 0.084081
v 0.036633 -0.001000 0.086753
v 0.043039 -0.001000 0.088546
v 0.049837 -0.001000 0.089292
v 0.043039 0.001000 0.088546
v 0.049837 0.001000 0.089292
v 0.056760 0.001000 0.088892
v 0.063518 0.001000 0.087338
v 0.056760 -0.001000 0.088892
v 0.063518 -0.001000 0.087338
v 0.069835 -0.001000 0.084720
v 0.069835 0.001000 0.084720
v 0.075484 -0.001000 0.081205
v 0.075484 0.001000 0.081205
v 0.080312 -0.001000 0.077015
v 0.080312 0.001000 0.077015
v 0.084435 -0.001000 0.072130
v 0.087872 -0.001000 0.066433
v 0.084435 0.001000 0.072130
v 0.087872 0.001000 0.066433
v 0.090403 0.001000 0.060081
v 0.091863 0.001000 0.053302
v 0.090403 -0.001000 0.060081
v 0.091863 -0.001000 0.053302
v 0.092168 -0.001000 0.046374
v 0.092168 0.001000 0.046374
v 0.091329 -0.001000 0.039588
v 0.091329 0.001000 0.039588
v 0.089448 -0.001000 0.033206
v 0.086697 -0.001000 0.027435
v 0.089448 0.001000 0.033206
v 0.086697 0.001000 0.027435
v 0.030825 0.001000 0.084081
v 0.024054 0.001000 0.080851
v 0.030825 -0.001000 0.084081
v 0.024054 -0.001000 0.080851
v 0.016740 -0.001000 0.078455
v 0.012926 -0.001000 0.077609
v 0.016740 0.001000 0.078455
v 0.012926 0.001000 0.077609
v 0.009040 0.001000 0.077013
v 0.005105 0.001000 0.076677
v 0.009040 -0.001000 0.077013
v 0.005105 -0.001000 0.076677
v 0.001147 -0.001000 0.076603
v 0.001147 0.001000 0.076603
v -0.085836 0.001000 0.030019
v -0.082795 0.001000 0.023400
v -0.085836 -0.001000 0.030019
v -0.082795 -0.001000 0.023400
v -0.080547 -0.001000 0.016285
v -0.080547 0.001000 0.016285
v -0.079755 -0.001000 0.012586
v -0.079198 -0.001000 0.008820
v -0.079755 0.001000 0.012586
v -0.079198 0.001000 0.008820
v -0.078885 0.001000 0.005010
v -0.078885 -0.001000 0.005010
v -0.078818 0.001000 0.001180
v -0.078818 -0.001000 0.001180
v -0.028294 0.001000 0.084966
v -0.034019 0.001000 0.087810
v -0.028294 -0.001000 0.084966
v -0.034019 -0.001000 0.087810
v -0.040369 -0.001000 0.089795
v -0.040369 0.001000 0.089795
v -0.047141 -0.001000 0.090744
v -0.054073 -0.001000 0.090551
v -0.047141 0.001000 0.090744
v -0.054073 0.001000 0.090551
v -0.060875 0.001000 0.089201
v -0.067267 0.001000 0.086773
v -0.060875 -0.001000 0.089201
v -0.067267 -0.001000 0.086773
v -0.073019 -0.001000 0.083429
v -0.077970 -0.001000 0.079385
v -0.073019 0.001000 0.083429
v -0.077970 0.001000 0.079385
v -0.082238 0.001000 0.074625
v -0.085844 0.001000 0.069034
v -0.082238 -0.001000 0.074625
v -0.085844 -0.001000 0.069034
v -0.088564 -0.001000 0.062760
v -0.090227 -0.001000 0.056028
v -0.088564 0.001000 0.062760
v -0.090227 0.001000 0.056028
v -0.090739 0.001000 0.049112
v -0.090103 0.001000 0.042304
v -0.090739 -0.001000 0.049112
v -0.090103 -0.001000 0.042304
v -0.088413 -0.001000 0.035869
v -0.085836 -0.001000 0.030019
v -0.088413 0.001000 0.035869
v -0.085836 0.001000 0.030019
v -0.028294 0.001000 0.084966
v -0.028294 -0.001000 0.084966
v -0.021623 0.001000 0.081535
v -0.021623 -0.001000 0.081535
v -0.014383 0.001000 0.078921
v -0.014383 -0.001000 0.078921
v -0.010597 0.001000 0.077961
v -0.006730 0.001000 0.077250
v -0.010597 -0.001000 0.077961
v -0.006730 -0.001000 0.077250
v -0.002807 -0.001000 0.076795
v 0.001147 -0.001000 0.076603
v -0.002807 0.001000 0.076795
v 0.001147 0.001000 0.076603
v -0.027870 0.001000 -0.089246
v -0.027870 0.000000 -0.089246
v -0.028387 0.001000 -0.089374
v -0.028387 -0.001000 -0.089374
v -0.028954 0.001000 -0.089301
v -0.028954 -0.001000 -0.089301
v -0.029452 0.001000 -0.089019
v -0.029452 -0.001000 -0.089019
v -0.029789 0.001000 -0.088607
v -0.029789 -0.001000 -0.088607
v -0.029959 0.001000 -0.088102
v -0.029959 -0.001000 -0.088102
v -0.029933 0.001000 -0.087531
v -0.029933 -0.001000 -0.087531
v -0.029693 0.001000 -0.087012
v -0.029693 -0.001000 -0.087012
v -0.029310 0.000000 -0.086642
v -0.029310 0.001000 -0.086642
v -0.029310 -0.001000 -0.086642
v -0.027870 -0.001000 -0.089246
v -0.027870 0.001000 -0.089246
v -0.021791 0.001000 -0.086354
v -0.025858 0.000500 -0.088183
v -0.027870 0.000000 -0.089246
v -0.027870 -0.001000 -0.089246
v -0.025858 0.000000 -0.088183
v -0.025858 -0.000500 -0.088183
v -0.021791 -0.001000 -0.086354
v -0.023780 -0.000500 -0.087197
v -0.023780 0.000000 -0.087197
v -0.023780 0.000500 -0.087197
v -0.015226 0.001000 -0.084209
v -0.015226 -0.001000 -0.084209
v -0.011804 -0.001000 -0.083452
v -0.008317 -0.001000 -0.082919
v -0.011804 0.001000 -0.083452
v -0.008317 0.001000 -0.082919
v -0.004787 0.001000 -0.082617
v -0.001236 0.001000 -0.082552
v -0.004787 -0.001000 -0.082617
v -0.001236 -0.001000 -0.082552
v -0.029310 -0.001000 -0.086642
v -0.022892 -0.001000 -0.083590
v -0.027215 -0.000500 -0.085535
v -0.029310 0.000000 -0.086642
v -0.027215 0.000500 -0.085535
v -0.029310 0.001000 -0.086642
v -0.027215 0.000000 -0.085535
v -0.025053 0.000000 -0.084507
v -0.025053 -0.000500 -0.084507
v -0.025053 0.000500 -0.084507
v -0.015961 -0.001000 -0.081326
v -0.015961 0.001000 -0.081326
v -0.022892 0.001000 -0.083590
v -0.012348 0.001000 -0.080527
v -0.008667 0.001000 -0.079965
v -0.012348 -0.001000 -0.080527
v -0.008667 -0.001000 -0.079965
v -0.004940 -0.001000 -0.079647
v -0.001191 -0.001000 -0.079577
v -0.004940 0.001000 -0.079647
v -0.001191 0.001000 -0.079577
v 0.025186 0.001000 -0.090040
v 0.025699 0.001000 -0.090184
v 0.025186 0.000000 -0.090040
v 0.025699 -0.001000 -0.090184
v 0.025186 -0.001000 -0.090040
v 0.026268 -0.001000 -0.090127
v 0.026268 0.001000 -0.090127
v 0.026774 -0.001000 -0.089861
v 0.026774 0.001000 -0.089861
v 0.027123 -0.001000 -0.089459
v 0.027309 -0.001000 -0.088960
v 0.027123 0.001000 -0.089459
v 0.027309 0.001000 -0.088960
v 0.027299 0.001000 -0.088388
v 0.027075 0.001000 -0.087862
v 0.027299 -0.001000 -0.088388
v 0.027075 -0.001000 -0.087862
v 0.026703 0.000000 -0.087481
v 0.026703 -0.001000 -0.087481
v 0.026703 0.001000 -0.087481
v 0.025186 0.001000 -0.090040
v 0.019197 0.001000 -0.086967
v 0.023207 0.000500 -0.088917
v 0.025186 0.000000 -0.090040
v 0.023207 0.000000 -0.088917
v 0.023207 -0.000500 -0.088917
v 0.025186 -0.001000 -0.090040
v 0.019197 -0.001000 -0.086967
v 0.021159 0.000000 -0.087870
v 0.012698 -0.001000 -0.084627
v 0.021159 -0.000500 -0.087870
v 0.012698 0.001000 -0.084627
v 0.009301 -0.001000 -0.083768
v 0.009301 0.001000 -0.083768
v 0.005831 -0.001000 -0.083131
v 0.002311 -0.001000 -0.082724
v 0.005831 0.001000 -0.083131
v 0.002311 0.001000 -0.082724
v -0.001236 0.001000 -0.082552
v -0.001236 -0.001000 -0.082552
v 0.021159 0.000500 -0.087870
v 0.026703 -0.001000 -0.087481
v 0.020379 -0.001000 -0.084238
v 0.024642 -0.000500 -0.086312
v 0.026703 0.000000 -0.087481
v 0.026703 0.001000 -0.087481
v 0.024642 0.000500 -0.086312
v 0.024642 0.000000 -0.086312
v 0.022512 0.000000 -0.085220
v 0.022512 -0.000500 -0.085220
v 0.022512 0.000500 -0.085220
v 0.013519 -0.001000 -0.081768
v 0.013519 0.001000 -0.081768
v 0.020379 0.001000 -0.084238
v 0.009932 0.001000 -0.080861
v 0.006269 0.001000 -0.080188
v 0.009932 -0.001000 -0.080861
v 0.006269 -0.001000 -0.080188
v 0.002553 -0.001000 -0.079759
v -0.001191 -0.001000 -0.079577
v 0.002553 0.001000 -0.079759
v -0.001191 0.001000 -0.079577
v -0.098146 0.001000 -0.047323
v -0.098124 0.000500 -0.049632
v -0.097990 0.001000 -0.051922
v -0.098146 0.000000 -0.047323
v -0.098124 0.000000 -0.049632
v -0.098124 -0.000500 -0.049632
v -0.098146 -0.001000 -0.047323
v -0.097990 -0.001000 -0.051922
v -0.097987 -0.000500 -0.051958
v -0.097376 -0.001000 -0.056551
v -0.096294 -0.001000 -0.061142
v -0.097987 0.000000 -0.051958
v -0.097376 0.001000 -0.056551
v -0.096294 0.001000 -0.061142
v -0.097987 0.000500 -0.051958
v -0.094751 0.001000 -0.065624
v -0.092766 0.001000 -0.069930
v -0.094751 -0.001000 -0.065624
v -0.092766 -0.001000 -0.069930
v -0.090373 -0.001000 -0.073994
v -0.090373 0.001000 -0.073994
v -0.087616 -0.001000 -0.077763
v -0.087616 0.001000 -0.077763
v -0.084548 -0.001000 -0.081193
v -0.084548 0.001000 -0.081193
v -0.052981 0.001000 -0.095211
v -0.055858 0.000500 -0.094997
v -0.061649 0.001000 -0.094022
v -0.052981 0.000000 -0.095211
v -0.052981 -0.001000 -0.095211
v -0.055858 0.000000 -0.094997
v -0.055858 -0.000500 -0.094997
v -0.058745 -0.000500 -0.094604
v -0.061649 -0.001000 -0.094022
v -0.058745 0.000000 -0.094604
v -0.065928 -0.001000 -0.092809
v -0.065928 0.001000 -0.092809
v -0.058745 0.000500 -0.094604
v -0.070092 0.001000 -0.091191
v -0.070092 -0.001000 -0.091191
v -0.074084 0.001000 -0.089187
v -0.074084 -0.001000 -0.089187
v -0.077853 0.001000 -0.086826
v -0.077853 -0.001000 -0.086826
v -0.084548 0.001000 -0.081193
v -0.084548 -0.001000 -0.081193
v -0.052981 0.001000 -0.095211
v -0.052981 0.000000 -0.095211
v -0.052429 0.001000 -0.095130
v -0.051911 0.001000 -0.094821
v -0.052429 -0.001000 -0.095130
v -0.051911 -0.001000 -0.094821
v -0.052981 -0.001000 -0.095211
v -0.051558 -0.001000 -0.094332
v -0.051558 0.001000 -0.094332
v -0.051430 -0.001000 -0.093789
v -0.051430 0.001000 -0.093789
v -0.051510 -0.001000 -0.093238
v -0.051510 0.001000 -0.093238
v -0.051819 -0.001000 -0.092720
v -0.051819 0.001000 -0.092720
v -0.052309 -0.001000 -0.092367
v -0.052851 -0.001000 -0.092239
v -0.052309 0.001000 -0.092367
v -0.052851 0.000000 -0.092239
v -0.052851 0.001000 -0.092239
v -0.052851 0.001000 -0.092239
v -0.060973 0.001000 -0.091125
v -0.055651 0.000500 -0.092028
v -0.052851 0.000000 -0.092239
v -0.055651 0.000000 -0.092028
v -0.055651 -0.000500 -0.092028
v -0.052851 -0.001000 -0.092239
v -0.060973 -0.001000 -0.091125
v -0.058460 -0.000500 -0.091635
v -0.058460 0.000000 -0.091635
v -0.068884 -0.001000 -0.088472
v -0.068884 0.001000 -0.088472
v -0.076157 -0.001000 -0.084382
v -0.082430 -0.001000 -0.079104
v -0.076157 0.001000 -0.084382
v -0.082430 0.001000 -0.079104
v -0.087703 0.001000 -0.072637
v -0.087703 -0.001000 -0.072637
v -0.089932 0.001000 -0.068924
v -0.091818 0.001000 -0.064939
v -0.089932 -0.001000 -0.068924
v -0.091818 -0.001000 -0.064939
v -0.093315 -0.001000 -0.060728
v -0.093315 0.001000 -0.060728
v -0.094885 0.000000 -0.053097
v -0.094387 -0.001000 -0.056351
v -0.094885 -0.000500 -0.053097
v -0.095009 -0.001000 -0.051875
v -0.095171 -0.001000 -0.047367
v -0.095121 -0.000500 -0.050233
v -0.095121 0.000000 -0.050233
v -0.095171 0.000000 -0.047367
v -0.095121 0.000500 -0.050233
v -0.095171 0.001000 -0.047367
v -0.095009 0.001000 -0.051875
v -0.094885 0.000500 -0.053097
v -0.094387 0.001000 -0.056351
v -0.058460 0.000500 -0.091635
v -0.098146 0.001000 -0.047323
v -0.098033 0.001000 -0.046777
v -0.098146 0.000000 -0.047323
v -0.098146 -0.001000 -0.047323
v -0.098033 -0.001000 -0.046777
v -0.097694 -0.001000 -0.046278
v -0.097185 -0.001000 -0.045954
v -0.097694 0.001000 -0.046278
v -0.097185 0.001000 -0.045954
v -0.096636 0.001000 -0.045858
v -0.096636 -0.001000 -0.045858
v -0.096090 0.001000 -0.045970
v -0.096090 -0.001000 -0.045970
v -0.095591 0.001000 -0.046309
v -0.095591 -0.001000 -0.046309
v -0.095268 0.001000 -0.046818
v -0.095171 0.001000 -0.047367
v -0.095268 -0.001000 -0.046818
v -0.095171 0.000000 -0.047367
v -0.095171 -0.001000 -0.047367
v -0.084767 0.001000 0.001269
v -0.084908 0.001000 -0.001884
v -0.084767 -0.001000 0.001269
v -0.084908 -0.001000 -0.001884
v -0.085235 -0.001000 -0.005017
v -0.085235 0.001000 -0.005017
v -0.085744 -0.001000 -0.008115
v -0.085744 0.001000 -0.008115
v -0.086432 -0.001000 -0.011161
v -0.086432 0.001000 -0.011161
v -0.088312 -0.001000 -0.017041
v -0.088312 0.001000 -0.017041
v -0.090803 0.000000 -0.022553
v -0.090803 -0.001000 -0.022553
v -0.090803 0.001000 -0.022553
v -0.090803 0.001000 -0.022553
v -0.090803 0.000000 -0.022553
v -0.090964 0.001000 -0.023087
v -0.090904 0.001000 -0.023687
v -0.090964 -0.001000 -0.023087
v -0.090803 -0.001000 -0.022553
v -0.090904 -0.001000 -0.023687
v -0.090610 -0.001000 -0.024214
v -0.090173 -0.001000 -0.024560
v -0.090610 0.001000 -0.024214
v -0.090173 0.001000 -0.024560
v -0.089639 0.001000 -0.024721
v -0.089639 -0.001000 -0.024721
v -0.089039 0.001000 -0.024661
v -0.088512 0.001000 -0.024367
v -0.089039 -0.001000 -0.024661
v -0.088512 -0.001000 -0.024367
v -0.088166 -0.001000 -0.023930
v -0.088166 0.000000 -0.023930
v -0.088166 0.001000 -0.023930
v -0.088166 0.001000 -0.023930
v -0.085536 0.001000 -0.018110
v -0.087206 0.000500 -0.022003
v -0.088166 0.000000 -0.023930
v -0.088166 -0.001000 -0.023930
v -0.087206 0.000000 -0.022003
v -0.087206 -0.000500 -0.022003
v -0.086313 -0.000500 -0.020024
v -0.085536 -0.001000 -0.018110
v -0.086313 0.000000 -0.020024
v -0.083551 -0.001000 -0.011901
v -0.083551 0.001000 -0.011901
v -0.082825 -0.001000 -0.008684
v -0.082286 -0.001000 -0.005413
v -0.082825 0.001000 -0.008684
v -0.082286 0.001000 -0.005413
v -0.081941 0.001000 -0.002104
v -0.081941 -0.001000 -0.002104
v -0.081792 0.001000 0.001225
v -0.081792 -0.001000 0.001225
v -0.086313 0.000500 -0.020024
v -0.084767 0.001000 0.001269
v -0.084813 0.001000 0.004425
v -0.084767 -0.001000 0.001269
v -0.084813 -0.001000 0.004425
v -0.085046 -0.001000 0.007567
v -0.085046 0.001000 0.007567
v -0.085463 -0.001000 0.010678
v -0.086059 -0.001000 0.013744
v -0.085463 0.001000 0.010678
v -0.086059 0.001000 0.013744
v -0.087762 0.001000 0.019678
v -0.087762 -0.001000 0.019678
v -0.090087 -0.000000 0.025262
v -0.090087 0.001000 0.025262
v -0.090087 -0.001000 0.025262
v -0.090087 0.001000 0.025262
v -0.090087 -0.000000 0.025262
v -0.090232 0.001000 0.025800
v -0.090154 0.001000 0.026398
v -0.090232 -0.001000 0.025800
v -0.090087 -0.001000 0.025262
v -0.090154 -0.001000 0.026398
v -0.089844 -0.001000 0.026916
v -0.089397 -0.001000 0.027249
v -0.089844 0.001000 0.026916
v -0.089397 0.001000 0.027249
v -0.088859 0.001000 0.027394
v -0.088859 -0.001000 0.027394
v -0.088261 0.001000 0.027316
v -0.087743 0.001000 0.027006
v -0.088261 -0.001000 0.027316
v -0.087743 -0.001000 0.027006
v -0.087410 -0.001000 0.026559
v -0.087410 -0.000000 0.026559
v -0.087410 0.001000 0.026559
v -0.087410 0.001000 0.026559
v -0.084955 0.001000 0.020663
v -0.086508 0.000500 0.024604
v -0.087410 -0.000000 0.026559
v -0.087410 -0.001000 0.026559
v -0.086508 -0.000000 0.024604
v -0.086508 -0.000500 0.024604
v -0.084955 -0.001000 0.020663
v -0.085675 -0.000500 0.022599
v -0.085675 -0.000000 0.022599
v -0.085675 0.000500 0.022599
v -0.083157 0.001000 0.014397
v -0.083157 -0.001000 0.014397
v -0.082527 -0.001000 0.011160
v -0.082087 -0.001000 0.007874
v -0.082527 0.001000 0.011160
v -0.082087 0.001000 0.007874
v -0.081841 0.001000 0.004557
v -0.081841 -0.001000 0.004557
v -0.081792 0.001000 0.001225
v -0.081792 -0.001000 0.001225
v -0.094431 -0.001000 -0.022982
v -0.092490 0.000000 -0.019260
v -0.092490 -0.001000 -0.019260
v -0.094431 0.001000 -0.022982
v -0.092490 0.001000 -0.019260
v -0.090841 0.001000 -0.015316
v -0.090841 0.000000 -0.015316
v -0.088597 0.001000 -0.007193
v -0.088597 0.000000 -0.007193
v -0.087988 0.001000 -0.002965
v -0.087741 0.001000 0.001314
v -0.087988 0.000000 -0.002965
v -0.087988 -0.001000 -0.002965
v -0.087741 -0.001000 0.001314
v -0.088597 -0.001000 -0.007193
v -0.090841 -0.001000 -0.015316
v -0.010019 -0.001000 -0.086160
v -0.010019 0.000000 -0.086160
v -0.005672 -0.001000 -0.085653
v -0.018627 -0.001000 -0.088343
v -0.018627 0.000000 -0.088343
v -0.022666 -0.001000 -0.089958
v -0.022666 0.000000 -0.089958
v -0.026479 -0.001000 -0.091876
v -0.026479 0.001000 -0.091876
v -0.022666 0.001000 -0.089958
v -0.018627 0.001000 -0.088343
v -0.010019 0.001000 -0.086160
v -0.005672 0.001000 -0.085653
v -0.001280 0.001000 -0.085526
v -0.005672 0.000000 -0.085653
v -0.001280 -0.001000 -0.085526
v 0.093700 -0.001000 -0.025799
v 0.091872 0.000000 -0.022020
v 0.091872 -0.001000 -0.022020
v 0.093700 0.001000 -0.025799
v 0.091872 0.001000 -0.022020
v 0.090342 0.001000 -0.018028
v 0.090342 0.000000 -0.018028
v 0.088342 0.001000 -0.009842
v 0.088342 0.000000 -0.009842
v 0.087860 0.001000 -0.005598
v 0.087741 0.001000 -0.001313
v 0.087860 0.000000 -0.005598
v 0.087860 -0.001000 -0.005598
v 0.087741 -0.001000 -0.001313
v 0.088342 -0.001000 -0.009842
v 0.090342 -0.001000 -0.018028
v 0.007436 -0.001000 -0.086422
v 0.007436 0.000000 -0.086422
v 0.003105 -0.001000 -0.085784
v 0.015974 -0.001000 -0.088861
v 0.015974 0.000000 -0.088861
v 0.019963 -0.001000 -0.090596
v 0.019963 0.000000 -0.090596
v 0.023716 -0.001000 -0.092627
v 0.023716 0.001000 -0.092627
v 0.019963 0.001000 -0.090596
v 0.015974 0.001000 -0.088861
v 0.007436 0.001000 -0.086422
v 0.003105 0.001000 -0.085784
v 0.003105 0.000000 -0.085784
v -0.001280 0.001000 -0.085526
v -0.001280 -0.001000 -0.085526
v 0.094431 -0.001000 0.022982
v 0.092490 -0.000000 0.019260
v 0.092490 -0.001000 0.019260
v 0.094431 0.001000 0.022982
v 0.092490 0.001000 0.019260
v 0.090841 0.001000 0.015316
v 0.090841 -0.000000 0.015316
v 0.088597 0.001000 0.007193
v 0.088597 -0.000000 0.007193
v 0.087988 0.001000 0.002966
v 0.087741 0.001000 -0.001313
v 0.087988 -0.000000 0.002966
v 0.087988 -0.001000 0.002966
v 0.087741 -0.001000 -0.001313
v 0.088597 -0.001000 0.007193
v 0.090841 -0.001000 0.015316
v 0.010019 -0.001000 0.086161
v 0.010019 -0.000000 0.086161
v 0.005672 -0.001000 0.085653
v 0.018627 -0.001000 0.088343
v 0.018627 -0.000000 0.088343
v 0.022666 -0.001000 0.089958
v 0.022666 -0.000000 0.089958
v 0.026479 -0.001000 0.091876
v 0.026479 0.001000 0.091876
v 0.022666 0.001000 0.089958
v 0.018627 0.001000 0.088343
v 0.010019 0.001000 0.086161
v 0.005672 0.001000 0.085653
v 0.001281 0.001000 0.085527
v 0.005672 -0.000000 0.085653
v 0.001281 -0.001000 0.085527
v -0.093700 -0.001000 0.025799
v -0.091872 -0.000000 0.022020
v -0.091872 -0.001000 0.022020
v -0.093700 0.001000 0.025799
v -0.091872 0.001000 0.022020
v -0.090341 0.001000 0.018029
v -0.090341 -0.000000 0.018029
v -0.088342 0.001000 0.009842
v -0.088342 -0.000000 0.009842
v -0.087860 0.001000 0.005599
v -0.087741 0.001000 0.001314
v -0.087860 -0.000000 0.005599
v -0.087860 -0.001000 0.005599
v -0.087741 -0.001000 0.001314
v -0.088342 -0.001000 0.009842
v -0.090341 -0.001000 0.018029
v -0.007435 -0.001000 0.086422
v -0.007435 -0.000000 0.086422
v -0.003105 -0.001000 0.085785
v -0.015974 -0.001000 0.088861
v -0.015974 -0.000000 0.088861
v -0.019963 -0.001000 0.090596
v -0.019963 -0.000000 0.090596
v -0.023716 -0.001000 0.092627
v -0.023716 0.001000 0.092627
v -0.019963 0.001000 0.090596
v -0.015974 0.001000 0.088861
v -0.007435 0.001000 0.086422
v -0.003105 0.001000 0.085785
v -0.003105 -0.000000 0.085785
v 0.001281 0.001000 0.085527
v 0.001281 -0.001000 0.085527
v 0.040204 -0.001000 0.093114
v 0.039409 -0.001000 0.096892
v 0.040204 0.001000 0.093114
v 0.039409 0.001000 0.096892
v 0.040204 -0.001000 0.093114
v 0.042381 -0.001000 0.093572
v 0.040204 0.001000 0.093114
v 0.042381 0.001000 0.093572
v 0.026479 -0.001000 0.091876
v 0.032726 -0.001000 0.094816
v 0.026479 0.001000 0.091876
v 0.032726 0.001000 0.094816
v 0.039409 0.001000 0.096892
v 0.039409 -0.001000 0.096892
v 0.042381 -0.001000 0.093572
v 0.041585 -0.001000 0.097354
v 0.042381 0.001000 0.093572
v 0.041585 0.001000 0.097354
v 0.099030 -0.001000 0.033676
v 0.095305 -0.001000 0.034691
v 0.099030 0.001000 0.033676
v 0.095305 0.001000 0.034691
v 0.095305 -0.001000 0.034691
v 0.095890 -0.001000 0.036838
v 0.095305 0.001000 0.034691
v 0.095890 0.001000 0.036838
v 0.041585 -0.001000 0.097354
v 0.047076 -0.000000 0.098083
v 0.047076 -0.001000 0.098083
v 0.041585 0.001000 0.097354
v 0.047076 0.001000 0.098083
v 0.052682 0.001000 0.098200
v 0.052682 -0.000000 0.098200
v 0.063968 0.001000 0.096507
v 0.063968 -0.001000 0.096507
v 0.074550 0.001000 0.092324
v 0.074550 -0.001000 0.092324
v 0.083589 0.001000 0.086151
v 0.083589 -0.001000 0.086151
v 0.090997 0.001000 0.078269
v 0.090997 -0.001000 0.078269
v 0.096702 0.001000 0.068635
v 0.096702 -0.001000 0.068635
v 0.100125 0.001000 0.058004
v 0.100125 -0.001000 0.058004
v 0.101111 0.001000 0.046790
v 0.101111 -0.000000 0.046790
v 0.101111 -0.001000 0.046790
v 0.100663 -0.000000 0.041224
v 0.099619 -0.001000 0.035822
v 0.100663 0.001000 0.041224
v 0.100663 -0.001000 0.041224
v 0.099619 0.001000 0.035822
v 0.052682 -0.001000 0.098200
v 0.099030 -0.001000 0.033676
v 0.097005 -0.001000 0.028110
v 0.099030 0.001000 0.033676
v 0.097005 0.001000 0.028110
v 0.094431 0.001000 0.022982
v 0.094431 -0.001000 0.022982
v 0.095890 -0.001000 0.036838
v 0.099619 -0.001000 0.035822
v 0.095890 0.001000 0.036838
v 0.099619 0.001000 0.035822
v 0.094744 -0.001000 -0.039691
v 0.098502 -0.001000 -0.038787
v 0.094744 0.001000 -0.039691
v 0.098502 0.001000 -0.038787
v 0.093700 -0.001000 -0.025799
v 0.093700 0.001000 -0.025799
v 0.096120 -0.001000 -0.031001
v 0.096120 0.001000 -0.031001
v 0.097978 -0.001000 -0.036625
v 0.097978 0.001000 -0.036625
v 0.094224 -0.001000 -0.037528
v 0.097978 -0.001000 -0.036625
v 0.094224 0.001000 -0.037528
v 0.097978 0.001000 -0.036625
v 0.094224 -0.001000 -0.037528
v 0.094744 -0.001000 -0.039691
v 0.094224 0.001000 -0.037528
v 0.094744 0.001000 -0.039691
v 0.039561 0.001000 -0.094799
v 0.039561 -0.001000 -0.094799
v 0.038652 0.001000 -0.098555
v 0.038652 -0.001000 -0.098555
v 0.038652 -0.001000 -0.098555
v 0.044119 0.000000 -0.099448
v 0.044119 -0.001000 -0.099448
v 0.038652 0.001000 -0.098555
v 0.044119 0.001000 -0.099448
v 0.049719 0.001000 -0.099733
v 0.049719 0.000000 -0.099733
v 0.061050 0.001000 -0.098378
v 0.061050 -0.001000 -0.098378
v 0.071753 0.001000 -0.094514
v 0.071753 -0.001000 -0.094514
v 0.080972 0.001000 -0.088614
v 0.080972 -0.001000 -0.088614
v 0.088613 0.001000 -0.080958
v 0.088613 -0.001000 -0.080958
v 0.094604 0.001000 -0.071499
v 0.094604 -0.001000 -0.071499
v 0.098344 0.001000 -0.060975
v 0.098344 -0.001000 -0.060975
v 0.099665 0.000000 -0.049795
v 0.099665 0.001000 -0.049795
v 0.099383 0.001000 -0.044219
v 0.098502 0.001000 -0.038787
v 0.099383 0.000000 -0.044219
v 0.098502 -0.001000 -0.038787
v 0.099383 -0.001000 -0.044219
v 0.099665 -0.001000 -0.049795
v 0.049719 -0.001000 -0.099733
v 0.023716 -0.001000 -0.092627
v 0.029873 0.000000 -0.095752
v 0.029873 -0.001000 -0.095752
v 0.023716 0.001000 -0.092627
v 0.029873 0.001000 -0.095752
v 0.033116 0.001000 -0.096997
v 0.036490 0.001000 -0.098028
v 0.033116 0.000000 -0.096997
v 0.036490 0.000000 -0.098028
v 0.033116 -0.001000 -0.096997
v 0.036490 -0.001000 -0.098028
v 0.037399 -0.001000 -0.094275
v 0.036490 0.000000 -0.098028
v 0.036490 -0.001000 -0.098028
v 0.037399 0.001000 -0.094275
v 0.036490 0.001000 -0.098028
v 0.037399 -0.001000 -0.094275
v 0.039561 -0.001000 -0.094799
v 0.037399 0.001000 -0.094275
v 0.039561 0.001000 -0.094799
v -0.039409 -0.001000 -0.096891
v -0.039409 0.000000 -0.096891
v -0.040204 -0.001000 -0.093113
v -0.040204 0.001000 -0.093113
v -0.039409 0.001000 -0.096891
v -0.040204 -0.001000 -0.093113
v -0.042381 -0.001000 -0.093572
v -0.040204 0.001000 -0.093113
v -0.042381 0.001000 -0.093572
v -0.026479 -0.001000 -0.091876
v -0.032726 0.000000 -0.094815
v -0.032726 -0.001000 -0.094815
v -0.026479 0.001000 -0.091876
v -0.032726 0.001000 -0.094815
v -0.036005 0.001000 -0.095962
v -0.036005 0.000000 -0.095962
v -0.039409 0.001000 -0.096891
v -0.039409 0.000000 -0.096891
v -0.039409 -0.001000 -0.096891
v -0.036005 -0.001000 -0.095962
v -0.041585 0.001000 -0.097354
v -0.041585 0.000000 -0.097354
v -0.042381 0.001000 -0.093572
v -0.042381 -0.001000 -0.093572
v -0.041585 -0.001000 -0.097354
v -0.095305 -0.001000 -0.034690
v -0.095305 0.001000 -0.034690
v -0.099030 -0.001000 -0.033676
v -0.099030 0.001000 -0.033676
v -0.095305 -0.001000 -0.034690
v -0.095890 -0.001000 -0.036837
v -0.095305 0.001000 -0.034690
v -0.095890 0.001000 -0.036837
v -0.041585 -0.001000 -0.097354
v -0.044310 -0.001000 -0.097793
v -0.044310 -0.000500 -0.097793
v -0.041585 0.000000 -0.097354
v -0.044310 0.000000 -0.097793
v -0.041585 0.001000 -0.097354
v -0.044310 0.000500 -0.097793
v -0.044310 0.001000 -0.097793
v -0.047076 0.000500 -0.098083
v -0.047076 0.000000 -0.098083
v -0.052682 0.001000 -0.098200
v -0.047076 0.001000 -0.098083
v -0.052682 0.000000 -0.098200
v -0.052682 -0.001000 -0.098200
v -0.063967 0.001000 -0.096507
v -0.063967 -0.001000 -0.096507
v -0.047076 -0.000500 -0.098083
v -0.047076 -0.001000 -0.098083
v -0.074550 -0.001000 -0.092324
v -0.074550 0.001000 -0.092324
v -0.083589 -0.001000 -0.086151
v -0.083589 0.001000 -0.086151
v -0.090997 -0.001000 -0.078268
v -0.090997 0.001000 -0.078268
v -0.096702 -0.001000 -0.068635
v -0.096702 0.001000 -0.068635
v -0.100125 -0.001000 -0.058004
v -0.100125 0.001000 -0.058004
v -0.101111 0.000000 -0.046789
v -0.101111 -0.001000 -0.046789
v -0.100662 -0.001000 -0.041224
v -0.099619 -0.001000 -0.035821
v -0.100662 0.000000 -0.041224
v -0.100662 0.001000 -0.041224
v -0.099619 0.001000 -0.035821
v -0.101111 0.001000 -0.046789
v -0.099030 -0.001000 -0.033676
v -0.097005 -0.001000 -0.028110
v -0.099030 0.001000 -0.033676
v -0.097005 0.001000 -0.028110
v -0.094431 0.001000 -0.022982
v -0.094431 -0.001000 -0.022982
v -0.099619 0.001000 -0.035821
v -0.099619 -0.001000 -0.035821
v -0.095890 0.001000 -0.036837
v -0.095890 -0.001000 -0.036837
v -0.098502 0.001000 0.038788
v -0.098502 -0.001000 0.038788
v -0.094744 0.001000 0.039692
v -0.094744 -0.001000 0.039692
v -0.093700 -0.001000 0.025799
v -0.093700 0.001000 0.025799
v -0.096120 -0.001000 0.031001
v -0.097977 -0.001000 0.036625
v -0.096120 0.001000 0.031001
v -0.097977 0.001000 0.036625
v -0.094224 -0.001000 0.037528
v -0.097977 -0.001000 0.036625
v -0.094224 0.001000 0.037528
v -0.097977 0.001000 0.036625
v -0.094224 -0.001000 0.037528
v -0.094744 -0.001000 0.039692
v -0.094224 0.001000 0.037528
v -0.094744 0.001000 0.039692
v -0.038652 -0.001000 0.098555
v -0.038652 0.001000 0.098555
v -0.039561 -0.001000 0.094799
v -0.039561 0.001000 0.094799
v -0.038652 -0.001000 0.098555
v -0.044119 -0.000000 0.099448
v -0.044119 -0.001000 0.099448
v -0.038652 0.001000 0.098555
v -0.044119 0.001000 0.099448
v -0.049719 0.001000 0.099733
v -0.049719 -0.000000 0.099733
v -0.061050 0.001000 0.098379
v -0.061050 -0.001000 0.098379
v -0.071753 0.001000 0.094515
v -0.071753 -0.001000 0.094515
v -0.080972 0.001000 0.088615
v -0.080972 -0.001000 0.088615
v -0.088613 0.001000 0.080958
v -0.088613 -0.001000 0.080958
v -0.094604 0.001000 0.071499
v -0.094604 -0.001000 0.071499
v -0.098344 0.001000 0.060976
v -0.098344 -0.001000 0.060976
v -0.099665 -0.000000 0.049796
v -0.099665 0.001000 0.049796
v -0.099383 0.001000 0.044219
v -0.098502 0.001000 0.038788
v -0.099383 -0.000000 0.044219
v -0.099383 -0.001000 0.044219
v -0.098502 -0.001000 0.038788
v -0.099665 -0.001000 0.049796
v -0.049719 -0.001000 0.099733
v -0.023716 -0.001000 0.092627
v -0.029873 -0.000000 0.095753
v -0.029873 -0.001000 0.095753
v -0.023716 0.001000 0.092627
v -0.029873 0.001000 0.095753
v -0.033116 0.001000 0.096997
v -0.033116 -0.000000 0.096997
v -0.036490 0.001000 0.098028
v -0.036490 -0.000000 0.098028
v -0.036490 -0.001000 0.098028
v -0.033116 -0.001000 0.096997
v -0.036490 -0.001000 0.098028
v -0.036490 -0.000000 0.098028
v -0.037398 -0.001000 0.094276
v -0.037398 0.001000 0.094276
v -0.036490 0.001000 0.098028
v -0.037398 -0.001000 0.094276
v -0.039561 -0.001000 0.094799
v -0.037398 0.001000 0.094276
v -0.039561 0.001000 0.094799
v -0.039561 -0.001000 0.094799
v -0.048711 -0.001000 0.095833
v -0.048599 -0.001000 0.095287
v -0.038652 -0.001000 0.098555
v -0.040369 -0.001000 0.089795
v -0.048696 -0.001000 0.094739
v -0.037398 -0.001000 0.094276
v -0.026774 -0.001000 0.089862
v -0.036490 -0.001000 0.098028
v -0.027308 -0.001000 0.088960
v -0.027123 -0.001000 0.089459
v -0.027299 -0.001000 0.088388
v -0.028294 -0.001000 0.084966
v -0.027075 -0.001000 0.087862
v -0.026703 -0.001000 0.087481
v 0.001191 -0.001000 0.079578
v 0.001147 -0.001000 0.076603
v -0.026268 -0.001000 0.090128
v -0.023716 -0.001000 0.092627
v -0.025186 -0.001000 0.090040
v -0.025699 -0.001000 0.090184
v 0.001281 -0.001000 0.085527
v 0.001236 -0.001000 0.082552
v -0.049020 -0.001000 0.094230
v -0.049520 -0.001000 0.093892
v -0.054073 -0.001000 0.090551
v -0.050066 -0.001000 0.093780
v -0.066205 -0.001000 0.090495
v -0.067267 -0.001000 0.086773
v -0.080025 -0.001000 0.081536
v -0.089833 -0.001000 0.067659
v -0.077970 -0.001000 0.079385
v -0.085844 -0.001000 0.069034
v -0.090227 -0.001000 0.056028
v -0.093711 -0.001000 0.050195
v -0.090103 -0.001000 0.042304
v -0.094671 -0.001000 0.048827
v -0.094162 -0.001000 0.049150
v -0.095220 -0.001000 0.048730
v -0.093823 -0.001000 0.049650
v -0.094744 -0.001000 0.039692
v -0.094224 -0.001000 0.037528
v -0.085836 -0.001000 0.030019
v -0.088859 -0.001000 0.027394
v -0.089397 -0.001000 0.027249
v -0.087743 -0.001000 0.027006
v -0.088261 -0.001000 0.027316
v -0.087410 -0.001000 0.026559
v -0.078818 -0.001000 0.001180
v -0.081792 -0.001000 0.001225
v -0.089844 -0.001000 0.026916
v -0.093700 -0.001000 0.025799
v -0.090154 -0.001000 0.026398
v -0.090232 -0.001000 0.025800
v -0.090087 -0.001000 0.025262
v -0.087741 -0.001000 0.001314
v -0.084767 -0.001000 0.001269
v -0.097977 -0.001000 0.036625
v -0.095766 -0.001000 0.048843
v -0.098502 -0.001000 0.038788
v -0.097335 -0.001000 0.064650
v -0.096685 -0.001000 0.050240
v -0.096589 -0.001000 0.049691
v -0.096265 -0.001000 0.049182
v -0.092744 -0.001000 0.068432
v -0.084134 -0.001000 0.085839
v -0.082079 -0.001000 0.083688
v -0.067330 -0.001000 0.093249
v -0.063467 -0.001000 0.097741
v -0.050107 -0.001000 0.096754
v -0.049558 -0.001000 0.096657
v -0.049049 -0.001000 0.096333
v -0.039561 0.001000 0.094799
v -0.048696 0.001000 0.094739
v -0.040369 0.001000 0.089795
v -0.037398 0.001000 0.094276
v -0.048711 0.001000 0.095833
v -0.048599 0.001000 0.095287
v -0.038652 0.001000 0.098555
v -0.063467 0.001000 0.097741
v -0.050107 0.001000 0.096754
v -0.049558 0.001000 0.096657
v -0.049049 0.001000 0.096333
v -0.067330 0.001000 0.093249
v -0.084134 0.001000 0.085839
v -0.082079 0.001000 0.083688
v -0.092744 0.001000 0.068432
v -0.097335 0.001000 0.064650
v -0.096685 0.001000 0.050240
v -0.096589 0.001000 0.049691
v -0.098502 0.001000 0.038788
v -0.095766 0.001000 0.048843
v -0.094744 0.001000 0.039692
v -0.096265 0.001000 0.049182
v -0.094224 0.001000 0.037528
v -0.090103 0.001000 0.042304
v -0.095220 0.001000 0.048730
v -0.094671 0.001000 0.048827
v -0.094162 0.001000 0.049150
v -0.093823 0.001000 0.049650
v -0.093711 0.001000 0.050195
v -0.089833 0.001000 0.067659
v -0.090227 0.001000 0.056028
v -0.085844 0.001000 0.069034
v -0.080025 0.001000 0.081536
v -0.077970 0.001000 0.079385
v -0.067267 0.001000 0.086773
v -0.066205 0.001000 0.090495
v -0.054073 0.001000 0.090551
v -0.050066 0.001000 0.093780
v -0.049520 0.001000 0.093892
v -0.049020 0.001000 0.094230
v -0.085836 0.001000 0.030019
v -0.087743 0.001000 0.027006
v -0.087410 0.001000 0.026559
v -0.078818 0.001000 0.001180
v -0.089397 0.001000 0.027249
v -0.088859 0.001000 0.027394
v -0.088261 0.001000 0.027316
v -0.089844 0.001000 0.026916
v -0.090154 0.001000 0.026398
v -0.093700 0.001000 0.025799
v -0.097977 0.001000 0.036625
v -0.090232 0.001000 0.025800
v -0.090087 0.001000 0.025262
v -0.087741 0.001000 0.001314
v -0.084767 0.001000 0.001269
v -0.081792 0.001000 0.001225
v -0.027308 0.001000 0.088960
v -0.027123 0.001000 0.089459
v -0.036490 0.001000 0.098028
v -0.026774 0.001000 0.089862
v -0.026268 0.001000 0.090128
v -0.023716 0.001000 0.092627
v -0.025699 0.001000 0.090184
v -0.025186 0.001000 0.090040
v 0.001236 0.001000 0.082552
v 0.001281 0.001000 0.085527
v -0.027299 0.001000 0.088388
v -0.027075 0.001000 0.087862
v -0.028294 0.001000 0.084966
v -0.026703 0.001000 0.087481
v 0.001147 0.001000 0.076603
v 0.001191 0.001000 0.079578
v -0.099619 -0.001000 -0.035821
v -0.098146 -0.001000 -0.047323
v -0.099227 -0.001000 -0.061706
v -0.098033 -0.001000 -0.046777
v -0.097185 -0.001000 -0.045954
v -0.097694 -0.001000 -0.046278
v -0.095890 -0.001000 -0.036837
v -0.091329 -0.001000 -0.039587
v -0.095305 -0.001000 -0.034690
v -0.096636 -0.001000 -0.045858
v -0.096090 -0.001000 -0.045970
v -0.095591 -0.001000 -0.046309
v -0.095268 -0.001000 -0.046818
v -0.095171 -0.001000 -0.047367
v -0.091863 -0.001000 -0.053301
v -0.091818 -0.001000 -0.064939
v -0.087872 -0.001000 -0.066433
v -0.082430 -0.001000 -0.079104
v -0.068884 -0.001000 -0.088472
v -0.069835 -0.001000 -0.084720
v -0.080312 -0.001000 -0.077015
v -0.056760 -0.001000 -0.088891
v -0.043039 -0.001000 -0.088545
v -0.052851 -0.001000 -0.092239
v -0.052309 -0.001000 -0.092367
v -0.051819 -0.001000 -0.092720
v -0.051510 -0.001000 -0.093238
v -0.051430 -0.001000 -0.093789
v -0.042381 -0.001000 -0.093572
v -0.041585 -0.001000 -0.097354
v -0.051558 -0.001000 -0.094332
v -0.040204 -0.001000 -0.093113
v -0.029452 -0.001000 -0.089019
v -0.039409 -0.001000 -0.096891
v -0.029959 -0.001000 -0.088102
v -0.029789 -0.001000 -0.088607
v -0.029933 -0.001000 -0.087531
v -0.030825 -0.001000 -0.084081
v -0.029693 -0.001000 -0.087012
v -0.029310 -0.001000 -0.086642
v -0.001147 -0.001000 -0.076603
v -0.001191 -0.001000 -0.079577
v -0.028954 -0.001000 -0.089301
v -0.026479 -0.001000 -0.091876
v -0.027870 -0.001000 -0.089246
v -0.028387 -0.001000 -0.089374
v -0.001280 -0.001000 -0.085526
v -0.001236 -0.001000 -0.082552
v -0.051911 -0.001000 -0.094821
v -0.052429 -0.001000 -0.095130
v -0.052981 -0.001000 -0.095211
v -0.066365 -0.001000 -0.095797
v -0.070092 -0.001000 -0.091191
v -0.084548 -0.001000 -0.081193
v -0.086666 -0.001000 -0.083282
v -0.094751 -0.001000 -0.065624
v -0.094431 -0.001000 -0.022982
v -0.090173 -0.001000 -0.024560
v -0.099030 -0.001000 -0.033676
v -0.090610 -0.001000 -0.024214
v -0.086697 -0.001000 -0.027435
v -0.089639 -0.001000 -0.024721
v -0.088512 -0.001000 -0.024367
v -0.089039 -0.001000 -0.024661
v -0.088166 -0.001000 -0.023930
v -0.078818 -0.001000 0.001180
v -0.081792 -0.001000 0.001225
v -0.090904 -0.001000 -0.023687
v -0.090964 -0.001000 -0.023087
v -0.090803 -0.001000 -0.022553
v -0.087741 -0.001000 0.001314
v -0.084767 -0.001000 0.001269
v -0.095305 0.001000 -0.034690
v -0.095890 0.001000 -0.036837
v -0.091329 0.001000 -0.039587
v -0.094431 0.001000 -0.022982
v -0.099030 0.001000 -0.033676
v -0.090610 0.001000 -0.024214
v -0.090173 0.001000 -0.024560
v -0.086697 0.001000 -0.027435
v -0.089039 0.001000 -0.024661
v -0.088512 0.001000 -0.024367
v -0.088166 0.001000 -0.023930
v -0.078818 0.001000 0.001180
v -0.089639 0.001000 -0.024721
v -0.081792 0.001000 0.001225
v -0.090904 0.001000 -0.023687
v -0.090964 0.001000 -0.023087
v -0.090803 0.001000 -0.022553
v -0.087741 0.001000 0.001314
v -0.084767 0.001000 0.001269
v -0.096090 0.001000 -0.045970
v -0.095591 0.001000 -0.046309
v -0.096636 0.001000 -0.045858
v -0.095268 0.001000 -0.046818
v -0.095171 0.001000 -0.047367
v -0.091863 0.001000 -0.053301
v -0.091818 0.001000 -0.064939
v -0.087872 0.001000 -0.066433
v -0.082430 0.001000 -0.079104
v -0.080312 0.001000 -0.077015
v -0.069835 0.001000 -0.084720
v -0.068884 0.001000 -0.088472
v -0.056760 0.001000 -0.088891
v -0.052851 0.001000 -0.092239
v -0.052309 0.001000 -0.092367
v -0.043039 0.001000 -0.088545
v -0.029959 0.001000 -0.088102
v -0.029933 0.001000 -0.087531
v -0.040204 0.001000 -0.093113
v -0.030825 0.001000 -0.084081
v -0.051819 0.001000 -0.092720
v -0.051510 0.001000 -0.093238
v -0.042381 0.001000 -0.093572
v -0.051430 0.001000 -0.093789
v -0.051558 0.001000 -0.094332
v -0.041585 0.001000 -0.097354
v -0.052981 0.001000 -0.095211
v -0.066365 0.001000 -0.095797
v -0.051911 0.001000 -0.094821
v -0.052429 0.001000 -0.095130
v -0.070092 0.001000 -0.091191
v -0.086666 0.001000 -0.083282
v -0.084548 0.001000 -0.081193
v -0.094751 0.001000 -0.065624
v -0.099227 0.001000 -0.061706
v -0.099619 0.001000 -0.035821
v -0.098146 0.001000 -0.047323
v -0.098033 0.001000 -0.046777
v -0.097694 0.001000 -0.046278
v -0.097185 0.001000 -0.045954
v -0.029693 0.001000 -0.087012
v -0.029310 0.001000 -0.086642
v -0.001147 0.001000 -0.076603
v -0.001191 0.001000 -0.079577
v -0.029789 0.001000 -0.088607
v -0.039409 0.001000 -0.096891
v -0.029452 0.001000 -0.089019
v -0.028954 0.001000 -0.089301
v -0.026479 0.001000 -0.091876
v -0.028387 0.001000 -0.089374
v -0.027870 0.001000 -0.089246
v -0.001280 0.001000 -0.085526
v -0.001236 0.001000 -0.082552
v 0.039561 -0.001000 -0.094799
v 0.042531 -0.001000 -0.093448
v 0.042508 -0.001000 -0.094994
v 0.042485 -0.001000 -0.096541
v 0.038652 -0.001000 -0.098555
v 0.037399 -0.001000 -0.094275
v 0.036490 -0.001000 -0.098028
v 0.029983 -0.001000 -0.093260
v 0.036257 -0.001000 -0.093354
v 0.033166 -0.001000 -0.090214
v 0.036303 -0.001000 -0.090261
v 0.030006 -0.001000 -0.091713
v 0.042555 -0.001000 -0.091901
v 0.040369 -0.001000 -0.089794
v 0.042578 -0.001000 -0.090355
v 0.045692 -0.001000 -0.091948
v 0.045669 -0.001000 -0.093495
v 0.045715 -0.001000 -0.090402
v 0.048829 -0.001000 -0.091995
v 0.047237 -0.001000 -0.093518
v 0.048806 -0.001000 -0.093542
v 0.047226 -0.001000 -0.094291
v 0.047214 -0.001000 -0.095065
v 0.049020 -0.001000 -0.094229
v 0.048696 -0.001000 -0.094738
v 0.045657 -0.001000 -0.094268
v 0.045645 -0.001000 -0.095041
v 0.045634 -0.001000 -0.095815
v 0.045622 -0.001000 -0.096588
v 0.047203 -0.001000 -0.095838
v 0.048599 -0.001000 -0.095287
v 0.048711 -0.001000 -0.095833
v 0.047191 -0.001000 -0.096611
v 0.049049 -0.001000 -0.096333
v 0.048759 -0.001000 -0.096635
v 0.049558 -0.001000 -0.096657
v 0.050107 -0.001000 -0.096754
v 0.048748 -0.001000 -0.097408
v 0.048736 -0.001000 -0.098181
v 0.045599 -0.001000 -0.098134
v 0.042462 -0.001000 -0.098087
v 0.063467 -0.001000 -0.097741
v 0.084134 -0.001000 -0.085839
v 0.067330 -0.001000 -0.093249
v 0.082079 -0.001000 -0.083688
v 0.092744 -0.001000 -0.068432
v 0.097335 -0.001000 -0.064649
v 0.096685 -0.001000 -0.050240
v 0.098502 -0.001000 -0.038787
v 0.096547 -0.001000 -0.048624
v 0.096589 -0.001000 -0.049691
v 0.096558 -0.001000 -0.047851
v 0.096581 -0.001000 -0.046305
v 0.094990 -0.001000 -0.047828
v 0.093409 -0.001000 -0.048577
v 0.093444 -0.001000 -0.046258
v 0.095220 -0.001000 -0.048730
v 0.094671 -0.001000 -0.048826
v 0.093421 -0.001000 -0.047804
v 0.090103 -0.001000 -0.042304
v 0.090227 -0.001000 -0.056028
v 0.094744 -0.001000 -0.039691
v 0.096604 -0.001000 -0.044758
v 0.093467 -0.001000 -0.044711
v 0.094224 -0.001000 -0.037528
v 0.085836 -0.001000 -0.030018
v 0.090562 -0.001000 -0.029199
v 0.087448 -0.001000 -0.027606
v 0.087425 -0.001000 -0.029152
v 0.087410 -0.001000 -0.026559
v 0.078818 -0.001000 -0.001180
v 0.081792 -0.001000 -0.001224
v 0.087743 -0.001000 -0.027006
v 0.088261 -0.001000 -0.027315
v 0.088859 -0.001000 -0.027393
v 0.089016 -0.001000 -0.027629
v 0.090585 -0.001000 -0.027653
v 0.089397 -0.001000 -0.027249
v 0.089844 -0.001000 -0.026916
v 0.090596 -0.001000 -0.026879
v 0.090154 -0.001000 -0.026398
v 0.090608 -0.001000 -0.026106
v 0.090232 -0.001000 -0.025800
v 0.093700 -0.001000 -0.025799
v 0.090087 -0.001000 -0.025261
v 0.087741 -0.001000 -0.001313
v 0.084767 -0.001000 -0.001269
v 0.097978 -0.001000 -0.036625
v 0.093722 -0.001000 -0.027700
v 0.093699 -0.001000 -0.029246
v 0.085844 -0.001000 -0.069034
v 0.093711 -0.001000 -0.050195
v 0.089833 -0.001000 -0.067658
v 0.080025 -0.001000 -0.081536
v 0.066205 -0.001000 -0.090495
v 0.067267 -0.001000 -0.086772
v 0.077970 -0.001000 -0.079385
v 0.054073 -0.001000 -0.090551
v 0.050066 -0.001000 -0.093780
v 0.049520 -0.001000 -0.093891
v 0.093823 -0.001000 -0.049649
v 0.094162 -0.001000 -0.049150
v 0.095766 -0.001000 -0.048843
v 0.096265 -0.001000 -0.049181
v 0.036327 -0.001000 -0.088714
v 0.028294 -0.001000 -0.084966
v 0.026703 -0.001000 -0.087481
v 0.030075 -0.001000 -0.087074
v 0.028507 -0.001000 -0.087050
v -0.001191 -0.001000 -0.079577
v -0.001147 -0.001000 -0.076603
v 0.028495 -0.001000 -0.087824
v 0.028484 -0.001000 -0.088597
v 0.030064 -0.001000 -0.087847
v 0.027299 -0.001000 -0.088388
v 0.027075 -0.001000 -0.087862
v 0.027309 -0.001000 -0.088960
v 0.027123 -0.001000 -0.089459
v 0.028472 -0.001000 -0.089370
v 0.030041 -0.001000 -0.089394
v 0.028460 -0.001000 -0.090143
v 0.026774 -0.001000 -0.089861
v 0.030029 -0.001000 -0.090167
v 0.026880 -0.001000 -0.090893
v 0.026892 -0.001000 -0.090120
v 0.026268 -0.001000 -0.090127
v 0.025699 -0.001000 -0.090184
v 0.025186 -0.001000 -0.090040
v 0.025312 -0.001000 -0.090870
v 0.023743 -0.001000 -0.090846
v 0.025300 -0.001000 -0.091643
v 0.023731 -0.001000 -0.091619
v 0.026846 -0.001000 -0.093213
v 0.026869 -0.001000 -0.091666
v 0.023716 -0.001000 -0.092627
v 0.020594 -0.001000 -0.091572
v -0.001280 -0.001000 -0.085526
v -0.001236 -0.001000 -0.082552
v 0.020617 -0.001000 -0.090026
v 0.023755 -0.001000 -0.090073
v 0.033189 -0.001000 -0.088667
v 0.030052 -0.001000 -0.088620
v 0.099619 -0.001000 0.035822
v 0.098146 -0.001000 0.047323
v 0.099227 -0.001000 0.061707
v 0.098033 -0.001000 0.046777
v 0.097185 -0.001000 0.045954
v 0.097695 -0.001000 0.046278
v 0.095890 -0.001000 0.036838
v 0.091329 -0.001000 0.039588
v 0.095305 -0.001000 0.034691
v 0.096636 -0.001000 0.045858
v 0.096090 -0.001000 0.045971
v 0.095591 -0.001000 0.046309
v 0.095268 -0.001000 0.046819
v 0.095171 -0.001000 0.047368
v 0.091863 -0.001000 0.053302
v 0.091818 -0.001000 0.064939
v 0.082430 -0.001000 0.079104
v 0.087872 -0.001000 0.066433
v 0.080312 -0.001000 0.077015
v 0.069835 -0.001000 0.084720
v 0.056760 -0.001000 0.088892
v 0.068884 -0.001000 0.088473
v 0.052851 -0.001000 0.092239
v 0.052309 -0.001000 0.092367
v 0.043039 -0.001000 0.088546
v 0.051820 -0.001000 0.092720
v 0.051511 -0.001000 0.093238
v 0.042381 -0.001000 0.093572
v 0.051430 -0.001000 0.093790
v 0.051558 -0.001000 0.094332
v 0.051911 -0.001000 0.094822
v 0.041585 -0.001000 0.097354
v 0.066365 -0.001000 0.095797
v 0.052981 -0.001000 0.095211
v 0.052429 -0.001000 0.095131
v 0.070092 -0.001000 0.091192
v 0.084548 -0.001000 0.081193
v 0.086666 -0.001000 0.083282
v 0.094751 -0.001000 0.065625
v 0.040204 -0.001000 0.093114
v 0.029452 -0.001000 0.089020
v 0.039409 -0.001000 0.096892
v 0.029959 -0.001000 0.088103
v 0.029789 -0.001000 0.088607
v 0.029933 -0.001000 0.087531
v 0.030825 -0.001000 0.084081
v 0.029693 -0.001000 0.087012
v 0.029310 -0.001000 0.086643
v 0.001147 -0.001000 0.076603
v 0.001191 -0.001000 0.079578
v 0.028954 -0.001000 0.089301
v 0.026479 -0.001000 0.091876
v 0.027870 -0.001000 0.089246
v 0.028387 -0.001000 0.089374
v 0.001281 -0.001000 0.085527
v 0.001236 -0.001000 0.082552
v 0.090173 -0.001000 0.024560
v 0.099030 -0.001000 0.033676
v 0.090610 -0.001000 0.024214
v 0.086697 -0.001000 0.027435
v 0.094431 -0.001000 0.022982
v 0.090904 -0.001000 0.023687
v 0.090964 -0.001000 0.023087
v 0.090803 -0.001000 0.022553
v 0.087741 -0.001000 -0.001313
v 0.084767 -0.001000 -0.001269
v 0.089639 -0.001000 0.024721
v 0.088512 -0.001000 0.024368
v 0.089039 -0.001000 0.024661
v 0.088166 -0.001000 0.023931
v 0.078818 -0.001000 -0.001180
v 0.081792 -0.001000 -0.001224
v 0.095305 0.001000 0.034691
v 0.095890 0.001000 0.036838
v 0.091329 0.001000 0.039588
v 0.094431 0.001000 0.022982
v 0.099030 0.001000 0.033676
v 0.090610 0.001000 0.024214
v 0.090173 0.001000 0.024560
v 0.086697 0.001000 0.027435
v 0.088166 0.001000 0.023931
v 0.078818 0.001000 -0.001180
v 0.089639 0.001000 0.024721
v 0.089039 0.001000 0.024661
v 0.088512 0.001000 0.024368
v 0.081792 0.001000 -0.001224
v 0.090904 0.001000 0.023687
v 0.090964 0.001000 0.023087
v 0.090803 0.001000 0.022553
v 0.087741 0.001000 -0.001313
v 0.084767 0.001000 -0.001269
v 0.096090 0.001000 0.045971
v 0.095591 0.001000 0.046309
v 0.096636 0.001000 0.045858
v 0.095268 0.001000 0.046819
v 0.095171 0.001000 0.047368
v 0.091863 0.001000 0.053302
v 0.091818 0.001000 0.064939
v 0.087872 0.001000 0.066433
v 0.082430 0.001000 0.079104
v 0.080312 0.001000 0.077015
v 0.069835 0.001000 0.084720
v 0.068884 0.001000 0.088473
v 0.056760 0.001000 0.088892
v 0.052851 0.001000 0.092239
v 0.052309 0.001000 0.092367
v 0.043039 0.001000 0.088546
v 0.029959 0.001000 0.088103
v 0.029933 0.001000 0.087531
v 0.040204 0.001000 0.093114
v 0.030825 0.001000 0.084081
v 0.051820 0.001000 0.092720
v 0.051511 0.001000 0.093238
v 0.042381 0.001000 0.093572
v 0.051430 0.001000 0.093790
v 0.051558 0.001000 0.094332
v 0.041585 0.001000 0.097354
v 0.052981 0.001000 0.095211
v 0.066365 0.001000 0.095797
v 0.051911 0.001000 0.094822
v 0.052429 0.001000 0.095131
v 0.070092 0.001000 0.091192
v 0.086666 0.001000 0.083282
v 0.084548 0.001000 0.081193
v 0.094751 0.001000 0.065625
v 0.099227 0.001000 0.061707
v 0.099619 0.001000 0.035822
v 0.098146 0.001000 0.047323
v 0.098033 0.001000 0.046777
v 0.097695 0.001000 0.046278
v 0.097185 0.001000 0.045954
v 0.029693 0.001000 0.087012
v 0.029310 0.001000 0.086643
v 0.001147 0.001000 0.076603
v 0.001191 0.001000 0.079578
v 0.029789 0.001000 0.088607
v 0.039409 0.001000 0.096892
v 0.029452 0.001000 0.089020
v 0.028954 0.001000 0.089301
v 0.026479 0.001000 0.091876
v 0.028387 0.001000 0.089374
v 0.027870 0.001000 0.089246
v 0.001281 0.001000 0.085527
v 0.001236 0.001000 0.082552
vn 0.000000 1.000000 0.000000
vn 0.000000 1.000000 0.000000
vn 0.000000 1.000000 0.000000
vn 0.000000 1.000000 0.000000
vn 0.000000 1.000000 0.000000
vn 0.000000 1.000000 0.000000
vn 0.000000 1.000000 0.000000
vn 0.000000 1.000000 0.000000
vn 0.000000 1.000000 0.000000
vn 0.000000 1.000000 0.000000
vn 0.000000 1.000000 0.000000
vn 0.000000 1.000000 0.000000
vn 0.000000 1.000000 0.000000
vn 0.000000 1.000000 0.000000
vn 0.000000 1.000000 0.000000
vn 0.000000 1.000000 0.000000
vn 0.000000 1.000000 0.000000
vn 0.000000 1.000000 0.000000
vn 0.000000 1.000000 0.000000
vn 0.000000 1.000000 0.000000
vn 0.000000 1.000000 0.000000
vn 0.000000 1.000000 0.000000
vn 0.000000 1.000000 0.000000
vn 0.000000 1.000000 0.000000
vn 0.000000 1.000000 0.000000
vn 0.000000 1.000000 0.000000
vn 0.000000 1.000000 0.000000
vn 0.000000 1.000000 0.000000
vn 0.000000 1.000000 0.000000
vn 0.000000 1.000000 0.000000
vn 0.000000 1.000000 0.000000
vn 0.000000 1.000000 0.000000
vn 0.000000 1.000000 0.000000
vn 0.000000 1.000000 0.000000
vn 0.000000 1.000000 0.000000
vn 0.000000 1.000000 0.000000
vn 0.000000 1.000000 0.000000
vn 0.000000 1.000000 0.000000
vn 0.000000 1.000000 0.000000
vn 0.000000 1.000000 0.000000
vn 0.000000 1.000000 0.000000
vn 0.000000 1.000000 0.000000
vn 0.000000 1.000000 0.000000
vn 0.000000 1.000000 0.000000
vn 0.000000 1.000000 0.000000
vn 0.000000 1.000000 0.000000
vn 0.000000 1.000000 0.000000
vn 0.000000 1.000000 0.000000
vn 0.000000 1.000000 0.000000
vn 0.000000 1.000000 0.000000
vn 0.000000 1.000000 0.000000
vn 0.000000 1.000000 0.000000
vn 0.000000 1.000000 0.000000
vn 0.000000 1.000000 0.000000
vn 0.000000 1.000000 0.000000
vn 0.000000 1.000000 0.000000
vn 0.000000 1.000000 0.000000
vn 0.000000 1.000000 0.000000
vn 0.000000 1.000000 0.000000
vn 0.000000 1.000000 0.000000
vn 0.000000 1.000000 0.000000
vn 0.000000 1.000000 0.000000
vn 0.000000 1.000000 0.000000
vn 0.000000 1.000000 0.000000
vn 0.000000 1.000000 0.000000
vn 0.000000 1.000000 0.000000
vn 0.000000 1.000000 0.000000
vn 0.000000 1.000000 0.000000
vn 0.000000 1.000000 0.000000
vn 0.000000 1.000000 0.000000
vn 0.000000 1.000000 0.000000
vn 0.000000 1.000000 0.000000
vn 0.000000 1.000000 0.000000
vn 0.000000 1.000000 0.000000
vn 0.000000 1.000000 0.000000
vn 0.000000 1.000000 0.000000
vn 0.000000 1.000000 0.000000
vn 0.000000 1.000000 0.000000
vn 0.000000 1.000000 0.000000
vn 0.000000 1.000000 0.000000
vn 0.000000 1.000000 0.000000
vn 0.000000 1.000000 0.000000
vn 0.000000 1.000000 0.000000
vn 0.000000 1.000000 0.000000
vn 0.000000 1.000000 0.000000
vn 0.000000 1.000000 0.000000
vn 0.000000 1.000000 0.000000
vn 0.000000 1.000000 0.000000
vn 0.000000 1.000000 0.000000
vn 0.000000 1.000000 0.000000
vn 0.000000 1.000000 0.000000
vn 0.000000 1.000000 0.000000
vn 0.000000 1.000000 0.000000
vn 0.000000 1.000000 0.000000
vn 0.000000 1.000000 0.000000
vn 0.000000 1.000000 0.000000
vn 0.000000 1.000000 0.000000
vn 0.000000 1.000000 0.000000
vn 0.000000 1.000000 0.000000
vn 0.000000 1.000000 0.000000
vn 0.000000 1.000000 0.000000
vn 0.000000 1.000000 0.000000
vn 0.000000 1.000000 0.000000
vn 0.000000 1.000000 0.000000
vn 0.000000 1.000000 0.000000
vn 0.000000 1.000000 0.000000
vn 0.000000 1.000000 0.000000
vn 0.000000 1.000000 0.000000
vn 0.000000 1.000000 0.000000
vn 0.000000 1.000000 0.000000
vn 0.000000 1.000000 0.000000
vn 0.000000 1.000000 0.000000
vn 0.999887 0.000000 -0.015000
vn 0.997963 -0.000100 -0.063798
vn 0.993686 -0.000200 -0.112199
vn 0.999887 0.000000 -0.015000
vn 0.997956 0.000000 -0.063897
vn 0.997963 0.000000 -0.063798
vn 0.999887 0.000000 -0.015000
vn 0.993686 0.000100 -0.112199
vn 0.993595 0.000100 -0.113000
vn 0.977660 0.000100 -0.210192
vn 0.977660 -0.000100 -0.210192
vn 0.951902 0.000000 -0.306401
vn 0.993595 0.000000 -0.113000
vn 0.993595 -0.000100 -0.113000
vn 0.951902 0.000000 -0.306401
vn 0.916423 0.000000 -0.400211
vn 0.871784 0.000000 -0.489891
vn 0.916423 0.000000 -0.400211
vn 0.871784 0.000000 -0.489891
vn 0.818583 0.000000 -0.574389
vn 0.757977 0.000000 -0.652281
vn 0.818583 0.000000 -0.574389
vn 0.757977 0.000000 -0.652281
vn 0.690618 0.000000 -0.723220
vn 0.690618 0.000000 -0.723220
vn 0.013600 0.000000 -0.999908
vn 0.197808 0.000100 -0.980241
vn 0.074700 -0.000100 -0.997206
vn 0.013600 0.000000 -0.999908
vn 0.074800 0.000000 -0.997199
vn 0.074601 0.000100 -0.997213
vn 0.013600 0.000000 -0.999908
vn 0.136001 0.000100 -0.990709
vn 0.197808 -0.000100 -0.980241
vn 0.289191 0.000000 -0.957271
vn 0.136001 0.000000 -0.990709
vn 0.289191 0.000000 -0.957271
vn 0.136001 -0.000100 -0.990709
vn 0.378294 0.000000 -0.925686
vn 0.378294 0.000000 -0.925686
vn 0.464014 0.000000 -0.885828
vn 0.545318 0.000000 -0.838229
vn 0.464014 0.000000 -0.885828
vn 0.545318 0.000000 -0.838229
vn 0.690568 0.000000 -0.723267
vn 0.690568 0.000000 -0.723267
vn 0.013400 0.000000 -0.999910
vn 0.013500 0.000000 -0.999909
vn -0.355404 0.000000 -0.934713
vn -0.697391 0.000000 -0.716691
vn -0.355404 0.000000 -0.934713
vn 0.013400 0.000000 -0.999910
vn -0.697391 0.000000 -0.716691
vn -0.924699 0.000000 -0.380700
vn -0.924699 0.000000 -0.380700
vn -0.999908 0.000000 -0.013600
vn -0.999908 0.000000 -0.013600
vn -0.934712 -0.000000 0.355405
vn -0.934712 -0.000000 0.355405
vn -0.716690 -0.000000 0.697391
vn -0.716690 -0.000000 0.697391
vn -0.380699 -0.000000 0.924699
vn -0.013700 -0.000000 0.999906
vn -0.013800 -0.000000 0.999905
vn -0.380699 -0.000000 0.924699
vn -0.013800 -0.000000 0.999905
vn -0.013600 -0.000000 0.999908
vn -0.197808 -0.000100 0.980241
vn -0.077002 0.000100 0.997031
vn -0.013600 -0.000000 0.999908
vn -0.077102 -0.000000 0.997023
vn -0.077002 -0.000100 0.997031
vn -0.013600 -0.000000 0.999908
vn -0.197808 0.000100 0.980241
vn -0.140693 -0.000000 0.990053
vn -0.378294 -0.000000 0.925686
vn -0.140693 -0.000100 0.990053
vn -0.545504 -0.000000 0.838108
vn -0.378294 -0.000000 0.925686
vn -0.545504 -0.000000 0.838108
vn -0.690773 -0.000000 0.723072
vn -0.814111 -0.000000 0.580709
vn -0.690773 -0.000000 0.723072
vn -0.814111 -0.000000 0.580709
vn -0.867003 -0.000000 0.498303
vn -0.867003 -0.000000 0.498303
vn -0.912271 -0.000000 0.409587
vn -0.948923 -0.000000 0.315508
vn -0.912271 -0.000000 0.409587
vn -0.948923 -0.000000 0.315508
vn -0.976083 -0.000300 0.217397
vn -0.989548 -0.000000 0.144207
vn -0.976083 0.000300 0.217397
vn -0.989548 -0.000100 0.144207
vn -0.996819 -0.000000 0.079702
vn -0.989548 0.000200 0.144207
vn -0.996819 -0.000100 0.079702
vn -0.993168 -0.000000 0.116696
vn -0.999887 -0.000000 0.015000
vn -0.999887 -0.000000 0.015000
vn -0.999887 -0.000000 0.015000
vn -0.996819 0.000100 0.079702
vn -0.993168 -0.000000 0.116696
vn -0.140693 0.000100 0.990053
vn 0.999889 0.000000 -0.014900
vn 0.935173 -0.000000 0.354190
vn 0.999889 0.000000 -0.014900
vn 0.999889 0.000000 -0.014900
vn 0.935206 -0.000000 0.354103
vn 0.717627 -0.000000 0.696427
vn 0.717627 -0.000000 0.696427
vn 0.381986 -0.000000 0.924168
vn 0.381986 -0.000000 0.924168
vn 0.014900 -0.000000 0.999889
vn -0.354102 -0.000000 0.935207
vn 0.014900 -0.000000 0.999889
vn -0.354102 -0.000000 0.935207
vn -0.696426 -0.000000 0.717628
vn -0.696426 -0.000000 0.717628
vn -0.924168 -0.000000 0.381987
vn -0.999886 -0.000000 0.015100
vn -0.999886 -0.000000 0.015100
vn -0.924168 -0.000000 0.381987
vn -0.999886 -0.000000 0.015100
vn 0.410485 0.000000 -0.911867
vn 0.410402 0.000000 -0.911905
vn 0.064103 0.000000 -0.997943
vn 0.064103 0.000000 -0.997943
vn -0.315897 0.000000 -0.948793
vn -0.315897 0.000000 -0.948793
vn -0.649481 0.000000 -0.760378
vn -0.649481 0.000000 -0.760378
vn -0.875118 0.000000 -0.483910
vn -0.875118 0.000000 -0.483910
vn -0.989328 0.000000 -0.145704
vn -0.989328 0.000000 -0.145704
vn -0.971509 -0.000000 0.237003
vn -0.971509 -0.000000 0.237003
vn -0.811103 -0.000000 0.584903
vn -0.811103 -0.000000 0.584903
vn -0.554123 -0.000000 0.832435
vn -0.554123 -0.000000 0.832435
vn -0.554123 -0.000000 0.832435
vn 0.410318 0.000000 -0.911942
vn 0.485906 0.000000 -0.874011
vn 0.371597 -0.000100 -0.928394
vn 0.448093 0.000000 -0.893987
vn 0.485906 0.000000 -0.874011
vn 0.485906 0.000000 -0.874011
vn 0.447973 0.000000 -0.894047
vn 0.448093 0.000000 -0.893987
vn 0.409012 0.000000 -0.912529
vn 0.371597 0.000100 -0.928394
vn 0.248108 0.000000 -0.968732
vn 0.409012 0.000000 -0.912529
vn 0.409012 0.000000 -0.912529
vn 0.248108 0.000000 -0.968732
vn 0.183697 0.000000 -0.982983
vn 0.118100 0.000000 -0.993002
vn 0.183697 0.000000 -0.982983
vn 0.118100 0.000000 -0.993002
vn 0.051798 0.000000 -0.998658
vn -0.014900 0.000000 -0.999889
vn 0.051798 0.000000 -0.998658
vn -0.014900 0.000000 -0.999889
vn -0.485787 -0.000000 0.874077
vn -0.371511 -0.000000 0.928429
vn -0.448493 -0.000000 0.893787
vn -0.485787 -0.000000 0.874077
vn -0.448493 -0.000100 0.893787
vn -0.485787 -0.000000 0.874077
vn -0.448413 -0.000000 0.893827
vn -0.409994 -0.000000 0.912088
vn -0.409994 0.000100 0.912088
vn -0.409994 -0.000100 0.912088
vn -0.248108 -0.000000 0.968732
vn -0.248108 -0.000000 0.968732
vn -0.371511 -0.000000 0.928429
vn -0.183600 -0.000000 0.983001
vn -0.118100 -0.000000 0.993002
vn -0.183600 -0.000000 0.983001
vn -0.118100 -0.000000 0.993002
vn -0.051698 -0.000000 0.998663
vn 0.015000 -0.000000 0.999887
vn -0.051698 -0.000000 0.998663
vn 0.015000 -0.000000 0.999887
vn -0.437387 0.000000 -0.899274
vn -0.093898 0.000000 -0.995582
vn -0.437507 0.000000 -0.899215
vn -0.093898 0.000000 -0.995582
vn -0.437387 0.000000 -0.899274
vn 0.287283 0.000000 -0.957846
vn 0.287283 0.000000 -0.957846
vn 0.626400 0.000000 -0.779501
vn 0.626400 0.000000 -0.779501
vn 0.860294 0.000000 -0.509797
vn 0.984515 0.000000 -0.175303
vn 0.860294 0.000000 -0.509797
vn 0.984515 0.000000 -0.175303
vn 0.978193 -0.000000 0.207699
vn 0.828293 -0.000000 0.560296
vn 0.978193 -0.000000 0.207699
vn 0.828293 -0.000000 0.560296
vn 0.578785 -0.000000 0.815480
vn 0.578785 -0.000000 0.815480
vn 0.578785 -0.000000 0.815480
vn -0.511875 0.000000 -0.859060
vn -0.399186 -0.000200 -0.916870
vn -0.474600 0.000100 -0.880201
vn -0.511802 0.000000 -0.859104
vn -0.511875 0.000000 -0.859060
vn -0.474523 0.000000 -0.880243
vn -0.474600 0.000000 -0.880201
vn -0.436099 -0.000100 -0.899899
vn -0.399186 0.000200 -0.916870
vn -0.276992 0.000000 -0.960872
vn -0.436099 0.000000 -0.899899
vn -0.436099 0.000100 -0.899899
vn -0.276992 0.000000 -0.960872
vn -0.213011 0.000000 -0.977050
vn -0.147802 0.000000 -0.989017
vn -0.213011 0.000000 -0.977050
vn -0.147802 0.000000 -0.989017
vn -0.081597 0.000000 -0.996665
vn -0.081597 0.000000 -0.996665
vn -0.015000 0.000000 -0.999887
vn -0.015000 0.000000 -0.999887
vn 0.511802 -0.000000 0.859104
vn 0.399102 -0.000000 0.916906
vn 0.474994 0.000100 0.879989
vn 0.511728 -0.000000 0.859148
vn 0.511802 -0.000000 0.859104
vn 0.474994 -0.000200 0.879989
vn 0.474994 -0.000000 0.879989
vn 0.437105 -0.000000 0.899411
vn 0.437105 0.000100 0.899411
vn 0.437105 -0.000100 0.899411
vn 0.276899 -0.000000 0.960899
vn 0.276899 -0.000000 0.960899
vn 0.399102 0.000100 0.916906
vn 0.212990 -0.000000 0.977054
vn 0.147802 -0.000000 0.989017
vn 0.212990 -0.000000 0.977054
vn 0.147802 -0.000000 0.989017
vn 0.081597 -0.000000 0.996665
vn 0.081597 -0.000000 0.996665
vn 0.015000 -0.000000 0.999887
vn 0.015000 -0.000000 0.999887
vn -0.999887 -0.000000 0.015000
vn -0.999425 0.000100 -0.033901
vn -0.996599 0.000000 -0.082400
vn -0.999889 -0.000000 0.014900
vn -0.999422 0.000000 -0.034001
vn -0.999425 -0.000200 -0.033901
vn -0.999887 -0.000100 0.015000
vn -0.996599 0.000000 -0.082400
vn -0.996533 0.000000 -0.083203
vn -0.983629 -0.000100 -0.180206
vn -0.983594 0.000000 -0.180399
vn -0.960636 0.000000 -0.277811
vn -0.996533 0.000000 -0.083203
vn -0.996533 0.000000 -0.083203
vn -0.960636 0.000000 -0.277811
vn -0.927993 0.000000 -0.372598
vn -0.886035 0.000000 -0.463619
vn -0.927993 0.000000 -0.372598
vn -0.886035 0.000000 -0.463619
vn -0.835419 0.000000 -0.549613
vn -0.777137 0.000000 -0.629331
vn -0.835419 0.000000 -0.549613
vn -0.777137 0.000000 -0.629331
vn -0.711989 0.000000 -0.702190
vn -0.711989 0.000000 -0.702190
vn -0.043498 0.000000 -0.999054
vn -0.104502 -0.000100 -0.994525
vn -0.227093 0.000100 -0.973873
vn -0.043498 0.000000 -0.999054
vn -0.104601 0.000000 -0.994514
vn -0.104404 0.000100 -0.994535
vn -0.043498 0.000000 -0.999054
vn -0.165599 0.000100 -0.986193
vn -0.227093 -0.000100 -0.973873
vn -0.317697 0.000000 -0.948192
vn -0.165599 0.000000 -0.986193
vn -0.317697 0.000000 -0.948192
vn -0.165599 -0.000100 -0.986193
vn -0.405823 0.000000 -0.913952
vn -0.405823 0.000000 -0.913952
vn -0.490280 0.000000 -0.871565
vn -0.490280 0.000000 -0.871565
vn -0.570202 0.000000 -0.821504
vn -0.570202 0.000000 -0.821504
vn -0.711940 0.000000 -0.702240
vn -0.711940 0.000000 -0.702240
vn -0.043298 0.000000 -0.999062
vn -0.043498 0.000000 -0.999054
vn 0.327306 0.000000 -0.944918
vn 0.675634 0.000000 -0.737238
vn 0.327306 0.000000 -0.944918
vn -0.043298 0.000000 -0.999062
vn 0.675634 0.000000 -0.737238
vn 0.912894 0.000000 -0.408198
vn 0.912894 0.000000 -0.408198
vn 0.999054 0.000000 -0.043498
vn 0.944918 -0.000000 0.327307
vn 0.999054 0.000000 -0.043498
vn 0.944918 -0.000000 0.327307
vn 0.737237 -0.000000 0.675635
vn 0.408197 -0.000000 0.912894
vn 0.737237 -0.000000 0.675635
vn 0.408197 -0.000000 0.912894
vn 0.043602 -0.000000 0.999049
vn 0.043602 -0.000000 0.999049
vn 0.043602 -0.000000 0.999049
vn 0.043498 -0.000000 0.999054
vn 0.227093 -0.000100 0.973873
vn 0.106798 0.000100 0.994281
vn 0.043498 -0.000000 0.999054
vn 0.106897 -0.000000 0.994270
vn 0.106798 -0.000100 0.994281
vn 0.043498 -0.000000 0.999054
vn 0.227093 0.000100 0.973873
vn 0.170298 -0.000000 0.985393
vn 0.405906 -0.000000 0.913915
vn 0.170298 -0.000100 0.985393
vn 0.570202 -0.000000 0.821504
vn 0.405906 -0.000000 0.913915
vn 0.570202 -0.000000 0.821504
vn 0.712039 -0.000000 0.702140
vn 0.831110 -0.000000 0.556108
vn 0.712039 -0.000000 0.702140
vn 0.831110 -0.000000 0.556108
vn 0.881704 -0.000000 0.471803
vn 0.881704 -0.000000 0.471803
vn 0.924047 -0.000000 0.382279
vn 0.957928 -0.000000 0.287009
vn 0.924047 -0.000000 0.382279
vn 0.957928 -0.000000 0.287009
vn 0.982152 -0.000200 0.188091
vn 0.993423 -0.000000 0.114503
vn 0.982152 0.000200 0.188091
vn 0.998759 -0.000000 0.049798
vn 0.993423 0.000100 0.114503
vn 0.993423 -0.000000 0.114503
vn 0.998759 0.000100 0.049798
vn 0.996217 -0.000100 0.086902
vn 0.999887 0.000000 -0.015000
vn 0.999889 0.000000 -0.014900
vn 0.999887 0.000000 -0.015000
vn 0.998759 -0.000000 0.049798
vn 0.996217 0.000200 0.086902
vn 0.170298 0.000100 0.985393
vn -0.999887 -0.000000 0.015000
vn -0.924168 -0.000000 0.381987
vn -0.999887 -0.000000 0.015000
vn -0.999887 -0.000000 0.015000
vn -0.924168 -0.000000 0.381987
vn -0.696478 -0.000000 0.717578
vn -0.696478 -0.000000 0.717578
vn -0.354102 -0.000000 0.935207
vn -0.354102 -0.000000 0.935207
vn 0.015000 -0.000000 0.999887
vn 0.381986 -0.000000 0.924168
vn 0.015000 -0.000000 0.999887
vn 0.381986 -0.000000 0.924168
vn 0.717627 -0.000000 0.696427
vn 0.717627 -0.000000 0.696427
vn 0.935206 -0.000000 0.354103
vn 0.999889 0.000000 -0.014900
vn 0.999889 0.000000 -0.014900
vn 0.935206 -0.000000 0.354103
vn 0.999889 0.000000 -0.014900
vn -0.999887 -0.000000 0.015000
vn -0.997963 0.000100 0.063798
vn -0.993686 -0.000500 0.112199
vn -0.999887 -0.000000 0.015000
vn -0.997950 -0.000000 0.063997
vn -0.997963 -0.000000 0.063798
vn -0.999887 -0.000000 0.015000
vn -0.993686 0.000500 0.112199
vn -0.993595 0.000200 0.113000
vn -0.977722 -0.000000 0.209905
vn -0.951902 -0.000000 0.306401
vn -0.993595 -0.000000 0.113000
vn -0.977660 -0.000100 0.210192
vn -0.951902 -0.000000 0.306401
vn -0.993595 -0.000300 0.113000
vn -0.916423 -0.000000 0.400211
vn -0.871784 -0.000000 0.489891
vn -0.916423 -0.000000 0.400211
vn -0.871784 -0.000000 0.489891
vn -0.818583 -0.000000 0.574389
vn -0.818583 -0.000000 0.574389
vn -0.757935 -0.000000 0.652331
vn -0.757935 -0.000000 0.652331
vn -0.690618 -0.000000 0.723220
vn -0.690618 -0.000000 0.723220
vn -0.013600 -0.000000 0.999908
vn -0.197808 0.000100 0.980241
vn -0.074700 -0.000100 0.997206
vn -0.013600 -0.000000 0.999908
vn -0.013600 -0.000000 0.999908
vn -0.074501 -0.000000 0.997221
vn -0.074601 0.000100 0.997213
vn -0.136001 0.000100 0.990709
vn -0.197808 -0.000100 0.980241
vn -0.136001 -0.000000 0.990709
vn -0.289191 -0.000000 0.957271
vn -0.289191 -0.000000 0.957271
vn -0.136001 -0.000100 0.990709
vn -0.378294 -0.000000 0.925686
vn -0.378294 -0.000000 0.925686
vn -0.464014 -0.000000 0.885828
vn -0.545318 -0.000000 0.838229
vn -0.464014 -0.000000 0.885828
vn -0.545318 -0.000000 0.838229
vn -0.690516 -0.000000 0.723317
vn -0.690516 -0.000000 0.723317
vn -0.013600 -0.000000 0.999908
vn -0.013500 -0.000000 0.999909
vn 0.355404 -0.000000 0.934713
vn 0.697391 -0.000000 0.716691
vn 0.355404 -0.000000 0.934713
vn 0.697391 -0.000000 0.716691
vn -0.013600 -0.000000 0.999908
vn 0.924699 -0.000000 0.380700
vn 0.999908 -0.000000 0.013600
vn 0.924699 -0.000000 0.380700
vn 0.999908 -0.000000 0.013600
vn 0.934712 0.000000 -0.355405
vn 0.716592 0.000000 -0.697493
vn 0.934712 0.000000 -0.355405
vn 0.716592 0.000000 -0.697493
vn 0.380699 0.000000 -0.924699
vn 0.013600 0.000000 -0.999908
vn 0.380699 0.000000 -0.924699
vn 0.013700 0.000000 -0.999906
vn 0.013600 0.000000 -0.999908
vn 0.013600 0.000000 -0.999908
vn 0.197808 -0.000100 -0.980241
vn 0.077002 0.000100 -0.997031
vn 0.013600 0.000000 -0.999908
vn 0.077102 0.000000 -0.997023
vn 0.077002 -0.000100 -0.997031
vn 0.013600 0.000000 -0.999908
vn 0.197808 0.000100 -0.980241
vn 0.140693 -0.000100 -0.990053
vn 0.140693 0.000000 -0.990053
vn 0.378294 0.000000 -0.925686
vn 0.378294 0.000000 -0.925686
vn 0.545202 0.000000 -0.838305
vn 0.690618 0.000000 -0.723220
vn 0.545202 0.000000 -0.838305
vn 0.690618 0.000000 -0.723220
vn 0.814111 0.000000 -0.580709
vn 0.814111 0.000000 -0.580709
vn 0.867182 0.000000 -0.497991
vn 0.912400 0.000000 -0.409300
vn 0.867182 0.000000 -0.497991
vn 0.912400 0.000000 -0.409300
vn 0.948923 0.000000 -0.315508
vn 0.948923 0.000000 -0.315508
vn 0.989548 0.000000 -0.144207
vn 0.976083 0.000100 -0.217397
vn 0.989550 0.000000 -0.144193
vn 0.993168 0.000200 -0.116696
vn 0.999887 0.000000 -0.015000
vn 0.996819 -0.000100 -0.079702
vn 0.996819 0.000000 -0.079702
vn 0.999887 0.000000 -0.015000
vn 0.996819 0.000100 -0.079702
vn 0.999887 0.000000 -0.015000
vn 0.993168 -0.000100 -0.116696
vn 0.989548 0.000000 -0.144207
vn 0.976083 0.000000 -0.217397
vn 0.140693 0.000100 -0.990053
vn -0.999889 -0.000000 0.014900
vn -0.935206 0.000000 -0.354103
vn -0.999889 -0.000000 0.014900
vn -0.999889 -0.000000 0.014900
vn -0.935206 0.000000 -0.354103
vn -0.717577 0.000000 -0.696479
vn -0.381986 0.000000 -0.924168
vn -0.717577 0.000000 -0.696479
vn -0.381986 0.000000 -0.924168
vn -0.015000 0.000000 -0.999887
vn 0.354102 0.000000 -0.935207
vn -0.015000 0.000000 -0.999887
vn 0.354102 0.000000 -0.935207
vn 0.696478 0.000000 -0.717578
vn 0.696478 0.000000 -0.717578
vn 0.924168 0.000000 -0.381987
vn 0.999887 0.000000 -0.015000
vn 0.924168 0.000000 -0.381987
vn 0.999887 0.000000 -0.015000
vn 0.999887 0.000000 -0.015000
vn -0.999887 -0.000000 0.015000
vn -0.999018 0.000000 -0.044301
vn -0.999887 -0.000000 0.015000
vn -0.999018 0.000000 -0.044301
vn -0.994639 0.000000 -0.103404
vn -0.994639 0.000000 -0.103404
vn -0.986807 0.000000 -0.161901
vn -0.975590 0.000000 -0.219598
vn -0.986807 0.000000 -0.161901
vn -0.975590 0.000000 -0.219598
vn -0.943732 0.000000 -0.330712
vn -0.943732 0.000000 -0.330712
vn -0.899840 0.000000 -0.436220
vn -0.899840 0.000000 -0.436220
vn -0.899840 0.000000 -0.436220
vn -0.899859 0.000000 -0.436181
vn -0.899859 0.000000 -0.436181
vn -0.997228 0.000000 -0.074402
vn -0.944742 -0.000000 0.327815
vn -0.997228 0.000000 -0.074402
vn -0.899859 0.000000 -0.436181
vn -0.944742 -0.000000 0.327815
vn -0.736805 -0.000000 0.676105
vn -0.436219 -0.000000 0.899841
vn -0.736805 -0.000000 0.676105
vn -0.436219 -0.000000 0.899841
vn -0.074402 -0.000000 0.997228
vn -0.074402 -0.000000 0.997228
vn 0.327814 -0.000000 0.944742
vn 0.676104 -0.000000 0.736806
vn 0.327814 -0.000000 0.944742
vn 0.676104 -0.000000 0.736806
vn 0.899801 -0.000000 0.436301
vn 0.899801 -0.000000 0.436301
vn 0.899801 -0.000000 0.436301
vn 0.899840 -0.000000 0.436220
vn 0.943565 0.000200 0.331188
vn 0.915902 0.000100 0.401401
vn 0.899859 -0.000000 0.436181
vn 0.899859 -0.000000 0.436181
vn 0.915939 -0.000000 0.401318
vn 0.915902 -0.000000 0.401401
vn 0.930728 -0.000000 0.365712
vn 0.943565 -0.000200 0.331188
vn 0.930728 -0.000000 0.365712
vn 0.975590 -0.000000 0.219598
vn 0.975590 -0.000000 0.219598
vn 0.986807 -0.000000 0.161901
vn 0.994639 -0.000000 0.103404
vn 0.986807 -0.000000 0.161901
vn 0.994639 -0.000000 0.103404
vn 0.999014 -0.000000 0.044401
vn 0.999014 -0.000000 0.044401
vn 0.999889 0.000000 -0.014900
vn 0.999889 0.000000 -0.014900
vn 0.930728 0.000100 0.365712
vn -0.999887 -0.000000 0.015000
vn -0.997243 -0.000000 0.074203
vn -0.999887 -0.000000 0.015000
vn -0.997243 -0.000000 0.074203
vn -0.991103 -0.000000 0.133101
vn -0.991103 -0.000000 0.133101
vn -0.981512 -0.000000 0.191403
vn -0.981512 -0.000000 0.191403
vn -0.968582 -0.000000 0.248696
vn -0.968582 -0.000000 0.248696
vn -0.933412 -0.000000 0.358805
vn -0.933412 -0.000000 0.358805
vn -0.886367 -0.000000 0.462983
vn -0.886367 -0.000000 0.462983
vn -0.886367 -0.000000 0.462983
vn -0.886408 -0.000000 0.462905
vn -0.886408 -0.000000 0.462905
vn -0.994557 -0.000000 0.104196
vn -0.954125 0.000000 -0.299408
vn -0.994557 -0.000000 0.104196
vn -0.886408 -0.000000 0.462905
vn -0.954125 0.000000 -0.299408
vn -0.756730 0.000000 -0.653727
vn -0.462982 0.000000 -0.886367
vn -0.756730 0.000000 -0.653727
vn -0.462982 0.000000 -0.886367
vn -0.104195 0.000000 -0.994557
vn -0.104195 0.000000 -0.994557
vn 0.299408 0.000000 -0.954125
vn 0.653726 0.000000 -0.756731
vn 0.299408 0.000000 -0.954125
vn 0.653726 0.000000 -0.756731
vn 0.886367 0.000000 -0.462983
vn 0.886305 0.000000 -0.463103
vn 0.886367 0.000000 -0.462983
vn 0.886367 0.000100 -0.462983
vn 0.933219 -0.000200 -0.359308
vn 0.903495 0.000200 -0.428598
vn 0.886367 0.000000 -0.462983
vn 0.886367 0.000000 -0.462983
vn 0.903495 0.000000 -0.428598
vn 0.903495 -0.000100 -0.428598
vn 0.933219 0.000100 -0.359308
vn 0.919372 -0.000300 -0.393389
vn 0.919372 0.000000 -0.393389
vn 0.919372 0.000200 -0.393389
vn 0.968582 0.000000 -0.248696
vn 0.968582 0.000000 -0.248696
vn 0.981512 0.000000 -0.191403
vn 0.991103 0.000000 -0.133101
vn 0.981512 0.000000 -0.191403
vn 0.991103 0.000000 -0.133101
vn 0.997243 0.000000 -0.074203
vn 0.997243 0.000000 -0.074203
vn 0.999887 0.000000 -0.015000
vn 0.999887 0.000000 -0.015000
vn 0.866644 0.000000 -0.498926
vn 0.921492 0.000000 -0.388397
vn 0.866644 0.000000 -0.498926
vn 0.921492 0.000000 -0.388397
vn 0.963000 0.000000 -0.269500
vn 0.963000 0.000000 -0.269500
vn 0.978299 0.000000 -0.207200
vn 0.978299 0.000000 -0.207200
vn 0.989592 0.000000 -0.143899
vn 0.989592 0.000000 -0.143899
vn 0.996819 0.000000 -0.079702
vn 0.999887 0.000000 -0.015000
vn 0.996819 0.000000 -0.079702
vn 0.999887 0.000000 -0.015000
vn -0.487000 -0.000000 0.873402
vn -0.346187 -0.000000 0.938166
vn -0.487000 -0.000000 0.873402
vn -0.346187 -0.000000 0.938166
vn -0.191094 -0.000000 0.981572
vn -0.191094 -0.000000 0.981572
vn -0.026399 -0.000000 0.999651
vn -0.026399 -0.000000 0.999651
vn 0.141295 -0.000000 0.989968
vn 0.141295 -0.000000 0.989968
vn 0.305196 -0.000000 0.952289
vn 0.458021 -0.000000 0.888941
vn 0.305196 -0.000000 0.952289
vn 0.458021 -0.000000 0.888941
vn 0.594899 -0.000000 0.803800
vn 0.711989 -0.000000 0.702190
vn 0.594899 -0.000000 0.803800
vn 0.711989 -0.000000 0.702190
vn 0.811898 -0.000000 0.583799
vn 0.811898 -0.000000 0.583799
vn 0.895086 -0.000000 0.445894
vn 0.895086 -0.000000 0.445894
vn 0.956389 -0.000000 0.292097
vn 0.956389 -0.000000 0.292097
vn 0.991813 -0.000000 0.127702
vn 0.991813 -0.000000 0.127702
vn 0.999196 0.000000 -0.040100
vn 0.978888 0.000000 -0.204398
vn 0.999196 0.000000 -0.040100
vn 0.978888 0.000000 -0.204398
vn 0.933333 0.000000 -0.359013
vn 0.866644 0.000000 -0.498926
vn 0.933333 0.000000 -0.359013
vn 0.866644 0.000000 -0.498926
vn -0.487000 -0.000000 0.873402
vn -0.372304 -0.000000 0.928111
vn -0.487000 -0.000000 0.873402
vn -0.372304 -0.000000 0.928111
vn -0.248695 -0.000000 0.968582
vn -0.184101 -0.000000 0.982907
vn -0.248695 -0.000000 0.968582
vn -0.184101 -0.000000 0.982907
vn -0.118494 -0.000000 0.992955
vn -0.051897 -0.000000 0.998652
vn -0.118494 -0.000000 0.992955
vn -0.051897 -0.000000 0.998652
vn 0.014900 -0.000000 0.999889
vn 0.014900 -0.000000 0.999889
vn -0.881218 0.000000 -0.472710
vn -0.932604 0.000000 -0.360902
vn -0.881218 0.000000 -0.472710
vn -0.932604 0.000000 -0.360902
vn -0.970646 0.000000 -0.240512
vn -0.970646 0.000000 -0.240512
vn -0.984068 0.000000 -0.177794
vn -0.993458 0.000000 -0.114195
vn -0.984068 0.000000 -0.177794
vn -0.993458 0.000000 -0.114195
vn -0.998759 0.000000 -0.049798
vn -0.999887 -0.000000 0.015000
vn -0.998759 0.000000 -0.049798
vn -0.999887 -0.000000 0.015000
vn 0.512921 -0.000000 0.858436
vn 0.374182 -0.000000 0.927355
vn 0.512921 -0.000000 0.858436
vn 0.374182 -0.000000 0.927355
vn 0.220307 -0.000000 0.975431
vn 0.220307 -0.000000 0.975431
vn 0.056400 -0.000000 0.998408
vn -0.111606 -0.000000 0.993753
vn 0.056400 -0.000000 0.998408
vn -0.111606 -0.000000 0.993753
vn -0.276384 -0.000000 0.961047
vn -0.431303 -0.000000 0.902207
vn -0.276384 -0.000000 0.961047
vn -0.431303 -0.000000 0.902207
vn -0.570613 -0.000000 0.821219
vn -0.690618 -0.000000 0.723220
vn -0.570613 -0.000000 0.821219
vn -0.690618 -0.000000 0.723220
vn -0.794008 -0.000000 0.607907
vn -0.881282 -0.000000 0.472591
vn -0.794008 -0.000000 0.607907
vn -0.881282 -0.000000 0.472591
vn -0.947213 -0.000000 0.320605
vn -0.987534 -0.000000 0.157406
vn -0.947213 -0.000000 0.320605
vn -0.987534 -0.000000 0.157406
vn -0.999948 0.000000 -0.010201
vn -0.984532 0.000000 -0.175206
vn -0.999948 0.000000 -0.010201
vn -0.984532 0.000000 -0.175206
vn -0.943627 0.000000 -0.331010
vn -0.881218 0.000000 -0.472710
vn -0.943627 0.000000 -0.331010
vn -0.881218 0.000000 -0.472710
vn 0.512921 -0.000000 0.858436
vn 0.512921 -0.000000 0.858436
vn 0.400089 -0.000000 0.916476
vn 0.400089 -0.000000 0.916476
vn 0.277599 -0.000000 0.960697
vn 0.277599 -0.000000 0.960697
vn 0.213509 -0.000000 0.976941
vn 0.148096 -0.000000 0.988973
vn 0.213509 -0.000000 0.976941
vn 0.148096 -0.000000 0.988973
vn 0.081804 -0.000000 0.996648
vn 0.015000 -0.000000 0.999887
vn 0.081804 -0.000000 0.996648
vn 0.015000 -0.000000 0.999887
vn -0.866669 -0.000000 0.498883
vn -0.921441 -0.000000 0.388518
vn -0.866669 -0.000000 0.498883
vn -0.921441 -0.000000 0.388518
vn -0.963026 -0.000000 0.269408
vn -0.978233 -0.000000 0.207507
vn -0.963026 -0.000000 0.269408
vn -0.978233 -0.000000 0.207507
vn -0.989592 -0.000000 0.143899
vn -0.996819 -0.000000 0.079702
vn -0.989592 -0.000000 0.143899
vn -0.996819 -0.000000 0.079702
vn -0.999887 -0.000000 0.015000
vn -0.999887 -0.000000 0.015000
vn 0.487000 0.000000 -0.873402
vn 0.346187 0.000000 -0.938166
vn 0.487000 0.000000 -0.873402
vn 0.346187 0.000000 -0.938166
vn 0.190998 0.000000 -0.981590
vn 0.026399 0.000000 -0.999651
vn 0.190998 0.000000 -0.981590
vn 0.026399 0.000000 -0.999651
vn -0.141295 0.000000 -0.989968
vn -0.305196 0.000000 -0.952289
vn -0.141295 0.000000 -0.989968
vn -0.305196 0.000000 -0.952289
vn -0.458179 0.000000 -0.888860
vn -0.458179 0.000000 -0.888860
vn -0.595012 0.000000 -0.803717
vn -0.595012 0.000000 -0.803717
vn -0.711989 0.000000 -0.702190
vn -0.711989 0.000000 -0.702190
vn -0.811898 0.000000 -0.583799
vn -0.895126 0.000000 -0.445813
vn -0.811898 0.000000 -0.583799
vn -0.895126 0.000000 -0.445813
vn -0.956361 0.000000 -0.292188
vn -0.991813 0.000000 -0.127702
vn -0.956361 0.000000 -0.292188
vn -0.991813 0.000000 -0.127702
vn -0.999196 -0.000000 0.040100
vn -0.999196 -0.000000 0.040100
vn -0.978824 -0.000000 0.204705
vn -0.978824 -0.000000 0.204705
vn -0.933345 -0.000000 0.358979
vn -0.866644 -0.000000 0.498926
vn -0.933345 -0.000000 0.358979
vn -0.866644 -0.000000 0.498926
vn 0.487000 0.000000 -0.873402
vn 0.372597 0.000000 -0.927993
vn 0.487000 0.000000 -0.873402
vn 0.372597 0.000000 -0.927993
vn 0.248789 0.000000 -0.968558
vn 0.184198 0.000000 -0.982889
vn 0.248789 0.000000 -0.968558
vn 0.184198 0.000000 -0.982889
vn 0.118494 0.000000 -0.992955
vn 0.051897 0.000000 -0.998652
vn 0.118494 0.000000 -0.992955
vn 0.051897 0.000000 -0.998652
vn -0.015000 0.000000 -0.999887
vn -0.015000 0.000000 -0.999887
vn 0.881218 -0.000000 0.472710
vn 0.932684 -0.000000 0.360694
vn 0.881218 -0.000000 0.472710
vn 0.932684 -0.000000 0.360694
vn 0.970646 -0.000000 0.240512
vn 0.970646 -0.000000 0.240512
vn 0.984068 -0.000000 0.177794
vn 0.993458 -0.000000 0.114195
vn 0.984068 -0.000000 0.177794
vn 0.993458 -0.000000 0.114195
vn 0.998759 -0.000000 0.049798
vn 0.998759 -0.000000 0.049798
vn 0.999887 0.000000 -0.015000
vn 0.999887 0.000000 -0.015000
vn -0.512921 0.000000 -0.858436
vn -0.374096 0.000000 -0.927390
vn -0.512921 0.000000 -0.858436
vn -0.374096 0.000000 -0.927390
vn -0.220402 0.000000 -0.975409
vn -0.220402 0.000000 -0.975409
vn -0.056002 0.000000 -0.998431
vn 0.111606 0.000000 -0.993753
vn -0.056002 0.000000 -0.998431
vn 0.111606 0.000000 -0.993753
vn 0.276384 0.000000 -0.961047
vn 0.431303 0.000000 -0.902207
vn 0.276384 0.000000 -0.961047
vn 0.431303 0.000000 -0.902207
vn 0.570613 0.000000 -0.821219
vn 0.690618 0.000000 -0.723220
vn 0.570613 0.000000 -0.821219
vn 0.690618 0.000000 -0.723220
vn 0.794093 0.000000 -0.607796
vn 0.881388 0.000000 -0.472394
vn 0.794093 0.000000 -0.607796
vn 0.881388 0.000000 -0.472394
vn 0.947213 0.000000 -0.320605
vn 0.987534 0.000000 -0.157406
vn 0.947213 0.000000 -0.320605
vn 0.987534 0.000000 -0.157406
vn 0.999948 -0.000000 0.010201
vn 0.984532 -0.000000 0.175206
vn 0.999948 -0.000000 0.010201
vn 0.984532 -0.000000 0.175206
vn 0.943627 -0.000000 0.331010
vn 0.881176 -0.000000 0.472788
vn 0.943627 -0.000000 0.331010
vn 0.881176 -0.000000 0.472788
vn -0.512921 0.000000 -0.858436
vn -0.512921 0.000000 -0.858436
vn -0.400089 0.000000 -0.916476
vn -0.400089 0.000000 -0.916476
vn -0.277599 0.000000 -0.960697
vn -0.277599 0.000000 -0.960697
vn -0.213509 0.000000 -0.976941
vn -0.148096 0.000000 -0.988973
vn -0.213509 0.000000 -0.976941
vn -0.148096 0.000000 -0.988973
vn -0.081804 0.000000 -0.996648
vn -0.015000 0.000000 -0.999887
vn -0.081804 0.000000 -0.996648
vn -0.015000 0.000000 -0.999887
vn -0.410281 -0.000000 0.911959
vn -0.410402 -0.000000 0.911905
vn -0.064103 -0.000000 0.997943
vn -0.064103 -0.000000 0.997943
vn 0.315897 -0.000000 0.948793
vn 0.315897 -0.000000 0.948793
vn 0.649481 -0.000000 0.760378
vn 0.649481 -0.000000 0.760378
vn 0.875118 -0.000000 0.483910
vn 0.875118 -0.000000 0.483910
vn 0.989314 -0.000000 0.145802
vn 0.989314 -0.000000 0.145802
vn 0.971509 0.000000 -0.237003
vn 0.971509 0.000000 -0.237003
vn 0.811103 0.000000 -0.584903
vn 0.811103 0.000000 -0.584903
vn 0.554123 0.000000 -0.832435
vn 0.554123 0.000000 -0.832435
vn 0.554123 0.000000 -0.832435
vn -0.410402 -0.000000 0.911905
vn -0.485906 -0.000000 0.874011
vn -0.371597 -0.000200 0.928394
vn -0.448093 -0.000000 0.893987
vn -0.485906 -0.000000 0.874011
vn -0.485906 -0.000000 0.874011
vn -0.447973 -0.000000 0.894047
vn -0.448093 -0.000100 0.893987
vn -0.371597 0.000200 0.928394
vn -0.409012 0.000100 0.912529
vn -0.409012 -0.000000 0.912529
vn -0.409012 -0.000000 0.912529
vn -0.248108 -0.000000 0.968732
vn -0.248108 -0.000000 0.968732
vn -0.183697 -0.000000 0.982983
vn -0.118100 -0.000000 0.993002
vn -0.183697 -0.000000 0.982983
vn -0.118100 -0.000000 0.993002
vn -0.051798 -0.000000 0.998658
vn 0.014900 -0.000000 0.999889
vn -0.051798 -0.000000 0.998658
vn 0.014900 -0.000000 0.999889
vn 0.485787 0.000000 -0.874077
vn 0.371511 -0.000100 -0.928429
vn 0.448493 0.000000 -0.893787
vn 0.485787 0.000000 -0.874077
vn 0.448493 0.000000 -0.893787
vn 0.485787 0.000000 -0.874077
vn 0.448413 0.000000 -0.893827
vn 0.409994 0.000000 -0.912088
vn 0.409994 0.000000 -0.912088
vn 0.409994 0.000000 -0.912088
vn 0.248108 0.000000 -0.968732
vn 0.248108 0.000000 -0.968732
vn 0.371511 0.000200 -0.928429
vn 0.183600 0.000000 -0.983001
vn 0.118100 0.000000 -0.993002
vn 0.183600 0.000000 -0.983001
vn 0.118100 0.000000 -0.993002
vn 0.051798 0.000000 -0.998658
vn -0.015000 0.000000 -0.999887
vn 0.051798 0.000000 -0.998658
vn -0.015000 0.000000 -0.999887
vn 0.437588 -0.000000 0.899176
vn 0.093898 -0.000000 0.995582
vn 0.437507 -0.000000 0.899215
vn 0.093898 -0.000000 0.995582
vn 0.437588 -0.000000 0.899176
vn -0.287311 -0.000000 0.957837
vn -0.287311 -0.000000 0.957837
vn -0.626400 -0.000000 0.779501
vn -0.626400 -0.000000 0.779501
vn -0.860294 -0.000000 0.509797
vn -0.984515 -0.000000 0.175303
vn -0.860294 -0.000000 0.509797
vn -0.984515 -0.000000 0.175303
vn -0.978193 0.000000 -0.207699
vn -0.828293 0.000000 -0.560296
vn -0.978193 0.000000 -0.207699
vn -0.828293 0.000000 -0.560296
vn -0.578785 0.000000 -0.815480
vn -0.578899 0.000000 -0.815399
vn -0.578899 0.000000 -0.815399
vn 0.511802 -0.000000 0.859104
vn 0.399186 -0.000200 0.916870
vn 0.474600 -0.000000 0.880201
vn 0.511802 -0.000000 0.859104
vn 0.474523 -0.000000 0.880243
vn 0.474600 -0.000000 0.880201
vn 0.511802 -0.000000 0.859104
vn 0.399186 0.000200 0.916870
vn 0.436099 -0.000000 0.899899
vn 0.276992 -0.000000 0.960872
vn 0.436099 -0.000000 0.899899
vn 0.276992 -0.000000 0.960872
vn 0.213011 -0.000000 0.977050
vn 0.213011 -0.000000 0.977050
vn 0.147802 -0.000000 0.989017
vn 0.081597 -0.000000 0.996665
vn 0.147802 -0.000000 0.989017
vn 0.081597 -0.000000 0.996665
vn 0.015000 -0.000000 0.999887
vn 0.015000 -0.000000 0.999887
vn 0.436099 -0.000000 0.899899
vn -0.511684 0.000000 -0.859174
vn -0.399102 -0.000100 -0.916906
vn -0.475071 0.000100 -0.879947
vn -0.511684 0.000000 -0.859174
vn -0.511684 0.000000 -0.859174
vn -0.475071 -0.000100 -0.879947
vn -0.474994 0.000000 -0.879989
vn -0.437105 0.000000 -0.899411
vn -0.437105 0.000100 -0.899411
vn -0.437105 -0.000100 -0.899411
vn -0.276992 0.000000 -0.960872
vn -0.276992 0.000000 -0.960872
vn -0.399102 0.000100 -0.916906
vn -0.212990 0.000000 -0.977054
vn -0.147802 0.000000 -0.989017
vn -0.212990 0.000000 -0.977054
vn -0.147802 0.000000 -0.989017
vn -0.081597 0.000000 -0.996665
vn -0.015000 0.000000 -0.999887
vn -0.081597 0.000000 -0.996665
vn -0.015000 0.000000 -0.999887
vn 0.999887 0.000000 -0.015000
vn 0.999422 -0.000100 0.034001
vn 0.996599 0.000300 0.082400
vn 0.999887 0.000000 -0.015000
vn 0.999422 -0.000000 0.034001
vn 0.999425 0.000100 0.033901
vn 0.999887 0.000000 -0.015000
vn 0.996599 -0.000200 0.082400
vn 0.996533 -0.000100 0.083203
vn 0.983594 -0.000000 0.180399
vn 0.960636 -0.000000 0.277811
vn 0.996533 -0.000000 0.083203
vn 0.983501 -0.000100 0.180900
vn 0.960636 -0.000000 0.277811
vn 0.996533 0.000100 0.083203
vn 0.927993 -0.000000 0.372598
vn 0.886035 -0.000000 0.463619
vn 0.927993 -0.000000 0.372598
vn 0.886035 -0.000000 0.463619
vn 0.835419 -0.000000 0.549613
vn 0.835419 -0.000000 0.549613
vn 0.777137 -0.000000 0.629331
vn 0.777137 -0.000000 0.629331
vn 0.711989 -0.000000 0.702190
vn 0.711989 -0.000000 0.702190
vn 0.043498 -0.000000 0.999054
vn 0.104502 -0.000100 0.994525
vn 0.227093 0.000100 0.973873
vn 0.043498 -0.000000 0.999054
vn 0.043498 -0.000000 0.999054
vn 0.104601 -0.000000 0.994514
vn 0.104502 0.000100 0.994525
vn 0.165599 0.000100 0.986193
vn 0.227093 -0.000100 0.973873
vn 0.165599 -0.000000 0.986193
vn 0.317697 -0.000000 0.948192
vn 0.317697 -0.000000 0.948192
vn 0.165599 -0.000100 0.986193
vn 0.405823 -0.000000 0.913952
vn 0.405823 -0.000000 0.913952
vn 0.490280 -0.000000 0.871565
vn 0.490280 -0.000000 0.871565
vn 0.570202 -0.000000 0.821504
vn 0.570202 -0.000000 0.821504
vn 0.711940 -0.000000 0.702240
vn 0.711940 -0.000000 0.702240
vn 0.043398 -0.000000 0.999058
vn 0.043398 -0.000000 0.999058
vn -0.327306 -0.000000 0.944918
vn -0.675634 -0.000000 0.737238
vn -0.327306 -0.000000 0.944918
vn -0.675634 -0.000000 0.737238
vn 0.043398 -0.000000 0.999058
vn -0.912856 -0.000000 0.408281
vn -0.912856 -0.000000 0.408281
vn -0.999049 -0.000000 0.043602
vn -0.999049 -0.000000 0.043602
vn -0.944918 0.000000 -0.327307
vn -0.944918 0.000000 -0.327307
vn -0.737187 0.000000 -0.675689
vn -0.737187 0.000000 -0.675689
vn -0.408197 0.000000 -0.912894
vn -0.043602 0.000000 -0.999049
vn -0.408197 0.000000 -0.912894
vn -0.043602 0.000000 -0.999049
vn -0.043602 0.000000 -0.999049
vn -0.043498 0.000000 -0.999054
vn -0.227093 -0.000100 -0.973873
vn -0.106798 0.000100 -0.994281
vn -0.043598 0.000000 -0.999049
vn -0.106600 0.000000 -0.994302
vn -0.106798 -0.000100 -0.994281
vn -0.043598 0.000000 -0.999049
vn -0.227093 0.000100 -0.973873
vn -0.170201 -0.000100 -0.985409
vn -0.170298 0.000000 -0.985393
vn -0.405906 0.000000 -0.913915
vn -0.405906 0.000000 -0.913915
vn -0.570088 0.000000 -0.821584
vn -0.712039 0.000000 -0.702140
vn -0.570088 0.000000 -0.821584
vn -0.712039 0.000000 -0.702140
vn -0.831110 0.000000 -0.556108
vn -0.831110 0.000000 -0.556108
vn -0.881429 0.000000 -0.472316
vn -0.924118 0.000000 -0.382108
vn -0.881429 0.000000 -0.472316
vn -0.924118 0.000000 -0.382108
vn -0.957928 0.000000 -0.287009
vn -0.957928 0.000000 -0.287009
vn -0.993423 0.000000 -0.114503
vn -0.982152 0.000100 -0.188091
vn -0.993423 0.000100 -0.114503
vn -0.996217 0.000100 -0.086902
vn -0.999887 -0.000000 0.015000
vn -0.998759 0.000000 -0.049798
vn -0.998759 0.000000 -0.049798
vn -0.999889 -0.000000 0.014900
vn -0.998759 0.000000 -0.049798
vn -0.999887 -0.000000 0.015000
vn -0.996217 -0.000100 -0.086902
vn -0.993423 -0.000100 -0.114503
vn -0.982152 -0.000100 -0.188091
vn -0.170201 0.000100 -0.985409
vn 0.999887 0.000000 -0.015000
vn 0.924168 0.000000 -0.381987
vn 0.999887 0.000000 -0.015000
vn 0.999887 0.000000 -0.015000
vn 0.924168 0.000000 -0.381987
vn 0.696426 0.000000 -0.717628
vn 0.354102 0.000000 -0.935207
vn 0.696426 0.000000 -0.717628
vn 0.354102 0.000000 -0.935207
vn -0.014900 0.000000 -0.999889
vn -0.014900 0.000000 -0.999889
vn -0.381986 0.000000 -0.924168
vn -0.381986 0.000000 -0.924168
vn -0.717627 0.000000 -0.696427
vn -0.717627 0.000000 -0.696427
vn -0.935206 0.000000 -0.354103
vn -0.999889 -0.000000 0.014900
vn -0.935206 0.000000 -0.354103
vn -0.999889 -0.000000 0.014900
vn -0.999889 -0.000000 0.014900
vn 0.999887 0.000000 -0.015000
vn 0.997243 0.000000 -0.074203
vn 0.999887 0.000000 -0.015000
vn 0.997243 0.000000 -0.074203
vn 0.991103 0.000000 -0.133101
vn 0.991103 0.000000 -0.133101
vn 0.981512 0.000000 -0.191403
vn 0.981512 0.000000 -0.191403
vn 0.968582 0.000000 -0.248696
vn 0.968582 0.000000 -0.248696
vn 0.933186 0.000000 -0.359395
vn 0.933412 0.000000 -0.358805
vn 0.886367 0.000000 -0.462983
vn 0.886367 0.000000 -0.462983
vn 0.886367 0.000000 -0.462983
vn 0.886408 0.000000 -0.462905
vn 0.886408 0.000000 -0.462905
vn 0.994557 0.000000 -0.104196
vn 0.954125 -0.000000 0.299408
vn 0.994557 0.000000 -0.104196
vn 0.886408 0.000000 -0.462905
vn 0.954125 -0.000000 0.299408
vn 0.756730 -0.000000 0.653727
vn 0.462982 -0.000000 0.886367
vn 0.756730 -0.000000 0.653727
vn 0.462982 -0.000000 0.886367
vn 0.104195 -0.000000 0.994557
vn 0.104195 -0.000000 0.994557
vn -0.299408 -0.000000 0.954125
vn -0.653726 -0.000000 0.756731
vn -0.299408 -0.000000 0.954125
vn -0.653726 -0.000000 0.756731
vn -0.886346 -0.000000 0.463024
vn -0.886346 -0.000000 0.463024
vn -0.886346 -0.000000 0.463024
vn -0.886367 -0.000000 0.462983
vn -0.933219 0.000100 0.359308
vn -0.903495 -0.000000 0.428598
vn -0.886367 -0.000000 0.462983
vn -0.886367 -0.000000 0.462983
vn -0.903495 -0.000000 0.428598
vn -0.903495 0.000100 0.428598
vn -0.919372 -0.000000 0.393389
vn -0.933219 -0.000100 0.359308
vn -0.919372 -0.000000 0.393389
vn -0.968582 -0.000000 0.248696
vn -0.968582 -0.000000 0.248696
vn -0.981512 -0.000000 0.191403
vn -0.991103 -0.000000 0.133101
vn -0.981512 -0.000000 0.191403
vn -0.991103 -0.000000 0.133101
vn -0.997243 -0.000000 0.074203
vn -0.997243 -0.000000 0.074203
vn -0.999887 -0.000000 0.015000
vn -0.999887 -0.000000 0.015000
vn -0.919372 -0.000100 0.393389
vn 0.999887 0.000000 -0.015000
vn 0.999018 -0.000000 0.044301
vn 0.999887 0.000000 -0.015000
vn 0.999018 -0.000000 0.044301
vn 0.994639 -0.000000 0.103404
vn 0.994639 -0.000000 0.103404
vn 0.986807 -0.000000 0.161901
vn 0.975590 -0.000000 0.219598
vn 0.986807 -0.000000 0.161901
vn 0.975590 -0.000000 0.219598
vn 0.943743 -0.000000 0.330680
vn 0.943627 -0.000000 0.331010
vn 0.899840 -0.000000 0.436220
vn 0.899840 -0.000000 0.436220
vn 0.899840 -0.000000 0.436220
vn 0.899859 -0.000000 0.436181
vn 0.899898 -0.000000 0.436100
vn 0.997228 -0.000000 0.074402
vn 0.944742 0.000000 -0.327815
vn 0.997236 -0.000000 0.074303
vn 0.899898 -0.000000 0.436100
vn 0.944742 0.000000 -0.327815
vn 0.736805 0.000000 -0.676105
vn 0.436219 0.000000 -0.899841
vn 0.736805 0.000000 -0.676105
vn 0.436219 0.000000 -0.899841
vn 0.074402 0.000000 -0.997228
vn 0.074402 0.000000 -0.997228
vn -0.327814 0.000000 -0.944742
vn -0.676104 0.000000 -0.736806
vn -0.327814 0.000000 -0.944742
vn -0.676104 0.000000 -0.736806
vn -0.899801 0.000000 -0.436301
vn -0.899801 0.000000 -0.436301
vn -0.899801 0.000000 -0.436301
vn -0.899840 0.000000 -0.436220
vn -0.943565 -0.000100 -0.331188
vn -0.915902 -0.000100 -0.401401
vn -0.899840 0.000000 -0.436220
vn -0.899840 0.000000 -0.436220
vn -0.915939 0.000000 -0.401318
vn -0.915902 0.000000 -0.401401
vn -0.943565 0.000100 -0.331188
vn -0.930728 0.000100 -0.365712
vn -0.930728 0.000000 -0.365712
vn -0.930728 -0.000100 -0.365712
vn -0.975590 0.000000 -0.219598
vn -0.975590 0.000000 -0.219598
vn -0.986807 0.000000 -0.161901
vn -0.994639 0.000000 -0.103404
vn -0.986807 0.000000 -0.161901
vn -0.994639 0.000000 -0.103404
vn -0.999014 0.000000 -0.044401
vn -0.999014 0.000000 -0.044401
vn -0.999887 -0.000000 0.015000
vn -0.999887 -0.000000 0.015000
vn -0.866644 -0.000000 0.498926
vn -0.905251 -0.000000 0.424877
vn -0.905479 -0.000000 0.424391
vn -0.866644 -0.000000 0.498926
vn -0.905479 -0.000000 0.424391
vn -0.938165 -0.000000 0.346188
vn -0.938165 -0.000000 0.346188
vn -0.982831 -0.000000 0.184506
vn -0.982849 -0.000000 0.184410
vn -0.994978 -0.000000 0.100098
vn -0.999887 -0.000000 0.015000
vn -0.994978 -0.000000 0.100098
vn -0.994978 -0.000000 0.100098
vn -0.999887 -0.000000 0.015000
vn -0.982831 -0.000000 0.184506
vn -0.938165 -0.000000 0.346188
vn 0.159094 0.000000 -0.987263
vn 0.159094 0.000000 -0.987263
vn 0.072398 0.000000 -0.997376
vn 0.330591 0.000000 -0.943774
vn 0.330502 0.000000 -0.943805
vn 0.410975 0.000000 -0.911646
vn 0.410688 0.000000 -0.911776
vn 0.487000 0.000000 -0.873402
vn 0.487000 0.000000 -0.873402
vn 0.410975 0.000000 -0.911646
vn 0.330591 0.000000 -0.943774
vn 0.159094 0.000000 -0.987263
vn 0.072398 0.000000 -0.997376
vn -0.015000 0.000000 -0.999887
vn 0.072398 0.000000 -0.997376
vn -0.015000 0.000000 -0.999887
vn 0.881176 -0.000000 0.472788
vn 0.917779 -0.000000 0.397091
vn 0.917779 -0.000000 0.397091
vn 0.881176 -0.000000 0.472788
vn 0.917779 -0.000000 0.397091
vn 0.948092 -0.000000 0.317998
vn 0.948092 -0.000000 0.317998
vn 0.987929 -0.000000 0.154905
vn 0.987929 -0.000000 0.154905
vn 0.997526 -0.000000 0.070302
vn 0.999887 0.000000 -0.015000
vn 0.997526 -0.000000 0.070302
vn 0.997526 -0.000000 0.070302
vn 0.999887 0.000000 -0.015000
vn 0.987929 -0.000000 0.154905
vn 0.948092 -0.000000 0.317998
vn -0.188591 0.000000 -0.982056
vn -0.188591 0.000000 -0.982056
vn -0.102295 0.000000 -0.994754
vn -0.358684 0.000000 -0.933459
vn -0.358597 0.000000 -0.933493
vn -0.437789 0.000000 -0.899078
vn -0.438110 0.000000 -0.898921
vn -0.512921 0.000000 -0.858436
vn -0.512921 0.000000 -0.858436
vn -0.437789 0.000000 -0.899078
vn -0.358684 0.000000 -0.933459
vn -0.188591 0.000000 -0.982056
vn -0.102295 0.000000 -0.994754
vn -0.102295 0.000000 -0.994754
vn -0.015000 0.000000 -0.999887
vn -0.015000 0.000000 -0.999887
vn 0.866644 0.000000 -0.498926
vn 0.905479 0.000000 -0.424391
vn 0.905479 0.000000 -0.424391
vn 0.866644 0.000000 -0.498926
vn 0.905479 0.000000 -0.424391
vn 0.938165 0.000000 -0.346188
vn 0.938165 0.000000 -0.346188
vn 0.982849 0.000000 -0.184410
vn 0.982849 0.000000 -0.184410
vn 0.994978 0.000000 -0.100098
vn 0.999887 0.000000 -0.015000
vn 0.994978 0.000000 -0.100098
vn 0.994978 0.000000 -0.100098
vn 0.999887 0.000000 -0.015000
vn 0.982849 0.000000 -0.184410
vn 0.938165 0.000000 -0.346188
vn -0.159094 -0.000000 0.987263
vn -0.159094 -0.000000 0.987263
vn -0.072398 -0.000000 0.997376
vn -0.330591 -0.000000 0.943774
vn -0.330502 -0.000000 0.943805
vn -0.410688 -0.000000 0.911776
vn -0.410688 -0.000000 0.911776
vn -0.487000 -0.000000 0.873402
vn -0.487000 -0.000000 0.873402
vn -0.410688 -0.000000 0.911776
vn -0.330591 -0.000000 0.943774
vn -0.159094 -0.000000 0.987263
vn -0.072398 -0.000000 0.997376
vn 0.015000 -0.000000 0.999887
vn -0.072398 -0.000000 0.997376
vn 0.015000 -0.000000 0.999887
vn -0.881176 0.000000 -0.472788
vn -0.917602 0.000000 -0.397501
vn -0.917779 0.000000 -0.397091
vn -0.881176 0.000000 -0.472788
vn -0.917779 0.000000 -0.397091
vn -0.948092 0.000000 -0.317998
vn -0.948092 0.000000 -0.317998
vn -0.987929 0.000000 -0.154905
vn -0.987929 0.000000 -0.154905
vn -0.997526 0.000000 -0.070302
vn -0.999889 -0.000000 0.014900
vn -0.997526 0.000000 -0.070302
vn -0.997526 0.000000 -0.070302
vn -0.999889 -0.000000 0.014900
vn -0.987929 0.000000 -0.154905
vn -0.948092 0.000000 -0.317998
vn 0.188591 -0.000000 0.982056
vn 0.188591 -0.000000 0.982056
vn 0.102295 -0.000000 0.994754
vn 0.358684 -0.000000 0.933459
vn 0.358684 -0.000000 0.933459
vn 0.437789 -0.000000 0.899078
vn 0.437789 -0.000000 0.899078
vn 0.512921 -0.000000 0.858436
vn 0.512921 -0.000000 0.858436
vn 0.437789 -0.000000 0.899078
vn 0.358684 -0.000000 0.933459
vn 0.188591 -0.000000 0.982056
vn 0.102295 -0.000000 0.994754
vn 0.102295 -0.000000 0.994754
vn 0.015000 -0.000000 0.999887
vn 0.015000 -0.000000 0.999887
vn 0.978550 -0.000000 0.206011
vn 0.978550 -0.000000 0.206011
vn 0.978550 -0.000000 0.206011
vn 0.978550 -0.000000 0.206011
vn -0.206010 -0.000000 0.978550
vn -0.206010 -0.000000 0.978550
vn -0.206010 -0.000000 0.978550
vn -0.206010 -0.000000 0.978550
vn -0.487000 -0.000000 0.873402
vn -0.362113 -0.000000 0.932134
vn -0.487000 -0.000000 0.873402
vn -0.362113 -0.000000 0.932134
vn -0.229407 -0.000000 0.973331
vn -0.229407 -0.000000 0.973331
vn -0.978554 0.000000 -0.205991
vn -0.978554 0.000000 -0.205991
vn -0.978554 0.000000 -0.205991
vn -0.978554 0.000000 -0.205991
vn 0.262906 -0.000000 0.964822
vn 0.262906 -0.000000 0.964822
vn 0.262906 -0.000000 0.964822
vn 0.262906 -0.000000 0.964822
vn 0.964821 0.000000 -0.262906
vn 0.964821 0.000000 -0.262906
vn 0.964821 0.000000 -0.262906
vn 0.964821 0.000000 -0.262906
vn -0.186009 -0.000000 0.982548
vn -0.076299 -0.000000 0.997085
vn -0.076299 -0.000000 0.997085
vn -0.186009 -0.000000 0.982548
vn -0.076299 -0.000000 0.997085
vn 0.035000 -0.000000 0.999387
vn 0.035000 -0.000000 0.999387
vn 0.259604 -0.000000 0.965715
vn 0.259604 -0.000000 0.965715
vn 0.470500 -0.000000 0.882400
vn 0.470500 -0.000000 0.882400
vn 0.650503 -0.000000 0.759504
vn 0.650503 -0.000000 0.759504
vn 0.798196 -0.000000 0.602398
vn 0.798196 -0.000000 0.602398
vn 0.911813 -0.000000 0.410606
vn 0.911813 -0.000000 0.410606
vn 0.980038 -0.000000 0.198808
vn 0.980163 -0.000000 0.198193
vn 0.999695 0.000000 -0.024700
vn 0.999695 0.000000 -0.024700
vn 0.999695 0.000000 -0.024700
vn 0.990778 0.000000 -0.135497
vn 0.969978 0.000000 -0.243195
vn 0.990751 0.000000 -0.135693
vn 0.990751 0.000000 -0.135693
vn 0.969978 0.000000 -0.243195
vn 0.035000 -0.000000 0.999387
vn 0.958227 0.000000 -0.286008
vn 0.917993 0.000000 -0.396597
vn 0.958227 0.000000 -0.286008
vn 0.917993 0.000000 -0.396597
vn 0.866644 0.000000 -0.498926
vn 0.866644 0.000000 -0.498926
vn -0.262906 0.000000 -0.964822
vn -0.262906 0.000000 -0.964822
vn -0.262906 0.000000 -0.964822
vn -0.262906 0.000000 -0.964822
vn -0.233891 -0.000000 0.972263
vn -0.233891 -0.000000 0.972263
vn -0.233891 -0.000000 0.972263
vn -0.233891 -0.000000 0.972263
vn 0.881176 -0.000000 0.472788
vn 0.881176 -0.000000 0.472788
vn 0.929391 -0.000000 0.369097
vn 0.929391 -0.000000 0.369097
vn 0.966386 -0.000000 0.257097
vn 0.966386 -0.000000 0.257097
vn 0.233891 0.000000 -0.972263
vn 0.233891 0.000000 -0.972263
vn 0.233891 0.000000 -0.972263
vn 0.233891 0.000000 -0.972263
vn 0.972263 -0.000000 0.233891
vn 0.972263 -0.000000 0.233891
vn 0.972263 -0.000000 0.233891
vn 0.972263 -0.000000 0.233891
vn -0.971944 -0.000000 0.235211
vn -0.971944 -0.000000 0.235211
vn -0.971944 -0.000000 0.235211
vn -0.971944 -0.000000 0.235211
vn -0.215405 0.000000 -0.976525
vn -0.106194 0.000000 -0.994345
vn -0.106194 0.000000 -0.994345
vn -0.215405 0.000000 -0.976525
vn -0.106194 0.000000 -0.994345
vn 0.005100 0.000000 -0.999987
vn 0.005100 0.000000 -0.999987
vn 0.230611 0.000000 -0.973046
vn 0.230611 0.000000 -0.973046
vn 0.444010 0.000000 -0.896022
vn 0.444010 0.000000 -0.896022
vn 0.627678 0.000000 -0.778473
vn 0.627678 0.000000 -0.778473
vn 0.779814 0.000000 -0.626012
vn 0.779814 0.000000 -0.626012
vn 0.899273 0.000000 -0.437388
vn 0.899273 0.000000 -0.437388
vn 0.973779 0.000000 -0.227495
vn 0.973779 0.000000 -0.227495
vn 0.999986 0.000000 -0.005200
vn 0.999986 0.000000 -0.005200
vn 0.994419 -0.000000 0.105502
vn 0.976832 -0.000000 0.214007
vn 0.994419 -0.000000 0.105502
vn 0.976832 -0.000000 0.214007
vn 0.994419 -0.000000 0.105502
vn 0.999986 0.000000 -0.005200
vn 0.005100 0.000000 -0.999987
vn -0.512877 0.000000 -0.858462
vn -0.390295 0.000000 -0.920690
vn -0.390295 0.000000 -0.920690
vn -0.512877 0.000000 -0.858462
vn -0.390295 0.000000 -0.920690
vn -0.325691 0.000000 -0.945476
vn -0.258503 0.000000 -0.966011
vn -0.325392 0.000000 -0.945579
vn -0.258503 0.000000 -0.966011
vn -0.325691 0.000000 -0.945476
vn -0.258503 0.000000 -0.966011
vn 0.971944 0.000000 -0.235211
vn 0.971944 0.000000 -0.235211
vn 0.971944 0.000000 -0.235211
vn 0.971944 0.000000 -0.235211
vn 0.971944 0.000000 -0.235211
vn -0.235210 0.000000 -0.971944
vn -0.235210 0.000000 -0.971944
vn -0.235210 0.000000 -0.971944
vn -0.235210 0.000000 -0.971944
vn -0.978550 0.000000 -0.206011
vn -0.978550 0.000000 -0.206011
vn -0.978550 0.000000 -0.206011
vn -0.978550 0.000000 -0.206011
vn -0.978550 0.000000 -0.206011
vn 0.206010 0.000000 -0.978550
vn 0.206010 0.000000 -0.978550
vn 0.206010 0.000000 -0.978550
vn 0.206010 0.000000 -0.978550
vn 0.487000 0.000000 -0.873402
vn 0.362494 0.000000 -0.931986
vn 0.362494 0.000000 -0.931986
vn 0.487000 0.000000 -0.873402
vn 0.362494 0.000000 -0.931986
vn 0.296993 0.000000 -0.954880
vn 0.296993 0.000000 -0.954880
vn 0.229407 0.000000 -0.973331
vn 0.229407 0.000000 -0.973331
vn 0.229407 0.000000 -0.973331
vn 0.296993 0.000000 -0.954880
vn 0.978554 -0.000000 0.205991
vn 0.978554 -0.000000 0.205991
vn 0.978554 -0.000000 0.205991
vn 0.978554 -0.000000 0.205991
vn 0.978554 -0.000000 0.205991
vn -0.262906 0.000000 -0.964822
vn -0.262906 0.000000 -0.964822
vn -0.262906 0.000000 -0.964822
vn -0.262906 0.000000 -0.964822
vn -0.964821 -0.000000 0.262906
vn -0.964821 -0.000000 0.262906
vn -0.964821 -0.000000 0.262906
vn -0.964821 -0.000000 0.262906
vn 0.186009 0.000000 -0.982548
vn 0.131698 0.000000 -0.991290
vn 0.131698 0.000000 -0.991290
vn 0.186009 0.000000 -0.982548
vn 0.131698 0.000000 -0.991290
vn 0.186009 0.000000 -0.982548
vn 0.131698 0.000000 -0.991290
vn 0.131698 0.000000 -0.991290
vn 0.076696 0.000000 -0.997054
vn 0.076696 0.000000 -0.997054
vn -0.035000 0.000000 -0.999387
vn 0.076696 0.000000 -0.997054
vn -0.035000 0.000000 -0.999387
vn -0.035000 0.000000 -0.999387
vn -0.259604 0.000000 -0.965715
vn -0.259604 0.000000 -0.965715
vn 0.076696 0.000000 -0.997054
vn 0.076696 0.000000 -0.997054
vn -0.470500 0.000000 -0.882400
vn -0.470500 0.000000 -0.882400
vn -0.650717 0.000000 -0.759321
vn -0.650717 0.000000 -0.759321
vn -0.798196 0.000000 -0.602398
vn -0.798196 0.000000 -0.602398
vn -0.911813 0.000000 -0.410606
vn -0.911813 0.000000 -0.410606
vn -0.980163 0.000000 -0.198193
vn -0.980038 0.000000 -0.198808
vn -0.999695 -0.000000 0.024700
vn -0.999695 -0.000000 0.024700
vn -0.990778 -0.000000 0.135497
vn -0.969978 -0.000000 0.243195
vn -0.990778 -0.000000 0.135497
vn -0.990778 -0.000000 0.135497
vn -0.969978 -0.000000 0.243195
vn -0.999695 -0.000000 0.024700
vn -0.958254 -0.000000 0.285917
vn -0.917868 -0.000000 0.396887
vn -0.958254 -0.000000 0.285917
vn -0.917868 -0.000000 0.396887
vn -0.866644 -0.000000 0.498926
vn -0.866644 -0.000000 0.498926
vn 0.262906 -0.000000 0.964822
vn 0.262906 -0.000000 0.964822
vn 0.262906 -0.000000 0.964822
vn 0.262906 -0.000000 0.964822
vn 0.233891 0.000000 -0.972263
vn 0.233891 0.000000 -0.972263
vn 0.233891 0.000000 -0.972263
vn 0.233891 0.000000 -0.972263
vn -0.881176 0.000000 -0.472788
vn -0.881176 0.000000 -0.472788
vn -0.929473 0.000000 -0.368890
vn -0.966386 0.000000 -0.257097
vn -0.929473 0.000000 -0.368890
vn -0.966386 0.000000 -0.257097
vn -0.233891 -0.000000 0.972263
vn -0.233891 -0.000000 0.972263
vn -0.233891 -0.000000 0.972263
vn -0.233891 -0.000000 0.972263
vn -0.972263 0.000000 -0.233891
vn -0.972263 0.000000 -0.233891
vn -0.972263 0.000000 -0.233891
vn -0.972263 0.000000 -0.233891
vn 0.971944 0.000000 -0.235211
vn 0.971944 0.000000 -0.235211
vn 0.971944 0.000000 -0.235211
vn 0.971944 0.000000 -0.235211
vn 0.215405 -0.000000 0.976525
vn 0.106194 -0.000000 0.994345
vn 0.106194 -0.000000 0.994345
vn 0.215405 -0.000000 0.976525
vn 0.106194 -0.000000 0.994345
vn -0.005100 -0.000000 0.999987
vn -0.005100 -0.000000 0.999987
vn -0.230611 -0.000000 0.973046
vn -0.230611 -0.000000 0.973046
vn -0.443890 -0.000000 0.896081
vn -0.443890 -0.000000 0.896081
vn -0.627678 -0.000000 0.778473
vn -0.627678 -0.000000 0.778473
vn -0.779814 -0.000000 0.626012
vn -0.779814 -0.000000 0.626012
vn -0.899117 -0.000000 0.437709
vn -0.899117 -0.000000 0.437709
vn -0.973779 -0.000000 0.227495
vn -0.973779 -0.000000 0.227495
vn -0.999986 -0.000000 0.005200
vn -0.999986 -0.000000 0.005200
vn -0.994419 0.000000 -0.105502
vn -0.976832 0.000000 -0.214007
vn -0.994419 0.000000 -0.105502
vn -0.994419 0.000000 -0.105502
vn -0.976832 0.000000 -0.214007
vn -0.999986 -0.000000 0.005200
vn -0.005100 -0.000000 0.999987
vn 0.512877 -0.000000 0.858462
vn 0.390295 -0.000000 0.920690
vn 0.390295 -0.000000 0.920690
vn 0.512877 -0.000000 0.858462
vn 0.390295 -0.000000 0.920690
vn 0.325901 -0.000000 0.945404
vn 0.325691 -0.000000 0.945476
vn 0.258503 -0.000000 0.966011
vn 0.258503 -0.000000 0.966011
vn 0.258503 -0.000000 0.966011
vn 0.325901 -0.000000 0.945404
vn -0.971944 -0.000000 0.235211
vn -0.971944 -0.000000 0.235211
vn -0.971944 -0.000000 0.235211
vn -0.971944 -0.000000 0.235211
vn -0.971944 -0.000000 0.235211
vn 0.235210 -0.000000 0.971944
vn 0.235210 -0.000000 0.971944
vn 0.235210 -0.000000 0.971944
vn 0.235210 -0.000000 0.971944
vn 0.000000 -1.000000 -0.000000
vn 0.000000 -1.000000 -0.000000
vn 0.000000 -1.000000 -0.000000
vn 0.000000 -1.000000 -0.000000
vn 0.000000 -1.000000 -0.000000
vn 0.000000 -1.000000 -0.000000
vn 0.000000 -1.000000 -0.000000
vn 0.000000 -1.000000 -0.000000
vn 0.000000 -1.000000 -0.000000
vn 0.000000 -1.000000 -0.000000
vn 0.000000 -1.000000 -0.000000
vn 0.000000 -1.000000 -0.000000
vn 0.000000 -1.000000 -0.000000
vn 0.000000 -1.000000 -0.000000
vn 0.000000 -1.000000 -0.000000
vn 0.000000 -1.000000 -0.000000
vn 0.000000 -1.000000 -0.000000
vn 0.000000 -1.000000 -0.000000
vn 0.000000 -1.000000 -0.000000
vn 0.000000 -1.000000 -0.000000
vn 0.000000 -1.000000 -0.000000
vn 0.000000 -1.000000 -0.000000
vn 0.000000 -1.000000 -0.000000
vn 0.000000 -1.000000 -0.000000
vn 0.000000 -1.000000 -0.000000
vn 0.000000 -1.000000 -0.000000
vn 0.000000 -1.000000 -0.000000
vn 0.000000 -1.000000 -0.000000
vn 0.000000 -1.000000 -0.000000
vn 0.000000 -1.000000 -0.000000
vn 0.000000 -1.000000 -0.000000
vn 0.000000 -1.000000 -0.000000
vn 0.000000 -1.000000 -0.000000
vn 0.000000 -1.000000 -0.000000
vn 0.000000 -1.000000 -0.000000
vn 0.000000 -1.000000 -0.000000
vn 0.000000 -1.000000 -0.000000
vn 0.000000 -1.000000 -0.000000
vn 0.000000 -1.000000 -0.000000
vn 0.000000 -1.000000 -0.000000
vn 0.000000 -1.000000 -0.000000
vn 0.000000 -1.000000 -0.000000
vn 0.000000 -1.000000 -0.000000
vn 0.000000 -1.000000 -0.000000
vn 0.000000 -1.000000 -0.000000
vn 0.000000 -1.000000 -0.000000
vn 0.000000 -1.000000 -0.000000
vn 0.000000 -1.000000 -0.000000
vn 0.000000 -1.000000 -0.000000
vn 0.000000 -1.000000 -0.000000
vn 0.000000 -1.000000 -0.000000
vn 0.000000 -1.000000 -0.000000
vn 0.000000 -1.000000 -0.000000
vn 0.000000 -1.000000 -0.000000
vn 0.000000 -1.000000 -0.000000
vn 0.000000 -1.000000 -0.000000
vn 0.000000 -1.000000 -0.000000
vn 0.000000 -1.000000 -0.000000
vn 0.000000 -1.000000 -0.000000
vn 0.000000 -1.000000 -0.000000
vn 0.000000 -1.000000 -0.000000
vn 0.000000 -1.000000 -0.000000
vn 0.000000 -1.000000 -0.000000
vn 0.000000 -1.000000 -0.000000
vn 0.000000 -1.000000 -0.000000
vn 0.000000 -1.000000 -0.000000
vn 0.000000 -1.000000 -0.000000
vn 0.000000 -1.000000 -0.000000
vn 0.000000 -1.000000 -0.000000
vn 0.000000 -1.000000 -0.000000
vn 0.000000 -1.000000 -0.000000
vn 0.000000 -1.000000 -0.000000
vn 0.000000 1.000000 0.000000
vn 0.000000 1.000000 0.000000
vn 0.000000 1.000000 0.000000
vn 0.000000 1.000000 0.000000
vn 0.000000 1.000000 0.000000
vn 0.000000 1.000000 0.000000
vn 0.000000 1.000000 0.000000
vn 0.000000 1.000000 0.000000
vn 0.000000 1.000000 0.000000
vn 0.000000 1.000000 0.000000
vn 0.000000 1.000000 0.000000
vn 0.000000 1.000000 0.000000
vn 0.000000 1.000000 0.000000
vn 0.000000 1.000000 0.000000
vn 0.000000 1.000000 0.000000
vn 0.000000 1.000000 0.000000
vn 0.000000 1.000000 0.000000
vn 0.000000 1.000000 0.000000
vn 0.000000 1.000000 0.000000
vn 0.000000 1.000000 0.000000
vn 0.000000 1.000000 0.000000
vn 0.000000 1.000000 0.000000
vn 0.000000 1.000000 0.000000
vn 0.000000 1.000000 0.000000
vn 0.000000 1.000000 0.000000
vn 0.000000 1.000000 0.000000
vn 0.000000 1.000000 0.000000
vn 0.000000 1.000000 0.000000
vn 0.000000 1.000000 0.000000
vn 0.000000 1.000000 0.000000
vn 0.000000 1.000000 0.000000
vn 0.000000 1.000000 0.000000
vn 0.000000 1.000000 0.000000
vn 0.000000 1.000000 0.000000
vn 0.000000 1.000000 0.000000
vn 0.000000 1.000000 0.000000
vn 0.000000 1.000000 0.000000
vn 0.000000 1.000000 0.000000
vn 0.000000 1.000000 0.000000
vn 0.000000 1.000000 0.000000
vn 0.000000 1.000000 0.000000
vn 0.000000 1.000000 0.000000
vn 0.000000 1.000000 0.000000
vn 0.000000 1.000000 0.000000
vn 0.000000 1.000000 0.000000
vn 0.000000 1.000000 0.000000
vn 0.000000 1.000000 0.000000
vn 0.000000 1.000000 0.000000
vn 0.000000 1.000000 0.000000
vn 0.000000 1.000000 0.000000
vn 0.000000 1.000000 0.000000
vn 0.000000 1.000000 0.000000
vn 0.000000 1.000000 0.000000
vn 0.000000 1.000000 0.000000
vn 0.000000 1.000000 0.000000
vn 0.000000 1.000000 0.000000
vn 0.000000 1.000000 0.000000
vn 0.000000 1.000000 0.000000
vn 0.000000 1.000000 0.000000
vn 0.000000 1.000000 0.000000
vn 0.000000 1.000000 0.000000
vn 0.000000 1.000000 0.000000
vn 0.000000 1.000000 0.000000
vn 0.000000 1.000000 0.000000
vn 0.000000 1.000000 0.000000
vn 0.000000 1.000000 0.000000
vn 0.000000 1.000000 0.000000
vn 0.000000 1.000000 0.000000
vn 0.000000 1.000000 0.000000
vn 0.000000 1.000000 0.000000
vn 0.000000 1.000000 0.000000
vn 0.000000 1.000000 0.000000
vn 0.000000 -1.000000 -0.000000
vn 0.000000 -1.000000 -0.000000
vn 0.000000 -1.000000 -0.000000
vn 0.000000 -1.000000 -0.000000
vn 0.000000 -1.000000 -0.000000
vn 0.000000 -1.000000 -0.000000
vn 0.000000 -1.000000 -0.000000
vn 0.000000 -1.000000 -0.000000
vn 0.000000 -1.000000 -0.000000
vn 0.000000 -1.000000 -0.000000
vn 0.000000 -1.000000 -0.000000
vn 0.000000 -1.000000 -0.000000
vn 0.000000 -1.000000 -0.000000
vn 0.000000 -1.000000 -0.000000
vn 0.000000 -1.000000 -0.000000
vn 0.000000 -1.000000 -0.000000
vn 0.000000 -1.000000 -0.000000
vn 0.000000 -1.000000 -0.000000
vn 0.000000 -1.000000 -0.000000
vn 0.000000 -1.000000 -0.000000
vn 0.000000 -1.000000 -0.000000
vn 0.000000 -1.000000 -0.000000
vn 0.000000 -1.000000 -0.000000
vn 0.000000 -1.000000 -0.000000
vn 0.000000 -1.000000 -0.000000
vn 0.000000 -1.000000 -0.000000
vn 0.000000 -1.000000 -0.000000
vn 0.000000 -1.000000 -0.000000
vn 0.000000 -1.000000 -0.000000
vn 0.000000 -1.000000 -0.000000
vn 0.000000 -1.000000 -0.000000
vn 0.000000 -1.000000 -0.000000
vn 0.000000 -1.000000 -0.000000
vn 0.000000 -1.000000 -0.000000
vn 0.000000 -1.000000 -0.000000
vn 0.000000 -1.000000 -0.000000
vn 0.000000 -1.000000 -0.000000
vn 0.000000 -1.000000 -0.000000
vn 0.000000 -1.000000 -0.000000
vn 0.000000 -1.000000 -0.000000
vn 0.000000 -1.000000 -0.000000
vn 0.000000 -1.000000 -0.000000
vn 0.000000 -1.000000 -0.000000
vn 0.000000 -1.000000 -0.000000
vn 0.000000 -1.000000 -0.000000
vn 0.000000 -1.000000 -0.000000
vn 0.000000 -1.000000 -0.000000
vn 0.000000 -1.000000 -0.000000
vn 0.000000 -1.000000 -0.000000
vn 0.000000 -1.000000 -0.000000
vn 0.000000 -1.000000 -0.000000
vn 0.000000 -1.000000 -0.000000
vn 0.000000 -1.000000 -0.000000
vn 0.000000 -1.000000 -0.000000
vn 0.000000 -1.000000 -0.000000
vn 0.000000 -1.000000 -0.000000
vn 0.000000 -1.000000 -0.000000
vn 0.000000 -1.000000 -0.000000
vn 0.000000 -1.000000 -0.000000
vn 0.000000 -1.000000 -0.000000
vn 0.000000 -1.000000 -0.000000
vn 0.000000 -1.000000 -0.000000
vn 0.000000 -1.000000 -0.000000
vn 0.000000 -1.000000 -0.000000
vn 0.000000 -1.000000 -0.000000
vn 0.000000 -1.000000 -0.000000
vn 0.000000 -1.000000 -0.000000
vn 0.000000 -1.000000 -0.000000
vn 0.000000 -1.000000 -0.000000
vn 0.000000 -1.000000 -0.000000
vn 0.000000 -1.000000 -0.000000
vn 0.000000 -1.000000 -0.000000
vn 0.000000 1.000000 0.000000
vn 0.000000 1.000000 0.000000
vn 0.000000 1.000000 0.000000
vn 0.000000 1.000000 0.000000
vn 0.000000 1.000000 0.000000
vn 0.000000 1.000000 0.000000
vn 0.000000 1.000000 0.000000
vn 0.000000 1.000000 0.000000
vn 0.000000 1.000000 0.000000
vn 0.000000 1.000000 0.000000
vn 0.000000 1.000000 0.000000
vn 0.000000 1.000000 0.000000
vn 0.000000 1.000000 0.000000
vn 0.000000 1.000000 0.000000
vn 0.000000 1.000000 0.000000
vn 0.000000 1.000000 0.000000
vn 0.000000 1.000000 0.000000
vn 0.000000 1.000000 0.000000
vn 0.000000 1.000000 0.000000
vn 0.000000 1.000000 0.000000
vn 0.000000 1.000000 0.000000
vn 0.000000 1.000000 0.000000
vn 0.000000 1.000000 0.000000
vn 0.000000 1.000000 0.000000
vn 0.000000 1.000000 0.000000
vn 0.000000 1.000000 0.000000
vn 0.000000 1.000000 0.000000
vn 0.000000 1.000000 0.000000
vn 0.000000 1.000000 0.000000
vn 0.000000 1.000000 0.000000
vn 0.000000 1.000000 0.000000
vn 0.000000 1.000000 0.000000
vn 0.000000 1.000000 0.000000
vn 0.000000 1.000000 0.000000
vn 0.000000 1.000000 0.000000
vn 0.000000 1.000000 0.000000
vn 0.000000 1.000000 0.000000
vn 0.000000 1.000000 0.000000
vn 0.000000 1.000000 0.000000
vn 0.000000 1.000000 0.000000
vn 0.000000 1.000000 0.000000
vn 0.000000 1.000000 0.000000
vn 0.000000 1.000000 0.000000
vn 0.000000 1.000000 0.000000
vn 0.000000 1.000000 0.000000
vn 0.000000 1.000000 0.000000
vn 0.000000 1.000000 0.000000
vn 0.000000 1.000000 0.000000
vn 0.000000 1.000000 0.000000
vn 0.000000 1.000000 0.000000
vn 0.000000 1.000000 0.000000
vn 0.000000 1.000000 0.000000
vn 0.000000 1.000000 0.000000
vn 0.000000 1.000000 0.000000
vn 0.000000 1.000000 0.000000
vn 0.000000 1.000000 0.000000
vn 0.000000 1.000000 0.000000
vn 0.000000 1.000000 0.000000
vn 0.000000 1.000000 0.000000
vn 0.000000 1.000000 0.000000
vn 0.000000 1.000000 0.000000
vn 0.000000 1.000000 0.000000
vn 0.000000 1.000000 0.000000
vn 0.000000 1.000000 0.000000
vn 0.000000 1.000000 0.000000
vn 0.000000 1.000000 0.000000
vn 0.000000 1.000000 0.000000
vn 0.000000 1.000000 0.000000
vn 0.000000 1.000000 0.000000
vn 0.000000 1.000000 0.000000
vn 0.000000 1.000000 0.000000
vn 0.000000 1.000000 0.000000
vn 0.000000 -1.000000 -0.000000
vn 0.000000 -1.000000 -0.000000
vn 0.000000 -1.000000 -0.000000
vn 0.000000 -1.000000 -0.000000
vn 0.000000 -1.000000 -0.000000
vn 0.000000 -1.000000 -0.000000
vn 0.000000 -1.000000 -0.000000
vn 0.000000 -1.000000 -0.000000
vn 0.000000 -1.000000 -0.000000
vn 0.000000 -1.000000 -0.000000
vn 0.000000 -1.000000 -0.000000
vn 0.000000 -1.000000 -0.000000
vn 0.000000 -1.000000 -0.000000
vn 0.000000 -1.000000 -0.000000
vn 0.000000 -1.000000 -0.000000
vn 0.000000 -1.000000 -0.000000
vn 0.000000 -1.000000 -0.000000
vn 0.000000 -1.000000 -0.000000
vn 0.000000 -1.000000 -0.000000
vn 0.000000 -1.000000 -0.000000
vn 0.000000 -1.000000 -0.000000
vn 0.000000 -1.000000 -0.000000
vn 0.000000 -1.000000 -0.000000
vn 0.000000 -1.000000 -0.000000
vn 0.000000 -1.000000 -0.000000
vn 0.000000 -1.000000 -0.000000
vn 0.000000 -1.000000 -0.000000
vn 0.000000 -1.000000 -0.000000
vn 0.000000 -1.000000 -0.000000
vn 0.000000 -1.000000 -0.000000
vn 0.000000 -1.000000 -0.000000
vn 0.000000 -1.000000 -0.000000
vn 0.000000 -1.000000 -0.000000
vn 0.000000 -1.000000 -0.000000
vn 0.000000 -1.000000 -0.000000
vn 0.000000 -1.000000 -0.000000
vn 0.000000 -1.000000 -0.000000
vn 0.000000 -1.000000 -0.000000
vn 0.000000 -1.000000 -0.000000
vn 0.000000 -1.000000 -0.000000
vn 0.000000 -1.000000 -0.000000
vn 0.000000 -1.000000 -0.000000
vn 0.000000 -1.000000 -0.000000
vn 0.000000 -1.000000 -0.000000
vn 0.000000 -1.000000 -0.000000
vn 0.000000 -1.000000 -0.000000
vn 0.000000 -1.000000 -0.000000
vn 0.000000 -1.000000 -0.000000
vn 0.000000 -1.000000 -0.000000
vn 0.000000 -1.000000 -0.000000
vn 0.000000 -1.000000 -0.000000
vn 0.000000 -1.000000 -0.000000
vn 0.000000 -1.000000 -0.000000
vn 0.000000 -1.000000 -0.000000
vn 0.000000 -1.000000 -0.000000
vn 0.000000 -1.000000 -0.000000
vn 0.000000 -1.000000 -0.000000
vn 0.000000 -1.000000 -0.000000
vn 0.000000 -1.000000 -0.000000
vn 0.000000 -1.000000 -0.000000
vn 0.000000 -1.000000 -0.000000
vn 0.000000 -1.000000 -0.000000
vn 0.000000 -1.000000 -0.000000
vn 0.000000 -1.000000 -0.000000
vn 0.000000 -1.000000 -0.000000
vn 0.000000 -1.000000 -0.000000
vn 0.000000 -1.000000 -0.000000
vn 0.000000 -1.000000 -0.000000
vn 0.000000 -1.000000 -0.000000
vn 0.000000 -1.000000 -0.000000
vn 0.000000 -1.000000 -0.000000
vn 0.000000 -1.000000 -0.000000
vn 0.000000 -1.000000 -0.000000
vn 0.000000 -1.000000 -0.000000
vn 0.000000 -1.000000 -0.000000
vn 0.000000 -1.000000 -0.000000
vn 0.000000 -1.000000 -0.000000
vn 0.000000 -1.000000 -0.000000
vn 0.000000 -1.000000 -0.000000
vn 0.000000 -1.000000 -0.000000
vn 0.000000 -1.000000 -0.000000
vn 0.000000 -1.000000 -0.000000
vn 0.000000 -1.000000 -0.000000
vn 0.000000 -1.000000 -0.000000
vn 0.000000 -1.000000 -0.000000
vn 0.000000 -1.000000 -0.000000
vn 0.000000 -1.000000 -0.000000
vn 0.000000 -1.000000 -0.000000
vn 0.000000 -1.000000 -0.000000
vn 0.000000 -1.000000 -0.000000
vn 0.000000 -1.000000 -0.000000
vn 0.000000 -1.000000 -0.000000
vn 0.000000 -1.000000 -0.000000
vn 0.000000 -1.000000 -0.000000
vn 0.000000 -1.000000 -0.000000
vn 0.000000 -1.000000 -0.000000
vn 0.000000 -1.000000 -0.000000
vn 0.000000 -1.000000 -0.000000
vn 0.000000 -1.000000 -0.000000
vn 0.000000 -1.000000 -0.000000
vn 0.000000 -1.000000 -0.000000
vn 0.000000 -1.000000 -0.000000
vn 0.000000 -1.000000 -0.000000
vn 0.000000 -1.000000 -0.000000
vn 0.000000 -1.000000 -0.000000
vn 0.000000 -1.000000 -0.000000
vn 0.000000 -1.000000 -0.000000
vn 0.000000 -1.000000 -0.000000
vn 0.000000 -1.000000 -0.000000
vn 0.000000 -1.000000 -0.000000
vn 0.000000 -1.000000 -0.000000
vn 0.000000 -1.000000 -0.000000
vn 0.000000 -1.000000 -0.000000
vn 0.000000 -1.000000 -0.000000
vn 0.000000 -1.000000 -0.000000
vn 0.000000 -1.000000 -0.000000
vn 0.000000 -1.000000 -0.000000
vn 0.000000 -1.000000 -0.000000
vn 0.000000 -1.000000 -0.000000
vn 0.000000 -1.000000 -0.000000
vn 0.000000 -1.000000 -0.000000
vn 0.000000 -1.000000 -0.000000
vn 0.000000 -1.000000 -0.000000
vn 0.000000 -1.000000 -0.000000
vn 0.000000 -1.000000 -0.000000
vn 0.000000 -1.000000 -0.000000
vn 0.000000 -1.000000 -0.000000
vn 0.000000 -1.000000 -0.000000
vn 0.000000 -1.000000 -0.000000
vn 0.000000 -1.000000 -0.000000
vn 0.000000 -1.000000 -0.000000
vn 0.000000 -1.000000 -0.000000
vn 0.000000 -1.000000 -0.000000
vn 0.000000 -1.000000 -0.000000
vn 0.000000 -1.000000 -0.000000
vn 0.000000 -1.000000 -0.000000
vn 0.000000 -1.000000 -0.000000
vn 0.000000 -1.000000 -0.000000
vn 0.000000 -1.000000 -0.000000
vn 0.000000 -1.000000 -0.000000
vn 0.000000 -1.000000 -0.000000
vn 0.000000 -1.000000 -0.000000
vn 0.000000 -1.000000 -0.000000
vn 0.000000 -1.000000 -0.000000
vn 0.000000 -1.000000 -0.000000
vn 0.000000 -1.000000 -0.000000
vn 0.000000 -1.000000 -0.000000
vn 0.000000 -1.000000 -0.000000
vn 0.000000 -1.000000 -0.000000
vn 0.000000 -1.000000 -0.000000
vn 0.000000 -1.000000 -0.000000
vn 0.000000 -1.000000 -0.000000
vn 0.000000 -1.000000 -0.000000
vn 0.000000 -1.000000 -0.000000
vn 0.000000 -1.000000 -0.000000
vn 0.000000 -1.000000 -0.000000
vn 0.000000 -1.000000 -0.000000
vn 0.000000 -1.000000 -0.000000
vn 0.000000 -1.000000 -0.000000
vn 0.000000 -1.000000 -0.000000
vn 0.000000 -1.000000 -0.000000
vn 0.000000 -1.000000 -0.000000
vn 0.000000 -1.000000 -0.000000
vn 0.000000 -1.000000 -0.000000
vn 0.000000 -1.000000 -0.000000
vn 0.000000 -1.000000 -0.000000
vn 0.000000 -1.000000 -0.000000
vn 0.000000 -1.000000 -0.000000
vn 0.000000 -1.000000 -0.000000
vn 0.000000 -1.000000 -0.000000
vn 0.000000 -1.000000 -0.000000
vn 0.000000 -1.000000 -0.000000
vn 0.000000 -1.000000 -0.000000
vn 0.000000 -1.000000 -0.000000
vn 0.000000 -1.000000 -0.000000
vn 0.000000 -1.000000 -0.000000
vn 0.000000 -1.000000 -0.000000
vn 0.000000 -1.000000 -0.000000
vn 0.000000 -1.000000 -0.000000
vn 0.000000 -1.000000 -0.000000
vn 0.000000 -1.000000 -0.000000
vn 0.000000 -1.000000 -0.000000
vn 0.000000 -1.000000 -0.000000
vn 0.000000 -1.000000 -0.000000
vn 0.000000 -1.000000 -0.000000
vn 0.000000 -1.000000 -0.000000
vn 0.000000 -1.000000 -0.000000
vn 0.000000 -1.000000 -0.000000
vn 0.000000 -1.000000 -0.000000
vn 0.000000 -1.000000 -0.000000
vn 0.000000 -1.000000 -0.000000
vn 0.000000 -1.000000 -0.000000
vn 0.000000 -1.000000 -0.000000
vn 0.000000 -1.000000 -0.000000
vn 0.000000 -1.000000 -0.000000
vn 0.000000 -1.000000 -0.000000
vn 0.000000 -1.000000 -0.000000
vn 0.000000 -1.000000 -0.000000
vn 0.000000 -1.000000 -0.000000
vn 0.000000 -1.000000 -0.000000
vn 0.000000 -1.000000 -0.000000
vn 0.000000 -1.000000 -0.000000
vn 0.000000 -1.000000 -0.000000
vn 0.000000 -1.000000 -0.000000
vn 0.000000 -1.000000 -0.000000
vn 0.000000 -1.000000 -0.000000
vn 0.000000 -1.000000 -0.000000
vn 0.000000 -1.000000 -0.000000
vn 0.000000 -1.000000 -0.000000
vn 0.000000 -1.000000 -0.000000
vn 0.000000 -1.000000 -0.000000
vn 0.000000 -1.000000 -0.000000
vn 0.000000 -1.000000 -0.000000
vn 0.000000 -1.000000 -0.000000
vn 0.000000 1.000000 0.000000
vn 0.000000 1.000000 0.000000
vn 0.000000 1.000000 0.000000
vn 0.000000 1.000000 0.000000
vn 0.000000 1.000000 0.000000
vn 0.000000 1.000000 0.000000
vn 0.000000 1.000000 0.000000
vn 0.000000 1.000000 0.000000
vn 0.000000 1.000000 0.000000
vn 0.000000 1.000000 0.000000
vn 0.000000 1.000000 0.000000
vn 0.000000 1.000000 0.000000
vn 0.000000 1.000000 0.000000
vn 0.000000 1.000000 0.000000
vn 0.000000 1.000000 0.000000
vn 0.000000 1.000000 0.000000
vn 0.000000 1.000000 0.000000
vn 0.000000 1.000000 0.000000
vn 0.000000 1.000000 0.000000
vn 0.000000 1.000000 0.000000
vn 0.000000 1.000000 0.000000
vn 0.000000 1.000000 0.000000
vn 0.000000 1.000000 0.000000
vn 0.000000 1.000000 0.000000
vn 0.000000 1.000000 0.000000
vn 0.000000 1.000000 0.000000
vn 0.000000 1.000000 0.000000
vn 0.000000 1.000000 0.000000
vn 0.000000 1.000000 0.000000
vn 0.000000 1.000000 0.000000
vn 0.000000 1.000000 0.000000
vn 0.000000 1.000000 0.000000
vn 0.000000 1.000000 0.000000
vn 0.000000 1.000000 0.000000
vn 0.000000 1.000000 0.000000
vn 0.000000 1.000000 0.000000
vn 0.000000 1.000000 0.000000
vn 0.000000 1.000000 0.000000
vn 0.000000 1.000000 0.000000
vn 0.000000 1.000000 0.000000
vn 0.000000 1.000000 0.000000
vn 0.000000 1.000000 0.000000
vn 0.000000 1.000000 0.000000
vn 0.000000 1.000000 0.000000
vn 0.000000 1.000000 0.000000
vn 0.000000 1.000000 0.000000
vn 0.000000 1.000000 0.000000
vn 0.000000 1.000000 0.000000
vn 0.000000 1.000000 0.000000
vn 0.000000 1.000000 0.000000
vn 0.000000 1.000000 0.000000
vn 0.000000 1.000000 0.000000
vn 0.000000 1.000000 0.000000
vn 0.000000 1.000000 0.000000
vn 0.000000 1.000000 0.000000
vn 0.000000 1.000000 0.000000
vn 0.000000 1.000000 0.000000
vn 0.000000 1.000000 0.000000
vn 0.000000 1.000000 0.000000
vn 0.000000 1.000000 0.000000
vn 0.000000 1.000000 0.000000
vn 0.000000 1.000000 0.000000
vn 0.000000 1.000000 0.000000
vn 0.000000 1.000000 0.000000
vn 0.000000 1.000000 0.000000
vn 0.000000 1.000000 0.000000
vn 0.000000 1.000000 0.000000
vn 0.000000 1.000000 0.000000
vn 0.000000 1.000000 0.000000
vn 0.000000 1.000000 0.000000
vn 0.000000 1.000000 0.000000
vn 0.000000 1.000000 0.000000
f 4//4 1//1 2//2
f 2//2 1//1 3//3
f 6//6 1//1 4//4
f 5//5 1//1 6//6
f 7//7 5//5 6//6
f 6//6 8//8 7//7
f 4//4 8//8 6//6
f 7//7 8//8 9//9
f 7//7 9//9 47//47
f 8//8 10//10 11//11
f 8//8 11//11 9//9
f 8//8 4//4 10//10
f 4//4 14//14 12//12
f 4//4 12//12 10//10
f 12//12 11//11 10//10
f 13//13 12//12 2//2
f 13//13 11//11 12//12
f 14//14 2//2 12//12
f 4//4 2//2 14//14
f 11//11 13//13 15//15
f 15//15 13//13 16//16
f 16//16 13//13 17//17
f 2//2 17//17 13//13
f 17//17 18//18 19//19
f 16//16 17//17 19//19
f 19//19 18//18 20//20
f 20//20 22//22 21//21
f 22//22 20//20 23//23
f 23//23 20//20 18//18
f 24//24 21//21 22//22
f 25//25 27//27 24//24
f 24//24 26//26 21//21
f 26//26 24//24 27//27
f 27//27 25//25 28//28
f 26//26 27//27 30//30
f 28//28 29//29 27//27
f 29//29 32//32 27//27
f 31//31 30//30 27//27
f 27//27 32//32 31//31
f 32//32 29//29 33//33
f 33//33 29//29 34//34
f 29//29 35//35 34//34
f 35//35 36//36 34//34
f 36//36 35//35 37//37
f 35//35 38//38 37//37
f 41//41 38//38 39//39
f 40//40 39//39 38//38
f 38//38 35//35 40//40
f 42//42 41//41 43//43
f 39//39 43//43 41//41
f 42//42 43//43 44//44
f 43//43 45//45 44//44
f 5//5 46//46 45//45
f 46//46 44//44 45//45
f 46//46 5//5 47//47
f 47//47 48//48 46//46
f 47//47 49//49 48//48
f 47//47 50//50 49//49
f 50//50 47//47 9//9
f 9//9 51//51 50//50
f 52//52 51//51 9//9
f 52//52 15//15 53//53
f 11//11 52//52 9//9
f 52//52 11//11 15//15
f 15//15 54//54 53//53
f 16//16 54//54 15//15
f 5//5 7//7 47//47
f 35//35 55//55 40//40
f 56//56 40//40 55//55
f 56//56 55//55 28//28
f 25//25 56//56 28//28
f 25//25 57//57 56//56
f 58//58 57//57 60//60
f 58//58 59//59 57//57
f 25//25 60//60 57//57
f 60//60 61//61 84//84
f 60//60 84//84 58//58
f 60//60 62//62 61//61
f 63//63 62//62 60//60
f 63//63 60//60 25//25
f 62//62 63//63 64//64
f 65//65 64//64 63//63
f 25//25 65//65 63//63
f 66//66 65//65 67//67
f 66//66 64//64 65//65
f 69//69 67//67 68//68
f 68//68 67//67 70//70
f 66//66 67//67 69//69
f 71//71 69//69 68//68
f 66//66 69//69 71//71
f 66//66 71//71 64//64
f 64//64 71//71 72//72
f 71//71 73//73 72//72
f 71//71 68//68 73//73
f 72//72 74//74 62//62
f 72//72 62//62 64//64
f 62//62 74//74 75//75
f 62//62 75//75 76//76
f 75//75 77//77 76//76
f 77//77 78//78 76//76
f 78//78 79//79 76//76
f 78//78 80//80 79//79
f 81//81 79//79 80//80
f 81//81 82//82 79//79
f 83//83 82//82 81//81
f 79//79 59//59 84//84
f 76//76 79//79 84//84
f 58//58 84//84 59//59
f 84//84 61//61 76//76
f 62//62 76//76 61//61
f 55//55 29//29 28//28
f 29//29 55//55 35//35
f 86//86 3//3 85//85
f 3//3 86//86 87//87
f 2//2 3//3 87//87
f 87//87 86//86 88//88
f 88//88 89//89 87//87
f 89//89 2//2 87//87
f 2//2 89//89 90//90
f 90//90 89//89 92//92
f 88//88 91//91 89//89
f 89//89 91//91 92//92
f 92//92 93//93 90//90
f 94//94 93//93 92//92
f 94//94 92//92 91//91
f 93//93 95//95 90//90
f 97//97 93//93 94//94
f 93//93 96//96 95//95
f 93//93 97//97 96//96
f 98//98 97//97 94//94
f 100//100 98//98 99//99
f 99//99 98//98 94//94
f 99//99 101//101 100//100
f 102//102 101//101 99//99
f 103//103 101//101 102//102
f 102//102 104//104 103//103
f 102//102 105//105 104//104
f 106//106 104//104 105//105
f 107//107 106//106 108//108
f 106//106 105//105 108//108
f 102//102 85//85 105//105
f 102//102 109//109 85//85
f 102//102 110//110 109//109
f 110//110 102//102 99//99
f 109//109 110//110 88//88
f 109//109 88//88 86//86
f 91//91 88//88 110//110
f 99//99 94//94 91//91
f 99//99 91//91 110//110
f 109//109 86//86 85//85
f 111//111 90//90 95//95
f 95//95 112//112 111//111
f 116//116 113//113 114//114
f 114//114 113//113 115//115
f 114//114 117//117 116//116
f 116//116 117//117 118//118
f 119//119 116//116 118//118
f 119//119 118//118 120//120
f 122//122 120//120 121//121
f 121//121 120//120 118//118
f 123//123 122//122 125//125
f 127//127 124//124 122//122
f 127//127 122//122 123//123
f 122//122 121//121 125//125
f 123//123 125//125 126//126
f 125//125 117//117 114//114
f 125//125 114//114 126//126
f 121//121 118//118 117//117
f 121//121 117//117 125//125
f 115//115 126//126 114//114
f 126//126 115//115 123//123
f 130//130 128//128 124//124
f 130//130 124//124 127//127
f 131//131 129//129 128//128
f 131//131 128//128 130//130
f 132//132 134//134 129//129
f 132//132 129//129 131//131
f 133//133 135//135 134//134
f 133//133 134//134 132//132
f 137//137 136//136 135//135
f 137//137 135//135 133//133
f 138//138 140//140 150//150
f 138//138 150//150 139//139
f 141//141 142//142 140//140
f 141//141 140//140 138//138
f 143//143 142//142 141//141
f 141//141 144//144 143//143
f 143//143 144//144 145//145
f 146//146 145//145 144//144
f 146//146 147//147 148//148
f 148//148 145//145 146//146
f 147//147 149//149 148//148
f 148//148 149//149 139//139
f 139//139 150//150 148//148
f 143//143 145//145 148//148
f 143//143 148//148 142//142
f 142//142 148//148 150//150
f 142//142 150//150 140//140
f 149//149 147//147 152//152
f 149//149 152//152 151//151
f 151//151 152//152 155//155
f 151//151 155//155 153//153
f 153//153 155//155 156//156
f 153//153 156//156 154//154
f 154//154 156//156 157//157
f 154//154 157//157 158//158
f 160//160 159//159 161//161
f 162//162 165//165 163//163
f 162//162 163//163 161//161
f 163//163 160//160 161//161
f 164//164 160//160 163//163
f 167//167 166//166 165//165
f 167//167 165//165 162//162
f 169//169 168//168 166//166
f 169//169 166//166 167//167
f 171//171 170//170 168//168
f 171//171 168//168 169//169
f 173//173 172//172 170//170
f 173//173 170//170 171//171
f 177//177 174//174 172//172
f 177//177 172//172 173//173
f 175//175 176//176 174//174
f 177//177 175//175 174//174
f 177//177 178//178 175//175
f 180//180 216//216 181//181
f 180//180 181//181 179//179
f 182//182 179//179 181//181
f 181//181 183//183 182//182
f 182//182 183//183 184//184
f 184//184 185//185 182//182
f 186//186 185//185 184//184
f 186//186 187//187 188//188
f 186//186 189//189 187//187
f 184//184 189//189 186//186
f 189//189 184//184 183//183
f 189//189 183//183 187//187
f 191//191 188//188 187//187
f 192//192 190//190 188//188
f 192//192 188//188 191//191
f 191//191 187//187 180//180
f 193//193 195//195 190//190
f 193//193 190//190 192//192
f 194//194 196//196 195//195
f 194//194 195//195 193//193
f 198//198 197//197 196//196
f 198//198 196//196 194//194
f 201//201 199//199 197//197
f 201//201 197//197 198//198
f 202//202 200//200 199//199
f 202//202 199//199 201//201
f 202//202 203//203 204//204
f 202//202 204//204 200//200
f 204//204 203//203 208//208
f 204//204 205//205 200//200
f 205//205 204//204 206//206
f 214//214 206//206 204//204
f 214//214 204//204 207//207
f 207//207 204//204 208//208
f 207//207 208//208 209//209
f 203//203 210//210 208//208
f 209//209 208//208 210//210
f 210//210 211//211 209//209
f 212//212 209//209 211//211
f 209//209 212//212 207//207
f 213//213 214//214 207//207
f 213//213 207//207 212//212
f 214//214 213//213 215//215
f 206//206 215//215 205//205
f 206//206 214//214 215//215
f 187//187 216//216 180//180
f 187//187 183//183 181//181
f 187//187 181//181 216//216
f 218//218 217//217 219//219
f 219//219 220//220 221//221
f 218//218 219//219 221//221
f 218//218 221//221 222//222
f 218//218 222//222 223//223
f 223//223 222//222 224//224
f 223//223 224//224 225//225
f 225//225 224//224 226//226
f 225//225 226//226 228//228
f 228//228 226//226 227//227
f 228//228 227//227 229//229
f 229//229 227//227 231//231
f 229//229 231//231 230//230
f 230//230 231//231 235//235
f 230//230 235//235 232//232
f 235//235 233//233 232//232
f 233//233 234//234 232//232
f 236//236 233//233 235//235
f 237//237 239//239 238//238
f 239//239 240//240 256//256
f 239//239 256//256 238//238
f 239//239 241//241 242//242
f 239//239 242//242 240//240
f 241//241 243//243 244//244
f 241//241 244//244 242//242
f 243//243 245//245 246//246
f 243//243 246//246 244//244
f 245//245 247//247 248//248
f 245//245 248//248 246//246
f 247//247 249//249 250//250
f 247//247 250//250 248//248
f 249//249 251//251 252//252
f 249//249 252//252 250//250
f 253//253 252//252 251//251
f 253//253 251//251 254//254
f 252//252 253//253 255//255
f 258//258 257//257 259//259
f 258//258 259//259 268//268
f 260//260 259//259 257//257
f 260//260 261//261 263//263
f 259//259 260//260 262//262
f 260//260 263//263 262//262
f 264//264 267//267 262//262
f 264//264 262//262 263//263
f 265//265 264//264 263//263
f 261//261 265//265 263//263
f 265//265 267//267 264//264
f 267//267 265//265 266//266
f 267//267 268//268 259//259
f 267//267 259//259 262//262
f 268//268 267//267 258//258
f 267//267 269//269 258//258
f 267//267 266//266 269//269
f 270//270 269//269 266//266
f 270//270 266//266 272//272
f 271//271 270//270 272//272
f 271//271 272//272 273//273
f 276//276 271//271 273//273
f 276//276 273//273 274//274
f 277//277 276//276 274//274
f 277//277 274//274 275//275
f 279//279 278//278 280//280
f 279//279 280//280 286//286
f 281//281 280//280 278//278
f 282//282 284//284 281//281
f 281//281 283//283 282//282
f 280//280 281//281 284//284
f 284//284 282//282 287//287
f 284//284 287//287 285//285
f 280//280 284//284 285//285
f 280//280 285//285 286//286
f 286//286 285//285 279//279
f 290//290 285//285 287//287
f 279//279 285//285 288//288
f 288//288 285//285 289//289
f 285//285 290//290 289//289
f 283//283 290//290 287//287
f 283//283 287//287 282//282
f 289//289 291//291 293//293
f 289//289 293//293 288//288
f 291//291 292//292 294//294
f 291//291 294//294 293//293
f 292//292 297//297 295//295
f 292//292 295//295 294//294
f 297//297 298//298 296//296
f 297//297 296//296 295//295
f 299//299 301//301 300//300
f 302//302 301//301 303//303
f 300//300 301//301 302//302
f 300//300 302//302 304//304
f 300//300 304//304 305//305
f 305//305 304//304 306//306
f 305//305 306//306 307//307
f 307//307 306//306 308//308
f 307//307 308//308 310//310
f 310//310 308//308 309//309
f 310//310 309//309 311//311
f 311//311 309//309 314//314
f 311//311 314//314 312//312
f 312//312 314//314 315//315
f 312//312 315//315 313//313
f 316//316 313//313 315//315
f 315//315 317//317 316//316
f 316//316 318//318 313//313
f 320//320 330//330 321//321
f 320//320 321//321 319//319
f 322//322 319//319 321//321
f 322//322 325//325 323//323
f 321//321 324//324 322//322
f 322//322 324//324 325//325
f 327//327 325//325 326//326
f 326//326 325//325 324//324
f 326//326 324//324 329//329
f 323//323 325//325 327//327
f 329//329 328//328 327//327
f 327//327 326//326 329//329
f 330//330 320//320 329//329
f 329//329 324//324 321//321
f 329//329 321//321 330//330
f 329//329 320//320 331//331
f 329//329 331//331 328//328
f 332//332 334//334 328//328
f 332//332 328//328 331//331
f 333//333 335//335 334//334
f 333//333 334//334 332//332
f 337//337 336//336 335//335
f 337//337 335//335 333//333
f 339//339 338//338 336//336
f 339//339 336//336 337//337
f 341//341 348//348 342//342
f 341//341 342//342 340//340
f 343//343 340//340 342//342
f 343//343 345//345 344//344
f 345//345 343//343 346//346
f 342//342 346//346 343//343
f 346//346 347//347 349//349
f 346//346 349//349 345//345
f 342//342 348//348 347//347
f 342//342 347//347 346//346
f 348//348 341//341 347//347
f 352//352 349//349 347//347
f 341//341 350//350 347//347
f 350//350 351//351 347//347
f 347//347 351//351 352//352
f 344//344 345//345 349//349
f 344//344 349//349 352//352
f 351//351 350//350 355//355
f 351//351 355//355 353//353
f 353//353 355//355 356//356
f 353//353 356//356 354//354
f 354//354 356//356 357//357
f 354//354 357//357 358//358
f 358//358 357//357 359//359
f 358//358 359//359 360//360
f 364//364 362//362 361//361
f 362//362 363//363 361//361
f 362//362 364//364 365//365
f 364//364 366//366 365//365
f 367//367 366//366 364//364
f 367//367 368//368 366//366
f 370//370 369//369 368//368
f 369//369 366//366 368//368
f 371//371 373//373 370//370
f 375//375 371//371 370//370
f 375//375 370//370 372//372
f 370//370 373//373 369//369
f 371//371 374//374 373//373
f 369//369 373//373 365//365
f 369//369 365//365 366//366
f 373//373 374//374 362//362
f 373//373 362//362 365//365
f 363//363 362//362 374//374
f 374//374 371//371 363//363
f 378//378 375//375 372//372
f 378//378 372//372 376//376
f 379//379 378//378 376//376
f 379//379 376//376 377//377
f 380//380 379//379 377//377
f 380//380 377//377 382//382
f 381//381 380//380 382//382
f 381//381 382//382 383//383
f 385//385 381//381 383//383
f 385//385 383//383 384//384
f 389//389 386//386 387//387
f 389//389 387//387 390//390
f 386//386 388//388 398//398
f 386//386 398//398 387//387
f 391//391 389//389 390//390
f 389//389 391//391 392//392
f 391//391 393//393 392//392
f 394//394 392//392 393//393
f 394//394 396//396 395//395
f 396//396 394//394 393//393
f 395//395 396//396 397//397
f 396//396 388//388 397//397
f 388//388 396//396 398//398
f 390//390 387//387 398//398
f 390//390 398//398 396//396
f 391//391 390//390 396//396
f 391//391 396//396 393//393
f 397//397 399//399 400//400
f 397//397 400//400 395//395
f 399//399 401//401 402//402
f 399//399 402//402 400//400
f 401//401 403//403 404//404
f 401//401 404//404 402//402
f 403//403 405//405 406//406
f 403//403 406//406 404//404
f 408//408 409//409 407//407
f 410//410 409//409 411//411
f 410//410 411//411 413//413
f 408//408 411//411 409//409
f 411//411 408//408 412//412
f 415//415 410//410 413//413
f 415//415 413//413 414//414
f 418//418 415//415 414//414
f 418//418 414//414 416//416
f 419//419 418//418 416//416
f 419//419 416//416 417//417
f 420//420 419//419 417//417
f 420//420 417//417 422//422
f 421//421 420//420 422//422
f 421//421 422//422 423//423
f 423//423 425//425 424//424
f 421//421 423//423 424//424
f 426//426 421//421 424//424
f 428//428 427//427 429//429
f 428//428 429//429 464//464
f 430//430 429//429 427//427
f 429//429 430//430 431//431
f 430//430 432//432 431//431
f 432//432 430//430 433//433
f 434//434 432//432 433//433
f 434//434 436//436 435//435
f 434//434 435//435 437//437
f 432//432 434//434 437//437
f 437//437 435//435 431//431
f 437//437 431//431 432//432
f 439//439 435//435 436//436
f 440//440 439//439 436//436
f 440//440 436//436 438//438
f 439//439 428//428 435//435
f 441//441 440//440 438//438
f 441//441 438//438 443//443
f 442//442 441//441 443//443
f 442//442 443//443 444//444
f 446//446 442//442 444//444
f 446//446 444//444 445//445
f 449//449 446//446 445//445
f 449//449 445//445 447//447
f 450//450 449//449 447//447
f 450//450 447//447 448//448
f 450//450 452//452 451//451
f 450//450 448//448 452//452
f 452//452 456//456 451//451
f 452//452 448//448 453//453
f 453//453 455//455 452//452
f 454//454 457//457 456//456
f 454//454 456//456 452//452
f 462//462 454//454 452//452
f 462//462 452//452 455//455
f 451//451 456//456 458//458
f 457//457 458//458 456//456
f 458//458 457//457 459//459
f 460//460 459//459 457//457
f 457//457 454//454 460//460
f 461//461 460//460 454//454
f 461//461 454//454 462//462
f 462//462 463//463 461//461
f 455//455 453//453 463//463
f 455//455 463//463 462//462
f 435//435 464//464 429//429
f 435//435 429//429 431//431
f 435//435 428//428 464//464
f 466//466 467//467 465//465
f 467//467 469//469 468//468
f 466//466 469//469 467//467
f 466//466 471//471 470//470
f 466//466 470//470 469//469
f 471//471 473//473 472//472
f 471//471 472//472 470//470
f 473//473 476//476 474//474
f 473//473 474//474 472//472
f 476//476 477//477 475//475
f 476//476 475//475 474//474
f 477//477 478//478 479//479
f 477//477 479//479 475//475
f 478//478 480//480 483//483
f 478//478 483//483 479//479
f 483//483 480//480 481//481
f 481//481 480//480 482//482
f 484//484 483//483 481//481
f 488//488 485//485 486//486
f 486//486 485//485 487//487
f 486//486 489//489 488//488
f 488//488 489//489 490//490
f 491//491 488//488 490//490
f 491//491 490//490 492//492
f 494//494 492//492 493//493
f 493//493 492//492 490//490
f 498//498 495//495 494//494
f 498//498 494//494 497//497
f 494//494 493//493 496//496
f 497//497 494//494 496//496
f 497//497 496//496 499//499
f 499//499 487//487 497//497
f 487//487 499//499 486//486
f 496//496 489//489 486//486
f 496//496 486//486 499//499
f 500//500 502//502 495//495
f 500//500 495//495 498//498
f 501//501 503//503 502//502
f 501//501 502//502 500//500
f 505//505 504//504 503//503
f 505//505 503//503 501//501
f 507//507 506//506 504//504
f 507//507 504//504 505//505
f 509//509 508//508 506//506
f 509//509 506//506 507//507
f 493//493 490//490 489//489
f 493//493 489//489 496//496
f 510//510 512//512 522//522
f 510//510 522//522 511//511
f 513//513 515//515 512//512
f 513//513 512//512 510//510
f 513//513 514//514 516//516
f 516//516 515//515 513//513
f 516//516 517//517 519//519
f 516//516 519//519 515//515
f 516//516 514//514 517//517
f 518//518 517//517 514//514
f 519//519 517//517 518//518
f 518//518 520//520 519//519
f 520//520 521//521 519//519
f 519//519 521//521 511//511
f 511//511 522//522 519//519
f 515//515 519//519 522//522
f 515//515 522//522 512//512
f 521//521 520//520 524//524
f 521//521 524//524 523//523
f 523//523 524//524 527//527
f 523//523 527//527 525//525
f 525//525 527//527 528//528
f 525//525 528//528 526//526
f 526//526 528//528 529//529
f 526//526 529//529 530//530
f 532//532 531//531 533//533
f 534//534 536//536 535//535
f 534//534 535//535 533//533
f 532//532 533//533 535//535
f 535//535 537//537 532//532
f 540//540 538//538 536//536
f 540//540 536//536 534//534
f 541//541 539//539 538//538
f 541//541 538//538 540//540
f 542//542 544//544 539//539
f 542//542 539//539 541//541
f 543//543 545//545 544//544
f 543//543 544//544 542//542
f 548//548 546//546 545//545
f 548//548 545//545 543//543
f 546//546 549//549 547//547
f 548//548 549//549 546//546
f 550//550 549//549 548//548
f 552//552 588//588 553//553
f 552//552 553//553 551//551
f 554//554 551//551 553//553
f 553//553 555//555 554//554
f 554//554 555//555 556//556
f 556//556 557//557 554//554
f 558//558 557//557 556//556
f 558//558 559//559 560//560
f 556//556 559//559 558//558
f 558//558 560//560 561//561
f 562//562 561//561 560//560
f 565//565 563//563 561//561
f 565//565 561//561 562//562
f 566//566 564//564 563//563
f 566//566 563//563 565//565
f 567//567 568//568 564//564
f 567//567 564//564 566//566
f 569//569 571//571 568//568
f 569//569 568//568 567//567
f 570//570 572//572 571//571
f 570//570 571//571 569//569
f 574//574 573//573 572//572
f 574//574 572//572 570//570
f 574//574 575//575 573//573
f 575//575 576//576 573//573
f 577//577 578//578 576//576
f 576//576 575//575 577//577
f 580//580 579//579 578//578
f 577//577 580//580 578//578
f 579//579 580//580 581//581
f 579//579 581//581 582//582
f 580//580 577//577 575//575
f 580//580 575//575 581//581
f 583//583 582//582 581//581
f 581//581 575//575 586//586
f 581//581 586//586 583//583
f 582//582 583//583 584//584
f 585//585 584//584 583//583
f 583//583 586//586 585//585
f 575//575 587//587 586//586
f 587//587 585//585 586//586
f 574//574 587//587 575//575
f 562//562 560//560 552//552
f 560//560 588//588 552//552
f 560//560 555//555 553//553
f 560//560 553//553 588//588
f 559//559 556//556 555//555
f 559//559 555//555 560//560
f 590//590 589//589 591//591
f 591//591 592//592 593//593
f 590//590 591//591 593//593
f 590//590 593//593 594//594
f 590//590 594//594 596//596
f 596//596 594//594 595//595
f 596//596 595//595 597//597
f 597//597 595//595 600//600
f 597//597 600//600 598//598
f 598//598 600//600 601//601
f 598//598 601//601 599//599
f 599//599 601//601 602//602
f 599//599 602//602 603//603
f 603//603 602//602 604//604
f 603//603 604//604 606//606
f 605//605 607//607 604//604
f 604//604 607//607 606//606
f 607//607 608//608 606//606
f 610//610 612//612 611//611
f 610//610 611//611 609//609
f 614//614 613//613 612//612
f 614//614 612//612 610//610
f 617//617 615//615 613//613
f 617//617 613//613 614//614
f 618//618 616//616 615//615
f 618//618 615//615 617//617
f 619//619 620//620 616//616
f 619//619 616//616 618//618
f 621//621 620//620 619//619
f 621//621 619//619 622//622
f 621//621 623//623 620//620
f 625//625 624//624 626//626
f 627//627 630//630 628//628
f 627//627 628//628 626//626
f 628//628 625//625 626//626
f 629//629 625//625 628//628
f 633//633 631//631 630//630
f 633//633 630//630 627//627
f 634//634 632//632 631//631
f 634//634 631//631 633//633
f 635//635 636//636 632//632
f 635//635 632//632 634//634
f 637//637 639//639 636//636
f 637//637 636//636 635//635
f 638//638 640//640 639//639
f 638//638 639//639 637//637
f 642//642 641//641 640//640
f 638//638 642//642 640//640
f 638//638 643//643 642//642
f 645//645 664//664 646//646
f 645//645 646//646 644//644
f 647//647 644//644 646//646
f 647//647 650//650 648//648
f 646//646 649//649 647//647
f 647//647 649//649 650//650
f 648//648 650//650 652//652
f 651//651 650//650 649//649
f 651//651 649//649 653//653
f 652//652 650//650 651//651
f 653//653 654//654 652//652
f 652//652 651//651 653//653
f 653//653 655//655 654//654
f 658//658 656//656 654//654
f 658//658 654//654 655//655
f 659//659 657//657 656//656
f 659//659 656//656 658//658
f 660//660 661//661 657//657
f 660//660 657//657 659//659
f 662//662 663//663 661//661
f 662//662 661//661 660//660
f 653//653 645//645 655//655
f 664//664 645//645 653//653
f 653//653 649//649 646//646
f 653//653 646//646 664//664
f 666//666 665//665 667//667
f 666//666 667//667 668//668
f 670//670 666//666 668//668
f 670//670 668//668 669//669
f 672//672 670//670 669//669
f 672//672 669//669 671//671
f 674//674 672//672 671//671
f 674//674 671//671 673//673
f 676//676 674//674 673//673
f 676//676 673//673 675//675
f 677//677 676//676 675//675
f 677//677 675//675 678//678
f 677//677 679//679 676//676
f 681//681 682//682 680//680
f 683//683 682//682 684//684
f 683//683 684//684 686//686
f 684//684 682//682 681//681
f 685//685 684//684 681//681
f 689//689 683//683 686//686
f 689//689 686//686 687//687
f 690//690 689//689 687//687
f 690//690 687//687 688//688
f 691//691 690//690 688//688
f 691//691 688//688 692//692
f 693//693 691//691 692//692
f 693//693 692//692 695//695
f 694//694 693//693 695//695
f 694//694 695//695 696//696
f 698//698 696//696 697//697
f 694//694 696//696 698//698
f 694//694 698//698 699//699
f 701//701 700//700 702//702
f 701//701 702//702 710//710
f 703//703 702//702 700//700
f 703//703 704//704 706//706
f 702//702 703//703 705//705
f 703//703 706//706 705//705
f 704//704 707//707 706//706
f 707//707 708//708 706//706
f 708//708 709//709 705//705
f 708//708 705//705 706//706
f 707//707 709//709 708//708
f 709//709 710//710 702//702
f 709//709 702//702 705//705
f 710//710 709//709 701//701
f 709//709 711//711 701//701
f 709//709 712//712 711//711
f 709//709 707//707 712//712
f 715//715 711//711 712//712
f 715//715 712//712 713//713
f 716//716 715//715 713//713
f 716//716 713//713 714//714
f 717//717 716//716 714//714
f 717//717 714//714 718//718
f 719//719 717//717 718//718
f 719//719 718//718 720//720
f 722//722 724//724 723//723
f 722//722 723//723 721//721
f 726//726 725//725 724//724
f 726//726 724//724 722//722
f 728//728 727//727 725//725
f 728//728 725//725 726//726
f 730//730 729//729 727//727
f 730//730 727//727 728//728
f 733//733 731//731 729//729
f 733//733 729//729 730//730
f 734//734 732//732 731//731
f 734//734 731//731 733//733
f 736//736 738//738 737//737
f 736//736 737//737 735//735
f 740//740 739//739 738//738
f 740//740 738//738 736//736
f 742//742 741//741 739//739
f 742//742 739//739 740//740
f 744//744 743//743 741//741
f 744//744 741//741 742//742
f 747//747 745//745 743//743
f 747//747 743//743 744//744
f 748//748 746//746 745//745
f 748//748 745//745 747//747
f 749//749 751//751 746//746
f 749//749 746//746 748//748
f 750//750 752//752 751//751
f 750//750 751//751 749//749
f 754//754 753//753 752//752
f 754//754 752//752 750//750
f 756//756 755//755 753//753
f 756//756 753//753 754//754
f 758//758 757//757 755//755
f 758//758 755//755 756//756
f 760//760 759//759 757//757
f 760//760 757//757 758//758
f 763//763 761//761 759//759
f 763//763 759//759 760//760
f 764//764 762//762 761//761
f 764//764 761//761 763//763
f 765//765 767//767 762//762
f 765//765 762//762 764//764
f 766//766 768//768 767//767
f 766//766 767//767 765//765
f 769//769 771//771 772//772
f 769//769 772//772 770//770
f 770//770 772//772 773//773
f 770//770 773//773 775//775
f 775//775 773//773 774//774
f 775//775 774//774 776//776
f 776//776 774//774 779//779
f 776//776 779//779 777//777
f 777//777 779//779 780//780
f 777//777 780//780 778//778
f 778//778 780//780 781//781
f 778//778 781//781 782//782
f 784//784 783//783 785//785
f 784//784 785//785 786//786
f 788//788 784//784 786//786
f 788//788 786//786 787//787
f 791//791 788//788 787//787
f 791//791 787//787 789//789
f 792//792 791//791 789//789
f 792//792 789//789 790//790
f 793//793 792//792 790//790
f 793//793 790//790 795//795
f 794//794 793//793 795//795
f 794//794 795//795 796//796
f 798//798 797//797 799//799
f 798//798 799//799 800//800
f 802//802 798//798 800//800
f 802//802 800//800 801//801
f 805//805 802//802 801//801
f 805//805 801//801 803//803
f 806//806 805//805 803//803
f 806//806 803//803 804//804
f 807//807 806//806 804//804
f 807//807 804//804 809//809
f 808//808 807//807 809//809
f 808//808 809//809 810//810
f 813//813 808//808 810//810
f 813//813 810//810 811//811
f 814//814 813//813 811//811
f 814//814 811//811 812//812
f 815//815 814//814 812//812
f 815//815 812//812 817//817
f 816//816 815//815 817//817
f 816//816 817//817 818//818
f 821//821 816//816 818//818
f 821//821 818//818 819//819
f 822//822 821//821 819//819
f 822//822 819//819 820//820
f 823//823 822//822 820//820
f 823//823 820//820 825//825
f 824//824 823//823 825//825
f 824//824 825//825 826//826
f 829//829 824//824 826//826
f 829//829 826//826 827//827
f 830//830 829//829 827//827
f 830//830 827//827 828//828
f 831//831 833//833 834//834
f 831//831 834//834 832//832
f 833//833 835//835 836//836
f 833//833 836//836 834//834
f 835//835 837//837 839//839
f 835//835 839//839 836//836
f 837//837 838//838 840//840
f 837//837 840//840 839//839
f 838//838 843//843 841//841
f 838//838 841//841 840//840
f 843//843 844//844 842//842
f 843//843 842//842 841//841
f 846//846 848//848 847//847
f 846//846 847//847 845//845
f 851//851 849//849 848//848
f 851//851 848//848 846//846
f 852//852 850//850 849//849
f 852//852 849//849 851//851
f 853//853 855//855 850//850
f 853//853 850//850 852//852
f 854//854 856//856 855//855
f 854//854 855//855 853//853
f 858//858 857//857 856//856
f 858//858 856//856 854//854
f 860//860 862//862 861//861
f 860//860 861//861 859//859
f 865//865 863//863 862//862
f 865//865 862//862 860//860
f 866//866 864//864 863//863
f 866//866 863//863 865//865
f 867//867 869//869 864//864
f 867//867 864//864 866//866
f 868//868 870//870 869//869
f 868//868 869//869 867//867
f 872//872 871//871 870//870
f 872//872 870//870 868//868
f 874//874 873//873 871//871
f 874//874 871//871 872//872
f 876//876 875//875 873//873
f 876//876 873//873 874//874
f 879//879 877//877 875//875
f 879//879 875//875 876//876
f 880//880 878//878 877//877
f 880//880 877//877 879//879
f 881//881 883//883 878//878
f 881//881 878//878 880//880
f 882//882 884//884 883//883
f 882//882 883//883 881//881
f 886//886 885//885 884//884
f 886//886 884//884 882//882
f 888//888 887//887 885//885
f 888//888 885//885 886//886
f 891//891 889//889 887//887
f 891//891 887//887 888//888
f 892//892 890//890 889//889
f 892//892 889//889 891//891
f 893//893 895//895 896//896
f 893//893 896//896 894//894
f 894//894 896//896 897//897
f 894//894 897//897 899//899
f 899//899 897//897 898//898
f 899//899 898//898 900//900
f 900//900 898//898 903//903
f 900//900 903//903 901//901
f 901//901 903//903 904//904
f 901//901 904//904 902//902
f 902//902 904//904 905//905
f 902//902 905//905 906//906
f 908//908 907//907 909//909
f 908//908 909//909 910//910
f 912//912 908//908 910//910
f 912//912 910//910 911//911
f 915//915 912//912 911//911
f 915//915 911//911 913//913
f 916//916 915//915 913//913
f 916//916 913//913 914//914
f 917//917 916//916 914//914
f 917//917 914//914 918//918
f 919//919 917//917 918//918
f 919//919 918//918 920//920
f 922//922 921//921 923//923
f 922//922 923//923 924//924
f 926//926 922//922 924//924
f 926//926 924//924 925//925
f 929//929 926//926 925//925
f 929//929 925//925 927//927
f 930//930 929//929 927//927
f 930//930 927//927 928//928
f 931//931 930//930 928//928
f 931//931 928//928 933//933
f 932//932 931//931 933//933
f 932//932 933//933 934//934
f 937//937 932//932 934//934
f 937//937 934//934 935//935
f 938//938 937//937 935//935
f 938//938 935//935 936//936
f 939//939 938//938 936//936
f 939//939 936//936 941//941
f 940//940 939//939 941//941
f 940//940 941//941 942//942
f 945//945 940//940 942//942
f 945//945 942//942 943//943
f 946//946 945//945 943//943
f 946//946 943//943 944//944
f 947//947 946//946 944//944
f 947//947 944//944 949//949
f 948//948 947//947 949//949
f 948//948 949//949 950//950
f 953//953 948//948 950//950
f 953//953 950//950 951//951
f 954//954 953//953 951//951
f 954//954 951//951 952//952
f 955//955 957//957 958//958
f 955//955 958//958 956//956
f 957//957 959//959 960//960
f 957//957 960//960 958//958
f 959//959 961//961 963//963
f 959//959 963//963 960//960
f 961//961 962//962 964//964
f 961//961 964//964 963//963
f 962//962 967//967 965//965
f 962//962 965//965 964//964
f 967//967 968//968 966//966
f 967//967 966//966 965//965
f 969//969 971//971 970//970
f 971//971 972//972 988//988
f 971//971 988//988 970//970
f 971//971 973//973 974//974
f 971//971 974//974 972//972
f 973//973 975//975 976//976
f 973//973 976//976 974//974
f 975//975 977//977 978//978
f 975//975 978//978 976//976
f 977//977 979//979 980//980
f 977//977 980//980 978//978
f 979//979 981//981 982//982
f 979//979 982//982 980//980
f 981//981 983//983 984//984
f 981//981 984//984 982//982
f 985//985 984//984 983//983
f 985//985 983//983 986//986
f 984//984 985//985 987//987
f 990//990 989//989 991//991
f 990//990 991//991 999//999
f 992//992 991//991 989//989
f 992//992 993//993 995//995
f 991//991 992//992 994//994
f 992//992 995//995 994//994
f 993//993 996//996 995//995
f 996//996 997//997 995//995
f 997//997 998//998 994//994
f 997//997 994//994 995//995
f 996//996 998//998 997//997
f 998//998 999//999 991//991
f 998//998 991//991 994//994
f 999//999 998//998 990//990
f 998//998 1000//1000 990//990
f 998//998 1001//1001 1000//1000
f 998//998 996//996 1001//1001
f 1004//1004 1000//1000 1001//1001
f 1004//1004 1001//1001 1002//1002
f 1005//1005 1004//1004 1002//1002
f 1005//1005 1002//1002 1003//1003
f 1006//1006 1005//1005 1003//1003
f 1006//1006 1003//1003 1008//1008
f 1007//1007 1006//1006 1008//1008
f 1007//1007 1008//1008 1009//1009
f 1011//1011 1010//1010 1012//1012
f 1011//1011 1012//1012 1018//1018
f 1013//1013 1012//1012 1010//1010
f 1014//1014 1016//1016 1013//1013
f 1013//1013 1015//1015 1014//1014
f 1012//1012 1013//1013 1016//1016
f 1016//1016 1014//1014 1019//1019
f 1016//1016 1019//1019 1017//1017
f 1012//1012 1016//1016 1017//1017
f 1012//1012 1017//1017 1018//1018
f 1018//1018 1017//1017 1011//1011
f 1022//1022 1017//1017 1019//1019
f 1011//1011 1017//1017 1020//1020
f 1020//1020 1017//1017 1021//1021
f 1017//1017 1022//1022 1021//1021
f 1015//1015 1022//1022 1019//1019
f 1015//1015 1019//1019 1014//1014
f 1021//1021 1023//1023 1025//1025
f 1021//1021 1025//1025 1020//1020
f 1023//1023 1024//1024 1026//1026
f 1023//1023 1026//1026 1025//1025
f 1024//1024 1029//1029 1027//1027
f 1024//1024 1027//1027 1026//1026
f 1029//1029 1030//1030 1028//1028
f 1029//1029 1028//1028 1027//1027
f 1031//1031 1033//1033 1032//1032
f 1034//1034 1033//1033 1035//1035
f 1032//1032 1033//1033 1034//1034
f 1032//1032 1034//1034 1036//1036
f 1032//1032 1036//1036 1037//1037
f 1037//1037 1036//1036 1038//1038
f 1037//1037 1038//1038 1039//1039
f 1039//1039 1038//1038 1040//1040
f 1039//1039 1040//1040 1042//1042
f 1042//1042 1040//1040 1041//1041
f 1042//1042 1041//1041 1043//1043
f 1043//1043 1041//1041 1046//1046
f 1043//1043 1046//1046 1044//1044
f 1044//1044 1046//1046 1047//1047
f 1044//1044 1047//1047 1045//1045
f 1048//1048 1045//1045 1047//1047
f 1047//1047 1049//1049 1048//1048
f 1048//1048 1050//1050 1045//1045
f 1052//1052 1071//1071 1053//1053
f 1052//1052 1053//1053 1051//1051
f 1054//1054 1051//1051 1053//1053
f 1053//1053 1055//1055 1054//1054
f 1054//1054 1055//1055 1056//1056
f 1054//1054 1056//1056 1057//1057
f 1057//1057 1056//1056 1058//1058
f 1059//1059 1060//1060 1058//1058
f 1058//1058 1061//1061 1059//1059
f 1058//1058 1056//1056 1061//1061
f 1061//1061 1056//1056 1055//1055
f 1061//1061 1055//1055 1059//1059
f 1059//1059 1062//1062 1060//1060
f 1064//1064 1063//1063 1060//1060
f 1064//1064 1060//1060 1062//1062
f 1067//1067 1065//1065 1063//1063
f 1067//1067 1063//1063 1064//1064
f 1068//1068 1066//1066 1065//1065
f 1068//1068 1065//1065 1067//1067
f 1069//1069 1070//1070 1066//1066
f 1069//1069 1066//1066 1068//1068
f 1059//1059 1052//1052 1062//1062
f 1071//1071 1052//1052 1059//1059
f 1059//1059 1055//1055 1053//1053
f 1059//1059 1053//1053 1071//1071
f 1073//1073 1080//1080 1074//1074
f 1073//1073 1074//1074 1072//1072
f 1075//1075 1072//1072 1074//1074
f 1075//1075 1077//1077 1076//1076
f 1077//1077 1075//1075 1078//1078
f 1074//1074 1078//1078 1075//1075
f 1078//1078 1079//1079 1081//1081
f 1078//1078 1081//1081 1077//1077
f 1074//1074 1080//1080 1079//1079
f 1074//1074 1079//1079 1078//1078
f 1080//1080 1073//1073 1079//1079
f 1084//1084 1081//1081 1079//1079
f 1073//1073 1082//1082 1079//1079
f 1082//1082 1083//1083 1079//1079
f 1079//1079 1083//1083 1084//1084
f 1076//1076 1077//1077 1081//1081
f 1076//1076 1081//1081 1084//1084
f 1083//1083 1082//1082 1087//1087
f 1083//1083 1087//1087 1085//1085
f 1085//1085 1087//1087 1088//1088
f 1085//1085 1088//1088 1086//1086
f 1086//1086 1088//1088 1089//1089
f 1086//1086 1089//1089 1091//1091
f 1091//1091 1089//1089 1090//1090
f 1091//1091 1090//1090 1092//1092
f 1096//1096 1094//1094 1093//1093
f 1094//1094 1095//1095 1093//1093
f 1094//1094 1096//1096 1097//1097
f 1096//1096 1098//1098 1097//1097
f 1099//1099 1098//1098 1096//1096
f 1099//1099 1100//1100 1098//1098
f 1102//1102 1101//1101 1100//1100
f 1101//1101 1098//1098 1100//1100
f 1106//1106 1105//1105 1102//1102
f 1106//1106 1102//1102 1103//1103
f 1102//1102 1104//1104 1101//1101
f 1105//1105 1104//1104 1102//1102
f 1105//1105 1107//1107 1104//1104
f 1107//1107 1105//1105 1095//1095
f 1095//1095 1094//1094 1107//1107
f 1104//1104 1107//1107 1094//1094
f 1104//1104 1094//1094 1097//1097
f 1108//1108 1106//1106 1103//1103
f 1108//1108 1103//1103 1110//1110
f 1109//1109 1108//1108 1110//1110
f 1109//1109 1110//1110 1111//1111
f 1113//1113 1109//1109 1111//1111
f 1113//1113 1111//1111 1112//1112
f 1115//1115 1113//1113 1112//1112
f 1115//1115 1112//1112 1114//1114
f 1117//1117 1115//1115 1114//1114
f 1117//1117 1114//1114 1116//1116
f 1101//1101 1104//1104 1097//1097
f 1101//1101 1097//1097 1098//1098
f 1121//1121 1118//1118 1119//1119
f 1121//1121 1119//1119 1123//1123
f 1118//1118 1120//1120 1130//1130
f 1118//1118 1130//1130 1119//1119
f 1121//1121 1124//1124 1122//1122
f 1124//1124 1121//1121 1123//1123
f 1124//1124 1123//1123 1127//1127
f 1124//1124 1127//1127 1125//1125
f 1124//1124 1125//1125 1122//1122
f 1126//1126 1122//1122 1125//1125
f 1127//1127 1126//1126 1125//1125
f 1126//1126 1127//1127 1128//1128
f 1128//1128 1127//1127 1129//1129
f 1127//1127 1120//1120 1129//1129
f 1120//1120 1127//1127 1130//1130
f 1123//1123 1119//1119 1130//1130
f 1123//1123 1130//1130 1127//1127
f 1129//1129 1131//1131 1132//1132
f 1129//1129 1132//1132 1128//1128
f 1131//1131 1133//1133 1134//1134
f 1131//1131 1134//1134 1132//1132
f 1133//1133 1135//1135 1136//1136
f 1133//1133 1136//1136 1134//1134
f 1135//1135 1137//1137 1138//1138
f 1135//1135 1138//1138 1136//1136
f 1140//1140 1141//1141 1139//1139
f 1142//1142 1141//1141 1143//1143
f 1142//1142 1143//1143 1144//1144
f 1143//1143 1141//1141 1140//1140
f 1145//1145 1143//1143 1140//1140
f 1147//1147 1142//1142 1144//1144
f 1147//1147 1144//1144 1146//1146
f 1149//1149 1147//1147 1146//1146
f 1149//1149 1146//1146 1148//1148
f 1151//1151 1149//1149 1148//1148
f 1151//1151 1148//1148 1150//1150
f 1153//1153 1151//1151 1150//1150
f 1153//1153 1150//1150 1152//1152
f 1156//1156 1153//1153 1152//1152
f 1156//1156 1152//1152 1154//1154
f 1157//1157 1154//1154 1155//1155
f 1156//1156 1154//1154 1157//1157
f 1156//1156 1157//1157 1158//1158
f 1160//1160 1159//1159 1161//1161
f 1160//1160 1161//1161 1196//1196
f 1162//1162 1161//1161 1159//1159
f 1161//1161 1162//1162 1163//1163
f 1162//1162 1164//1164 1163//1163
f 1164//1164 1162//1162 1165//1165
f 1166//1166 1164//1164 1165//1165
f 1166//1166 1168//1168 1167//1167
f 1164//1164 1166//1166 1167//1167
f 1166//1166 1169//1169 1168//1168
f 1170//1170 1168//1168 1169//1169
f 1173//1173 1170//1170 1169//1169
f 1173//1173 1169//1169 1171//1171
f 1174//1174 1173//1173 1171//1171
f 1174//1174 1171//1171 1172//1172
f 1175//1175 1174//1174 1172//1172
f 1175//1175 1172//1172 1176//1176
f 1177//1177 1175//1175 1176//1176
f 1177//1177 1176//1176 1179//1179
f 1178//1178 1177//1177 1179//1179
f 1178//1178 1179//1179 1180//1180
f 1182//1182 1178//1178 1180//1180
f 1182//1182 1180//1180 1181//1181
f 1182//1182 1181//1181 1183//1183
f 1183//1183 1181//1181 1184//1184
f 1184//1184 1185//1185 1183//1183
f 1185//1185 1184//1184 1186//1186
f 1188//1188 1186//1186 1187//1187
f 1185//1185 1186//1186 1188//1188
f 1187//1187 1190//1190 1189//1189
f 1187//1187 1189//1189 1188//1188
f 1188//1188 1189//1189 1183//1183
f 1188//1188 1183//1183 1185//1185
f 1191//1191 1189//1189 1190//1190
f 1189//1189 1191//1191 1194//1194
f 1189//1189 1194//1194 1183//1183
f 1190//1190 1192//1192 1191//1191
f 1193//1193 1191//1191 1192//1192
f 1191//1191 1193//1193 1194//1194
f 1183//1183 1194//1194 1195//1195
f 1195//1195 1194//1194 1193//1193
f 1182//1182 1183//1183 1195//1195
f 1170//1170 1160//1160 1168//1168
f 1167//1167 1168//1168 1163//1163
f 1167//1167 1163//1163 1164//1164
f 1168//1168 1196//1196 1161//1161
f 1168//1168 1161//1161 1163//1163
f 1168//1168 1160//1160 1196//1196
f 1198//1198 1199//1199 1197//1197
f 1199//1199 1201//1201 1200//1200
f 1198//1198 1201//1201 1199//1199
f 1198//1198 1204//1204 1202//1202
f 1198//1198 1202//1202 1201//1201
f 1204//1204 1205//1205 1203//1203
f 1204//1204 1203//1203 1202//1202
f 1205//1205 1206//1206 1207//1207
f 1205//1205 1207//1207 1203//1203
f 1206//1206 1208//1208 1209//1209
f 1206//1206 1209//1209 1207//1207
f 1208//1208 1210//1210 1211//1211
f 1208//1208 1211//1211 1209//1209
f 1210//1210 1212//1212 1214//1214
f 1210//1210 1214//1214 1211//1211
f 1215//1215 1212//1212 1213//1213
f 1214//1214 1212//1212 1215//1215
f 1216//1216 1214//1214 1215//1215
f 1218//1218 1217//1217 1219//1219
f 1218//1218 1219//1219 1220//1220
f 1222//1222 1218//1218 1220//1220
f 1222//1222 1220//1220 1221//1221
f 1224//1224 1222//1222 1221//1221
f 1224//1224 1221//1221 1223//1223
f 1226//1226 1224//1224 1223//1223
f 1226//1226 1223//1223 1225//1225
f 1228//1228 1226//1226 1225//1225
f 1228//1228 1225//1225 1227//1227
f 1229//1229 1228//1228 1227//1227
f 1229//1229 1227//1227 1230//1230
f 1229//1229 1231//1231 1228//1228
f 1233//1233 1234//1234 1232//1232
f 1235//1235 1234//1234 1236//1236
f 1235//1235 1236//1236 1238//1238
f 1236//1236 1234//1234 1233//1233
f 1237//1237 1236//1236 1233//1233
f 1241//1241 1235//1235 1238//1238
f 1241//1241 1238//1238 1239//1239
f 1242//1242 1241//1241 1239//1239
f 1242//1242 1239//1239 1240//1240
f 1243//1243 1242//1242 1240//1240
f 1243//1243 1240//1240 1244//1244
f 1245//1245 1243//1243 1244//1244
f 1245//1245 1244//1244 1247//1247
f 1246//1246 1245//1245 1247//1247
f 1246//1246 1247//1247 1248//1248
f 1250//1250 1248//1248 1249//1249
f 1246//1246 1248//1248 1250//1250
f 1246//1246 1250//1250 1251//1251
f 1253//1253 1252//1252 1254//1254
f 1253//1253 1254//1254 1272//1272
f 1252//1252 1255//1255 1254//1254
f 1258//1258 1255//1255 1256//1256
f 1255//1255 1257//1257 1254//1254
f 1255//1255 1258//1258 1257//1257
f 1256//1256 1260//1260 1258//1258
f 1259//1259 1261//1261 1257//1257
f 1259//1259 1257//1257 1258//1258
f 1260//1260 1259//1259 1258//1258
f 1261//1261 1260//1260 1262//1262
f 1260//1260 1261//1261 1259//1259
f 1261//1261 1262//1262 1263//1263
f 1266//1266 1263//1263 1262//1262
f 1266//1266 1262//1262 1264//1264
f 1267//1267 1266//1266 1264//1264
f 1267//1267 1264//1264 1265//1265
f 1268//1268 1267//1267 1265//1265
f 1268//1268 1265//1265 1269//1269
f 1270//1270 1268//1268 1269//1269
f 1270//1270 1269//1269 1271//1271
f 1261//1261 1263//1263 1253//1253
f 1261//1261 1272//1272 1254//1254
f 1261//1261 1254//1254 1257//1257
f 1253//1253 1272//1272 1261//1261
f 1274//1274 1276//1276 1275//1275
f 1274//1274 1275//1275 1273//1273
f 1278//1278 1277//1277 1276//1276
f 1278//1278 1276//1276 1274//1274
f 1281//1281 1279//1279 1277//1277
f 1281//1281 1277//1277 1278//1278
f 1282//1282 1280//1280 1279//1279
f 1282//1282 1279//1279 1281//1281
f 1283//1283 1284//1284 1280//1280
f 1283//1283 1280//1280 1282//1282
f 1285//1285 1284//1284 1283//1283
f 1285//1285 1283//1283 1286//1286
f 1285//1285 1287//1287 1284//1284
f 1289//1289 1288//1288 1290//1290
f 1291//1291 1294//1294 1292//1292
f 1291//1291 1292//1292 1290//1290
f 1292//1292 1293//1293 1289//1289
f 1292//1292 1289//1289 1290//1290
f 1297//1297 1295//1295 1294//1294
f 1297//1297 1294//1294 1291//1291
f 1298//1298 1296//1296 1295//1295
f 1298//1298 1295//1295 1297//1297
f 1299//1299 1300//1300 1296//1296
f 1299//1299 1296//1296 1298//1298
f 1301//1301 1303//1303 1300//1300
f 1301//1301 1300//1300 1299//1299
f 1302//1302 1304//1304 1303//1303
f 1302//1302 1303//1303 1301//1301
f 1306//1306 1305//1305 1304//1304
f 1302//1302 1306//1306 1304//1304
f 1302//1302 1307//1307 1306//1306
f 1309//1309 1318//1318 1310//1310
f 1309//1309 1310//1310 1308//1308
f 1311//1311 1308//1308 1310//1310
f 1311//1311 1314//1314 1312//1312
f 1310//1310 1313//1313 1311//1311
f 1311//1311 1313//1313 1314//1314
f 1312//1312 1314//1314 1315//1315
f 1315//1315 1314//1314 1316//1316
f 1316//1316 1314//1314 1313//1313
f 1316//1316 1313//1313 1317//1317
f 1315//1315 1316//1316 1317//1317
f 1318//1318 1309//1309 1317//1317
f 1317//1317 1313//1313 1310//1310
f 1317//1317 1310//1310 1318//1318
f 1317//1317 1309//1309 1319//1319
f 1317//1317 1319//1319 1320//1320
f 1317//1317 1320//1320 1315//1315
f 1323//1323 1321//1321 1320//1320
f 1323//1323 1320//1320 1319//1319
f 1324//1324 1322//1322 1321//1321
f 1324//1324 1321//1321 1323//1323
f 1325//1325 1326//1326 1322//1322
f 1325//1325 1322//1322 1324//1324
f 1327//1327 1328//1328 1326//1326
f 1327//1327 1326//1326 1325//1325
f 1330//1330 1332//1332 1329//1329
f 1330//1330 1329//1329 1331//1331
f 1332//1332 1330//1330 1333//1333
f 1334//1334 1333//1333 1330//1330
f 1334//1334 1330//1330 1335//1335
f 1335//1335 1337//1337 1336//1336
f 1335//1335 1336//1336 1334//1334
f 1338//1338 1336//1336 1337//1337
f 1338//1338 1337//1337 1340//1340
f 1339//1339 1338//1338 1340//1340
f 1340//1340 1341//1341 1342//1342
f 1340//1340 1337//1337 1343//1343
f 1340//1340 1343//1343 1341//1341
f 1342//1342 1339//1339 1340//1340
f 1337//1337 1335//1335 1344//1344
f 1337//1337 1344//1344 1343//1343
f 1335//1335 1330//1330 1331//1331
f 1335//1335 1331//1331 1344//1344
f 1349//1349 1346//1346 1345//1345
f 1349//1349 1345//1345 1348//1348
f 1346//1346 1359//1359 1347//1347
f 1346//1346 1347//1347 1345//1345
f 1351//1351 1349//1349 1348//1348
f 1351//1351 1348//1348 1350//1350
f 1351//1351 1350//1350 1352//1352
f 1352//1352 1353//1353 1351//1351
f 1353//1353 1354//1354 1351//1351
f 1354//1354 1355//1355 1349//1349
f 1354//1354 1349//1349 1351//1351
f 1346//1346 1349//1349 1355//1355
f 1346//1346 1355//1355 1356//1356
f 1356//1356 1357//1357 1359//1359
f 1356//1356 1359//1359 1346//1346
f 1358//1358 1359//1359 1357//1357
f 1359//1359 1360//1360 1347//1347
f 1359//1359 1358//1358 1360//1360
f 1362//1362 1361//1361 1364//1364
f 1362//1362 1363//1363 1361//1361
f 1364//1364 1365//1365 1362//1362
f 1366//1366 1367//1367 1362//1362
f 1366//1366 1362//1362 1365//1365
f 1367//1367 1366//1366 1368//1368
f 1367//1367 1368//1368 1369//1369
f 1370//1370 1372//1372 1369//1369
f 1370//1370 1369//1369 1368//1368
f 1371//1371 1372//1372 1370//1370
f 1372//1372 1374//1374 1373//1373
f 1372//1372 1373//1373 1375//1375
f 1372//1372 1375//1375 1369//1369
f 1374//1374 1372//1372 1371//1371
f 1369//1369 1375//1375 1376//1376
f 1369//1369 1376//1376 1367//1367
f 1367//1367 1376//1376 1363//1363
f 1367//1367 1363//1363 1362//1362
f 1381//1381 1380//1380 1377//1377
f 1381//1381 1377//1377 1378//1378
f 1378//1378 1377//1377 1379//1379
f 1378//1378 1379//1379 1390//1390
f 1383//1383 1382//1382 1380//1380
f 1383//1383 1380//1380 1381//1381
f 1383//1383 1384//1384 1382//1382
f 1384//1384 1383//1383 1385//1385
f 1385//1385 1383//1383 1386//1386
f 1386//1386 1383//1383 1381//1381
f 1386//1386 1381//1381 1387//1387
f 1378//1378 1388//1388 1387//1387
f 1378//1378 1387//1387 1381//1381
f 1388//1388 1378//1378 1390//1390
f 1388//1388 1390//1390 1389//1389
f 1391//1391 1389//1389 1390//1390
f 1390//1390 1392//1392 1391//1391
f 1390//1390 1379//1379 1392//1392
f 1394//1394 1396//1396 1393//1393
f 1394//1394 1393//1393 1395//1395
f 1396//1396 1394//1394 1397//1397
f 1398//1398 1397//1397 1394//1394
f 1398//1398 1394//1394 1399//1399
f 1399//1399 1401//1401 1400//1400
f 1399//1399 1400//1400 1398//1398
f 1402//1402 1400//1400 1401//1401
f 1402//1402 1401//1401 1404//1404
f 1403//1403 1402//1402 1404//1404
f 1406//1406 1403//1403 1404//1404
f 1404//1404 1405//1405 1406//1406
f 1404//1404 1401//1401 1407//1407
f 1404//1404 1407//1407 1405//1405
f 1401//1401 1399//1399 1408//1408
f 1401//1401 1408//1408 1407//1407
f 1399//1399 1394//1394 1395//1395
f 1399//1399 1395//1395 1408//1408
f 1413//1413 1410//1410 1409//1409
f 1413//1413 1409//1409 1412//1412
f 1410//1410 1423//1423 1411//1411
f 1410//1410 1411//1411 1409//1409
f 1415//1415 1413//1413 1412//1412
f 1415//1415 1412//1412 1414//1414
f 1415//1415 1414//1414 1416//1416
f 1416//1416 1417//1417 1415//1415
f 1417//1417 1418//1418 1415//1415
f 1418//1418 1419//1419 1413//1413
f 1418//1418 1413//1413 1415//1415
f 1410//1410 1413//1413 1419//1419
f 1410//1410 1419//1419 1420//1420
f 1420//1420 1421//1421 1423//1423
f 1420//1420 1423//1423 1410//1410
f 1422//1422 1423//1423 1421//1421
f 1423//1423 1424//1424 1411//1411
f 1423//1423 1422//1422 1424//1424
f 1426//1426 1425//1425 1428//1428
f 1426//1426 1427//1427 1425//1425
f 1428//1428 1429//1429 1426//1426
f 1430//1430 1431//1431 1426//1426
f 1430//1430 1426//1426 1429//1429
f 1431//1431 1430//1430 1432//1432
f 1431//1431 1432//1432 1433//1433
f 1434//1434 1436//1436 1433//1433
f 1434//1434 1433//1433 1432//1432
f 1435//1435 1436//1436 1434//1434
f 1438//1438 1436//1436 1435//1435
f 1436//1436 1438//1438 1437//1437
f 1436//1436 1437//1437 1439//1439
f 1436//1436 1439//1439 1433//1433
f 1433//1433 1439//1439 1440//1440
f 1433//1433 1440//1440 1431//1431
f 1431//1431 1440//1440 1427//1427
f 1431//1431 1427//1427 1426//1426
f 1445//1445 1444//1444 1441//1441
f 1445//1445 1441//1441 1442//1442
f 1442//1442 1441//1441 1443//1443
f 1442//1442 1443//1443 1454//1454
f 1447//1447 1446//1446 1444//1444
f 1447//1447 1444//1444 1445//1445
f 1447//1447 1448//1448 1446//1446
f 1448//1448 1447//1447 1449//1449
f 1449//1449 1447//1447 1450//1450
f 1450//1450 1447//1447 1445//1445
f 1450//1450 1445//1445 1451//1451
f 1442//1442 1452//1452 1451//1451
f 1442//1442 1451//1451 1445//1445
f 1452//1452 1442//1442 1454//1454
f 1452//1452 1454//1454 1453//1453
f 1455//1455 1453//1453 1454//1454
f 1454//1454 1456//1456 1455//1455
f 1454//1454 1443//1443 1456//1456
f 1457//1457 1459//1459 1460//1460
f 1457//1457 1460//1460 1458//1458
f 1462//1462 1464//1464 1463//1463
f 1462//1462 1463//1463 1461//1461
f 1466//1466 1468//1468 1467//1467
f 1466//1466 1467//1467 1465//1465
f 1470//1470 1469//1469 1468//1468
f 1470//1470 1468//1468 1466//1466
f 1472//1472 1474//1474 1473//1473
f 1472//1472 1473//1473 1471//1471
f 1476//1476 1475//1475 1477//1477
f 1476//1476 1477//1477 1478//1478
f 1480//1480 1479//1479 1481//1481
f 1480//1480 1481//1481 1482//1482
f 1484//1484 1486//1486 1483//1483
f 1484//1484 1483//1483 1485//1485
f 1486//1486 1484//1484 1487//1487
f 1488//1488 1487//1487 1484//1484
f 1488//1488 1484//1484 1489//1489
f 1489//1489 1490//1490 1488//1488
f 1490//1490 1489//1489 1491//1491
f 1492//1492 1490//1490 1491//1491
f 1492//1492 1491//1491 1493//1493
f 1494//1494 1492//1492 1493//1493
f 1494//1494 1493//1493 1495//1495
f 1496//1496 1494//1494 1495//1495
f 1496//1496 1495//1495 1497//1497
f 1498//1498 1496//1496 1497//1497
f 1498//1498 1497//1497 1499//1499
f 1500//1500 1498//1498 1499//1499
f 1500//1500 1499//1499 1501//1501
f 1501//1501 1503//1503 1500//1500
f 1500//1500 1503//1503 1502//1502
f 1503//1503 1501//1501 1504//1504
f 1505//1505 1503//1503 1504//1504
f 1505//1505 1504//1504 1508//1508
f 1507//1507 1502//1502 1503//1503
f 1507//1507 1503//1503 1505//1505
f 1506//1506 1509//1509 1505//1505
f 1505//1505 1508//1508 1506//1506
f 1509//1509 1507//1507 1505//1505
f 1491//1491 1489//1489 1510//1510
f 1489//1489 1484//1484 1485//1485
f 1489//1489 1485//1485 1510//1510
f 1512//1512 1514//1514 1513//1513
f 1512//1512 1513//1513 1511//1511
f 1516//1516 1515//1515 1514//1514
f 1516//1516 1514//1514 1512//1512
f 1518//1518 1517//1517 1519//1519
f 1518//1518 1519//1519 1520//1520
f 1522//1522 1524//1524 1523//1523
f 1522//1522 1523//1523 1521//1521
f 1525//1525 1527//1527 1528//1528
f 1525//1525 1528//1528 1526//1526
f 1527//1527 1529//1529 1530//1530
f 1527//1527 1530//1530 1528//1528
f 1531//1531 1533//1533 1534//1534
f 1531//1531 1534//1534 1532//1532
f 1536//1536 1538//1538 1537//1537
f 1536//1536 1537//1537 1535//1535
f 1542//1542 1540//1540 1539//1539
f 1542//1542 1539//1539 1541//1541
f 1544//1544 1543//1543 1546//1546
f 1544//1544 1545//1545 1543//1543
f 1546//1546 1547//1547 1544//1544
f 1548//1548 1549//1549 1544//1544
f 1548//1548 1544//1544 1547//1547
f 1549//1549 1548//1548 1550//1550
f 1550//1550 1551//1551 1549//1549
f 1552//1552 1553//1553 1551//1551
f 1552//1552 1551//1551 1550//1550
f 1554//1554 1555//1555 1553//1553
f 1554//1554 1553//1553 1552//1552
f 1556//1556 1557//1557 1555//1555
f 1556//1556 1555//1555 1554//1554
f 1558//1558 1559//1559 1557//1557
f 1558//1558 1557//1557 1556//1556
f 1560//1560 1561//1561 1559//1559
f 1560//1560 1559//1559 1558//1558
f 1561//1561 1560//1560 1562//1562
f 1560//1560 1563//1563 1562//1562
f 1564//1564 1566//1566 1562//1562
f 1564//1564 1562//1562 1563//1563
f 1565//1565 1566//1566 1564//1564
f 1567//1567 1566//1566 1565//1565
f 1566//1566 1567//1567 1568//1568
f 1566//1566 1568//1568 1569//1569
f 1566//1566 1569//1569 1562//1562
f 1562//1562 1569//1569 1561//1561
f 1551//1551 1570//1570 1549//1549
f 1549//1549 1570//1570 1545//1545
f 1549//1549 1545//1545 1544//1544
f 1572//1572 1571//1571 1574//1574
f 1572//1572 1573//1573 1571//1571
f 1574//1574 1575//1575 1572//1572
f 1576//1576 1578//1578 1572//1572
f 1576//1576 1572//1572 1575//1575
f 1577//1577 1579//1579 1578//1578
f 1577//1577 1578//1578 1576//1576
f 1580//1580 1578//1578 1579//1579
f 1580//1580 1579//1579 1581//1581
f 1578//1578 1580//1580 1573//1573
f 1578//1578 1573//1573 1572//1572
f 1582//1582 1583//1583 1585//1585
f 1583//1583 1582//1582 1584//1584
f 1585//1585 1583//1583 1586//1586
f 1588//1588 1587//1587 1589//1589
f 1588//1588 1589//1589 1590//1590
f 1592//1592 1591//1591 1593//1593
f 1593//1593 1594//1594 1592//1592
f 1594//1594 1595//1595 1592//1592
f 1597//1597 1599//1599 1598//1598
f 1597//1597 1598//1598 1596//1596
f 1600//1600 1601//1601 1603//1603
f 1601//1601 1600//1600 1602//1602
f 1604//1604 1603//1603 1601//1601
f 1605//1605 1604//1604 1601//1601
f 1605//1605 1601//1601 1606//1606
f 1606//1606 1608//1608 1607//1607
f 1606//1606 1607//1607 1605//1605
f 1608//1608 1606//1606 1610//1610
f 1608//1608 1610//1610 1609//1609
f 1606//1606 1601//1601 1602//1602
f 1606//1606 1602//1602 1610//1610
f 1611//1611 1613//1613 1612//1612
f 1614//1614 1612//1612 1613//1613
f 1612//1612 1614//1614 1615//1615
f 1616//1616 1618//1618 1619//1619
f 1616//1616 1619//1619 1617//1617
f 1621//1621 1620//1620 1622//1622
f 1621//1621 1622//1622 1623//1623
f 1625//1625 1626//1626 1624//1624
f 1627//1627 1624//1624 1626//1626
f 1627//1627 1628//1628 1630//1630
f 1627//1627 1626//1626 1628//1628
f 1627//1627 1630//1630 1631//1631
f 1627//1627 1631//1631 1629//1629
f 1632//1632 1630//1630 1628//1628
f 1632//1632 1628//1628 1633//1633
f 1635//1635 1631//1631 1630//1630
f 1635//1635 1630//1630 1632//1632
f 1636//1636 1632//1632 1633//1633
f 1634//1634 1632//1632 1636//1636
f 1632//1632 1634//1634 1635//1635
f 1636//1636 1638//1638 1634//1634
f 1639//1639 1636//1636 1637//1637
f 1636//1636 1640//1640 1637//1637
f 1638//1638 1636//1636 1639//1639
f 1640//1640 1636//1636 1633//1633
f 1640//1640 1626//1626 1625//1625
f 1640//1640 1625//1625 1641//1641
f 1637//1637 1640//1640 1641//1641
f 1633//1633 1628//1628 1626//1626
f 1633//1633 1626//1626 1640//1640
f 1643//1643 1638//1638 1639//1639
f 1643//1643 1639//1639 1642//1642
f 1645//1645 1643//1643 1642//1642
f 1645//1645 1642//1642 1644//1644
f 1647//1647 1645//1645 1644//1644
f 1647//1647 1644//1644 1646//1646
f 1649//1649 1647//1647 1646//1646
f 1649//1649 1646//1646 1648//1648
f 1651//1651 1649//1649 1648//1648
f 1651//1651 1648//1648 1650//1650
f 1650//1650 1652//1652 1651//1651
f 1652//1652 1650//1650 1653//1653
f 1656//1656 1652//1652 1653//1653
f 1656//1656 1653//1653 1654//1654
f 1656//1656 1654//1654 1655//1655
f 1655//1655 1658//1658 1656//1656
f 1656//1656 1658//1658 1657//1657
f 1657//1657 1659//1659 1652//1652
f 1657//1657 1652//1652 1656//1656
f 1651//1651 1652//1652 1659//1659
f 1661//1661 1663//1663 1662//1662
f 1661//1661 1662//1662 1660//1660
f 1665//1665 1664//1664 1663//1663
f 1665//1665 1663//1663 1661//1661
f 1667//1667 1669//1669 1668//1668
f 1667//1667 1668//1668 1666//1666
f 1671//1671 1670//1670 1672//1672
f 1671//1671 1672//1672 1673//1673
f 1674//1674 1676//1676 1678//1678
f 1674//1674 1678//1678 1675//1675
f 1676//1676 1677//1677 1679//1679
f 1676//1676 1679//1679 1678//1678
f 1680//1680 1682//1682 1683//1683
f 1680//1680 1683//1683 1681//1681
f 1685//1685 1687//1687 1686//1686
f 1685//1685 1686//1686 1684//1684
f 1688//1688 1690//1690 1691//1691
f 1688//1688 1691//1691 1689//1689
f 1693//1693 1692//1692 1695//1695
f 1693//1693 1694//1694 1692//1692
f 1695//1695 1696//1696 1693//1693
f 1697//1697 1698//1698 1693//1693
f 1697//1697 1693//1693 1696//1696
f 1698//1698 1697//1697 1699//1699
f 1701//1701 1702//1702 1700//1700
f 1701//1701 1700//1700 1699//1699
f 1699//1699 1700//1700 1698//1698
f 1703//1703 1704//1704 1702//1702
f 1703//1703 1702//1702 1701//1701
f 1705//1705 1706//1706 1704//1704
f 1705//1705 1704//1704 1703//1703
f 1707//1707 1708//1708 1706//1706
f 1707//1707 1706//1706 1705//1705
f 1709//1709 1710//1710 1708//1708
f 1709//1709 1708//1708 1707//1707
f 1710//1710 1709//1709 1711//1711
f 1709//1709 1712//1712 1711//1711
f 1713//1713 1715//1715 1711//1711
f 1713//1713 1711//1711 1712//1712
f 1714//1714 1715//1715 1713//1713
f 1717//1717 1715//1715 1714//1714
f 1715//1715 1717//1717 1716//1716
f 1715//1715 1716//1716 1718//1718
f 1715//1715 1718//1718 1711//1711
f 1711//1711 1718//1718 1710//1710
f 1700//1700 1719//1719 1698//1698
f 1698//1698 1719//1719 1694//1694
f 1698//1698 1694//1694 1693//1693
f 1721//1721 1720//1720 1723//1723
f 1721//1721 1722//1722 1720//1720
f 1723//1723 1724//1724 1721//1721
f 1725//1725 1726//1726 1721//1721
f 1725//1725 1721//1721 1724//1724
f 1725//1725 1727//1727 1728//1728
f 1725//1725 1728//1728 1726//1726
f 1729//1729 1730//1730 1726//1726
f 1729//1729 1726//1726 1728//1728
f 1726//1726 1730//1730 1722//1722
f 1726//1726 1722//1722 1721//1721
f 1732//1732 1733//1733 1731//1731
f 1733//1733 1732//1732 1734//1734
f 1734//1734 1732//1732 1735//1735
f 1737//1737 1736//1736 1738//1738
f 1737//1737 1738//1738 1739//1739
f 1743//1743 1741//1741 1740//1740
f 1741//1741 1742//1742 1740//1740
f 1742//1742 1745//1745 1740//1740
f 1744//1744 1746//1746 1740//1740
f 1744//1744 1740//1740 1745//1745
f 1750//1750 1747//1747 1746//1746
f 1747//1747 1748//1748 1746//1746
f 1746//1746 1744//1744 1749//1749
f 1749//1749 1750//1750 1746//1746
f 1749//1749 1744//1744 1751//1751
f 1751//1751 1744//1744 1752//1752
f 1753//1753 1751//1751 1752//1752
f 1752//1752 1754//1754 1753//1753
f 1754//1754 1756//1756 1755//1755
f 1752//1752 1756//1756 1754//1754
f 1748//1748 1747//1747 1757//1757
f 1757//1757 1758//1758 1748//1748
f 1761//1761 1758//1758 1759//1759
f 1759//1759 1758//1758 1760//1760
f 1757//1757 1760//1760 1758//1758
f 1761//1761 1759//1759 1762//1762
f 1745//1745 1763//1763 1744//1744
f 1764//1764 1744//1744 1763//1763
f 1765//1765 1764//1764 1766//1766
f 1764//1764 1765//1765 1744//1744
f 1765//1765 1766//1766 1767//1767
f 1768//1768 1765//1765 1767//1767
f 1768//1768 1767//1767 1769//1769
f 1769//1769 1771//1771 1768//1768
f 1770//1770 1772//1772 1769//1769
f 1769//1769 1772//1772 1771//1771
f 1773//1773 1772//1772 1770//1770
f 1774//1774 1775//1775 1773//1773
f 1774//1774 1773//1773 1770//1770
f 1775//1775 1776//1776 1778//1778
f 1775//1775 1777//1777 1776//1776
f 1777//1777 1775//1775 1779//1779
f 1778//1778 1780//1780 1775//1775
f 1779//1779 1775//1775 1774//1774
f 1781//1781 1775//1775 1780//1780
f 1781//1781 1782//1782 1775//1775
f 1783//1783 1786//1786 1782//1782
f 1782//1782 1784//1784 1783//1783
f 1782//1782 1781//1781 1784//1784
f 1782//1782 1785//1785 1787//1787
f 1785//1785 1782//1782 1786//1786
f 1782//1782 1787//1787 1788//1788
f 1788//1788 1787//1787 1789//1789
f 1784//1784 1781//1781 1790//1790
f 1790//1790 1781//1781 1791//1791
f 1791//1791 1792//1792 1790//1790
f 1792//1792 1791//1791 1793//1793
f 1794//1794 1793//1793 1791//1791
f 1795//1795 1794//1794 1791//1791
f 1796//1796 1794//1794 1795//1795
f 1791//1791 1781//1781 1797//1797
f 1778//1778 1798//1798 1780//1780
f 1780//1780 1798//1798 1799//1799
f 1799//1799 1801//1801 1800//1800
f 1799//1799 1802//1802 1801//1801
f 1799//1799 1803//1803 1802//1802
f 1798//1798 1803//1803 1799//1799
f 1801//1801 1804//1804 1800//1800
f 1800//1800 1804//1804 1805//1805
f 1805//1805 1804//1804 1806//1806
f 1806//1806 1807//1807 1805//1805
f 1805//1805 1807//1807 1808//1808
f 1809//1809 1808//1808 1807//1807
f 1743//1743 1808//1808 1809//1809
f 1810//1810 1743//1743 1809//1809
f 1743//1743 1810//1810 1811//1811
f 1743//1743 1811//1811 1741//1741
f 1812//1812 1813//1813 1817//1817
f 1813//1813 1812//1812 1814//1814
f 1814//1814 1812//1812 1815//1815
f 1816//1816 1818//1818 1812//1812
f 1812//1812 1817//1817 1816//1816
f 1818//1818 1820//1820 1819//1819
f 1818//1818 1821//1821 1820//1820
f 1818//1818 1822//1822 1821//1821
f 1822//1822 1818//1818 1816//1816
f 1819//1819 1820//1820 1823//1823
f 1824//1824 1819//1819 1823//1823
f 1823//1823 1825//1825 1824//1824
f 1824//1824 1825//1825 1826//1826
f 1827//1827 1824//1824 1826//1826
f 1827//1827 1826//1826 1828//1828
f 1829//1829 1830//1830 1828//1828
f 1830//1830 1827//1827 1828//1828
f 1831//1831 1830//1830 1833//1833
f 1831//1831 1832//1832 1830//1830
f 1830//1830 1829//1829 1833//1833
f 1832//1832 1835//1835 1834//1834
f 1832//1832 1836//1836 1835//1835
f 1836//1836 1832//1832 1831//1831
f 1837//1837 1835//1835 1836//1836
f 1835//1835 1837//1837 1838//1838
f 1839//1839 1835//1835 1838//1838
f 1835//1835 1839//1839 1840//1840
f 1842//1842 1840//1840 1841//1841
f 1835//1835 1840//1840 1842//1842
f 1841//1841 1843//1843 1842//1842
f 1843//1843 1841//1841 1844//1844
f 1844//1844 1845//1845 1843//1843
f 1845//1845 1844//1844 1846//1846
f 1846//1846 1847//1847 1848//1848
f 1847//1847 1846//1846 1844//1844
f 1849//1849 1848//1848 1847//1847
f 1848//1848 1849//1849 1850//1850
f 1850//1850 1814//1814 1848//1848
f 1850//1850 1851//1851 1814//1814
f 1851//1851 1813//1813 1814//1814
f 1852//1852 1834//1834 1835//1835
f 1854//1854 1853//1853 1852//1852
f 1852//1852 1853//1853 1858//1858
f 1855//1855 1854//1854 1852//1852
f 1834//1834 1852//1852 1856//1856
f 1852//1852 1857//1857 1856//1856
f 1857//1857 1852//1852 1858//1858
f 1859//1859 1834//1834 1856//1856
f 1859//1859 1860//1860 1861//1861
f 1834//1834 1859//1859 1861//1861
f 1861//1861 1862//1862 1834//1834
f 1860//1860 1863//1863 1861//1861
f 1864//1864 1861//1861 1863//1863
f 1864//1864 1865//1865 1861//1861
f 1866//1866 1865//1865 1864//1864
f 1867//1867 1854//1854 1855//1855
f 1815//1815 1869//1869 1868//1868
f 1815//1815 1868//1868 1814//1814
f 1871//1871 1869//1869 1815//1815
f 1815//1815 1870//1870 1871//1871
f 1871//1871 1870//1870 1872//1872
f 1870//1870 1873//1873 1872//1872
f 1874//1874 1872//1872 1873//1873
f 1875//1875 1874//1874 1873//1873
f 1875//1875 1877//1877 1876//1876
f 1875//1875 1873//1873 1877//1877
f 1814//1814 1868//1868 1878//1878
f 1878//1878 1879//1879 1880//1880
f 1814//1814 1878//1878 1880//1880
f 1881//1881 1880//1880 1879//1879
f 1880//1880 1881//1881 1882//1882
f 1881//1881 1883//1883 1882//1882
f 1884//1884 1885//1885 1887//1887
f 1884//1884 1886//1886 1885//1885
f 1884//1884 1887//1887 1889//1889
f 1890//1890 1884//1884 1888//1888
f 1888//1888 1884//1884 1889//1889
f 1892//1892 1890//1890 1891//1891
f 1893//1893 1891//1891 1890//1890
f 1893//1893 1890//1890 1888//1888
f 1891//1891 1893//1893 1894//1894
f 1891//1891 1894//1894 1895//1895
f 1895//1895 1896//1896 1891//1891
f 1896//1896 1897//1897 1891//1891
f 1897//1897 1898//1898 1891//1891
f 1897//1897 1899//1899 1898//1898
f 1898//1898 1899//1899 1900//1900
f 1899//1899 1901//1901 1900//1900
f 1901//1901 1904//1904 1900//1900
f 1903//1903 1901//1901 1902//1902
f 1901//1901 1903//1903 1904//1904
f 1903//1903 1902//1902 1905//1905
f 1908//1908 1906//1906 1905//1905
f 1905//1905 1907//1907 1908//1908
f 1905//1905 1902//1902 1907//1907
f 1908//1908 1909//1909 1906//1906
f 1910//1910 1906//1906 1909//1909
f 1911//1911 1912//1912 1910//1910
f 1906//1906 1910//1910 1912//1912
f 1913//1913 1912//1912 1914//1914
f 1914//1914 1912//1912 1911//1911
f 1906//1906 1912//1912 1915//1915
f 1919//1919 1915//1915 1916//1916
f 1916//1916 1915//1915 1917//1917
f 1915//1915 1918//1918 1906//1906
f 1918//1918 1915//1915 1919//1919
f 1918//1918 1920//1920 1906//1906
f 1920//1920 1921//1921 1906//1906
f 1922//1922 1921//1921 1920//1920
f 1921//1921 1922//1922 1923//1923
f 1921//1921 1923//1923 1924//1924
f 1923//1923 1925//1925 1924//1924
f 1917//1917 1926//1926 1916//1916
f 1926//1926 1917//1917 1927//1927
f 1930//1930 1928//1928 1927//1927
f 1928//1928 1929//1929 1927//1927
f 1926//1926 1927//1927 1929//1929
f 1930//1930 1931//1931 1928//1928
f 1913//1913 1914//1914 1932//1932
f 1913//1913 1932//1932 1933//1933
f 1933//1933 1934//1934 1913//1913
f 1934//1934 1936//1936 1935//1935
f 1913//1913 1934//1934 1935//1935
f 1938//1938 1935//1935 1936//1936
f 1937//1937 1938//1938 1936//1936
f 1886//1886 1938//1938 1939//1939
f 1938//1938 1937//1937 1939//1939
f 1885//1885 1886//1886 1939//1939
f 1943//1943 1940//1940 1892//1892
f 1940//1940 1942//1942 1892//1892
f 1944//1944 1941//1941 1892//1892
f 1941//1941 1943//1943 1892//1892
f 1892//1892 1891//1891 1944//1944
f 1944//1944 1945//1945 1941//1941
f 1945//1945 1944//1944 1947//1947
f 1944//1944 1948//1948 1946//1946
f 1946//1946 1947//1947 1944//1944
f 1944//1944 1949//1949 1948//1948
f 1949//1949 1950//1950 1948//1948
f 1940//1940 1943//1943 1951//1951
f 1951//1951 1952//1952 1940//1940
f 1953//1953 1940//1940 1952//1952
f 1954//1954 1940//1940 1953//1953
f 1955//1955 1954//1954 1953//1953
f 1957//1957 1956//1956 1958//1958
f 1963//1963 1958//1958 1956//1956
f 1956//1956 1959//1959 1961//1961
f 1959//1959 1956//1956 1960//1960
f 1961//1961 1962//1962 1956//1956
f 1956//1956 1962//1962 1963//1963
f 1968//1968 1964//1964 1963//1963
f 1963//1963 1964//1964 1965//1965
f 1966//1966 1963//1963 1965//1965
f 1967//1967 1963//1963 1966//1966
f 1963//1963 1962//1962 1968//1968
f 1969//1969 1967//1967 1966//1966
f 1961//1961 1959//1959 1970//1970
f 1970//1970 1959//1959 1971//1971
f 1972//1972 1971//1971 1959//1959
f 1974//1974 1972//1972 1973//1973
f 1972//1972 1959//1959 1973//1973
f 1957//1957 1958//1958 1977//1977
f 1975//1975 1977//1977 1958//1958
f 1958//1958 1976//1976 1975//1975
f 1978//1978 1976//1976 1958//1958
f 1958//1958 1979//1979 1978//1978
f 1958//1958 1980//1980 1979//1979
f 1980//1980 1981//1981 1979//1979
f 1981//1981 1980//1980 1982//1982
f 1982//1982 1983//1983 1981//1981
f 1983//1983 1982//1982 1984//1984
f 1984//1984 1985//1985 1983//1983
f 1985//1985 1987//1987 1986//1986
f 1986//1986 1983//1983 1985//1985
f 1988//1988 1986//1986 1987//1987
f 1987//1987 1989//1989 1988//1988
f 1989//1989 1987//1987 1990//1990
f 1993//1993 1990//1990 1991//1991
f 1990//1990 1992//1992 1991//1991
f 1990//1990 1994//1994 1992//1992
f 1990//1990 1993//1993 1997//1997
f 1989//1989 1990//1990 1995//1995
f 1995//1995 1990//1990 1996//1996
f 1996//1996 1990//1990 1997//1997
f 1997//1997 1998//1998 1996//1996
f 1997//1997 1999//1999 1998//1998
f 1999//1999 1997//1997 2000//2000
f 2000//2000 2001//2001 2004//2004
f 2000//2000 2002//2002 2001//2001
f 2003//2003 1999//1999 2000//2000
f 2000//2000 2004//2004 2003//2003
f 2002//2002 2005//2005 2001//2001
f 2006//2006 2005//2005 2002//2002
f 2005//2005 2006//2006 2007//2007
f 2006//2006 2008//2008 2007//2007
f 2009//2009 2008//2008 2006//2006
f 2010//2010 2011//2011 2009//2009
f 2009//2009 2011//2011 2008//2008
f 2012//2012 2011//2011 2010//2010
f 2010//2010 2013//2013 2012//2012
f 2014//2014 2013//2013 2010//2010
f 2014//2014 2010//2010 1957//1957
f 1977//1977 2014//2014 1957//1957
f 1992//1992 1994//1994 2015//2015
f 2016//2016 2015//2015 1994//1994
f 1994//1994 2017//2017 2016//2016
f 2016//2016 2017//2017 2018//2018
f 1993//1993 1991//1991 2019//2019
f 2021//2021 1993//1993 2019//2019
f 1993//1993 2021//2021 2020//2020
f 2021//2021 2022//2022 2020//2020
f 2020//2020 2022//2022 2023//2023
f 2024//2024 2023//2023 2022//2022
f 2025//2025 2023//2023 2024//2024
f 2025//2025 2026//2026 2023//2023
f 2025//2025 2027//2027 2026//2026
f 2029//2029 2033//2033 2028//2028
f 2028//2028 2030//2030 2029//2029
f 2030//2030 2028//2028 2031//2031
f 2032//2032 2031//2031 2028//2028
f 2036//2036 2033//2033 2029//2029
f 2033//2033 2035//2035 2034//2034
f 2033//2033 2036//2036 2035//2035
f 2039//2039 2036//2036 2037//2037
f 2037//2037 2036//2036 2038//2038
f 2036//2036 2040//2040 2038//2038
f 2036//2036 2039//2039 2035//2035
f 2029//2029 2040//2040 2036//2036
f 2040//2040 2041//2041 2038//2038
f 2040//2040 2042//2042 2041//2041
f 2042//2042 2040//2040 2043//2043
f 2042//2042 2043//2043 2045//2045
f 2040//2040 2029//2029 2044//2044
f 2040//2040 2044//2044 2043//2043
f 2047//2047 2043//2043 2044//2044
f 2045//2045 2043//2043 2046//2046
f 2043//2043 2047//2047 2046//2046
f 2044//2044 2053//2053 2049//2049
f 2044//2044 2049//2049 2047//2047
f 2046//2046 2047//2047 2048//2048
f 2048//2048 2047//2047 2049//2049
f 2052//2052 2049//2049 2050//2050
f 2053//2053 2054//2054 2050//2050
f 2053//2053 2050//2050 2049//2049
f 2052//2052 2051//2051 2049//2049
f 2049//2049 2051//2051 2048//2048
f 2030//2030 2053//2053 2029//2029
f 2053//2053 2030//2030 2054//2054
f 2029//2029 2053//2053 2044//2044
f 2030//2030 2055//2055 2054//2054
f 2054//2054 2055//2055 2057//2057
f 2054//2054 2057//2057 2050//2050
f 2031//2031 2055//2055 2030//2030
f 2055//2055 2031//2031 2056//2056
f 2055//2055 2056//2056 2060//2060
f 2055//2055 2060//2060 2057//2057
f 2050//2050 2057//2057 2058//2058
f 2057//2057 2059//2059 2058//2058
f 2057//2057 2061//2061 2059//2059
f 2057//2057 2060//2060 2061//2061
f 2060//2060 2062//2062 2061//2061
f 2062//2062 2063//2063 2061//2061
f 2065//2065 2063//2063 2062//2062
f 2063//2063 2065//2065 2064//2064
f 2066//2066 2064//2064 2065//2065
f 2065//2065 2067//2067 2066//2066
f 2060//2060 2065//2065 2062//2062
f 2060//2060 2067//2067 2065//2065
f 2032//2032 2067//2067 2068//2068
f 2031//2031 2068//2068 2067//2067
f 2031//2031 2067//2067 2056//2056
f 2067//2067 2032//2032 2066//2066
f 2067//2067 2060//2060 2056//2056
f 2032//2032 2068//2068 2031//2031
f 2066//2066 2069//2069 2064//2064
f 2032//2032 2069//2069 2066//2066
f 2070//2070 2071//2071 2069//2069
f 2064//2064 2069//2069 2071//2071
f 2071//2071 2070//2070 2072//2072
f 2070//2070 2073//2073 2072//2072
f 2073//2073 2070//2070 2074//2074
f 2074//2074 2075//2075 2073//2073
f 2076//2076 2079//2079 2075//2075
f 2076//2076 2075//2075 2074//2074
f 2075//2075 2079//2079 2077//2077
f 2077//2077 2078//2078 2075//2075
f 2079//2079 2076//2076 2080//2080
f 2080//2080 2081//2081 2079//2079
f 2081//2081 2077//2077 2079//2079
f 2081//2081 2082//2082 2085//2085
f 2082//2082 2081//2081 2086//2086
f 2083//2083 2081//2081 2080//2080
f 2081//2081 2083//2083 2086//2086
f 2081//2081 2084//2084 2077//2077
f 2084//2084 2081//2081 2085//2085
f 2087//2087 2086//2086 2083//2083
f 2082//2082 2086//2086 2087//2087
f 2082//2082 2087//2087 2088//2088
f 2087//2087 2089//2089 2092//2092
f 2087//2087 2090//2090 2089//2089
f 2091//2091 2090//2090 2087//2087
f 2087//2087 2083//2083 2091//2091
f 2093//2093 2087//2087 2092//2092
f 2094//2094 2096//2096 2093//2093
f 2093//2093 2092//2092 2094//2094
f 2097//2097 2093//2093 2095//2095
f 2095//2095 2093//2093 2096//2096
f 2098//2098 2093//2093 2097//2097
f 2097//2097 2099//2099 2098//2098
f 2095//2095 2100//2100 2097//2097
f 2095//2095 2101//2101 2100//2100
f 2101//2101 2103//2103 2102//2102
f 2101//2101 2095//2095 2103//2103
f 2094//2094 2103//2103 2096//2096
f 2103//2103 2094//2094 2104//2104
f 2105//2105 2103//2103 2104//2104
f 2096//2096 2103//2103 2095//2095
f 2105//2105 2102//2102 2103//2103
f 2104//2104 2106//2106 2105//2105
f 2107//2107 2108//2108 2106//2106
f 2106//2106 2104//2104 2107//2107
f 2107//2107 2109//2109 2108//2108
f 2109//2109 2110//2110 2108//2108
f 2110//2110 2111//2111 2112//2112
f 2110//2110 2109//2109 2111//2111
f 2111//2111 2113//2113 2112//2112
f 2113//2113 2114//2114 2112//2112
f 2115//2115 2111//2111 2116//2116
f 2116//2116 2111//2111 2109//2109
f 2116//2116 2117//2117 2115//2115
f 2104//2104 2094//2094 2117//2117
f 2104//2104 2117//2117 2116//2116
f 2107//2107 2116//2116 2109//2109
f 2116//2116 2107//2107 2104//2104
f 2117//2117 2094//2094 2092//2092
f 2117//2117 2092//2092 2115//2115
f 2091//2091 2083//2083 2080//2080
f 2091//2091 2080//2080 2090//2090
f 2090//2090 2076//2076 2089//2089
f 2076//2076 2090//2090 2080//2080
f 2118//2118 2120//2120 2088//2088
f 2088//2088 2119//2119 2082//2082
f 2120//2120 2119//2119 2088//2088
f 2118//2118 2121//2121 2120//2120
f 2122//2122 2121//2121 2123//2123
f 2124//2124 2123//2123 2121//2121
f 2121//2121 2118//2118 2124//2124
f 2125//2125 2122//2122 2123//2123
f 2041//2041 2045//2045 2125//2125
f 2046//2046 2126//2126 2125//2125
f 2126//2126 2122//2122 2125//2125
f 2125//2125 2045//2045 2046//2046
f 2048//2048 2126//2126 2046//2046
f 2126//2126 2048//2048 2127//2127
f 2051//2051 2127//2127 2048//2048
f 2128//2128 2082//2082 2119//2119
f 2082//2082 2128//2128 2129//2129
f 2129//2129 2085//2085 2082//2082
f 2077//2077 2084//2084 2130//2130
f 2131//2131 2077//2077 2130//2130
f 2077//2077 2131//2131 2078//2078
f 2050//2050 2058//2058 2052//2052
f 2041//2041 2042//2042 2045//2045
f 2132//2132 2038//2038 2041//2041
f 2133//2133 2132//2132 2041//2041
f 2133//2133 2137//2137 2134//2134
f 2134//2134 2136//2136 2133//2133
f 2135//2135 2133//2133 2136//2136
f 2132//2132 2133//2133 2135//2135
f 2138//2138 2137//2137 2133//2133
f 2136//2136 2134//2134 2139//2139
f 2136//2136 2139//2139 2141//2141
f 2136//2136 2141//2141 2135//2135
f 2139//2139 2134//2134 2143//2143
f 2139//2139 2142//2142 2140//2140
f 2139//2139 2140//2140 2169//2169
f 2139//2139 2169//2169 2141//2141
f 2142//2142 2139//2139 2143//2143
f 2144//2144 2140//2140 2142//2142
f 2145//2145 2146//2146 2144//2144
f 2144//2144 2146//2146 2140//2140
f 2140//2140 2146//2146 2147//2147
f 2140//2140 2147//2147 2169//2169
f 2146//2146 2148//2148 2150//2150
f 2146//2146 2150//2150 2147//2147
f 2145//2145 2148//2148 2146//2146
f 2151//2151 2039//2039 2148//2148
f 2148//2148 2039//2039 2150//2150
f 2149//2149 2148//2148 2145//2145
f 2152//2152 2148//2148 2149//2149
f 2151//2151 2148//2148 2152//2152
f 2151//2151 2152//2152 2153//2153
f 2153//2153 2152//2152 2149//2149
f 2153//2153 2154//2154 2151//2151
f 2155//2155 2156//2156 2154//2154
f 2156//2156 2151//2151 2154//2154
f 2157//2157 2156//2156 2155//2155
f 2157//2157 2159//2159 2158//2158
f 2157//2157 2158//2158 2156//2156
f 2156//2156 2158//2158 2161//2161
f 2156//2156 2161//2161 2151//2151
f 2162//2162 2158//2158 2159//2159
f 2162//2162 2160//2160 2158//2158
f 2161//2161 2158//2158 2160//2160
f 2162//2162 2034//2034 2160//2160
f 2162//2162 2159//2159 2163//2163
f 2162//2162 2163//2163 2164//2164
f 2166//2166 2164//2164 2163//2163
f 2165//2165 2164//2164 2166//2166
f 2167//2167 2165//2165 2166//2166
f 2166//2166 2157//2157 2167//2167
f 2163//2163 2157//2157 2166//2166
f 2165//2165 2167//2167 2155//2155
f 2167//2167 2157//2157 2155//2155
f 2157//2157 2163//2163 2159//2159
f 2161//2161 2160//2160 2035//2035
f 2161//2161 2035//2035 2039//2039
f 2039//2039 2151//2151 2161//2161
f 2160//2160 2034//2034 2035//2035
f 2037//2037 2147//2147 2150//2150
f 2039//2039 2037//2037 2150//2150
f 2168//2168 2147//2147 2037//2037
f 2147//2147 2168//2168 2169//2169
f 2141//2141 2169//2169 2168//2168
f 2168//2168 2135//2135 2141//2141
f 2168//2168 2132//2132 2135//2135
f 2168//2168 2037//2037 2038//2038
f 2168//2168 2038//2038 2132//2132
f 2170//2170 2171//2171 2173//2173
f 2170//2170 2172//2172 2171//2171
f 2170//2170 2173//2173 2175//2175
f 2176//2176 2170//2170 2174//2174
f 2174//2174 2170//2170 2175//2175
f 2178//2178 2176//2176 2177//2177
f 2179//2179 2177//2177 2176//2176
f 2179//2179 2176//2176 2174//2174
f 2177//2177 2179//2179 2180//2180
f 2177//2177 2180//2180 2181//2181
f 2181//2181 2182//2182 2177//2177
f 2182//2182 2183//2183 2177//2177
f 2183//2183 2184//2184 2177//2177
f 2183//2183 2185//2185 2184//2184
f 2185//2185 2186//2186 2187//2187
f 2184//2184 2185//2185 2187//2187
f 2186//2186 2188//2188 2187//2187
f 2186//2186 2189//2189 2188//2188
f 2189//2189 2191//2191 2190//2190
f 2189//2189 2186//2186 2191//2191
f 2190//2190 2191//2191 2192//2192
f 2190//2190 2192//2192 2193//2193
f 2193//2193 2195//2195 2194//2194
f 2193//2193 2194//2194 2190//2190
f 2196//2196 2194//2194 2195//2195
f 2198//2198 2197//2197 2196//2196
f 2194//2194 2196//2196 2197//2197
f 2199//2199 2197//2197 2198//2198
f 2201//2201 2197//2197 2199//2199
f 2201//2201 2199//2199 2200//2200
f 2201//2201 2203//2203 2202//2202
f 2204//2204 2203//2203 2201//2201
f 2201//2201 2200//2200 2204//2204
f 2203//2203 2205//2205 2202//2202
f 2206//2206 2207//2207 2205//2205
f 2207//2207 2202//2202 2205//2205
f 2172//2172 2207//2207 2208//2208
f 2207//2207 2206//2206 2208//2208
f 2171//2171 2172//2172 2208//2208
f 2194//2194 2197//2197 2209//2209
f 2213//2213 2209//2209 2210//2210
f 2210//2210 2209//2209 2211//2211
f 2209//2209 2212//2212 2194//2194
f 2212//2212 2209//2209 2213//2213
f 2212//2212 2214//2214 2194//2194
f 2214//2214 2215//2215 2194//2194
f 2216//2216 2215//2215 2214//2214
f 2215//2215 2216//2216 2217//2217
f 2215//2215 2217//2217 2218//2218
f 2217//2217 2219//2219 2218//2218
f 2211//2211 2220//2220 2210//2210
f 2220//2220 2211//2211 2221//2221
f 2224//2224 2222//2222 2221//2221
f 2222//2222 2223//2223 2221//2221
f 2220//2220 2221//2221 2223//2223
f 2224//2224 2225//2225 2222//2222
f 2229//2229 2226//2226 2178//2178
f 2226//2226 2228//2228 2178//2178
f 2230//2230 2227//2227 2178//2178
f 2178//2178 2177//2177 2229//2229
f 2228//2228 2230//2230 2178//2178
f 2230//2230 2228//2228 2231//2231
f 2231//2231 2232//2232 2230//2230
f 2233//2233 2230//2230 2232//2232
f 2234//2234 2230//2230 2233//2233
f 2235//2235 2234//2234 2233//2233
f 2229//2229 2236//2236 2226//2226
f 2236//2236 2229//2229 2238//2238
f 2229//2229 2239//2239 2237//2237
f 2237//2237 2238//2238 2229//2229
f 2229//2229 2240//2240 2239//2239
f 2240//2240 2241//2241 2239//2239
f 2243//2243 2242//2242 2244//2244
f 2249//2249 2244//2244 2242//2242
f 2242//2242 2245//2245 2247//2247
f 2245//2245 2242//2242 2246//2246
f 2247//2247 2248//2248 2242//2242
f 2242//2242 2248//2248 2249//2249
f 2250//2250 2249//2249 2254//2254
f 2251//2251 2249//2249 2250//2250
f 2249//2249 2248//2248 2252//2252
f 2252//2252 2253//2253 2249//2249
f 2249//2249 2253//2253 2254//2254
f 2255//2255 2251//2251 2250//2250
f 2247//2247 2245//2245 2256//2256
f 2256//2256 2245//2245 2257//2257
f 2258//2258 2257//2257 2245//2245
f 2258//2258 2245//2245 2259//2259
f 2260//2260 2258//2258 2259//2259
f 2243//2243 2244//2244 2263//2263
f 2261//2261 2263//2263 2244//2244
f 2244//2244 2262//2262 2261//2261
f 2264//2264 2262//2262 2244//2244
f 2244//2244 2265//2265 2264//2264
f 2244//2244 2266//2266 2265//2265
f 2266//2266 2267//2267 2265//2265
f 2267//2267 2266//2266 2268//2268
f 2268//2268 2269//2269 2267//2267
f 2269//2269 2268//2268 2270//2270
f 2270//2270 2271//2271 2269//2269
f 2271//2271 2273//2273 2272//2272
f 2272//2272 2269//2269 2271//2271
f 2274//2274 2272//2272 2273//2273
f 2273//2273 2275//2275 2274//2274
f 2275//2275 2273//2273 2276//2276
f 2279//2279 2276//2276 2277//2277
f 2276//2276 2278//2278 2277//2277
f 2276//2276 2280//2280 2278//2278
f 2276//2276 2279//2279 2283//2283
f 2275//2275 2276//2276 2281//2281
f 2281//2281 2276//2276 2282//2282
f 2282//2282 2276//2276 2283//2283
f 2283//2283 2284//2284 2282//2282
f 2283//2283 2285//2285 2284//2284
f 2285//2285 2283//2283 2286//2286
f 2286//2286 2287//2287 2290//2290
f 2286//2286 2288//2288 2287//2287
f 2289//2289 2285//2285 2286//2286
f 2286//2286 2290//2290 2289//2289
f 2288//2288 2291//2291 2287//2287
f 2292//2292 2291//2291 2288//2288
f 2291//2291 2292//2292 2293//2293
f 2292//2292 2294//2294 2293//2293
f 2295//2295 2294//2294 2292//2292
f 2296//2296 2297//2297 2295//2295
f 2295//2295 2297//2297 2294//2294
f 2298//2298 2297//2297 2296//2296
f 2296//2296 2299//2299 2298//2298
f 2300//2300 2299//2299 2296//2296
f 2300//2300 2296//2296 2243//2243
f 2263//2263 2300//2300 2243//2243
f 2278//2278 2280//2280 2301//2301
f 2302//2302 2301//2301 2280//2280
f 2280//2280 2303//2303 2302//2302
f 2302//2302 2303//2303 2304//2304
f 2279//2279 2277//2277 2305//2305
f 2307//2307 2279//2279 2305//2305
f 2279//2279 2307//2307 2306//2306
f 2307//2307 2308//2308 2306//2306
f 2306//2306 2308//2308 2309//2309
f 2310//2310 2309//2309 2308//2308
f 2311//2311 2309//2309 2310//2310
f 2311//2311 2312//2312 2309//2309
f 2311//2311 2313//2313 2312//2312
